well,z,channel,focus_laplacian_var,focus_normalized_var
B02,0,CONC,6298.91943359375,97.72155701663415
B02,0,HOECHST,4119.47314453125,73.8068272951612
B02,0,MITO,71318.8828125,1587.0951462779797
B02,0,PHAandWGA,28181.0703125,627.795799612708
B02,0,SYTO,17887.0625,440.99240622292615
B02,1,CONC,6732.2548828125,116.29035511130836
B02,1,HOECHST,4336.74609375,86.43780889499642
B02,1,MITO,73216.7890625,1795.2975318051172
B02,1,PHAandWGA,29591.1796875,718.6705888380186
B02,1,SYTO,19969.89453125,521.7726747521513
B02,2,CONC,7274.52294921875,142.148795390037
B02,2,HOECHST,4644.064453125,105.04078710612563
B02,2,MITO,78028.03125,2093.1325874144995
B02,2,PHAandWGA,31740.388671875,843.2616063558814
B02,2,SYTO,21628.041015625,633.1254450432205
B02,3,CONC,7901.451171875,167.05791189539383
B02,3,HOECHST,5039.46875,126.41612810213974
B02,3,MITO,82808.25,2333.102998310053
B02,3,PHAandWGA,33839.5859375,963.7531498350264
B02,3,SYTO,23902.765625,750.3016053093216
B02,4,CONC,8409.2880859375,177.83727505884846
B02,4,HOECHST,5389.474609375,140.04652061629378
B02,4,MITO,86651.28125,2407.5640658105576
B02,4,PHAandWGA,36421.171875,1029.8047528147163
B02,4,SYTO,26476.60546875,805.1967289065586
B02,5,CONC,8847.93359375,180.11292332115343
B02,5,HOECHST,5680.34423828125,145.03012598612483
B02,5,MITO,90395.7109375,2423.1879255363488
B02,5,PHAandWGA,38114.49609375,1058.4777882873507
B02,5,SYTO,28690.1875,821.2949677482168
B02,6,CONC,9168.845703125,178.75623996568766
B02,6,HOECHST,5971.84326171875,146.9082177069453
B02,6,MITO,93558.40625,2421.616832627658
B02,6,PHAandWGA,40385.2734375,1066.1492599547757
B02,6,SYTO,30919.916015625,818.4299638017546
B02,7,CONC,9398.35546875,173.9385512166885
B02,7,HOECHST,6170.6337890625,143.73102626916568
B02,7,MITO,96258.8125,2357.300735404509
B02,7,PHAandWGA,41968.6875,1051.472309413937
B02,7,SYTO,32276.03125,794.5220950611467
B02,8,CONC,9609.33984375,166.95244938226
B02,8,HOECHST,6328.37109375,138.03866275551513
B02,8,MITO,98917.046875,2296.3255086386876
B02,8,PHAandWGA,43016.1328125,1025.0829895104835
B02,8,SYTO,33854.0390625,761.6478680443025
B02,9,CONC,9796.6640625,159.68043700930062
B02,9,HOECHST,6485.8359375,131.83520337102172
B02,9,MITO,100212.171875,2205.540839393476
B02,9,PHAandWGA,44967.3359375,994.3207939515343
B02,9,SYTO,35213.1171875,725.2072906837578
B02,10,CONC,9878.001953125,152.57521174246162
B02,10,HOECHST,6612.6240234375,126.01209034322386
B02,10,MITO,102691.8671875,2135.662815940028
B02,10,PHAandWGA,45787.52734375,960.0440174869815
B02,10,SYTO,35953.625,688.7539525735266
B02,11,CONC,10076.4501953125,145.42336616221985
B02,11,HOECHST,6735.779296875,120.5466570767199
B02,11,MITO,105117.171875,2056.851482112147
B02,11,PHAandWGA,47474.5546875,923.7742696956061
B02,11,SYTO,36099.73046875,651.8547574786401
B02,12,CONC,10137.2353515625,139.54255310680693
B02,12,HOECHST,6789.67578125,116.02809564273478
B02,12,MITO,104109.84375,1970.6509043799444
B02,12,PHAandWGA,47773.66015625,891.4519291145124
B02,12,SYTO,36585.703125,624.2670244172593
B02,13,CONC,10191.484375,134.00083038897668
B02,13,HOECHST,6894.974609375,111.91534373607311
B02,13,MITO,105913.359375,1915.3743926564498
B02,13,PHAandWGA,49008.26171875,863.7254143127092
B02,13,SYTO,36309.703125,595.2687394540241
B02,14,CONC,10260.822265625,129.1177233572282
B02,14,HOECHST,6934.81591796875,108.14350689714045
B02,14,MITO,106570.75,1855.4757300007948
B02,14,PHAandWGA,49653.44140625,838.3645278939232
B02,14,SYTO,37152.1875,574.0294849054891
B02,15,CONC,10314.6796875,124.66398574426232
B02,15,HOECHST,7058.8994140625,104.44082037235684
B02,15,MITO,107396.1171875,1791.9785140446359
B02,15,PHAandWGA,49649.484375,814.7683742446411
B02,15,SYTO,36987.6796875,552.312780777125
B03,0,CONC,4186.73583984375,60.453899472770686
B03,0,HOECHST,1692.595458984375,20.3668326425035
B03,0,MITO,48489.328125,1402.0906897398775
B03,0,PHAandWGA,14936.419921875,428.10745937092895
B03,0,SYTO,8148.7890625,243.78668227124834
B03,1,CONC,4360.9541015625,68.98285781349534
B03,1,HOECHST,1754.5987548828125,23.04097725430723
B03,1,MITO,49744.3046875,1509.873985871427
B03,1,PHAandWGA,15822.5966796875,478.9362473692628
B03,1,SYTO,8554.3916015625,272.1820806489895
B03,2,CONC,4558.9638671875,77.2074615833956
B03,2,HOECHST,1829.87890625,25.712884659717037
B03,2,MITO,51242.765625,1631.0770715527028
B03,2,PHAandWGA,16787.30078125,531.2122959221914
B03,2,SYTO,8939.166015625,299.91811561997514
B03,3,CONC,4733.8720703125,84.66197240002609
B03,3,HOECHST,1917.7215576171875,28.31511392102465
B03,3,MITO,52914.5546875,1745.4554887550482
B03,3,PHAandWGA,17603.7890625,579.1885002672764
B03,3,SYTO,9374.056640625,324.27128507424453
B03,4,CONC,4896.615234375,90.73302976613019
B03,4,HOECHST,1979.7015380859375,30.586752979594188
B03,4,MITO,54276.921875,1831.4008328444777
B03,4,PHAandWGA,18578.66796875,618.9194982196789
B03,4,SYTO,9837.3955078125,345.25963642045264
B03,5,CONC,5077.3671875,96.24796912964916
B03,5,HOECHST,2069.452880859375,32.75138112558238
B03,5,MITO,56013.5078125,1924.479640309544
B03,5,PHAandWGA,19567.49609375,654.618687512016
B03,5,SYTO,10199.87890625,363.432715011183
B03,6,CONC,5262.166015625,100.63575813850782
B03,6,HOECHST,2131.70751953125,34.437734376935865
B03,6,MITO,57585.59375,1993.8248658141351
B03,6,PHAandWGA,20407.8984375,680.5514505077884
B03,6,SYTO,10613.3740234375,376.55239313748444
B03,7,CONC,5437.23486328125,104.07012733862304
B03,7,HOECHST,2217.72705078125,35.81055509283336
B03,7,MITO,58970.66015625,2057.4852894480878
B03,7,PHAandWGA,21612.390625,697.3282461256724
B03,7,SYTO,11074.515625,386.5977830718732
B03,8,CONC,5656.5322265625,106.9290119013998
B03,8,HOECHST,2301.810546875,37.023163215013476
B03,8,MITO,60404.53125,2109.9602426809092
B03,8,PHAandWGA,22839.59375,710.4833475821117
B03,8,SYTO,11451.568359375,392.87974479868967
B03,9,CONC,5844.7685546875,109.67841039667226
B03,9,HOECHST,2376.1533203125,38.22915887978778
B03,9,MITO,62557.5234375,2158.026754562303
B03,9,PHAandWGA,24003.9453125,720.5118695340851
B03,9,SYTO,11855.8046875,398.2288050750685
B03,10,CONC,5978.203125,111.04803401591742
B03,10,HOECHST,2466.084228515625,39.303597912056006
B03,10,MITO,63988.4140625,2193.029140977496
B03,10,PHAandWGA,25276.2265625,723.7062199970031
B03,10,SYTO,12167.087890625,400.46917915806216
B03,11,CONC,6124.9814453125,111.68653805707054
B03,11,HOECHST,2533.32373046875,39.88073019649738
B03,11,MITO,65213.75390625,2190.4937954744423
B03,11,PHAandWGA,26260.357421875,723.2775345848352
B03,11,SYTO,12542.603515625,400.2852916405964
B03,12,CONC,6257.3701171875,111.74933347369887
B03,12,HOECHST,2572.697265625,39.98930279375183
B03,12,MITO,66621.71875,2185.6941925491788
B03,12,PHAandWGA,27346.75,722.7246069002457
B03,12,SYTO,12721.66015625,397.98178781860753
B03,13,CONC,6351.6357421875,111.59473387014468
B03,13,HOECHST,2620.799560546875,40.02595852986503
B03,13,MITO,67194.0234375,2168.266170324833
B03,13,PHAandWGA,27722.7734375,719.0844813074413
B03,13,SYTO,12966.591796875,396.08557799437665
B03,14,CONC,6460.3388671875,110.79792109357233
B03,14,HOECHST,2676.57763671875,40.096867590249595
B03,14,MITO,68081.0546875,2145.3868225155675
B03,14,PHAandWGA,27985.2578125,715.0552140427028
B03,14,SYTO,13198.658203125,392.9352750412286
B03,15,CONC,6562.4052734375,109.79944528737512
B03,15,HOECHST,2707.164794921875,40.06009037173515
B03,15,MITO,69905.046875,2113.8330880663248
B03,15,PHAandWGA,28981.125,711.1092516998208
B03,15,SYTO,13501.048828125,388.50619972412187
B04,0,CONC,13512.2890625,107.82023410773957
B04,0,HOECHST,8508.7626953125,95.73714218330682
B04,0,MITO,105413.5546875,886.8114171564197
B04,0,PHAandWGA,55195.3125,544.2555115364606
B04,0,SYTO,44366.90625,531.6579374859023
B04,1,CONC,14301.998046875,124.93822899715803
B04,1,HOECHST,8950.66015625,107.09616398775513
B04,1,MITO,108312.765625,972.6941352285756
B04,1,PHAandWGA,56713.078125,598.5925017476792
B04,1,SYTO,46171.6796875,598.6841953249065
B04,2,CONC,15066.37109375,133.3842045858916
B04,2,HOECHST,9417.4775390625,114.99544793146852
B04,2,MITO,111663.2109375,998.3635047695528
B04,2,PHAandWGA,59748.8046875,625.6844504111921
B04,2,SYTO,48977.02734375,635.3340979874149
B04,3,CONC,15718.0,137.53321406567147
B04,3,HOECHST,9888.50390625,123.36476401154066
B04,3,MITO,114802.15625,991.0407826490318
B04,3,PHAandWGA,61084.421875,636.6244939459476
B04,3,SYTO,51619.16015625,656.4790493528303
B04,4,CONC,16271.3330078125,134.49836214764116
B04,4,HOECHST,10385.5,125.45804912929843
B04,4,MITO,116881.875,952.3436288734099
B04,4,PHAandWGA,63166.703125,626.3636576820901
B04,4,SYTO,53392.09375,648.6227754418958
B04,5,CONC,16685.658203125,127.98400572387736
B04,5,HOECHST,10675.828125,119.36493724057833
B04,5,MITO,120245.6796875,913.3933166153389
B04,5,PHAandWGA,65422.875,605.358551883973
B04,5,SYTO,55156.75,617.9304370882978
B04,6,CONC,17172.42578125,120.19561182474087
B04,6,HOECHST,11005.30859375,113.20276531866104
B04,6,MITO,123809.3984375,862.6896099127207
B04,6,PHAandWGA,67157.53125,577.6235431214046
B04,6,SYTO,56159.0546875,581.603881870099
B04,7,CONC,17651.05078125,111.70828372355646
B04,7,HOECHST,11366.76953125,107.96785865272184
B04,7,MITO,126919.65625,808.9123122131405
B04,7,PHAandWGA,69903.796875,539.3446523653055
B04,7,SYTO,58875.63671875,542.9570597101757
B04,8,CONC,18002.33203125,101.97739268172144
B04,8,HOECHST,11612.9365234375,100.68549422599463
B04,8,MITO,129933.234375,761.4219726917007
B04,8,PHAandWGA,72022.8984375,500.06530711804214
B04,8,SYTO,60236.2109375,497.926385329327
B04,9,CONC,18259.97265625,93.7482392717821
B04,9,HOECHST,11843.345703125,94.24585610474917
B04,9,MITO,129961.890625,715.0222297773377
B04,9,PHAandWGA,72244.75,462.6078976511782
B04,9,SYTO,61407.58984375,457.9539423147863
B04,10,CONC,18547.5703125,85.9352729944367
B04,10,HOECHST,12119.380859375,88.8181964527722
B04,10,MITO,133223.96875,679.6702625060777
B04,10,PHAandWGA,74540.0625,430.3073491536789
B04,10,SYTO,63034.8984375,422.0377407872021
B04,11,CONC,18880.0859375,78.869529463592
B04,11,HOECHST,12366.5390625,83.41830925951307
B04,11,MITO,135910.71875,640.5062761470724
B04,11,PHAandWGA,74989.6328125,399.476493971859
B04,11,SYTO,63068.83203125,387.1165922200425
B04,12,CONC,19170.57421875,72.9640680659047
B04,12,HOECHST,12572.1484375,79.27419206392962
B04,12,MITO,138137.703125,609.3749781287419
B04,12,PHAandWGA,77085.28125,373.08539484338166
B04,12,SYTO,65115.296875,359.9641310249068
B04,13,CONC,19342.068359375,68.35189114375109
B04,13,HOECHST,12800.10546875,76.23682531655693
B04,13,MITO,137958.390625,582.3868137154824
B04,13,PHAandWGA,78112.6484375,352.9396279517134
B04,13,SYTO,65784.203125,338.6565468402403
B04,14,CONC,19575.10546875,64.95558763125328
B04,14,HOECHST,13087.205078125,73.8443549637044
B04,14,MITO,140129.5625,559.8048446251859
B04,14,PHAandWGA,78095.6171875,337.4825821705305
B04,14,SYTO,65886.4921875,320.54385695647636
B04,15,CONC,19892.7578125,61.80319717733368
B04,15,HOECHST,13261.201171875,71.52173980128266
B04,15,MITO,142878.03125,544.2976918131076
B04,15,PHAandWGA,79751.7890625,323.0762346120509
B04,15,SYTO,66464.2421875,305.29895261424514
B05,0,CONC,6472.89501953125,145.80950044006013
B05,0,HOECHST,4252.76953125,116.96071191318187
B05,0,MITO,70420.5,2229.4487599545523
B05,0,PHAandWGA,28901.7265625,950.3265464950066
B05,0,SYTO,19855.806640625,706.1916771645059
B05,1,CONC,7079.26806640625,176.27115887021424
B05,1,HOECHST,4616.78125,141.5088074766293
B05,1,MITO,73389.3359375,2470.2175149772893
B05,1,PHAandWGA,30576.68359375,1096.1266294461343
B05,1,SYTO,21885.27734375,841.7153002971854
B05,2,CONC,7572.8916015625,196.30793547120416
B05,2,HOECHST,4961.486328125,159.500680661316
B05,2,MITO,77109.578125,2651.007049816149
B05,2,PHAandWGA,32840.734375,1205.4394778529936
B05,2,SYTO,24059.369140625,932.6126042226357
B05,3,CONC,7965.53369140625,203.39632222782402
B05,3,HOECHST,5246.4501953125,170.53288814538965
B05,3,MITO,79796.875,2711.359154347853
B05,3,PHAandWGA,34917.4140625,1249.4454761520174
B05,3,SYTO,25632.22265625,967.0386193258239
B05,4,CONC,8218.93359375,202.8971211622508
B05,4,HOECHST,5457.0966796875,172.71918255636413
B05,4,MITO,81307.1328125,2722.157235334334
B05,4,PHAandWGA,36065.3359375,1266.7163275351566
B05,4,SYTO,27076.189453125,967.5664742893531
B05,5,CONC,8444.822265625,199.149739005319
B05,5,HOECHST,5652.259765625,171.1625668721242
B05,5,MITO,84446.515625,2718.5051943445915
B05,5,PHAandWGA,37628.140625,1263.838241349583
B05,5,SYTO,28847.611328125,949.9207404161408
B05,6,CONC,8631.5693359375,193.87303918858646
B05,6,HOECHST,5828.6142578125,167.53003326557544
B05,6,MITO,85819.03125,2701.0579263188515
B05,6,PHAandWGA,38692.41015625,1244.8958181372009
B05,6,SYTO,29739.3046875,921.7341248152061
B05,7,CONC,8826.5751953125,188.35519934681147
B05,7,HOECHST,5945.60888671875,162.150032724016
B05,7,MITO,87577.71875,2659.407901984218
B05,7,PHAandWGA,39590.31640625,1221.413294567446
B05,7,SYTO,30715.859375,892.0537967059314
B05,8,CONC,8937.708984375,182.86746351954258
B05,8,HOECHST,6035.03369140625,157.6190810759323
B05,8,MITO,89329.375,2620.9813737904146
B05,8,PHAandWGA,41389.8203125,1198.3722482079254
B05,8,SYTO,31498.33203125,858.1057885097857
B05,9,CONC,8980.59375,177.02669392081182
B05,9,HOECHST,6134.08935546875,152.4350344665184
B05,9,MITO,90096.890625,2573.7360651578274
B05,9,PHAandWGA,41865.0,1166.3194433943445
B05,9,SYTO,31717.671875,824.2592193329413
B05,10,CONC,9063.3046875,171.06654335314602
B05,10,HOECHST,6186.244140625,146.95004377567722
B05,10,MITO,92036.234375,2514.698003523711
B05,10,PHAandWGA,42462.4375,1134.1028114440041
B05,10,SYTO,32346.0703125,789.2923686781606
B05,11,CONC,9164.033203125,165.05347202297955
B05,11,HOECHST,6244.9892578125,141.34310430180392
B05,11,MITO,93056.15625,2464.9824048404553
B05,11,PHAandWGA,42970.265625,1102.3254939744706
B05,11,SYTO,32579.115234375,758.0052979996655
B05,12,CONC,9194.130859375,159.22377909920124
B05,12,HOECHST,6307.751953125,136.34692948328046
B05,12,MITO,94244.703125,2404.572326432292
B05,12,PHAandWGA,42671.984375,1072.4096829264229
B05,12,SYTO,32052.923828125,725.774494131718
B05,13,CONC,9278.5771484375,153.16441703533127
B05,13,HOECHST,6336.484375,131.52432412278625
B05,13,MITO,95143.3515625,2334.782169327285
B05,13,PHAandWGA,43299.1953125,1039.1882729050055
B05,13,SYTO,32409.58203125,697.4755747698193
B05,14,CONC,9286.296875,147.11306386982073
B05,14,HOECHST,6426.916015625,127.10718981164797
B05,14,MITO,95422.5703125,2268.2518694550854
B05,14,PHAandWGA,43668.1171875,1007.6199416104178
B05,14,SYTO,32286.7109375,667.2796119508354
B05,15,CONC,9406.85546875,141.39184275823877
B05,15,HOECHST,6490.66015625,122.2781629076493
B05,15,MITO,96974.125,2201.3986055874975
B05,15,PHAandWGA,43580.8828125,975.8082042791128
B05,15,SYTO,32293.5703125,635.6850970536434
B06,0,CONC,6473.076171875,118.4026152691091
B06,0,HOECHST,4020.84716796875,88.90284251325832
B06,0,MITO,68558.765625,1669.3876914206342
B06,0,PHAandWGA,26965.60546875,765.8186761753523
B06,0,SYTO,18687.802734375,585.2464920518552
B06,1,CONC,7002.9560546875,155.02328045170265
B06,1,HOECHST,4271.001953125,110.48229838889374
B06,1,MITO,70854.796875,1989.4972584177733
B06,1,PHAandWGA,28126.826171875,930.2550744882093
B06,1,SYTO,19979.84375,742.8363714894298
B06,2,CONC,7771.0634765625,209.4081267900844
B06,2,HOECHST,4735.5234375,148.30728382210862
B06,2,MITO,75491.0,2393.984392683256
B06,2,PHAandWGA,30723.0703125,1160.0063701785298
B06,2,SYTO,22076.41796875,979.925622324019
B06,3,CONC,8430.685546875,241.36174491152823
B06,3,HOECHST,5116.1171875,176.13730644220786
B06,3,MITO,79360.0703125,2656.1659965051813
B06,3,PHAandWGA,32627.40625,1312.051127897677
B06,3,SYTO,24708.69140625,1121.4724010159796
B06,4,CONC,9040.55859375,254.25200523433537
B06,4,HOECHST,5508.0927734375,192.35914874969396
B06,4,MITO,83013.40625,2831.4038329784676
B06,4,PHAandWGA,34451.7578125,1386.4829983601014
B06,4,SYTO,26696.69921875,1177.1831080921222
B06,5,CONC,9510.9814453125,256.36739886832123
B06,5,HOECHST,5755.00146484375,195.4205520551163
B06,5,MITO,87431.3203125,2939.3763720031484
B06,5,PHAandWGA,36716.1484375,1420.7024286975857
B06,5,SYTO,28839.34375,1178.0861722103305
B06,6,CONC,9857.654296875,255.0389939040458
B06,6,HOECHST,5972.072265625,194.98550391607827
B06,6,MITO,91014.0625,2985.5023169483097
B06,6,PHAandWGA,38597.82421875,1426.5919691615843
B06,6,SYTO,30619.234375,1153.737021271138
B06,7,CONC,10148.1220703125,250.66719821510807
B06,7,HOECHST,6210.0791015625,193.41930173282825
B06,7,MITO,93510.40625,2989.484001342642
B06,7,PHAandWGA,40794.65625,1407.4924872622958
B06,7,SYTO,32333.37890625,1123.46386502478
B06,8,CONC,10440.53515625,244.04631666099954
B06,8,HOECHST,6417.65185546875,188.62888082652904
B06,8,MITO,95442.109375,2947.711764512129
B06,8,PHAandWGA,41745.1328125,1381.431781873244
B06,8,SYTO,33742.21875,1081.533769686755
B06,9,CONC,10597.1328125,235.989311367147
B06,9,HOECHST,6511.5673828125,182.4257426444774
B06,9,MITO,98973.9375,2903.7357968346987
B06,9,PHAandWGA,43199.03125,1345.347882810803
B06,9,SYTO,34220.9375,1033.5405378510688
B06,10,CONC,10741.494140625,227.2910617625808
B06,10,HOECHST,6648.7451171875,176.58040638696488
B06,10,MITO,99904.9921875,2849.1102291480324
B06,10,PHAandWGA,44320.6640625,1306.031296854696
B06,10,SYTO,35721.81640625,983.8540786029522
B06,11,CONC,10796.548828125,219.36985243690032
B06,11,HOECHST,6759.67138671875,170.56504686691002
B06,11,MITO,102871.78125,2801.5077514496593
B06,11,PHAandWGA,45760.4921875,1270.1266722211415
B06,11,SYTO,35730.46875,938.5729798903816
B06,12,CONC,10923.0478515625,211.63409667685994
B06,12,HOECHST,6816.17333984375,164.76071038758113
B06,12,MITO,103529.25,2747.9082710539033
B06,12,PHAandWGA,46440.0,1236.863642888872
B06,12,SYTO,36631.7578125,901.0380913970182
B06,13,CONC,10998.736328125,203.6012603309883
B06,13,HOECHST,6929.1748046875,159.059182271486
B06,13,MITO,105745.265625,2684.250548954209
B06,13,PHAandWGA,46468.3828125,1197.9086060057625
B06,13,SYTO,36127.4609375,860.0599003624258
B06,14,CONC,11141.3515625,196.45286538069942
B06,14,HOECHST,6999.86767578125,153.49130777189768
B06,14,MITO,106792.03125,2621.431229737387
B06,14,PHAandWGA,47461.0703125,1164.9967935907823
B06,14,SYTO,36646.83984375,823.070069273714
B06,15,CONC,11203.806640625,189.06922825187138
B06,15,HOECHST,7081.5751953125,147.75953477720415
B06,15,MITO,107429.8359375,2564.174570713664
B06,15,PHAandWGA,47734.6953125,1137.2112194193005
B06,15,SYTO,36497.9921875,792.7483740956676
B07,0,CONC,3709.52099609375,114.158507021063
B07,0,HOECHST,1622.790771484375,34.64539269716344
B07,0,MITO,42629.96875,2412.0059002836974
B07,0,PHAandWGA,9531.6064453125,493.36239447098603
B07,0,SYTO,4652.3056640625,222.63766966115054
B07,1,CONC,3884.546875,129.3377242925118
B07,1,HOECHST,1702.015625,40.401894216036595
B07,1,MITO,43235.390625,2617.141357102863
B07,1,PHAandWGA,10389.6357421875,553.8653891547957
B07,1,SYTO,4941.14404296875,251.67372314561314
B07,2,CONC,4087.111328125,143.6448674584311
B07,2,HOECHST,1778.422607421875,45.92204663724296
B07,2,MITO,45331.28515625,2822.742625994495
B07,2,PHAandWGA,11311.26171875,612.0266173624774
B07,2,SYTO,5224.5986328125,279.6780251918761
B07,3,CONC,4259.078125,156.43932887449924
B07,3,HOECHST,1887.9910888671875,50.85468568475038
B07,3,MITO,46702.7109375,2975.4072590416026
B07,3,PHAandWGA,12367.39453125,666.3202370420851
B07,3,SYTO,5499.4560546875,304.0227939336419
B07,4,CONC,4457.61376953125,167.09966209443772
B07,4,HOECHST,1977.1534423828125,54.87032632164978
B07,4,MITO,48258.15625,3123.8078972446638
B07,4,PHAandWGA,13410.8125,710.5307186898497
B07,4,SYTO,5802.9072265625,323.4855299743088
B07,5,CONC,4640.1201171875,175.50901895799078
B07,5,HOECHST,2050.7099609375,57.75968100682704
B07,5,MITO,50042.4296875,3199.910405460406
B07,5,PHAandWGA,14172.3671875,738.4361496603299
B07,5,SYTO,6076.310546875,336.91789909734734
B07,6,CONC,4784.63671875,179.94753131929926
B07,6,HOECHST,2114.2568359375,59.30107719032201
B07,6,MITO,52025.171875,3246.4621438820013
B07,6,PHAandWGA,14663.328125,752.4770968769423
B07,6,SYTO,6291.55712890625,342.56864779001825
B07,7,CONC,4901.6630859375,181.83008734918732
B07,7,HOECHST,2149.906005859375,59.43717808660873
B07,7,MITO,52226.28125,3237.7620341655816
B07,7,PHAandWGA,14944.1123046875,754.3684321876713
B07,7,SYTO,6411.78564453125,344.20447770815554
B07,8,CONC,4998.42578125,182.4352285425925
B07,8,HOECHST,2200.583984375,59.21693261862483
B07,8,MITO,53708.0390625,3241.970294948716
B07,8,PHAandWGA,15294.470703125,758.3524082869227
B07,8,SYTO,6515.1494140625,341.83783036646446
B07,9,CONC,5051.3935546875,181.83014391685006
B07,9,HOECHST,2232.182861328125,58.651605416271885
B07,9,MITO,53639.109375,3194.1063648005143
B07,9,PHAandWGA,15520.41796875,755.2842747805043
B07,9,SYTO,6595.90625,338.39862425140575
B07,10,CONC,5151.7099609375,180.13915192127106
B07,10,HOECHST,2267.5556640625,57.80481099304112
B07,10,MITO,54641.0234375,3142.3803238505684
B07,10,PHAandWGA,15897.0791015625,746.9969350999381
B07,10,SYTO,6714.7822265625,332.263285621793
B07,11,CONC,5239.1982421875,177.52607091902243
B07,11,HOECHST,2288.7080078125,56.76171555903869
B07,11,MITO,55877.7734375,3090.9074723026456
B07,11,PHAandWGA,15983.916015625,732.101801728844
B07,11,SYTO,6790.3779296875,325.09219226031615
B07,12,CONC,5340.078125,174.3790457057003
B07,12,HOECHST,2341.468505859375,55.5494693421106
B07,12,MITO,56793.765625,3009.3990340838145
B07,12,PHAandWGA,16170.9951171875,714.1587543113245
B07,12,SYTO,6952.3349609375,316.8607409941115
B07,13,CONC,5447.27099609375,170.301325525953
B07,13,HOECHST,2365.74072265625,54.13852394480622
B07,13,MITO,57404.6875,2923.9988784923485
B07,13,PHAandWGA,16154.6787109375,691.1785815799643
B07,13,SYTO,6998.87109375,306.5327576041484
B07,14,CONC,5512.0732421875,165.9394122834655
B07,14,HOECHST,2400.630615234375,52.43471848050479
B07,14,MITO,57856.06640625,2833.952856553122
B07,14,PHAandWGA,16167.4619140625,672.6828621216869
B07,14,SYTO,7074.7265625,296.8475861851298
B07,15,CONC,5590.1240234375,161.52716956197852
B07,15,HOECHST,2433.0537109375,50.992162996604286
B07,15,MITO,58289.1796875,2734.1763788914755
B07,15,PHAandWGA,16261.4033203125,652.2591680075273
B07,15,SYTO,7127.5830078125,287.0703746343298
B08,0,CONC,11860.880859375,116.29958051566551
B08,0,HOECHST,7340.01611328125,92.10249227636187
B08,0,MITO,95314.3984375,885.596780897596
B08,0,PHAandWGA,49661.484375,584.3249628594222
B08,0,SYTO,38700.921875,540.3732090463993
B08,1,CONC,12810.5078125,144.4796156171396
B08,1,HOECHST,7837.4677734375,110.93182775683728
B08,1,MITO,98982.390625,988.3802296569239
B08,1,PHAandWGA,52064.52734375,677.4878771436287
B08,1,SYTO,41340.03125,651.339504570663
B08,2,CONC,13587.7666015625,159.91199987943855
B08,2,HOECHST,8312.447265625,124.46125306350851
B08,2,MITO,102273.5,1062.3012327564013
B08,2,PHAandWGA,55205.4453125,733.8933977899338
B08,2,SYTO,44058.31640625,713.9120772082155
B08,3,CONC,14397.234375,167.45326766887197
B08,3,HOECHST,8811.75,129.97913858683953
B08,3,MITO,106454.0625,1116.6104253886492
B08,3,PHAandWGA,58084.296875,769.1366689875559
B08,3,SYTO,46460.1640625,740.025899239889
B08,4,CONC,15200.3505859375,165.9772279348498
B08,4,HOECHST,9270.048828125,132.223456504555
B08,4,MITO,109598.109375,1110.9799319565022
B08,4,PHAandWGA,60684.88671875,765.815867083037
B08,4,SYTO,49090.0703125,727.0362688825047
B08,5,CONC,15794.267578125,157.33033814877962
B08,5,HOECHST,9660.3984375,125.65136463517823
B08,5,MITO,115269.28125,1087.8174080178912
B08,5,PHAandWGA,62352.0234375,741.0970647431831
B08,5,SYTO,52196.1953125,690.2871886270595
B08,6,CONC,16316.8974609375,147.39410841591874
B08,6,HOECHST,10072.38671875,120.9691723281296
B08,6,MITO,116977.546875,1041.389032729226
B08,6,PHAandWGA,64577.8359375,701.9778071569286
B08,6,SYTO,53585.765625,646.2057717284306
B08,7,CONC,16732.94140625,135.056028329866
B08,7,HOECHST,10320.638671875,111.76011685448486
B08,7,MITO,121347.109375,988.0258347783197
B08,7,PHAandWGA,67357.046875,655.5129127806819
B08,7,SYTO,56120.796875,591.8616265248951
B08,8,CONC,17064.162109375,123.24151791180661
B08,8,HOECHST,10610.2001953125,104.2903107078132
B08,8,MITO,124861.9765625,928.2291854688149
B08,8,PHAandWGA,69245.734375,607.0838596095857
B08,8,SYTO,58081.375,540.5310588029428
B08,9,CONC,17153.921875,113.50064192756567
B08,9,HOECHST,10764.8857421875,97.66298203077288
B08,9,MITO,124832.171875,873.584319138285
B08,9,PHAandWGA,69634.546875,568.4876781441693
B08,9,SYTO,58129.8828125,500.54161857889795
B08,10,CONC,17292.71484375,106.4304336603507
B08,10,HOECHST,10899.90234375,92.8762871350936
B08,10,MITO,126336.0390625,841.8742483906927
B08,10,PHAandWGA,71326.765625,539.7109964365005
B08,10,SYTO,59653.1875,469.93764297131884
B08,11,CONC,17326.671875,100.37908600073034
B08,11,HOECHST,10988.18359375,89.08109377047094
B08,11,MITO,127992.34375,806.5609347098866
B08,11,PHAandWGA,70935.0859375,512.2104155561663
B08,11,SYTO,59043.2734375,444.8369041508667
B08,12,CONC,17437.1875,94.66822978842723
B08,12,HOECHST,11147.7119140625,85.51422151597251
B08,12,MITO,130249.8515625,768.2605176280476
B08,12,PHAandWGA,72838.046875,486.5420644444199
B08,12,SYTO,59786.07421875,422.24776919918844
B08,13,CONC,17635.69921875,88.88263337035647
B08,13,HOECHST,11280.24609375,81.84256731434043
B08,13,MITO,131290.765625,723.6518282348757
B08,13,PHAandWGA,73447.203125,462.2794061294403
B08,13,SYTO,61130.6484375,399.5351551070029
B08,14,CONC,17722.638671875,84.24937027704105
B08,14,HOECHST,11434.33984375,78.59065547574527
B08,14,MITO,132540.96875,685.254722622193
B08,14,PHAandWGA,74377.7734375,442.8053261193728
B08,14,SYTO,60628.015625,379.9948815471659
B08,15,CONC,17877.5390625,81.43214792178198
B08,15,HOECHST,11588.4365234375,76.4175743488704
B08,15,MITO,134706.3125,660.9427366595894
B08,15,PHAandWGA,74217.5078125,429.2213912446471
B08,15,SYTO,60927.2578125,365.9356348100309
B09,0,CONC,9509.013671875,129.61249131560325
B09,0,HOECHST,5520.08544921875,98.56871413573384
B09,0,MITO,93685.484375,1826.2261348609268
B09,0,PHAandWGA,41149.2890625,745.1745730209736
B09,0,SYTO,27813.6171875,586.1866506072507
B09,1,CONC,10640.2119140625,175.67284368996604
B09,1,HOECHST,6066.7236328125,129.51062255017976
B09,1,MITO,99965.5703125,2206.6850980787112
B09,1,PHAandWGA,44289.421875,917.4526628970713
B09,1,SYTO,31375.19140625,756.6483783302601
B09,2,CONC,11615.841796875,196.80683671872225
B09,2,HOECHST,6587.92724609375,147.98144273645136
B09,2,MITO,107080.125,2351.5672815893686
B09,2,PHAandWGA,46887.7265625,1023.6545144799709
B09,2,SYTO,34165.53125,853.2578734658558
B09,3,CONC,12292.6767578125,196.8463472022081
B09,3,HOECHST,7037.419921875,154.56165778408032
B09,3,MITO,110616.8125,2323.9534504820576
B09,3,PHAandWGA,50062.2421875,1060.9848769160703
B09,3,SYTO,37021.0078125,878.6459486652059
B09,4,CONC,12834.439453125,189.11309506836287
B09,4,HOECHST,7366.2373046875,153.1602209297511
B09,4,MITO,113397.359375,2245.763127854723
B09,4,PHAandWGA,52637.640625,1055.5109558236627
B09,4,SYTO,39605.84375,859.6663890988272
B09,5,CONC,13193.8515625,177.81313866567348
B09,5,HOECHST,7627.54296875,148.06772048178047
B09,5,MITO,117242.5625,2134.5891530307745
B09,5,PHAandWGA,54168.52734375,1025.000258452494
B09,5,SYTO,41701.0859375,820.8477968976184
B09,6,CONC,13484.3173828125,165.38828041983612
B09,6,HOECHST,7845.65673828125,138.46154703919734
B09,6,MITO,120433.6484375,2032.1957976231602
B09,6,PHAandWGA,57030.28515625,983.8506332483914
B09,6,SYTO,42877.10546875,769.1115126985497
B09,7,CONC,13725.1376953125,154.6480686039483
B09,7,HOECHST,7940.9267578125,130.48487850004042
B09,7,MITO,122591.53125,1943.2919263286926
B09,7,PHAandWGA,58615.46875,941.4237847658014
B09,7,SYTO,44248.5078125,718.7235084898709
B09,8,CONC,13841.26953125,145.2770898738081
B09,8,HOECHST,8074.90380859375,122.99933512031896
B09,8,MITO,124537.8046875,1873.6023827575673
B09,8,PHAandWGA,59742.8828125,906.1409640052112
B09,8,SYTO,45413.546875,677.0424952417832
B09,9,CONC,13876.1953125,136.8137344047251
B09,9,HOECHST,8152.24462890625,116.35491442284408
B09,9,MITO,125675.421875,1814.8200313534965
B09,9,PHAandWGA,61039.46875,872.8525162118453
B09,9,SYTO,46777.18359375,641.4319625198731
B09,10,CONC,13953.35546875,128.6153014253588
B09,10,HOECHST,8235.017578125,111.04627965022739
B09,10,MITO,127354.65625,1761.1310500236411
B09,10,PHAandWGA,61488.5625,835.1216733856119
B09,10,SYTO,46523.33203125,608.464625067053
B09,11,CONC,13939.966796875,120.78845551177432
B09,11,HOECHST,8323.474609375,106.1712493938796
B09,11,MITO,127854.9375,1705.1970395155922
B09,11,PHAandWGA,62185.453125,800.172072857005
B09,11,SYTO,47764.84765625,576.1035524383378
B09,12,CONC,13985.05859375,114.2368401117098
B09,12,HOECHST,8371.521484375,101.28592977194286
B09,12,MITO,128954.96875,1657.8350464145608
B09,12,PHAandWGA,62935.94140625,771.4647007989826
B09,12,SYTO,48052.71875,547.0679454979161
B09,13,CONC,14034.4677734375,108.85873327634455
B09,13,HOECHST,8479.9609375,97.48139172685632
B09,13,MITO,131202.0625,1615.9130679187138
B09,13,PHAandWGA,63416.0703125,742.5754736013523
B09,13,SYTO,48397.3984375,521.455566119509
B09,14,CONC,14106.4111328125,104.41357338510348
B09,14,HOECHST,8579.9052734375,94.35861351791308
B09,14,MITO,130645.9375,1575.2915893385198
B09,14,PHAandWGA,63987.390625,721.372413987605
B09,14,SYTO,47899.51953125,499.38156382538654
B09,15,CONC,14182.595703125,100.70347423781978
B09,15,HOECHST,8647.8525390625,91.7412733198852
B09,15,MITO,131054.1796875,1540.3487016249373
B09,15,PHAandWGA,63697.98046875,704.7920531091685
B09,15,SYTO,48219.59375,483.73031948972636
B10,0,CONC,3899.5830078125,117.03376505185356
B10,0,HOECHST,2416.350341796875,74.65267771554652
B10,0,MITO,44909.203125,2268.8685503012716
B10,0,PHAandWGA,16404.244140625,849.8797018159347
B10,0,SYTO,9100.06640625,529.033736703015
B10,1,CONC,4200.5908203125,144.48239885877578
B10,1,HOECHST,2551.273681640625,90.06198511289247
B10,1,MITO,46703.44921875,2513.2826999348226
B10,1,PHAandWGA,17016.080078125,993.8108582996535
B10,1,SYTO,10634.5078125,651.3380028477553
B10,2,CONC,4580.1435546875,186.05731794277116
B10,2,HOECHST,2795.24853515625,114.12337187353803
B10,2,MITO,48462.96875,2831.7248953513613
B10,2,PHAandWGA,18536.421875,1177.356083632373
B10,2,SYTO,12267.71484375,821.2282253358815
B10,3,CONC,5006.6708984375,221.52920107736216
B10,3,HOECHST,3058.82958984375,144.25378818768252
B10,3,MITO,50583.2109375,3179.2613854178894
B10,3,PHAandWGA,20044.0234375,1322.893434009638
B10,3,SYTO,13862.0966796875,969.6842384302638
B10,4,CONC,5235.8466796875,234.71285336838503
B10,4,HOECHST,3257.6787109375,159.6087924074677
B10,4,MITO,53215.37109375,3435.1341156002636
B10,4,PHAandWGA,21332.685546875,1392.017765548647
B10,4,SYTO,14951.62890625,1018.1548815055273
B10,5,CONC,5414.27880859375,236.26307794502083
B10,5,HOECHST,3347.7841796875,161.3895126600866
B10,5,MITO,54218.13671875,3514.143153535636
B10,5,PHAandWGA,22589.59765625,1428.567966344554
B10,5,SYTO,15931.19921875,1019.7016587271507
B10,6,CONC,5533.361328125,236.6533123932751
B10,6,HOECHST,3445.28125,158.03268709816066
B10,6,MITO,56360.09375,3626.200768746608
B10,6,PHAandWGA,23159.0703125,1442.9599309036405
B10,6,SYTO,16672.58984375,999.6043398623258
B10,7,CONC,5700.9404296875,234.9087668862325
B10,7,HOECHST,3529.22998046875,155.50151395589907
B10,7,MITO,58180.75,3647.6571278025335
B10,7,PHAandWGA,24290.533203125,1430.1707979877206
B10,7,SYTO,17223.36328125,963.158319710978
B10,8,CONC,5767.86767578125,228.48970065439045
B10,8,HOECHST,3593.26416015625,152.61506912300112
B10,8,MITO,59148.14453125,3664.362042044481
B10,8,PHAandWGA,24908.85546875,1414.7865667579579
B10,8,SYTO,17724.42578125,927.4642532132302
B10,9,CONC,5792.1845703125,223.45831849048523
B10,9,HOECHST,3639.2216796875,149.53788620037
B10,9,MITO,60115.0625,3678.5806163683214
B10,9,PHAandWGA,25474.87890625,1395.7283858740525
B10,9,SYTO,17818.37109375,899.1174471034014
B10,10,CONC,5842.26953125,217.44324429637783
B10,10,HOECHST,3676.138916015625,145.75811167710344
B10,10,MITO,60840.09375,3649.9640432986575
B10,10,PHAandWGA,25421.37109375,1368.3759258581567
B10,10,SYTO,17759.140625,863.4313756204078
B10,11,CONC,5869.47021484375,210.63414429507034
B10,11,HOECHST,3720.22021484375,140.61760913316996
B10,11,MITO,61537.5703125,3597.1097489851795
B10,11,PHAandWGA,26036.048828125,1341.7724510479063
B10,11,SYTO,17669.736328125,824.7333574518117
B10,12,CONC,5916.1181640625,203.24623119356966
B10,12,HOECHST,3749.6240234375,135.1828354988428
B10,12,MITO,62631.578125,3537.823551568637
B10,12,PHAandWGA,26054.109375,1306.4492513420748
B10,12,SYTO,17377.564453125,787.1318937880476
B10,13,CONC,5955.6083984375,195.8463900529598
B10,13,HOECHST,3805.239990234375,130.31587619426537
B10,13,MITO,63241.578125,3454.679514897704
B10,13,PHAandWGA,26365.84765625,1266.3729963445705
B10,13,SYTO,17359.248046875,754.3187653066848
B10,14,CONC,6023.892578125,188.37004985138873
B10,14,HOECHST,3826.841796875,125.59512163063654
B10,14,MITO,63596.5078125,3358.0454045579854
B10,14,PHAandWGA,26383.08203125,1222.5429816561077
B10,14,SYTO,16994.630859375,714.9960230069362
B10,15,CONC,6106.75390625,180.45641302056637
B10,15,HOECHST,3887.37939453125,119.8218808222789
B10,15,MITO,64403.9609375,3235.903179023763
B10,15,PHAandWGA,26506.125,1172.2086274528867
B10,15,SYTO,16954.8203125,677.3738216003917
B11,0,CONC,3247.44189453125,94.67381645274777
B11,0,HOECHST,1760.966064453125,45.12737106404351
B11,0,MITO,36619.33203125,2233.391803147938
B11,0,PHAandWGA,10553.580078125,614.2514956535562
B11,0,SYTO,5634.7041015625,329.5224252553917
B11,1,CONC,3539.90478515625,125.91254705828142
B11,1,HOECHST,1918.15283203125,63.23949759107115
B11,1,MITO,38557.375,2650.3326022467727
B11,1,PHAandWGA,11641.49609375,752.4228172618716
B11,1,SYTO,6428.978515625,429.0092496227906
B11,2,CONC,3804.69677734375,159.07461007493671
B11,2,HOECHST,2075.466552734375,80.0509054373688
B11,2,MITO,40114.49609375,3076.1099245990254
B11,2,PHAandWGA,12964.931640625,891.580993432215
B11,2,SYTO,7395.73046875,527.7605350822138
B11,3,CONC,4105.966796875,182.636211050967
B11,3,HOECHST,2248.246826171875,96.9517447769912
B11,3,MITO,41847.4140625,3371.3529328257064
B11,3,PHAandWGA,14486.8671875,996.7630528173484
B11,3,SYTO,8156.9130859375,603.6813192392596
B11,4,CONC,4308.8427734375,199.24164534299132
B11,4,HOECHST,2398.714599609375,110.8551638595779
B11,4,MITO,44443.19921875,3581.1902003280165
B11,4,PHAandWGA,16021.87109375,1082.54689450838
B11,4,SYTO,8858.9990234375,653.2588084340691
B11,5,CONC,4509.1435546875,211.03622741174559
B11,5,HOECHST,2497.03857421875,113.73878856664706
B11,5,MITO,45408.60546875,3629.9345952526774
B11,5,PHAandWGA,17480.92578125,1131.177153948022
B11,5,SYTO,9303.6611328125,669.7859648287665
B11,6,CONC,4616.48828125,215.0755372252137
B11,6,HOECHST,2549.63232421875,111.31406503325364
B11,6,MITO,47545.3046875,3715.869749804946
B11,6,PHAandWGA,18386.5546875,1138.0552995001399
B11,6,SYTO,9487.97265625,660.521290358532
B11,7,CONC,4689.79345703125,209.7500924023738
B11,7,HOECHST,2577.052978515625,108.01494284803103
B11,7,MITO,48670.453125,3704.2132961004213
B11,7,PHAandWGA,18919.51953125,1132.462393290393
B11,7,SYTO,9357.4296875,640.3564265467367
B11,8,CONC,4711.40234375,203.19222014501403
B11,8,HOECHST,2637.948974609375,103.76719408188579
B11,8,MITO,49166.6953125,3665.776758038153
B11,8,PHAandWGA,19096.748046875,1109.0029149620739
B11,8,SYTO,9226.693359375,615.8878577236284
B11,9,CONC,4731.2958984375,194.13635282467976
B11,9,HOECHST,2626.90234375,98.42965360457796
B11,9,MITO,49812.578125,3597.878494310924
B11,9,PHAandWGA,19434.9765625,1082.483383170454
B11,9,SYTO,8962.1875,587.1498057968572
B11,10,CONC,4672.88818359375,183.8872031339346
B11,10,HOECHST,2620.694580078125,92.87824202596245
B11,10,MITO,49459.02734375,3491.700968560831
B11,10,PHAandWGA,19355.47265625,1048.6363759180917
B11,10,SYTO,8783.4521484375,560.3163181231399
B11,11,CONC,4662.0908203125,175.9152544637255
B11,11,HOECHST,2591.03515625,87.00375916873375
B11,11,MITO,49179.77734375,3414.7361955425704
B11,11,PHAandWGA,19018.07421875,1017.8717313878876
B11,11,SYTO,8685.390625,533.1924810661342
B11,12,CONC,4689.8837890625,168.80307447599924
B11,12,HOECHST,2595.0595703125,82.79991285787315
B11,12,MITO,50298.65234375,3326.2792898810444
B11,12,PHAandWGA,18860.71484375,982.9319958241554
B11,12,SYTO,8686.876953125,508.4797512344111
B11,13,CONC,4666.4697265625,159.87524582329155
B11,13,HOECHST,2613.15966796875,79.2194367125122
B11,13,MITO,49995.578125,3177.1892354479096
B11,13,PHAandWGA,18691.736328125,941.544167467084
B11,13,SYTO,8677.2431640625,482.2107181257708
B11,14,CONC,4733.236328125,152.86970320409725
B11,14,HOECHST,2649.9560546875,75.59969888736453
B11,14,MITO,50037.2578125,3052.521250767179
B11,14,PHAandWGA,19065.46875,908.372249773147
B11,14,SYTO,8697.861328125,457.53763115924
B11,15,CONC,4730.248046875,145.0619127441212
B11,15,HOECHST,2682.3740234375,71.68689635576206
B11,15,MITO,50118.2421875,2875.743594432425
B11,15,PHAandWGA,18677.380859375,864.0262378702662
B11,15,SYTO,8800.9892578125,431.7024168936582
B12,0,CONC,11888.62109375,92.30874593489494
B12,0,HOECHST,7514.181640625,86.95546034694296
B12,0,MITO,96886.703125,974.7565853777096
B12,0,PHAandWGA,48705.453125,509.0225173881043
B12,0,SYTO,36615.890625,467.2965599792316
B12,1,CONC,12753.236328125,120.56094777082372
B12,1,HOECHST,7993.220703125,107.89298460980649
B12,1,MITO,100637.8359375,1262.2236034104862
B12,1,PHAandWGA,50974.45703125,607.2882357670446
B12,1,SYTO,38995.46484375,571.7496461738654
B12,2,CONC,14334.3427734375,181.42530465516106
B12,2,HOECHST,8860.46484375,156.04463340588376
B12,2,MITO,109687.796875,1727.9499425277093
B12,2,PHAandWGA,54902.359375,817.1260966559471
B12,2,SYTO,42932.171875,799.1018329122984
B12,3,CONC,16230.8271484375,235.69207115318338
B12,3,HOECHST,9873.677734375,199.09308698999152
B12,3,MITO,118122.5,1949.114532094615
B12,3,PHAandWGA,59335.55078125,979.497622662018
B12,3,SYTO,47154.96875,979.2333191269825
B12,4,CONC,17209.9921875,245.00517245950581
B12,4,HOECHST,10547.2109375,213.64458160706937
B12,4,MITO,122056.1640625,1898.0999262740718
B12,4,PHAandWGA,62702.8671875,1036.620175149331
B12,4,SYTO,50680.72265625,1043.4273780734131
B12,5,CONC,17908.63671875,235.82369182864153
B12,5,HOECHST,11224.06640625,215.5219170933607
B12,5,MITO,126987.796875,1814.225324616331
B12,5,PHAandWGA,66566.75,1042.9248078767368
B12,5,SYTO,53081.08984375,1041.6996216332439
B12,6,CONC,18508.8984375,219.59564085206728
B12,6,HOECHST,11733.681640625,206.48246157392754
B12,6,MITO,132949.21875,1711.1238256112213
B12,6,PHAandWGA,69344.6640625,1009.9994201190297
B12,6,SYTO,56527.5390625,996.0645095303385
B12,7,CONC,19195.9375,205.02952294681546
B12,7,HOECHST,12225.634765625,195.9837958004561
B12,7,MITO,137582.0625,1607.6255660320273
B12,7,PHAandWGA,71363.0,962.0106922698079
B12,7,SYTO,58635.8671875,932.6318836278253
B12,8,CONC,19433.033203125,187.7016236457085
B12,8,HOECHST,12618.880859375,180.32750308497907
B12,8,MITO,139152.4375,1505.4554754571436
B12,8,PHAandWGA,74455.0625,908.126724192581
B12,8,SYTO,60274.6015625,865.7708654239926
B12,9,CONC,19554.36328125,168.86429816369636
B12,9,HOECHST,12735.1875,164.5292543139738
B12,9,MITO,140191.6875,1372.1267565387327
B12,9,PHAandWGA,75360.328125,846.7412570250311
B12,9,SYTO,61736.71875,798.3902054024771
B12,10,CONC,19650.869140625,150.99749454714578
B12,10,HOECHST,12904.4091796875,149.93181579865566
B12,10,MITO,143128.53125,1273.880540871246
B12,10,PHAandWGA,76559.796875,786.8564620382668
B12,10,SYTO,62830.2265625,727.128721965076
B12,11,CONC,19824.96875,133.33717281528556
B12,11,HOECHST,13032.98828125,134.04747668362694
B12,11,MITO,145661.65625,1183.269304418537
B12,11,PHAandWGA,78841.7421875,721.0652826424246
B12,11,SYTO,64236.4375,657.7991633984952
B12,12,CONC,20034.54296875,115.15381769775925
B12,12,HOECHST,13255.466796875,118.6626628492475
B12,12,MITO,148329.6875,1072.6306772311216
B12,12,PHAandWGA,80513.7421875,644.0045873505092
B12,12,SYTO,65852.3046875,575.9165460441286
B12,13,CONC,20301.640625,99.00403535920698
B12,13,HOECHST,13487.4658203125,104.22418216369421
B12,13,MITO,151022.84375,972.0949159427381
B12,13,PHAandWGA,80722.7109375,571.0775901901463
B12,13,SYTO,66823.5,500.3570112666337
B12,14,CONC,20546.3203125,85.44797931791003
B12,14,HOECHST,13558.517578125,93.99779814851719
B12,14,MITO,152201.625,883.5913292681076
B12,14,PHAandWGA,82968.2109375,518.4925103879565
B12,14,SYTO,67150.5546875,446.8397244416804
B12,15,CONC,20631.759765625,76.95465743217017
B12,15,HOECHST,13798.96875,87.67860777564992
B12,15,MITO,154878.96875,827.9449290862727
B12,15,PHAandWGA,83208.78125,478.93880330542356
B12,15,SYTO,68055.640625,406.41792309327656
B13,0,CONC,2365.85888671875,130.99170962769105
B13,0,HOECHST,1935.707763671875,120.27840458307567
B13,0,MITO,31845.919921875,3903.025352199482
B13,0,PHAandWGA,8569.025390625,898.8919240855795
B13,0,SYTO,4280.8095703125,454.75523287463153
B13,1,CONC,2773.437744140625,200.99423874397456
B13,1,HOECHST,2300.051513671875,198.89717958267562
B13,1,MITO,35580.43359375,5118.624231156383
B13,1,PHAandWGA,10491.1640625,1299.829063129177
B13,1,SYTO,6036.1669921875,704.2758194251256
B13,2,CONC,3103.853271484375,247.02998674200214
B13,2,HOECHST,2631.08056640625,257.1146611472943
B13,2,MITO,38825.53515625,5747.240634230242
B13,2,PHAandWGA,11795.314453125,1490.695835527647
B13,2,SYTO,7385.00244140625,855.6308058157848
B13,3,CONC,3340.56689453125,268.361514335651
B13,3,HOECHST,2822.8505859375,277.22944538176233
B13,3,MITO,40864.375,6044.844173322497
B13,3,PHAandWGA,12912.626953125,1603.369388689465
B13,3,SYTO,8053.49560546875,907.5715023235306
B13,4,CONC,3408.7900390625,272.8576134879991
B13,4,HOECHST,2936.0732421875,282.9936839112516
B13,4,MITO,41709.03125,6178.165331095605
B13,4,PHAandWGA,13816.7080078125,1616.2031066413701
B13,4,SYTO,8218.005859375,908.9732883323475
B13,5,CONC,3479.27099609375,273.32435380305185
B13,5,HOECHST,2927.373291015625,270.34966382195745
B13,5,MITO,42523.57421875,6237.027088914424
B13,5,PHAandWGA,14615.2158203125,1674.6023041137244
B13,5,SYTO,7984.6279296875,890.7480030439298
B13,6,CONC,3510.35888671875,268.36472388262746
B13,6,HOECHST,2967.74560546875,260.7614556729083
B13,6,MITO,43540.078125,6231.42682012964
B13,6,PHAandWGA,15310.220703125,1732.8812957128123
B13,6,SYTO,7803.3828125,872.9956006790611
B13,7,CONC,3527.091796875,259.617195946191
B13,7,HOECHST,2951.51806640625,251.33440869052532
B13,7,MITO,43547.59375,6069.398545467098
B13,7,PHAandWGA,15514.201171875,1767.5271977912544
B13,7,SYTO,7494.53662109375,844.837930425991
B13,8,CONC,3505.742431640625,247.3987802183834
B13,8,HOECHST,2913.12939453125,234.85316550003418
B13,8,MITO,44291.859375,5947.411708546877
B13,8,PHAandWGA,15245.083984375,1614.1458060418438
B13,8,SYTO,7044.45849609375,787.4576335401056
B13,9,CONC,3473.54443359375,232.30653234040597
B13,9,HOECHST,2835.07568359375,218.3354086052404
B13,9,MITO,43862.765625,5749.501878436541
B13,9,PHAandWGA,14807.7890625,1472.7527686685232
B13,9,SYTO,6743.3359375,730.4211320351922
B13,10,CONC,3403.056884765625,217.75206963090108
B13,10,HOECHST,2809.752685546875,201.76238309932745
B13,10,MITO,43837.5078125,5569.39247180082
B13,10,PHAandWGA,14281.6689453125,1397.4652482916074
B13,10,SYTO,6430.9580078125,681.8133240283935
B13,11,CONC,3355.950927734375,203.56123113905227
B13,11,HOECHST,2780.280029296875,185.62937365486877
B13,11,MITO,43408.77734375,5338.356642324646
B13,11,PHAandWGA,13922.8671875,1316.6112671713647
B13,11,SYTO,6221.5146484375,632.4874130796087
B13,12,CONC,3311.79931640625,189.95024900794036
B13,12,HOECHST,2763.70458984375,171.14430643291186
B13,12,MITO,43332.0390625,5077.336294390499
B13,12,PHAandWGA,13687.82421875,1227.9596686574519
B13,12,SYTO,6145.9921875,586.181827908736
B13,13,CONC,3304.7626953125,175.6979927589284
B13,13,HOECHST,2759.2392578125,156.389524221265
B13,13,MITO,42640.58984375,4772.798972969933
B13,13,PHAandWGA,13381.54296875,1130.6112049949975
B13,13,SYTO,6026.451171875,537.6973387078522
B13,14,CONC,3315.94287109375,162.30432421896543
B13,14,HOECHST,2762.659423828125,142.7689177934011
B13,14,MITO,42646.8515625,4411.395687752136
B13,14,PHAandWGA,13075.576171875,1038.3750724693218
B13,14,SYTO,5977.318359375,487.8225425143062
B13,15,CONC,3326.568359375,150.10217224268447
B13,15,HOECHST,2796.525146484375,130.849768853368
B13,15,MITO,42241.9375,4022.3705503061847
B13,15,PHAandWGA,12719.576171875,943.2465861955386
B13,15,SYTO,5938.5302734375,444.7810777582898
B14,0,CONC,5675.9375,157.37003293872505
B14,0,HOECHST,2146.400634765625,57.675255864450726
B14,0,MITO,63702.8515625,2274.679650862013
B14,0,PHAandWGA,23296.953125,991.761813551076
B14,0,SYTO,11504.505859375,581.6711900796864
B14,1,CONC,6438.8974609375,225.3409652623033
B14,1,HOECHST,2377.02197265625,87.8260435562125
B14,1,MITO,67255.125,2754.5083909125365
B14,1,PHAandWGA,25512.662109375,1298.9273558121724
B14,1,SYTO,14036.0302734375,832.1918918431269
B14,2,CONC,7257.029296875,276.4192035995985
B14,2,HOECHST,2628.06396484375,105.99843608726141
B14,2,MITO,72258.8515625,3243.0971552335177
B14,2,PHAandWGA,28691.85546875,1659.8069060629077
B14,2,SYTO,16577.896484375,997.0469873313178
B14,3,CONC,7803.92626953125,288.9151640891894
B14,3,HOECHST,2901.7822265625,123.21928585315118
B14,3,MITO,77118.890625,3462.9239942075033
B14,3,PHAandWGA,31088.25,1809.7973401746071
B14,3,SYTO,18751.36328125,1062.4222385769112
B14,4,CONC,8290.6748046875,291.3068280589396
B14,4,HOECHST,3132.92626953125,129.92569361695485
B14,4,MITO,81137.5078125,3593.4099389468065
B14,4,PHAandWGA,33116.86328125,1683.6049761426502
B14,4,SYTO,20643.287109375,1062.460918926038
B14,5,CONC,8511.91015625,282.85926826324396
B14,5,HOECHST,3241.93017578125,128.820539810498
B14,5,MITO,83898.84375,3634.0562000272403
B14,5,PHAandWGA,34131.7890625,1622.1482453710605
B14,5,SYTO,21299.65234375,1010.9473379390902
B14,6,CONC,8549.6005859375,261.5005528168359
B14,6,HOECHST,3241.23193359375,118.44553800971002
B14,6,MITO,85840.375,3555.2522401089136
B14,6,PHAandWGA,35254.06640625,1557.9671643191268
B14,6,SYTO,21473.515625,932.6384187121441
B14,7,CONC,8506.0283203125,240.8836918864443
B14,7,HOECHST,3279.307861328125,113.67395448529712
B14,7,MITO,87211.640625,3464.138260152716
B14,7,PHAandWGA,36303.1640625,1483.0645547539261
B14,7,SYTO,21444.41015625,856.5009871407962
B14,8,CONC,8508.3505859375,226.0506124593053
B14,8,HOECHST,3272.4892578125,104.32403681525744
B14,8,MITO,88896.7421875,3408.027430527431
B14,8,PHAandWGA,36415.53125,1416.6866172531832
B14,8,SYTO,21166.169921875,797.072542899256
B14,9,CONC,8457.494140625,213.82166965680338
B14,9,HOECHST,3240.69970703125,97.01890093700918
B14,9,MITO,89105.75,3350.71104970569
B14,9,PHAandWGA,37096.7734375,1362.4019328857396
B14,9,SYTO,20493.173828125,744.7273600808769
B14,10,CONC,8333.232421875,201.13103400741653
B14,10,HOECHST,3264.345703125,92.97368787837664
B14,10,MITO,89574.515625,3246.036722907317
B14,10,PHAandWGA,37062.8671875,1307.201176150665
B14,10,SYTO,20069.11328125,698.8460848324252
B14,11,CONC,8298.4013671875,187.74409961305653
B14,11,HOECHST,3256.91845703125,87.08821373172317
B14,11,MITO,89789.546875,3109.7065049455555
B14,11,PHAandWGA,37076.4453125,1234.6271241387826
B14,11,SYTO,19287.8671875,649.4548380452432
B14,12,CONC,8235.7138671875,176.6658709908664
B14,12,HOECHST,3246.15234375,82.07036734781978
B14,12,MITO,89777.9375,2989.9707247887645
B14,12,PHAandWGA,36421.91015625,1176.3676777075655
B14,12,SYTO,18895.8359375,607.368321679991
B14,13,CONC,8245.220703125,166.76271803633048
B14,13,HOECHST,3257.271484375,78.0065401778714
B14,13,MITO,89652.71875,2880.2200314846013
B14,13,PHAandWGA,36843.296875,1122.1476156801891
B14,13,SYTO,18619.642578125,571.9952045755389
B14,14,CONC,8278.52734375,158.3732841938177
B14,14,HOECHST,3276.89453125,74.51447754844662
B14,14,MITO,90476.5078125,2750.8949656420336
B14,14,PHAandWGA,36521.96484375,1071.2403378970223
B14,14,SYTO,18420.01171875,540.7385339893691
B14,15,CONC,8334.5224609375,150.22182526168598
B14,15,HOECHST,3324.436279296875,71.39629600049771
B14,15,MITO,89887.1640625,2603.8193512917246
B14,15,PHAandWGA,36890.04296875,1015.1903787138173
B14,15,SYTO,18305.775390625,506.9683757413468
B15,0,CONC,4416.3955078125,45.57596441406944
B15,0,HOECHST,3027.887451171875,38.447069849040496
B15,0,MITO,53804.703125,923.8446458566239
B15,0,PHAandWGA,18427.43359375,364.5875462480807
B15,0,SYTO,10640.328125,237.0953173537867
B15,1,CONC,4629.40087890625,52.877768774227
B15,1,HOECHST,3151.299072265625,43.92449353084366
B15,1,MITO,54864.05859375,1022.8490755083545
B15,1,PHAandWGA,19661.275390625,411.6395272439979
B15,1,SYTO,11272.357421875,270.00701192031784
B15,2,CONC,4924.23828125,65.2149944105934
B15,2,HOECHST,3352.130615234375,54.17993459704803
B15,2,MITO,57124.1328125,1174.8468372795783
B15,2,PHAandWGA,21269.40234375,486.96045334464816
B15,2,SYTO,12435.0009765625,327.8446896478361
B15,3,CONC,5158.9912109375,73.4318271961798
B15,3,HOECHST,3546.922119140625,61.199644451527504
B15,3,MITO,59253.4375,1275.0557004962138
B15,3,PHAandWGA,22859.08203125,540.7194868119265
B15,3,SYTO,13541.3583984375,367.03591074137876
B15,4,CONC,5389.3994140625,78.0014368503017
B15,4,HOECHST,3730.246337890625,66.26790982738798
B15,4,MITO,61524.7265625,1348.0609886197708
B15,4,PHAandWGA,24130.169921875,575.4762622040295
B15,4,SYTO,14362.6884765625,387.2927747442148
B15,5,CONC,5589.99462890625,78.61524659496465
B15,5,HOECHST,3837.4453125,67.77200685542248
B15,5,MITO,63130.94921875,1380.3215062531815
B15,5,PHAandWGA,25497.330078125,591.8979272203876
B15,5,SYTO,14785.095703125,387.54143534828853
B15,6,CONC,5714.1181640625,78.48203342093086
B15,6,HOECHST,3945.751953125,67.89759927538002
B15,6,MITO,64520.875,1411.2360467013434
B15,6,PHAandWGA,26715.88671875,598.0378205306448
B15,6,SYTO,14944.3876953125,382.8740076397387
B15,7,CONC,5894.681640625,78.63038195525316
B15,7,HOECHST,4069.20556640625,68.88489056615288
B15,7,MITO,65499.26953125,1432.453892460628
B15,7,PHAandWGA,27874.287109375,603.3634331904625
B15,7,SYTO,15278.78515625,379.05186861471367
B15,8,CONC,6042.85986328125,78.24127770454875
B15,8,HOECHST,4170.73681640625,68.6939355410687
B15,8,MITO,67208.625,1441.5856179253565
B15,8,PHAandWGA,29018.27734375,601.6866466300576
B15,8,SYTO,15638.1884765625,373.3939737242086
B15,9,CONC,6168.40625,78.11942162348625
B15,9,HOECHST,4333.02734375,69.46903669815052
B15,9,MITO,69322.6328125,1442.8708792738782
B15,9,PHAandWGA,30587.74609375,599.7621658304334
B15,9,SYTO,15945.2890625,368.51327472380024
B15,10,CONC,6326.2314453125,77.99111278228465
B15,10,HOECHST,4430.5048828125,69.38942917789093
B15,10,MITO,70666.3203125,1443.3495966455134
B15,10,PHAandWGA,31329.90625,597.879352339095
B15,10,SYTO,16197.23046875,364.616991981718
B15,11,CONC,6425.54736328125,77.63889180674654
B15,11,HOECHST,4546.2958984375,69.4244264916527
B15,11,MITO,70902.59375,1437.6185969131006
B15,11,PHAandWGA,32280.169921875,594.7773820351838
B15,11,SYTO,16496.81640625,360.7553165735887
B15,12,CONC,6567.9169921875,77.35497139600012
B15,12,HOECHST,4635.0234375,69.3767148745782
B15,12,MITO,72570.75,1429.315300565667
B15,12,PHAandWGA,33228.09375,592.1893613408092
B15,12,SYTO,16883.55078125,356.6595017021302
B15,13,CONC,6672.31005859375,76.84065287826344
B15,13,HOECHST,4711.685546875,69.20607031429188
B15,13,MITO,74492.578125,1418.580423881598
B15,13,PHAandWGA,33927.0546875,588.724552743206
B15,13,SYTO,17102.515625,352.2707874334951
B15,14,CONC,6758.48046875,76.28042042337985
B15,14,HOECHST,4800.1240234375,68.91223024878117
B15,14,MITO,74198.390625,1397.0826773847725
B15,14,PHAandWGA,33779.8671875,583.0250026800925
B15,14,SYTO,17450.462890625,347.9619002913551
B15,15,CONC,6856.845703125,75.6705897782561
B15,15,HOECHST,4877.591796875,68.65294169453885
B15,15,MITO,75200.09375,1373.0622784679883
B15,15,PHAandWGA,34372.9609375,578.2882139772615
B15,15,SYTO,17683.3828125,340.9247547657889
B16,0,CONC,3368.743896484375,151.7880065574987
B16,0,HOECHST,2365.80859375,123.47756393187993
B16,0,MITO,46928.2265625,3985.913953668838
B16,0,PHAandWGA,14717.7421875,1160.8935718628989
B16,0,SYTO,8078.78125,665.4971446213056
B16,1,CONC,3854.93115234375,212.19254230131008
B16,1,HOECHST,2716.98828125,181.58346190141026
B16,1,MITO,51088.03125,4816.705180854294
B16,1,PHAandWGA,16779.556640625,1486.4423236255755
B16,1,SYTO,10429.072265625,914.2988147165593
B16,2,CONC,4182.767578125,237.30859599212593
B16,2,HOECHST,2995.88330078125,213.76684340771826
B16,2,MITO,55138.1328125,5226.849063946121
B16,2,PHAandWGA,18537.94140625,1687.2641029323229
B16,2,SYTO,12322.939453125,1035.440268845506
B16,3,CONC,4445.4814453125,246.94908306943327
B16,3,HOECHST,3224.6708984375,228.44718996410606
B16,3,MITO,57320.59765625,5405.388307463334
B16,3,PHAandWGA,20113.6640625,1792.650109101153
B16,3,SYTO,13648.70703125,1078.287331787044
B16,4,CONC,4551.7626953125,249.03404506187752
B16,4,HOECHST,3370.22509765625,230.71803771076145
B16,4,MITO,59484.6015625,5528.102989699434
B16,4,PHAandWGA,21231.724609375,1854.2328953800707
B16,4,SYTO,14493.2216796875,1067.619199924402
B16,5,CONC,4663.14111328125,247.38686952432647
B16,5,HOECHST,3465.1845703125,228.32689463065665
B16,5,MITO,60462.48046875,5522.402108845362
B16,5,PHAandWGA,22377.71875,1866.1188671130153
B16,5,SYTO,14795.390625,1040.801501898065
B16,6,CONC,4737.2841796875,243.93736507262005
B16,6,HOECHST,3497.46923828125,220.11514263636423
B16,6,MITO,61647.2734375,5505.0130006367735
B16,6,PHAandWGA,23387.42578125,1850.2977203490295
B16,6,SYTO,15039.341796875,1001.8723459412772
B16,7,CONC,4791.388671875,239.39300147590401
B16,7,HOECHST,3544.91943359375,211.9538536741386
B16,7,MITO,62661.1015625,5466.042001140118
B16,7,PHAandWGA,23930.8828125,1850.0582968986268
B16,7,SYTO,14756.00390625,961.514677398051
B16,8,CONC,4821.9111328125,231.93211359988024
B16,8,HOECHST,3556.116943359375,203.06782214481495
B16,8,MITO,63932.26171875,5430.47824028656
B16,8,PHAandWGA,24601.525390625,1806.2070329377223
B16,8,SYTO,14476.7421875,921.3239682045174
B16,9,CONC,4791.8515625,223.09666905480933
B16,9,HOECHST,3580.72705078125,194.4338303962381
B16,9,MITO,64807.640625,5333.216682110669
B16,9,PHAandWGA,24669.56640625,1726.596719159197
B16,9,SYTO,13626.390625,864.860150753296
B16,10,CONC,4761.50732421875,213.8728626006903
B16,10,HOECHST,3547.404296875,183.94605056548014
B16,10,MITO,64674.671875,5222.057450042254
B16,10,PHAandWGA,24339.078125,1668.4571826773038
B16,10,SYTO,13004.6259765625,821.8851645363997
B16,11,CONC,4747.6337890625,204.63192081508564
B16,11,HOECHST,3514.31103515625,173.3855365849263
B16,11,MITO,64998.71875,5112.648851911475
B16,11,PHAandWGA,24440.44921875,1629.2689155917924
B16,11,SYTO,12479.47265625,779.9329985416447
B16,12,CONC,4750.41796875,194.67669776344087
B16,12,HOECHST,3473.02880859375,162.87752743175835
B16,12,MITO,65291.4296875,4967.311442050935
B16,12,PHAandWGA,24204.359375,1573.695617363882
B16,12,SYTO,11808.86328125,735.6508714182256
B16,13,CONC,4708.51513671875,184.02454565706958
B16,13,HOECHST,3483.01123046875,151.7130805973013
B16,13,MITO,65651.25,4800.368237430477
B16,13,PHAandWGA,24025.7265625,1497.4597104499878
B16,13,SYTO,11369.3671875,687.9917235868614
B16,14,CONC,4740.61572265625,173.1347748036553
B16,14,HOECHST,3500.31591796875,141.2522782349683
B16,14,MITO,66115.7734375,4568.441466243053
B16,14,PHAandWGA,23612.0859375,1398.5130661725896
B16,14,SYTO,10978.205078125,633.8994069413399
B16,15,CONC,4729.80712890625,162.7509183141715
B16,15,HOECHST,3506.05126953125,131.05262747140245
B16,15,MITO,66245.03125,4317.603992299575
B16,15,PHAandWGA,23417.70703125,1305.9925428607328
B16,15,SYTO,10806.8583984375,587.6977411219632
B18,0,CONC,3885.501708984375,121.67854217852134
B18,0,HOECHST,2453.127197265625,74.13482284204218
B18,0,MITO,52901.15234375,2963.0987630520435
B18,0,PHAandWGA,14546.2314453125,747.4562821204187
B18,0,SYTO,6925.1259765625,370.7046084169616
B18,1,CONC,4169.298828125,151.03417085879641
B18,1,HOECHST,2638.6337890625,93.6569447495688
B18,1,MITO,55529.796875,3447.1668488738605
B18,1,PHAandWGA,15987.001953125,914.9515176476583
B18,1,SYTO,7677.45556640625,458.19612909376116
B18,2,CONC,4449.3671875,170.56092335995805
B18,2,HOECHST,2798.182373046875,106.89821770197338
B18,2,MITO,58364.359375,3721.8006290943367
B18,2,PHAandWGA,17593.919921875,1031.2389287522717
B18,2,SYTO,8400.693359375,514.0083646481784
B18,3,CONC,4680.26513671875,183.0958930313288
B18,3,HOECHST,2972.74267578125,120.128458804435
B18,3,MITO,60950.83203125,3937.226441455766
B18,3,PHAandWGA,18874.58203125,1092.096167537722
B18,3,SYTO,8980.0185546875,556.2130851109999
B18,4,CONC,4872.24658203125,190.27991930436278
B18,4,HOECHST,3118.575927734375,127.24979315507534
B18,4,MITO,62086.609375,4053.6284065824684
B18,4,PHAandWGA,19720.7109375,1135.0328875198707
B18,4,SYTO,9369.91796875,575.7825832991707
B18,5,CONC,5026.20361328125,194.3122501559435
B18,5,HOECHST,3226.1669921875,131.66604200686018
B18,5,MITO,64058.3046875,4108.956723519005
B18,5,PHAandWGA,20903.78125,1161.2350210740776
B18,5,SYTO,9771.744140625,584.736139280995
B18,6,CONC,5153.82470703125,196.9520039903597
B18,6,HOECHST,3329.79296875,134.03576283196819
B18,6,MITO,65961.8125,4135.324378753401
B18,6,PHAandWGA,21588.09765625,1185.5959368429546
B18,6,SYTO,10011.556640625,588.531193116119
B18,7,CONC,5240.6572265625,199.18687223645156
B18,7,HOECHST,3438.048828125,135.23140661114212
B18,7,MITO,67120.5,4162.8072583727135
B18,7,PHAandWGA,22212.38671875,1198.1969712049524
B18,7,SYTO,10195.716796875,586.622641413675
B18,8,CONC,5360.04931640625,199.3115122672053
B18,8,HOECHST,3504.044921875,135.76215610507964
B18,8,MITO,68493.25,4141.617460387575
B18,8,PHAandWGA,22659.63671875,1193.9978128365744
B18,8,SYTO,10311.3857421875,582.2242991031015
B18,9,CONC,5452.7353515625,197.8316492648002
B18,9,HOECHST,3589.9208984375,133.4144854629808
B18,9,MITO,69748.5,4113.656262787472
B18,9,PHAandWGA,23354.724609375,1183.0163825900902
B18,9,SYTO,10459.146484375,571.6173807350267
B18,10,CONC,5560.10595703125,195.55040520667563
B18,10,HOECHST,3641.830078125,129.93730296156735
B18,10,MITO,70781.8046875,4069.1131435148372
B18,10,PHAandWGA,23453.9765625,1166.1912290369703
B18,10,SYTO,10505.251953125,557.393004873204
B18,11,CONC,5658.4111328125,191.94946377125515
B18,11,HOECHST,3707.734375,126.65759090173151
B18,11,MITO,71782.53125,4001.1181556283254
B18,11,PHAandWGA,23782.458984375,1140.3493090125544
B18,11,SYTO,10651.28515625,542.105219944061
B18,12,CONC,5693.3125,187.72857681621036
B18,12,HOECHST,3730.896728515625,122.58385683741915
B18,12,MITO,72840.09375,3922.5767219341324
B18,12,PHAandWGA,24371.525390625,1117.1189658453557
B18,12,SYTO,10644.6533203125,526.3034347041549
B18,13,CONC,5779.86376953125,183.15937125492474
B18,13,HOECHST,3791.104736328125,118.63593768897853
B18,13,MITO,73882.1484375,3816.418856250503
B18,13,PHAandWGA,24279.173828125,1089.8124400883187
B18,13,SYTO,10772.7978515625,508.62238668857015
B18,14,CONC,5862.18408203125,177.63958546623354
B18,14,HOECHST,3831.2197265625,114.19568495929532
B18,14,MITO,74516.25,3694.224259420401
B18,14,PHAandWGA,24608.712890625,1055.7212791812715
B18,14,SYTO,10946.873046875,488.66969239688683
B18,15,CONC,5945.7958984375,171.8028659440128
B18,15,HOECHST,3901.1181640625,109.74544315284405
B18,15,MITO,75975.9765625,3549.2839317934076
B18,15,PHAandWGA,24831.03125,1015.3007939786844
B18,15,SYTO,11065.3662109375,467.7054062977692
B19,0,CONC,6124.51513671875,145.72454682438664
B19,0,HOECHST,4156.81640625,125.13722962597608
B19,0,MITO,74792.6875,2861.7684579828424
B19,0,PHAandWGA,28925.96484375,1046.3784625960466
B19,0,SYTO,16746.4921875,680.0463179312403
B19,1,CONC,6747.0439453125,188.1471559900571
B19,1,HOECHST,4574.6533203125,168.14112904033706
B19,1,MITO,78862.40625,3320.7696298481383
B19,1,PHAandWGA,30631.2890625,1284.195443623379
B19,1,SYTO,19096.416015625,874.8470738255667
B19,2,CONC,7329.80908203125,210.10108285543433
B19,2,HOECHST,4967.1025390625,193.41281970352586
B19,2,MITO,84513.625,3593.9787993873933
B19,2,PHAandWGA,33346.078125,1463.2830289363128
B19,2,SYTO,21908.015625,992.5241155154545
B19,3,CONC,7849.81591796875,222.23193623751536
B19,3,HOECHST,5383.21484375,211.29340986152016
B19,3,MITO,88684.1953125,3694.3750921922565
B19,3,PHAandWGA,35195.2578125,1567.103567006067
B19,3,SYTO,23908.419921875,1046.0013872732293
B19,4,CONC,8261.4765625,226.98287860266248
B19,4,HOECHST,5624.32177734375,215.4074509431416
B19,4,MITO,92050.3984375,3761.9665712641113
B19,4,PHAandWGA,37679.0625,1653.0107202366257
B19,4,SYTO,26132.861328125,1054.6431663379026
B19,5,CONC,8500.6611328125,225.3786490616458
B19,5,HOECHST,5827.3408203125,212.51060649248043
B19,5,MITO,93945.265625,3739.7782807413087
B19,5,PHAandWGA,39726.71484375,1700.538689514346
B19,5,SYTO,27427.234375,1040.2825625621813
B19,6,CONC,8699.3525390625,219.40030236397087
B19,6,HOECHST,5981.0947265625,208.04734125549513
B19,6,MITO,97653.296875,3703.088247020783
B19,6,PHAandWGA,41768.3046875,1660.9565466861486
B19,6,SYTO,28586.43359375,1006.2195699892768
B19,7,CONC,8839.416015625,211.00394965251994
B19,7,HOECHST,6148.92529296875,201.7145072517576
B19,7,MITO,99389.484375,3599.527953957664
B19,7,PHAandWGA,42421.23828125,1576.9864727935883
B19,7,SYTO,30173.55078125,959.7260194245306
B19,8,CONC,9012.21484375,204.12335826702278
B19,8,HOECHST,6308.27880859375,195.77939504763611
B19,8,MITO,102569.78125,3496.0316102050665
B19,8,PHAandWGA,44056.24609375,1511.8732780466676
B19,8,SYTO,31016.611328125,913.9816354742758
B19,9,CONC,9159.59765625,196.46834928226923
B19,9,HOECHST,6458.92041015625,187.49355081158006
B19,9,MITO,104046.890625,3386.6278291312356
B19,9,PHAandWGA,45298.41015625,1451.6559825353577
B19,9,SYTO,32299.087890625,867.6528667601659
B19,10,CONC,9201.3037109375,188.47104004030106
B19,10,HOECHST,6575.6318359375,180.4510941926294
B19,10,MITO,106252.53125,3282.2491730067727
B19,10,PHAandWGA,46076.5625,1397.9940734057482
B19,10,SYTO,32866.5703125,825.9559361057123
B19,11,CONC,9271.623046875,181.41455470758143
B19,11,HOECHST,6650.89501953125,173.77467614931595
B19,11,MITO,106270.0,3189.9243086605356
B19,11,PHAandWGA,46761.69921875,1349.6989136478812
B19,11,SYTO,33180.0078125,789.8318126632364
B19,12,CONC,9293.220703125,175.01908666746206
B19,12,HOECHST,6695.34765625,167.92802538370174
B19,12,MITO,107773.6875,3104.686312669451
B19,12,PHAandWGA,46959.625,1311.9943724765635
B19,12,SYTO,33206.765625,761.3949214105407
B19,13,CONC,9394.94140625,169.76599978648701
B19,13,HOECHST,6776.265625,161.4512310935609
B19,13,MITO,108566.359375,3017.252603707349
B19,13,PHAandWGA,47107.296875,1278.0804105041918
B19,13,SYTO,32702.458984375,732.3245239096789
B19,14,CONC,9397.8046875,164.0227650529449
B19,14,HOECHST,6765.5146484375,155.19897351509593
B19,14,MITO,109062.2890625,2924.7723426430407
B19,14,PHAandWGA,47543.8046875,1243.8996914805648
B19,14,SYTO,33074.359375,703.3069574133389
B19,15,CONC,9461.8515625,158.21728368957312
B19,15,HOECHST,6848.04296875,148.87782419434546
B19,15,MITO,109149.484375,2827.327765832984
B19,15,PHAandWGA,48138.4921875,1203.5854822414988
B19,15,SYTO,32947.16796875,671.696887200377
B20,0,CONC,4173.55126953125,105.60044055714184
B20,0,HOECHST,2613.442626953125,70.382495622262
B20,0,MITO,51420.21484375,2299.0435122576805
B20,0,PHAandWGA,19239.9453125,759.1035662484998
B20,0,SYTO,8954.4345703125,408.5250696159989
B20,1,CONC,4670.728515625,165.0459460592549
B20,1,HOECHST,2839.6640625,98.32744612298963
B20,1,MITO,54257.01953125,2955.5623382712115
B20,1,PHAandWGA,20267.373046875,958.7141146522896
B20,1,SYTO,10755.943359375,573.7005535949161
B20,2,CONC,5122.5888671875,203.58963126114668
B20,2,HOECHST,3139.44580078125,139.57350027109385
B20,2,MITO,57799.1484375,3552.5908108678923
B20,2,PHAandWGA,22480.40625,1239.0253973308331
B20,2,SYTO,12834.1376953125,780.9065381024412
B20,3,CONC,5550.1357421875,226.55387094030138
B20,3,HOECHST,3481.03662109375,172.00960353402618
B20,3,MITO,62107.44921875,3955.70920962299
B20,3,PHAandWGA,24452.77734375,1481.8276715420486
B20,3,SYTO,15024.2060546875,934.4741318781153
B20,4,CONC,5961.31689453125,241.8540560940845
B20,4,HOECHST,3768.21435546875,194.0246511923136
B20,4,MITO,66476.765625,4186.355875005621
B20,4,PHAandWGA,26587.458984375,1605.4185139685128
B20,4,SYTO,16622.35546875,1006.318593737534
B20,5,CONC,6275.880859375,249.1225639215208
B20,5,HOECHST,3996.77783203125,203.59614603600505
B20,5,MITO,68945.96875,4275.02401402972
B20,5,PHAandWGA,28336.984375,1685.6076827487193
B20,5,SYTO,18647.865234375,1038.1963807025713
B20,6,CONC,6527.66796875,251.25665640282287
B20,6,HOECHST,4179.3095703125,205.15766535754358
B20,6,MITO,70873.109375,4324.1897407892175
B20,6,PHAandWGA,30242.08203125,1730.7024780654676
B20,6,SYTO,20063.96484375,1036.108973617514
B20,7,CONC,6671.654296875,249.59318619422763
B20,7,HOECHST,4353.5185546875,203.3572599719614
B20,7,MITO,72258.0234375,4307.448923541249
B20,7,PHAandWGA,31655.28515625,1732.9639503764683
B20,7,SYTO,21477.5859375,1015.619587016014
B20,8,CONC,6836.23681640625,244.78105563632818
B20,8,HOECHST,4449.02587890625,198.04018501989657
B20,8,MITO,74534.8203125,4264.714383537395
B20,8,PHAandWGA,32275.57421875,1705.1491967426755
B20,8,SYTO,22348.71875,977.9777067583062
B20,9,CONC,6852.4208984375,236.6724721333938
B20,9,HOECHST,4495.380859375,191.18729761601153
B20,9,MITO,75259.453125,4201.770566922849
B20,9,PHAandWGA,33421.2109375,1661.1678593446034
B20,9,SYTO,22833.2109375,935.8255395620441
B20,10,CONC,6910.6796875,228.91383983386154
B20,10,HOECHST,4522.32177734375,183.55821441635436
B20,10,MITO,76518.1171875,4163.191440269708
B20,10,PHAandWGA,33872.31640625,1616.0011764856417
B20,10,SYTO,22769.068359375,896.3669931975307
B20,11,CONC,6922.7080078125,221.27688086443038
B20,11,HOECHST,4552.2138671875,176.4104740671223
B20,11,MITO,77248.4140625,4095.853720896353
B20,11,PHAandWGA,34489.265625,1564.0957432245038
B20,11,SYTO,22565.6796875,856.8584597904438
B20,12,CONC,6942.771484375,214.1283139543796
B20,12,HOECHST,4590.10498046875,170.30019430765302
B20,12,MITO,78310.6640625,4017.9480929632896
B20,12,PHAandWGA,34743.5625,1518.9778274187668
B20,12,SYTO,22201.2890625,822.4911370855827
B20,13,CONC,6982.37109375,206.3720126538494
B20,13,HOECHST,4607.1669921875,163.5120029586045
B20,13,MITO,79996.4140625,3948.0329086340175
B20,13,PHAandWGA,34530.4296875,1475.6308295078916
B20,13,SYTO,21507.923828125,783.9422371284974
B20,14,CONC,6984.119140625,198.09465936896706
B20,14,HOECHST,4611.4267578125,156.5841639486027
B20,14,MITO,80001.25,3848.6349815175754
B20,14,PHAandWGA,34613.3203125,1426.7822003380716
B20,14,SYTO,21036.291015625,745.21747590971
B20,15,CONC,7008.3671875,190.36065923389023
B20,15,HOECHST,4673.74560546875,149.72687617887584
B20,15,MITO,81542.75,3741.871246278448
B20,15,PHAandWGA,34730.55078125,1377.8582218716988
B20,15,SYTO,20528.3359375,708.1584787832843
B21,0,CONC,1493.0084228515625,66.39624858687175
B21,0,HOECHST,1431.55859375,74.8014882982711
B21,0,MITO,18926.91796875,2587.465679753134
B21,0,PHAandWGA,4659.45166015625,506.3585834084251
B21,0,SYTO,2693.63525390625,274.0815986278617
B21,1,CONC,1553.1885986328125,75.833644385443
B21,1,HOECHST,1505.097412109375,86.13796457060597
B21,1,MITO,19164.873046875,2752.443016887957
B21,1,PHAandWGA,4974.8505859375,564.8768922048056
B21,1,SYTO,2815.84033203125,308.2429392203465
B21,2,CONC,1621.334228515625,84.98499049718718
B21,2,HOECHST,1567.200927734375,97.2797522603438
B21,2,MITO,19664.08203125,2977.0814799896466
B21,2,PHAandWGA,5367.1640625,628.3624733458889
B21,2,SYTO,2955.18701171875,342.13659779382976
B21,3,CONC,1691.761474609375,92.81358993868538
B21,3,HOECHST,1630.8582763671875,106.82870506811236
B21,3,MITO,20464.73828125,3139.950988388535
B21,3,PHAandWGA,5783.4111328125,680.508472348423
B21,3,SYTO,3106.675537109375,369.01988943108626
B21,4,CONC,1744.2978515625,98.70668047679558
B21,4,HOECHST,1681.5408935546875,113.68514074328142
B21,4,MITO,21130.349609375,3261.28666645878
B21,4,PHAandWGA,6125.2373046875,723.7518425609429
B21,4,SYTO,3234.504638671875,386.7432434765136
B21,5,CONC,1799.93115234375,102.9213243966017
B21,5,HOECHST,1748.634521484375,118.12581805688288
B21,5,MITO,21692.9140625,3334.904729311007
B21,5,PHAandWGA,6326.5498046875,748.4440599474827
B21,5,SYTO,3333.81396484375,398.4861501596948
B21,6,CONC,1845.588134765625,105.44220817186284
B21,6,HOECHST,1789.654541015625,120.74666604725756
B21,6,MITO,21956.990234375,3357.074407708238
B21,6,PHAandWGA,6536.330078125,758.644013601549
B21,6,SYTO,3411.614990234375,404.90418583244593
B21,7,CONC,1874.586181640625,106.77450317885112
B21,7,HOECHST,1816.5191650390625,122.06642554964539
B21,7,MITO,22722.65625,3381.6296996394512
B21,7,PHAandWGA,6686.654296875,761.7825045000974
B21,7,SYTO,3481.929443359375,404.3247081991794
B21,8,CONC,1933.921142578125,107.36538089837676
B21,8,HOECHST,1859.046142578125,121.83832998766138
B21,8,MITO,22952.94140625,3363.908868647784
B21,8,PHAandWGA,6817.4140625,760.444439360553
B21,8,SYTO,3543.65283203125,401.9942838302369
B21,9,CONC,1957.1383056640625,106.55423113318999
B21,9,HOECHST,1889.7784423828125,120.13921923317788
B21,9,MITO,23338.55078125,3324.5397661310835
B21,9,PHAandWGA,6895.0498046875,750.2400097210475
B21,9,SYTO,3605.75146484375,395.2366842391288
B21,10,CONC,1997.7974853515625,105.33160026267464
B21,10,HOECHST,1923.610107421875,117.45538728171837
B21,10,MITO,23820.40234375,3250.2944701621013
B21,10,PHAandWGA,6949.40625,737.1901621895961
B21,10,SYTO,3663.14306640625,384.30224732438336
B21,11,CONC,2027.3076171875,102.68663963387951
B21,11,HOECHST,1947.7642822265625,113.49190355358786
B21,11,MITO,23861.8046875,3136.077095799376
B21,11,PHAandWGA,6963.75,714.0942752626448
B21,11,SYTO,3704.517578125,370.9297361073082
B21,12,CONC,2055.054931640625,99.7997513536461
B21,12,HOECHST,1975.9527587890625,109.38734950024904
B21,12,MITO,24379.9921875,3036.534891943514
B21,12,PHAandWGA,6967.41650390625,684.9450189280129
B21,12,SYTO,3747.34521484375,354.3008176563081
B21,13,CONC,2078.904541015625,95.99786975119461
B21,13,HOECHST,2001.696533203125,104.35937191325706
B21,13,MITO,24809.6875,2897.7717648405664
B21,13,PHAandWGA,6897.8388671875,648.8237105947195
B21,13,SYTO,3783.1513671875,336.6423123870372
B21,14,CONC,2119.0146484375,91.80227511367924
B21,14,HOECHST,2043.808837890625,99.04012305995087
B21,14,MITO,25137.375,2739.4762137486905
B21,14,PHAandWGA,6794.8916015625,611.5135353135983
B21,14,SYTO,3789.4140625,317.2437205619568
B21,15,CONC,2148.89208984375,87.38211284760892
B21,15,HOECHST,2079.03662109375,93.6816868338816
B21,15,MITO,25413.98046875,2575.9220098979845
B21,15,PHAandWGA,6695.265625,568.5278295428005
B21,15,SYTO,3887.61572265625,297.1474558235123
B22,0,CONC,2247.998046875,113.3967484876483
B22,0,HOECHST,1943.5411376953125,113.35661287295635
B22,0,MITO,31345.08984375,3862.0109387902926
B22,0,PHAandWGA,8448.17578125,765.0184244825986
B22,0,SYTO,4183.8486328125,413.7462452709829
B22,1,CONC,2365.611083984375,131.52642130252653
B22,1,HOECHST,2102.1513671875,139.80975718448178
B22,1,MITO,32855.2109375,4259.839008190182
B22,1,PHAandWGA,9388.9365234375,888.4199329642549
B22,1,SYTO,4563.5791015625,487.458454103286
B22,2,CONC,2497.15673828125,145.17723026486308
B22,2,HOECHST,2221.757080078125,157.94842960635427
B22,2,MITO,34080.48828125,4534.663145092776
B22,2,PHAandWGA,10248.8662109375,979.9735405633734
B22,2,SYTO,4891.966796875,536.7393108031162
B22,3,CONC,2599.2626953125,154.62646285725498
B22,3,HOECHST,2327.358642578125,168.27203311874794
B22,3,MITO,35190.36328125,4681.63924996277
B22,3,PHAandWGA,10850.986328125,1050.3980802243639
B22,3,SYTO,5125.044921875,565.9655439347212
B22,4,CONC,2699.448974609375,161.12872863543834
B22,4,HOECHST,2404.8916015625,174.71827288290964
B22,4,MITO,36148.92578125,4771.726864338044
B22,4,PHAandWGA,11487.97265625,1112.0401941469768
B22,4,SYTO,5297.4384765625,584.0717592556701
B22,5,CONC,2754.70361328125,166.04123254752687
B22,5,HOECHST,2457.675537109375,178.86446268796612
B22,5,MITO,36886.8828125,4829.15213738393
B22,5,PHAandWGA,11967.365234375,1162.839584723317
B22,5,SYTO,5447.5556640625,596.327515972659
B22,6,CONC,2846.0009765625,169.9929234241542
B22,6,HOECHST,2520.83447265625,180.0648449844554
B22,6,MITO,37790.796875,4880.949422810157
B22,6,PHAandWGA,12299.8310546875,1208.405612126906
B22,6,SYTO,5629.80078125,603.8757463514355
B22,7,CONC,2899.27294921875,171.09684320463955
B22,7,HOECHST,2578.29248046875,180.1179487683855
B22,7,MITO,38547.7890625,4859.77811824033
B22,7,PHAandWGA,12720.20703125,1213.9953241388064
B22,7,SYTO,5732.40234375,602.2628459681034
B22,8,CONC,2949.8056640625,170.35638603901924
B22,8,HOECHST,2618.821044921875,178.07943233784306
B22,8,MITO,39071.609375,4787.768417100268
B22,8,PHAandWGA,12838.4541015625,1183.961796609037
B22,8,SYTO,5790.3603515625,590.9531264991007
B22,9,CONC,2968.2177734375,167.19322387879623
B22,9,HOECHST,2654.179443359375,172.59804213293697
B22,9,MITO,39323.98046875,4686.264547501019
B22,9,PHAandWGA,12688.3359375,1147.7847755233356
B22,9,SYTO,5814.1728515625,573.054317352463
B22,10,CONC,2999.5380859375,162.9011457710439
B22,10,HOECHST,2659.98388671875,165.93569270551515
B22,10,MITO,39512.6015625,4550.035108899251
B22,10,PHAandWGA,12665.263671875,1116.7238687051965
B22,10,SYTO,5754.9775390625,553.4203235297402
B22,11,CONC,3022.52490234375,157.41631778454266
B22,11,HOECHST,2666.52587890625,158.5823457825808
B22,11,MITO,39789.58984375,4380.958852383346
B22,11,PHAandWGA,12666.123046875,1073.3786417599636
B22,11,SYTO,5782.84765625,530.2739376775746
B22,12,CONC,3057.5478515625,151.31442955501106
B22,12,HOECHST,2692.504150390625,151.2592303161685
B22,12,MITO,40436.42578125,4192.733682656945
B22,12,PHAandWGA,12607.7958984375,1026.2185260361593
B22,12,SYTO,5837.63720703125,504.27379132390206
B22,13,CONC,3076.34912109375,144.37211380789026
B22,13,HOECHST,2719.7822265625,143.3266253679349
B22,13,MITO,41050.25,3981.191129856209
B22,13,PHAandWGA,12307.337890625,972.0303303438233
B22,13,SYTO,5871.255859375,476.2331966300557
B22,14,CONC,3111.072265625,137.03214427803644
B22,14,HOECHST,2771.02685546875,134.5770855517326
B22,14,MITO,41122.93359375,3746.7582348212795
B22,14,PHAandWGA,12354.1494140625,915.416313248524
B22,14,SYTO,5912.5322265625,446.1686667522157
B22,15,CONC,3133.248779296875,129.92139471361824
B22,15,HOECHST,2799.765625,125.98927307294386
B22,15,MITO,41827.90625,3491.4977388184993
B22,15,PHAandWGA,12165.9365234375,855.3457830012975
B22,15,SYTO,5943.544921875,415.92407486242615
B23,0,CONC,2347.232177734375,118.35639210907073
B23,0,HOECHST,2039.858154296875,115.51582215128441
B23,0,MITO,29406.046875,3308.314004927347
B23,0,PHAandWGA,8088.7060546875,763.2174558248662
B23,0,SYTO,4366.9453125,421.4794839209447
B23,1,CONC,2663.852783203125,165.5953547374348
B23,1,HOECHST,2361.01123046875,173.44394973653976
B23,1,MITO,32190.072265625,4075.480766647372
B23,1,PHAandWGA,9588.537109375,1016.5031299990324
B23,1,SYTO,5452.33642578125,590.1662455071084
B23,2,CONC,2940.57275390625,200.64400241827997
B23,2,HOECHST,2632.70361328125,222.38865613611682
B23,2,MITO,35192.45703125,4553.209304148718
B23,2,PHAandWGA,10969.9208984375,1206.051467055565
B23,2,SYTO,6613.53369140625,722.2501183356092
B23,3,CONC,3167.889892578125,223.07548289211707
B23,3,HOECHST,2905.14306640625,251.85878154047478
B23,3,MITO,37028.6953125,4780.482634545191
B23,3,PHAandWGA,12235.04296875,1331.9776191243905
B23,3,SYTO,7482.1474609375,796.8106514889655
B23,4,CONC,3305.208251953125,232.3571431064409
B23,4,HOECHST,3008.40869140625,259.9992392144446
B23,4,MITO,38086.515625,4877.213867238611
B23,4,PHAandWGA,13165.7587890625,1380.0660690974673
B23,4,SYTO,7696.39599609375,811.7572915960063
B23,5,CONC,3366.441650390625,232.45746593138404
B23,5,HOECHST,3096.30615234375,259.28724427201786
B23,5,MITO,38883.4375,4855.452297670071
B23,5,PHAandWGA,13872.14453125,1400.9208934686737
B23,5,SYTO,7718.26953125,805.4927963222955
B23,6,CONC,3399.4140625,228.31252385968756
B23,6,HOECHST,3087.3603515625,252.4885120182054
B23,6,MITO,39781.13671875,4881.239162968423
B23,6,PHAandWGA,14187.8359375,1400.0060202793543
B23,6,SYTO,7577.37158203125,789.2566877186249
B23,7,CONC,3363.57177734375,222.50980226020005
B23,7,HOECHST,3069.23583984375,241.60450405330786
B23,7,MITO,39469.33984375,4847.640748893799
B23,7,PHAandWGA,14270.890625,1384.4881504991029
B23,7,SYTO,7273.98828125,762.2064283185367
B23,8,CONC,3359.390625,215.63252798859972
B23,8,HOECHST,3020.234619140625,229.62934895963775
B23,8,MITO,39198.3671875,4760.726495946819
B23,8,PHAandWGA,14223.595703125,1345.360170504798
B23,8,SYTO,7052.66015625,732.6062112329165
B23,9,CONC,3354.93798828125,207.24416946339707
B23,9,HOECHST,2964.40087890625,217.52945982514655
B23,9,MITO,39911.3984375,4664.790578276999
B23,9,PHAandWGA,14154.509765625,1273.8142503713952
B23,9,SYTO,6787.90673828125,693.8340601170542
B23,10,CONC,3344.58447265625,198.02348383892405
B23,10,HOECHST,2973.392578125,204.63960432441007
B23,10,MITO,39371.5625,4511.216584197034
B23,10,PHAandWGA,13776.84765625,1206.6081765261717
B23,10,SYTO,6587.63671875,657.7617164689524
B23,11,CONC,3316.59765625,187.94883579747082
B23,11,HOECHST,2928.6552734375,191.86264564158887
B23,11,MITO,39616.79296875,4364.75529182022
B23,11,PHAandWGA,13548.13671875,1146.3520323489993
B23,11,SYTO,6451.2802734375,617.8241240760854
B23,12,CONC,3317.69677734375,178.03796990833928
B23,12,HOECHST,2938.97607421875,178.98157812960014
B23,12,MITO,39872.7890625,4189.9022673271065
B23,12,PHAandWGA,13405.5849609375,1086.455391593283
B23,12,SYTO,6393.1796875,580.1109685347404
B23,13,CONC,3303.62353515625,167.4372807184432
B23,13,HOECHST,2956.647216796875,166.76923305430373
B23,13,MITO,39758.63671875,3944.68127127808
B23,13,PHAandWGA,13030.935546875,1012.3985159121727
B23,13,SYTO,6319.35693359375,538.8919614942151
B23,14,CONC,3333.344970703125,156.30535372622523
B23,14,HOECHST,2944.58251953125,153.97289436871498
B23,14,MITO,39742.0,3689.4284628802484
B23,14,PHAandWGA,12681.140625,931.1540849701587
B23,14,SYTO,6294.11328125,498.66636426544335
B23,15,CONC,3363.55078125,145.93802426732907
B23,15,HOECHST,2997.87060546875,143.1117978651477
B23,15,MITO,39367.84765625,3389.343914365918
B23,15,PHAandWGA,12541.08984375,852.4123924032076
B23,15,SYTO,6292.73291015625,456.18835848853564
C02,0,CONC,8229.900390625,115.09073203583203
C02,0,HOECHST,3828.365234375,63.80640515219956
C02,0,MITO,78137.984375,1572.628822205153
C02,0,PHAandWGA,34659.234375,713.0622663729009
C02,0,SYTO,23157.1015625,514.6616497819734
C02,1,CONC,9061.6455078125,163.8330858655966
C02,1,HOECHST,4193.681640625,93.3189041735494
C02,1,MITO,83944.40625,2162.7773306793397
C02,1,PHAandWGA,36918.37109375,915.6653506893144
C02,1,SYTO,25417.306640625,708.0383960531386
C02,2,CONC,10166.3154296875,221.90601813224538
C02,2,HOECHST,4640.45166015625,125.53472401590948
C02,2,MITO,89961.0859375,2659.9176806466735
C02,2,PHAandWGA,40296.34765625,1158.2948870814157
C02,2,SYTO,28367.01953125,920.9169069898423
C02,3,CONC,11304.609375,261.64149031469793
C02,3,HOECHST,5116.1875,150.11296935237255
C02,3,MITO,98040.2265625,2899.9673802817756
C02,3,PHAandWGA,43816.57421875,1324.6446461890869
C02,3,SYTO,31631.541015625,1065.5073512954984
C02,4,CONC,12196.83984375,278.0908631972214
C02,4,HOECHST,5541.11328125,160.51750684364438
C02,4,MITO,102519.4765625,2957.6465191543075
C02,4,PHAandWGA,46615.18359375,1409.7073208758864
C02,4,SYTO,34711.3125,1135.0660433006367
C02,5,CONC,12731.380859375,273.73238019674113
C02,5,HOECHST,5886.05908203125,164.76492518573522
C02,5,MITO,106777.34375,2880.007459369418
C02,5,PHAandWGA,49756.8046875,1422.67555590855
C02,5,SYTO,37397.5546875,1137.8405438749646
C02,6,CONC,13253.0703125,261.41982418818617
C02,6,HOECHST,6078.595703125,156.83099657660443
C02,6,MITO,111110.53125,2732.1689705081003
C02,6,PHAandWGA,52675.453125,1393.1428110536688
C02,6,SYTO,39331.578125,1088.9976568154998
C02,7,CONC,13549.130859375,248.32243934615772
C02,7,HOECHST,6341.0712890625,152.15462941098852
C02,7,MITO,113631.1015625,2581.268514995311
C02,7,PHAandWGA,54191.046875,1339.5532636418036
C02,7,SYTO,41924.6171875,1039.8346225248072
C02,8,CONC,13859.931640625,238.31186033552706
C02,8,HOECHST,6444.07421875,143.81126131861262
C02,8,MITO,116415.7421875,2480.051132137794
C02,8,PHAandWGA,56040.890625,1291.6369626294256
C02,8,SYTO,43622.0078125,988.3312116903078
C02,9,CONC,13969.072265625,226.99311051540738
C02,9,HOECHST,6549.8369140625,135.66467060998858
C02,9,MITO,117080.3359375,2378.701850068194
C02,9,PHAandWGA,57096.0625,1244.4627972240035
C02,9,SYTO,43952.30859375,937.0889615916311
C02,10,CONC,14087.154296875,214.3271469598316
C02,10,HOECHST,6599.9931640625,129.89167962536766
C02,10,MITO,118614.8125,2308.7707839177297
C02,10,PHAandWGA,58751.57421875,1201.445356046804
C02,10,SYTO,44470.078125,892.0101349500111
C02,11,CONC,14062.509765625,200.97706113312273
C02,11,HOECHST,6623.5361328125,122.48428089439936
C02,11,MITO,118507.671875,2217.147995324984
C02,11,PHAandWGA,59339.43359375,1151.73181338229
C02,11,SYTO,44494.953125,837.6495476220584
C02,12,CONC,14016.548828125,187.49268746643847
C02,12,HOECHST,6677.265625,115.94813032827065
C02,12,MITO,119967.5078125,2135.193558726861
C02,12,PHAandWGA,58967.734375,1101.7063025683021
C02,12,SYTO,44932.75,791.4482495894893
C02,13,CONC,14048.529296875,175.30185428825854
C02,13,HOECHST,6670.685546875,109.15045556151351
C02,13,MITO,119972.828125,2063.244617800167
C02,13,PHAandWGA,60089.96484375,1059.7698565543978
C02,13,SYTO,45696.71875,747.9569663507745
C02,14,CONC,13981.0625,165.1613905720902
C02,14,HOECHST,6692.18603515625,104.41286049499091
C02,14,MITO,121188.4921875,2007.1233452688089
C02,14,PHAandWGA,59450.59765625,1025.2313116159542
C02,14,SYTO,44647.8828125,712.5414684613744
C02,15,CONC,13947.18359375,157.26639297697992
C02,15,HOECHST,6732.28857421875,100.43627761180315
C02,15,MITO,121326.5,1960.3646224243919
C02,15,PHAandWGA,60383.9765625,997.5488940886769
C02,15,SYTO,44388.046875,680.7601346654195
C04,0,CONC,4107.197265625,106.28917837150996
C04,0,HOECHST,2155.89404296875,55.82830504728314
C04,0,MITO,50900.23828125,2361.824945564804
C04,0,PHAandWGA,17225.3984375,765.7442224528259
C04,0,SYTO,9567.943359375,471.8781114409626
C04,1,CONC,4417.2861328125,132.9043211099059
C04,1,HOECHST,2355.54248046875,72.07588568532348
C04,1,MITO,52871.8671875,2687.6155249926637
C04,1,PHAandWGA,18913.755859375,918.566300869743
C04,1,SYTO,11218.318359375,591.5703392184392
C04,2,CONC,4802.7373046875,160.98355829200779
C04,2,HOECHST,2561.53173828125,88.27581979820198
C04,2,MITO,55504.4296875,3011.8935105022742
C04,2,PHAandWGA,20349.37109375,1076.0319417131302
C04,2,SYTO,13414.0576171875,714.6281221368355
C04,3,CONC,5171.677734375,181.02877899241707
C04,3,HOECHST,2778.70751953125,101.80147913781413
C04,3,MITO,59065.15625,3221.879460344987
C04,3,PHAandWGA,21585.11328125,1186.1835541275962
C04,3,SYTO,15324.1083984375,797.1792942294821
C04,4,CONC,5402.5458984375,187.74836953842345
C04,4,HOECHST,2925.76806640625,106.16203197674902
C04,4,MITO,60965.9140625,3286.488471338417
C04,4,PHAandWGA,23329.630859375,1233.7880531526193
C04,4,SYTO,16749.525390625,826.2158498005342
C04,5,CONC,5594.41845703125,186.3814879744012
C04,5,HOECHST,3042.18359375,105.2197491957907
C04,5,MITO,63103.875,3281.26720866884
C04,5,PHAandWGA,24162.185546875,1233.0903747001264
C04,5,SYTO,17426.369140625,804.7203119659936
C04,6,CONC,5690.876953125,182.16125655362026
C04,6,HOECHST,3107.47705078125,102.04403966123284
C04,6,MITO,64421.5,3251.1446934542078
C04,6,PHAandWGA,24981.98828125,1219.811906971738
C04,6,SYTO,17608.919921875,774.0501452404259
C04,7,CONC,5724.5146484375,177.01593504840224
C04,7,HOECHST,3140.154541015625,97.53696097977934
C04,7,MITO,65027.8203125,3214.8607306444133
C04,7,PHAandWGA,25774.25,1199.3253020667676
C04,7,SYTO,17122.453125,736.5676780577008
C04,8,CONC,5773.4833984375,171.69834207148264
C04,8,HOECHST,3162.155029296875,93.47107166115883
C04,8,MITO,66376.9140625,3168.2733637719343
C04,8,PHAandWGA,26256.8984375,1174.1112762173605
C04,8,SYTO,16712.939453125,707.8401244945297
C04,9,CONC,5805.794921875,165.30897300817955
C04,9,HOECHST,3173.71923828125,89.52344715944241
C04,9,MITO,66868.7890625,3089.802763915138
C04,9,PHAandWGA,26474.9375,1142.8929368574493
C04,9,SYTO,16261.1708984375,677.8479015282987
C04,10,CONC,5846.1689453125,159.04050028915185
C04,10,HOECHST,3168.52197265625,84.96070147069553
C04,10,MITO,67656.578125,3017.657071790644
C04,10,PHAandWGA,26629.09375,1108.4916220282923
C04,10,SYTO,15856.98828125,642.3829986698647
C04,11,CONC,5900.1533203125,154.01771185131483
C04,11,HOECHST,3198.7890625,81.36861253840372
C04,11,MITO,67980.28125,2931.6127461528704
C04,11,PHAandWGA,27251.048828125,1073.4289468666725
C04,11,SYTO,15585.56640625,614.7621155896051
C04,12,CONC,5937.369140625,148.8782539049695
C04,12,HOECHST,3236.38330078125,78.52956915184737
C04,12,MITO,68929.65625,2844.495134603224
C04,12,PHAandWGA,27109.857421875,1036.204150314276
C04,12,SYTO,15302.888671875,588.6888523983874
C04,13,CONC,5977.5546875,143.78420052659732
C04,13,HOECHST,3277.58740234375,75.73812892700336
C04,13,MITO,69727.4609375,2764.5652971191207
C04,13,PHAandWGA,27532.65234375,1001.2637117004565
C04,13,SYTO,15309.609375,564.6610127352614
C04,14,CONC,6043.45361328125,138.5772271011001
C04,14,HOECHST,3321.58740234375,72.92821418071618
C04,14,MITO,69094.28125,2660.053666975525
C04,14,PHAandWGA,27785.3984375,963.2478418263864
C04,14,SYTO,15166.87109375,537.1137256993627
C04,15,CONC,6111.5146484375,133.0078112799849
C04,15,HOECHST,3364.2470703125,70.05353537493072
C04,15,MITO,70729.578125,2560.081485085524
C04,15,PHAandWGA,27668.71484375,922.895917660313
C04,15,SYTO,15109.115234375,508.5119311559899
C05,0,CONC,2907.2783203125,108.92953356496207
C05,0,HOECHST,1691.4664306640625,54.62614701734937
C05,0,MITO,33167.36328125,2672.6993736107624
C05,0,PHAandWGA,9846.486328125,683.1028340719354
C05,0,SYTO,5004.8701171875,365.5175150623428
C05,1,CONC,3153.990234375,144.44273021525987
C05,1,HOECHST,1788.96630859375,70.96228861101292
C05,1,MITO,34307.875,3185.886084693127
C05,1,PHAandWGA,10737.705078125,867.2056789771742
C05,1,SYTO,5777.02880859375,474.6717509363171
C05,2,CONC,3463.78564453125,189.74506887931167
C05,2,HOECHST,1973.426025390625,97.0682675695046
C05,2,MITO,37024.6484375,3828.286329071135
C05,2,PHAandWGA,11798.494140625,1071.4598979191123
C05,2,SYTO,6977.552734375,619.015236256706
C05,3,CONC,3771.69140625,224.30623477451837
C05,3,HOECHST,2158.555419921875,123.89573719752973
C05,3,MITO,39439.90625,4302.522893275437
C05,3,PHAandWGA,13361.712890625,1239.0400070187163
C05,3,SYTO,8280.96484375,742.4114785657426
C05,4,CONC,4002.1279296875,241.33511317693836
C05,4,HOECHST,2348.5283203125,140.67952949934497
C05,4,MITO,41930.671875,4560.5265167730495
C05,4,PHAandWGA,14616.84765625,1334.3536158333125
C05,4,SYTO,9234.078125,804.9870735728873
C05,5,CONC,4178.62646484375,249.05117461209727
C05,5,HOECHST,2490.16748046875,149.75783460595352
C05,5,MITO,43572.171875,4661.485346039662
C05,5,PHAandWGA,15777.767578125,1377.653125068352
C05,5,SYTO,9773.9375,826.1258846432622
C05,6,CONC,4297.9150390625,251.54311156408406
C05,6,HOECHST,2575.783935546875,151.56097806382522
C05,6,MITO,44766.0390625,4711.825190814096
C05,6,PHAandWGA,16318.076171875,1391.2502737109
C05,6,SYTO,9708.5068359375,817.8802589093654
C05,7,CONC,4357.9423828125,250.18983041838254
C05,7,HOECHST,2595.732421875,145.76802620600802
C05,7,MITO,45635.6640625,4703.100457592825
C05,7,PHAandWGA,17086.333984375,1387.5161601028428
C05,7,SYTO,9258.525390625,791.2432951475289
C05,8,CONC,4398.44775390625,244.60864387796622
C05,8,HOECHST,2600.76123046875,138.98028084006515
C05,8,MITO,46093.49609375,4638.989950479911
C05,8,PHAandWGA,17415.345703125,1356.0069080531837
C05,8,SYTO,8950.8603515625,763.104246396428
C05,9,CONC,4419.583984375,237.6229569054908
C05,9,HOECHST,2626.5546875,132.8505833144289
C05,9,MITO,46442.67578125,4517.991839286032
C05,9,PHAandWGA,17319.33984375,1321.9937320133945
C05,9,SYTO,8626.6748046875,732.0530213067254
C05,10,CONC,4369.48046875,229.10952968490392
C05,10,HOECHST,2604.354248046875,126.27107344980277
C05,10,MITO,46083.02734375,4403.009842032382
C05,10,PHAandWGA,17535.33203125,1283.0708949727475
C05,10,SYTO,8410.369140625,700.6806199549387
C05,11,CONC,4396.43310546875,219.8895051216303
C05,11,HOECHST,2598.287841796875,119.71514549445776
C05,11,MITO,46697.046875,4258.670609736711
C05,11,PHAandWGA,17584.7734375,1240.3641273787482
C05,11,SYTO,8264.283203125,667.1399855328568
C05,12,CONC,4389.24267578125,209.74628358691723
C05,12,HOECHST,2566.87646484375,112.12362681892304
C05,12,MITO,46666.5078125,4133.886904936777
C05,12,PHAandWGA,17366.162109375,1193.4298256175443
C05,12,SYTO,8151.44921875,634.759269885627
C05,13,CONC,4395.779296875,200.5151985387942
C05,13,HOECHST,2574.71337890625,105.72682398257142
C05,13,MITO,46818.11328125,3968.854674636405
C05,13,PHAandWGA,17256.998046875,1150.232724012428
C05,13,SYTO,8083.7490234375,601.6014352984946
C05,14,CONC,4399.77978515625,191.0831180443379
C05,14,HOECHST,2592.709716796875,99.6562223281108
C05,14,MITO,47317.984375,3798.912444964472
C05,14,PHAandWGA,17408.30859375,1100.7019902802592
C05,14,SYTO,8082.80419921875,566.766287187826
C05,15,CONC,4466.2802734375,181.781980182225
C05,15,HOECHST,2612.36865234375,94.19373694883566
C05,15,MITO,47765.66796875,3608.6979378278847
C05,15,PHAandWGA,17247.408203125,1047.5961709407634
C05,15,SYTO,8102.552734375,533.4297774835148
C07,0,CONC,10285.087890625,82.77219147546576
C07,0,HOECHST,6647.41357421875,75.24239226481981
C07,0,MITO,86410.9453125,915.7442138127338
C07,0,PHAandWGA,44809.765625,480.4574024299205
C07,0,SYTO,33557.71875,404.48971555114605
C07,1,CONC,11082.943359375,103.40898419676707
C07,1,HOECHST,7056.73779296875,90.67017499086639
C07,1,MITO,89398.2890625,1103.6768837113887
C07,1,PHAandWGA,46892.46875,556.2586330676221
C07,1,SYTO,35310.12109375,478.6894197380969
C07,2,CONC,12041.8271484375,127.31062524584168
C07,2,HOECHST,7624.58984375,109.48546733672659
C07,2,MITO,94996.6171875,1294.7111827671179
C07,2,PHAandWGA,49969.375,653.9525172093045
C07,2,SYTO,38363.59765625,575.9710020559687
C07,3,CONC,12987.255859375,142.25191055343387
C07,3,HOECHST,8234.1171875,124.98393567079115
C07,3,MITO,102402.109375,1391.1086385432113
C07,3,PHAandWGA,53107.1953125,726.5234742264494
C07,3,SYTO,41843.23828125,651.252630741823
C07,4,CONC,13643.66015625,142.77509596559062
C07,4,HOECHST,8708.33203125,129.90626978755378
C07,4,MITO,106561.921875,1353.2984153269538
C07,4,PHAandWGA,55315.88671875,747.965389505346
C07,4,SYTO,44092.48046875,672.7462257200875
C07,5,CONC,14202.134765625,136.80813706862267
C07,5,HOECHST,9156.185546875,127.69873117594088
C07,5,MITO,109669.484375,1280.4537887280267
C07,5,PHAandWGA,59004.0390625,738.2725049808952
C07,5,SYTO,47539.2578125,655.7126713679814
C07,6,CONC,14715.53125,128.16651589118484
C07,6,HOECHST,9527.4912109375,122.28331107877241
C07,6,MITO,112903.9375,1195.542677899272
C07,6,PHAandWGA,60733.70703125,709.1962709119023
C07,6,SYTO,49430.421875,617.4498572834519
C07,7,CONC,15132.9296875,118.3619431613133
C07,7,HOECHST,9842.123046875,114.26006068283694
C07,7,MITO,113922.984375,1097.1414045696085
C07,7,PHAandWGA,63738.75,669.5452587269014
C07,7,SYTO,52118.234375,576.3728023868804
C07,8,CONC,15451.7724609375,109.30089460949708
C07,8,HOECHST,10087.626953125,107.39001318693623
C07,8,MITO,116590.234375,1019.6277934857093
C07,8,PHAandWGA,65198.07421875,626.362697592195
C07,8,SYTO,53327.26953125,533.4934313125768
C07,9,CONC,15781.220703125,100.449055537906
C07,9,HOECHST,10372.3291015625,99.81564063200364
C07,9,MITO,119045.84375,939.3738377757911
C07,9,PHAandWGA,67375.1171875,581.8930724212754
C07,9,SYTO,55695.6328125,488.03555680230187
C07,10,CONC,16048.1826171875,91.54837492723105
C07,10,HOECHST,10526.681640625,92.31857667872357
C07,10,MITO,121216.28125,866.497153893615
C07,10,PHAandWGA,68277.203125,537.0422838667221
C07,10,SYTO,57097.62890625,442.6787724123259
C07,11,CONC,16194.1953125,84.23451678961932
C07,11,HOECHST,10770.548828125,86.34082351127633
C07,11,MITO,122677.609375,806.1142615569594
C07,11,PHAandWGA,69350.0078125,500.0968893178125
C07,11,SYTO,58087.40625,406.84562560180257
C07,12,CONC,16316.103515625,78.21023151665733
C07,12,HOECHST,10876.884765625,81.1667361608712
C07,12,MITO,121703.453125,748.6255346648319
C07,12,PHAandWGA,70171.859375,468.54576502505506
C07,12,SYTO,58026.2578125,377.26520752120285
C07,13,CONC,16401.8984375,73.37359639697645
C07,13,HOECHST,10999.380859375,76.92009945266271
C07,13,MITO,124984.078125,716.4619082317132
C07,13,PHAandWGA,71066.28125,444.0294366449325
C07,13,SYTO,58753.3828125,354.02689429082864
C07,14,CONC,16487.59375,69.02433140788376
C07,14,HOECHST,11107.0625,73.41088351944832
C07,14,MITO,125385.578125,677.435662654022
C07,14,PHAandWGA,71766.9453125,422.9596372754397
C07,14,SYTO,60159.2265625,334.62360694715034
C07,15,CONC,16628.5234375,65.38757232615806
C07,15,HOECHST,11244.12109375,70.34259700926458
C07,15,MITO,124655.1328125,643.1530155210962
C07,15,PHAandWGA,73336.6484375,404.46002906405937
C07,15,SYTO,59722.859375,317.06229387692815
C08,0,CONC,12686.228515625,107.23041027655239
C08,0,HOECHST,7904.39404296875,96.54825469064555
C08,0,MITO,97299.6875,1122.6673570256953
C08,0,PHAandWGA,50496.94921875,533.9264916722714
C08,0,SYTO,40501.07421875,503.61979044686814
C08,1,CONC,13703.8603515625,135.74291268258133
C08,1,HOECHST,8435.22265625,116.62465847158869
C08,1,MITO,102830.75,1321.1317741118557
C08,1,PHAandWGA,53296.75,648.7249431254653
C08,1,SYTO,43090.7109375,611.5708380055115
C08,2,CONC,15012.6201171875,168.26222664327793
C08,2,HOECHST,9255.7646484375,142.81619951644404
C08,2,MITO,110339.453125,1595.3153628079804
C08,2,PHAandWGA,57994.453125,776.8058704019286
C08,2,SYTO,46828.6484375,747.6806804909809
C08,3,CONC,16107.41015625,179.5686627553671
C08,3,HOECHST,10049.2099609375,162.20028116639847
C08,3,MITO,116444.9609375,1650.5598396832843
C08,3,PHAandWGA,61590.8671875,836.7604834194593
C08,3,SYTO,50660.22265625,820.4609532923997
C08,4,CONC,16933.3359375,177.38739989479961
C08,4,HOECHST,10610.11328125,161.7989675808673
C08,4,MITO,121024.4765625,1572.632343560485
C08,4,PHAandWGA,64118.5859375,845.7496598207072
C08,4,SYTO,52977.109375,814.6276502288489
C08,5,CONC,17680.3125,166.17950625108742
C08,5,HOECHST,11166.849609375,154.2974824757834
C08,5,MITO,125459.046875,1463.422716323702
C08,5,PHAandWGA,67453.9609375,814.4326331503698
C08,5,SYTO,56004.140625,770.5802651789604
C08,6,CONC,18280.0625,152.07348825766914
C08,6,HOECHST,11702.705078125,145.1529530274352
C08,6,MITO,130730.7265625,1355.2333364129015
C08,6,PHAandWGA,70506.2109375,765.7063766156903
C08,6,SYTO,58433.1328125,710.2832283120679
C08,7,CONC,18722.43359375,135.49477480409863
C08,7,HOECHST,12008.12109375,132.3549833915195
C08,7,MITO,132327.234375,1236.3524875775256
C08,7,PHAandWGA,73681.0390625,706.3603639969438
C08,7,SYTO,61318.16015625,645.727749493251
C08,8,CONC,19136.6875,120.36862049164563
C08,8,HOECHST,12191.26171875,119.37062762904081
C08,8,MITO,134991.484375,1122.9100701965758
C08,8,PHAandWGA,74647.28125,638.3386885347472
C08,8,SYTO,63066.125,573.5865024410406
C08,9,CONC,19318.90625,104.2368487184041
C08,9,HOECHST,12356.9384765625,104.99452266692447
C08,9,MITO,136976.765625,1018.4547758179937
C08,9,PHAandWGA,77472.84375,569.9586985748106
C08,9,SYTO,63949.34375,500.3655786313609
C08,10,CONC,19577.21875,91.5177995920738
C08,10,HOECHST,12561.55859375,94.49417546835934
C08,10,MITO,139505.171875,919.9497648752996
C08,10,PHAandWGA,78850.078125,512.0810274622565
C08,10,SYTO,65496.8515625,439.55884140909143
C08,11,CONC,19622.56640625,79.3130154676548
C08,11,HOECHST,12658.578125,83.12419378487655
C08,11,MITO,140232.203125,834.6059212616439
C08,11,PHAandWGA,79029.03125,454.55645865767843
C08,11,SYTO,66606.9296875,385.3039691231606
C08,12,CONC,19785.390625,69.7981611529358
C08,12,HOECHST,12790.26171875,74.8054631861995
C08,12,MITO,140505.53125,752.923729903034
C08,12,PHAandWGA,80256.890625,406.54141632732484
C08,12,SYTO,68083.609375,339.604058909893
C08,13,CONC,19924.53515625,60.69000634841183
C08,13,HOECHST,12861.3076171875,67.4890418046971
C08,13,MITO,140907.84375,686.1170669170766
C08,13,PHAandWGA,80716.921875,366.0590287202048
C08,13,SYTO,67557.546875,300.3891629601009
C08,14,CONC,19867.97265625,53.67987506664182
C08,14,HOECHST,12951.5859375,61.30417194952109
C08,14,MITO,140968.46875,622.7891113718306
C08,14,PHAandWGA,82347.953125,333.75816402961783
C08,14,SYTO,67630.421875,269.9708983691209
C08,15,CONC,19909.205078125,47.65025553554154
C08,15,HOECHST,13021.779296875,56.398612128049166
C08,15,MITO,142683.4375,565.8590229988115
C08,15,PHAandWGA,81661.359375,302.5721260704364
C08,15,SYTO,68983.859375,245.22923220792387
C09,0,CONC,5869.89306640625,116.46495494636868
C09,0,HOECHST,2543.88525390625,50.312710395255095
C09,0,MITO,60587.609375,1791.9210634292774
C09,0,PHAandWGA,24416.1484375,797.6901699735591
C09,0,SYTO,15114.037109375,545.4105948067607
C09,1,CONC,6636.92724609375,174.64935927201458
C09,1,HOECHST,2739.12646484375,69.10132324387776
C09,1,MITO,63625.96484375,2254.347580967554
C09,1,PHAandWGA,26491.33203125,1053.3929118954757
C09,1,SYTO,17123.50390625,774.5611491170973
C09,2,CONC,8141.7236328125,301.09420827087274
C09,2,HOECHST,3286.19091796875,124.5101365115165
C09,2,MITO,70714.8828125,3035.3883173171475
C09,2,PHAandWGA,29959.08984375,1527.1142199124968
C09,2,SYTO,20982.203125,1261.2640981041695
C09,3,CONC,9190.171875,358.7749366753714
C09,3,HOECHST,3782.906494140625,165.20701327916302
C09,3,MITO,76228.125,3466.554127386874
C09,3,PHAandWGA,33583.68359375,1786.4562321428457
C09,3,SYTO,24611.201171875,1503.548181428881
C09,4,CONC,10050.302734375,377.52126263117975
C09,4,HOECHST,4160.693359375,184.52765878643115
C09,4,MITO,81759.6015625,3723.3981755791347
C09,4,PHAandWGA,37123.88671875,1893.5139922567375
C09,4,SYTO,28142.65234375,1560.4613480116102
C09,5,CONC,10717.31640625,378.32036207790037
C09,5,HOECHST,4441.60791015625,182.35675732158467
C09,5,MITO,87991.75,3938.2817803150474
C09,5,PHAandWGA,40674.3125,1919.3001268378107
C09,5,SYTO,30600.876953125,1519.7053856788602
C09,6,CONC,11185.53515625,363.45361944278926
C09,6,HOECHST,4709.98974609375,177.9532335629291
C09,6,MITO,93115.6796875,3981.8198422761798
C09,6,PHAandWGA,42369.75,1864.6502053980857
C09,6,SYTO,32552.66015625,1434.6118632187633
C09,7,CONC,11311.6298828125,340.33994922161327
C09,7,HOECHST,4809.87451171875,169.39210816583076
C09,7,MITO,95972.984375,3987.24689747692
C09,7,PHAandWGA,44392.6171875,1804.3557234479476
C09,7,SYTO,33708.1015625,1344.0198220601596
C09,8,CONC,11115.609375,314.62214002689694
C09,8,HOECHST,4727.990234375,156.1431578115832
C09,8,MITO,96989.1953125,3910.6661214844094
C09,8,PHAandWGA,44983.4140625,1737.3356761762886
C09,8,SYTO,34111.59375,1251.6605900911056
C09,9,CONC,10894.10546875,292.1260529560318
C09,9,HOECHST,4681.650390625,144.64605220182898
C09,9,MITO,97883.0703125,3820.575970157888
C09,9,PHAandWGA,45086.29296875,1661.6117831402214
C09,9,SYTO,33956.38671875,1164.9268712370754
C09,10,CONC,10784.6513671875,273.1541797666497
C09,10,HOECHST,4672.935546875,135.7397562936375
C09,10,MITO,98821.96875,3745.250935357642
C09,10,PHAandWGA,44708.5390625,1594.5914411301171
C09,10,SYTO,33296.7265625,1090.778363491425
C09,11,CONC,10549.771484375,255.0192623650146
C09,11,HOECHST,4614.3623046875,126.7660296039184
C09,11,MITO,98637.03125,3663.774020057338
C09,11,PHAandWGA,44448.2109375,1540.0025029559126
C09,11,SYTO,33496.93359375,1031.9004930212811
C09,12,CONC,10350.2255859375,239.4993091018374
C09,12,HOECHST,4551.16015625,118.80371103151019
C09,12,MITO,98681.359375,3574.990809335594
C09,12,PHAandWGA,44162.1796875,1488.0181237199881
C09,12,SYTO,33024.66015625,979.1370869064988
C09,13,CONC,10243.103515625,224.92823406450987
C09,13,HOECHST,4498.462890625,111.0518689445607
C09,13,MITO,98981.1875,3476.2419881223263
C09,13,PHAandWGA,44506.44921875,1431.894232206122
C09,13,SYTO,32372.75,921.9430828886449
C09,14,CONC,10141.373046875,210.44073772252182
C09,14,HOECHST,4478.759765625,104.1912551915396
C09,14,MITO,98961.59375,3369.249074512651
C09,14,PHAandWGA,44249.09375,1378.642012172168
C09,14,SYTO,32027.6171875,869.1554133194464
C09,15,CONC,10087.23046875,197.94143466154915
C09,15,HOECHST,4452.23193359375,97.82228401533953
C09,15,MITO,98922.890625,3247.424336471701
C09,15,PHAandWGA,43820.1171875,1324.8393474843174
C09,15,SYTO,31379.0703125,820.3393254520257
C10,0,CONC,10311.388671875,71.17381154517851
C10,0,HOECHST,6668.83837890625,69.17916155910075
C10,0,MITO,87310.984375,791.4379904454152
C10,0,PHAandWGA,45791.14453125,445.8663418044466
C10,0,SYTO,34193.03125,374.0028204327581
C10,1,CONC,11098.06640625,92.61739640511482
C10,1,HOECHST,7089.85693359375,86.7035616579724
C10,1,MITO,92350.0,1023.8944750543507
C10,1,PHAandWGA,47243.5078125,524.0374461040686
C10,1,SYTO,35801.125,450.1164542584383
C10,2,CONC,12150.810546875,119.73391715296479
C10,2,HOECHST,7650.4248046875,105.15702542332664
C10,2,MITO,98396.046875,1247.4489459284077
C10,2,PHAandWGA,51453.8203125,641.5773045118301
C10,2,SYTO,38616.0390625,556.9394692833721
C10,3,CONC,13196.8828125,137.961024770348
C10,3,HOECHST,8254.15625,123.95638857188302
C10,3,MITO,105683.765625,1366.7181007950496
C10,3,PHAandWGA,54745.80859375,732.2660945981215
C10,3,SYTO,41674.6953125,644.6435802877742
C10,4,CONC,14079.1015625,141.82397820759425
C10,4,HOECHST,8807.861328125,131.34593834322362
C10,4,MITO,109648.2421875,1360.1360962499084
C10,4,PHAandWGA,57763.3203125,769.8778386855447
C10,4,SYTO,44971.9765625,681.4269911955107
C10,5,CONC,14682.3671875,135.14687644227033
C10,5,HOECHST,9319.107421875,130.23541586954565
C10,5,MITO,113963.7734375,1278.3477229043658
C10,5,PHAandWGA,59899.890625,762.9885442674606
C10,5,SYTO,47607.1484375,671.1706324797651
C10,6,CONC,15298.505859375,123.84897668698154
C10,6,HOECHST,9757.544921875,124.45194307146181
C10,6,MITO,118345.859375,1184.2190274824823
C10,6,PHAandWGA,62946.125,723.2195276458618
C10,6,SYTO,50435.734375,629.0547828223941
C10,7,CONC,15729.0205078125,111.4606163836892
C10,7,HOECHST,10040.3349609375,114.25456221135465
C10,7,MITO,120307.484375,1068.3575654291708
C10,7,PHAandWGA,65557.8828125,673.1875080329462
C10,7,SYTO,52719.6796875,572.9420535856129
C10,8,CONC,16045.8466796875,99.70030721107459
C10,8,HOECHST,10314.9921875,104.18169408650776
C10,8,MITO,122889.46875,959.1706478420227
C10,8,PHAandWGA,67812.125,616.981858224254
C10,8,SYTO,54719.4140625,516.5039999186491
C10,9,CONC,16378.2421875,87.63793895228646
C10,9,HOECHST,10600.291015625,93.3192814567747
C10,9,MITO,125330.21875,851.6953627051053
C10,9,PHAandWGA,70720.0546875,555.9967138417926
C10,9,SYTO,56948.6171875,456.1755347762308
C10,10,CONC,16636.255859375,77.70554478147605
C10,10,HOECHST,10830.8212890625,83.96733963895107
C10,10,MITO,127491.890625,762.320805549368
C10,10,PHAandWGA,71571.109375,500.38812571217125
C10,10,SYTO,58159.8671875,402.6027229906349
C10,11,CONC,16676.076171875,70.17013557046928
C10,11,HOECHST,10966.353515625,76.41854080824768
C10,11,MITO,129823.109375,704.6544177171759
C10,11,PHAandWGA,73369.28125,459.01380004192436
C10,11,SYTO,59992.859375,361.3110931496341
C10,12,CONC,16708.79296875,64.61981376712589
C10,12,HOECHST,11079.09375,71.2062400774475
C10,12,MITO,130695.59375,662.1526555706263
C10,12,PHAandWGA,73261.375,426.01393017570155
C10,12,SYTO,60655.7265625,331.8489210624736
C10,13,CONC,16782.546875,60.503794510727246
C10,13,HOECHST,11135.2646484375,67.25001420070393
C10,13,MITO,130208.53125,626.4546901061041
C10,13,PHAandWGA,73897.59375,401.9183049837093
C10,13,SYTO,61113.24609375,310.5299567080254
C10,14,CONC,16783.69921875,57.01293588876039
C10,14,HOECHST,11166.314453125,64.34466067262328
C10,14,MITO,131282.078125,597.671355008639
C10,14,PHAandWGA,74509.671875,382.5928655328203
C10,14,SYTO,60360.61328125,293.33731822218704
C10,15,CONC,16846.390625,54.341614316251466
C10,15,HOECHST,11319.916015625,61.97536045505977
C10,15,MITO,130293.953125,564.3260390689405
C10,15,PHAandWGA,76095.59375,365.80722388757454
C10,15,SYTO,61968.87109375,279.20541833824734
C11,0,CONC,2426.402587890625,118.27210206098022
C11,0,HOECHST,1268.164794921875,42.39167957279702
C11,0,MITO,27054.62890625,2738.2884463072637
C11,0,PHAandWGA,6991.4580078125,631.0648560720967
C11,0,SYTO,3529.8623046875,320.9221027901641
C11,1,CONC,2850.221435546875,205.8553280164336
C11,1,HOECHST,1429.4923095703125,72.26730467032326
C11,1,MITO,29242.78515625,3732.995386613691
C11,1,PHAandWGA,8499.044921875,1062.1293149444546
C11,1,SYTO,4755.8466796875,563.5292060032684
C11,2,CONC,3431.440185546875,322.43379756345104
C11,2,HOECHST,1713.6583251953125,129.20327286086817
C11,2,MITO,33640.140625,4916.896998418019
C11,2,PHAandWGA,10311.3076171875,1423.186610786548
C11,2,SYTO,6621.25,857.1232081890328
C11,3,CONC,3932.28125,380.58897620130125
C11,3,HOECHST,1961.74462890625,164.39617201408402
C11,3,MITO,37188.90625,5692.998072150017
C11,3,PHAandWGA,12014.4501953125,1579.655257992699
C11,3,SYTO,8012.09619140625,968.69070616583
C11,4,CONC,4200.3974609375,390.0044787078308
C11,4,HOECHST,2146.6181640625,183.56299453124495
C11,4,MITO,40537.93359375,6091.226773350663
C11,4,PHAandWGA,13152.3134765625,1621.1413655592614
C11,4,SYTO,8870.900390625,990.1280087617971
C11,5,CONC,4295.7783203125,380.72206657691515
C11,5,HOECHST,2234.89599609375,180.21382648495896
C11,5,MITO,41888.703125,6247.1421356398705
C11,5,PHAandWGA,13990.763671875,1592.9969479247686
C11,5,SYTO,8598.5361328125,943.6022148530307
C11,6,CONC,4225.201171875,360.01281620618806
C11,6,HOECHST,2191.75732421875,163.31468875211502
C11,6,MITO,42385.1953125,6239.14060848733
C11,6,PHAandWGA,14468.0673828125,1535.0902042518985
C11,6,SYTO,7599.115234375,870.5386835384278
C11,7,CONC,4130.95556640625,334.01288880679147
C11,7,HOECHST,2120.218017578125,145.44438120893577
C11,7,MITO,42296.28125,6084.2136685746045
C11,7,PHAandWGA,14654.5263671875,1458.514340442272
C11,7,SYTO,6859.93896484375,796.9925524630975
C11,8,CONC,3978.91796875,308.7020267769653
C11,8,HOECHST,2054.0830078125,128.09387158591298
C11,8,MITO,41150.3828125,5799.317760276653
C11,8,PHAandWGA,14307.5654296875,1371.478038997696
C11,8,SYTO,6356.05419921875,728.2873088741397
C11,9,CONC,3871.77099609375,281.6366514352723
C11,9,HOECHST,1968.8253173828125,111.8303102028223
C11,9,MITO,40234.75,5523.348847506086
C11,9,PHAandWGA,13675.658203125,1281.0834209018929
C11,9,SYTO,5959.2109375,664.6939943632434
C11,10,CONC,3709.715576171875,255.75328491707404
C11,10,HOECHST,1876.10009765625,98.44188292304982
C11,10,MITO,38938.98046875,5269.395766679027
C11,10,PHAandWGA,13093.236328125,1192.3404370091848
C11,10,SYTO,5733.45751953125,606.3712054195071
C11,11,CONC,3617.33984375,234.81620238890844
C11,11,HOECHST,1840.378662109375,89.56973137471792
C11,11,MITO,38430.2734375,4995.488238639928
C11,11,PHAandWGA,12501.62109375,1112.5037515998602
C11,11,SYTO,5540.08154296875,557.698320798892
C11,12,CONC,3547.2216796875,216.43098015536927
C11,12,HOECHST,1834.620849609375,82.30318115764216
C11,12,MITO,37682.6015625,4672.644434583501
C11,12,PHAandWGA,11755.6943359375,1023.7507879618677
C11,12,SYTO,5384.3427734375,511.9530707470549
C11,13,CONC,3579.015380859375,201.4538649962335
C11,13,HOECHST,1842.1968994140625,76.42940641468607
C11,13,MITO,37439.95703125,4368.425694565357
C11,13,PHAandWGA,11511.943359375,941.2051254149831
C11,13,SYTO,5346.251953125,470.5107335178505
C11,14,CONC,3586.721435546875,187.59368705163112
C11,14,HOECHST,1844.836181640625,71.13208318230413
C11,14,MITO,37496.1796875,4056.226852216217
C11,14,PHAandWGA,11264.40625,862.816246056307
C11,14,SYTO,5332.94921875,431.2910030465962
C11,15,CONC,3648.30810546875,175.27057835853017
C11,15,HOECHST,1871.2027587890625,66.16184341413648
C11,15,MITO,37316.2109375,3730.1416964303426
C11,15,PHAandWGA,11096.408203125,783.8138553388889
C11,15,SYTO,5374.71630859375,396.96156668605886
C12,0,CONC,4138.23046875,176.535258746018
C12,0,HOECHST,2012.8458251953125,89.8372192247294
C12,0,MITO,54518.8515625,4417.308023169725
C12,0,PHAandWGA,14970.09375,992.2533770610097
C12,0,SYTO,8502.978515625,614.6954044711026
C12,1,CONC,4886.5400390625,245.1648031318286
C12,1,HOECHST,2307.212890625,118.35140936435553
C12,1,MITO,61411.7265625,5377.672085911716
C12,1,PHAandWGA,17439.251953125,1296.112514409533
C12,1,SYTO,11356.9140625,829.2829466178636
C12,2,CONC,5353.6298828125,288.68973672550084
C12,2,HOECHST,2678.4619140625,171.7233226177612
C12,2,MITO,66824.921875,5933.8902694990065
C12,2,PHAandWGA,19332.4453125,1478.5226705715077
C12,2,SYTO,13437.642578125,989.2868472426456
C12,3,CONC,5670.8173828125,307.86807574478604
C12,3,HOECHST,2885.07861328125,179.7145439595538
C12,3,MITO,69091.109375,6154.741448789579
C12,3,PHAandWGA,20805.33984375,1575.1580349408016
C12,3,SYTO,14678.640625,1066.4388163322699
C12,4,CONC,5701.28125,289.2981193201328
C12,4,HOECHST,2925.84765625,166.83302673595946
C12,4,MITO,71723.9765625,6148.912231436422
C12,4,PHAandWGA,22231.888671875,1569.9108880718338
C12,4,SYTO,15061.22265625,1017.1887132952846
C12,5,CONC,5688.40966796875,272.6348467319738
C12,5,HOECHST,2856.672119140625,139.32449164075658
C12,5,MITO,71342.171875,5888.870631764674
C12,5,PHAandWGA,22819.875,1526.4987687415917
C12,5,SYTO,14981.2919921875,938.553713372126
C12,6,CONC,5622.79443359375,254.79512048828417
C12,6,HOECHST,2782.52294921875,123.8287391628931
C12,6,MITO,69981.234375,5507.257745345137
C12,6,PHAandWGA,23077.1328125,1465.6760008270921
C12,6,SYTO,14477.892578125,872.4152683495934
C12,7,CONC,5492.650390625,236.26895600265445
C12,7,HOECHST,2707.193603515625,110.99035334214118
C12,7,MITO,69016.875,5170.198080536833
C12,7,PHAandWGA,23019.6484375,1408.7896778121842
C12,7,SYTO,13245.50390625,805.6995115881573
C12,8,CONC,5377.4443359375,222.72139416420123
C12,8,HOECHST,2689.23974609375,105.3019770033385
C12,8,MITO,67895.4140625,4932.367794753038
C12,8,PHAandWGA,22847.75390625,1347.3484675304487
C12,8,SYTO,12600.529296875,757.2894780207721
C12,9,CONC,5354.9462890625,209.2083384656939
C12,9,HOECHST,2675.3486328125,98.96541092714553
C12,9,MITO,67745.4375,4683.5004709899695
C12,9,PHAandWGA,22514.509765625,1293.7712414386917
C12,9,SYTO,12104.0380859375,708.4194074775103
C12,10,CONC,5323.255859375,197.32815140722815
C12,10,HOECHST,2655.890380859375,91.67701626283088
C12,10,MITO,66681.25,4478.358838986113
C12,10,PHAandWGA,22209.662109375,1237.0623599296625
C12,10,SYTO,11586.45703125,668.3618230693903
C12,11,CONC,5276.28271484375,187.41347559918492
C12,11,HOECHST,2681.42822265625,86.86552402875502
C12,11,MITO,67407.6796875,4275.627970605941
C12,11,PHAandWGA,22069.056640625,1182.051646094944
C12,11,SYTO,11286.93359375,630.4441371375057
C12,12,CONC,5307.1650390625,179.63040803413972
C12,12,HOECHST,2693.278076171875,82.3104730127044
C12,12,MITO,67569.671875,4092.2140107519504
C12,12,PHAandWGA,21885.369140625,1132.6341669234237
C12,12,SYTO,10940.9384765625,592.84996266226
C12,13,CONC,5333.341796875,171.83274521602522
C12,13,HOECHST,2702.3515625,78.39743216610225
C12,13,MITO,67089.25,3907.67491239283
C12,13,PHAandWGA,21967.65625,1084.5267569105604
C12,13,SYTO,10877.654296875,561.4843320003262
C12,14,CONC,5317.63525390625,163.49282787418534
C12,14,HOECHST,2710.561279296875,74.87685883781084
C12,14,MITO,67344.421875,3719.5270838222737
C12,14,PHAandWGA,21883.896484375,1032.0797822211719
C12,14,SYTO,10679.515625,532.9188159673116
C12,15,CONC,5369.59423828125,155.93647231693782
C12,15,HOECHST,2739.638916015625,71.49737779565753
C12,15,MITO,67612.234375,3538.463244388152
C12,15,PHAandWGA,21663.64453125,977.4547143513615
C12,15,SYTO,10698.1396484375,503.56542395808214
C13,0,CONC,5531.9921875,113.19894208209018
C13,0,HOECHST,2411.29345703125,51.11611724950725
C13,0,MITO,64728.0234375,2268.3848802471903
C13,0,PHAandWGA,25289.732421875,827.7609981167758
C13,0,SYTO,10761.3955078125,420.72532228389207
C13,1,CONC,6363.8125,171.84917391843902
C13,1,HOECHST,2587.325927734375,68.58941870937193
C13,1,MITO,69221.6875,3086.650497610953
C13,1,PHAandWGA,27622.853515625,1149.18408236644
C13,1,SYTO,13807.55859375,607.5301562276632
C13,2,CONC,7634.3623046875,269.3031628112247
C13,2,HOECHST,3011.0849609375,111.82684646491875
C13,2,MITO,79443.765625,4242.422080577647
C13,2,PHAandWGA,32221.279296875,1725.5542720310782
C13,2,SYTO,18207.3359375,955.6315155067049
C13,3,CONC,8715.0595703125,330.46906192064995
C13,3,HOECHST,3508.7109375,161.4526691300105
C13,3,MITO,87402.71875,4802.021550242089
C13,3,PHAandWGA,35569.85546875,2015.5813523201844
C13,3,SYTO,21421.689453125,1164.2282275976186
C13,4,CONC,9374.12890625,347.1118717926457
C13,4,HOECHST,3776.09375,169.6753318459681
C13,4,MITO,92830.390625,4996.1940562652535
C13,4,PHAandWGA,38688.5546875,2077.6957544531565
C13,4,SYTO,23642.8046875,1204.6602552397867
C13,5,CONC,9829.8779296875,344.1636830780755
C13,5,HOECHST,4023.8603515625,174.22080743572218
C13,5,MITO,96408.1640625,4974.893228429057
C13,5,PHAandWGA,41771.171875,2101.4799485977733
C13,5,SYTO,25713.59765625,1192.782440430526
C13,6,CONC,10096.720703125,335.37582402344685
C13,6,HOECHST,4191.8056640625,175.97131375750206
C13,6,MITO,100078.40625,4895.430931774813
C13,6,PHAandWGA,43116.015625,2027.8351886991513
C13,6,SYTO,26771.61328125,1149.5572632045821
C13,7,CONC,10310.05859375,323.16084175248903
C13,7,HOECHST,4294.32275390625,168.52816697920463
C13,7,MITO,101240.453125,4763.021439941822
C13,7,PHAandWGA,44000.93359375,1953.0739572394777
C13,7,SYTO,27858.033203125,1097.3977708046052
C13,8,CONC,10384.251953125,309.74025766532964
C13,8,HOECHST,4372.80078125,160.84858686616784
C13,8,MITO,103452.765625,4667.919766276729
C13,8,PHAandWGA,45200.671875,1882.396582278205
C13,8,SYTO,28773.90234375,1044.2759190256575
C13,9,CONC,10347.6845703125,290.9141717145234
C13,9,HOECHST,4419.4169921875,155.75384208719643
C13,9,MITO,104150.0625,4493.858364841404
C13,9,PHAandWGA,45623.00390625,1796.2832151585758
C13,9,SYTO,29493.0,983.9514939340559
C13,10,CONC,10227.8916015625,273.2366957254367
C13,10,HOECHST,4426.462890625,147.06936894206527
C13,10,MITO,105288.7578125,4328.320417343754
C13,10,PHAandWGA,45893.0546875,1707.7571907279919
C13,10,SYTO,29708.125,921.6272336605806
C13,11,CONC,10099.533203125,255.9624504659701
C13,11,HOECHST,4412.93359375,138.97955942408458
C13,11,MITO,104626.296875,4155.600612648641
C13,11,PHAandWGA,45136.515625,1619.2308961089304
C13,11,SYTO,29425.25390625,866.4580978953795
C13,12,CONC,9967.169921875,241.6773568983724
C13,12,HOECHST,4416.2197265625,133.85871315916754
C13,12,MITO,104216.125,4016.3074307515617
C13,12,PHAandWGA,45606.078125,1546.925153945437
C13,12,SYTO,28773.796875,822.1543497878854
C13,13,CONC,9843.275390625,226.88253134091983
C13,13,HOECHST,4384.1044921875,125.65169439470063
C13,13,MITO,104127.84375,3875.6894785993672
C13,13,PHAandWGA,45467.953125,1475.8788646680853
C13,13,SYTO,28010.03125,775.4767100851747
C13,14,CONC,9782.373046875,215.16076559744292
C13,14,HOECHST,4357.95263671875,118.59552298382219
C13,14,MITO,104536.8046875,3729.7759122761136
C13,14,PHAandWGA,45322.84375,1420.7260179404475
C13,14,SYTO,27803.1640625,737.8214791443191
C13,15,CONC,9721.095703125,204.91227307603563
C13,15,HOECHST,4342.33642578125,112.60515731875934
C13,15,MITO,104833.5,3582.805118652789
C13,15,PHAandWGA,45275.71875,1367.8056641772175
C13,15,SYTO,27304.095703125,700.1160183124888
C14,0,CONC,1590.105712890625,64.44175641206937
C14,0,HOECHST,1635.6181640625,85.1670857174803
C14,0,MITO,22971.16015625,2723.704984417189
C14,0,PHAandWGA,4737.4130859375,451.7303178325854
C14,0,SYTO,3042.977783203125,287.85431348391387
C14,1,CONC,1759.889404296875,101.04924330806794
C14,1,HOECHST,1831.3739013671875,138.9952608472943
C14,1,MITO,25081.3984375,3679.461775398986
C14,1,PHAandWGA,6062.794921875,684.7794026089654
C14,1,SYTO,3628.77734375,453.58601129145546
C14,2,CONC,2063.4755859375,159.77260756974894
C14,2,HOECHST,2228.586181640625,232.3302275403406
C14,2,MITO,28075.04296875,4892.844490119998
C14,2,PHAandWGA,7388.2041015625,1019.6957077673155
C14,2,SYTO,5140.876953125,716.0039247607727
C14,3,CONC,2334.8583984375,198.2286220875606
C14,3,HOECHST,2532.101318359375,292.43563869099467
C14,3,MITO,31295.15625,5647.426438436423
C14,3,PHAandWGA,8838.53125,1246.2165679247794
C14,3,SYTO,6327.54345703125,866.4168052753575
C14,4,CONC,2487.629150390625,215.38649688623883
C14,4,HOECHST,2710.943359375,314.2369287424767
C14,4,MITO,33524.34765625,6064.027915294167
C14,4,PHAandWGA,9753.2734375,1361.5617820295176
C14,4,SYTO,6882.95556640625,922.2180621970906
C14,5,CONC,2541.196533203125,218.24322345615485
C14,5,HOECHST,2819.38330078125,312.4879269385881
C14,5,MITO,34857.66796875,6217.798366731685
C14,5,PHAandWGA,10534.9921875,1388.4443154647051
C14,5,SYTO,7034.25830078125,910.2561194528352
C14,6,CONC,2583.790283203125,213.28442154196946
C14,6,HOECHST,2810.366943359375,300.26040513890007
C14,6,MITO,35156.9609375,6213.892655810815
C14,6,PHAandWGA,10898.51171875,1372.662839636085
C14,6,SYTO,6593.169921875,868.394721461064
C14,7,CONC,2560.13818359375,205.57981588307655
C14,7,HOECHST,2762.646484375,280.4122096505507
C14,7,MITO,35307.79296875,6150.450320978438
C14,7,PHAandWGA,11008.34375,1333.275706583166
C14,7,SYTO,6098.70458984375,820.1079946735313
C14,8,CONC,2512.66162109375,195.16570631371962
C14,8,HOECHST,2698.70068359375,258.45701007953505
C14,8,MITO,35449.9921875,6033.894491002312
C14,8,PHAandWGA,11099.93359375,1270.6609800229799
C14,8,SYTO,5632.00048828125,767.2764294317394
C14,9,CONC,2482.5361328125,183.25285706410546
C14,9,HOECHST,2584.859130859375,235.46857508516862
C14,9,MITO,34900.76953125,5863.24854596207
C14,9,PHAandWGA,10822.7373046875,1203.3051593455148
C14,9,SYTO,5349.11328125,712.500564643007
C14,10,CONC,2458.326904296875,171.32317298399877
C14,10,HOECHST,2531.415771484375,216.4342358557675
C14,10,MITO,34538.015625,5622.087728687203
C14,10,PHAandWGA,10291.865234375,1125.4925395616065
C14,10,SYTO,5144.90869140625,660.6646247164304
C14,11,CONC,2418.09033203125,159.07080728691724
C14,11,HOECHST,2489.02880859375,199.34429121175023
C14,11,MITO,34048.58203125,5371.894985904426
C14,11,PHAandWGA,9922.009765625,1038.074289414045
C14,11,SYTO,4996.634765625,614.0955350763278
C14,12,CONC,2382.78955078125,147.69764765245733
C14,12,HOECHST,2449.1865234375,182.6278090984629
C14,12,MITO,33358.7578125,5051.738518756721
C14,12,PHAandWGA,9497.8046875,954.592863847206
C14,12,SYTO,4830.69140625,559.3376422558691
C14,13,CONC,2375.38671875,137.0685769527834
C14,13,HOECHST,2462.764404296875,167.76681999275763
C14,13,MITO,32835.14453125,4710.421480217175
C14,13,PHAandWGA,8997.181640625,867.561461270674
C14,13,SYTO,4735.3349609375,510.60749240534824
C14,14,CONC,2355.78076171875,127.6991929731892
C14,14,HOECHST,2471.54736328125,155.5081615844951
C14,14,MITO,32389.302734375,4326.186593349401
C14,14,PHAandWGA,8649.275390625,786.4169865493637
C14,14,SYTO,4714.67919921875,466.91082067208026
C14,15,CONC,2397.0751953125,118.94685978606394
C14,15,HOECHST,2506.56201171875,144.43065395246478
C14,15,MITO,32196.7890625,3921.4656738608637
C14,15,PHAandWGA,8413.734375,707.9360738312166
C14,15,SYTO,4724.0771484375,426.57138001397976
C16,0,CONC,2114.34521484375,152.96236979124063
C16,0,HOECHST,2058.6357421875,185.56792150479012
C16,0,MITO,28642.99609375,4664.910295838436
C16,0,PHAandWGA,7736.22607421875,1140.0370032022101
C16,0,SYTO,4685.2109375,619.2469911191157
C16,1,CONC,2461.2255859375,211.76247332565723
C16,1,HOECHST,2481.669921875,280.7456026066253
C16,1,MITO,32646.90625,5633.817769418254
C16,1,PHAandWGA,9255.939453125,1320.0883350789118
C16,1,SYTO,6125.1005859375,837.634202121102
C16,2,CONC,2732.40185546875,243.38350825591428
C16,2,HOECHST,2866.852783203125,333.00271009189464
C16,2,MITO,35041.03125,6008.9269387854965
C16,2,PHAandWGA,10600.69921875,1474.652950565061
C16,2,SYTO,7433.5048828125,944.123695405192
C16,3,CONC,2935.71484375,259.87989161344234
C16,3,HOECHST,3115.89013671875,348.81532826370164
C16,3,MITO,37521.609375,6228.277419919602
C16,3,PHAandWGA,11974.87109375,1575.3648642351013
C16,3,SYTO,8171.75341796875,982.9500252100266
C16,4,CONC,3040.63916015625,264.55665024195514
C16,4,HOECHST,3161.765380859375,343.33234728715905
C16,4,MITO,38765.21484375,6370.879490088613
C16,4,PHAandWGA,12642.37890625,1617.4525016573334
C16,4,SYTO,8037.3515625,958.5794555709665
C16,5,CONC,3072.36181640625,258.1161952805744
C16,5,HOECHST,3132.775634765625,321.87755893166866
C16,5,MITO,39402.23046875,6299.882836053515
C16,5,PHAandWGA,13008.197265625,1645.8320578627306
C16,5,SYTO,7723.0048828125,920.5164194867654
C16,6,CONC,3036.22509765625,246.7259103449857
C16,6,HOECHST,3020.93798828125,293.13412378892656
C16,6,MITO,39161.72265625,6214.267173398839
C16,6,PHAandWGA,12998.369140625,1628.2806935934452
C16,6,SYTO,7270.8095703125,868.4918246108065
C16,7,CONC,2942.658935546875,231.38529512931322
C16,7,HOECHST,2875.77685546875,262.1514144692356
C16,7,MITO,38791.328125,5978.923560490366
C16,7,PHAandWGA,12708.88671875,1585.1597502798766
C16,7,SYTO,6610.9736328125,804.4952623268147
C16,8,CONC,2852.7529296875,212.83654786568056
C16,8,HOECHST,2755.974853515625,236.77964474581086
C16,8,MITO,38016.8984375,5765.1367720233575
C16,8,PHAandWGA,12173.26953125,1471.764533557506
C16,8,SYTO,6034.123046875,738.9286025293276
C16,9,CONC,2763.3486328125,194.73005484783633
C16,9,HOECHST,2679.26904296875,216.61664210601984
C16,9,MITO,37451.4765625,5506.2993175844
C16,9,PHAandWGA,11458.2529296875,1303.7536900017167
C16,9,SYTO,5554.85888671875,672.0657090791515
C16,10,CONC,2698.931396484375,179.16636710900505
C16,10,HOECHST,2620.8173828125,196.62868996747085
C16,10,MITO,36244.265625,5199.02472182083
C16,10,PHAandWGA,10855.19140625,1176.962834435488
C16,10,SYTO,5306.96484375,611.1252754450409
C16,11,CONC,2640.041015625,165.36632061461452
C16,11,HOECHST,2569.755859375,176.67060806777457
C16,11,MITO,36039.125,4941.327426413783
C16,11,PHAandWGA,10427.615234375,1077.5494968353655
C16,11,SYTO,5150.42578125,555.6717892562078
C16,12,CONC,2633.724853515625,152.12702914047287
C16,12,HOECHST,2561.7900390625,160.03566685829335
C16,12,MITO,35231.8125,4574.899884601585
C16,12,PHAandWGA,10115.1513671875,982.4295121476499
C16,12,SYTO,5048.017578125,502.99605049512905
C16,13,CONC,2616.96875,138.69024329605054
C16,13,HOECHST,2567.651123046875,144.56222457694454
C16,13,MITO,34298.5,4117.52568036994
C16,13,PHAandWGA,9735.451171875,877.0136528576119
C16,13,SYTO,4967.69970703125,449.4820566770677
C16,14,CONC,2625.1611328125,126.21198689240596
C16,14,HOECHST,2587.45263671875,131.34860953611687
C16,14,MITO,34124.58203125,3602.666308095562
C16,14,PHAandWGA,9349.9921875,764.6016466909388
C16,14,SYTO,4937.7216796875,401.34245726525324
C16,15,CONC,2666.900634765625,114.73950677439655
C16,15,HOECHST,2647.789794921875,119.92237876914552
C16,15,MITO,33425.78515625,3076.7322689692646
C16,15,PHAandWGA,9217.6455078125,665.4907300539631
C16,15,SYTO,4973.3876953125,358.8248922915072
C17,0,CONC,2876.4990234375,125.42786987228016
C17,0,HOECHST,1355.19189453125,44.629552003261836
C17,0,MITO,38785.265625,3748.9264332491025
C17,0,PHAandWGA,12220.357421875,956.4577795214332
C17,0,SYTO,4982.6953125,406.84502854554916
C17,1,CONC,3109.22900390625,158.5419811274053
C17,1,HOECHST,1450.1170654296875,54.94762825668337
C17,1,MITO,40789.02734375,4338.337939241375
C17,1,PHAandWGA,13257.0234375,1159.1704565539399
C17,1,SYTO,5675.73583984375,513.054250459028
C17,2,CONC,3391.05078125,197.99181910442937
C17,2,HOECHST,1582.0313720703125,71.41033726800624
C17,2,MITO,43982.70703125,5038.828547525062
C17,2,PHAandWGA,14473.052734375,1417.8752327671502
C17,2,SYTO,6837.4677734375,642.7371041488271
C17,3,CONC,3654.7900390625,224.76706357026126
C17,3,HOECHST,1700.876953125,82.73326370095027
C17,3,MITO,46769.28515625,5499.670766866819
C17,3,PHAandWGA,15936.6767578125,1606.346297005512
C17,3,SYTO,7740.1416015625,725.9827453767821
C17,4,CONC,3879.587158203125,241.17376731094276
C17,4,HOECHST,1800.0477294921875,90.53818935417122
C17,4,MITO,49234.578125,5807.569447362576
C17,4,PHAandWGA,16843.67578125,1730.1969860310746
C17,4,SYTO,8287.2841796875,771.8520911078995
C17,5,CONC,4005.039794921875,247.44432100996505
C17,5,HOECHST,1891.052734375,93.51668893530795
C17,5,MITO,50780.77734375,5912.7193336829805
C17,5,PHAandWGA,17787.3046875,1782.731367402661
C17,5,SYTO,8392.6337890625,776.4735629567267
C17,6,CONC,4101.5283203125,245.34867908750516
C17,6,HOECHST,1920.4383544921875,90.33772700602208
C17,6,MITO,51975.1640625,5897.868993383036
C17,6,PHAandWGA,18519.5234375,1766.0965923432002
C17,6,SYTO,8078.3310546875,750.1177793972801
C17,7,CONC,4168.47607421875,239.1285620148605
C17,7,HOECHST,1938.033203125,85.14776873675625
C17,7,MITO,52627.3203125,5812.748148455441
C17,7,PHAandWGA,19012.76953125,1721.6028693917783
C17,7,SYTO,7893.50537109375,719.6427551204611
C17,8,CONC,4169.2470703125,231.2855578267036
C17,8,HOECHST,1953.5250244140625,82.64575120989579
C17,8,MITO,53319.6875,5687.680647058791
C17,8,PHAandWGA,19361.78515625,1662.5014410375475
C17,8,SYTO,7785.4326171875,688.0853133593353
C17,9,CONC,4171.70654296875,222.56804252662405
C17,9,HOECHST,1952.410400390625,79.12699171039206
C17,9,MITO,53618.3203125,5541.936252496987
C17,9,PHAandWGA,19209.896484375,1590.3822738659183
C17,9,SYTO,7717.611328125,656.1061873539435
C17,10,CONC,4142.20361328125,214.33274905842612
C17,10,HOECHST,1957.513916015625,74.61748557211911
C17,10,MITO,53617.68359375,5389.443543593313
C17,10,PHAandWGA,19355.00390625,1531.3925786939897
C17,10,SYTO,7566.07421875,624.2699803682809
C17,11,CONC,4158.544921875,206.03892469533895
C17,11,HOECHST,1946.5048828125,70.48414277012968
C17,11,MITO,53382.9609375,5231.1908622969295
C17,11,PHAandWGA,18965.34765625,1467.8576564468299
C17,11,SYTO,7443.6337890625,592.3185964517127
C17,12,CONC,4132.1494140625,198.0359495836059
C17,12,HOECHST,1935.125732421875,66.28706880818017
C17,12,MITO,53603.8359375,5044.6342175577365
C17,12,PHAandWGA,18781.62109375,1407.9073123247579
C17,12,SYTO,7375.4990234375,561.6495092372553
C17,13,CONC,4124.591796875,188.83719957230122
C17,13,HOECHST,1934.474609375,62.24795500373159
C17,13,MITO,53544.390625,4795.21764198194
C17,13,PHAandWGA,18657.7890625,1338.6526832715533
C17,13,SYTO,7306.1826171875,529.0046384492247
C17,14,CONC,4168.875,180.1176213231954
C17,14,HOECHST,1940.8138427734375,59.03411192873633
C17,14,MITO,53859.2421875,4561.307951109246
C17,14,PHAandWGA,18947.35546875,1269.838307405328
C17,14,SYTO,7332.3369140625,496.18051848199883
C17,15,CONC,4217.44091796875,171.318194038528
C17,15,HOECHST,1960.4146728515625,55.54324575374339
C17,15,MITO,53781.359375,4256.758448957498
C17,15,PHAandWGA,18698.51953125,1184.9268318841173
C17,15,SYTO,7398.6845703125,464.5203175172593
C18,0,CONC,5490.3935546875,100.12495222038699
C18,0,HOECHST,3876.992919921875,89.22383970595102
C18,0,MITO,64921.53125,1782.6927980610023
C18,0,PHAandWGA,26087.98828125,758.0603265331363
C18,0,SYTO,15620.861328125,485.1010194653478
C18,1,CONC,5974.916015625,133.75931970577278
C18,1,HOECHST,4194.16259765625,119.12323980581237
C18,1,MITO,67369.7578125,2172.62954697268
C18,1,PHAandWGA,27665.42578125,913.2019459550179
C18,1,SYTO,17460.5546875,637.4912074241008
C18,2,CONC,6553.13427734375,174.4908775404299
C18,2,HOECHST,4603.9853515625,157.52597939541027
C18,2,MITO,72789.953125,2579.8286450255923
C18,2,PHAandWGA,29945.54296875,1114.6480734642996
C18,2,SYTO,19792.1015625,828.5225740858626
C18,3,CONC,7219.0634765625,203.81511490602009
C18,3,HOECHST,5015.22509765625,189.94345386024676
C18,3,MITO,77199.6796875,2858.7614943257404
C18,3,PHAandWGA,32800.37890625,1291.3140651609046
C18,3,SYTO,22647.177734375,970.5535023284361
C18,4,CONC,7781.39453125,223.80407120429928
C18,4,HOECHST,5455.763671875,210.52005285868654
C18,4,MITO,82236.03125,3063.327623013491
C18,4,PHAandWGA,34773.1875,1434.5965211932526
C18,4,SYTO,25156.17578125,1060.5329715764844
C18,5,CONC,8293.8515625,234.00726139862664
C18,5,HOECHST,5825.4892578125,219.48098611101327
C18,5,MITO,86340.4375,3185.461404909143
C18,5,PHAandWGA,37792.8515625,1541.9926514503925
C18,5,SYTO,27458.890625,1104.7890824648161
C18,6,CONC,8599.541015625,235.4898331702325
C18,6,HOECHST,6121.6904296875,223.6718972954215
C18,6,MITO,89382.6875,3249.218172860889
C18,6,PHAandWGA,39178.359375,1601.6795429164463
C18,6,SYTO,29016.56640625,1109.1067454438544
C18,7,CONC,8906.0537109375,230.80320059241055
C18,7,HOECHST,6380.08154296875,222.2286665411153
C18,7,MITO,91594.34375,3241.790583149872
C18,7,PHAandWGA,41083.453125,1596.5874015298098
C18,7,SYTO,30508.109375,1076.868281093543
C18,8,CONC,9131.3291015625,223.35586212587424
C18,8,HOECHST,6534.23583984375,217.08379042077374
C18,8,MITO,93643.0625,3196.170105262041
C18,8,PHAandWGA,42517.5859375,1538.3401605078768
C18,8,SYTO,31740.2265625,1029.9651978966474
C18,9,CONC,9265.2646484375,215.61849049187154
C18,9,HOECHST,6626.27880859375,207.87880420808182
C18,9,MITO,96808.9375,3134.0077454415446
C18,9,PHAandWGA,44105.3125,1483.9271980047
C18,9,SYTO,32154.5234375,975.827934481092
C18,10,CONC,9319.724609375,207.1206997753203
C18,10,HOECHST,6758.7099609375,199.3489281807345
C18,10,MITO,98707.890625,3077.7969250377023
C18,10,PHAandWGA,44517.046875,1427.9242170657014
C18,10,SYTO,32751.705078125,924.7991937785971
C18,11,CONC,9423.826171875,198.9696908989559
C18,11,HOECHST,6861.45263671875,190.7726515774759
C18,11,MITO,100136.734375,3025.821823170803
C18,11,PHAandWGA,45720.4375,1385.891392244575
C18,11,SYTO,33332.125,882.3112321220472
C18,12,CONC,9440.916015625,191.52033281531305
C18,12,HOECHST,6916.10693359375,183.1493631531215
C18,12,MITO,101888.390625,2974.994428743271
C18,12,PHAandWGA,45719.8671875,1350.669026150998
C18,12,SYTO,33391.671875,844.3696161570795
C18,13,CONC,9434.134765625,183.78778900116626
C18,13,HOECHST,6918.00244140625,175.11847099307573
C18,13,MITO,102567.53125,2909.0707773109807
C18,13,PHAandWGA,46432.5859375,1311.7888436399141
C18,13,SYTO,33464.390625,809.3997334509089
C18,14,CONC,9429.337890625,175.5202734014571
C18,14,HOECHST,6960.431640625,167.52101072720598
C18,14,MITO,102711.1640625,2817.6657465400917
C18,14,PHAandWGA,46901.140625,1267.1763259390004
C18,14,SYTO,33534.30078125,771.5461840185474
C18,15,CONC,9523.57421875,167.78230156919568
C18,15,HOECHST,7048.439453125,160.00861934583057
C18,15,MITO,105273.3515625,2738.8480002383003
C18,15,PHAandWGA,47441.46484375,1222.6451669420264
C18,15,SYTO,33339.0234375,731.3313734043443
C19,0,CONC,5631.9150390625,110.58080381845949
C19,0,HOECHST,3936.263671875,93.4054888555691
C19,0,MITO,64996.66015625,1769.012984868162
C19,0,PHAandWGA,26654.82421875,823.4499363399767
C19,0,SYTO,16271.5673828125,535.6097717583357
C19,1,CONC,6159.193359375,144.55132726834773
C19,1,HOECHST,4156.623046875,115.09652133553017
C19,1,MITO,68087.515625,2129.538242481974
C19,1,PHAandWGA,28421.046875,1003.5069198814715
C19,1,SYTO,17924.451171875,675.4858099334895
C19,2,CONC,7209.3212890625,226.3180398400353
C19,2,HOECHST,4778.6884765625,190.74517573558467
C19,2,MITO,74426.0078125,2856.2949047551983
C19,2,PHAandWGA,32013.82421875,1396.1628262666325
C19,2,SYTO,21206.51171875,1035.1662899531614
C19,3,CONC,8140.904296875,280.16490363991176
C19,3,HOECHST,5389.140625,240.15877635635744
C19,3,MITO,80420.875,3361.2508687765417
C19,3,PHAandWGA,34960.6796875,1648.4901846973094
C19,3,SYTO,24296.82421875,1275.6402306264256
C19,4,CONC,8760.9375,301.64086463776295
C19,4,HOECHST,5886.98046875,267.4410586572015
C19,4,MITO,84749.03125,3597.9885682748227
C19,4,PHAandWGA,37389.61328125,1786.8715077893478
C19,4,SYTO,26580.1171875,1364.934438414779
C19,5,CONC,9261.4072265625,310.87022311350614
C19,5,HOECHST,6220.4296875,275.3299034428753
C19,5,MITO,88786.734375,3728.8653580538476
C19,5,PHAandWGA,40318.375,1889.5148879281105
C19,5,SYTO,29242.603515625,1389.6596264792602
C19,6,CONC,9807.8232421875,313.0648032732788
C19,6,HOECHST,6689.27099609375,287.0928802163262
C19,6,MITO,93723.7734375,3805.2716387265577
C19,6,PHAandWGA,42478.359375,1920.5093454053344
C19,6,SYTO,31034.583984375,1387.4566526767387
C19,7,CONC,10237.251953125,308.24390691711807
C19,7,HOECHST,6992.13525390625,280.6450195304089
C19,7,MITO,97607.65625,3787.0374860383513
C19,7,PHAandWGA,44676.953125,1883.150494585174
C19,7,SYTO,32771.671875,1331.2536476946034
C19,8,CONC,10375.404296875,295.21005464061466
C19,8,HOECHST,7040.77490234375,265.30682984699814
C19,8,MITO,100642.203125,3747.7154000749756
C19,8,PHAandWGA,46376.16796875,1833.6021791030637
C19,8,SYTO,34273.88671875,1262.0053591885155
C19,9,CONC,10433.9697265625,279.64629492404293
C19,9,HOECHST,7149.634765625,253.05916767624288
C19,9,MITO,102598.28125,3670.4087811642057
C19,9,PHAandWGA,47315.46484375,1776.5236349512707
C19,9,SYTO,34863.375,1196.1909585571848
C19,10,CONC,10466.7099609375,266.47716471376515
C19,10,HOECHST,7221.4130859375,243.89771057953092
C19,10,MITO,104369.0,3566.140664315397
C19,10,PHAandWGA,48293.05078125,1723.4989699135167
C19,10,SYTO,34989.734375,1138.9468934843976
C19,11,CONC,10463.560546875,253.92985574015248
C19,11,HOECHST,7296.970703125,235.54833999089698
C19,11,MITO,105888.640625,3474.4714206122244
C19,11,PHAandWGA,48909.42578125,1656.8635151286494
C19,11,SYTO,35466.5390625,1079.3581620713148
C19,12,CONC,10350.474609375,243.12970970218996
C19,12,HOECHST,7312.7978515625,223.52411630469538
C19,12,MITO,106523.8984375,3392.585818855646
C19,12,PHAandWGA,48583.11328125,1604.5544344202751
C19,12,SYTO,35479.05078125,1029.992799551048
C19,13,CONC,10348.470703125,232.02587501786823
C19,13,HOECHST,7247.3359375,210.97217471246978
C19,13,MITO,107349.625,3318.4630701288797
C19,13,PHAandWGA,49267.203125,1563.820454041954
C19,13,SYTO,35542.07421875,988.0528647549519
C19,14,CONC,10269.98046875,221.0027143423164
C19,14,HOECHST,7298.9580078125,202.61670822794616
C19,14,MITO,106916.734375,3251.7718932465646
C19,14,PHAandWGA,49270.21484375,1518.9269793663461
C19,14,SYTO,34782.1640625,943.5612739137745
C19,15,CONC,10227.291015625,211.25827234941315
C19,15,HOECHST,7295.7294921875,192.3755127944761
C19,15,MITO,108511.9765625,3177.212554013324
C19,15,PHAandWGA,48620.15625,1475.0915918952537
C19,15,SYTO,34410.796875,896.1089478877637
C20,0,CONC,3984.938232421875,113.53258478402262
C20,0,HOECHST,1661.39013671875,37.27935541521922
C20,0,MITO,51596.3125,2761.4835604077775
C20,0,PHAandWGA,18620.951171875,869.4809470972428
C20,0,SYTO,7352.671875,392.80588090202343
C20,1,CONC,4646.91796875,177.52240184734003
C20,1,HOECHST,1812.245849609375,53.46148432069766
C20,1,MITO,56693.76171875,3747.4205576347936
C20,1,PHAandWGA,20748.109375,1236.3833361815769
C20,1,SYTO,9379.609375,578.119915863729
C20,2,CONC,5810.689453125,298.4797290274452
C20,2,HOECHST,2151.8408203125,99.58626336997096
C20,2,MITO,66791.15625,5380.6061880164725
C20,2,PHAandWGA,25075.9296875,1818.1898755279
C20,2,SYTO,13674.6171875,952.5803700786863
C20,3,CONC,6507.66015625,346.59167664123476
C20,3,HOECHST,2464.23876953125,128.33123236274832
C20,3,MITO,72816.7265625,6091.539289518846
C20,3,PHAandWGA,27833.806640625,2155.1410028414816
C20,3,SYTO,16130.123046875,1135.2251629235482
C20,4,CONC,6977.30859375,365.8558947530015
C20,4,HOECHST,2676.415283203125,147.35989986753248
C20,4,MITO,77227.546875,6319.565483604689
C20,4,PHAandWGA,30755.015625,2355.0786230909807
C20,4,SYTO,18289.501953125,1211.7001958375608
C20,5,CONC,7427.94921875,375.70147801846724
C20,5,HOECHST,2906.947509765625,158.00373234322907
C20,5,MITO,80983.671875,6421.519368968302
C20,5,PHAandWGA,33338.98046875,2413.758167303917
C20,5,SYTO,20091.916015625,1238.259736038608
C20,6,CONC,7692.68310546875,375.63658580572996
C20,6,HOECHST,3041.0615234375,155.37855543523662
C20,6,MITO,83984.0390625,6386.082718597965
C20,6,PHAandWGA,34593.23046875,2365.220469079135
C20,6,SYTO,21307.833984375,1204.5330224650406
C20,7,CONC,7684.71484375,360.1173667465233
C20,7,HOECHST,3078.23046875,151.73276633610521
C20,7,MITO,85454.15625,6224.020329214595
C20,7,PHAandWGA,34694.1953125,2282.4383174926447
C20,7,SYTO,21905.837890625,1147.2002121658059
C20,8,CONC,7649.4072265625,342.9167580560978
C20,8,HOECHST,3128.045654296875,145.0790224387813
C20,8,MITO,86594.296875,6053.185384462905
C20,8,PHAandWGA,35695.0625,2195.2157622652803
C20,8,SYTO,21900.2890625,1087.5988608437133
C20,9,CONC,7520.89599609375,323.8540168458207
C20,9,HOECHST,3072.42626953125,132.73268367080507
C20,9,MITO,86846.1875,5893.5672989390805
C20,9,PHAandWGA,34793.3203125,2071.95698225438
C20,9,SYTO,21208.705078125,1017.5159754743711
C20,10,CONC,7252.93310546875,302.16469199950546
C20,10,HOECHST,3021.93359375,123.86531978977587
C20,10,MITO,85319.28125,5672.6388787395745
C20,10,PHAandWGA,34135.97265625,1968.5441733862538
C20,10,SYTO,20471.37890625,955.2510473467519
C20,11,CONC,7069.4921875,282.1176922243961
C20,11,HOECHST,2992.09716796875,116.45668681808192
C20,11,MITO,84221.46875,5482.4482950455185
C20,11,PHAandWGA,33625.03125,1886.9475062346648
C20,11,SYTO,19501.39453125,895.8502935463084
C20,12,CONC,6971.6591796875,266.1547181914543
C20,12,HOECHST,2918.9013671875,107.57257057339037
C20,12,MITO,83767.921875,5305.017868276367
C20,12,PHAandWGA,33699.5234375,1815.637037767137
C20,12,SYTO,18430.875,839.6539409241038
C20,13,CONC,6839.70751953125,249.95821549313243
C20,13,HOECHST,2885.93017578125,100.05574589056778
C20,13,MITO,83165.3515625,5064.120886902424
C20,13,PHAandWGA,32545.2734375,1701.062603188109
C20,13,SYTO,17104.162109375,775.4302921783755
C20,14,CONC,6800.5986328125,234.42336897473854
C20,14,HOECHST,2803.090576171875,89.91074730839905
C20,14,MITO,82470.34375,4872.308034136684
C20,14,PHAandWGA,32503.732421875,1623.2408596377038
C20,14,SYTO,16224.90234375,721.6798069058704
C20,15,CONC,6717.0908203125,219.00329913938845
C20,15,HOECHST,2779.401123046875,83.73203694842971
C20,15,MITO,82190.8984375,4626.6880667105315
C20,15,PHAandWGA,31617.134765625,1518.7872485394348
C20,15,SYTO,15349.5205078125,668.2894523546122
C23,0,CONC,3017.6376953125,109.624981993876
C23,0,HOECHST,1746.232177734375,56.932231757385715
C23,0,MITO,40622.7109375,2979.488517548123
C23,0,PHAandWGA,12208.869140625,811.5904568640113
C23,0,SYTO,6017.603515625,430.27016429058574
C23,1,CONC,3254.61328125,133.09896962104395
C23,1,HOECHST,1896.9468994140625,72.79379194177372
C23,1,MITO,42026.640625,3304.620239154402
C23,1,PHAandWGA,13386.2080078125,966.4117710615781
C23,1,SYTO,6592.00390625,516.4438966952255
C23,2,CONC,3507.378173828125,159.94417330090636
C23,2,HOECHST,2084.30029296875,93.78639667347417
C23,2,MITO,44981.1484375,3700.913192984415
C23,2,PHAandWGA,14603.681640625,1135.958945373992
C23,2,SYTO,7702.1103515625,623.1356356819001
C23,3,CONC,3722.03955078125,178.5116925825986
C23,3,HOECHST,2229.985595703125,107.60848032728164
C23,3,MITO,47133.125,3926.4142325593734
C23,3,PHAandWGA,15547.0048828125,1240.9945663327812
C23,3,SYTO,8603.423828125,690.2611370974325
C23,4,CONC,3887.10986328125,189.2211042984402
C23,4,HOECHST,2325.2744140625,112.17790313171201
C23,4,MITO,48451.4140625,4075.553335323137
C23,4,PHAandWGA,16336.798828125,1305.1838427426837
C23,4,SYTO,9152.8056640625,718.7456780726097
C23,5,CONC,4036.4287109375,196.1433179734703
C23,5,HOECHST,2407.041015625,115.85923132006988
C23,5,MITO,50045.296875,4217.872465735969
C23,5,PHAandWGA,17376.70703125,1346.9203149249804
C23,5,SYTO,9431.681640625,731.0657286737115
C23,6,CONC,4161.470703125,199.16791672260206
C23,6,HOECHST,2461.57080078125,116.63299351865705
C23,6,MITO,51731.5703125,4329.678553534672
C23,6,PHAandWGA,18215.6328125,1375.40666984029
C23,6,SYTO,9749.5185546875,731.4529136806269
C23,7,CONC,4237.1748046875,198.5914353369194
C23,7,HOECHST,2531.07177734375,115.52147365189526
C23,7,MITO,52738.15625,4358.166034127228
C23,7,PHAandWGA,18508.2421875,1378.9321174782986
C23,7,SYTO,9617.466796875,717.9242514285775
C23,8,CONC,4308.3291015625,196.13184334758142
C23,8,HOECHST,2586.67626953125,113.69172929753967
C23,8,MITO,53821.96484375,4341.151190369623
C23,8,PHAandWGA,19220.337890625,1367.664349668814
C23,8,SYTO,9571.115234375,700.1657290033529
C23,9,CONC,4330.3330078125,191.3580345198707
C23,9,HOECHST,2598.80322265625,110.00968382828711
C23,9,MITO,54505.8515625,4255.8567576744135
C23,9,PHAandWGA,19496.5390625,1340.5249490542708
C23,9,SYTO,9443.7587890625,674.9333768850172
C23,10,CONC,4335.47509765625,186.16881728288956
C23,10,HOECHST,2617.98876953125,105.6793172606089
C23,10,MITO,55653.9609375,4200.382604710749
C23,10,PHAandWGA,19654.3046875,1312.1717292060778
C23,10,SYTO,9398.193359375,651.3504534052094
C23,11,CONC,4364.435546875,181.18768698330894
C23,11,HOECHST,2617.5693359375,100.93916899520451
C23,11,MITO,55759.8046875,4123.62167935701
C23,11,PHAandWGA,19638.29296875,1284.7057699970528
C23,11,SYTO,9240.90234375,628.6681657897152
C23,12,CONC,4399.255859375,176.01530369431308
C23,12,HOECHST,2612.8828125,95.73483020379011
C23,12,MITO,56250.859375,4040.990152382807
C23,12,PHAandWGA,19539.037109375,1252.0140791680872
C23,12,SYTO,9149.1103515625,603.6489775525908
C23,13,CONC,4388.59033203125,169.66831185453955
C23,13,HOECHST,2594.0107421875,90.69718922479757
C23,13,MITO,55718.53125,3919.6928325992826
C23,13,PHAandWGA,19557.96875,1208.2892670734536
C23,13,SYTO,8990.1982421875,576.1873232075785
C23,14,CONC,4415.7373046875,162.89016178315708
C23,14,HOECHST,2624.8330078125,86.1923952201673
C23,14,MITO,56543.546875,3762.75565302187
C23,14,PHAandWGA,19500.875,1153.724313299104
C23,14,SYTO,8963.3466796875,546.2342613148612
C23,15,CONC,4479.5390625,156.28565364415434
C23,15,HOECHST,2671.232421875,82.05324882633663
C23,15,MITO,57220.7421875,3621.4099975506447
C23,15,PHAandWGA,19281.703125,1094.1437696218259
C23,15,SYTO,9004.6923828125,515.7811886218504
D02,0,CONC,10559.0087890625,91.84377116209843
D02,0,HOECHST,6606.65234375,75.28282352503427
D02,0,MITO,97881.5625,1197.0924739914915
D02,0,PHAandWGA,45048.4296875,532.1219655292581
D02,0,SYTO,33187.84375,445.26043669315015
D02,1,CONC,11307.931640625,105.91744148421793
D02,1,HOECHST,6959.76025390625,85.44880696762466
D02,1,MITO,102889.171875,1344.1269911929867
D02,1,PHAandWGA,47115.2421875,598.2565377112144
D02,1,SYTO,35587.53125,508.18149272862775
D02,2,CONC,11965.208984375,114.60505856750588
D02,2,HOECHST,7374.2802734375,93.49195688802956
D02,2,MITO,107518.3125,1404.2693740800366
D02,2,PHAandWGA,49777.0546875,639.92557158166
D02,2,SYTO,38198.80078125,550.2281558364435
D02,3,CONC,12471.986328125,113.98298659655427
D02,3,HOECHST,7748.048828125,97.28379101305462
D02,3,MITO,111314.3125,1363.3989140715128
D02,3,PHAandWGA,52046.5,644.5017791981251
D02,3,SYTO,40236.6640625,557.1331566653554
D02,4,CONC,12911.4541015625,110.0158985484665
D02,4,HOECHST,8056.76953125,97.2905319371359
D02,4,MITO,113939.046875,1295.8981830171303
D02,4,PHAandWGA,53497.96875,630.95089456642
D02,4,SYTO,42654.359375,541.3250128472978
D02,5,CONC,13329.8173828125,105.1956073534224
D02,5,HOECHST,8373.974609375,95.48902238167625
D02,5,MITO,117537.84375,1225.1622997308855
D02,5,PHAandWGA,56339.28515625,612.1327739016275
D02,5,SYTO,44083.171875,522.1348106909284
D02,6,CONC,13631.9111328125,99.52287555247749
D02,6,HOECHST,8597.6484375,91.1122921693146
D02,6,MITO,120037.296875,1149.7322908519711
D02,6,PHAandWGA,58247.00390625,587.0179803254626
D02,6,SYTO,45724.7890625,498.37354938027755
D02,7,CONC,13851.71484375,93.43413510808234
D02,7,HOECHST,8799.36328125,86.47336874793768
D02,7,MITO,120951.96875,1073.9380064780764
D02,7,PHAandWGA,59967.890625,555.0983448302575
D02,7,SYTO,47003.10546875,467.64751320428945
D02,8,CONC,14129.021484375,87.96235401773387
D02,8,HOECHST,9006.4501953125,82.0257945706554
D02,8,MITO,124540.1875,1005.2579533521089
D02,8,PHAandWGA,60910.6875,524.8038883085709
D02,8,SYTO,48561.75,438.95365240245326
D02,9,CONC,14286.3603515625,83.18797992891506
D02,9,HOECHST,9191.84375,78.15848972926625
D02,9,MITO,126204.390625,955.0358671559889
D02,9,PHAandWGA,62818.82421875,497.02701054859574
D02,9,SYTO,49239.1875,412.00384819599316
D02,10,CONC,14460.6669921875,79.00685909822874
D02,10,HOECHST,9349.998046875,75.1900830960913
D02,10,MITO,126980.8984375,912.4012376359792
D02,10,PHAandWGA,63892.85546875,474.06115788190385
D02,10,SYTO,50973.984375,390.1061804546326
D02,11,CONC,14686.060546875,75.26331878695176
D02,11,HOECHST,9490.935546875,72.55168585172399
D02,11,MITO,128074.296875,877.6389839161319
D02,11,PHAandWGA,64471.16796875,452.7031367368369
D02,11,SYTO,51679.1171875,371.70616023070335
D02,12,CONC,14751.009765625,72.42960726814282
D02,12,HOECHST,9630.53515625,70.57003024145551
D02,12,MITO,129121.515625,852.9099164775421
D02,12,PHAandWGA,64974.70703125,437.30745898325404
D02,12,SYTO,51454.43359375,357.84634637675106
D02,13,CONC,14984.2353515625,69.96092290998175
D02,13,HOECHST,9801.130859375,68.91224259616786
D02,13,MITO,130922.8203125,836.742709314338
D02,13,PHAandWGA,66529.578125,423.95397177672714
D02,13,SYTO,52835.390625,346.32575680426885
D02,14,CONC,15190.7763671875,67.75321103183119
D02,14,HOECHST,9934.017578125,67.37437215433503
D02,14,MITO,131700.03125,811.7076823131425
D02,14,PHAandWGA,67340.265625,412.3324801090558
D02,14,SYTO,53332.2265625,334.3498981831338
D02,15,CONC,15342.1044921875,65.37222823498703
D02,15,HOECHST,10094.890625,65.53209836191638
D02,15,MITO,132083.234375,788.4430070468682
D02,15,PHAandWGA,68036.59375,398.0597598064292
D02,15,SYTO,53894.984375,321.3644853100704
D04,0,CONC,8985.8759765625,102.63770899895755
D04,0,HOECHST,5794.4599609375,95.19288009440359
D04,0,MITO,89842.421875,1659.1801243974598
D04,0,PHAandWGA,40175.58984375,678.2478361590696
D04,0,SYTO,29218.359375,543.1185811505719
D04,1,CONC,9630.81640625,118.69102647150926
D04,1,HOECHST,6192.248046875,110.36017832427595
D04,1,MITO,94342.7265625,1796.6169029255302
D04,1,PHAandWGA,42005.93359375,760.3210061008901
D04,1,SYTO,31693.46484375,623.1837625325055
D04,2,CONC,10206.30078125,127.334175582369
D04,2,HOECHST,6600.85693359375,119.83791470129573
D04,2,MITO,99434.578125,1872.5083690353797
D04,2,PHAandWGA,44491.3203125,815.0495055029131
D04,2,SYTO,34327.60546875,673.3199913778063
D04,3,CONC,10708.080078125,128.43905711192107
D04,3,HOECHST,6945.544921875,123.71270420192602
D04,3,MITO,102902.484375,1856.754425828867
D04,3,PHAandWGA,47029.6015625,825.9960286431955
D04,3,SYTO,36490.5625,684.7903986940759
D04,4,CONC,11075.708984375,125.56397008189363
D04,4,HOECHST,7235.87158203125,123.08347125229457
D04,4,MITO,105772.421875,1809.2998246983454
D04,4,PHAandWGA,49145.56640625,818.3122315398341
D04,4,SYTO,38229.09375,675.8404671458511
D04,5,CONC,11494.341796875,121.37314803388468
D04,5,HOECHST,7513.30029296875,120.17728060689203
D04,5,MITO,108406.265625,1751.0789838625176
D04,5,PHAandWGA,50527.609375,796.7062211143543
D04,5,SYTO,40616.46875,649.9814143814237
D04,6,CONC,11830.3095703125,115.84475383489496
D04,6,HOECHST,7751.16943359375,115.66914215045122
D04,6,MITO,112264.3359375,1693.2313486616774
D04,6,PHAandWGA,52913.26953125,770.248474805976
D04,6,SYTO,42466.2421875,619.8192306728508
D04,7,CONC,12124.3681640625,110.20791748954386
D04,7,HOECHST,7964.81201171875,111.02560793081693
D04,7,MITO,114448.875,1632.4803939774122
D04,7,PHAandWGA,53997.05859375,736.8638902534689
D04,7,SYTO,43883.578125,588.5403532541925
D04,8,CONC,12323.765625,104.24030812616411
D04,8,HOECHST,8175.06689453125,106.21528267031503
D04,8,MITO,116152.453125,1590.9570220006474
D04,8,PHAandWGA,55650.5234375,706.6568628567551
D04,8,SYTO,45767.13671875,556.0389905681375
D04,9,CONC,12477.232421875,98.47962797618439
D04,9,HOECHST,8343.0517578125,100.84302572299848
D04,9,MITO,118814.7109375,1538.3895996192343
D04,9,PHAandWGA,57429.9609375,673.7858407699492
D04,9,SYTO,46982.1640625,523.3896724933626
D04,10,CONC,12645.4765625,93.30457976794283
D04,10,HOECHST,8453.193359375,95.96579294160206
D04,10,MITO,120200.1875,1501.728850582458
D04,10,PHAandWGA,58224.33203125,644.3311574279772
D04,10,SYTO,47925.66796875,495.4278933024493
D04,11,CONC,12706.93359375,88.64942539278871
D04,11,HOECHST,8545.0322265625,92.22400067439035
D04,11,MITO,122378.8125,1456.1923346774504
D04,11,PHAandWGA,58446.4453125,618.2312889534008
D04,11,SYTO,47541.6640625,469.24106574198856
D04,12,CONC,12832.740234375,84.74813081333157
D04,12,HOECHST,8640.5419921875,88.9086244229965
D04,12,MITO,122736.03125,1420.882050198847
D04,12,PHAandWGA,60071.15234375,599.0937525386065
D04,12,SYTO,48780.0,450.59184275411656
D04,13,CONC,12844.705078125,81.25524615547812
D04,13,HOECHST,8765.439453125,85.81258070987133
D04,13,MITO,123804.65625,1375.9857304251464
D04,13,PHAandWGA,60055.78125,578.6150652917544
D04,13,SYTO,48198.515625,430.998167277934
D04,14,CONC,12984.6484375,77.98036746582274
D04,14,HOECHST,8833.27734375,82.79156397653408
D04,14,MITO,126135.265625,1333.6354343234514
D04,14,PHAandWGA,60487.12890625,559.8256365655134
D04,14,SYTO,49254.8125,413.5205788359761
D04,15,CONC,13145.4013671875,74.89261923855335
D04,15,HOECHST,8949.93359375,80.13874713127294
D04,15,MITO,125897.140625,1286.319739645781
D04,15,PHAandWGA,61572.89453125,540.5172431101529
D04,15,SYTO,49741.59375,396.74662554736653
D06,0,CONC,3845.61279296875,113.90426244967072
D06,0,HOECHST,1713.7646484375,43.238151250290315
D06,0,MITO,46146.85546875,2751.533050855192
D06,0,PHAandWGA,14578.2802734375,758.149992959015
D06,0,SYTO,7049.2568359375,410.73019959927313
D06,1,CONC,4178.337890625,147.0891806359972
D06,1,HOECHST,1876.553955078125,57.68371642605647
D06,1,MITO,49463.9296875,3255.2687161731205
D06,1,PHAandWGA,15967.953125,929.1244742108983
D06,1,SYTO,8107.7578125,519.708403772095
D06,2,CONC,4522.5390625,178.1579225217858
D06,2,HOECHST,2023.1004638671875,71.76748615712523
D06,2,MITO,52956.0703125,3683.3411110285792
D06,2,PHAandWGA,17339.638671875,1090.048208743585
D06,2,SYTO,9641.482421875,626.4231777115051
D06,3,CONC,4850.3935546875,195.35768938033524
D06,3,HOECHST,2183.753662109375,80.80596149406297
D06,3,MITO,55697.9609375,3861.1356924808597
D06,3,PHAandWGA,18651.85546875,1184.0324684075283
D06,3,SYTO,10833.48828125,685.9679681381461
D06,4,CONC,5073.20947265625,200.02462447243906
D06,4,HOECHST,2296.154052734375,85.61339085125798
D06,4,MITO,57539.5078125,3929.0189651604783
D06,4,PHAandWGA,19917.05859375,1221.6209503332484
D06,4,SYTO,11336.0029296875,703.1740387600593
D06,5,CONC,5192.126953125,198.44692959435187
D06,5,HOECHST,2404.364501953125,86.84394752035718
D06,5,MITO,59054.265625,3919.2681422419037
D06,5,PHAandWGA,20722.6796875,1235.1614402660953
D06,5,SYTO,11622.6875,702.063194611516
D06,6,CONC,5208.8017578125,195.86902957276246
D06,6,HOECHST,2446.900390625,86.45502369860834
D06,6,MITO,60252.4375,3936.031068121383
D06,6,PHAandWGA,21768.66796875,1238.7576812283087
D06,6,SYTO,11581.2734375,694.4067732451055
D06,7,CONC,5304.96337890625,191.93814718179615
D06,7,HOECHST,2494.20556640625,83.47773260011084
D06,7,MITO,60295.28125,3879.350221844486
D06,7,PHAandWGA,22285.6015625,1229.2478026055846
D06,7,SYTO,11432.751953125,676.6344872739679
D06,8,CONC,5314.4443359375,187.47847941829463
D06,8,HOECHST,2485.684326171875,80.16006924967802
D06,8,MITO,61037.8671875,3825.1880080879782
D06,8,PHAandWGA,22760.07421875,1214.0397951682503
D06,8,SYTO,11193.8671875,656.1025448791521
D06,9,CONC,5344.322265625,181.96103242069026
D06,9,HOECHST,2483.4853515625,76.27040989131923
D06,9,MITO,61820.1796875,3759.8860140612287
D06,9,PHAandWGA,22788.81640625,1190.379425490985
D06,9,SYTO,11052.5859375,634.0892048968765
D06,10,CONC,5351.724609375,176.5531586913514
D06,10,HOECHST,2494.140380859375,73.04215904618297
D06,10,MITO,61497.76171875,3671.3302094300498
D06,10,PHAandWGA,22979.61328125,1166.4846395850088
D06,10,SYTO,10861.1826171875,609.7923623961127
D06,11,CONC,5392.2978515625,171.07265625079842
D06,11,HOECHST,2482.72314453125,69.78454834531236
D06,11,MITO,61969.5390625,3606.482219906336
D06,11,PHAandWGA,22866.70703125,1138.7172724435309
D06,11,SYTO,10804.3173828125,585.6261932877976
D06,12,CONC,5437.3818359375,165.46847995624884
D06,12,HOECHST,2502.4951171875,66.9974911407721
D06,12,MITO,62775.078125,3494.033040295559
D06,12,PHAandWGA,22754.55859375,1102.1246165365942
D06,12,SYTO,10765.01953125,561.0103298615109
D06,13,CONC,5483.1845703125,158.81467244794513
D06,13,HOECHST,2525.44873046875,64.23531270378393
D06,13,MITO,62889.265625,3346.7079627535454
D06,13,PHAandWGA,22756.4453125,1060.7889004522392
D06,13,SYTO,10745.4912109375,535.1329289530044
D06,14,CONC,5545.56396484375,152.57874136458022
D06,14,HOECHST,2569.69580078125,61.67451799418828
D06,14,MITO,64617.98046875,3215.700026787038
D06,14,PHAandWGA,23161.333984375,1023.5110577568507
D06,14,SYTO,10849.4130859375,511.30914248121826
D06,15,CONC,5628.50146484375,146.35687254316943
D06,15,HOECHST,2610.708984375,59.26461296739244
D06,15,MITO,64665.5546875,3075.516124130144
D06,15,PHAandWGA,22927.22265625,978.1703186496844
D06,15,SYTO,10935.541015625,486.80187447992404
D07,0,CONC,3668.97021484375,81.67345388106045
D07,0,HOECHST,2008.1654052734375,40.31453055475822
D07,0,MITO,46595.671875,1891.1982090757203
D07,0,PHAandWGA,14951.439453125,621.0893999116713
D07,0,SYTO,8518.6611328125,382.4051511968945
D07,1,CONC,3816.734375,89.56329448491613
D07,1,HOECHST,2103.654296875,44.861526464240804
D07,1,MITO,47130.94140625,1978.8156889703873
D07,1,PHAandWGA,15657.96484375,671.237389654882
D07,1,SYTO,9058.7626953125,415.9797891201928
D07,2,CONC,3991.353515625,97.23240573670218
D07,2,HOECHST,2198.691650390625,48.539210977127546
D07,2,MITO,48897.76953125,2070.69442490747
D07,2,PHAandWGA,16378.669921875,716.7608564718622
D07,2,SYTO,9619.1923828125,446.5116001456449
D07,3,CONC,4119.54931640625,102.65644951406397
D07,3,HOECHST,2275.391845703125,51.40235187223495
D07,3,MITO,49649.109375,2144.5484781080013
D07,3,PHAandWGA,17122.919921875,757.4944792278812
D07,3,SYTO,10173.4296875,471.1577058165113
D07,4,CONC,4280.564453125,106.58154374387172
D07,4,HOECHST,2371.849609375,53.918571178921376
D07,4,MITO,51285.16796875,2201.6057483846644
D07,4,PHAandWGA,17874.099609375,784.1811748701073
D07,4,SYTO,10487.076171875,485.92536303666407
D07,5,CONC,4435.59375,109.85426428008353
D07,5,HOECHST,2454.150634765625,55.96049788185488
D07,5,MITO,52936.34765625,2261.737643292377
D07,5,PHAandWGA,18682.03125,808.4617371482051
D07,5,SYTO,10917.82421875,497.2475471694131
D07,6,CONC,4563.67626953125,112.26793676486685
D07,6,HOECHST,2542.2265625,57.545937789784944
D07,6,MITO,54802.54296875,2292.7427464129323
D07,6,PHAandWGA,19616.9140625,820.0561310546332
D07,6,SYTO,11189.5859375,502.1784904193972
D07,7,CONC,4681.2236328125,113.1174731140876
D07,7,HOECHST,2622.62646484375,58.21792099548102
D07,7,MITO,56021.140625,2298.674152957857
D07,7,PHAandWGA,20448.134765625,822.4112827132352
D07,7,SYTO,11511.23046875,502.20088998566536
D07,8,CONC,4818.201171875,113.48829449128134
D07,8,HOECHST,2678.8798828125,58.23872509647534
D07,8,MITO,56946.26171875,2262.6147599295614
D07,8,PHAandWGA,21258.55859375,818.0301194755267
D07,8,SYTO,11696.86328125,495.3814588168479
D07,9,CONC,4920.86328125,112.71348487900713
D07,9,HOECHST,2746.4345703125,57.80297075778634
D07,9,MITO,58279.359375,2248.1859634324205
D07,9,PHAandWGA,21857.796875,809.7893111541248
D07,9,SYTO,11829.9404296875,486.46160108999607
D07,10,CONC,5008.69482421875,111.50885096815126
D07,10,HOECHST,2808.00341796875,56.87062196330465
D07,10,MITO,59058.23046875,2214.8358684403574
D07,10,PHAandWGA,22441.203125,799.189135320018
D07,10,SYTO,11996.6455078125,475.38003048301056
D07,11,CONC,5091.37451171875,109.67112197890297
D07,11,HOECHST,2843.8603515625,55.49883290188372
D07,11,MITO,59966.1484375,2181.130183189874
D07,11,PHAandWGA,22757.2890625,783.3672107983015
D07,11,SYTO,12106.013671875,463.8223253508327
D07,12,CONC,5142.53515625,107.14573613869705
D07,12,HOECHST,2872.9404296875,53.912352189377756
D07,12,MITO,60277.88671875,2120.3894103094126
D07,12,PHAandWGA,23221.974609375,766.0906466617013
D07,12,SYTO,12184.634765625,449.7461973070508
D07,13,CONC,5233.951171875,104.29127789122234
D07,13,HOECHST,2902.62890625,52.19917000988263
D07,13,MITO,61817.14453125,2067.60054187506
D07,13,PHAandWGA,23467.71484375,743.1572470851467
D07,13,SYTO,12279.5400390625,433.40868956385407
D07,14,CONC,5294.517578125,101.3324826331373
D07,14,HOECHST,2952.95947265625,50.52641624586678
D07,14,MITO,62067.46875,1990.4907736148361
D07,14,PHAandWGA,23637.5234375,720.7466610925584
D07,14,SYTO,12379.986328125,417.11522502846765
D07,15,CONC,5349.7763671875,98.0814098986005
D07,15,HOECHST,2994.03125,48.83107768080824
D07,15,MITO,62965.5078125,1936.1915878963987
D07,15,PHAandWGA,23718.736328125,692.3798011213102
D07,15,SYTO,12480.8701171875,399.76005052337763
D08,0,CONC,2050.912841796875,79.80396389656973
D08,0,HOECHST,1110.587158203125,29.956427730307517
D08,0,MITO,27195.509765625,2859.326574431265
D08,0,PHAandWGA,5333.7841796875,405.6620259721345
D08,0,SYTO,3109.41796875,233.2900052548963
D08,1,CONC,2318.80712890625,121.99871959197559
D08,1,HOECHST,1250.921630859375,49.14068552496876
D08,1,MITO,29787.54296875,3846.7260070576194
D08,1,PHAandWGA,6723.1142578125,602.0864700097742
D08,1,SYTO,3648.3564453125,350.1419140359588
D08,2,CONC,2704.847900390625,179.95138609692583
D08,2,HOECHST,1454.9248046875,84.39712189749655
D08,2,MITO,34193.2578125,5095.612651551799
D08,2,PHAandWGA,8636.642578125,858.8627915141493
D08,2,SYTO,4504.62939453125,516.7332623231407
D08,3,CONC,2959.28271484375,212.4032415824217
D08,3,HOECHST,1628.854248046875,106.99281376309764
D08,3,MITO,37428.17578125,5652.708181460436
D08,3,PHAandWGA,10218.0849609375,1007.2960598462108
D08,3,SYTO,5209.3251953125,614.8109494029432
D08,4,CONC,3051.055419921875,216.444069892521
D08,4,HOECHST,1714.01025390625,110.40811547033245
D08,4,MITO,38851.875,5724.72645291276
D08,4,PHAandWGA,11123.9033203125,1048.2938840529187
D08,4,SYTO,5450.9560546875,637.8890879133534
D08,5,CONC,3082.51123046875,208.99924851860678
D08,5,HOECHST,1727.83740234375,103.92665559969272
D08,5,MITO,39799.45703125,5626.420888666911
D08,5,PHAandWGA,11530.91796875,1035.529052175201
D08,5,SYTO,5460.5205078125,617.212334838436
D08,6,CONC,3077.65380859375,198.18809399776038
D08,6,HOECHST,1714.75341796875,93.29634392221078
D08,6,MITO,39604.53515625,5467.477967232633
D08,6,PHAandWGA,11528.9990234375,997.9497092989285
D08,6,SYTO,5423.8857421875,584.0817382472451
D08,7,CONC,3066.7861328125,187.15177561895504
D08,7,HOECHST,1681.019287109375,83.21660349984694
D08,7,MITO,39164.66015625,5198.465059674853
D08,7,PHAandWGA,11162.51171875,936.7214160368788
D08,7,SYTO,5306.3154296875,544.3635144716807
D08,8,CONC,3047.91064453125,177.43397148140903
D08,8,HOECHST,1648.8675537109375,74.93217854623119
D08,8,MITO,39093.69140625,4973.10384156032
D08,8,PHAandWGA,10522.197265625,878.9501151200907
D08,8,SYTO,5242.345703125,506.9590852426941
D08,9,CONC,3020.6875,165.79942563239814
D08,9,HOECHST,1614.802978515625,67.38013606999306
D08,9,MITO,38095.5703125,4687.4452508345885
D08,9,PHAandWGA,9774.654296875,817.0736648053236
D08,9,SYTO,5107.884765625,469.0559092477558
D08,10,CONC,2976.78759765625,155.9973795082277
D08,10,HOECHST,1591.3408203125,62.06796133036867
D08,10,MITO,37506.734375,4461.552140165828
D08,10,PHAandWGA,9055.634765625,765.2947368115448
D08,10,SYTO,5008.3701171875,438.75305657312003
D08,11,CONC,2957.70361328125,146.97582628178714
D08,11,HOECHST,1578.971923828125,58.14461821381143
D08,11,MITO,37191.328125,4226.456150292082
D08,11,PHAandWGA,8503.8798828125,712.0433187869421
D08,11,SYTO,4885.025390625,408.69571814638687
D08,12,CONC,2948.284912109375,139.01945682621627
D08,12,HOECHST,1576.857421875,54.6198043640609
D08,12,MITO,37081.03125,4005.7717730855506
D08,12,PHAandWGA,8145.103515625,665.6936496530161
D08,12,SYTO,4820.5361328125,383.1360046798952
D08,13,CONC,2939.53759765625,131.02523466060038
D08,13,HOECHST,1577.167236328125,51.23076813339136
D08,13,MITO,36933.0390625,3761.6424953906558
D08,13,PHAandWGA,7917.1064453125,619.2870797479411
D08,13,SYTO,4732.10009765625,355.9977527522771
D08,14,CONC,2972.077392578125,123.34887168749043
D08,14,HOECHST,1586.36181640625,48.1569689832322
D08,14,MITO,36590.97265625,3504.2662163041073
D08,14,PHAandWGA,7726.7724609375,573.8709777996035
D08,14,SYTO,4718.89990234375,330.8039814388506
D08,15,CONC,2993.9169921875,116.18364451911837
D08,15,HOECHST,1590.6673583984375,45.40276409103566
D08,15,MITO,36683.984375,3249.912230561158
D08,15,PHAandWGA,7638.95166015625,531.5807882845415
D08,15,SYTO,4753.75,308.44589314738823
D10,0,CONC,2812.795166015625,146.17618967165427
D10,0,HOECHST,1537.851318359375,63.16044523546049
D10,0,MITO,31046.94140625,3487.0783336010945
D10,0,PHAandWGA,9563.1123046875,921.2890786582404
D10,0,SYTO,5101.11669921875,492.3222394388188
D10,1,CONC,3210.193603515625,208.79683177197467
D10,1,HOECHST,1748.876953125,98.72466514656323
D10,1,MITO,33840.1328125,4305.9737380866045
D10,1,PHAandWGA,11257.7412109375,1189.1089945519764
D10,1,SYTO,6705.5517578125,697.6974392846051
D10,2,CONC,3522.25830078125,245.8796180942538
D10,2,HOECHST,1946.666748046875,124.90569060796275
D10,2,MITO,36720.68359375,4789.091875344559
D10,2,PHAandWGA,12653.50390625,1369.63899581818
D10,2,SYTO,8125.43310546875,827.5723546681693
D10,3,CONC,3752.12890625,261.11828901959944
D10,3,HOECHST,2064.84814453125,136.40176480432876
D10,3,MITO,38763.00390625,5017.569820937735
D10,3,PHAandWGA,13707.107421875,1458.2479437053253
D10,3,SYTO,8881.83203125,869.5298601537759
D10,4,CONC,3872.926513671875,265.43908384127553
D10,4,HOECHST,2160.000244140625,140.75423402014678
D10,4,MITO,39876.2109375,5093.176149338241
D10,4,PHAandWGA,14551.412109375,1483.2338484612815
D10,4,SYTO,8833.66015625,868.2673052064118
D10,5,CONC,3926.16845703125,263.88596902625704
D10,5,HOECHST,2227.32275390625,139.89412796898492
D10,5,MITO,40519.4765625,5081.384339869292
D10,5,PHAandWGA,15389.2734375,1480.0237502233053
D10,5,SYTO,8692.6083984375,851.7846022430364
D10,6,CONC,3983.0439453125,261.1371363031865
D10,6,HOECHST,2247.90771484375,136.32204764969947
D10,6,MITO,41120.58203125,5073.475023022366
D10,6,PHAandWGA,15870.63671875,1460.7066336234
D10,6,SYTO,8187.841796875,824.7440819306273
D10,7,CONC,3991.35498046875,255.4568578114479
D10,7,HOECHST,2262.719482421875,131.67369276577352
D10,7,MITO,41469.4296875,5003.505489340277
D10,7,PHAandWGA,16064.4833984375,1432.4586495462243
D10,7,SYTO,7952.8017578125,795.068032091718
D10,8,CONC,3961.0966796875,247.13291406310591
D10,8,HOECHST,2256.92529296875,125.78735454553646
D10,8,MITO,42014.10546875,4901.01386067969
D10,8,PHAandWGA,16172.65234375,1397.2214286952858
D10,8,SYTO,7619.13818359375,763.3148569633476
D10,9,CONC,3946.725341796875,235.01699462863542
D10,9,HOECHST,2244.97705078125,118.70625283891658
D10,9,MITO,41354.48046875,4727.673558977795
D10,9,PHAandWGA,15649.287109375,1351.9435378408803
D10,9,SYTO,7408.23046875,725.2803547643036
D10,10,CONC,3921.893310546875,223.50933687379234
D10,10,HOECHST,2224.33642578125,112.03760981614587
D10,10,MITO,41712.68359375,4565.66163820894
D10,10,PHAandWGA,15855.9453125,1299.6362348197429
D10,10,SYTO,7315.8642578125,686.0844487988965
D10,11,CONC,3891.27685546875,212.07949613073762
D10,11,HOECHST,2217.82470703125,105.0986223731944
D10,11,MITO,41873.62109375,4385.128347464668
D10,11,PHAandWGA,15371.7568359375,1237.3672942775881
D10,11,SYTO,7207.30859375,647.2975705261845
D10,12,CONC,3894.45068359375,200.02710964085915
D10,12,HOECHST,2216.326171875,97.82945583652051
D10,12,MITO,41689.6953125,4178.777094376592
D10,12,PHAandWGA,15400.203125,1178.7124244310592
D10,12,SYTO,7119.7666015625,604.9244917435462
D10,13,CONC,3880.00390625,188.3608460204172
D10,13,HOECHST,2204.0546875,91.02997090763348
D10,13,MITO,41463.71484375,3930.2852011247055
D10,13,PHAandWGA,15217.595703125,1108.84010495265
D10,13,SYTO,7051.34765625,565.0607047219871
D10,14,CONC,3938.74267578125,175.98392899644867
D10,14,HOECHST,2214.60888671875,84.44452390287127
D10,14,MITO,41571.359375,3680.4760255638525
D10,14,PHAandWGA,14881.759765625,1028.933728691209
D10,14,SYTO,7066.8037109375,521.271644865489
D10,15,CONC,3952.64453125,164.17116186388628
D10,15,HOECHST,2226.8701171875,78.12640005622976
D10,15,MITO,42530.3359375,3415.6244569666305
D10,15,PHAandWGA,14675.1103515625,951.2019196658549
D10,15,SYTO,7086.89697265625,480.74324597472173
D11,0,CONC,1569.6314697265625,69.03950691168981
D11,0,HOECHST,1030.264892578125,31.16935611399524
D11,0,MITO,18611.3125,2756.0030026055115
D11,0,PHAandWGA,4030.697265625,397.9113700527809
D11,0,SYTO,2223.36328125,197.4477726943433
D11,1,CONC,1629.6943359375,81.92824921031203
D11,1,HOECHST,1077.6087646484375,37.788321553882966
D11,1,MITO,18820.27734375,3007.856935268777
D11,1,PHAandWGA,4246.16796875,456.6512776571516
D11,1,SYTO,2375.067626953125,231.82612106385324
D11,2,CONC,1744.665283203125,98.7390378562318
D11,2,HOECHST,1152.1982421875,47.55766975269472
D11,2,MITO,19749.58203125,3361.0555347820336
D11,2,PHAandWGA,4751.173828125,533.8581903200169
D11,2,SYTO,2550.0751953125,277.33701180843207
D11,3,CONC,1848.826171875,114.39968949327691
D11,3,HOECHST,1225.8133544921875,57.82609030751561
D11,3,MITO,20609.34765625,3732.2672343878367
D11,3,PHAandWGA,5395.4345703125,611.6330581674299
D11,3,SYTO,2755.32421875,320.7585352085815
D11,4,CONC,1915.6368408203125,124.71174959097823
D11,4,HOECHST,1286.2252197265625,64.53600231086342
D11,4,MITO,21811.32421875,3939.9899050575714
D11,4,PHAandWGA,5743.95751953125,663.3880162518024
D11,4,SYTO,2914.61572265625,347.65691481321926
D11,5,CONC,1979.1842041015625,131.16202253160256
D11,5,HOECHST,1322.1192626953125,68.10646174709115
D11,5,MITO,22375.046875,4064.930825013542
D11,5,PHAandWGA,6116.431640625,699.4313390744163
D11,5,SYTO,3011.994140625,361.2807284687465
D11,6,CONC,2023.345703125,133.98161274261747
D11,6,HOECHST,1357.013916015625,68.63287639655783
D11,6,MITO,22866.25,4124.165739882558
D11,6,PHAandWGA,6239.103515625,713.5965483789236
D11,6,SYTO,3068.349609375,365.4032535011133
D11,7,CONC,2075.42626953125,134.91638564272674
D11,7,HOECHST,1350.4609375,67.51183927215578
D11,7,MITO,23090.14453125,4098.381314704731
D11,7,PHAandWGA,6331.05859375,713.3281786672137
D11,7,SYTO,3132.785400390625,363.5834306331335
D11,8,CONC,2094.17919921875,133.41391781325342
D11,8,HOECHST,1362.255859375,65.48285525883826
D11,8,MITO,23667.9765625,4069.619396647017
D11,8,PHAandWGA,6361.2822265625,703.1377914605533
D11,8,SYTO,3146.86767578125,356.7862043103633
D11,9,CONC,2113.950439453125,130.7635610798687
D11,9,HOECHST,1355.85693359375,63.037279961502776
D11,9,MITO,23788.74609375,3970.7937266376507
D11,9,PHAandWGA,6268.6259765625,684.7010374444634
D11,9,SYTO,3147.44775390625,345.34121594992104
D11,10,CONC,2129.4482421875,126.8147865737904
D11,10,HOECHST,1356.5068359375,60.088781826715916
D11,10,MITO,23796.125,3832.0583664828346
D11,10,PHAandWGA,6135.62890625,658.5885559882876
D11,10,SYTO,3155.33349609375,330.55593030952997
D11,11,CONC,2153.23876953125,122.48299101092817
D11,11,HOECHST,1358.80712890625,57.037051610954684
D11,11,MITO,24004.306640625,3667.9917068477716
D11,11,PHAandWGA,6010.537109375,628.0405944927847
D11,11,SYTO,3149.78759765625,314.9804438677882
D11,12,CONC,2171.7724609375,117.31801032859983
D11,12,HOECHST,1364.029296875,53.533309660367884
D11,12,MITO,24143.373046875,3491.5277636580163
D11,12,PHAandWGA,5933.951171875,596.6936389262495
D11,12,SYTO,3159.44091796875,297.11380084165086
D11,13,CONC,2188.301025390625,112.15028774910388
D11,13,HOECHST,1382.3232421875,50.48902247052116
D11,13,MITO,24743.986328125,3303.876789747244
D11,13,PHAandWGA,5882.5498046875,562.234069093619
D11,13,SYTO,3210.619873046875,279.5138440672172
D11,14,CONC,2217.814453125,106.40369738783978
D11,14,HOECHST,1404.049072265625,47.347407302836686
D11,14,MITO,24852.28125,3098.051747388528
D11,14,PHAandWGA,5863.88330078125,527.1623374806113
D11,14,SYTO,3230.65576171875,262.27158721410484
D11,15,CONC,2264.0390625,100.37196158614223
D11,15,HOECHST,1420.563232421875,44.306327253511064
D11,15,MITO,25135.501953125,2883.9086662937893
D11,15,PHAandWGA,5837.642578125,489.867704963107
D11,15,SYTO,3253.630615234375,242.0803749549662
D12,0,CONC,7325.03955078125,96.35764564505561
D12,0,HOECHST,4773.12841796875,87.05438689987851
D12,0,MITO,72603.046875,1436.659559222441
D12,0,PHAandWGA,32799.6484375,678.0018182576523
D12,0,SYTO,22990.55859375,504.1012743579529
D12,1,CONC,8040.099609375,129.4334469757243
D12,1,HOECHST,5141.80078125,112.07176678852649
D12,1,MITO,76118.6875,1772.196180503311
D12,1,PHAandWGA,35004.2578125,811.4985399024098
D12,1,SYTO,24968.83203125,626.6326245483601
D12,2,CONC,9285.197265625,197.84634052506078
D12,2,HOECHST,5782.19921875,157.03795400153302
D12,2,MITO,85204.203125,2434.13391848242
D12,2,PHAandWGA,38467.01953125,1111.3245320768985
D12,2,SYTO,27944.56640625,886.9612022779077
D12,3,CONC,10551.845703125,248.6674604220786
D12,3,HOECHST,6633.30615234375,213.56692804528365
D12,3,MITO,93119.859375,2784.6806321148233
D12,3,PHAandWGA,42482.828125,1342.3929170736137
D12,3,SYTO,31680.75390625,1130.7543464115195
D12,4,CONC,11392.3125,253.10011665444136
D12,4,HOECHST,7281.9599609375,229.1273288576446
D12,4,MITO,97958.5,2786.1776599891846
D12,4,PHAandWGA,45808.59375,1419.2531859188523
D12,4,SYTO,35686.40625,1205.2090263653824
D12,5,CONC,12072.0087890625,243.8803955616459
D12,5,HOECHST,7802.02001953125,225.44690251545572
D12,5,MITO,102958.6953125,2702.391697636224
D12,5,PHAandWGA,49520.5625,1423.3176289035546
D12,5,SYTO,39427.9375,1177.1849272147979
D12,6,CONC,12353.701171875,227.3554512168993
D12,6,HOECHST,8126.28466796875,217.41836519297536
D12,6,MITO,107180.953125,2555.2463502324963
D12,6,PHAandWGA,51871.60546875,1369.1312685095725
D12,6,SYTO,41704.62890625,1108.1134850908104
D12,7,CONC,12444.98046875,209.51251934510833
D12,7,HOECHST,8329.1171875,204.84770640393015
D12,7,MITO,108052.5859375,2412.1507344889283
D12,7,PHAandWGA,54305.2421875,1298.5604239739714
D12,7,SYTO,43363.73046875,1030.04788253671
D12,8,CONC,12547.3671875,194.6663385151271
D12,8,HOECHST,8398.5927734375,188.99581721419725
D12,8,MITO,109738.4609375,2274.2863920587206
D12,8,PHAandWGA,55111.01953125,1229.4293466811362
D12,8,SYTO,44485.5234375,956.2536504406535
D12,9,CONC,12591.4697265625,181.2411503643388
D12,9,HOECHST,8411.8466796875,174.73456626498017
D12,9,MITO,110051.1640625,2146.1306107491587
D12,9,PHAandWGA,56075.63671875,1156.585463995391
D12,9,SYTO,44622.96484375,881.9947556001799
D12,10,CONC,12542.798828125,167.24622231882026
D12,10,HOECHST,8513.779296875,162.35613301878163
D12,10,MITO,111622.078125,2025.3694252111297
D12,10,PHAandWGA,57630.625,1086.1326457439586
D12,10,SYTO,46098.06640625,816.8976130535272
D12,11,CONC,12446.037109375,155.82614835711635
D12,11,HOECHST,8494.138671875,151.5972035884634
D12,11,MITO,111655.46875,1933.7196978455827
D12,11,PHAandWGA,57552.9609375,1029.6507226247215
D12,11,SYTO,46482.296875,765.1359987294609
D12,12,CONC,12372.5703125,144.55563309765856
D12,12,HOECHST,8527.8427734375,141.42805891830284
D12,12,MITO,112925.5625,1840.435440101586
D12,12,PHAandWGA,58572.703125,979.2136823832343
D12,12,SYTO,45686.5234375,713.8156288909321
D12,13,CONC,12306.267578125,135.67596535645578
D12,13,HOECHST,8509.626953125,132.81825428336845
D12,13,MITO,112548.46875,1767.710202843569
D12,13,PHAandWGA,57659.9609375,937.0597890046148
D12,13,SYTO,45688.34375,672.1713208693617
D12,14,CONC,12151.2060546875,129.85191319074235
D12,14,HOECHST,8457.35546875,127.69230224826643
D12,14,MITO,111507.171875,1736.1314925163638
D12,14,PHAandWGA,58334.2578125,921.7476341109312
D12,14,SYTO,45578.58203125,650.3856393746621
D12,15,CONC,11998.6142578125,125.15906188041954
D12,15,HOECHST,8372.6806640625,123.54852737210237
D12,15,MITO,112154.34375,1717.7642935394758
D12,15,PHAandWGA,57154.65625,906.4203234185442
D12,15,SYTO,44383.265625,631.0847377770023
D13,0,CONC,7684.98828125,151.4138473269106
D13,0,HOECHST,5373.35009765625,138.4327928951765
D13,0,MITO,87978.0625,2107.7683577311996
D13,0,PHAandWGA,34990.87109375,956.5565091455649
D13,0,SYTO,23732.04296875,728.5015248523066
D13,1,CONC,9220.919921875,248.54118601698386
D13,1,HOECHST,6523.7041015625,257.29272351525236
D13,1,MITO,95236.796875,2799.237838793135
D13,1,PHAandWGA,39428.41796875,1356.1692806201272
D13,1,SYTO,27485.736328125,1165.0406122638014
D13,2,CONC,10459.9912109375,296.41985494686526
D13,2,HOECHST,7489.81201171875,326.9727852960455
D13,2,MITO,101754.7109375,3240.7824235503767
D13,2,PHAandWGA,43242.3515625,1605.843605058711
D13,2,SYTO,31416.169921875,1391.5886493821795
D13,3,CONC,11492.453125,317.746524679883
D13,3,HOECHST,8279.9970703125,351.2308647198921
D13,3,MITO,109211.625,3489.2959379503714
D13,3,PHAandWGA,47704.60546875,1757.4346038079743
D13,3,SYTO,35271.7734375,1477.88023251137
D13,4,CONC,12362.935546875,321.377014226503
D13,4,HOECHST,9077.154296875,370.90243590096793
D13,4,MITO,117433.96875,3610.833530527422
D13,4,PHAandWGA,51196.93359375,1815.1946581098402
D13,4,SYTO,39158.6640625,1469.993416421835
D13,5,CONC,12985.580078125,312.8581799267624
D13,5,HOECHST,9433.38671875,348.8590411592958
D13,5,MITO,122608.3828125,3643.5420936933915
D13,5,PHAandWGA,54632.59375,1837.1567103814082
D13,5,SYTO,41448.1875,1420.8075381853741
D13,6,CONC,13500.8662109375,298.67149634328376
D13,6,HOECHST,9761.58984375,332.3791797793402
D13,6,MITO,128876.4140625,3629.0279403288528
D13,6,PHAandWGA,57928.640625,1797.847105406109
D13,6,SYTO,43444.25390625,1331.190083144761
D13,7,CONC,13649.7841796875,277.9450404808062
D13,7,HOECHST,9975.693359375,314.06094979367924
D13,7,MITO,132270.375,3548.8640622086914
D13,7,PHAandWGA,59044.8515625,1709.561246389319
D13,7,SYTO,45239.0546875,1234.231852725362
D13,8,CONC,13795.4921875,259.80608718636256
D13,8,HOECHST,10206.279296875,298.95037907310086
D13,8,MITO,135162.0625,3450.3238546763305
D13,8,PHAandWGA,60914.97265625,1612.0777085269867
D13,8,SYTO,46253.52734375,1145.3123498694024
D13,9,CONC,13774.9423828125,242.01853756231628
D13,9,HOECHST,10293.8095703125,273.73778336294606
D13,9,MITO,138474.5,3353.134448830725
D13,9,PHAandWGA,61951.21484375,1534.8483467307783
D13,9,SYTO,46016.7109375,1057.315437105404
D13,10,CONC,13732.912109375,222.10889611724414
D13,10,HOECHST,10295.96484375,254.52762347526152
D13,10,MITO,140774.4375,3200.0092118728544
D13,10,PHAandWGA,62345.203125,1458.1758696444033
D13,10,SYTO,47284.3671875,973.1570985381467
D13,11,CONC,13532.7578125,202.6309216794962
D13,11,HOECHST,10311.974609375,238.16217820994885
D13,11,MITO,143263.703125,3075.5026753056227
D13,11,PHAandWGA,63177.05859375,1375.7043604317669
D13,11,SYTO,46698.9140625,896.7926160078163
D13,12,CONC,13303.615234375,187.23701427485
D13,12,HOECHST,10242.09765625,221.21444467505006
D13,12,MITO,143359.734375,2965.5249503499385
D13,12,PHAandWGA,63128.8046875,1305.0423859225878
D13,12,SYTO,46153.70703125,840.7445863079428
D13,13,CONC,13107.6796875,175.11224392650868
D13,13,HOECHST,10063.3798828125,206.6420293807257
D13,13,MITO,144104.078125,2894.440706831458
D13,13,PHAandWGA,62055.1484375,1252.9559566896405
D13,13,SYTO,46216.359375,793.5282231597957
D13,14,CONC,12966.8408203125,165.28198555909935
D13,14,HOECHST,9991.71875,195.59600841176052
D13,14,MITO,144032.5625,2827.300480076396
D13,14,PHAandWGA,62266.51171875,1201.903484907622
D13,14,SYTO,46235.97265625,751.6405993077001
D13,15,CONC,12815.021484375,156.11546097348142
D13,15,HOECHST,9925.3056640625,183.13417115175497
D13,15,MITO,145142.359375,2757.74426678214
D13,15,PHAandWGA,62575.3359375,1149.0281495788763
D13,15,SYTO,45422.48046875,708.2320362626314
D14,0,CONC,2027.4998779296875,97.48930516638454
D14,0,HOECHST,1362.469482421875,57.522830992642184
D14,0,MITO,30042.203125,3641.3406452994523
D14,0,PHAandWGA,7475.30126953125,724.502482438442
D14,0,SYTO,3742.766357421875,370.15143081141497
D14,1,CONC,2164.60400390625,114.28333452410426
D14,1,HOECHST,1454.907470703125,69.73196216140155
D14,1,MITO,30852.83203125,3911.6591126183057
D14,1,PHAandWGA,8134.466796875,827.8742808496311
D14,1,SYTO,4103.62890625,426.5241490681066
D14,2,CONC,2283.83447265625,126.57494959564306
D14,2,HOECHST,1557.01416015625,78.01395699551067
D14,2,MITO,32424.26953125,4175.835109866658
D14,2,PHAandWGA,8929.7333984375,904.6770519726524
D14,2,SYTO,4375.4794921875,467.9631375256198
D14,3,CONC,2407.063232421875,135.92133318057057
D14,3,HOECHST,1642.8968505859375,85.64959784899214
D14,3,MITO,33814.9140625,4384.930199232972
D14,3,PHAandWGA,9650.576171875,960.712469289957
D14,3,SYTO,4598.0439453125,497.8435497892638
D14,4,CONC,2492.302734375,140.6361880837354
D14,4,HOECHST,1707.373779296875,89.86088285042194
D14,4,MITO,35337.5234375,4516.1305449728625
D14,4,PHAandWGA,10259.2958984375,992.9673362502969
D14,4,SYTO,4844.53857421875,511.2362045742112
D14,5,CONC,2558.4150390625,141.8054728679491
D14,5,HOECHST,1743.51123046875,88.40855094823053
D14,5,MITO,35917.3046875,4525.811531997171
D14,5,PHAandWGA,10461.17578125,999.5376439507318
D14,5,SYTO,4931.6513671875,506.34966914149544
D14,6,CONC,2589.55126953125,139.91223239415228
D14,6,HOECHST,1758.814697265625,85.77121338165269
D14,6,MITO,36295.4453125,4521.567429087164
D14,6,PHAandWGA,10353.2041015625,984.8395304925539
D14,6,SYTO,4935.09423828125,493.4654201313547
D14,7,CONC,2580.99951171875,136.63951036071774
D14,7,HOECHST,1754.52685546875,82.06085285827922
D14,7,MITO,36537.5078125,4469.129214418784
D14,7,PHAandWGA,10414.1171875,966.6090842596207
D14,7,SYTO,4958.77978515625,478.7581253271887
D14,8,CONC,2611.420654296875,132.44011204395483
D14,8,HOECHST,1733.118408203125,77.29455838250752
D14,8,MITO,36902.3125,4401.737072578303
D14,8,PHAandWGA,10311.69140625,942.9504114295725
D14,8,SYTO,4918.4951171875,460.0884238191606
D14,9,CONC,2603.79833984375,127.86330298212637
D14,9,HOECHST,1729.17578125,72.65130135234162
D14,9,MITO,36690.5625,4286.560796293777
D14,9,PHAandWGA,10416.91796875,910.6202739280495
D14,9,SYTO,4899.39306640625,439.4109522522768
D14,10,CONC,2619.17919921875,123.05475364200885
D14,10,HOECHST,1737.3592529296875,68.85099342055237
D14,10,MITO,37149.03125,4166.928840583968
D14,10,PHAandWGA,10105.712890625,868.6675555894678
D14,10,SYTO,4867.2783203125,418.3952357001339
D14,11,CONC,2635.86962890625,117.56665232479894
D14,11,HOECHST,1752.1591796875,65.15085190270345
D14,11,MITO,37238.95703125,3997.213017504631
D14,11,PHAandWGA,10128.2001953125,819.2503352166751
D14,11,SYTO,4853.25439453125,394.9605602633431
D14,12,CONC,2663.8134765625,112.06143376521783
D14,12,HOECHST,1760.548828125,61.599112517223105
D14,12,MITO,37575.703125,3816.7363421994205
D14,12,PHAandWGA,9913.818359375,767.4525024489653
D14,12,SYTO,4887.5419921875,371.8151890827995
D14,13,CONC,2696.609375,106.61555781661419
D14,13,HOECHST,1783.347900390625,58.2690083832693
D14,13,MITO,37916.015625,3593.4881606194963
D14,13,PHAandWGA,9839.58203125,714.7719671191231
D14,13,SYTO,4912.8779296875,348.26077577056634
D14,14,CONC,2718.1123046875,101.10987405277936
D14,14,HOECHST,1810.298095703125,54.78219965566924
D14,14,MITO,38151.0234375,3360.0703470153762
D14,14,PHAandWGA,9631.3359375,663.1129871377591
D14,14,SYTO,4961.88623046875,325.6209759596007
D14,15,CONC,2753.95263671875,95.62283119794728
D14,15,HOECHST,1847.6278076171875,51.49099128118633
D14,15,MITO,38855.26171875,3119.167712722408
D14,15,PHAandWGA,9562.2744140625,611.0599972681421
D14,15,SYTO,5021.828125,301.9484468951513
D15,0,CONC,4497.08349609375,98.07459242363441
D15,0,HOECHST,2914.37744140625,79.59876357702697
D15,0,MITO,56961.08203125,2387.819672517939
D15,0,PHAandWGA,21073.37109375,824.8327404787539
D15,0,SYTO,10582.5625,463.51910289947716
D15,1,CONC,5119.24365234375,158.36146073915495
D15,1,HOECHST,3271.9765625,128.76093274219988
D15,1,MITO,62252.7734375,3333.376874494604
D15,1,PHAandWGA,23011.2109375,1131.769369434536
D15,1,SYTO,13362.01953125,732.3824156898802
D15,2,CONC,5907.0771484375,224.27098328990175
D15,2,HOECHST,3766.173828125,194.01468662355995
D15,2,MITO,68708.328125,4162.457858660087
D15,2,PHAandWGA,25692.8046875,1485.7454028788372
D15,2,SYTO,15967.4990234375,1030.8814221585371
D15,3,CONC,6462.7216796875,257.1884004217994
D15,3,HOECHST,4158.5419921875,227.0334065356849
D15,3,MITO,72769.28125,4494.241838540367
D15,3,PHAandWGA,28024.970703125,1700.6896198250888
D15,3,SYTO,18258.9765625,1166.8915886239818
D15,4,CONC,6939.79296875,275.935912253913
D15,4,HOECHST,4507.580078125,245.2042324212191
D15,4,MITO,78403.5703125,4764.127663305223
D15,4,PHAandWGA,31020.7890625,1864.7199711188453
D15,4,SYTO,20706.36328125,1231.2636374530605
D15,5,CONC,7363.728515625,287.5365335354169
D15,5,HOECHST,4919.31982421875,264.49023285709836
D15,5,MITO,81902.734375,4892.379747618344
D15,5,PHAandWGA,33306.6953125,1943.6652991381122
D15,5,SYTO,22607.87109375,1264.809224436245
D15,6,CONC,7622.931640625,287.0387373923048
D15,6,HOECHST,5075.7978515625,254.3186289191656
D15,6,MITO,84369.75,4918.601698612643
D15,6,PHAandWGA,34878.40625,1953.61206964045
D15,6,SYTO,24391.16796875,1247.3077464996634
D15,7,CONC,7738.798828125,278.24062658565725
D15,7,HOECHST,5155.75634765625,244.9506217456252
D15,7,MITO,87091.8203125,4835.668215557363
D15,7,PHAandWGA,36751.70703125,1942.129432722305
D15,7,SYTO,25646.09375,1206.527180898342
D15,8,CONC,7889.6767578125,267.83032074009424
D15,8,HOECHST,5273.8505859375,236.11746983301882
D15,8,MITO,88690.734375,4733.676718807957
D15,8,PHAandWGA,38262.7890625,1892.6910046886617
D15,8,SYTO,26558.4609375,1152.747222022752
D15,9,CONC,7914.31640625,257.2249858653735
D15,9,HOECHST,5340.484375,227.52432749032985
D15,9,MITO,90810.765625,4664.052511701978
D15,9,PHAandWGA,38875.28125,1830.0978609418044
D15,9,SYTO,27464.88671875,1101.3318590195745
D15,10,CONC,7909.97509765625,246.3599106266452
D15,10,HOECHST,5340.90771484375,215.4928618744601
D15,10,MITO,90496.390625,4589.743965033813
D15,10,PHAandWGA,38761.8125,1776.3709946648348
D15,10,SYTO,27645.39453125,1051.0736933803578
D15,11,CONC,7830.90673828125,234.18444373969822
D15,11,HOECHST,5317.6162109375,206.08706383202434
D15,11,MITO,91685.5,4487.054760485015
D15,11,PHAandWGA,39566.99609375,1714.0309486278907
D15,11,SYTO,27917.904296875,996.6157877777384
D15,12,CONC,7768.48095703125,223.15664795123678
D15,12,HOECHST,5359.18212890625,197.67644859095034
D15,12,MITO,91865.7265625,4409.742759535782
D15,12,PHAandWGA,39012.6015625,1660.0186169503809
D15,12,SYTO,28172.501953125,949.3011125636558
D15,13,CONC,7741.50048828125,212.60167119640943
D15,13,HOECHST,5333.9140625,187.06320868020285
D15,13,MITO,92789.203125,4320.168372811609
D15,13,PHAandWGA,39466.83984375,1615.2768660317668
D15,13,SYTO,27931.59375,902.2983804320967
D15,14,CONC,7714.4716796875,203.14925551940752
D15,14,HOECHST,5328.7451171875,178.01040086465636
D15,14,MITO,92846.3984375,4228.292114683729
D15,14,PHAandWGA,39320.3671875,1567.6958218630023
D15,14,SYTO,27201.017578125,854.6992000357159
D15,15,CONC,7660.9814453125,193.18128846839448
D15,15,HOECHST,5316.70703125,169.5599807184124
D15,15,MITO,93502.84375,4090.493633011465
D15,15,PHAandWGA,38567.72265625,1508.4953633071682
D15,15,SYTO,26982.15625,805.5822903728413
D17,0,CONC,3406.1142578125,93.5703283808876
D17,0,HOECHST,1842.8345947265625,47.823522826714076
D17,0,MITO,46804.82421875,2745.2682188295557
D17,0,PHAandWGA,15415.037109375,812.2647560723391
D17,0,SYTO,7069.9912109375,391.15640292317215
D17,1,CONC,3757.26806640625,129.4973553206682
D17,1,HOECHST,2025.6390380859375,68.26217365795154
D17,1,MITO,50520.4375,3437.663138533036
D17,1,PHAandWGA,16738.546875,1033.798321646241
D17,1,SYTO,8634.380859375,535.6585542353796
D17,2,CONC,4108.66064453125,160.35168606512076
D17,2,HOECHST,2239.517578125,91.33009552395517
D17,2,MITO,54143.6875,3936.537715538611
D17,2,PHAandWGA,18494.990234375,1218.6589810115945
D17,2,SYTO,10368.2236328125,664.359882566363
D17,3,CONC,4424.00439453125,180.8873891395265
D17,3,HOECHST,2445.852783203125,108.78806010508434
D17,3,MITO,57517.06640625,4184.799254278067
D17,3,PHAandWGA,19973.6015625,1358.1890186259047
D17,3,SYTO,11856.828125,748.84149833939
D17,4,CONC,4667.31640625,193.88197228324674
D17,4,HOECHST,2607.35546875,120.80793045339617
D17,4,MITO,59753.046875,4370.001138990154
D17,4,PHAandWGA,21492.138671875,1459.3194672025634
D17,4,SYTO,13000.0302734375,794.296369877373
D17,5,CONC,4851.298828125,198.1813220514293
D17,5,HOECHST,2735.82080078125,127.30609460095793
D17,5,MITO,62201.19140625,4462.35674795975
D17,5,PHAandWGA,22919.58984375,1516.4091791233138
D17,5,SYTO,13861.451171875,813.0520167584618
D17,6,CONC,4946.03173828125,198.67470059354918
D17,6,HOECHST,2813.00048828125,127.73790762032031
D17,6,MITO,63333.484375,4471.672820999515
D17,6,PHAandWGA,23911.9765625,1536.8819689824559
D17,6,SYTO,14188.1640625,804.9971962636638
D17,7,CONC,5036.3466796875,196.23421669300222
D17,7,HOECHST,2868.77734375,127.02706491791184
D17,7,MITO,63677.90625,4363.374936634124
D17,7,PHAandWGA,24640.123046875,1517.1525897284187
D17,7,SYTO,14115.529296875,789.1578281822806
D17,8,CONC,5110.72265625,192.79259312155435
D17,8,HOECHST,2931.16552734375,124.22291604476997
D17,8,MITO,65436.2578125,4299.694240440395
D17,8,PHAandWGA,25283.546875,1490.3915301907314
D17,8,SYTO,13846.85546875,765.0029126740196
D17,9,CONC,5160.537109375,189.13982413480758
D17,9,HOECHST,2954.84228515625,119.36558414981361
D17,9,MITO,66128.5078125,4220.930483818181
D17,9,PHAandWGA,25696.37890625,1470.9754376909193
D17,9,SYTO,13660.208984375,741.2800539086141
D17,10,CONC,5228.748046875,184.209728224196
D17,10,HOECHST,2983.307861328125,115.56190570014107
D17,10,MITO,66644.15625,4132.850233186846
D17,10,PHAandWGA,26230.7890625,1457.108232212671
D17,10,SYTO,13638.595703125,718.536905964962
D17,11,CONC,5255.1962890625,178.8812246324186
D17,11,HOECHST,2994.20166015625,111.46284661757784
D17,11,MITO,67029.5234375,4026.3502239564527
D17,11,PHAandWGA,26331.3828125,1428.781087520414
D17,11,SYTO,13387.302734375,692.0120770070121
D17,12,CONC,5290.32958984375,173.47464257847497
D17,12,HOECHST,3030.58837890625,107.50488348668817
D17,12,MITO,68419.984375,3943.2617342647986
D17,12,PHAandWGA,26333.525390625,1397.5855938406198
D17,12,SYTO,13162.0009765625,667.5124023107626
D17,13,CONC,5294.8984375,167.37125459986876
D17,13,HOECHST,3035.232421875,103.38328846095597
D17,13,MITO,68905.671875,3826.952021011833
D17,13,PHAandWGA,26493.9140625,1357.577655863315
D17,13,SYTO,12936.982421875,640.4154269866898
D17,14,CONC,5335.6884765625,161.59482398436123
D17,14,HOECHST,3045.020751953125,98.51846533014842
D17,14,MITO,69527.546875,3700.306360198603
D17,14,PHAandWGA,26335.525390625,1312.7720342584266
D17,14,SYTO,12775.24609375,610.5652524400141
D17,15,CONC,5382.3818359375,155.35295797103265
D17,15,HOECHST,3054.878173828125,93.10605721163988
D17,15,MITO,69725.3203125,3550.3720060999026
D17,15,PHAandWGA,26310.853515625,1270.7779152341445
D17,15,SYTO,12651.6435546875,578.7799803061437
D19,0,CONC,1677.9862060546875,56.80385926112831
D19,0,HOECHST,1074.573974609375,27.80454950395511
D19,0,MITO,25110.296875,2817.058901758729
D19,0,PHAandWGA,5657.7333984375,483.2890357202361
D19,0,SYTO,3038.820556640625,236.85223273870443
D19,1,CONC,1765.561279296875,65.43514160450123
D19,1,HOECHST,1123.936767578125,32.88206445587565
D19,1,MITO,25266.8671875,3025.933258386362
D19,1,PHAandWGA,6157.81005859375,544.8869384154572
D19,1,SYTO,3250.576904296875,270.35974309898035
D19,2,CONC,1872.0260009765625,74.24256433113898
D19,2,HOECHST,1180.5836181640625,38.256443357535524
D19,2,MITO,26538.34375,3274.8719404891153
D19,2,PHAandWGA,6816.67578125,613.2318656852002
D19,2,SYTO,3437.5068359375,305.70770969293216
D19,3,CONC,1940.057373046875,81.71859041463608
D19,3,HOECHST,1237.483154296875,42.781658031957065
D19,3,MITO,27362.5703125,3462.6053020038785
D19,3,PHAandWGA,7345.3798828125,673.8880336884001
D19,3,SYTO,3612.78125,333.266401946549
D19,4,CONC,1988.617919921875,86.98425113063672
D19,4,HOECHST,1277.3865966796875,45.793135155377904
D19,4,MITO,28336.73046875,3582.516218229381
D19,4,PHAandWGA,7737.8984375,721.5844535669801
D19,4,SYTO,3751.267578125,351.4486172830163
D19,5,CONC,2066.4765625,91.14888787238708
D19,5,HOECHST,1303.7117919921875,47.64342693225293
D19,5,MITO,29107.375,3662.5466027736343
D19,5,PHAandWGA,8163.9375,759.2467534509078
D19,5,SYTO,3883.246337890625,363.83171241852085
D19,6,CONC,2123.878173828125,94.46443356120565
D19,6,HOECHST,1338.140869140625,48.75724671595788
D19,6,MITO,29966.810546875,3719.924526845983
D19,6,PHAandWGA,8512.298828125,786.1727787844532
D19,6,SYTO,4006.7138671875,371.7697102984081
D19,7,CONC,2177.12158203125,96.42962631715358
D19,7,HOECHST,1368.7435302734375,49.89328902538915
D19,7,MITO,30719.400390625,3724.2624960705434
D19,7,PHAandWGA,8789.865234375,799.9672757650362
D19,7,SYTO,4133.69140625,375.69408287088874
D19,8,CONC,2229.8369140625,97.60375585921696
D19,8,HOECHST,1409.3671875,50.576552538908956
D19,8,MITO,31263.8359375,3705.124770110042
D19,8,PHAandWGA,8992.119140625,797.4758389147288
D19,8,SYTO,4216.91552734375,374.8350540685204
D19,9,CONC,2261.267578125,97.3724453808456
D19,9,HOECHST,1426.519287109375,50.135009044004384
D19,9,MITO,31888.87890625,3639.440030181053
D19,9,PHAandWGA,9085.6953125,786.6406005223582
D19,9,SYTO,4270.75048828125,369.6038342544708
D19,10,CONC,2309.18798828125,96.09408825579531
D19,10,HOECHST,1439.177490234375,49.3095280795388
D19,10,MITO,32470.6875,3562.6530806019778
D19,10,PHAandWGA,9219.306640625,771.7102271416544
D19,10,SYTO,4340.134765625,360.77450134839097
D19,11,CONC,2341.134033203125,94.30649163741762
D19,11,HOECHST,1465.317138671875,48.16836061225734
D19,11,MITO,32655.49609375,3440.2363843181693
D19,11,PHAandWGA,9160.1455078125,745.4088345791926
D19,11,SYTO,4350.2177734375,348.1671471567506
D19,12,CONC,2362.96484375,91.48991850464135
D19,12,HOECHST,1473.498046875,46.39574969231133
D19,12,MITO,33281.8984375,3308.65822373539
D19,12,PHAandWGA,9126.5439453125,710.5995191860545
D19,12,SYTO,4396.361328125,334.6601868589261
D19,13,CONC,2411.3349609375,88.34032982839595
D19,13,HOECHST,1504.5877685546875,44.43540779597141
D19,13,MITO,33710.359375,3156.700311324127
D19,13,PHAandWGA,8962.5947265625,671.1749093406877
D19,13,SYTO,4431.013671875,317.9567077578742
D19,14,CONC,2436.43408203125,85.00024209291607
D19,14,HOECHST,1522.8126220703125,42.53845938198025
D19,14,MITO,33724.12890625,2994.296903515963
D19,14,PHAandWGA,8879.037109375,631.198169566611
D19,14,SYTO,4464.07177734375,301.1704532623287
D19,15,CONC,2470.390625,81.06258110658136
D19,15,HOECHST,1535.8797607421875,40.33388437537426
D19,15,MITO,34240.08984375,2810.5089412056805
D19,15,PHAandWGA,8728.6298828125,588.6827666465755
D19,15,SYTO,4535.05419921875,283.79223587872843
D20,0,CONC,4461.36669921875,96.59958175063622
D20,0,HOECHST,1412.03662109375,22.88654540524614
D20,0,MITO,55043.6015625,2347.1229980391777
D20,0,PHAandWGA,18083.521484375,721.1693673075707
D20,0,SYTO,6613.9423828125,289.8137408364945
D20,1,CONC,4758.48095703125,121.69762388650997
D20,1,HOECHST,1487.7802734375,28.580585221114337
D20,1,MITO,57458.9609375,2716.7310437437554
D20,1,PHAandWGA,19186.578125,859.7507822228741
D20,1,SYTO,7184.373046875,358.25276083225674
D20,2,CONC,5116.04931640625,149.05884919076388
D20,2,HOECHST,1586.5693359375,36.85773877436857
D20,2,MITO,60486.55859375,3135.333557537591
D20,2,PHAandWGA,20529.19140625,1030.0095489311286
D20,2,SYTO,8093.494140625,447.5778222850352
D20,3,CONC,5483.0654296875,172.24183525316133
D20,3,HOECHST,1702.22998046875,45.49564696016266
D20,3,MITO,64231.75390625,3485.7536060197967
D20,3,PHAandWGA,22227.1328125,1184.165645651899
D20,3,SYTO,9058.33203125,528.6800479091695
D20,4,CONC,5848.5126953125,189.1022095684028
D20,4,HOECHST,1821.930908203125,52.05307816353846
D20,4,MITO,68084.75,3755.175623648459
D20,4,PHAandWGA,23678.470703125,1305.8146133865023
D20,4,SYTO,9865.5068359375,581.0987217947888
D20,5,CONC,6177.1337890625,198.6872974256479
D20,5,HOECHST,1926.948486328125,55.32554454116519
D20,5,MITO,70771.21875,3899.234315856619
D20,5,PHAandWGA,25369.533203125,1374.6731407692887
D20,5,SYTO,10555.126953125,598.2768494693003
D20,6,CONC,6380.5791015625,201.78127652096845
D20,6,HOECHST,2011.214111328125,58.029134030319405
D20,6,MITO,73880.2890625,3950.8066725832396
D20,6,PHAandWGA,27207.2109375,1391.3292489211788
D20,6,SYTO,10894.6484375,596.5265205212473
D20,7,CONC,6575.2705078125,201.3971439797668
D20,7,HOECHST,2094.9794921875,59.39077509810392
D20,7,MITO,76121.21875,3966.9866413166383
D20,7,PHAandWGA,28393.7421875,1398.464739009621
D20,7,SYTO,11091.2978515625,589.4533502255406
D20,8,CONC,6689.248046875,198.63479421836757
D20,8,HOECHST,2150.978515625,59.33369072887345
D20,8,MITO,78107.46875,3951.185108636051
D20,8,PHAandWGA,29027.115234375,1379.3839712605793
D20,8,SYTO,11286.318359375,577.1834515781876
D20,9,CONC,6807.51171875,193.3965851131864
D20,9,HOECHST,2189.93798828125,58.025193668035826
D20,9,MITO,79320.828125,3900.973586070526
D20,9,PHAandWGA,29442.11328125,1342.3016306353136
D20,9,SYTO,11266.21484375,556.0178719314405
D20,10,CONC,6817.0390625,187.30798353838998
D20,10,HOECHST,2205.7958984375,55.63969249466027
D20,10,MITO,80179.34375,3835.2693109252828
D20,10,PHAandWGA,29681.953125,1304.4775886611926
D20,10,SYTO,11111.36328125,533.1600536197848
D20,11,CONC,6827.7880859375,180.74370721976987
D20,11,HOECHST,2181.89111328125,53.2304083067384
D20,11,MITO,80007.4375,3756.062906254424
D20,11,PHAandWGA,30176.734375,1272.9522715772848
D20,11,SYTO,10996.998046875,515.473332148453
D20,12,CONC,6806.2236328125,174.80851132574224
D20,12,HOECHST,2189.467041015625,51.634470542632926
D20,12,MITO,80119.9375,3688.677934922542
D20,12,PHAandWGA,30265.17578125,1243.8438158950685
D20,12,SYTO,10948.5625,498.57544953956
D20,13,CONC,6803.625,168.77858465887522
D20,13,HOECHST,2189.64794921875,50.13256316224043
D20,13,MITO,79199.875,3578.6602456568744
D20,13,PHAandWGA,29841.87890625,1207.2618062642296
D20,13,SYTO,10934.580078125,479.6624556873165
D20,14,CONC,6880.8232421875,163.00609288405968
D20,14,HOECHST,2217.095703125,48.497441398315985
D20,14,MITO,79991.4453125,3475.084345741284
D20,14,PHAandWGA,30487.251953125,1167.5438451663103
D20,14,SYTO,10976.5361328125,459.68052758499
D20,15,CONC,6923.5400390625,156.58633964290476
D20,15,HOECHST,2230.797607421875,46.7292993865664
D20,15,MITO,81136.828125,3322.984074787678
D20,15,PHAandWGA,30577.92578125,1120.483323361962
D20,15,SYTO,11006.181640625,438.8745535411634
D21,0,CONC,2021.37158203125,113.14989376112545
D21,0,HOECHST,2360.3232421875,179.76771126065285
D21,0,MITO,27543.384765625,4131.957386011629
D21,0,PHAandWGA,6813.6123046875,799.3295633597478
D21,0,SYTO,3696.29833984375,418.4926187401513
D21,1,CONC,2247.67822265625,153.17031636387284
D21,1,HOECHST,2575.896484375,214.04262330589185
D21,1,MITO,29765.755859375,4922.529105132202
D21,1,PHAandWGA,7967.0712890625,1027.456461653028
D21,1,SYTO,4445.072265625,558.5843252226439
D21,2,CONC,2449.980224609375,181.7301076192772
D21,2,HOECHST,2747.0244140625,225.55177627464366
D21,2,MITO,31645.248046875,5395.939145621679
D21,2,PHAandWGA,9024.8447265625,1170.5508749182734
D21,2,SYTO,5004.81982421875,653.2734751180277
D21,3,CONC,2561.171630859375,196.59073691272246
D21,3,HOECHST,2891.254150390625,231.475900354792
D21,3,MITO,33114.890625,5625.1583815971535
D21,3,PHAandWGA,9753.94140625,1249.5109472371435
D21,3,SYTO,5369.11181640625,696.1004475347386
D21,4,CONC,2642.71435546875,202.47194078692962
D21,4,HOECHST,2927.6767578125,225.06458061412107
D21,4,MITO,33999.0078125,5698.7868430841
D21,4,PHAandWGA,10327.1279296875,1304.1763297064267
D21,4,SYTO,5451.6474609375,714.9314888434302
D21,5,CONC,2681.20361328125,202.94563551426342
D21,5,HOECHST,2911.5185546875,217.55888237363803
D21,5,MITO,34003.56640625,5688.012547509954
D21,5,PHAandWGA,10614.1025390625,1331.7976944491627
D21,5,SYTO,5476.2529296875,713.1190411903467
D21,6,CONC,2698.669921875,200.22129688715725
D21,6,HOECHST,2898.7119140625,209.66206901053812
D21,6,MITO,34450.515625,5663.5071998473695
D21,6,PHAandWGA,10745.2646484375,1338.6876027650624
D21,6,SYTO,5386.7646484375,697.2293161045095
D21,7,CONC,2703.216796875,195.75738462760256
D21,7,HOECHST,2858.38037109375,199.02027038975004
D21,7,MITO,34502.9453125,5572.233312430626
D21,7,PHAandWGA,10831.7978515625,1306.3825985803721
D21,7,SYTO,5270.130859375,669.8059205017768
D21,8,CONC,2701.546875,189.86904789203996
D21,8,HOECHST,2814.671142578125,186.54101863593206
D21,8,MITO,34849.73828125,5481.064505916729
D21,8,PHAandWGA,10692.998046875,1273.9019965207633
D21,8,SYTO,5124.9716796875,636.1652272236607
D21,9,CONC,2688.21044921875,182.24495273371778
D21,9,HOECHST,2774.86474609375,173.41404421928448
D21,9,MITO,34844.015625,5329.657770274188
D21,9,PHAandWGA,10676.431640625,1207.3834899597725
D21,9,SYTO,5041.6318359375,603.0746551991218
D21,10,CONC,2668.127197265625,173.22288451792403
D21,10,HOECHST,2752.333984375,161.88696853709766
D21,10,MITO,34449.984375,5142.455259347173
D21,10,PHAandWGA,10453.13671875,1118.5208683390294
D21,10,SYTO,4964.654296875,565.4464104084312
D21,11,CONC,2668.71875,163.6761966174592
D21,11,HOECHST,2759.48779296875,151.22393435060556
D21,11,MITO,35083.671875,4913.11620051993
D21,11,PHAandWGA,10162.2041015625,1044.0641874834557
D21,11,SYTO,4897.0615234375,528.0760897769334
D21,12,CONC,2674.56494140625,154.36524825128112
D21,12,HOECHST,2768.4169921875,140.86505250677698
D21,12,MITO,35015.28515625,4661.49527192499
D21,12,PHAandWGA,10050.671875,972.8257717896863
D21,12,SYTO,4873.5244140625,492.7292493282037
D21,13,CONC,2701.56396484375,144.94157849703325
D21,13,HOECHST,2793.78955078125,130.67435285871736
D21,13,MITO,34879.2265625,4359.518180647444
D21,13,PHAandWGA,9964.8984375,898.5861933732083
D21,13,SYTO,4841.0927734375,452.3505659289303
D21,14,CONC,2719.43603515625,135.4544878365849
D21,14,HOECHST,2813.056640625,120.50495696616619
D21,14,MITO,35327.5234375,4042.417124227172
D21,14,PHAandWGA,9855.55859375,818.4117901133845
D21,14,SYTO,4873.48974609375,415.8931638903204
D21,15,CONC,2739.43212890625,125.60630268254944
D21,15,HOECHST,2867.385009765625,111.05238591959687
D21,15,MITO,35588.29296875,3683.615810991191
D21,15,PHAandWGA,9567.4677734375,737.6212378542895
D21,15,SYTO,4870.7236328125,377.79527516755763
D22,0,CONC,1458.1806640625,89.01853767772172
D22,0,HOECHST,1589.611572265625,131.27884158774836
D22,0,MITO,21421.119140625,4148.869287001634
D22,0,PHAandWGA,5008.7265625,667.1061675608508
D22,0,SYTO,2850.079833984375,402.20560641464886
D22,1,CONC,1622.60986328125,117.535415409231
D22,1,HOECHST,1835.341796875,185.95669162111543
D22,1,MITO,23010.65625,4818.689162126307
D22,1,PHAandWGA,5894.14599609375,853.3546354317451
D22,1,SYTO,3367.923828125,528.2610975972328
D22,2,CONC,1744.5908203125,136.84498704961013
D22,2,HOECHST,2017.353515625,221.9669049781463
D22,2,MITO,24483.65625,5218.307759346215
D22,2,PHAandWGA,6653.16943359375,975.9432663587023
D22,2,SYTO,3741.9521484375,605.4794991376065
D22,3,CONC,1812.25439453125,145.1553650281203
D22,3,HOECHST,2089.69677734375,230.01981980992645
D22,3,MITO,25606.5234375,5384.365119720792
D22,3,PHAandWGA,7247.99072265625,1030.6482218539427
D22,3,SYTO,3848.92822265625,623.4392879331758
D22,4,CONC,1847.521728515625,147.62489945417389
D22,4,HOECHST,2135.189697265625,226.98393335472318
D22,4,MITO,25931.9140625,5435.118389709439
D22,4,PHAandWGA,7367.1640625,1043.9688136913398
D22,4,SYTO,3886.267578125,624.2599283885002
D22,5,CONC,1891.487548828125,146.00390321619025
D22,5,HOECHST,2122.088134765625,217.95670641677214
D22,5,MITO,26538.578125,5441.789364598549
D22,5,PHAandWGA,7536.74609375,1033.2279005241708
D22,5,SYTO,3870.55810546875,606.6253751717308
D22,6,CONC,1911.98193359375,142.16611992030815
D22,6,HOECHST,2106.8076171875,206.32367321647533
D22,6,MITO,26944.3359375,5381.00940056327
D22,6,PHAandWGA,7536.05224609375,1008.2067036162904
D22,6,SYTO,3883.77392578125,582.7338380571733
D22,7,CONC,1906.3001708984375,136.2192873460983
D22,7,HOECHST,2078.0634765625,194.1288028129912
D22,7,MITO,26628.640625,5233.2407074799785
D22,7,PHAandWGA,7262.1611328125,947.9105230143739
D22,7,SYTO,3798.83251953125,549.1222319049816
D22,8,CONC,1887.775634765625,128.8676299535828
D22,8,HOECHST,2051.64599609375,179.2366089847966
D22,8,MITO,26871.267578125,5059.333168367059
D22,8,PHAandWGA,7052.1767578125,882.2913989560964
D22,8,SYTO,3718.5146484375,512.1394990641336
D22,9,CONC,1865.349853515625,120.22369013610029
D22,9,HOECHST,1991.8231201171875,162.87102555062407
D22,9,MITO,26072.6015625,4799.420391983701
D22,9,PHAandWGA,6709.783203125,806.6328494209237
D22,9,SYTO,3597.214111328125,470.2899004297192
D22,10,CONC,1843.126220703125,111.20540582801137
D22,10,HOECHST,1971.8447265625,147.68552162756495
D22,10,MITO,26108.09375,4534.967899509719
D22,10,PHAandWGA,6407.7265625,738.2810690828438
D22,10,SYTO,3523.138916015625,431.01404606843136
D22,11,CONC,1838.115966796875,103.22835844128302
D22,11,HOECHST,1972.6802978515625,135.2454230232857
D22,11,MITO,25812.123046875,4238.546873194798
D22,11,PHAandWGA,6045.05078125,673.4121016037329
D22,11,SYTO,3475.26318359375,395.9402332152542
D22,12,CONC,1836.662109375,95.45989504582747
D22,12,HOECHST,1972.034912109375,124.05133916183898
D22,12,MITO,25672.951171875,3909.300610658778
D22,12,PHAandWGA,5790.7802734375,609.370290194104
D22,12,SYTO,3441.25537109375,359.6268948344389
D22,13,CONC,1837.35107421875,87.949978780505
D22,13,HOECHST,2007.3199462890625,113.20990164921861
D22,13,MITO,25729.951171875,3542.2586875445704
D22,13,PHAandWGA,5587.85986328125,545.8890336829496
D22,13,SYTO,3423.4541015625,324.58384567762226
D22,14,CONC,1852.4703369140625,80.59341592497947
D22,14,HOECHST,2028.8055419921875,103.42453585012092
D22,14,MITO,25669.83203125,3155.350344096193
D22,14,PHAandWGA,5461.318359375,485.25937022801503
D22,14,SYTO,3448.943115234375,291.29686692650483
D22,15,CONC,1888.8564453125,73.82471501194757
D22,15,HOECHST,2074.9345703125,94.68512003102184
D22,15,MITO,26105.33203125,2800.8084261788817
D22,15,PHAandWGA,5343.5029296875,428.82341433127465
D22,15,SYTO,3493.77197265625,261.5216059313088
D23,0,CONC,1948.8485107421875,80.75885876657978
D23,0,HOECHST,1800.17431640625,97.44547127208726
D23,0,MITO,27542.845703125,3179.5820337794103
D23,0,PHAandWGA,6354.9912109375,580.9451985950689
D23,0,SYTO,3583.18896484375,335.8592675304415
D23,1,CONC,2145.587890625,113.79736928288519
D23,1,HOECHST,1997.487548828125,143.51788734267458
D23,1,MITO,29180.65234375,3981.6242515597883
D23,1,PHAandWGA,7408.263671875,786.2239174640888
D23,1,SYTO,4144.9267578125,465.4249787049671
D23,2,CONC,2333.4384765625,145.48181138077624
D23,2,HOECHST,2249.01806640625,192.49862521448654
D23,2,MITO,31906.2734375,4686.001250153633
D23,2,PHAandWGA,8515.03125,997.8757410766477
D23,2,SYTO,4933.07763671875,595.9453022768183
D23,3,CONC,2544.04296875,170.7609010686293
D23,3,HOECHST,2495.69873046875,230.50809498337597
D23,3,MITO,33898.390625,5098.578006709964
D23,3,PHAandWGA,9702.2021484375,1189.0909438597907
D23,3,SYTO,5655.818359375,698.3708857701823
D23,4,CONC,2699.01318359375,185.18327276661293
D23,4,HOECHST,2641.00390625,246.84845728662316
D23,4,MITO,35673.65234375,5361.866303578587
D23,4,PHAandWGA,10702.44140625,1330.5881321394058
D23,4,SYTO,6050.5244140625,746.6938750361686
D23,5,CONC,2758.29150390625,190.30208514959406
D23,5,HOECHST,2729.050048828125,249.3133622205721
D23,5,MITO,37167.0703125,5497.762436790752
D23,5,PHAandWGA,11337.8017578125,1344.8418704114804
D23,5,SYTO,6133.17626953125,751.9129897269502
D23,6,CONC,2825.42919921875,191.17930363178982
D23,6,HOECHST,2784.794677734375,248.37478340244337
D23,6,MITO,37794.7109375,5560.4553523616705
D23,6,PHAandWGA,11664.5830078125,1318.7907169707844
D23,6,SYTO,6131.19091796875,742.586594135696
D23,7,CONC,2863.162841796875,189.79996903959756
D23,7,HOECHST,2811.490234375,242.67202247643266
D23,7,MITO,38503.92578125,5549.9995017373785
D23,7,PHAandWGA,12016.3525390625,1285.9128331691195
D23,7,SYTO,5988.88330078125,721.6848504569973
D23,8,CONC,2888.738525390625,186.06768579230715
D23,8,HOECHST,2808.241455078125,233.716244113232
D23,8,MITO,38810.984375,5521.924443560363
D23,8,PHAandWGA,12123.466796875,1248.153939420867
D23,8,SYTO,5901.41845703125,698.6009535178866
D23,9,CONC,2862.9013671875,180.22188796714485
D23,9,HOECHST,2781.78369140625,223.13620595130874
D23,9,MITO,38838.7734375,5422.531087576272
D23,9,PHAandWGA,11974.4921875,1207.1545490948617
D23,9,SYTO,5803.5849609375,672.9919002162335
D23,10,CONC,2854.7626953125,173.60360555433243
D23,10,HOECHST,2745.270751953125,211.51720902455057
D23,10,MITO,38590.765625,5315.870210774561
D23,10,PHAandWGA,11899.578125,1166.3918530191884
D23,10,SYTO,5739.2783203125,642.1844290541496
D23,11,CONC,2847.0244140625,165.5484927859422
D23,11,HOECHST,2707.27197265625,196.72110045154747
D23,11,MITO,38703.875,5147.030675659806
D23,11,PHAandWGA,11634.708984375,1110.2394947290331
D23,11,SYTO,5612.1962890625,605.2644159180107
D23,12,CONC,2851.091796875,157.17350587812436
D23,12,HOECHST,2692.37060546875,183.5918842756194
D23,12,MITO,38909.0,4946.553427225075
D23,12,PHAandWGA,11372.6162109375,1054.599972900779
D23,12,SYTO,5561.20751953125,568.8736330319532
D23,13,CONC,2858.427490234375,148.35747650916102
D23,13,HOECHST,2691.303466796875,172.13819317354253
D23,13,MITO,38486.171875,4669.6790170899885
D23,13,PHAandWGA,11102.5078125,985.9268127458373
D23,13,SYTO,5484.5810546875,531.3906149237824
D23,14,CONC,2851.181640625,139.4493040856716
D23,14,HOECHST,2712.879150390625,160.5065122744291
D23,14,MITO,38309.15234375,4420.413466439351
D23,14,PHAandWGA,10991.591796875,919.3789844018784
D23,14,SYTO,5459.2705078125,493.86562988063906
D23,15,CONC,2859.996337890625,130.58958547109253
D23,15,HOECHST,2738.246337890625,149.009543477616
D23,15,MITO,38464.484375,4088.3324415189177
D23,15,PHAandWGA,10771.4775390625,844.5783419738966
D23,15,SYTO,5469.08984375,456.0157651620574
E02,0,CONC,11211.52734375,109.10052797125782
E02,0,HOECHST,7421.875,93.64083661245131
E02,0,MITO,94134.484375,866.8596570544003
E02,0,PHAandWGA,47325.70703125,596.6863349107507
E02,0,SYTO,39124.546875,549.2187343448419
E02,1,CONC,13060.4130859375,185.1952274050674
E02,1,HOECHST,8455.013671875,159.0960719581056
E02,1,MITO,99078.0,1228.4776741859273
E02,1,PHAandWGA,51811.0,837.8611300957134
E02,1,SYTO,43769.41015625,855.242120529762
E02,2,CONC,14891.6796875,235.25150224008826
E02,2,HOECHST,9682.267578125,210.44960049947946
E02,2,MITO,107844.6640625,1457.7380544438006
E02,2,PHAandWGA,57467.00390625,1009.6989923397178
E02,2,SYTO,48757.4921875,1063.1148498723571
E02,3,CONC,16491.830078125,246.34879899548852
E02,3,HOECHST,10760.140625,232.16067546107266
E02,3,MITO,115500.46875,1517.2266015868634
E02,3,PHAandWGA,62102.37109375,1081.3882825718692
E02,3,SYTO,53002.5234375,1120.10325152573
E02,4,CONC,17561.162109375,238.13003823736761
E02,4,HOECHST,11673.2060546875,227.10388133998552
E02,4,MITO,122807.9375,1503.4477533790891
E02,4,PHAandWGA,66919.234375,1066.1266803050505
E02,4,SYTO,58200.21484375,1093.0928649676805
E02,5,CONC,18223.83984375,216.65456755513065
E02,5,HOECHST,12278.734375,216.7026585786162
E02,5,MITO,127646.9765625,1448.147994317893
E02,5,PHAandWGA,69563.359375,1004.8874208785705
E02,5,SYTO,61078.625,1010.4140079417374
E02,6,CONC,18572.513671875,189.35867835505707
E02,6,HOECHST,12472.5771484375,193.69385155399195
E02,6,MITO,131330.71875,1284.178950624089
E02,6,PHAandWGA,73040.484375,921.7905226677375
E02,6,SYTO,64257.578125,898.1739686416244
E02,7,CONC,18748.67578125,162.93141461131444
E02,7,HOECHST,12886.0537109375,173.4810565248297
E02,7,MITO,134595.71875,1159.7535058739516
E02,7,PHAandWGA,74180.75,829.1325108597832
E02,7,SYTO,65775.3828125,790.1716540800608
E02,8,CONC,18797.95703125,142.4782517753842
E02,8,HOECHST,13052.560546875,156.0231981235363
E02,8,MITO,137187.09375,1055.523677014754
E02,8,PHAandWGA,75517.953125,746.6029767049246
E02,8,SYTO,66308.03125,694.4845973007083
E02,9,CONC,18774.46875,125.01868861798104
E02,9,HOECHST,12983.9970703125,136.34122011866594
E02,9,MITO,138695.328125,984.4869616281112
E02,9,PHAandWGA,76568.4609375,682.5254825028986
E02,9,SYTO,67630.875,616.9955249342506
E02,10,CONC,18610.54296875,109.39922416065885
E02,10,HOECHST,12932.900390625,122.3405726845567
E02,10,MITO,139534.4375,914.7008092885145
E02,10,PHAandWGA,77230.453125,621.6447888304357
E02,10,SYTO,67687.5625,550.1891898572139
E02,11,CONC,18456.84765625,95.37768266361996
E02,11,HOECHST,12838.857421875,108.32991744414929
E02,11,MITO,140998.109375,825.2372387819728
E02,11,PHAandWGA,78374.2734375,560.2228240766292
E02,11,SYTO,66689.375,486.560112802109
E02,12,CONC,18087.21875,85.51343401027496
E02,12,HOECHST,12702.6396484375,99.23751205425258
E02,12,MITO,141328.625,772.5420434469132
E02,12,PHAandWGA,78175.015625,521.5604098613197
E02,12,SYTO,65790.5546875,444.8827103266736
E02,13,CONC,17878.623046875,79.99860300179489
E02,13,HOECHST,12638.541015625,93.77177904734305
E02,13,MITO,140765.09375,762.0366214209221
E02,13,PHAandWGA,76842.375,504.72603740402354
E02,13,SYTO,66329.296875,425.96305986696524
E02,14,CONC,17694.015625,74.7929173519434
E02,14,HOECHST,12668.009765625,88.60996843978452
E02,14,MITO,140591.125,734.3200530415053
E02,14,PHAandWGA,76696.0,482.09777842766204
E02,14,SYTO,65162.51171875,401.4042706496186
E02,15,CONC,17746.33984375,70.19167870741545
E02,15,HOECHST,12625.2734375,84.09326264920163
E02,15,MITO,139216.15625,700.6427742015678
E02,15,PHAandWGA,77591.578125,458.3387110630751
E02,15,SYTO,64959.3515625,378.44349777379074
E03,0,CONC,1614.8095703125,33.0442566404385
E03,0,HOECHST,1086.84765625,16.498391177822345
E03,0,MITO,24638.04296875,1385.5515641813608
E03,0,PHAandWGA,5276.5048828125,277.9346138241237
E03,0,SYTO,3533.59912109375,177.0773425566649
E03,1,CONC,1690.632080078125,37.96928161334142
E03,1,HOECHST,1134.506591796875,19.340648191722515
E03,1,MITO,24787.275390625,1473.3489585528373
E03,1,PHAandWGA,5452.8994140625,310.4349620287965
E03,1,SYTO,3709.4814453125,202.12871893353332
E03,2,CONC,1762.669921875,43.56783760560123
E03,2,HOECHST,1186.021240234375,22.71538952808902
E03,2,MITO,25259.78125,1600.6883769290632
E03,2,PHAandWGA,5744.869140625,350.29070501844114
E03,2,SYTO,3918.6572265625,231.28852527497716
E03,3,CONC,1861.5013427734375,49.13779293050996
E03,3,HOECHST,1253.2562255859375,26.45216247083811
E03,3,MITO,26587.3046875,1724.9478775821874
E03,3,PHAandWGA,6136.919921875,390.40627003968035
E03,3,SYTO,4179.67822265625,259.3476483409038
E03,4,CONC,1943.2952880859375,53.475049434757445
E03,4,HOECHST,1307.391357421875,29.17215049455358
E03,4,MITO,27701.734375,1811.0151323540128
E03,4,PHAandWGA,6439.41845703125,417.30918822629695
E03,4,SYTO,4406.0244140625,277.0849262130794
E03,5,CONC,2020.1669921875,56.19832752282015
E03,5,HOECHST,1355.3553466796875,30.33965454712856
E03,5,MITO,28346.8203125,1857.0620846314107
E03,5,PHAandWGA,6706.6787109375,430.41552208316284
E03,5,SYTO,4575.3134765625,283.3014963362314
E03,6,CONC,2076.660888671875,57.535193851449634
E03,6,HOECHST,1390.1837158203125,30.86964855249792
E03,6,MITO,29875.8203125,1910.7549979245866
E03,6,PHAandWGA,6834.58935546875,436.43256645571495
E03,6,SYTO,4689.86083984375,284.31456689076333
E03,7,CONC,2139.29541015625,58.553851605042766
E03,7,HOECHST,1430.973388671875,31.53344385290855
E03,7,MITO,30466.361328125,1924.4939957732017
E03,7,PHAandWGA,6990.04248046875,437.9636201525639
E03,7,SYTO,4799.28857421875,283.5188650648625
E03,8,CONC,2192.97998046875,59.03541981702513
E03,8,HOECHST,1467.809326171875,31.870473009402403
E03,8,MITO,30762.833984375,1934.1236222511086
E03,8,PHAandWGA,7194.17578125,435.353492412058
E03,8,SYTO,4907.69091796875,281.2377324850712
E03,9,CONC,2250.4375,59.24824056774454
E03,9,HOECHST,1500.132568359375,31.630479342095395
E03,9,MITO,31450.3828125,1933.6465321309538
E03,9,PHAandWGA,7331.5009765625,429.3117672826733
E03,9,SYTO,5057.90625,276.4984854235764
E03,10,CONC,2298.18115234375,58.89694666505445
E03,10,HOECHST,1525.868408203125,30.750603353584584
E03,10,MITO,32595.82421875,1932.5288678696832
E03,10,PHAandWGA,7469.74169921875,419.5554916101139
E03,10,SYTO,5141.0380859375,268.5620823511823
E03,11,CONC,2343.685302734375,58.31206721758457
E03,11,HOECHST,1547.203857421875,29.610134427000933
E03,11,MITO,33175.2109375,1895.9602727069014
E03,11,PHAandWGA,7563.8779296875,408.24296607072205
E03,11,SYTO,5196.42578125,259.7766952156093
E03,12,CONC,2389.1455078125,57.34090499133436
E03,12,HOECHST,1570.543701171875,28.413019763778674
E03,12,MITO,33566.80859375,1843.8113911531111
E03,12,PHAandWGA,7669.94140625,393.4348899489925
E03,12,SYTO,5280.12890625,250.18464030355167
E03,13,CONC,2446.5849609375,56.079731915007855
E03,13,HOECHST,1597.32763671875,27.421093270563304
E03,13,MITO,33690.359375,1760.2879166493117
E03,13,PHAandWGA,7780.63720703125,376.20975510567405
E03,13,SYTO,5342.17919921875,239.7037122594724
E03,14,CONC,2469.0126953125,54.11400558927823
E03,14,HOECHST,1607.659423828125,26.255202329627974
E03,14,MITO,34134.6953125,1685.0977421704447
E03,14,PHAandWGA,7819.7626953125,357.75969818717965
E03,14,SYTO,5409.52392578125,227.7830269976245
E03,15,CONC,2494.564453125,51.82086703202324
E03,15,HOECHST,1646.1572265625,25.267828852438587
E03,15,MITO,34969.890625,1601.3413610367702
E03,15,PHAandWGA,7870.375,336.91642411268793
E03,15,SYTO,5481.796875,215.60115342552453
E04,0,CONC,11879.310546875,120.13746259659949
E04,0,HOECHST,8296.0703125,113.46963157925151
E04,0,MITO,92209.671875,690.465310499661
E04,0,PHAandWGA,50145.43359375,588.0012601802683
E04,0,SYTO,43178.1015625,637.0721084334524
E04,1,CONC,13432.373046875,177.8800942773009
E04,1,HOECHST,9282.5732421875,165.13910168137127
E04,1,MITO,96553.515625,882.8810839152002
E04,1,PHAandWGA,54530.9453125,777.6467650677865
E04,1,SYTO,47906.171875,894.148653802298
E04,2,CONC,14718.79296875,200.85628907032276
E04,2,HOECHST,10204.724609375,195.66555498978116
E04,2,MITO,101416.0546875,996.919438312441
E04,2,PHAandWGA,58084.3046875,860.7990573615797
E04,2,SYTO,51238.1328125,998.796996320843
E04,3,CONC,15883.6484375,203.62812910298484
E04,3,HOECHST,11030.3701171875,196.260569649491
E04,3,MITO,108872.453125,1061.4220161593228
E04,3,PHAandWGA,63417.16796875,901.8537630585737
E04,3,SYTO,56234.80078125,1007.6843310570725
E04,4,CONC,17172.09765625,205.96913382472303
E04,4,HOECHST,11946.287109375,206.3383351619612
E04,4,MITO,115948.71875,1106.9613526855535
E04,4,PHAandWGA,66916.765625,890.8314692300107
E04,4,SYTO,60013.3359375,992.80209442521
E04,5,CONC,18033.291015625,191.9877649964156
E04,5,HOECHST,12712.8525390625,197.19162615131836
E04,5,MITO,120938.765625,1069.6380763203156
E04,5,PHAandWGA,71102.453125,844.730730689956
E04,5,SYTO,64064.56640625,921.5201768370611
E04,6,CONC,18650.75,171.65394695863571
E04,6,HOECHST,13291.232421875,184.88610441960603
E04,6,MITO,125948.578125,999.4573538345189
E04,6,PHAandWGA,74290.46875,772.1922002690033
E04,6,SYTO,66579.8984375,826.5058110912539
E04,7,CONC,18912.5390625,148.9051007031359
E04,7,HOECHST,13748.759765625,166.74343463627054
E04,7,MITO,129343.6328125,921.64830888935
E04,7,PHAandWGA,76150.328125,689.3142665852923
E04,7,SYTO,68418.8671875,722.6131067623467
E04,8,CONC,19073.169921875,130.9537749340734
E04,8,HOECHST,13914.0849609375,150.97616324111453
E04,8,MITO,130964.21875,850.95127208851
E04,8,PHAandWGA,78019.625,624.218365764808
E04,8,SYTO,70150.96875,636.6354848561805
E04,9,CONC,18898.4296875,115.33820549584365
E04,9,HOECHST,13839.734375,132.22195362719472
E04,9,MITO,133553.34375,792.8658128734395
E04,9,PHAandWGA,78337.1875,570.0368711448317
E04,9,SYTO,70731.84375,566.3590757236004
E04,10,CONC,18872.796875,104.97914556562698
E04,10,HOECHST,13841.3984375,121.45439947415515
E04,10,MITO,133838.34375,746.4571316768098
E04,10,PHAandWGA,78377.515625,528.044829022202
E04,10,SYTO,69719.828125,514.9026225743901
E04,11,CONC,18721.578125,94.21191643575801
E04,11,HOECHST,13793.8505859375,107.47849367007672
E04,11,MITO,135989.015625,705.6898580849697
E04,11,PHAandWGA,79448.484375,487.14470728381247
E04,11,SYTO,70898.625,466.67052184193324
E04,12,CONC,18682.43359375,85.22727334517684
E04,12,HOECHST,13667.92578125,97.72822876201496
E04,12,MITO,136533.25,666.7145214690537
E04,12,PHAandWGA,80259.90625,450.5406907534531
E04,12,SYTO,70845.875,426.0807668661691
E04,13,CONC,18531.4140625,76.43309973088144
E04,13,HOECHST,13746.751953125,90.37232675169281
E04,13,MITO,138530.0625,627.5324492902519
E04,13,PHAandWGA,80301.1484375,418.2651431168298
E04,13,SYTO,70537.453125,390.1579259950533
E04,14,CONC,18377.28515625,70.30529474656697
E04,14,HOECHST,13650.921875,84.23222407256775
E04,14,MITO,138957.859375,593.7249746847014
E04,14,PHAandWGA,80669.796875,395.0871680637307
E04,14,SYTO,70353.9140625,365.2997156139738
E04,15,CONC,18287.56640625,66.24006423413717
E04,15,HOECHST,13678.4423828125,80.31224226410716
E04,15,MITO,139203.34375,578.9695836162772
E04,15,PHAandWGA,79246.953125,379.74974750847286
E04,15,SYTO,69799.359375,349.22855251777713
E05,0,CONC,11364.767578125,166.59821303478515
E05,0,HOECHST,7357.30029296875,165.4324321823914
E05,0,MITO,88997.859375,1153.0412911500853
E05,0,PHAandWGA,46400.6328125,900.9765665523705
E05,0,SYTO,37147.2734375,887.3603688812293
E05,1,CONC,13022.376953125,234.92428840779246
E05,1,HOECHST,8371.013671875,220.92341604877902
E05,1,MITO,94522.375,1437.0729290023596
E05,1,PHAandWGA,51217.6484375,1169.3884238812636
E05,1,SYTO,42015.78125,1188.975615792859
E05,2,CONC,14903.857421875,283.327261448082
E05,2,HOECHST,9602.767578125,268.7387352853694
E05,2,MITO,102579.84375,1696.4747354886626
E05,2,PHAandWGA,56346.5390625,1322.2984679979188
E05,2,SYTO,47148.640625,1359.5746877417919
E05,3,CONC,15877.3818359375,281.73455342487927
E05,3,HOECHST,10248.8330078125,264.7991892643425
E05,3,MITO,108438.140625,1750.3986761406388
E05,3,PHAandWGA,59530.59375,1333.279788120465
E05,3,SYTO,50277.7734375,1334.3936818004863
E05,4,CONC,16261.4599609375,255.02496352298886
E05,4,HOECHST,10774.9267578125,250.324997192072
E05,4,MITO,111639.546875,1688.602102634039
E05,4,PHAandWGA,62434.8359375,1261.975079544545
E05,4,SYTO,53771.4453125,1226.8849243982072
E05,5,CONC,16693.693359375,230.39522876196753
E05,5,HOECHST,11082.7890625,228.0215571854397
E05,5,MITO,116569.015625,1635.1654844427978
E05,5,PHAandWGA,64866.671875,1174.1333362207254
E05,5,SYTO,55579.43359375,1105.267662634683
E05,6,CONC,16884.68359375,207.89801295199368
E05,6,HOECHST,11162.974609375,203.54820348623187
E05,6,MITO,119145.3515625,1552.6573865120163
E05,6,PHAandWGA,66972.25,1101.3220687173405
E05,6,SYTO,56237.6484375,1002.3691703116391
E05,7,CONC,16868.25390625,187.28354810308377
E05,7,HOECHST,11233.4375,185.9244304799415
E05,7,MITO,119965.28125,1480.3384378187927
E05,7,PHAandWGA,67276.15625,1026.614644858496
E05,7,SYTO,57879.67578125,913.3434292472247
E05,8,CONC,16849.25390625,167.24629551591045
E05,8,HOECHST,11319.888671875,168.2912954537492
E05,8,MITO,122681.9140625,1400.4729355743175
E05,8,PHAandWGA,69257.84375,947.6663266290175
E05,8,SYTO,58683.1953125,822.4147722316222
E05,9,CONC,16902.044921875,148.22550645201127
E05,9,HOECHST,11356.0390625,150.85572669480285
E05,9,MITO,125313.4375,1305.7751591666918
E05,9,PHAandWGA,69684.578125,872.7302854675278
E05,9,SYTO,59102.8515625,734.8541587865822
E05,10,CONC,16908.669921875,132.28698902908394
E05,10,HOECHST,11373.40625,136.7980543065493
E05,10,MITO,125575.3203125,1205.239063295173
E05,10,PHAandWGA,70177.03125,806.8696536767098
E05,10,SYTO,59757.8671875,664.8643609533775
E05,11,CONC,16800.876953125,119.58159458581775
E05,11,HOECHST,11356.537109375,124.52893959755102
E05,11,MITO,127304.109375,1123.9726706652582
E05,11,PHAandWGA,70679.34375,748.3356931928987
E05,11,SYTO,59119.87109375,604.805647561229
E05,12,CONC,16689.85546875,109.73522271342621
E05,12,HOECHST,11346.69140625,116.02853478424117
E05,12,MITO,127524.796875,1066.984829194303
E05,12,PHAandWGA,71635.28125,709.6478470075792
E05,12,SYTO,58994.21875,563.0019972724034
E05,13,CONC,16630.13671875,103.00336034024559
E05,13,HOECHST,11355.79296875,111.26383224157787
E05,13,MITO,127132.0,1023.057141567373
E05,13,PHAandWGA,71194.1875,683.6911888489179
E05,13,SYTO,58767.8046875,538.135052726168
E05,14,CONC,16580.48046875,97.16511048373273
E05,14,HOECHST,11314.5234375,106.50603856619475
E05,14,MITO,127725.546875,986.3400260328273
E05,14,PHAandWGA,70689.234375,658.8545164051488
E05,14,SYTO,59112.8046875,513.5675236547454
E05,15,CONC,16474.59765625,92.11323596760442
E05,15,HOECHST,11394.541015625,102.20931521515216
E05,15,MITO,128392.421875,945.0909351726285
E05,15,PHAandWGA,71723.5859375,637.8613522975493
E05,15,SYTO,59395.0546875,491.3416893510416
E06,0,CONC,9154.021484375,92.12752728670188
E06,0,HOECHST,5848.056640625,81.20720708814231
E06,0,MITO,83584.421875,1215.0219301604304
E06,0,PHAandWGA,40567.578125,559.0204388451618
E06,0,SYTO,30409.474609375,455.8222941614612
E06,1,CONC,9905.5390625,117.22981841891674
E06,1,HOECHST,6248.7939453125,101.8392114924539
E06,1,MITO,87646.03125,1448.1370783655111
E06,1,PHAandWGA,42750.65625,666.816135573302
E06,1,SYTO,32566.466796875,553.5417126570238
E06,2,CONC,11159.6962890625,166.12709502513778
E06,2,HOECHST,6989.75439453125,141.74735493456208
E06,2,MITO,96627.546875,1862.627228263938
E06,2,PHAandWGA,45854.92578125,869.9346544313034
E06,2,SYTO,35308.61328125,749.5868318377885
E06,3,CONC,12364.515625,195.80106964665435
E06,3,HOECHST,7719.2021484375,168.70786485194463
E06,3,MITO,102793.390625,2048.0622585683454
E06,3,PHAandWGA,50536.83984375,1003.4674852058344
E06,3,SYTO,39379.67578125,887.2645238697188
E06,4,CONC,13144.2275390625,194.71946518866588
E06,4,HOECHST,8343.8828125,179.7706654905307
E06,4,MITO,109390.421875,2060.6420545792535
E06,4,PHAandWGA,53674.78515625,1039.1930424086418
E06,4,SYTO,42513.140625,918.3119741588091
E06,5,CONC,13677.0283203125,184.82155871052763
E06,5,HOECHST,8714.8935546875,174.85604609841724
E06,5,MITO,112318.5859375,1979.0314334713323
E06,5,PHAandWGA,55729.4296875,1032.1773557048434
E06,5,SYTO,45334.46875,896.4387288523908
E06,6,CONC,14101.880859375,173.71586893608264
E06,6,HOECHST,8984.0244140625,167.04683642461978
E06,6,MITO,114538.40625,1884.6000674476766
E06,6,PHAandWGA,58441.78125,999.1356849132263
E06,6,SYTO,47641.57421875,856.8613034532156
E06,7,CONC,14459.04296875,161.29460082030636
E06,7,HOECHST,9270.0234375,156.68590140670995
E06,7,MITO,116993.734375,1780.2299764464688
E06,7,PHAandWGA,60689.11328125,951.9735689557689
E06,7,SYTO,49209.234375,797.5498706450813
E06,8,CONC,14633.4013671875,149.38736786015747
E06,8,HOECHST,9381.91796875,145.2257887083335
E06,8,MITO,119068.859375,1693.0632837732721
E06,8,PHAandWGA,62458.48046875,904.3133160992782
E06,8,SYTO,49924.6953125,743.5233833864565
E06,9,CONC,14742.21875,137.17589711594354
E06,9,HOECHST,9503.8671875,133.5044345577945
E06,9,MITO,121399.453125,1607.492727590201
E06,9,PHAandWGA,63504.6953125,853.810120697463
E06,9,SYTO,51972.76171875,687.0439407779635
E06,10,CONC,14924.2216796875,125.25285373853752
E06,10,HOECHST,9752.1171875,126.01166124286057
E06,10,MITO,122234.5703125,1527.1811406512102
E06,10,PHAandWGA,65052.6484375,798.9952428673051
E06,10,SYTO,53339.1640625,630.3424086135761
E06,11,CONC,15072.3515625,114.55068247701534
E06,11,HOECHST,9815.9521484375,114.85564967099258
E06,11,MITO,124070.6796875,1442.1159405931808
E06,11,PHAandWGA,66021.390625,743.5731118207658
E06,11,SYTO,54438.0546875,577.8100125222053
E06,12,CONC,15229.216796875,104.8752979457668
E06,12,HOECHST,9954.3505859375,106.99295717700618
E06,12,MITO,126734.546875,1360.4494973576031
E06,12,PHAandWGA,68024.9609375,690.2270896588302
E06,12,SYTO,55275.125,526.5059192816215
E06,13,CONC,15212.296875,96.49993794253159
E06,13,HOECHST,10089.8134765625,99.36654850795132
E06,13,MITO,127195.3828125,1277.308897120967
E06,13,PHAandWGA,68807.6796875,642.066142083585
E06,13,SYTO,56026.7421875,484.00194028801513
E06,14,CONC,15221.841796875,88.44673225047393
E06,14,HOECHST,10179.591796875,91.89608147491212
E06,14,MITO,128835.671875,1208.118836367476
E06,14,PHAandWGA,69200.2734375,600.2361572843038
E06,14,SYTO,55714.94921875,446.2604540057278
E06,15,CONC,15286.6015625,82.41059618834034
E06,15,HOECHST,10242.28125,86.26257197820524
E06,15,MITO,130030.8984375,1151.450405812341
E06,15,PHAandWGA,70184.078125,568.5679477264895
E06,15,SYTO,56717.234375,416.5271509215841
E07,0,CONC,9333.087890625,112.51349181447296
E07,0,HOECHST,6118.1376953125,110.53102411912589
E07,0,MITO,80032.078125,1419.1624880681006
E07,0,PHAandWGA,39644.8359375,743.55590810935
E07,0,SYTO,31165.078125,632.945319821434
E07,1,CONC,9942.7451171875,132.3789453358528
E07,1,HOECHST,6570.298828125,129.69299585351962
E07,1,MITO,83536.34375,1553.9280592103469
E07,1,PHAandWGA,41293.46484375,831.985498275783
E07,1,SYTO,32727.498046875,722.7224920851999
E07,2,CONC,10606.1044921875,147.15142652020782
E07,2,HOECHST,6954.1416015625,142.48985737450008
E07,2,MITO,86450.2734375,1644.5898103005445
E07,2,PHAandWGA,43751.62109375,904.4101496247825
E07,2,SYTO,34917.8828125,790.0846074241473
E07,3,CONC,11141.201171875,154.35032581615565
E07,3,HOECHST,7317.58740234375,149.96652857418064
E07,3,MITO,89952.8828125,1659.7990292999532
E07,3,PHAandWGA,45717.9765625,941.3144793572054
E07,3,SYTO,36856.00390625,826.2636242104988
E07,4,CONC,11623.458984375,154.35641533725916
E07,4,HOECHST,7599.36279296875,151.97044192304483
E07,4,MITO,93083.109375,1651.0325104039741
E07,4,PHAandWGA,47614.6796875,954.3254236038338
E07,4,SYTO,39133.1953125,834.5626866514481
E07,5,CONC,11959.5576171875,150.10735581516957
E07,5,HOECHST,7912.3984375,151.44462475652327
E07,5,MITO,94645.0,1615.9459404209706
E07,5,PHAandWGA,49099.5703125,949.6859891607611
E07,5,SYTO,40791.97265625,827.0545641565539
E07,6,CONC,12212.005859375,143.99807065686377
E07,6,HOECHST,8070.9482421875,148.45925152677268
E07,6,MITO,96108.8515625,1586.9989590863736
E07,6,PHAandWGA,50838.5078125,933.2465983433511
E07,6,SYTO,42064.5625,802.1425613633196
E07,7,CONC,12470.767578125,137.3360800745201
E07,7,HOECHST,8358.6728515625,144.42750460195495
E07,7,MITO,99022.8203125,1540.5275349918384
E07,7,PHAandWGA,53445.90234375,908.3090222332813
E07,7,SYTO,43447.859375,769.3112717319917
E07,8,CONC,12779.0869140625,130.21831775051638
E07,8,HOECHST,8565.41015625,138.5125958522356
E07,8,MITO,101507.78125,1500.9988701529717
E07,8,PHAandWGA,54216.078125,875.3131340228664
E07,8,SYTO,45024.796875,732.3810393745271
E07,9,CONC,12983.154296875,123.76314927677979
E07,9,HOECHST,8785.63671875,133.04571240690473
E07,9,MITO,104045.96875,1455.2313165307603
E07,9,PHAandWGA,56374.58984375,840.7820942837114
E07,9,SYTO,45559.87890625,695.6248020310165
E07,10,CONC,13205.138671875,117.56150274666889
E07,10,HOECHST,9006.517578125,127.60367911647272
E07,10,MITO,104765.5,1413.1687079542887
E07,10,PHAandWGA,57030.828125,807.8983300948471
E07,10,SYTO,47067.8515625,662.2453254160658
E07,11,CONC,13423.525390625,112.08930961881988
E07,11,HOECHST,9152.7333984375,122.55230206776974
E07,11,MITO,106235.015625,1367.4860795686216
E07,11,PHAandWGA,58887.37109375,775.5842643191568
E07,11,SYTO,48078.6015625,628.2481669554735
E07,12,CONC,13563.96484375,106.81162546254755
E07,12,HOECHST,9337.83984375,117.78430978810539
E07,12,MITO,109160.0234375,1320.6301464613132
E07,12,PHAandWGA,59887.859375,744.2402843479731
E07,12,SYTO,49055.765625,597.9816308097031
E07,13,CONC,13741.5,101.9935096605665
E07,13,HOECHST,9475.0546875,112.77380117373968
E07,13,MITO,110320.375,1276.37319466783
E07,13,PHAandWGA,60236.53125,714.0847227761898
E07,13,SYTO,49706.4453125,568.5977362870025
E07,14,CONC,13915.353515625,97.3058108499764
E07,14,HOECHST,9626.0478515625,108.44153487620741
E07,14,MITO,110468.640625,1219.1521808060675
E07,14,PHAandWGA,60819.09375,684.1306966345836
E07,14,SYTO,50456.96875,539.1265414215421
E07,15,CONC,14099.1328125,92.58590336995866
E07,15,HOECHST,9724.8681640625,103.85701332949097
E07,15,MITO,111915.28125,1166.804529556094
E07,15,PHAandWGA,62666.86328125,655.2290339183687
E07,15,SYTO,51051.5234375,510.65631165025815
E08,0,CONC,1729.2950439453125,67.59766629380456
E08,0,HOECHST,1059.7972412109375,29.85496074990038
E08,0,MITO,17648.09375,1954.9125336972852
E08,0,PHAandWGA,4573.4853515625,415.68528445124605
E08,0,SYTO,2696.275390625,225.128908060992
E08,1,CONC,1795.376953125,74.38064233785765
E08,1,HOECHST,1085.828125,33.16987617185568
E08,1,MITO,17643.91015625,2057.208569139265
E08,1,PHAandWGA,4731.611328125,446.9458774146525
E08,1,SYTO,2820.380615234375,244.9271921515678
E08,2,CONC,1856.4490966796875,81.30926952677783
E08,2,HOECHST,1115.90673828125,36.60359042021088
E08,2,MITO,18144.6875,2181.6324239668443
E08,2,PHAandWGA,4843.3271484375,479.58426096487943
E08,2,SYTO,2899.8388671875,265.07424321088183
E08,3,CONC,1909.8173828125,89.83042809897957
E08,3,HOECHST,1162.57373046875,40.75316859710265
E08,3,MITO,18427.43359375,2322.427138030729
E08,3,PHAandWGA,5092.8916015625,521.4465424726226
E08,3,SYTO,3032.00341796875,290.12216177020304
E08,4,CONC,1991.39453125,99.64650055152565
E08,4,HOECHST,1210.2943115234375,45.58822911211539
E08,4,MITO,19290.142578125,2482.0037551233045
E08,4,PHAandWGA,5452.486328125,565.9782223571632
E08,4,SYTO,3203.009521484375,317.186839932877
E08,5,CONC,2091.67041015625,109.39896542404784
E08,5,HOECHST,1264.496337890625,50.705478932245484
E08,5,MITO,19794.859375,2616.527834779524
E08,5,PHAandWGA,5784.4990234375,604.539678037361
E08,5,SYTO,3331.88330078125,341.820322517425
E08,6,CONC,2153.019287109375,115.90691133026215
E08,6,HOECHST,1300.468994140625,54.44469726993252
E08,6,MITO,20715.42578125,2741.245155525902
E08,6,PHAandWGA,6031.72314453125,633.6140578484383
E08,6,SYTO,3482.09619140625,359.49646792933595
E08,7,CONC,2220.00830078125,120.7749842873913
E08,7,HOECHST,1346.2958984375,57.07894752031665
E08,7,MITO,21362.75390625,2806.249995269714
E08,7,PHAandWGA,6269.623046875,652.0221757709882
E08,7,SYTO,3577.662353515625,368.5755514355185
E08,8,CONC,2286.37939453125,122.80382085669092
E08,8,HOECHST,1388.4268798828125,58.167386772436586
E08,8,MITO,21907.318359375,2839.3640527726698
E08,8,PHAandWGA,6471.4404296875,661.1160669017021
E08,8,SYTO,3670.082763671875,371.5084239633453
E08,9,CONC,2349.18896484375,123.56151084598896
E08,9,HOECHST,1411.45751953125,58.56767486816434
E08,9,MITO,22204.03515625,2827.781569945835
E08,9,PHAandWGA,6625.4443359375,662.0154306818024
E08,9,SYTO,3773.0419921875,369.4191149056926
E08,10,CONC,2379.4990234375,122.75025874472337
E08,10,HOECHST,1437.60791015625,58.12395166706936
E08,10,MITO,22802.44921875,2800.2029563730275
E08,10,PHAandWGA,6602.26171875,655.6441211899124
E08,10,SYTO,3825.24169921875,364.97105940322086
E08,11,CONC,2424.218017578125,121.12636669675288
E08,11,HOECHST,1448.262939453125,56.98451210659669
E08,11,MITO,23241.95703125,2766.028004128745
E08,11,PHAandWGA,6706.49609375,645.8021468020165
E08,11,SYTO,3877.130615234375,357.0323011001125
E08,12,CONC,2468.8564453125,118.3618741155637
E08,12,HOECHST,1463.59375,55.43161255650312
E08,12,MITO,23673.37109375,2703.2454193235767
E08,12,PHAandWGA,6662.40283203125,627.2974552531857
E08,12,SYTO,3920.5185546875,346.7834692817927
E08,13,CONC,2484.62451171875,115.1741172698748
E08,13,HOECHST,1476.5386962890625,53.7898758433722
E08,13,MITO,24057.88671875,2626.9774646912074
E08,13,PHAandWGA,6663.703125,607.5457298439966
E08,13,SYTO,3978.0458984375,333.75496193136195
E08,14,CONC,2538.363525390625,111.17400764451074
E08,14,HOECHST,1497.696044921875,51.83273518951395
E08,14,MITO,24349.048828125,2528.6064433967567
E08,14,PHAandWGA,6715.27734375,582.4643572548391
E08,14,SYTO,4013.6884765625,320.7995315645956
E08,15,CONC,2564.34326171875,106.76906374634281
E08,15,HOECHST,1525.5911865234375,49.675908513458204
E08,15,MITO,24366.591796875,2407.359248352849
E08,15,PHAandWGA,6747.26123046875,554.7828059877628
E08,15,SYTO,4061.67822265625,304.5911523881306
E09,0,CONC,9376.3427734375,161.91109224170603
E09,0,HOECHST,4402.1025390625,90.23989270163199
E09,0,MITO,81583.328125,1412.9619816220993
E09,0,PHAandWGA,38871.7265625,945.5664732576207
E09,0,SYTO,28224.234375,817.1303574439496
E09,1,CONC,10925.267578125,249.3898857658626
E09,1,HOECHST,4975.15234375,136.79576155131537
E09,1,MITO,86085.9765625,1797.374182754973
E09,1,PHAandWGA,43061.484375,1262.3637789413103
E09,1,SYTO,32040.015625,1179.9923713663302
E09,2,CONC,12474.2177734375,304.214968912561
E09,2,HOECHST,5675.55419921875,174.94974043734254
E09,2,MITO,91374.171875,2138.975683430577
E09,2,PHAandWGA,47701.1875,1477.9088261773186
E09,2,SYTO,36374.8515625,1392.933870939674
E09,3,CONC,13562.09375,312.34132060851556
E09,3,HOECHST,6220.62255859375,188.48487581941404
E09,3,MITO,98184.890625,2327.4453155577094
E09,3,PHAandWGA,51079.7109375,1550.0922098968776
E09,3,SYTO,40751.0,1424.8290110646385
E09,4,CONC,14289.33984375,305.6679423684258
E09,4,HOECHST,6619.619140625,189.29577851253848
E09,4,MITO,103824.2578125,2390.4816178087954
E09,4,PHAandWGA,55055.51171875,1552.980458095985
E09,4,SYTO,43696.796875,1380.7462138866952
E09,5,CONC,14805.380859375,285.6997296114435
E09,5,HOECHST,7099.79052734375,190.54392780922257
E09,5,MITO,110135.34375,2379.8983336402493
E09,5,PHAandWGA,57885.33984375,1491.6481419429067
E09,5,SYTO,46925.98046875,1288.3285686393715
E09,6,CONC,15188.05078125,264.37379127530346
E09,6,HOECHST,7316.927734375,177.2491688588295
E09,6,MITO,114154.65625,2310.6492029614355
E09,6,PHAandWGA,60315.4375,1402.69707415517
E09,6,SYTO,48866.03515625,1180.2736809037979
E09,7,CONC,15555.0791015625,240.0892742466419
E09,7,HOECHST,7559.9697265625,165.0173859610896
E09,7,MITO,118622.0625,2220.6171967155747
E09,7,PHAandWGA,63048.9453125,1299.3590853332905
E09,7,SYTO,49986.40234375,1061.3542488630399
E09,8,CONC,15905.6904296875,217.48488626632184
E09,8,HOECHST,7720.705078125,151.71224164005946
E09,8,MITO,122327.625,2099.4413653131323
E09,8,PHAandWGA,64912.02734375,1193.2816891266757
E09,8,SYTO,52095.4453125,947.0085682376613
E09,9,CONC,15812.751953125,195.83645930960267
E09,9,HOECHST,7755.94970703125,137.31962945737587
E09,9,MITO,123577.03125,1979.2991609126043
E09,9,PHAandWGA,65875.8125,1101.416768519266
E09,9,SYTO,52061.765625,853.6623206793563
E09,10,CONC,15739.5126953125,174.633265064208
E09,10,HOECHST,7713.20703125,124.0940520639704
E09,10,MITO,126714.609375,1886.276176572281
E09,10,PHAandWGA,66746.015625,1022.3298605971855
E09,10,SYTO,52309.96875,774.2241660054383
E09,11,CONC,15511.20703125,158.00251030910795
E09,11,HOECHST,7741.4677734375,113.74675039758496
E09,11,MITO,126475.0,1772.9283981865694
E09,11,PHAandWGA,65932.0625,956.0222996539712
E09,11,SYTO,52859.40625,708.4033913218458
E09,12,CONC,15290.00390625,145.9464801324532
E09,12,HOECHST,7673.14501953125,106.92401076734967
E09,12,MITO,128483.125,1698.898288231655
E09,12,PHAandWGA,67050.6953125,904.6118267733333
E09,12,SYTO,52806.140625,662.1955031790519
E09,13,CONC,15144.642578125,136.5300509127341
E09,13,HOECHST,7625.3046875,101.56287089525942
E09,13,MITO,128316.0625,1630.213167695814
E09,13,PHAandWGA,65826.71875,872.0489348804299
E09,13,SYTO,51878.671875,628.9810058828072
E09,14,CONC,14970.787109375,129.98352192708217
E09,14,HOECHST,7540.8203125,97.7360115504592
E09,14,MITO,127406.734375,1592.1621303410743
E09,14,PHAandWGA,66157.28125,851.0649007927599
E09,14,SYTO,51926.28515625,606.4274136978946
E09,15,CONC,14796.4775390625,125.21560108379437
E09,15,HOECHST,7544.91455078125,94.58664502460583
E09,15,MITO,126964.109375,1564.4352610416997
E09,15,PHAandWGA,65168.3359375,832.1572076200785
E09,15,SYTO,51393.625,586.6935074363229
E11,0,CONC,6783.0205078125,126.71871183016567
E11,0,HOECHST,3226.1826171875,68.0435880026093
E11,0,MITO,68235.578125,1997.739958351978
E11,0,PHAandWGA,27603.91796875,824.0661132947816
E11,0,SYTO,17947.8046875,578.8970646754227
E11,1,CONC,8005.3515625,222.69942191393375
E11,1,HOECHST,3668.7587890625,116.12927197312646
E11,1,MITO,74538.4375,2885.7691041732323
E11,1,PHAandWGA,30911.546875,1174.7289839338698
E11,1,SYTO,20763.255859375,940.3103573013739
E11,2,CONC,9040.94921875,291.23485610102034
E11,2,HOECHST,4097.0224609375,155.66978109579475
E11,2,MITO,80921.0078125,3504.552491662231
E11,2,PHAandWGA,33641.46484375,1489.3646054697092
E11,2,SYTO,23774.7578125,1222.0786096588465
E11,3,CONC,10018.982421875,330.76058313410715
E11,3,HOECHST,4516.314453125,181.1264390155521
E11,3,MITO,85964.328125,3745.838564717567
E11,3,PHAandWGA,37016.5,1680.9578161735553
E11,3,SYTO,27012.162109375,1360.0771392658708
E11,4,CONC,10761.6748046875,341.8341014520921
E11,4,HOECHST,4950.57568359375,202.85847215953382
E11,4,MITO,91438.6796875,3842.9689610390974
E11,4,PHAandWGA,40057.828125,1757.6982329018917
E11,4,SYTO,29680.99609375,1411.5525363068393
E11,5,CONC,11391.150390625,348.49008285267047
E11,5,HOECHST,5227.646484375,204.3109688283378
E11,5,MITO,93976.796875,3843.0242007583665
E11,5,PHAandWGA,42723.8203125,1793.2757443921398
E11,5,SYTO,32040.98828125,1415.4583562769924
E11,6,CONC,11699.3759765625,338.44598755631046
E11,6,HOECHST,5510.5771484375,205.32688700250725
E11,6,MITO,97878.28125,3809.0449335603
E11,6,PHAandWGA,44221.77734375,1785.2083334060335
E11,6,SYTO,34296.78515625,1380.2678747135712
E11,7,CONC,11927.796875,319.3153294416006
E11,7,HOECHST,5674.7607421875,196.560766147029
E11,7,MITO,100258.453125,3736.748841429824
E11,7,PHAandWGA,46192.60546875,1732.8182483677606
E11,7,SYTO,35273.9765625,1308.9027851554927
E11,8,CONC,12131.400390625,298.737373322724
E11,8,HOECHST,5779.662109375,184.14163411732733
E11,8,MITO,102883.265625,3625.0223010896525
E11,8,PHAandWGA,47879.5546875,1668.266010868774
E11,8,SYTO,36906.3671875,1224.6616385740294
E11,9,CONC,12215.552734375,279.29230687645463
E11,9,HOECHST,5854.1630859375,173.5190575040518
E11,9,MITO,104684.515625,3538.522394002889
E11,9,PHAandWGA,49306.1796875,1591.271691913225
E11,9,SYTO,37186.2578125,1133.7575458839756
E11,10,CONC,12228.912109375,260.85579832756383
E11,10,HOECHST,5915.0595703125,161.32961709215778
E11,10,MITO,105374.625,3411.693046978288
E11,10,PHAandWGA,50001.39453125,1511.7815398848893
E11,10,SYTO,38087.015625,1061.7683848349675
E11,11,CONC,12140.5,240.77407379291122
E11,11,HOECHST,5955.53515625,150.32268011960971
E11,11,MITO,107515.828125,3329.8239878250197
E11,11,PHAandWGA,51194.6796875,1433.6279267290038
E11,11,SYTO,38640.9921875,987.9136536584315
E11,12,CONC,12074.583984375,225.23124700553407
E11,12,HOECHST,5948.9296875,142.32456440673775
E11,12,MITO,107774.5,3237.793020614484
E11,12,PHAandWGA,50609.35546875,1357.9101438880448
E11,12,SYTO,39184.4921875,922.6215208292296
E11,13,CONC,11931.0859375,211.28320166483488
E11,13,HOECHST,5888.47412109375,131.40962215449642
E11,13,MITO,109069.375,3128.181739116921
E11,13,PHAandWGA,50582.5,1307.6538805640162
E11,13,SYTO,38806.90234375,863.04887374775
E11,14,CONC,11767.22265625,197.6143866260223
E11,14,HOECHST,5836.41357421875,122.92597604912142
E11,14,MITO,109040.84375,3008.2130360897804
E11,14,PHAandWGA,50570.89453125,1256.3226076808346
E11,14,SYTO,38448.2109375,815.0290112909827
E11,15,CONC,11727.884765625,185.62368850017137
E11,15,HOECHST,5857.30859375,116.53419815568344
E11,15,MITO,109722.6328125,2892.2951480461265
E11,15,PHAandWGA,51037.70703125,1202.2357398640327
E11,15,SYTO,38586.9296875,766.0778486336437
E12,0,CONC,7489.98193359375,121.27942413826744
E12,0,HOECHST,4736.69873046875,98.79436145284026
E12,0,MITO,74948.3203125,1694.6648978767223
E12,0,PHAandWGA,31737.904296875,812.8942099709678
E12,0,SYTO,22241.357421875,594.970412575358
E12,1,CONC,8942.005859375,218.87360508659967
E12,1,HOECHST,5450.4794921875,173.2019517554109
E12,1,MITO,81857.109375,2363.156911541528
E12,1,PHAandWGA,34799.359375,1186.981287619419
E12,1,SYTO,25282.8359375,967.8613119626602
E12,2,CONC,10536.2109375,311.5002214020033
E12,2,HOECHST,6396.86572265625,255.90848782140708
E12,2,MITO,87250.703125,3077.524300899185
E12,2,PHAandWGA,38620.05859375,1526.502973108536
E12,2,SYTO,29543.65625,1312.9879189365695
E12,3,CONC,11846.296875,352.2209529870955
E12,3,HOECHST,7226.6494140625,299.9627537491633
E12,3,MITO,94268.3984375,3423.707216573508
E12,3,PHAandWGA,43353.0859375,1717.1640071792838
E12,3,SYTO,33490.8671875,1474.412870834542
E12,4,CONC,12735.861328125,359.3043226173177
E12,4,HOECHST,8176.62890625,330.2551011668319
E12,4,MITO,101417.921875,3517.041389930198
E12,4,PHAandWGA,46482.13671875,1778.1299188215123
E12,4,SYTO,37333.5078125,1516.0270020666444
E12,5,CONC,13698.775390625,357.05110761549827
E12,5,HOECHST,8972.9228515625,337.5283222800429
E12,5,MITO,108140.4375,3529.7847817776965
E12,5,PHAandWGA,51302.13671875,1785.4357773676081
E12,5,SYTO,41387.42578125,1500.7109800469761
E12,6,CONC,14366.3037109375,347.1704052995979
E12,6,HOECHST,9318.2919921875,314.0226567937056
E12,6,MITO,114630.1328125,3482.0842465269293
E12,6,PHAandWGA,54483.6328125,1762.7645339788996
E12,6,SYTO,43869.6640625,1442.000227374831
E12,7,CONC,14919.947265625,327.32714710242686
E12,7,HOECHST,9661.33203125,297.82316039061874
E12,7,MITO,118783.6484375,3394.8011887983253
E12,7,PHAandWGA,58201.2734375,1692.2277302996888
E12,7,SYTO,46159.6015625,1346.3426651392758
E12,8,CONC,15194.951171875,306.16977493282224
E12,8,HOECHST,9666.890625,276.03733358708047
E12,8,MITO,123022.09375,3311.9220725537757
E12,8,PHAandWGA,60280.046875,1615.2611347454942
E12,8,SYTO,47797.953125,1248.2545845897312
E12,9,CONC,15107.794921875,278.4961606291919
E12,9,HOECHST,9737.6953125,257.4387428742551
E12,9,MITO,125135.9375,3195.9422804995475
E12,9,PHAandWGA,61434.859375,1524.9477933907879
E12,9,SYTO,48660.59375,1149.8546735057305
E12,10,CONC,14916.544921875,253.5885822885328
E12,10,HOECHST,9729.8994140625,239.21515516082633
E12,10,MITO,127222.5859375,3062.5435529650345
E12,10,PHAandWGA,61263.9609375,1444.4983192833663
E12,10,SYTO,48895.0546875,1065.5973792246189
E12,11,CONC,14729.4755859375,231.41785116678136
E12,11,HOECHST,9549.5595703125,216.9826108106303
E12,11,MITO,128463.7109375,2935.8191651739526
E12,11,PHAandWGA,62266.83203125,1371.4511479004343
E12,11,SYTO,48252.171875,986.7122134085736
E12,12,CONC,14417.078125,213.0138915642128
E12,12,HOECHST,9508.3076171875,200.05948216040642
E12,12,MITO,129477.59375,2800.465172971128
E12,12,PHAandWGA,62489.82421875,1310.7158589909986
E12,12,SYTO,48106.3203125,921.341259693233
E12,13,CONC,14330.841796875,199.67125161834522
E12,13,HOECHST,9402.2607421875,188.48089994296458
E12,13,MITO,128851.15625,2689.730446385206
E12,13,PHAandWGA,62381.40625,1254.0547045250134
E12,13,SYTO,47525.2578125,862.8351691627104
E12,14,CONC,14121.56640625,188.10184401069216
E12,14,HOECHST,9256.466796875,176.74336105465167
E12,14,MITO,129396.921875,2613.3125454132005
E12,14,PHAandWGA,61995.72265625,1216.3614789525884
E12,14,SYTO,47735.12890625,815.8503137766169
E12,15,CONC,13949.306640625,177.78946031802607
E12,15,HOECHST,9180.8623046875,166.8311803441247
E12,15,MITO,129725.625,2539.2721311279
E12,15,PHAandWGA,61497.0703125,1175.4878668308245
E12,15,SYTO,47141.2734375,770.2554098259922
E13,0,CONC,7898.2802734375,194.15750335154735
E13,0,HOECHST,5350.095703125,172.88065422130163
E13,0,MITO,76049.84375,1944.6891948514758
E13,0,PHAandWGA,34616.45703125,1192.5277248059958
E13,0,SYTO,23461.052734375,942.2960886319711
E13,1,CONC,9374.75,287.7275311426314
E13,1,HOECHST,6476.51611328125,285.17075944683876
E13,1,MITO,82685.21875,2467.981336452361
E13,1,PHAandWGA,38358.03515625,1573.6119290791883
E13,1,SYTO,27837.40234375,1370.555292244435
E13,2,CONC,10594.607421875,329.8673826733055
E13,2,HOECHST,7366.7998046875,339.7995940206922
E13,2,MITO,90479.9375,2897.6610304156798
E13,2,PHAandWGA,42502.2578125,1784.013920763899
E13,2,SYTO,31828.94140625,1539.3854360880682
E13,3,CONC,11358.98828125,339.89034956081224
E13,3,HOECHST,8005.76904296875,353.8414033109924
E13,3,MITO,96135.8125,3136.8109427026684
E13,3,PHAandWGA,46280.484375,1876.5246151641018
E13,3,SYTO,35471.8984375,1552.6246820029874
E13,4,CONC,11981.919921875,333.7126770362629
E13,4,HOECHST,8500.4052734375,356.8621656670528
E13,4,MITO,101037.5546875,3217.1969500741966
E13,4,PHAandWGA,49318.5625,1879.7352624109822
E13,4,SYTO,37298.0,1502.7029864420651
E13,5,CONC,12295.462890625,318.95831652738923
E13,5,HOECHST,8853.69921875,343.83204327283926
E13,5,MITO,105136.90625,3231.324365178301
E13,5,PHAandWGA,51166.8125,1847.9070027292564
E13,5,SYTO,39258.6640625,1426.1005779384927
E13,6,CONC,12567.87890625,302.78809227122724
E13,6,HOECHST,9017.96484375,323.0672432979111
E13,6,MITO,108731.171875,3187.3251358992084
E13,6,PHAandWGA,53074.6484375,1799.5533133732022
E13,6,SYTO,39940.48828125,1339.4815437293128
E13,7,CONC,12659.037109375,283.31711007632777
E13,7,HOECHST,9190.2236328125,309.1139434245256
E13,7,MITO,111812.4375,3116.5801584515107
E13,7,PHAandWGA,54063.1796875,1725.4459142118499
E13,7,SYTO,41106.66015625,1261.0759080565892
E13,8,CONC,12590.216796875,264.4715240037117
E13,8,HOECHST,9173.4716796875,287.38806992369086
E13,8,MITO,113096.546875,3062.2151760384604
E13,8,PHAandWGA,54909.49609375,1659.9700855321025
E13,8,SYTO,41309.1484375,1181.9852573622354
E13,9,CONC,12481.6748046875,246.22177671272692
E13,9,HOECHST,9151.68359375,269.37281631683584
E13,9,MITO,114404.515625,2973.2817542937755
E13,9,PHAandWGA,55195.390625,1565.8078815960528
E13,9,SYTO,42305.125,1094.551030916991
E13,10,CONC,12466.9453125,229.7199185525937
E13,10,HOECHST,9177.01953125,251.70499280983978
E13,10,MITO,115866.171875,2876.2801131897004
E13,10,PHAandWGA,56446.6171875,1491.9025700217583
E13,10,SYTO,41885.87890625,1024.8463491232824
E13,11,CONC,12483.712890625,214.00425021979694
E13,11,HOECHST,9225.0546875,233.52340573421344
E13,11,MITO,118390.859375,2779.4909024205913
E13,11,PHAandWGA,56361.71875,1424.550625246832
E13,11,SYTO,42208.11328125,956.4522996844482
E13,12,CONC,12461.677734375,199.59534906413128
E13,12,HOECHST,9205.96875,219.12579608420089
E13,12,MITO,119020.078125,2672.9222928939457
E13,12,PHAandWGA,57738.34765625,1355.5125524805285
E13,12,SYTO,42813.703125,894.1191629396315
E13,13,CONC,12386.91015625,186.57404140416253
E13,13,HOECHST,9165.298828125,205.68585154445302
E13,13,MITO,119798.203125,2566.0445830935296
E13,13,PHAandWGA,57815.9296875,1296.8808104183965
E13,13,SYTO,42479.41015625,839.4119021822646
E13,14,CONC,12276.359375,175.2627942212421
E13,14,HOECHST,9195.90234375,194.03561543571604
E13,14,MITO,121117.6015625,2486.5079791250155
E13,14,PHAandWGA,56709.7578125,1234.661688364902
E13,14,SYTO,41929.640625,791.0711098451926
E13,15,CONC,12207.859375,166.02127008652207
E13,15,HOECHST,9194.0283203125,185.62797694215303
E13,15,MITO,120620.828125,2416.1425463167193
E13,15,PHAandWGA,56834.7734375,1185.8219774716677
E13,15,SYTO,41530.0234375,753.0048032296389
E15,0,CONC,5719.029296875,94.10951724874606
E15,0,HOECHST,4207.34130859375,94.70236589924633
E15,0,MITO,70507.9296875,1946.0676263720484
E15,0,PHAandWGA,27492.458984375,782.2221025182045
E15,0,SYTO,16359.25390625,481.09704230336615
E15,1,CONC,6675.3359375,157.33538554871603
E15,1,HOECHST,4624.388671875,146.0920185840953
E15,1,MITO,78637.625,2782.3591703198767
E15,1,PHAandWGA,30102.2578125,1113.1076582203887
E15,1,SYTO,19036.1328125,746.0803463321048
E15,2,CONC,7902.12353515625,239.3623114696836
E15,2,HOECHST,5660.1103515625,259.37392346526207
E15,2,MITO,88046.453125,3876.806945965956
E15,2,PHAandWGA,34314.3515625,1552.8761273163682
E15,2,SYTO,23641.51953125,1152.6529318133155
E15,3,CONC,8893.775390625,282.9170716107394
E15,3,HOECHST,6560.5966796875,327.87888543645295
E15,3,MITO,96863.3671875,4444.237861128821
E15,3,PHAandWGA,38421.59375,1838.2146709794088
E15,3,SYTO,27393.203125,1361.902196968832
E15,4,CONC,9625.947265625,294.5473325390831
E15,4,HOECHST,7175.5126953125,351.01228259740657
E15,4,MITO,102059.328125,4534.838817012059
E15,4,PHAandWGA,41682.59765625,1939.5609043807892
E15,4,SYTO,30317.0546875,1415.1097552648012
E15,5,CONC,10275.1015625,292.20044635793784
E15,5,HOECHST,7626.62841796875,337.67281236013423
E15,5,MITO,108011.4375,4446.228713531257
E15,5,PHAandWGA,45041.0390625,1966.0218302341584
E15,5,SYTO,33298.70703125,1388.9584217238007
E15,6,CONC,10848.81640625,286.0989384155513
E15,6,HOECHST,8222.080078125,338.5787300169036
E15,6,MITO,115100.28125,4357.034449024468
E15,6,PHAandWGA,48160.43359375,1919.2083126807563
E15,6,SYTO,36310.3515625,1333.7440337401047
E15,7,CONC,11123.5869140625,270.9595497394585
E15,7,HOECHST,8496.333984375,318.9833624523285
E15,7,MITO,118759.78125,4175.101882302436
E15,7,PHAandWGA,51428.3203125,1841.1645135047556
E15,7,SYTO,37505.078125,1248.1709029262372
E15,8,CONC,11352.51953125,257.0586552161456
E15,8,HOECHST,8664.228515625,302.5601282682669
E15,8,MITO,121687.1484375,3979.2373378692564
E15,8,PHAandWGA,53121.8359375,1768.3138246028136
E15,8,SYTO,39370.2734375,1171.132062305281
E15,9,CONC,11318.8046875,240.93980351920348
E15,9,HOECHST,8684.9560546875,278.6914345341419
E15,9,MITO,123410.0625,3865.289999782979
E15,9,PHAandWGA,54180.63671875,1684.034722756466
E15,9,SYTO,39609.328125,1100.091139957639
E15,10,CONC,11233.33203125,225.3141170752033
E15,10,HOECHST,8601.919921875,259.82623769420434
E15,10,MITO,123019.6953125,3642.8061907810666
E15,10,PHAandWGA,54370.6015625,1590.812915125329
E15,10,SYTO,39611.390625,1026.1422264694825
E15,11,CONC,11058.5703125,207.57372196133934
E15,11,HOECHST,8549.8447265625,237.95214209260942
E15,11,MITO,122853.65625,3461.7746942300605
E15,11,PHAandWGA,55095.2265625,1506.3129371750422
E15,11,SYTO,40410.359375,955.2579699332364
E15,12,CONC,10919.72265625,191.7650033090066
E15,12,HOECHST,8453.966796875,222.17246315778243
E15,12,MITO,123965.1484375,3290.2750974752703
E15,12,PHAandWGA,54748.46875,1428.771774476737
E15,12,SYTO,39685.3828125,893.3036518416574
E15,13,CONC,10707.4140625,178.25715945558147
E15,13,HOECHST,8313.0263671875,204.12294803353004
E15,13,MITO,123403.1171875,3134.0164382440507
E15,13,PHAandWGA,54442.4921875,1368.3367157138562
E15,13,SYTO,39355.7265625,836.3515241102551
E15,14,CONC,10571.87109375,167.3342621939895
E15,14,HOECHST,8233.96484375,189.4991657376976
E15,14,MITO,122698.25,2983.9270976648518
E15,14,PHAandWGA,53840.44921875,1305.1429993860984
E15,14,SYTO,38853.65625,782.5760906599786
E15,15,CONC,10550.890625,158.4079766832224
E15,15,HOECHST,8181.97314453125,176.7910459262607
E15,15,MITO,123177.1953125,2853.996776086788
E15,15,PHAandWGA,53449.8515625,1248.8714852502258
E15,15,SYTO,39282.4609375,737.8997308569265
E16,0,CONC,4602.4404296875,111.7348820963022
E16,0,HOECHST,3076.376953125,88.73730796562658
E16,0,MITO,54757.3671875,2264.80169069535
E16,0,PHAandWGA,20937.287109375,824.8097224568448
E16,0,SYTO,9782.521484375,454.4219261020865
E16,1,CONC,5038.4755859375,139.78761121398003
E16,1,HOECHST,3390.9541015625,117.49116786858362
E16,1,MITO,57429.08984375,2602.556414052457
E16,1,PHAandWGA,22369.728515625,965.1400314003558
E16,1,SYTO,11378.236328125,560.0504162448327
E16,2,CONC,5445.166015625,165.16866616781354
E16,2,HOECHST,3740.458251953125,148.87999066034834
E16,2,MITO,60875.3046875,2961.7091121387843
E16,2,PHAandWGA,23729.65625,1096.375964594232
E16,2,SYTO,13615.541015625,672.3883024239481
E16,3,CONC,5860.3447265625,185.345787118578
E16,3,HOECHST,4059.25390625,170.27432172518445
E16,3,MITO,63644.3515625,3269.0136201679543
E16,3,PHAandWGA,25689.33984375,1204.7548905133797
E16,3,SYTO,15585.5107421875,743.8871886820641
E16,4,CONC,6171.15576171875,198.9881017664708
E16,4,HOECHST,4274.7939453125,179.04015192314463
E16,4,MITO,66981.421875,3470.5266387159845
E16,4,PHAandWGA,27630.27734375,1283.373315223141
E16,4,SYTO,17449.611328125,783.649390575684
E16,5,CONC,6468.02685546875,206.24791397979436
E16,5,HOECHST,4490.09033203125,185.34544963147445
E16,5,MITO,69163.765625,3562.791777606219
E16,5,PHAandWGA,29250.4609375,1330.692559200204
E16,5,SYTO,18743.724609375,801.8635750058467
E16,6,CONC,6676.6396484375,208.97979279149342
E16,6,HOECHST,4689.3603515625,184.50715867337357
E16,6,MITO,72385.859375,3605.207010647737
E16,6,PHAandWGA,30672.34375,1358.6253016110143
E16,6,SYTO,19755.91015625,796.9782560561599
E16,7,CONC,6850.3212890625,208.56614325810193
E16,7,HOECHST,4781.3291015625,181.5645233999409
E16,7,MITO,73497.8125,3609.407637147092
E16,7,PHAandWGA,31841.17578125,1363.279266950408
E16,7,SYTO,19944.31640625,781.4150428253008
E16,8,CONC,6940.681640625,206.24334400800126
E16,8,HOECHST,4876.38671875,180.2515732556274
E16,8,MITO,75077.3203125,3591.8935311364226
E16,8,PHAandWGA,32706.79296875,1365.5142531223687
E16,8,SYTO,20040.015625,766.2286079730256
E16,9,CONC,7008.19189453125,203.69789852278404
E16,9,HOECHST,4974.1201171875,176.74645710321488
E16,9,MITO,76967.984375,3585.670754550721
E16,9,PHAandWGA,32730.27734375,1380.924021928571
E16,9,SYTO,19880.689453125,748.2928338713488
E16,10,CONC,7004.25048828125,199.2213372364713
E16,10,HOECHST,4958.2373046875,172.41806617250944
E16,10,MITO,76786.046875,3549.5545368677313
E16,10,PHAandWGA,33440.9140625,1387.7826365079927
E16,10,SYTO,19616.6875,729.1765774819462
E16,11,CONC,7009.15625,194.35910154994204
E16,11,HOECHST,4974.4912109375,167.32162956259916
E16,11,MITO,78022.390625,3513.4729999937035
E16,11,PHAandWGA,33367.43359375,1347.2500065943573
E16,11,SYTO,19355.1953125,704.5152835487544
E16,12,CONC,7052.5751953125,189.6852514348357
E16,12,HOECHST,4972.400390625,161.33450358121343
E16,12,MITO,78627.828125,3479.1025593566696
E16,12,PHAandWGA,33324.78515625,1314.3425262004107
E16,12,SYTO,19408.93359375,685.713588755095
E16,13,CONC,7032.5009765625,184.70579793322275
E16,13,HOECHST,4984.80859375,154.84899489713482
E16,13,MITO,79059.140625,3423.1497711850925
E16,13,PHAandWGA,32871.87890625,1279.1355708833712
E16,13,SYTO,18971.04296875,658.1410549333923
E16,14,CONC,7066.15966796875,178.73190621059905
E16,14,HOECHST,4992.85400390625,147.61954731772488
E16,14,MITO,79015.140625,3330.0831835771564
E16,14,PHAandWGA,32584.4765625,1240.5902178761144
E16,14,SYTO,18738.98046875,628.8874893083844
E16,15,CONC,7120.21142578125,172.38627246763383
E16,15,HOECHST,5063.59423828125,140.72803172466746
E16,15,MITO,79580.0390625,3243.5658183933388
E16,15,PHAandWGA,32811.40625,1206.0206988789428
E16,15,SYTO,18575.7578125,600.9242587973264
E17,0,CONC,4805.5419921875,122.9204976465746
E17,0,HOECHST,3307.3779296875,101.84911407040936
E17,0,MITO,59178.05859375,2624.2456948713952
E17,0,PHAandWGA,22494.904296875,958.8871748927179
E17,0,SYTO,12931.4970703125,576.0178850296977
E17,1,CONC,5422.4873046875,177.74912653125693
E17,1,HOECHST,3728.3134765625,157.37804122573522
E17,1,MITO,63450.8671875,3393.1901960592872
E17,1,PHAandWGA,24937.3125,1246.2672497964718
E17,1,SYTO,15149.2177734375,827.3324836302326
E17,2,CONC,6045.927734375,217.18648654155464
E17,2,HOECHST,4198.626953125,202.14996564297712
E17,2,MITO,69558.9453125,3913.205757814277
E17,2,PHAandWGA,26941.2265625,1494.699697717183
E17,2,SYTO,17772.10546875,1028.4052756080453
E17,3,CONC,6511.5498046875,237.86197688912793
E17,3,HOECHST,4614.9091796875,231.1664767172111
E17,3,MITO,74808.1015625,4146.822668850389
E17,3,PHAandWGA,29425.2734375,1665.0091594248734
E17,3,SYTO,20047.27734375,1134.6417779219294
E17,4,CONC,6969.1318359375,248.87258892578183
E17,4,HOECHST,4916.6533203125,241.9776402762239
E17,4,MITO,77726.1875,4261.245869969649
E17,4,PHAandWGA,32164.541015625,1761.6590833808498
E17,4,SYTO,22497.0546875,1175.8214321962175
E17,5,CONC,7321.8408203125,253.0924643498189
E17,5,HOECHST,5146.064453125,241.88392109728252
E17,5,MITO,81304.6875,4272.497979663381
E17,5,PHAandWGA,34214.046875,1823.856012194239
E17,5,SYTO,24360.669921875,1186.5926224939244
E17,6,CONC,7471.5234375,248.83254208742161
E17,6,HOECHST,5383.10595703125,241.35434985054087
E17,6,MITO,84132.359375,4240.82833823145
E17,6,PHAandWGA,36363.31640625,1829.286992930708
E17,6,SYTO,25741.345703125,1163.4707726493787
E17,7,CONC,7623.58740234375,241.2944290948371
E17,7,HOECHST,5562.02587890625,236.8055932640251
E17,7,MITO,84559.359375,4117.663741854776
E17,7,PHAandWGA,37546.265625,1800.2533745417513
E17,7,SYTO,27174.97265625,1120.620383832396
E17,8,CONC,7710.10498046875,233.56850885001714
E17,8,HOECHST,5639.5029296875,228.94397230343182
E17,8,MITO,86407.7109375,4030.9428054704363
E17,8,PHAandWGA,38247.1328125,1763.1805421260167
E17,8,SYTO,27686.23046875,1075.7801995853717
E17,9,CONC,7768.51513671875,225.81336326117423
E17,9,HOECHST,5711.466796875,221.64517348311713
E17,9,MITO,87609.765625,3943.938587037868
E17,9,PHAandWGA,38750.4140625,1714.1799296254762
E17,9,SYTO,28231.8359375,1027.549250954119
E17,10,CONC,7741.91162109375,217.84961849050754
E17,10,HOECHST,5727.03857421875,211.5544136445043
E17,10,MITO,88236.5078125,3891.8089443438635
E17,10,PHAandWGA,39836.328125,1681.3691596859155
E17,10,SYTO,28143.158203125,989.0935731286023
E17,11,CONC,7667.09814453125,210.21296308291866
E17,11,HOECHST,5677.80712890625,201.2337695047498
E17,11,MITO,88489.234375,3808.442328272232
E17,11,PHAandWGA,39766.00390625,1654.7474288955432
E17,11,SYTO,28014.12109375,953.7943399418273
E17,12,CONC,7684.5751953125,202.51165238281715
E17,12,HOECHST,5664.95703125,192.656042798967
E17,12,MITO,88092.734375,3718.4892062777676
E17,12,PHAandWGA,39661.7734375,1616.4499942459242
E17,12,SYTO,28274.771484375,916.6249489006052
E17,13,CONC,7652.6552734375,194.3819392016221
E17,13,HOECHST,5655.67919921875,183.32840428924382
E17,13,MITO,88893.171875,3605.792449202844
E17,13,PHAandWGA,39969.375,1570.9916352150487
E17,13,SYTO,27878.486328125,875.2265488907303
E17,14,CONC,7683.69189453125,185.43258474191947
E17,14,HOECHST,5677.7255859375,174.06334067806674
E17,14,MITO,89577.609375,3479.3759184059513
E17,14,PHAandWGA,39726.67578125,1511.8294649652626
E17,14,SYTO,27592.474609375,832.3141579270311
E17,15,CONC,7694.5263671875,177.09237960583926
E17,15,HOECHST,5696.453125,165.35715955025026
E17,15,MITO,89140.140625,3347.4476253198513
E17,15,PHAandWGA,39874.7109375,1452.3543034207892
E17,15,SYTO,27304.2890625,789.3151393036743
E18,0,CONC,5025.328125,144.80807204390698
E18,0,HOECHST,3673.12939453125,135.0746153520791
E18,0,MITO,58476.40234375,2312.116476066112
E18,0,PHAandWGA,23268.26171875,1124.7255149334828
E18,0,SYTO,14751.837890625,789.2751120255245
E18,1,CONC,5624.8056640625,193.03780823380072
E18,1,HOECHST,4063.19384765625,180.7318523145549
E18,1,MITO,61434.3046875,2717.291256912308
E18,1,PHAandWGA,25551.455078125,1383.9732210506015
E18,1,SYTO,16970.4296875,1019.7428630281822
E18,2,CONC,6184.6298828125,228.45128796135148
E18,2,HOECHST,4511.705078125,220.69300504836116
E18,2,MITO,65554.328125,3051.2007338260605
E18,2,PHAandWGA,27834.734375,1579.0099747353047
E18,2,SYTO,19593.515625,1183.0240087596878
E18,3,CONC,6648.48095703125,247.8611058908993
E18,3,HOECHST,4927.7783203125,249.72615289336787
E18,3,MITO,69335.8359375,3305.487136010846
E18,3,PHAandWGA,29897.1015625,1714.221236559688
E18,3,SYTO,21523.55078125,1265.6326072101126
E18,4,CONC,7013.419921875,254.68850133980942
E18,4,HOECHST,5232.87451171875,258.893259760986
E18,4,MITO,72362.125,3456.273953336787
E18,4,PHAandWGA,31548.8984375,1782.7757939760418
E18,4,SYTO,22896.03515625,1284.6957848203451
E18,5,CONC,7321.85546875,255.01781227311872
E18,5,HOECHST,5539.55419921875,261.55045458661414
E18,5,MITO,75576.8828125,3559.554579504478
E18,5,PHAandWGA,33837.75,1797.625458736917
E18,5,SYTO,24813.94921875,1264.2070407801143
E18,6,CONC,7575.80322265625,252.65000260919604
E18,6,HOECHST,5749.9853515625,257.108045303843
E18,6,MITO,79045.015625,3617.3110674926174
E18,6,PHAandWGA,35462.2734375,1801.4170914473457
E18,6,SYTO,26439.30078125,1226.9264309274831
E18,7,CONC,7752.0849609375,247.122163217487
E18,7,HOECHST,5893.212890625,251.64570574054068
E18,7,MITO,81280.515625,3632.204872044011
E18,7,PHAandWGA,37393.4375,1774.2164863552089
E18,7,SYTO,27630.396484375,1179.1717179203608
E18,8,CONC,7811.44140625,239.9197695653745
E18,8,HOECHST,6002.96728515625,243.15177693744656
E18,8,MITO,83105.1015625,3628.247421838031
E18,8,PHAandWGA,37697.640625,1732.7003339950481
E18,8,SYTO,28116.23828125,1129.7632450691688
E18,9,CONC,7878.73876953125,231.6702770583999
E18,9,HOECHST,6031.83349609375,234.56220644163594
E18,9,MITO,84851.9375,3597.60158153506
E18,9,PHAandWGA,38456.796875,1689.0006341446135
E18,9,SYTO,28311.578125,1082.2052497663976
E18,10,CONC,7860.62451171875,222.46863185160996
E18,10,HOECHST,6041.28271484375,223.86983478471168
E18,10,MITO,85564.9296875,3553.924706300653
E18,10,PHAandWGA,38705.34375,1647.0043988483342
E18,10,SYTO,28713.109375,1036.8831894717111
E18,11,CONC,7849.005859375,213.98847165118542
E18,11,HOECHST,6057.2744140625,214.33419960880371
E18,11,MITO,85808.71875,3496.6771600913125
E18,11,PHAandWGA,39815.109375,1601.7030127647554
E18,11,SYTO,28488.294921875,990.8041671149915
E18,12,CONC,7843.5927734375,205.63055890697018
E18,12,HOECHST,6065.33203125,206.11400234000516
E18,12,MITO,87063.9140625,3428.8689928885174
E18,12,PHAandWGA,39126.4296875,1559.0335628449918
E18,12,SYTO,28071.2890625,949.7014051129837
E18,13,CONC,7843.68359375,196.93763533720292
E18,13,HOECHST,6065.40625,196.33851816069804
E18,13,MITO,88016.578125,3342.932072365915
E18,13,PHAandWGA,39629.80078125,1511.9178926649424
E18,13,SYTO,28316.83984375,906.0339067441532
E18,14,CONC,7823.88427734375,188.33872424392513
E18,14,HOECHST,6089.318359375,187.2304719008632
E18,14,MITO,88768.484375,3263.3145138579944
E18,14,PHAandWGA,39677.01171875,1467.565099122731
E18,14,SYTO,28302.65234375,867.0325694867838
E18,15,CONC,7854.494140625,179.7135441958394
E18,15,HOECHST,6131.556640625,177.96526299074063
E18,15,MITO,89020.109375,3157.6795121167943
E18,15,PHAandWGA,39733.58984375,1413.712824592027
E18,15,SYTO,27777.271484375,819.2639358881994
E20,0,CONC,3857.82470703125,108.62391397591213
E20,0,HOECHST,1706.304443359375,40.96944942589928
E20,0,MITO,50649.25,2945.168368235512
E20,0,PHAandWGA,18190.3203125,900.7355285585209
E20,0,SYTO,7534.72265625,415.66344422669215
E20,1,CONC,4139.126953125,134.42741558611888
E20,1,HOECHST,1838.9005126953125,51.37617162979129
E20,1,MITO,52440.515625,3369.0775735807015
E20,1,PHAandWGA,19305.0390625,1068.4297683889363
E20,1,SYTO,8444.353515625,504.77835252474813
E20,2,CONC,4452.6591796875,160.23277781593072
E20,2,HOECHST,1979.78955078125,63.62236852574646
E20,2,MITO,56009.328125,3786.4889321683036
E20,2,PHAandWGA,20593.75,1231.078766264318
E20,2,SYTO,9712.45703125,598.1842059571995
E20,3,CONC,4747.52734375,179.54125637605736
E20,3,HOECHST,2127.6875,75.71742949805375
E20,3,MITO,59048.05078125,4074.9512159115225
E20,3,PHAandWGA,22193.236328125,1361.9593381372863
E20,3,SYTO,11082.38671875,674.3449840816941
E20,4,CONC,5005.98876953125,192.1851113825171
E20,4,HOECHST,2267.372314453125,84.27822541201942
E20,4,MITO,61668.04296875,4272.826319594449
E20,4,PHAandWGA,23627.6953125,1455.1740958147846
E20,4,SYTO,12178.126953125,720.448313876844
E20,5,CONC,5176.55126953125,198.95797726278985
E20,5,HOECHST,2363.5888671875,88.56477074052538
E20,5,MITO,63752.203125,4383.941977849473
E20,5,PHAandWGA,25096.140625,1500.7625110549113
E20,5,SYTO,12718.0830078125,736.7428493508963
E20,6,CONC,5345.3935546875,202.8332003439368
E20,6,HOECHST,2454.30859375,91.50596068011053
E20,6,MITO,65370.3203125,4445.688211763346
E20,6,PHAandWGA,25754.828125,1518.2880892769638
E20,6,SYTO,13029.2021484375,741.6511866741686
E20,7,CONC,5490.408203125,203.845824495865
E20,7,HOECHST,2546.4189453125,92.91586311140733
E20,7,MITO,66957.6640625,4458.087552166438
E20,7,PHAandWGA,26951.5546875,1518.0621423369118
E20,7,SYTO,12992.43359375,732.9610690330618
E20,8,CONC,5529.30322265625,201.04919312705604
E20,8,HOECHST,2595.755859375,92.5456479304619
E20,8,MITO,68061.953125,4422.861024912347
E20,8,PHAandWGA,27136.73046875,1504.3070645607452
E20,8,SYTO,12951.2587890625,718.3158832668076
E20,9,CONC,5598.0048828125,197.20150396270617
E20,9,HOECHST,2622.259765625,91.17549663475042
E20,9,MITO,69353.625,4347.680460473416
E20,9,PHAandWGA,28068.26953125,1480.8528352155618
E20,9,SYTO,12793.255859375,699.7359722027714
E20,10,CONC,5676.92919921875,193.10243064814534
E20,10,HOECHST,2662.51123046875,88.22053630583297
E20,10,MITO,70087.5,4262.651921390061
E20,10,PHAandWGA,28165.98046875,1449.9142651563757
E20,10,SYTO,12683.609375,681.2273225920117
E20,11,CONC,5716.8671875,188.57785163421255
E20,11,HOECHST,2675.716796875,85.17948576834658
E20,11,MITO,70798.546875,4176.999849040416
E20,11,PHAandWGA,28888.80859375,1423.1977915329996
E20,11,SYTO,12618.314453125,659.126982797468
E20,12,CONC,5753.6015625,183.26970662293783
E20,12,HOECHST,2702.27490234375,82.26169679030494
E20,12,MITO,71572.890625,4064.853371056992
E20,12,PHAandWGA,28783.9453125,1380.3239056664668
E20,12,SYTO,12505.75390625,633.9795145171948
E20,13,CONC,5825.5244140625,177.11633597128323
E20,13,HOECHST,2721.84375,78.8793368914575
E20,13,MITO,72630.921875,3910.362913772147
E20,13,PHAandWGA,29150.08203125,1334.2011645143625
E20,13,SYTO,12389.8046875,604.8673602228058
E20,14,CONC,5867.8740234375,170.70706401715265
E20,14,HOECHST,2731.2978515625,75.39146632321847
E20,14,MITO,72236.8515625,3748.4148029239136
E20,14,PHAandWGA,28828.64453125,1283.6105291923163
E20,14,SYTO,12430.1796875,576.8816505306529
E20,15,CONC,5947.50390625,163.64840015471458
E20,15,HOECHST,2763.46630859375,71.9718729067299
E20,15,MITO,73184.421875,3578.238569455105
E20,15,PHAandWGA,29440.744140625,1231.836717773513
E20,15,SYTO,12372.916015625,547.3449891937202
E22,0,CONC,3682.74951171875,127.86266852033398
E22,0,HOECHST,1717.897705078125,54.26047212563811
E22,0,MITO,50458.5390625,3573.214235938114
E22,0,PHAandWGA,16136.287109375,1023.0762891388729
E22,0,SYTO,7598.10546875,505.3116393047006
E22,1,CONC,4004.658935546875,159.0630406664362
E22,1,HOECHST,1889.940185546875,72.49494590350145
E22,1,MITO,52883.6171875,4034.074373115247
E22,1,PHAandWGA,17481.533203125,1204.0712860079207
E22,1,SYTO,9203.392578125,632.4533235660856
E22,2,CONC,4259.404296875,175.6762844516742
E22,2,HOECHST,2048.888916015625,87.86065170600271
E22,2,MITO,54805.046875,4233.665797565291
E22,2,PHAandWGA,18518.421875,1317.083978871559
E22,2,SYTO,10407.86328125,712.5574553618458
E22,3,CONC,4503.5078125,185.34967999222926
E22,3,HOECHST,2171.405517578125,98.7145717880654
E22,3,MITO,57029.25,4337.4998562708415
E22,3,PHAandWGA,19685.76171875,1397.230484301873
E22,3,SYTO,11468.5146484375,761.6083726368981
E22,4,CONC,4668.95947265625,190.98517414804382
E22,4,HOECHST,2307.05322265625,103.77969930098521
E22,4,MITO,59539.0546875,4399.54166529891
E22,4,PHAandWGA,20972.951171875,1446.812315577454
E22,4,SYTO,12191.0185546875,777.2287772599154
E22,5,CONC,4789.009765625,191.76508434834926
E22,5,HOECHST,2384.41943359375,105.39144278972492
E22,5,MITO,60485.4921875,4393.855206302217
E22,5,PHAandWGA,21655.47265625,1456.7574773802821
E22,5,SYTO,12285.4921875,768.9163044805304
E22,6,CONC,4831.6923828125,189.99028917120637
E22,6,HOECHST,2419.791259765625,103.45879383095946
E22,6,MITO,61329.1953125,4376.206459138237
E22,6,PHAandWGA,22301.908203125,1463.1115215317484
E22,6,SYTO,12317.359375,752.9223706491243
E22,7,CONC,4882.1015625,187.33085597144333
E22,7,HOECHST,2431.43798828125,99.61795808603281
E22,7,MITO,62184.46875,4343.918296317148
E22,7,PHAandWGA,23192.958984375,1442.8215652595065
E22,7,SYTO,12041.4169921875,730.6898827442012
E22,8,CONC,4915.10595703125,183.68284647621206
E22,8,HOECHST,2448.1083984375,95.7976254848659
E22,8,MITO,63222.44140625,4287.039384456598
E22,8,PHAandWGA,23145.43359375,1406.3548243572243
E22,8,SYTO,11839.9765625,704.7883703678364
E22,9,CONC,4978.10498046875,178.97135630110355
E22,9,HOECHST,2469.3896484375,92.98559054315832
E22,9,MITO,63539.13671875,4216.93516011425
E22,9,PHAandWGA,23597.51171875,1368.5335091384106
E22,9,SYTO,11480.8935546875,675.9028760966511
E22,10,CONC,5002.859375,174.76939955481566
E22,10,HOECHST,2482.3681640625,90.21021389577042
E22,10,MITO,64463.87890625,4131.718219924401
E22,10,PHAandWGA,23734.546875,1336.4680128848925
E22,10,SYTO,11340.828125,656.6254858981056
E22,11,CONC,5020.1533203125,170.8860355550914
E22,11,HOECHST,2477.17822265625,86.44124351811641
E22,11,MITO,64362.28125,4055.273048281505
E22,11,PHAandWGA,23889.3125,1305.5229554748203
E22,11,SYTO,11131.5908203125,632.9689808150742
E22,12,CONC,5073.69140625,166.42408828918266
E22,12,HOECHST,2500.36865234375,82.28367519514157
E22,12,MITO,65326.5,3936.31319165953
E22,12,PHAandWGA,23931.181640625,1272.6804819092506
E22,12,SYTO,11079.7568359375,610.6163190612351
E22,13,CONC,5125.73046875,160.32268784844757
E22,13,HOECHST,2513.338134765625,78.6111169097973
E22,13,MITO,66076.9375,3801.539773386477
E22,13,PHAandWGA,24058.193359375,1219.4574777962303
E22,13,SYTO,11020.646484375,579.0271364421515
E22,14,CONC,5194.69580078125,154.38587972687168
E22,14,HOECHST,2543.92822265625,75.44180446203691
E22,14,MITO,66744.8515625,3651.393272769556
E22,14,PHAandWGA,24279.1328125,1169.2512816182027
E22,14,SYTO,11052.845703125,550.6122560945283
E22,15,CONC,5227.27099609375,147.70770786106434
E22,15,HOECHST,2577.16259765625,71.4287098632208
E22,15,MITO,67096.0234375,3452.565607717965
E22,15,PHAandWGA,24274.001953125,1116.2364122615077
E22,15,SYTO,10975.328125,517.1133871830745
E23,0,CONC,3835.788818359375,91.71898016976957
E23,0,HOECHST,2746.26123046875,81.02884299712166
E23,0,MITO,48163.6328125,2228.576933833004
E23,0,PHAandWGA,18047.255859375,810.3896363326313
E23,0,SYTO,9311.5283203125,461.1300395052841
E23,1,CONC,4107.4755859375,116.17563324002259
E23,1,HOECHST,2940.3115234375,99.67887924736519
E23,1,MITO,49976.875,2622.2131208221003
E23,1,PHAandWGA,19082.197265625,974.682571843376
E23,1,SYTO,11179.943359375,584.7008530289792
E23,2,CONC,4487.2880859375,149.3797005336154
E23,2,HOECHST,3217.827392578125,133.51397477074545
E23,2,MITO,53479.77734375,3116.202208660298
E23,2,PHAandWGA,20862.80859375,1190.2595170347
E23,2,SYTO,13439.419921875,763.7851537094434
E23,3,CONC,4821.31298828125,174.2486119022266
E23,3,HOECHST,3508.80126953125,164.6694965300768
E23,3,MITO,56939.90234375,3412.795561564819
E23,3,PHAandWGA,22515.3203125,1350.5130253246714
E23,3,SYTO,15191.51953125,890.1249115046248
E23,4,CONC,5100.53759765625,187.1895344136071
E23,4,HOECHST,3776.8525390625,182.73346051877607
E23,4,MITO,59167.109375,3582.1352235018876
E23,4,PHAandWGA,24230.30859375,1443.7409848206833
E23,4,SYTO,16428.30859375,949.6734943160499
E23,5,CONC,5326.333984375,195.1826365210149
E23,5,HOECHST,3982.851318359375,191.44010381166694
E23,5,MITO,60935.45703125,3688.5484890404077
E23,5,PHAandWGA,25752.05078125,1505.0202960429642
E23,5,SYTO,18055.41796875,974.0208450248014
E23,6,CONC,5550.86376953125,200.20822894985437
E23,6,HOECHST,4123.74609375,196.56634173898578
E23,6,MITO,63239.33984375,3785.0186676625776
E23,6,PHAandWGA,27181.51171875,1542.986074781292
E23,6,SYTO,19529.708984375,983.4910871001368
E23,7,CONC,5744.97021484375,201.9020696789419
E23,7,HOECHST,4285.34619140625,199.48538904854777
E23,7,MITO,65144.78515625,3831.2590233229794
E23,7,PHAandWGA,27786.08984375,1554.7342253964512
E23,7,SYTO,20310.2734375,975.8529152876089
E23,8,CONC,5827.578125,201.5877218000629
E23,8,HOECHST,4392.25048828125,198.71640407268754
E23,8,MITO,66302.671875,3858.703425691315
E23,8,PHAandWGA,29079.017578125,1564.1689387008598
E23,8,SYTO,20966.84765625,959.9796024008823
E23,9,CONC,5907.6787109375,199.96221330723466
E23,9,HOECHST,4466.8583984375,194.89705095958644
E23,9,MITO,67707.078125,3873.145649620916
E23,9,PHAandWGA,30062.45703125,1573.2987568587725
E23,9,SYTO,21496.994140625,939.6770903517212
E23,10,CONC,5986.044921875,196.5305465491576
E23,10,HOECHST,4523.21337890625,191.36776861414467
E23,10,MITO,69458.3125,3851.1541585140094
E23,10,PHAandWGA,30909.1875,1567.4814379122415
E23,10,SYTO,21610.193359375,913.5535003746693
E23,11,CONC,6087.2353515625,192.44791263365985
E23,11,HOECHST,4599.984375,185.7021365654895
E23,11,MITO,70666.484375,3800.6951755429036
E23,11,PHAandWGA,30736.974609375,1526.5415865031991
E23,11,SYTO,22005.80859375,881.2180124372186
E23,12,CONC,6136.75048828125,187.97756206752607
E23,12,HOECHST,4663.5185546875,180.18507485250848
E23,12,MITO,71290.546875,3745.922277311196
E23,12,PHAandWGA,31087.828125,1490.882190662197
E23,12,SYTO,21560.5703125,846.8972254065015
E23,13,CONC,6187.8515625,182.45750003202673
E23,13,HOECHST,4683.2080078125,173.73139644006514
E23,13,MITO,72602.8828125,3670.5699237393205
E23,13,PHAandWGA,31812.771484375,1451.1967320793788
E23,13,SYTO,21165.95703125,809.0057790433804
E23,14,CONC,6206.3271484375,176.37191859035215
E23,14,HOECHST,4724.9443359375,165.79131204434742
E23,14,MITO,73359.0859375,3579.6816416065835
E23,14,PHAandWGA,31911.798828125,1419.453728618646
E23,14,SYTO,20975.76953125,772.9736364122714
E23,15,CONC,6241.6435546875,169.46681048880754
E23,15,HOECHST,4781.61767578125,158.26860173285155
E23,15,MITO,73678.453125,3481.3836194207497
E23,15,PHAandWGA,32071.12109375,1372.954872456713
E23,15,SYTO,20884.84375,737.0686796698566
F03,0,CONC,6511.2978515625,96.16605360244778
F03,0,HOECHST,3258.22998046875,58.786625464175216
F03,0,MITO,67514.921875,1369.093034810831
F03,0,PHAandWGA,29559.78125,701.1721215129481
F03,0,SYTO,19854.26171875,537.489030324598
F03,1,CONC,6994.87841796875,120.63275924622887
F03,1,HOECHST,3458.6982421875,70.4622788316422
F03,1,MITO,69135.9296875,1561.2010642373407
F03,1,PHAandWGA,30729.55859375,821.1201917710301
F03,1,SYTO,21297.50390625,650.7480507335171
F03,2,CONC,7602.15625,153.2502108088223
F03,2,HOECHST,3721.802490234375,86.28209430178497
F03,2,MITO,72407.734375,1811.3558009956482
F03,2,PHAandWGA,33143.52734375,987.5128286010236
F03,2,SYTO,23579.046875,808.4513506802772
F03,3,CONC,8248.162109375,180.00519883218104
F03,3,HOECHST,4013.464111328125,103.55487374967889
F03,3,MITO,76852.796875,2017.4994192493257
F03,3,PHAandWGA,35770.64453125,1126.0295377578586
F03,3,SYTO,25809.4375,945.6908413799157
F03,4,CONC,8817.763671875,193.33099207400682
F03,4,HOECHST,4295.29443359375,115.30616792091189
F03,4,MITO,80068.8671875,2125.1417241734785
F03,4,PHAandWGA,37691.59375,1202.7985592256862
F03,4,SYTO,28419.41015625,1011.8635456372132
F03,5,CONC,9253.8779296875,196.68368570880992
F03,5,HOECHST,4576.85693359375,121.56420511806817
F03,5,MITO,83016.46875,2176.9874831964235
F03,5,PHAandWGA,40119.859375,1235.0324317744441
F03,5,SYTO,30459.2421875,1024.5869717176354
F03,6,CONC,9576.5234375,192.55749756211088
F03,6,HOECHST,4766.1455078125,122.62971711488939
F03,6,MITO,86421.25,2213.625903143508
F03,6,PHAandWGA,42064.22265625,1226.4123420414073
F03,6,SYTO,32438.78515625,1001.7198907604061
F03,7,CONC,9777.365234375,185.80697144843845
F03,7,HOECHST,4955.0029296875,120.90322509516386
F03,7,MITO,89161.8671875,2223.581296700663
F03,7,PHAandWGA,43700.703125,1199.8140861041115
F03,7,SYTO,33904.2578125,959.2251671008439
F03,8,CONC,10022.84375,179.0898875845806
F03,8,HOECHST,5125.8603515625,118.05950731332702
F03,8,MITO,91594.40625,2213.8855533670626
F03,8,PHAandWGA,45495.5234375,1167.6701534019535
F03,8,SYTO,35366.4765625,913.0377613011148
F03,9,CONC,10201.931640625,172.0505282129844
F03,9,HOECHST,5259.7353515625,114.05054587475317
F03,9,MITO,94322.453125,2196.9343556976355
F03,9,PHAandWGA,46939.140625,1129.4330130693124
F03,9,SYTO,36299.2578125,868.8535524520302
F03,10,CONC,10302.3935546875,165.51362053415926
F03,10,HOECHST,5347.3662109375,109.68101048859727
F03,10,MITO,96338.6875,2175.7937448149723
F03,10,PHAandWGA,47753.328125,1089.8134941110986
F03,10,SYTO,37047.0546875,823.8203122233912
F03,11,CONC,10401.1630859375,158.5443030164112
F03,11,HOECHST,5414.9482421875,105.37993854751711
F03,11,MITO,97862.609375,2146.5132157762077
F03,11,PHAandWGA,48664.75390625,1053.695372326332
F03,11,SYTO,38092.453125,785.6929582396566
F03,12,CONC,10492.0927734375,152.3470208336995
F03,12,HOECHST,5472.87548828125,101.56889550070301
F03,12,MITO,98903.921875,2105.1516724609505
F03,12,PHAandWGA,48426.32421875,1021.5038016792417
F03,12,SYTO,37700.359375,749.1860157911756
F03,13,CONC,10567.0419921875,145.89592222532278
F03,13,HOECHST,5520.1025390625,97.65063705421363
F03,13,MITO,99838.6328125,2054.2293833804893
F03,13,PHAandWGA,49091.296875,991.5559666571646
F03,13,SYTO,37716.6015625,717.2893348337742
F03,14,CONC,10597.4453125,139.91763019405172
F03,14,HOECHST,5576.2841796875,94.64488955099516
F03,14,MITO,102148.7734375,2007.704008790018
F03,14,PHAandWGA,50214.2578125,964.6586879946138
F03,14,SYTO,37917.1953125,687.5744945157381
F03,15,CONC,10664.166015625,134.06225297379567
F03,15,HOECHST,5620.6689453125,91.61963682553275
F03,15,MITO,102599.796875,1953.4642396105548
F03,15,PHAandWGA,50421.56640625,934.4607181695458
F03,15,SYTO,38349.859375,660.1053582384366
F04,0,CONC,2594.80517578125,163.7030147902443
F04,0,HOECHST,1365.32080078125,64.41694346405042
F04,0,MITO,30369.625,4483.509290937191
F04,0,PHAandWGA,7105.03515625,758.8813963172894
F04,0,SYTO,3661.58740234375,395.72201919706026
F04,1,CONC,3074.477294921875,243.157821415792
F04,1,HOECHST,1574.54638671875,101.98264981968843
F04,1,MITO,34633.25,5668.498151420263
F04,1,PHAandWGA,8800.0927734375,1030.9835083489074
F04,1,SYTO,4499.07373046875,561.9506350648438
F04,2,CONC,3410.43603515625,286.13962653444736
F04,2,HOECHST,1752.880126953125,128.15709297799447
F04,2,MITO,37738.42578125,6187.175805660962
F04,2,PHAandWGA,10122.884765625,1175.4841435166782
F04,2,SYTO,5177.1796875,661.9956380024543
F04,3,CONC,3538.985595703125,287.73045066423276
F04,3,HOECHST,1892.476318359375,141.57423095459552
F04,3,MITO,38996.05859375,6170.026227788756
F04,3,PHAandWGA,11143.2275390625,1211.2930778934428
F04,3,SYTO,5554.60986328125,701.2259397594372
F04,4,CONC,3555.308837890625,275.8144731820607
F04,4,HOECHST,1915.6917724609375,135.6412041940702
F04,4,MITO,39737.5234375,6059.038275740844
F04,4,PHAandWGA,11840.3857421875,1186.7579294762152
F04,4,SYTO,5608.3505859375,682.8328106110051
F04,5,CONC,3547.1630859375,261.05160032940574
F04,5,HOECHST,1899.578125,123.75545410052185
F04,5,MITO,39654.2109375,5846.848563658109
F04,5,PHAandWGA,11866.494140625,1133.469928617612
F04,5,SYTO,5467.18798828125,644.36923462528
F04,6,CONC,3474.895263671875,245.57507879200114
F04,6,HOECHST,1847.37353515625,112.1778980726145
F04,6,MITO,39296.13671875,5632.302376799839
F04,6,PHAandWGA,11862.34375,1077.5804158145886
F04,6,SYTO,5339.0966796875,605.4519427508566
F04,7,CONC,3374.41650390625,229.80835459845574
F04,7,HOECHST,1784.2886962890625,100.33737330313605
F04,7,MITO,37781.9296875,5352.663841365232
F04,7,PHAandWGA,11242.625,1013.9568676934282
F04,7,SYTO,5087.9404296875,560.8341445624023
F04,8,CONC,3300.1962890625,214.89252291531918
F04,8,HOECHST,1743.1314697265625,90.51248790608003
F04,8,MITO,37296.09765625,5136.323586331288
F04,8,PHAandWGA,10602.890625,956.1717771780206
F04,8,SYTO,4932.75537109375,521.118908411923
F04,9,CONC,3230.3203125,201.5094686581268
F04,9,HOECHST,1708.01171875,82.93159423042512
F04,9,MITO,36191.25,4893.086589740568
F04,9,PHAandWGA,10084.412109375,900.1743769672936
F04,9,SYTO,4782.12451171875,484.88521441409233
F04,10,CONC,3219.96240234375,188.94677059487745
F04,10,HOECHST,1694.79345703125,77.09009969140781
F04,10,MITO,35538.87890625,4619.4806144618115
F04,10,PHAandWGA,9410.802734375,837.6878916310451
F04,10,SYTO,4673.6181640625,451.7233099206706
F04,11,CONC,3207.89208984375,177.73357495321284
F04,11,HOECHST,1698.68505859375,72.2713013864192
F04,11,MITO,35360.8515625,4330.7864814128025
F04,11,PHAandWGA,9154.9482421875,785.7776334150788
F04,11,SYTO,4622.2607421875,419.27796757798376
F04,12,CONC,3206.102294921875,167.64312690524025
F04,12,HOECHST,1702.5968017578125,68.08276107052906
F04,12,MITO,35526.5546875,4053.2379134089456
F04,12,PHAandWGA,8922.431640625,730.5919980659477
F04,12,SYTO,4644.9736328125,390.2461578393977
F04,13,CONC,3282.778564453125,158.78259780745958
F04,13,HOECHST,1734.4794921875,63.83265637121978
F04,13,MITO,35431.59375,3766.2199234148543
F04,13,PHAandWGA,8741.310546875,677.6151752721554
F04,13,SYTO,4637.482421875,364.5817977377386
F04,14,CONC,3343.580810546875,149.7399318840419
F04,14,HOECHST,1781.20703125,60.49365928223759
F04,14,MITO,35884.61328125,3472.689439608435
F04,14,PHAandWGA,8568.294921875,622.5867403682581
F04,14,SYTO,4688.47607421875,336.56951374384386
F04,15,CONC,3406.9658203125,141.0340070916331
F04,15,HOECHST,1814.839599609375,56.91318086993959
F04,15,MITO,36393.41015625,3175.1841662481006
F04,15,PHAandWGA,8428.3916015625,571.7022127159795
F04,15,SYTO,4748.494140625,311.341215946535
F05,0,CONC,4074.2880859375,88.42733440511368
F05,0,HOECHST,3053.5185546875,86.15260644592833
F05,0,MITO,52341.18359375,2203.3287048327543
F05,0,PHAandWGA,19428.05078125,775.5186491014776
F05,0,SYTO,11786.0,521.762600557893
F05,1,CONC,4497.11279296875,125.60296496053965
F05,1,HOECHST,3347.005615234375,121.86343125605694
F05,1,MITO,55531.39453125,2766.988146134704
F05,1,PHAandWGA,20965.59765625,994.5398727829694
F05,1,SYTO,13997.810546875,728.1257142077035
F05,2,CONC,4955.87109375,161.18774240336137
F05,2,HOECHST,3740.90478515625,158.18644585920163
F05,2,MITO,59881.1015625,3198.9453213889183
F05,2,PHAandWGA,22898.69921875,1201.2489635821214
F05,2,SYTO,16486.07421875,912.6444112691023
F05,3,CONC,5348.0673828125,181.378402147161
F05,3,HOECHST,4058.38330078125,180.7837725836612
F05,3,MITO,63903.40625,3446.8347862971573
F05,3,PHAandWGA,24558.595703125,1332.2864945853873
F05,3,SYTO,18538.2265625,1017.1383635889056
F05,4,CONC,5584.14111328125,185.9231413955477
F05,4,HOECHST,4279.2099609375,190.06250823695288
F05,4,MITO,66459.2421875,3513.347676319279
F05,4,PHAandWGA,26426.365234375,1382.4005308400374
F05,4,SYTO,20289.44140625,1045.3276332740895
F05,5,CONC,5813.32177734375,184.26601861914565
F05,5,HOECHST,4489.80224609375,190.814118018488
F05,5,MITO,68690.0,3521.8225496353375
F05,5,PHAandWGA,27786.28515625,1395.4946968856034
F05,5,SYTO,21746.673828125,1035.1727014834132
F05,6,CONC,5914.51220703125,178.83291227370358
F05,6,HOECHST,4615.8447265625,185.96476961095928
F05,6,MITO,70643.9375,3500.1068353335613
F05,6,PHAandWGA,28949.26953125,1381.879046071026
F05,6,SYTO,23243.095703125,1004.7287071491256
F05,7,CONC,6029.0048828125,173.58159928226272
F05,7,HOECHST,4734.025390625,179.63540867144923
F05,7,MITO,71671.875,3437.811017439041
F05,7,PHAandWGA,30178.87890625,1349.9395142345816
F05,7,SYTO,24122.3515625,961.9235342629892
F05,8,CONC,6083.830078125,168.39202368950822
F05,8,HOECHST,4783.55859375,173.10256173532625
F05,8,MITO,73025.9765625,3378.521153976125
F05,8,PHAandWGA,31510.09375,1314.3823613963311
F05,8,SYTO,24867.96875,919.4552553063156
F05,9,CONC,6084.2724609375,162.4141698194948
F05,9,HOECHST,4822.1162109375,165.32667004937036
F05,9,MITO,73815.0,3305.7243589725003
F05,9,PHAandWGA,32287.234375,1277.7399860164462
F05,9,SYTO,25255.68359375,876.5328902113753
F05,10,CONC,6106.0927734375,156.51750218389668
F05,10,HOECHST,4848.16162109375,157.8287609379748
F05,10,MITO,74220.625,3222.622213082007
F05,10,PHAandWGA,32538.19140625,1237.7402279470862
F05,10,SYTO,24767.533203125,836.0753872455151
F05,11,CONC,6142.6611328125,150.44795196002093
F05,11,HOECHST,4875.2548828125,151.02643251220582
F05,11,MITO,75070.1328125,3136.5620583336517
F05,11,PHAandWGA,32732.14453125,1202.19441849682
F05,11,SYTO,24435.4765625,798.4548377747476
F05,12,CONC,6173.14501953125,144.37325664374765
F05,12,HOECHST,4896.6025390625,144.5243005150266
F05,12,MITO,75541.171875,3042.3381715449113
F05,12,PHAandWGA,32547.3046875,1165.388353101322
F05,12,SYTO,24023.77734375,760.3506438152126
F05,13,CONC,6162.8955078125,137.37358115593145
F05,13,HOECHST,4939.4326171875,137.44299198493914
F05,13,MITO,75724.375,2923.7780549068652
F05,13,PHAandWGA,32896.55078125,1123.1134205379599
F05,13,SYTO,23360.193359375,721.1374048531555
F05,14,CONC,6189.9365234375,130.76059215003647
F05,14,HOECHST,4962.5830078125,130.57084339179102
F05,14,MITO,75876.71875,2801.3602657756282
F05,14,PHAandWGA,33000.484375,1081.275269040966
F05,14,SYTO,22899.12890625,681.5005522082542
F05,15,CONC,6258.5009765625,124.37202133639559
F05,15,HOECHST,4973.1572265625,123.96636141171017
F05,15,MITO,76803.234375,2684.555640768043
F05,15,PHAandWGA,32967.5703125,1038.079413436586
F05,15,SYTO,22845.44140625,645.6595000274393
F06,0,CONC,6644.0966796875,154.76648797845795
F06,0,HOECHST,2798.100341796875,70.06005982040324
F06,0,MITO,67553.625,2004.3632562062874
F06,0,PHAandWGA,27860.185546875,1039.8729479955366
F06,0,SYTO,17521.3515625,721.2311512332174
F06,1,CONC,7697.53369140625,239.79525218681616
F06,1,HOECHST,3154.508544921875,106.1447023354649
F06,1,MITO,72493.1875,2570.5215618754078
F06,1,PHAandWGA,31048.58203125,1398.512411219239
F06,1,SYTO,20573.4921875,1063.5020518131748
F06,2,CONC,8592.02734375,278.33219946377017
F06,2,HOECHST,3460.59619140625,129.56591540698852
F06,2,MITO,77789.6875,2950.004179895761
F06,2,PHAandWGA,33914.75390625,1597.5235800535313
F06,2,SYTO,23497.51953125,1247.4976817637928
F06,3,CONC,9361.978515625,304.4448245220875
F06,3,HOECHST,3770.044921875,144.0481768522946
F06,3,MITO,82596.109375,3216.64512631988
F06,3,PHAandWGA,36548.703125,1708.6889247573274
F06,3,SYTO,26039.93359375,1303.4989103074158
F06,4,CONC,9887.71484375,313.4406959715551
F06,4,HOECHST,4034.1826171875,151.24316499812684
F06,4,MITO,87075.1796875,3417.6561835819784
F06,4,PHAandWGA,38803.3125,1755.582726175985
F06,4,SYTO,28080.04296875,1310.6793620809767
F06,5,CONC,10173.55078125,303.34543749339673
F06,5,HOECHST,4229.99169921875,154.74365192055723
F06,5,MITO,90679.953125,3470.04066829418
F06,5,PHAandWGA,40802.53125,1741.0980961911862
F06,5,SYTO,29632.58203125,1273.352037813287
F06,6,CONC,10230.537109375,283.58659057098424
F06,6,HOECHST,4312.638671875,146.2883362588593
F06,6,MITO,93549.234375,3445.7939209103974
F06,6,PHAandWGA,41593.21875,1701.442271132846
F06,6,SYTO,30562.9921875,1210.0027764987115
F06,7,CONC,10308.3466796875,267.1595124800127
F06,7,HOECHST,4430.32861328125,140.3638621186215
F06,7,MITO,94321.578125,3408.447097742392
F06,7,PHAandWGA,42914.14453125,1644.7403535616484
F06,7,SYTO,31836.5078125,1138.8077113462725
F06,8,CONC,10288.27734375,249.8246001764562
F06,8,HOECHST,4495.9072265625,134.55018421496888
F06,8,MITO,96023.765625,3332.4074598760176
F06,8,PHAandWGA,43346.9453125,1574.2246389041547
F06,8,SYTO,32011.037109375,1070.173947249244
F06,9,CONC,10148.6748046875,230.38614231447747
F06,9,HOECHST,4500.3798828125,127.30850898624993
F06,9,MITO,96975.6015625,3273.5351882208365
F06,9,PHAandWGA,44278.19140625,1521.8590598487299
F06,9,SYTO,32880.9921875,1008.5271687335916
F06,10,CONC,10086.2958984375,214.79556125124486
F06,10,HOECHST,4503.95703125,119.95460014020375
F06,10,MITO,98189.625,3184.3679678771796
F06,10,PHAandWGA,44089.0078125,1461.2157569198678
F06,10,SYTO,32727.8046875,952.6155595700246
F06,11,CONC,10140.048828125,202.57774861257803
F06,11,HOECHST,4512.6533203125,113.14457986080329
F06,11,MITO,98300.3671875,3067.9781350877056
F06,11,PHAandWGA,45110.25390625,1399.4152000652841
F06,11,SYTO,32905.6171875,897.2152873965784
F06,12,CONC,10148.77734375,191.07168618965304
F06,12,HOECHST,4555.7763671875,107.16795951073888
F06,12,MITO,99024.96875,2939.750015315485
F06,12,PHAandWGA,45266.12890625,1343.583288625594
F06,12,SYTO,32790.2890625,845.1280055056112
F06,13,CONC,10116.544921875,179.55677359056213
F06,13,HOECHST,4591.1962890625,101.25424017527999
F06,13,MITO,100075.375,2821.002612121757
F06,13,PHAandWGA,45269.62109375,1284.759151908619
F06,13,SYTO,32718.837890625,795.171514100839
F06,14,CONC,10170.6865234375,169.35019491866325
F06,14,HOECHST,4590.3681640625,96.46152954793924
F06,14,MITO,101651.2109375,2690.771742907883
F06,14,PHAandWGA,46043.1796875,1223.6883430721825
F06,14,SYTO,32532.734375,747.7824914666278
F06,15,CONC,10260.89453125,159.87021183935008
F06,15,HOECHST,4644.37060546875,92.72608748492249
F06,15,MITO,101701.3515625,2572.503046902162
F06,15,PHAandWGA,46150.171875,1163.2545397168883
F06,15,SYTO,32443.666015625,705.0379792658505
F07,0,CONC,8086.8232421875,72.3929848214306
F07,0,HOECHST,5869.61328125,77.19591801671766
F07,0,MITO,87237.140625,1178.7133022181335
F07,0,PHAandWGA,37625.640625,508.06734818341636
F07,0,SYTO,28250.71875,403.99973679135456
F07,1,CONC,8803.126953125,97.47769373001447
F07,1,HOECHST,6270.7236328125,98.04993572281725
F07,1,MITO,91656.1953125,1524.938833603301
F07,1,PHAandWGA,40079.5234375,612.7448532751639
F07,1,SYTO,29917.728515625,505.60793449172553
F07,2,CONC,9908.0390625,139.5856364657376
F07,2,HOECHST,6936.609375,135.68719142467364
F07,2,MITO,101330.3046875,2030.4596750811493
F07,2,PHAandWGA,43503.15234375,794.2540458223987
F07,2,SYTO,33087.4921875,684.8332602343758
F07,3,CONC,11012.8056640625,165.7710742611405
F07,3,HOECHST,7755.44921875,162.3775582568557
F07,3,MITO,110591.734375,2232.466464945433
F07,3,PHAandWGA,47083.34375,936.1592055233674
F07,3,SYTO,36731.02734375,818.8159264798143
F07,4,CONC,11730.7490234375,166.39821759969308
F07,4,HOECHST,8329.96484375,172.59601978476206
F07,4,MITO,116025.75,2181.1707818242753
F07,4,PHAandWGA,50045.3203125,970.9266997755401
F07,4,SYTO,40484.62109375,855.4446815885435
F07,5,CONC,12143.203125,157.983834681974
F07,5,HOECHST,8736.5712890625,168.90971562273293
F07,5,MITO,119696.265625,2055.5354478070544
F07,5,PHAandWGA,53717.3984375,960.1986508091996
F07,5,SYTO,43236.37890625,834.8913288061921
F07,6,CONC,12526.5087890625,148.4637640090892
F07,6,HOECHST,9055.69921875,160.91524766354473
F07,6,MITO,121551.9765625,1916.5519940579948
F07,6,PHAandWGA,56194.390625,922.3156131753851
F07,6,SYTO,45710.6953125,788.4581719359886
F07,7,CONC,12749.63671875,137.39037047874285
F07,7,HOECHST,9353.3759765625,150.98029673085014
F07,7,MITO,126020.8515625,1782.5612883369179
F07,7,PHAandWGA,58333.6875,865.8199309142469
F07,7,SYTO,47243.03515625,729.965377320685
F07,8,CONC,12918.8564453125,126.78427315372583
F07,8,HOECHST,9559.345703125,141.37344394546878
F07,8,MITO,127600.0234375,1655.1006563542453
F07,8,PHAandWGA,59385.01953125,808.7885090449917
F07,8,SYTO,49733.84765625,672.4904620153757
F07,9,CONC,13011.796875,117.72322846643965
F07,9,HOECHST,9686.6962890625,131.6614140180829
F07,9,MITO,127925.40625,1548.8681282307653
F07,9,PHAandWGA,61053.64453125,758.5605196030228
F07,9,SYTO,50889.17578125,619.5643242912353
F07,10,CONC,13110.529296875,109.93521256955364
F07,10,HOECHST,9751.9609375,121.49824576003998
F07,10,MITO,130784.6875,1472.3786962698223
F07,10,PHAandWGA,61956.2890625,716.0730789054796
F07,10,SYTO,51932.38671875,575.5153087353935
F07,11,CONC,13046.2861328125,102.30911816266251
F07,11,HOECHST,9755.62890625,114.89831703738943
F07,11,MITO,131697.015625,1398.1562224925422
F07,11,PHAandWGA,62641.66015625,674.3182503919497
F07,11,SYTO,51778.92578125,535.9513384461742
F07,12,CONC,13018.72265625,94.91434150199159
F07,12,HOECHST,9890.921875,108.7183944263061
F07,12,MITO,130616.875,1314.655206023241
F07,12,PHAandWGA,63931.6875,639.5468307297255
F07,12,SYTO,52560.89453125,502.5627394931886
F07,13,CONC,12942.13671875,88.7076449054709
F07,13,HOECHST,9916.9736328125,102.1885617489868
F07,13,MITO,132497.546875,1240.118227276613
F07,13,PHAandWGA,63648.62890625,608.2912259842927
F07,13,SYTO,52745.921875,471.6293570505516
F07,14,CONC,13010.087890625,83.39569765994476
F07,14,HOECHST,9982.5078125,97.03303142212307
F07,14,MITO,131551.84375,1178.366580269406
F07,14,PHAandWGA,63792.71875,582.6545999967224
F07,14,SYTO,52725.484375,445.74427896233186
F07,15,CONC,13020.2060546875,78.65992734405444
F07,15,HOECHST,10060.884765625,92.87476565773758
F07,15,MITO,132887.046875,1126.6741653810582
F07,15,PHAandWGA,64848.4375,561.1119667014497
F07,15,SYTO,52938.734375,425.74380831840443
F09,0,CONC,11579.228515625,122.24099814669172
F09,0,HOECHST,7979.39111328125,122.20165464517142
F09,0,MITO,107224.78125,1324.2090108982134
F09,0,PHAandWGA,51670.2109375,662.4586343817517
F09,0,SYTO,40502.10546875,640.330348299933
F09,1,CONC,13516.984375,196.60875800702007
F09,1,HOECHST,9179.330078125,188.16701740531167
F09,1,MITO,114568.8125,1727.3335042837505
F09,1,PHAandWGA,56226.06640625,918.3767398570861
F09,1,SYTO,45091.87890625,932.9162030717512
F09,2,CONC,15231.9189453125,228.66327678552847
F09,2,HOECHST,10379.580078125,233.5800161458624
F09,2,MITO,122443.390625,1881.223481936561
F09,2,PHAandWGA,61149.6640625,1060.3218299561627
F09,2,SYTO,50599.6328125,1098.4508688351705
F09,3,CONC,16494.8046875,229.7234715324595
F09,3,HOECHST,11369.87890625,243.13635864156439
F09,3,MITO,129384.0625,1866.2825238780376
F09,3,PHAandWGA,66562.6875,1092.2439527428428
F09,3,SYTO,54987.96875,1112.7076894137788
F09,4,CONC,17597.6796875,217.76435377793817
F09,4,HOECHST,12275.533203125,239.53388830176607
F09,4,MITO,138095.09375,1787.646899183124
F09,4,PHAandWGA,70484.109375,1073.2340373786649
F09,4,SYTO,59463.96875,1065.6044911531765
F09,5,CONC,18323.306640625,193.73457628153201
F09,5,HOECHST,12703.9404296875,214.7736252516063
F09,5,MITO,143853.578125,1629.5369112709498
F09,5,PHAandWGA,74857.984375,997.8875392591586
F09,5,SYTO,62503.64453125,966.426408293581
F09,6,CONC,18933.13671875,170.8120562680484
F09,6,HOECHST,13206.2373046875,192.88719803378854
F09,6,MITO,146854.21875,1459.1035643125529
F09,6,PHAandWGA,77204.2890625,899.9307321090688
F09,6,SYTO,65218.7890625,853.30507717203
F09,7,CONC,19279.7734375,145.4801540169058
F09,7,HOECHST,13492.9013671875,171.24501160125826
F09,7,MITO,150609.5625,1294.429234324548
F09,7,PHAandWGA,80458.703125,793.9600777624202
F09,7,SYTO,67539.28125,735.5599482957051
F09,8,CONC,19137.1484375,125.59236435679432
F09,8,HOECHST,13620.998046875,149.7459193620597
F09,8,MITO,152644.09375,1158.920287223827
F09,8,PHAandWGA,82133.5390625,703.8446754591531
F09,8,SYTO,68606.6796875,639.9688562147254
F09,9,CONC,19070.48046875,110.0885729226688
F09,9,HOECHST,13607.099609375,130.90101426707093
F09,9,MITO,154347.25,1059.5454227442756
F09,9,PHAandWGA,82434.453125,626.5171439337881
F09,9,SYTO,69442.515625,562.8547504600654
F09,10,CONC,19014.734375,94.02903602754019
F09,10,HOECHST,13677.4560546875,113.67946694603472
F09,10,MITO,156372.734375,946.8929587091077
F09,10,PHAandWGA,83938.046875,547.656237017336
F09,10,SYTO,70110.7890625,483.98115403893934
F09,11,CONC,18755.966796875,80.92450344233269
F09,11,HOECHST,13579.2041015625,99.19932145590195
F09,11,MITO,157036.625,855.7577492884069
F09,11,PHAandWGA,83353.4375,479.7564698095908
F09,11,SYTO,71045.8203125,419.1596679739199
F09,12,CONC,18556.021484375,71.02195646621644
F09,12,HOECHST,13509.47265625,88.75797791930414
F09,12,MITO,157279.296875,814.7888823980053
F09,12,PHAandWGA,83301.890625,435.43050151489405
F09,12,SYTO,70782.1796875,375.1392304248991
F09,13,CONC,18252.501953125,62.62647393220044
F09,13,HOECHST,13445.6357421875,80.69601110390398
F09,13,MITO,156110.4375,765.268072555391
F09,13,PHAandWGA,84403.890625,398.77485927458554
F09,13,SYTO,69235.40625,339.3512730146543
F09,14,CONC,18016.85546875,58.15982165512389
F09,14,HOECHST,13349.765625,77.20628437335601
F09,14,MITO,155723.8125,754.4167987302399
F09,14,PHAandWGA,83155.0859375,381.67776995406433
F09,14,SYTO,69953.21875,322.8058069223206
F09,15,CONC,17846.2890625,54.51291748956432
F09,15,HOECHST,13285.43359375,73.1440866229242
F09,15,MITO,156472.8125,742.0970203438754
F09,15,PHAandWGA,83915.28125,368.3199406570536
F09,15,SYTO,68369.203125,308.72122569099656
F10,0,CONC,10053.986328125,95.39337097420473
F10,0,HOECHST,6717.26953125,93.79107349232693
F10,0,MITO,96779.359375,1329.5729235462186
F10,0,PHAandWGA,45728.8359375,601.511727897255
F10,0,SYTO,34334.84375,494.02886587286997
F10,1,CONC,11404.796875,144.38352743571548
F10,1,HOECHST,7468.38232421875,143.00240648953692
F10,1,MITO,104610.734375,1835.4772148222282
F10,1,PHAandWGA,49366.328125,812.6623208031212
F10,1,SYTO,37514.1875,707.3368075929635
F10,2,CONC,12771.6875,176.41817423067528
F10,2,HOECHST,8355.8505859375,174.6253421734087
F10,2,MITO,114753.2734375,2088.8723585833077
F10,2,PHAandWGA,53672.90625,963.2497598860011
F10,2,SYTO,42155.8515625,867.5064386120677
F10,3,CONC,13924.912109375,178.38085134425992
F10,3,HOECHST,9214.345703125,188.2473397871306
F10,3,MITO,122543.96875,2098.1812030709775
F10,3,PHAandWGA,57863.234375,1007.2230369269744
F10,3,SYTO,45931.59765625,907.8310026765204
F10,4,CONC,14558.4541015625,167.77861314451377
F10,4,HOECHST,9729.0673828125,183.34831503758974
F10,4,MITO,127818.390625,1960.4850431793786
F10,4,PHAandWGA,61668.328125,987.9310365713662
F10,4,SYTO,49660.48828125,875.315248614016
F10,5,CONC,15201.1796875,155.26471825853886
F10,5,HOECHST,10085.912109375,169.64156788729997
F10,5,MITO,131421.90625,1803.0735146383952
F10,5,PHAandWGA,64080.66796875,945.5569261120373
F10,5,SYTO,51986.4140625,813.8108344089067
F10,6,CONC,15466.849609375,137.92860377432066
F10,6,HOECHST,10302.306640625,150.2275689216426
F10,6,MITO,133852.8125,1624.1432078035193
F10,6,PHAandWGA,67235.3125,873.6902652510254
F10,6,SYTO,54438.64453125,731.7922748325301
F10,7,CONC,15693.58203125,120.85839864043966
F10,7,HOECHST,10542.111328125,134.40981618087912
F10,7,MITO,137761.6875,1469.655616562038
F10,7,PHAandWGA,69252.96875,793.704284412807
F10,7,SYTO,56642.11328125,651.0606889380975
F10,8,CONC,15709.099609375,106.35795935694964
F10,8,HOECHST,10617.736328125,122.5913460401518
F10,8,MITO,138283.28125,1337.217814079029
F10,8,PHAandWGA,70717.9140625,728.0890098332505
F10,8,SYTO,57499.578125,584.7692087276273
F10,9,CONC,15704.974609375,93.14610522505676
F10,9,HOECHST,10693.4130859375,109.06570348160245
F10,9,MITO,139507.90625,1221.7313927343607
F10,9,PHAandWGA,71489.0625,660.9193514391208
F10,9,SYTO,58199.046875,521.1274804811794
F10,10,CONC,15688.44140625,82.21504635851885
F10,10,HOECHST,10785.794921875,98.2229132707193
F10,10,MITO,140179.75,1120.6479315876823
F10,10,PHAandWGA,71462.2734375,599.7288208648318
F10,10,SYTO,58811.546875,465.92506801516436
F10,11,CONC,15568.6044921875,73.90913369270753
F10,11,HOECHST,10800.16796875,89.50654325809603
F10,11,MITO,139707.1875,1037.1934355656579
F10,11,PHAandWGA,72507.8046875,551.3545949967342
F10,11,SYTO,59345.3828125,420.0043451431101
F10,12,CONC,15467.212890625,68.10339359539545
F10,12,HOECHST,10834.6240234375,83.19524252372736
F10,12,MITO,140619.5,979.3985089584124
F10,12,PHAandWGA,73720.109375,515.6235188971621
F10,12,SYTO,58990.0,387.801221969261
F10,13,CONC,15386.296875,63.34674423594881
F10,13,HOECHST,10885.48046875,78.88253276949251
F10,13,MITO,140301.015625,938.6906867265708
F10,13,PHAandWGA,73859.5625,492.1740754352683
F10,13,SYTO,59797.1015625,366.80552851385966
F10,14,CONC,15301.5078125,59.587237750302045
F10,14,HOECHST,10847.869140625,75.63053191612161
F10,14,MITO,138375.6875,897.2584439449193
F10,14,PHAandWGA,73761.4453125,474.55764554658606
F10,14,SYTO,58887.64453125,350.7409928273578
F10,15,CONC,15272.056640625,56.18218351104986
F10,15,HOECHST,10921.66015625,72.69531811235441
F10,15,MITO,139462.65625,861.1792844562169
F10,15,PHAandWGA,74017.5546875,461.94373673824754
F10,15,SYTO,59252.79296875,336.84657497209633
F11,0,CONC,11709.787109375,85.24853402978258
F11,0,HOECHST,8534.869140625,102.69206255262225
F11,0,MITO,95656.890625,666.3504900541426
F11,0,PHAandWGA,52601.4375,439.3096246854595
F11,0,SYTO,44079.09375,477.43422260574647
F11,1,CONC,12599.431640625,103.41821500488126
F11,1,HOECHST,8990.64453125,110.35403226706224
F11,1,MITO,98640.46875,716.1352202308236
F11,1,PHAandWGA,54902.1484375,526.542897722728
F11,1,SYTO,46675.3203125,565.272089849883
F11,2,CONC,14143.01953125,144.44302841656906
F11,2,HOECHST,10002.86328125,153.3072104613267
F11,2,MITO,104909.9140625,854.1443113769917
F11,2,PHAandWGA,59147.90234375,671.0865580749042
F11,2,SYTO,50977.40234375,759.7966974607481
F11,3,CONC,15959.23046875,175.79357065081714
F11,3,HOECHST,11243.7880859375,182.4207005724774
F11,3,MITO,111502.453125,973.6306042185752
F11,3,PHAandWGA,64966.390625,788.6485561562113
F11,3,SYTO,56918.4609375,897.1107671619172
F11,4,CONC,17345.0,176.27385934035806
F11,4,HOECHST,12231.2646484375,183.67852176302105
F11,4,MITO,118869.0,1007.215986913659
F11,4,PHAandWGA,70532.6875,786.7728613940012
F11,4,SYTO,61909.7109375,884.2781251683117
F11,5,CONC,18112.2890625,156.31472362400416
F11,5,HOECHST,13001.9072265625,173.86497651903792
F11,5,MITO,124896.6953125,956.0530750914813
F11,5,PHAandWGA,73625.734375,721.4509044838322
F11,5,SYTO,65625.453125,793.6083538686789
F11,6,CONC,18650.9375,133.8642686053969
F11,6,HOECHST,13605.068359375,156.30015753281484
F11,6,MITO,129149.421875,875.235292666296
F11,6,PHAandWGA,76398.640625,645.6183806298844
F11,6,SYTO,68180.046875,690.8624628361331
F11,7,CONC,18821.52734375,114.13375602664398
F11,7,HOECHST,13994.6845703125,140.642820664683
F11,7,MITO,132101.84375,799.0962321065024
F11,7,PHAandWGA,78591.390625,576.3608949577192
F11,7,SYTO,71050.46875,601.3709253898171
F11,8,CONC,18904.89453125,99.21239025464037
F11,8,HOECHST,14102.966796875,124.32901906417109
F11,8,MITO,134750.671875,733.9596630975979
F11,8,PHAandWGA,80049.59375,518.3269968046353
F11,8,SYTO,71557.53125,529.8710041468638
F11,9,CONC,18891.8125,86.33171526524676
F11,9,HOECHST,14153.6513671875,111.13044379491814
F11,9,MITO,134521.859375,675.7167810379481
F11,9,PHAandWGA,80880.171875,464.1809921832289
F11,9,SYTO,71475.71875,467.8432224691773
F11,10,CONC,18722.8671875,76.88663729351822
F11,10,HOECHST,14129.5751953125,100.389207020036
F11,10,MITO,137069.0625,637.6263890517776
F11,10,PHAandWGA,79838.828125,423.4725376521805
F11,10,SYTO,70860.6328125,422.4241400854691
F11,11,CONC,18605.072265625,68.8548095666332
F11,11,HOECHST,14065.8642578125,92.1273750496557
F11,11,MITO,138058.109375,591.4738160908068
F11,11,PHAandWGA,81593.125,386.777694880249
F11,11,SYTO,70951.4375,380.5472932927039
F11,12,CONC,18518.98828125,61.8722695652311
F11,12,HOECHST,14028.07421875,84.02023011644178
F11,12,MITO,139333.125,550.0082721184064
F11,12,PHAandWGA,81732.96875,356.1152754949236
F11,12,SYTO,71692.84375,345.6660185799013
F11,13,CONC,18409.02734375,56.307246226797524
F11,13,HOECHST,14104.23046875,78.15022156595569
F11,13,MITO,139431.4375,514.7470746004569
F11,13,PHAandWGA,82113.1015625,334.9355855801378
F11,13,SYTO,71029.1640625,322.012454205766
F11,14,CONC,18304.30859375,52.389085078325465
F11,14,HOECHST,14124.6650390625,74.3457418587875
F11,14,MITO,139330.578125,487.2330466350172
F11,14,PHAandWGA,82373.171875,319.93220077577604
F11,14,SYTO,70754.5,305.1391664074783
F11,15,CONC,18236.720703125,50.0548810090614
F11,15,HOECHST,14181.908203125,72.42578056943307
F11,15,MITO,141372.359375,475.242852617228
F11,15,PHAandWGA,81479.5703125,308.58753556681273
F11,15,SYTO,71714.390625,295.1955136963389
F12,0,CONC,15702.001953125,197.80565938726608
F12,0,HOECHST,10776.62109375,193.93544487475177
F12,0,MITO,63131.59765625,626.0254779993351
F12,0,PHAandWGA,45752.8671875,603.9952476221949
F12,0,SYTO,48803.71875,809.9040487264022
F12,1,CONC,19506.896484375,294.0670110884369
F12,1,HOECHST,12619.544921875,271.99215603349415
F12,1,MITO,66625.390625,846.3823504356845
F12,1,PHAandWGA,49710.28515625,780.7330692371535
F12,1,SYTO,54731.390625,1077.686148503171
F12,2,CONC,21711.92578125,316.7095325684927
F12,2,HOECHST,14075.951171875,301.38721664221634
F12,2,MITO,71510.90625,905.5068446157978
F12,2,PHAandWGA,53813.6875,833.3918717155555
F12,2,SYTO,58974.140625,1155.7683229474846
F12,3,CONC,23052.0390625,309.2336432665917
F12,3,HOECHST,14972.935546875,304.9274255896123
F12,3,MITO,75268.671875,902.6561159383424
F12,3,PHAandWGA,56966.7734375,836.6999460829804
F12,3,SYTO,62604.2109375,1144.8921238150206
F12,4,CONC,23809.818359375,286.46055226062487
F12,4,HOECHST,15964.1875,296.6052312484659
F12,4,MITO,77321.625,867.5216548195098
F12,4,PHAandWGA,59719.21875,803.2263242700617
F12,4,SYTO,66258.2265625,1088.804208570741
F12,5,CONC,24794.29296875,262.3934242794197
F12,5,HOECHST,16835.84765625,278.03625223861343
F12,5,MITO,82502.703125,825.1112619381483
F12,5,PHAandWGA,63064.7421875,740.1476212664944
F12,5,SYTO,69676.421875,985.8185881835641
F12,6,CONC,25396.02734375,231.33667835248664
F12,6,HOECHST,17358.755859375,247.2420010736604
F12,6,MITO,86024.328125,759.9609376899
F12,6,PHAandWGA,66360.671875,659.1009191106348
F12,6,SYTO,72979.8203125,867.185835383194
F12,7,CONC,25225.94140625,196.6921370855537
F12,7,HOECHST,17587.265625,220.10781152235714
F12,7,MITO,88640.375,681.7165760153041
F12,7,PHAandWGA,69376.375,582.9016293096635
F12,7,SYTO,75842.078125,754.6370299326899
F12,8,CONC,24604.6328125,176.66836134455232
F12,8,HOECHST,17604.62890625,201.6986133875334
F12,8,MITO,89441.96875,635.9217305321824
F12,8,PHAandWGA,69756.8359375,536.811368928498
F12,8,SYTO,75643.203125,692.1952887763418
F12,9,CONC,23989.44140625,155.93809522909714
F12,9,HOECHST,17733.91796875,184.0154500436657
F12,9,MITO,89007.921875,585.8188049069067
F12,9,PHAandWGA,70222.84375,488.7144178696785
F12,9,SYTO,75904.796875,626.321582732326
F12,10,CONC,23733.400390625,137.7801985004013
F12,10,HOECHST,17787.53125,166.18413265348443
F12,10,MITO,91497.484375,537.5681623182156
F12,10,PHAandWGA,71449.1484375,438.5922815240715
F12,10,SYTO,77181.59375,556.1689566631094
F12,11,CONC,23640.953125,122.152904838517
F12,11,HOECHST,17770.408203125,148.67125111371794
F12,11,MITO,91079.96875,492.08601185888625
F12,11,PHAandWGA,71930.2734375,395.19104893901834
F12,11,SYTO,76979.0625,498.71912461617177
F12,12,CONC,23436.1875,109.88906572619224
F12,12,HOECHST,17878.234375,135.7824365898351
F12,12,MITO,92817.71875,457.4868099287313
F12,12,PHAandWGA,72316.0078125,360.8305974162593
F12,12,SYTO,77898.28125,452.9963254307972
F12,13,CONC,23100.9375,100.32663932003064
F12,13,HOECHST,17835.94921875,126.61910396585895
F12,13,MITO,91792.953125,431.8173370940786
F12,13,PHAandWGA,72433.875,334.25340193591256
F12,13,SYTO,76818.4921875,420.3063580767393
F12,14,CONC,23013.61328125,92.59373146325844
F12,14,HOECHST,17775.671875,119.03367366699409
F12,14,MITO,93196.765625,403.15931755624047
F12,14,PHAandWGA,71697.8515625,313.337568214503
F12,14,SYTO,77062.65625,393.0336253654009
F12,15,CONC,22908.73828125,86.46394318201362
F12,15,HOECHST,17756.703125,113.54705630624326
F12,15,MITO,92484.015625,385.1437774164564
F12,15,PHAandWGA,71419.6171875,295.32454048666386
F12,15,SYTO,76091.3515625,372.8072149363559
F13,0,CONC,3965.534912109375,105.61309576302848
F13,0,HOECHST,2822.228271484375,90.76340748353267
F13,0,MITO,52100.40625,2648.192494690348
F13,0,PHAandWGA,15974.7841796875,772.0891493386273
F13,0,SYTO,7940.81982421875,405.26393764487165
F13,1,CONC,4567.11328125,171.11686899888457
F13,1,HOECHST,3261.53955078125,156.62903449229577
F13,1,MITO,57756.78125,3750.1999391643617
F13,1,PHAandWGA,17973.373046875,1105.8016746916358
F13,1,SYTO,10683.447265625,649.3342289151861
F13,2,CONC,5158.0537109375,220.52751883208313
F13,2,HOECHST,3729.430908203125,222.78987485471424
F13,2,MITO,63211.51171875,4472.857587088773
F13,2,PHAandWGA,20554.23046875,1379.353904030158
F13,2,SYTO,13032.21875,861.7994640513837
F13,3,CONC,5603.103515625,244.98583736047203
F13,3,HOECHST,4124.02294921875,264.1852966155343
F13,3,MITO,68018.8125,4833.125668808429
F13,3,PHAandWGA,22514.06640625,1535.5004533137324
F13,3,SYTO,15305.529296875,973.3784681927792
F13,4,CONC,5978.4697265625,260.35981047519687
F13,4,HOECHST,4405.361328125,274.49508046156916
F13,4,MITO,70626.671875,4995.039877169584
F13,4,PHAandWGA,24314.1875,1619.845513742877
F13,4,SYTO,17146.5234375,1012.9257013635247
F13,5,CONC,6291.9072265625,270.3037771670612
F13,5,HOECHST,4690.87255859375,274.5534812653056
F13,5,MITO,74403.046875,5059.461177236709
F13,5,PHAandWGA,26673.62109375,1676.474707822214
F13,5,SYTO,18730.904296875,1019.531261325957
F13,6,CONC,6531.82958984375,272.8768512126632
F13,6,HOECHST,4881.77880859375,271.61128213099306
F13,6,MITO,76939.296875,5086.021169779585
F13,6,PHAandWGA,28137.236328125,1692.5735266498655
F13,6,SYTO,19774.05859375,1005.9698360446648
F13,7,CONC,6717.42578125,273.3408767182043
F13,7,HOECHST,5052.4208984375,271.8286647368298
F13,7,MITO,79103.3203125,5025.232350828832
F13,7,PHAandWGA,29202.55078125,1707.2317410396195
F13,7,SYTO,20205.7265625,988.3913447920089
F13,8,CONC,6837.283203125,267.24082440601995
F13,8,HOECHST,5138.73828125,263.0323668576678
F13,8,MITO,81471.25,4961.5002036606875
F13,8,PHAandWGA,30191.09765625,1688.629159031126
F13,8,SYTO,20470.78125,953.9632182829536
F13,9,CONC,6931.4892578125,258.15560493922766
F13,9,HOECHST,5218.810546875,255.48441202403203
F13,9,MITO,82017.171875,4838.54133120701
F13,9,PHAandWGA,30849.8203125,1632.7029955984638
F13,9,SYTO,20421.73046875,913.5980168475288
F13,10,CONC,6967.521484375,251.1366126506572
F13,10,HOECHST,5143.36767578125,237.7628397281536
F13,10,MITO,82313.234375,4739.242580170918
F13,10,PHAandWGA,31603.671875,1613.2258216710898
F13,10,SYTO,19664.21484375,868.899889939576
F13,11,CONC,6836.35009765625,241.92015190689287
F13,11,HOECHST,5076.0146484375,223.55016354054442
F13,11,MITO,82274.8125,4634.852866052483
F13,11,PHAandWGA,31642.71875,1587.7155149178427
F13,11,SYTO,19287.53515625,834.2411506595669
F13,12,CONC,6811.3623046875,230.92384423055668
F13,12,HOECHST,5080.4296875,213.11995546305798
F13,12,MITO,81774.296875,4531.549092267348
F13,12,PHAandWGA,31514.3203125,1526.294691613137
F13,12,SYTO,18606.015625,791.5214589454386
F13,13,CONC,6713.7578125,219.54210503023376
F13,13,HOECHST,5052.4375,200.96168551876173
F13,13,MITO,83152.9375,4410.4525872565255
F13,13,PHAandWGA,30990.173828125,1465.793529882888
F13,13,SYTO,17893.3359375,751.467330847473
F13,14,CONC,6716.4404296875,208.26859279378067
F13,14,HOECHST,5038.8671875,188.48302468332486
F13,14,MITO,83333.03125,4262.861013577624
F13,14,PHAandWGA,30803.775390625,1407.6255757304118
F13,14,SYTO,17364.1015625,709.2678777628537
F13,15,CONC,6659.5791015625,196.688688016481
F13,15,HOECHST,5008.9951171875,176.66122484029978
F13,15,MITO,83207.171875,4085.979419933994
F13,15,PHAandWGA,30534.017578125,1344.0143634120907
F13,15,SYTO,16893.5390625,667.8770999247894
F14,0,CONC,4885.224609375,146.89342646566257
F14,0,HOECHST,2101.10546875,59.51673650678341
F14,0,MITO,61967.6171875,3141.9355113845754
F14,0,PHAandWGA,23004.3984375,1183.593283973406
F14,0,SYTO,11268.05859375,603.3584907201418
F14,1,CONC,5411.2734375,191.8901828442806
F14,1,HOECHST,2332.07861328125,86.70050973775916
F14,1,MITO,65428.078125,3754.342631430609
F14,1,PHAandWGA,24742.32421875,1417.5867634073343
F14,1,SYTO,13134.978515625,796.673867545937
F14,2,CONC,5942.16064453125,227.35239497014203
F14,2,HOECHST,2533.48583984375,102.86006114886196
F14,2,MITO,69750.5546875,4206.2319553440975
F14,2,PHAandWGA,26831.3671875,1599.4037503733036
F14,2,SYTO,15362.380859375,927.136119630131
F14,3,CONC,6344.3427734375,247.2229144033261
F14,3,HOECHST,2777.23583984375,119.68908434414658
F14,3,MITO,73565.203125,4372.777940868448
F14,3,PHAandWGA,29235.1328125,1725.4411005659713
F14,3,SYTO,16721.236328125,994.8606978741377
F14,4,CONC,6582.998046875,248.53762473345668
F14,4,HOECHST,2921.6474609375,124.98377859491208
F14,4,MITO,75952.5234375,4361.225765243049
F14,4,PHAandWGA,30868.49609375,1721.3783265791549
F14,4,SYTO,17817.35546875,992.4182474506302
F14,5,CONC,6734.0126953125,243.89272929415426
F14,5,HOECHST,3027.87890625,125.50750898498654
F14,5,MITO,77576.0703125,4310.541024347935
F14,5,PHAandWGA,31678.076171875,1675.4426503331736
F14,5,SYTO,18564.935546875,963.8958677760584
F14,6,CONC,6844.158203125,240.70458737876882
F14,6,HOECHST,3093.693603515625,124.02517140785626
F14,6,MITO,78891.9375,4301.244897631762
F14,6,PHAandWGA,32415.240234375,1643.6720346615014
F14,6,SYTO,18809.66796875,934.5273774198095
F14,7,CONC,6869.9248046875,231.06590514983355
F14,7,HOECHST,3112.203857421875,117.76469146396688
F14,7,MITO,80554.8125,4279.817216853647
F14,7,PHAandWGA,32946.265625,1605.730124986257
F14,7,SYTO,19143.30859375,894.1895352297378
F14,8,CONC,6879.5087890625,220.19171137085064
F14,8,HOECHST,3155.16943359375,112.47907665272214
F14,8,MITO,80955.21875,4226.46347612172
F14,8,PHAandWGA,33110.5078125,1547.4955470152133
F14,8,SYTO,19418.966796875,838.7198577994573
F14,9,CONC,6869.8671875,211.28651652509402
F14,9,HOECHST,3142.78857421875,106.64037224064433
F14,9,MITO,82439.3125,4153.6911883613175
F14,9,PHAandWGA,33417.03125,1498.671866231106
F14,9,SYTO,19280.009765625,791.3748193012073
F14,10,CONC,6883.6904296875,201.42540494766916
F14,10,HOECHST,3144.76904296875,99.9834541652502
F14,10,MITO,83368.0,4072.816311350857
F14,10,PHAandWGA,33641.63671875,1447.529967379183
F14,10,SYTO,19040.26953125,747.3157529993682
F14,11,CONC,6872.9306640625,191.70749614503447
F14,11,HOECHST,3151.31982421875,94.28296419356828
F14,11,MITO,83111.9375,3942.1892752390927
F14,11,PHAandWGA,33384.34375,1398.2315922964513
F14,11,SYTO,18270.94921875,703.6855022003112
F14,12,CONC,6885.3759765625,182.60568964735958
F14,12,HOECHST,3165.775634765625,90.1043762553695
F14,12,MITO,83949.34375,3842.3807123882475
F14,12,PHAandWGA,34106.54296875,1351.2872798412307
F14,12,SYTO,18080.31640625,667.3274144795871
F14,13,CONC,6919.08544921875,174.27960762827863
F14,13,HOECHST,3188.288330078125,86.1834812178866
F14,13,MITO,84586.703125,3709.211357829471
F14,13,PHAandWGA,34272.0390625,1295.454397767288
F14,13,SYTO,17825.1171875,632.9971362129656
F14,14,CONC,6988.88818359375,166.3791474821677
F14,14,HOECHST,3225.2255859375,82.23563363665632
F14,14,MITO,84927.1015625,3569.8252446318506
F14,14,PHAandWGA,34272.38671875,1235.2226018836993
F14,14,SYTO,17681.80859375,596.6751760252057
F14,15,CONC,7017.146484375,158.65476032848548
F14,15,HOECHST,3245.173828125,78.27065509937971
F14,15,MITO,85958.65625,3410.684699112894
F14,15,PHAandWGA,34308.3671875,1181.6937072295705
F14,15,SYTO,17566.171875,562.1201583186489
F15,0,CONC,1629.565673828125,91.36820087347945
F15,0,HOECHST,1620.183837890625,119.57023379456142
F15,0,MITO,24679.994140625,4196.087801924876
F15,0,PHAandWGA,6010.962890625,666.3492302670211
F15,0,SYTO,3260.101806640625,415.5969511789187
F15,1,CONC,1776.487060546875,113.49088706641896
F15,1,HOECHST,1806.111572265625,155.92103835567428
F15,1,MITO,26217.37109375,4698.422082422912
F15,1,PHAandWGA,6874.2734375,804.1509359388816
F15,1,SYTO,3691.36767578125,512.6815811338565
F15,2,CONC,1882.781494140625,126.95026937530936
F15,2,HOECHST,1915.781982421875,172.94967209564714
F15,2,MITO,27519.4765625,5019.199427754118
F15,2,PHAandWGA,7567.77099609375,895.2983892758182
F15,2,SYTO,3942.406005859375,561.9327772246356
F15,3,CONC,1953.2666015625,133.72781348518274
F15,3,HOECHST,2000.7491455078125,177.52586983175803
F15,3,MITO,28189.169921875,5185.990456260901
F15,3,PHAandWGA,8017.4501953125,940.3326711716425
F15,3,SYTO,4095.889404296875,578.0206201239117
F15,4,CONC,1998.5263671875,135.28915025895296
F15,4,HOECHST,2024.5758056640625,177.8330798970252
F15,4,MITO,28903.056640625,5288.992264245999
F15,4,PHAandWGA,8295.6171875,942.1904976987453
F15,4,SYTO,4135.888671875,579.0503330606267
F15,5,CONC,2010.36474609375,133.4336100183521
F15,5,HOECHST,2017.8953857421875,174.947777578525
F15,5,MITO,29460.078125,5316.328709333273
F15,5,PHAandWGA,8328.736328125,919.9971376332709
F15,5,SYTO,4167.5888671875,568.0689377281179
F15,6,CONC,2014.62158203125,129.91526067636946
F15,6,HOECHST,2032.0277099609375,167.84952556167357
F15,6,MITO,29589.841796875,5252.981548336272
F15,6,PHAandWGA,8265.1328125,883.7046578630742
F15,6,SYTO,4136.15380859375,545.6995173620647
F15,7,CONC,2001.9581298828125,124.67327222366485
F15,7,HOECHST,2002.98681640625,156.46526104522076
F15,7,MITO,29183.88671875,5128.982591756208
F15,7,PHAandWGA,7860.517578125,834.8246597738815
F15,7,SYTO,4063.720703125,516.5866714319114
F15,8,CONC,1994.941162109375,118.4084318430271
F15,8,HOECHST,1968.369140625,145.57466272093816
F15,8,MITO,29264.884765625,4963.361384848784
F15,8,PHAandWGA,7392.2109375,782.667498972952
F15,8,SYTO,3970.72412109375,482.8925427815277
F15,9,CONC,1976.83837890625,112.0023470462768
F15,9,HOECHST,1959.6954345703125,135.45299057369303
F15,9,MITO,28789.1484375,4746.817469649912
F15,9,PHAandWGA,7042.0986328125,732.2071102103674
F15,9,SYTO,3895.692626953125,451.5233343829214
F15,10,CONC,1979.2293701171875,105.61946081322594
F15,10,HOECHST,1957.147216796875,125.69523665225832
F15,10,MITO,28657.421875,4486.92088068967
F15,10,PHAandWGA,6750.640625,682.6473802458975
F15,10,SYTO,3874.3125,418.5882079251561
F15,11,CONC,1976.4979248046875,99.30241637733349
F15,11,HOECHST,1953.044189453125,116.72882719464467
F15,11,MITO,28342.271484375,4188.532196129891
F15,11,PHAandWGA,6464.876953125,626.1677004820783
F15,11,SYTO,3820.75390625,387.2248648407696
F15,12,CONC,1989.93896484375,93.27422407527166
F15,12,HOECHST,1980.683349609375,109.35162558685376
F15,12,MITO,28643.234375,3882.5361407782334
F15,12,PHAandWGA,6246.314453125,572.7081848591567
F15,12,SYTO,3802.55908203125,354.26171360814806
F15,13,CONC,2015.06640625,87.32793313981121
F15,13,HOECHST,2004.4044189453125,101.53332089613744
F15,13,MITO,28575.453125,3524.5213498765916
F15,13,PHAandWGA,6070.3193359375,519.9838285192793
F15,13,SYTO,3843.5234375,327.3583903506496
F15,14,CONC,2032.716552734375,81.64845813729393
F15,14,HOECHST,2030.984619140625,94.53862795878932
F15,14,MITO,28974.83203125,3227.217717629934
F15,14,PHAandWGA,6022.08544921875,473.1945268772707
F15,14,SYTO,3841.079345703125,299.6095068765581
F15,15,CONC,2075.56201171875,75.93265796879821
F15,15,HOECHST,2083.66357421875,87.80850604213516
F15,15,MITO,29128.650390625,2906.106830888666
F15,15,PHAandWGA,6035.03125,428.55010223333886
F15,15,SYTO,3911.615478515625,273.03084710832564
F16,0,CONC,2321.19091796875,64.93680653679249
F16,0,HOECHST,1784.8583984375,62.27188710597194
F16,0,MITO,36580.2421875,2706.6723419588225
F16,0,PHAandWGA,11161.7861328125,716.101372055952
F16,0,SYTO,5121.6240234375,358.89050225591836
F16,1,CONC,2580.83935546875,97.30747519429123
F16,1,HOECHST,1962.5943603515625,91.42598947019405
F16,1,MITO,38881.97265625,3597.1024005101713
F16,1,PHAandWGA,12062.017578125,961.3684007511417
F16,1,SYTO,6158.9951171875,521.1694817693555
F16,2,CONC,2986.76318359375,156.97750745044314
F16,2,HOECHST,2332.454833984375,173.4651424700316
F16,2,MITO,43623.05078125,4911.013466125584
F16,2,PHAandWGA,13607.123046875,1379.2388956371115
F16,2,SYTO,8251.658203125,868.8328275447913
F16,3,CONC,3400.059814453125,206.22610848588343
F16,3,HOECHST,2633.087890625,218.12987571094592
F16,3,MITO,47941.4921875,5786.219838821568
F16,3,PHAandWGA,15599.19921875,1724.6702190365038
F16,3,SYTO,10114.455078125,1079.1673521555
F16,4,CONC,3730.708984375,236.00484104670142
F16,4,HOECHST,2961.83984375,261.6518907837748
F16,4,MITO,51593.7265625,6325.971779673236
F16,4,PHAandWGA,17775.39453125,1961.9606075550769
F16,4,SYTO,11750.953125,1211.6228347104068
F16,5,CONC,3999.305419921875,249.60099353901256
F16,5,HOECHST,3226.57373046875,282.0848057151519
F16,5,MITO,54797.875,6568.671276352035
F16,5,PHAandWGA,19525.3828125,2106.8636714942295
F16,5,SYTO,13061.361328125,1266.8967046300538
F16,6,CONC,4159.6611328125,259.748297705922
F16,6,HOECHST,3375.12109375,281.4436789511089
F16,6,MITO,56940.3515625,6632.717042646316
F16,6,PHAandWGA,21067.640625,2264.5188649205134
F16,6,SYTO,14417.24609375,1285.623458185244
F16,7,CONC,4265.56591796875,260.8153875538614
F16,7,HOECHST,3474.6787109375,278.87303065012435
F16,7,MITO,57818.1875,6592.926373495069
F16,7,PHAandWGA,22003.81640625,2238.4607774354326
F16,7,SYTO,15249.87890625,1256.1718719595412
F16,8,CONC,4291.677734375,248.23956516304602
F16,8,HOECHST,3501.802734375,270.1702656096119
F16,8,MITO,59599.796875,6512.858310396244
F16,8,PHAandWGA,22494.19140625,2150.5704714410863
F16,8,SYTO,15502.818359375,1193.305720559607
F16,9,CONC,4281.35107421875,233.28348157037283
F16,9,HOECHST,3493.750732421875,253.07555171056646
F16,9,MITO,60868.25390625,6431.440706618409
F16,9,PHAandWGA,22874.2734375,2083.3637287792753
F16,9,SYTO,15318.83984375,1123.8017213566604
F16,10,CONC,4173.5810546875,218.10465241998523
F16,10,HOECHST,3451.7080078125,235.95400709925195
F16,10,MITO,60570.296875,6295.606935480749
F16,10,PHAandWGA,22958.47265625,1998.4347719879454
F16,10,SYTO,14795.3203125,1047.2625784092718
F16,11,CONC,4065.88818359375,204.25048849750425
F16,11,HOECHST,3365.024169921875,218.46766651782056
F16,11,MITO,60439.12890625,6143.388078026125
F16,11,PHAandWGA,22715.51953125,1915.2251258130414
F16,11,SYTO,13954.537109375,974.8456640294083
F16,12,CONC,3971.46533203125,191.77755580611168
F16,12,HOECHST,3285.75244140625,202.21473393937896
F16,12,MITO,60084.0703125,6011.15766306515
F16,12,PHAandWGA,22080.28515625,1834.7337148948075
F16,12,SYTO,13069.0,913.7837395166779
F16,13,CONC,3909.7666015625,179.19783023438276
F16,13,HOECHST,3213.5029296875,185.23285540583967
F16,13,MITO,59706.9765625,5855.754393006259
F16,13,PHAandWGA,21607.875,1752.7985663895759
F16,13,SYTO,11947.6533203125,848.102669559629
F16,14,CONC,3861.5986328125,167.16477911703458
F16,14,HOECHST,3149.291015625,169.0270286568937
F16,14,MITO,58810.04296875,5625.540322910071
F16,14,PHAandWGA,21155.744140625,1654.5697654361593
F16,14,SYTO,11091.6064453125,779.2139336291393
F16,15,CONC,3825.925048828125,155.68437156074617
F16,15,HOECHST,3114.516357421875,156.0415354207173
F16,15,MITO,58515.54296875,5373.806529168304
F16,15,PHAandWGA,20686.234375,1560.2073098651092
F16,15,SYTO,10511.01171875,717.2130233686837
F17,0,CONC,5678.29296875,200.27158612506113
F17,0,HOECHST,3245.706298828125,160.34778188721023
F17,0,MITO,71385.7578125,3920.56264494344
F17,0,PHAandWGA,24921.796875,1426.1574000968735
F17,0,SYTO,14764.8203125,918.3663573996429
F17,1,CONC,6616.6806640625,260.9911456560916
F17,1,HOECHST,3841.923828125,232.15392658266634
F17,1,MITO,76990.953125,4761.170991233114
F17,1,PHAandWGA,28661.359375,1863.4120033566228
F17,1,SYTO,18312.095703125,1227.8597742270097
F17,2,CONC,7287.380859375,287.7625643198196
F17,2,HOECHST,4246.87109375,261.3865557641725
F17,2,MITO,82749.3359375,5169.663322946102
F17,2,PHAandWGA,32318.54296875,2110.859289165434
F17,2,SYTO,21078.33203125,1341.8987723518349
F17,3,CONC,7872.150390625,303.2346501296681
F17,3,HOECHST,4661.37060546875,276.0008805715857
F17,3,MITO,88293.5,5281.793014885444
F17,3,PHAandWGA,35179.6796875,2198.6610245618836
F17,3,SYTO,23352.55078125,1365.727537139556
F17,4,CONC,8357.1044921875,308.0835462312362
F17,4,HOECHST,5072.37890625,293.36654972525184
F17,4,MITO,93128.96875,5293.658208378227
F17,4,PHAandWGA,38478.3984375,2256.2037563855242
F17,4,SYTO,25960.06640625,1380.556682902347
F17,5,CONC,8666.0419921875,305.8158867460103
F17,5,HOECHST,5318.70751953125,295.6908126181391
F17,5,MITO,96698.09375,5193.938328702296
F17,5,PHAandWGA,40562.8125,2255.97815856784
F17,5,SYTO,27211.478515625,1346.9454717373608
F17,6,CONC,8915.1533203125,293.85897273726476
F17,6,HOECHST,5490.4287109375,281.652314404138
F17,6,MITO,99983.8671875,5023.668432050226
F17,6,PHAandWGA,42567.32421875,2199.9368512396613
F17,6,SYTO,28537.00390625,1273.51348607261
F17,7,CONC,9030.833984375,283.2646782308681
F17,7,HOECHST,5403.837890625,251.8765586811888
F17,7,MITO,101878.40625,4821.728211392082
F17,7,PHAandWGA,43661.09375,2085.843776733768
F17,7,SYTO,29493.16796875,1189.138956336269
F17,8,CONC,8964.0859375,264.5006819903024
F17,8,HOECHST,5433.75,235.80374173991981
F17,8,MITO,103495.5625,4644.709115207014
F17,8,PHAandWGA,44241.6640625,1957.7800453210912
F17,8,SYTO,29902.185546875,1109.1793414572403
F17,9,CONC,8762.275390625,243.96626121092308
F17,9,HOECHST,5359.27734375,218.23928630930038
F17,9,MITO,103167.765625,4453.7930962538485
F17,9,PHAandWGA,43806.4296875,1866.7145453037483
F17,9,SYTO,29040.943359375,1029.746005300332
F17,10,CONC,8564.46484375,225.18968496684897
F17,10,HOECHST,5264.00927734375,197.20485680170685
F17,10,MITO,102349.5234375,4271.225661862739
F17,10,PHAandWGA,43531.234375,1772.666585413882
F17,10,SYTO,28558.421875,958.3725591170621
F17,11,CONC,8436.513671875,210.09633194014668
F17,11,HOECHST,5134.54541015625,176.11688534584906
F17,11,MITO,101924.140625,4095.3105243673763
F17,11,PHAandWGA,43621.1015625,1683.7317174758418
F17,11,SYTO,28378.32421875,897.619463547893
F17,12,CONC,8294.142578125,194.8366003628557
F17,12,HOECHST,5041.38671875,161.56475071281986
F17,12,MITO,102121.609375,3891.685332643837
F17,12,PHAandWGA,42687.5,1599.8393363785112
F17,12,SYTO,27201.93359375,837.4603382237243
F17,13,CONC,8124.09765625,179.41121559566773
F17,13,HOECHST,4968.35302734375,146.64413543633253
F17,13,MITO,101280.71875,3694.0788820765483
F17,13,PHAandWGA,41751.4921875,1520.0637197253175
F17,13,SYTO,26431.3828125,774.2309573774052
F17,14,CONC,7951.53759765625,166.44213284822808
F17,14,HOECHST,4850.3408203125,134.19888742305395
F17,14,MITO,99309.46875,3540.5012107701964
F17,14,PHAandWGA,41013.25,1453.215744261197
F17,14,SYTO,25587.8515625,721.9944640680984
F17,15,CONC,7847.4501953125,156.47599549676465
F17,15,HOECHST,4803.1787109375,124.98652918034544
F17,15,MITO,97776.09375,3399.56618207313
F17,15,PHAandWGA,39772.9453125,1385.9568199845996
F17,15,SYTO,25136.10546875,677.5689028684344
F18,0,CONC,4031.6923828125,97.18198464645005
F18,0,HOECHST,3002.407470703125,90.85408599565775
F18,0,MITO,54170.18359375,2257.09937884994
F18,0,PHAandWGA,19638.21875,856.9189358485141
F18,0,SYTO,10799.484375,517.0370268261084
F18,1,CONC,4594.52197265625,152.05853617791146
F18,1,HOECHST,3343.72265625,140.13004708832253
F18,1,MITO,58427.984375,2863.859841608273
F18,1,PHAandWGA,21577.0859375,1154.6736550155388
F18,1,SYTO,13304.552734375,782.5115861909676
F18,2,CONC,5273.85302734375,212.1863743069763
F18,2,HOECHST,3912.998046875,209.0200135908634
F18,2,MITO,64001.40625,3552.357592764216
F18,2,PHAandWGA,24226.302734375,1516.7408965355016
F18,2,SYTO,16415.76953125,1093.037135374376
F18,3,CONC,5840.68994140625,245.0003780480159
F18,3,HOECHST,4508.279296875,269.8424228308898
F18,3,MITO,68400.953125,3986.361926971637
F18,3,PHAandWGA,27408.29296875,1754.5165427827478
F18,3,SYTO,19357.244140625,1282.1760550784927
F18,4,CONC,6281.87451171875,256.78919705392417
F18,4,HOECHST,4874.8818359375,282.91644593059203
F18,4,MITO,73572.1796875,4285.384123776492
F18,4,PHAandWGA,29477.828125,1859.6588432394292
F18,4,SYTO,21400.36328125,1325.1364585238932
F18,5,CONC,6560.58984375,254.95175754003128
F18,5,HOECHST,5104.5703125,281.31406514463197
F18,5,MITO,76813.3203125,4391.430945733824
F18,5,PHAandWGA,31725.60546875,1891.7388168400391
F18,5,SYTO,23071.33984375,1304.6471807495943
F18,6,CONC,6777.548828125,247.62152105138583
F18,6,HOECHST,5349.2978515625,276.28603452038794
F18,6,MITO,80471.28125,4396.462931012446
F18,6,PHAandWGA,33725.828125,1869.9515120565545
F18,6,SYTO,24489.359375,1251.6570845896533
F18,7,CONC,6878.939453125,237.96265363858936
F18,7,HOECHST,5505.20166015625,266.18734888870773
F18,7,MITO,82628.984375,4366.652287144509
F18,7,PHAandWGA,35078.1796875,1833.8104797649107
F18,7,SYTO,25810.076171875,1193.1417690582427
F18,8,CONC,6842.4609375,229.08042140404928
F18,8,HOECHST,5494.7529296875,251.09193782139243
F18,8,MITO,83245.671875,4326.429244573652
F18,8,PHAandWGA,35538.7109375,1791.3198170730561
F18,8,SYTO,26048.033203125,1132.771713491587
F18,9,CONC,6876.45703125,220.9073786850531
F18,9,HOECHST,5483.26416015625,239.77925880356887
F18,9,MITO,85962.7265625,4294.982205013788
F18,9,PHAandWGA,35992.57421875,1741.1392530437372
F18,9,SYTO,26398.65234375,1078.1667229366185
F18,10,CONC,6857.095703125,212.01297636306074
F18,10,HOECHST,5509.333984375,228.08787604060655
F18,10,MITO,86206.890625,4227.855581153507
F18,10,PHAandWGA,36423.44921875,1681.7069293610436
F18,10,SYTO,26321.08984375,1021.7655669196647
F18,11,CONC,6810.142578125,201.17891210349634
F18,11,HOECHST,5528.80029296875,219.57267871496057
F18,11,MITO,86993.1875,4136.113096317286
F18,11,PHAandWGA,36825.2578125,1631.4140775145404
F18,11,SYTO,26522.2890625,974.4569517698699
F18,12,CONC,6740.4404296875,192.11265983049915
F18,12,HOECHST,5472.240234375,205.77635434164947
F18,12,MITO,87685.0625,4069.806853085834
F18,12,PHAandWGA,36907.52734375,1598.7514721669086
F18,12,SYTO,26073.03515625,931.647014594683
F18,13,CONC,6657.322265625,182.74955966296918
F18,13,HOECHST,5413.2529296875,193.8343231085357
F18,13,MITO,86881.859375,3997.3371135113234
F18,13,PHAandWGA,36441.9140625,1559.5723841961499
F18,13,SYTO,25412.62890625,886.7770724829331
F18,14,CONC,6587.65087890625,173.38315918028184
F18,14,HOECHST,5376.1962890625,184.14350862426215
F18,14,MITO,87756.3125,3892.6043633723675
F18,14,PHAandWGA,36335.25390625,1510.6933656258107
F18,14,SYTO,24971.94921875,842.713883037411
F18,15,CONC,6587.19091796875,164.84134446024572
F18,15,HOECHST,5346.1376953125,173.43649256959532
F18,15,MITO,87514.71875,3785.6187675840074
F18,15,PHAandWGA,35798.28515625,1459.8110898973052
F18,15,SYTO,24649.51171875,793.5604103319868
F19,0,CONC,2674.7705078125,97.99098918474775
F19,0,HOECHST,1609.868408203125,53.33661152310771
F19,0,MITO,40239.69921875,3363.660739624654
F19,0,PHAandWGA,11766.9453125,863.1917720019993
F19,0,SYTO,5582.08349609375,428.30639632309385
F19,1,CONC,2881.47119140625,116.6851905107503
F19,1,HOECHST,1745.0653076171875,67.75209640111413
F19,1,MITO,41623.0,3661.1908994027212
F19,1,PHAandWGA,12621.0234375,1005.6638871399313
F19,1,SYTO,6140.43505859375,507.65882061091236
F19,2,CONC,3043.224609375,133.19852487693692
F19,2,HOECHST,1876.2471923828125,80.78160513323444
F19,2,MITO,43685.8203125,3944.9023458401703
F19,2,PHAandWGA,13784.064453125,1131.4168964201374
F19,2,SYTO,6831.47705078125,575.9502558856803
F19,3,CONC,3198.28515625,143.65772145257802
F19,3,HOECHST,1986.7186279296875,88.90854743202462
F19,3,MITO,45130.69140625,4108.98917220977
F19,3,PHAandWGA,14567.490234375,1208.0893674401425
F19,3,SYTO,7304.21630859375,614.5175978289583
F19,4,CONC,3320.00439453125,149.43582481201554
F19,4,HOECHST,2050.1103515625,92.23332913185966
F19,4,MITO,46528.21875,4214.438474380329
F19,4,PHAandWGA,15634.4775390625,1248.2269114000162
F19,4,SYTO,7609.68994140625,633.102699866422
F19,5,CONC,3385.37109375,152.12397046204237
F19,5,HOECHST,2121.634765625,93.71242899034239
F19,5,MITO,47812.1796875,4258.178517011391
F19,5,PHAandWGA,16012.943359375,1267.7691960282227
F19,5,SYTO,7758.943359375,638.4563340262362
F19,6,CONC,3441.795654296875,152.02573169813522
F19,6,HOECHST,2145.643310546875,92.88862429464625
F19,6,MITO,47912.45703125,4254.993934324437
F19,6,PHAandWGA,16455.34765625,1273.9416643602426
F19,6,SYTO,7749.57861328125,631.6515915202649
F19,7,CONC,3464.21630859375,149.76192017186375
F19,7,HOECHST,2166.55859375,90.47511707804625
F19,7,MITO,48733.59765625,4213.415946138263
F19,7,PHAandWGA,16570.875,1262.8625109993184
F19,7,SYTO,7738.216796875,619.0467943053603
F19,8,CONC,3498.5205078125,146.4949401765946
F19,8,HOECHST,2191.89794921875,87.83258953616256
F19,8,MITO,49016.078125,4168.956545293226
F19,8,PHAandWGA,16550.22265625,1238.8790788598515
F19,8,SYTO,7716.4765625,600.3716867901179
F19,9,CONC,3521.76806640625,143.04598420126095
F19,9,HOECHST,2182.0537109375,84.5889368374101
F19,9,MITO,49391.3984375,4099.267454003515
F19,9,PHAandWGA,16848.0,1222.1541662201462
F19,9,SYTO,7713.6328125,583.4468892817519
F19,10,CONC,3567.09423828125,139.61505328650404
F19,10,HOECHST,2198.3271484375,81.63360568045445
F19,10,MITO,49694.734375,4019.627058004219
F19,10,PHAandWGA,16741.306640625,1191.708987759888
F19,10,SYTO,7709.1708984375,564.3990018326134
F19,11,CONC,3607.34228515625,135.06295140859862
F19,11,HOECHST,2230.74365234375,78.52126760011394
F19,11,MITO,49897.0390625,3907.904050901535
F19,11,PHAandWGA,16953.51953125,1148.724923708784
F19,11,SYTO,7679.548828125,541.3149680754469
F19,12,CONC,3646.083984375,129.65343329130764
F19,12,HOECHST,2239.92529296875,74.73407323823565
F19,12,MITO,50872.19140625,3762.7091005226343
F19,12,PHAandWGA,16716.63671875,1094.5441114191806
F19,12,SYTO,7753.1337890625,514.2501236234531
F19,13,CONC,3677.8984375,124.57175389312971
F19,13,HOECHST,2271.30810546875,71.29576928230705
F19,13,MITO,51611.1328125,3611.5074533479465
F19,13,PHAandWGA,16774.19140625,1041.0158363909436
F19,13,SYTO,7799.294921875,488.2675464682674
F19,14,CONC,3731.89501953125,119.04041210763715
F19,14,HOECHST,2294.49365234375,67.8726213461081
F19,14,MITO,51690.3828125,3449.564801487887
F19,14,PHAandWGA,17060.73828125,985.0319904681883
F19,14,SYTO,7884.6484375,462.18671879543206
F19,15,CONC,3785.99072265625,113.39469136522578
F19,15,HOECHST,2339.528076171875,64.30348297921081
F19,15,MITO,52669.390625,3260.78190999188
F19,15,PHAandWGA,17230.08203125,924.9501235994098
F19,15,SYTO,7943.5185546875,433.44827477109897
F20,0,CONC,4160.23046875,109.30743876074595
F20,0,HOECHST,3187.806640625,117.02029985349915
F20,0,MITO,58790.2578125,3061.795262676255
F20,0,PHAandWGA,20934.11328125,999.0156606591913
F20,0,SYTO,12509.982421875,626.7614358511836
F20,1,CONC,4522.169921875,133.0400597114276
F20,1,HOECHST,3474.69384765625,145.49948283278263
F20,1,MITO,61905.515625,3429.2577628049316
F20,1,PHAandWGA,22615.970703125,1173.3177671121518
F20,1,SYTO,14481.873046875,765.0984305910636
F20,2,CONC,4834.8759765625,150.6810264945978
F20,2,HOECHST,3754.274658203125,165.46527375576133
F20,2,MITO,65276.6171875,3699.9733277598984
F20,2,PHAandWGA,24195.96484375,1309.25199474263
F20,2,SYTO,16179.861328125,859.2572870227308
F20,3,CONC,5160.07666015625,163.64920253858358
F20,3,HOECHST,4018.51513671875,179.9823891832008
F20,3,MITO,68726.9765625,3883.0684350380657
F20,3,PHAandWGA,26322.890625,1412.7106549354899
F20,3,SYTO,17909.59765625,918.7948011671137
F20,4,CONC,5394.4794921875,170.49596191926966
F20,4,HOECHST,4246.58642578125,190.11971433954116
F20,4,MITO,71912.0546875,3971.675188772999
F20,4,PHAandWGA,27900.263671875,1477.942437741765
F20,4,SYTO,19942.33984375,954.4452062315144
F20,5,CONC,5582.1435546875,173.32527847356897
F20,5,HOECHST,4433.990234375,194.6774560133849
F20,5,MITO,73791.2421875,4030.3544230309344
F20,5,PHAandWGA,29339.26953125,1509.081623323814
F20,5,SYTO,20906.6484375,955.8257916141091
F20,6,CONC,5747.884765625,173.75080837763917
F20,6,HOECHST,4571.57958984375,195.64934105585118
F20,6,MITO,75353.9609375,4052.669925127904
F20,6,PHAandWGA,30554.21875,1522.258348649562
F20,6,SYTO,21961.953125,953.9460758236366
F20,7,CONC,5815.91943359375,171.2714684483107
F20,7,HOECHST,4707.9072265625,194.80258736218673
F20,7,MITO,77169.8046875,4036.269459979224
F20,7,PHAandWGA,31735.23046875,1509.8207436122098
F20,7,SYTO,23124.17578125,937.3041246102966
F20,8,CONC,5854.4580078125,167.76530776468854
F20,8,HOECHST,4787.13818359375,191.01206873688247
F20,8,MITO,78243.25,3996.988497194746
F20,8,PHAandWGA,32123.33984375,1490.9180148737782
F20,8,SYTO,23445.427734375,911.2525434135113
F20,9,CONC,5941.25146484375,164.50435932107433
F20,9,HOECHST,4832.6181640625,185.65186080948732
F20,9,MITO,79322.75,3951.289763535661
F20,9,PHAandWGA,33122.0859375,1463.1189940650372
F20,9,SYTO,23798.0859375,880.8311581086589
F20,10,CONC,5979.53955078125,160.49005830497637
F20,10,HOECHST,4854.0830078125,179.16783033919654
F20,10,MITO,80151.265625,3886.5229014979172
F20,10,PHAandWGA,33531.7734375,1434.0236012245766
F20,10,SYTO,23431.4609375,847.8385451707857
F20,11,CONC,6035.1796875,156.01598602516987
F20,11,HOECHST,4914.8974609375,173.05688264182405
F20,11,MITO,80828.046875,3801.3068888587995
F20,11,PHAandWGA,33754.8125,1400.0637132319812
F20,11,SYTO,23490.166015625,814.4368356897195
F20,12,CONC,6053.3720703125,151.21081171253533
F20,12,HOECHST,4924.2158203125,166.39354409150468
F20,12,MITO,81693.296875,3692.232474972172
F20,12,PHAandWGA,33634.52734375,1366.5453405742087
F20,12,SYTO,22836.359375,780.5527255426829
F20,13,CONC,6108.7578125,145.82382920459918
F20,13,HOECHST,4965.603515625,159.94511366220007
F20,13,MITO,82472.328125,3585.2192937391874
F20,13,PHAandWGA,34064.3203125,1328.0315370143794
F20,13,SYTO,22905.87109375,747.9194529201145
F20,14,CONC,6157.2392578125,140.5385229208939
F20,14,HOECHST,5006.6689453125,153.32881354442725
F20,14,MITO,82578.125,3466.846078600994
F20,14,PHAandWGA,33762.546875,1286.8738944774707
F20,14,SYTO,22617.033203125,714.6001071417656
F20,15,CONC,6188.25537109375,134.77935745378306
F20,15,HOECHST,5045.490234375,146.24959887742855
F20,15,MITO,83730.859375,3340.538463589512
F20,15,PHAandWGA,34280.40625,1237.6179316763091
F20,15,SYTO,22318.25390625,675.6208871696351
F21,0,CONC,4894.67041015625,89.06203482504196
F21,0,HOECHST,3647.1357421875,92.17949728126437
F21,0,MITO,59742.8359375,1787.2073107343906
F21,0,PHAandWGA,23610.177734375,774.037429623394
F21,0,SYTO,14590.48046875,520.4307933799429
F21,1,CONC,5218.77001953125,113.84198733512781
F21,1,HOECHST,3868.0712890625,115.97651995944221
F21,1,MITO,61420.359375,2056.097105438989
F21,1,PHAandWGA,24919.384765625,918.4467705001231
F21,1,SYTO,16156.65625,660.0168604596814
F21,2,CONC,5697.31494140625,148.05795913288884
F21,2,HOECHST,4209.79296875,146.9830935554557
F21,2,MITO,64211.671875,2391.286261651125
F21,2,PHAandWGA,26862.55859375,1123.559701461661
F21,2,SYTO,18168.04296875,845.1456925884646
F21,3,CONC,6235.53515625,182.28072592572317
F21,3,HOECHST,4635.09326171875,184.0080574532906
F21,3,MITO,69684.125,2714.5377342803495
F21,3,PHAandWGA,29019.69140625,1327.7864882720553
F21,3,SYTO,20537.62890625,1019.3403768377185
F21,4,CONC,6716.1806640625,202.6099366439842
F21,4,HOECHST,5029.310546875,209.52232591711447
F21,4,MITO,72930.921875,2924.7980622014466
F21,4,PHAandWGA,31237.56640625,1452.7565596758839
F21,4,SYTO,22645.34765625,1112.9603439357973
F21,5,CONC,7132.03759765625,211.09934594136283
F21,5,HOECHST,5388.99462890625,220.14024703143423
F21,5,MITO,76485.0234375,3057.2461772363827
F21,5,PHAandWGA,33685.1328125,1525.3116835339129
F21,5,SYTO,24847.421875,1142.108066705494
F21,6,CONC,7458.26123046875,212.31511808833685
F21,6,HOECHST,5661.3671875,225.73577160572114
F21,6,MITO,79553.21875,3160.543257660805
F21,6,PHAandWGA,35771.234375,1556.605137334229
F21,6,SYTO,26966.5,1139.32688713593
F21,7,CONC,7689.3828125,209.31208892817324
F21,7,HOECHST,5937.56787109375,227.34761226370009
F21,7,MITO,82716.421875,3210.761544551925
F21,7,PHAandWGA,37043.28125,1550.1626705849176
F21,7,SYTO,28329.71484375,1115.0576436791573
F21,8,CONC,7818.17529296875,204.71255028986218
F21,8,HOECHST,6119.10498046875,224.51335293787102
F21,8,MITO,85219.96875,3239.6704904713733
F21,8,PHAandWGA,38878.5703125,1531.7257134569727
F21,8,SYTO,29421.08203125,1076.576002708507
F21,9,CONC,7991.69580078125,199.90530230629855
F21,9,HOECHST,6260.90576171875,220.137540320406
F21,9,MITO,87437.375,3240.377715100393
F21,9,PHAandWGA,40150.09765625,1504.0069939954658
F21,9,SYTO,30446.765625,1037.5049797327567
F21,10,CONC,8124.599609375,194.2489748884921
F21,10,HOECHST,6366.01025390625,215.64733726722815
F21,10,MITO,89564.421875,3237.6673148551963
F21,10,PHAandWGA,40622.40625,1470.7527687108916
F21,10,SYTO,31090.810546875,997.5232636644572
F21,11,CONC,8172.3994140625,187.9764622818254
F21,11,HOECHST,6421.82275390625,209.19968003786164
F21,11,MITO,91184.3984375,3212.576322555052
F21,11,PHAandWGA,41919.99609375,1435.7038961105966
F21,11,SYTO,31482.7265625,961.4839461297923
F21,12,CONC,8177.349609375,181.81419851778125
F21,12,HOECHST,6488.32421875,201.79224983525518
F21,12,MITO,92501.609375,3177.1005654472656
F21,12,PHAandWGA,41748.3828125,1405.353563023202
F21,12,SYTO,31525.986328125,926.4220570208633
F21,13,CONC,8225.9453125,175.9531997814341
F21,13,HOECHST,6526.505859375,194.8947129848117
F21,13,MITO,93645.484375,3135.196480520896
F21,13,PHAandWGA,41980.3046875,1371.2189145236098
F21,13,SYTO,31490.818359375,889.5275592174547
F21,14,CONC,8247.2451171875,169.71906980283794
F21,14,HOECHST,6591.73779296875,188.69123586490628
F21,14,MITO,95214.4140625,3082.934183087141
F21,14,PHAandWGA,42101.40625,1335.5853042961037
F21,14,SYTO,31158.890625,852.0193878660659
F21,15,CONC,8328.4755859375,163.57973565193956
F21,15,HOECHST,6619.6083984375,181.209989750594
F21,15,MITO,96552.234375,3012.1208655174682
F21,15,PHAandWGA,42900.203125,1298.8215771536404
F21,15,SYTO,31191.939453125,818.3613259616185
F22,0,CONC,4891.35400390625,71.97136152460702
F22,0,HOECHST,3743.7412109375,77.57504928686494
F22,0,MITO,63170.03125,1716.7142375467863
F22,0,PHAandWGA,24603.748046875,648.5804884028281
F22,0,SYTO,14096.189453125,414.98937399483714
F22,1,CONC,5265.6171875,92.39166250177809
F22,1,HOECHST,4014.830810546875,97.97841893113083
F22,1,MITO,65604.03125,2045.1069476283158
F22,1,PHAandWGA,26139.267578125,778.7057701047842
F22,1,SYTO,16332.376953125,528.8524416943128
F22,2,CONC,5692.32373046875,117.55878006899465
F22,2,HOECHST,4418.16845703125,128.1314478346059
F22,2,MITO,71023.5234375,2417.4175893982374
F22,2,PHAandWGA,28201.4140625,940.5314679855389
F22,2,SYTO,18929.24609375,672.9509551703753
F22,3,CONC,6171.263671875,135.5808899002336
F22,3,HOECHST,4798.62548828125,151.65348060969615
F22,3,MITO,74911.390625,2628.252619054478
F22,3,PHAandWGA,30515.35546875,1067.8010280702977
F22,3,SYTO,21298.28125,773.856430844708
F22,4,CONC,6578.8857421875,145.04536088356255
F22,4,HOECHST,5156.0302734375,163.95358648405045
F22,4,MITO,79614.3125,2721.958555715734
F22,4,PHAandWGA,33140.4609375,1142.039053409818
F22,4,SYTO,23679.09765625,821.3002847061593
F22,5,CONC,6976.21484375,149.36006728101955
F22,5,HOECHST,5502.625,170.6227906025988
F22,5,MITO,83413.375,2757.150987864526
F22,5,PHAandWGA,35711.73046875,1180.2512832078435
F22,5,SYTO,25739.419921875,840.5667131957402
F22,6,CONC,7277.6328125,150.17888698477475
F22,6,HOECHST,5780.55615234375,173.07098772021703
F22,6,MITO,86786.96875,2757.82966483283
F22,6,PHAandWGA,37311.18359375,1192.455589962324
F22,6,SYTO,27934.046875,837.3899670863545
F22,7,CONC,7452.947265625,148.52371181831225
F22,7,HOECHST,5998.9619140625,172.84833482159638
F22,7,MITO,87964.96875,2735.917916428223
F22,7,PHAandWGA,38714.2890625,1188.5811023337053
F22,7,SYTO,29276.931640625,824.3706694820327
F22,8,CONC,7565.1787109375,145.61201120182255
F22,8,HOECHST,6131.94873046875,168.4927271669149
F22,8,MITO,90013.0859375,2699.988439304474
F22,8,PHAandWGA,40014.5546875,1173.2892711726874
F22,8,SYTO,30006.05859375,807.5152399958483
F22,9,CONC,7670.19873046875,141.81493641445783
F22,9,HOECHST,6276.76220703125,165.18917182907865
F22,9,MITO,91802.234375,2655.657338472415
F22,9,PHAandWGA,41256.84375,1146.1400025116654
F22,9,SYTO,30381.974609375,783.4690906857901
F22,10,CONC,7774.3916015625,137.51336536093658
F22,10,HOECHST,6315.779296875,160.63947470559668
F22,10,MITO,92893.21875,2607.8847955060596
F22,10,PHAandWGA,41280.078125,1116.222441853563
F22,10,SYTO,30864.59765625,759.8798572699282
F22,11,CONC,7797.802734375,133.3927915184999
F22,11,HOECHST,6425.208984375,157.05465541134112
F22,11,MITO,93942.9375,2560.2471252276805
F22,11,PHAandWGA,42045.4765625,1089.8097410027601
F22,11,SYTO,31189.4453125,734.3240262160355
F22,12,CONC,7806.2451171875,129.08386688874566
F22,12,HOECHST,6460.1064453125,152.40038905071953
F22,12,MITO,95006.8125,2512.4749218737256
F22,12,PHAandWGA,41911.03125,1063.955560786617
F22,12,SYTO,31044.95703125,710.6778197545045
F22,13,CONC,7875.6455078125,124.72065170681019
F22,13,HOECHST,6497.037109375,146.8752610380787
F22,13,MITO,95971.21875,2452.825132816398
F22,13,PHAandWGA,42822.140625,1039.01290525186
F22,13,SYTO,31253.599609375,683.3064593946239
F22,14,CONC,7919.5234375,120.16733339241542
F22,14,HOECHST,6538.71630859375,141.64672937444752
F22,14,MITO,96368.0,2396.7450853808696
F22,14,PHAandWGA,43146.6484375,1011.2997524170581
F22,14,SYTO,31514.486328125,655.621760495484
F22,15,CONC,7937.06591796875,115.51840666389471
F22,15,HOECHST,6639.57421875,136.13672484675902
F22,15,MITO,96935.078125,2329.858293819491
F22,15,PHAandWGA,43099.390625,982.621770812723
F22,15,SYTO,31515.6875,626.3145185686976
F23,0,CONC,5172.31884765625,81.20845235485184
F23,0,HOECHST,4015.99462890625,90.34255916978032
F23,0,MITO,66764.5234375,1943.316593124828
F23,0,PHAandWGA,26506.216796875,720.3337864480245
F23,0,SYTO,14804.1572265625,450.06075986686665
F23,1,CONC,5548.115234375,103.09568614039051
F23,1,HOECHST,4289.1669921875,112.52979650315913
F23,1,MITO,70266.65625,2271.8941118247903
F23,1,PHAandWGA,27862.66796875,847.422081115341
F23,1,SYTO,16857.17578125,560.9669932958183
F23,2,CONC,6016.9521484375,127.24572471039012
F23,2,HOECHST,4689.6103515625,142.10057540675876
F23,2,MITO,74605.109375,2619.135438893447
F23,2,PHAandWGA,29868.44140625,993.9842429313636
F23,2,SYTO,19262.265625,689.8715432778934
F23,3,CONC,6523.0908203125,146.12594833339614
F23,3,HOECHST,5082.9150390625,168.32498218556654
F23,3,MITO,79811.796875,2874.838729492927
F23,3,PHAandWGA,32369.71484375,1130.3546967401016
F23,3,SYTO,22248.890625,797.1322698599985
F23,4,CONC,6906.19580078125,158.26639679285984
F23,4,HOECHST,5497.63671875,187.1605187990128
F23,4,MITO,84921.515625,3038.567864337279
F23,4,PHAandWGA,34369.328125,1238.8448951919866
F23,4,SYTO,24620.31640625,865.8000695645025
F23,5,CONC,7261.462890625,162.90773754625303
F23,5,HOECHST,5797.35400390625,194.20988424009903
F23,5,MITO,88296.984375,3085.111254556234
F23,5,PHAandWGA,36784.16015625,1301.1475562380497
F23,5,SYTO,26258.345703125,891.3806455436263
F23,6,CONC,7473.26513671875,163.02571251925204
F23,6,HOECHST,6040.05322265625,194.38480248483208
F23,6,MITO,90552.9453125,3073.556003929895
F23,6,PHAandWGA,38550.82421875,1330.6617722612846
F23,6,SYTO,27536.45703125,888.3681587859459
F23,7,CONC,7733.43994140625,161.09420131757068
F23,7,HOECHST,6231.0078125,191.73244553811216
F23,7,MITO,92747.671875,3018.1076895607994
F23,7,PHAandWGA,40045.83203125,1338.2403225984913
F23,7,SYTO,29516.294921875,870.6431595011585
F23,8,CONC,7916.212890625,157.0131092974016
F23,8,HOECHST,6394.60693359375,186.9876161027858
F23,8,MITO,95405.515625,2980.4169878162497
F23,8,PHAandWGA,41315.82421875,1310.6540486647436
F23,8,SYTO,30530.32421875,841.4646758602099
F23,9,CONC,7996.19140625,152.37605328097607
F23,9,HOECHST,6566.947265625,183.07916309650193
F23,9,MITO,97051.640625,2928.4879875251468
F23,9,PHAandWGA,43054.5546875,1274.091733579739
F23,9,SYTO,31814.76953125,809.4478279563142
F23,10,CONC,8074.0546875,147.54483311332277
F23,10,HOECHST,6694.017578125,177.13598586711805
F23,10,MITO,98928.6875,2858.644818718746
F23,10,PHAandWGA,43203.9140625,1229.5228757308464
F23,10,SYTO,32484.8125,776.3296559939567
F23,11,CONC,8155.90576171875,142.4095343002963
F23,11,HOECHST,6722.65625,170.40045368982484
F23,11,MITO,99765.3125,2789.382593766059
F23,11,PHAandWGA,43760.56640625,1188.7861552695792
F23,11,SYTO,32507.896484375,745.3106105454463
F23,12,CONC,8247.724609375,137.20147242800698
F23,12,HOECHST,6793.14208984375,163.9253480655065
F23,12,MITO,101631.59375,2720.853423797847
F23,12,PHAandWGA,45013.21484375,1154.1145999510209
F23,12,SYTO,32873.2421875,712.3502849581298
F23,13,CONC,8259.6533203125,131.70801130597587
F23,13,HOECHST,6910.369140625,157.89066522072488
F23,13,MITO,102267.203125,2626.6177212140033
F23,13,PHAandWGA,45347.5390625,1112.5590980756112
F23,13,SYTO,32893.6015625,681.5801317814303
F23,14,CONC,8288.826171875,126.67323400611252
F23,14,HOECHST,6956.591796875,151.8625992274967
F23,14,MITO,103036.5390625,2540.566075907967
F23,14,PHAandWGA,45172.28125,1078.85313527136
F23,14,SYTO,33202.08203125,652.9106534296476
F23,15,CONC,8393.224609375,121.8918479655721
F23,15,HOECHST,7010.00244140625,146.2142567958534
F23,15,MITO,103558.359375,2446.4024985840642
F23,15,PHAandWGA,45643.859375,1045.1497213352175
F23,15,SYTO,32944.90625,623.8144536233019
G02,0,CONC,4431.1826171875,67.87839097152482
G02,0,HOECHST,3569.69873046875,80.75764949677931
G02,0,MITO,56857.61328125,1703.5202019784097
G02,0,PHAandWGA,22486.25,664.9780117523359
G02,0,SYTO,13691.5703125,453.32330787440657
G02,1,CONC,4728.0634765625,85.88072517485753
G02,1,HOECHST,3776.116943359375,97.8296724498416
G02,1,MITO,58929.66015625,2036.0781910619223
G02,1,PHAandWGA,23535.1328125,783.8741159578573
G02,1,SYTO,15443.08984375,563.0739920641529
G02,2,CONC,5283.7412109375,129.3816644049483
G02,2,HOECHST,4189.6484375,144.60607991753955
G02,2,MITO,64100.59765625,2727.088874302021
G02,2,PHAandWGA,26231.18359375,1051.4871193003307
G02,2,SYTO,17610.34375,816.7976057683587
G02,3,CONC,5903.92138671875,169.18612419713145
G02,3,HOECHST,4691.8525390625,188.02815196467367
G02,3,MITO,69505.1953125,3208.4199093320854
G02,3,PHAandWGA,28415.744140625,1290.2174433671385
G02,3,SYTO,20763.79296875,1035.7083243929037
G02,4,CONC,6375.86328125,184.06446074319663
G02,4,HOECHST,5160.8369140625,215.9519541513031
G02,4,MITO,74407.8125,3415.4624399197696
G02,4,PHAandWGA,30596.345703125,1414.5490936348272
G02,4,SYTO,23565.9140625,1142.1128267536797
G02,5,CONC,6729.8955078125,189.00283605555381
G02,5,HOECHST,5480.2314453125,223.76544306103636
G02,5,MITO,78995.265625,3540.435814889278
G02,5,PHAandWGA,33269.5078125,1470.1824046910046
G02,5,SYTO,25778.5,1162.960795844967
G02,6,CONC,6981.939453125,188.913385320822
G02,6,HOECHST,5744.28857421875,220.91807114226074
G02,6,MITO,81108.6171875,3580.9342642700476
G02,6,PHAandWGA,34939.734375,1476.5185738806867
G02,6,SYTO,27494.5390625,1141.0364850331434
G02,7,CONC,7235.736328125,186.7722203437805
G02,7,HOECHST,5967.78662109375,218.98950900650513
G02,7,MITO,84137.3203125,3437.1644379985864
G02,7,PHAandWGA,36849.9765625,1444.9108802507442
G02,7,SYTO,29623.23828125,1107.1637492980462
G02,8,CONC,7359.4970703125,180.56689643900788
G02,8,HOECHST,6093.716796875,210.97851512694248
G02,8,MITO,86307.9296875,3332.284403965505
G02,8,PHAandWGA,38738.28125,1402.3699076916619
G02,8,SYTO,30947.640625,1063.9402685023397
G02,9,CONC,7364.55859375,174.25874069253834
G02,9,HOECHST,6147.3193359375,202.04463381324734
G02,9,MITO,86670.3125,3242.254028754078
G02,9,PHAandWGA,39068.9765625,1362.9302481740303
G02,9,SYTO,31308.1015625,1016.6617479885441
G02,10,CONC,7336.3896484375,167.5586787073799
G02,10,HOECHST,6134.4453125,190.66337777007536
G02,10,MITO,86468.0,3186.949738870131
G02,10,PHAandWGA,39222.9375,1330.7255172497607
G02,10,SYTO,31876.7734375,973.2396447528596
G02,11,CONC,7303.1171875,160.7367722765041
G02,11,HOECHST,6077.69873046875,180.57733193242257
G02,11,MITO,86207.59375,3106.527914291364
G02,11,PHAandWGA,39903.8984375,1299.5728976068458
G02,11,SYTO,31442.283203125,928.8747615300564
G02,12,CONC,7302.96484375,154.42890438738294
G02,12,HOECHST,6074.0087890625,172.28384015256168
G02,12,MITO,87494.171875,3043.0410268949213
G02,12,PHAandWGA,39908.125,1258.081251722984
G02,12,SYTO,31571.5,884.3412768518539
G02,13,CONC,7321.4453125,147.63609897789553
G02,13,HOECHST,6141.8193359375,166.18669734228752
G02,13,MITO,88609.234375,2954.6759932556815
G02,13,PHAandWGA,40719.46875,1213.2679985539046
G02,13,SYTO,31771.681640625,843.9217707604571
G02,14,CONC,7279.3466796875,140.47238388688052
G02,14,HOECHST,6158.8955078125,158.59916697252348
G02,14,MITO,88648.234375,2871.510074432057
G02,14,PHAandWGA,40862.6171875,1178.3949160423679
G02,14,SYTO,32003.013671875,803.9424996581114
G02,15,CONC,7292.9814453125,133.40270930449174
G02,15,HOECHST,6175.744140625,151.09502880230409
G02,15,MITO,89180.578125,2788.1286945905485
G02,15,PHAandWGA,40232.9453125,1141.6860857389377
G02,15,SYTO,31783.150390625,764.4582383004181
G03,0,CONC,9387.05859375,90.25588568359305
G03,0,HOECHST,6800.9189453125,101.36184850569926
G03,0,MITO,81105.3359375,840.1700450985207
G03,0,PHAandWGA,42354.8828125,572.0148995819052
G03,0,SYTO,34407.8125,558.9772234669078
G03,1,CONC,10093.162109375,112.29749158452941
G03,1,HOECHST,7302.8779296875,122.20379335313014
G03,1,MITO,82906.1796875,955.5849865345684
G03,1,PHAandWGA,44059.3828125,671.4678888555649
G03,1,SYTO,36807.12890625,673.3079736316006
G03,2,CONC,10859.9609375,131.95130742863518
G03,2,HOECHST,7865.41796875,142.46988407535227
G03,2,MITO,87811.265625,1059.1919927317265
G03,2,PHAandWGA,46981.9375,763.131117629468
G03,2,SYTO,39236.5234375,777.7707120384321
G03,3,CONC,11597.681640625,138.92123325691583
G03,3,HOECHST,8359.787109375,152.92242572000885
G03,3,MITO,91396.5,1101.5418680305445
G03,3,PHAandWGA,49264.09375,795.7534597400146
G03,3,SYTO,41912.4609375,817.1819936889106
G03,4,CONC,12070.462890625,136.67777113921147
G03,4,HOECHST,8789.1748046875,154.9181084142458
G03,4,MITO,95054.34375,1105.5720987421203
G03,4,PHAandWGA,52161.0234375,799.96979669334
G03,4,SYTO,44434.078125,811.0534984688071
G03,5,CONC,12545.19140625,131.39696626254133
G03,5,HOECHST,9185.3564453125,152.5427458729463
G03,5,MITO,97281.4453125,1093.7079392667417
G03,5,PHAandWGA,54233.55859375,784.3389020815314
G03,5,SYTO,46388.9921875,780.205176537704
G03,6,CONC,12938.49609375,125.14810663038637
G03,6,HOECHST,9527.19140625,147.15561898212627
G03,6,MITO,99436.71875,1071.5899007862374
G03,6,PHAandWGA,55424.2421875,757.8190604957553
G03,6,SYTO,48225.0390625,743.5309178115136
G03,7,CONC,13279.62890625,117.76663958441138
G03,7,HOECHST,9821.7802734375,141.1898275386973
G03,7,MITO,102915.6015625,1034.8237517372058
G03,7,PHAandWGA,57239.8671875,723.4694524410975
G03,7,SYTO,50045.375,699.4736572364059
G03,8,CONC,13455.4541015625,110.4195862169408
G03,8,HOECHST,10086.904296875,133.55464624555384
G03,8,MITO,104566.203125,994.6221418653412
G03,8,PHAandWGA,59759.79296875,684.7013514677936
G03,8,SYTO,52243.78125,655.028543841102
G03,9,CONC,13663.1806640625,103.57612168496286
G03,9,HOECHST,10269.2919921875,126.36585310063573
G03,9,MITO,106507.9765625,955.74530509039
G03,9,PHAandWGA,61436.6171875,650.2519236144402
G03,9,SYTO,53821.46484375,610.2440804847964
G03,10,CONC,13853.66796875,96.92123272427844
G03,10,HOECHST,10436.546875,119.88781119746216
G03,10,MITO,109747.21875,920.1969443993571
G03,10,PHAandWGA,61817.5234375,617.0032449910991
G03,10,SYTO,54142.1875,570.888715491396
G03,11,CONC,14007.4892578125,90.36673876274749
G03,11,HOECHST,10622.30078125,113.35917569138864
G03,11,MITO,111819.5390625,880.4377773044386
G03,11,PHAandWGA,63285.265625,582.3829351944463
G03,11,SYTO,54890.4296875,532.311652190333
G03,12,CONC,14056.6240234375,84.36519449343525
G03,12,HOECHST,10773.4833984375,107.49503687682704
G03,12,MITO,113814.1875,840.388830187403
G03,12,PHAandWGA,64999.8828125,550.024264363585
G03,12,SYTO,56499.2109375,495.67966442889417
G03,13,CONC,14244.26171875,79.33873861580928
G03,13,HOECHST,10934.013671875,102.91836127143442
G03,13,MITO,114377.375,803.6931754544665
G03,13,PHAandWGA,64819.609375,522.2908020798923
G03,13,SYTO,56518.4609375,467.92021484543045
G03,14,CONC,14375.533203125,75.37891912954181
G03,14,HOECHST,11068.037109375,99.15226230255134
G03,14,MITO,116248.578125,773.8137626472031
G03,14,PHAandWGA,65862.90625,501.0390597051879
G03,14,SYTO,58016.5078125,444.34193885926425
G03,15,CONC,14507.6884765625,72.28574457728632
G03,15,HOECHST,11207.205078125,95.99135982884088
G03,15,MITO,116359.3671875,756.0269422847383
G03,15,PHAandWGA,66454.9765625,484.5927749392455
G03,15,SYTO,58471.90625,425.2234962214819
G04,0,CONC,5289.62109375,108.49927443332375
G04,0,HOECHST,4022.67333984375,116.6870563239544
G04,0,MITO,63506.0078125,2130.650419247721
G04,0,PHAandWGA,24858.85546875,899.5963501888925
G04,0,SYTO,17738.37109375,675.147058029416
G04,1,CONC,6087.3095703125,174.17353072372046
G04,1,HOECHST,4532.3515625,179.92886112604089
G04,1,MITO,69267.984375,2965.4175139680565
G04,1,PHAandWGA,27391.306640625,1262.1713064694395
G04,1,SYTO,20227.328125,1017.2158581863104
G04,2,CONC,6898.990234375,232.0808778680946
G04,2,HOECHST,5134.35791015625,237.21154748635357
G04,2,MITO,74958.484375,3574.8301753004803
G04,2,PHAandWGA,30198.79296875,1570.0626668081907
G04,2,SYTO,23161.58203125,1317.919520684683
G04,3,CONC,7411.9658203125,251.4384629541733
G04,3,HOECHST,5578.0751953125,263.4288218691925
G04,3,MITO,78254.1875,3798.6855234396517
G04,3,PHAandWGA,32628.2890625,1718.7494837593938
G04,3,SYTO,25389.1953125,1432.5579746824092
G04,4,CONC,7786.32666015625,259.20296895539246
G04,4,HOECHST,5937.6171875,279.2914731992668
G04,4,MITO,82506.84375,3977.580906200167
G04,4,PHAandWGA,34379.12109375,1790.3334657458088
G04,4,SYTO,27209.02734375,1474.6530067050899
G04,5,CONC,8034.62890625,258.3766596736049
G04,5,HOECHST,6178.537109375,281.5075520690369
G04,5,MITO,84957.828125,3997.235802784643
G04,5,PHAandWGA,36123.62109375,1807.4719438319999
G04,5,SYTO,28824.16015625,1463.0179477918366
G04,6,CONC,8370.263671875,255.5465047990789
G04,6,HOECHST,6450.9052734375,279.58777697138106
G04,6,MITO,88681.8125,4007.3626974181607
G04,6,PHAandWGA,38119.1015625,1789.715196799651
G04,6,SYTO,30491.734375,1428.0391328460823
G04,7,CONC,8543.3115234375,246.64689017786932
G04,7,HOECHST,6696.1494140625,272.8092394049905
G04,7,MITO,91932.78125,3990.710212042749
G04,7,PHAandWGA,40006.28125,1754.601186475491
G04,7,SYTO,31452.91015625,1368.612796764335
G04,8,CONC,8670.576171875,236.5382140252812
G04,8,HOECHST,6768.33984375,258.2994839695935
G04,8,MITO,93663.703125,3893.436792847059
G04,8,PHAandWGA,41453.0546875,1696.035885195835
G04,8,SYTO,32932.625,1290.0595724497252
G04,9,CONC,8766.326171875,225.37448995143592
G04,9,HOECHST,6729.755859375,240.34715387737722
G04,9,MITO,94421.0390625,3779.9166780074966
G04,9,PHAandWGA,42345.875,1634.1255344329268
G04,9,SYTO,33415.640625,1216.8390196826717
G04,10,CONC,8680.912109375,213.07708589172722
G04,10,HOECHST,6745.57421875,227.02230272943197
G04,10,MITO,96476.578125,3721.8478030797596
G04,10,PHAandWGA,42089.93359375,1575.0578068000655
G04,10,SYTO,34044.48828125,1157.431923493985
G04,11,CONC,8686.9306640625,201.54344773891404
G04,11,HOECHST,6750.49169921875,214.23595638785227
G04,11,MITO,97657.625,3596.206407328103
G04,11,PHAandWGA,42944.02734375,1508.6775692726833
G04,11,SYTO,34107.2578125,1093.4318261046892
G04,12,CONC,8693.474609375,191.24567704671819
G04,12,HOECHST,6803.6962890625,203.90663122847948
G04,12,MITO,97651.9140625,3501.330676997004
G04,12,PHAandWGA,42745.66015625,1451.5225416564306
G04,12,SYTO,34431.17578125,1035.7983309774113
G04,13,CONC,8686.4462890625,181.17031461191723
G04,13,HOECHST,6773.0341796875,192.29749486860385
G04,13,MITO,97785.1875,3376.0310365144096
G04,13,PHAandWGA,42812.8046875,1393.3840892293913
G04,13,SYTO,33927.8046875,978.2462048001223
G04,14,CONC,8676.017578125,170.48925041456573
G04,14,HOECHST,6815.1865234375,182.89003315547353
G04,14,MITO,99542.328125,3242.699282050689
G04,14,PHAandWGA,43018.40234375,1334.7948181809966
G04,14,SYTO,34421.484375,921.4612253056143
G04,15,CONC,8683.591796875,161.1680841020899
G04,15,HOECHST,6873.6416015625,174.5537472809784
G04,15,MITO,99899.7890625,3102.210388618138
G04,15,PHAandWGA,43648.1953125,1274.2226646178005
G04,15,SYTO,34722.48046875,873.4665840823919
G05,0,CONC,2266.598876953125,87.81188985627485
G05,0,HOECHST,1475.76123046875,54.26866700341986
G05,0,MITO,25738.400390625,2375.3834563470464
G05,0,PHAandWGA,6726.14892578125,552.1081818707879
G05,0,SYTO,4003.82421875,335.8560334870883
G05,1,CONC,2474.21142578125,124.02772742072388
G05,1,HOECHST,1602.5113525390625,77.73131575836888
G05,1,MITO,26749.59375,2923.8144269871877
G05,1,PHAandWGA,7852.7607421875,776.9686777061397
G05,1,SYTO,4604.0458984375,466.6733919762504
G05,2,CONC,2824.9345703125,187.6902933969453
G05,2,HOECHST,1862.696533203125,133.19472870976435
G05,2,MITO,29444.7109375,3808.8401817098943
G05,2,PHAandWGA,9381.09375,1077.7033398594408
G05,2,SYTO,6242.08984375,725.455041358836
G05,3,CONC,3150.203369140625,233.85083430366691
G05,3,HOECHST,2102.93359375,170.78521219483815
G05,3,MITO,32179.921875,4430.578701879744
G05,3,PHAandWGA,10740.1806640625,1298.8370991807922
G05,3,SYTO,7618.17041015625,893.6463021893315
G05,4,CONC,3401.7587890625,259.89930853478944
G05,4,HOECHST,2276.373291015625,187.31458673865137
G05,4,MITO,34516.04296875,4780.306079488961
G05,4,PHAandWGA,12180.6513671875,1411.1177014229825
G05,4,SYTO,8818.3017578125,960.0813098860333
G05,5,CONC,3612.32568359375,271.23111009063274
G05,5,HOECHST,2411.27734375,192.92586820085216
G05,5,MITO,35904.859375,4919.277823085566
G05,5,PHAandWGA,13246.337890625,1438.40900088674
G05,5,SYTO,9506.1142578125,972.4716719188064
G05,6,CONC,3704.681640625,271.78644846018415
G05,6,HOECHST,2460.2412109375,189.16424571659886
G05,6,MITO,37439.53515625,5018.081268065092
G05,6,PHAandWGA,13864.3427734375,1435.6166438417367
G05,6,SYTO,9381.060546875,943.8186751749773
G05,7,CONC,3726.013427734375,264.45532802223386
G05,7,HOECHST,2487.3828125,181.71622754444041
G05,7,MITO,38178.2265625,4984.810924777386
G05,7,PHAandWGA,14457.1953125,1394.9844808528483
G05,7,SYTO,8854.232421875,895.3293317896074
G05,8,CONC,3721.312255859375,252.69874464777965
G05,8,HOECHST,2485.5576171875,171.16141354942675
G05,8,MITO,39070.8125,4957.5819043167885
G05,8,PHAandWGA,14607.091796875,1347.7787609347656
G05,8,SYTO,8168.2783203125,845.1441683786402
G05,9,CONC,3652.82666015625,239.10605869962913
G05,9,HOECHST,2455.437255859375,157.5788644097623
G05,9,MITO,38822.7421875,4868.317137311605
G05,9,PHAandWGA,14605.4970703125,1288.7343755326006
G05,9,SYTO,7544.98046875,789.2043589706786
G05,10,CONC,3584.700439453125,224.63787926171773
G05,10,HOECHST,2380.89990234375,145.17909589095848
G05,10,MITO,38887.38671875,4707.729936947098
G05,10,PHAandWGA,14171.626953125,1224.9950588620802
G05,10,SYTO,7106.1513671875,738.7938794195172
G05,11,CONC,3508.67529296875,208.3144731413114
G05,11,HOECHST,2326.148681640625,131.91404926099284
G05,11,MITO,38049.24609375,4508.511732898157
G05,11,PHAandWGA,13628.572265625,1156.1151340833612
G05,11,SYTO,6815.56689453125,685.5157547403381
G05,12,CONC,3455.64501953125,193.1845450531451
G05,12,HOECHST,2287.706298828125,120.8472116340781
G05,12,MITO,37390.015625,4292.9447827394
G05,12,PHAandWGA,13056.794921875,1085.4814994122191
G05,12,SYTO,6543.3701171875,631.6783413537631
G05,13,CONC,3410.5419921875,179.4088485852757
G05,13,HOECHST,2245.029296875,110.78580618789456
G05,13,MITO,37432.515625,4086.6203468454073
G05,13,PHAandWGA,12620.580078125,1009.3218131426412
G05,13,SYTO,6433.87646484375,585.0286763581639
G05,14,CONC,3401.44482421875,167.0880157349576
G05,14,HOECHST,2240.145263671875,102.56763288061043
G05,14,MITO,36862.3046875,3845.739287923677
G05,14,PHAandWGA,12478.1953125,935.1293298889659
G05,14,SYTO,6323.8466796875,538.5075906639731
G05,15,CONC,3403.15673828125,155.51749870690932
G05,15,HOECHST,2263.20947265625,95.02945722375647
G05,15,MITO,36494.046875,3544.9538447262526
G05,15,PHAandWGA,12024.7822265625,854.5349963610813
G05,15,SYTO,6288.779296875,492.57872213218474
G06,0,CONC,10523.7294921875,88.95506921497363
G06,0,HOECHST,7528.2705078125,94.35346513776145
G06,0,MITO,83674.4765625,914.7483028292785
G06,0,PHAandWGA,44663.03125,543.2326045219113
G06,0,SYTO,37878.953125,501.2856363445586
G06,1,CONC,11726.5654296875,120.11743100090293
G06,1,HOECHST,8297.3876953125,121.71677568154217
G06,1,MITO,89203.25,1119.567003394225
G06,1,PHAandWGA,48145.1953125,668.8482257354016
G06,1,SYTO,41414.8359375,637.7737410093
G06,2,CONC,12826.81640625,140.66746090653788
G06,2,HOECHST,9151.478515625,146.5265391122932
G06,2,MITO,96060.15625,1235.7824535691932
G06,2,PHAandWGA,52061.87109375,753.7954312157798
G06,2,SYTO,44913.19140625,734.9212282169038
G06,3,CONC,13872.708984375,146.71504244931793
G06,3,HOECHST,9997.533203125,159.8119387066508
G06,3,MITO,100409.0234375,1248.0010912171906
G06,3,PHAandWGA,55656.3359375,783.0635251206209
G06,3,SYTO,48862.63671875,768.8137091790785
G06,4,CONC,14594.712890625,140.7824264889163
G06,4,HOECHST,10594.861328125,158.9172796673007
G06,4,MITO,103920.0,1213.62072098384
G06,4,PHAandWGA,58601.6328125,768.7041928200954
G06,4,SYTO,51979.93359375,748.0956834645929
G06,5,CONC,14997.009765625,130.04233019577785
G06,5,HOECHST,10940.7841796875,148.82831223857747
G06,5,MITO,106533.4921875,1145.0750198546812
G06,5,PHAandWGA,60548.58984375,731.0971095534678
G06,5,SYTO,54697.3515625,699.6140289202141
G06,6,CONC,15297.396484375,119.04789848096951
G06,6,HOECHST,11248.904296875,139.22766302820023
G06,6,MITO,109517.2734375,1083.0478768520627
G06,6,PHAandWGA,63396.3203125,686.8773147404924
G06,6,SYTO,55909.1484375,643.1472808714676
G06,7,CONC,15518.724609375,108.84445955814766
G06,7,HOECHST,11446.57421875,129.39604222222854
G06,7,MITO,111369.6953125,1022.3093602877581
G06,7,PHAandWGA,64070.4296875,643.2001044073976
G06,7,SYTO,57971.296875,591.2631352721411
G06,8,CONC,15750.251953125,98.91782970863557
G06,8,HOECHST,11638.4736328125,120.00003801280921
G06,8,MITO,111864.828125,968.4193665249169
G06,8,PHAandWGA,66274.625,601.2048594463141
G06,8,SYTO,58333.828125,541.9880134271043
G06,9,CONC,15692.2470703125,89.12543505183085
G06,9,HOECHST,11761.9560546875,109.77276028449805
G06,9,MITO,114496.1640625,910.2201758281203
G06,9,PHAandWGA,66380.4375,555.2099349638793
G06,9,SYTO,59802.7421875,493.0039312514075
G06,10,CONC,15933.751953125,80.85453559881688
G06,10,HOECHST,11897.8056640625,101.62468015246164
G06,10,MITO,115400.359375,862.4253079587356
G06,10,PHAandWGA,68638.2890625,517.235734770362
G06,10,SYTO,60946.328125,451.225585172958
G06,11,CONC,16016.70703125,74.1992753756604
G06,11,HOECHST,12083.4228515625,95.07477834415664
G06,11,MITO,117307.40625,812.9934150519435
G06,11,PHAandWGA,68825.96875,481.9099179030951
G06,11,SYTO,61480.7109375,415.8620668175722
G06,12,CONC,15988.0244140625,68.77877942515323
G06,12,HOECHST,12130.21484375,89.04293062338806
G06,12,MITO,118819.921875,768.7192437092738
G06,12,PHAandWGA,70577.265625,455.47584358075534
G06,12,SYTO,61120.5,387.72207177121123
G06,13,CONC,16094.578125,64.69970841804162
G06,13,HOECHST,12283.2763671875,84.48789694978603
G06,13,MITO,120600.78125,732.0132286338152
G06,13,PHAandWGA,70098.015625,436.42711110849075
G06,13,SYTO,62144.203125,365.92420241716565
G06,14,CONC,16216.544921875,61.95386377675151
G06,14,HOECHST,12400.89453125,81.18906008901172
G06,14,MITO,120525.1875,703.9661117680173
G06,14,PHAandWGA,70594.953125,422.49550260439054
G06,14,SYTO,62554.02734375,351.5241379221795
G06,15,CONC,16242.341796875,59.8476393684257
G06,15,HOECHST,12438.3837890625,78.5906966647591
G06,15,MITO,121294.359375,680.7693248312613
G06,15,PHAandWGA,71483.9375,411.8325795540072
G06,15,SYTO,62122.8125,339.5197537183158
G07,0,CONC,5844.4091796875,125.73605429795482
G07,0,HOECHST,4327.771484375,133.54160391648784
G07,0,MITO,66048.125,2365.225882121723
G07,0,PHAandWGA,25996.07421875,922.8052296405654
G07,0,SYTO,18054.53125,714.0410111247744
G07,1,CONC,6700.193359375,188.88568888354467
G07,1,HOECHST,4909.8623046875,198.11161293797792
G07,1,MITO,71536.015625,3088.2515864885077
G07,1,PHAandWGA,28606.416015625,1246.0237072807124
G07,1,SYTO,20722.177734375,1008.8033850550495
G07,2,CONC,7519.03515625,233.04552699889805
G07,2,HOECHST,5527.3955078125,245.8769092129784
G07,2,MITO,77477.203125,3559.046042619002
G07,2,PHAandWGA,31379.85546875,1478.9136651255012
G07,2,SYTO,23576.78125,1228.2588524079251
G07,3,CONC,8149.27392578125,250.3868907109315
G07,3,HOECHST,6095.89501953125,273.2250106372925
G07,3,MITO,82587.765625,3750.6928591877972
G07,3,PHAandWGA,34813.5234375,1614.0178270640934
G07,3,SYTO,27202.921875,1324.3704530968628
G07,4,CONC,8805.3984375,260.4674927303343
G07,4,HOECHST,6704.880859375,289.3865233370306
G07,4,MITO,89370.8203125,3829.669676140367
G07,4,PHAandWGA,38077.78515625,1649.2696672342365
G07,4,SYTO,30444.03125,1353.8795248638535
G07,5,CONC,9406.8779296875,258.2140878973984
G07,5,HOECHST,7188.97998046875,287.31276467850745
G07,5,MITO,95207.59375,3832.7221616326756
G07,5,PHAandWGA,40971.171875,1631.5612841874088
G07,5,SYTO,33806.3671875,1321.0293266083327
G07,6,CONC,9627.3447265625,247.14305658850853
G07,6,HOECHST,7348.16943359375,270.47175391570323
G07,6,MITO,99007.375,3722.393039594758
G07,6,PHAandWGA,43407.3515625,1580.1967558722072
G07,6,SYTO,35744.37890625,1257.2270922229043
G07,7,CONC,9784.193359375,232.89257951615554
G07,7,HOECHST,7497.322265625,255.90534991683936
G07,7,MITO,100641.71875,3573.72054817907
G07,7,PHAandWGA,45609.1484375,1502.0323590112641
G07,7,SYTO,36662.7578125,1177.3393531173563
G07,8,CONC,9816.84375,218.03700818958328
G07,8,HOECHST,7486.4658203125,234.92357319021198
G07,8,MITO,103078.28125,3421.9224377386336
G07,8,PHAandWGA,45713.54296875,1430.9069412660294
G07,8,SYTO,38025.96875,1097.6780705211245
G07,9,CONC,9629.34375,200.0240036077726
G07,9,HOECHST,7396.4921875,215.80147270659603
G07,9,MITO,102496.28125,3258.636136629068
G07,9,PHAandWGA,46021.3828125,1355.855627908235
G07,9,SYTO,38009.359375,1019.1754297803676
G07,10,CONC,9463.3203125,185.04745697483736
G07,10,HOECHST,7231.34521484375,197.2854664744309
G07,10,MITO,102024.0546875,3112.3215632097927
G07,10,PHAandWGA,45825.2734375,1295.7109219236381
G07,10,SYTO,37526.6015625,955.6645703589959
G07,11,CONC,9317.31640625,171.63844781588054
G07,11,HOECHST,7100.3046875,182.90298613374955
G07,11,MITO,100702.09375,2949.601895797447
G07,11,PHAandWGA,46040.8671875,1240.1971796985322
G07,11,SYTO,37314.6953125,895.9566971854391
G07,12,CONC,9198.978515625,160.32153068237227
G07,12,HOECHST,7046.095703125,171.69193396414806
G07,12,MITO,100287.453125,2836.796568424024
G07,12,PHAandWGA,45082.31640625,1184.6680980918977
G07,12,SYTO,36803.34375,842.2296306236874
G07,13,CONC,9057.46875,150.70365375511645
G07,13,HOECHST,6931.5126953125,162.10834705745063
G07,13,MITO,99087.7265625,2732.753903235222
G07,13,PHAandWGA,44844.3125,1139.6081691989057
G07,13,SYTO,36119.8671875,799.0780228246887
G07,14,CONC,8915.5302734375,142.56942238942563
G07,14,HOECHST,6894.634765625,153.95291423287028
G07,14,MITO,97771.2265625,2624.0313687675034
G07,14,PHAandWGA,43769.4765625,1103.851511941314
G07,14,SYTO,35617.5234375,763.3035289884491
G07,15,CONC,8820.69921875,134.86018015592933
G07,15,HOECHST,6899.7294921875,146.3879547737498
G07,15,MITO,96203.5625,2510.201257286457
G07,15,PHAandWGA,42957.6328125,1057.3697567972774
G07,15,SYTO,34978.3515625,725.9597796612255
G08,0,CONC,4506.1953125,89.59981214547561
G08,0,HOECHST,1970.4178466796875,40.26705063166061
G08,0,MITO,51807.71484375,2113.566365937043
G08,0,PHAandWGA,18905.728515625,711.144585710596
G08,0,SYTO,10033.322265625,432.3269048817068
G08,1,CONC,4798.91259765625,112.74418603070195
G08,1,HOECHST,2088.02685546875,50.669531973774184
G08,1,MITO,53692.38671875,2438.2349381922027
G08,1,PHAandWGA,19851.11328125,849.8407457406297
G08,1,SYTO,11642.478515625,537.8556478417755
G08,2,CONC,5223.02490234375,148.6502490508158
G08,2,HOECHST,2276.987548828125,68.01360521577976
G08,2,MITO,56768.0625,2895.9004680227677
G08,2,PHAandWGA,21546.52734375,1049.906285176937
G08,2,SYTO,13520.240234375,709.8434134030401
G08,3,CONC,5682.60546875,178.04809025232095
G08,3,HOECHST,2473.089111328125,82.73226685803428
G08,3,MITO,60437.28125,3235.454938089122
G08,3,PHAandWGA,23553.3984375,1222.3320792311724
G08,3,SYTO,15594.1435546875,848.6205632446947
G08,4,CONC,6023.232421875,193.06838303396316
G08,4,HOECHST,2640.57666015625,91.74132965807009
G08,4,MITO,64469.2265625,3429.1849802573875
G08,4,PHAandWGA,25088.359375,1330.3375238623623
G08,4,SYTO,17346.556640625,927.7349501034483
G08,5,CONC,6292.9326171875,198.53260761294536
G08,5,HOECHST,2774.076171875,96.96833535103784
G08,5,MITO,66243.09375,3510.779936225374
G08,5,PHAandWGA,26764.5234375,1384.020615370914
G08,5,SYTO,18958.2890625,951.955326986838
G08,6,CONC,6449.56640625,199.85878436216586
G08,6,HOECHST,2899.72705078125,98.36555950691822
G08,6,MITO,67792.4609375,3537.281190620705
G08,6,PHAandWGA,28063.73046875,1402.9220876522395
G08,6,SYTO,20346.55859375,953.5670002924456
G08,7,CONC,6644.328125,198.81918073100704
G08,7,HOECHST,2967.3076171875,97.21257086496178
G08,7,MITO,69760.53125,3536.304172387657
G08,7,PHAandWGA,29240.23828125,1398.9672134000323
G08,7,SYTO,21250.32421875,944.2009221702667
G08,8,CONC,6743.06884765625,195.67895294974943
G08,8,HOECHST,3040.5302734375,95.19712375639212
G08,8,MITO,71078.75,3515.787807450764
G08,8,PHAandWGA,30229.279296875,1385.2942864826243
G08,8,SYTO,22174.95703125,916.19109066921
G08,9,CONC,6773.78515625,190.44414378030743
G08,9,HOECHST,3117.64599609375,93.66538464439785
G08,9,MITO,72453.03125,3475.1703676516568
G08,9,PHAandWGA,30758.10546875,1359.8007118199039
G08,9,SYTO,22755.515625,885.0714745106181
G08,10,CONC,6895.55078125,185.12192911377102
G08,10,HOECHST,3149.9990234375,91.05595290249143
G08,10,MITO,73306.109375,3418.3984140463613
G08,10,PHAandWGA,31646.314453125,1326.8986042089457
G08,10,SYTO,22615.703125,846.0363220255173
G08,11,CONC,6952.169921875,179.3509283178759
G08,11,HOECHST,3197.6650390625,88.00397227277483
G08,11,MITO,73474.0,3315.1548104693934
G08,11,PHAandWGA,32081.76171875,1288.724800045091
G08,11,SYTO,22549.66015625,807.4131625444068
G08,12,CONC,6998.02392578125,174.45277691324503
G08,12,HOECHST,3220.00390625,84.85491665344912
G08,12,MITO,74842.2421875,3268.832560391428
G08,12,PHAandWGA,32883.984375,1258.721684465978
G08,12,SYTO,22297.29296875,774.4176063704588
G08,13,CONC,7053.7255859375,169.20544072451287
G08,13,HOECHST,3244.348876953125,81.98146316389118
G08,13,MITO,76010.6328125,3196.538124907451
G08,13,PHAandWGA,33375.8515625,1229.6911668005803
G08,13,SYTO,21992.87109375,745.735307730136
G08,14,CONC,7084.9638671875,163.63176584612515
G08,14,HOECHST,3251.0419921875,79.89961253956672
G08,14,MITO,75947.84375,3129.6880659665285
G08,14,PHAandWGA,33529.1796875,1200.139601017219
G08,14,SYTO,21837.80859375,718.0102411177812
G08,15,CONC,7092.78564453125,158.18607736468613
G08,15,HOECHST,3288.667236328125,77.51868632310799
G08,15,MITO,77274.359375,3047.6685035288224
G08,15,PHAandWGA,33643.578125,1169.7486924860036
G08,15,SYTO,21512.92578125,688.8776976234668
G09,0,CONC,5734.033203125,85.7456765362742
G09,0,HOECHST,3587.90869140625,67.09702436836268
G09,0,MITO,61617.99609375,1240.1593495655234
G09,0,PHAandWGA,26685.255859375,690.1922631243114
G09,0,SYTO,19013.61328125,534.7817123857751
G09,1,CONC,6195.658203125,110.06809079103942
G09,1,HOECHST,3853.993408203125,87.23485108779153
G09,1,MITO,63500.140625,1431.3409851005028
G09,1,PHAandWGA,28215.2109375,832.5511640982983
G09,1,SYTO,20978.70703125,686.6484069371268
G09,2,CONC,6802.2568359375,144.39080807564
G09,2,HOECHST,4228.4833984375,113.76060879934933
G09,2,MITO,67319.3203125,1664.8008823442033
G09,2,PHAandWGA,30343.703125,1019.6356490384
G09,2,SYTO,23448.958984375,869.9524072362861
G09,3,CONC,7457.181640625,169.80559136620664
G09,3,HOECHST,4602.35205078125,131.38971912790382
G09,3,MITO,70232.25,1844.3047426406185
G09,3,PHAandWGA,32917.703125,1152.8696953670085
G09,3,SYTO,26210.140625,987.8672292314211
G09,4,CONC,7922.013671875,179.58758264671226
G09,4,HOECHST,4931.3642578125,142.90914685134544
G09,4,MITO,74365.34375,1961.4390932792282
G09,4,PHAandWGA,35007.15625,1206.3070853657011
G09,4,SYTO,28528.0,1033.967451972027
G09,5,CONC,8276.234375,177.90422981905638
G09,5,HOECHST,5244.63037109375,149.56348131471464
G09,5,MITO,77194.0,2014.9180402298496
G09,5,PHAandWGA,37458.140625,1211.1098935834111
G09,5,SYTO,30843.32421875,1025.8409108180892
G09,6,CONC,8470.5390625,171.97975178169688
G09,6,HOECHST,5407.20947265625,145.01431906142312
G09,6,MITO,80328.625,2018.2222687534893
G09,6,PHAandWGA,39182.53125,1186.653517668963
G09,6,SYTO,31576.791015625,981.3607807223681
G09,7,CONC,8627.888671875,165.35256431853776
G09,7,HOECHST,5546.048828125,139.67863029407818
G09,7,MITO,82022.0,2004.4888042715913
G09,7,PHAandWGA,40244.0859375,1155.2884062682663
G09,7,SYTO,33236.8125,933.5787738601834
G09,8,CONC,8722.3203125,157.54029515932112
G09,8,HOECHST,5639.6787109375,133.9634168226105
G09,8,MITO,82956.78125,1978.823927394518
G09,8,PHAandWGA,40844.578125,1121.2854954558543
G09,8,SYTO,33664.7109375,886.8829252261902
G09,9,CONC,8792.9912109375,149.3929331202971
G09,9,HOECHST,5735.599609375,127.17062005516851
G09,9,MITO,85519.84375,1931.0688511480128
G09,9,PHAandWGA,42355.48046875,1083.525087910839
G09,9,SYTO,34489.87109375,837.6137940926718
G09,10,CONC,8853.892578125,141.27990414489201
G09,10,HOECHST,5842.076171875,120.8262796538952
G09,10,MITO,85475.4453125,1864.0195111020612
G09,10,PHAandWGA,42617.28125,1037.1859474897503
G09,10,SYTO,35626.9375,788.8853308439567
G09,11,CONC,8904.5146484375,133.97180402083498
G09,11,HOECHST,5911.7890625,115.04214305601738
G09,11,MITO,88506.390625,1828.846505796298
G09,11,PHAandWGA,43708.02734375,994.509874441892
G09,11,SYTO,35666.44140625,745.5933621649698
G09,12,CONC,8949.29296875,127.29137655311015
G09,12,HOECHST,5949.775390625,109.04161233594013
G09,12,MITO,89509.484375,1779.7200424831906
G09,12,PHAandWGA,43686.4453125,962.5392086472768
G09,12,SYTO,35965.1015625,707.5645079202155
G09,13,CONC,9008.3271484375,121.57781268764992
G09,13,HOECHST,5977.64208984375,104.23087760044343
G09,13,MITO,89569.4453125,1733.620542110017
G09,13,PHAandWGA,44191.21875,929.6335549043403
G09,13,SYTO,35404.76953125,674.0380364296007
G09,14,CONC,9052.34375,115.98939532811978
G09,14,HOECHST,6029.91015625,100.00359432636068
G09,14,MITO,91235.59375,1676.157815499915
G09,14,PHAandWGA,43854.8203125,899.2032376725618
G09,14,SYTO,35930.8125,644.1238878907993
G09,15,CONC,9086.7041015625,110.84980962100597
G09,15,HOECHST,6084.21826171875,95.71515088403467
G09,15,MITO,90949.9921875,1615.078763228274
G09,15,PHAandWGA,44451.7421875,870.5050498522703
G09,15,SYTO,35503.8515625,614.37403009246
G10,0,CONC,4587.86083984375,102.10307838560102
G10,0,HOECHST,2207.60498046875,47.37240565942876
G10,0,MITO,48583.95703125,1863.7747584827007
G10,0,PHAandWGA,13373.5634765625,504.19154798881976
G10,0,SYTO,7083.552734375,275.65176827360693
G10,1,CONC,5051.47216796875,147.07254349238582
G10,1,HOECHST,2448.44677734375,77.64416708629764
G10,1,MITO,51486.15234375,2532.2865395385893
G10,1,PHAandWGA,14953.7255859375,683.5278146711413
G10,1,SYTO,8222.52734375,400.15544177161297
G10,2,CONC,5527.724609375,189.25894036755352
G10,2,HOECHST,2685.35302734375,108.35182374464031
G10,2,MITO,56042.421875,3105.1010340486278
G10,2,PHAandWGA,16618.068359375,864.393612179646
G10,2,SYTO,9663.1171875,518.0442060385446
G10,3,CONC,6083.083984375,227.09276337124493
G10,3,HOECHST,2867.55078125,121.89482811693593
G10,3,MITO,58261.109375,3346.800450695645
G10,3,PHAandWGA,18637.21484375,1022.0646655810809
G10,3,SYTO,11135.796875,604.4339685599788
G10,4,CONC,6645.77001953125,251.296966131689
G10,4,HOECHST,3214.35302734375,142.54685862501313
G10,4,MITO,63612.28125,3585.337289728519
G10,4,PHAandWGA,20824.8515625,1131.7720424976521
G10,4,SYTO,13027.958984375,683.8762503267734
G10,5,CONC,7198.3017578125,270.20270554262675
G10,5,HOECHST,3449.025390625,150.4000611156082
G10,5,MITO,67605.875,3742.0173455893987
G10,5,PHAandWGA,23201.029296875,1202.2479228748416
G10,5,SYTO,14347.875,717.4815475834542
G10,6,CONC,7423.8984375,268.2842013052287
G10,6,HOECHST,3640.178955078125,151.8050600320305
G10,6,MITO,69299.234375,3683.4792929131427
G10,6,PHAandWGA,25054.734375,1209.112875400325
G10,6,SYTO,14978.0791015625,713.5206652908932
G10,7,CONC,7566.7919921875,256.96400750620967
G10,7,HOECHST,3779.07470703125,146.5650926840107
G10,7,MITO,71134.015625,3595.6960161123798
G10,7,PHAandWGA,26361.39453125,1177.96559904467
G10,7,SYTO,14903.23828125,681.3614119898216
G10,8,CONC,7839.0712890625,247.99140295582308
G10,8,HOECHST,3853.47607421875,137.13968268897656
G10,8,MITO,74319.84375,3509.0213452557296
G10,8,PHAandWGA,27219.859375,1136.1998589781392
G10,8,SYTO,14570.9482421875,642.6200711184699
G10,9,CONC,7799.93603515625,235.84756648461195
G10,9,HOECHST,3923.95556640625,132.09035944208202
G10,9,MITO,74973.84375,3414.6650353404707
G10,9,PHAandWGA,28426.8125,1085.0568551886658
G10,9,SYTO,14160.9921875,605.791001773702
G10,10,CONC,7830.3818359375,222.65117719166733
G10,10,HOECHST,3907.94091796875,122.71197732877984
G10,10,MITO,75831.59375,3281.6716070721095
G10,10,PHAandWGA,28164.37890625,1041.8744187918442
G10,10,SYTO,13716.4697265625,574.2398755519052
G10,11,CONC,7718.142578125,209.55174069868755
G10,11,HOECHST,3917.91162109375,116.22620734453346
G10,11,MITO,75259.546875,3159.7696256475065
G10,11,PHAandWGA,28466.462890625,992.7617086339366
G10,11,SYTO,13285.5771484375,536.5316349217993
G10,12,CONC,7688.751953125,196.34243599200576
G10,12,HOECHST,3903.1572265625,108.96276949602209
G10,12,MITO,75787.4375,3029.1237837429553
G10,12,PHAandWGA,27851.435546875,942.0199246401985
G10,12,SYTO,13000.0087890625,505.07904879902657
G10,13,CONC,7622.2529296875,186.3824301820546
G10,13,HOECHST,3861.81494140625,101.23546208993557
G10,13,MITO,74945.890625,2923.6167892405674
G10,13,PHAandWGA,27833.59375,905.0755146737432
G10,13,SYTO,12734.97265625,480.4178852298347
G10,14,CONC,7504.2548828125,177.97331298339117
G10,14,HOECHST,3814.824951171875,96.16168814042267
G10,14,MITO,74082.828125,2832.1222921470244
G10,14,PHAandWGA,27614.669921875,876.79603518613
G10,14,SYTO,12487.28125,461.3525176096665
G10,15,CONC,7467.5205078125,170.46933974344137
G10,15,HOECHST,3778.8447265625,90.99181155761406
G10,15,MITO,73291.9375,2727.640718873579
G10,15,PHAandWGA,27124.0,849.5485300440819
G10,15,SYTO,12272.708984375,439.55405724376624
G11,0,CONC,3547.125244140625,200.78943769110722
G11,0,HOECHST,2181.05224609375,136.35799721953163
G11,0,MITO,40450.0703125,4167.225951406945
G11,0,PHAandWGA,12671.181640625,1262.0451767120314
G11,0,SYTO,8274.98046875,857.6323060203687
G11,1,CONC,4157.21435546875,281.55938787241337
G11,1,HOECHST,2626.7783203125,213.8100984445573
G11,1,MITO,44492.0625,5063.757005761495
G11,1,PHAandWGA,14914.6767578125,1612.0564088066174
G11,1,SYTO,10587.1923828125,1183.2583197335669
G11,2,CONC,4662.84765625,329.26670846501906
G11,2,HOECHST,2950.29248046875,253.05652753850228
G11,2,MITO,48052.08984375,5503.637501715914
G11,2,PHAandWGA,16950.224609375,1815.82144169182
G11,2,SYTO,12568.4140625,1331.107617534762
G11,3,CONC,4928.7431640625,342.3134362501853
G11,3,HOECHST,3142.958984375,258.75221494670353
G11,3,MITO,49763.484375,5619.513049614276
G11,3,PHAandWGA,18469.583984375,1872.1289613843735
G11,3,SYTO,13643.3154296875,1343.5521603441105
G11,4,CONC,5056.833984375,338.4306802457345
G11,4,HOECHST,3178.880615234375,246.89340430421785
G11,4,MITO,51639.20703125,5682.412287247788
G11,4,PHAandWGA,19407.072265625,1857.1344042732262
G11,4,SYTO,14857.93359375,1292.9023895246273
G11,5,CONC,5072.9462890625,320.02157219296305
G11,5,HOECHST,3195.78369140625,228.67535750353517
G11,5,MITO,52526.47265625,5545.536706861277
G11,5,PHAandWGA,20009.453125,1789.3227952717675
G11,5,SYTO,15457.0771484375,1214.2724284552312
G11,6,CONC,5019.13134765625,299.5413959311208
G11,6,HOECHST,3195.7822265625,214.13065268314813
G11,6,MITO,53584.625,5386.413965608689
G11,6,PHAandWGA,20953.8359375,1715.7915152702822
G11,6,SYTO,15689.23046875,1133.1258381990795
G11,7,CONC,4991.224609375,282.2238235802289
G11,7,HOECHST,3204.0224609375,199.5818834042059
G11,7,MITO,53808.39453125,5246.287696457228
G11,7,PHAandWGA,21044.31640625,1644.9784793292326
G11,7,SYTO,15239.4873046875,1058.4070771364024
G11,8,CONC,4909.33984375,267.84007587007005
G11,8,HOECHST,3095.7392578125,180.70348768385324
G11,8,MITO,53556.21875,5126.53401156231
G11,8,PHAandWGA,21093.16796875,1586.125231354994
G11,8,SYTO,14353.91796875,983.5092528029734
G11,9,CONC,4761.40283203125,248.61840028983568
G11,9,HOECHST,2990.962890625,163.59084554147336
G11,9,MITO,53282.76171875,4960.488512928584
G11,9,PHAandWGA,20846.72265625,1511.6054258266508
G11,9,SYTO,12688.7353515625,903.0736824473365
G11,10,CONC,4662.62890625,230.53633156628138
G11,10,HOECHST,2934.567138671875,149.51887299227053
G11,10,MITO,52887.0546875,4804.0686039587745
G11,10,PHAandWGA,20230.30859375,1431.1096437923115
G11,10,SYTO,11368.9169921875,829.2368990605548
G11,11,CONC,4577.20166015625,214.62036695184833
G11,11,HOECHST,2888.511474609375,138.05809555682444
G11,11,MITO,51791.0703125,4587.665068104204
G11,11,PHAandWGA,19520.6328125,1355.896556803881
G11,11,SYTO,10602.59765625,767.4793953581953
G11,12,CONC,4565.353515625,200.2008863581741
G11,12,HOECHST,2877.729248046875,128.6352782651918
G11,12,MITO,51794.95703125,4393.83281455714
G11,12,PHAandWGA,19276.876953125,1273.794658809789
G11,12,SYTO,10124.884765625,712.3575597123346
G11,13,CONC,4557.80615234375,186.79504832040985
G11,13,HOECHST,2866.03515625,119.24051927508619
G11,13,MITO,51562.2578125,4162.862217501492
G11,13,PHAandWGA,18634.431640625,1195.3328462945128
G11,13,SYTO,9835.228515625,659.5097398465406
G11,14,CONC,4564.1845703125,174.31474715804276
G11,14,HOECHST,2878.745849609375,110.18148426915948
G11,14,MITO,50818.6796875,3922.344085144595
G11,14,PHAandWGA,18503.796875,1116.7867355370893
G11,14,SYTO,9632.845703125,608.5370459034923
G11,15,CONC,4566.7529296875,162.6221191937227
G11,15,HOECHST,2922.158203125,102.47980772790798
G11,15,MITO,50720.40625,3651.695939059833
G11,15,PHAandWGA,18133.79296875,1039.9151860955626
G11,15,SYTO,9436.55859375,558.3255258165843
G12,0,CONC,6213.14404296875,105.3374800644375
G12,0,HOECHST,3401.7099609375,66.83789729553793
G12,0,MITO,70348.28125,1869.8965426576642
G12,0,PHAandWGA,28817.642578125,785.9398862656267
G12,0,SYTO,18524.44921875,546.1757709525364
G12,1,CONC,7122.2548828125,160.85989639894723
G12,1,HOECHST,3739.36474609375,97.84942900610659
G12,1,MITO,76167.515625,2543.107653892877
G12,1,PHAandWGA,31649.046875,1069.6485536377809
G12,1,SYTO,21040.80859375,796.4532655309333
G12,2,CONC,8277.244140625,229.04299798913058
G12,2,HOECHST,4283.24560546875,142.07461725206483
G12,2,MITO,83798.5234375,3188.4861645213414
G12,2,PHAandWGA,35097.1171875,1380.6640330635857
G12,2,SYTO,24920.73046875,1089.1541001046849
G12,3,CONC,9218.6298828125,262.0642478803403
G12,3,HOECHST,4849.59814453125,175.94683042371872
G12,3,MITO,90722.8671875,3455.6563052954766
G12,3,PHAandWGA,38616.5,1539.9213095062653
G12,3,SYTO,28252.775390625,1234.414468499616
G12,4,CONC,9819.21875,263.06561781547646
G12,4,HOECHST,5259.24755859375,187.12060082152314
G12,4,MITO,94667.671875,3529.497833879824
G12,4,PHAandWGA,41133.1484375,1584.8428301324038
G12,4,SYTO,31399.447265625,1255.357201834251
G12,5,CONC,10074.462890625,252.44191981346165
G12,5,HOECHST,5472.291015625,183.13823601218027
G12,5,MITO,98299.65625,3441.940732012141
G12,5,PHAandWGA,43151.69921875,1568.3361414612414
G12,5,SYTO,33034.7578125,1220.0736746107002
G12,6,CONC,10256.2255859375,239.2763292381336
G12,6,HOECHST,5617.5126953125,176.17509524842106
G12,6,MITO,101113.390625,3337.5722524872745
G12,6,PHAandWGA,45688.90625,1534.7773855617108
G12,6,SYTO,34518.1875,1164.0008762345183
G12,7,CONC,10469.8076171875,225.6513393804732
G12,7,HOECHST,5795.8662109375,167.25152574536415
G12,7,MITO,103864.3125,3212.2338655418866
G12,7,PHAandWGA,47448.39453125,1475.9189680177558
G12,7,SYTO,36794.39453125,1098.4934375480827
G12,8,CONC,10613.5029296875,213.3696891019036
G12,8,HOECHST,5979.00146484375,161.0521918672642
G12,8,MITO,106153.1953125,3095.626448049941
G12,8,PHAandWGA,49372.828125,1411.5925083085358
G12,8,SYTO,38276.8515625,1040.475873815581
G12,9,CONC,10572.544921875,199.10667324292064
G12,9,HOECHST,5944.337890625,150.47040228532373
G12,9,MITO,106112.546875,2968.239086834773
G12,9,PHAandWGA,49325.1875,1354.1465675732497
G12,9,SYTO,38111.0859375,975.0584076071094
G12,10,CONC,10502.2080078125,183.3050220870817
G12,10,HOECHST,5993.4033203125,139.15506105288384
G12,10,MITO,106809.8125,2843.6128811082895
G12,10,PHAandWGA,49981.515625,1293.2568469506805
G12,10,SYTO,38565.53125,916.3929456375179
G12,11,CONC,10403.884765625,169.54812696812527
G12,11,HOECHST,6007.06201171875,129.75333718936216
G12,11,MITO,106150.453125,2681.685821346399
G12,11,PHAandWGA,50365.6875,1223.954597178987
G12,11,SYTO,39000.0390625,852.3049220503896
G12,12,CONC,10422.08984375,158.00631388075342
G12,12,HOECHST,6013.931640625,119.6619633425113
G12,12,MITO,108150.0625,2592.9749057764
G12,12,PHAandWGA,51322.34375,1165.8564801750001
G12,12,SYTO,39942.0078125,791.7726299041713
G12,13,CONC,10316.638671875,148.06283866124173
G12,13,HOECHST,6025.2568359375,111.69158692668567
G12,13,MITO,108067.6328125,2495.8414920639243
G12,13,PHAandWGA,51655.9140625,1114.3553841231894
G12,13,SYTO,40091.109375,745.5518460994057
G12,14,CONC,10305.236328125,139.96076998463244
G12,14,HOECHST,6011.9921875,105.82140158378938
G12,14,MITO,109449.6875,2388.7426053013196
G12,14,PHAandWGA,52006.453125,1072.0608769814767
G12,14,SYTO,39190.49609375,704.5237289116651
G12,15,CONC,10297.224609375,132.2229321020201
G12,15,HOECHST,6002.1728515625,99.93638757278264
G12,15,MITO,108176.109375,2290.8183556882127
G12,15,PHAandWGA,50991.5625,1027.5176105334779
G12,15,SYTO,39477.5,667.5355715827296
G13,0,CONC,2845.7744140625,106.11630723528052
G13,0,HOECHST,2297.87841796875,106.25390670499417
G13,0,MITO,40639.46875,3203.871026981711
G13,0,PHAandWGA,13203.5888671875,980.7925598856959
G13,0,SYTO,6514.2568359375,502.47584614656324
G13,1,CONC,3581.76708984375,210.13693136075233
G13,1,HOECHST,2917.04345703125,234.66427807233973
G13,1,MITO,48233.87109375,5311.600703757365
G13,1,PHAandWGA,15936.361328125,1625.5025806367537
G13,1,SYTO,9890.986328125,977.4715290860232
G13,2,CONC,4189.482421875,278.8459121631319
G13,2,HOECHST,3668.255859375,363.26224412519457
G13,2,MITO,55077.53125,6448.266595619974
G13,2,PHAandWGA,18863.615234375,2081.581491513026
G13,2,SYTO,12375.0712890625,1308.040042523744
G13,3,CONC,4706.3056640625,314.5028144544665
G13,3,HOECHST,4064.482421875,396.82439982938695
G13,3,MITO,60062.46875,6961.29447525381
G13,3,PHAandWGA,21497.05859375,2327.364269295033
G13,3,SYTO,14613.326171875,1429.9200280514601
G13,4,CONC,5046.5185546875,325.0309813816221
G13,4,HOECHST,4401.8701171875,404.5806976324996
G13,4,MITO,63417.46875,6983.423860479255
G13,4,PHAandWGA,23672.849609375,2364.238860850311
G13,4,SYTO,16171.658203125,1441.8475623040042
G13,5,CONC,5215.56884765625,319.41142640688605
G13,5,HOECHST,4631.64208984375,404.7083294053754
G13,5,MITO,66617.765625,6862.335995173435
G13,5,PHAandWGA,25565.60546875,2396.8564229411295
G13,5,SYTO,17484.056640625,1415.8644388183336
G13,6,CONC,5317.31689453125,308.1410783517737
G13,6,HOECHST,4759.94677734375,388.19896781792954
G13,6,MITO,68229.5546875,6647.51064041507
G13,6,PHAandWGA,27027.0703125,2471.542846703402
G13,6,SYTO,18609.47265625,1384.4320149109603
G13,7,CONC,5332.1953125,294.41433495097834
G13,7,HOECHST,4707.2265625,358.676713083672
G13,7,MITO,69421.078125,6456.519991266397
G13,7,PHAandWGA,28253.42578125,2396.0684591207537
G13,7,SYTO,19459.94140625,1311.0162387892306
G13,8,CONC,5212.88916015625,273.80795139592806
G13,8,HOECHST,4534.6416015625,318.9667927782431
G13,8,MITO,68669.9765625,6173.831113475543
G13,8,PHAandWGA,28076.22265625,2249.5791822060487
G13,8,SYTO,19200.142578125,1215.0266922875487
G13,9,CONC,5025.0654296875,252.90531288698523
G13,9,HOECHST,4297.1845703125,284.46801309150715
G13,9,MITO,67160.5,5932.335775411006
G13,9,PHAandWGA,27578.974609375,2133.790940532905
G13,9,SYTO,18766.77734375,1124.6424283194574
G13,10,CONC,4893.7451171875,236.19559723554693
G13,10,HOECHST,4173.3505859375,263.26019861856014
G13,10,MITO,66099.671875,5705.422907319135
G13,10,PHAandWGA,26372.953125,2027.727595040364
G13,10,SYTO,17727.8203125,1051.9191299125048
G13,11,CONC,4721.9912109375,217.9260976797364
G13,11,HOECHST,4004.712890625,239.6316444492701
G13,11,MITO,64994.5625,5469.8921870271215
G13,11,PHAandWGA,25511.16796875,1929.0755521556844
G13,11,SYTO,16493.05859375,973.3394680166907
G13,12,CONC,4561.015625,200.27299242292295
G13,12,HOECHST,3888.46533203125,217.09037190748987
G13,12,MITO,63284.69921875,5176.907690104976
G13,12,PHAandWGA,24777.8515625,1820.702222631497
G13,12,SYTO,14898.900390625,893.1173976535749
G13,13,CONC,4438.384765625,183.02231543870462
G13,13,HOECHST,3737.03955078125,191.38031591769237
G13,13,MITO,61116.3203125,4875.2974407188785
G13,13,PHAandWGA,23633.859375,1715.7909540913731
G13,13,SYTO,13761.0595703125,818.9149466927088
G13,14,CONC,4301.275390625,166.06251092178854
G13,14,HOECHST,3663.44580078125,172.44368844798586
G13,14,MITO,59569.5546875,4507.248658535205
G13,14,PHAandWGA,22441.53515625,1566.7171077480327
G13,14,SYTO,12671.931640625,739.9945529451476
G13,15,CONC,4283.7060546875,150.29241792824084
G13,15,HOECHST,3627.2646484375,154.844282775469
G13,15,MITO,57641.5234375,4062.675016973937
G13,15,PHAandWGA,21292.78125,1406.0545659310749
G13,15,SYTO,11810.42578125,659.0293762856754
G14,0,CONC,5645.328125,84.32111701855756
G14,0,HOECHST,4517.78125,98.76026922010298
G14,0,MITO,69463.9375,1703.489902831517
G14,0,PHAandWGA,29070.224609375,751.3954461991477
G14,0,SYTO,18676.96484375,504.68335346652344
G14,1,CONC,6441.90234375,129.0340190939143
G14,1,HOECHST,4955.1689453125,139.53669978910025
G14,1,MITO,75759.59375,2234.4185026661303
G14,1,PHAandWGA,31994.685546875,1003.0439863756892
G14,1,SYTO,21064.140625,735.016860293857
G14,2,CONC,7415.1396484375,183.3930493804821
G14,2,HOECHST,5710.92529296875,217.21898724790663
G14,2,MITO,82188.828125,2878.4942260150942
G14,2,PHAandWGA,34948.91796875,1311.555987018877
G14,2,SYTO,24665.734375,1028.4090519336635
G14,3,CONC,8280.1787109375,219.6170957750622
G14,3,HOECHST,6389.70703125,254.1869828128725
G14,3,MITO,88985.546875,3360.48242814041
G14,3,PHAandWGA,38484.6015625,1563.0315752435422
G14,3,SYTO,28380.46484375,1204.0955453670222
G14,4,CONC,8900.0,237.35552582216977
G14,4,HOECHST,7122.927734375,287.1526898544568
G14,4,MITO,93907.796875,3570.9718150344956
G14,4,PHAandWGA,42130.9765625,1675.0631709823294
G14,4,SYTO,31759.068359375,1285.4044635665039
G14,5,CONC,9512.8173828125,243.26011904771875
G14,5,HOECHST,7585.67529296875,301.15368803727404
G14,5,MITO,100044.328125,3638.9995864226544
G14,5,PHAandWGA,45524.12109375,1734.9362340961666
G14,5,SYTO,34198.421875,1302.1242970164838
G14,6,CONC,9958.361328125,241.91057547860953
G14,6,HOECHST,7962.0126953125,300.41608519198826
G14,6,MITO,104554.59375,3627.010958316127
G14,6,PHAandWGA,48472.41796875,1762.9153127854252
G14,6,SYTO,36580.625,1277.9179309623444
G14,7,CONC,10247.08203125,231.69221493248784
G14,7,HOECHST,8272.310546875,291.8273046861658
G14,7,MITO,106721.0390625,3503.550302183657
G14,7,PHAandWGA,50603.4296875,1703.0081198824894
G14,7,SYTO,38362.71875,1214.248255992189
G14,8,CONC,10487.654296875,216.8056372939333
G14,8,HOECHST,8561.4541015625,275.3138312277228
G14,8,MITO,110087.9140625,3361.1181123014208
G14,8,PHAandWGA,52220.2734375,1606.5373570186268
G14,8,SYTO,40221.9296875,1128.9108221377494
G14,9,CONC,10623.732421875,200.48788090932302
G14,9,HOECHST,8702.3876953125,253.3466629724896
G14,9,MITO,114504.5703125,3216.096592700448
G14,9,PHAandWGA,53614.6875,1509.7610151281046
G14,9,SYTO,40967.6953125,1039.2650260848768
G14,10,CONC,10597.220703125,186.25642530366744
G14,10,HOECHST,8843.1396484375,238.7238698975164
G14,10,MITO,115339.3125,3081.5307961886747
G14,10,PHAandWGA,54571.578125,1416.15590516432
G14,10,SYTO,42349.4921875,963.830437568494
G14,11,CONC,10542.1806640625,173.7111669552013
G14,11,HOECHST,8838.857421875,223.58246176470803
G14,11,MITO,116831.890625,2982.979652752813
G14,11,PHAandWGA,54695.0078125,1341.338521476264
G14,11,SYTO,42214.08203125,900.6623064772223
G14,12,CONC,10406.9921875,162.16904833414654
G14,12,HOECHST,8730.0205078125,209.6677117737899
G14,12,MITO,118460.734375,2883.201169043069
G14,12,PHAandWGA,56062.46875,1286.628091814267
G14,12,SYTO,42228.859375,849.3857831866329
G14,13,CONC,10324.9453125,151.50700967457132
G14,13,HOECHST,8689.7548828125,195.72713142963934
G14,13,MITO,118999.984375,2777.334031805599
G14,13,PHAandWGA,55575.3984375,1233.497579490344
G14,13,SYTO,41238.140625,798.429027530314
G14,14,CONC,10242.8369140625,143.56599177361878
G14,14,HOECHST,8586.876953125,183.70182116619534
G14,14,MITO,119591.5625,2698.4477279945904
G14,14,PHAandWGA,55635.99609375,1190.5306820570618
G14,14,SYTO,41116.3203125,754.7071268050973
G14,15,CONC,10173.7255859375,136.58027290879338
G14,15,HOECHST,8559.2900390625,173.03814296812348
G14,15,MITO,120373.1484375,2613.58706524337
G14,15,PHAandWGA,55637.3828125,1163.8336197626038
G14,15,SYTO,40258.27734375,722.4755765345906
G15,0,CONC,2449.645263671875,87.59709881550849
G15,0,HOECHST,2023.457763671875,90.84092273780384
G15,0,MITO,32858.69921875,2950.1200529041143
G15,0,PHAandWGA,11036.0927734375,867.395269623767
G15,0,SYTO,5599.072265625,455.11330371082283
G15,1,CONC,2784.67236328125,137.90455019105738
G15,1,HOECHST,2293.156982421875,141.7876504250689
G15,1,MITO,36692.453125,3956.2489896211778
G15,1,PHAandWGA,12753.4140625,1241.2663772655958
G15,1,SYTO,7399.6982421875,700.7055989546282
G15,2,CONC,3181.97607421875,187.43294485951674
G15,2,HOECHST,2688.701904296875,209.73877576989264
G15,2,MITO,41251.4375,4835.7780415701
G15,2,PHAandWGA,14599.380859375,1595.141665214199
G15,2,SYTO,9589.845703125,964.9588686578547
G15,3,CONC,3463.730224609375,212.5266882967558
G15,3,HOECHST,2994.9345703125,254.97377313638884
G15,3,MITO,43920.9140625,5192.27445960059
G15,3,PHAandWGA,16160.23828125,1791.934636741685
G15,3,SYTO,11215.8232421875,1097.2118297946356
G15,4,CONC,3683.67138671875,224.22828803152663
G15,4,HOECHST,3237.2470703125,273.19840316193034
G15,4,MITO,45929.90625,5369.528790491423
G15,4,PHAandWGA,17496.4453125,1883.0600783052553
G15,4,SYTO,12423.224609375,1144.5029508171856
G15,5,CONC,3766.20166015625,228.26192613097103
G15,5,HOECHST,3436.15966796875,279.0908625882934
G15,5,MITO,47003.203125,5442.289066774954
G15,5,PHAandWGA,18935.302734375,1924.9433090876023
G15,5,SYTO,13411.755859375,1144.2828620287455
G15,6,CONC,3871.1552734375,228.3160086607095
G15,6,HOECHST,3493.569091796875,275.75808391899807
G15,6,MITO,48177.12890625,5447.465064769004
G15,6,PHAandWGA,19561.001953125,1953.0074861329394
G15,6,SYTO,13934.576171875,1126.2521931016668
G15,7,CONC,3899.363525390625,223.99835128472358
G15,7,HOECHST,3541.798095703125,273.01776066358156
G15,7,MITO,48822.328125,5442.725059980233
G15,7,PHAandWGA,20169.318359375,1933.9750181291909
G15,7,SYTO,13990.34765625,1089.7070025469325
G15,8,CONC,3927.869140625,216.88462983768326
G15,8,HOECHST,3565.755615234375,262.56543042872295
G15,8,MITO,50169.6953125,5368.82789322422
G15,8,PHAandWGA,20477.9296875,1887.1440193553206
G15,8,SYTO,13754.9287109375,1041.0317571762164
G15,9,CONC,3927.24462890625,208.88609035167553
G15,9,HOECHST,3536.5966796875,248.44223987607575
G15,9,MITO,50305.9609375,5275.354616064772
G15,9,PHAandWGA,20663.40625,1830.016323453151
G15,9,SYTO,13272.03515625,988.1224145065802
G15,10,CONC,3892.18359375,200.65576506707777
G15,10,HOECHST,3475.93408203125,234.3969559219479
G15,10,MITO,50603.90234375,5169.36214647326
G15,10,PHAandWGA,20597.998046875,1764.7281135184082
G15,10,SYTO,12471.697265625,931.9445671995471
G15,11,CONC,3839.5224609375,191.31005170778704
G15,11,HOECHST,3424.390625,220.21631894588435
G15,11,MITO,50561.234375,5059.729058671429
G15,11,PHAandWGA,20354.857421875,1715.9439805836016
G15,11,SYTO,11760.7939453125,881.4243161283014
G15,12,CONC,3823.17529296875,181.08643198096362
G15,12,HOECHST,3350.486328125,205.25638658988143
G15,12,MITO,50808.6953125,4910.917473772723
G15,12,PHAandWGA,20104.0234375,1652.741288368393
G15,12,SYTO,11078.80859375,826.3954312648888
G15,13,CONC,3771.29638671875,169.41194032746856
G15,13,HOECHST,3353.673583984375,191.65078297688277
G15,13,MITO,49958.6171875,4694.338320394721
G15,13,PHAandWGA,19726.279296875,1566.7537460680178
G15,13,SYTO,10372.1884765625,770.2908553551597
G15,14,CONC,3762.28076171875,158.49806824281535
G15,14,HOECHST,3316.09375,177.41918021452236
G15,14,MITO,50321.2734375,4461.064020259087
G15,14,PHAandWGA,19402.470703125,1466.1614629192745
G15,14,SYTO,9889.7333984375,713.0817071438848
G15,15,CONC,3768.623779296875,147.78694809174513
G15,15,HOECHST,3311.880126953125,162.7619929783885
G15,15,MITO,49985.47265625,4188.43203263622
G15,15,PHAandWGA,18611.384765625,1350.3726727642877
G15,15,SYTO,9642.173828125,657.3284765941394
G16,0,CONC,1253.6021728515625,57.851456264383266
G16,0,HOECHST,1368.0208740234375,86.53592391079185
G16,0,MITO,15210.552734375,2582.994915696015
G16,0,PHAandWGA,3989.66552734375,483.0676154248169
G16,0,SYTO,2398.1884765625,283.38945871660894
G16,1,CONC,1316.5386962890625,68.01113510414379
G16,1,HOECHST,1440.33544921875,101.7286058202887
G16,1,MITO,15754.3984375,2812.2223522775894
G16,1,PHAandWGA,4367.72265625,558.4484679656829
G16,1,SYTO,2540.20751953125,326.99097017462526
G16,2,CONC,1392.469482421875,79.61239424441573
G16,2,HOECHST,1525.590576171875,120.53149387897076
G16,2,MITO,16373.73046875,3100.796138310701
G16,2,PHAandWGA,4739.50927734375,641.0766294018342
G16,2,SYTO,2729.730224609375,377.1656422589695
G16,3,CONC,1463.41796875,89.96789585031361
G16,3,HOECHST,1622.522705078125,137.94619212735049
G16,3,MITO,17285.595703125,3324.1988916727782
G16,3,PHAandWGA,5090.42919921875,709.963806131287
G16,3,SYTO,2883.1494140625,416.0808706469797
G16,4,CONC,1513.269287109375,96.48759436852328
G16,4,HOECHST,1686.016845703125,147.77416202571254
G16,4,MITO,17735.671875,3452.540746399383
G16,4,PHAandWGA,5343.43115234375,749.6066850510821
G16,4,SYTO,2994.732421875,438.91756374821387
G16,5,CONC,1566.796142578125,100.05461110321407
G16,5,HOECHST,1708.5772705078125,152.11029320877356
G16,5,MITO,18287.689453125,3495.760102363933
G16,5,PHAandWGA,5543.8154296875,772.5618273009446
G16,5,SYTO,3035.390625,446.5310543994927
G16,6,CONC,1596.3768310546875,101.91732030451199
G16,6,HOECHST,1751.520751953125,152.3613632053497
G16,6,MITO,18445.9140625,3482.539881342387
G16,6,PHAandWGA,5716.755859375,786.8317778086473
G16,6,SYTO,3104.292236328125,450.1891157021052
G16,7,CONC,1608.373046875,101.9129609077226
G16,7,HOECHST,1774.0263671875,151.29936073613538
G16,7,MITO,18745.73828125,3470.8587790657266
G16,7,PHAandWGA,5844.32470703125,781.2418574670578
G16,7,SYTO,3198.48583984375,445.582532150563
G16,8,CONC,1640.42138671875,100.34967596727232
G16,8,HOECHST,1801.9144287109375,148.09390201985042
G16,8,MITO,18888.720703125,3408.7905627969003
G16,8,PHAandWGA,5801.16943359375,755.9155941346615
G16,8,SYTO,3185.50732421875,431.4147868439991
G16,9,CONC,1647.397705078125,97.33717992047696
G16,9,HOECHST,1798.495849609375,142.24671094437073
G16,9,MITO,19153.3515625,3299.0877360212007
G16,9,PHAandWGA,5865.8310546875,723.7060540236455
G16,9,SYTO,3159.5546875,414.75663105125597
G16,10,CONC,1660.254638671875,93.83182736109174
G16,10,HOECHST,1819.8914794921875,135.3713917730174
G16,10,MITO,19321.18359375,3157.88097516656
G16,10,PHAandWGA,5740.2275390625,687.0460370559615
G16,10,SYTO,3205.5654296875,394.22813376399733
G16,11,CONC,1685.45263671875,89.55381026099604
G16,11,HOECHST,1825.681884765625,128.0024188618364
G16,11,MITO,19286.044921875,2996.1428028342298
G16,11,PHAandWGA,5612.5703125,643.2299891929522
G16,11,SYTO,3202.136474609375,370.6295356695678
G16,12,CONC,1695.2685546875,85.10301425316092
G16,12,HOECHST,1860.8582763671875,120.74262748038672
G16,12,MITO,19595.67578125,2838.5160347585625
G16,12,PHAandWGA,5507.818359375,603.5719387350956
G16,12,SYTO,3237.22021484375,347.9394981531028
G16,13,CONC,1707.5545654296875,80.3940531597819
G16,13,HOECHST,1879.7197265625,112.49209914875809
G16,13,MITO,19774.90625,2646.914581872477
G16,13,PHAandWGA,5359.8310546875,558.8731228749534
G16,13,SYTO,3255.90625,323.5379645978277
G16,14,CONC,1729.572998046875,75.74068798292986
G16,14,HOECHST,1900.10693359375,105.57692480386847
G16,14,MITO,20028.56640625,2468.3985459487635
G16,14,PHAandWGA,5273.5947265625,520.6753230182011
G16,14,SYTO,3287.09521484375,301.00942551645596
G16,15,CONC,1750.1773681640625,70.76903305725328
G16,15,HOECHST,1928.9635009765625,97.67602704499483
G16,15,MITO,20231.642578125,2268.471859781471
G16,15,PHAandWGA,5242.76416015625,480.13902291944504
G16,15,SYTO,3309.77587890625,276.3764018838037
G17,0,CONC,1986.7659912109375,95.64655051022767
G17,0,HOECHST,1850.0682373046875,112.52524368262453
G17,0,MITO,25971.947265625,3135.9155945700613
G17,0,PHAandWGA,7390.2021484375,748.3856706846211
G17,0,SYTO,3847.884765625,411.86948992070734
G17,1,CONC,2216.02294921875,136.19290695405158
G17,1,HOECHST,2104.8642578125,168.41154790132126
G17,1,MITO,28363.84375,3877.89772298501
G17,1,PHAandWGA,8659.25390625,1010.4450131517087
G17,1,SYTO,4697.14892578125,576.4027629705874
G17,2,CONC,2459.768310546875,172.52650855124082
G17,2,HOECHST,2407.0732421875,222.13565673882187
G17,2,MITO,30866.7265625,4517.536686780129
G17,2,PHAandWGA,9775.0703125,1230.1967764793967
G17,2,SYTO,5825.18896484375,720.4750326798247
G17,3,CONC,2661.837890625,192.83040561357362
G17,3,HOECHST,2600.0556640625,252.58006370648485
G17,3,MITO,32979.203125,4826.7506602485955
G17,3,PHAandWGA,10802.7705078125,1362.6262863991562
G17,3,SYTO,6503.4873046875,793.897109867607
G17,4,CONC,2753.78662109375,201.963509206947
G17,4,HOECHST,2728.974365234375,263.4313537501569
G17,4,MITO,34277.6015625,4989.138729333948
G17,4,PHAandWGA,11767.07421875,1431.787793700062
G17,4,SYTO,6859.3193359375,819.007874172125
G17,5,CONC,2840.43505859375,204.68791587810475
G17,5,HOECHST,2801.1650390625,261.96875299537396
G17,5,MITO,35047.15625,5062.286381628689
G17,5,PHAandWGA,12382.8212890625,1469.1435094557967
G17,5,SYTO,6858.7568359375,817.7035393678043
G17,6,CONC,2899.6484375,204.17931188465678
G17,6,HOECHST,2814.84423828125,255.80632994289658
G17,6,MITO,35397.64453125,5105.596283016262
G17,6,PHAandWGA,12625.6787109375,1477.2372920884338
G17,6,SYTO,6731.177734375,801.6404994785569
G17,7,CONC,2901.257080078125,199.99229197073566
G17,7,HOECHST,2820.49365234375,248.97026534927858
G17,7,MITO,35717.4453125,5079.720074042791
G17,7,PHAandWGA,12958.287109375,1466.5477623723834
G17,7,SYTO,6602.9951171875,781.7484958546737
G17,8,CONC,2908.4111328125,193.59225956807867
G17,8,HOECHST,2822.398681640625,238.8137767777958
G17,8,MITO,36353.3671875,5020.534044675597
G17,8,PHAandWGA,13001.0087890625,1449.2130305137623
G17,8,SYTO,6422.7685546875,753.6324226042574
G17,9,CONC,2882.984375,185.10488430516693
G17,9,HOECHST,2773.6845703125,224.71330952706953
G17,9,MITO,36273.7109375,4899.363090155484
G17,9,PHAandWGA,12647.3310546875,1421.2919950972112
G17,9,SYTO,6252.4736328125,717.4946276032939
G17,10,CONC,2856.21630859375,175.36869509635255
G17,10,HOECHST,2712.7509765625,208.50828483095225
G17,10,MITO,35925.70703125,4744.254993534437
G17,10,PHAandWGA,12451.853515625,1357.1899328559052
G17,10,SYTO,5999.7392578125,674.9429408511955
G17,11,CONC,2827.089599609375,165.69729280890041
G17,11,HOECHST,2683.25,192.92581715657383
G17,11,MITO,35416.078125,4555.466516368562
G17,11,PHAandWGA,12005.54296875,1252.8298644410577
G17,11,SYTO,5750.0048828125,627.6519415267844
G17,12,CONC,2797.76953125,155.48456129692013
G17,12,HOECHST,2649.407958984375,177.9363276572198
G17,12,MITO,35498.06640625,4315.427027612637
G17,12,PHAandWGA,11679.921875,1153.3647969817355
G17,12,SYTO,5599.64013671875,580.6033500745576
G17,13,CONC,2799.14990234375,144.9235438562369
G17,13,HOECHST,2654.8798828125,163.8804595014291
G17,13,MITO,34932.07421875,4025.3373271229007
G17,13,PHAandWGA,11312.115234375,1047.5126699830603
G17,13,SYTO,5533.1015625,532.2583145207094
G17,14,CONC,2805.708984375,134.42159984822516
G17,14,HOECHST,2674.90234375,151.10272937732248
G17,14,MITO,34888.18359375,3709.1487869284597
G17,14,PHAandWGA,10998.537109375,945.5102789546261
G17,14,SYTO,5474.3720703125,485.63213684505206
G17,15,CONC,2837.4326171875,124.75664867026276
G17,15,HOECHST,2715.036865234375,138.73152227238913
G17,15,MITO,35041.75390625,3382.266174229086
G17,15,PHAandWGA,10742.140625,852.6049442036508
G17,15,SYTO,5446.3291015625,440.5750592632429
G18,0,CONC,1924.964599609375,72.95202881966723
G18,0,HOECHST,1774.2232666015625,83.59039552271028
G18,0,MITO,29016.8359375,3103.0609223829183
G18,0,PHAandWGA,8328.0888671875,750.2894446211656
G18,0,SYTO,4230.20654296875,390.7447027521136
G18,1,CONC,2259.594482421875,128.8894612940429
G18,1,HOECHST,2086.640625,162.76821611495407
G18,1,MITO,33094.69921875,4565.0576216579375
G18,1,PHAandWGA,9783.5419921875,1202.2102607012146
G18,1,SYTO,6017.9775390625,694.3694502819418
G18,2,CONC,2656.8291015625,188.7484678900126
G18,2,HOECHST,2520.17236328125,258.02930885933574
G18,2,MITO,37722.9453125,5807.950908711072
G18,2,PHAandWGA,11684.986328125,1589.818926823036
G18,2,SYTO,7956.2265625,998.3412175656844
G18,3,CONC,2955.46337890625,225.77542733737525
G18,3,HOECHST,2874.509521484375,308.7343110492521
G18,3,MITO,41297.83984375,6404.423836140645
G18,3,PHAandWGA,13451.50390625,1808.8471250799926
G18,3,SYTO,9500.08984375,1140.851303413127
G18,4,CONC,3235.201171875,246.44482973095242
G18,4,HOECHST,3134.74072265625,326.150872514086
G18,4,MITO,44221.62890625,6764.423512296962
G18,4,PHAandWGA,15079.171875,1930.9039158776832
G18,4,SYTO,10740.599609375,1201.4387318947695
G18,5,CONC,3355.15771484375,252.94244019621064
G18,5,HOECHST,3360.77587890625,342.4921822681806
G18,5,MITO,45510.74609375,6840.673623220253
G18,5,PHAandWGA,16419.16796875,1986.8255912496354
G18,5,SYTO,11789.1484375,1216.5396864916904
G18,6,CONC,3470.515625,251.26834799126559
G18,6,HOECHST,3428.0517578125,330.9292981007582
G18,6,MITO,47125.21875,6773.280065732222
G18,6,PHAandWGA,17082.080078125,2009.4894534213643
G18,6,SYTO,12345.2421875,1182.3829827465427
G18,7,CONC,3487.168701171875,244.35391627629582
G18,7,HOECHST,3481.32275390625,325.4768259809577
G18,7,MITO,48380.203125,6655.294643712915
G18,7,PHAandWGA,17524.203125,1955.3006558593017
G18,7,SYTO,12396.9814453125,1128.131649295124
G18,8,CONC,3460.49462890625,235.37894467719462
G18,8,HOECHST,3393.56201171875,300.89189283403715
G18,8,MITO,48459.8203125,6541.201574798759
G18,8,PHAandWGA,18019.73828125,1970.871905353894
G18,8,SYTO,11806.771484375,1073.6762086728952
G18,9,CONC,3383.80224609375,222.99950247119085
G18,9,HOECHST,3253.32568359375,270.3666948279721
G18,9,MITO,48052.859375,6330.649131924624
G18,9,PHAandWGA,17871.896484375,1994.2324246585476
G18,9,SYTO,10833.4912109375,1006.2555499862233
G18,10,CONC,3295.13134765625,207.9294463182625
G18,10,HOECHST,3157.49609375,250.50447993012298
G18,10,MITO,47223.328125,6093.640271516285
G18,10,PHAandWGA,17655.28125,1939.5272371464087
G18,10,SYTO,9951.857421875,941.6313533085552
G18,11,CONC,3223.160400390625,192.45361374320566
G18,11,HOECHST,3087.5810546875,227.4297363317169
G18,11,MITO,46486.0234375,5858.7463980372895
G18,11,PHAandWGA,16795.29296875,1772.1329414806642
G18,11,SYTO,9141.4619140625,866.0176836183813
G18,12,CONC,3161.51220703125,176.33664742205175
G18,12,HOECHST,2977.92138671875,203.23588235621975
G18,12,MITO,46174.421875,5622.7210505023995
G18,12,PHAandWGA,16098.513671875,1631.8371053282392
G18,12,SYTO,8347.072265625,790.3675391340296
G18,13,CONC,3087.16552734375,160.8934337412997
G18,13,HOECHST,2894.9091796875,182.99577810905993
G18,13,MITO,44921.4296875,5274.155479639259
G18,13,PHAandWGA,15408.00390625,1473.12440065172
G18,13,SYTO,7706.26220703125,711.1181394042435
G18,14,CONC,3036.62158203125,145.67472280022187
G18,14,HOECHST,2855.36376953125,161.3612578339015
G18,14,MITO,43738.8359375,4869.201015825199
G18,14,PHAandWGA,14661.41796875,1316.9091917975845
G18,14,SYTO,7175.2490234375,632.5701804967022
G18,15,CONC,3001.451171875,130.74246464415586
G18,15,HOECHST,2805.4375,141.85880787546108
G18,15,MITO,42927.6796875,4364.4348418949085
G18,15,PHAandWGA,13761.40234375,1161.511832162383
G18,15,SYTO,6865.49365234375,558.0186901071223
G19,0,CONC,4469.15087890625,88.30739328320134
G19,0,HOECHST,1810.316650390625,35.317659590716936
G19,0,MITO,58028.421875,2025.1364755557922
G19,0,PHAandWGA,19550.7265625,764.2609943489291
G19,0,SYTO,8413.7060546875,375.82433799376884
G19,1,CONC,5136.048828125,153.06376618424636
G19,1,HOECHST,1943.255859375,49.08764087701565
G19,1,MITO,61683.03125,2690.6967969188404
G19,1,PHAandWGA,21519.2421875,1142.0056169371496
G19,1,SYTO,10740.00390625,616.9431259996428
G19,2,CONC,5860.529296875,213.4240267306816
G19,2,HOECHST,2222.6708984375,89.72307629757701
G19,2,MITO,66210.6796875,3313.630688915875
G19,2,PHAandWGA,24172.345703125,1416.885849621109
G19,2,SYTO,12946.82421875,879.1567217273009
G19,3,CONC,6364.62158203125,232.41877002776084
G19,3,HOECHST,2481.690673828125,115.00450581615422
G19,3,MITO,70828.390625,3765.208276801593
G19,3,PHAandWGA,26301.197265625,1569.9043573036934
G19,3,SYTO,14930.9443359375,993.4355437873794
G19,4,CONC,6805.33203125,251.30246017886833
G19,4,HOECHST,2646.087646484375,122.64261933154222
G19,4,MITO,76351.140625,4132.736209945342
G19,4,PHAandWGA,28586.44921875,1682.8664067814238
G19,4,SYTO,16561.099609375,1033.9316669846066
G19,5,CONC,7255.54345703125,266.1954817597499
G19,5,HOECHST,2805.17919921875,126.48487576615368
G19,5,MITO,80864.90625,4395.947736059783
G19,5,PHAandWGA,30522.9140625,1752.6170682337684
G19,5,SYTO,18170.2734375,1043.252267595028
G19,6,CONC,7557.12939453125,264.9485544987008
G19,6,HOECHST,3001.990234375,133.67299126544606
G19,6,MITO,84795.21875,4488.646467384528
G19,6,PHAandWGA,32636.9609375,1742.0673699910146
G19,6,SYTO,19671.078125,1030.4534545054325
G19,7,CONC,7747.65283203125,254.439801170163
G19,7,HOECHST,3063.73876953125,127.15669975196725
G19,7,MITO,87814.015625,4429.8983158663
G19,7,PHAandWGA,33680.1328125,1703.2895609269071
G19,7,SYTO,20576.08203125,985.6310273150331
G19,8,CONC,7878.0224609375,243.30067473948912
G19,8,HOECHST,3148.40234375,121.58335978770651
G19,8,MITO,90631.828125,4311.030060991637
G19,8,PHAandWGA,35155.53515625,1647.6479062576
G19,8,SYTO,21149.6875,930.9236844062638
G19,9,CONC,7977.4189453125,234.2974195710206
G19,9,HOECHST,3235.9609375,118.2058503914163
G19,9,MITO,92304.5078125,4175.742401335736
G19,9,PHAandWGA,36256.5859375,1571.568965181775
G19,9,SYTO,21557.79296875,872.4257401050232
G19,10,CONC,7846.0107421875,216.90427403546687
G19,10,HOECHST,3190.763427734375,107.57843398859667
G19,10,MITO,92599.671875,4080.693189234871
G19,10,PHAandWGA,36177.3046875,1523.6471996558907
G19,10,SYTO,21109.65234375,820.1566339014452
G19,11,CONC,7609.4384765625,201.2645262308731
G19,11,HOECHST,3136.8505859375,101.16971841518435
G19,11,MITO,91336.0859375,4027.4229171212196
G19,11,PHAandWGA,35284.93359375,1482.5431725580765
G19,11,SYTO,20322.9609375,779.1967984806324
G19,12,CONC,7463.748046875,191.4153640414909
G19,12,HOECHST,3110.6123046875,95.73418915081697
G19,12,MITO,90369.28125,3956.8757221766555
G19,12,PHAandWGA,34882.44921875,1430.1280999260182
G19,12,SYTO,19433.7109375,734.8986688910333
G19,13,CONC,7409.421875,182.9052962380457
G19,13,HOECHST,3087.4404296875,89.5953904359992
G19,13,MITO,89630.40625,3855.4644913541574
G19,13,PHAandWGA,34816.578125,1380.7189672001987
G19,13,SYTO,18643.109375,692.349617180488
G19,14,CONC,7354.4482421875,174.19659238334515
G19,14,HOECHST,3085.558349609375,84.20978254598845
G19,14,MITO,90635.203125,3755.4217389227533
G19,14,PHAandWGA,35194.72265625,1329.197115968595
G19,14,SYTO,18023.431640625,652.6967425249961
G19,15,CONC,7398.052734375,165.3538710670251
G19,15,HOECHST,3076.557373046875,79.87721517410483
G19,15,MITO,89746.515625,3576.7812035822744
G19,15,PHAandWGA,34386.6796875,1271.6890623963254
G19,15,SYTO,17498.130859375,614.0377864159589
G21,0,CONC,3263.9775390625,88.4639518442701
G21,0,HOECHST,2398.6328125,75.31724260089531
G21,0,MITO,43960.28125,2281.6029766617808
G21,0,PHAandWGA,13066.25390625,664.5814276619722
G21,0,SYTO,6267.7783203125,338.3960376622751
G21,1,CONC,3554.28564453125,121.57854640085918
G21,1,HOECHST,2602.845458984375,107.35371437168685
G21,1,MITO,46230.765625,2858.933663645684
G21,1,PHAandWGA,14125.443359375,874.1894477050422
G21,1,SYTO,7326.5478515625,464.5737223097433
G21,2,CONC,3952.53466796875,167.32733669887287
G21,2,HOECHST,2925.78271484375,155.62814584333788
G21,2,MITO,49812.546875,3542.3576616570367
G21,2,PHAandWGA,15535.158203125,1147.6239632787135
G21,2,SYTO,9373.373046875,652.6045866312005
G21,3,CONC,4371.17236328125,206.1236465303689
G21,3,HOECHST,3303.33203125,208.0886487726418
G21,3,MITO,53957.515625,4125.876468448123
G21,3,PHAandWGA,17650.990234375,1377.8400929280265
G21,3,SYTO,11511.556640625,815.9162051591928
G21,4,CONC,4754.35107421875,236.32339262535308
G21,4,HOECHST,3662.726318359375,241.33614204784783
G21,4,MITO,57667.6015625,4540.796298099692
G21,4,PHAandWGA,19731.9453125,1597.4647213786175
G21,4,SYTO,13499.169921875,929.3442331537374
G21,5,CONC,5122.541015625,255.13708177720318
G21,5,HOECHST,3914.098388671875,255.12728404111985
G21,5,MITO,61402.890625,4815.423384115211
G21,5,PHAandWGA,21984.705078125,1743.1192477077013
G21,5,SYTO,14787.234375,968.3346946334227
G21,6,CONC,5375.6826171875,262.49436087311267
G21,6,HOECHST,4108.8486328125,255.860620241499
G21,6,MITO,64297.953125,4942.453522865811
G21,6,PHAandWGA,23238.9453125,1687.963016226369
G21,6,SYTO,15635.263671875,959.1403032000189
G21,7,CONC,5516.986328125,262.56930288617804
G21,7,HOECHST,4242.72216796875,255.70826527602702
G21,7,MITO,66165.4765625,4986.734817158523
G21,7,PHAandWGA,24695.140625,1680.4186817021525
G21,7,SYTO,16191.798828125,945.1213038267834
G21,8,CONC,5663.77783203125,261.2666060781255
G21,8,HOECHST,4408.00830078125,258.81954472562387
G21,8,MITO,68962.578125,4979.5646010935125
G21,8,PHAandWGA,25151.98046875,1660.3645892027162
G21,8,SYTO,16355.966796875,923.3623759469075
G21,9,CONC,5786.60693359375,259.2977273911035
G21,9,HOECHST,4455.53076171875,250.13460005052715
G21,9,MITO,70450.1875,4982.692021902543
G21,9,PHAandWGA,26418.59375,1694.441185842067
G21,9,SYTO,16353.328125,902.8331156239867
G21,10,CONC,5831.671875,255.94223834651868
G21,10,HOECHST,4448.12353515625,240.35178326716866
G21,10,MITO,71713.828125,4960.192815912547
G21,10,PHAandWGA,26647.63671875,1708.1681434570264
G21,10,SYTO,16157.3251953125,878.386132767155
G21,11,CONC,5839.8115234375,248.25038050695835
G21,11,HOECHST,4548.1845703125,234.81151885752303
G21,11,MITO,73061.8828125,4918.36278376198
G21,11,PHAandWGA,26956.92578125,1627.6822780688742
G21,11,SYTO,15782.3349609375,840.1446195327604
G21,12,CONC,5831.1181640625,240.10165163878887
G21,12,HOECHST,4505.638671875,222.8887223691576
G21,12,MITO,73789.3359375,4835.825178622024
G21,12,PHAandWGA,27209.78515625,1578.299643915501
G21,12,SYTO,15224.7841796875,804.13843117557
G21,13,CONC,5833.7421875,229.72686959820254
G21,13,HOECHST,4495.94287109375,208.63261409571038
G21,13,MITO,74297.671875,4732.440024508645
G21,13,PHAandWGA,27187.44921875,1527.4570375832695
G21,13,SYTO,14803.888671875,766.5931910003303
G21,14,CONC,5803.431640625,218.45308916060702
G21,14,HOECHST,4463.650390625,195.69911872357585
G21,14,MITO,75326.3125,4583.475872282129
G21,14,PHAandWGA,26901.42578125,1462.3020378869317
G21,14,SYTO,14316.880859375,724.5906958000226
G21,15,CONC,5806.5283203125,207.42269226168793
G21,15,HOECHST,4483.578125,185.28434675546396
G21,15,MITO,74862.984375,4431.606454300439
G21,15,PHAandWGA,26798.5,1393.8832589424956
G21,15,SYTO,13737.46875,684.8624338720049
G22,0,CONC,1667.0897216796875,95.89433751394766
G22,0,HOECHST,1690.593017578125,125.46222553306353
G22,0,MITO,23906.63671875,4160.330998622476
G22,0,PHAandWGA,6074.09375,712.3778826537985
G22,0,SYTO,3287.242431640625,412.13471153817204
G22,1,CONC,1875.54150390625,132.48176828283036
G22,1,HOECHST,1951.587158203125,187.95076036214465
G22,1,MITO,26369.328125,5006.854412363883
G22,1,PHAandWGA,7211.5517578125,941.6492088010372
G22,1,SYTO,4037.51513671875,565.8494688026245
G22,2,CONC,2035.4727783203125,155.56519112698788
G22,2,HOECHST,2161.888671875,230.36941480245187
G22,2,MITO,28551.77734375,5486.7228553829
G22,2,PHAandWGA,8155.71435546875,1076.1008457634634
G22,2,SYTO,4621.7275390625,657.3591934436313
G22,3,CONC,2169.5205078125,166.91340655366307
G22,3,HOECHST,2333.0908203125,250.14984470904616
G22,3,MITO,29447.36328125,5594.369669745699
G22,3,PHAandWGA,9063.0517578125,1156.353655405095
G22,3,SYTO,4934.39404296875,700.4414858508051
G22,4,CONC,2219.9130859375,170.01004943328797
G22,4,HOECHST,2410.574951171875,255.23917010324996
G22,4,MITO,30746.89453125,5606.583741775683
G22,4,PHAandWGA,9508.646484375,1201.387239572943
G22,4,SYTO,5080.8251953125,714.549123330349
G22,5,CONC,2274.275390625,169.0375056865478
G22,5,HOECHST,2421.76953125,248.54441067045735
G22,5,MITO,30918.55859375,5523.3484562866215
G22,5,PHAandWGA,9983.4775390625,1236.504580989638
G22,5,SYTO,5051.8046875,708.2568219427437
G22,6,CONC,2283.13232421875,166.14179209857105
G22,6,HOECHST,2395.802001953125,234.5670716935014
G22,6,MITO,30888.23046875,5447.307458298555
G22,6,PHAandWGA,10247.013671875,1252.9201897090081
G22,6,SYTO,5023.8701171875,689.2064075716816
G22,7,CONC,2288.8876953125,161.20951972522062
G22,7,HOECHST,2355.08935546875,219.35403037866266
G22,7,MITO,30657.3984375,5290.870362063358
G22,7,PHAandWGA,10170.080078125,1243.8300722483018
G22,7,SYTO,4895.0078125,660.9963211836324
G22,8,CONC,2252.875732421875,154.1972124279007
G22,8,HOECHST,2326.478759765625,206.1146157017402
G22,8,MITO,30277.6015625,5121.856214788911
G22,8,PHAandWGA,10056.3349609375,1187.264666470935
G22,8,SYTO,4738.67724609375,628.859824703531
G22,9,CONC,2246.91552734375,145.62400914702008
G22,9,HOECHST,2292.783447265625,192.6491343848648
G22,9,MITO,29715.95703125,4867.6181780006345
G22,9,PHAandWGA,9630.7177734375,1075.5623213681886
G22,9,SYTO,4598.19189453125,585.7698198187824
G22,10,CONC,2208.593994140625,136.49135396350832
G22,10,HOECHST,2263.857421875,179.8038637349985
G22,10,MITO,29517.859375,4631.820163035021
G22,10,PHAandWGA,9147.2451171875,982.4503922701443
G22,10,SYTO,4453.048828125,542.6867568496701
G22,11,CONC,2207.21875,127.1752657113685
G22,11,HOECHST,2245.157958984375,166.99364476309236
G22,11,MITO,29404.970703125,4344.623119671058
G22,11,PHAandWGA,8733.82421875,893.5541620775002
G22,11,SYTO,4390.572265625,501.96466532516314
G22,12,CONC,2189.600341796875,117.87748902117099
G22,12,HOECHST,2233.69482421875,153.3207692112994
G22,12,MITO,29089.05078125,4008.9206447650686
G22,12,PHAandWGA,8380.833984375,815.0268704403446
G22,12,SYTO,4304.3291015625,460.03726391874596
G22,13,CONC,2178.989013671875,109.02582699308083
G22,13,HOECHST,2250.420654296875,140.27405290584875
G22,13,MITO,28826.54296875,3648.870305055196
G22,13,PHAandWGA,8224.6298828125,736.7209141384604
G22,13,SYTO,4269.9072265625,418.00672743742064
G22,14,CONC,2195.7421875,100.16765128810924
G22,14,HOECHST,2274.325927734375,127.83341385903259
G22,14,MITO,28674.50390625,3292.914131992539
G22,14,PHAandWGA,7932.775390625,658.9033228112602
G22,14,SYTO,4259.41796875,377.18213823277387
G22,15,CONC,2214.341064453125,91.34391227215285
G22,15,HOECHST,2306.879150390625,116.29918336794607
G22,15,MITO,29113.640625,2913.0644756222196
G22,15,PHAandWGA,7574.7158203125,579.7630778725227
G22,15,SYTO,4296.6298828125,337.8838406551243
G23,0,CONC,6374.77099609375,155.7180919249356
G23,0,HOECHST,4893.236328125,159.94095913677535
G23,0,MITO,73951.9375,2482.917815571326
G23,0,PHAandWGA,29987.41015625,1091.3723788459347
G23,0,SYTO,20575.421875,818.9539673452056
G23,1,CONC,7091.6298828125,196.52145202778868
G23,1,HOECHST,5477.73388671875,209.58894080741155
G23,1,MITO,77648.3671875,2817.2040830164656
G23,1,PHAandWGA,33137.01953125,1319.76207282907
G23,1,SYTO,23410.111328125,1028.5982989699967
G23,2,CONC,7617.2119140625,212.73986055929805
G23,2,HOECHST,5867.75,229.2380897761954
G23,2,MITO,82112.953125,2965.849616858981
G23,2,PHAandWGA,35585.01953125,1457.2453683057176
G23,2,SYTO,25991.482421875,1117.3708608544134
G23,3,CONC,8068.26171875,217.93658110340914
G23,3,HOECHST,6307.8095703125,240.64343878143146
G23,3,MITO,85467.015625,3050.064666397463
G23,3,PHAandWGA,38011.1171875,1525.7484020031784
G23,3,SYTO,28372.9296875,1155.3083004878274
G23,4,CONC,8376.037109375,217.62508992365713
G23,4,HOECHST,6651.845703125,246.556983139613
G23,4,MITO,88479.125,3092.9197872335517
G23,4,PHAandWGA,39836.3125,1550.5529779565063
G23,4,SYTO,30061.55859375,1153.3698150793407
G23,5,CONC,8668.1103515625,215.40667192497932
G23,5,HOECHST,6873.0087890625,245.07689990497084
G23,5,MITO,91409.546875,3125.0159399423524
G23,5,PHAandWGA,41265.05859375,1552.637681947294
G23,5,SYTO,31038.814453125,1130.158083865751
G23,6,CONC,8818.009765625,210.9775464555163
G23,6,HOECHST,7011.138671875,238.88247110128808
G23,6,MITO,93683.5390625,3116.25457084909
G23,6,PHAandWGA,42939.9921875,1536.5621243443654
G23,6,SYTO,32193.984375,1091.5208593563657
G23,7,CONC,8981.0556640625,204.3030513461798
G23,7,HOECHST,7201.1240234375,233.12954728247158
G23,7,MITO,96158.0,3089.2675223905426
G23,7,PHAandWGA,44270.9921875,1505.4496906859747
G23,7,SYTO,33040.27734375,1045.8147014024314
G23,8,CONC,9044.98828125,195.7151825381193
G23,8,HOECHST,7353.4423828125,226.82011138540193
G23,8,MITO,98155.8125,3058.133845710521
G23,8,PHAandWGA,45554.47265625,1458.8736032040167
G23,8,SYTO,34262.4921875,1003.0751450292294
G23,9,CONC,9208.35546875,187.59182217277186
G23,9,HOECHST,7493.025390625,220.30853746601267
G23,9,MITO,100079.78125,2989.7826579415573
G23,9,PHAandWGA,45665.984375,1405.2622955819024
G23,9,SYTO,34452.75,955.9788534381763
G23,10,CONC,9224.650390625,180.05760056370048
G23,10,HOECHST,7629.1064453125,213.30305066650791
G23,10,MITO,101915.5703125,2935.695737665774
G23,10,PHAandWGA,46345.68359375,1361.7281432698387
G23,10,SYTO,35564.015625,915.6990424627054
G23,11,CONC,9280.818359375,172.98347953304986
G23,11,HOECHST,7679.29296875,205.06171427439176
G23,11,MITO,103118.375,2887.32950160996
G23,11,PHAandWGA,47372.93359375,1320.5939551543254
G23,11,SYTO,35716.5234375,877.7966105460878
G23,12,CONC,9288.251953125,166.43072259489176
G23,12,HOECHST,7708.63134765625,196.21991402685774
G23,12,MITO,104521.7265625,2836.174972001766
G23,12,PHAandWGA,47920.6484375,1281.0670843953162
G23,12,SYTO,35700.2109375,836.4257727256228
G23,13,CONC,9330.921875,159.80841023513022
G23,13,HOECHST,7770.35986328125,187.76081236731176
G23,13,MITO,105957.09375,2751.6203265572744
G23,13,PHAandWGA,48304.7109375,1243.8849734254422
G23,13,SYTO,35826.37109375,798.0650508021909
G23,14,CONC,9384.669921875,153.85142555036788
G23,14,HOECHST,7847.783203125,179.77179261171437
G23,14,MITO,106751.34375,2687.169379489603
G23,14,PHAandWGA,48638.8515625,1208.8043843626267
G23,14,SYTO,35382.81640625,762.2400864850837
G23,15,CONC,9499.181640625,147.76020350133177
G23,15,HOECHST,7908.171875,171.3496995780328
G23,15,MITO,107437.4609375,2595.1687903418024
G23,15,PHAandWGA,48975.96484375,1164.6612202460283
G23,15,SYTO,35072.5625,720.447078774876
H02,0,CONC,4967.140625,125.67763964563895
H02,0,HOECHST,4246.02880859375,110.29374213694507
H02,0,MITO,56296.0859375,2608.2933066528344
H02,0,PHAandWGA,21951.083984375,957.8979579314895
H02,0,SYTO,14894.69921875,665.6023142573815
H02,1,CONC,5411.60498046875,154.5954483926173
H02,1,HOECHST,4784.2578125,169.81921284077373
H02,1,MITO,58919.3515625,2948.639574315799
H02,1,PHAandWGA,23463.38671875,1113.9776574011578
H02,1,SYTO,17168.146484375,804.8106703920522
H02,2,CONC,5770.2109375,171.31091797842652
H02,2,HOECHST,5599.375,261.67611675213965
H02,2,MITO,62414.45703125,3151.7372124076496
H02,2,PHAandWGA,25366.900390625,1218.7329652752114
H02,2,SYTO,19148.931640625,890.5565207882792
H02,3,CONC,6056.89013671875,179.47696153895586
H02,3,HOECHST,6083.0498046875,288.88552079628425
H02,3,MITO,65065.6640625,3271.3380788509776
H02,3,PHAandWGA,27360.40625,1290.627197586231
H02,3,SYTO,20956.3984375,934.3346274524713
H02,4,CONC,6288.7255859375,183.0671399216787
H02,4,HOECHST,6191.03515625,265.1657956994253
H02,4,MITO,67299.421875,3319.2727999225026
H02,4,PHAandWGA,28412.30078125,1323.2978702401088
H02,4,SYTO,22929.412109375,948.9355989844182
H02,5,CONC,6480.16845703125,184.15177971146005
H02,5,HOECHST,6105.2529296875,226.71539942877385
H02,5,MITO,68674.8125,3355.1744584169523
H02,5,PHAandWGA,29883.703125,1341.0676731999101
H02,5,SYTO,24264.796875,947.2089120494088
H02,6,CONC,6553.72216796875,182.70554189680942
H02,6,HOECHST,6046.38427734375,192.25513278145783
H02,6,MITO,70539.75,3353.4810313790986
H02,6,PHAandWGA,30782.41796875,1336.3744498933518
H02,6,SYTO,25245.7265625,934.6384692177861
H02,7,CONC,6619.08447265625,180.1729836530941
H02,7,HOECHST,5953.17431640625,161.28232426601292
H02,7,MITO,71403.234375,3313.3520991665723
H02,7,PHAandWGA,32248.8671875,1333.2764047905723
H02,7,SYTO,25819.357421875,921.950794475729
H02,8,CONC,6639.6728515625,176.6936547759999
H02,8,HOECHST,5883.0078125,139.56813583532224
H02,8,MITO,72342.484375,3314.270945048011
H02,8,PHAandWGA,32762.4921875,1314.625214485427
H02,8,SYTO,26398.9453125,898.4460406070558
H02,9,CONC,6759.3740234375,173.06778435725886
H02,9,HOECHST,5912.0810546875,127.68637141617522
H02,9,MITO,73195.671875,3245.9723886659617
H02,9,PHAandWGA,33287.8828125,1295.4396497159041
H02,9,SYTO,26606.32421875,870.182267897718
H02,10,CONC,6828.62109375,168.3398545958337
H02,10,HOECHST,5958.93994140625,119.96626865060017
H02,10,MITO,74792.7109375,3205.3916374010955
H02,10,PHAandWGA,33710.3515625,1264.152562976336
H02,10,SYTO,26799.7109375,836.4768485690155
H02,11,CONC,6873.6455078125,163.40691577032192
H02,11,HOECHST,6028.955078125,114.22256487875264
H02,11,MITO,74526.875,3105.931279195523
H02,11,PHAandWGA,33845.546875,1237.5509194631609
H02,11,SYTO,26980.71484375,803.3666767372084
H02,12,CONC,6941.37060546875,158.45515813464553
H02,12,HOECHST,6047.0224609375,109.33642751821779
H02,12,MITO,76389.9375,3040.7787371208824
H02,12,PHAandWGA,34575.90625,1210.0705030237043
H02,12,SYTO,26913.7578125,774.6749261243551
H02,13,CONC,7028.025390625,153.30299532510938
H02,13,HOECHST,6117.52099609375,105.25237784439062
H02,13,MITO,76467.640625,2945.890428643884
H02,13,PHAandWGA,34267.09375,1174.9741247085014
H02,13,SYTO,26861.666015625,742.6900263119809
H02,14,CONC,7088.6669921875,147.56016540499127
H02,14,HOECHST,6178.95947265625,101.2022476066241
H02,14,MITO,77470.21875,2835.624081475197
H02,14,PHAandWGA,34605.9609375,1141.2073877486848
H02,14,SYTO,26758.265625,708.550717287099
H02,15,CONC,7135.0771484375,141.77020301570724
H02,15,HOECHST,6210.447265625,97.56168935758957
H02,15,MITO,77913.65625,2732.5017606512392
H02,15,PHAandWGA,35155.765625,1102.3520559331378
H02,15,SYTO,26730.0,676.752701420778
H03,0,CONC,7697.6298828125,71.51016315739214
H03,0,HOECHST,5637.8525390625,85.54907693716744
H03,0,MITO,82402.546875,1351.8051597911904
H03,0,PHAandWGA,36849.4609375,589.8821580406438
H03,0,SYTO,27408.361328125,466.3317860255104
H03,1,CONC,8288.193359375,89.34546455257039
H03,1,HOECHST,6016.326171875,104.99720448143147
H03,1,MITO,86646.421875,1584.4106789360678
H03,1,PHAandWGA,39012.3125,692.9909179397741
H03,1,SYTO,29162.3046875,563.9059988634009
H03,2,CONC,8820.06640625,106.40102066861685
H03,2,HOECHST,6443.767578125,123.82064514488258
H03,2,MITO,91850.8203125,1774.978824009472
H03,2,PHAandWGA,41666.296875,791.0039007824437
H03,2,SYTO,31484.927734375,663.0879422745297
H03,3,CONC,9400.7734375,115.49932791742866
H03,3,HOECHST,6828.6796875,136.94220601443234
H03,3,MITO,94602.09375,1849.9179933766761
H03,3,PHAandWGA,44097.734375,853.6737362102107
H03,3,SYTO,33645.10546875,723.9310009578835
H03,4,CONC,9797.548828125,116.58853109676879
H03,4,HOECHST,7222.2822265625,142.61697596368126
H03,4,MITO,99388.3046875,1854.8494350579758
H03,4,PHAandWGA,45702.69140625,881.420948842253
H03,4,SYTO,35533.62109375,747.5313989506359
H03,5,CONC,10166.494140625,114.19805531048625
H03,5,HOECHST,7514.5966796875,143.14588036224995
H03,5,MITO,101722.421875,1814.6970828322449
H03,5,PHAandWGA,47492.6171875,885.895371663477
H03,5,SYTO,37395.234375,741.9677791998123
H03,6,CONC,10367.171875,110.01719680907345
H03,6,HOECHST,7713.1455078125,139.71414525701456
H03,6,MITO,104370.515625,1758.3221225581979
H03,6,PHAandWGA,49062.96484375,876.3645957987968
H03,6,SYTO,38666.90234375,724.0077452999951
H03,7,CONC,10624.71484375,105.05150879739888
H03,7,HOECHST,7941.423828125,134.66174186114833
H03,7,MITO,106367.4375,1685.3165842878057
H03,7,PHAandWGA,50826.4140625,852.5396173251822
H03,7,SYTO,40758.375,694.3166676789843
H03,8,CONC,10875.892578125,100.00842178300073
H03,8,HOECHST,8184.75,129.11666709864187
H03,8,MITO,109688.5859375,1625.06240708261
H03,8,PHAandWGA,53401.625,825.6556627509532
H03,8,SYTO,42315.359375,661.4222243943445
H03,9,CONC,11061.626953125,95.2952247178071
H03,9,HOECHST,8377.884765625,123.97028459302837
H03,9,MITO,112127.484375,1552.4450989838174
H03,9,PHAandWGA,54244.38671875,795.944052723781
H03,9,SYTO,43098.515625,626.5346439860132
H03,10,CONC,11295.78515625,91.16092627941453
H03,10,HOECHST,8542.64453125,118.73535609083939
H03,10,MITO,112923.765625,1491.9952462006743
H03,10,PHAandWGA,55677.3515625,764.5354800642458
H03,10,SYTO,44655.3046875,596.1362877973548
H03,11,CONC,11484.4501953125,87.45915526704079
H03,11,HOECHST,8774.19921875,114.28482820366834
H03,11,MITO,115886.0703125,1431.4910408541784
H03,11,PHAandWGA,57175.3359375,735.5870255975569
H03,11,SYTO,45722.61328125,565.2971130890669
H03,12,CONC,11652.673828125,84.10263269002202
H03,12,HOECHST,8951.494140625,109.84942044235953
H03,12,MITO,117978.265625,1383.654691392128
H03,12,PHAandWGA,58982.80078125,708.3451974019273
H03,12,SYTO,47775.4296875,539.0263077228764
H03,13,CONC,11833.8115234375,80.92602714946764
H03,13,HOECHST,9099.79296875,105.84535758751181
H03,13,MITO,118757.734375,1336.4679229126289
H03,13,PHAandWGA,59296.9453125,680.6874890393874
H03,13,SYTO,48923.1015625,512.6402372859559
H03,14,CONC,12035.525390625,77.63347068152035
H03,14,HOECHST,9273.58984375,102.02900449299216
H03,14,MITO,120741.96875,1293.6507995873485
H03,14,PHAandWGA,60885.98046875,656.2942634826197
H03,14,SYTO,49879.6953125,489.9145915740278
H03,15,CONC,12197.033203125,74.12667142412575
H03,15,HOECHST,9448.400390625,97.81262373310591
H03,15,MITO,123639.640625,1248.83280278991
H03,15,PHAandWGA,62415.3203125,627.9779000851953
H03,15,SYTO,50920.328125,462.8625522237313
H04,0,CONC,2475.57958984375,45.47350878906972
H04,0,HOECHST,1578.390625,29.413295718327163
H04,0,MITO,37423.33203125,1660.9812056199205
H04,0,PHAandWGA,9537.4287109375,437.1507286031114
H04,0,SYTO,5871.1376953125,278.07442257676763
H04,1,CONC,2577.1845703125,52.02187262742465
H04,1,HOECHST,1651.9356689453125,34.73062290374656
H04,1,MITO,37959.796875,1803.0489157887382
H04,1,PHAandWGA,10203.0009765625,488.36749821172657
H04,1,SYTO,6163.4658203125,315.249186416427
H04,2,CONC,2681.27685546875,59.79573457367018
H04,2,HOECHST,1725.716796875,41.344122430304246
H04,2,MITO,39448.9296875,1996.8529311443765
H04,2,PHAandWGA,11065.978515625,553.2266694403886
H04,2,SYTO,6562.9326171875,358.7857400535697
H04,3,CONC,2819.984130859375,68.0413644434453
H04,3,HOECHST,1815.91796875,48.024231326223145
H04,3,MITO,40100.34375,2170.9741779015053
H04,3,PHAandWGA,11873.5859375,618.6388169943305
H04,3,SYTO,6912.5341796875,402.1066736856743
H04,4,CONC,2925.31201171875,74.67016767259665
H04,4,HOECHST,1893.3115234375,52.8456943010113
H04,4,MITO,41505.890625,2317.7133607948026
H04,4,PHAandWGA,12549.716796875,675.2893252040194
H04,4,SYTO,7254.224609375,436.6850038506598
H04,5,CONC,3041.30908203125,80.3622798504322
H04,5,HOECHST,1961.8170166015625,55.874169448785615
H04,5,MITO,41965.390625,2419.635638647542
H04,5,PHAandWGA,13167.85546875,721.631196851195
H04,5,SYTO,7574.359375,462.2832969060516
H04,6,CONC,3136.267822265625,84.90162033241879
H04,6,HOECHST,2030.960693359375,58.31584937534376
H04,6,MITO,43692.50390625,2524.7198657678705
H04,6,PHAandWGA,13830.5078125,757.8809262826163
H04,6,SYTO,7872.21728515625,482.0807862866251
H04,7,CONC,3242.396484375,88.3888459263137
H04,7,HOECHST,2108.4013671875,60.01617076945852
H04,7,MITO,44432.2734375,2592.6189749990335
H04,7,PHAandWGA,14503.728515625,784.3285531626489
H04,7,SYTO,8150.080078125,494.2460897464142
H04,8,CONC,3340.66796875,90.79738897391859
H04,8,HOECHST,2169.52294921875,60.692950366798186
H04,8,MITO,45462.98046875,2624.282346776409
H04,8,PHAandWGA,15174.67578125,795.7046902876501
H04,8,SYTO,8380.482421875,497.8571576987052
H04,9,CONC,3414.48193359375,92.10258090293415
H04,9,HOECHST,2215.13330078125,60.48042925611978
H04,9,MITO,46298.6484375,2637.4209935552694
H04,9,PHAandWGA,15507.2880859375,795.7697508242136
H04,9,SYTO,8522.138671875,496.8375215113418
H04,10,CONC,3494.11474609375,92.27929095175149
H04,10,HOECHST,2259.0029296875,60.25847216262453
H04,10,MITO,47536.515625,2638.1887331227354
H04,10,PHAandWGA,15767.466796875,795.5633448655274
H04,10,SYTO,8662.474609375,490.63729919138075
H04,11,CONC,3552.696533203125,91.49460422444395
H04,11,HOECHST,2304.138427734375,59.56909774078658
H04,11,MITO,47971.140625,2604.989177810903
H04,11,PHAandWGA,16264.5703125,785.9690404256662
H04,11,SYTO,8794.048828125,480.36302760269047
H04,12,CONC,3613.08544921875,90.46770618155713
H04,12,HOECHST,2335.6142578125,58.3869301873214
H04,12,MITO,49281.2890625,2574.9304670775314
H04,12,PHAandWGA,16183.861328125,768.6720495534523
H04,12,SYTO,8960.7275390625,467.89106339374683
H04,13,CONC,3651.24560546875,88.59289870063598
H04,13,HOECHST,2386.908447265625,56.98934569529437
H04,13,MITO,49982.3984375,2531.96631711343
H04,13,PHAandWGA,16558.0546875,752.7117256693676
H04,13,SYTO,8992.380859375,453.51768482821626
H04,14,CONC,3696.94580078125,86.53372345390397
H04,14,HOECHST,2399.814453125,55.56813854873944
H04,14,MITO,50344.34375,2471.7544610657624
H04,14,PHAandWGA,16467.8984375,731.0357266460264
H04,14,SYTO,9136.1171875,439.37016170910465
H04,15,CONC,3759.2451171875,83.87807951326647
H04,15,HOECHST,2440.77001953125,53.70324159650673
H04,15,MITO,51269.0,2407.641792292594
H04,15,PHAandWGA,16511.037109375,706.2229631000961
H04,15,SYTO,9189.59765625,421.79191139385676
H05,0,CONC,9947.9970703125,83.13684838750387
H05,0,HOECHST,6871.56005859375,82.29646658729247
H05,0,MITO,100315.09375,1137.7753012651076
H05,0,PHAandWGA,46024.5859375,504.302485324981
H05,0,SYTO,35663.66796875,432.3796248249743
H05,1,CONC,11513.0771484375,128.43994883512931
H05,1,HOECHST,7766.24560546875,128.49254860167784
H05,1,MITO,112519.765625,1670.0191710396723
H05,1,PHAandWGA,50913.1015625,680.2087283368157
H05,1,SYTO,39886.515625,627.6702148009051
H05,2,CONC,13073.546875,153.06759825544867
H05,2,HOECHST,8886.73828125,157.92034019240225
H05,2,MITO,126524.515625,1858.2149406585374
H05,2,PHAandWGA,56407.7265625,823.9748597860884
H05,2,SYTO,44756.125,764.6012653517524
H05,3,CONC,14045.876953125,150.97758717102838
H05,3,HOECHST,9687.095703125,161.81138002173807
H05,3,MITO,132280.46875,1734.065474279339
H05,3,PHAandWGA,61432.4140625,854.8797317469664
H05,3,SYTO,49681.5546875,790.9201635075708
H05,4,CONC,14509.13671875,137.17917145789156
H05,4,HOECHST,10146.7685546875,155.0843251196166
H05,4,MITO,134605.578125,1549.5744167054768
H05,4,PHAandWGA,63924.203125,825.1356193873215
H05,4,SYTO,53165.5625,752.9831602017985
H05,5,CONC,14774.982421875,122.2960379877776
H05,5,HOECHST,10382.20703125,139.24512233757287
H05,5,MITO,138009.625,1378.5415969568814
H05,5,PHAandWGA,66959.3046875,764.5898245278815
H05,5,SYTO,55378.640625,678.0068247452605
H05,6,CONC,14841.90234375,105.95642065862057
H05,6,HOECHST,10652.9345703125,124.30615678405512
H05,6,MITO,139622.46875,1210.117888006143
H05,6,PHAandWGA,68433.953125,688.2994941966326
H05,6,SYTO,56515.5078125,595.7193237091894
H05,7,CONC,14732.89453125,93.27836189020019
H05,7,HOECHST,10650.658203125,109.9857296623452
H05,7,MITO,140241.46875,1093.8009426795109
H05,7,PHAandWGA,69793.9609375,627.7490981680861
H05,7,SYTO,58158.28125,527.9615654996591
H05,8,CONC,14669.638671875,83.15027001749883
H05,8,HOECHST,10631.248046875,98.97943722401925
H05,8,MITO,139493.921875,997.4571096741458
H05,8,PHAandWGA,71076.234375,579.4887796339651
H05,8,SYTO,58523.5546875,477.4297868236391
H05,9,CONC,14493.76953125,74.39393682341205
H05,9,HOECHST,10602.5849609375,89.37843640915474
H05,9,MITO,138962.546875,899.7985650921212
H05,9,PHAandWGA,70623.96875,535.9997392537105
H05,9,SYTO,58716.97265625,435.81084575378446
H05,10,CONC,14400.783203125,67.62884569199495
H05,10,HOECHST,10561.8291015625,82.50985967805458
H05,10,MITO,139239.0625,835.9205094368602
H05,10,PHAandWGA,71222.140625,502.1254228850313
H05,10,SYTO,58449.7734375,404.3142705052412
H05,11,CONC,14257.6015625,61.474378514160584
H05,11,HOECHST,10525.35546875,76.69118822099936
H05,11,MITO,139362.5625,778.179400072291
H05,11,PHAandWGA,70580.1171875,470.36545480059095
H05,11,SYTO,58455.43359375,374.0649615323625
H05,12,CONC,14255.6416015625,56.4548721188825
H05,12,HOECHST,10562.072265625,71.50983784722396
H05,12,MITO,138644.53125,722.5296149071798
H05,12,PHAandWGA,70547.5,440.1744191604883
H05,12,SYTO,57990.734375,347.5520605926209
H05,13,CONC,14152.763671875,52.855991852746534
H05,13,HOECHST,10652.53515625,67.56882586015632
H05,13,MITO,139028.796875,682.9867258628684
H05,13,PHAandWGA,70918.046875,419.04012697194537
H05,13,SYTO,58597.8984375,328.1783196310019
H05,14,CONC,14177.69140625,50.13419875997331
H05,14,HOECHST,10665.427734375,64.82829920355157
H05,14,MITO,137989.46875,654.1669386547385
H05,14,PHAandWGA,71889.7109375,403.66573385327183
H05,14,SYTO,57680.75,314.80436583633184
H05,15,CONC,14195.515625,48.08211851678901
H05,15,HOECHST,10769.185546875,62.84381666782896
H05,15,MITO,138641.296875,623.3317892538546
H05,15,PHAandWGA,70863.6796875,389.2644893358821
H05,15,SYTO,57455.671875,301.5030730653626
H06,0,CONC,9269.3662109375,80.84709210541756
H06,0,HOECHST,6795.7900390625,93.58062339375878
H06,0,MITO,82360.75,947.6790295035274
H06,0,PHAandWGA,41801.7109375,544.6426636221886
H06,0,SYTO,34279.48828125,512.1759594736803
H06,1,CONC,10003.8701171875,108.84921922804934
H06,1,HOECHST,7323.681640625,119.11664889386226
H06,1,MITO,85947.4921875,1142.7033661371363
H06,1,PHAandWGA,44496.7734375,665.6758830229729
H06,1,SYTO,36794.6875,649.0818129020332
H06,2,CONC,10963.5400390625,140.9924611123684
H06,2,HOECHST,8005.4833984375,148.92965457500253
H06,2,MITO,91767.71875,1325.3359684083773
H06,2,PHAandWGA,47124.34375,801.2523190384264
H06,2,SYTO,40266.921875,802.2803031536524
H06,3,CONC,11844.728515625,156.64449248474975
H06,3,HOECHST,8701.2802734375,169.76574105592383
H06,3,MITO,97150.0625,1425.6550273088217
H06,3,PHAandWGA,50251.01953125,882.5235865271658
H06,3,SYTO,42835.97265625,885.9627785749326
H06,4,CONC,12562.2978515625,161.14128728388746
H06,4,HOECHST,9276.4365234375,179.9848205422094
H06,4,MITO,101279.1171875,1462.751536743715
H06,4,PHAandWGA,53632.20703125,917.5072452302643
H06,4,SYTO,45935.796875,917.2054421764476
H06,5,CONC,13212.26171875,156.59200960461814
H06,5,HOECHST,9794.423828125,178.1347657571067
H06,5,MITO,104276.578125,1433.7989531785324
H06,5,PHAandWGA,56025.4140625,910.1650696644175
H06,5,SYTO,48731.5859375,897.8222145736979
H06,6,CONC,13706.087890625,147.4956156193514
H06,6,HOECHST,10242.5126953125,170.72337314261048
H06,6,MITO,107649.296875,1385.7410251203926
H06,6,PHAandWGA,58068.234375,880.0837996623343
H06,6,SYTO,50724.87890625,850.1303922917707
H06,7,CONC,14175.1962890625,136.3475599747284
H06,7,HOECHST,10585.1884765625,161.1376095931015
H06,7,MITO,110905.234375,1321.1739854124394
H06,7,PHAandWGA,61101.359375,829.5804739252541
H06,7,SYTO,53694.0234375,786.5408285982716
H06,8,CONC,14437.224609375,125.40301059127299
H06,8,HOECHST,10893.833984375,150.54207572057376
H06,8,MITO,113650.0078125,1264.065723806799
H06,8,PHAandWGA,61979.328125,776.5728876083535
H06,8,SYTO,55424.890625,722.1107534718278
H06,9,CONC,14655.064453125,114.5212892116241
H06,9,HOECHST,11071.505859375,139.18033799027165
H06,9,MITO,116492.6328125,1203.5413337072105
H06,9,PHAandWGA,64462.40234375,727.4329290202652
H06,9,SYTO,56048.6796875,661.696427450838
H06,10,CONC,14747.744140625,104.85274204428391
H06,10,HOECHST,11261.560546875,128.76862891155946
H06,10,MITO,119078.765625,1139.7778078559436
H06,10,PHAandWGA,65002.8359375,676.3203534802944
H06,10,SYTO,57532.015625,604.6287944368306
H06,11,CONC,14840.3310546875,96.27502774336257
H06,11,HOECHST,11346.5634765625,119.26646542526045
H06,11,MITO,120623.65625,1082.5621428029178
H06,11,PHAandWGA,66074.6796875,631.8407297285942
H06,11,SYTO,58841.828125,556.0081013241827
H06,12,CONC,14994.35546875,87.97824060026134
H06,12,HOECHST,11524.3515625,110.81191326951581
H06,12,MITO,123184.359375,1013.2587905058375
H06,12,PHAandWGA,67259.7265625,590.2938338007929
H06,12,SYTO,59643.65625,509.1573884858406
H06,13,CONC,15026.677734375,80.55895481309669
H06,13,HOECHST,11652.2685546875,103.08614912640957
H06,13,MITO,125428.5859375,955.3368709069987
H06,13,PHAandWGA,68145.265625,552.2916091858677
H06,13,SYTO,60001.91796875,467.584827275529
H06,14,CONC,15103.3505859375,75.5404663341302
H06,14,HOECHST,11781.7060546875,97.76653087452695
H06,14,MITO,126114.8515625,912.9063007664338
H06,14,PHAandWGA,68705.28125,523.9231327581944
H06,14,SYTO,60618.6796875,438.9248202967258
H06,15,CONC,15162.02734375,71.30876884069725
H06,15,HOECHST,11803.50390625,93.31238266539124
H06,15,MITO,128115.78125,877.9065001903792
H06,15,PHAandWGA,69991.1015625,503.46443950436833
H06,15,SYTO,60153.1328125,417.441788414076
H07,0,CONC,11552.484375,96.11262310743882
H07,0,HOECHST,8724.017578125,117.90937307126366
H07,0,MITO,98372.1875,915.254474263065
H07,0,PHAandWGA,51238.0,536.4132876956307
H07,0,SYTO,43438.796875,566.3006841147507
H07,1,CONC,12612.8486328125,125.12057052285463
H07,1,HOECHST,9526.427734375,145.39309117796915
H07,1,MITO,102570.625,1065.250253358092
H07,1,PHAandWGA,54349.265625,648.4511034365561
H07,1,SYTO,46103.68359375,695.0807073680104
H07,2,CONC,13696.17578125,143.65258513810005
H07,2,HOECHST,10267.513671875,161.33608407775932
H07,2,MITO,107346.90625,1146.1052742330844
H07,2,PHAandWGA,58098.61328125,730.5418549511006
H07,2,SYTO,49856.6484375,781.9106290473997
H07,3,CONC,14648.1123046875,147.28685435573206
H07,3,HOECHST,10983.77734375,167.32673922432275
H07,3,MITO,112172.2734375,1177.1025812651853
H07,3,PHAandWGA,61580.765625,761.5611591984347
H07,3,SYTO,53490.3515625,805.1515221147006
H07,4,CONC,15428.818359375,140.48933318549737
H07,4,HOECHST,11683.36328125,164.35013908091676
H07,4,MITO,117105.8203125,1160.5825275167376
H07,4,PHAandWGA,64749.94140625,743.4734066901797
H07,4,SYTO,57241.875,776.3369641498892
H07,5,CONC,16113.294921875,128.94011727445414
H07,5,HOECHST,12300.1787109375,155.38284953566017
H07,5,MITO,122029.828125,1114.6053680732446
H07,5,PHAandWGA,67708.8828125,702.5717983204237
H07,5,SYTO,60133.0,716.3705218794375
H07,6,CONC,16542.57421875,115.85862201144467
H07,6,HOECHST,12641.3984375,144.0955377821239
H07,6,MITO,123583.109375,1049.0385100432889
H07,6,PHAandWGA,68995.7734375,648.274892609059
H07,6,SYTO,62428.7734375,647.0205019555659
H07,7,CONC,16787.66015625,102.99661062631121
H07,7,HOECHST,12991.255859375,132.5489006383623
H07,7,MITO,128647.0,994.5945363075695
H07,7,PHAandWGA,72099.890625,597.0017760120375
H07,7,SYTO,64353.7890625,580.6408093011612
H07,8,CONC,16973.705078125,91.78533921195944
H07,8,HOECHST,13113.9443359375,120.94436465043012
H07,8,MITO,131177.671875,938.2441471745781
H07,8,PHAandWGA,73609.046875,551.1432926876528
H07,8,SYTO,64909.78515625,523.747407455418
H07,9,CONC,17025.203125,82.14223407707681
H07,9,HOECHST,13349.0078125,110.73596348213984
H07,9,MITO,133698.28125,885.2889713864072
H07,9,PHAandWGA,74973.09375,510.06462611804204
H07,9,SYTO,66587.515625,472.39406670503416
H07,10,CONC,17036.3203125,73.84658615505072
H07,10,HOECHST,13447.5859375,102.95109096006186
H07,10,MITO,134285.953125,833.7512699114276
H07,10,PHAandWGA,74975.3828125,472.62543523272586
H07,10,SYTO,67354.21875,430.5726262587256
H07,11,CONC,17084.8984375,66.81244260486241
H07,11,HOECHST,13560.921875,96.25420016629651
H07,11,MITO,136608.15625,787.0388462510709
H07,11,PHAandWGA,76512.75,437.64847802434775
H07,11,SYTO,66913.625,395.3339022290068
H07,12,CONC,17084.0078125,59.40109390896116
H07,12,HOECHST,13764.19921875,88.9344717654313
H07,12,MITO,138627.625,734.4977246474334
H07,12,PHAandWGA,77391.515625,403.0733018338565
H07,12,SYTO,68064.15625,360.97809556757466
H07,13,CONC,17137.880859375,53.269255680415654
H07,13,HOECHST,13851.05078125,83.23353475680753
H07,13,MITO,139075.25,685.329468554777
H07,13,PHAandWGA,77279.4296875,372.1719560378862
H07,13,SYTO,68623.96875,329.43429517814826
H07,14,CONC,17169.384765625,49.271512805740926
H07,14,HOECHST,13908.2060546875,79.31680762717588
H07,14,MITO,141757.15625,654.8949159805741
H07,14,PHAandWGA,78598.4609375,352.39567779105806
H07,14,SYTO,68993.640625,310.7900722482813
H07,15,CONC,17207.46875,47.057485691636245
H07,15,HOECHST,13962.71484375,77.25760386703033
H07,15,MITO,142749.015625,634.865070397008
H07,15,PHAandWGA,79157.171875,341.39675841939453
H07,15,SYTO,68948.890625,299.3305886410566
H08,0,CONC,6275.8427734375,78.7285035993297
H08,0,HOECHST,4782.4345703125,85.56818539058652
H08,0,MITO,76406.328125,1568.2581501575953
H08,0,PHAandWGA,31364.109375,641.8709773925519
H08,0,SYTO,21265.515625,476.8674257656311
H08,1,CONC,6943.04541015625,117.2058881575445
H08,1,HOECHST,5162.8525390625,117.42960597740613
H08,1,MITO,81071.7109375,2068.796641056636
H08,1,PHAandWGA,33157.6796875,808.0075189801735
H08,1,SYTO,23245.48828125,638.5064189927575
H08,2,CONC,8013.52001953125,167.5208401539947
H08,2,HOECHST,5846.86279296875,164.19892276090766
H08,2,MITO,90491.78125,2664.966018066905
H08,2,PHAandWGA,36662.37109375,1046.3110586281246
H08,2,SYTO,26986.8515625,864.8475271121323
H08,3,CONC,9232.267578125,211.58061180258366
H08,3,HOECHST,6784.26220703125,219.28547860494496
H08,3,MITO,102330.578125,3173.230594451822
H08,3,PHAandWGA,41117.75,1258.521748216711
H08,3,SYTO,31934.00390625,1069.7566599368913
H08,4,CONC,10074.984375,219.30166717317692
H08,4,HOECHST,7558.7412109375,241.1263279385733
H08,4,MITO,109474.71875,3246.3553431449545
H08,4,PHAandWGA,44854.7578125,1334.2312352017016
H08,4,SYTO,35991.96875,1136.8171525964121
H08,5,CONC,10536.849609375,209.3074929818847
H08,5,HOECHST,8102.201171875,235.94457053383255
H08,5,MITO,113691.4453125,3106.824913185677
H08,5,PHAandWGA,47648.109375,1320.7357601995147
H08,5,SYTO,38668.32421875,1107.0467332829758
H08,6,CONC,10740.958984375,195.17735757935876
H08,6,HOECHST,8286.6845703125,220.70263927100316
H08,6,MITO,117603.453125,2965.388121227142
H08,6,PHAandWGA,50378.9296875,1280.9368031705048
H08,6,SYTO,40926.01171875,1049.4037007708525
H08,7,CONC,10792.0751953125,181.61837050534544
H08,7,HOECHST,8379.8076171875,207.92288047539813
H08,7,MITO,118230.2578125,2800.243851774002
H08,7,PHAandWGA,51140.0234375,1234.988032318052
H08,7,SYTO,41875.046875,991.9406329897793
H08,8,CONC,10710.765625,168.4044754998486
H08,8,HOECHST,8425.59375,191.156871258031
H08,8,MITO,118554.609375,2655.3176422184947
H08,8,PHAandWGA,52606.2890625,1190.2056926763712
H08,8,SYTO,42200.50390625,929.3613375575095
H08,9,CONC,10613.7626953125,155.3201604545468
H08,9,HOECHST,8348.208984375,177.22003607263696
H08,9,MITO,119098.71875,2512.788464710388
H08,9,PHAandWGA,53471.17578125,1143.3504957678615
H08,9,SYTO,42915.2734375,866.8115297608065
H08,10,CONC,10470.25390625,142.12595073793986
H08,10,HOECHST,8288.611328125,165.10128270297088
H08,10,MITO,118684.0,2363.712948007641
H08,10,PHAandWGA,53732.390625,1083.9113243329948
H08,10,SYTO,43231.4765625,808.9291496255462
H08,11,CONC,10406.8095703125,130.9084152798491
H08,11,HOECHST,8306.7109375,153.7018306420883
H08,11,MITO,117937.8125,2221.5916744507335
H08,11,PHAandWGA,53586.078125,1027.7569129374624
H08,11,SYTO,43857.234375,752.6952405707274
H08,12,CONC,10381.5654296875,121.71761709138536
H08,12,HOECHST,8264.1611328125,144.2732797698676
H08,12,MITO,118680.46875,2112.5357356034183
H08,12,PHAandWGA,54107.890625,985.0000284602755
H08,12,SYTO,43268.65234375,709.6230796011881
H08,13,CONC,10280.22265625,113.4424495406019
H08,13,HOECHST,8273.572265625,136.4737600822532
H08,13,MITO,119268.71875,2016.7954212527725
H08,13,PHAandWGA,54335.14453125,947.0774967281637
H08,13,SYTO,43238.078125,672.9266072616822
H08,14,CONC,10305.787109375,105.90958517356765
H08,14,HOECHST,8303.771484375,129.0293102952796
H08,14,MITO,119179.515625,1903.6798063775302
H08,14,PHAandWGA,54017.46875,907.6837140344921
H08,14,SYTO,43282.6328125,632.6202128057535
H08,15,CONC,10254.318359375,100.92458236782868
H08,15,HOECHST,8353.4990234375,122.72451838571286
H08,15,MITO,120152.46875,1820.6413382969859
H08,15,PHAandWGA,53858.9609375,873.6388895545308
H08,15,SYTO,42886.09375,598.7596845383949
H09,0,CONC,5294.8837890625,118.97578856380545
H09,0,HOECHST,4231.7509765625,160.84819756374353
H09,0,MITO,65864.796875,2657.9624435747633
H09,0,PHAandWGA,25097.55078125,960.6650819163399
H09,0,SYTO,16456.10546875,700.0426887221954
H09,1,CONC,5819.1064453125,150.37104094183934
H09,1,HOECHST,4911.5458984375,302.69775223801827
H09,1,MITO,69855.0625,3034.042133550623
H09,1,PHAandWGA,27188.578125,1151.537833179451
H09,1,SYTO,19113.625,871.3922230653081
H09,2,CONC,6258.80810546875,166.3483337202169
H09,2,HOECHST,5486.5869140625,370.23745863745165
H09,2,MITO,74717.328125,3210.7313059516982
H09,2,PHAandWGA,28713.84765625,1276.3069545018154
H09,2,SYTO,21496.703125,978.8354245839874
H09,3,CONC,6544.02587890625,168.93075957395527
H09,3,HOECHST,5792.78515625,346.7792629836798
H09,3,MITO,77422.3203125,3223.3364664693227
H09,3,PHAandWGA,30551.58203125,1325.182507559866
H09,3,SYTO,23442.4140625,1009.7921026665217
H09,4,CONC,6714.57080078125,165.01153485243105
H09,4,HOECHST,5821.50439453125,293.1362578768762
H09,4,MITO,78847.5,3170.5438616491983
H09,4,PHAandWGA,32507.87109375,1335.1252283564272
H09,4,SYTO,24934.08203125,994.7575252424825
H09,5,CONC,6899.09033203125,161.4323120918176
H09,5,HOECHST,5719.794921875,210.23684636359195
H09,5,MITO,80956.109375,3132.0405600081835
H09,5,PHAandWGA,33720.328125,1321.2181552404681
H09,5,SYTO,26442.31640625,960.6374107716341
H09,6,CONC,7029.67431640625,157.75813774793562
H09,6,HOECHST,5723.29443359375,177.80866087329056
H09,6,MITO,82529.203125,3078.5315240461437
H09,6,PHAandWGA,35473.984375,1296.0532521190173
H09,6,SYTO,27944.08984375,932.2309604370149
H09,7,CONC,7128.09521484375,153.42298092453402
H09,7,HOECHST,5819.7822265625,169.70271454495793
H09,7,MITO,83534.90625,2986.9507079019354
H09,7,PHAandWGA,36467.2265625,1262.0673949916313
H09,7,SYTO,29539.58203125,897.2053146419655
H09,8,CONC,7165.0107421875,147.77681702369227
H09,8,HOECHST,5877.185546875,162.64647477561815
H09,8,MITO,85559.25,2917.6340513457244
H09,8,PHAandWGA,37327.55078125,1228.2069157822546
H09,8,SYTO,30594.880859375,864.3508716266928
H09,9,CONC,7201.7451171875,141.8357676923926
H09,9,HOECHST,5906.8505859375,155.28572344227717
H09,9,MITO,85048.125,2817.9234444898134
H09,9,PHAandWGA,37989.9140625,1193.6321756366228
H09,9,SYTO,30960.0234375,826.0574918497693
H09,10,CONC,7210.28564453125,135.97984399122964
H09,10,HOECHST,5948.1796875,148.35594828970548
H09,10,MITO,86482.6015625,2736.366596905817
H09,10,PHAandWGA,39003.1484375,1158.6797672542928
H09,10,SYTO,31265.17578125,788.0945079255607
H09,11,CONC,7270.4873046875,129.97522039636394
H09,11,HOECHST,5957.32568359375,141.94296097129126
H09,11,MITO,87322.546875,2635.4006596782733
H09,11,PHAandWGA,38881.0859375,1121.9542231316852
H09,11,SYTO,31031.02734375,750.0141123752051
H09,12,CONC,7298.11083984375,123.85519662659839
H09,12,HOECHST,6024.59033203125,135.40557660721336
H09,12,MITO,88127.390625,2537.764101420575
H09,12,PHAandWGA,39088.5703125,1086.3710972445404
H09,12,SYTO,30337.431640625,713.8133084306735
H09,13,CONC,7291.03759765625,117.686882063751
H09,13,HOECHST,6077.0,129.21321841167276
H09,13,MITO,87654.0703125,2423.377257435655
H09,13,PHAandWGA,39279.45703125,1048.1506204944742
H09,13,SYTO,30105.4375,679.4690185902455
H09,14,CONC,7383.6181640625,112.49094199026977
H09,14,HOECHST,6104.2880859375,123.61826543832102
H09,14,MITO,88303.4453125,2341.0770304010307
H09,14,PHAandWGA,39292.65234375,1013.8578037468405
H09,14,SYTO,30086.302734375,648.9156329119288
H09,15,CONC,7427.107421875,107.10184213396742
H09,15,HOECHST,6166.3955078125,118.1320754164011
H09,15,MITO,89246.84375,2230.6916041074132
H09,15,PHAandWGA,39867.92578125,976.0176655780649
H09,15,SYTO,29378.13671875,612.5944234508114
H10,0,CONC,9043.634765625,129.90601249176464
H10,0,HOECHST,6681.40625,141.07805220444058
H10,0,MITO,88981.109375,1632.7612495399871
H10,0,PHAandWGA,41875.8671875,867.5405061971753
H10,0,SYTO,32560.4453125,787.5706233215516
H10,1,CONC,10255.11328125,186.44104174359654
H10,1,HOECHST,7438.03955078125,184.0464851571549
H10,1,MITO,95767.40625,2028.2757139135606
H10,1,PHAandWGA,46034.30078125,1117.4324421040994
H10,1,SYTO,36280.54296875,1041.207238594697
H10,2,CONC,11244.15234375,217.6734862155414
H10,2,HOECHST,8203.263671875,222.3459518695075
H10,2,MITO,101823.890625,2230.425369255184
H10,2,PHAandWGA,48943.1953125,1250.4051223758474
H10,2,SYTO,40248.8359375,1192.8328430543647
H10,3,CONC,11855.4638671875,211.43870601647768
H10,3,HOECHST,8855.201171875,235.2291016843134
H10,3,MITO,105716.09375,2220.4002585875496
H10,3,PHAandWGA,52098.55078125,1279.6037894282379
H10,3,SYTO,42507.0625,1216.573028090868
H10,4,CONC,12247.611328125,200.59181029641763
H10,4,HOECHST,9255.34375,231.3362966847828
H10,4,MITO,108682.015625,2174.6794685120217
H10,4,PHAandWGA,54433.02734375,1262.1069019122153
H10,4,SYTO,44661.6484375,1174.1378512190943
H10,5,CONC,12691.759765625,187.46927252956718
H10,5,HOECHST,9694.98046875,224.85827555431868
H10,5,MITO,113072.0390625,2098.492634363735
H10,5,PHAandWGA,57235.9375,1206.658207885804
H10,5,SYTO,47174.1875,1104.2011157578224
H10,6,CONC,13100.3896484375,172.8985627807777
H10,6,HOECHST,10107.1318359375,205.5245272069298
H10,6,MITO,117826.53125,1971.8981845127594
H10,6,PHAandWGA,59920.08203125,1127.929607866424
H10,6,SYTO,50578.203125,1003.2256129931774
H10,7,CONC,13432.330078125,156.099717831042
H10,7,HOECHST,10470.97265625,192.24015226285462
H10,7,MITO,119351.203125,1834.4672617079211
H10,7,PHAandWGA,62190.1328125,1045.8378524281018
H10,7,SYTO,52466.453125,912.7448883983795
H10,8,CONC,13493.4306640625,140.05267046778775
H10,8,HOECHST,10628.0556640625,175.38220440820982
H10,8,MITO,122747.3125,1705.844385465042
H10,8,PHAandWGA,63076.81640625,971.4138014905695
H10,8,SYTO,53860.15234375,829.7500837800342
H10,9,CONC,13560.412109375,129.59817252208882
H10,9,HOECHST,10770.400390625,163.70998716808444
H10,9,MITO,124246.34375,1627.7036359797073
H10,9,PHAandWGA,64222.16015625,914.9782825950515
H10,9,SYTO,54795.6640625,765.6134584991759
H10,10,CONC,13564.45703125,120.883118950213
H10,10,HOECHST,10797.73828125,151.74056610134264
H10,10,MITO,126048.1640625,1572.73778493754
H10,10,PHAandWGA,65847.6171875,873.1666173999869
H10,10,SYTO,55420.9921875,717.9636145211643
H10,11,CONC,13580.83984375,111.98529614418662
H10,11,HOECHST,10756.7763671875,141.08521783272073
H10,11,MITO,128216.640625,1507.020012661358
H10,11,PHAandWGA,66655.703125,824.9616469458524
H10,11,SYTO,56156.3125,665.7041454742658
H10,12,CONC,13568.2451171875,103.62305221075587
H10,12,HOECHST,10811.2109375,132.13084331243337
H10,12,MITO,128696.171875,1441.4912595457938
H10,12,PHAandWGA,66504.375,780.6092518045398
H10,12,SYTO,55724.296875,619.8085971610336
H10,13,CONC,13494.603515625,95.93270778346921
H10,13,HOECHST,10828.181640625,125.05634850384985
H10,13,MITO,128475.421875,1376.6931402226005
H10,13,PHAandWGA,67693.484375,743.7984857741608
H10,13,SYTO,55541.03125,581.1651636532956
H10,14,CONC,13439.99609375,90.47826432651627
H10,14,HOECHST,10920.6064453125,119.41397005811594
H10,14,MITO,129133.875,1325.4291206190128
H10,14,PHAandWGA,67531.0234375,713.9573599090938
H10,14,SYTO,56479.28515625,550.4884454969398
H10,15,CONC,13440.505859375,86.53799772574725
H10,15,HOECHST,10951.857421875,114.6663826021691
H10,15,MITO,130137.7421875,1290.516641515903
H10,15,PHAandWGA,66919.140625,692.9209398823414
H10,15,SYTO,56718.5234375,528.2702074266621
H11,0,CONC,5757.494140625,97.48597140124961
H11,0,HOECHST,3996.78076171875,93.29629156924977
H11,0,MITO,64800.3828125,1634.332511597321
H11,0,PHAandWGA,25888.7109375,784.5726144310514
H11,0,SYTO,17836.18359375,578.2671168849892
H11,1,CONC,6422.7705078125,147.9097392331633
H11,1,HOECHST,4328.80908203125,129.06725836508616
H11,1,MITO,67895.5,2077.569734611869
H11,1,PHAandWGA,27821.99609375,1070.979088555439
H11,1,SYTO,19471.759765625,834.5237089387603
H11,2,CONC,7646.234375,251.52384366611054
H11,2,HOECHST,5100.43310546875,221.0295733360261
H11,2,MITO,73870.421875,2814.6976912603836
H11,2,PHAandWGA,31453.357421875,1513.359525321039
H11,2,SYTO,23263.94921875,1292.533840867507
H11,3,CONC,8645.642578125,309.4368046294731
H11,3,HOECHST,5956.0126953125,296.42612646830736
H11,3,MITO,80749.671875,3353.702678589515
H11,3,PHAandWGA,34760.9296875,1762.139605254666
H11,3,SYTO,27035.025390625,1558.587009939386
H11,4,CONC,9553.5361328125,331.4553681802878
H11,4,HOECHST,6683.19873046875,329.7923937867292
H11,4,MITO,86938.1875,3628.845418469791
H11,4,PHAandWGA,37945.48046875,1874.654919847621
H11,4,SYTO,30635.587890625,1651.5701160900132
H11,5,CONC,10316.3388671875,335.3229165464758
H11,5,HOECHST,7232.86181640625,328.36517914331137
H11,5,MITO,92773.703125,3765.5203463660796
H11,5,PHAandWGA,40922.453125,1919.1727630851888
H11,5,SYTO,33692.08203125,1639.1287252577768
H11,6,CONC,10722.861328125,323.95660341539485
H11,6,HOECHST,7551.6826171875,320.5181316840489
H11,6,MITO,96741.6796875,3717.1933149973706
H11,6,PHAandWGA,44170.625,1891.6525931747024
H11,6,SYTO,35930.45703125,1563.261000299732
H11,7,CONC,10846.123046875,304.39357799117516
H11,7,HOECHST,7751.90478515625,301.6515190297635
H11,7,MITO,100767.90625,3684.439204748912
H11,7,PHAandWGA,45598.1875,1832.0641010576348
H11,7,SYTO,37531.5546875,1469.441053739726
H11,8,CONC,10905.2001953125,287.510145440823
H11,8,HOECHST,7845.06201171875,284.7905332111739
H11,8,MITO,103208.015625,3590.8989570879426
H11,8,PHAandWGA,47115.65625,1764.5350858296417
H11,8,SYTO,37970.76953125,1384.2163627724265
H11,9,CONC,10989.44921875,269.5584334912195
H11,9,HOECHST,7945.482421875,274.34192511851586
H11,9,MITO,105453.953125,3470.6155354731936
H11,9,PHAandWGA,48604.5625,1676.8171079054764
H11,9,SYTO,38803.1015625,1284.8012245932798
H11,10,CONC,11002.646484375,251.86037684623267
H11,10,HOECHST,7952.486328125,256.00908605013177
H11,10,MITO,107744.28125,3374.6027631813995
H11,10,PHAandWGA,49073.015625,1595.0881577578523
H11,10,SYTO,39984.94921875,1193.0688011230318
H11,11,CONC,10888.00390625,233.7982935974211
H11,11,HOECHST,7899.35888671875,233.2663088389672
H11,11,MITO,108898.875,3255.9541994005904
H11,11,PHAandWGA,49569.890625,1517.153537309247
H11,11,SYTO,40408.3203125,1116.1304732065112
H11,12,CONC,10718.3271484375,215.8868296115306
H11,12,HOECHST,7786.181640625,215.76766943287598
H11,12,MITO,109934.0625,3125.0358319289803
H11,12,PHAandWGA,49833.546875,1450.0393790267717
H11,12,SYTO,39661.8125,1041.505208347729
H11,13,CONC,10624.9462890625,201.64092129186528
H11,13,HOECHST,7763.15283203125,201.15798621546887
H11,13,MITO,110218.71875,3026.2526405353483
H11,13,PHAandWGA,50456.58203125,1393.5526203977477
H11,13,SYTO,39435.09765625,979.2159586111742
H11,14,CONC,10408.115234375,189.7850488157365
H11,14,HOECHST,7601.4658203125,190.45774755095061
H11,14,MITO,109369.7421875,2970.9889310869025
H11,14,PHAandWGA,49970.4296875,1357.3164138694158
H11,14,SYTO,38326.24609375,935.8478419485323
H11,15,CONC,10253.5478515625,179.88456913793817
H11,15,HOECHST,7496.365234375,180.63171088750346
H11,15,MITO,109360.34375,2920.4764869559895
H11,15,PHAandWGA,48822.83984375,1326.0758473317337
H11,15,SYTO,37822.3046875,897.9587600366763
H12,0,CONC,8549.505859375,78.50545469296047
H12,0,HOECHST,6210.43994140625,85.16986878800142
H12,0,MITO,91393.1875,1326.6900222927036
H12,0,PHAandWGA,41170.38671875,557.3865856361812
H12,0,SYTO,31003.828125,471.167366500285
H12,1,CONC,9311.142578125,103.39324762806812
H12,1,HOECHST,6726.349609375,111.0084043922671
H12,1,MITO,96479.1484375,1634.8505250441158
H12,1,PHAandWGA,43084.546875,680.034185478116
H12,1,SYTO,33214.06640625,593.1989730489125
H12,2,CONC,10125.955078125,123.71746508634209
H12,2,HOECHST,7255.9111328125,132.16679856051
H12,2,MITO,103351.453125,1807.2549060566164
H12,2,PHAandWGA,46091.83984375,800.7870997727031
H12,2,SYTO,35958.8515625,706.7877529856972
H12,3,CONC,11079.685546875,136.9488284431818
H12,3,HOECHST,7880.7626953125,147.37465967121636
H12,3,MITO,110729.265625,1889.547921638606
H12,3,PHAandWGA,49973.3984375,881.7690728385796
H12,3,SYTO,39550.0234375,777.5961576999433
H12,4,CONC,11689.95703125,138.8145530147743
H12,4,HOECHST,8392.0634765625,154.54640371713543
H12,4,MITO,115742.859375,1871.1836607244702
H12,4,PHAandWGA,52877.6328125,901.1122852782366
H12,4,SYTO,42380.12109375,799.348815732827
H12,5,CONC,12026.154296875,130.50366038189418
H12,5,HOECHST,8841.880859375,149.96119384012863
H12,5,MITO,118552.484375,1752.5935864053354
H12,5,PHAandWGA,55626.25,881.1333121917277
H12,5,SYTO,45213.72265625,771.3193234113489
H12,6,CONC,12374.66015625,119.25634098135882
H12,6,HOECHST,9165.6943359375,142.6171275169579
H12,6,MITO,122926.4140625,1615.7776844033185
H12,6,PHAandWGA,58442.8984375,834.9380208554729
H12,6,SYTO,47139.3984375,719.9051771199213
H12,7,CONC,12554.69140625,108.32222816513574
H12,7,HOECHST,9434.197265625,131.6713654832155
H12,7,MITO,124639.078125,1471.8790085184573
H12,7,PHAandWGA,60094.84375,782.0362692758529
H12,7,SYTO,49796.6796875,663.0266576505844
H12,8,CONC,12720.634765625,98.29868047306134
H12,8,HOECHST,9590.6015625,120.51790528918394
H12,8,MITO,127124.6015625,1351.0001691828131
H12,8,PHAandWGA,61167.65625,726.9883185992869
H12,8,SYTO,51324.6953125,605.0407553983447
H12,9,CONC,12847.572265625,89.70442472478409
H12,9,HOECHST,9783.9716796875,110.35073187261435
H12,9,MITO,129178.359375,1246.5509779257957
H12,9,PHAandWGA,63574.52734375,673.3432190796694
H12,9,SYTO,52585.8515625,549.2682327935397
H12,10,CONC,12973.48046875,81.78142316868069
H12,10,HOECHST,9944.412109375,101.82752959228715
H12,10,MITO,128910.25,1140.430562686791
H12,10,PHAandWGA,64923.640625,624.4483019647772
H12,10,SYTO,53754.4296875,498.60369926380577
H12,11,CONC,13090.478515625,74.40674597239727
H12,11,HOECHST,10081.53515625,94.11998828269921
H12,11,MITO,131768.140625,1057.5623627625746
H12,11,PHAandWGA,65317.1953125,578.4556040265924
H12,11,SYTO,54665.33984375,455.69165074054365
H12,12,CONC,13133.0087890625,68.13576974579455
H12,12,HOECHST,10150.33984375,87.09863301910316
H12,12,MITO,132407.90625,985.6948434437599
H12,12,PHAandWGA,66139.3125,544.9614111342512
H12,12,SYTO,55181.046875,421.2062169211074
H12,13,CONC,13120.787109375,63.060418791966335
H12,13,HOECHST,10248.90625,81.12379473083011
H12,13,MITO,131841.09375,914.720701382198
H12,13,PHAandWGA,66166.3203125,512.9045970149942
H12,13,SYTO,54932.625,390.3016398983381
H12,14,CONC,13174.953125,58.68520307388371
H12,14,HOECHST,10332.37890625,76.13127974579065
H12,14,MITO,132329.65625,855.5626558513628
H12,14,PHAandWGA,68023.7578125,485.6868652771847
H12,14,SYTO,56604.4921875,364.3629943323858
H12,15,CONC,13217.8623046875,55.20258629142661
H12,15,HOECHST,10415.1123046875,72.50444112862827
H12,15,MITO,132334.046875,808.8529926918144
H12,15,PHAandWGA,67491.203125,464.1864945122066
H12,15,SYTO,56532.5234375,344.07759547995147
H13,0,CONC,3608.5,130.6491733054016
H13,0,HOECHST,2508.80712890625,116.64413286942286
H13,0,MITO,47714.20703125,3661.441206007972
H13,0,PHAandWGA,15308.16796875,1068.287794074585
H13,0,SYTO,8373.818359375,599.9972191740657
H13,1,CONC,4225.84912109375,199.99861734112878
H13,1,HOECHST,2995.11572265625,197.860882656606
H13,1,MITO,53038.99609375,4806.129742769618
H13,1,PHAandWGA,17466.328125,1489.5294713410055
H13,1,SYTO,11028.15234375,926.0201715241756
H13,2,CONC,4793.35009765625,253.7106413413063
H13,2,HOECHST,3461.85791015625,256.1912919475137
H13,2,MITO,58579.0390625,5572.85224864787
H13,2,PHAandWGA,20080.55078125,1805.7269440965429
H13,2,SYTO,13285.6845703125,1133.547304899723
H13,3,CONC,5271.93798828125,286.31186797843407
H13,3,HOECHST,3843.220703125,291.70254662117236
H13,3,MITO,63117.38671875,5916.352920272119
H13,3,PHAandWGA,22542.59375,2003.688228256081
H13,3,SYTO,15251.3125,1239.0947383669422
H13,4,CONC,5599.28173828125,300.0373183529396
H13,4,HOECHST,4098.669921875,297.78124315183794
H13,4,MITO,66418.328125,5992.312494368379
H13,4,PHAandWGA,24644.49609375,2110.703682095634
H13,4,SYTO,16558.748046875,1263.505477888255
H13,5,CONC,5793.58984375,300.4972056140392
H13,5,HOECHST,4236.08935546875,295.11988930668036
H13,5,MITO,68478.09375,5995.247142100016
H13,5,PHAandWGA,25598.939453125,2088.365605241159
H13,5,SYTO,17805.734375,1243.4514644878511
H13,6,CONC,5879.59130859375,293.39188969306156
H13,6,HOECHST,4348.2451171875,288.16973228455873
H13,6,MITO,69462.46875,5909.887228483684
H13,6,PHAandWGA,26681.501953125,2088.1089179696223
H13,6,SYTO,18981.28515625,1206.705032253782
H13,7,CONC,5913.5380859375,283.872321644549
H13,7,HOECHST,4381.3232421875,278.3343571341027
H13,7,MITO,70319.2109375,5773.572717672471
H13,7,PHAandWGA,27874.955078125,2078.0988511267055
H13,7,SYTO,19368.0546875,1162.766634050833
H13,8,CONC,5923.490234375,272.3934264352774
H13,8,HOECHST,4423.81689453125,265.2557675066147
H13,8,MITO,71075.5390625,5641.141979132737
H13,8,PHAandWGA,27904.138671875,2006.444022747609
H13,8,SYTO,19755.689453125,1111.2878466444818
H13,9,CONC,5889.123046875,261.8352566063515
H13,9,HOECHST,4373.310546875,248.35832476795514
H13,9,MITO,72322.9140625,5540.394406087196
H13,9,PHAandWGA,28240.546875,1956.2518551261571
H13,9,SYTO,19520.5078125,1057.0162213215676
H13,10,CONC,5894.79296875,249.04363253564208
H13,10,HOECHST,4362.73388671875,236.11963131770594
H13,10,MITO,71935.4296875,5371.724256967493
H13,10,PHAandWGA,28599.4375,1885.5451106510593
H13,10,SYTO,19055.53125,1002.4703649758488
H13,11,CONC,5822.443359375,235.3799066887029
H13,11,HOECHST,4304.9482421875,219.71879471140846
H13,11,MITO,72856.8828125,5225.430509883967
H13,11,PHAandWGA,27789.142578125,1799.6648571178785
H13,11,SYTO,18467.11328125,944.5903519090201
H13,12,CONC,5737.24267578125,223.4849092350656
H13,12,HOECHST,4212.81103515625,203.1725951780133
H13,12,MITO,71924.625,5054.137730262816
H13,12,PHAandWGA,27552.45703125,1751.3122669901538
H13,12,SYTO,17552.271484375,890.636144005335
H13,13,CONC,5630.69873046875,210.26355901392168
H13,13,HOECHST,4141.9248046875,188.67797635764555
H13,13,MITO,71553.9375,4874.996940177518
H13,13,PHAandWGA,27043.1328125,1681.8004581102175
H13,13,SYTO,16524.80859375,835.8212472191392
H13,14,CONC,5601.3232421875,196.59657113427954
H13,14,HOECHST,4113.89404296875,174.65965914226905
H13,14,MITO,70871.359375,4648.446761194137
H13,14,PHAandWGA,26730.03125,1586.3614756500797
H13,14,SYTO,15778.369140625,776.5067222150435
H13,15,CONC,5567.36572265625,182.06654785695267
H13,15,HOECHST,4072.6767578125,160.15291716965552
H13,15,MITO,70763.5234375,4399.750894838887
H13,15,PHAandWGA,25807.525390625,1486.209855498049
H13,15,SYTO,15076.1171875,715.701828711215
H14,0,CONC,5172.818359375,78.68393401299899
H14,0,HOECHST,4098.7607421875,98.02597430614846
H14,0,MITO,69926.1171875,2090.332147025822
H14,0,PHAandWGA,26208.10546875,775.0066583430707
H14,0,SYTO,15052.517578125,469.16179923000806
H14,1,CONC,5897.5322265625,129.78505272742868
H14,1,HOECHST,4510.302734375,145.92863153555538
H14,1,MITO,77070.59375,2921.3328797825243
H14,1,PHAandWGA,28795.9375,1035.6821145846257
H14,1,SYTO,17540.609375,690.2125070968984
H14,2,CONC,6809.78173828125,189.85119950261236
H14,2,HOECHST,5197.408203125,227.9299525365086
H14,2,MITO,83883.1171875,3887.6948188063275
H14,2,PHAandWGA,31837.55078125,1419.3942916260532
H14,2,SYTO,20902.4140625,1012.9524431974944
H14,3,CONC,7529.8046875,223.35774482413933
H14,3,HOECHST,5888.7216796875,285.60541938957607
H14,3,MITO,90770.671875,4432.308612091838
H14,3,PHAandWGA,35873.1171875,1786.6075877021385
H14,3,SYTO,23935.85546875,1231.9337239187253
H14,4,CONC,8148.37353515625,240.69460274580211
H14,4,HOECHST,6559.00390625,318.32884169891366
H14,4,MITO,97799.421875,4708.033232415079
H14,4,PHAandWGA,38764.5859375,1936.3878351693706
H14,4,SYTO,27025.904296875,1330.835644724704
H14,5,CONC,8686.732421875,250.29163879237018
H14,5,HOECHST,7012.4755859375,332.527195704009
H14,5,MITO,102544.0859375,4795.012717438376
H14,5,PHAandWGA,40926.328125,1963.705160682657
H14,5,SYTO,29178.310546875,1350.5414411248812
H14,6,CONC,9009.39453125,246.66736954648852
H14,6,HOECHST,7345.19921875,325.48320332304434
H14,6,MITO,106705.8125,4704.886093537364
H14,6,PHAandWGA,43900.1328125,1961.2918236617115
H14,6,SYTO,31145.724609375,1317.746697088392
H14,7,CONC,9284.822265625,235.2376600879936
H14,7,HOECHST,7551.5361328125,303.63608866791367
H14,7,MITO,110880.03125,4502.929642800602
H14,7,PHAandWGA,45720.32421875,1910.8747393974465
H14,7,SYTO,32523.654296875,1244.5929155543206
H14,8,CONC,9394.484375,223.19316439639326
H14,8,HOECHST,7798.328125,300.3626174103216
H14,8,MITO,113409.5625,4352.504535013773
H14,8,PHAandWGA,47198.5390625,1827.4702188576737
H14,8,SYTO,34132.125,1182.1749007075189
H14,9,CONC,9379.255859375,212.0167968722427
H14,9,HOECHST,7737.640625,281.33307009842486
H14,9,MITO,115767.390625,4252.839798117551
H14,9,PHAandWGA,48752.9609375,1785.324189619897
H14,9,SYTO,34110.484375,1123.077747760326
H14,10,CONC,9424.392578125,200.99980130340464
H14,10,HOECHST,7782.2001953125,263.5025372457667
H14,10,MITO,117133.15625,4119.382028615744
H14,10,PHAandWGA,48624.37890625,1699.0693249237463
H14,10,SYTO,35716.5078125,1066.8406399840917
H14,11,CONC,9372.1103515625,187.4489162336337
H14,11,HOECHST,7880.361328125,245.84841309608382
H14,11,MITO,118248.3671875,3912.2723694368783
H14,11,PHAandWGA,49072.890625,1588.6257148638183
H14,11,SYTO,36011.0390625,993.557701334016
H14,12,CONC,9352.083984375,175.91186875565626
H14,12,HOECHST,7867.8662109375,230.05459904255346
H14,12,MITO,119162.453125,3759.0276592829655
H14,12,PHAandWGA,49597.96875,1518.153525075902
H14,12,SYTO,36478.2421875,933.0518051056179
H14,13,CONC,9336.453125,165.89916438787657
H14,13,HOECHST,7823.33740234375,214.72009770244705
H14,13,MITO,119412.6328125,3604.913037221378
H14,13,PHAandWGA,50023.5078125,1463.1050884938868
H14,13,SYTO,36692.1328125,877.3505245024056
H14,14,CONC,9292.732421875,157.35308148569183
H14,14,HOECHST,7812.32421875,202.89455913669266
H14,14,MITO,120047.0,3463.7754782672605
H14,14,PHAandWGA,50094.8984375,1399.3097288582235
H14,14,SYTO,36012.078125,829.6374848979495
H14,15,CONC,9236.943359375,149.2389271137759
H14,15,HOECHST,7772.0439453125,191.05385672936495
H14,15,MITO,118461.453125,3293.5116725040025
H14,15,PHAandWGA,49895.359375,1339.4214813943636
H14,15,SYTO,36213.26953125,789.2218592044644
H16,0,CONC,6084.1650390625,139.38640294101714
H16,0,HOECHST,4874.74267578125,162.15226142597103
H16,0,MITO,76260.9375,2517.7765042812734
H16,0,PHAandWGA,29756.9375,1044.2241978029974
H16,0,SYTO,19614.8125,762.2488816280551
H16,1,CONC,6794.904296875,179.6245900399092
H16,1,HOECHST,5471.517578125,221.26475248445166
H16,1,MITO,80247.515625,3008.764452540073
H16,1,PHAandWGA,32293.142578125,1306.545318707924
H16,1,SYTO,22084.8984375,1000.2330713762501
H16,2,CONC,7321.2451171875,200.55145431666082
H16,2,HOECHST,5986.93115234375,257.6202380179657
H16,2,MITO,83282.3046875,3229.7546518077475
H16,2,PHAandWGA,34826.265625,1440.9769801696032
H16,2,SYTO,24515.794921875,1120.9017119929827
H16,3,CONC,7762.869140625,212.63058768283682
H16,3,HOECHST,6340.41845703125,259.21760259765676
H16,3,MITO,87897.5,3344.737009082871
H16,3,PHAandWGA,37306.75,1518.0931703362373
H16,3,SYTO,27097.80859375,1161.8065577994778
H16,4,CONC,8135.0419921875,216.00506832776537
H16,4,HOECHST,6803.9873046875,282.5713014721368
H16,4,MITO,91589.671875,3384.1699883981273
H16,4,PHAandWGA,39511.9921875,1553.8867869628264
H16,4,SYTO,28805.849609375,1188.374596040131
H16,5,CONC,8453.9111328125,215.0798432327723
H16,5,HOECHST,7116.556640625,281.8087583761476
H16,5,MITO,94687.59375,3368.7092855538444
H16,5,PHAandWGA,41347.98046875,1571.4461817504293
H16,5,SYTO,30509.40234375,1186.4279514204118
H16,6,CONC,8701.44140625,207.91523618806715
H16,6,HOECHST,7332.3046875,267.2646621305274
H16,6,MITO,97041.2578125,3276.2076923939017
H16,6,PHAandWGA,43027.47265625,1538.9077576422771
H16,6,SYTO,32411.25390625,1140.7650527306691
H16,7,CONC,8961.0634765625,199.12147703226375
H16,7,HOECHST,7556.2998046875,257.6745052311129
H16,7,MITO,101194.4921875,3168.283352348575
H16,7,PHAandWGA,44702.75,1481.7881342929309
H16,7,SYTO,33387.6953125,1084.448622875261
H16,8,CONC,9058.669921875,187.98425966123324
H16,8,HOECHST,7773.552734375,242.79797482341965
H16,8,MITO,102200.75,3038.9337183084017
H16,8,PHAandWGA,45947.65234375,1409.6869723467014
H16,8,SYTO,35144.93359375,1014.4293428117423
H16,9,CONC,9157.6162109375,176.13658796957316
H16,9,HOECHST,7930.6201171875,232.88401485642962
H16,9,MITO,105083.8125,2925.288947062944
H16,9,PHAandWGA,47666.6484375,1330.9630463846493
H16,9,SYTO,35332.5078125,948.122262802622
H16,10,CONC,9148.5625,166.6406766805931
H16,10,HOECHST,7972.8408203125,220.35705859611795
H16,10,MITO,105373.2890625,2831.080547794053
H16,10,PHAandWGA,48369.46484375,1278.7733757125316
H16,10,SYTO,35681.67578125,895.9517676820615
H16,11,CONC,9132.9033203125,159.33857254987504
H16,11,HOECHST,7906.50927734375,204.8596872685696
H16,11,MITO,107248.015625,2777.18665930059
H16,11,PHAandWGA,48805.2265625,1240.697755213984
H16,11,SYTO,35914.46484375,849.2289752043959
H16,12,CONC,9131.814453125,151.89562132769947
H16,12,HOECHST,7919.5283203125,195.01283912827722
H16,12,MITO,107974.75,2699.763544463328
H16,12,PHAandWGA,48981.75,1193.3940628565376
H16,12,SYTO,36012.3984375,804.1581133032704
H16,13,CONC,9132.41015625,145.1732501237319
H16,13,HOECHST,7967.60009765625,186.69709374515358
H16,13,MITO,107292.0,2612.2320105638983
H16,13,PHAandWGA,49139.0390625,1152.729100768145
H16,13,SYTO,36539.4375,764.4222229231154
H16,14,CONC,9169.84375,138.75784143470514
H16,14,HOECHST,7984.294921875,177.92296914602588
H16,14,MITO,108156.90625,2538.5144177688094
H16,14,PHAandWGA,48662.3984375,1111.4800239465367
H16,14,SYTO,36065.8359375,725.6447189002342
H16,15,CONC,9139.0400390625,132.27401522661975
H16,15,HOECHST,8026.5341796875,167.11523565761343
H16,15,MITO,109677.734375,2451.843150300561
H16,15,PHAandWGA,49426.1328125,1074.1340008705936
H16,15,SYTO,35931.21875,685.641010366123
H17,0,CONC,3627.228759765625,78.18738055352142
H17,0,HOECHST,2945.1240234375,89.10697043191527
H17,0,MITO,51318.1875,2074.6551439880436
H17,0,PHAandWGA,18234.697265625,799.4787627698754
H17,0,SYTO,10051.447265625,486.37342309119197
H17,1,CONC,3992.04345703125,110.6614585449899
H17,1,HOECHST,3175.071044921875,121.91648617098176
H17,1,MITO,53283.48828125,2563.259000086701
H17,1,PHAandWGA,19424.583984375,1020.4524101082584
H17,1,SYTO,12041.28515625,675.2266990515343
H17,2,CONC,4583.6572265625,176.67655185140637
H17,2,HOECHST,3701.552001953125,196.84651833515497
H17,2,MITO,58185.0078125,3332.6855387210267
H17,2,PHAandWGA,21762.078125,1428.4820315907803
H17,2,SYTO,14688.90625,1042.2757101161883
H17,3,CONC,5180.90625,221.0092167815849
H17,3,HOECHST,4262.6650390625,271.22657868669177
H17,3,MITO,63391.9453125,3879.809479565048
H17,3,PHAandWGA,24420.90234375,1720.6040177320244
H17,3,SYTO,17436.154296875,1302.8663092034506
H17,4,CONC,5632.8154296875,242.76324852566324
H17,4,HOECHST,4743.5146484375,306.51805132218317
H17,4,MITO,67992.59375,4233.5123585448
H17,4,PHAandWGA,26420.01171875,1863.2933701153727
H17,4,SYTO,19625.841796875,1405.9831321220865
H17,5,CONC,6017.3916015625,254.19146062284636
H17,5,HOECHST,5030.5068359375,306.6196294208308
H17,5,MITO,71464.5625,4503.093971397871
H17,5,PHAandWGA,28860.78125,1972.8598917460943
H17,5,SYTO,21543.13671875,1424.3622621749814
H17,6,CONC,6260.28369140625,254.68016247653412
H17,6,HOECHST,5287.138671875,307.9736942984213
H17,6,MITO,75361.21875,4609.367991835269
H17,6,PHAandWGA,30925.3046875,2012.164640262746
H17,6,SYTO,23330.68359375,1405.1454529703124
H17,7,CONC,6401.4052734375,248.31730325629542
H17,7,HOECHST,5455.10546875,302.8655653116891
H17,7,MITO,78021.609375,4629.391097953077
H17,7,PHAandWGA,32383.765625,1998.774954842669
H17,7,SYTO,24477.91015625,1352.8166429818402
H17,8,CONC,6515.36572265625,239.47513031466866
H17,8,HOECHST,5638.83837890625,296.9544916866723
H17,8,MITO,80385.8125,4611.9564369554555
H17,8,PHAandWGA,33665.94921875,1931.277583153296
H17,8,SYTO,25508.0390625,1293.0748923254398
H17,9,CONC,6549.9658203125,229.81411699119042
H17,9,HOECHST,5685.2939453125,283.6657249225181
H17,9,MITO,81974.359375,4557.794235338315
H17,9,PHAandWGA,34310.7421875,1868.150273457667
H17,9,SYTO,26100.4921875,1233.1899724595053
H17,10,CONC,6562.9921875,218.52106726406745
H17,10,HOECHST,5648.4033203125,268.5054131938588
H17,10,MITO,83824.640625,4479.069840764319
H17,10,PHAandWGA,35227.02734375,1817.4999862753095
H17,10,SYTO,25823.29296875,1171.3618153451125
H17,11,CONC,6504.1083984375,206.78473516455864
H17,11,HOECHST,5617.4921875,251.40300947921924
H17,11,MITO,83961.375,4375.394666848768
H17,11,PHAandWGA,35060.171875,1751.2823604918085
H17,11,SYTO,26153.923828125,1107.8820664338207
H17,12,CONC,6467.61962890625,196.31389862724353
H17,12,HOECHST,5572.16455078125,238.05617334661645
H17,12,MITO,84653.4765625,4284.227956102344
H17,12,PHAandWGA,35523.92578125,1683.0961433229343
H17,12,SYTO,25502.87109375,1049.4088252745087
H17,13,CONC,6427.2822265625,187.84139163320089
H17,13,HOECHST,5492.095703125,225.00830775127798
H17,13,MITO,85133.1015625,4180.3149727845375
H17,13,PHAandWGA,34939.97265625,1636.881257352221
H17,13,SYTO,25449.779296875,997.6332011389408
H17,14,CONC,6378.54345703125,179.80009106346537
H17,14,HOECHST,5503.9453125,214.01045285756842
H17,14,MITO,85451.921875,4127.5875456342255
H17,14,PHAandWGA,35250.984375,1594.8497154072584
H17,14,SYTO,25022.369140625,949.913660288419
H17,15,CONC,6366.47900390625,171.97314154061277
H17,15,HOECHST,5498.07275390625,202.07560524997842
H17,15,MITO,86300.375,4022.3843639769593
H17,15,PHAandWGA,34723.3125,1542.230078776179
H17,15,SYTO,24574.76953125,903.0573625940414
H18,0,CONC,4343.20849609375,139.20548752119177
H18,0,HOECHST,3432.74853515625,156.2714387765635
H18,0,MITO,61564.015625,3562.0660635529043
H18,0,PHAandWGA,21282.046875,1192.2627113988294
H18,0,SYTO,13551.5048828125,838.10359656198
H18,1,CONC,5009.7724609375,197.05440185734346
H18,1,HOECHST,3962.491455078125,221.4216063663516
H18,1,MITO,66909.109375,4412.108726577563
H18,1,PHAandWGA,23852.88671875,1556.1138836648963
H18,1,SYTO,16515.6328125,1139.2916504559973
H18,2,CONC,5472.1650390625,219.73113070285922
H18,2,HOECHST,4358.5966796875,261.5171382310957
H18,2,MITO,71835.9375,4783.1163149611175
H18,2,PHAandWGA,26338.88671875,1744.8089633937102
H18,2,SYTO,18783.25390625,1270.2392971623726
H18,3,CONC,5811.458984375,230.84995366136135
H18,3,HOECHST,4702.11572265625,280.39017384339206
H18,3,MITO,75486.21875,5005.1113528563465
H18,3,PHAandWGA,28628.94921875,1873.0773490697952
H18,3,SYTO,20777.62890625,1321.8896827772796
H18,4,CONC,6036.7197265625,233.47849338101244
H18,4,HOECHST,4969.556640625,282.8369749358669
H18,4,MITO,78437.3515625,5094.129485503843
H18,4,PHAandWGA,30340.15625,1919.9991667561892
H18,4,SYTO,22399.0625,1319.8745988988044
H18,5,CONC,6235.1669921875,231.811119322648
H18,5,HOECHST,5135.6064453125,277.6730678262517
H18,5,MITO,80583.6640625,5087.9085362112655
H18,5,PHAandWGA,31890.408203125,1933.56463000567
H18,5,SYTO,23734.71484375,1299.077541503879
H18,6,CONC,6305.701171875,226.22987535853986
H18,6,HOECHST,5317.7197265625,275.5629863883126
H18,6,MITO,81987.171875,5019.182275180226
H18,6,PHAandWGA,33000.21875,1907.2653317630368
H18,6,SYTO,24591.078125,1263.0215960586115
H18,7,CONC,6345.19677734375,219.93750271223414
H18,7,HOECHST,5341.12548828125,263.7019300862333
H18,7,MITO,83423.359375,4992.428793431641
H18,7,PHAandWGA,33510.83203125,1858.1113646474296
H18,7,SYTO,25254.38671875,1214.7424669096677
H18,8,CONC,6343.744140625,211.8921721130768
H18,8,HOECHST,5364.2431640625,251.32236525140235
H18,8,MITO,84665.34375,4924.133658035389
H18,8,PHAandWGA,34288.17578125,1806.4472630752489
H18,8,SYTO,25968.33984375,1159.7107301810995
H18,9,CONC,6348.1376953125,203.66461286420002
H18,9,HOECHST,5379.30078125,238.57228843287314
H18,9,MITO,85724.046875,4873.466127169213
H18,9,PHAandWGA,35004.796875,1751.7299412918367
H18,9,SYTO,26361.009765625,1111.7823839111272
H18,10,CONC,6333.8212890625,194.28219652407714
H18,10,HOECHST,5376.37451171875,228.0776076635449
H18,10,MITO,85666.921875,4740.478382819907
H18,10,PHAandWGA,34592.57421875,1693.5199587769873
H18,10,SYTO,25843.47265625,1054.1235387122053
H18,11,CONC,6287.2841796875,185.62866691048617
H18,11,HOECHST,5369.123046875,215.0204977060421
H18,11,MITO,86767.828125,4628.026987334299
H18,11,PHAandWGA,34747.921875,1641.9850341527535
H18,11,SYTO,25727.96484375,1002.0433529295211
H18,12,CONC,6259.7880859375,178.0403850280311
H18,12,HOECHST,5316.865234375,203.59860009113342
H18,12,MITO,87439.453125,4541.6646463541065
H18,12,PHAandWGA,34389.40625,1602.1126557154992
H18,12,SYTO,25748.23046875,954.62181103593
H18,13,CONC,6238.5830078125,170.0106895804738
H18,13,HOECHST,5334.060546875,193.45195916157422
H18,13,MITO,87120.03125,4384.610813926253
H18,13,PHAandWGA,34912.65625,1546.3681140276935
H18,13,SYTO,25615.63671875,899.6474907326907
H18,14,CONC,6288.06103515625,162.05144189098402
H18,14,HOECHST,5327.6064453125,183.295147234208
H18,14,MITO,87629.7265625,4242.995009090757
H18,14,PHAandWGA,34809.84765625,1492.7042786557106
H18,14,SYTO,25227.13671875,853.5934116496627
H18,15,CONC,6270.3681640625,153.52030317381866
H18,15,HOECHST,5362.17333984375,171.74894843645092
H18,15,MITO,87909.03125,4061.8605341738985
H18,15,PHAandWGA,34275.4609375,1430.0632597134259
H18,15,SYTO,24740.712890625,796.8884150013779
H19,0,CONC,2991.96923828125,78.95648453365618
H19,0,HOECHST,2485.0947265625,84.18414083787192
H19,0,MITO,43770.10546875,2577.173701373645
H19,0,PHAandWGA,14551.861328125,796.4317088541125
H19,0,SYTO,7785.08984375,458.04746965793066
H19,1,CONC,3403.11962890625,128.8425093449735
H19,1,HOECHST,2803.473876953125,137.91033298240268
H19,1,MITO,48734.9453125,3671.167107845426
H19,1,PHAandWGA,16341.21875,1154.0214678052926
H19,1,SYTO,10144.3056640625,728.7399496811082
H19,2,CONC,3998.910400390625,196.0356192902774
H19,2,HOECHST,3367.694580078125,231.92764644800553
H19,2,MITO,55690.078125,4800.813598075797
H19,2,PHAandWGA,18727.810546875,1553.1949752667297
H19,2,SYTO,12938.45703125,1072.0682792509865
H19,3,CONC,4533.8798828125,239.26031511064392
H19,3,HOECHST,3903.805908203125,291.9445709078169
H19,3,MITO,60927.921875,5368.5712294214545
H19,3,PHAandWGA,21187.927734375,1808.5954468194968
H19,3,SYTO,15490.7587890625,1275.6692642003527
H19,4,CONC,4931.771484375,253.70986780781584
H19,4,HOECHST,4332.15087890625,318.6103879448171
H19,4,MITO,65545.984375,5633.577888450371
H19,4,PHAandWGA,23779.37890625,1951.3907629084226
H19,4,SYTO,17790.865234375,1347.9470346776793
H19,5,CONC,5205.85791015625,256.0420023482923
H19,5,HOECHST,4602.9052734375,313.92734406095326
H19,5,MITO,68276.4765625,5655.103058931794
H19,5,PHAandWGA,26324.93359375,2025.4755932569528
H19,5,SYTO,19532.84765625,1349.6849656438408
H19,6,CONC,5347.78173828125,250.31995409596456
H19,6,HOECHST,4828.50146484375,314.8018259594766
H19,6,MITO,70817.34375,5585.881540020462
H19,6,PHAandWGA,27757.013671875,1997.10247586468
H19,6,SYTO,20909.87109375,1318.805098918859
H19,7,CONC,5411.2939453125,241.18796302912682
H19,7,HOECHST,4838.5107421875,289.9854350595922
H19,7,MITO,73183.65625,5466.662112656723
H19,7,PHAandWGA,29049.0703125,1973.0306113676254
H19,7,SYTO,21431.9375,1254.5226384938967
H19,8,CONC,5436.86767578125,229.656608419507
H19,8,HOECHST,4832.291015625,280.30180766963167
H19,8,MITO,74032.3046875,5307.79963595018
H19,8,PHAandWGA,29441.783203125,1901.0237461132672
H19,8,SYTO,22050.015625,1185.601816004933
H19,9,CONC,5382.638671875,218.79178398858184
H19,9,HOECHST,4880.154296875,268.21348194356443
H19,9,MITO,73782.546875,5145.023305061504
H19,9,PHAandWGA,29845.9765625,1835.6468159599876
H19,9,SYTO,21817.19140625,1122.75985158038
H19,10,CONC,5338.29345703125,209.68280864395356
H19,10,HOECHST,4827.4453125,250.65776480011235
H19,10,MITO,73873.1875,5058.843224619034
H19,10,PHAandWGA,29343.0078125,1785.4017102467603
H19,10,SYTO,21726.15625,1070.958550019029
H19,11,CONC,5210.765625,199.24534609819707
H19,11,HOECHST,4662.373046875,232.1977594374099
H19,11,MITO,74451.0625,4997.554556036309
H19,11,PHAandWGA,29421.5390625,1741.243051868555
H19,11,SYTO,21671.1015625,1020.593388864904
H19,12,CONC,5126.29541015625,187.74419120506224
H19,12,HOECHST,4566.5693359375,217.68471748590804
H19,12,MITO,73997.109375,4869.102851303857
H19,12,PHAandWGA,28929.943359375,1676.907519351224
H19,12,SYTO,20466.99609375,959.725246250457
H19,13,CONC,5053.0478515625,176.32332033964067
H19,13,HOECHST,4522.521484375,203.4635576007913
H19,13,MITO,73390.78125,4705.795516683709
H19,13,PHAandWGA,28266.04296875,1604.3902070633928
H19,13,SYTO,19704.671875,900.836674876553
H19,14,CONC,4959.783203125,165.45396070052382
H19,14,HOECHST,4443.58984375,188.2741895816623
H19,14,MITO,72552.234375,4557.2611972251725
H19,14,PHAandWGA,27390.736328125,1536.025501458666
H19,14,SYTO,19004.884765625,840.8986222408884
H19,15,CONC,4935.40087890625,154.98483397538538
H19,15,HOECHST,4385.91943359375,172.88285211525883
H19,15,MITO,71729.3125,4340.575073778728
H19,15,PHAandWGA,26626.9453125,1460.9891033332362
H19,15,SYTO,18073.865234375,782.9507332755998
H21,0,CONC,4545.09033203125,85.59380240372981
H21,0,HOECHST,3714.651123046875,101.53801379747796
H21,0,MITO,63238.84375,2274.03854323351
H21,0,PHAandWGA,23752.3046875,834.7978572695087
H21,0,SYTO,13924.681640625,524.9886246855904
H21,1,CONC,5209.8076171875,141.40752012326027
H21,1,HOECHST,4198.46875,161.56734451197545
H21,1,MITO,69552.3203125,3203.2778192147066
H21,1,PHAandWGA,26180.287109375,1173.8729039883015
H21,1,SYTO,17017.953125,820.7243150038099
H21,2,CONC,5999.076171875,194.91236396475622
H21,2,HOECHST,4934.4189453125,235.52609586063437
H21,2,MITO,76764.96875,3909.7436131373884
H21,2,PHAandWGA,28948.8671875,1470.6889663515199
H21,2,SYTO,20200.599609375,1088.215971637856
H21,3,CONC,6458.6220703125,211.8926675806442
H21,3,HOECHST,5470.201171875,271.0795144228145
H21,3,MITO,82077.046875,4138.942600749235
H21,3,PHAandWGA,31420.68359375,1618.0651697380777
H21,3,SYTO,22843.740234375,1207.2902500241976
H21,4,CONC,6829.3125,215.300462038401
H21,4,HOECHST,5941.271484375,285.5855137004488
H21,4,MITO,85584.1015625,4199.115715819274
H21,4,PHAandWGA,34206.68359375,1684.8663950480848
H21,4,SYTO,24906.12890625,1230.7261961468023
H21,5,CONC,7130.9140625,214.671145678904
H21,5,HOECHST,6106.5830078125,279.5335376815992
H21,5,MITO,88446.0,4206.53962540183
H21,5,PHAandWGA,35814.4375,1716.9363465401327
H21,5,SYTO,26617.2734375,1216.1762895101833
H21,6,CONC,7334.224609375,209.96480719185118
H21,6,HOECHST,6253.1298828125,271.02750694138484
H21,6,MITO,91378.1015625,4188.573017176219
H21,6,PHAandWGA,37830.7421875,1711.1730267568876
H21,6,SYTO,28445.82421875,1178.5852317564638
H21,7,CONC,7458.828125,203.49135842142502
H21,7,HOECHST,6440.18359375,261.56858356662565
H21,7,MITO,93031.578125,4104.583269863593
H21,7,PHAandWGA,39600.734375,1665.681351346146
H21,7,SYTO,29523.78515625,1128.4286566722633
H21,8,CONC,7495.3466796875,196.87987794475663
H21,8,HOECHST,6479.71728515625,250.99352515931267
H21,8,MITO,94167.046875,4024.7199521840485
H21,8,PHAandWGA,39970.7578125,1619.854647740424
H21,8,SYTO,29876.05859375,1086.449564462581
H21,9,CONC,7526.640625,189.36831916044616
H21,9,HOECHST,6529.474609375,238.4296194176111
H21,9,MITO,94834.5703125,3920.478182311693
H21,9,PHAandWGA,40937.4140625,1576.5740873903778
H21,9,SYTO,30339.6953125,1040.8548365222719
H21,10,CONC,7554.2958984375,181.19163948166246
H21,10,HOECHST,6557.14501953125,230.08791891931256
H21,10,MITO,96550.765625,3812.2363418295245
H21,10,PHAandWGA,41486.296875,1515.0351842553714
H21,10,SYTO,31092.28125,992.0164903070613
H21,11,CONC,7513.60546875,173.434797992277
H21,11,HOECHST,6579.6572265625,220.50249675473185
H21,11,MITO,97172.1875,3697.0552044001674
H21,11,PHAandWGA,41544.90625,1465.3149869183503
H21,11,SYTO,31284.853515625,947.3196587899222
H21,12,CONC,7531.328125,165.94721177450717
H21,12,HOECHST,6590.93310546875,209.71625109436008
H21,12,MITO,97589.15625,3595.296728110392
H21,12,PHAandWGA,42368.2734375,1418.667611615231
H21,12,SYTO,30663.56640625,899.2233261345119
H21,13,CONC,7545.8095703125,158.7630919557979
H21,13,HOECHST,6619.7724609375,199.3007259036257
H21,13,MITO,98654.859375,3489.1313547452355
H21,13,PHAandWGA,42076.6640625,1376.9672786758356
H21,13,SYTO,31093.6171875,859.2498274620127
H21,14,CONC,7560.3486328125,151.77274667335897
H21,14,HOECHST,6637.8369140625,188.65285444068888
H21,14,MITO,99249.734375,3365.9564135031083
H21,14,PHAandWGA,42438.765625,1334.7823932587178
H21,14,SYTO,30657.89453125,818.7275746763594
H21,15,CONC,7532.462890625,144.86189840026475
H21,15,HOECHST,6610.171875,179.4510393905599
H21,15,MITO,99830.1640625,3271.767612891741
H21,15,PHAandWGA,42250.828125,1288.5720950041562
H21,15,SYTO,30528.708984375,783.0985078090752
H22,0,CONC,3462.453857421875,83.13575248138781
H22,0,HOECHST,2654.7490234375,81.7430043662259
H22,0,MITO,47914.4765625,2439.945486232743
H22,0,PHAandWGA,16414.6015625,747.8535170393031
H22,0,SYTO,8706.3349609375,446.5052764130951
H22,1,CONC,3744.4326171875,110.98171876153273
H22,1,HOECHST,2897.88134765625,112.72424552536583
H22,1,MITO,50029.828125,2944.198519944945
H22,1,PHAandWGA,17493.654296875,924.7209724582862
H22,1,SYTO,10640.64453125,599.4493710743144
H22,2,CONC,4077.61181640625,139.9900217082876
H22,2,HOECHST,3198.912353515625,151.05769545213371
H22,2,MITO,54218.390625,3461.0915510238965
H22,2,PHAandWGA,19258.87109375,1125.465860136332
H22,2,SYTO,12591.2841796875,765.5840845613124
H22,3,CONC,4327.9931640625,159.80690997765848
H22,3,HOECHST,3473.2021484375,175.6500843428403
H22,3,MITO,56973.421875,3768.7560021274185
H22,3,PHAandWGA,20827.818359375,1279.3302196743914
H22,3,SYTO,14250.951171875,869.7104227040796
H22,4,CONC,4577.951171875,171.41557488185063
H22,4,HOECHST,3697.396728515625,190.4793628348601
H22,4,MITO,59894.7578125,3937.0677857515943
H22,4,PHAandWGA,22359.466796875,1383.2463794339305
H22,4,SYTO,15957.23046875,927.4011928030868
H22,5,CONC,4796.63818359375,178.8238969018124
H22,5,HOECHST,3901.830810546875,201.3605357149519
H22,5,MITO,61253.8046875,4027.2316778421996
H22,5,PHAandWGA,23996.08984375,1448.754831678091
H22,5,SYTO,17350.734375,953.0853267721959
H22,6,CONC,4994.8994140625,184.00246509852317
H22,6,HOECHST,4089.36328125,207.74887143841732
H22,6,MITO,64726.71875,4145.1600651656145
H22,6,PHAandWGA,25514.107421875,1501.1290600633788
H22,6,SYTO,18547.34375,976.3527865886026
H22,7,CONC,5170.83642578125,186.82885160086963
H22,7,HOECHST,4257.2529296875,207.12341811887435
H22,7,MITO,66364.4375,4200.95948186238
H22,7,PHAandWGA,26477.736328125,1529.0021931637593
H22,7,SYTO,19705.78125,974.3289000855158
H22,8,CONC,5268.39453125,186.53439355176465
H22,8,HOECHST,4345.716796875,205.7909042896098
H22,8,MITO,67185.484375,4197.488053162673
H22,8,PHAandWGA,27604.208984375,1535.8129172623737
H22,8,SYTO,20322.22265625,957.3056263966771
H22,9,CONC,5358.5751953125,185.17774427096023
H22,9,HOECHST,4432.21435546875,202.87785106005703
H22,9,MITO,69226.453125,4212.374395377309
H22,9,PHAandWGA,28625.30078125,1525.7401507804511
H22,9,SYTO,20838.24609375,935.4848030015315
H22,10,CONC,5445.64208984375,183.0885513349809
H22,10,HOECHST,4509.52685546875,198.46438914525962
H22,10,MITO,70070.3125,4173.418625369533
H22,10,PHAandWGA,28686.18359375,1503.5036040365899
H22,10,SYTO,20687.392578125,904.1196022404589
H22,11,CONC,5491.0517578125,179.40386256647108
H22,11,HOECHST,4517.7265625,193.04158264572771
H22,11,MITO,70461.28125,4117.3707640653365
H22,11,PHAandWGA,29204.595703125,1474.257867552143
H22,11,SYTO,20440.015625,874.3450613881887
H22,12,CONC,5493.11083984375,173.47787966813215
H22,12,HOECHST,4543.958984375,185.45406732349574
H22,12,MITO,71152.28125,4035.2957047177924
H22,12,PHAandWGA,28837.26953125,1437.5519413670622
H22,12,SYTO,20034.453125,839.9996259922225
H22,13,CONC,5468.4560546875,166.00011185118237
H22,13,HOECHST,4536.263671875,177.4983844318782
H22,13,MITO,71029.609375,3914.8086738801753
H22,13,PHAandWGA,29392.494140625,1407.9140073428796
H22,13,SYTO,19447.890625,802.0768884847173
H22,14,CONC,5501.37353515625,158.55406236680588
H22,14,HOECHST,4548.115234375,169.13032067564947
H22,14,MITO,72262.65625,3829.407124674574
H22,14,PHAandWGA,29013.58203125,1368.454194672423
H22,14,SYTO,19338.3359375,767.1967215746669
H22,15,CONC,5536.0712890625,151.9247980201112
H22,15,HOECHST,4596.69482421875,161.66714049047906
H22,15,MITO,73162.4375,3693.06946745499
H22,15,PHAandWGA,29356.12109375,1316.599179893011
H22,15,SYTO,19078.890625,726.6846966490721
H23,0,CONC,5179.2216796875,102.46354788061245
H23,0,HOECHST,4291.0,124.59947788823513
H23,0,MITO,66937.9375,2412.058840257759
H23,0,PHAandWGA,26243.6640625,894.935415805446
H23,0,SYTO,17076.76171875,622.4877672806306
H23,1,CONC,5753.1943359375,142.28625017818646
H23,1,HOECHST,4803.43408203125,177.37587010665234
H23,1,MITO,71935.3828125,2970.948266404633
H23,1,PHAandWGA,28849.048828125,1133.92673884513
H23,1,SYTO,19669.171875,840.3179622633756
H23,2,CONC,6239.02294921875,165.08242558116524
H23,2,HOECHST,5261.607421875,208.8092378478175
H23,2,MITO,77356.234375,3270.2900381254603
H23,2,PHAandWGA,31426.7734375,1307.813270486008
H23,2,SYTO,22313.228515625,968.0883636042722
H23,3,CONC,6676.361328125,177.91185018780857
H23,3,HOECHST,5680.3486328125,226.32932467275407
H23,3,MITO,81673.0078125,3413.852416544163
H23,3,PHAandWGA,34041.23828125,1417.313739798642
H23,3,SYTO,24766.3515625,1035.3217238401849
H23,4,CONC,7029.57373046875,183.52685937518888
H23,4,HOECHST,6049.2626953125,237.38089494601616
H23,4,MITO,84831.640625,3478.268218099056
H23,4,PHAandWGA,35771.2890625,1467.2095979692367
H23,4,SYTO,26425.23828125,1059.618629349395
H23,5,CONC,7280.4990234375,184.28576135420974
H23,5,HOECHST,6346.0419921875,243.49042710640782
H23,5,MITO,87223.1171875,3488.0503566117122
H23,5,PHAandWGA,37013.71484375,1475.1823302498074
H23,5,SYTO,28536.89453125,1057.751043440946
H23,6,CONC,7450.4892578125,180.94212092025128
H23,6,HOECHST,6581.8505859375,241.92903899319896
H23,6,MITO,89692.53125,3461.324025551246
H23,6,PHAandWGA,38417.45703125,1466.3350092744186
H23,6,SYTO,29668.298828125,1037.2255096931453
H23,7,CONC,7550.3505859375,176.1134078834709
H23,7,HOECHST,6743.7470703125,234.8220463241843
H23,7,MITO,90623.4375,3391.13653578301
H23,7,PHAandWGA,39594.09375,1445.0673824807318
H23,7,SYTO,30101.201171875,1006.8620421777672
H23,8,CONC,7731.333984375,170.95934502188305
H23,8,HOECHST,6850.84326171875,226.21361339474603
H23,8,MITO,92558.3671875,3333.914569776423
H23,8,PHAandWGA,40757.265625,1415.590206585187
H23,8,SYTO,31182.6015625,968.7716849298583
H23,9,CONC,7838.212890625,166.49059346775348
H23,9,HOECHST,6960.4033203125,219.89928434082873
H23,9,MITO,95208.28125,3266.236112092232
H23,9,PHAandWGA,42438.953125,1384.1290452696428
H23,9,SYTO,31897.755859375,937.1176975029845
H23,10,CONC,7910.6171875,162.67272773697732
H23,10,HOECHST,7083.81298828125,213.51111011135725
H23,10,MITO,96390.0546875,3203.25946715329
H23,10,PHAandWGA,43342.6640625,1351.517197035815
H23,10,SYTO,32952.8828125,908.523801981646
H23,11,CONC,8025.28515625,158.59863658527996
H23,11,HOECHST,7160.7099609375,207.6014798054299
H23,11,MITO,97212.703125,3149.440310734469
H23,11,PHAandWGA,43991.89453125,1317.420686263052
H23,11,SYTO,32868.62109375,881.5103648359151
H23,12,CONC,8011.0478515625,154.33857185473173
H23,12,HOECHST,7186.529296875,200.7224999654092
H23,12,MITO,97229.75,3073.9571266356656
H23,12,PHAandWGA,44158.2578125,1284.1059248127851
H23,12,SYTO,33433.40234375,852.1814199466795
H23,13,CONC,8096.54736328125,149.6080386143752
H23,13,HOECHST,7271.6484375,193.21322338968156
H23,13,MITO,100008.796875,3009.427359422614
H23,13,PHAandWGA,44177.078125,1247.3084115919137
H23,13,SYTO,33433.171875,818.7846436767672
H23,14,CONC,8145.00390625,144.8547786128211
H23,14,HOECHST,7307.1572265625,186.1068618656368
H23,14,MITO,101026.0703125,2923.0075574727657
H23,14,PHAandWGA,44421.015625,1210.2439755141293
H23,14,SYTO,33741.6484375,784.4980434343602
H23,15,CONC,8205.2607421875,140.22641295630152
H23,15,HOECHST,7375.23291015625,179.16802843796796
H23,15,MITO,100975.125,2832.0248994674553
H23,15,PHAandWGA,44674.36328125,1174.5757649837121
H23,15,SYTO,33435.359375,751.5907746477604
I03,0,CONC,7170.3857421875,78.93883627447364
I03,0,HOECHST,5901.33203125,102.52495223912997
I03,0,MITO,79431.2890625,1138.9492290373123
I03,0,PHAandWGA,35573.89453125,644.8433697709684
I03,0,SYTO,28137.6796875,570.7944822180233
I03,1,CONC,7901.7578125,114.32289317626393
I03,1,HOECHST,6348.06787109375,133.39500586195575
I03,1,MITO,82908.109375,1443.9405573368215
I03,1,PHAandWGA,38117.9453125,831.690851720966
I03,1,SYTO,30582.095703125,763.3446153631963
I03,2,CONC,8780.5751953125,151.25860324417968
I03,2,HOECHST,7129.892578125,182.4797396769993
I03,2,MITO,89163.046875,1755.3053773780723
I03,2,PHAandWGA,41255.38671875,1018.2076676056058
I03,2,SYTO,33916.2421875,980.2216887023711
I03,3,CONC,9481.1572265625,167.86733715168614
I03,3,HOECHST,7719.8740234375,204.61372133718294
I03,3,MITO,93914.453125,1917.7457115138789
I03,3,PHAandWGA,43698.34765625,1129.5346112163675
I03,3,SYTO,36725.66796875,1087.2588411892161
I03,4,CONC,10059.990234375,172.13829357126033
I03,4,HOECHST,8259.380859375,216.01615835190145
I03,4,MITO,98121.6328125,1950.9788942222638
I03,4,PHAandWGA,46645.328125,1170.6905572655762
I03,4,SYTO,39297.109375,1112.5825105113502
I03,5,CONC,10566.146484375,167.52326307101362
I03,5,HOECHST,8717.7900390625,213.9982446728064
I03,5,MITO,102007.1953125,1956.5765101284028
I03,5,PHAandWGA,49686.8984375,1163.5999918366242
I03,5,SYTO,42230.4296875,1088.5326692745548
I03,6,CONC,10882.880859375,158.52498661758656
I03,6,HOECHST,9102.1630859375,206.68364466753198
I03,6,MITO,106035.25,1928.1365529572809
I03,6,PHAandWGA,51477.09765625,1120.4099947532816
I03,6,SYTO,45064.0703125,1023.3275975458857
I03,7,CONC,11114.990234375,148.42426854813777
I03,7,HOECHST,9388.3544921875,197.14017487601006
I03,7,MITO,108643.4609375,1896.2037766425356
I03,7,PHAandWGA,53428.63671875,1069.6238493187793
I03,7,SYTO,45688.84375,950.7750340308484
I03,8,CONC,11301.9423828125,138.47371922360276
I03,8,HOECHST,9601.2890625,186.77827914042453
I03,8,MITO,110565.5,1835.8427945113538
I03,8,PHAandWGA,55565.953125,1016.6715880216034
I03,8,SYTO,47707.078125,886.0363418618023
I03,9,CONC,11412.0205078125,129.77756445141017
I03,9,HOECHST,9715.068359375,175.6575980668552
I03,9,MITO,113589.40625,1770.2666761439843
I03,9,PHAandWGA,56836.921875,965.5221180180534
I03,9,SYTO,48703.921875,823.3252278476292
I03,10,CONC,11450.6748046875,121.10212129785664
I03,10,HOECHST,9949.1064453125,166.17099518613827
I03,10,MITO,115002.25,1698.0793883828119
I03,10,PHAandWGA,57850.26953125,913.0882318099297
I03,10,SYTO,49742.04296875,765.3871402831526
I03,11,CONC,11570.0576171875,113.32908408530396
I03,11,HOECHST,10029.908203125,155.9547836633723
I03,11,MITO,117913.296875,1641.7453167821611
I03,11,PHAandWGA,58261.38671875,865.7543765476424
I03,11,SYTO,49965.6640625,714.6056583394095
I03,12,CONC,11630.873046875,105.99931930132111
I03,12,HOECHST,10040.23828125,147.31096319784956
I03,12,MITO,119624.015625,1570.9615894756892
I03,12,PHAandWGA,59760.0546875,825.9805935573379
I03,12,SYTO,50793.1953125,671.9064802939823
I03,13,CONC,11621.533203125,98.94818543272665
I03,13,HOECHST,10141.9140625,139.13896014677468
I03,13,MITO,120955.5234375,1501.832302443025
I03,13,PHAandWGA,60191.12890625,792.2289754042736
I03,13,SYTO,51361.140625,632.9773251504666
I03,14,CONC,11634.806640625,93.76046063622675
I03,14,HOECHST,10204.4404296875,133.08568712738096
I03,14,MITO,121608.765625,1443.8780932908107
I03,14,PHAandWGA,60235.515625,766.4504785726101
I03,14,SYTO,51352.5859375,603.5823060398201
I03,15,CONC,11638.796875,89.61464004074213
I03,15,HOECHST,10239.6875,127.95643452044219
I03,15,MITO,122308.46875,1399.739285813147
I03,15,PHAandWGA,59996.8671875,746.8814640268861
I03,15,SYTO,50599.7421875,579.72663471662
I05,0,CONC,6292.9931640625,101.56253471179615
I05,0,HOECHST,5066.640625,115.09949098777525
I05,0,MITO,74465.1640625,1956.5577937909704
I05,0,PHAandWGA,30072.47265625,753.1135163194552
I05,0,SYTO,22036.8125,578.197820727979
I05,1,CONC,7152.14453125,150.01480804482998
I05,1,HOECHST,5714.70751953125,163.9166162846077
I05,1,MITO,80921.421875,2627.3683032176987
I05,1,PHAandWGA,32626.1875,998.3631570887765
I05,1,SYTO,25299.02734375,811.9115402441959
I05,2,CONC,8045.1376953125,184.6866562395319
I05,2,HOECHST,6551.173828125,218.4699534010791
I05,2,MITO,89505.7578125,3060.961826996719
I05,2,PHAandWGA,35978.3203125,1198.3016788036202
I05,2,SYTO,28676.48046875,1016.5667340596813
I05,3,CONC,8742.994140625,192.18023437987293
I05,3,HOECHST,7242.52197265625,240.7690153363119
I05,3,MITO,95281.640625,3092.1401523633285
I05,3,PHAandWGA,39503.9140625,1273.6990483870675
I05,3,SYTO,32737.630859375,1086.1828462633098
I05,4,CONC,9086.240234375,187.1736405126705
I05,4,HOECHST,7612.61181640625,236.73949613925575
I05,4,MITO,98789.890625,3038.6162045165697
I05,4,PHAandWGA,41908.1796875,1283.7065550712982
I05,4,SYTO,34451.78125,1075.2668438055864
I05,5,CONC,9265.28515625,178.36708138055536
I05,5,HOECHST,7868.314453125,228.05118541651893
I05,5,MITO,100587.8515625,2923.6275599755254
I05,5,PHAandWGA,43823.4296875,1252.6074801525435
I05,5,SYTO,36598.2109375,1025.8000124934429
I05,6,CONC,9427.9169921875,168.0932665801913
I05,6,HOECHST,8099.3525390625,217.36329287407654
I05,6,MITO,103103.25,2803.0958286515006
I05,6,PHAandWGA,45892.3046875,1201.3808686864165
I05,6,SYTO,38029.15625,967.9176223852949
I05,7,CONC,9519.4521484375,155.8979947712051
I05,7,HOECHST,8222.2939453125,201.61659818161027
I05,7,MITO,104530.171875,2641.5859457582937
I05,7,PHAandWGA,46798.3203125,1137.6409837360159
I05,7,SYTO,39327.359375,901.6422924426665
I05,8,CONC,9562.919921875,145.60667362736098
I05,8,HOECHST,8317.3037109375,186.69242891756724
I05,8,MITO,105792.09375,2526.5994371599304
I05,8,PHAandWGA,48733.26953125,1082.700184171196
I05,8,SYTO,40194.046875,837.9481450822799
I05,9,CONC,9471.99609375,136.0372357698014
I05,9,HOECHST,8196.205078125,173.79154894760023
I05,9,MITO,106061.59375,2431.421181860451
I05,9,PHAandWGA,48492.25,1039.3974256992872
I05,9,SYTO,40199.7421875,791.5257311616151
I05,10,CONC,9467.62890625,128.08502472968453
I05,10,HOECHST,8152.75146484375,163.08367491815554
I05,10,MITO,105518.890625,2337.6989012159565
I05,10,PHAandWGA,49474.1015625,1001.882416078492
I05,10,SYTO,40763.828125,753.6345092915458
I05,11,CONC,9421.76953125,119.17964701796008
I05,11,HOECHST,8183.0712890625,152.67282370776954
I05,11,MITO,106802.78125,2223.3833675160977
I05,11,PHAandWGA,48945.625,955.710930188182
I05,11,SYTO,41222.8359375,707.9291685193198
I05,12,CONC,9434.896484375,111.14937203347361
I05,12,HOECHST,8190.3935546875,143.04797042134055
I05,12,MITO,107807.078125,2106.1195194177594
I05,12,PHAandWGA,49119.26171875,914.862841457741
I05,12,SYTO,40873.5703125,663.4795289145625
I05,13,CONC,9470.615234375,104.20527990144893
I05,13,HOECHST,8244.3486328125,134.91357741779666
I05,13,MITO,108721.6328125,1987.6643723238774
I05,13,PHAandWGA,49329.171875,875.1416849289799
I05,13,SYTO,41556.0625,624.1691653664103
I05,14,CONC,9458.67578125,98.87688868997624
I05,14,HOECHST,8308.3505859375,128.20764581209522
I05,14,MITO,107938.8203125,1888.3936351777554
I05,14,PHAandWGA,49462.65625,841.9044754222932
I05,14,SYTO,41346.171875,590.1446405606342
I05,15,CONC,9519.2294921875,94.67586296785883
I05,15,HOECHST,8318.7744140625,123.02047180994673
I05,15,MITO,109531.8671875,1825.9221014423695
I05,15,PHAandWGA,49253.4921875,814.1459100837453
I05,15,SYTO,41339.21875,566.2345940249128
I06,0,CONC,8914.9609375,105.24244971278844
I06,0,HOECHST,6811.87890625,117.71548485247608
I06,0,MITO,81671.796875,1003.3579745048364
I06,0,PHAandWGA,40970.42578125,692.9385096602603
I06,0,SYTO,34883.46875,682.7708331219858
I06,1,CONC,9756.966796875,131.0956391017819
I06,1,HOECHST,7486.9794921875,146.74745732049652
I06,1,MITO,86647.703125,1160.5077751093245
I06,1,PHAandWGA,44216.6484375,812.2638588732357
I06,1,SYTO,38253.29296875,826.7010209780824
I06,2,CONC,10474.12890625,142.95574744390356
I06,2,HOECHST,8061.9931640625,162.58633484735185
I06,2,MITO,90999.546875,1237.330633767351
I06,2,PHAandWGA,46577.921875,871.8807226035036
I06,2,SYTO,40894.2734375,894.2791680139441
I06,3,CONC,10964.376953125,140.82588217550128
I06,3,HOECHST,8512.689453125,163.6698245135501
I06,3,MITO,93764.0625,1234.978282597176
I06,3,PHAandWGA,49383.38671875,874.576168155836
I06,3,SYTO,43231.8828125,884.0584564717947
I06,4,CONC,11472.87890625,134.3381716727866
I06,4,HOECHST,9008.876953125,160.76234564093727
I06,4,MITO,97197.59375,1221.7803130196762
I06,4,PHAandWGA,51932.7265625,849.9650361664975
I06,4,SYTO,46233.21484375,844.7149565534472
I06,5,CONC,11980.392578125,126.70363111671811
I06,5,HOECHST,9404.986328125,154.157944530197
I06,5,MITO,101667.5546875,1196.1359725911163
I06,5,PHAandWGA,55018.4765625,813.3121624580143
I06,5,SYTO,48486.4375,790.5987124751856
I06,6,CONC,12304.83203125,116.86271616263069
I06,6,HOECHST,9781.3671875,144.11677971649056
I06,6,MITO,104879.34375,1142.2264352386308
I06,6,PHAandWGA,57301.1796875,758.487521270185
I06,6,SYTO,50897.15625,723.1831994608069
I06,7,CONC,12528.087890625,106.07062113538557
I06,7,HOECHST,10057.435546875,132.67959595100686
I06,7,MITO,106774.015625,1081.113698486348
I06,7,PHAandWGA,58966.8203125,701.9986633018377
I06,7,SYTO,52600.69140625,655.5616909721942
I06,8,CONC,12696.912109375,97.91465100976842
I06,8,HOECHST,10232.044921875,124.4428819067621
I06,8,MITO,109151.171875,1034.4804055439367
I06,8,PHAandWGA,59493.6171875,659.2198143771233
I06,8,SYTO,54132.3125,603.9468226172938
I06,9,CONC,12724.4091796875,92.27947218425047
I06,9,HOECHST,10302.65234375,118.07141721509304
I06,9,MITO,111480.671875,1009.4523830594889
I06,9,PHAandWGA,60513.59375,631.5332989460328
I06,9,SYTO,54895.2265625,568.020780727825
I06,10,CONC,12703.513671875,87.78065932258602
I06,10,HOECHST,10359.4384765625,112.88845297518972
I06,10,MITO,112471.40625,988.5214969454229
I06,10,PHAandWGA,61879.21875,607.1029119913926
I06,10,SYTO,55397.953125,540.3581549408367
I06,11,CONC,12678.873046875,83.27050757619527
I06,11,HOECHST,10372.43359375,107.28689123951666
I06,11,MITO,113661.4375,960.5636444789947
I06,11,PHAandWGA,62600.75,586.6914300643623
I06,11,SYTO,55781.3125,514.029897966519
I06,12,CONC,12783.1376953125,79.29036808374231
I06,12,HOECHST,10446.53125,102.55023613320323
I06,12,MITO,114068.9375,927.9391946157131
I06,12,PHAandWGA,61993.76953125,566.332190143415
I06,12,SYTO,55191.7734375,489.01964505256603
I06,13,CONC,12848.603515625,75.50842271660257
I06,13,HOECHST,10510.6640625,98.23171885261287
I06,13,MITO,114780.8984375,896.2988701475009
I06,13,PHAandWGA,62685.609375,546.8752715728909
I06,13,SYTO,56480.0703125,467.0999728963966
I06,14,CONC,12856.7939453125,72.09623582096438
I06,14,HOECHST,10649.724609375,94.78825869021125
I06,14,MITO,115949.625,869.6246830982107
I06,14,PHAandWGA,63441.16796875,530.0853040248699
I06,14,SYTO,56351.46484375,446.1670319240903
I06,15,CONC,12914.140625,69.41154071922226
I06,15,HOECHST,10680.9052734375,92.32734925920435
I06,15,MITO,115652.828125,847.9399334749464
I06,15,PHAandWGA,63742.8515625,518.9069779109589
I06,15,SYTO,56368.015625,432.2104799585724
I07,0,CONC,4027.21923828125,90.82654594657313
I07,0,HOECHST,1850.453857421875,39.47815629338404
I07,0,MITO,44470.35546875,2012.4314642364654
I07,0,PHAandWGA,15384.42578125,672.6824177407093
I07,0,SYTO,8742.4404296875,424.66322756182143
I07,1,CONC,4283.31640625,112.17967507048482
I07,1,HOECHST,1966.234375,49.13181140719085
I07,1,MITO,46316.01171875,2320.437259856067
I07,1,PHAandWGA,16145.1572265625,794.8153972484569
I07,1,SYTO,9927.66015625,523.8527250734448
I07,2,CONC,4580.57958984375,140.34889998066933
I07,2,HOECHST,2094.622802734375,63.34067054268513
I07,2,MITO,48844.01171875,2720.181014783952
I07,2,PHAandWGA,17434.75390625,948.6346618871772
I07,2,SYTO,11502.083984375,653.0854291209729
I07,3,CONC,4910.77978515625,166.81851195520719
I07,3,HOECHST,2257.77685546875,76.00534610224457
I07,3,MITO,51336.859375,3032.674896939548
I07,3,PHAandWGA,18893.38671875,1091.010595474957
I07,3,SYTO,12956.669921875,763.7751794352147
I07,4,CONC,5204.7646484375,185.7536077696203
I07,4,HOECHST,2387.703125,85.20434479539229
I07,4,MITO,53197.390625,3253.422857049668
I07,4,PHAandWGA,20255.0546875,1192.6503805662546
I07,4,SYTO,14420.8125,836.5493413290794
I07,5,CONC,5489.55712890625,196.87083686046856
I07,5,HOECHST,2548.281494140625,92.37927637326337
I07,5,MITO,55249.484375,3402.9817664600937
I07,5,PHAandWGA,21682.677734375,1255.0373049679117
I07,5,SYTO,15755.8994140625,875.6379861045353
I07,6,CONC,5697.02197265625,201.3743879607311
I07,6,HOECHST,2648.19140625,95.50859295718753
I07,6,MITO,57422.3984375,3489.1374966371354
I07,6,PHAandWGA,22621.697265625,1294.72866042966
I07,6,SYTO,17346.857421875,893.1369514397995
I07,7,CONC,5826.537109375,201.83126804101073
I07,7,HOECHST,2731.20654296875,95.94390317538627
I07,7,MITO,58698.9140625,3521.1683010850325
I07,7,PHAandWGA,23713.880859375,1303.7224648596164
I07,7,SYTO,17981.59765625,889.0222373566397
I07,8,CONC,5938.66748046875,201.73969142768445
I07,8,HOECHST,2801.45703125,95.85603441151598
I07,8,MITO,60243.5546875,3542.710932610432
I07,8,PHAandWGA,24394.34765625,1300.2455025507456
I07,8,SYTO,18417.8046875,876.4284705177306
I07,9,CONC,6068.8818359375,200.8443358252507
I07,9,HOECHST,2862.5830078125,94.93008650778724
I07,9,MITO,61950.8046875,3544.586064145654
I07,9,PHAandWGA,25128.10546875,1285.9569650466874
I07,9,SYTO,18591.61328125,852.8563128894039
I07,10,CONC,6179.9453125,198.159861803067
I07,10,HOECHST,2926.9423828125,93.38089483767885
I07,10,MITO,62766.171875,3509.743382148781
I07,10,PHAandWGA,25864.177734375,1265.4875556451777
I07,10,SYTO,18697.54296875,827.4207021033662
I07,11,CONC,6247.74609375,193.69778947617996
I07,11,HOECHST,2974.47412109375,91.01305285255891
I07,11,MITO,63595.85546875,3452.6710893356912
I07,11,PHAandWGA,26302.833984375,1241.255185231279
I07,11,SYTO,18670.716796875,799.0916600951509
I07,12,CONC,6308.0703125,189.1380856643866
I07,12,HOECHST,3006.05517578125,88.70302089778764
I07,12,MITO,65290.015625,3390.777708062325
I07,12,PHAandWGA,26809.59765625,1213.7673564930535
I07,12,SYTO,18208.92578125,771.6040604928642
I07,13,CONC,6349.4130859375,183.415170182104
I07,13,HOECHST,3042.68212890625,86.1379068944699
I07,13,MITO,65475.82421875,3320.4727912162903
I07,13,PHAandWGA,26826.875,1181.5633958701962
I07,13,SYTO,18094.58203125,741.5612983644328
I07,14,CONC,6366.224609375,177.82835864529488
I07,14,HOECHST,3063.011474609375,83.68838658240593
I07,14,MITO,65802.234375,3246.9413059823323
I07,14,PHAandWGA,26979.09765625,1151.56400722003
I07,14,SYTO,17692.45703125,713.3440910369317
I07,15,CONC,6452.4443359375,171.85616907147917
I07,15,HOECHST,3056.61474609375,81.0444122526921
I07,15,MITO,67034.328125,3167.2371649788256
I07,15,PHAandWGA,27402.94921875,1120.9045263361286
I07,15,SYTO,17661.513671875,686.5619862625998
I10,0,CONC,2356.43212890625,63.47819612531635
I10,0,HOECHST,1621.1998291015625,45.91326934374548
I10,0,MITO,32142.619140625,2000.162817412891
I10,0,PHAandWGA,8070.3486328125,459.0333188360137
I10,0,SYTO,5642.68896484375,332.8772133150312
I10,1,CONC,2556.686767578125,79.496528553065
I10,1,HOECHST,1756.96875,59.315183455711995
I10,1,MITO,33801.17578125,2222.587546318507
I10,1,PHAandWGA,9172.708984375,575.0369202045133
I10,1,SYTO,6385.84375,415.60094855159895
I10,2,CONC,2767.306640625,95.95860422297291
I10,2,HOECHST,1873.24462890625,62.686474023467426
I10,2,MITO,35721.92578125,2395.8986047745857
I10,2,PHAandWGA,10444.1982421875,692.9706920379214
I10,2,SYTO,7118.9365234375,484.2027326315648
I10,3,CONC,2985.722900390625,109.57343358886705
I10,3,HOECHST,2001.404296875,69.19539181873547
I10,3,MITO,38002.7890625,2527.053440023097
I10,3,PHAandWGA,11629.1298828125,782.1449828994621
I10,3,SYTO,7924.560546875,540.1717439755402
I10,4,CONC,3139.44189453125,116.54178185930209
I10,4,HOECHST,2131.334228515625,74.71750817015958
I10,4,MITO,39367.6953125,2599.6671833317414
I10,4,PHAandWGA,12459.705078125,828.3224431378978
I10,4,SYTO,8427.4482421875,564.7050707678516
I10,5,CONC,3225.0419921875,116.8885878276033
I10,5,HOECHST,2215.7109375,76.54526357664975
I10,5,MITO,40363.8203125,2585.1548802493526
I10,5,PHAandWGA,13135.41796875,840.7519502994338
I10,5,SYTO,8501.7900390625,563.2790125121679
I10,6,CONC,3247.114013671875,112.92149693949399
I10,6,HOECHST,2222.02587890625,71.26085525425616
I10,6,MITO,40707.4453125,2538.3729799228613
I10,6,PHAandWGA,13241.2880859375,825.298435631615
I10,6,SYTO,8404.5390625,546.6900841634553
I10,7,CONC,3264.961669921875,107.98691278502835
I10,7,HOECHST,2200.77734375,67.12786386483428
I10,7,MITO,40008.546875,2462.6386470040648
I10,7,PHAandWGA,13371.501953125,796.3945989826037
I10,7,SYTO,8232.5625,524.4164751367327
I10,8,CONC,3235.315673828125,102.44098622143431
I10,8,HOECHST,2188.78076171875,63.277961357942594
I10,8,MITO,40742.76171875,2405.932065465154
I10,8,PHAandWGA,13164.8271484375,769.174344566272
I10,8,SYTO,7996.015625,497.8998109553976
I10,9,CONC,3212.664794921875,97.0890209124508
I10,9,HOECHST,2157.25439453125,58.160726957623886
I10,9,MITO,39790.94921875,2322.0328578451063
I10,9,PHAandWGA,12989.125,728.3684705901248
I10,9,SYTO,7890.82470703125,469.9789827266848
I10,10,CONC,3227.6396484375,92.2688040833565
I10,10,HOECHST,2144.566650390625,54.332792603586064
I10,10,MITO,40450.80078125,2245.984271258683
I10,10,PHAandWGA,12681.7861328125,688.8236476451372
I10,10,SYTO,7851.6279296875,449.1266431744732
I10,11,CONC,3212.37109375,87.03755849732832
I10,11,HOECHST,2160.974853515625,51.22067627186138
I10,11,MITO,39843.953125,2096.744263935508
I10,11,PHAandWGA,12192.751953125,644.7829682853941
I10,11,SYTO,7798.287109375,423.8747922418214
I10,12,CONC,3214.90380859375,81.89428699246452
I10,12,HOECHST,2154.978515625,47.45439380979119
I10,12,MITO,39789.19921875,1979.9753759514972
I10,12,PHAandWGA,11718.5859375,598.0176392257247
I10,12,SYTO,7774.48828125,395.9052319153656
I10,13,CONC,3216.67822265625,77.14409862337558
I10,13,HOECHST,2154.896728515625,44.021231563143395
I10,13,MITO,39551.23828125,1851.8187203214277
I10,13,PHAandWGA,11174.86328125,552.6676578696793
I10,13,SYTO,7734.9560546875,369.375336726579
I10,14,CONC,3229.11669921875,72.49445974355551
I10,14,HOECHST,2166.73291015625,40.997171043025894
I10,14,MITO,39671.80078125,1722.5447157115623
I10,14,PHAandWGA,10803.396484375,506.79769216324235
I10,14,SYTO,7699.45947265625,341.917380876366
I10,15,CONC,3246.744140625,67.83219116565036
I10,15,HOECHST,2187.2265625,37.84121626431794
I10,15,MITO,39282.90625,1594.875184045217
I10,15,PHAandWGA,10496.55078125,462.51814208200045
I10,15,SYTO,7718.453125,314.9144424959269
I11,0,CONC,8601.302734375,88.14753179778236
I11,0,HOECHST,6696.30322265625,107.34976301026914
I11,0,MITO,91789.765625,1435.4961358432179
I11,0,PHAandWGA,42091.71875,636.8846584503314
I11,0,SYTO,31867.796875,546.3461589443559
I11,1,CONC,9447.0791015625,116.09999724984125
I11,1,HOECHST,7335.017578125,137.60557028771575
I11,1,MITO,99004.265625,1713.5599215571033
I11,1,PHAandWGA,45216.82421875,783.8830024616263
I11,1,SYTO,34984.2890625,686.6348784103806
I11,2,CONC,10297.318359375,132.04872026025683
I11,2,HOECHST,7988.1376953125,157.95806473303392
I11,2,MITO,104589.8125,1809.1204224815103
I11,2,PHAandWGA,48426.1171875,879.3916485587478
I11,2,SYTO,37983.25,775.2350645405207
I11,3,CONC,10840.162109375,132.11263481649573
I11,3,HOECHST,8467.78125,161.99460359359875
I11,3,MITO,109499.09375,1740.8367533027051
I11,3,PHAandWGA,51540.0,895.7498989019335
I11,3,SYTO,41228.18359375,791.6782301489568
I11,4,CONC,11373.673828125,126.30945654921005
I11,4,HOECHST,8917.6298828125,158.15771775779072
I11,4,MITO,113805.96875,1656.5239571717661
I11,4,PHAandWGA,53771.1640625,882.6798798704773
I11,4,SYTO,43927.00390625,768.8283343282735
I11,5,CONC,11720.8857421875,118.96142213835614
I11,5,HOECHST,9227.6328125,151.14645762930417
I11,5,MITO,116558.53125,1567.4723355972067
I11,5,PHAandWGA,55845.08203125,848.9138911774869
I11,5,SYTO,46546.11328125,728.9304865148642
I11,6,CONC,11934.5283203125,110.30651641451524
I11,6,HOECHST,9548.626953125,141.6303996033616
I11,6,MITO,118642.9140625,1463.7889637536957
I11,6,PHAandWGA,58563.9609375,803.1088739985125
I11,6,SYTO,47941.078125,681.4104364049077
I11,7,CONC,12168.201171875,101.44234968545284
I11,7,HOECHST,9742.130859375,130.83950972518926
I11,7,MITO,120980.7421875,1353.581714475861
I11,7,PHAandWGA,60466.11328125,750.7286741243626
I11,7,SYTO,49568.4453125,624.9162026274256
I11,8,CONC,12305.12109375,93.4888827614916
I11,8,HOECHST,9939.0244140625,120.54325374677835
I11,8,MITO,123347.1875,1259.5451554082456
I11,8,PHAandWGA,62002.92578125,703.0409061763722
I11,8,SYTO,50627.51953125,570.635578485896
I11,9,CONC,12416.1396484375,86.55857660376283
I11,9,HOECHST,10078.80859375,111.44482015003064
I11,9,MITO,125090.484375,1182.7379049098372
I11,9,PHAandWGA,62341.3671875,659.9151232720841
I11,9,SYTO,51641.37890625,528.5957983021634
I11,10,CONC,12556.6416015625,80.75415909181703
I11,10,HOECHST,10187.1474609375,104.71050435410069
I11,10,MITO,125450.375,1116.0257317574333
I11,10,PHAandWGA,63388.49609375,622.50090351978
I11,10,SYTO,52488.64453125,492.80745060060826
I11,11,CONC,12590.224609375,75.30616727885096
I11,11,HOECHST,10269.298828125,98.84229833760256
I11,11,MITO,126842.6875,1058.209038392859
I11,11,PHAandWGA,64386.8828125,589.6441270415892
I11,11,SYTO,53894.4375,460.04764510214466
I11,12,CONC,12617.7353515625,71.00938319375108
I11,12,HOECHST,10365.474609375,93.81381667939914
I11,12,MITO,126990.578125,1008.3810593252613
I11,12,PHAandWGA,65677.9921875,564.7920907420231
I11,12,SYTO,53575.53515625,435.9362250756398
I11,13,CONC,12651.5791015625,67.40807352360326
I11,13,HOECHST,10434.15234375,90.0751059731635
I11,13,MITO,127278.3125,964.3293993274739
I11,13,PHAandWGA,66099.296875,544.3671791997625
I11,13,SYTO,54050.9921875,415.4552887857515
I11,14,CONC,12681.048828125,64.28229723382012
I11,14,HOECHST,10508.0947265625,86.78138275519703
I11,14,MITO,128140.953125,925.6733726020784
I11,14,PHAandWGA,65687.8359375,525.750774910876
I11,14,SYTO,55156.1171875,397.4983448777829
I11,15,CONC,12689.765625,61.57080400932339
I11,15,HOECHST,10593.48046875,83.93810536560711
I11,15,MITO,127564.8671875,888.0348654068565
I11,15,PHAandWGA,66101.03125,510.60194968483285
I11,15,SYTO,54908.32421875,383.0031864936145
I12,0,CONC,7989.0087890625,79.49709250109323
I12,0,HOECHST,5279.5263671875,76.968665339261
I12,0,MITO,87696.546875,1329.4308044671334
I12,0,PHAandWGA,37536.4375,592.1753573674421
I12,0,SYTO,28115.58984375,469.2836975753049
I12,1,CONC,9026.99609375,122.72235302798576
I12,1,HOECHST,5848.7685546875,117.08858385360601
I12,1,MITO,93785.546875,1900.5387311272214
I12,1,PHAandWGA,40973.44140625,793.370948858986
I12,1,SYTO,30595.75,667.1592167109801
I12,2,CONC,10238.0673828125,165.4980644750542
I12,2,HOECHST,6597.515625,158.69705409326863
I12,2,MITO,103946.0625,2405.8209773314406
I12,2,PHAandWGA,44964.984375,1010.8405886189801
I12,2,SYTO,34543.05859375,882.1716304283074
I12,3,CONC,11326.7822265625,187.67587029627583
I12,3,HOECHST,7392.73095703125,189.26094716881587
I12,3,MITO,112869.84375,2607.886249820713
I12,3,PHAandWGA,48862.67578125,1147.8486030491488
I12,3,SYTO,38031.03125,1006.5918385926697
I12,4,CONC,12022.6171875,186.06412182475245
I12,4,HOECHST,7954.12109375,192.92051452359684
I12,4,MITO,117235.203125,2488.625113848201
I12,4,PHAandWGA,52460.515625,1169.2572646179387
I12,4,SYTO,41757.28515625,1018.9515790920223
I12,5,CONC,12427.4453125,172.36950012358955
I12,5,HOECHST,8263.287109375,182.08929950825225
I12,5,MITO,121436.984375,2315.788823168713
I12,5,PHAandWGA,54652.54296875,1144.7969987620177
I12,5,SYTO,43709.3515625,975.9933496633529
I12,6,CONC,12808.1318359375,159.63718389133578
I12,6,HOECHST,8516.0732421875,167.97584328131015
I12,6,MITO,123555.5390625,2131.5371162268634
I12,6,PHAandWGA,58000.9375,1091.117258562429
I12,6,SYTO,46713.453125,906.0012373559672
I12,7,CONC,13074.970703125,142.68467648781444
I12,7,HOECHST,8757.583984375,153.26372449913373
I12,7,MITO,127172.4609375,1933.7269524660423
I12,7,PHAandWGA,59644.20703125,1004.7091729025065
I12,7,SYTO,49046.93359375,819.8267176916069
I12,8,CONC,13243.3232421875,125.57075537927336
I12,8,HOECHST,9018.984375,139.47239165641756
I12,8,MITO,130264.65625,1750.129790282297
I12,8,PHAandWGA,62540.07421875,916.4038177869575
I12,8,SYTO,51431.9765625,731.3147680297592
I12,9,CONC,13230.0390625,111.82256041003366
I12,9,HOECHST,9050.05078125,122.89741343685422
I12,9,MITO,131959.25,1562.833509898531
I12,9,PHAandWGA,63206.21875,842.0623721175325
I12,9,SYTO,51627.3125,652.7303696420678
I12,10,CONC,13321.171875,99.47947816640341
I12,10,HOECHST,9079.91796875,109.72099220068571
I12,10,MITO,134349.0,1435.8695428858682
I12,10,PHAandWGA,64419.2578125,773.2553732452338
I12,10,SYTO,52524.41796875,591.1931902805645
I12,11,CONC,13295.955078125,86.31825740176025
I12,11,HOECHST,9177.3701171875,98.51423989356566
I12,11,MITO,135579.265625,1262.565230948252
I12,11,PHAandWGA,66168.25,694.3481880745786
I12,11,SYTO,53367.85546875,518.8966462315394
I12,12,CONC,13214.9287109375,76.34593984485339
I12,12,HOECHST,9284.466796875,89.10586687158978
I12,12,MITO,135132.546875,1116.6908916973712
I12,12,PHAandWGA,66964.8125,634.0311239350715
I12,12,SYTO,53889.04296875,464.910751954005
I12,13,CONC,13162.1689453125,70.16223573983002
I12,13,HOECHST,9265.845703125,81.87103323525707
I12,13,MITO,135279.84375,1049.8526787029525
I12,13,PHAandWGA,67292.859375,597.2283880952631
I12,13,SYTO,53973.6640625,431.58286519167393
I12,14,CONC,13078.41015625,65.54996751409479
I12,14,HOECHST,9251.986328125,76.77165646449704
I12,14,MITO,135875.28125,1000.0984388247824
I12,14,PHAandWGA,66549.078125,568.8887370128882
I12,14,SYTO,54449.6484375,406.821718448835
I12,15,CONC,13110.84765625,61.34609226770903
I12,15,HOECHST,9230.681640625,71.9436462577523
I12,15,MITO,134962.6875,930.4659693754099
I12,15,PHAandWGA,67612.21875,544.8334870253859
I12,15,SYTO,53663.41796875,383.8507017110007
I13,0,CONC,1813.083984375,104.48400715335107
I13,0,HOECHST,2074.13623046875,185.2197251245317
I13,0,MITO,27204.3203125,4276.098842510154
I13,0,PHAandWGA,7019.88232421875,873.3180156949866
I13,0,SYTO,4289.083984375,546.1021484380082
I13,1,CONC,2056.252197265625,143.71663267109207
I13,1,HOECHST,2432.6728515625,268.32297089207
I13,1,MITO,30055.849609375,5120.86207864486
I13,1,PHAandWGA,8366.2021484375,1087.5173363545493
I13,1,SYTO,5481.22509765625,739.1455171875721
I13,2,CONC,2231.223876953125,167.16119188797762
I13,2,HOECHST,2710.1552734375,309.6762120993044
I13,2,MITO,32318.07421875,5582.550836289789
I13,2,PHAandWGA,9493.8330078125,1237.2107222404588
I13,2,SYTO,6334.60546875,834.5831909943427
I13,3,CONC,2363.004638671875,177.6431633653696
I13,3,HOECHST,2839.87841796875,317.4983968883221
I13,3,MITO,33683.640625,5750.299788084473
I13,3,PHAandWGA,10366.099609375,1317.7333419163126
I13,3,SYTO,6664.97802734375,854.5121836675097
I13,4,CONC,2442.728271484375,181.2881182697373
I13,4,HOECHST,2928.713623046875,314.0676332573027
I13,4,MITO,34621.77734375,5815.9432420295425
I13,4,PHAandWGA,11196.740234375,1363.4171387523054
I13,4,SYTO,6623.78369140625,845.9670273740858
I13,5,CONC,2509.44482421875,179.67160295280607
I13,5,HOECHST,2987.847900390625,306.46960619760773
I13,5,MITO,35671.03125,5850.356226393378
I13,5,PHAandWGA,11361.6953125,1328.699194616189
I13,5,SYTO,6343.859375,821.3909377645762
I13,6,CONC,2507.3046875,172.5807532085391
I13,6,HOECHST,2970.1845703125,292.6895048858504
I13,6,MITO,35801.83984375,5730.668383810755
I13,6,PHAandWGA,11199.501953125,1266.5846766736295
I13,6,SYTO,6041.8720703125,781.0089290581059
I13,7,CONC,2476.173828125,163.2916337014743
I13,7,HOECHST,2871.01416015625,269.7850380288951
I13,7,MITO,36033.796875,5587.0996863712235
I13,7,PHAandWGA,11041.7099609375,1209.1325346913172
I13,7,SYTO,5719.259765625,737.3822210502896
I13,8,CONC,2452.380615234375,153.05554045050013
I13,8,HOECHST,2789.26318359375,247.082745599112
I13,8,MITO,34938.890625,5401.6323452229835
I13,8,PHAandWGA,10812.220703125,1157.6916805303053
I13,8,SYTO,5491.92578125,688.8916766036474
I13,9,CONC,2404.570068359375,141.74186417001306
I13,9,HOECHST,2685.94091796875,224.01517906426395
I13,9,MITO,34326.8515625,5185.566975376582
I13,9,PHAandWGA,10448.4599609375,1084.6655141754525
I13,9,SYTO,5272.326171875,635.4353516364681
I13,10,CONC,2348.575927734375,131.29670424601784
I13,10,HOECHST,2628.130126953125,204.0626186073367
I13,10,MITO,33867.1796875,4912.501626113351
I13,10,PHAandWGA,10083.318359375,1002.6514356329081
I13,10,SYTO,5085.18798828125,585.0408756961981
I13,11,CONC,2323.345458984375,121.52665787116808
I13,11,HOECHST,2610.814453125,186.8631898838812
I13,11,MITO,33640.359375,4613.006886813866
I13,11,PHAandWGA,9584.623046875,912.6845705314001
I13,11,SYTO,5002.32568359375,535.5242449056059
I13,12,CONC,2313.900146484375,112.11189415147985
I13,12,HOECHST,2617.05224609375,171.95852310856154
I13,12,MITO,33122.92578125,4270.931026727125
I13,12,PHAandWGA,9198.3427734375,826.7062338602636
I13,12,SYTO,4882.24365234375,490.3400216213076
I13,13,CONC,2316.5458984375,103.73875585695338
I13,13,HOECHST,2635.07421875,158.70088566373906
I13,13,MITO,32792.421875,3900.5461717665066
I13,13,PHAandWGA,8867.0,744.5947522489543
I13,13,SYTO,4881.87451171875,446.1486822246641
I13,14,CONC,2340.104736328125,95.60399914639599
I13,14,HOECHST,2681.8759765625,146.3728707713548
I13,14,MITO,32928.86328125,3525.598856528181
I13,14,PHAandWGA,8585.939453125,664.6239702263699
I13,14,SYTO,4849.6015625,403.9523570036348
I13,15,CONC,2349.409423828125,88.40362704560732
I13,15,HOECHST,2733.0556640625,135.43918397586083
I13,15,MITO,33401.671875,3169.5453245625276
I13,15,PHAandWGA,8281.71875,598.0735870533863
I13,15,SYTO,4941.767578125,368.4455639087214
I14,0,CONC,3919.03515625,125.98488672047085
I14,0,HOECHST,3108.28759765625,135.5061448857444
I14,0,MITO,56181.1015625,3412.9910724423776
I14,0,PHAandWGA,19263.13671875,1150.9126998207582
I14,0,SYTO,11828.8671875,709.8350101349546
I14,1,CONC,4690.3466796875,201.71083072082712
I14,1,HOECHST,3833.93896484375,246.93850143439633
I14,1,MITO,62406.59765625,4712.020205822205
I14,1,PHAandWGA,22483.69921875,1605.54887466756
I14,1,SYTO,15085.322265625,1111.6240737353664
I14,2,CONC,5273.29931640625,237.73874716332298
I14,2,HOECHST,4390.3193359375,299.8103225000564
I14,2,MITO,67304.8984375,5309.925086128537
I14,2,PHAandWGA,24939.5859375,1833.312833159606
I14,2,SYTO,18004.88671875,1285.0278713782125
I14,3,CONC,5637.4482421875,252.8391473266174
I14,3,HOECHST,4673.62939453125,310.7642680698935
I14,3,MITO,72229.3515625,5553.491405081463
I14,3,PHAandWGA,27623.001953125,1969.4360297549808
I14,3,SYTO,19754.123046875,1348.403875233923
I14,4,CONC,5897.9736328125,256.59022346843113
I14,4,HOECHST,4983.6943359375,321.242306947228
I14,4,MITO,75628.359375,5583.8420008204685
I14,4,PHAandWGA,29625.24609375,2011.9684276062176
I14,4,SYTO,21659.859375,1354.8740862572552
I14,5,CONC,6048.17236328125,251.62597830358166
I14,5,HOECHST,5132.0419921875,315.40514607118746
I14,5,MITO,77316.453125,5481.881712861343
I14,5,PHAandWGA,30885.724609375,2006.0016685915707
I14,5,SYTO,22731.759765625,1322.7902017772813
I14,6,CONC,6152.19140625,244.1724360893438
I14,6,HOECHST,5238.70166015625,302.37146749908635
I14,6,MITO,79396.21875,5384.044208963183
I14,6,PHAandWGA,32770.33203125,1992.761926890428
I14,6,SYTO,23955.5703125,1283.6239426763273
I14,7,CONC,6252.3994140625,235.9909390436745
I14,7,HOECHST,5293.2021484375,291.16264343491906
I14,7,MITO,81011.421875,5297.586458291251
I14,7,PHAandWGA,33231.2421875,1948.8617260805036
I14,7,SYTO,24630.66796875,1227.500564810672
I14,8,CONC,6221.21240234375,225.13000467224197
I14,8,HOECHST,5360.501953125,278.6313184763042
I14,8,MITO,82590.890625,5167.99995736945
I14,8,PHAandWGA,33581.24609375,1879.1005665561545
I14,8,SYTO,24600.484375,1164.5548635016744
I14,9,CONC,6170.935546875,215.18224759578595
I14,9,HOECHST,5364.65185546875,264.25213878168785
I14,9,MITO,82907.65625,5045.262160307206
I14,9,PHAandWGA,33730.0078125,1820.804564912664
I14,9,SYTO,24696.68359375,1100.3563167024765
I14,10,CONC,6123.00634765625,204.76284651944596
I14,10,HOECHST,5194.5126953125,245.78679470174174
I14,10,MITO,83340.953125,4926.23162225215
I14,10,PHAandWGA,34124.30078125,1784.877076314443
I14,10,SYTO,24617.6796875,1043.4206002595315
I14,11,CONC,6011.6806640625,193.98773180819106
I14,11,HOECHST,5158.056640625,231.46781436698066
I14,11,MITO,82353.640625,4773.610411068014
I14,11,PHAandWGA,33932.2109375,1719.4540249716786
I14,11,SYTO,24258.49609375,988.7606415905508
I14,12,CONC,5934.3203125,183.41316798111004
I14,12,HOECHST,5040.224609375,214.21072914811168
I14,12,MITO,81794.8125,4675.93900108926
I14,12,PHAandWGA,33072.0234375,1666.2750270345548
I14,12,SYTO,23547.8671875,936.6380189808788
I14,13,CONC,5897.359375,172.4143076421751
I14,13,HOECHST,5001.65234375,198.50923252674255
I14,13,MITO,81992.15625,4533.329374899415
I14,13,PHAandWGA,32622.134765625,1607.1046078566299
I14,13,SYTO,22839.98046875,883.8320167243077
I14,14,CONC,5823.22021484375,162.0451090783577
I14,14,HOECHST,4969.27734375,185.24169503007582
I14,14,MITO,82052.7734375,4366.696753499142
I14,14,PHAandWGA,31973.44921875,1545.5141462644667
I14,14,SYTO,22042.349609375,822.9906085982869
I14,15,CONC,5777.1875,151.85434391413557
I14,15,HOECHST,4941.29345703125,172.37588691993895
I14,15,MITO,81220.8984375,4172.720151873668
I14,15,PHAandWGA,31350.83984375,1470.9467290607765
I14,15,SYTO,21130.34375,764.8772771513608
I16,0,CONC,2533.9365234375,76.39283214611605
I16,0,HOECHST,2060.20654296875,74.69750590030642
I16,0,MITO,36465.49609375,2562.0923576626215
I16,0,PHAandWGA,12358.35546875,790.9802238391397
I16,0,SYTO,6050.1025390625,420.4823739417624
I16,1,CONC,2733.04296875,100.15964594985029
I16,1,HOECHST,2226.77734375,97.07306651292082
I16,1,MITO,38190.91796875,2985.5464862989156
I16,1,PHAandWGA,13256.328125,976.8322683067177
I16,1,SYTO,6965.8935546875,535.7474674713459
I16,2,CONC,3038.21337890625,136.62619613666567
I16,2,HOECHST,2450.02099609375,138.07849939693855
I16,2,MITO,42117.83984375,3710.8804488295054
I16,2,PHAandWGA,14758.75390625,1259.3642922253568
I16,2,SYTO,8807.869140625,734.3762572165346
I16,3,CONC,3374.195068359375,169.7379070153167
I16,3,HOECHST,2790.12353515625,186.5845290929976
I16,3,MITO,44705.40234375,4370.973273919656
I16,3,PHAandWGA,16353.109375,1504.49817573749
I16,3,SYTO,10832.193359375,921.4910140281917
I16,4,CONC,3634.510498046875,192.5010114917188
I16,4,HOECHST,3017.67041015625,211.2671246799661
I16,4,MITO,47329.80078125,4768.448545049832
I16,4,PHAandWGA,17790.99609375,1681.1358161169862
I16,4,SYTO,12094.48828125,1026.569893877311
I16,5,CONC,3843.497802734375,205.24500167844252
I16,5,HOECHST,3216.486328125,226.68462239013616
I16,5,MITO,49488.44921875,5007.555396864834
I16,5,PHAandWGA,19409.9140625,1790.8696138142873
I16,5,SYTO,13251.0947265625,1064.8348413795597
I16,6,CONC,3986.1416015625,209.0481737490349
I16,6,HOECHST,3374.315185546875,235.00842230661618
I16,6,MITO,52047.79296875,5126.377600536892
I16,6,PHAandWGA,20952.55078125,1819.8102589781372
I16,6,SYTO,14297.046875,1067.198191798655
I16,7,CONC,4067.7080078125,208.14170052958332
I16,7,HOECHST,3510.46923828125,233.35256922805885
I16,7,MITO,53120.1953125,5125.552807122476
I16,7,PHAandWGA,21544.71484375,1812.2002616436557
I16,7,SYTO,14537.0400390625,1050.2271541977805
I16,8,CONC,4107.51171875,203.50063206105463
I16,8,HOECHST,3539.71630859375,226.85421274844379
I16,8,MITO,54113.125,5084.520121417375
I16,8,PHAandWGA,22217.5703125,1784.2068762889164
I16,8,SYTO,14833.328125,1016.4214919219093
I16,9,CONC,4103.29443359375,196.84814622896903
I16,9,HOECHST,3509.69677734375,212.64197807385614
I16,9,MITO,54962.1484375,5025.122859823207
I16,9,PHAandWGA,22259.4921875,1746.1093641074744
I16,9,SYTO,14176.6689453125,966.0798421300702
I16,10,CONC,4087.17822265625,188.10614660923164
I16,10,HOECHST,3469.40087890625,202.51363775451384
I16,10,MITO,54869.2421875,4920.363723024498
I16,10,PHAandWGA,22041.53125,1678.5504127572522
I16,10,SYTO,13611.7021484375,913.9931802187559
I16,11,CONC,4023.1982421875,178.6350812828986
I16,11,HOECHST,3434.1220703125,188.6020340255816
I16,11,MITO,54218.02734375,4771.966079210762
I16,11,PHAandWGA,21461.09375,1608.2428589821375
I16,11,SYTO,13094.35546875,863.2751275357399
I16,12,CONC,4020.080078125,169.39567826354428
I16,12,HOECHST,3400.27587890625,177.76810513398976
I16,12,MITO,54788.828125,4638.50228089113
I16,12,PHAandWGA,21510.609375,1516.5255014000945
I16,12,SYTO,12452.15234375,811.1688018301974
I16,13,CONC,3983.721923828125,160.9833646230365
I16,13,HOECHST,3389.33056640625,168.56526482342105
I16,13,MITO,54164.55859375,4463.047096766569
I16,13,PHAandWGA,21270.28515625,1446.4529109834425
I16,13,SYTO,11937.396484375,762.0693859325752
I16,14,CONC,3995.17431640625,152.48840492801162
I16,14,HOECHST,3402.522705078125,158.04468835900659
I16,14,MITO,54788.6640625,4309.795184877324
I16,14,PHAandWGA,20757.18359375,1368.7423973105517
I16,14,SYTO,11566.8515625,713.0639188720716
I16,15,CONC,4020.45947265625,143.8589343832394
I16,15,HOECHST,3401.76513671875,147.14248752625514
I16,15,MITO,55049.53125,4094.9223611276607
I16,15,PHAandWGA,20549.751953125,1289.4130099598456
I16,15,SYTO,11325.564453125,665.3205721975582
I17,0,CONC,4894.9853515625,78.19204760962229
I17,0,HOECHST,3891.53857421875,93.17613225716019
I17,0,MITO,63553.63671875,1947.8541173959318
I17,0,PHAandWGA,24694.080078125,750.1798924214007
I17,0,SYTO,14484.5673828125,462.97188583350356
I17,1,CONC,5289.498046875,104.81428659918303
I17,1,HOECHST,4178.724609375,119.59885707443173
I17,1,MITO,67035.25,2397.470401974503
I17,1,PHAandWGA,26080.703125,905.813537056071
I17,1,SYTO,16357.498046875,597.233500977294
I17,2,CONC,5932.0615234375,154.0141290121905
I17,2,HOECHST,4692.11962890625,186.31901406680097
I17,2,MITO,73509.4453125,3172.284593084461
I17,2,PHAandWGA,28521.236328125,1183.3583771340718
I17,2,SYTO,18718.95703125,850.0886782958908
I17,3,CONC,6555.1845703125,188.93193424181354
I17,3,HOECHST,5190.77197265625,226.32528262179005
I17,3,MITO,77862.1953125,3589.4226068550643
I17,3,PHAandWGA,30463.517578125,1418.3775344833966
I17,3,SYTO,20863.875,1034.0648176945394
I17,4,CONC,6995.6982421875,208.01531249028196
I17,4,HOECHST,5572.521484375,252.9520884848488
I17,4,MITO,81963.0625,3794.2060933478197
I17,4,PHAandWGA,32751.72265625,1593.371673020507
I17,4,SYTO,23088.23828125,1150.1922225997819
I17,5,CONC,7380.9873046875,216.49740116571377
I17,5,HOECHST,5958.087890625,265.17827896223787
I17,5,MITO,85755.4609375,3926.3080113927704
I17,5,PHAandWGA,35398.4375,1694.665021365113
I17,5,SYTO,25495.435546875,1193.4980000341232
I17,6,CONC,7751.5107421875,220.12340970818647
I17,6,HOECHST,6333.17578125,274.14241119414714
I17,6,MITO,89542.59375,3971.938149314495
I17,6,PHAandWGA,37486.96484375,1731.1094974995103
I17,6,SYTO,27359.875,1205.1607970755947
I17,7,CONC,8004.283203125,217.33113766890165
I17,7,HOECHST,6601.177734375,268.33815697872456
I17,7,MITO,92756.109375,3926.6148191203924
I17,7,PHAandWGA,39514.9140625,1730.4670706036854
I17,7,SYTO,28828.771484375,1176.8805514817539
I17,8,CONC,8238.6875,212.5114187268502
I17,8,HOECHST,6840.82470703125,260.7682828587157
I17,8,MITO,94394.578125,3834.031747637666
I17,8,PHAandWGA,41725.59375,1707.3504991705834
I17,8,SYTO,30781.71875,1135.53238937445
I17,9,CONC,8374.529296875,205.5322184459159
I17,9,HOECHST,6967.8671875,251.42613627855317
I17,9,MITO,97762.0546875,3756.832957640776
I17,9,PHAandWGA,42813.828125,1663.181615257609
I17,9,SYTO,31134.8125,1094.4526499898732
I17,10,CONC,8437.86328125,195.7363432100286
I17,10,HOECHST,7056.09375,239.29737058013492
I17,10,MITO,98613.609375,3667.420524880052
I17,10,PHAandWGA,43569.4765625,1600.077817824684
I17,10,SYTO,32677.1953125,1042.5980867749424
I17,11,CONC,8538.421875,186.53044047745755
I17,11,HOECHST,7151.9638671875,228.32586274188256
I17,11,MITO,100411.453125,3591.1917322425616
I17,11,PHAandWGA,44847.0078125,1539.7645750480228
I17,11,SYTO,32684.509765625,988.1338576137164
I17,12,CONC,8588.443359375,177.25820547162903
I17,12,HOECHST,7224.50537109375,217.2561287424907
I17,12,MITO,102668.015625,3473.7613716184746
I17,12,PHAandWGA,45032.109375,1471.330060768433
I17,12,SYTO,33304.03125,934.1507018667409
I17,13,CONC,8617.365234375,168.0644887944356
I17,13,HOECHST,7317.3046875,206.2869209853705
I17,13,MITO,102999.5703125,3313.563978415046
I17,13,PHAandWGA,46409.484375,1410.0615394593774
I17,13,SYTO,33590.4375,880.3063842791075
I17,14,CONC,8658.91015625,160.63029885833802
I17,14,HOECHST,7370.52294921875,195.77267384923206
I17,14,MITO,105227.640625,3187.9834771766255
I17,14,PHAandWGA,45844.171875,1353.6653470197405
I17,14,SYTO,33491.6328125,838.0670458959501
I17,15,CONC,8679.0126953125,153.78224868601197
I17,15,HOECHST,7360.0556640625,185.40604208413197
I17,15,MITO,105256.8125,3075.5839713577802
I17,15,PHAandWGA,46019.0390625,1314.4670153127765
I17,15,SYTO,34070.0703125,799.8339859743099
I18,0,CONC,5811.9404296875,148.83359863150923
I18,0,HOECHST,4532.20556640625,156.5977813432166
I18,0,MITO,76062.40625,2988.951240501928
I18,0,PHAandWGA,28432.1953125,1140.3555121107333
I18,0,SYTO,18542.36328125,776.4115214732367
I18,1,CONC,6845.49609375,219.25735984492997
I18,1,HOECHST,5447.9521484375,256.6487752755758
I18,1,MITO,83539.234375,3815.521052925572
I18,1,PHAandWGA,32759.765625,1544.8548946534183
I18,1,SYTO,22537.3984375,1138.4461481680291
I18,2,CONC,7526.9345703125,247.5571523575944
I18,2,HOECHST,5988.30908203125,295.6067113990653
I18,2,MITO,88483.4609375,4116.445001456356
I18,2,PHAandWGA,35106.9921875,1710.3933266091108
I18,2,SYTO,25140.09375,1263.6542975005443
I18,3,CONC,7977.9697265625,251.87514558208994
I18,3,HOECHST,6477.02587890625,307.5482661296963
I18,3,MITO,93930.578125,4246.466060055916
I18,3,PHAandWGA,38212.90625,1802.0686588600242
I18,3,SYTO,27970.240234375,1305.9578580964926
I18,4,CONC,8297.203125,245.49424871528433
I18,4,HOECHST,6922.19921875,307.17081216149325
I18,4,MITO,97859.0625,4200.841526243541
I18,4,PHAandWGA,40273.4140625,1810.9010000351254
I18,4,SYTO,30118.453125,1290.070222038385
I18,5,CONC,8565.32421875,236.4951337790709
I18,5,HOECHST,7143.26708984375,290.7822716046005
I18,5,MITO,101320.0625,4098.710498121062
I18,5,PHAandWGA,43267.859375,1782.9400133786019
I18,5,SYTO,32071.5390625,1233.579794299862
I18,6,CONC,8739.0966796875,228.50656130660266
I18,6,HOECHST,7274.8798828125,283.1909285066065
I18,6,MITO,104310.3125,4008.747566605419
I18,6,PHAandWGA,44634.2734375,1716.9713370065733
I18,6,SYTO,32788.37109375,1170.9620220170475
I18,7,CONC,8849.2431640625,217.82079564352605
I18,7,HOECHST,7459.2236328125,270.8380867532299
I18,7,MITO,105028.609375,3878.8015158723288
I18,7,PHAandWGA,45614.046875,1645.959147163051
I18,7,SYTO,33671.38671875,1108.8641507438028
I18,8,CONC,8921.83203125,207.50201079687105
I18,8,HOECHST,7542.71923828125,255.55012735646426
I18,8,MITO,106906.2578125,3773.659295266464
I18,8,PHAandWGA,45774.1484375,1576.7613026636636
I18,8,SYTO,34270.984375,1045.6312751390062
I18,9,CONC,8864.322265625,193.76794607083912
I18,9,HOECHST,7441.71142578125,236.3127954070217
I18,9,MITO,107872.8671875,3630.1781591811823
I18,9,PHAandWGA,46562.859375,1516.249474122081
I18,9,SYTO,34201.8515625,985.4748619814743
I18,10,CONC,8728.16796875,183.15537004437545
I18,10,HOECHST,7434.04296875,224.2473368195721
I18,10,MITO,107039.7265625,3516.355067952728
I18,10,PHAandWGA,46592.4375,1465.4259938445555
I18,10,SYTO,34188.1875,938.5372776348913
I18,11,CONC,8629.5029296875,172.53632072117682
I18,11,HOECHST,7330.1279296875,210.32055291890603
I18,11,MITO,107282.21875,3417.735496638172
I18,11,PHAandWGA,46350.33203125,1410.109079132324
I18,11,SYTO,34280.859375,891.146456817701
I18,12,CONC,8535.6796875,164.15067262637308
I18,12,HOECHST,7249.90087890625,195.3911961525572
I18,12,MITO,107148.265625,3322.0719214801684
I18,12,PHAandWGA,45532.234375,1363.0027843561636
I18,12,SYTO,33234.25,843.8721738356649
I18,13,CONC,8521.611328125,156.82365247459202
I18,13,HOECHST,7245.9345703125,186.22025753512418
I18,13,MITO,106632.453125,3228.7925718406996
I18,13,PHAandWGA,45330.87890625,1321.9690407461521
I18,13,SYTO,33094.94921875,798.8097147345946
I18,14,CONC,8456.05078125,149.07309427956187
I18,14,HOECHST,7212.78125,177.67938567951646
I18,14,MITO,106960.6484375,3129.9658070949845
I18,14,PHAandWGA,45156.421875,1280.6545692065506
I18,14,SYTO,32818.5859375,764.5147538149631
I18,15,CONC,8388.109375,142.0772410999759
I18,15,HOECHST,7183.0166015625,167.51599157074025
I18,15,MITO,106714.078125,3053.1352566831197
I18,15,PHAandWGA,45035.5546875,1244.0494995163585
I18,15,SYTO,32421.3046875,729.1485789174988
I19,0,CONC,1573.391845703125,78.81831464854858
I19,0,HOECHST,1472.980712890625,108.47341822406415
I19,0,MITO,22278.982421875,3337.142911956644
I19,0,PHAandWGA,5613.24072265625,586.6195793745014
I19,0,SYTO,3250.0771484375,395.0820286204524
I19,1,CONC,1777.0556640625,115.4090513139002
I19,1,HOECHST,1668.66015625,147.159438817336
I19,1,MITO,24658.18359375,4185.321216949801
I19,1,PHAandWGA,6753.70703125,824.3149719809475
I19,1,SYTO,3846.781005859375,521.4220958716319
I19,2,CONC,1946.595458984375,145.73189473451083
I19,2,HOECHST,1868.193359375,190.27551610218632
I19,2,MITO,26713.517578125,4855.259724658654
I19,2,PHAandWGA,7589.61572265625,1024.2914599387934
I19,2,SYTO,4539.4296875,644.3786740607761
I19,3,CONC,2095.552978515625,164.10928302008628
I19,3,HOECHST,2022.4237060546875,209.2892883212403
I19,3,MITO,28174.44140625,5188.5977767753975
I19,3,PHAandWGA,8537.0888671875,1182.2507463836891
I19,3,SYTO,5080.34228515625,711.2151771238384
I19,4,CONC,2193.8525390625,172.7948228444867
I19,4,HOECHST,2097.075439453125,214.00846433059658
I19,4,MITO,29585.43359375,5374.471193907258
I19,4,PHAandWGA,9411.9296875,1298.8596137162372
I19,4,SYTO,5309.9580078125,735.0284711957663
I19,5,CONC,2205.702880859375,173.3958035539686
I19,5,HOECHST,2080.14501953125,194.4625513330615
I19,5,MITO,30034.8984375,5442.567521789614
I19,5,PHAandWGA,9635.8955078125,1325.2158339336775
I19,5,SYTO,5219.095703125,717.5386920802276
I19,6,CONC,2197.78173828125,167.52071771203032
I19,6,HOECHST,2078.377197265625,187.6160042177017
I19,6,MITO,29914.6484375,5373.6281407418355
I19,6,PHAandWGA,9705.076171875,1253.557744281329
I19,6,SYTO,5032.583984375,689.1181855530514
I19,7,CONC,2211.4365234375,160.41192299348663
I19,7,HOECHST,2101.17919921875,179.7604845389144
I19,7,MITO,29734.07421875,5253.508906643105
I19,7,PHAandWGA,9860.384765625,1205.0694072127915
I19,7,SYTO,4915.1142578125,658.3393588357362
I19,8,CONC,2220.507568359375,152.2980649587274
I19,8,HOECHST,2072.010498046875,166.4181264363886
I19,8,MITO,30084.36328125,5061.682865221393
I19,8,PHAandWGA,9840.759765625,1159.2267632749167
I19,8,SYTO,4810.9091796875,621.4921976868759
I19,9,CONC,2206.199951171875,142.74618843101382
I19,9,HOECHST,2026.87890625,148.31929768032384
I19,9,MITO,29946.76953125,4878.834976040805
I19,9,PHAandWGA,9620.4765625,1101.725612843325
I19,9,SYTO,4634.5517578125,573.6669171342286
I19,10,CONC,2174.787109375,133.27765771742668
I19,10,HOECHST,2012.8056640625,136.77215362726864
I19,10,MITO,29797.38671875,4626.894088626536
I19,10,PHAandWGA,9250.8115234375,1017.5161165571303
I19,10,SYTO,4512.5390625,530.1993442762558
I19,11,CONC,2147.96044921875,123.02890293957427
I19,11,HOECHST,1995.497314453125,124.7798020920893
I19,11,MITO,29212.9765625,4347.373439757398
I19,11,PHAandWGA,8851.65234375,927.3282702218571
I19,11,SYTO,4390.2939453125,484.25214548959315
I19,12,CONC,2129.52099609375,113.52185791996581
I19,12,HOECHST,1973.1754150390625,111.71043484992687
I19,12,MITO,28741.80859375,4020.5396336977983
I19,12,PHAandWGA,8253.60546875,829.5998193318869
I19,12,SYTO,4288.5087890625,437.3180665095814
I19,13,CONC,2117.234619140625,104.88295293614611
I19,13,HOECHST,1958.242919921875,101.32442430324522
I19,13,MITO,28515.90625,3687.624793177163
I19,13,PHAandWGA,7945.05078125,742.7488791374956
I19,13,SYTO,4186.29345703125,396.5149754746827
I19,14,CONC,2119.996337890625,96.68944728534905
I19,14,HOECHST,1959.9434814453125,92.85085533580187
I19,14,MITO,28179.13671875,3344.4237709007857
I19,14,PHAandWGA,7677.884765625,664.6476837746894
I19,14,SYTO,4181.3623046875,359.5980021832151
I19,15,CONC,2135.29052734375,89.1333471773357
I19,15,HOECHST,1994.69091796875,85.67141179738351
I19,15,MITO,27853.599609375,2996.569602508461
I19,15,PHAandWGA,7456.8046875,584.7158137700563
I19,15,SYTO,4193.62451171875,325.11881484058273
I22,0,CONC,4120.24365234375,79.79673518287628
I22,0,HOECHST,3317.40771484375,92.04248684718995
I22,0,MITO,58316.578125,2208.899552817319
I22,0,PHAandWGA,21955.5546875,833.0306362261236
I22,0,SYTO,11916.646484375,498.91686918851616
I22,1,CONC,4460.50390625,106.77378164688564
I22,1,HOECHST,3606.03173828125,121.6260918261273
I22,1,MITO,61115.640625,2639.4412971110255
I22,1,PHAandWGA,23570.28515625,1021.5334037581249
I22,1,SYTO,14107.775390625,657.797768531615
I22,2,CONC,4914.916015625,140.04028723013707
I22,2,HOECHST,4008.6875,161.08367634871902
I22,2,MITO,65805.921875,3140.930653781004
I22,2,PHAandWGA,25495.8515625,1252.0867292669916
I22,2,SYTO,16418.52734375,848.4513394433386
I22,3,CONC,5462.94384765625,168.28420969971117
I22,3,HOECHST,4475.38037109375,197.24945037861875
I22,3,MITO,70586.46875,3525.716091919956
I22,3,PHAandWGA,28051.984375,1451.942984941085
I22,3,SYTO,19564.572265625,1000.8843700426883
I22,4,CONC,5882.798828125,183.21600471683763
I22,4,HOECHST,4894.6669921875,222.9146285415471
I22,4,MITO,76101.6875,3750.1826492015066
I22,4,PHAandWGA,30541.763671875,1570.2753189345815
I22,4,SYTO,22243.01171875,1081.4072766481095
I22,5,CONC,6179.2587890625,186.08460033189678
I22,5,HOECHST,5187.1376953125,229.12962586308382
I22,5,MITO,79216.625,3828.5198099309378
I22,5,PHAandWGA,32825.796875,1625.430241678042
I22,5,SYTO,24026.9609375,1092.8971257942992
I22,6,CONC,6353.94921875,183.65599178643305
I22,6,HOECHST,5414.5302734375,229.60825903650442
I22,6,MITO,80858.78125,3844.695009020847
I22,6,PHAandWGA,34280.12890625,1620.579983997464
I22,6,SYTO,25394.5234375,1070.893258964996
I22,7,CONC,6451.90234375,178.19638811675887
I22,7,HOECHST,5565.650390625,224.35746379318206
I22,7,MITO,83770.828125,3834.482371882541
I22,7,PHAandWGA,35404.7578125,1580.4447412397608
I22,7,SYTO,26317.19140625,1028.5136601891752
I22,8,CONC,6533.275390625,171.84191026125032
I22,8,HOECHST,5603.388671875,215.41387984668842
I22,8,MITO,85935.84375,3795.803726579513
I22,8,PHAandWGA,36859.8046875,1524.1081375833528
I22,8,SYTO,26973.201171875,981.0609659914027
I22,9,CONC,6554.25,165.8071222881683
I22,9,HOECHST,5698.4990234375,208.833120982688
I22,9,MITO,86457.9609375,3736.510787320906
I22,9,PHAandWGA,36814.8515625,1468.378410201281
I22,9,SYTO,27270.3359375,940.051887815787
I22,10,CONC,6596.6025390625,160.25586395872537
I22,10,HOECHST,5760.59619140625,201.53665981820623
I22,10,MITO,88126.21875,3682.0287276225004
I22,10,PHAandWGA,37589.890625,1427.0923095504008
I22,10,SYTO,28000.421875,903.716675436461
I22,11,CONC,6626.69921875,154.46828099476951
I22,11,HOECHST,5761.14501953125,192.07847700710022
I22,11,MITO,88432.5859375,3595.2164537130748
I22,11,PHAandWGA,38220.2578125,1392.150462612603
I22,11,SYTO,27932.837890625,862.5207337463424
I22,12,CONC,6672.8720703125,148.7816014035025
I22,12,HOECHST,5766.67041015625,185.08040042560953
I22,12,MITO,90309.1328125,3553.2411302830737
I22,12,PHAandWGA,38617.0,1360.5914417680412
I22,12,SYTO,27546.068359375,827.2726555554663
I22,13,CONC,6634.1171875,143.3306817448297
I22,13,HOECHST,5806.787109375,178.56902279962486
I22,13,MITO,91004.8125,3483.063809975844
I22,13,PHAandWGA,38667.234375,1320.7529911794595
I22,13,SYTO,27558.65625,795.5245322967912
I22,14,CONC,6639.0244140625,137.82430012135114
I22,14,HOECHST,5799.0361328125,170.6046863155664
I22,14,MITO,91028.140625,3392.0902872328206
I22,14,PHAandWGA,38712.828125,1286.521383394958
I22,14,SYTO,27375.28125,761.4832828785846
I22,15,CONC,6654.275390625,131.9032691548835
I22,15,HOECHST,5820.33642578125,161.97250003758714
I22,15,MITO,91949.328125,3285.678940553116
I22,15,PHAandWGA,38129.34765625,1240.7601412590168
I22,15,SYTO,26741.1015625,724.4279428721654
I23,0,CONC,4263.98876953125,81.4359431406289
I23,0,HOECHST,3249.695068359375,84.0429261140922
I23,0,MITO,60951.30078125,2263.5892670362123
I23,0,PHAandWGA,21424.75390625,805.4348246688245
I23,0,SYTO,11933.943359375,464.67179657368325
I23,1,CONC,4731.25390625,116.92269591635485
I23,1,HOECHST,3619.298828125,123.28773923415922
I23,1,MITO,64277.02734375,2869.6398748470906
I23,1,PHAandWGA,23287.5390625,1040.145242950952
I23,1,SYTO,14326.7919921875,657.8699482010528
I23,2,CONC,5300.8701171875,153.21563724448694
I23,2,HOECHST,4072.94677734375,163.41588494701102
I23,2,MITO,71762.3671875,3441.2050496978873
I23,2,PHAandWGA,25943.21875,1294.4160875573828
I23,2,SYTO,17166.541015625,848.9485930096165
I23,3,CONC,5754.62548828125,175.1961417596098
I23,3,HOECHST,4479.9951171875,196.4863137430079
I23,3,MITO,75566.578125,3717.869850146953
I23,3,PHAandWGA,27945.4609375,1472.0364313531998
I23,3,SYTO,19550.845703125,969.8847621561696
I23,4,CONC,6066.4423828125,182.9393777902956
I23,4,HOECHST,4732.3974609375,206.08018031996008
I23,4,MITO,78940.3515625,3846.377338874567
I23,4,PHAandWGA,29784.369140625,1573.6625772649177
I23,4,SYTO,21476.10546875,1018.0540877342297
I23,5,CONC,6363.21826171875,183.14292975330474
I23,5,HOECHST,5029.8017578125,211.56991051400965
I23,5,MITO,82064.203125,3847.6828015188576
I23,5,PHAandWGA,31598.31640625,1604.8169000069313
I23,5,SYTO,23135.271484375,1019.1881988192885
I23,6,CONC,6586.4853515625,178.46879884303317
I23,6,HOECHST,5251.87255859375,210.9741212902304
I23,6,MITO,85657.515625,3799.1896008672106
I23,6,PHAandWGA,33710.54296875,1588.9557939732174
I23,6,SYTO,24688.673828125,988.9251418485707
I23,7,CONC,6717.6171875,172.85548922878704
I23,7,HOECHST,5463.6787109375,205.4062481951829
I23,7,MITO,88073.25,3699.3393741385403
I23,7,PHAandWGA,35132.625,1547.7588789915342
I23,7,SYTO,25983.49609375,950.5047196581625
I23,8,CONC,6774.7236328125,166.6533718916484
I23,8,HOECHST,5502.5751953125,195.46816113508768
I23,8,MITO,88561.90625,3613.9021056126153
I23,8,PHAandWGA,36090.89453125,1515.7501164988282
I23,8,SYTO,26468.119140625,909.4400380749998
I23,9,CONC,6782.033203125,160.65684839707353
I23,9,HOECHST,5531.29931640625,187.03452262717147
I23,9,MITO,89120.1953125,3538.9031696191955
I23,9,PHAandWGA,36303.40625,1485.681365769847
I23,9,SYTO,26735.74609375,870.8667047838712
I23,10,CONC,6757.5703125,154.96760724352387
I23,10,HOECHST,5571.798828125,178.48913972571495
I23,10,MITO,89659.1015625,3466.512857843054
I23,10,PHAandWGA,36970.72265625,1446.1043650910678
I23,10,SYTO,26558.7265625,833.9265443781221
I23,11,CONC,6791.39794921875,149.54241542537176
I23,11,HOECHST,5583.4453125,170.2482757947026
I23,11,MITO,91159.578125,3401.039190865953
I23,11,PHAandWGA,37304.15625,1410.3120823200109
I23,11,SYTO,26887.62109375,800.845513285078
I23,12,CONC,6758.48681640625,144.5357407868653
I23,12,HOECHST,5541.5556640625,160.84887800559574
I23,12,MITO,90380.0859375,3326.54841915407
I23,12,PHAandWGA,37100.5625,1375.5548676908143
I23,12,SYTO,26679.099609375,768.9745282594472
I23,13,CONC,6806.7626953125,138.97750084853445
I23,13,HOECHST,5531.72705078125,152.83749286085308
I23,13,MITO,91287.828125,3237.728374821717
I23,13,PHAandWGA,37567.1015625,1336.084367690679
I23,13,SYTO,26667.65234375,735.5724329641533
I23,14,CONC,6809.7978515625,132.83324586802703
I23,14,HOECHST,5579.8056640625,146.2876115831838
I23,14,MITO,91520.7734375,3137.325715731575
I23,14,PHAandWGA,37724.26953125,1287.546501423841
I23,14,SYTO,26352.2421875,696.7914116990004
I23,15,CONC,6869.12890625,126.4086023795059
I23,15,HOECHST,5638.57861328125,138.94611224001545
I23,15,MITO,91733.296875,2980.1298037997617
I23,15,PHAandWGA,37398.44921875,1237.4660485450163
I23,15,SYTO,25818.69140625,654.1307993697384
J02,0,CONC,8593.318359375,56.44671726238162
J02,0,HOECHST,6948.080078125,75.23307631837292
J02,0,MITO,94347.4296875,1026.3617868740243
J02,0,PHAandWGA,43867.09375,460.01332084950474
J02,0,SYTO,34814.9609375,406.15577529468226
J02,1,CONC,9170.873046875,70.762010661157
J02,1,HOECHST,7363.0625,88.13880469628411
J02,1,MITO,99318.3125,1220.0729523039545
J02,1,PHAandWGA,45952.27734375,518.1023710303023
J02,1,SYTO,37203.765625,463.6324650254198
J02,2,CONC,9794.6630859375,87.06687007588697
J02,2,HOECHST,7872.8291015625,108.03297226283846
J02,2,MITO,104016.6640625,1393.4572205932736
J02,2,PHAandWGA,49106.546875,590.2743560326991
J02,2,SYTO,39492.92578125,545.1642702631287
J02,3,CONC,10294.62890625,95.83106615343824
J02,3,HOECHST,8239.2880859375,112.46980543873251
J02,3,MITO,106978.9453125,1467.4034067661769
J02,3,PHAandWGA,50414.703125,648.0968563299384
J02,3,SYTO,41606.234375,597.7309271530329
J02,4,CONC,10760.197265625,98.20069591000414
J02,4,HOECHST,8544.7939453125,116.28596336083362
J02,4,MITO,110723.8125,1500.0084960494532
J02,4,PHAandWGA,52592.21484375,666.5882332070282
J02,4,SYTO,42901.01953125,611.7164564902333
J02,5,CONC,11040.939453125,92.96188975818363
J02,5,HOECHST,8929.357421875,117.14969757936626
J02,5,MITO,113397.8125,1447.6747146482683
J02,5,PHAandWGA,54396.515625,662.0066003766444
J02,5,SYTO,45425.484375,606.1709335877574
J02,6,CONC,11436.369140625,88.63613442488959
J02,6,HOECHST,9280.3017578125,114.07367823209567
J02,6,MITO,115512.8359375,1393.0762494947282
J02,6,PHAandWGA,56429.0078125,650.1153351602991
J02,6,SYTO,47418.7265625,585.5394623110549
J02,7,CONC,11714.25,84.9886276344303
J02,7,HOECHST,9643.900390625,111.3231103854481
J02,7,MITO,120255.7265625,1354.8941832461924
J02,7,PHAandWGA,58302.1796875,629.5286064040299
J02,7,SYTO,49574.1796875,559.777244930731
J02,8,CONC,12016.505859375,80.36617135082378
J02,8,HOECHST,9887.96875,104.74666661179388
J02,8,MITO,122869.84375,1296.2821160774804
J02,8,PHAandWGA,60423.72265625,601.5638397181149
J02,8,SYTO,50737.4140625,526.6199829769107
J02,9,CONC,12341.90625,75.24758983435275
J02,9,HOECHST,10224.8818359375,99.09166414853298
J02,9,MITO,126186.515625,1231.1655541198772
J02,9,PHAandWGA,63286.30859375,567.3657713303468
J02,9,SYTO,52814.859375,490.4935911501009
J02,10,CONC,12652.763671875,69.45885932278884
J02,10,HOECHST,10527.126953125,93.57851653080961
J02,10,MITO,127680.1640625,1155.7648024174966
J02,10,PHAandWGA,64131.25,526.9045782872304
J02,10,SYTO,55322.9296875,448.39499246026486
J02,11,CONC,12889.482421875,63.8811443190996
J02,11,HOECHST,10750.8115234375,87.80502354143745
J02,11,MITO,130257.15625,1083.4130974377888
J02,11,PHAandWGA,66055.8359375,494.6165374696382
J02,11,SYTO,56475.04296875,415.20371261490607
J02,12,CONC,13025.2861328125,59.21248172054017
J02,12,HOECHST,10965.41796875,83.10330038296922
J02,12,MITO,133173.5,1028.8517047295416
J02,12,PHAandWGA,67498.96875,468.66378583545634
J02,12,SYTO,57571.45703125,389.27878896016017
J02,13,CONC,13229.6005859375,54.85090844577529
J02,13,HOECHST,11158.7060546875,79.14733291713367
J02,13,MITO,133920.375,975.2534501665065
J02,13,PHAandWGA,68556.9375,443.30134264717896
J02,13,SYTO,59240.0625,363.7657123039032
J02,14,CONC,13411.126953125,51.543796949485795
J02,14,HOECHST,11345.76953125,76.22260594385999
J02,14,MITO,136323.625,933.2946700308556
J02,14,PHAandWGA,69528.453125,421.34971878940127
J02,14,SYTO,60467.6875,343.7500784413094
J02,15,CONC,13552.6083984375,48.82564622585153
J02,15,HOECHST,11541.388671875,73.62221151244918
J02,15,MITO,138755.3125,902.3379161051321
J02,15,PHAandWGA,70087.703125,405.3086902966602
J02,15,SYTO,61158.73828125,329.4053189959044
J03,0,CONC,5140.4873046875,103.13937323782861
J03,0,HOECHST,3682.765625,96.49387462841673
J03,0,MITO,61822.8671875,2212.052929817256
J03,0,PHAandWGA,24284.78515625,835.8114042759263
J03,0,SYTO,16545.21875,613.3925838506623
J03,1,CONC,5550.27783203125,131.7410857263962
J03,1,HOECHST,3979.32568359375,121.80283742066264
J03,1,MITO,65074.40625,2573.025667646011
J03,1,PHAandWGA,25635.6875,1000.9990925632301
J03,1,SYTO,18516.61328125,769.4037775762708
J03,2,CONC,5997.6318359375,152.59257421492825
J03,2,HOECHST,4315.07861328125,148.18483628132756
J03,2,MITO,69594.2109375,2847.319953152309
J03,2,PHAandWGA,27639.81640625,1137.041029124293
J03,2,SYTO,20785.263671875,899.1305039137707
J03,3,CONC,6372.58642578125,163.0419712738835
J03,3,HOECHST,4664.529296875,166.65281183394612
J03,3,MITO,72935.6875,2954.4433637271786
J03,3,PHAandWGA,29998.60546875,1220.5800731210256
J03,3,SYTO,22615.61328125,967.0857147356326
J03,4,CONC,6705.484375,167.15183788896357
J03,4,HOECHST,4919.2626953125,174.1101656977921
J03,4,MITO,75327.765625,2974.584230586079
J03,4,PHAandWGA,31408.7421875,1260.3631054703806
J03,4,SYTO,24523.26171875,991.663361891625
J03,5,CONC,6954.826171875,167.33452703791048
J03,5,HOECHST,5181.06201171875,177.17687529592018
J03,5,MITO,77410.5234375,2966.4885398720126
J03,5,PHAandWGA,33195.734375,1270.9430429320346
J03,5,SYTO,26758.208984375,992.6474233225827
J03,6,CONC,7185.5322265625,165.07472883178332
J03,6,HOECHST,5383.80029296875,176.71645996567634
J03,6,MITO,80392.625,2944.386403998593
J03,6,PHAandWGA,35222.2890625,1267.224287878131
J03,6,SYTO,28262.609375,981.8092923516334
J03,7,CONC,7251.50390625,161.16616362713086
J03,7,HOECHST,5506.37060546875,173.26021147273795
J03,7,MITO,81443.4140625,2904.7569499100982
J03,7,PHAandWGA,36320.078125,1250.3056098859677
J03,7,SYTO,29493.107421875,954.441467121903
J03,8,CONC,7334.1484375,156.41281814677416
J03,8,HOECHST,5555.9951171875,167.42038089535004
J03,8,MITO,82613.8671875,2837.701082303265
J03,8,PHAandWGA,37157.22265625,1226.4699116422719
J03,8,SYTO,30896.01953125,924.7075052222194
J03,9,CONC,7395.02880859375,151.52096880580132
J03,9,HOECHST,5659.04296875,161.28428596054925
J03,9,MITO,83590.7421875,2752.3246019972585
J03,9,PHAandWGA,38351.76953125,1196.1105027735223
J03,9,SYTO,31160.828125,886.521619434956
J03,10,CONC,7431.47705078125,145.865796083766
J03,10,HOECHST,5731.1123046875,154.3230298784731
J03,10,MITO,85282.8203125,2679.0303529937955
J03,10,PHAandWGA,38452.5625,1162.455404905458
J03,10,SYTO,32028.96484375,849.8489653067782
J03,11,CONC,7510.00439453125,139.9339427005681
J03,11,HOECHST,5792.01171875,147.63693192059617
J03,11,MITO,86452.7890625,2594.4435632230675
J03,11,PHAandWGA,38985.8203125,1128.0117280639533
J03,11,SYTO,31960.677734375,810.90680168111
J03,12,CONC,7553.75244140625,134.15338810245626
J03,12,HOECHST,5862.27978515625,141.33675639888105
J03,12,MITO,86439.71875,2503.1947513897358
J03,12,PHAandWGA,39144.2890625,1094.8058391237457
J03,12,SYTO,31644.95703125,774.5887905535001
J03,13,CONC,7608.56591796875,128.51109636896544
J03,13,HOECHST,5916.201171875,135.18173877316576
J03,13,MITO,87456.890625,2406.7061606561865
J03,13,PHAandWGA,39592.7109375,1061.4538830177016
J03,13,SYTO,31966.08984375,740.3735541551044
J03,14,CONC,7703.923828125,122.6496303963909
J03,14,HOECHST,5997.162109375,129.29245136501422
J03,14,MITO,88234.453125,2296.6225131630254
J03,14,PHAandWGA,40280.4609375,1026.8226820792027
J03,14,SYTO,31670.89453125,703.4946743344509
J03,15,CONC,7725.1005859375,117.57174092729913
J03,15,HOECHST,6041.9697265625,123.80682019760434
J03,15,MITO,89836.390625,2212.8117217773033
J03,15,PHAandWGA,40068.98828125,993.6407212220498
J03,15,SYTO,31983.62109375,670.4374207793951
J04,0,CONC,4633.58837890625,91.01981784921244
J04,0,HOECHST,2101.8349609375,43.611633424273144
J04,0,MITO,59713.015625,2304.3673929135316
J04,0,PHAandWGA,20449.6328125,754.0359029100283
J04,0,SYTO,10539.982421875,437.994874677729
J04,1,CONC,5050.255859375,122.74965004223955
J04,1,HOECHST,2271.1826171875,58.48311354945095
J04,1,MITO,63321.03125,2780.944785223295
J04,1,PHAandWGA,21738.009765625,929.4858015875257
J04,1,SYTO,12801.8046875,569.9758440520411
J04,2,CONC,5527.1943359375,155.94103541033567
J04,2,HOECHST,2492.85693359375,75.28498089333496
J04,2,MITO,68364.1015625,3288.4334334825585
J04,2,PHAandWGA,24002.205078125,1115.962348077437
J04,2,SYTO,15410.51953125,729.75420229757
J04,3,CONC,5876.13720703125,171.6586589382203
J04,3,HOECHST,2678.46826171875,86.36130507742531
J04,3,MITO,72256.8984375,3533.236647102048
J04,3,PHAandWGA,25427.97265625,1226.6115937853092
J04,3,SYTO,17408.8828125,819.272483910495
J04,4,CONC,6144.046875,173.048250241641
J04,4,HOECHST,2817.341064453125,88.92620455326329
J04,4,MITO,74791.6484375,3602.0967466089105
J04,4,PHAandWGA,26964.66015625,1271.7163377539441
J04,4,SYTO,19251.37890625,844.0325839109871
J04,5,CONC,6212.173828125,167.8857398536268
J04,5,HOECHST,2904.76025390625,88.37235077854243
J04,5,MITO,75874.796875,3552.1004485165613
J04,5,PHAandWGA,28137.140625,1274.4101269418836
J04,5,SYTO,20105.2734375,832.1322910018499
J04,6,CONC,6306.81640625,162.51526846742033
J04,6,HOECHST,2949.181396484375,85.80774713407087
J04,6,MITO,78223.375,3519.497066356088
J04,6,PHAandWGA,29299.720703125,1261.1527356913089
J04,6,SYTO,20953.376953125,807.9071094831386
J04,7,CONC,6390.6162109375,157.30845240486028
J04,7,HOECHST,3007.32470703125,82.68155915189296
J04,7,MITO,78336.96875,3453.7640818294585
J04,7,PHAandWGA,30197.470703125,1236.8659442214075
J04,7,SYTO,21091.62890625,774.7584027609073
J04,8,CONC,6438.1884765625,152.41064385831885
J04,8,HOECHST,3050.3486328125,79.48548888245561
J04,8,MITO,79736.4375,3385.6635826398447
J04,8,PHAandWGA,30574.771484375,1208.502916415441
J04,8,SYTO,20920.990234375,741.3767813967087
J04,9,CONC,6499.48876953125,148.12043240261085
J04,9,HOECHST,3095.78271484375,77.03830639917427
J04,9,MITO,80698.1796875,3333.5380670158993
J04,9,PHAandWGA,31226.6953125,1177.4748735365274
J04,9,SYTO,20493.05859375,709.6226323132507
J04,10,CONC,6572.3408203125,143.97869783502023
J04,10,HOECHST,3132.2802734375,74.87475257496732
J04,10,MITO,82299.8125,3279.356601836882
J04,10,PHAandWGA,32269.79296875,1147.076602192639
J04,10,SYTO,20001.63671875,680.4858812223027
J04,11,CONC,6639.8916015625,139.62248598716363
J04,11,HOECHST,3171.186767578125,72.61657291235781
J04,11,MITO,83911.6953125,3199.71150298702
J04,11,PHAandWGA,32518.90234375,1113.934764499914
J04,11,SYTO,19520.427734375,651.7368914095362
J04,12,CONC,6713.8818359375,134.8885985863766
J04,12,HOECHST,3198.166259765625,70.20090918917509
J04,12,MITO,84737.703125,3122.7480206981336
J04,12,PHAandWGA,32889.62109375,1087.5216230773813
J04,12,SYTO,19147.578125,624.3521846227925
J04,13,CONC,6783.50732421875,130.27001081450996
J04,13,HOECHST,3248.34130859375,68.09218160840095
J04,13,MITO,85030.75,3002.1506167379425
J04,13,PHAandWGA,32994.50390625,1055.6506592397718
J04,13,SYTO,19139.244140625,600.2008695359052
J04,14,CONC,6847.00390625,125.4314357263968
J04,14,HOECHST,3282.1484375,65.75979461201017
J04,14,MITO,86470.3125,2931.929086911734
J04,14,PHAandWGA,33684.58203125,1024.5714319316614
J04,14,SYTO,19187.67578125,573.2752899616432
J04,15,CONC,6956.763671875,120.31957535208511
J04,15,HOECHST,3343.48779296875,63.37485940985395
J04,15,MITO,87542.9609375,2800.6667052830985
J04,15,PHAandWGA,34007.2890625,986.0186090349825
J04,15,SYTO,19127.328125,546.7609874967535
J05,0,CONC,3518.39794921875,93.7208023814682
J05,0,HOECHST,2555.11962890625,88.679791654683
J05,0,MITO,49714.1171875,2536.7199067054385
J05,0,PHAandWGA,15484.8232421875,816.9618902569185
J05,0,SYTO,9730.435546875,552.0211353373411
J05,1,CONC,4049.132080078125,159.36072532038145
J05,1,HOECHST,2878.5595703125,138.40236214838345
J05,1,MITO,52913.703125,3446.805128949922
J05,1,PHAandWGA,17173.03515625,1188.025985759134
J05,1,SYTO,11816.5185546875,885.2948454704258
J05,2,CONC,4654.7119140625,225.4746223796961
J05,2,HOECHST,3337.78759765625,201.27953181049742
J05,2,MITO,58211.515625,4251.998223357643
J05,2,PHAandWGA,19498.537109375,1516.6188326171912
J05,2,SYTO,14340.046875,1210.0482018778716
J05,3,CONC,5151.0302734375,256.7550739446478
J05,3,HOECHST,3829.5830078125,254.69942819284432
J05,3,MITO,61929.671875,4657.355211287772
J05,3,PHAandWGA,21618.53515625,1681.9931901362675
J05,3,SYTO,16632.0234375,1385.2193774300852
J05,4,CONC,5437.70654296875,266.434867133781
J05,4,HOECHST,4127.63720703125,277.4683088252616
J05,4,MITO,65837.21875,4935.839349183005
J05,4,PHAandWGA,23589.107421875,1764.0411556655079
J05,4,SYTO,18532.6015625,1425.372011065312
J05,5,CONC,5755.96728515625,273.56214192718215
J05,5,HOECHST,4376.21875,275.9836395354029
J05,5,MITO,69715.796875,5081.821151581711
J05,5,PHAandWGA,25474.2734375,1800.5377996879774
J05,5,SYTO,20210.1328125,1410.73755276212
J05,6,CONC,5975.0888671875,270.47951914591664
J05,6,HOECHST,4556.03369140625,266.44593521734174
J05,6,MITO,72629.6171875,5122.031220459684
J05,6,PHAandWGA,27451.521484375,1789.0996890265399
J05,6,SYTO,21908.2421875,1383.699204622591
J05,7,CONC,6021.388671875,258.7233965749586
J05,7,HOECHST,4617.71728515625,255.36091350871612
J05,7,MITO,74166.3984375,5032.534758937182
J05,7,PHAandWGA,28147.763671875,1743.7692335360186
J05,7,SYTO,22905.48046875,1311.3308258968432
J05,8,CONC,6054.408203125,247.50194405618333
J05,8,HOECHST,4671.43017578125,243.18337031269797
J05,8,MITO,75699.84375,4985.761580359042
J05,8,PHAandWGA,29488.71484375,1696.9838798365015
J05,8,SYTO,23639.44140625,1240.880685685869
J05,9,CONC,6054.2021484375,236.94858811304022
J05,9,HOECHST,4672.2958984375,230.52770977446954
J05,9,MITO,76998.515625,4938.282044948096
J05,9,PHAandWGA,29869.28515625,1652.0622196257586
J05,9,SYTO,23970.0,1178.9551135009806
J05,10,CONC,5963.49951171875,225.88205226780792
J05,10,HOECHST,4582.38818359375,213.52779163929304
J05,10,MITO,77902.2578125,4869.82247140382
J05,10,PHAandWGA,30070.712890625,1597.6503766969206
J05,10,SYTO,23840.171875,1111.846917022537
J05,11,CONC,5856.3984375,211.99826500489104
J05,11,HOECHST,4497.01904296875,199.48920705689014
J05,11,MITO,76325.09375,4701.362598032227
J05,11,PHAandWGA,29946.78125,1542.3625565301556
J05,11,SYTO,23531.86328125,1050.0943967097867
J05,12,CONC,5778.1845703125,199.1348347376166
J05,12,HOECHST,4476.021484375,188.14519050658689
J05,12,MITO,77693.46875,4588.646332660186
J05,12,PHAandWGA,29226.41015625,1487.8381421138859
J05,12,SYTO,22736.40234375,987.3624300986899
J05,13,CONC,5706.66259765625,187.61781038097664
J05,13,HOECHST,4448.40234375,177.25614060994053
J05,13,MITO,77970.015625,4441.802842076557
J05,13,PHAandWGA,29514.693359375,1427.8364833333112
J05,13,SYTO,22366.90234375,929.1049619954421
J05,14,CONC,5672.41796875,176.8218521892728
J05,14,HOECHST,4431.1787109375,166.03492358571407
J05,14,MITO,77384.3828125,4306.414826682386
J05,14,PHAandWGA,28664.3984375,1363.5872429989538
J05,14,SYTO,21630.31640625,872.2150078643758
J05,15,CONC,5676.1494140625,166.72420081973394
J05,15,HOECHST,4407.83251953125,155.67606954093293
J05,15,MITO,77601.28125,4134.034803633562
J05,15,PHAandWGA,28756.51171875,1303.6712072244936
J05,15,SYTO,21025.78515625,814.0956083128971
J06,0,CONC,3384.01611328125,85.33035194604746
J06,0,HOECHST,1804.38134765625,45.167994745221215
J06,0,MITO,46699.72265625,2561.198418265635
J06,0,PHAandWGA,13971.19140625,710.9239922963665
J06,0,SYTO,7775.6533203125,435.4089963139197
J06,1,CONC,3785.407958984375,130.98616919715252
J06,1,HOECHST,2008.3131103515625,72.36313410006984
J06,1,MITO,49423.3046875,3377.665048133616
J06,1,PHAandWGA,15574.43359375,960.1773809428973
J06,1,SYTO,9345.2392578125,652.2508217914866
J06,2,CONC,4247.8349609375,178.59668022847512
J06,2,HOECHST,2274.797119140625,105.90300803363978
J06,2,MITO,55249.9140625,4192.564037607234
J06,2,PHAandWGA,17501.30859375,1227.2335632272582
J06,2,SYTO,11380.8125,878.4957536087386
J06,3,CONC,4791.8203125,219.27777085456796
J06,3,HOECHST,2539.247802734375,127.11129549557202
J06,3,MITO,60618.26953125,4839.70831807218
J06,3,PHAandWGA,19739.857421875,1461.661176819125
J06,3,SYTO,14054.9775390625,1045.1892874557248
J06,4,CONC,5164.4384765625,239.62340772427106
J06,4,HOECHST,2785.7958984375,145.9611714825852
J06,4,MITO,64433.828125,5170.376454542727
J06,4,PHAandWGA,21597.55859375,1582.779254921669
J06,4,SYTO,16244.044921875,1132.1437857579554
J06,5,CONC,5349.02099609375,241.80759200725356
J06,5,HOECHST,2923.86328125,150.90531923724862
J06,5,MITO,65847.578125,5149.428813286557
J06,5,PHAandWGA,23283.4375,1625.7607919131294
J06,5,SYTO,17381.1015625,1148.4778762716064
J06,6,CONC,5378.93505859375,235.20549609458706
J06,6,HOECHST,2923.277099609375,143.79618885611993
J06,6,MITO,66039.1015625,5055.599436944145
J06,6,PHAandWGA,23565.439453125,1619.2259995592485
J06,6,SYTO,18081.34375,1105.005701566563
J06,7,CONC,5339.3583984375,220.90522976743736
J06,7,HOECHST,2950.921875,133.59251989970846
J06,7,MITO,67200.9140625,4979.210229423419
J06,7,PHAandWGA,24180.716796875,1573.5804547300547
J06,7,SYTO,18353.453125,1045.75107422208
J06,8,CONC,5337.03515625,210.4543622233016
J06,8,HOECHST,3001.288818359375,126.84111145215982
J06,8,MITO,67523.796875,4774.135063509477
J06,8,PHAandWGA,24466.09765625,1519.3908065362182
J06,8,SYTO,18429.44921875,992.4062514708193
J06,9,CONC,5348.78515625,200.78605762059914
J06,9,HOECHST,2986.30517578125,119.27143518918102
J06,9,MITO,68108.2421875,4639.991390252232
J06,9,PHAandWGA,24565.4921875,1462.7687088868813
J06,9,SYTO,18440.181640625,935.3174489148555
J06,10,CONC,5346.37646484375,190.83583307945338
J06,10,HOECHST,2975.600830078125,111.54968425514741
J06,10,MITO,68998.359375,4521.191024434142
J06,10,PHAandWGA,25535.95703125,1410.5186380155856
J06,10,SYTO,17653.22265625,875.6000039250405
J06,11,CONC,5328.7236328125,180.7070129369557
J06,11,HOECHST,2976.38232421875,106.25363514067445
J06,11,MITO,69189.9140625,4342.823745284671
J06,11,PHAandWGA,25246.15625,1349.516231009825
J06,11,SYTO,16912.37109375,824.2915448545017
J06,12,CONC,5303.5986328125,170.65130434996294
J06,12,HOECHST,3002.1943359375,100.84776713748661
J06,12,MITO,69159.90625,4202.897879749169
J06,12,PHAandWGA,25673.982421875,1289.2636177822142
J06,12,SYTO,16138.5380859375,775.350057589558
J06,13,CONC,5319.15380859375,163.25754677835553
J06,13,HOECHST,3005.945556640625,95.80556492295935
J06,13,MITO,69894.71875,4060.913584232728
J06,13,PHAandWGA,25737.388671875,1243.3709503741543
J06,13,SYTO,15568.4609375,735.581012057397
J06,14,CONC,5343.4755859375,156.16275050090582
J06,14,HOECHST,3002.44775390625,90.99311805493609
J06,14,MITO,69977.890625,3897.4512485480222
J06,14,PHAandWGA,25152.43359375,1190.2492475954696
J06,14,SYTO,14964.99609375,693.2494277784176
J06,15,CONC,5368.1396484375,148.81240809893785
J06,15,HOECHST,3019.208740234375,86.2355088348057
J06,15,MITO,70179.4453125,3752.8025096630085
J06,15,PHAandWGA,25060.142578125,1139.388692737032
J06,15,SYTO,14799.181640625,654.19931827529
J07,0,CONC,8869.349609375,76.41258985289153
J07,0,HOECHST,7084.9033203125,92.066243452116
J07,0,MITO,98000.484375,1221.8498849252694
J07,0,PHAandWGA,42908.7265625,544.2475931183857
J07,0,SYTO,33816.8671875,470.04477646953313
J07,1,CONC,10101.5087890625,126.43188035540813
J07,1,HOECHST,7924.83203125,147.73288275013175
J07,1,MITO,107425.4140625,1834.5249228827727
J07,1,PHAandWGA,46708.61328125,744.1171576261424
J07,1,SYTO,37474.1953125,693.884389400024
J07,2,CONC,11092.9169921875,154.4279831295962
J07,2,HOECHST,8706.8671875,179.0326907851829
J07,2,MITO,113820.1875,2097.7456860187704
J07,2,PHAandWGA,50087.6328125,889.9136586487817
J07,2,SYTO,40999.04296875,849.4658547711296
J07,3,CONC,11972.7822265625,161.48177267481432
J07,3,HOECHST,9288.9921875,190.92805776455415
J07,3,MITO,120968.1640625,2142.760914759759
J07,3,PHAandWGA,53970.5,969.1485832066148
J07,3,SYTO,43742.08984375,914.7674346316434
J07,4,CONC,12774.068359375,162.22266102293193
J07,4,HOECHST,10052.125,196.64829393123065
J07,4,MITO,127087.96875,2082.942941328195
J07,4,PHAandWGA,56758.9921875,983.136363039004
J07,4,SYTO,47210.0,919.8787575079783
J07,5,CONC,13494.017578125,153.96060889099294
J07,5,HOECHST,10695.5126953125,190.03395563776579
J07,5,MITO,132233.71875,1962.3954140934707
J07,5,PHAandWGA,60824.9453125,965.578594459187
J07,5,SYTO,51254.8671875,890.4329288495761
J07,6,CONC,13946.9091796875,141.7933972834067
J07,6,HOECHST,11177.4111328125,181.47662109727324
J07,6,MITO,138830.015625,1851.5292936523374
J07,6,PHAandWGA,63213.00390625,920.1939395760913
J07,6,SYTO,54188.265625,833.0823065343797
J07,7,CONC,14222.318359375,125.91073372461354
J07,7,HOECHST,11607.677734375,165.6641042630335
J07,7,MITO,141788.71875,1746.7112133392632
J07,7,PHAandWGA,66524.828125,853.0481753398145
J07,7,SYTO,56661.9765625,754.1031071342726
J07,8,CONC,14507.62890625,113.76271865016183
J07,8,HOECHST,11888.10546875,150.08025089827797
J07,8,MITO,144315.265625,1588.8672935283678
J07,8,PHAandWGA,68234.5625,784.350585613377
J07,8,SYTO,59125.96875,680.8206807663631
J07,9,CONC,14515.49609375,102.75152403292955
J07,9,HOECHST,12034.533203125,137.5387430512623
J07,9,MITO,146263.3125,1472.9619507944217
J07,9,PHAandWGA,70382.7734375,720.7843734754392
J07,9,SYTO,59318.95703125,617.799900419752
J07,10,CONC,14636.748046875,91.82655325313716
J07,10,HOECHST,12111.63671875,124.87125257635662
J07,10,MITO,146617.9375,1360.3376704288712
J07,10,PHAandWGA,71690.46875,666.647007824028
J07,10,SYTO,61175.40625,560.0004236543205
J07,11,CONC,14537.3876953125,82.18036498527043
J07,11,HOECHST,12188.076171875,114.7371942914444
J07,11,MITO,150439.78125,1292.9728760304708
J07,11,PHAandWGA,71811.6015625,612.1435116955242
J07,11,SYTO,61882.4296875,505.10388248025293
J07,12,CONC,14492.18359375,74.44715409050274
J07,12,HOECHST,12225.572265625,104.94038704568584
J07,12,MITO,150765.96875,1220.2890894958057
J07,12,PHAandWGA,72684.3203125,569.4881120237836
J07,12,SYTO,61315.109375,460.33668838990417
J07,13,CONC,14415.447265625,66.85703428549932
J07,13,HOECHST,12324.6533203125,97.12110486418284
J07,13,MITO,151749.375,1152.966051709948
J07,13,PHAandWGA,73658.859375,534.1717342899648
J07,13,SYTO,62203.078125,426.34511860459344
J07,14,CONC,14336.7431640625,60.72401107260653
J07,14,HOECHST,12328.365234375,90.56568664313889
J07,14,MITO,152360.25,1088.4320803066805
J07,14,PHAandWGA,73949.84375,500.9172691160368
J07,14,SYTO,61728.2109375,394.59400952920134
J07,15,CONC,14400.0361328125,55.62866684640366
J07,15,HOECHST,12407.796875,84.71783952261828
J07,15,MITO,152005.03125,1026.6931212474417
J07,15,PHAandWGA,74461.53125,471.0944030121992
J07,15,SYTO,62499.6640625,365.781838475343
J09,0,CONC,4518.396484375,71.91824113909846
J09,0,HOECHST,3651.109375,85.95665451651315
J09,0,MITO,59216.640625,1824.6207953060562
J09,0,PHAandWGA,22115.798828125,664.7654578049611
J09,0,SYTO,13889.404296875,466.33095237910095
J09,1,CONC,4793.3779296875,88.72786583252386
J09,1,HOECHST,3900.83984375,104.80339079004595
J09,1,MITO,61108.0703125,2106.5154617747144
J09,1,PHAandWGA,23013.541015625,773.8658857997298
J09,1,SYTO,15453.505859375,566.0288330517706
J09,2,CONC,5185.455078125,108.94584211440136
J09,2,HOECHST,4180.4072265625,128.217032991902
J09,2,MITO,65307.52734375,2447.917387730818
J09,2,PHAandWGA,24680.265625,916.0835329897005
J09,2,SYTO,17883.34375,692.2069624312412
J09,3,CONC,5564.095703125,126.84523167847789
J09,3,HOECHST,4568.970703125,152.10756262490938
J09,3,MITO,69497.5625,2718.256832363236
J09,3,PHAandWGA,26841.212890625,1047.1633527442073
J09,3,SYTO,20098.998046875,805.7659430496391
J09,4,CONC,5967.5556640625,138.10328611946855
J09,4,HOECHST,4903.638671875,168.57059100622885
J09,4,MITO,72950.9609375,2858.3639907514985
J09,4,PHAandWGA,28881.056640625,1131.231690176088
J09,4,SYTO,22428.82421875,876.2276802174702
J09,5,CONC,6230.935546875,142.06780304644025
J09,5,HOECHST,5216.787109375,175.82890096211295
J09,5,MITO,77060.25,2919.3012445903482
J09,5,PHAandWGA,31080.41796875,1170.0639412552432
J09,5,SYTO,24318.203125,901.3988557529412
J09,6,CONC,6404.84814453125,141.25187165850645
J09,6,HOECHST,5432.3408203125,175.7724475243831
J09,6,MITO,79203.359375,2916.321875262756
J09,6,PHAandWGA,32411.87890625,1174.8504072087442
J09,6,SYTO,26456.21875,894.0369632118193
J09,7,CONC,6542.1396484375,138.1151445943579
J09,7,HOECHST,5592.72021484375,172.01662235478886
J09,7,MITO,81113.4375,2866.2007530244377
J09,7,PHAandWGA,34062.53125,1165.5377390665806
J09,7,SYTO,28002.359375,871.6956093187644
J09,8,CONC,6608.548828125,134.89484286955854
J09,8,HOECHST,5670.30859375,167.65553386059455
J09,8,MITO,82617.28125,2832.4930835316795
J09,8,PHAandWGA,34991.88671875,1151.6456303013429
J09,8,SYTO,28485.8125,847.048871452444
J09,9,CONC,6696.1953125,131.297340140782
J09,9,HOECHST,5701.07421875,162.63834712637856
J09,9,MITO,83383.4921875,2768.334656510644
J09,9,PHAandWGA,35783.2890625,1127.6373085577543
J09,9,SYTO,29278.3984375,817.4285429296666
J09,10,CONC,6747.376953125,127.42418495825714
J09,10,HOECHST,5801.7373046875,157.7177785133589
J09,10,MITO,83833.890625,2706.0816477099397
J09,10,PHAandWGA,36508.71875,1103.8517892529571
J09,10,SYTO,29914.83984375,788.1304613547314
J09,11,CONC,6802.6083984375,123.37982642995927
J09,11,HOECHST,5834.48046875,152.5482235077762
J09,11,MITO,84093.5625,2640.42849621777
J09,11,PHAandWGA,37038.09765625,1077.6084455447503
J09,11,SYTO,29681.93359375,759.718412634977
J09,12,CONC,6816.677734375,119.32792664245734
J09,12,HOECHST,5888.28173828125,147.77163867318447
J09,12,MITO,85157.90625,2577.85381523398
J09,12,PHAandWGA,36941.90625,1055.5049920301997
J09,12,SYTO,30269.703125,734.9733914099025
J09,13,CONC,6879.51123046875,114.83471184636782
J09,13,HOECHST,5906.65625,143.00114138237913
J09,13,MITO,86592.28125,2488.282965196819
J09,13,PHAandWGA,37038.75390625,1025.08690880526
J09,13,SYTO,29581.00390625,703.7068493634451
J09,14,CONC,6925.0283203125,110.5570349806925
J09,14,HOECHST,5991.4873046875,138.02017642686977
J09,14,MITO,87022.609375,2409.605567231157
J09,14,PHAandWGA,37310.25,994.2053813357393
J09,14,SYTO,30013.65625,678.9965202445812
J09,15,CONC,7008.5205078125,105.94292771739482
J09,15,HOECHST,6051.7451171875,132.54128704105497
J09,15,MITO,86718.15625,2313.024264227781
J09,15,PHAandWGA,38028.4140625,963.8923139424395
J09,15,SYTO,29764.33984375,650.6590882947625
J10,0,CONC,3634.9169921875,92.70729332675799
J10,0,HOECHST,1680.6865234375,38.42741023685538
J10,0,MITO,48646.7890625,2358.4751168944563
J10,0,PHAandWGA,15911.5537109375,764.2346729254339
J10,0,SYTO,8847.431640625,499.54433111147506
J10,1,CONC,3888.945068359375,116.19280717098417
J10,1,HOECHST,1805.4443359375,48.68516393788716
J10,1,MITO,49836.7421875,2649.3113500898735
J10,1,PHAandWGA,16956.365234375,912.3273050680955
J10,1,SYTO,10210.609375,619.8013001130097
J10,2,CONC,4190.51123046875,142.14087760929124
J10,2,HOECHST,1937.214111328125,61.07529177837766
J10,2,MITO,52149.71875,3013.6031853685695
J10,2,PHAandWGA,18320.05859375,1084.621575725354
J10,2,SYTO,12090.791015625,763.2801828260356
J10,3,CONC,4535.21435546875,164.00611823120647
J10,3,HOECHST,2110.020751953125,73.39664979248741
J10,3,MITO,55915.125,3360.0702433811184
J10,3,PHAandWGA,20031.361328125,1227.2425766797578
J10,3,SYTO,13878.92578125,876.0177488132931
J10,4,CONC,4865.11279296875,179.7898898257009
J10,4,HOECHST,2273.26904296875,81.91532052079407
J10,4,MITO,59261.4296875,3629.7230294549745
J10,4,PHAandWGA,21812.826171875,1322.4665346098027
J10,4,SYTO,15934.154296875,937.1740091305222
J10,5,CONC,5127.55078125,188.79066511384605
J10,5,HOECHST,2425.075439453125,87.76832282194603
J10,5,MITO,61990.5859375,3809.532423492691
J10,5,PHAandWGA,23601.52734375,1368.9482745313703
J10,5,SYTO,17404.80078125,955.2410561793478
J10,6,CONC,5241.6787109375,189.1971339422864
J10,6,HOECHST,2503.185546875,88.3652851561893
J10,6,MITO,63928.359375,3897.7944424196558
J10,6,PHAandWGA,24633.60546875,1374.6389739187457
J10,6,SYTO,18218.828125,935.2385173490412
J10,7,CONC,5282.5478515625,184.9966249332223
J10,7,HOECHST,2558.77880859375,86.97099306207038
J10,7,MITO,64815.359375,3924.995159680399
J10,7,PHAandWGA,25431.484375,1359.8742236980663
J10,7,SYTO,18193.681640625,898.6255609847861
J10,8,CONC,5296.96875,178.97216583442648
J10,8,HOECHST,2587.57861328125,84.79827375750699
J10,8,MITO,66389.71875,3897.162013238897
J10,8,PHAandWGA,25883.533203125,1335.4114745822158
J10,8,SYTO,17930.98828125,860.0311606791593
J10,9,CONC,5310.8544921875,171.94749445736286
J10,9,HOECHST,2596.415283203125,81.57184651732713
J10,9,MITO,66839.359375,3843.792085459068
J10,9,PHAandWGA,25615.01953125,1299.4503127499684
J10,9,SYTO,17415.66015625,817.3280809310362
J10,10,CONC,5329.77294921875,165.15947443190632
J10,10,HOECHST,2608.664794921875,78.52623460640322
J10,10,MITO,67272.3671875,3790.648588469331
J10,10,PHAandWGA,26280.90625,1263.4803780918344
J10,10,SYTO,16862.453125,777.6336447133705
J10,11,CONC,5351.2236328125,158.3596890323109
J10,11,HOECHST,2625.18505859375,75.28342791323875
J10,11,MITO,67971.890625,3721.0154815632136
J10,11,PHAandWGA,26337.099609375,1225.688240800307
J10,11,SYTO,16350.765625,741.2324464520987
J10,12,CONC,5395.0576171875,151.4951849874573
J10,12,HOECHST,2620.138916015625,71.88418602253452
J10,12,MITO,68989.0703125,3615.3750188949093
J10,12,PHAandWGA,26156.98046875,1184.5602272414978
J10,12,SYTO,16041.31640625,705.530706166111
J10,13,CONC,5453.033203125,144.66377152816506
J10,13,HOECHST,2621.50439453125,68.57310238835075
J10,13,MITO,69027.8984375,3502.837531216371
J10,13,PHAandWGA,26173.125,1136.487894673004
J10,13,SYTO,15547.1298828125,666.854226019417
J10,14,CONC,5490.1513671875,138.31395057098013
J10,14,HOECHST,2646.84033203125,65.57757424241652
J10,14,MITO,70195.4140625,3405.5099690914412
J10,14,PHAandWGA,26191.5859375,1093.2793729257896
J10,14,SYTO,15406.8134765625,631.5416744388408
J10,15,CONC,5522.9794921875,131.92255909449335
J10,15,HOECHST,2671.880126953125,62.58683708826384
J10,15,MITO,70583.21875,3284.0068239923908
J10,15,PHAandWGA,26253.646484375,1048.8909441868723
J10,15,SYTO,15076.951171875,596.2030240158796
J11,0,CONC,1668.65771484375,67.3303668000795
J11,0,HOECHST,1079.5357666015625,33.68795817253754
J11,0,MITO,22455.82421875,2719.5500747003425
J11,0,PHAandWGA,4208.94189453125,369.30573378416483
J11,0,SYTO,2611.8818359375,220.82797500044651
J11,1,CONC,1871.96240234375,107.77454816690441
J11,1,HOECHST,1182.981689453125,49.486675645793945
J11,1,MITO,24512.45703125,3670.131311166698
J11,1,PHAandWGA,5353.72998046875,601.8936221821172
J11,1,SYTO,2986.318115234375,335.4201206435228
J11,2,CONC,2203.10498046875,180.02152615016936
J11,2,HOECHST,1399.417724609375,97.2625934186277
J11,2,MITO,29023.20703125,5335.942384719926
J11,2,PHAandWGA,6933.064453125,894.0704940525922
J11,2,SYTO,4021.14892578125,557.5245411979544
J11,3,CONC,2475.099609375,218.32908135010018
J11,3,HOECHST,1610.474609375,132.36411553707046
J11,3,MITO,32971.5078125,6223.222724425456
J11,3,PHAandWGA,8184.85791015625,1043.8774363775533
J11,3,SYTO,4760.5166015625,681.5879247555458
J11,4,CONC,2659.669921875,236.18770787265242
J11,4,HOECHST,1726.1781005859375,146.04500003877232
J11,4,MITO,34477.90234375,6534.8418720863265
J11,4,PHAandWGA,9130.2421875,1131.5023329906844
J11,4,SYTO,5088.119140625,727.6049637153167
J11,5,CONC,2729.466796875,235.28172992646537
J11,5,HOECHST,1762.862548828125,146.51212767466316
J11,5,MITO,35273.29296875,6533.71460566094
J11,5,PHAandWGA,9974.92578125,1151.6191689061156
J11,5,SYTO,5125.74267578125,726.1259643757696
J11,6,CONC,2736.87548828125,228.16091288233565
J11,6,HOECHST,1775.498291015625,137.0838425470835
J11,6,MITO,35574.31640625,6407.1888483974735
J11,6,PHAandWGA,10307.09375,1125.943925549636
J11,6,SYTO,4971.8203125,694.3937610812404
J11,7,CONC,2711.14013671875,218.07346682179565
J11,7,HOECHST,1744.7225341796875,124.95144224516585
J11,7,MITO,34861.6328125,6292.462441406149
J11,7,PHAandWGA,10036.1875,1074.6621621734948
J11,7,SYTO,4818.6103515625,653.7575126496871
J11,8,CONC,2647.6884765625,206.8009411152582
J11,8,HOECHST,1703.8070068359375,113.77795116974511
J11,8,MITO,35008.6953125,6136.728174891401
J11,8,PHAandWGA,9831.552734375,1022.0106256466191
J11,8,SYTO,4696.7841796875,617.3090387730632
J11,9,CONC,2609.37646484375,193.68430483727073
J11,9,HOECHST,1665.9716796875,103.54387772650348
J11,9,MITO,34024.85546875,5833.190571888448
J11,9,PHAandWGA,9229.9541015625,954.2841307853932
J11,9,SYTO,4506.4189453125,576.0621643382472
J11,10,CONC,2551.51123046875,181.53009361925217
J11,10,HOECHST,1630.301513671875,94.69927116645775
J11,10,MITO,32897.3359375,5533.735595639413
J11,10,PHAandWGA,8614.060546875,887.3639686922512
J11,10,SYTO,4382.6591796875,533.2708001183942
J11,11,CONC,2533.03857421875,170.4085887896824
J11,11,HOECHST,1593.128173828125,86.48480115286732
J11,11,MITO,32813.25,5276.463552428702
J11,11,PHAandWGA,8278.4365234375,827.3893928383264
J11,11,SYTO,4244.3173828125,492.2702397254719
J11,12,CONC,2519.0888671875,159.58129132954892
J11,12,HOECHST,1576.279296875,79.47383682730802
J11,12,MITO,32328.529296875,4950.713439917067
J11,12,PHAandWGA,7787.390625,763.4895387537582
J11,12,SYTO,4187.876953125,453.8558165752445
J11,13,CONC,2513.945556640625,148.69701774478855
J11,13,HOECHST,1566.7783203125,73.21241198071452
J11,13,MITO,31861.0,4590.866529223382
J11,13,PHAandWGA,7319.17138671875,698.7279375763326
J11,13,SYTO,4107.2998046875,415.263510775374
J11,14,CONC,2517.7509765625,137.7294458656808
J11,14,HOECHST,1595.4285888671875,67.8884282404551
J11,14,MITO,31665.90625,4209.915638279617
J11,14,PHAandWGA,7044.75,635.5788704040865
J11,14,SYTO,4124.2333984375,379.82613980363396
J11,15,CONC,2539.12451171875,127.15670126167824
J11,15,HOECHST,1611.7205810546875,62.67015572516276
J11,15,MITO,31656.1875,3838.3489136938138
J11,15,PHAandWGA,6813.697265625,577.4987097750975
J11,15,SYTO,4088.4609375,345.25395763740204
J13,0,CONC,5009.412109375,100.25558693786311
J13,0,HOECHST,4073.90576171875,114.77225300337604
J13,0,MITO,70972.953125,2605.9778401509743
J13,0,PHAandWGA,26585.95703125,953.590421402069
J13,0,SYTO,15952.578125,604.2719461378749
J13,1,CONC,5861.76513671875,167.55379062199071
J13,1,HOECHST,4736.15234375,212.16554249092638
J13,1,MITO,78315.078125,3634.7957733030667
J13,1,PHAandWGA,29375.892578125,1356.779737735517
J13,1,SYTO,19213.21875,969.4513155682439
J13,2,CONC,6637.48681640625,213.03600514787095
J13,2,HOECHST,5488.28271484375,281.57294809405835
J13,2,MITO,84964.9375,4374.242232838937
J13,2,PHAandWGA,32448.0,1714.880770848542
J13,2,SYTO,22295.0,1233.1812559368645
J13,3,CONC,7193.6123046875,231.03709773248863
J13,3,HOECHST,6077.5986328125,328.193279430004
J13,3,MITO,90927.0,4654.422616363759
J13,3,PHAandWGA,35517.07421875,1862.0136670458307
J13,3,SYTO,24882.64453125,1358.9689417405482
J13,4,CONC,7817.6162109375,244.38337589963513
J13,4,HOECHST,6711.6279296875,346.99796827255005
J13,4,MITO,96735.59375,4767.549767870984
J13,4,PHAandWGA,38435.28125,1948.3348519159185
J13,4,SYTO,28226.6484375,1407.4525709702718
J13,5,CONC,8367.0107421875,254.01744226856601
J13,5,HOECHST,7163.9951171875,349.2147440507663
J13,5,MITO,103114.875,4798.817858385898
J13,5,PHAandWGA,42030.28515625,1997.825642403814
J13,5,SYTO,30342.232421875,1403.9941313877425
J13,6,CONC,8620.328125,245.6391717674309
J13,6,HOECHST,7426.22216796875,339.9212053017359
J13,6,MITO,106904.875,4716.174416684411
J13,6,PHAandWGA,44518.25390625,1988.554525339055
J13,6,SYTO,32279.01953125,1362.9548876346103
J13,7,CONC,8798.546875,233.365542429107
J13,7,HOECHST,7624.1591796875,324.806266897275
J13,7,MITO,110679.7109375,4575.086269676755
J13,7,PHAandWGA,46619.48046875,1953.876610860864
J13,7,SYTO,33670.76953125,1300.0901332329515
J13,8,CONC,8871.75,222.3060157147352
J13,8,HOECHST,7797.8076171875,309.8902641443683
J13,8,MITO,112125.59375,4462.348387706462
J13,8,PHAandWGA,47545.453125,1873.7169722231915
J13,8,SYTO,35046.11328125,1236.9797443629927
J13,9,CONC,8860.513671875,209.41498261689136
J13,9,HOECHST,7888.681640625,291.90599065229037
J13,9,MITO,113858.6640625,4309.960229955696
J13,9,PHAandWGA,47650.65625,1785.3188902775694
J13,9,SYTO,35271.7109375,1167.6388481197375
J13,10,CONC,8825.20703125,196.6884794593882
J13,10,HOECHST,7787.4990234375,270.79296276107004
J13,10,MITO,114090.15625,4185.34747579931
J13,10,PHAandWGA,48207.7890625,1713.4936782580357
J13,10,SYTO,36021.4765625,1095.7077107179186
J13,11,CONC,8685.1181640625,182.45026669655027
J13,11,HOECHST,7775.89990234375,252.93618095692145
J13,11,MITO,114931.015625,4024.6346948863716
J13,11,PHAandWGA,48307.84375,1618.189822011097
J13,11,SYTO,35869.18359375,1022.6688052374012
J13,12,CONC,8651.845703125,171.04945019818788
J13,12,HOECHST,7753.4091796875,236.732240881887
J13,12,MITO,115694.28125,3855.6189479236973
J13,12,PHAandWGA,48443.6875,1540.862823991285
J13,12,SYTO,35898.5546875,956.223501159931
J13,13,CONC,8556.4384765625,160.52525706245783
J13,13,HOECHST,7655.193359375,219.4335591965782
J13,13,MITO,116368.0703125,3696.733538822362
J13,13,PHAandWGA,49256.5078125,1484.4510009134306
J13,13,SYTO,36273.8515625,897.9847282063715
J13,14,CONC,8520.5185546875,151.34602690235133
J13,14,HOECHST,7622.7763671875,203.61823711385085
J13,14,MITO,116227.671875,3556.649620232411
J13,14,PHAandWGA,48439.9609375,1418.7746945199885
J13,14,SYTO,36367.11328125,848.322901896754
J13,15,CONC,8424.8642578125,142.79441224426316
J13,15,HOECHST,7522.72216796875,190.41834070277525
J13,15,MITO,116193.21875,3413.2260981869026
J13,15,PHAandWGA,48472.83984375,1365.7973393983436
J13,15,SYTO,35070.1328125,796.5631652174693
J14,0,CONC,1689.9493408203125,78.93943517496817
J14,0,HOECHST,1787.1817626953125,117.60137000697709
J14,0,MITO,25765.83203125,3689.27760662661
J14,0,PHAandWGA,6293.9423828125,677.994281717141
J14,0,SYTO,3719.52197265625,413.89300808273276
J14,1,CONC,1949.3758544921875,126.20763854136959
J14,1,HOECHST,2144.84228515625,202.7376994939544
J14,1,MITO,29332.515625,4989.322075573149
J14,1,PHAandWGA,7749.5166015625,1009.8222336253222
J14,1,SYTO,4990.83544921875,658.8426716498684
J14,2,CONC,2194.6787109375,162.08239844533654
J14,2,HOECHST,2435.9697265625,263.923913535167
J14,2,MITO,32638.10546875,5770.703359099654
J14,2,PHAandWGA,9220.255859375,1237.606154258242
J14,2,SYTO,6322.2373046875,819.5575305856449
J14,3,CONC,2371.55712890625,182.32919979262365
J14,3,HOECHST,2695.682861328125,303.54047723921605
J14,3,MITO,34892.7265625,6060.49236758318
J14,3,PHAandWGA,10517.21875,1358.9125044435584
J14,3,SYTO,7231.6923828125,900.5070032165083
J14,4,CONC,2491.594482421875,190.0604105014577
J14,4,HOECHST,2880.08740234375,316.0766319204077
J14,4,MITO,35943.67578125,6185.6486176768385
J14,4,PHAandWGA,11171.296875,1394.8416386883746
J14,4,SYTO,7577.1396484375,916.7292294658736
J14,5,CONC,2571.88232421875,190.38231314790164
J14,5,HOECHST,2925.83544921875,306.9424159149016
J14,5,MITO,37042.15234375,6233.086765569365
J14,5,PHAandWGA,11904.1884765625,1401.8714878706644
J14,5,SYTO,7361.5185546875,897.9750588161028
J14,6,CONC,2590.67578125,186.02503017683284
J14,6,HOECHST,2886.322021484375,290.81436795127564
J14,6,MITO,37884.015625,6209.746216177537
J14,6,PHAandWGA,12281.9423828125,1390.268739713248
J14,6,SYTO,7101.3359375,866.0933383933557
J14,7,CONC,2570.3115234375,177.0422367893977
J14,7,HOECHST,2861.692138671875,275.7654845661991
J14,7,MITO,37247.52734375,6037.215076332774
J14,7,PHAandWGA,12099.87109375,1335.115064039176
J14,7,SYTO,6581.388671875,815.2933482895909
J14,8,CONC,2548.78076171875,165.94062278108947
J14,8,HOECHST,2793.563232421875,254.54444029495608
J14,8,MITO,36786.69921875,5822.561978934305
J14,8,PHAandWGA,11722.9833984375,1263.3580476761806
J14,8,SYTO,6133.1083984375,763.8764522407538
J14,9,CONC,2489.799072265625,154.67476446612298
J14,9,HOECHST,2727.43994140625,232.63476033306154
J14,9,MITO,36639.1171875,5599.823336739107
J14,9,PHAandWGA,11471.984375,1212.3646167452343
J14,9,SYTO,5830.2177734375,710.3043284062139
J14,10,CONC,2436.975830078125,144.297841902316
J14,10,HOECHST,2631.6875,210.32614675441917
J14,10,MITO,36336.78515625,5373.358711465654
J14,10,PHAandWGA,11032.6640625,1154.0722013618552
J14,10,SYTO,5530.626953125,659.0871586620082
J14,11,CONC,2398.64599609375,133.29351110370408
J14,11,HOECHST,2576.933349609375,190.11923049380783
J14,11,MITO,35275.6953125,5086.088582007617
J14,11,PHAandWGA,10500.4287109375,1064.5296296733663
J14,11,SYTO,5338.32666015625,603.740093397114
J14,12,CONC,2373.4755859375,122.39465393470972
J14,12,HOECHST,2560.735595703125,173.7321804984736
J14,12,MITO,34962.22265625,4754.959338186915
J14,12,PHAandWGA,10037.248046875,956.5533071755722
J14,12,SYTO,5225.3203125,548.3079925638266
J14,13,CONC,2379.48974609375,112.89614658516284
J14,13,HOECHST,2537.541748046875,158.62320690802932
J14,13,MITO,34674.5234375,4372.063928009588
J14,13,PHAandWGA,9569.095703125,856.2016155106396
J14,13,SYTO,5085.7119140625,496.12507156654794
J14,14,CONC,2362.6669921875,103.80422206512011
J14,14,HOECHST,2581.900634765625,144.95119912027192
J14,14,MITO,34266.8828125,3955.7297973115124
J14,14,PHAandWGA,9253.791015625,765.7714962131096
J14,14,SYTO,5056.4873046875,448.41337801238154
J14,15,CONC,2373.318115234375,95.40818144646428
J14,15,HOECHST,2596.82275390625,132.71689578203691
J14,15,MITO,33996.734375,3548.1459911836832
J14,15,PHAandWGA,9020.0791015625,677.1775599347118
J14,15,SYTO,5079.193359375,403.0846113288737
J15,0,CONC,4587.056640625,140.70067220373406
J15,0,HOECHST,1595.420166015625,40.69816923726199
J15,0,MITO,62038.80859375,3211.5987445981837
J15,0,PHAandWGA,19863.3046875,1114.2454224407193
J15,0,SYTO,8143.3994140625,482.9016291862597
J15,1,CONC,5392.17578125,223.51626218224663
J15,1,HOECHST,1833.849853515625,75.01398070587612
J15,1,MITO,67606.625,4439.36380636333
J15,1,PHAandWGA,23306.7109375,1695.3455477873583
J15,1,SYTO,11283.7255859375,811.754674949016
J15,2,CONC,6247.59765625,291.33571991934207
J15,2,HOECHST,2103.58203125,104.23133995194193
J15,2,MITO,75043.203125,5287.516366054478
J15,2,PHAandWGA,26776.08984375,2142.03180585304
J15,2,SYTO,14264.884765625,1056.6311814202909
J15,3,CONC,6851.2294921875,320.75102815927556
J15,3,HOECHST,2318.40185546875,116.59823444374767
J15,3,MITO,79825.96875,5507.129173953857
J15,3,PHAandWGA,28761.060546875,2129.153404324048
J15,3,SYTO,16148.978515625,1084.9222408484754
J15,4,CONC,7146.6455078125,314.5668194366058
J15,4,HOECHST,2410.51171875,109.50324713387131
J15,4,MITO,84178.875,5540.275726812672
J15,4,PHAandWGA,30936.6484375,2043.1784590332168
J15,4,SYTO,17505.380859375,1028.9674407196953
J15,5,CONC,7162.017578125,291.1656978615602
J15,5,HOECHST,2532.903564453125,107.89001734825702
J15,5,MITO,87054.0,5489.803724507393
J15,5,PHAandWGA,32071.21484375,1965.1155189522894
J15,5,SYTO,18015.6796875,973.3470275129248
J15,6,CONC,7128.80029296875,273.26777694482604
J15,6,HOECHST,2509.981201171875,98.64943462761472
J15,6,MITO,89154.3125,5427.70102562078
J15,6,PHAandWGA,32230.765625,1871.8913920110006
J15,6,SYTO,17674.912109375,895.2356728687893
J15,7,CONC,6997.7265625,252.52764564084356
J15,7,HOECHST,2475.312744140625,88.3345692943627
J15,7,MITO,88499.9296875,5243.722514888857
J15,7,PHAandWGA,32530.47265625,1750.7259748759134
J15,7,SYTO,16444.78515625,813.5598518072703
J15,8,CONC,6824.634765625,231.28460328589497
J15,8,HOECHST,2446.083984375,81.39732837304349
J15,8,MITO,88823.671875,5054.191632186566
J15,8,PHAandWGA,31805.74609375,1640.4118691786327
J15,8,SYTO,14886.15625,742.5293588561478
J15,9,CONC,6657.5673828125,210.72955238749546
J15,9,HOECHST,2363.08251953125,69.96118497185054
J15,9,MITO,87310.0390625,4840.3001651268605
J15,9,PHAandWGA,31640.4375,1539.8102334528885
J15,9,SYTO,13642.6240234375,672.7853381927638
J15,10,CONC,6507.9892578125,195.0591346446013
J15,10,HOECHST,2310.57080078125,62.90735783833361
J15,10,MITO,87230.796875,4643.807122865361
J15,10,PHAandWGA,31358.765625,1452.2299764659444
J15,10,SYTO,12661.953125,618.1323150179152
J15,11,CONC,6355.28515625,179.66776802793075
J15,11,HOECHST,2278.390625,57.6222382029214
J15,11,MITO,86327.46875,4449.098182590197
J15,11,PHAandWGA,30932.19921875,1382.0897839537115
J15,11,SYTO,12046.2216796875,575.1468936824281
J15,12,CONC,6299.89453125,165.652605257178
J15,12,HOECHST,2295.79638671875,54.186908730763236
J15,12,MITO,85843.78125,4252.319577660582
J15,12,PHAandWGA,30580.4375,1309.6387032860814
J15,12,SYTO,11756.5556640625,539.1664119056231
J15,13,CONC,6298.873046875,154.63223646979057
J15,13,HOECHST,2277.421630859375,51.3681665491222
J15,13,MITO,84879.4296875,4055.4105113843234
J15,13,PHAandWGA,29991.380859375,1240.8030708424938
J15,13,SYTO,11532.3349609375,505.71182352489046
J15,14,CONC,6285.2841796875,146.47148124408398
J15,14,HOECHST,2299.53564453125,48.774983092621305
J15,14,MITO,84195.203125,3821.900436785182
J15,14,PHAandWGA,30042.44140625,1177.5681306354072
J15,14,SYTO,11511.173828125,477.5952428837206
J15,15,CONC,6325.9619140625,138.3884433043242
J15,15,HOECHST,2339.668701171875,46.76419003650243
J15,15,MITO,84301.5,3625.922153750756
J15,15,PHAandWGA,29433.3515625,1104.8754425272093
J15,15,SYTO,11557.43359375,446.87917094798235
J16,0,CONC,1854.76513671875,77.7233957526779
J16,0,HOECHST,1747.547119140625,97.38243831429634
J16,0,MITO,26814.390625,3345.7973849535088
J16,0,PHAandWGA,7216.1875,644.457602977835
J16,0,SYTO,3871.08154296875,389.3042251959979
J16,1,CONC,2053.7666015625,109.85816903689296
J16,1,HOECHST,1963.45068359375,146.1853394782312
J16,1,MITO,28819.66015625,4199.535674090253
J16,1,PHAandWGA,8297.3662109375,889.1988189225516
J16,1,SYTO,4816.91015625,551.4119756452329
J16,2,CONC,2247.4755859375,137.84572735272886
J16,2,HOECHST,2209.13623046875,197.9351904286406
J16,2,MITO,31338.0546875,4833.534542629833
J16,2,PHAandWGA,9324.365234375,1095.2188721455339
J16,2,SYTO,5944.83154296875,705.6965120308433
J16,3,CONC,2380.9453125,156.31532666430502
J16,3,HOECHST,2385.6572265625,230.3380220671546
J16,3,MITO,33140.6953125,5166.951586355297
J16,3,PHAandWGA,10244.7822265625,1217.917505779096
J16,3,SYTO,6845.5029296875,798.4136191081429
J16,4,CONC,2496.693603515625,167.1464425185625
J16,4,HOECHST,2556.623291015625,250.26906572345297
J16,4,MITO,34125.7734375,5367.934720734975
J16,4,PHAandWGA,11081.8583984375,1294.0189723561175
J16,4,SYTO,7389.552734375,847.417667665526
J16,5,CONC,2554.869384765625,172.51544620878047
J16,5,HOECHST,2662.106201171875,258.11730150145996
J16,5,MITO,35137.87109375,5499.593342939584
J16,5,PHAandWGA,11638.4482421875,1344.1994495949511
J16,5,SYTO,7494.81591796875,862.1221989817034
J16,6,CONC,2614.58056640625,173.38349255694254
J16,6,HOECHST,2705.595703125,256.81389370109554
J16,6,MITO,35763.96484375,5528.359484061182
J16,6,PHAandWGA,12116.2734375,1360.3249656866215
J16,6,SYTO,7519.767578125,855.448156432449
J16,7,CONC,2641.861328125,171.43880058352735
J16,7,HOECHST,2711.322265625,249.23302076846596
J16,7,MITO,36134.5546875,5503.698822316095
J16,7,PHAandWGA,12240.8798828125,1351.9147102593276
J16,7,SYTO,7320.6552734375,834.5830682109004
J16,8,CONC,2641.2001953125,167.53209089103785
J16,8,HOECHST,2724.826171875,241.42608592796654
J16,8,MITO,36300.35546875,5437.468162817065
J16,8,PHAandWGA,12428.130859375,1339.7221298536494
J16,8,SYTO,7019.6025390625,810.7317903346992
J16,9,CONC,2653.5322265625,162.3580951717834
J16,9,HOECHST,2695.270751953125,231.6316977646861
J16,9,MITO,36331.6875,5360.3511250230695
J16,9,PHAandWGA,12522.3916015625,1327.481271454057
J16,9,SYTO,6848.0703125,782.136293227124
J16,10,CONC,2659.6240234375,156.94784950292697
J16,10,HOECHST,2685.37255859375,219.99197121112
J16,10,MITO,36947.1640625,5232.807861546992
J16,10,PHAandWGA,12531.890625,1298.9738465364164
J16,10,SYTO,6663.916015625,746.8622979804549
J16,11,CONC,2658.13623046875,150.63296516598152
J16,11,HOECHST,2668.012451171875,207.7890738039751
J16,11,MITO,36742.015625,5076.115835182116
J16,11,PHAandWGA,12387.916015625,1257.212137933734
J16,11,SYTO,6526.0732421875,710.8260069974722
J16,12,CONC,2675.6650390625,143.8203084398808
J16,12,HOECHST,2651.85107421875,195.5638048205186
J16,12,MITO,37225.9375,4879.033035607103
J16,12,PHAandWGA,12108.88671875,1202.7287557699713
J16,12,SYTO,6302.3798828125,669.2746100168805
J16,13,CONC,2684.767578125,136.1539258024312
J16,13,HOECHST,2653.532470703125,182.5357385649661
J16,13,MITO,37371.0546875,4621.651314712689
J16,13,PHAandWGA,11940.935546875,1128.9259337326512
J16,13,SYTO,6212.982421875,627.1853897184274
J16,14,CONC,2692.807861328125,127.9313380688619
J16,14,HOECHST,2670.24169921875,169.2240747357655
J16,14,MITO,37077.24609375,4334.177986912315
J16,14,PHAandWGA,11789.9580078125,1037.00482085649
J16,14,SYTO,6100.2373046875,575.3957029215774
J16,15,CONC,2708.33984375,119.77013732346776
J16,15,HOECHST,2686.1279296875,156.59665080990135
J16,15,MITO,37675.953125,4043.659546674563
J16,15,PHAandWGA,11596.9541015625,942.6420489493955
J16,15,SYTO,6077.236328125,528.2811149528416
J17,0,CONC,4170.6962890625,143.73795440100656
J17,0,HOECHST,2445.803466796875,105.63761783525472
J17,0,MITO,61135.9609375,3891.988516217545
J17,0,PHAandWGA,19352.01953125,1226.3626770820965
J17,0,SYTO,11874.2021484375,742.1581084005836
J17,1,CONC,4707.44091796875,188.49522748408663
J17,1,HOECHST,2779.85888671875,145.64435497104733
J17,1,MITO,65330.39453125,4572.100774242558
J17,1,PHAandWGA,21500.4375,1486.2378123096134
J17,1,SYTO,13922.6123046875,943.2992613407054
J17,2,CONC,5230.27392578125,227.12697778572402
J17,2,HOECHST,3082.55029296875,171.69182750268962
J17,2,MITO,69430.640625,5038.932692552857
J17,2,PHAandWGA,24354.5625,1736.8950725823622
J17,2,SYTO,16362.033203125,1099.4238464435248
J17,3,CONC,5591.8037109375,241.94831798458878
J17,3,HOECHST,3334.923095703125,183.5441196332304
J17,3,MITO,73767.1796875,5188.312387292006
J17,3,PHAandWGA,26554.44921875,1885.0532665493884
J17,3,SYTO,18248.46875,1156.6505934506686
J17,4,CONC,5865.994140625,245.93481577434932
J17,4,HOECHST,3463.751953125,186.72274575670073
J17,4,MITO,76377.46875,5185.6692253806405
J17,4,PHAandWGA,28683.77734375,2033.2555087347876
J17,4,SYTO,19724.533203125,1182.275141381024
J17,5,CONC,6007.7578125,240.4668522471559
J17,5,HOECHST,3614.646484375,192.29521173489292
J17,5,MITO,78568.546875,5115.2411675376825
J17,5,PHAandWGA,29936.99609375,2053.498622472187
J17,5,SYTO,20973.23828125,1161.544516503862
J17,6,CONC,6081.7021484375,231.83365053238774
J17,6,HOECHST,3754.8125,189.31878994826351
J17,6,MITO,80733.984375,5030.714011860311
J17,6,PHAandWGA,30960.734375,1987.1743206159463
J17,6,SYTO,21279.119140625,1108.4497550858011
J17,7,CONC,6132.14404296875,222.9591660756431
J17,7,HOECHST,3864.372314453125,181.70564520418722
J17,7,MITO,81551.65625,4908.827882140725
J17,7,PHAandWGA,32037.15234375,1903.7521133359567
J17,7,SYTO,22152.40234375,1056.5343990261567
J17,8,CONC,6151.51416015625,213.48997357230382
J17,8,HOECHST,3856.6845703125,169.14417775162036
J17,8,MITO,83036.46875,4833.213380156641
J17,8,PHAandWGA,32310.130859375,1760.9504008270853
J17,8,SYTO,21910.06640625,996.0657943491236
J17,9,CONC,6046.0126953125,199.8995359437651
J17,9,HOECHST,3793.150146484375,156.04153469406134
J17,9,MITO,81418.2109375,4619.935094429248
J17,9,PHAandWGA,31380.09375,1666.93873228395
J17,9,SYTO,21361.65234375,936.0222122360975
J17,10,CONC,5930.0673828125,189.12471607395955
J17,10,HOECHST,3706.1005859375,145.00153658045787
J17,10,MITO,81085.2578125,4476.019390225759
J17,10,PHAandWGA,31463.00390625,1605.1180599981747
J17,10,SYTO,20608.87109375,887.5679966256514
J17,11,CONC,5872.5458984375,180.7191620725035
J17,11,HOECHST,3669.56884765625,136.24905522967524
J17,11,MITO,80497.3671875,4337.772229559671
J17,11,PHAandWGA,30873.490234375,1560.2845048869465
J17,11,SYTO,20177.96484375,845.582414848654
J17,12,CONC,5823.291015625,172.42115240908475
J17,12,HOECHST,3627.757080078125,127.9571061190854
J17,12,MITO,80045.921875,4190.079628476164
J17,12,PHAandWGA,30485.56640625,1499.0488954380676
J17,12,SYTO,19562.32421875,800.4679768113168
J17,13,CONC,5837.5224609375,163.99570591946045
J17,13,HOECHST,3620.56103515625,120.98956761742471
J17,13,MITO,80532.84375,4035.3490724121784
J17,13,PHAandWGA,30243.525390625,1434.2724418061468
J17,13,SYTO,18896.455078125,753.4525970922375
J17,14,CONC,5861.41845703125,156.21185004632474
J17,14,HOECHST,3626.33642578125,114.74877210808097
J17,14,MITO,80653.078125,3872.4034997693466
J17,14,PHAandWGA,29702.30859375,1370.5039481782933
J17,14,SYTO,18778.3125,711.7482423280269
J17,15,CONC,5873.6630859375,148.82475522898622
J17,15,HOECHST,3658.588623046875,108.20468640425749
J17,15,MITO,81338.1796875,3745.4934234145862
J17,15,PHAandWGA,29986.125,1306.1805257633414
J17,15,SYTO,18358.26171875,670.4442517829538
J18,0,CONC,5042.3056640625,129.39135364562895
J18,0,HOECHST,4093.796630859375,144.67960450316045
J18,0,MITO,64115.0625,2712.6665468409647
J18,0,PHAandWGA,25822.212890625,1150.888492180249
J18,0,SYTO,16516.595703125,776.8402560733317
J18,1,CONC,5870.79248046875,196.08127315569823
J18,1,HOECHST,4763.0478515625,227.3260540584413
J18,1,MITO,69946.7890625,3473.400339364108
J18,1,PHAandWGA,28629.46875,1553.6084511213492
J18,1,SYTO,19788.1015625,1125.7351671605188
J18,2,CONC,6462.6806640625,226.54070815979165
J18,2,HOECHST,5327.02978515625,280.9681311887982
J18,2,MITO,74307.125,3813.3926180683216
J18,2,PHAandWGA,31575.255859375,1852.1049049117094
J18,2,SYTO,22442.046875,1314.9512103167467
J18,3,CONC,6960.8798828125,238.906150067642
J18,3,HOECHST,5761.69140625,290.01529384718384
J18,3,MITO,78960.609375,4002.068840027633
J18,3,PHAandWGA,34881.0625,1987.9783271093065
J18,3,SYTO,24915.404296875,1363.059828581614
J18,4,CONC,7335.451171875,239.35864653760606
J18,4,HOECHST,6189.501953125,296.00078606034305
J18,4,MITO,83519.484375,4062.8170380631104
J18,4,PHAandWGA,37317.34765625,2016.4660536829138
J18,4,SYTO,27147.705078125,1359.545951134061
J18,5,CONC,7570.77587890625,233.38773416179757
J18,5,HOECHST,6506.5439453125,295.95489379497826
J18,5,MITO,85547.828125,4030.7282323267054
J18,5,PHAandWGA,38445.8203125,1919.9525301008093
J18,5,SYTO,28727.1796875,1312.5055102051258
J18,6,CONC,7739.54248046875,225.36973526386055
J18,6,HOECHST,6652.451171875,286.60276039532664
J18,6,MITO,87846.28125,3996.3148985782636
J18,6,PHAandWGA,40330.66015625,1824.0641257646053
J18,6,SYTO,29885.87109375,1246.5738609515115
J18,7,CONC,7851.5595703125,216.85180691415601
J18,7,HOECHST,6795.94140625,277.590285689912
J18,7,MITO,90976.140625,3908.607428849465
J18,7,PHAandWGA,40924.51171875,1744.5956200739402
J18,7,SYTO,30887.9375,1186.231578031037
J18,8,CONC,7902.04052734375,208.4705162379562
J18,8,HOECHST,6910.5087890625,266.53147219791737
J18,8,MITO,92305.84375,3831.706612133904
J18,8,PHAandWGA,42093.3125,1674.5966497515249
J18,8,SYTO,32065.072265625,1126.9775782196996
J18,9,CONC,7927.052734375,199.79123716335195
J18,9,HOECHST,6897.8876953125,252.10076207420954
J18,9,MITO,93066.5234375,3740.660347763507
J18,9,PHAandWGA,42140.9375,1614.1903256685227
J18,9,SYTO,31998.572265625,1072.055701034369
J18,10,CONC,7868.6845703125,189.99116375056963
J18,10,HOECHST,6918.89111328125,240.04941519618367
J18,10,MITO,93939.46875,3651.6811439873045
J18,10,PHAandWGA,42859.22265625,1558.9255611901663
J18,10,SYTO,32584.42578125,1020.1883066849086
J18,11,CONC,7831.7197265625,180.45295250720082
J18,11,HOECHST,6895.921875,227.6841316806186
J18,11,MITO,93993.421875,3557.4896186926526
J18,11,PHAandWGA,43054.0859375,1507.1375412111536
J18,11,SYTO,32093.078125,971.6511437911702
J18,12,CONC,7771.25927734375,172.4162213118008
J18,12,HOECHST,6800.4677734375,214.60443407306687
J18,12,MITO,94800.9453125,3484.5508886717535
J18,12,PHAandWGA,43237.1875,1475.846442237316
J18,12,SYTO,32387.2265625,929.5036429630767
J18,13,CONC,7747.845703125,164.0503204461617
J18,13,HOECHST,6814.15234375,204.31852670220857
J18,13,MITO,94768.3671875,3379.8652901655737
J18,13,PHAandWGA,43286.28515625,1434.3008609873975
J18,13,SYTO,31744.716796875,882.4282612201483
J18,14,CONC,7727.72265625,156.35917396423372
J18,14,HOECHST,6837.5791015625,193.93798125668928
J18,14,MITO,96410.921875,3278.4736664887027
J18,14,PHAandWGA,42829.1015625,1390.9105836040244
J18,14,SYTO,31327.576171875,838.3580055230942
J18,15,CONC,7751.2626953125,148.7957990520721
J18,15,HOECHST,6871.087890625,182.8091695282126
J18,15,MITO,96898.734375,3161.07324277519
J18,15,PHAandWGA,43489.0,1337.3875603937327
J18,15,SYTO,31406.64453125,790.9138418800782
J20,0,CONC,1543.09228515625,50.861533304655474
J20,0,HOECHST,1436.661865234375,61.27626121495153
J20,0,MITO,24618.84375,2723.928325930723
J20,0,PHAandWGA,6533.01953125,579.9634865116388
J20,0,SYTO,3360.14453125,308.0540131854069
J20,1,CONC,1690.052490234375,73.46623627620518
J20,1,HOECHST,1581.55419921875,89.60683810916373
J20,1,MITO,25829.94140625,3381.1527223044486
J20,1,PHAandWGA,7382.748046875,805.4558775324195
J20,1,SYTO,3861.4326171875,437.3950133327136
J20,2,CONC,1882.40673828125,102.78323038137485
J20,2,HOECHST,1781.976806640625,134.15487581668842
J20,2,MITO,27935.029296875,4160.217578482959
J20,2,PHAandWGA,8386.2705078125,1058.6605578101498
J20,2,SYTO,4892.1884765625,606.6999418653114
J20,3,CONC,2059.24267578125,127.85238832041112
J20,3,HOECHST,2013.85888671875,175.25295464766242
J20,3,MITO,30492.888671875,4835.465653649289
J20,3,PHAandWGA,9569.1953125,1265.8431551419844
J20,3,SYTO,5970.74609375,743.8961580949278
J20,4,CONC,2211.669921875,145.35037757050708
J20,4,HOECHST,2190.4228515625,203.88314616874064
J20,4,MITO,32627.2734375,5259.91051913107
J20,4,PHAandWGA,10682.16015625,1418.1752721847517
J20,4,SYTO,6746.7880859375,829.0741890228775
J20,5,CONC,2326.397216796875,154.0873452563433
J20,5,HOECHST,2329.3251953125,217.0970078914366
J20,5,MITO,34231.8671875,5514.856059739417
J20,5,PHAandWGA,11521.875,1501.4546044918784
J20,5,SYTO,7092.3828125,858.9006259849729
J20,6,CONC,2422.68896484375,157.2840008531723
J20,6,HOECHST,2374.340087890625,216.65713440382666
J20,6,MITO,35400.01953125,5654.835895965047
J20,6,PHAandWGA,12302.8408203125,1552.1270546022063
J20,6,SYTO,7098.056640625,856.0925115829264
J20,7,CONC,2463.01611328125,156.8464093765382
J20,7,HOECHST,2400.37646484375,210.71898757693086
J20,7,MITO,36306.1640625,5689.753290659597
J20,7,PHAandWGA,12603.0029296875,1548.1188179604244
J20,7,SYTO,6941.3427734375,832.2098524188301
J20,8,CONC,2486.318603515625,153.99290525918408
J20,8,HOECHST,2417.0546875,204.94255791530387
J20,8,MITO,36661.4296875,5701.272361432757
J20,8,PHAandWGA,12765.55078125,1503.8543071584859
J20,8,SYTO,6723.9306640625,801.7024418437342
J20,9,CONC,2466.9482421875,149.91095893903525
J20,9,HOECHST,2424.097900390625,195.94183764762488
J20,9,MITO,36801.71875,5657.679153361828
J20,9,PHAandWGA,12897.5771484375,1459.9552568217832
J20,9,SYTO,6421.3408203125,769.9809229088207
J20,10,CONC,2465.333251953125,144.52424104003163
J20,10,HOECHST,2384.621337890625,185.55892861568057
J20,10,MITO,37007.2421875,5570.827584262791
J20,10,PHAandWGA,12829.7890625,1414.5673489638739
J20,10,SYTO,6178.77587890625,737.152776213724
J20,11,CONC,2455.226318359375,137.80894936914774
J20,11,HOECHST,2352.1025390625,174.01139164894485
J20,11,MITO,37064.46484375,5456.227879741608
J20,11,PHAandWGA,12555.42578125,1361.7924832736176
J20,11,SYTO,5926.1826171875,695.8877282562754
J20,12,CONC,2443.4375,130.14632670687817
J20,12,HOECHST,2303.502197265625,160.58950336177085
J20,12,MITO,36783.2265625,5252.830938415638
J20,12,PHAandWGA,12226.4013671875,1292.5273540354426
J20,12,SYTO,5800.3984375,648.828854141761
J20,13,CONC,2414.788330078125,121.9795932908476
J20,13,HOECHST,2279.99365234375,146.84394249364922
J20,13,MITO,36329.5859375,4990.810064649577
J20,13,PHAandWGA,11997.6953125,1197.8488419494383
J20,13,SYTO,5580.9873046875,600.4874083640539
J20,14,CONC,2393.32763671875,113.89447364270826
J20,14,HOECHST,2283.59619140625,134.92660348121152
J20,14,MITO,36304.5078125,4719.943204455862
J20,14,PHAandWGA,11717.1181640625,1103.7145289047355
J20,14,SYTO,5475.29931640625,552.4140670057799
J20,15,CONC,2404.396484375,105.54984012306359
J20,15,HOECHST,2284.720458984375,123.38781710399685
J20,15,MITO,36357.0390625,4348.338766128142
J20,15,PHAandWGA,11387.916015625,1003.6711715560741
J20,15,SYTO,5421.69091796875,502.54714412196955
J22,0,CONC,1322.41455078125,49.80173929100582
J22,0,HOECHST,1509.507080078125,85.57936041670919
J22,0,MITO,20987.31640625,3039.9592589529047
J22,0,PHAandWGA,4129.7666015625,403.633045644071
J22,0,SYTO,2727.6650390625,273.5243854681795
J22,1,CONC,1415.031982421875,63.020231256884315
J22,1,HOECHST,1621.08837890625,110.6115395441177
J22,1,MITO,21890.80078125,3515.5089322008903
J22,1,PHAandWGA,4627.9833984375,500.9314489395296
J22,1,SYTO,2970.20458984375,341.7248839816587
J22,2,CONC,1524.082763671875,77.57223613963255
J22,2,HOECHST,1747.6910400390625,137.8515411613651
J22,2,MITO,23491.951171875,4050.5468352170515
J22,2,PHAandWGA,5471.7861328125,614.1279019394508
J22,2,SYTO,3258.912841796875,415.39858900556715
J22,3,CONC,1622.6669921875,91.35485127097202
J22,3,HOECHST,1895.75927734375,164.84662589679095
J22,3,MITO,25113.654296875,4488.16681903908
J22,3,PHAandWGA,6182.61767578125,724.0763821722987
J22,3,SYTO,3552.53076171875,484.48803676542605
J22,4,CONC,1708.238037109375,101.68880390468239
J22,4,HOECHST,2012.5234375,184.4308856174836
J22,4,MITO,25687.89453125,4744.961571665989
J22,4,PHAandWGA,6699.3740234375,795.0596154931786
J22,4,SYTO,3765.344970703125,531.0554576424835
J22,5,CONC,1755.019775390625,107.4228259822168
J22,5,HOECHST,2069.175048828125,193.35975542905308
J22,5,MITO,26903.90234375,4923.034188926367
J22,5,PHAandWGA,6978.15234375,830.7161429443844
J22,5,SYTO,3923.003662109375,552.8272594420262
J22,6,CONC,1796.8936767578125,109.4937766716166
J22,6,HOECHST,2102.1279296875,193.46562235877795
J22,6,MITO,27024.400390625,4962.865001289176
J22,6,PHAandWGA,7074.712890625,842.6007206636089
J22,6,SYTO,3989.29345703125,557.1896662304159
J22,7,CONC,1817.2115478515625,109.68110972192277
J22,7,HOECHST,2107.861328125,191.0965997967948
J22,7,MITO,27512.78515625,4944.841721854858
J22,7,PHAandWGA,7198.58203125,840.0116362494537
J22,7,SYTO,4031.041015625,550.2208480202586
J22,8,CONC,1833.623779296875,108.79126221003023
J22,8,HOECHST,2113.79150390625,185.5662716292465
J22,8,MITO,27718.90234375,4897.971946771887
J22,8,PHAandWGA,7065.23193359375,826.2231168859421
J22,8,SYTO,4008.110107421875,537.1334141980416
J22,9,CONC,1838.99951171875,106.55733849981043
J22,9,HOECHST,2134.51708984375,179.04193258699976
J22,9,MITO,28184.2109375,4811.1739281376185
J22,9,PHAandWGA,6943.7109375,797.8096418283017
J22,9,SYTO,4002.17578125,517.3681800170732
J22,10,CONC,1865.0159912109375,103.0830860792203
J22,10,HOECHST,2128.57275390625,171.26297329904804
J22,10,MITO,28021.8828125,4652.296380097438
J22,10,PHAandWGA,6905.5771484375,759.1839149375365
J22,10,SYTO,4014.0146484375,493.62379515797915
J22,11,CONC,1875.26318359375,98.69603185656159
J22,11,HOECHST,2162.25439453125,162.37321139624197
J22,11,MITO,28263.6171875,4463.8465717194495
J22,11,PHAandWGA,6719.51953125,712.8071180690214
J22,11,SYTO,3946.27880859375,465.16480430158396
J22,12,CONC,1866.2921142578125,93.67465698281329
J22,12,HOECHST,2151.723388671875,152.13702199849067
J22,12,MITO,28370.6328125,4216.066242642851
J22,12,PHAandWGA,6502.556640625,666.0470729039125
J22,12,SYTO,3968.360595703125,437.67164197334716
J22,13,CONC,1882.906494140625,88.43658400241577
J22,13,HOECHST,2160.60498046875,141.52233550542434
J22,13,MITO,28452.828125,3965.3365654626564
J22,13,PHAandWGA,6303.46728515625,615.6904274889195
J22,13,SYTO,3926.652587890625,405.2946720316534
J22,14,CONC,1891.429443359375,83.44873934460513
J22,14,HOECHST,2186.8544921875,132.0965723910083
J22,14,MITO,28487.62890625,3711.5402034263047
J22,14,PHAandWGA,6128.9853515625,569.0744774236974
J22,14,SYTO,3949.949462890625,377.67363414129966
J22,15,CONC,1925.004638671875,78.22683902525495
J22,15,HOECHST,2222.526123046875,122.93912110597985
J22,15,MITO,28524.11328125,3405.047722048416
J22,15,PHAandWGA,5990.3642578125,519.700230272788
J22,15,SYTO,3963.749267578125,346.60852584974504
J23,0,CONC,5071.4091796875,154.29589490254386
J23,0,HOECHST,2405.892578125,85.97932880683314
J23,0,MITO,68444.484375,3495.531298609067
J23,0,PHAandWGA,26028.6484375,1418.2650580885124
J23,0,SYTO,13694.021484375,785.4980236883764
J23,1,CONC,5793.162109375,218.20571531180397
J23,1,HOECHST,2757.3291015625,122.44206581863958
J23,1,MITO,73890.8359375,4241.166103470346
J23,1,PHAandWGA,28832.466796875,1784.5056179884846
J23,1,SYTO,16540.58203125,1054.6470838188957
J23,2,CONC,6237.1787109375,230.7359959446277
J23,2,HOECHST,2966.23681640625,138.2727527513117
J23,2,MITO,77950.8125,4473.493190623039
J23,2,PHAandWGA,30928.5390625,1844.4239290953458
J23,2,SYTO,18561.5390625,1122.351833713858
J23,3,CONC,6645.5185546875,238.99029638157208
J23,3,HOECHST,3219.771728515625,151.98457688929804
J23,3,MITO,82689.734375,4683.644843603167
J23,3,PHAandWGA,32925.94921875,1852.6818311703191
J23,3,SYTO,21016.51171875,1145.1970580222448
J23,4,CONC,7033.4384765625,244.39141155032402
J23,4,HOECHST,3440.080810546875,156.64271442859587
J23,4,MITO,87122.875,4831.5380772007375
J23,4,PHAandWGA,35215.1328125,1865.5940923142998
J23,4,SYTO,23091.744140625,1142.041333836534
J23,5,CONC,7202.75390625,240.30896689466812
J23,5,HOECHST,3636.175537109375,159.13935868890007
J23,5,MITO,89876.140625,4831.309271942211
J23,5,PHAandWGA,36261.26171875,1853.1686152472173
J23,5,SYTO,24650.953125,1114.2557979024182
J23,6,CONC,7292.8447265625,232.61166429808256
J23,6,HOECHST,3710.4306640625,155.2043799063611
J23,6,MITO,92777.484375,4832.607695879295
J23,6,PHAandWGA,37988.9296875,1820.4441296335535
J23,6,SYTO,24997.662109375,1070.6639046395135
J23,7,CONC,7401.46044921875,223.733735696694
J23,7,HOECHST,3821.49658203125,153.7917464581831
J23,7,MITO,94643.359375,4750.61219262112
J23,7,PHAandWGA,38901.32421875,1750.106497090683
J23,7,SYTO,26009.74609375,1017.1775976702892
J23,8,CONC,7428.8740234375,213.20139656846862
J23,8,HOECHST,3864.536865234375,148.54844116859093
J23,8,MITO,97197.53125,4696.234219358195
J23,8,PHAandWGA,39325.70703125,1690.8043666887509
J23,8,SYTO,26507.822265625,968.2184883298991
J23,9,CONC,7392.33837890625,202.86263658953087
J23,9,HOECHST,3865.263671875,140.50376912705005
J23,9,MITO,97636.25,4615.256887714706
J23,9,PHAandWGA,39233.0859375,1644.3157167092777
J23,9,SYTO,26415.49609375,917.9762965419875
J23,10,CONC,7372.71826171875,192.6818462125154
J23,10,HOECHST,3850.833984375,134.85118503354477
J23,10,MITO,98932.875,4523.370574112099
J23,10,PHAandWGA,39921.390625,1585.5570966033038
J23,10,SYTO,26272.771484375,872.4789284820089
J23,11,CONC,7314.55712890625,182.96629442579254
J23,11,HOECHST,3876.17041015625,130.394924513673
J23,11,MITO,99736.8046875,4385.382475874704
J23,11,PHAandWGA,40351.30078125,1517.5256872217767
J23,11,SYTO,25686.05078125,820.6607808226111
J23,12,CONC,7283.4736328125,173.74900015470516
J23,12,HOECHST,3884.60302734375,124.10210785849519
J23,12,MITO,99643.6640625,4253.670713197079
J23,12,PHAandWGA,39648.20703125,1456.2811327560846
J23,12,SYTO,25222.970703125,777.5359242938356
J23,13,CONC,7239.421875,164.74736405641895
J23,13,HOECHST,3845.215576171875,116.62542672855407
J23,13,MITO,100496.265625,4135.72307802695
J23,13,PHAandWGA,39413.76171875,1404.5854017860968
J23,13,SYTO,24196.08203125,733.7052751257436
J23,14,CONC,7221.705078125,156.15393752281815
J23,14,HOECHST,3843.79150390625,110.2787576280661
J23,14,MITO,100167.953125,3989.8490817956485
J23,14,PHAandWGA,39617.5625,1350.7440779357487
J23,14,SYTO,23679.484375,695.9015148812223
J23,15,CONC,7218.5185546875,147.86075245901674
J23,15,HOECHST,3818.123046875,103.75195293853399
J23,15,MITO,100929.71875,3849.2615969571166
J23,15,PHAandWGA,39142.3828125,1297.2269267714391
J23,15,SYTO,23395.556640625,654.953365563209
K02,0,CONC,4023.45751953125,95.6739939226653
K02,0,HOECHST,3511.179931640625,114.9736081411449
K02,0,MITO,54946.53125,2538.574348346879
K02,0,PHAandWGA,20364.259765625,886.9767581932897
K02,0,SYTO,14240.5390625,674.4396776293358
K02,1,CONC,4383.1904296875,123.57090311744777
K02,1,HOECHST,3833.035888671875,149.4672934567651
K02,1,MITO,57772.1953125,2951.5929137422413
K02,1,PHAandWGA,22064.662109375,1086.8028108725293
K02,1,SYTO,16364.130859375,857.8936884532169
K02,2,CONC,4741.16650390625,144.38624501064032
K02,2,HOECHST,4187.435546875,180.0793604623803
K02,2,MITO,61168.953125,3256.1536681980497
K02,2,PHAandWGA,23924.921875,1238.4396364284848
K02,2,SYTO,18238.720703125,992.7340069304857
K02,3,CONC,5026.66650390625,153.96100810240017
K02,3,HOECHST,4471.82666015625,196.96627693492402
K02,3,MITO,64350.9296875,3379.3927101009035
K02,3,PHAandWGA,25841.91796875,1319.8023679940438
K02,3,SYTO,20279.017578125,1061.4127319780796
K02,4,CONC,5251.05859375,157.31461503078665
K02,4,HOECHST,4750.66796875,203.63152660996704
K02,4,MITO,67078.609375,3430.0417731359094
K02,4,PHAandWGA,27965.349609375,1354.84878528416
K02,4,SYTO,22330.0234375,1077.107782243539
K02,5,CONC,5433.3427734375,157.7259105971123
K02,5,HOECHST,4942.162109375,204.59188215144206
K02,5,MITO,69330.375,3427.83488292856
K02,5,PHAandWGA,29416.26171875,1358.8573587344545
K02,5,SYTO,24125.44140625,1067.8859974628192
K02,6,CONC,5535.25,154.8760374630995
K02,6,HOECHST,5067.22705078125,200.42812628946277
K02,6,MITO,71392.171875,3402.2354130511144
K02,6,PHAandWGA,30215.208984375,1341.9912714981303
K02,6,SYTO,25487.16015625,1041.70130835899
K02,7,CONC,5595.63134765625,150.49987850433942
K02,7,HOECHST,5135.7021484375,193.9484455540028
K02,7,MITO,72505.5625,3331.999690422796
K02,7,PHAandWGA,31567.671875,1315.5944645755314
K02,7,SYTO,25836.109375,1002.2068548796796
K02,8,CONC,5644.482421875,145.54028947647663
K02,8,HOECHST,5167.359375,186.5074456123279
K02,8,MITO,73078.3203125,3260.0558751739754
K02,8,PHAandWGA,31858.80078125,1284.4111367011733
K02,8,SYTO,26571.4921875,964.3155480585986
K02,9,CONC,5690.75,139.91980215020814
K02,9,HOECHST,5214.49365234375,178.91773188511218
K02,9,MITO,73067.0078125,3169.227026455498
K02,9,PHAandWGA,32748.73828125,1241.7141008828244
K02,9,SYTO,27032.39453125,920.4829943206071
K02,10,CONC,5746.2607421875,134.71386981352984
K02,10,HOECHST,5230.50146484375,171.09919145995406
K02,10,MITO,73603.59375,3071.807687592439
K02,10,PHAandWGA,33041.453125,1205.1299057048361
K02,10,SYTO,27280.732421875,881.6975293248831
K02,11,CONC,5799.048828125,129.56104286817825
K02,11,HOECHST,5276.07421875,163.8511937728497
K02,11,MITO,74611.71875,2986.824128360397
K02,11,PHAandWGA,33169.1171875,1166.0193112882284
K02,11,SYTO,27039.16796875,838.383438376987
K02,12,CONC,5833.28271484375,124.05493049892222
K02,12,HOECHST,5353.23779296875,156.9046267056727
K02,12,MITO,75128.3203125,2883.9182689784125
K02,12,PHAandWGA,33045.91015625,1125.0618893641438
K02,12,SYTO,27080.5625,797.2497055598235
K02,13,CONC,5873.89111328125,118.76531523346632
K02,13,HOECHST,5364.314453125,149.88625218842083
K02,13,MITO,75518.40625,2759.419323016814
K02,13,PHAandWGA,33141.44921875,1084.6823504586996
K02,13,SYTO,26844.126953125,759.4996721687118
K02,14,CONC,5931.8681640625,113.74456659351144
K02,14,HOECHST,5432.439453125,143.28852333474944
K02,14,MITO,76579.484375,2664.4756368464914
K02,14,PHAandWGA,33589.296875,1046.3875089972669
K02,14,SYTO,26769.466796875,723.3922854730539
K02,15,CONC,5982.419921875,108.71218739441296
K02,15,HOECHST,5477.46337890625,136.66945377410437
K02,15,MITO,77000.734375,2549.644586921582
K02,15,PHAandWGA,33202.9453125,1003.8445143707087
K02,15,SYTO,26190.359375,684.5593682258913
K03,0,CONC,10614.107421875,111.1022397656192
K03,0,HOECHST,8476.080078125,137.078818398319
K03,0,MITO,101970.0859375,1225.8206251239922
K03,0,PHAandWGA,50426.84765625,721.7450159869361
K03,0,SYTO,42563.9296875,721.0786773758757
K03,1,CONC,11828.5703125,147.60748172400884
K03,1,HOECHST,9492.505859375,180.1680770500342
K03,1,MITO,108439.015625,1456.4024679485906
K03,1,PHAandWGA,54938.0234375,875.1798181295618
K03,1,SYTO,47242.078125,902.8178989496047
K03,2,CONC,12816.0947265625,161.0748842702377
K03,2,HOECHST,10336.5341796875,197.37428527698347
K03,2,MITO,115833.625,1582.0325649427025
K03,2,PHAandWGA,59117.3203125,954.3016583988948
K03,2,SYTO,50758.9140625,971.9039049919752
K03,3,CONC,13565.111328125,161.1023982123418
K03,3,HOECHST,10995.69140625,197.89146409349038
K03,3,MITO,120513.1328125,1588.9158352066318
K03,3,PHAandWGA,62013.2578125,967.5494021977797
K03,3,SYTO,53953.53125,966.6554567920506
K03,4,CONC,14057.3759765625,151.66151686731817
K03,4,HOECHST,11459.30859375,192.38752723554086
K03,4,MITO,124825.2421875,1548.0004241565389
K03,4,PHAandWGA,64980.2421875,924.4947435532962
K03,4,SYTO,56979.95703125,910.2295425068646
K03,5,CONC,14423.115234375,136.45093590231485
K03,5,HOECHST,11895.037109375,180.4029825115179
K03,5,MITO,128578.359375,1494.6335674321738
K03,5,PHAandWGA,67279.109375,867.6055496802429
K03,5,SYTO,59509.3359375,835.233444386312
K03,6,CONC,14629.271484375,122.62461154468525
K03,6,HOECHST,12235.9228515625,166.91956266646122
K03,6,MITO,131421.53125,1400.846142913206
K03,6,PHAandWGA,69706.75,802.384087978961
K03,6,SYTO,60939.05078125,756.5459716207733
K03,7,CONC,14931.591796875,111.97794984500173
K03,7,HOECHST,12396.19140625,150.8962282043611
K03,7,MITO,135602.25,1350.7406619609403
K03,7,PHAandWGA,71664.25,747.0497964287905
K03,7,SYTO,63276.91015625,680.1067181421568
K03,8,CONC,15097.361328125,100.80439801478558
K03,8,HOECHST,12640.421875,137.55234334880052
K03,8,MITO,137301.71875,1268.5388393123944
K03,8,PHAandWGA,73024.640625,683.1215345754543
K03,8,SYTO,63437.35546875,610.0533482094082
K03,9,CONC,15215.6103515625,90.49963151058336
K03,9,HOECHST,12740.0146484375,124.0304641402138
K03,9,MITO,139725.9375,1185.3082480351227
K03,9,PHAandWGA,73862.421875,629.6516438771501
K03,9,SYTO,64191.80859375,548.9604067666132
K03,10,CONC,15159.009765625,81.03506956663735
K03,10,HOECHST,12885.505859375,113.81460999888894
K03,10,MITO,141786.53125,1110.419511051229
K03,10,PHAandWGA,74624.28125,583.1855775575801
K03,10,SYTO,66078.4921875,498.18490911892184
K03,11,CONC,15177.1689453125,73.37792766509673
K03,11,HOECHST,12970.53125,105.94212195458361
K03,11,MITO,143943.3125,1040.1906657056393
K03,11,PHAandWGA,76135.3203125,542.4353810330513
K03,11,SYTO,66180.0703125,455.3215442775294
K03,12,CONC,15148.548828125,66.37047100040046
K03,12,HOECHST,13010.943359375,98.26584972860329
K03,12,MITO,144770.703125,975.0572983606077
K03,12,PHAandWGA,76189.046875,504.8184749339217
K03,12,SYTO,65245.4765625,419.40799647400297
K03,13,CONC,15176.8642578125,60.4643587533516
K03,13,HOECHST,13056.3447265625,92.46791626186369
K03,13,MITO,144675.25,922.2391101080002
K03,13,PHAandWGA,76570.359375,476.1589437679474
K03,13,SYTO,65663.4453125,390.88874272381133
K03,14,CONC,15112.8857421875,56.73784953298155
K03,14,HOECHST,13201.208984375,89.3311685430979
K03,14,MITO,145984.125,892.722781826563
K03,14,PHAandWGA,77024.71875,459.9536307624513
K03,14,SYTO,65853.65625,374.2094994700107
K03,15,CONC,15130.1904296875,54.16761985434552
K03,15,HOECHST,13252.013671875,86.01848170807901
K03,15,MITO,147177.8125,865.1438401188657
K03,15,PHAandWGA,77359.734375,445.4397152075447
K03,15,SYTO,66915.7890625,359.2323382159168
K05,0,CONC,9214.501953125,56.66165201344473
K05,0,HOECHST,6998.99462890625,65.8342890202453
K05,0,MITO,91810.78125,796.4466473629861
K05,0,PHAandWGA,44841.59375,438.9726092340729
K05,0,SYTO,35857.96875,374.70838818193516
K05,1,CONC,10073.865234375,84.7180539098994
K05,1,HOECHST,7534.79833984375,92.49953354341288
K05,1,MITO,98275.0390625,1172.3802088494917
K05,1,PHAandWGA,46886.03515625,548.1099828781175
K05,1,SYTO,38411.8671875,490.81938789430694
K05,2,CONC,11172.5078125,116.9278516645089
K05,2,HOECHST,8322.1259765625,124.60952689647804
K05,2,MITO,106303.140625,1543.8328889415634
K05,2,PHAandWGA,51047.33984375,698.7015763331507
K05,2,SYTO,41452.734375,648.3864819844862
K05,3,CONC,12255.525390625,142.53616706109062
K05,3,HOECHST,9147.1240234375,153.89065466688302
K05,3,MITO,116018.9609375,1724.150761860394
K05,3,PHAandWGA,55245.4609375,834.8710326993685
K05,3,SYTO,45552.9375,785.2608257511821
K05,4,CONC,13154.4423828125,151.3405913091309
K05,4,HOECHST,9737.7958984375,157.3417300399258
K05,4,MITO,120811.9375,1680.942450373365
K05,4,PHAandWGA,59034.7734375,901.1754303177912
K05,4,SYTO,49415.25390625,835.0829177143983
K05,5,CONC,13649.640625,137.94543177650633
K05,5,HOECHST,10317.861328125,156.69894402350155
K05,5,MITO,124704.8515625,1479.6690390301999
K05,5,PHAandWGA,61789.1796875,878.5889399725144
K05,5,SYTO,52509.22265625,810.4231033312004
K05,6,CONC,14029.7802734375,120.05507454902214
K05,6,HOECHST,10826.0146484375,149.60380046471445
K05,6,MITO,128696.6171875,1298.8042475905677
K05,6,PHAandWGA,64161.65625,813.5201742499887
K05,6,SYTO,54651.859375,743.1687141562686
K05,7,CONC,14518.9228515625,107.82510050179881
K05,7,HOECHST,11233.81640625,134.09705114767308
K05,7,MITO,132172.078125,1154.8885801065342
K05,7,PHAandWGA,67029.8671875,744.4733054002025
K05,7,SYTO,58140.703125,670.0680496842903
K05,8,CONC,14771.69921875,95.40892982919765
K05,8,HOECHST,11501.5703125,120.73451981677938
K05,8,MITO,135172.71875,1022.9061028497161
K05,8,PHAandWGA,69002.8046875,677.7246515663398
K05,8,SYTO,59968.01953125,600.1479107988955
K05,9,CONC,14763.720703125,82.71863667484187
K05,9,HOECHST,11608.775390625,105.95813895944438
K05,9,MITO,135453.9375,886.8223204622275
K05,9,PHAandWGA,70553.1484375,613.3146313895055
K05,9,SYTO,61228.64453125,531.0998438148962
K05,10,CONC,14756.193359375,70.4426182713019
K05,10,HOECHST,11708.30859375,93.12360556616927
K05,10,MITO,136009.25,771.8101238912494
K05,10,PHAandWGA,72544.1875,551.2780636786894
K05,10,SYTO,62317.4453125,465.6480152546305
K05,11,CONC,14810.2646484375,60.69002624126915
K05,11,HOECHST,11811.7373046875,81.96409534564651
K05,11,MITO,137575.109375,674.7016992119438
K05,11,PHAandWGA,73661.1640625,492.7668347948962
K05,11,SYTO,62566.5,407.0061254122778
K05,12,CONC,14775.494140625,52.4270950178458
K05,12,HOECHST,11860.7783203125,72.18740525040099
K05,12,MITO,137698.28125,591.6177008060899
K05,12,PHAandWGA,73575.390625,445.1355950706915
K05,12,SYTO,63139.6796875,359.97145681282683
K05,13,CONC,14771.2939453125,46.274530378552214
K05,13,HOECHST,11896.8583984375,64.91385950625045
K05,13,MITO,138964.65625,533.769211053257
K05,13,PHAandWGA,74182.0,407.2677905770435
K05,13,SYTO,63301.16796875,323.8892389692653
K05,14,CONC,14798.634765625,42.0402185693875
K05,14,HOECHST,11850.2685546875,60.19267027230433
K05,14,MITO,137804.6875,494.5677191133298
K05,14,PHAandWGA,74382.640625,382.8471926683365
K05,14,SYTO,64339.51953125,301.0823640783868
K05,15,CONC,14711.546875,38.67118376451026
K05,15,HOECHST,11967.02734375,56.44298008907204
K05,15,MITO,138537.0625,457.65786647291253
K05,15,PHAandWGA,74556.8671875,360.6830881078208
K05,15,SYTO,63517.29296875,279.41977222101286
K06,0,CONC,6036.2001953125,87.92711964865359
K06,0,HOECHST,3974.805908203125,78.3156428995246
K06,0,MITO,71817.890625,1563.1807272462468
K06,0,PHAandWGA,30544.82421875,775.7139960570335
K06,0,SYTO,22033.0625,600.681273738144
K06,1,CONC,6860.26171875,149.53639282926883
K06,1,HOECHST,4385.884765625,124.90171370047983
K06,1,MITO,76768.7109375,2120.9793250007215
K06,1,PHAandWGA,32433.646484375,1059.6410266643338
K06,1,SYTO,24484.546875,906.9231411955719
K06,2,CONC,7585.603515625,193.6822747221755
K06,2,HOECHST,4898.40380859375,176.84275049451932
K06,2,MITO,80592.46875,2518.3200526379387
K06,2,PHAandWGA,35705.515625,1304.7006310022982
K06,2,SYTO,26899.01171875,1166.841592074298
K06,3,CONC,8271.1689453125,220.23952635964275
K06,3,HOECHST,5349.9970703125,200.01290520664523
K06,3,MITO,85007.1328125,2798.7654716556053
K06,3,PHAandWGA,38037.4609375,1482.5059940458996
K06,3,SYTO,29804.294921875,1330.5342192147382
K06,4,CONC,8898.40625,235.32729866428278
K06,4,HOECHST,5775.92822265625,218.1468330211554
K06,4,MITO,90729.7890625,3025.7992478761885
K06,4,PHAandWGA,40980.0390625,1599.7588611897484
K06,4,SYTO,32554.318359375,1416.3420787646294
K06,5,CONC,9376.3515625,237.99814892179327
K06,5,HOECHST,6114.275390625,218.0354716005328
K06,5,MITO,94018.328125,3069.669272370454
K06,5,PHAandWGA,43371.265625,1640.50319850523
K06,5,SYTO,34554.796875,1416.5540298638061
K06,6,CONC,9798.177734375,235.54066357969697
K06,6,HOECHST,6402.98486328125,215.6069419049826
K06,6,MITO,98427.015625,3084.2651248634925
K06,6,PHAandWGA,46001.046875,1651.5862879704962
K06,6,SYTO,37099.6640625,1393.8440509885213
K06,7,CONC,10208.501953125,228.26902296412734
K06,7,HOECHST,6725.0068359375,212.66321745715499
K06,7,MITO,103563.703125,3033.644497228492
K06,7,PHAandWGA,48614.55859375,1597.7927662738919
K06,7,SYTO,39658.71875,1327.1755718063182
K06,8,CONC,10516.81640625,216.72295600288794
K06,8,HOECHST,6964.734375,201.25314746807365
K06,8,MITO,105569.453125,2951.7359794976724
K06,8,PHAandWGA,51270.59765625,1512.711465732878
K06,8,SYTO,41027.3984375,1242.406746723508
K06,9,CONC,10651.3056640625,199.18355077253975
K06,9,HOECHST,7184.29833984375,184.72042513519602
K06,9,MITO,109071.2890625,2812.32340907537
K06,9,PHAandWGA,52768.1953125,1423.632303996032
K06,9,SYTO,42971.55078125,1144.6897757712811
K06,10,CONC,10688.12109375,183.05082268223705
K06,10,HOECHST,7240.8974609375,174.46091904951624
K06,10,MITO,111502.09375,2772.259069706619
K06,10,PHAandWGA,53054.38671875,1338.2448609478195
K06,10,SYTO,43526.125,1057.5108716147959
K06,11,CONC,10609.572265625,170.51962078940113
K06,11,HOECHST,7200.265625,161.64843419971965
K06,11,MITO,112576.015625,2631.6006645528473
K06,11,PHAandWGA,53618.88671875,1282.678009232208
K06,11,SYTO,44106.25,985.5780213649298
K06,12,CONC,10521.99609375,159.75908459524575
K06,12,HOECHST,7171.99609375,150.2619793314658
K06,12,MITO,113370.453125,2532.3514549344195
K06,12,PHAandWGA,53848.875,1217.6611090850786
K06,12,SYTO,44217.4453125,918.6344284690828
K06,13,CONC,10494.712890625,147.464589548795
K06,13,HOECHST,7210.19921875,140.7257602908446
K06,13,MITO,114402.671875,2426.3028898436555
K06,13,PHAandWGA,54729.984375,1149.3667242158836
K06,13,SYTO,43889.8828125,854.9585938973127
K06,14,CONC,10448.076171875,137.81405055338334
K06,14,HOECHST,7227.76953125,132.39216716008963
K06,14,MITO,115540.90625,2354.5830334658554
K06,14,PHAandWGA,55284.19921875,1095.7777886855627
K06,14,SYTO,44684.2265625,798.4670075417829
K06,15,CONC,10458.888671875,129.76132390433241
K06,15,HOECHST,7230.662109375,124.9749704122192
K06,15,MITO,115163.9140625,2269.8605409803504
K06,15,PHAandWGA,55106.4453125,1047.966270696563
K06,15,SYTO,44564.12109375,752.5286609792635
K07,0,CONC,2153.240234375,92.76147754221866
K07,0,HOECHST,1478.8680419921875,64.47402743920836
K07,0,MITO,26587.296875,3096.6942679145277
K07,0,PHAandWGA,8052.55517578125,736.8990226149854
K07,0,SYTO,4361.30908203125,436.8145775056011
K07,1,CONC,2304.05419921875,117.08689718040797
K07,1,HOECHST,1608.42919921875,84.64407572215471
K07,1,MITO,27536.015625,3520.8012360677358
K07,1,PHAandWGA,8960.1484375,890.6852126921126
K07,1,SYTO,4901.94921875,540.9123981070929
K07,2,CONC,2480.664794921875,138.3997749092832
K07,2,HOECHST,1763.27099609375,106.27698019283147
K07,2,MITO,29197.017578125,3935.899599272839
K07,2,PHAandWGA,9864.021484375,1016.1292370555077
K07,2,SYTO,5618.13720703125,636.3147365680007
K07,3,CONC,2611.145263671875,151.74776465297214
K07,3,HOECHST,1877.64208984375,119.85577967555746
K07,3,MITO,30210.947265625,4143.993217759467
K07,3,PHAandWGA,10721.8896484375,1094.0286999480818
K07,3,SYTO,6007.7236328125,687.4666473253804
K07,4,CONC,2700.711669921875,159.9637911684735
K07,4,HOECHST,1951.83642578125,125.40451970952647
K07,4,MITO,31717.6484375,4290.215807370802
K07,4,PHAandWGA,11292.8974609375,1137.5575860871772
K07,4,SYTO,6244.2021484375,710.5634090652555
K07,5,CONC,2779.68505859375,162.89371084787993
K07,5,HOECHST,1987.86865234375,124.7690931539933
K07,5,MITO,32370.685546875,4314.99353275931
K07,5,PHAandWGA,11740.970703125,1156.5258203654325
K07,5,SYTO,6247.3984375,713.9518701407198
K07,6,CONC,2812.355224609375,162.95426916383857
K07,6,HOECHST,2018.045166015625,123.41316068877882
K07,6,MITO,32948.9609375,4291.948575397411
K07,6,PHAandWGA,11998.6279296875,1153.2622639012627
K07,6,SYTO,6179.85302734375,703.0242929423316
K07,7,CONC,2856.09765625,160.50427093742206
K07,7,HOECHST,2018.435302734375,120.07432413091966
K07,7,MITO,33080.8828125,4238.359063706141
K07,7,PHAandWGA,12246.634765625,1135.772438166445
K07,7,SYTO,6197.84716796875,691.5311209104526
K07,8,CONC,2866.4609375,157.26823548028983
K07,8,HOECHST,2023.814208984375,116.19609528511613
K07,8,MITO,33282.65625,4190.40099122987
K07,8,PHAandWGA,12228.513671875,1118.4457452491636
K07,8,SYTO,6191.2646484375,673.9083226764856
K07,9,CONC,2875.944091796875,152.38533818481378
K07,9,HOECHST,2039.28173828125,111.57790747448307
K07,9,MITO,33478.1015625,4074.984861250674
K07,9,PHAandWGA,12190.1923828125,1086.0415342424683
K07,9,SYTO,6184.220703125,650.1021833036025
K07,10,CONC,2909.5927734375,146.97929496121392
K07,10,HOECHST,2038.7095947265625,106.43542871838663
K07,10,MITO,33682.2578125,3925.4848932367577
K07,10,PHAandWGA,12281.607421875,1049.9138627407742
K07,10,SYTO,6129.771484375,622.1218871052903
K07,11,CONC,2912.08349609375,140.63190196404588
K07,11,HOECHST,2039.1707763671875,100.46076812679009
K07,11,MITO,33903.1015625,3775.3517096924215
K07,11,PHAandWGA,12236.041015625,1007.7748114373127
K07,11,SYTO,6142.86376953125,589.2241265293528
K07,12,CONC,2933.8173828125,134.09703083190294
K07,12,HOECHST,2054.74072265625,94.99884867297644
K07,12,MITO,33804.66015625,3585.323934789557
K07,12,PHAandWGA,12107.1474609375,957.5834674316834
K07,12,SYTO,6159.1396484375,558.2477620855243
K07,13,CONC,2955.873779296875,127.21958285854957
K07,13,HOECHST,2074.794921875,89.28823681296048
K07,13,MITO,34729.546875,3385.251782263998
K07,13,PHAandWGA,11937.50390625,898.4274997467415
K07,13,SYTO,6155.5849609375,524.1729495689693
K07,14,CONC,2989.322509765625,120.13240159199093
K07,14,HOECHST,2088.8076171875,83.34537156222898
K07,14,MITO,34588.94140625,3168.6046723777386
K07,14,PHAandWGA,11753.005859375,839.6444321014648
K07,14,SYTO,6178.560546875,489.8860452677294
K07,15,CONC,3029.085205078125,113.17960308758258
K07,15,HOECHST,2100.79931640625,77.9554571385056
K07,15,MITO,34933.92578125,2948.080415060299
K07,15,PHAandWGA,11611.013671875,782.189539905642
K07,15,SYTO,6201.287109375,452.9918981204329
K08,0,CONC,4091.097412109375,82.23083802839388
K08,0,HOECHST,2627.717041015625,68.2113788384032
K08,0,MITO,52820.03125,2196.396282980074
K08,0,PHAandWGA,18803.95703125,767.0788920674128
K08,0,SYTO,11006.509765625,502.56232111431376
K08,1,CONC,4429.43017578125,112.9986060604262
K08,1,HOECHST,2858.50732421875,92.77865571022824
K08,1,MITO,55816.296875,2682.1059501512254
K08,1,PHAandWGA,20239.84375,965.9733692551769
K08,1,SYTO,13065.63671875,676.9406511654299
K08,2,CONC,4923.3505859375,152.57279763384895
K08,2,HOECHST,3157.384033203125,126.19591444855804
K08,2,MITO,59537.875,3211.6091269620847
K08,2,PHAandWGA,21987.99609375,1203.7705067274985
K08,2,SYTO,15495.0625,896.2246925115934
K08,3,CONC,5342.357421875,179.49240808821696
K08,3,HOECHST,3499.059326171875,154.1640733191434
K08,3,MITO,63531.421875,3497.952653244705
K08,3,PHAandWGA,24246.7578125,1371.7226493728724
K08,3,SYTO,17810.052734375,1042.4147864239424
K08,4,CONC,5762.63330078125,193.09654467309275
K08,4,HOECHST,3782.3388671875,167.37691798726914
K08,4,MITO,66827.96875,3684.3804250306157
K08,4,PHAandWGA,26477.583984375,1468.4576405367434
K08,4,SYTO,19916.859375,1106.8055498829783
K08,5,CONC,6054.279296875,198.06190668788832
K08,5,HOECHST,4000.9228515625,171.79167880528863
K08,5,MITO,69547.4296875,3783.9169107480648
K08,5,PHAandWGA,28136.6015625,1503.374996808619
K08,5,SYTO,21889.98828125,1117.6997047301663
K08,6,CONC,6208.302734375,196.97337176010137
K08,6,HOECHST,4153.46240234375,171.31090799877177
K08,6,MITO,72088.890625,3830.504510836286
K08,6,PHAandWGA,29941.1015625,1497.318141498672
K08,6,SYTO,23302.33984375,1094.8257081085565
K08,7,CONC,6330.93408203125,193.54425268442057
K08,7,HOECHST,4254.04052734375,167.05277846243345
K08,7,MITO,74533.6171875,3891.8030863852136
K08,7,PHAandWGA,30697.6875,1475.8602768648532
K08,7,SYTO,24338.93359375,1059.3363760000561
K08,8,CONC,6387.0126953125,186.85482762484872
K08,8,HOECHST,4346.02685546875,160.15243536662243
K08,8,MITO,76415.8046875,3865.6090447275405
K08,8,PHAandWGA,31366.21875,1431.0529674568465
K08,8,SYTO,25182.046875,1003.1627942299704
K08,9,CONC,6402.572265625,179.0428752365484
K08,9,HOECHST,4349.90478515625,151.74955185141312
K08,9,MITO,77674.71875,3814.965120209672
K08,9,PHAandWGA,31749.630859375,1383.6581914157834
K08,9,SYTO,25240.365234375,952.36919281957
K08,10,CONC,6374.853515625,171.64450060915888
K08,10,HOECHST,4343.56201171875,143.96496988439773
K08,10,MITO,78397.4765625,3771.476176808802
K08,10,PHAandWGA,32105.4609375,1341.863565627081
K08,10,SYTO,25457.564453125,905.1772198110567
K08,11,CONC,6317.7890625,163.47547154223173
K08,11,HOECHST,4317.5087890625,136.99350436185807
K08,11,MITO,78342.625,3689.3508078669793
K08,11,PHAandWGA,32364.03515625,1296.2565002599454
K08,11,SYTO,24530.234375,857.2095743992057
K08,12,CONC,6305.7568359375,156.14138753253013
K08,12,HOECHST,4311.439453125,130.08965761827332
K08,12,MITO,78968.6015625,3614.448612107231
K08,12,PHAandWGA,31741.79296875,1258.6907581800863
K08,12,SYTO,24275.328125,815.7194740387625
K08,13,CONC,6309.13671875,148.9558744793273
K08,13,HOECHST,4305.953125,124.25390986904183
K08,13,MITO,78688.03125,3525.7818580317303
K08,13,PHAandWGA,31734.486328125,1216.2728914985735
K08,13,SYTO,23810.0078125,774.7107195703567
K08,14,CONC,6292.00390625,142.0882140691761
K08,14,HOECHST,4303.1044921875,119.19257110246822
K08,14,MITO,78438.5,3418.6019757506124
K08,14,PHAandWGA,31506.142578125,1177.6197566814324
K08,14,SYTO,22984.1953125,735.3580633871011
K08,15,CONC,6309.0849609375,135.36112035876877
K08,15,HOECHST,4329.599609375,113.25464260424286
K08,15,MITO,78455.3984375,3303.4293948466398
K08,15,PHAandWGA,31599.580078125,1128.9438767242902
K08,15,SYTO,22841.69921875,697.8615358256783
K09,0,CONC,9478.9248046875,95.10977748749262
K09,0,HOECHST,7248.9580078125,110.30562059291941
K09,0,MITO,91129.296875,1400.9213053194255
K09,0,PHAandWGA,44882.4921875,651.4511774614314
K09,0,SYTO,35243.1875,577.1882854831615
K09,1,CONC,10294.1953125,118.45091408074099
K09,1,HOECHST,7859.5439453125,134.2630141106397
K09,1,MITO,95101.03125,1563.1110702040783
K09,1,PHAandWGA,47704.20703125,773.9295240985749
K09,1,SYTO,37657.7265625,695.8624778085291
K09,2,CONC,11253.322265625,137.70250084282463
K09,2,HOECHST,8571.9912109375,158.25790866904546
K09,2,MITO,102665.015625,1687.1906857289023
K09,2,PHAandWGA,51148.15234375,886.4695755029989
K09,2,SYTO,41590.6015625,807.5589104309072
K09,3,CONC,12007.759765625,142.63936889990674
K09,3,HOECHST,9256.609375,172.61694424935013
K09,3,MITO,107418.8125,1702.8342350749015
K09,3,PHAandWGA,54482.015625,929.9554406758297
K09,3,SYTO,44959.69140625,855.895331783292
K09,4,CONC,12586.27734375,137.0071156218374
K09,4,HOECHST,9754.361328125,172.86932788302053
K09,4,MITO,112179.03125,1640.985002932581
K09,4,PHAandWGA,56594.0703125,919.3157053171567
K09,4,SYTO,47006.2578125,838.8437113172772
K09,5,CONC,12917.169921875,128.63917586893947
K09,5,HOECHST,10201.6875,165.44505032059578
K09,5,MITO,114898.203125,1563.6957951643055
K09,5,PHAandWGA,59017.33984375,883.6661602881022
K09,5,SYTO,49639.2890625,796.3478166704103
K09,6,CONC,13196.6357421875,120.2952031269139
K09,6,HOECHST,10478.068359375,156.778055224591
K09,6,MITO,117556.28125,1481.6819983906305
K09,6,PHAandWGA,61683.69140625,839.4250494466274
K09,6,SYTO,51608.96875,744.3090143793594
K09,7,CONC,13412.2138671875,111.26968262851167
K09,7,HOECHST,10782.322265625,147.2609445432528
K09,7,MITO,118180.28125,1366.9317944001198
K09,7,PHAandWGA,62881.28125,788.5267273069578
K09,7,SYTO,53785.015625,690.4795146909124
K09,8,CONC,13594.703125,104.03487188068677
K09,8,HOECHST,10986.25,137.47199701766883
K09,8,MITO,121232.15625,1288.560690078546
K09,8,PHAandWGA,64448.88671875,747.0931526443946
K09,8,SYTO,55426.578125,641.841880482519
K09,9,CONC,13705.908203125,97.43120526774736
K09,9,HOECHST,11131.8798828125,129.65334937482896
K09,9,MITO,121256.328125,1224.4129897714377
K09,9,PHAandWGA,65197.4375,710.8033285362789
K09,9,SYTO,56054.1953125,600.3699434893115
K09,10,CONC,13723.6875,90.72271209320425
K09,10,HOECHST,11196.91796875,121.53352567825945
K09,10,MITO,123722.9296875,1159.9863743701867
K09,10,PHAandWGA,66925.15625,674.2616236179306
K09,10,SYTO,55996.9296875,562.7866855223857
K09,11,CONC,13881.69921875,84.55585175328949
K09,11,HOECHST,11318.96875,114.57080904029306
K09,11,MITO,123939.71875,1093.6669620875573
K09,11,PHAandWGA,67209.546875,637.9321879816621
K09,11,SYTO,57707.8046875,526.1441261813213
K09,12,CONC,13891.583984375,79.64311431085784
K09,12,HOECHST,11399.8701171875,109.16708039023725
K09,12,MITO,125456.53125,1049.7319208199322
K09,12,PHAandWGA,68568.96875,610.7799388299487
K09,12,SYTO,57296.3203125,497.4366797193839
K09,13,CONC,13902.544921875,75.38103570795528
K09,13,HOECHST,11528.9248046875,104.45416734164041
K09,13,MITO,125360.671875,1004.850983411401
K09,13,PHAandWGA,69149.453125,588.1033539152031
K09,13,SYTO,57893.890625,471.46900705421
K09,14,CONC,13951.24609375,71.84048661526407
K09,14,HOECHST,11631.6259765625,100.40250205816737
K09,14,MITO,126217.546875,966.0181877607268
K09,14,PHAandWGA,69857.9453125,567.4498854222163
K09,14,SYTO,58100.98828125,449.72965098810545
K09,15,CONC,14034.587890625,68.98995307235788
K09,15,HOECHST,11775.474609375,97.12402148616678
K09,15,MITO,126886.65625,932.9626067707721
K09,15,PHAandWGA,70280.6875,549.3879629637707
K09,15,SYTO,58532.08203125,432.51562345349834
K10,0,CONC,8524.458984375,64.90137818078593
K10,0,HOECHST,6132.4990234375,72.24855773971841
K10,0,MITO,85103.546875,962.2209740091215
K10,0,PHAandWGA,40299.4453125,482.0780666109958
K10,0,SYTO,31982.5859375,408.7466200943573
K10,1,CONC,9052.6787109375,78.19548502307886
K10,1,HOECHST,6476.3408203125,86.61200792527582
K10,1,MITO,88233.71875,1145.947272139851
K10,1,PHAandWGA,42556.6953125,550.1362728980835
K10,1,SYTO,33878.90234375,477.0683157704126
K10,2,CONC,9781.896484375,94.27185714797919
K10,2,HOECHST,6941.3935546875,104.13877927824706
K10,2,MITO,94433.90625,1335.4640304791683
K10,2,PHAandWGA,44973.484375,656.6172663291716
K10,2,SYTO,36482.953125,574.3433489226531
K10,3,CONC,10647.0478515625,110.68780837167184
K10,3,HOECHST,7530.033203125,122.90963829627192
K10,3,MITO,100617.0703125,1486.4245886698416
K10,3,PHAandWGA,48972.515625,768.2387930105331
K10,3,SYTO,39169.4453125,675.0724209175877
K10,4,CONC,11399.751953125,117.60537194168451
K10,4,HOECHST,8132.662109375,134.67625823878498
K10,4,MITO,106719.46875,1492.9459445164446
K10,4,PHAandWGA,52010.1328125,826.4882483782333
K10,4,SYTO,42966.81640625,729.8187316130135
K10,5,CONC,11878.880859375,116.64417254076956
K10,5,HOECHST,8590.576171875,136.42414761907406
K10,5,MITO,111242.09375,1425.470129221765
K10,5,PHAandWGA,54818.78125,838.1557448045781
K10,5,SYTO,45163.15625,736.3372719068443
K10,6,CONC,12328.9140625,110.89850743191218
K10,6,HOECHST,8941.4775390625,131.62765431712646
K10,6,MITO,113141.828125,1325.7915581940865
K10,6,PHAandWGA,57181.25,821.96846857112
K10,6,SYTO,48460.203125,713.5507146381619
K10,7,CONC,12554.5498046875,101.08994136648921
K10,7,HOECHST,9229.46484375,124.10274674520997
K10,7,MITO,115802.46875,1210.180091066907
K10,7,PHAandWGA,59581.125,778.8952301234762
K10,7,SYTO,49831.84375,665.6196508820796
K10,8,CONC,12715.1796875,90.91396596482262
K10,8,HOECHST,9399.591796875,113.26476582461204
K10,8,MITO,117539.296875,1098.9003032219046
K10,8,PHAandWGA,61407.08203125,727.1407920286564
K10,8,SYTO,51485.609375,609.6891809834793
K10,9,CONC,12807.0068359375,82.11798144375905
K10,9,HOECHST,9567.1259765625,102.3193953041464
K10,9,MITO,118278.5390625,988.2000783791035
K10,9,PHAandWGA,62561.73046875,674.8637741360767
K10,9,SYTO,52487.3046875,553.416106201567
K10,10,CONC,12781.8046875,75.12453767663696
K10,10,HOECHST,9658.568359375,94.32014227127338
K10,10,MITO,117938.953125,904.7348105972383
K10,10,PHAandWGA,63489.10546875,630.0101406969874
K10,10,SYTO,52993.5625,506.5096159400747
K10,11,CONC,12863.5693359375,68.89968747489108
K10,11,HOECHST,9742.65625,86.94102312735407
K10,11,MITO,119214.21875,834.1809174848732
K10,11,PHAandWGA,64657.01171875,594.5617793384969
K10,11,SYTO,54541.65625,469.69497149616586
K10,12,CONC,12901.4990234375,63.46380191807416
K10,12,HOECHST,9799.966796875,80.19854559742912
K10,12,MITO,120245.3125,771.4331343407955
K10,12,PHAandWGA,65408.8671875,556.9100353770805
K10,12,SYTO,54291.94921875,432.91604603969563
K10,13,CONC,12929.759765625,58.87023352038706
K10,13,HOECHST,9876.3173828125,74.69194497742775
K10,13,MITO,121316.875,717.1667481287612
K10,13,PHAandWGA,65153.2578125,522.6515168963614
K10,13,SYTO,55793.953125,401.8493402623733
K10,14,CONC,12950.6064453125,55.50747692781266
K10,14,HOECHST,9938.3525390625,70.60467222164257
K10,14,MITO,121380.3203125,676.8686022650521
K10,14,PHAandWGA,66614.984375,499.18163155011206
K10,14,SYTO,56232.859375,379.39177622146985
K10,15,CONC,12982.021484375,53.45624768216303
K10,15,HOECHST,10043.25,68.04912120938214
K10,15,MITO,121573.7109375,650.9491026188945
K10,15,PHAandWGA,66766.03125,483.8592948369385
K10,15,SYTO,55586.42578125,365.18315160003004
K11,0,CONC,2817.7587890625,86.38979854513912
K11,0,HOECHST,1665.849609375,50.27917783369507
K11,0,MITO,38933.71484375,2721.072476458034
K11,0,PHAandWGA,10975.93359375,709.4594044649169
K11,0,SYTO,6821.04150390625,474.0742713153876
K11,1,CONC,3019.143310546875,104.99729167833848
K11,1,HOECHST,1805.6123046875,63.7431648429221
K11,1,MITO,40077.69140625,3035.5910905155365
K11,1,PHAandWGA,12457.861328125,836.0823560506885
K11,1,SYTO,7713.98779296875,562.8356009740683
K11,2,CONC,3254.1767578125,126.5137225586615
K11,2,HOECHST,1948.2169189453125,77.9474453865807
K11,2,MITO,43157.4765625,3455.2842032060826
K11,2,PHAandWGA,13986.486328125,977.028797277046
K11,2,SYTO,8948.5458984375,662.1602129559997
K11,3,CONC,3494.2734375,143.7677066041168
K11,3,HOECHST,2135.001953125,90.8630233551101
K11,3,MITO,45820.015625,3746.425271859847
K11,3,PHAandWGA,15226.806640625,1073.648400430585
K11,3,SYTO,10164.5283203125,734.6557904404168
K11,4,CONC,3657.14892578125,153.38129134795557
K11,4,HOECHST,2256.6376953125,97.53417192877743
K11,4,MITO,48105.7421875,3896.197928213397
K11,4,PHAandWGA,16566.232421875,1125.976509877421
K11,4,SYTO,10958.92578125,771.5320750292472
K11,5,CONC,3809.0263671875,156.42959858395227
K11,5,HOECHST,2313.156005859375,97.66751836512657
K11,5,MITO,49419.2421875,3946.1351117575355
K11,5,PHAandWGA,17278.0703125,1144.411457621117
K11,5,SYTO,11308.841796875,774.1569876404658
K11,6,CONC,3870.94775390625,154.5138270929694
K11,6,HOECHST,2375.89111328125,95.24607095952162
K11,6,MITO,50071.4609375,3927.3087579832663
K11,6,PHAandWGA,17667.33984375,1140.8035409397016
K11,6,SYTO,11154.91015625,753.4391517104666
K11,7,CONC,3934.83203125,151.2486999115386
K11,7,HOECHST,2397.02734375,92.93772934254908
K11,7,MITO,51074.25,3913.1346826347235
K11,7,PHAandWGA,17948.16015625,1127.7368613893013
K11,7,SYTO,10860.484375,730.5534053478173
K11,8,CONC,3952.7978515625,147.57261624410827
K11,8,HOECHST,2403.654296875,90.28663614318312
K11,8,MITO,51828.71875,3882.63532274277
K11,8,PHAandWGA,18233.9921875,1112.4921066297973
K11,8,SYTO,10543.138671875,707.2663143352154
K11,9,CONC,3957.681640625,143.88215771810167
K11,9,HOECHST,2408.05224609375,87.35753420956988
K11,9,MITO,52392.640625,3834.3556940951007
K11,9,PHAandWGA,18243.51171875,1092.8628657317686
K11,9,SYTO,10320.6728515625,684.2599332988442
K11,10,CONC,3969.923095703125,139.2324810476321
K11,10,HOECHST,2414.98388671875,83.77393822291552
K11,10,MITO,51963.09375,3765.814849697796
K11,10,PHAandWGA,18236.822265625,1065.6462605182803
K11,10,SYTO,10162.572265625,659.8537536457052
K11,11,CONC,3990.567138671875,134.10585792158872
K11,11,HOECHST,2412.42333984375,80.57842528147089
K11,11,MITO,52202.8359375,3654.182258663724
K11,11,PHAandWGA,18063.826171875,1030.6367123006362
K11,11,SYTO,9945.55859375,632.132789747693
K11,12,CONC,4025.345703125,129.19690160659388
K11,12,HOECHST,2426.58154296875,77.78020657777695
K11,12,MITO,52895.44921875,3562.3440993196787
K11,12,PHAandWGA,18228.00390625,992.6004265405826
K11,12,SYTO,9902.890625,603.5306089707422
K11,13,CONC,4017.1162109375,124.1110185836993
K11,13,HOECHST,2446.31298828125,74.1159354326987
K11,13,MITO,53640.03125,3417.7860213871695
K11,13,PHAandWGA,18056.5625,952.7023198049834
K11,13,SYTO,9873.78515625,575.102282176726
K11,14,CONC,4087.09375,118.41709014577384
K11,14,HOECHST,2481.0478515625,70.23901725736825
K11,14,MITO,54027.359375,3264.596576742035
K11,14,PHAandWGA,17971.91015625,907.9634171317308
K11,14,SYTO,9925.033203125,543.1170044892707
K11,15,CONC,4137.5078125,112.70650367583012
K11,15,HOECHST,2509.0322265625,66.39166847345885
K11,15,MITO,55004.828125,3108.401043940253
K11,15,PHAandWGA,17733.22265625,857.8622759469467
K11,15,SYTO,9957.791015625,509.2401421397808
K12,0,CONC,6114.3076171875,68.80154742694235
K12,0,HOECHST,5002.5009765625,92.58157902811182
K12,0,MITO,67664.9609375,1207.7356588757484
K12,0,PHAandWGA,30989.62890625,632.0568275929187
K12,0,SYTO,23594.33203125,549.877614927854
K12,1,CONC,6494.05419921875,88.2506676133659
K12,1,HOECHST,5358.2734375,116.85669760307155
K12,1,MITO,70850.7890625,1420.1134159381252
K12,1,PHAandWGA,32448.1796875,746.3104591254233
K12,1,SYTO,25148.48046875,676.9969113026117
K12,2,CONC,6970.10595703125,108.83573721721557
K12,2,HOECHST,5743.2421875,141.4694856724083
K12,2,MITO,73502.0,1621.829305715394
K12,2,PHAandWGA,34061.9765625,867.007544477707
K12,2,SYTO,27099.72265625,801.8537967326325
K12,3,CONC,7366.7587890625,122.35307968628418
K12,3,HOECHST,6101.7275390625,159.39386983257674
K12,3,MITO,76373.625,1733.0093526381884
K12,3,PHAandWGA,36276.7265625,949.8532969915499
K12,3,SYTO,29071.994140625,886.4733847966168
K12,4,CONC,7696.0341796875,128.2700619111528
K12,4,HOECHST,6411.74658203125,170.11213099759436
K12,4,MITO,79536.828125,1790.2979823374585
K12,4,PHAandWGA,37682.37109375,1004.2573520516659
K12,4,SYTO,30794.044921875,928.642646016619
K12,5,CONC,8044.439453125,131.5623257900316
K12,5,HOECHST,6708.02587890625,175.76518190505405
K12,5,MITO,82184.6640625,1828.387403645811
K12,5,PHAandWGA,39358.5546875,1038.9320198463452
K12,5,SYTO,32259.919921875,947.4371329830983
K12,6,CONC,8329.4287109375,132.91380007263552
K12,6,HOECHST,7005.57373046875,178.24068431495567
K12,6,MITO,85560.0,1864.261042311256
K12,6,PHAandWGA,41644.62109375,1063.7037220997925
K12,6,SYTO,33978.828125,954.023268551235
K12,7,CONC,8709.77734375,133.22179368110625
K12,7,HOECHST,7305.453125,178.06734002709436
K12,7,MITO,88539.21875,1867.1596476922227
K12,7,PHAandWGA,42869.9453125,1072.938242613758
K12,7,SYTO,36295.34375,951.2712132011866
K12,8,CONC,8995.6435546875,131.4111934104521
K12,8,HOECHST,7594.42041015625,177.08572816634535
K12,8,MITO,91270.7734375,1860.8502353699066
K12,8,PHAandWGA,45302.0234375,1067.3857814739495
K12,8,SYTO,37823.6796875,933.5259698188238
K12,9,CONC,9278.796875,128.14752183376473
K12,9,HOECHST,7895.93603515625,173.37419629390925
K12,9,MITO,93894.8984375,1832.0878179590916
K12,9,PHAandWGA,46650.7578125,1046.038776826349
K12,9,SYTO,39457.078125,902.8639796874055
K12,10,CONC,9547.044921875,125.00441795823171
K12,10,HOECHST,8108.6923828125,169.3279971239736
K12,10,MITO,95753.671875,1805.4053047481098
K12,10,PHAandWGA,48857.3984375,1023.8978919936791
K12,10,SYTO,41184.3515625,873.6096120826471
K12,11,CONC,9775.763671875,121.1712437445711
K12,11,HOECHST,8399.865234375,164.2601095428117
K12,11,MITO,98612.390625,1764.0103898630662
K12,11,PHAandWGA,50596.77734375,994.1587509070151
K12,11,SYTO,42857.125,839.3335343976347
K12,12,CONC,10062.4501953125,116.36477157434659
K12,12,HOECHST,8607.8125,158.58782647244053
K12,12,MITO,100780.71875,1713.382837925965
K12,12,PHAandWGA,52186.203125,955.9239277510602
K12,12,SYTO,43513.15625,799.4489350167207
K12,13,CONC,10238.4140625,111.56415321062988
K12,13,HOECHST,8852.33203125,151.3334534800021
K12,13,MITO,102697.0546875,1653.9302553688435
K12,13,PHAandWGA,53755.5859375,919.2437431840534
K12,13,SYTO,45834.265625,759.839636715893
K12,14,CONC,10516.0234375,107.07049916740391
K12,14,HOECHST,9051.7001953125,144.824245943186
K12,14,MITO,106061.40625,1606.1463515701496
K12,14,PHAandWGA,54721.18359375,884.2035845562996
K12,14,SYTO,46895.6015625,720.2030019834069
K12,15,CONC,10632.81640625,102.1585910623328
K12,15,HOECHST,9258.240234375,138.38179116654607
K12,15,MITO,107965.0,1552.233579260476
K12,15,PHAandWGA,55924.71484375,847.4505442599898
K12,15,SYTO,47890.14453125,683.4074400577723
K13,0,CONC,2273.635009765625,61.37357770354561
K13,0,HOECHST,2245.05712890625,87.74256073367212
K13,0,MITO,33770.99609375,2458.483642034583
K13,0,PHAandWGA,11022.3798828125,679.312421671169
K13,0,SYTO,5611.5009765625,380.32969014175586
K13,1,CONC,2458.4267578125,82.85359539188826
K13,1,HOECHST,2418.139892578125,115.7414297302524
K13,1,MITO,36064.6953125,3044.0925420998205
K13,1,PHAandWGA,11828.208984375,858.3572268048274
K13,1,SYTO,6298.419921875,487.45488319372845
K13,2,CONC,2780.43603515625,123.52065526351831
K13,2,HOECHST,2817.91943359375,187.17063882578748
K13,2,MITO,40439.6328125,4031.194514103057
K13,2,PHAandWGA,13420.50390625,1171.9239479011533
K13,2,SYTO,8470.6357421875,725.9358143300458
K13,3,CONC,3102.022216796875,156.2706564899611
K13,3,HOECHST,3219.265625,248.87301048666848
K13,3,MITO,44005.51171875,4652.924909678775
K13,3,PHAandWGA,15367.94921875,1423.1411394694142
K13,3,SYTO,10419.69140625,920.081117106735
K13,4,CONC,3334.6171875,174.80158094143627
K13,4,HOECHST,3564.181640625,281.73781700507107
K13,4,MITO,47354.84375,4947.7698030030315
K13,4,PHAandWGA,16770.86328125,1574.5311026145143
K13,4,SYTO,11959.12890625,1019.8939908803827
K13,5,CONC,3548.4658203125,184.77930347442646
K13,5,HOECHST,3757.3583984375,295.1749558922265
K13,5,MITO,49918.046875,5093.6962804370505
K13,5,PHAandWGA,18514.33984375,1673.0982318354727
K13,5,SYTO,13032.283203125,1063.9393347145167
K13,6,CONC,3674.6171875,189.43383354533532
K13,6,HOECHST,3926.81884765625,297.1652821339208
K13,6,MITO,51519.0625,5169.904496334453
K13,6,PHAandWGA,19654.748046875,1737.9641163288677
K13,6,SYTO,14206.345703125,1077.284565428905
K13,7,CONC,3768.69580078125,189.90998161951282
K13,7,HOECHST,3984.045166015625,291.3991778615633
K13,7,MITO,52550.984375,5184.925117766581
K13,7,PHAandWGA,20714.541015625,1755.3805963257882
K13,7,SYTO,14744.7578125,1068.3906651602474
K13,8,CONC,3800.91650390625,187.61790536678052
K13,8,HOECHST,4009.869140625,285.0773784346355
K13,8,MITO,53424.6875,5153.586621889676
K13,8,PHAandWGA,21057.0546875,1731.0741151838795
K13,8,SYTO,14826.966796875,1037.679748428352
K13,9,CONC,3842.94140625,183.33017017125493
K13,9,HOECHST,4008.9130859375,275.12625405088
K13,9,MITO,53331.9296875,5072.9182254399875
K13,9,PHAandWGA,21304.54296875,1698.3704302503672
K13,9,SYTO,14727.453125,1001.3211540299935
K13,10,CONC,3816.258544921875,177.8534158011708
K13,10,HOECHST,4000.019775390625,263.1121127814117
K13,10,MITO,53797.1328125,4986.183887796371
K13,10,PHAandWGA,21207.234375,1665.7003487223806
K13,10,SYTO,14081.67578125,959.6793347503487
K13,11,CONC,3775.45556640625,170.97943817436663
K13,11,HOECHST,3936.5966796875,249.66017032132436
K13,11,MITO,53364.19140625,4847.042138333764
K13,11,PHAandWGA,21170.61328125,1627.5676793292243
K13,11,SYTO,13531.8203125,915.3519197315632
K13,12,CONC,3792.7646484375,163.66510891119535
K13,12,HOECHST,3903.68896484375,234.63114519301348
K13,12,MITO,53442.8359375,4727.978702466922
K13,12,PHAandWGA,20903.67578125,1582.2035062709078
K13,12,SYTO,13042.115234375,870.9976269320388
K13,13,CONC,3737.4462890625,154.67691071884718
K13,13,HOECHST,3859.512939453125,219.41836462904158
K13,13,MITO,53282.2890625,4543.050026775008
K13,13,PHAandWGA,20868.654296875,1514.4519982722345
K13,13,SYTO,12298.732421875,815.4400779337261
K13,14,CONC,3719.043212890625,145.89072275239786
K13,14,HOECHST,3822.239501953125,204.70248149822177
K13,14,MITO,53298.1640625,4360.098309023709
K13,14,PHAandWGA,20525.59765625,1444.016148234172
K13,14,SYTO,11604.138671875,764.7936348454779
K13,15,CONC,3708.113525390625,137.07392220264563
K13,15,HOECHST,3829.208984375,190.36121016606035
K13,15,MITO,53215.3125,4150.028654057358
K13,15,PHAandWGA,19821.0078125,1359.1006562694183
K13,15,SYTO,11225.677734375,712.1244106402578
K14,0,CONC,5363.962890625,101.63266612053569
K14,0,HOECHST,4648.51806640625,130.20278263022823
K14,0,MITO,72190.59375,2485.8820252207834
K14,0,PHAandWGA,28937.533203125,919.1145381946066
K14,0,SYTO,18820.20703125,631.482520384739
K14,1,CONC,5903.611328125,133.9197571993965
K14,1,HOECHST,5111.13818359375,164.97376535540488
K14,1,MITO,76991.75,2966.036605562992
K14,1,PHAandWGA,31034.333984375,1115.934652272401
K14,1,SYTO,21354.78125,800.5639109091018
K14,2,CONC,6412.18212890625,157.46471503045953
K14,2,HOECHST,5653.263671875,207.71516664342812
K14,2,MITO,83425.21875,3317.3533840045566
K14,2,PHAandWGA,33673.53125,1295.1460143709023
K14,2,SYTO,24214.66796875,959.6753147375953
K14,3,CONC,6828.005859375,165.64713201247747
K14,3,HOECHST,6114.14404296875,227.36950522780546
K14,3,MITO,87653.1015625,3435.9628826249336
K14,3,PHAandWGA,35986.46875,1403.2367121619347
K14,3,SYTO,26269.169921875,1035.6161375878635
K14,4,CONC,7187.68212890625,171.32785227517743
K14,4,HOECHST,6485.76513671875,237.66177884135186
K14,4,MITO,91524.9375,3487.276502673068
K14,4,PHAandWGA,38478.3359375,1490.8559257383831
K14,4,SYTO,28747.708984375,1063.7774356636014
K14,5,CONC,7486.99462890625,173.2405867814539
K14,5,HOECHST,6788.68994140625,239.56440720371845
K14,5,MITO,95492.109375,3433.7280936659445
K14,5,PHAandWGA,40995.6328125,1527.6111581601886
K14,5,SYTO,30716.970703125,1052.5082771739033
K14,6,CONC,7731.9150390625,169.98581354351458
K14,6,HOECHST,7050.9658203125,233.8413839545976
K14,6,MITO,98208.296875,3346.6278520208207
K14,6,PHAandWGA,42756.6328125,1501.245718903792
K14,6,SYTO,32435.44921875,1019.2961282017021
K14,7,CONC,7826.375,164.5779042805902
K14,7,HOECHST,7188.75390625,227.8096536720925
K14,7,MITO,99639.734375,3270.1308168867495
K14,7,PHAandWGA,44644.80078125,1457.9140896791257
K14,7,SYTO,33664.84765625,985.0827979412842
K14,8,CONC,7931.0703125,159.76436786672795
K14,8,HOECHST,7358.111328125,223.5882188102665
K14,8,MITO,100856.171875,3200.8695653251075
K14,8,PHAandWGA,44825.9375,1418.6884340465842
K14,8,SYTO,34459.79296875,955.4088605814319
K14,9,CONC,7972.33056640625,155.3079953156587
K14,9,HOECHST,7439.87109375,217.5922834654055
K14,9,MITO,102424.8515625,3162.9488531985044
K14,9,PHAandWGA,45937.3359375,1373.6476019229376
K14,9,SYTO,34739.2578125,921.4165583360156
K14,10,CONC,8010.669921875,149.63203136292853
K14,10,HOECHST,7488.48291015625,210.41954768626516
K14,10,MITO,103902.4453125,3088.3594733584114
K14,10,PHAandWGA,46818.234375,1326.4798858820711
K14,10,SYTO,35883.765625,886.5718849192266
K14,11,CONC,8044.0517578125,143.45722070610364
K14,11,HOECHST,7588.390625,202.7958864934064
K14,11,MITO,103997.2734375,2991.439118914002
K14,11,PHAandWGA,46734.578125,1279.8563321048405
K14,11,SYTO,35813.40234375,851.3921625284419
K14,12,CONC,8086.7001953125,137.73145492797966
K14,12,HOECHST,7683.4873046875,195.54549099626195
K14,12,MITO,104869.9375,2889.1509787491887
K14,12,PHAandWGA,47103.5390625,1239.6749836093968
K14,12,SYTO,35887.92578125,816.8320410606478
K14,13,CONC,8096.1103515625,132.56597718950314
K14,13,HOECHST,7753.8251953125,188.38364534607962
K14,13,MITO,105511.53125,2792.6449788835994
K14,13,PHAandWGA,48069.5234375,1196.1923740079087
K14,13,SYTO,35998.453125,781.1300367891155
K14,14,CONC,8148.63134765625,127.1185811102043
K14,14,HOECHST,7814.4443359375,181.01599404497156
K14,14,MITO,106537.6875,2679.909970207248
K14,14,PHAandWGA,48025.78125,1151.8492843498357
K14,14,SYTO,35971.7109375,746.9948526214488
K14,15,CONC,8182.97412109375,121.72739897401296
K14,15,HOECHST,7862.56494140625,173.09177502756577
K14,15,MITO,107061.703125,2559.483994839327
K14,15,PHAandWGA,48362.87890625,1109.263450142761
K14,15,SYTO,36124.453125,713.588265935686
K15,0,CONC,2097.889404296875,79.60611515172693
K15,0,HOECHST,1373.29736328125,48.04979737274677
K15,0,MITO,27622.7578125,2769.5109775821625
K15,0,PHAandWGA,7884.646484375,678.9293448560018
K15,0,SYTO,3671.799560546875,313.2676268577608
K15,1,CONC,2301.06103515625,115.87594308986162
K15,1,HOECHST,1456.8505859375,65.73402790026803
K15,1,MITO,28738.90625,3519.1073678677826
K15,1,PHAandWGA,8742.0634765625,904.0634802672354
K15,1,SYTO,4130.73046875,421.3978885485731
K15,2,CONC,2777.58447265625,209.4687281011372
K15,2,HOECHST,1760.1519775390625,132.91496538861102
K15,2,MITO,34336.3046875,5272.945427792852
K15,2,PHAandWGA,10479.962890625,1437.2103223306572
K15,2,SYTO,5916.775390625,759.5323650630328
K15,3,CONC,3201.33056640625,267.6979226174772
K15,3,HOECHST,2082.06884765625,194.4553868803341
K15,3,MITO,39028.08984375,6352.300357256485
K15,3,PHAandWGA,12245.1484375,1806.2086951195352
K15,3,SYTO,7907.22265625,1006.7442894958042
K15,4,CONC,3555.4248046875,306.52963654475326
K15,4,HOECHST,2323.532958984375,223.42828611860125
K15,4,MITO,42971.4453125,6909.40750027726
K15,4,PHAandWGA,14076.2978515625,2041.6141891895334
K15,4,SYTO,9416.484375,1113.8828691593058
K15,5,CONC,3718.9462890625,318.2382142679219
K15,5,HOECHST,2425.11767578125,226.9998255781788
K15,5,MITO,44362.32421875,6979.221839724648
K15,5,PHAandWGA,15415.998046875,2133.6771890729347
K15,5,SYTO,10244.75390625,1118.2277846353725
K15,6,CONC,3813.277099609375,307.4031674442935
K15,6,HOECHST,2513.890869140625,222.76008076804865
K15,6,MITO,45014.75,6785.356119651348
K15,6,PHAandWGA,16094.21484375,2082.3953782274502
K15,6,SYTO,10369.345703125,1069.2827446967906
K15,7,CONC,3797.22998046875,294.4627268139462
K15,7,HOECHST,2481.1279296875,206.24981584769722
K15,7,MITO,45054.3125,6601.114581341366
K15,7,PHAandWGA,16281.5986328125,2001.6254280577189
K15,7,SYTO,9753.12109375,1000.0125865419537
K15,8,CONC,3705.197509765625,277.6217157968668
K15,8,HOECHST,2439.6064453125,189.7387803942336
K15,8,MITO,44680.734375,6407.636306219719
K15,8,PHAandWGA,16121.0478515625,1918.5430960056692
K15,8,SYTO,8788.560546875,930.8498673303766
K15,9,CONC,3547.89111328125,256.0714773642497
K15,9,HOECHST,2358.2548828125,171.7237527565332
K15,9,MITO,43730.2578125,6199.430035650546
K15,9,PHAandWGA,15928.99609375,1834.6000732413688
K15,9,SYTO,7875.041015625,859.314852075535
K15,10,CONC,3456.97509765625,234.33904785849393
K15,10,HOECHST,2265.784423828125,152.50997022410712
K15,10,MITO,42229.8125,5934.00090559317
K15,10,PHAandWGA,15181.8984375,1731.979506099583
K15,10,SYTO,7087.6201171875,791.382147102881
K15,11,CONC,3360.84228515625,215.6124643850103
K15,11,HOECHST,2194.40576171875,135.32099531882287
K15,11,MITO,41855.015625,5687.400641158784
K15,11,PHAandWGA,14928.06640625,1633.950162855286
K15,11,SYTO,6651.9755859375,727.3413910941905
K15,12,CONC,3303.79345703125,197.97009071366276
K15,12,HOECHST,2142.38818359375,122.28087353849199
K15,12,MITO,41130.17578125,5419.172027990411
K15,12,PHAandWGA,14487.34375,1528.6183387586948
K15,12,SYTO,6270.19189453125,667.8218476350385
K15,13,CONC,3262.315185546875,179.53435864866387
K15,13,HOECHST,2124.447265625,109.70465082998925
K15,13,MITO,40816.69921875,5058.851625673137
K15,13,PHAandWGA,13832.755859375,1400.4067042030924
K15,13,SYTO,6061.267578125,605.3469181677084
K15,14,CONC,3245.173095703125,163.91826810465164
K15,14,HOECHST,2122.656494140625,99.95726512278176
K15,14,MITO,39551.015625,4632.266063999665
K15,14,PHAandWGA,13476.7509765625,1274.3935147828727
K15,14,SYTO,5926.69873046875,546.8074174330783
K15,15,CONC,3253.04150390625,150.68994929465268
K15,15,HOECHST,2123.731689453125,91.7424923557253
K15,15,MITO,39510.3203125,4220.004331698944
K15,15,PHAandWGA,13092.3876953125,1154.8072058947505
K15,15,SYTO,5901.8759765625,498.22653102818725
K16,0,CONC,1831.4033203125,79.35399971535078
K16,0,HOECHST,1859.537109375,106.80482777550387
K16,0,MITO,26438.376953125,3110.786072160641
K16,0,PHAandWGA,7118.962890625,691.9631297242499
K16,0,SYTO,4002.419677734375,413.50410494949364
K16,1,CONC,2077.56396484375,127.22577893641612
K16,1,HOECHST,2179.00634765625,182.8942242440925
K16,1,MITO,29413.611328125,4189.129768369116
K16,1,PHAandWGA,8554.8525390625,1026.4499849234733
K16,1,SYTO,5481.3740234375,658.1237218192308
K16,2,CONC,2346.923583984375,164.68942310359498
K16,2,HOECHST,2485.486572265625,250.18251639536814
K16,2,MITO,32086.58984375,4860.589343588952
K16,2,PHAandWGA,10195.2421875,1273.6293741454763
K16,2,SYTO,7081.16357421875,851.7475883790684
K16,3,CONC,2555.291015625,187.68785113552119
K16,3,HOECHST,2745.14404296875,288.54686959562616
K16,3,MITO,34416.88671875,5281.098117531375
K16,3,PHAandWGA,11513.345703125,1426.642786408437
K16,3,SYTO,8377.662109375,953.3620035160111
K16,4,CONC,2706.05908203125,197.35158241109036
K16,4,HOECHST,2935.963134765625,305.7289255080434
K16,4,MITO,36370.890625,5484.720658584704
K16,4,PHAandWGA,12486.4365234375,1514.6792949706562
K16,4,SYTO,8936.537109375,987.6776987677607
K16,5,CONC,2769.712890625,199.45971182268866
K16,5,HOECHST,3074.3291015625,312.5055326661061
K16,5,MITO,37131.609375,5604.999618972758
K16,5,PHAandWGA,12974.50390625,1549.7289125345992
K16,5,SYTO,9178.6279296875,987.63157963146
K16,6,CONC,2802.899658203125,196.98588654746115
K16,6,HOECHST,3071.58935546875,301.91632074950763
K16,6,MITO,38024.67578125,5666.945132390258
K16,6,PHAandWGA,13673.62109375,1542.4142208993967
K16,6,SYTO,9027.17578125,960.3169718706195
K16,7,CONC,2793.590576171875,190.90611651712354
K16,7,HOECHST,3030.1796875,287.04575456875295
K16,7,MITO,38656.85546875,5624.7542867532575
K16,7,PHAandWGA,13744.1259765625,1506.8779442124887
K16,7,SYTO,8448.2431640625,914.287934122819
K16,8,CONC,2782.52294921875,184.19139063459176
K16,8,HOECHST,3008.53564453125,274.26978872082844
K16,8,MITO,38965.14453125,5574.9479727605085
K16,8,PHAandWGA,13441.607421875,1458.9082652040365
K16,8,SYTO,8053.1318359375,873.7086654708088
K16,9,CONC,2747.3857421875,175.68445853567627
K16,9,HOECHST,2972.923095703125,259.5325719684914
K16,9,MITO,38595.390625,5462.635092679777
K16,9,PHAandWGA,13485.287109375,1410.7624161245226
K16,9,SYTO,7562.119140625,826.8674400753192
K16,10,CONC,2744.263671875,165.9822897607416
K16,10,HOECHST,2913.22412109375,241.4619354792695
K16,10,MITO,38597.7578125,5319.217756116482
K16,10,PHAandWGA,13057.232421875,1321.7921428453624
K16,10,SYTO,7092.9501953125,770.3445739231048
K16,11,CONC,2715.956787109375,156.5649134515715
K16,11,HOECHST,2890.28173828125,225.77634406253222
K16,11,MITO,38263.4921875,5094.2126736825685
K16,11,PHAandWGA,12608.984375,1218.4899010126812
K16,11,SYTO,6774.1630859375,718.2979485665879
K16,12,CONC,2690.13037109375,146.5270120054651
K16,12,HOECHST,2858.5263671875,209.84258587519815
K16,12,MITO,37909.08984375,4857.170419640184
K16,12,PHAandWGA,12170.7255859375,1131.6937247793103
K16,12,SYTO,6472.93017578125,664.1749058243743
K16,13,CONC,2696.3857421875,136.70442632267427
K16,13,HOECHST,2856.1962890625,193.73088566488062
K16,13,MITO,37787.7109375,4563.502226272813
K16,13,PHAandWGA,11692.560546875,1042.6179558346228
K16,13,SYTO,6287.68603515625,610.5932576887853
K16,14,CONC,2693.16845703125,126.72878600618755
K16,14,HOECHST,2863.07763671875,177.47917037855026
K16,14,MITO,37332.015625,4215.921831728647
K16,14,PHAandWGA,11513.974609375,956.3782676009436
K16,14,SYTO,6143.8388671875,556.6497951595479
K16,15,CONC,2716.5615234375,116.23052490604307
K16,15,HOECHST,2896.178466796875,161.03458273484998
K16,15,MITO,37211.00390625,3809.8771898802156
K16,15,PHAandWGA,11040.025390625,858.0540333771629
K16,15,SYTO,6100.1123046875,499.84981794698757
K18,0,CONC,1959.212890625,117.73244922737072
K18,0,HOECHST,1840.5911865234375,132.27409667673192
K18,0,MITO,28948.265625,4575.420514921486
K18,0,PHAandWGA,7762.05615234375,947.473379008051
K18,0,SYTO,4480.63134765625,544.4687405660759
K18,1,CONC,2419.92822265625,207.93950867756033
K18,1,HOECHST,2424.75390625,299.3518153002171
K18,1,MITO,33660.78515625,6386.42949990473
K18,1,PHAandWGA,9762.798828125,1433.4109672486018
K18,1,SYTO,6757.4794921875,974.8230773693645
K18,2,CONC,2718.644775390625,250.22793889224567
K18,2,HOECHST,2864.56591796875,375.06171946338065
K18,2,MITO,37934.71875,7245.219419961527
K18,2,PHAandWGA,11397.091796875,1687.344680804981
K18,2,SYTO,8257.318359375,1163.6674230999267
K18,3,CONC,2926.20361328125,269.32515061980024
K18,3,HOECHST,3220.5908203125,414.0599840121354
K18,3,MITO,39843.3828125,7438.7850275935025
K18,3,PHAandWGA,12674.15625,1800.3486174857435
K18,3,SYTO,9464.46875,1226.6727732978795
K18,4,CONC,3035.14794921875,268.74523037234303
K18,4,HOECHST,3360.478515625,407.62208161973217
K18,4,MITO,41400.21875,7403.496369904712
K18,4,PHAandWGA,13853.126953125,1853.2756007405887
K18,4,SYTO,10330.61328125,1216.655307660756
K18,5,CONC,3116.163818359375,263.1816342197692
K18,5,HOECHST,3430.015380859375,401.86648162174
K18,5,MITO,42169.8515625,7289.353409877149
K18,5,PHAandWGA,14418.865234375,1813.2831470569347
K18,5,SYTO,10714.8994140625,1188.7602079651574
K18,6,CONC,3085.31396484375,254.32900352379667
K18,6,HOECHST,3308.21826171875,363.29749156249886
K18,6,MITO,42860.4609375,7204.915826353054
K18,6,PHAandWGA,15031.015625,2051.753930109481
K18,6,SYTO,10579.177734375,1149.5151146888013
K18,7,CONC,3029.0400390625,241.0730907728703
K18,7,HOECHST,3174.1748046875,327.8979879040942
K18,7,MITO,43682.12109375,7174.256307025575
K18,7,PHAandWGA,15156.404296875,2208.1220131616997
K18,7,SYTO,9915.8359375,1092.063941917149
K18,8,CONC,2950.68994140625,224.4484863971115
K18,8,HOECHST,3038.924072265625,303.4656413350773
K18,8,MITO,43147.85546875,7104.433839789188
K18,8,PHAandWGA,14309.408203125,1745.9396244268537
K18,8,SYTO,9012.0703125,985.7509129470523
K18,9,CONC,2827.33642578125,206.17257924755307
K18,9,HOECHST,2892.518798828125,269.8511977388334
K18,9,MITO,42132.65625,6788.160090512646
K18,9,PHAandWGA,13295.166015625,1524.151217312166
K18,9,SYTO,8040.9873046875,893.0172660188723
K18,10,CONC,2732.818603515625,189.19264427819115
K18,10,HOECHST,2757.4375,239.70975645486993
K18,10,MITO,40478.49609375,6397.501654323819
K18,10,PHAandWGA,12752.6328125,1441.0752149710536
K18,10,SYTO,7225.265625,813.364589210808
K18,11,CONC,2659.59716796875,172.1852372735235
K18,11,HOECHST,2665.2705078125,211.88469655410898
K18,11,MITO,38634.71484375,5906.852336399704
K18,11,PHAandWGA,12060.1796875,1384.932112286737
K18,11,SYTO,6555.47021484375,738.2258615684616
K18,12,CONC,2595.45263671875,153.44046210964416
K18,12,HOECHST,2590.2880859375,185.87475746470938
K18,12,MITO,36809.09375,5349.46719340386
K18,12,PHAandWGA,11180.984375,1175.2817590787888
K18,12,SYTO,6030.1953125,643.4612173080113
K18,13,CONC,2540.0908203125,134.35807382602417
K18,13,HOECHST,2573.765380859375,161.18641400960865
K18,13,MITO,35460.95703125,4717.814847117503
K18,13,PHAandWGA,10499.5,987.5237879246033
K18,13,SYTO,5589.8740234375,553.9650158120573
K18,14,CONC,2511.65576171875,116.83670257189786
K18,14,HOECHST,2537.738525390625,141.02089690603157
K18,14,MITO,34405.0390625,3966.857863460509
K18,14,PHAandWGA,9943.986328125,823.1224101422611
K18,14,SYTO,5390.86865234375,474.3609892048044
K18,15,CONC,2524.59375,103.67569004993032
K18,15,HOECHST,2570.47900390625,126.97676388026869
K18,15,MITO,33601.4921875,3299.8426482056643
K18,15,PHAandWGA,9661.115234375,695.5810539369568
K18,15,SYTO,5381.49072265625,413.8275421318725
K20,0,CONC,4631.28662109375,77.13079405259204
K20,0,HOECHST,4278.609375,112.15137209822603
K20,0,MITO,67191.1953125,2211.431217721996
K20,0,PHAandWGA,27297.203125,878.8466584521527
K20,0,SYTO,17913.125,587.2664114146149
K20,1,CONC,5198.8828125,118.88149225704008
K20,1,HOECHST,4774.9931640625,169.31193177317033
K20,1,MITO,73638.46875,2968.3584543010465
K20,1,PHAandWGA,29529.73046875,1176.7916238271318
K20,1,SYTO,20388.826171875,861.0640233338315
K20,2,CONC,5775.451171875,154.93305157731575
K20,2,HOECHST,5366.8828125,227.292215382824
K20,2,MITO,79763.1875,3530.8689235156417
K20,2,PHAandWGA,31946.646484375,1424.1970242347356
K20,2,SYTO,22947.25,1087.0441697239323
K20,3,CONC,6177.59326171875,170.3282250562312
K20,3,HOECHST,5837.193359375,258.46899657888287
K20,3,MITO,83673.6875,3749.686624766954
K20,3,PHAandWGA,34059.4921875,1552.925338983006
K20,3,SYTO,25165.23046875,1187.5559574328456
K20,4,CONC,6500.52099609375,175.53378402616102
K20,4,HOECHST,6243.8134765625,269.08421433008056
K20,4,MITO,87333.046875,3816.6106316471814
K20,4,PHAandWGA,35993.65234375,1608.1200430951405
K20,4,SYTO,27217.28515625,1210.7211132469984
K20,5,CONC,6798.9833984375,177.6272927832726
K20,5,HOECHST,6516.1650390625,266.5681929838702
K20,5,MITO,90503.3125,3810.3846243328258
K20,5,PHAandWGA,38697.95703125,1656.052488627272
K20,5,SYTO,28871.86328125,1212.6403001011731
K20,6,CONC,7032.7890625,175.9808103510398
K20,6,HOECHST,6787.84765625,262.2490877909171
K20,6,MITO,94096.859375,3761.496165530294
K20,6,PHAandWGA,40587.625,1675.456694411953
K20,6,SYTO,30888.05078125,1182.9379573613148
K20,7,CONC,7297.177734375,171.57806911030033
K20,7,HOECHST,7052.19873046875,256.33191180555826
K20,7,MITO,97558.3359375,3671.7087816815606
K20,7,PHAandWGA,43072.8125,1647.5427336735338
K20,7,SYTO,32093.154296875,1136.9764521235377
K20,8,CONC,7487.8779296875,166.95898175192548
K20,8,HOECHST,7294.76953125,248.61660317958928
K20,8,MITO,99562.59375,3575.752102722267
K20,8,PHAandWGA,44475.3125,1606.3977297138338
K20,8,SYTO,33970.5625,1082.5256569590078
K20,9,CONC,7631.0791015625,161.4380889101276
K20,9,HOECHST,7474.35546875,241.37850225737785
K20,9,MITO,101860.8203125,3464.1331465807893
K20,9,PHAandWGA,46266.484375,1554.6843184560068
K20,9,SYTO,34791.234375,1036.2381815240592
K20,10,CONC,7643.7958984375,154.67801696712797
K20,10,HOECHST,7571.7216796875,232.25336118836904
K20,10,MITO,102982.0,3408.2904278213405
K20,10,PHAandWGA,46618.02734375,1494.2656094721242
K20,10,SYTO,35730.375,989.1448765300272
K20,11,CONC,7645.22265625,148.7846638647156
K20,11,HOECHST,7526.6728515625,221.74622915265172
K20,11,MITO,103890.84375,3335.457825677748
K20,11,PHAandWGA,47693.5234375,1447.6405353470668
K20,11,SYTO,36642.48828125,946.6184636359372
K20,12,CONC,7635.3935546875,143.9154295842828
K20,12,HOECHST,7558.279296875,210.82567828066885
K20,12,MITO,104313.390625,3244.9563189828978
K20,12,PHAandWGA,48270.5390625,1410.0513644539292
K20,12,SYTO,36274.96875,907.9962340152618
K20,13,CONC,7649.673828125,137.6652624825545
K20,13,HOECHST,7621.0029296875,202.5276612187547
K20,13,MITO,105162.90625,3162.7415206031455
K20,13,PHAandWGA,47608.796875,1360.7879653802534
K20,13,SYTO,36693.63671875,867.8446526001617
K20,14,CONC,7729.5546875,130.94173172802064
K20,14,HOECHST,7745.54833984375,194.38008069567434
K20,14,MITO,106246.734375,3037.16437997522
K20,14,PHAandWGA,48757.37890625,1305.5350550318174
K20,14,SYTO,37015.3203125,819.3123835125039
K20,15,CONC,7742.3505859375,124.75990280656501
K20,15,HOECHST,7812.07470703125,184.4215243241166
K20,15,MITO,107264.109375,2920.477529414601
K20,15,PHAandWGA,48691.9453125,1255.0133752800143
K20,15,SYTO,37413.6640625,779.2107540017769
K21,0,CONC,2263.1552734375,118.40459550244634
K21,0,HOECHST,2225.923095703125,147.2444970813446
K21,0,MITO,32402.8984375,4046.4300733757036
K21,0,PHAandWGA,9376.3271484375,990.4144827979616
K21,0,SYTO,5465.51025390625,559.4039722490777
K21,1,CONC,2558.677734375,165.02610293514778
K21,1,HOECHST,2600.64697265625,227.98653054506948
K21,1,MITO,35581.55078125,4927.7478548541
K21,1,PHAandWGA,10825.7861328125,1280.3845900127499
K21,1,SYTO,7141.435546875,788.6117910035922
K21,2,CONC,2741.55029296875,186.4444739187714
K21,2,HOECHST,2893.681640625,276.9058022656524
K21,2,MITO,37730.12890625,5362.96920445634
K21,2,PHAandWGA,11853.12109375,1420.6367930872498
K21,2,SYTO,8334.4814453125,904.6254123036165
K21,3,CONC,2932.9150390625,199.8047161073949
K21,3,HOECHST,3117.986083984375,300.2489988926608
K21,3,MITO,39777.52734375,5545.39935176646
K21,3,PHAandWGA,13163.7783203125,1518.6328253372901
K21,3,SYTO,9362.71484375,958.5952105465975
K21,4,CONC,3033.5234375,205.9509672595892
K21,4,HOECHST,3285.5732421875,310.53157608630374
K21,4,MITO,41207.05078125,5643.574955607505
K21,4,PHAandWGA,13989.2978515625,1552.591844018142
K21,4,SYTO,9950.28515625,972.8166779080469
K21,5,CONC,3143.358642578125,209.11355149384602
K21,5,HOECHST,3431.92578125,313.1769470531514
K21,5,MITO,42166.7578125,5658.213129454247
K21,5,PHAandWGA,14687.3203125,1572.3639330263818
K21,5,SYTO,10255.888671875,971.346746140566
K21,6,CONC,3197.4921875,210.39092275509273
K21,6,HOECHST,3499.68994140625,311.83153823407264
K21,6,MITO,43310.8984375,5673.310931726005
K21,6,PHAandWGA,15526.9912109375,1598.124357994618
K21,6,SYTO,10209.2578125,959.5317190752852
K21,7,CONC,3245.360107421875,209.15417884344882
K21,7,HOECHST,3484.40576171875,303.20247716338554
K21,7,MITO,43947.19921875,5624.129433588893
K21,7,PHAandWGA,15734.0380859375,1618.356244113983
K21,7,SYTO,10084.337890625,940.6635748478195
K21,8,CONC,3237.193359375,203.57824888336276
K21,8,HOECHST,3481.3896484375,291.1380981721563
K21,8,MITO,43957.1015625,5526.635279794789
K21,8,PHAandWGA,15598.0439453125,1603.2085360111923
K21,8,SYTO,9783.9111328125,910.8268216729116
K21,9,CONC,3246.43603515625,196.4128198241256
K21,9,HOECHST,3421.98876953125,276.6751051810476
K21,9,MITO,43869.84375,5407.84728828811
K21,9,PHAandWGA,15803.814453125,1591.1144352757397
K21,9,SYTO,9314.201171875,875.4951341034101
K21,10,CONC,3207.63427734375,188.13287182545756
K21,10,HOECHST,3399.28369140625,260.2467921547512
K21,10,MITO,43525.0078125,5267.21215554849
K21,10,PHAandWGA,15499.4296875,1596.4817608010178
K21,10,SYTO,8923.1455078125,837.7220417225928
K21,11,CONC,3170.15283203125,178.28397619113971
K21,11,HOECHST,3329.775146484375,244.17146768695704
K21,11,MITO,43792.53125,5055.9815878080335
K21,11,PHAandWGA,14992.2890625,1525.1349604770758
K21,11,SYTO,8560.3984375,793.927808210437
K21,12,CONC,3151.05859375,168.34930501818803
K21,12,HOECHST,3315.810546875,229.35065781078086
K21,12,MITO,43243.8828125,4832.3654803424515
K21,12,PHAandWGA,14465.9921875,1397.0852548297103
K21,12,SYTO,8075.6220703125,735.8055189225928
K21,13,CONC,3124.29296875,157.56164017278863
K21,13,HOECHST,3298.0361328125,212.57610857136117
K21,13,MITO,43536.3828125,4568.808779304209
K21,13,PHAandWGA,14035.15234375,1263.7264246744567
K21,13,SYTO,7781.0634765625,678.9616546783858
K21,14,CONC,3133.476318359375,146.7852081184702
K21,14,HOECHST,3290.786376953125,196.13236263590073
K21,14,MITO,43076.9296875,4267.13280596674
K21,14,PHAandWGA,13806.248046875,1157.5883110539064
K21,14,SYTO,7521.6796875,622.3902436826916
K21,15,CONC,3132.21435546875,136.18489791436625
K21,15,HOECHST,3304.396484375,179.86158379835067
K21,15,MITO,42923.84375,3937.440570066306
K21,15,PHAandWGA,13612.0546875,1065.3644390887061
K21,15,SYTO,7397.48291015625,570.4679859236493
K22,0,CONC,1561.06005859375,54.252537008750494
K22,0,HOECHST,1404.95751953125,52.64399230313851
K22,0,MITO,26465.66796875,2855.638978734235
K22,0,PHAandWGA,5884.6845703125,507.27034795887124
K22,0,SYTO,3493.658203125,299.7736877660093
K22,1,CONC,1719.955322265625,78.32551372403037
K22,1,HOECHST,1555.649169921875,79.21427915826429
K22,1,MITO,28706.25390625,3591.080552679509
K22,1,PHAandWGA,7323.935546875,704.2578601302785
K22,1,SYTO,3981.85888671875,417.9207710309392
K22,2,CONC,1947.1116943359375,110.87290738344483
K22,2,HOECHST,1774.3876953125,120.94558438819654
K22,2,MITO,31597.65625,4493.989937502415
K22,2,PHAandWGA,8644.3046875,950.2059025816853
K22,2,SYTO,4843.708984375,584.881914311883
K22,3,CONC,2127.54345703125,135.27275587124905
K22,3,HOECHST,1969.317626953125,153.30328185322875
K22,3,MITO,34121.38671875,5069.2008156033735
K22,3,PHAandWGA,9758.759765625,1133.383135794573
K22,3,SYTO,5916.36328125,711.2439449188956
K22,4,CONC,2266.927734375,147.8633539335317
K22,4,HOECHST,2098.00390625,169.04684169813376
K22,4,MITO,35612.04296875,5355.902347563375
K22,4,PHAandWGA,10612.2958984375,1235.8227845880701
K22,4,SYTO,6380.1201171875,768.1951966926123
K22,5,CONC,2358.1376953125,154.21514162134204
K22,5,HOECHST,2175.71826171875,171.57979102239062
K22,5,MITO,37146.55078125,5479.563246180359
K22,5,PHAandWGA,11241.728515625,1280.1635637990325
K22,5,SYTO,6584.9599609375,781.8665156574218
K22,6,CONC,2435.67919921875,153.2782263057231
K22,6,HOECHST,2248.16650390625,171.5914379843811
K22,6,MITO,38283.27734375,5478.893582796055
K22,6,PHAandWGA,11765.724609375,1277.1814663921734
K22,6,SYTO,6667.40625,763.5793316556626
K22,7,CONC,2468.5673828125,147.60837752170596
K22,7,HOECHST,2288.0224609375,164.39820313652112
K22,7,MITO,38867.11328125,5369.929972080866
K22,7,PHAandWGA,12094.5,1248.0067721091086
K22,7,SYTO,6455.6064453125,729.8331611779892
K22,8,CONC,2493.270751953125,141.60673003546685
K22,8,HOECHST,2305.7041015625,154.6746105520645
K22,8,MITO,39759.0703125,5269.287510523626
K22,8,PHAandWGA,12172.232421875,1208.3375373493795
K22,8,SYTO,6235.45654296875,694.1253533673647
K22,9,CONC,2462.48193359375,133.9681899086535
K22,9,HOECHST,2249.41748046875,139.74000047886173
K22,9,MITO,39013.62109375,5123.746858868959
K22,9,PHAandWGA,11900.3505859375,1162.4853198455767
K22,9,SYTO,5983.58251953125,649.2110029742453
K22,10,CONC,2420.489013671875,126.48805341821145
K22,10,HOECHST,2209.18505859375,129.74126324178104
K22,10,MITO,38667.0859375,4981.994277992177
K22,10,PHAandWGA,11633.60546875,1109.4142294883625
K22,10,SYTO,5805.212890625,615.0302015829178
K22,11,CONC,2404.8701171875,120.10810276256129
K22,11,HOECHST,2187.7109375,121.79013239307098
K22,11,MITO,38392.8984375,4837.194083467924
K22,11,PHAandWGA,11578.15625,1057.0423850400541
K22,11,SYTO,5649.5908203125,582.9961076536523
K22,12,CONC,2378.88427734375,114.47685892214389
K22,12,HOECHST,2175.59716796875,114.65944844066745
K22,12,MITO,38466.6015625,4668.040726013096
K22,12,PHAandWGA,11091.3515625,1003.935901126131
K22,12,SYTO,5635.18310546875,551.540795377018
K22,13,CONC,2372.87939453125,108.22322994611761
K22,13,HOECHST,2166.967529296875,107.6882417748088
K22,13,MITO,38144.53515625,4456.284557069029
K22,13,PHAandWGA,10857.2568359375,943.8519941551906
K22,13,SYTO,5554.7080078125,516.153070824136
K22,14,CONC,2362.2919921875,101.67203585788849
K22,14,HOECHST,2166.92578125,100.23170884514413
K22,14,MITO,38290.75,4195.937756654826
K22,14,PHAandWGA,10673.3251953125,875.3085573427936
K22,14,SYTO,5495.34716796875,481.0649177357814
K22,15,CONC,2376.683349609375,95.1472518541013
K22,15,HOECHST,2168.32666015625,92.82322656002304
K22,15,MITO,38151.6171875,3908.4573817502433
K22,15,PHAandWGA,10431.2548828125,804.3583019920615
K22,15,SYTO,5467.9931640625,442.3139676421685
K23,0,CONC,5160.89990234375,75.14811774744253
K23,0,HOECHST,4617.91796875,107.63809343881196
K23,0,MITO,69058.921875,1825.608373357079
K23,0,PHAandWGA,27414.71484375,726.0840350144658
K23,0,SYTO,17634.9921875,490.0894959869388
K23,1,CONC,5577.26318359375,97.26022063987867
K23,1,HOECHST,4890.0517578125,131.96816635091312
K23,1,MITO,71720.328125,2217.8646901941165
K23,1,PHAandWGA,28664.697265625,860.8939318452154
K23,1,SYTO,19354.5234375,609.9474543661258
K23,2,CONC,6215.16015625,143.26549082672759
K23,2,HOECHST,5522.66650390625,195.93387374322504
K23,2,MITO,78535.515625,2948.06419877135
K23,2,PHAandWGA,31592.763671875,1130.9517772731874
K23,2,SYTO,21817.4453125,863.1663639954161
K23,3,CONC,6944.16796875,181.48696542432063
K23,3,HOECHST,6176.0029296875,251.66046397829575
K23,3,MITO,86492.3359375,3472.1660145085757
K23,3,PHAandWGA,34897.00390625,1383.5330139188063
K23,3,SYTO,24840.685546875,1072.8219211458465
K23,4,CONC,7566.23193359375,201.36550735157823
K23,4,HOECHST,6853.81201171875,293.3057531924413
K23,4,MITO,92542.609375,3710.575602465302
K23,4,PHAandWGA,37031.0,1528.1114934394295
K23,4,SYTO,27599.45703125,1188.8539874835164
K23,5,CONC,7947.6572265625,206.6940088559083
K23,5,HOECHST,7255.1416015625,295.4385111552145
K23,5,MITO,95518.5859375,3809.7124348044426
K23,5,PHAandWGA,39716.83984375,1614.7015395730682
K23,5,SYTO,29967.28125,1222.4493155740447
K23,6,CONC,8297.68359375,207.08442979001748
K23,6,HOECHST,7529.2900390625,290.96363725640583
K23,6,MITO,98752.921875,3798.3425206191873
K23,6,PHAandWGA,41671.90625,1639.7240729137884
K23,6,SYTO,31272.400390625,1214.0727930493404
K23,7,CONC,8461.203125,202.9303055773417
K23,7,HOECHST,7773.25390625,285.1945991239922
K23,7,MITO,102402.171875,3747.3341095785345
K23,7,PHAandWGA,43852.703125,1616.444266576768
K23,7,SYTO,32847.3984375,1176.5000142949316
K23,8,CONC,8632.33984375,196.91570359017157
K23,8,HOECHST,7980.17431640625,275.5852702803799
K23,8,MITO,104066.828125,3661.5291361464997
K23,8,PHAandWGA,44702.58984375,1587.0075490387442
K23,8,SYTO,34441.0703125,1131.6603101760675
K23,9,CONC,8769.95703125,190.6717069499612
K23,9,HOECHST,8229.7861328125,271.76610428033075
K23,9,MITO,106011.4765625,3599.0229870033672
K23,9,PHAandWGA,46571.046875,1550.187840991522
K23,9,SYTO,35784.8671875,1104.2987264245985
K23,10,CONC,8814.13671875,184.47799201739855
K23,10,HOECHST,8366.56640625,265.40246048551484
K23,10,MITO,108217.7421875,3516.8122891131857
K23,10,PHAandWGA,47286.60546875,1515.9095911954114
K23,10,SYTO,36568.6171875,1064.0487669544352
K23,11,CONC,8952.3671875,178.5868193295335
K23,11,HOECHST,8475.9599609375,255.31488589303956
K23,11,MITO,109646.671875,3444.0213330119595
K23,11,PHAandWGA,48270.140625,1477.2279574164625
K23,11,SYTO,37209.03515625,1023.4284081020185
K23,12,CONC,9060.5283203125,172.7847834524849
K23,12,HOECHST,8594.4013671875,246.9749555008013
K23,12,MITO,110586.125,3352.0473534986922
K23,12,PHAandWGA,49127.81640625,1429.7119694662501
K23,12,SYTO,37829.89453125,979.8322882941588
K23,13,CONC,9090.048828125,167.2910108962393
K23,13,HOECHST,8693.84765625,237.35645957945462
K23,13,MITO,111158.921875,3255.351104811896
K23,13,PHAandWGA,49732.62890625,1393.9443517784764
K23,13,SYTO,37818.953125,936.5237719120707
K23,14,CONC,9126.6953125,161.59712711116694
K23,14,HOECHST,8677.13671875,225.8966186541625
K23,14,MITO,112714.265625,3171.004593182102
K23,14,PHAandWGA,49749.125,1353.424442924792
K23,14,SYTO,37952.9296875,896.4828246332194
K23,15,CONC,9177.982421875,154.67366532219827
K23,15,HOECHST,8778.8125,216.55661009013608
K23,15,MITO,114264.21875,3070.2060473298657
K23,15,PHAandWGA,50819.859375,1298.2785192291472
K23,15,SYTO,38467.2265625,855.092820853488
L02,0,CONC,2083.677978515625,123.9887148449692
L02,0,HOECHST,1520.7657470703125,81.72629995047632
L02,0,MITO,29112.3671875,4254.1205654540245
L02,0,PHAandWGA,7533.7529296875,832.2119509272541
L02,0,SYTO,4301.607421875,513.2465935994746
L02,1,CONC,2307.47607421875,159.82221471729486
L02,1,HOECHST,1694.764892578125,113.9827483677043
L02,1,MITO,30856.87109375,4885.857149534894
L02,1,PHAandWGA,8536.6923828125,1014.563396049941
L02,1,SYTO,5250.8701171875,657.9443480797617
L02,2,CONC,2483.529541015625,183.13356662761754
L02,2,HOECHST,1861.173583984375,139.07539309829835
L02,2,MITO,32554.419921875,5218.80802179888
L02,2,PHAandWGA,9503.927734375,1124.8335785713928
L02,2,SYTO,6067.2216796875,753.9939392551695
L02,3,CONC,2594.975341796875,194.73243538017257
L02,3,HOECHST,1976.740966796875,151.3988972958997
L02,3,MITO,34147.8515625,5408.216097940125
L02,3,PHAandWGA,10445.4267578125,1168.496408091778
L02,3,SYTO,6394.2978515625,790.3325965654695
L02,4,CONC,2688.10693359375,199.4990544520123
L02,4,HOECHST,2024.951171875,153.89072027153767
L02,4,MITO,34932.8515625,5485.314541158871
L02,4,PHAandWGA,11082.6748046875,1180.4192299713238
L02,4,SYTO,6346.181640625,789.1709291855204
L02,5,CONC,2736.367431640625,199.7511359477364
L02,5,HOECHST,2067.3466796875,151.7518459724635
L02,5,MITO,35782.7265625,5517.862450806747
L02,5,PHAandWGA,11439.287109375,1165.4471018583417
L02,5,SYTO,6247.58203125,774.8545814233852
L02,6,CONC,2754.688720703125,196.77465431968523
L02,6,HOECHST,2058.95849609375,145.9712145109791
L02,6,MITO,36174.21875,5478.615848184845
L02,6,PHAandWGA,11409.52734375,1144.9928155353402
L02,6,SYTO,6096.16650390625,752.2633987251385
L02,7,CONC,2755.5166015625,190.94036932035806
L02,7,HOECHST,2052.577392578125,139.7736893877679
L02,7,MITO,35924.0859375,5370.151284666592
L02,7,PHAandWGA,11408.0283203125,1109.4402012137073
L02,7,SYTO,5927.0693359375,723.1644585890358
L02,8,CONC,2742.84130859375,184.320045767297
L02,8,HOECHST,2028.808349609375,132.94226780331638
L02,8,MITO,36060.84765625,5317.34548105069
L02,8,PHAandWGA,11105.7255859375,1075.0702029142021
L02,8,SYTO,5765.357421875,693.2894165110154
L02,9,CONC,2716.67919921875,176.70786579096918
L02,9,HOECHST,2011.330322265625,125.8265380531089
L02,9,MITO,35995.39453125,5175.710653651708
L02,9,PHAandWGA,10951.8955078125,1028.199739835104
L02,9,SYTO,5649.93798828125,659.3524193604757
L02,10,CONC,2704.25537109375,168.37689301580613
L02,10,HOECHST,1997.5721435546875,118.40881653031973
L02,10,MITO,35435.54296875,5005.43174896446
L02,10,PHAandWGA,10542.279296875,983.6773591026182
L02,10,SYTO,5529.4951171875,622.0247486436525
L02,11,CONC,2710.3310546875,159.88193717041415
L02,11,HOECHST,1984.2244873046875,111.00841191285203
L02,11,MITO,35337.46875,4811.060298728871
L02,11,PHAandWGA,10316.7236328125,931.8092810408666
L02,11,SYTO,5486.45947265625,587.189726667849
L02,12,CONC,2697.976318359375,151.2822092671619
L02,12,HOECHST,1976.7763671875,103.87793420215456
L02,12,MITO,34925.640625,4581.956345977093
L02,12,PHAandWGA,9983.046875,877.3803784135995
L02,12,SYTO,5409.15771484375,548.2033547884356
L02,13,CONC,2708.750732421875,142.5152527521825
L02,13,HOECHST,2002.1307373046875,97.26645541351786
L02,13,MITO,34670.41796875,4333.406800643729
L02,13,PHAandWGA,9749.529296875,815.8485989396374
L02,13,SYTO,5383.7509765625,509.71827427472897
L02,14,CONC,2696.15087890625,134.75140180364528
L02,14,HOECHST,2000.2586669921875,91.17293345639729
L02,14,MITO,34991.14453125,4056.127298986206
L02,14,PHAandWGA,9394.171875,756.4081859827493
L02,14,SYTO,5343.11767578125,474.56481635652784
L02,15,CONC,2724.34130859375,127.30050783631397
L02,15,HOECHST,2023.99560546875,85.48731287942927
L02,15,MITO,34712.27734375,3761.260220967727
L02,15,PHAandWGA,9155.884765625,697.1145106468579
L02,15,SYTO,5302.6318359375,440.8753422680712
L03,0,CONC,4340.0009765625,69.07735877103903
L03,0,HOECHST,3480.56982421875,81.3894567416038
L03,0,MITO,60714.37890625,1906.759783503506
L03,0,PHAandWGA,22284.0078125,696.313650608378
L03,0,SYTO,14314.87109375,485.46265949692327
L03,1,CONC,4773.359375,99.82740897916024
L03,1,HOECHST,3767.564453125,109.00880103860884
L03,1,MITO,64368.63671875,2522.6610385683343
L03,1,PHAandWGA,23669.984375,891.9578940201199
L03,1,SYTO,16463.02734375,658.3525727585395
L03,2,CONC,5443.78076171875,156.55150635782752
L03,2,HOECHST,4339.73388671875,176.04379346109783
L03,2,MITO,72156.53125,3400.948716810336
L03,2,PHAandWGA,26395.771484375,1194.284747717067
L03,2,SYTO,19170.51953125,959.0249138076873
L03,3,CONC,6069.1201171875,190.96609083169514
L03,3,HOECHST,4799.39990234375,211.55880740664392
L03,3,MITO,78467.359375,3785.4655017645377
L03,3,PHAandWGA,29267.6796875,1415.0908489255596
L03,3,SYTO,22310.02734375,1155.2781428991645
L03,4,CONC,6667.404296875,206.5352930990433
L03,4,HOECHST,5324.33984375,232.12908193928826
L03,4,MITO,84824.328125,3957.9341744531375
L03,4,PHAandWGA,32180.880859375,1525.4983981503042
L03,4,SYTO,25478.84375,1244.4247105443042
L03,5,CONC,7060.2041015625,205.78971504707266
L03,5,HOECHST,5780.3203125,245.1200411845316
L03,5,MITO,88821.25,3914.3420765641754
L03,5,PHAandWGA,34452.33984375,1533.0889278859613
L03,5,SYTO,28102.375,1250.0411631532734
L03,6,CONC,7265.955078125,199.47551261782328
L03,6,HOECHST,6048.0390625,239.5486228218105
L03,6,MITO,91171.3125,3828.0498265153337
L03,6,PHAandWGA,36589.140625,1518.6098853996798
L03,6,SYTO,29883.830078125,1216.6339834182943
L03,7,CONC,7291.7802734375,191.30688116152538
L03,7,HOECHST,6149.556640625,229.0549649231946
L03,7,MITO,91871.8046875,3744.159351569088
L03,7,PHAandWGA,38546.95703125,1492.308860325711
L03,7,SYTO,31519.26953125,1174.1511819109955
L03,8,CONC,7340.0859375,183.16282465459292
L03,8,HOECHST,6228.5556640625,219.1178263060036
L03,8,MITO,93322.3125,3646.771850352436
L03,8,PHAandWGA,39684.67578125,1451.9299041517118
L03,8,SYTO,32542.58203125,1120.5201081980022
L03,9,CONC,7323.662109375,174.63708466392208
L03,9,HOECHST,6244.537109375,207.5761885636796
L03,9,MITO,95188.7890625,3532.7680877316084
L03,9,PHAandWGA,40633.27734375,1405.8212571266197
L03,9,SYTO,33102.71875,1065.053973639717
L03,10,CONC,7303.498046875,165.89613704822693
L03,10,HOECHST,6213.3349609375,196.2528425596045
L03,10,MITO,96072.71875,3425.3711530197356
L03,10,PHAandWGA,40578.41796875,1361.9792339923495
L03,10,SYTO,33136.38671875,1013.5947652428239
L03,11,CONC,7254.63916015625,156.25102073731537
L03,11,HOECHST,6224.658203125,185.6879090982077
L03,11,MITO,95493.3671875,3305.2059712681375
L03,11,PHAandWGA,40653.53515625,1312.8782429114403
L03,11,SYTO,33606.50390625,960.1235889485255
L03,12,CONC,7160.9248046875,146.73578207983184
L03,12,HOECHST,6201.4287109375,176.17987473691431
L03,12,MITO,95444.234375,3171.9172013614016
L03,12,PHAandWGA,40731.57421875,1267.8366311847644
L03,12,SYTO,33582.26953125,911.8345476286872
L03,13,CONC,7127.70751953125,138.43059959177003
L03,13,HOECHST,6172.568359375,168.0385500833637
L03,13,MITO,95266.2890625,3071.8148007341792
L03,13,PHAandWGA,40745.9140625,1227.0451536653486
L03,13,SYTO,32799.9140625,865.4249425942542
L03,14,CONC,7117.2138671875,131.11962879106335
L03,14,HOECHST,6160.4912109375,159.80796033116775
L03,14,MITO,95520.703125,2947.053307867479
L03,14,PHAandWGA,40153.4765625,1186.2558755959828
L03,14,SYTO,32159.6640625,822.6278624834636
L03,15,CONC,7089.3173828125,124.1198297140612
L03,15,HOECHST,6171.599609375,151.19275153041636
L03,15,MITO,95591.390625,2838.7799045831985
L03,15,PHAandWGA,40541.29296875,1144.5720550391852
L03,15,SYTO,32241.95703125,780.2332138679395
L04,0,CONC,2846.89892578125,71.64929455805876
L04,0,HOECHST,2152.97412109375,68.68290085812134
L04,0,MITO,40366.0,2428.75272969412
L04,0,PHAandWGA,12885.7060546875,693.4331250757199
L04,0,SYTO,7298.17529296875,445.3467284543265
L04,1,CONC,3199.944580078125,111.71448558346762
L04,1,HOECHST,2373.0634765625,100.79787759974298
L04,1,MITO,43167.8828125,3232.5309957619857
L04,1,PHAandWGA,14495.326171875,1004.0237519531277
L04,1,SYTO,9460.2255859375,664.9618164733528
L04,2,CONC,3835.646484375,191.28220699447604
L04,2,HOECHST,2908.17626953125,188.90086578434313
L04,2,MITO,50341.6328125,4563.478949018481
L04,2,PHAandWGA,16884.291015625,1427.9880487212938
L04,2,SYTO,12197.8466796875,1081.005870757235
L04,3,CONC,4360.548828125,232.78743037609976
L04,3,HOECHST,3392.0107421875,248.09521990808742
L04,3,MITO,56077.984375,5224.402650012802
L04,3,PHAandWGA,19261.39453125,1667.9992410155403
L04,3,SYTO,14601.0830078125,1306.8273552332366
L04,4,CONC,4710.8359375,246.31620485281877
L04,4,HOECHST,3719.382080078125,261.7543993872818
L04,4,MITO,60865.6875,5541.976145982372
L04,4,PHAandWGA,21835.59765625,1790.3680176572182
L04,4,SYTO,16882.611328125,1372.528561375154
L04,5,CONC,4923.9609375,246.15682070061177
L04,5,HOECHST,3941.380859375,261.8487366952336
L04,5,MITO,63705.2578125,5534.098488322797
L04,5,PHAandWGA,23624.521484375,1803.135720605181
L04,5,SYTO,18361.08984375,1359.3227698819032
L04,6,CONC,4983.07666015625,240.96872072040006
L04,6,HOECHST,4023.7138671875,251.4008676174715
L04,6,MITO,65148.640625,5444.392152319548
L04,6,PHAandWGA,24581.1015625,1776.4797515635569
L04,6,SYTO,19395.67578125,1309.7060238485296
L04,7,CONC,5021.9794921875,230.96997678994256
L04,7,HOECHST,4043.4228515625,240.82438912521832
L04,7,MITO,65225.328125,5287.439981549606
L04,7,PHAandWGA,25541.3203125,1735.3829663345991
L04,7,SYTO,20239.884765625,1247.8769625123557
L04,8,CONC,4943.462890625,217.98083636063524
L04,8,HOECHST,3973.493896484375,222.09453114208304
L04,8,MITO,64950.921875,5162.227752096517
L04,8,PHAandWGA,25955.765625,1677.3093691632052
L04,8,SYTO,21123.140625,1172.7274038520115
L04,9,CONC,4827.98193359375,202.85828207533655
L04,9,HOECHST,3900.29443359375,206.75154514491956
L04,9,MITO,64621.703125,4993.120950110445
L04,9,PHAandWGA,25994.36328125,1600.1519376853978
L04,9,SYTO,21023.19140625,1098.997019557808
L04,10,CONC,4712.6953125,188.04241656191638
L04,10,HOECHST,3854.851806640625,192.54523063553233
L04,10,MITO,63920.3515625,4888.746979603882
L04,10,PHAandWGA,25825.291015625,1537.6694011429674
L04,10,SYTO,20301.072265625,1026.8758450417406
L04,11,CONC,4623.7216796875,173.49319957915458
L04,11,HOECHST,3728.212890625,176.43520194630256
L04,11,MITO,63639.9921875,4728.462986973914
L04,11,PHAandWGA,24862.8203125,1464.92421333136
L04,11,SYTO,19114.16796875,955.9299599096513
L04,12,CONC,4569.68408203125,161.07963323424335
L04,12,HOECHST,3662.2353515625,162.61887437097153
L04,12,MITO,62776.05859375,4511.139983042675
L04,12,PHAandWGA,24765.28515625,1402.1311765287785
L04,12,SYTO,17792.515625,887.2688746824394
L04,13,CONC,4514.03125,149.8010753429649
L04,13,HOECHST,3622.998046875,150.78977725878752
L04,13,MITO,62005.31640625,4276.9277901299465
L04,13,PHAandWGA,24226.7890625,1332.3263206069732
L04,13,SYTO,16518.078125,820.1397107923914
L04,14,CONC,4495.166015625,140.08514783052257
L04,14,HOECHST,3616.68701171875,139.94972199669627
L04,14,MITO,61293.89453125,4067.8671729992084
L04,14,PHAandWGA,23727.859375,1260.1523676603656
L04,14,SYTO,15747.7890625,762.6178014451641
L04,15,CONC,4484.146484375,130.283087491513
L04,15,HOECHST,3624.8310546875,129.77666817498368
L04,15,MITO,61343.8046875,3849.60734685892
L04,15,PHAandWGA,23175.873046875,1182.651860637795
L04,15,SYTO,14970.982421875,703.5105035476791
L06,0,CONC,5259.9677734375,111.79893409539659
L06,0,HOECHST,2933.9873046875,74.12656138273886
L06,0,MITO,68152.65625,2575.1824889467157
L06,0,PHAandWGA,25037.765625,948.4318322309116
L06,0,SYTO,16300.013671875,649.5152154224648
L06,1,CONC,6432.94580078125,207.14950412779285
L06,1,HOECHST,3493.468505859375,131.86710448548487
L06,1,MITO,78116.609375,3989.4422822549027
L06,1,PHAandWGA,28585.806640625,1425.026325602299
L06,1,SYTO,20222.4453125,1084.6744537469508
L06,2,CONC,7486.11328125,269.44272712154344
L06,2,HOECHST,4151.72314453125,191.9654520447336
L06,2,MITO,87948.78125,4932.798018517595
L06,2,PHAandWGA,32860.484375,1789.6266484263713
L06,2,SYTO,24784.85546875,1411.7744612767137
L06,3,CONC,8035.767578125,283.0337753414061
L06,3,HOECHST,4525.6025390625,210.9783636067601
L06,3,MITO,90711.65625,4801.217558357907
L06,3,PHAandWGA,35790.50390625,1934.7402898822854
L06,3,SYTO,27244.2265625,1492.315804732245
L06,4,CONC,8310.9423828125,273.2239218059735
L06,4,HOECHST,4753.8720703125,211.86913148871864
L06,4,MITO,94200.140625,4683.5712479151525
L06,4,PHAandWGA,37653.140625,1945.8288423311653
L06,4,SYTO,28882.27734375,1482.5623328529703
L06,5,CONC,8453.966796875,260.69620575655506
L06,5,HOECHST,4946.92626953125,208.99117982692246
L06,5,MITO,96099.265625,4554.365373875204
L06,5,PHAandWGA,39681.53125,1890.0066301929019
L06,5,SYTO,30750.44921875,1418.9371525321815
L06,6,CONC,8607.5537109375,247.73985727773587
L06,6,HOECHST,5010.173828125,194.62829138197213
L06,6,MITO,98463.25,4409.373535191256
L06,6,PHAandWGA,41339.02734375,1830.2729474531995
L06,6,SYTO,31775.15625,1344.9185889368061
L06,7,CONC,8639.9892578125,232.69798029741395
L06,7,HOECHST,5091.5166015625,182.51075623378077
L06,7,MITO,100093.09375,4266.784490519902
L06,7,PHAandWGA,42368.53515625,1760.7798676615994
L06,7,SYTO,32503.603515625,1268.043343512287
L06,8,CONC,8639.158203125,217.60781076662622
L06,8,HOECHST,5139.65869140625,172.77310828983926
L06,8,MITO,101485.6875,4124.317726439443
L06,8,PHAandWGA,43183.2578125,1684.7041781292069
L06,8,SYTO,33048.28515625,1194.1140234749778
L06,9,CONC,8554.076171875,205.96381733492362
L06,9,HOECHST,5133.0,163.87809727650904
L06,9,MITO,101613.7734375,4001.071127691929
L06,9,PHAandWGA,43852.703125,1619.8992431919694
L06,9,SYTO,33452.7578125,1119.0328854509733
L06,10,CONC,8449.69921875,192.38440984634246
L06,10,HOECHST,5053.880859375,152.57241938915007
L06,10,MITO,101569.25,3850.5845739030096
L06,10,PHAandWGA,43250.1171875,1554.7243811180056
L06,10,SYTO,32829.31640625,1055.4835419273177
L06,11,CONC,8319.0380859375,179.808143555577
L06,11,HOECHST,5075.943359375,143.25818256616188
L06,11,MITO,101199.1796875,3698.860310061173
L06,11,PHAandWGA,43292.453125,1485.5632779305786
L06,11,SYTO,33140.40234375,993.7523435983859
L06,12,CONC,8287.3251953125,168.28098373606036
L06,12,HOECHST,5050.75244140625,135.1105274073508
L06,12,MITO,100715.609375,3560.0219522821944
L06,12,PHAandWGA,43703.359375,1422.1270112066877
L06,12,SYTO,33340.640625,936.5479229182846
L06,13,CONC,8179.71142578125,157.8313334442991
L06,13,HOECHST,5050.994140625,126.51277610690705
L06,13,MITO,101332.3125,3415.0966889735846
L06,13,PHAandWGA,43200.0625,1360.274972703654
L06,13,SYTO,32519.3984375,879.183654852909
L06,14,CONC,8158.3818359375,148.599022481461
L06,14,HOECHST,5044.8125,119.19904622299187
L06,14,MITO,102554.046875,3282.6243161784823
L06,14,PHAandWGA,43330.48828125,1303.6211385636839
L06,14,SYTO,32275.306640625,830.2594713687274
L06,15,CONC,8162.9560546875,139.62172892630323
L06,15,HOECHST,5060.18896484375,112.68705640342162
L06,15,MITO,102440.3359375,3119.5500244335076
L06,15,PHAandWGA,43110.73046875,1248.967272018075
L06,15,SYTO,31860.201171875,780.577639943459
L08,0,CONC,2022.78369140625,81.34863086150528
L08,0,HOECHST,1437.0406494140625,61.037975513072006
L08,0,MITO,27005.578125,3160.421978273403
L08,0,PHAandWGA,6963.83837890625,615.6826649559761
L08,0,SYTO,3957.285888671875,381.5053476519227
L08,1,CONC,2143.700927734375,96.50645949296742
L08,1,HOECHST,1525.2750244140625,73.85809988160746
L08,1,MITO,27627.453125,3490.284667553604
L08,1,PHAandWGA,7718.8310546875,709.7252804786403
L08,1,SYTO,4257.82080078125,446.3023301780592
L08,2,CONC,2261.812255859375,113.40239009435668
L08,2,HOECHST,1637.119384765625,88.77123458411835
L08,2,MITO,28738.36328125,3866.165460692576
L08,2,PHAandWGA,8558.923828125,809.4666959642386
L08,2,SYTO,4564.30517578125,513.2487202194833
L08,3,CONC,2372.416015625,126.43571905199147
L08,3,HOECHST,1730.484130859375,101.3384725615879
L08,3,MITO,29895.2890625,4149.104956276054
L08,3,PHAandWGA,9233.537109375,883.5800409828048
L08,3,SYTO,4869.06005859375,563.3699861384797
L08,4,CONC,2469.0009765625,133.92815370700686
L08,4,HOECHST,1797.40576171875,108.8813607356685
L08,4,MITO,30952.78125,4297.942617273119
L08,4,PHAandWGA,9640.08203125,923.4442808894586
L08,4,SYTO,5079.0380859375,591.5192927045574
L08,5,CONC,2557.185302734375,137.9455666523272
L08,5,HOECHST,1866.898193359375,112.33263210382289
L08,5,MITO,32015.26953125,4392.518733942147
L08,5,PHAandWGA,10081.458984375,945.8703802053882
L08,5,SYTO,5259.7001953125,603.3438182151929
L08,6,CONC,2604.584716796875,139.97450570693252
L08,6,HOECHST,1893.9686279296875,112.9473487079269
L08,6,MITO,32744.99609375,4411.822126982267
L08,6,PHAandWGA,10490.162109375,955.2066169414892
L08,6,SYTO,5391.1904296875,603.1878618660733
L08,7,CONC,2655.42529296875,139.41819536559603
L08,7,HOECHST,1926.611328125,111.0066522677591
L08,7,MITO,33516.5390625,4388.7100301682685
L08,7,PHAandWGA,10583.724609375,950.7507033224186
L08,7,SYTO,5403.017578125,593.1121713578843
L08,8,CONC,2683.556884765625,137.5414330179175
L08,8,HOECHST,1931.994140625,107.99927318046662
L08,8,MITO,34135.6328125,4331.21944134032
L08,8,PHAandWGA,10659.642578125,936.3708311572526
L08,8,SYTO,5516.39453125,580.1914976705926
L08,9,CONC,2719.3046875,134.47709396624515
L08,9,HOECHST,1951.24267578125,104.15979071664454
L08,9,MITO,34090.21875,4230.511515704184
L08,9,PHAandWGA,10732.904296875,914.3142998391882
L08,9,SYTO,5509.0791015625,562.0770858266642
L08,10,CONC,2743.111328125,130.19406519276876
L08,10,HOECHST,1964.7227783203125,99.62201681650322
L08,10,MITO,34644.2109375,4096.916154101074
L08,10,PHAandWGA,10672.99609375,883.0839465379241
L08,10,SYTO,5529.37548828125,541.6321395705238
L08,11,CONC,2759.8564453125,126.036580447611
L08,11,HOECHST,1973.154296875,95.32806001445233
L08,11,MITO,35085.11328125,3958.1642359919247
L08,11,PHAandWGA,10639.572265625,850.3455375762767
L08,11,SYTO,5610.8720703125,519.8341365449537
L08,12,CONC,2774.394287109375,121.15579783866185
L08,12,HOECHST,1983.91845703125,90.66212706631636
L08,12,MITO,35413.72265625,3793.002264730411
L08,12,PHAandWGA,10464.251953125,810.3141785165624
L08,12,SYTO,5609.326171875,494.3271728766699
L08,13,CONC,2816.80126953125,116.19532193386705
L08,13,HOECHST,1999.8072509765625,86.11981192947012
L08,13,MITO,35355.0,3600.362034878423
L08,13,PHAandWGA,10335.044921875,770.0973368304883
L08,13,SYTO,5627.70703125,468.1958888631268
L08,14,CONC,2863.328125,110.65323115228365
L08,14,HOECHST,2036.6146240234375,81.47984866103944
L08,14,MITO,36092.06640625,3415.940437167735
L08,14,PHAandWGA,10416.80859375,731.1095201717342
L08,14,SYTO,5729.263671875,441.62676951303484
L08,15,CONC,2886.90185546875,104.98401974624882
L08,15,HOECHST,2057.91796875,76.8057928432799
L08,15,MITO,36302.89453125,3199.8062420674255
L08,15,PHAandWGA,10227.2861328125,685.1967007115865
L08,15,SYTO,5806.46533203125,413.22206353295536
L10,0,CONC,8854.71484375,61.97499872215823
L10,0,HOECHST,7267.2041015625,83.50447600688229
L10,0,MITO,86344.46875,789.791769673942
L10,0,PHAandWGA,43420.9921875,455.7224878876601
L10,0,SYTO,36901.875,440.58745072351275
L10,1,CONC,9495.5810546875,82.55785121574672
L10,1,HOECHST,7765.7080078125,105.72063793116273
L10,1,MITO,90736.40625,956.1991858112556
L10,1,PHAandWGA,45799.328125,560.9110028668084
L10,1,SYTO,38751.21875,554.4068064460998
L10,2,CONC,10600.642578125,129.80233604814848
L10,2,HOECHST,8604.0419921875,159.27036587718143
L10,2,MITO,96500.265625,1306.7504825688993
L10,2,PHAandWGA,48826.21875,769.3087388947833
L10,2,SYTO,42659.1171875,805.5270188572575
L10,3,CONC,11717.701171875,164.99478829575904
L10,3,HOECHST,9543.775390625,203.63764501179872
L10,3,MITO,103440.140625,1576.0990107171065
L10,3,PHAandWGA,52473.078125,920.9633514299383
L10,3,SYTO,46871.4296875,977.5948761899074
L10,4,CONC,12580.236328125,177.7755989095791
L10,4,HOECHST,10248.208984375,221.92209012266838
L10,4,MITO,107868.0,1681.0610328966834
L10,4,PHAandWGA,56333.9140625,1005.282334925129
L10,4,SYTO,50433.0234375,1056.2176364433449
L10,5,CONC,13509.75,179.86094009661454
L10,5,HOECHST,11078.859375,231.33850291719048
L10,5,MITO,113293.0,1670.7607223825594
L10,5,PHAandWGA,59824.359375,1015.9075994507469
L10,5,SYTO,53599.796875,1056.1280637515563
L10,6,CONC,14462.556640625,172.09364037076074
L10,6,HOECHST,11996.912109375,229.77707333890172
L10,6,MITO,119090.7265625,1648.6483461878763
L10,6,PHAandWGA,64066.03515625,973.9125920994527
L10,6,SYTO,57454.0546875,1005.8262080957766
L10,7,CONC,15208.947265625,159.838887024778
L10,7,HOECHST,12661.37109375,215.315200124736
L10,7,MITO,124556.6875,1512.139291311949
L10,7,PHAandWGA,67967.78125,907.2540743457271
L10,7,SYTO,61030.0546875,930.0887929240846
L10,8,CONC,15750.521484375,146.82516720395077
L10,8,HOECHST,13087.400390625,195.35402801243836
L10,8,MITO,127723.96875,1406.1796401491408
L10,8,PHAandWGA,69803.65625,838.917163646895
L10,8,SYTO,64040.84375,846.4787333599728
L10,9,CONC,16018.1328125,133.0018454221984
L10,9,HOECHST,13288.638671875,174.24637537675287
L10,9,MITO,131401.375,1311.384617518023
L10,9,PHAandWGA,72783.078125,771.4960244067337
L10,9,SYTO,65259.13671875,755.442142051775
L10,10,CONC,16030.5498046875,115.95442376464398
L10,10,HOECHST,13480.892578125,157.88264425797237
L10,10,MITO,132545.84375,1213.8079411501737
L10,10,PHAandWGA,74038.90625,701.8945034755496
L10,10,SYTO,67249.3984375,673.2348109065657
L10,11,CONC,15908.41015625,101.35647166143607
L10,11,HOECHST,13627.01953125,141.49143175033132
L10,11,MITO,133793.671875,1125.860579318992
L10,11,PHAandWGA,75096.875,642.1622617822792
L10,11,SYTO,66801.703125,604.5631208432735
L10,12,CONC,15897.4228515625,87.99595877271688
L10,12,HOECHST,13700.19921875,129.28175608340123
L10,12,MITO,137127.40625,1063.091826461981
L10,12,PHAandWGA,75706.609375,581.1131366266944
L10,12,SYTO,68123.5390625,536.5357726899966
L10,13,CONC,15744.5859375,78.83267854477748
L10,13,HOECHST,13652.25390625,115.46702212794558
L10,13,MITO,136705.703125,983.2235243958319
L10,13,PHAandWGA,76077.796875,538.9534657517562
L10,13,SYTO,67879.0,488.50974460344577
L10,14,CONC,15590.447265625,71.62481321613299
L10,14,HOECHST,13516.9228515625,106.7367741807802
L10,14,MITO,137545.21875,936.3470463100047
L10,14,PHAandWGA,75360.578125,508.693036354541
L10,14,SYTO,68090.25,454.8798965528772
L10,15,CONC,15527.5302734375,65.73621326032885
L10,15,HOECHST,13594.7294921875,99.36907358082478
L10,15,MITO,139790.0625,887.8112290298276
L10,15,PHAandWGA,76825.890625,480.8535880937138
L10,15,SYTO,67016.1328125,421.7653159736399
L11,0,CONC,2833.4521484375,76.87379963027537
L11,0,HOECHST,2297.32275390625,78.91090829262288
L11,0,MITO,42429.7109375,2583.787270885433
L11,0,PHAandWGA,11775.421875,658.7844525681933
L11,0,SYTO,6994.89111328125,439.02485418946156
L11,1,CONC,3311.17724609375,133.9147204527677
L11,1,HOECHST,2612.46728515625,130.5378772636292
L11,1,MITO,46739.9921875,3716.2292188493475
L11,1,PHAandWGA,13534.267578125,1065.779481052792
L11,1,SYTO,9418.4453125,752.4327742243473
L11,2,CONC,3927.09375,214.6493657694245
L11,2,HOECHST,3224.8349609375,245.2593591448516
L11,2,MITO,52908.2578125,5037.806587011115
L11,2,PHAandWGA,16096.7451171875,1460.011829982954
L11,2,SYTO,11928.74609375,1147.8836846366416
L11,3,CONC,4456.15283203125,259.3560836600198
L11,3,HOECHST,3741.5751953125,301.8466171564859
L11,3,MITO,58505.7421875,5823.301342036343
L11,3,PHAandWGA,18693.40234375,1695.5079564917366
L11,3,SYTO,14483.41796875,1365.6957982125646
L11,4,CONC,4875.677734375,282.8050586854483
L11,4,HOECHST,4106.4970703125,331.4394682677201
L11,4,MITO,63490.7109375,6231.405911055204
L11,4,PHAandWGA,20737.302734375,1815.8708884933985
L11,4,SYTO,16649.328125,1446.9369944661266
L11,5,CONC,5231.94970703125,295.64117824049555
L11,5,HOECHST,4408.755859375,335.8893527913345
L11,5,MITO,67642.2421875,6419.868923648411
L11,5,PHAandWGA,23008.515625,1866.7523982620614
L11,5,SYTO,18394.791015625,1462.0873014437773
L11,6,CONC,5352.88427734375,288.79495958418624
L11,6,HOECHST,4589.8095703125,330.5920550556973
L11,6,MITO,71313.328125,6371.287607456852
L11,6,PHAandWGA,24202.625,1829.5921991011535
L11,6,SYTO,19860.2109375,1421.534721951119
L11,7,CONC,5388.025390625,276.01821237316926
L11,7,HOECHST,4703.8564453125,325.5332583627621
L11,7,MITO,72823.984375,6250.235661197264
L11,7,PHAandWGA,25485.16015625,1777.9810982904557
L11,7,SYTO,20811.56640625,1360.2123607453002
L11,8,CONC,5400.76220703125,264.1653777840789
L11,8,HOECHST,4561.611328125,294.61716155995015
L11,8,MITO,73909.21875,6161.247458043903
L11,8,PHAandWGA,25714.22265625,1719.62736852291
L11,8,SYTO,21632.591796875,1275.5045091005964
L11,9,CONC,5247.150390625,245.80545549915442
L11,9,HOECHST,4366.26708984375,263.27508348642743
L11,9,MITO,73254.203125,5940.165384394299
L11,9,PHAandWGA,25965.53515625,1633.0886301538972
L11,9,SYTO,21622.2421875,1171.0941739869902
L11,10,CONC,5109.0068359375,227.3259955238908
L11,10,HOECHST,4209.4482421875,236.3352065826425
L11,10,MITO,72467.6484375,5701.516749230919
L11,10,PHAandWGA,25850.3984375,1546.0965199751572
L11,10,SYTO,20810.044921875,1074.4121986170492
L11,11,CONC,4999.599609375,210.9097930358703
L11,11,HOECHST,4112.6162109375,216.75254791099925
L11,11,MITO,71957.1328125,5500.744841240932
L11,11,PHAandWGA,25592.10546875,1467.4394720093326
L11,11,SYTO,20334.1953125,999.8942764755609
L11,12,CONC,4872.40478515625,193.92985811212947
L11,12,HOECHST,4026.97705078125,195.59599373841377
L11,12,MITO,70614.0390625,5257.960670085681
L11,12,PHAandWGA,24868.80859375,1381.782543764177
L11,12,SYTO,18244.90625,916.7686564978106
L11,13,CONC,4757.986328125,177.134102962703
L11,13,HOECHST,3921.464111328125,175.77407255579183
L11,13,MITO,69233.640625,5015.194728401171
L11,13,PHAandWGA,23853.701171875,1296.5317583612996
L11,13,SYTO,16439.234375,835.4789261062884
L11,14,CONC,4636.341796875,162.55407948514403
L11,14,HOECHST,3854.3349609375,159.27826007586765
L11,14,MITO,67831.625,4747.164029453063
L11,14,PHAandWGA,23099.77734375,1213.9756657075245
L11,14,SYTO,14909.6259765625,764.8540632518498
L11,15,CONC,4619.146484375,149.91052691605123
L11,15,HOECHST,3846.91650390625,145.3530409235052
L11,15,MITO,65671.3125,4451.41592216146
L11,15,PHAandWGA,22326.865234375,1134.7665567862543
L11,15,SYTO,13884.72265625,700.5218536068288
L12,0,CONC,5757.1650390625,78.81255645219882
L12,0,HOECHST,4776.89794921875,100.39714664480692
L12,0,MITO,75777.625,1531.934869960278
L12,0,PHAandWGA,31396.302734375,763.3776222954416
L12,0,SYTO,23192.2265625,607.7040694624
L12,1,CONC,6386.54248046875,118.92826773004603
L12,1,HOECHST,5273.7841796875,145.2012040858668
L12,1,MITO,79700.828125,1956.0318411348749
L12,1,PHAandWGA,34446.80078125,1039.2868963565911
L12,1,SYTO,25018.46484375,859.926127561421
L12,2,CONC,7406.595703125,187.18856225546114
L12,2,HOECHST,6057.24365234375,221.12368487048414
L12,2,MITO,86663.671875,2523.78805938673
L12,2,PHAandWGA,37839.8203125,1399.4378011165984
L12,2,SYTO,28890.552734375,1227.203641595523
L12,3,CONC,8222.9765625,226.67650167115005
L12,3,HOECHST,6746.2109375,263.0260210336174
L12,3,MITO,92921.984375,2884.7029926030236
L12,3,PHAandWGA,41622.671875,1603.6762787697728
L12,3,SYTO,32793.1953125,1444.5717295111585
L12,4,CONC,8949.7587890625,238.2003704251659
L12,4,HOECHST,7576.86376953125,295.43640603088306
L12,4,MITO,99239.984375,3044.6185110396377
L12,4,PHAandWGA,45012.953125,1635.1677497676917
L12,4,SYTO,36222.04296875,1494.5009356848398
L12,5,CONC,9417.544921875,229.79565404334733
L12,5,HOECHST,8080.70849609375,292.8581021753953
L12,5,MITO,104830.4375,3067.0005523945865
L12,5,PHAandWGA,47664.74609375,1605.0091893554566
L12,5,SYTO,39074.5390625,1446.4141200440004
L12,6,CONC,9614.412109375,214.92768970941978
L12,6,HOECHST,8239.0498046875,272.3760535414997
L12,6,MITO,107844.375,3025.8128962117867
L12,6,PHAandWGA,49673.640625,1558.4386446101205
L12,6,SYTO,41084.953125,1365.270002400591
L12,7,CONC,9759.923828125,202.59872404006424
L12,7,HOECHST,8429.9990234375,255.0865008421625
L12,7,MITO,112150.5703125,3011.6941851042466
L12,7,PHAandWGA,51848.5859375,1475.9413524959514
L12,7,SYTO,42243.7578125,1260.568537529436
L12,8,CONC,9871.5625,184.68924169993073
L12,8,HOECHST,8643.685546875,237.0173031632936
L12,8,MITO,114114.2109375,2863.319274314049
L12,8,PHAandWGA,53265.44140625,1368.5021214436804
L12,8,SYTO,43330.6953125,1153.0435742160987
L12,9,CONC,9774.1328125,165.73127074309838
L12,9,HOECHST,8670.814453125,218.5829147786977
L12,9,MITO,117013.8125,2741.739930995465
L12,9,PHAandWGA,53697.5,1275.3645266792118
L12,9,SYTO,44225.546875,1048.479458258488
L12,10,CONC,9726.4462890625,149.4788715097465
L12,10,HOECHST,8625.5205078125,199.07597054474903
L12,10,MITO,116525.359375,2587.7997672368697
L12,10,PHAandWGA,54042.12109375,1197.903760537606
L12,10,SYTO,44508.3515625,958.5183095759983
L12,11,CONC,9572.970703125,136.7756115057597
L12,11,HOECHST,8509.5751953125,183.3105374779305
L12,11,MITO,118283.6640625,2485.3001811794793
L12,11,PHAandWGA,54094.15625,1138.4543961401018
L12,11,SYTO,44207.9765625,886.0168214401428
L12,12,CONC,9490.1591796875,127.48038675797409
L12,12,HOECHST,8439.1650390625,171.41226501842507
L12,12,MITO,118539.3671875,2396.762528992208
L12,12,PHAandWGA,54803.09375,1095.483080497193
L12,12,SYTO,44188.65625,834.6870597810006
L12,13,CONC,9403.716796875,119.26390802949807
L12,13,HOECHST,8356.07421875,160.4715837371518
L12,13,MITO,118843.546875,2309.1356712606253
L12,13,PHAandWGA,54396.35546875,1052.5364232631446
L12,13,SYTO,43769.328125,789.2796419530698
L12,14,CONC,9377.908203125,113.08128359015419
L12,14,HOECHST,8373.408203125,153.45411729666515
L12,14,MITO,118541.296875,2236.834851387693
L12,14,PHAandWGA,54313.24609375,1017.6344630615956
L12,14,SYTO,43613.234375,751.032565239975
L12,15,CONC,9259.306640625,107.47757544473251
L12,15,HOECHST,8287.24609375,145.7131785562205
L12,15,MITO,117729.0078125,2162.032363302089
L12,15,PHAandWGA,54717.23046875,986.3810481018515
L12,15,SYTO,43164.19140625,714.2761718002904
L14,0,CONC,1686.99951171875,68.10190532771318
L14,0,HOECHST,1745.157470703125,99.82341416166281
L14,0,MITO,26634.4140625,2972.640025464612
L14,0,PHAandWGA,6819.9814453125,634.2802061710029
L14,0,SYTO,3749.706298828125,379.7831449083339
L14,1,CONC,2046.9886474609375,134.01348843282537
L14,1,HOECHST,2138.8369140625,209.82212983504203
L14,1,MITO,30777.859375,4668.199008474445
L14,1,PHAandWGA,8455.2900390625,1111.680356411002
L14,1,SYTO,5538.8798828125,728.0577687077276
L14,2,CONC,2413.023193359375,197.62088305670875
L14,2,HOECHST,2677.61279296875,344.0122890142854
L14,2,MITO,35087.93359375,6154.165993495722
L14,2,PHAandWGA,10563.1396484375,1542.5950918727483
L14,2,SYTO,7481.6396484375,1067.8868016281144
L14,3,CONC,2752.1220703125,240.2947511318878
L14,3,HOECHST,3151.330810546875,424.51618183775645
L14,3,MITO,38586.96875,6957.321056979127
L14,3,PHAandWGA,12698.9033203125,2008.7782740657735
L14,3,SYTO,9031.8515625,1263.1572272296864
L14,4,CONC,2967.58740234375,265.1830588386133
L14,4,HOECHST,3398.697998046875,447.7540490567405
L14,4,MITO,40702.578125,7266.862403041806
L14,4,PHAandWGA,15406.462890625,3236.648438926662
L14,4,SYTO,10513.123046875,1462.1488293706232
L14,5,CONC,3079.653564453125,271.5581238195738
L14,5,HOECHST,3570.57861328125,445.52544394798923
L14,5,MITO,42767.73828125,7311.46955060129
L14,5,PHAandWGA,15617.3232421875,2595.6773165333216
L14,5,SYTO,11168.326171875,1386.369768930516
L14,6,CONC,3009.458251953125,252.4545109271158
L14,6,HOECHST,3582.2314453125,423.8370953360598
L14,6,MITO,43570.86328125,7182.337007581788
L14,6,PHAandWGA,15358.5908203125,2133.472154193289
L14,6,SYTO,11139.8134765625,1267.6857167400958
L14,7,CONC,3000.458251953125,235.89359965818824
L14,7,HOECHST,3409.242919921875,373.6379386929176
L14,7,MITO,43913.0859375,7086.4016535416
L14,7,PHAandWGA,15097.3876953125,1937.926334884085
L14,7,SYTO,11007.0595703125,1162.5141304697443
L14,8,CONC,2904.68994140625,218.74332186993087
L14,8,HOECHST,3211.472412109375,329.32837670597246
L14,8,MITO,43129.3828125,6851.834906444573
L14,8,PHAandWGA,14971.513671875,1900.5505420295938
L14,8,SYTO,9996.4306640625,1072.761653297449
L14,9,CONC,2830.3974609375,200.58888743812088
L14,9,HOECHST,3068.294921875,298.82266551613964
L14,9,MITO,42962.265625,6622.406262258441
L14,9,PHAandWGA,14480.2392578125,1685.5487069433836
L14,9,SYTO,9054.474609375,975.0571020506261
L14,10,CONC,2715.6689453125,180.61829093921523
L14,10,HOECHST,2952.623779296875,265.8272523288625
L14,10,MITO,41800.9765625,6311.9327742280975
L14,10,PHAandWGA,13687.794921875,1496.012207148465
L14,10,SYTO,7958.65869140625,873.77640581702
L14,11,CONC,2646.42431640625,162.36077786590806
L14,11,HOECHST,2828.4921875,236.31983497129957
L14,11,MITO,39815.2109375,5929.5807054868255
L14,11,PHAandWGA,13126.353515625,1347.5219533600139
L14,11,SYTO,7096.3232421875,782.0919176256031
L14,12,CONC,2573.531982421875,146.0021905124582
L14,12,HOECHST,2739.4736328125,212.15856836399448
L14,12,MITO,39185.6171875,5504.366712907463
L14,12,PHAandWGA,12310.10546875,1210.954792609184
L14,12,SYTO,6487.515625,700.6852189129502
L14,13,CONC,2544.16943359375,131.3051658715148
L14,13,HOECHST,2707.99951171875,189.24373141657384
L14,13,MITO,37671.5625,5026.349757885078
L14,13,PHAandWGA,11454.921875,1073.5099811616292
L14,13,SYTO,6073.5,622.4496280156627
L14,14,CONC,2487.17822265625,116.77631174522693
L14,14,HOECHST,2657.8447265625,167.38900967769592
L14,14,MITO,36698.3046875,4445.655254136681
L14,14,PHAandWGA,10974.15625,944.0487939912467
L14,14,SYTO,5819.1220703125,546.0953397279463
L14,15,CONC,2467.8876953125,102.40843603792055
L14,15,HOECHST,2658.69189453125,148.44472982741138
L14,15,MITO,35103.79296875,3730.0611672386767
L14,15,PHAandWGA,10564.560546875,802.3652503203666
L14,15,SYTO,5608.5615234375,472.78555141397976
L15,0,CONC,1842.8292236328125,108.4420885237346
L15,0,HOECHST,2076.80322265625,189.15434267129768
L15,0,MITO,28128.73046875,4674.9200072195035
L15,0,PHAandWGA,7497.93701171875,929.5821588358554
L15,0,SYTO,4428.0234375,562.8282798368189
L15,1,CONC,2057.8720703125,143.3645288402478
L15,1,HOECHST,2353.4033203125,250.15325389288225
L15,1,MITO,30506.595703125,5436.207327842979
L15,1,PHAandWGA,8848.791015625,1162.3990255033216
L15,1,SYTO,5446.1025390625,715.292913928692
L15,2,CONC,2241.186767578125,166.89515982291513
L15,2,HOECHST,2586.98095703125,286.6323108966773
L15,2,MITO,32498.36328125,5878.442015370316
L15,2,PHAandWGA,9850.1640625,1303.9202626828596
L15,2,SYTO,6175.2021484375,805.0567831362894
L15,3,CONC,2359.157470703125,177.73059627341772
L15,3,HOECHST,2746.6376953125,306.1043524662851
L15,3,MITO,33854.15625,6047.9101612737
L15,3,PHAandWGA,10646.6328125,1371.5824998038565
L15,3,SYTO,6564.6669921875,842.4422934444117
L15,4,CONC,2403.037841796875,178.16834149910366
L15,4,HOECHST,2833.61279296875,308.42416910887744
L15,4,MITO,33996.46484375,5996.900348982647
L15,4,PHAandWGA,10957.9599609375,1400.147053988121
L15,4,SYTO,6564.3876953125,842.383063679524
L15,5,CONC,2419.775390625,174.70540812857698
L15,5,HOECHST,2850.26904296875,298.8814993244219
L15,5,MITO,34221.90234375,5908.279363605219
L15,5,PHAandWGA,11267.9990234375,1395.6475651147848
L15,5,SYTO,6448.6328125,824.5368572070173
L15,6,CONC,2444.47802734375,170.2734124691211
L15,6,HOECHST,2845.558837890625,286.731101789261
L15,6,MITO,34872.6484375,5837.4730284049665
L15,6,PHAandWGA,11207.9921875,1346.6055597866164
L15,6,SYTO,6164.3955078125,791.9712922231337
L15,7,CONC,2433.34912109375,163.826816674194
L15,7,HOECHST,2777.68994140625,269.585593240375
L15,7,MITO,34195.82421875,5690.11351336043
L15,7,PHAandWGA,10949.462890625,1274.8786424934387
L15,7,SYTO,5891.171875,752.0121048963116
L15,8,CONC,2397.53857421875,154.7181323930503
L15,8,HOECHST,2727.2392578125,249.05541292887452
L15,8,MITO,34191.23828125,5468.474363648266
L15,8,PHAandWGA,10697.0400390625,1215.208790816037
L15,8,SYTO,5581.296875,705.8695053212763
L15,9,CONC,2370.693603515625,145.49086067589448
L15,9,HOECHST,2664.24365234375,229.43897749131366
L15,9,MITO,33857.38671875,5235.741114523546
L15,9,PHAandWGA,10554.111328125,1158.9258603193582
L15,9,SYTO,5359.353515625,660.8748310472604
L15,10,CONC,2372.9658203125,137.4940720168738
L15,10,HOECHST,2635.658447265625,212.22690151554025
L15,10,MITO,33739.87109375,4996.099089168582
L15,10,PHAandWGA,10284.1845703125,1096.5017079456825
L15,10,SYTO,5222.7490234375,619.9854336713747
L15,11,CONC,2344.971923828125,129.12557357100974
L15,11,HOECHST,2613.91552734375,196.43698288973664
L15,11,MITO,33607.95703125,4721.1716814885485
L15,11,PHAandWGA,10106.37890625,1024.5367207742593
L15,11,SYTO,5131.94921875,575.3230383746692
L15,12,CONC,2349.150390625,120.54697626523264
L15,12,HOECHST,2606.772705078125,181.51511422411627
L15,12,MITO,33252.1640625,4403.056624466078
L15,12,PHAandWGA,9820.130859375,932.789343528076
L15,12,SYTO,5058.7138671875,528.1901221125951
L15,13,CONC,2376.18212890625,112.21236722338483
L15,13,HOECHST,2646.56298828125,167.97623545687716
L15,13,MITO,33510.32421875,4077.728858913802
L15,13,PHAandWGA,9531.3359375,845.1420057342442
L15,13,SYTO,5006.81689453125,483.2291489701246
L15,14,CONC,2364.650146484375,103.4994547518114
L15,14,HOECHST,2678.66943359375,154.3615104257442
L15,14,MITO,33546.95703125,3707.2634108678517
L15,14,PHAandWGA,9470.4765625,759.4190130590121
L15,14,SYTO,5023.345703125,437.94025198046415
L15,15,CONC,2381.2529296875,95.06085484865939
L15,15,HOECHST,2711.6220703125,141.49194895696948
L15,15,MITO,33629.984375,3320.3491893090863
L15,15,PHAandWGA,9224.0771484375,678.526389354857
L15,15,SYTO,5053.36767578125,395.78806305785116
L16,0,CONC,1974.9371337890625,88.48041704024105
L16,0,HOECHST,1214.0467529296875,43.973942938572435
L16,0,MITO,28209.845703125,3802.4150141552714
L16,0,PHAandWGA,9981.2431640625,1002.924755873
L16,0,SYTO,4260.1484375,445.37587207142485
L16,1,CONC,2084.322265625,102.48442381701085
L16,1,HOECHST,1277.3857421875,52.24574868309876
L16,1,MITO,29286.46875,4128.995542518407
L16,1,PHAandWGA,10580.755859375,1129.1935618238726
L16,1,SYTO,4625.26220703125,508.54944498893786
L16,2,CONC,2177.365478515625,115.2402348616737
L16,2,HOECHST,1348.40185546875,59.6185106978108
L16,2,MITO,30454.7734375,4420.267140943133
L16,2,PHAandWGA,11212.236328125,1252.491762937686
L16,2,SYTO,4953.6650390625,567.862233766112
L16,3,CONC,2264.330810546875,124.60828679611075
L16,3,HOECHST,1406.057373046875,64.45264706346771
L16,3,MITO,31490.80078125,4673.816661500309
L16,3,PHAandWGA,11735.212890625,1339.180556772646
L16,3,SYTO,5178.18017578125,601.0995282843907
L16,4,CONC,2331.236083984375,130.2036166228218
L16,4,HOECHST,1440.9248046875,67.14667520110098
L16,4,MITO,32549.47265625,4792.296068560041
L16,4,PHAandWGA,12279.3740234375,1383.1050380956879
L16,4,SYTO,5348.03515625,617.5813414282663
L16,5,CONC,2386.49951171875,132.56898967774768
L16,5,HOECHST,1466.055419921875,68.83314582925053
L16,5,MITO,33286.6875,4840.033143357994
L16,5,PHAandWGA,12631.615234375,1395.1282395649282
L16,5,SYTO,5441.7607421875,620.8624249742865
L16,6,CONC,2426.63037109375,132.6760313563623
L16,6,HOECHST,1491.435546875,68.83229709783848
L16,6,MITO,33824.4453125,4832.366866450987
L16,6,PHAandWGA,12895.888671875,1388.961465795895
L16,6,SYTO,5458.5615234375,616.4440453816414
L16,7,CONC,2461.14697265625,131.71937348213126
L16,7,HOECHST,1498.9996337890625,67.91675414141953
L16,7,MITO,33718.1171875,4789.309526880835
L16,7,PHAandWGA,12986.486328125,1369.5223841741392
L16,7,SYTO,5474.7138671875,603.8972359565845
L16,8,CONC,2488.457275390625,129.26470505896552
L16,8,HOECHST,1506.70361328125,66.37399145227035
L16,8,MITO,34280.79296875,4711.581814498576
L16,8,PHAandWGA,13089.232421875,1339.2814246099676
L16,8,SYTO,5495.9970703125,588.1527148297907
L16,9,CONC,2515.80615234375,126.06973802617787
L16,9,HOECHST,1529.868408203125,64.5303039159578
L16,9,MITO,34453.6796875,4605.693196530768
L16,9,PHAandWGA,13049.4306640625,1300.0104230789102
L16,9,SYTO,5533.70947265625,567.5341640023357
L16,10,CONC,2512.026611328125,122.54638310142936
L16,10,HOECHST,1538.104248046875,61.999056867589665
L16,10,MITO,34959.18359375,4441.248760742311
L16,10,PHAandWGA,13048.7080078125,1253.9879748635904
L16,10,SYTO,5533.2587890625,544.2107100844694
L16,11,CONC,2563.52685546875,118.42936830047428
L16,11,HOECHST,1558.478271484375,59.92490338997828
L16,11,MITO,35018.38671875,4265.3148766308495
L16,11,PHAandWGA,13211.3427734375,1197.6479485394304
L16,11,SYTO,5585.0810546875,519.1906796137197
L16,12,CONC,2610.9453125,114.09603361205656
L16,12,HOECHST,1579.275390625,57.61338232398788
L16,12,MITO,35396.05078125,4085.674042152655
L16,12,PHAandWGA,13490.029296875,1142.4327078810338
L16,12,SYTO,5635.279296875,493.6482075693473
L16,13,CONC,2649.45166015625,109.80557943765541
L16,13,HOECHST,1594.254150390625,55.19931184388313
L16,13,MITO,36393.375,3865.3090901897717
L16,13,PHAandWGA,13523.0166015625,1081.8145343714496
L16,13,SYTO,5727.255859375,469.18441328038887
L16,14,CONC,2676.192626953125,105.21064315037923
L16,14,HOECHST,1622.83984375,52.86686181947216
L16,14,MITO,36734.078125,3663.698986073265
L16,14,PHAandWGA,13642.375,1020.2906336997662
L16,14,SYTO,5759.4052734375,442.6588845264911
L16,15,CONC,2727.40771484375,99.98446456159041
L16,15,HOECHST,1664.681396484375,50.14935620656283
L16,15,MITO,37260.7421875,3437.9446764681106
L16,15,PHAandWGA,13711.15234375,956.351710839181
L16,15,SYTO,5880.4091796875,415.14748600868256
L17,0,CONC,2973.00244140625,72.32125446445271
L17,0,HOECHST,1851.1724853515625,51.184374675326545
L17,0,MITO,43540.6640625,2556.582016754471
L17,0,PHAandWGA,15419.7939453125,803.6080563652486
L17,0,SYTO,7150.26318359375,414.1252678073305
L17,1,CONC,3242.421875,100.41267820081866
L17,1,HOECHST,1978.262451171875,66.33351653877597
L17,1,MITO,46397.74609375,3204.9017440801035
L17,1,PHAandWGA,16467.29296875,1028.5140974005556
L17,1,SYTO,8543.728515625,556.60193696246
L17,2,CONC,3671.095703125,148.21361650436407
L17,2,HOECHST,2216.157958984375,99.54680648631364
L17,2,MITO,50689.296875,4158.894371160905
L17,2,PHAandWGA,18480.251953125,1356.2788664121108
L17,2,SYTO,10846.2158203125,805.9249815003703
L17,3,CONC,4022.635498046875,184.60140417658275
L17,3,HOECHST,2495.46142578125,137.66693680842974
L17,3,MITO,55028.77734375,4767.732342877605
L17,3,PHAandWGA,20308.04296875,1601.821333078731
L17,3,SYTO,12845.265625,998.4320653659948
L17,4,CONC,4329.1953125,202.57664074278767
L17,4,HOECHST,2728.681640625,161.51876978471662
L17,4,MITO,58662.0078125,5059.362696376712
L17,4,PHAandWGA,22010.787109375,1775.0623244530418
L17,4,SYTO,14581.9765625,1101.8443927288897
L17,5,CONC,4583.16064453125,211.5684650711291
L17,5,HOECHST,2895.26513671875,170.30344582754526
L17,5,MITO,61276.7734375,5194.657546918267
L17,5,PHAandWGA,24453.076171875,1904.5030024423831
L17,5,SYTO,16173.0615234375,1149.4145878840036
L17,6,CONC,4788.037109375,217.98877753870184
L17,6,HOECHST,3066.55615234375,176.76771729397177
L17,6,MITO,64504.5546875,5314.025429808983
L17,6,PHAandWGA,26001.91015625,2005.3160440281276
L17,6,SYTO,17709.431640625,1163.6594610996203
L17,7,CONC,4937.822265625,221.12840478040764
L17,7,HOECHST,3179.92724609375,178.7608367165721
L17,7,MITO,65746.1953125,5370.246845705824
L17,7,PHAandWGA,27144.69921875,2010.8437606071866
L17,7,SYTO,18812.86328125,1155.9307128814505
L17,8,CONC,5009.8740234375,217.26055212984605
L17,8,HOECHST,3285.982421875,178.77200724562232
L17,8,MITO,67138.1015625,5338.188951188153
L17,8,PHAandWGA,27983.61328125,1951.0342692314828
L17,8,SYTO,19727.9453125,1121.1547253263077
L17,9,CONC,5022.9970703125,210.85551355191092
L17,9,HOECHST,3340.781494140625,173.6566473598007
L17,9,MITO,68514.078125,5290.693687532042
L17,9,PHAandWGA,28080.55078125,1899.0432703124504
L17,9,SYTO,20137.10546875,1079.574173202203
L17,10,CONC,4988.60791015625,202.61665031441743
L17,10,HOECHST,3371.2431640625,168.2948147786624
L17,10,MITO,69095.6015625,5182.608975176309
L17,10,PHAandWGA,28551.16796875,1837.1441731185455
L17,10,SYTO,19879.615234375,1026.933435079564
L17,11,CONC,4973.111328125,194.40205106028483
L17,11,HOECHST,3329.12060546875,160.65549286544805
L17,11,MITO,69221.375,5059.071705014956
L17,11,PHAandWGA,28570.19140625,1771.9309489519476
L17,11,SYTO,19115.8984375,974.3495052914135
L17,12,CONC,4961.1123046875,186.4863891689315
L17,12,HOECHST,3314.501708984375,152.4229523047965
L17,12,MITO,69299.109375,4949.350675004361
L17,12,PHAandWGA,28328.046875,1716.7104468276696
L17,12,SYTO,18592.763671875,923.5218933820773
L17,13,CONC,4924.736328125,178.1032566908933
L17,13,HOECHST,3284.1943359375,143.38550624395236
L17,13,MITO,68911.9609375,4817.77027525758
L17,13,PHAandWGA,28324.62109375,1664.5094683735435
L17,13,SYTO,17858.71484375,875.3525999865433
L17,14,CONC,4917.7333984375,170.05715126825828
L17,14,HOECHST,3286.27783203125,135.91761664670688
L17,14,MITO,69694.0078125,4676.629115723319
L17,14,PHAandWGA,28272.9609375,1611.3762564784113
L17,14,SYTO,17181.9375,829.8184298735134
L17,15,CONC,4946.37890625,161.3679721015022
L17,15,HOECHST,3278.9462890625,128.85520814490263
L17,15,MITO,70250.9609375,4489.5001814111065
L17,15,PHAandWGA,28019.45703125,1540.4058989098928
L17,15,SYTO,16611.197265625,780.1337994978192
L18,0,CONC,2553.036865234375,68.90062028771679
L18,0,HOECHST,2281.673828125,75.00614194305741
L18,0,MITO,39064.0625,2370.2405167038073
L18,0,PHAandWGA,11937.046875,675.5799836531672
L18,0,SYTO,6117.79248046875,362.8155006768011
L18,1,CONC,2738.1708984375,84.24631968409793
L18,1,HOECHST,2434.53369140625,94.59282571109641
L18,1,MITO,40450.96875,2721.971182544068
L18,1,PHAandWGA,13144.40625,818.9375367230899
L18,1,SYTO,6744.80029296875,442.44604886460036
L18,2,CONC,2944.82177734375,99.27901669224944
L18,2,HOECHST,2616.135986328125,115.64895805661047
L18,2,MITO,43407.0,3072.107801367704
L18,2,PHAandWGA,14478.1806640625,953.0215045402132
L18,2,SYTO,7445.3984375,520.0581134041952
L18,3,CONC,3109.361328125,111.59226870267305
L18,3,HOECHST,2822.203125,134.56774692964956
L18,3,MITO,45559.80078125,3300.6999656263497
L18,3,PHAandWGA,15532.369140625,1036.8312172204946
L18,3,SYTO,8197.8623046875,578.9233848287242
L18,4,CONC,3288.31103515625,120.61311193669307
L18,4,HOECHST,2992.53271484375,146.9487986002353
L18,4,MITO,47261.296875,3454.7958998598974
L18,4,PHAandWGA,16749.12109375,1102.2381593074151
L18,4,SYTO,8700.412109375,616.0033294183397
L18,5,CONC,3415.0263671875,127.4550648057976
L18,5,HOECHST,3124.8388671875,154.79539490431725
L18,5,MITO,48797.7890625,3598.7775704833025
L18,5,PHAandWGA,17505.15625,1158.0408988601018
L18,5,SYTO,9192.8505859375,641.787677159452
L18,6,CONC,3501.08251953125,132.7188688321212
L18,6,HOECHST,3252.16455078125,160.76110212561372
L18,6,MITO,50725.640625,3713.3075205716686
L18,6,PHAandWGA,18447.62109375,1196.0235810444947
L18,6,SYTO,9549.509765625,657.3730162276119
L18,7,CONC,3608.77001953125,136.17451266215446
L18,7,HOECHST,3347.578125,164.64945711903962
L18,7,MITO,51335.2265625,3781.3368547250375
L18,7,PHAandWGA,19009.8125,1220.7962354906595
L18,7,SYTO,9711.658203125,666.5885686329705
L18,8,CONC,3703.73193359375,138.14653790453482
L18,8,HOECHST,3425.282958984375,167.09498698453368
L18,8,MITO,52301.390625,3818.7091682824166
L18,8,PHAandWGA,19612.869140625,1237.2115510872227
L18,8,SYTO,9898.9716796875,670.3898852936437
L18,9,CONC,3753.4306640625,138.85811589989126
L18,9,HOECHST,3481.0615234375,167.28707799411498
L18,9,MITO,53435.484375,3841.972076806097
L18,9,PHAandWGA,19998.802734375,1234.4750340091637
L18,9,SYTO,9990.7939453125,665.8840445053384
L18,10,CONC,3807.60693359375,138.4650765659831
L18,10,HOECHST,3519.06005859375,165.6087113890326
L18,10,MITO,53783.86328125,3842.2994950149905
L18,10,PHAandWGA,19953.75390625,1227.4141726253583
L18,10,SYTO,10046.982421875,657.555174919861
L18,11,CONC,3811.802001953125,137.0302270829384
L18,11,HOECHST,3564.12060546875,163.55833813805967
L18,11,MITO,54614.3515625,3809.023782261237
L18,11,PHAandWGA,20037.404296875,1211.6378230809623
L18,11,SYTO,9989.22265625,647.0169781365364
L18,12,CONC,3847.353271484375,135.4934284028549
L18,12,HOECHST,3568.2783203125,160.07448240954366
L18,12,MITO,55119.203125,3774.672634740456
L18,12,PHAandWGA,20330.716796875,1199.5259706826394
L18,12,SYTO,9971.755859375,635.0843732825101
L18,13,CONC,3878.11181640625,133.22275610119468
L18,13,HOECHST,3591.5361328125,156.86357908558858
L18,13,MITO,54816.23046875,3711.2579084220783
L18,13,PHAandWGA,20607.4765625,1175.8096724499937
L18,13,SYTO,9931.9140625,618.8587088445075
L18,14,CONC,3907.368896484375,130.68573994176552
L18,14,HOECHST,3621.2216796875,152.68581691507228
L18,14,MITO,54974.0546875,3626.413518637448
L18,14,PHAandWGA,20767.44140625,1145.789820129631
L18,14,SYTO,9914.98046875,601.1458561589695
L18,15,CONC,3907.0146484375,127.74213368944184
L18,15,HOECHST,3607.211181640625,148.36538409210965
L18,15,MITO,55338.578125,3537.176443325768
L18,15,PHAandWGA,20793.751953125,1117.3915694590073
L18,15,SYTO,9959.5,582.5581848745561
L20,0,CONC,1522.325927734375,58.73758921484328
L20,0,HOECHST,1550.033203125,94.86857091301532
L20,0,MITO,25818.453125,3864.0398989316686
L20,0,PHAandWGA,7850.53271484375,714.5505522438032
L20,0,SYTO,4015.82275390625,448.89277013949015
L20,1,CONC,1684.9722900390625,79.94030439289409
L20,1,HOECHST,1761.214599609375,140.77880604014382
L20,1,MITO,27807.490234375,4544.515344210928
L20,1,PHAandWGA,8935.953125,911.4362632327908
L20,1,SYTO,4981.62890625,602.5320017593624
L20,2,CONC,1818.8927001953125,94.29079979124523
L20,2,HOECHST,1952.3486328125,171.72467817190687
L20,2,MITO,29705.23046875,5008.4839537898815
L20,2,PHAandWGA,9734.65234375,1034.3163849343857
L20,2,SYTO,5686.07080078125,694.6226755953484
L20,3,CONC,1898.390625,103.40384270442466
L20,3,HOECHST,2059.89111328125,185.1360962011558
L20,3,MITO,31141.298828125,5256.090809076057
L20,3,PHAandWGA,10418.146484375,1106.1669246159504
L20,3,SYTO,5954.52294921875,728.3944784782761
L20,4,CONC,1959.0341796875,109.00322809953013
L20,4,HOECHST,2124.674072265625,188.4145874387288
L20,4,MITO,32033.095703125,5359.882542663528
L20,4,PHAandWGA,11046.955078125,1167.232906009541
L20,4,SYTO,6036.7880859375,733.6145964841614
L20,5,CONC,1991.84716796875,108.53169241640684
L20,5,HOECHST,2177.09228515625,190.23623289992298
L20,5,MITO,32581.896484375,5417.553943391903
L20,5,PHAandWGA,11530.70703125,1194.3593374797263
L20,5,SYTO,5962.5166015625,729.5277256519921
L20,6,CONC,2002.477783203125,105.24192105943693
L20,6,HOECHST,2184.875244140625,186.28218375172935
L20,6,MITO,32835.6484375,5438.284482746505
L20,6,PHAandWGA,11722.23828125,1180.5345137829634
L20,6,SYTO,5909.5224609375,713.7776705105507
L20,7,CONC,2024.00927734375,102.37763066375703
L20,7,HOECHST,2187.375732421875,178.90141107950643
L20,7,MITO,33534.15625,5422.658004743548
L20,7,PHAandWGA,11666.712890625,1162.3900924645586
L20,7,SYTO,5812.271484375,687.9410322168554
L20,8,CONC,2020.11572265625,98.79425414595023
L20,8,HOECHST,2168.207763671875,169.7814420999689
L20,8,MITO,33653.63671875,5324.147764979175
L20,8,PHAandWGA,11557.2783203125,1115.9907824882664
L20,8,SYTO,5593.5478515625,653.9069811708413
L20,9,CONC,2011.835205078125,94.56759503302254
L20,9,HOECHST,2155.206787109375,159.87508589004403
L20,9,MITO,33797.31640625,5213.762676818573
L20,9,PHAandWGA,11551.3515625,1055.4111872734948
L20,9,SYTO,5419.326171875,616.3311220710301
L20,10,CONC,2019.245361328125,89.7276725310112
L20,10,HOECHST,2132.82666015625,150.3195429026353
L20,10,MITO,33677.73828125,5011.144048219648
L20,10,PHAandWGA,11261.2744140625,982.2560043819005
L20,10,SYTO,5312.5380859375,574.0954872242559
L20,11,CONC,1990.785888671875,84.4156925594846
L20,11,HOECHST,2126.607421875,140.6903512146555
L20,11,MITO,33111.64453125,4772.564710649971
L20,11,PHAandWGA,11242.17578125,915.0678206230973
L20,11,SYTO,5260.5361328125,536.2738932565794
L20,12,CONC,1987.490234375,78.78590414524821
L20,12,HOECHST,2113.51025390625,130.57422389721336
L20,12,MITO,33093.66796875,4503.083735568774
L20,12,PHAandWGA,10866.724609375,844.9398522278401
L20,12,SYTO,5167.76904296875,494.33654125510014
L20,13,CONC,1991.6727294921875,72.97135658477188
L20,13,HOECHST,2116.81005859375,119.9932850384247
L20,13,MITO,33234.11328125,4169.565108015725
L20,13,PHAandWGA,10662.0869140625,759.9583270940378
L20,13,SYTO,5174.30126953125,450.7968856005515
L20,14,CONC,1994.051025390625,67.28166354944044
L20,14,HOECHST,2142.13720703125,109.45573131809131
L20,14,MITO,32862.9765625,3810.3080018641076
L20,14,PHAandWGA,10309.1953125,676.5200000325715
L20,14,SYTO,5175.80517578125,406.387722124089
L20,15,CONC,1996.421630859375,61.66930213485117
L20,15,HOECHST,2154.36328125,99.18212780806546
L20,15,MITO,32862.28515625,3406.946154119955
L20,15,PHAandWGA,10160.50390625,600.0920555729567
L20,15,SYTO,5178.529296875,365.6481718852026
L21,0,CONC,4543.2744140625,98.96275816002478
L21,0,HOECHST,3985.14111328125,129.28271796442272
L21,0,MITO,62037.9296875,2195.010350989381
L21,0,PHAandWGA,25071.5546875,964.4955984102788
L21,0,SYTO,16342.505859375,697.6302074700873
L21,1,CONC,4865.0830078125,123.79131303023824
L21,1,HOECHST,4311.6513671875,161.1633180106532
L21,1,MITO,64686.828125,2498.29987856573
L21,1,PHAandWGA,26483.19921875,1135.7757646748462
L21,1,SYTO,18319.43359375,858.0884108317731
L21,2,CONC,5244.2841796875,144.87605001712663
L21,2,HOECHST,4672.7001953125,195.0903566181212
L21,2,MITO,67778.3828125,2779.8684513392163
L21,2,PHAandWGA,28346.66796875,1290.7159313634334
L21,2,SYTO,20212.27734375,994.9319799889149
L21,3,CONC,5571.71826171875,159.32585473186413
L21,3,HOECHST,5041.1611328125,219.00664213884394
L21,3,MITO,71033.84375,2964.821554353333
L21,3,PHAandWGA,30465.4296875,1411.0997331520618
L21,3,SYTO,22005.375,1078.069707230758
L21,4,CONC,5872.22607421875,166.75489833147134
L21,4,HOECHST,5370.69482421875,234.0892409480352
L21,4,MITO,74370.796875,3106.411497790757
L21,4,PHAandWGA,32430.19921875,1496.9829071277422
L21,4,SYTO,23844.93359375,1122.0722045247442
L21,5,CONC,6123.416015625,170.5042550419447
L21,5,HOECHST,5644.2275390625,239.9777043773138
L21,5,MITO,77700.484375,3205.049442519197
L21,5,PHAandWGA,33821.5625,1548.5049856835176
L21,5,SYTO,25258.84765625,1135.5608208575127
L21,6,CONC,6306.67236328125,171.31816924014902
L21,6,HOECHST,5875.5771484375,240.79645792105157
L21,6,MITO,80437.8828125,3285.4408005168852
L21,6,PHAandWGA,35328.3515625,1555.823510124297
L21,6,SYTO,26955.87890625,1122.2914316455856
L21,7,CONC,6498.27734375,170.31553699481213
L21,7,HOECHST,6092.8388671875,238.14016914390223
L21,7,MITO,82808.671875,3317.1709328988395
L21,7,PHAandWGA,36779.3125,1546.8549612628262
L21,7,SYTO,28257.53515625,1101.4855918802011
L21,8,CONC,6598.9638671875,168.17098152715957
L21,8,HOECHST,6165.34765625,234.03101611942483
L21,8,MITO,85157.234375,3348.081777632991
L21,8,PHAandWGA,38521.0,1532.913223175433
L21,8,SYTO,28941.8984375,1071.0636456789296
L21,9,CONC,6673.33740234375,164.95094485513937
L21,9,HOECHST,6354.474609375,230.30199919600236
L21,9,MITO,86648.421875,3334.1366926396227
L21,9,PHAandWGA,39428.53125,1505.7967114386327
L21,9,SYTO,29953.078125,1039.4498952078357
L21,10,CONC,6766.9775390625,160.89361588362834
L21,10,HOECHST,6464.8779296875,225.230595719663
L21,10,MITO,88631.6015625,3316.9401496735413
L21,10,PHAandWGA,39813.64453125,1479.0160542802994
L21,10,SYTO,30627.935546875,1005.1211964525486
L21,11,CONC,6887.7724609375,156.13762850167998
L21,11,HOECHST,6531.01171875,217.57397564681088
L21,11,MITO,89159.96875,3253.592728741034
L21,11,PHAandWGA,40589.03515625,1444.1924867916234
L21,11,SYTO,30706.2890625,969.0182172760518
L21,12,CONC,6929.4560546875,151.18018600963782
L21,12,HOECHST,6629.95947265625,211.26835093149128
L21,12,MITO,90921.890625,3198.535528731451
L21,12,PHAandWGA,41383.7421875,1404.2817762419857
L21,12,SYTO,31459.087890625,931.881652138913
L21,13,CONC,6964.7275390625,145.64335850141538
L21,13,HOECHST,6705.9521484375,203.96382851522995
L21,13,MITO,92379.5,3109.0047768981294
L21,13,PHAandWGA,41850.94140625,1357.0531716116127
L21,13,SYTO,31514.8671875,891.5921549154052
L21,14,CONC,7013.53515625,140.38865375856477
L21,14,HOECHST,6762.189453125,195.87598324129
L21,14,MITO,93336.640625,3031.0787114981963
L21,14,PHAandWGA,42411.30078125,1314.2666726463015
L21,14,SYTO,31409.6953125,850.9661228621424
L21,15,CONC,7077.81787109375,135.21400696505233
L21,15,HOECHST,6869.4658203125,187.81658111216757
L21,15,MITO,95037.421875,2940.551408596073
L21,15,PHAandWGA,42408.6328125,1272.255098314753
L21,15,SYTO,31688.150390625,812.6508480738321
L22,0,CONC,1500.488037109375,76.62751246636499
L22,0,HOECHST,1825.841064453125,143.69760186442863
L22,0,MITO,24024.552734375,3832.920276518743
L22,0,PHAandWGA,5661.85595703125,635.4260922730534
L22,0,SYTO,3464.691162109375,424.7973899019518
L22,1,CONC,1680.0771484375,105.69209209702876
L22,1,HOECHST,2130.281005859375,216.36883861291594
L22,1,MITO,26268.82421875,4672.297542548119
L22,1,PHAandWGA,6711.68310546875,834.7038056913105
L22,1,SYTO,4267.45849609375,586.446723564433
L22,2,CONC,1839.5673828125,127.7289075832273
L22,2,HOECHST,2412.49560546875,268.2783819031737
L22,2,MITO,28634.244140625,5228.036963393586
L22,2,PHAandWGA,7891.02734375,997.0924416589096
L22,2,SYTO,5041.2919921875,705.3276108734353
L22,3,CONC,1971.4814453125,140.65669660155078
L22,3,HOECHST,2593.0166015625,293.4496552736688
L22,3,MITO,30595.50390625,5491.608836014355
L22,3,PHAandWGA,8794.345703125,1096.9508168119226
L22,3,SYTO,5446.177734375,760.7457422769239
L22,4,CONC,2053.8486328125,147.04091583063837
L22,4,HOECHST,2709.17919921875,301.61826239927314
L22,4,MITO,31279.5546875,5625.5347210160435
L22,4,PHAandWGA,9408.2099609375,1150.9964985626777
L22,4,SYTO,5648.6376953125,777.7981117510392
L22,5,CONC,2096.979736328125,148.2664768678082
L22,5,HOECHST,2745.010498046875,293.42736022104134
L22,5,MITO,31361.25390625,5563.566001875627
L22,5,PHAandWGA,9546.921875,1169.7756874093964
L22,5,SYTO,5580.8740234375,772.1209538032996
L22,6,CONC,2116.099609375,145.77643116626416
L22,6,HOECHST,2691.55322265625,279.2523457715309
L22,6,MITO,31585.501953125,5468.231765384383
L22,6,PHAandWGA,9705.9873046875,1158.7739559396123
L22,6,SYTO,5461.61376953125,750.0508242313875
L22,7,CONC,2115.9453125,141.665568851825
L22,7,HOECHST,2627.71728515625,264.8365180996294
L22,7,MITO,31449.138671875,5381.700120805667
L22,7,PHAandWGA,9610.205078125,1135.7597596650096
L22,7,SYTO,5278.9111328125,724.5185497823286
L22,8,CONC,2082.320068359375,135.72096264691626
L22,8,HOECHST,2594.510986328125,249.30455224958513
L22,8,MITO,30805.689453125,5201.1062067326575
L22,8,PHAandWGA,9433.287109375,1097.8085510034198
L22,8,SYTO,5105.53515625,687.7478297889604
L22,9,CONC,2067.2568359375,128.48536222044768
L22,9,HOECHST,2551.88671875,231.15679400800025
L22,9,MITO,30848.701171875,4976.329727570662
L22,9,PHAandWGA,9286.994140625,1032.2993341106278
L22,9,SYTO,4936.29296875,647.3861629434716
L22,10,CONC,2040.78369140625,120.08727541285957
L22,10,HOECHST,2506.3837890625,213.8526978563825
L22,10,MITO,30581.49609375,4721.200669968844
L22,10,PHAandWGA,8978.4765625,961.2821990821968
L22,10,SYTO,4776.1220703125,604.0654320322056
L22,11,CONC,2011.22509765625,112.04286041537158
L22,11,HOECHST,2480.48583984375,198.23776636434977
L22,11,MITO,30249.546875,4440.013408046248
L22,11,PHAandWGA,8692.1689453125,886.2864405714411
L22,11,SYTO,4718.3681640625,561.6497639565374
L22,12,CONC,2004.481201171875,104.35998012964104
L22,12,HOECHST,2464.13525390625,183.09054177996143
L22,12,MITO,30013.38671875,4143.377163956643
L22,12,PHAandWGA,8318.0009765625,814.2608691343383
L22,12,SYTO,4645.794921875,518.0699857098429
L22,13,CONC,1995.85888671875,96.28776638788766
L22,13,HOECHST,2464.299072265625,168.1516409457468
L22,13,MITO,29915.537109375,3786.9038057905204
L22,13,PHAandWGA,7901.6494140625,736.833493068316
L22,13,SYTO,4554.74658203125,472.28729617030297
L22,14,CONC,1990.2130126953125,88.61311838783774
L22,14,HOECHST,2493.51611328125,154.37181465197705
L22,14,MITO,29646.91015625,3426.5304314759187
L22,14,PHAandWGA,7568.6123046875,662.179608267197
L22,14,SYTO,4540.1484375,427.1974334518001
L22,15,CONC,2016.4703369140625,81.61126255380103
L22,15,HOECHST,2550.437744140625,141.1698767058968
L22,15,MITO,29668.044921875,3093.706845322053
L22,15,PHAandWGA,7285.736328125,592.2073876713702
L22,15,SYTO,4559.2333984375,387.98955694584066
M02,0,CONC,3892.44189453125,20.937893127406085
M02,0,HOECHST,3271.234619140625,32.918425860934846
M02,0,MITO,36884.33984375,507.4971148381749
M02,0,PHAandWGA,15414.052734375,223.49439757940624
M02,0,SYTO,12265.09375,196.03641144754283
M02,1,CONC,3995.368896484375,22.661151073061443
M02,1,HOECHST,3359.433837890625,36.00859496385214
M02,1,MITO,37942.2265625,540.6224952146698
M02,1,PHAandWGA,15970.2099609375,240.44153829589067
M02,1,SYTO,12554.841796875,210.78011327363157
M02,2,CONC,4100.103515625,24.549835725559245
M02,2,HOECHST,3455.620361328125,39.32154451503803
M02,2,MITO,38636.75,575.8900610096806
M02,2,PHAandWGA,16522.78515625,258.69638022894156
M02,2,SYTO,12889.4541015625,227.16094188016507
M02,3,CONC,4207.20166015625,26.61672829599145
M02,3,HOECHST,3547.42919921875,42.85139736868103
M02,3,MITO,39953.41015625,613.8265582135632
M02,3,PHAandWGA,17218.3671875,279.627027018536
M02,3,SYTO,13222.251953125,244.23990215807993
M02,4,CONC,4306.8583984375,28.79780328145654
M02,4,HOECHST,3658.28466796875,46.667749744619336
M02,4,MITO,40784.6875,653.1897656700097
M02,4,PHAandWGA,18233.994140625,302.7450388807755
M02,4,SYTO,13715.494140625,263.41598298317604
M02,5,CONC,4420.1025390625,31.092455896051927
M02,5,HOECHST,3760.115234375,50.5807308121511
M02,5,MITO,41751.7578125,689.6986774748805
M02,5,PHAandWGA,19089.23046875,325.3981789821674
M02,5,SYTO,14300.7373046875,282.75891929171735
M02,6,CONC,4540.029296875,33.504364639410134
M02,6,HOECHST,3879.10107421875,54.704255919797475
M02,6,MITO,42698.31640625,732.7293934679327
M02,6,PHAandWGA,20188.0859375,351.14997565152737
M02,6,SYTO,14939.169921875,302.67948581426015
M02,7,CONC,4656.51123046875,36.07792379942802
M02,7,HOECHST,3981.58251953125,59.05392350313374
M02,7,MITO,43741.16015625,772.6053811576537
M02,7,PHAandWGA,20980.94921875,375.26588027270697
M02,7,SYTO,15541.734375,323.3043639547117
M02,8,CONC,4801.15234375,38.732237970810786
M02,8,HOECHST,4110.16455078125,63.58504125695675
M02,8,MITO,45084.21875,814.7381873480757
M02,8,PHAandWGA,21942.283203125,403.39644708958656
M02,8,SYTO,16606.12109375,346.71461135480155
M02,9,CONC,4944.51025390625,41.543861762291286
M02,9,HOECHST,4228.74072265625,68.32624421106449
M02,9,MITO,46292.6484375,858.4284868837295
M02,9,PHAandWGA,22898.888671875,431.15491383881704
M02,9,SYTO,17325.46875,369.34809061115106
M02,10,CONC,5073.3251953125,44.47921447183516
M02,10,HOECHST,4338.6083984375,73.05802884887508
M02,10,MITO,47069.6328125,897.0015927495658
M02,10,PHAandWGA,23748.21875,457.0872151134509
M02,10,SYTO,18354.359375,394.11359600725774
M02,11,CONC,5217.2001953125,47.59287415535752
M02,11,HOECHST,4478.55859375,78.17375752188471
M02,11,MITO,48527.9140625,944.6812459697176
M02,11,PHAandWGA,24656.146484375,485.5915875819632
M02,11,SYTO,19412.591796875,420.6390434048648
M02,12,CONC,5344.3828125,50.814317902231906
M02,12,HOECHST,4634.71923828125,83.58346682501191
M02,12,MITO,49565.53515625,986.5714502819744
M02,12,PHAandWGA,25448.48046875,512.1524465421164
M02,12,SYTO,20384.34765625,448.0938159831821
M02,13,CONC,5516.9130859375,54.143433361697795
M02,13,HOECHST,4775.4091796875,89.05491036135716
M02,13,MITO,50280.4609375,1032.0163613172567
M02,13,PHAandWGA,26449.552734375,538.6943921578224
M02,13,SYTO,21319.94921875,473.522842507197
M02,14,CONC,5656.68359375,57.41813608646687
M02,14,HOECHST,4919.7021484375,94.26120358552946
M02,14,MITO,51940.234375,1073.936039688104
M02,14,PHAandWGA,27242.619140625,564.8225520158313
M02,14,SYTO,22241.609375,498.65775572864356
M02,15,CONC,5831.14013671875,60.81363296307072
M02,15,HOECHST,5059.896484375,99.5920165390696
M02,15,MITO,52577.1953125,1113.8785522502596
M02,15,PHAandWGA,28176.33203125,592.4941644572706
M02,15,SYTO,23413.39453125,526.1504424462946
M03,0,CONC,8370.3388671875,71.45326497810065
M03,0,HOECHST,7647.318359375,105.99395707556712
M03,0,MITO,90393.515625,1037.3262104099704
M03,0,PHAandWGA,46645.875,586.8406906644857
M03,0,SYTO,38900.33203125,543.6423153245124
M03,1,CONC,9039.0107421875,87.80346588550205
M03,1,HOECHST,8228.181640625,126.15639907041418
M03,1,MITO,93438.875,1167.7344818443175
M03,1,PHAandWGA,49276.765625,690.6935634082977
M03,1,SYTO,40810.5859375,647.8765828446666
M03,2,CONC,9642.103515625,97.23402736163742
M03,2,HOECHST,8738.0478515625,139.0061233366513
M03,2,MITO,97881.5546875,1240.0079134571688
M03,2,PHAandWGA,52040.5625,755.3564149566511
M03,2,SYTO,44452.9296875,723.1772765164178
M03,3,CONC,10105.119140625,97.47905727452857
M03,3,HOECHST,9348.373046875,142.68000481752338
M03,3,MITO,102397.359375,1240.6783759149919
M03,3,PHAandWGA,54720.6875,772.7003044801953
M03,3,SYTO,47145.0,734.431812498903
M03,4,CONC,10551.1171875,93.10621619118068
M03,4,HOECHST,9732.236328125,140.2097565793359
M03,4,MITO,106389.59375,1210.9346575907439
M03,4,PHAandWGA,56867.109375,756.1534408719162
M03,4,SYTO,50141.2265625,709.3605338824144
M03,5,CONC,10891.3984375,87.47023294744491
M03,5,HOECHST,10160.1005859375,134.17955488486595
M03,5,MITO,109931.265625,1164.1066799900184
M03,5,PHAandWGA,59877.3046875,722.0741322686753
M03,5,SYTO,51760.03515625,665.1046433269892
M03,6,CONC,11161.138671875,80.82453440226459
M03,6,HOECHST,10405.9873046875,126.06302577815839
M03,6,MITO,111590.78125,1098.8424837114528
M03,6,PHAandWGA,61692.2890625,676.9311124576515
M03,6,SYTO,54432.15234375,612.8410110786225
M03,7,CONC,11336.455078125,73.88908850475806
M03,7,HOECHST,10748.0625,118.014842506728
M03,7,MITO,114894.25,1030.498389525116
M03,7,PHAandWGA,63370.99609375,630.3661269266721
M03,7,SYTO,55940.015625,561.2804937315814
M03,8,CONC,11487.1513671875,67.66706670858179
M03,8,HOECHST,10980.734375,110.31041621971957
M03,8,MITO,116129.625,970.4232141500547
M03,8,PHAandWGA,64955.359375,587.942667915381
M03,8,SYTO,57000.28125,513.9271688565456
M03,9,CONC,11606.158203125,62.35654594053197
M03,9,HOECHST,11084.015625,103.3656604458312
M03,9,MITO,118174.921875,924.1873616700931
M03,9,PHAandWGA,65311.875,554.013303155529
M03,9,SYTO,58072.28125,474.13983678158166
M03,10,CONC,11719.068359375,57.977915774677335
M03,10,HOECHST,11278.107421875,97.81084723907131
M03,10,MITO,120481.9375,881.8175117310955
M03,10,PHAandWGA,66929.46875,522.9133551036803
M03,10,SYTO,58021.01171875,440.71554871756626
M03,11,CONC,11788.1494140625,53.94930556732327
M03,11,HOECHST,11436.216796875,92.96974968709848
M03,11,MITO,122237.5078125,841.4269599552587
M03,11,PHAandWGA,67970.921875,495.08401094051123
M03,11,SYTO,59305.109375,412.52224423724067
M03,12,CONC,11891.814453125,50.399258324539545
M03,12,HOECHST,11575.0419921875,88.50465831683768
M03,12,MITO,122367.8125,804.956859206266
M03,12,PHAandWGA,67720.5078125,470.761474886667
M03,12,SYTO,59385.8046875,386.83276863158676
M03,13,CONC,11996.3681640625,47.748554741262794
M03,13,HOECHST,11688.087890625,85.0370290500868
M03,13,MITO,123321.2109375,776.9501891599998
M03,13,PHAandWGA,68645.6796875,451.9913503348402
M03,13,SYTO,59886.19921875,367.48719413453836
M03,14,CONC,12048.80859375,45.391345919467994
M03,14,HOECHST,11882.8671875,82.0215630139258
M03,14,MITO,125781.5625,751.7400097547604
M03,14,PHAandWGA,70121.625,435.33745414188235
M03,14,SYTO,60523.921875,350.93753066291026
M03,15,CONC,12222.724609375,43.41196789354711
M03,15,HOECHST,12110.51953125,79.35747110074213
M03,15,MITO,126993.96875,734.1376591739431
M03,15,PHAandWGA,70596.8046875,421.0272038332684
M03,15,SYTO,60923.09765625,335.4726730322443
M04,0,CONC,5401.24853515625,74.41541776857491
M04,0,HOECHST,4127.04443359375,83.10041460514029
M04,0,MITO,67386.75,1321.0473904856697
M04,0,PHAandWGA,29348.61328125,720.5077792931835
M04,0,SYTO,22321.630859375,592.3583341210997
M04,1,CONC,5686.91796875,86.83583147908328
M04,1,HOECHST,4369.11572265625,96.84809945600395
M04,1,MITO,68025.8984375,1445.5455878100456
M04,1,PHAandWGA,30435.759765625,810.3581271498651
M04,1,SYTO,23613.912109375,683.6246956918994
M04,2,CONC,5991.625,99.95011983280466
M04,2,HOECHST,4638.05712890625,111.70108570961331
M04,2,MITO,71714.3671875,1580.8895956196125
M04,2,PHAandWGA,32465.31640625,903.2538459616354
M04,2,SYTO,25310.39453125,774.8860843858025
M04,3,CONC,6318.345703125,110.89449023548845
M04,3,HOECHST,4859.3642578125,123.05111793896512
M04,3,MITO,73825.078125,1695.4577450991594
M04,3,PHAandWGA,33964.1640625,982.8357368487232
M04,3,SYTO,26852.83203125,845.7917500322343
M04,4,CONC,6661.0966796875,118.68692783660977
M04,4,HOECHST,5154.9189453125,132.75144534007302
M04,4,MITO,77197.8515625,1791.5027799122097
M04,4,PHAandWGA,35693.609375,1035.1741326747158
M04,4,SYTO,28661.55078125,891.2036687931402
M04,5,CONC,6945.9501953125,122.01592106647905
M04,5,HOECHST,5405.6630859375,139.3424957078038
M04,5,MITO,79305.828125,1853.4978554958266
M04,5,PHAandWGA,38012.4453125,1060.1736060968385
M04,5,SYTO,30395.765625,908.6889965490581
M04,6,CONC,7191.296875,122.77117249178487
M04,6,HOECHST,5622.443359375,142.04354223663108
M04,6,MITO,82899.171875,1892.538558242461
M04,6,PHAandWGA,39632.671875,1065.0195935461375
M04,6,SYTO,32146.25390625,903.221787172926
M04,7,CONC,7375.857421875,121.82310111485134
M04,7,HOECHST,5872.9150390625,142.7444731133666
M04,7,MITO,84387.703125,1920.1359319558603
M04,7,PHAandWGA,41094.9609375,1059.540845949717
M04,7,SYTO,33445.1875,883.0724864821124
M04,8,CONC,7588.77734375,120.05995910454631
M04,8,HOECHST,6072.0693359375,140.59857221617898
M04,8,MITO,88006.453125,1935.5906350166558
M04,8,PHAandWGA,42082.296875,1048.945952441691
M04,8,SYTO,35515.6640625,863.346308460322
M04,9,CONC,7755.8583984375,117.8875557188465
M04,9,HOECHST,6166.83056640625,137.77246016219345
M04,9,MITO,89490.546875,1939.9878664606592
M04,9,PHAandWGA,43809.04296875,1029.5681422144462
M04,9,SYTO,36657.078125,834.2212804733333
M04,10,CONC,7873.36181640625,115.22909260531027
M04,10,HOECHST,6311.0615234375,134.30580859252606
M04,10,MITO,90688.078125,1925.790375607863
M04,10,PHAandWGA,44880.9453125,1012.0387260889415
M04,10,SYTO,37447.28125,806.3994382607887
M04,11,CONC,8009.99267578125,112.22792980052786
M04,11,HOECHST,6460.43994140625,131.09239727023018
M04,11,MITO,92330.9296875,1902.9340734797643
M04,11,PHAandWGA,45027.25,988.9959441260672
M04,11,SYTO,37702.125,775.3525780311405
M04,12,CONC,8073.95654296875,108.95593837616914
M04,12,HOECHST,6543.37158203125,126.93990128726918
M04,12,MITO,94784.890625,1866.5942961597343
M04,12,PHAandWGA,46597.0234375,962.3873172048765
M04,12,SYTO,38690.3125,747.1805463475844
M04,13,CONC,8216.3984375,105.55063147404458
M04,13,HOECHST,6663.8408203125,123.36730832358076
M04,13,MITO,96770.15625,1840.3026098527646
M04,13,PHAandWGA,46748.6328125,938.4289904756702
M04,13,SYTO,38718.96875,717.5073901469248
M04,14,CONC,8283.4375,102.14702417594415
M04,14,HOECHST,6724.19873046875,119.76526779116263
M04,14,MITO,97615.953125,1803.6272665629056
M04,14,PHAandWGA,47791.14453125,914.5094581125222
M04,14,SYTO,39640.79296875,692.5048866427713
M04,15,CONC,8397.4169921875,99.0210725003678
M04,15,HOECHST,6829.03271484375,116.01924920662445
M04,15,MITO,99288.234375,1763.2228453715168
M04,15,PHAandWGA,48458.3203125,891.7350508022208
M04,15,SYTO,39835.0078125,665.2792648289649
M05,0,CONC,4850.7216796875,90.70182577147878
M05,0,HOECHST,4363.09765625,126.31485479997734
M05,0,MITO,62941.0625,2035.5212176330617
M05,0,PHAandWGA,26467.03515625,855.9399864354253
M05,0,SYTO,19049.919921875,693.3806687408819
M05,1,CONC,5416.06298828125,129.3447714271838
M05,1,HOECHST,4887.30126953125,174.07550980227313
M05,1,MITO,68980.90625,2537.949900296714
M05,1,PHAandWGA,28860.171875,1098.042849108089
M05,1,SYTO,21784.951171875,936.8108817550803
M05,2,CONC,6027.9873046875,160.35139591140114
M05,2,HOECHST,5460.564453125,214.1553270439036
M05,2,MITO,74794.765625,2899.562893669642
M05,2,PHAandWGA,31432.330078125,1303.0065678500873
M05,2,SYTO,24966.09375,1128.7118817394712
M05,3,CONC,6488.189453125,171.1923604879187
M05,3,HOECHST,5859.03466796875,228.0701969992087
M05,3,MITO,78685.15625,3024.8104455558127
M05,3,PHAandWGA,33732.96484375,1399.0371522575838
M05,3,SYTO,27344.26953125,1198.3607303562603
M05,4,CONC,6721.564453125,170.20372724632588
M05,4,HOECHST,6156.88818359375,229.27201576497856
M05,4,MITO,80588.96875,3023.045791514354
M05,4,PHAandWGA,35398.84375,1417.6655899178795
M05,4,SYTO,28952.0078125,1195.314518305492
M05,5,CONC,6836.3564453125,163.97859874430935
M05,5,HOECHST,6341.1640625,226.10171340847637
M05,5,MITO,82724.2421875,2947.108673224567
M05,5,PHAandWGA,37402.56640625,1393.5934712000048
M05,5,SYTO,30725.080078125,1155.180407249211
M05,6,CONC,6930.39990234375,159.31406848980566
M05,6,HOECHST,6516.2158203125,220.77701474134685
M05,6,MITO,84142.484375,2898.5351215994256
M05,6,PHAandWGA,38424.6328125,1367.0454459091527
M05,6,SYTO,31205.4140625,1118.1228530255594
M05,7,CONC,6996.583984375,154.8943024507837
M05,7,HOECHST,6568.65771484375,213.6489486792392
M05,7,MITO,85255.109375,2866.452927504861
M05,7,PHAandWGA,39449.88671875,1346.2051520043867
M05,7,SYTO,32487.4296875,1082.4419077750968
M05,8,CONC,7049.26171875,149.62737349248695
M05,8,HOECHST,6608.912109375,205.99901372657723
M05,8,MITO,85793.78125,2819.426278679364
M05,8,PHAandWGA,39339.4921875,1317.0261292865148
M05,8,SYTO,32874.3359375,1044.6224326442061
M05,9,CONC,7069.2890625,143.75066918848185
M05,9,HOECHST,6622.9658203125,198.9385022522888
M05,9,MITO,86406.125,2769.8441327068863
M05,9,PHAandWGA,40555.78515625,1292.5855450052184
M05,9,SYTO,32901.55859375,1006.1008494036265
M05,10,CONC,7110.53564453125,138.15238124657395
M05,10,HOECHST,6664.3681640625,190.5115585479785
M05,10,MITO,87959.953125,2708.621318806289
M05,10,PHAandWGA,40741.4765625,1255.1554066116457
M05,10,SYTO,33338.359375,961.6845944514838
M05,11,CONC,7126.07861328125,132.92537223473366
M05,11,HOECHST,6710.4501953125,183.06492848551488
M05,11,MITO,87935.5546875,2629.316346124512
M05,11,PHAandWGA,41771.20703125,1214.6474139851107
M05,11,SYTO,33681.4140625,918.9665684587212
M05,12,CONC,7164.208984375,127.61993269235273
M05,12,HOECHST,6826.8505859375,175.87316238929543
M05,12,MITO,89036.578125,2556.73941307491
M05,12,PHAandWGA,41690.49609375,1176.2569529534062
M05,12,SYTO,33669.44921875,877.596166215808
M05,13,CONC,7221.740234375,122.67191825312464
M05,13,HOECHST,6879.169921875,169.2790205589675
M05,13,MITO,90237.765625,2475.382638952126
M05,13,PHAandWGA,41967.140625,1136.9256626873444
M05,13,SYTO,34127.5078125,838.1875498111823
M05,14,CONC,7277.73388671875,118.25220773095394
M05,14,HOECHST,6945.71484375,163.674281712208
M05,14,MITO,91229.6875,2399.945912107054
M05,14,PHAandWGA,42447.921875,1100.876266355633
M05,14,SYTO,34488.1875,802.1725228441351
M05,15,CONC,7347.4580078125,114.6932164301694
M05,15,HOECHST,7039.7275390625,158.36436093029195
M05,15,MITO,91576.40625,2324.0706313583637
M05,15,PHAandWGA,42732.828125,1066.114305029378
M05,15,SYTO,34434.99609375,769.2315219199149
M06,0,CONC,7371.08154296875,60.033761991338416
M06,0,HOECHST,6423.166015625,87.13759441745711
M06,0,MITO,81454.640625,1124.5775663558948
M06,0,PHAandWGA,38803.3359375,527.3609460105359
M06,0,SYTO,30361.9765625,447.24979736699663
M06,1,CONC,7875.7978515625,76.31635801066246
M06,1,HOECHST,6812.46533203125,108.5552110233989
M06,1,MITO,85804.8046875,1413.8155727109074
M06,1,PHAandWGA,40309.87109375,620.4545536790552
M06,1,SYTO,32402.1875,541.8028309763986
M06,2,CONC,8458.541015625,96.41347811147808
M06,2,HOECHST,7340.615234375,135.19959148866968
M06,2,MITO,91501.296875,1660.698363338891
M06,2,PHAandWGA,43178.203125,738.7111825390859
M06,2,SYTO,34847.01171875,662.7791380423346
M06,3,CONC,9048.85546875,108.56888711225126
M06,3,HOECHST,7839.8447265625,151.53801309016092
M06,3,MITO,95597.1875,1743.3593918239405
M06,3,PHAandWGA,45426.6484375,819.4360479149872
M06,3,SYTO,36409.9375,737.0986953888288
M06,4,CONC,9469.751953125,114.30952743670794
M06,4,HOECHST,8189.48974609375,158.99729751918355
M06,4,MITO,99095.2578125,1767.8539528634929
M06,4,PHAandWGA,47709.12890625,870.6651578872614
M06,4,SYTO,39309.125,785.3654778659223
M06,5,CONC,9914.72265625,117.4745156683422
M06,5,HOECHST,8586.33984375,162.5672994374652
M06,5,MITO,101857.15625,1780.6840559793623
M06,5,PHAandWGA,49995.90625,903.7436833406371
M06,5,SYTO,41238.25390625,807.9180866662966
M06,6,CONC,10337.587890625,118.65615520682533
M06,6,HOECHST,9010.13671875,162.10788705232932
M06,6,MITO,105782.109375,1771.2269608134623
M06,6,PHAandWGA,52612.68359375,912.9416914374509
M06,6,SYTO,43545.12109375,806.0000997087714
M06,7,CONC,10780.6962890625,118.47270647494734
M06,7,HOECHST,9443.607421875,159.62720111187352
M06,7,MITO,110790.3828125,1737.205857270451
M06,7,PHAandWGA,54859.1015625,905.0975385650976
M06,7,SYTO,45925.546875,793.1689625326236
M06,8,CONC,11239.3134765625,117.55439807108432
M06,8,HOECHST,9905.05078125,160.1234856535402
M06,8,MITO,114729.1328125,1714.041253720305
M06,8,PHAandWGA,57438.97265625,886.1223817862596
M06,8,SYTO,48722.484375,772.8775050810254
M06,9,CONC,11584.033203125,113.84993421741248
M06,9,HOECHST,10226.078125,155.47009735330457
M06,9,MITO,118596.3984375,1650.5155124026423
M06,9,PHAandWGA,59803.32421875,856.08987942334
M06,9,SYTO,51116.66796875,741.6594605995339
M06,10,CONC,11796.37109375,107.76369326360387
M06,10,HOECHST,10508.6953125,148.5992484016945
M06,10,MITO,118543.4375,1553.4530384434063
M06,10,PHAandWGA,61641.6953125,821.9184530966136
M06,10,SYTO,53007.8046875,705.4611402033881
M06,11,CONC,11985.0517578125,101.19048827645267
M06,11,HOECHST,10785.51171875,141.03469812131124
M06,11,MITO,122281.609375,1490.7690389193306
M06,11,PHAandWGA,62292.6953125,784.2515624861389
M06,11,SYTO,53394.8671875,664.489676718258
M06,12,CONC,12047.447265625,94.42361146159564
M06,12,HOECHST,10962.3193359375,133.49710443195013
M06,12,MITO,123735.171875,1432.2134056932073
M06,12,PHAandWGA,63580.8125,745.0488014439318
M06,12,SYTO,55468.5703125,623.7211954914878
M06,13,CONC,12183.7744140625,87.97125155097501
M06,13,HOECHST,11092.201171875,125.28617869126435
M06,13,MITO,124936.65625,1349.1681212143685
M06,13,PHAandWGA,64991.4140625,709.3395929636864
M06,13,SYTO,55676.7578125,582.8672180403282
M06,14,CONC,12262.751953125,82.3684036202362
M06,14,HOECHST,11266.556640625,118.43232262172796
M06,14,MITO,126745.453125,1282.300245212017
M06,14,PHAandWGA,66837.359375,678.7747153893874
M06,14,SYTO,57382.1953125,545.9892981399296
M06,15,CONC,12395.5380859375,77.2598191267533
M06,15,HOECHST,11348.8779296875,112.57419573931504
M06,15,MITO,127460.0234375,1220.581998436529
M06,15,PHAandWGA,66515.1328125,651.4312800319937
M06,15,SYTO,57760.3828125,514.3115395440725
M07,0,CONC,9568.5712890625,99.11365208480963
M07,0,HOECHST,8042.3515625,134.65067774512497
M07,0,MITO,95111.890625,1150.7883699173515
M07,0,PHAandWGA,47409.015625,692.5335901553655
M07,0,SYTO,39813.16015625,674.9381355603887
M07,1,CONC,10753.1943359375,150.2756589763234
M07,1,HOECHST,8928.2685546875,188.55489872039985
M07,1,MITO,100144.359375,1446.6940683439686
M07,1,PHAandWGA,50540.0390625,909.8725530337761
M07,1,SYTO,43893.5,933.3199661673281
M07,2,CONC,11807.048828125,180.51935358254542
M07,2,HOECHST,9672.208984375,212.5902827960676
M07,2,MITO,105357.9609375,1629.3510544170797
M07,2,PHAandWGA,54719.16796875,1069.9386679124227
M07,2,SYTO,47464.60546875,1085.3785211655224
M07,3,CONC,13060.2734375,200.2653241202718
M07,3,HOECHST,10761.669921875,244.29584379735653
M07,3,MITO,114122.984375,1813.857961896332
M07,3,PHAandWGA,58806.640625,1144.9209928685482
M07,3,SYTO,51586.125,1166.5650722634596
M07,4,CONC,14036.2685546875,199.86464176140652
M07,4,HOECHST,11802.447265625,252.8086578647007
M07,4,MITO,121158.640625,1880.154471303397
M07,4,PHAandWGA,63303.1875,1148.3376480366092
M07,4,SYTO,56113.18359375,1166.168299225768
M07,5,CONC,14461.9375,181.8371997050862
M07,5,HOECHST,12236.9423828125,243.82983636238367
M07,5,MITO,124388.53125,1765.5014510296737
M07,5,PHAandWGA,66049.484375,1105.7982983111624
M07,5,SYTO,58131.6328125,1102.533737522258
M07,6,CONC,14740.75,167.24110805870376
M07,6,HOECHST,12626.3623046875,230.67318440920047
M07,6,MITO,125875.9375,1681.3134617181759
M07,6,PHAandWGA,67230.7265625,1040.2978037494547
M07,6,SYTO,59740.234375,1016.3122044931106
M07,7,CONC,14966.3515625,152.2592386229206
M07,7,HOECHST,12900.189453125,211.22751805912847
M07,7,MITO,130637.9296875,1615.2274512891818
M07,7,PHAandWGA,69210.484375,973.1344097197361
M07,7,SYTO,62100.203125,926.3485647728216
M07,8,CONC,15123.833984375,138.13764896339603
M07,8,HOECHST,13117.8583984375,193.31229756288823
M07,8,MITO,132822.28125,1539.481363763403
M07,8,PHAandWGA,71664.859375,912.370736491323
M07,8,SYTO,63742.8125,851.1786547112061
M07,9,CONC,15138.162109375,124.47839156852548
M07,9,HOECHST,13298.224609375,176.7784157593119
M07,9,MITO,134810.0625,1447.03847994128
M07,9,PHAandWGA,72301.828125,846.277959937945
M07,9,SYTO,63824.171875,774.0303316953751
M07,10,CONC,15063.04296875,112.41396006093792
M07,10,HOECHST,13322.9013671875,161.74539138503195
M07,10,MITO,136916.96875,1362.9692857336495
M07,10,PHAandWGA,73707.640625,788.8431155301838
M07,10,SYTO,65197.26171875,709.0160798783846
M07,11,CONC,15082.2060546875,100.99235068477353
M07,11,HOECHST,13396.1611328125,148.67217640748223
M07,11,MITO,137884.34375,1280.0969952394507
M07,11,PHAandWGA,74386.171875,734.1816087869265
M07,11,SYTO,64940.06640625,644.762841577555
M07,12,CONC,15125.5859375,92.26944456501914
M07,12,HOECHST,13419.0625,136.55608954652553
M07,12,MITO,139929.796875,1226.4775000464813
M07,12,PHAandWGA,74526.375,686.2599292375018
M07,12,SYTO,65368.6015625,590.7092495945532
M07,13,CONC,15096.453125,84.10252827988128
M07,13,HOECHST,13530.6640625,125.92078958727117
M07,13,MITO,141712.0,1147.4592395999862
M07,13,PHAandWGA,74654.640625,642.7152898244774
M07,13,SYTO,65348.4296875,544.525694620051
M07,14,CONC,15022.6630859375,77.77114125373588
M07,14,HOECHST,13586.224609375,118.882214018428
M07,14,MITO,142572.0625,1082.7495469110652
M07,14,PHAandWGA,75069.96875,609.7286315336113
M07,14,SYTO,66075.078125,510.0025895562965
M07,15,CONC,15109.638671875,71.15300322838637
M07,15,HOECHST,13627.2421875,111.08653930393443
M07,15,MITO,143109.3125,1017.9242603409843
M07,15,PHAandWGA,76983.390625,571.3601836624512
M07,15,SYTO,66707.6171875,471.5499797857208
M08,0,CONC,1962.585693359375,62.65934402029427
M08,0,HOECHST,1520.574951171875,50.83737843620495
M08,0,MITO,31238.453125,2839.275021331147
M08,0,PHAandWGA,7387.17919921875,562.9809941022281
M08,0,SYTO,5035.169921875,406.5191395103088
M08,1,CONC,2076.66796875,71.21518574936717
M08,1,HOECHST,1606.4775390625,57.97399505560838
M08,1,MITO,32131.29296875,2991.293692970318
M08,1,PHAandWGA,8050.978515625,624.4242740626966
M08,1,SYTO,5401.0546875,454.782208674103
M08,2,CONC,2179.701171875,77.59258989361636
M08,2,HOECHST,1696.63525390625,64.09888014582062
M08,2,MITO,33327.578125,3101.3876547200484
M08,2,PHAandWGA,8873.16015625,675.6802241126929
M08,2,SYTO,5769.451171875,490.236240433194
M08,3,CONC,2254.08251953125,80.96108658376626
M08,3,HOECHST,1771.449951171875,66.3218132889005
M08,3,MITO,34087.5390625,3149.4024489505964
M08,3,PHAandWGA,9458.376953125,707.6460055223115
M08,3,SYTO,6048.69140625,508.6735284999049
M08,4,CONC,2307.521484375,82.14181109353083
M08,4,HOECHST,1794.42919921875,65.43257458649394
M08,4,MITO,34488.84765625,3155.279201633753
M08,4,PHAandWGA,9878.052734375,720.538265914022
M08,4,SYTO,6167.68359375,512.0184350187233
M08,5,CONC,2342.6337890625,81.65599929736682
M08,5,HOECHST,1811.40283203125,63.801323787471155
M08,5,MITO,35643.2734375,3122.413722440501
M08,5,PHAandWGA,9929.1826171875,716.3958948545493
M08,5,SYTO,6216.4189453125,502.23238467091477
M08,6,CONC,2362.33837890625,80.22377688252578
M08,6,HOECHST,1822.78076171875,61.401004781845224
M08,6,MITO,35788.0078125,3048.517345630867
M08,6,PHAandWGA,9823.580078125,699.9609276223684
M08,6,SYTO,6257.04150390625,486.77192434713925
M08,7,CONC,2388.45458984375,77.94653313789615
M08,7,HOECHST,1827.5916748046875,58.82443226496897
M08,7,MITO,35499.5078125,2946.2235138176234
M08,7,PHAandWGA,9698.9541015625,676.3770706702198
M08,7,SYTO,6284.5654296875,469.20500327254877
M08,8,CONC,2400.219970703125,75.04827267460736
M08,8,HOECHST,1842.214599609375,56.11576442337282
M08,8,MITO,36552.28125,2863.631779444881
M08,8,PHAandWGA,9493.904296875,648.1692660159517
M08,8,SYTO,6281.626953125,448.00542224037486
M08,9,CONC,2409.72509765625,72.11137230931347
M08,9,HOECHST,1857.70654296875,53.7246655508615
M08,9,MITO,36424.703125,2763.950545053034
M08,9,PHAandWGA,9407.7421875,619.5283722130367
M08,9,SYTO,6321.87939453125,427.29444785322363
M08,10,CONC,2421.71337890625,69.36427303094877
M08,10,HOECHST,1876.719970703125,51.43423867765241
M08,10,MITO,36723.62890625,2644.709779619379
M08,10,PHAandWGA,9191.90234375,589.069841123329
M08,10,SYTO,6341.8974609375,406.8993815711892
M08,11,CONC,2440.155517578125,66.21712772402269
M08,11,HOECHST,1887.239013671875,49.01147139401142
M08,11,MITO,37016.33984375,2511.417376975705
M08,11,PHAandWGA,9000.291015625,554.5088894118264
M08,11,SYTO,6349.5810546875,383.99885609928214
M08,12,CONC,2454.23486328125,63.3644192737847
M08,12,HOECHST,1906.936767578125,46.39976324424203
M08,12,MITO,37356.1875,2393.1349343375073
M08,12,PHAandWGA,8905.609375,525.0048541997372
M08,12,SYTO,6349.013671875,363.2909570520632
M08,13,CONC,2483.761962890625,60.37953041222065
M08,13,HOECHST,1925.261474609375,44.10501582947862
M08,13,MITO,37093.671875,2248.341457721105
M08,13,PHAandWGA,8767.796875,493.41356799687435
M08,13,SYTO,6347.86865234375,342.8005887604758
M08,14,CONC,2493.9921875,57.49899847184879
M08,14,HOECHST,1940.6322021484375,41.90152026946822
M08,14,MITO,37674.45703125,2117.2891545913844
M08,14,PHAandWGA,8779.708984375,462.88621688008607
M08,14,SYTO,6376.7958984375,322.44339952592577
M08,15,CONC,2532.6767578125,54.52236721942978
M08,15,HOECHST,1963.8629150390625,39.69826041063729
M08,15,MITO,38006.05078125,1976.870531042092
M08,15,PHAandWGA,8783.5654296875,431.649951405044
M08,15,SYTO,6456.55908203125,301.54594151250177
M09,0,CONC,4732.48388671875,104.65709185423466
M09,0,HOECHST,2757.830810546875,68.7466026152114
M09,0,MITO,59185.6484375,2201.4199803291426
M09,0,PHAandWGA,22911.189453125,856.0318508306916
M09,0,SYTO,14794.09765625,609.6844818834719
M09,1,CONC,5474.23388671875,166.11134995418323
M09,1,HOECHST,3125.423828125,107.30503770241907
M09,1,MITO,64960.984375,2914.59946462627
M09,1,PHAandWGA,25528.353515625,1178.9186443969652
M09,1,SYTO,17779.787109375,917.3042825979951
M09,2,CONC,6258.884765625,216.92350389832538
M09,2,HOECHST,3542.053466796875,145.1095328195809
M09,2,MITO,71942.875,3535.044104203858
M09,2,PHAandWGA,28437.748046875,1439.2282401776683
M09,2,SYTO,21164.701171875,1172.3322113189545
M09,3,CONC,6709.884765625,229.41767523086938
M09,3,HOECHST,3889.345947265625,167.55061229181078
M09,3,MITO,75934.125,3731.7068607122737
M09,3,PHAandWGA,30715.4140625,1548.3847430422802
M09,3,SYTO,23903.53125,1264.4065017703708
M09,4,CONC,6948.8271484375,228.32497425857747
M09,4,HOECHST,4123.6962890625,172.9407070158062
M09,4,MITO,78098.2109375,3751.573882979855
M09,4,PHAandWGA,32221.3828125,1592.274264327827
M09,4,SYTO,25526.544921875,1278.580995114181
M09,5,CONC,7135.6357421875,226.78022729976453
M09,5,HOECHST,4256.8779296875,171.10593041543441
M09,5,MITO,80841.046875,3770.882667250542
M09,5,PHAandWGA,34403.84375,1595.272762284582
M09,5,SYTO,27322.44140625,1260.2336927301642
M09,6,CONC,7334.4091796875,222.8963177942362
M09,6,HOECHST,4395.291015625,166.90284197894502
M09,6,MITO,83047.71875,3759.6742465200405
M09,6,PHAandWGA,35665.40234375,1578.3233018990295
M09,6,SYTO,28122.607421875,1230.5649901061763
M09,7,CONC,7376.689453125,215.03794708559366
M09,7,HOECHST,4524.4970703125,163.60610762227435
M09,7,MITO,83985.5234375,3684.552716565445
M09,7,PHAandWGA,36764.796875,1540.675281064892
M09,7,SYTO,29388.205078125,1180.200443492576
M09,8,CONC,7469.1220703125,207.44350809308284
M09,8,HOECHST,4570.0751953125,156.8641747368145
M09,8,MITO,85587.5390625,3585.0094750424337
M09,8,PHAandWGA,37142.98046875,1497.285760206704
M09,8,SYTO,29871.623046875,1124.7516672792196
M09,9,CONC,7459.4658203125,198.15679417503546
M09,9,HOECHST,4659.197265625,150.93252511775498
M09,9,MITO,86400.265625,3512.8188583298706
M09,9,PHAandWGA,38489.52734375,1445.183872364995
M09,9,SYTO,29797.63671875,1070.4549610650745
M09,10,CONC,7428.90771484375,188.1800978930143
M09,10,HOECHST,4694.9169921875,144.59651669472447
M09,10,MITO,87516.5546875,3439.076373590444
M09,10,PHAandWGA,38817.81640625,1400.7909895759383
M09,10,SYTO,30544.765625,1022.7358594800047
M09,11,CONC,7419.177734375,178.7181218569289
M09,11,HOECHST,4681.15380859375,137.28373671014907
M09,11,MITO,87992.4609375,3350.7547577771984
M09,11,PHAandWGA,38591.79296875,1362.0735212605548
M09,11,SYTO,30472.4765625,978.6439139185385
M09,12,CONC,7391.7763671875,169.7781383325908
M09,12,HOECHST,4646.4501953125,131.21668354082485
M09,12,MITO,87901.90625,3263.563544312676
M09,12,PHAandWGA,38600.828125,1320.0494916390362
M09,12,SYTO,30225.77734375,928.6901901233416
M09,13,CONC,7379.4453125,161.0635207502889
M09,13,HOECHST,4667.67041015625,125.07394335989436
M09,13,MITO,89197.34375,3172.7438184259026
M09,13,PHAandWGA,38699.1328125,1279.0242784984232
M09,13,SYTO,29902.19140625,885.575763188491
M09,14,CONC,7381.271484375,152.5462096010856
M09,14,HOECHST,4659.8173828125,118.328064521367
M09,14,MITO,89086.0703125,3057.530223854244
M09,14,PHAandWGA,38915.20703125,1234.7666788714348
M09,14,SYTO,29854.12890625,838.4321422054605
M09,15,CONC,7373.076171875,144.93372403764246
M09,15,HOECHST,4694.87255859375,113.33238104874408
M09,15,MITO,89386.2890625,2951.9628820908288
M09,15,PHAandWGA,38916.890625,1195.7375468418538
M09,15,SYTO,29398.427734375,796.9418213978472
M10,0,CONC,4354.626953125,76.66808744781976
M10,0,HOECHST,2470.127197265625,51.152696130330426
M10,0,MITO,58446.1328125,1926.40887545835
M10,0,PHAandWGA,21640.82421875,746.498429287038
M10,0,SYTO,13689.5703125,514.7448691042888
M10,1,CONC,4698.76708984375,103.56520927198967
M10,1,HOECHST,2650.21923828125,66.64214936244228
M10,1,MITO,60566.578125,2379.402294081273
M10,1,PHAandWGA,22743.888671875,933.2956029918349
M10,1,SYTO,15503.7607421875,681.7642503640678
M10,2,CONC,5454.8544921875,170.79256068612779
M10,2,HOECHST,3063.609375,114.68671458301633
M10,2,MITO,66838.265625,3201.5416108935165
M10,2,PHAandWGA,25204.19140625,1308.6659078305374
M10,2,SYTO,18176.892578125,1055.2356081856342
M10,3,CONC,6125.8994140625,220.7566067287771
M10,3,HOECHST,3374.5224609375,141.51937107307148
M10,3,MITO,71760.5390625,3681.8192219916773
M10,3,PHAandWGA,27629.54296875,1581.5181343295721
M10,3,SYTO,20788.056640625,1300.2882291656465
M10,4,CONC,6580.740234375,236.18392320642792
M10,4,HOECHST,3610.560546875,154.75386562687405
M10,4,MITO,75332.5,3955.205577921135
M10,4,PHAandWGA,30084.8203125,1704.6370536050965
M10,4,SYTO,23002.552734375,1372.591829753331
M10,5,CONC,6952.90380859375,242.63811336777817
M10,5,HOECHST,3904.96630859375,166.9821297643731
M10,5,MITO,79543.2109375,4115.062466930467
M10,5,PHAandWGA,32134.86328125,1750.62563884618
M10,5,SYTO,25410.88671875,1397.3229984967359
M10,6,CONC,7177.8076171875,236.42910875653806
M10,6,HOECHST,4106.974609375,165.92631611447197
M10,6,MITO,83302.6640625,4151.939156696178
M10,6,PHAandWGA,34141.046875,1740.2864800003554
M10,6,SYTO,26811.40625,1362.2936110791018
M10,7,CONC,7416.1611328125,229.42084927758717
M10,7,HOECHST,4274.3037109375,163.4822788684464
M10,7,MITO,86572.078125,4153.975066372228
M10,7,PHAandWGA,36500.3046875,1707.103651042933
M10,7,SYTO,28291.072265625,1311.4718604913649
M10,8,CONC,7485.63818359375,223.2597125452195
M10,8,HOECHST,4446.01708984375,160.62717199594772
M10,8,MITO,89463.71875,4171.300363131653
M10,8,PHAandWGA,37782.3984375,1666.3202399086629
M10,8,SYTO,29476.640625,1256.8430416587385
M10,9,CONC,7599.955078125,214.9447282031427
M10,9,HOECHST,4438.87255859375,152.22175176246523
M10,9,MITO,91101.53125,4125.814551597647
M10,9,PHAandWGA,38666.2734375,1623.5182706197274
M10,9,SYTO,30117.267578125,1198.8343618616707
M10,10,CONC,7581.24169921875,205.46571858586577
M10,10,HOECHST,4506.6435546875,148.08869595448888
M10,10,MITO,91678.28125,4064.974379515812
M10,10,PHAandWGA,39113.3203125,1569.2106393852916
M10,10,SYTO,30852.9375,1135.4748641491974
M10,11,CONC,7590.78857421875,193.910589899929
M10,11,HOECHST,4564.5478515625,141.31777737551067
M10,11,MITO,94285.5390625,3940.8958274046827
M10,11,PHAandWGA,39806.6484375,1498.7918632040933
M10,11,SYTO,31257.62109375,1066.229022364115
M10,12,CONC,7594.560546875,184.06651543742777
M10,12,HOECHST,4581.8603515625,131.7465189664238
M10,12,MITO,94807.09375,3818.775498771677
M10,12,PHAandWGA,39712.5546875,1437.241450631801
M10,12,SYTO,32029.81640625,1007.8273494192322
M10,13,CONC,7589.0263671875,174.71510293546382
M10,13,HOECHST,4561.35986328125,123.37232728867558
M10,13,MITO,96044.9375,3720.5661723401977
M10,13,PHAandWGA,40042.015625,1388.8314611599583
M10,13,SYTO,31982.09375,955.1780387504726
M10,14,CONC,7537.681640625,165.65893445253292
M10,14,HOECHST,4540.091796875,116.4133102927531
M10,14,MITO,95471.640625,3622.50838848621
M10,14,PHAandWGA,40685.6875,1351.151825360308
M10,14,SYTO,31770.1015625,907.4235699136467
M10,15,CONC,7448.11328125,156.36392613305523
M10,15,HOECHST,4560.91064453125,110.71148884373248
M10,15,MITO,96117.140625,3502.510957742308
M10,15,PHAandWGA,40452.4375,1303.5993351846914
M10,15,SYTO,31477.21484375,864.3441745042825
M11,0,CONC,5555.23681640625,113.60451140255576
M11,0,HOECHST,4187.919921875,119.32278089548912
M11,0,MITO,68296.25,2410.048208377056
M11,0,PHAandWGA,26935.8359375,951.2268731097348
M11,0,SYTO,19489.90625,724.7019119724271
M11,1,CONC,6289.818359375,153.02915802638378
M11,1,HOECHST,4773.40869140625,171.00795042986235
M11,1,MITO,73851.3125,2931.2891109129177
M11,1,PHAandWGA,29264.84375,1187.5628649050125
M11,1,SYTO,22143.400390625,960.544154241555
M11,2,CONC,6793.66015625,169.8660001798093
M11,2,HOECHST,5296.7216796875,200.5590838357127
M11,2,MITO,77920.40625,3107.969982151724
M11,2,PHAandWGA,32136.3671875,1317.121250617296
M11,2,SYTO,24887.2109375,1076.5768967082918
M11,3,CONC,7275.0322265625,177.08765166369187
M11,3,HOECHST,5676.8798828125,211.83695002527807
M11,3,MITO,82418.140625,3166.3725764453166
M11,3,PHAandWGA,34477.625,1381.3385669949778
M11,3,SYTO,27505.2734375,1120.4209023274502
M11,4,CONC,7550.0380859375,176.60039877177067
M11,4,HOECHST,5992.8974609375,213.28117814408898
M11,4,MITO,85895.546875,3147.495434171808
M11,4,PHAandWGA,36932.55859375,1390.4613146945896
M11,4,SYTO,29907.4296875,1115.6893430648959
M11,5,CONC,7764.48486328125,171.74047750387834
M11,5,HOECHST,6165.9296875,207.28410972352742
M11,5,MITO,87870.34375,3052.6721236280086
M11,5,PHAandWGA,38724.546875,1375.8830016635927
M11,5,SYTO,30852.689453125,1079.4439807938363
M11,6,CONC,7861.19775390625,167.2134589156954
M11,6,HOECHST,6287.494140625,202.2286623081101
M11,6,MITO,89155.0546875,2961.9406316442855
M11,6,PHAandWGA,39617.9765625,1349.8285446058578
M11,6,SYTO,32681.609375,1041.0220082739488
M11,7,CONC,7941.9130859375,161.18985911281976
M11,7,HOECHST,6393.318359375,194.4218655538534
M11,7,MITO,90051.3984375,2885.37402382291
M11,7,PHAandWGA,41123.0078125,1323.7761954229493
M11,7,SYTO,33490.1328125,1003.0164612606695
M11,8,CONC,7928.58056640625,154.77965257962168
M11,8,HOECHST,6396.95751953125,185.65324950806814
M11,8,MITO,91160.671875,2807.748115314598
M11,8,PHAandWGA,41666.0546875,1289.2010784191682
M11,8,SYTO,33743.1796875,958.7824604454113
M11,9,CONC,7941.45751953125,148.5080336884592
M11,9,HOECHST,6460.93310546875,177.97517347898489
M11,9,MITO,90703.3125,2731.49145721672
M11,9,PHAandWGA,42083.140625,1253.3644759213196
M11,9,SYTO,33750.56640625,918.3988432264836
M11,10,CONC,7933.46435546875,142.5760784441687
M11,10,HOECHST,6473.32275390625,170.00074696735072
M11,10,MITO,91432.4921875,2645.4517123440387
M11,10,PHAandWGA,42383.0546875,1220.2127755233857
M11,10,SYTO,34161.94140625,882.9277268812459
M11,11,CONC,7908.9638671875,136.82982351423058
M11,11,HOECHST,6461.92626953125,162.29646549751513
M11,11,MITO,91392.7265625,2576.547588314538
M11,11,PHAandWGA,42495.90234375,1193.504804635154
M11,11,SYTO,34405.328125,852.4108086010579
M11,12,CONC,7884.2138671875,131.46730615540125
M11,12,HOECHST,6430.4716796875,155.86296963097735
M11,12,MITO,91852.53125,2514.51139414355
M11,12,PHAandWGA,42536.5703125,1169.7737273850744
M11,12,SYTO,34357.6171875,824.5577263752815
M11,13,CONC,7862.09228515625,126.52804411033847
M11,13,HOECHST,6460.56103515625,149.77724335873282
M11,13,MITO,92023.09375,2441.1689692128666
M11,13,PHAandWGA,41949.42578125,1142.924944425196
M11,13,SYTO,34188.98828125,793.6991084746633
M11,14,CONC,7869.68505859375,121.40285465650955
M11,14,HOECHST,6498.35595703125,143.63070193012464
M11,14,MITO,92038.53125,2359.0504781347995
M11,14,PHAandWGA,42236.58203125,1113.951660215272
M11,14,SYTO,33822.5859375,761.8436694251717
M11,15,CONC,7946.5927734375,115.98104695602926
M11,15,HOECHST,6526.2509765625,137.56179815977444
M11,15,MITO,92164.1484375,2257.262963033971
M11,15,PHAandWGA,42717.53125,1076.8270332250265
M11,15,SYTO,33897.171875,725.8230935874675
M12,0,CONC,8121.0458984375,128.31659517100053
M12,0,HOECHST,6651.396484375,165.538945709198
M12,0,MITO,95122.359375,2280.8876545328812
M12,0,PHAandWGA,40395.03125,952.065605521582
M12,0,SYTO,32295.9296875,842.2627631288888
M12,1,CONC,9246.169921875,170.81113519220762
M12,1,HOECHST,7561.923828125,208.24089997235066
M12,1,MITO,102266.375,2657.087493287974
M12,1,PHAandWGA,44706.48828125,1169.14465479497
M12,1,SYTO,36250.546875,1050.2930134319154
M12,2,CONC,10322.275390625,192.0616435163624
M12,2,HOECHST,8509.669921875,243.021941034748
M12,2,MITO,112155.15625,2774.426680588426
M12,2,PHAandWGA,48691.125,1263.6072629092425
M12,2,SYTO,41049.1640625,1166.445284791722
M12,3,CONC,10915.5302734375,188.43870399301352
M12,3,HOECHST,9220.541015625,247.49995878757727
M12,3,MITO,117926.71875,2680.8436299845753
M12,3,PHAandWGA,52910.9140625,1273.0171686516478
M12,3,SYTO,44670.94140625,1169.6506402531863
M12,4,CONC,11361.87890625,180.99806393394206
M12,4,HOECHST,9817.529296875,243.13080021117543
M12,4,MITO,122826.7890625,2580.0358495003843
M12,4,PHAandWGA,55853.2578125,1247.8457573148326
M12,4,SYTO,47885.44921875,1122.2153682820947
M12,5,CONC,11613.66796875,171.35184760793823
M12,5,HOECHST,9976.7265625,227.4083518542194
M12,5,MITO,124909.7265625,2431.9210973980425
M12,5,PHAandWGA,57407.27734375,1199.6448542950807
M12,5,SYTO,48728.953125,1062.335345767496
M12,6,CONC,11784.1298828125,157.92268279998012
M12,6,HOECHST,10104.693359375,210.16040273474536
M12,6,MITO,126865.6796875,2295.570520438042
M12,6,PHAandWGA,59511.65234375,1140.6601305622576
M12,6,SYTO,51196.5078125,983.5329487139198
M12,7,CONC,11766.373046875,142.2830550918088
M12,7,HOECHST,10064.6875,187.5903231249596
M12,7,MITO,126672.875,2092.8199668996576
M12,7,PHAandWGA,60555.51171875,1073.1314784128217
M12,7,SYTO,51717.96484375,901.460638284747
M12,8,CONC,11643.0380859375,128.41061356981837
M12,8,HOECHST,10100.779296875,170.4333538378489
M12,8,MITO,128949.703125,1949.7825066031032
M12,8,PHAandWGA,62139.8828125,1003.747629256269
M12,8,SYTO,52709.49609375,822.3953667425709
M12,9,CONC,11499.841796875,115.61237589034695
M12,9,HOECHST,10056.841796875,155.74714077558275
M12,9,MITO,128420.671875,1819.3902768471496
M12,9,PHAandWGA,62820.28125,946.8188784222612
M12,9,SYTO,51874.78125,757.6071244282786
M12,10,CONC,11458.9375,106.74705362629248
M12,10,HOECHST,9996.2021484375,143.79267259217562
M12,10,MITO,129082.875,1732.2522797807871
M12,10,PHAandWGA,62793.28515625,897.6817583063842
M12,10,SYTO,52598.71875,707.8020068070668
M12,11,CONC,11340.62109375,98.48363886486695
M12,11,HOECHST,9972.94140625,132.80856514277357
M12,11,MITO,129545.859375,1626.4829774784137
M12,11,PHAandWGA,62060.359375,847.7192939750331
M12,11,SYTO,52594.03125,653.9104308415538
M12,12,CONC,11245.080078125,91.48631257555643
M12,12,HOECHST,9950.578125,125.21991376260662
M12,12,MITO,129202.453125,1545.5920749241775
M12,12,PHAandWGA,62167.03125,809.3415768874712
M12,12,SYTO,52055.671875,615.4606179631378
M12,13,CONC,11213.8447265625,86.33156165791466
M12,13,HOECHST,9946.0244140625,119.84018124739448
M12,13,MITO,127446.546875,1478.619806637808
M12,13,PHAandWGA,62977.171875,780.9407237432137
M12,13,SYTO,51248.58203125,585.8805815052589
M12,14,CONC,11129.4072265625,81.89969746704247
M12,14,HOECHST,10033.27734375,114.52441612828866
M12,14,MITO,128792.2890625,1413.5464296826397
M12,14,PHAandWGA,61973.1796875,753.0981762776178
M12,14,SYTO,51841.8046875,558.8311826998217
M12,15,CONC,11133.51953125,77.45723438459243
M12,15,HOECHST,10045.826171875,109.03545699747653
M12,15,MITO,127297.9921875,1351.3235299599023
M12,15,PHAandWGA,62942.78125,724.8344246143887
M12,15,SYTO,51265.890625,529.7510195348309
M13,0,CONC,4775.90576171875,71.57750547536398
M13,0,HOECHST,4382.2509765625,101.74421885376839
M13,0,MITO,72430.046875,2040.7887537550216
M13,0,PHAandWGA,27761.810546875,759.6412512610657
M13,0,SYTO,17093.994140625,497.23914786326003
M13,1,CONC,5447.03515625,116.98110835017611
M13,1,HOECHST,4960.0810546875,166.73099893876943
M13,1,MITO,79896.9296875,2920.9921694739073
M13,1,PHAandWGA,30544.1484375,1058.8978390141197
M13,1,SYTO,20136.7109375,777.4539214263519
M13,2,CONC,6183.2158203125,161.83804289296413
M13,2,HOECHST,5697.767578125,238.8251083080844
M13,2,MITO,88022.3125,3705.31504450488
M13,2,PHAandWGA,33407.1953125,1368.3543575318554
M13,2,SYTO,23345.671875,1055.0169522218139
M13,3,CONC,6734.22412109375,182.85756534211825
M13,3,HOECHST,6283.7275390625,272.14958256567456
M13,3,MITO,93426.1640625,3965.3525809059424
M13,3,PHAandWGA,36355.71484375,1539.4976607142498
M13,3,SYTO,26459.40625,1182.3938681540828
M13,4,CONC,7196.869140625,191.2968602689728
M13,4,HOECHST,6791.79541015625,288.07380306290304
M13,4,MITO,99534.921875,4084.2986130053987
M13,4,PHAandWGA,39325.8203125,1635.0068873216187
M13,4,SYTO,28748.837890625,1231.9157937538446
M13,5,CONC,7605.43310546875,191.99054970512964
M13,5,HOECHST,7177.736328125,288.26535286616075
M13,5,MITO,104009.25,4031.5313137177923
M13,5,PHAandWGA,42872.3984375,1692.770809676653
M13,5,SYTO,31751.65625,1235.1170320452927
M13,6,CONC,7987.232421875,190.1332497916193
M13,6,HOECHST,7586.7021484375,278.1726591822431
M13,6,MITO,109842.4375,3960.9054085810567
M13,6,PHAandWGA,45867.703125,1706.902740371721
M13,6,SYTO,34563.6171875,1189.8648323799448
M13,7,CONC,8220.666015625,183.2537055610385
M13,7,HOECHST,7938.99560546875,272.7188631693839
M13,7,MITO,113197.765625,3808.7746875868647
M13,7,PHAandWGA,48120.8671875,1655.2331567730018
M13,7,SYTO,36268.5234375,1141.5674479757447
M13,8,CONC,8282.001953125,172.32220022875933
M13,8,HOECHST,8153.1279296875,265.8515136497019
M13,8,MITO,114510.0,3656.3752872089676
M13,8,PHAandWGA,49444.1484375,1567.0884060208914
M13,8,SYTO,37244.6796875,1079.789717437459
M13,9,CONC,8343.5732421875,160.64591076591677
M13,9,HOECHST,8211.21484375,245.5102371956237
M13,9,MITO,115683.5390625,3491.832972136262
M13,9,PHAandWGA,50595.515625,1498.803045729273
M13,9,SYTO,37883.421875,1009.7486962921023
M13,10,CONC,8328.9296875,150.80386629221655
M13,10,HOECHST,8179.8720703125,228.27021568928603
M13,10,MITO,116930.84375,3364.746018076081
M13,10,PHAandWGA,50995.015625,1435.124028601392
M13,10,SYTO,38470.6484375,950.7285778174228
M13,11,CONC,8287.30859375,142.74089525956654
M13,11,HOECHST,8246.255859375,217.33461748609176
M13,11,MITO,117410.953125,3240.9598509858356
M13,11,PHAandWGA,50756.44140625,1360.7367899764718
M13,11,SYTO,39300.7578125,897.6887240756298
M13,12,CONC,8288.9052734375,135.0776040456097
M13,12,HOECHST,8215.830078125,204.98492709470722
M13,12,MITO,118396.9609375,3130.9465690530196
M13,12,PHAandWGA,51180.9296875,1301.928236550637
M13,12,SYTO,38704.46484375,849.5459629605461
M13,13,CONC,8230.7919921875,128.02628670498234
M13,13,HOECHST,8285.3828125,194.31076669229185
M13,13,MITO,119279.296875,3018.17593951113
M13,13,PHAandWGA,51619.2265625,1249.3665301950493
M13,13,SYTO,38553.71875,803.8346821725524
M13,14,CONC,8136.4765625,120.96141958996758
M13,14,HOECHST,8170.9189453125,182.11293319594526
M13,14,MITO,118745.734375,2906.9706102270775
M13,14,PHAandWGA,50924.09765625,1199.3236514490482
M13,14,SYTO,38339.625,756.705868316615
M13,15,CONC,8126.625,114.94575601244914
M13,15,HOECHST,8202.6845703125,172.91116867062928
M13,15,MITO,118944.9375,2814.8770478907654
M13,15,PHAandWGA,50812.74609375,1161.4543637640822
M13,15,SYTO,38016.03125,721.8563309929073
M14,0,CONC,4906.248046875,73.22452207251362
M14,0,HOECHST,4619.478515625,108.77588329763034
M14,0,MITO,69003.625,1813.4721652285818
M14,0,PHAandWGA,27730.640625,751.5074451061962
M14,0,SYTO,18441.095703125,524.1611923655894
M14,1,CONC,5528.13134765625,117.63038999126465
M14,1,HOECHST,5070.0576171875,161.05662040036717
M14,1,MITO,75204.546875,2470.582289608279
M14,1,PHAandWGA,30134.283203125,1059.5267965773908
M14,1,SYTO,20761.76953125,778.2653548002271
M14,2,CONC,6336.9462890625,172.0232236670744
M14,2,HOECHST,5850.0400390625,245.0663771721186
M14,2,MITO,82823.8125,3177.258803104194
M14,2,PHAandWGA,33849.4921875,1428.1632034400961
M14,2,SYTO,24187.72265625,1110.0418502913167
M14,3,CONC,7106.76318359375,203.99794217818697
M14,3,HOECHST,6636.400390625,300.93954868012145
M14,3,MITO,88678.578125,3579.178371559811
M14,3,PHAandWGA,37146.59375,1628.017322814117
M14,3,SYTO,27424.857421875,1295.0490222980168
M14,4,CONC,7658.44921875,215.23317395485668
M14,4,HOECHST,7238.7109375,325.26351328482934
M14,4,MITO,95613.640625,3786.7336874269417
M14,4,PHAandWGA,40831.796875,1723.5116691003354
M14,4,SYTO,30416.2890625,1362.774936158127
M14,5,CONC,8119.765625,219.34492133467214
M14,5,HOECHST,7833.0654296875,337.04564923090305
M14,5,MITO,100871.4765625,3875.277891221693
M14,5,PHAandWGA,43346.453125,1741.4299904003656
M14,5,SYTO,33246.30078125,1368.7100502784515
M14,6,CONC,8501.2890625,216.29559070633687
M14,6,HOECHST,8270.9580078125,332.2506896459986
M14,6,MITO,105653.78125,3858.2942566872116
M14,6,PHAandWGA,46260.6875,1746.3809233901372
M14,6,SYTO,35555.40625,1338.7365960801956
M14,7,CONC,8663.4296875,207.23827015282168
M14,7,HOECHST,8576.638671875,325.6578454584387
M14,7,MITO,109232.6328125,3753.781093749352
M14,7,PHAandWGA,47790.83203125,1713.1558987220624
M14,7,SYTO,37213.453125,1286.8057522044405
M14,8,CONC,8793.634765625,197.29196752733048
M14,8,HOECHST,8779.5595703125,307.5070352048863
M14,8,MITO,110437.1015625,3639.997742360833
M14,8,PHAandWGA,49314.4140625,1659.836519181778
M14,8,SYTO,38336.09765625,1218.5573403548976
M14,9,CONC,8838.9609375,185.54710400838624
M14,9,HOECHST,8868.443359375,293.0124584464863
M14,9,MITO,112803.125,3537.018623800297
M14,9,PHAandWGA,50858.13671875,1575.6521021108674
M14,9,SYTO,39531.83984375,1144.819722813143
M14,10,CONC,8885.318359375,176.07089456278317
M14,10,HOECHST,8987.1552734375,277.10204499581533
M14,10,MITO,114664.3125,3440.0216406180007
M14,10,PHAandWGA,51494.9453125,1499.978384561062
M14,10,SYTO,40087.4453125,1080.876056093295
M14,11,CONC,8872.283203125,167.36470678797826
M14,11,HOECHST,9018.455078125,263.26122579395684
M14,11,MITO,115881.875,3358.063222200009
M14,11,PHAandWGA,51466.20703125,1439.6782555416196
M14,11,SYTO,40303.078125,1019.4210960587458
M14,12,CONC,8821.462890625,158.31854471100942
M14,12,HOECHST,8929.515625,247.79673100468156
M14,12,MITO,116265.6640625,3263.54030533572
M14,12,PHAandWGA,52060.828125,1383.219900681479
M14,12,SYTO,39851.95703125,965.7509396254201
M14,13,CONC,8785.568359375,149.78979418554238
M14,13,HOECHST,8913.802734375,233.43365685519714
M14,13,MITO,117913.09375,3191.7475628413586
M14,13,PHAandWGA,52019.6484375,1336.9919741415315
M14,13,SYTO,39955.95703125,917.443118298251
M14,14,CONC,8744.8994140625,142.72768510591786
M14,14,HOECHST,8850.8291015625,220.28742747570226
M14,14,MITO,118771.71875,3111.4999714496607
M14,14,PHAandWGA,51818.140625,1292.143878432834
M14,14,SYTO,39683.60546875,872.5607801707949
M14,15,CONC,8683.6513671875,136.16830664507697
M14,15,HOECHST,8829.9287109375,210.71600085656218
M14,15,MITO,118407.5390625,3041.8199270449873
M14,15,PHAandWGA,52417.9140625,1257.262688598028
M14,15,SYTO,39283.48046875,832.5744927718331
M15,0,CONC,3356.1875,94.87787055400744
M15,0,HOECHST,2885.025146484375,107.37635683343305
M15,0,MITO,49186.90625,2849.1502611575
M15,0,PHAandWGA,17026.19921875,901.1548880799039
M15,0,SYTO,9597.8330078125,539.8733127934069
M15,1,CONC,3842.13232421875,144.67053050331242
M15,1,HOECHST,3302.530517578125,171.40363940918633
M15,1,MITO,55266.1953125,4003.369729010788
M15,1,PHAandWGA,18765.263671875,1236.8235579532127
M15,1,SYTO,12442.92578125,824.6973433926281
M15,2,CONC,4329.58837890625,188.9881511776244
M15,2,HOECHST,3784.1572265625,237.80530656840855
M15,2,MITO,61295.6484375,4900.6654509209275
M15,2,PHAandWGA,21358.40234375,1596.2340460285532
M15,2,SYTO,14982.708984375,1098.7108991641865
M15,3,CONC,4738.3134765625,213.9226869218809
M15,3,HOECHST,4326.20654296875,292.0428674158258
M15,3,MITO,66204.0,5324.188272758019
M15,3,PHAandWGA,23813.86328125,1797.0663421010552
M15,3,SYTO,17303.009765625,1264.45827061724
M15,4,CONC,5053.4453125,222.1018843437247
M15,4,HOECHST,4701.89111328125,318.3622625735684
M15,4,MITO,69522.15625,5429.27124156078
M15,4,PHAandWGA,25745.92578125,1902.3106809374488
M15,4,SYTO,18882.49609375,1311.3065519550876
M15,5,CONC,5217.27294921875,224.4422698931369
M15,5,HOECHST,4888.048828125,314.37104385335346
M15,5,MITO,72933.3515625,5467.472540838537
M15,5,PHAandWGA,27556.98828125,1937.0169807928712
M15,5,SYTO,20379.24609375,1307.200730151712
M15,6,CONC,5343.9287109375,221.8741436230344
M15,6,HOECHST,5054.044921875,315.33097975521406
M15,6,MITO,74162.5859375,5382.044089110573
M15,6,PHAandWGA,29001.578125,1942.758572624201
M15,6,SYTO,21640.919921875,1293.0286208059513
M15,7,CONC,5354.9716796875,215.287589035046
M15,7,HOECHST,5021.287109375,297.5244922143845
M15,7,MITO,74933.4296875,5299.179215678781
M15,7,PHAandWGA,29268.625,1953.3069136100457
M15,7,SYTO,21861.666015625,1255.4272295177943
M15,8,CONC,5354.4482421875,208.13523822182876
M15,8,HOECHST,5059.8984375,283.9739670422716
M15,8,MITO,75641.265625,5191.4441608988955
M15,8,PHAandWGA,29773.755859375,1919.043924221092
M15,8,SYTO,22493.1875,1205.596709752493
M15,9,CONC,5395.21484375,200.40953917549297
M15,9,HOECHST,5037.087890625,267.4675723109854
M15,9,MITO,76453.2265625,5057.493292436947
M15,9,PHAandWGA,30291.421875,1875.1812780306964
M15,9,SYTO,22368.4453125,1151.7103943164645
M15,10,CONC,5403.51318359375,192.17862257295988
M15,10,HOECHST,5052.92236328125,257.5385532400721
M15,10,MITO,76879.28125,4882.699866637583
M15,10,PHAandWGA,30956.484375,1837.8924320989886
M15,10,SYTO,22616.828125,1100.1609681650687
M15,11,CONC,5404.0263671875,184.59733981566677
M15,11,HOECHST,5026.068359375,244.67460205998975
M15,11,MITO,77042.7890625,4756.924481772155
M15,11,PHAandWGA,31015.70703125,1792.4762773869438
M15,11,SYTO,22224.25390625,1056.990176155808
M15,12,CONC,5407.966796875,176.94256972284052
M15,12,HOECHST,4996.30078125,230.7163114138826
M15,12,MITO,76992.734375,4600.473222115025
M15,12,PHAandWGA,30728.654296875,1717.7204529679605
M15,12,SYTO,22273.126953125,1006.2826847731343
M15,13,CONC,5355.85595703125,169.798948089881
M15,13,HOECHST,5009.9931640625,218.71920648197525
M15,13,MITO,76869.4140625,4499.551912704352
M15,13,PHAandWGA,30561.04296875,1660.4739532870663
M15,13,SYTO,21776.88671875,958.3271120107736
M15,14,CONC,5336.3876953125,162.5439170084236
M15,14,HOECHST,4949.97705078125,205.77745018475045
M15,14,MITO,76846.8359375,4323.709488194775
M15,14,PHAandWGA,30249.00390625,1622.9973179079932
M15,14,SYTO,21669.19921875,914.7380699312864
M15,15,CONC,5304.60546875,154.7748647230427
M15,15,HOECHST,4991.57861328125,195.7186782379859
M15,15,MITO,77234.4765625,4133.711637451933
M15,15,PHAandWGA,29893.18359375,1558.4139731963955
M15,15,SYTO,21492.1953125,867.7524643729088
M16,0,CONC,2910.73681640625,85.48665692989792
M16,0,HOECHST,2670.8935546875,106.55468898565583
M16,0,MITO,46599.5,2776.2803258041995
M16,0,PHAandWGA,15664.2578125,943.5041309707641
M16,0,SYTO,8941.837890625,558.1601524366897
M16,1,CONC,3237.787109375,120.70289608677126
M16,1,HOECHST,2958.5517578125,153.76927204220473
M16,1,MITO,49372.40625,3349.0981531028533
M16,1,PHAandWGA,16985.56640625,1213.9067773831143
M16,1,SYTO,10725.115234375,791.7009486052584
M16,2,CONC,3541.92529296875,150.98925049266236
M16,2,HOECHST,3265.7373046875,195.2462346016568
M16,2,MITO,52528.14453125,3871.050993087253
M16,2,PHAandWGA,18597.166015625,1455.8483008314106
M16,2,SYTO,12635.51171875,977.4424725736737
M16,3,CONC,3858.12060546875,174.44696013358285
M16,3,HOECHST,3578.861083984375,231.08019931868512
M16,3,MITO,55856.10546875,4296.87387020963
M16,3,PHAandWGA,20780.73046875,1638.6331477044848
M16,3,SYTO,14224.0703125,1099.7684589464216
M16,4,CONC,4062.55419921875,184.4803233730962
M16,4,HOECHST,3837.611083984375,252.90008807434293
M16,4,MITO,58483.34765625,4604.080920150123
M16,4,PHAandWGA,22390.20703125,1751.8653582666586
M16,4,SYTO,15717.080078125,1152.274908124219
M16,5,CONC,4150.919921875,185.92909071008083
M16,5,HOECHST,3982.029052734375,255.04749523605187
M16,5,MITO,60074.921875,4755.0112331568025
M16,5,PHAandWGA,23389.37109375,1797.9540525465477
M16,5,SYTO,16648.5390625,1159.8818907362745
M16,6,CONC,4211.2578125,185.21739192961115
M16,6,HOECHST,4050.252685546875,250.6488883775153
M16,6,MITO,61909.42578125,4815.1086952679725
M16,6,PHAandWGA,24084.5703125,1790.5198658658967
M16,6,SYTO,17008.2421875,1129.8922507555842
M16,7,CONC,4314.21142578125,183.28739328324352
M16,7,HOECHST,4154.1767578125,250.31997361072212
M16,7,MITO,63535.88671875,4856.307990550962
M16,7,PHAandWGA,24659.2265625,1764.3621928465925
M16,7,SYTO,17637.16796875,1101.1348637074914
M16,8,CONC,4362.0810546875,180.65870706006723
M16,8,HOECHST,4222.3291015625,247.7709262252773
M16,8,MITO,64706.28125,4876.968374272783
M16,8,PHAandWGA,25047.55078125,1739.5438240624346
M16,8,SYTO,17988.6484375,1076.507067351109
M16,9,CONC,4368.533203125,176.2347068385607
M16,9,HOECHST,4267.38427734375,239.069092934538
M16,9,MITO,65146.83203125,4849.49533411721
M16,9,PHAandWGA,25423.90625,1718.1177132537603
M16,9,SYTO,18070.484375,1041.6225949468408
M16,10,CONC,4411.6279296875,171.95635534057928
M16,10,HOECHST,4259.44580078125,230.67779026139092
M16,10,MITO,65689.75,4801.976054083159
M16,10,PHAandWGA,25701.1953125,1695.983108884099
M16,10,SYTO,18020.79296875,1005.7523575115652
M16,11,CONC,4410.75244140625,166.6667665050443
M16,11,HOECHST,4263.837890625,221.09245213466042
M16,11,MITO,66841.0390625,4720.944885737889
M16,11,PHAandWGA,25900.453125,1658.4622790230785
M16,11,SYTO,17930.548828125,964.3633273001982
M16,12,CONC,4436.0322265625,161.43978049498855
M16,12,HOECHST,4269.4423828125,212.3559133550741
M16,12,MITO,67459.890625,4648.608374913851
M16,12,PHAandWGA,26220.671875,1601.7736903845168
M16,12,SYTO,17857.37109375,922.6639000377708
M16,13,CONC,4482.560546875,155.9898231247708
M16,13,HOECHST,4302.24072265625,204.42471897953496
M16,13,MITO,68047.625,4550.83136677366
M16,13,PHAandWGA,25924.095703125,1540.6938997620452
M16,13,SYTO,17617.123046875,878.6766566192952
M16,14,CONC,4520.013671875,149.84317927347647
M16,14,HOECHST,4350.31787109375,195.66522331476344
M16,14,MITO,68753.90625,4411.82179826329
M16,14,PHAandWGA,26442.82421875,1481.8481000403413
M16,14,SYTO,17517.2109375,835.2528350499676
M16,15,CONC,4558.8408203125,143.48892515166077
M16,15,HOECHST,4389.2490234375,185.3348888800058
M16,15,MITO,68668.2890625,4254.556238043157
M16,15,PHAandWGA,26329.578125,1417.966815374086
M16,15,SYTO,17191.509765625,786.4179717862661
M17,0,CONC,4019.0048828125,83.372012263949
M17,0,HOECHST,3497.035400390625,101.70861291667184
M17,0,MITO,59712.8046875,2436.7510032532414
M17,0,PHAandWGA,21348.6484375,870.7477517950208
M17,0,SYTO,12970.0546875,530.5384295232083
M17,1,CONC,4637.22265625,139.7706859096244
M17,1,HOECHST,4039.6904296875,176.48220342261817
M17,1,MITO,65936.3125,3447.399177319672
M17,1,PHAandWGA,24102.64453125,1224.1266925704363
M17,1,SYTO,15762.4130859375,855.7188957859075
M17,2,CONC,5271.7451171875,183.7840724552345
M17,2,HOECHST,4651.88427734375,240.60309345910233
M17,2,MITO,72728.96875,4168.98643477194
M17,2,PHAandWGA,26724.86328125,1504.037987126013
M17,2,SYTO,18884.96875,1097.5787199501456
M17,3,CONC,5795.78857421875,205.88197569545372
M17,3,HOECHST,5179.439453125,273.69710748008026
M17,3,MITO,77356.4375,4447.1181960366275
M17,3,PHAandWGA,29676.517578125,1683.0177114944686
M17,3,SYTO,21816.37890625,1214.9929671175064
M17,4,CONC,6159.65283203125,213.31445549310297
M17,4,HOECHST,5575.3134765625,290.9690904190398
M17,4,MITO,81378.078125,4572.714189256244
M17,4,PHAandWGA,32034.66015625,1788.128322571927
M17,4,SYTO,23843.14453125,1270.7458379971365
M17,5,CONC,6339.369140625,215.9772126222025
M17,5,HOECHST,5807.373046875,291.1867731482009
M17,5,MITO,84377.796875,4641.630106452815
M17,5,PHAandWGA,34012.98828125,1851.5598752870608
M17,5,SYTO,25272.37890625,1282.9194454173253
M17,6,CONC,6576.9453125,215.18990825326438
M17,6,HOECHST,5979.5478515625,289.21762946699613
M17,6,MITO,87503.328125,4636.57880391708
M17,6,PHAandWGA,35900.49609375,1893.964246441616
M17,6,SYTO,26862.142578125,1264.968349952384
M17,7,CONC,6678.1416015625,207.69283390634683
M17,7,HOECHST,6233.40673828125,282.96260900771676
M17,7,MITO,89199.40625,4538.580221727679
M17,7,PHAandWGA,37266.51171875,1859.7368655634343
M17,7,SYTO,27594.23828125,1217.5026980038087
M17,8,CONC,6753.236328125,199.88518374495382
M17,8,HOECHST,6295.1162109375,271.18641113742234
M17,8,MITO,91269.6171875,4435.104046025244
M17,8,PHAandWGA,38085.6953125,1777.9890676903028
M17,8,SYTO,28821.8359375,1159.2765631633833
M17,9,CONC,6763.28759765625,192.30164013663662
M17,9,HOECHST,6327.28125,256.7074065564914
M17,9,MITO,92102.2265625,4302.349700774722
M17,9,PHAandWGA,38746.01171875,1713.0677808338494
M17,9,SYTO,29317.6796875,1104.8539879604944
M17,10,CONC,6797.1640625,185.16395045263542
M17,10,HOECHST,6362.2880859375,245.26035183399816
M17,10,MITO,93892.1796875,4236.182399071287
M17,10,PHAandWGA,39245.02734375,1668.1567920231598
M17,10,SYTO,29612.515625,1055.4123069403238
M17,11,CONC,6748.76806640625,177.55899048732167
M17,11,HOECHST,6377.91845703125,235.3672554554266
M17,11,MITO,93808.578125,4111.327268856547
M17,11,PHAandWGA,39059.6953125,1628.1686266161673
M17,11,SYTO,29321.79296875,1010.342506177018
M17,12,CONC,6753.08349609375,170.75560017888756
M17,12,HOECHST,6301.51806640625,223.88627742926414
M17,12,MITO,93934.921875,4012.8822992747732
M17,12,PHAandWGA,39732.03125,1600.760961623559
M17,12,SYTO,29073.60546875,968.6420313480565
M17,13,CONC,6705.3525390625,163.19655325119598
M17,13,HOECHST,6290.44140625,212.3601475986326
M17,13,MITO,94552.6953125,3909.0466549555276
M17,13,PHAandWGA,39552.5078125,1553.7748005109286
M17,13,SYTO,29298.609375,927.05077686002
M17,14,CONC,6690.671875,155.63016460667515
M17,14,HOECHST,6295.0322265625,201.37368554308773
M17,14,MITO,94230.46875,3780.789710910637
M17,14,PHAandWGA,38854.03125,1493.9358324946086
M17,14,SYTO,28824.328125,885.5034265775561
M17,15,CONC,6691.42578125,148.57525546479835
M17,15,HOECHST,6304.89306640625,191.90967829062166
M17,15,MITO,94711.3671875,3677.3994579064324
M17,15,PHAandWGA,38817.5625,1439.2540601551434
M17,15,SYTO,28547.48828125,841.7608376252925
M18,0,CONC,4749.25537109375,111.46378862765079
M18,0,HOECHST,4447.61328125,160.29792158514252
M18,0,MITO,69135.296875,2836.5264204913487
M18,0,PHAandWGA,27749.64453125,1142.5942847469437
M18,0,SYTO,18992.3125,833.9444478770349
M18,1,CONC,5276.7880859375,147.6762572792434
M18,1,HOECHST,4948.8388671875,207.73661318776203
M18,1,MITO,75043.71875,3370.2457358432216
M18,1,PHAandWGA,30449.5703125,1408.3081439777789
M18,1,SYTO,21773.74609375,1058.026374872782
M18,2,CONC,5867.990234375,175.42255577617803
M18,2,HOECHST,5491.796875,243.7838823425838
M18,2,MITO,80296.2265625,3728.7965273840264
M18,2,PHAandWGA,33345.98046875,1598.9313798182004
M18,2,SYTO,24411.845703125,1215.649436064516
M18,3,CONC,6322.4912109375,190.2363153175398
M18,3,HOECHST,6015.06884765625,270.79720308360976
M18,3,MITO,86319.140625,3980.6503228259885
M18,3,PHAandWGA,36550.0703125,1718.712532935273
M18,3,SYTO,27628.013671875,1296.5775721732373
M18,4,CONC,6646.58837890625,192.88387295351214
M18,4,HOECHST,6390.2529296875,278.83098493704466
M18,4,MITO,89428.625,4049.447254330454
M18,4,PHAandWGA,38447.3046875,1765.9982394785163
M18,4,SYTO,29511.8359375,1303.987454966269
M18,5,CONC,6842.3515625,191.77863228640027
M18,5,HOECHST,6619.1318359375,276.844070330645
M18,5,MITO,92017.71875,4044.5458836538623
M18,5,PHAandWGA,40026.15625,1776.5077640817726
M18,5,SYTO,30485.6171875,1279.6312975513633
M18,6,CONC,6986.861328125,189.84855097558946
M18,6,HOECHST,6846.76220703125,273.7182955203968
M18,6,MITO,94210.5234375,4022.9159490148613
M18,6,PHAandWGA,41710.2734375,1767.4505412183298
M18,6,SYTO,31520.23046875,1248.2814036389473
M18,7,CONC,7073.044921875,185.79302469276553
M18,7,HOECHST,6960.44140625,266.32453883597015
M18,7,MITO,96067.5703125,3996.238825728374
M18,7,PHAandWGA,42401.359375,1744.8376553093347
M18,7,SYTO,32120.62890625,1212.8277425554436
M18,8,CONC,7081.4716796875,180.16483083058037
M18,8,HOECHST,7037.10205078125,262.11429825261973
M18,8,MITO,96536.875,3966.696692662245
M18,8,PHAandWGA,42665.53125,1705.1800738904283
M18,8,SYTO,32624.794921875,1172.213245746349
M18,9,CONC,7152.7099609375,175.28170141568037
M18,9,HOECHST,7139.52880859375,256.0827387314876
M18,9,MITO,98573.8671875,3910.2619953691237
M18,9,PHAandWGA,43875.5625,1671.054412327764
M18,9,SYTO,33042.12890625,1133.019248398861
M18,10,CONC,7182.744140625,169.92411364958187
M18,10,HOECHST,7194.31103515625,247.09270591576896
M18,10,MITO,99792.375,3852.0981578686115
M18,10,PHAandWGA,43809.1328125,1633.976986240539
M18,10,SYTO,33286.71875,1087.2585899773555
M18,11,CONC,7243.94482421875,163.59393700007166
M18,11,HOECHST,7268.0048828125,238.4224094843323
M18,11,MITO,101202.0859375,3755.31261881168
M18,11,PHAandWGA,44528.9296875,1592.4965352019979
M18,11,SYTO,33585.0078125,1042.0120553869033
M18,12,CONC,7270.5380859375,156.99905388073768
M18,12,HOECHST,7288.654296875,228.8439065604586
M18,12,MITO,102200.9140625,3658.005887676059
M18,12,PHAandWGA,45019.65625,1543.665133696796
M18,12,SYTO,34202.2109375,997.491193690638
M18,13,CONC,7294.2099609375,150.56974154504013
M18,13,HOECHST,7353.3486328125,220.94489574272063
M18,13,MITO,102601.5078125,3547.6981667124287
M18,13,PHAandWGA,45550.7265625,1492.9573281569924
M18,13,SYTO,34263.109375,952.9340034903203
M18,14,CONC,7293.3935546875,144.63544022514284
M18,14,HOECHST,7382.57666015625,212.94920450068236
M18,14,MITO,103733.8046875,3453.7334422866284
M18,14,PHAandWGA,45737.42578125,1443.9643339275085
M18,14,SYTO,33673.625,911.0045820794624
M18,15,CONC,7335.58154296875,138.765171928347
M18,15,HOECHST,7479.3046875,203.62924737902532
M18,15,MITO,103687.84375,3319.8117170399746
M18,15,PHAandWGA,45159.1015625,1394.5945197365768
M18,15,SYTO,34140.61328125,864.0064585162293
M20,0,CONC,2668.04736328125,52.74530011332753
M20,0,HOECHST,1568.3629150390625,35.93565897988475
M20,0,MITO,44736.5546875,2232.4133716988727
M20,0,PHAandWGA,14948.8349609375,654.3470761475755
M20,0,SYTO,6729.419921875,337.61956571214375
M20,1,CONC,2920.3115234375,75.9575733164759
M20,1,HOECHST,1688.114990234375,49.649725672128994
M20,1,MITO,47526.6875,2812.7833513804785
M20,1,PHAandWGA,16089.3291015625,855.1403482400718
M20,1,SYTO,7844.0625,467.54220652718493
M20,2,CONC,3207.399658203125,107.72363205872301
M20,2,HOECHST,1851.6605224609375,75.80059089616881
M20,2,MITO,50846.07421875,3465.629471913953
M20,2,PHAandWGA,17762.80078125,1109.8739910693964
M20,2,SYTO,9433.9423828125,666.176670597406
M20,3,CONC,3594.72412109375,137.91543086525573
M20,3,HOECHST,2054.336181640625,97.04103333607047
M20,3,MITO,55784.33984375,3997.2802337013477
M20,3,PHAandWGA,19995.640625,1355.098103182233
M20,3,SYTO,11708.2744140625,836.3020520167444
M20,4,CONC,3898.2998046875,151.33795300923416
M20,4,HOECHST,2282.333984375,114.28545695889879
M20,4,MITO,59834.2890625,4275.4345295521225
M20,4,PHAandWGA,22082.58203125,1480.0679820300097
M20,4,SYTO,13676.43359375,910.1220643182791
M20,5,CONC,4125.5537109375,155.9327678983709
M20,5,HOECHST,2417.855712890625,119.37583873815046
M20,5,MITO,63434.25390625,4388.485282361457
M20,5,PHAandWGA,23717.5234375,1526.5074243386327
M20,5,SYTO,14788.296875,912.9919066081321
M20,6,CONC,4255.45166015625,154.1189533136446
M20,6,HOECHST,2497.65625,119.68698628314428
M20,6,MITO,64812.2109375,4414.46826561939
M20,6,PHAandWGA,24984.12109375,1513.0416351329247
M20,6,SYTO,15480.7138671875,896.5134442688117
M20,7,CONC,4319.54443359375,152.4311431666188
M20,7,HOECHST,2602.50927734375,119.07889103934241
M20,7,MITO,66599.59375,4426.418520068165
M20,7,PHAandWGA,25900.96875,1498.0926836994847
M20,7,SYTO,15880.3125,873.7763380540606
M20,8,CONC,4386.4345703125,147.78418057232062
M20,8,HOECHST,2637.41943359375,115.48748749297788
M20,8,MITO,68361.59375,4391.643609670543
M20,8,PHAandWGA,26272.900390625,1471.1530098268188
M20,8,SYTO,15667.2578125,835.996745048649
M20,9,CONC,4399.486328125,142.68639833826816
M20,9,HOECHST,2636.67431640625,110.73113766960805
M20,9,MITO,68156.8828125,4348.098367116337
M20,9,PHAandWGA,27089.46484375,1443.3995426339138
M20,9,SYTO,15347.119140625,797.0017042864037
M20,10,CONC,4402.611328125,138.07933765756073
M20,10,HOECHST,2645.522705078125,106.15786209725422
M20,10,MITO,68485.6171875,4300.5156555980375
M20,10,PHAandWGA,27494.51953125,1409.2098919794296
M20,10,SYTO,14723.17578125,758.8473260037704
M20,11,CONC,4359.1806640625,132.47207663764883
M20,11,HOECHST,2615.133056640625,100.67800448515156
M20,11,MITO,68056.046875,4197.660402038036
M20,11,PHAandWGA,27201.953125,1369.1166772453037
M20,11,SYTO,13942.646484375,721.1782791233541
M20,12,CONC,4341.8017578125,127.47246170297788
M20,12,HOECHST,2591.197265625,96.47385645926376
M20,12,MITO,68755.828125,4127.603052314644
M20,12,PHAandWGA,27319.86328125,1331.4495174995243
M20,12,SYTO,13595.318359375,687.9384727860414
M20,13,CONC,4350.1748046875,123.13952992968858
M20,13,HOECHST,2619.0185546875,93.43432727115858
M20,13,MITO,68538.6875,4014.700090282313
M20,13,PHAandWGA,27030.451171875,1284.7321426853816
M20,13,SYTO,13169.416015625,656.9940430666071
M20,14,CONC,4370.9814453125,118.62907642427639
M20,14,HOECHST,2630.61376953125,90.193332574554
M20,14,MITO,69062.703125,3918.5314293652414
M20,14,PHAandWGA,26773.521484375,1239.1759886234959
M20,14,SYTO,12854.05859375,625.5148641559684
M20,15,CONC,4368.33447265625,112.90411981235323
M20,15,HOECHST,2621.191650390625,85.94652650247099
M20,15,MITO,68626.5,3781.0546387888976
M20,15,PHAandWGA,26825.0234375,1189.9411707995498
M20,15,SYTO,12697.8173828125,593.6477617940627
M21,0,CONC,3026.03466796875,67.3766337006026
M21,0,HOECHST,1631.07275390625,38.319911369727734
M21,0,MITO,46082.421875,2576.015807066141
M21,0,PHAandWGA,17524.837890625,762.5441297105011
M21,0,SYTO,7332.572265625,388.49376444854596
M21,1,CONC,3274.5419921875,88.62456018864296
M21,1,HOECHST,1750.94775390625,49.90545221779702
M21,1,MITO,48545.18359375,3083.8045518779877
M21,1,PHAandWGA,18616.09375,926.8013200856501
M21,1,SYTO,8410.5048828125,488.5385776429029
M21,2,CONC,3537.434814453125,114.97812251524007
M21,2,HOECHST,1894.724853515625,67.76775100124246
M21,2,MITO,52224.796875,3662.3418093858754
M21,2,PHAandWGA,19858.36328125,1129.887759223504
M21,2,SYTO,10263.4296875,630.8083519799524
M21,3,CONC,3856.90234375,138.55492780528076
M21,3,HOECHST,2093.09716796875,86.06323356015265
M21,3,MITO,54953.421875,4073.227093771444
M21,3,PHAandWGA,21620.400390625,1323.3428372438507
M21,3,SYTO,12359.2734375,766.8979049591492
M21,4,CONC,4090.517822265625,154.0705378237707
M21,4,HOECHST,2237.3359375,97.15551666183711
M21,4,MITO,58577.328125,4336.990763825908
M21,4,PHAandWGA,23212.5234375,1476.466704791955
M21,4,SYTO,14000.3740234375,855.8663875923534
M21,5,CONC,4277.154296875,161.85179383994952
M21,5,HOECHST,2382.134033203125,103.28544586976969
M21,5,MITO,59874.98046875,4449.046868748294
M21,5,PHAandWGA,24761.779296875,1569.8818043231352
M21,5,SYTO,15114.2265625,894.8633848901457
M21,6,CONC,4443.29296875,165.51071193111753
M21,6,HOECHST,2479.2373046875,106.27029717002242
M21,6,MITO,62241.00390625,4538.719607983521
M21,6,PHAandWGA,26434.8828125,1612.0080604644413
M21,6,SYTO,16252.796875,904.2012918065908
M21,7,CONC,4562.9443359375,166.79463821489938
M21,7,HOECHST,2586.8642578125,109.9048662661053
M21,7,MITO,64525.09375,4572.816172501186
M21,7,PHAandWGA,27228.173828125,1603.463974372451
M21,7,SYTO,16806.79296875,895.2402636120328
M21,8,CONC,4664.19580078125,167.34262879548567
M21,8,HOECHST,2688.29931640625,111.3802179865567
M21,8,MITO,66292.3203125,4603.195052837003
M21,8,PHAandWGA,28517.11328125,1600.2048581920467
M21,8,SYTO,17385.37890625,877.9458351089576
M21,9,CONC,4764.13720703125,166.47856772986535
M21,9,HOECHST,2722.74853515625,109.52356505788728
M21,9,MITO,67313.9921875,4616.089332300664
M21,9,PHAandWGA,29189.775390625,1594.9102541380844
M21,9,SYTO,17118.19140625,855.745926617036
M21,10,CONC,4786.2333984375,163.6391011573492
M21,10,HOECHST,2741.13037109375,107.37157023335733
M21,10,MITO,67907.125,4579.9088955789475
M21,10,PHAandWGA,29290.04296875,1589.9981403140782
M21,10,SYTO,16820.572265625,833.9613868373768
M21,11,CONC,4814.81103515625,159.33303603150793
M21,11,HOECHST,2765.08056640625,104.0286998964783
M21,11,MITO,69628.140625,4539.014880023886
M21,11,PHAandWGA,29405.88671875,1556.4921877775628
M21,11,SYTO,16258.87890625,800.9645751163462
M21,12,CONC,4831.52197265625,154.0386542943189
M21,12,HOECHST,2762.868896484375,100.56401446860478
M21,12,MITO,70394.8046875,4467.747286305338
M21,12,PHAandWGA,29695.671875,1514.0357479026397
M21,12,SYTO,15699.2744140625,770.4492478389182
M21,13,CONC,4821.56689453125,148.81942741489462
M21,13,HOECHST,2772.84326171875,96.8087548089344
M21,13,MITO,70480.5625,4366.689922683692
M21,13,PHAandWGA,29877.177734375,1471.5241369955643
M21,13,SYTO,15298.236328125,738.4359890750386
M21,14,CONC,4878.80712890625,143.20659931228244
M21,14,HOECHST,2784.227783203125,92.82896020243084
M21,14,MITO,71133.90625,4250.625119744623
M21,14,PHAandWGA,29584.59765625,1424.1806815068023
M21,14,SYTO,15016.3935546875,704.2828130911549
M21,15,CONC,4876.2607421875,136.68888010354738
M21,15,HOECHST,2792.7724609375,88.37978615252594
M21,15,MITO,71457.2109375,4078.3208705959287
M21,15,PHAandWGA,29499.58984375,1376.8520518956232
M21,15,SYTO,14946.939453125,669.1208007614974
M22,0,CONC,987.5042114257812,23.901026130903624
M22,0,HOECHST,1163.2958984375,42.0544198330264
M22,0,MITO,15436.412109375,1817.224388909665
M22,0,PHAandWGA,3084.08447265625,228.46496520692435
M22,0,SYTO,2002.17236328125,143.46320217681995
M22,1,CONC,1016.2852172851562,27.383229426570626
M22,1,HOECHST,1196.662109375,48.520187295625206
M22,1,MITO,15302.783203125,1961.2276382085795
M22,1,PHAandWGA,3174.78662109375,257.1061596358353
M22,1,SYTO,2056.19384765625,162.2313027848168
M22,2,CONC,1048.1356201171875,31.276863363088047
M22,2,HOECHST,1238.5296630859375,55.687191538407674
M22,2,MITO,15865.931640625,2149.211958494469
M22,2,PHAandWGA,3298.93994140625,289.9383192369015
M22,2,SYTO,2118.10009765625,184.1003860896035
M22,3,CONC,1088.0098876953125,35.92491809660305
M22,3,HOECHST,1286.12451171875,64.35023531002658
M22,3,MITO,16087.533203125,2364.7320135548207
M22,3,PHAandWGA,3409.78662109375,327.5949596150802
M22,3,SYTO,2204.77587890625,209.31576375472744
M22,4,CONC,1135.2225341796875,41.42951883381364
M22,4,HOECHST,1337.11572265625,74.37016295876614
M22,4,MITO,16750.76953125,2610.7204400453893
M22,4,PHAandWGA,3544.89990234375,371.454745196115
M22,4,SYTO,2339.79296875,238.96286995620275
M22,5,CONC,1183.4852294921875,47.97001906214747
M22,5,HOECHST,1402.11376953125,86.61653357285581
M22,5,MITO,17433.4765625,2874.0485127129496
M22,5,PHAandWGA,3723.3330078125,420.0817289589702
M22,5,SYTO,2453.1298828125,272.72485102505516
M22,6,CONC,1247.3809814453125,54.76340366670962
M22,6,HOECHST,1482.2733154296875,100.09001273784126
M22,6,MITO,18218.287109375,3128.811928830119
M22,6,PHAandWGA,3944.0751953125,469.40256172775815
M22,6,SYTO,2586.151611328125,307.7553226251825
M22,7,CONC,1305.4324951171875,60.62141458051442
M22,7,HOECHST,1557.3194580078125,112.25723073902132
M22,7,MITO,18730.69140625,3333.2597353416827
M22,7,PHAandWGA,4258.56884765625,513.9564879553433
M22,7,SYTO,2727.77001953125,336.42981605510477
M22,8,CONC,1340.140625,65.06137468234797
M22,8,HOECHST,1611.7430419921875,120.36168373747715
M22,8,MITO,19600.71875,3475.6769493434404
M22,8,PHAandWGA,4483.7353515625,546.8725542619763
M22,8,SYTO,2868.994140625,356.4412715211914
M22,9,CONC,1382.909423828125,68.37017617133093
M22,9,HOECHST,1668.06689453125,126.03985536588563
M22,9,MITO,19946.810546875,3548.5394313693278
M22,9,PHAandWGA,4701.626953125,573.3880072814136
M22,9,SYTO,2932.154296875,370.2411222438449
M22,10,CONC,1409.959716796875,70.53613059096281
M22,10,HOECHST,1697.33251953125,129.03207441877942
M22,10,MITO,20613.384765625,3575.7866305884672
M22,10,PHAandWGA,4838.943359375,590.9974699615059
M22,10,SYTO,2993.02099609375,376.28500277833035
M22,11,CONC,1432.9259033203125,71.56840448929778
M22,11,HOECHST,1739.210693359375,130.08252894257828
M22,11,MITO,20952.3515625,3592.9819236076723
M22,11,PHAandWGA,4916.529296875,597.7313140370586
M22,11,SYTO,3088.0439453125,378.69287414127643
M22,12,CONC,1467.161865234375,71.60103133776444
M22,12,HOECHST,1763.7119140625,129.26280195539422
M22,12,MITO,21570.6015625,3550.6076584199723
M22,12,PHAandWGA,5032.166015625,593.7814491399273
M22,12,SYTO,3128.047119140625,373.4974224482151
M22,13,CONC,1487.9185791015625,70.68256152024507
M22,13,HOECHST,1779.94970703125,126.70991336462066
M22,13,MITO,21415.4765625,3461.947936668341
M22,13,PHAandWGA,5059.7919921875,582.0025731811465
M22,13,SYTO,3149.73876953125,365.1885256387043
M22,14,CONC,1509.609130859375,69.36156134127503
M22,14,HOECHST,1800.385498046875,123.45765251567833
M22,14,MITO,22340.28515625,3375.924950087837
M22,14,PHAandWGA,5052.8984375,565.851944280177
M22,14,SYTO,3163.86328125,354.78789019760563
M22,15,CONC,1520.610595703125,67.20226643623951
M22,15,HOECHST,1834.996826171875,118.70599811653831
M22,15,MITO,22243.88671875,3218.53724519465
M22,15,PHAandWGA,5029.9658203125,542.9353334960149
M22,15,SYTO,3228.91845703125,339.5004663030124
M23,0,CONC,3360.01953125,64.11080347943887
M23,0,HOECHST,3124.80322265625,90.94279311360953
M23,0,MITO,52086.1171875,2148.9573446328427
M23,0,PHAandWGA,19303.94921875,770.8921734758261
M23,0,SYTO,10671.2529296875,469.3012253212074
M23,1,CONC,3546.595947265625,76.14490902656368
M23,1,HOECHST,3315.884765625,107.96791589606018
M23,1,MITO,53975.9765625,2402.940611477123
M23,1,PHAandWGA,20576.30078125,877.6149288586579
M23,1,SYTO,12258.724609375,552.5800453340627
M23,2,CONC,3765.550537109375,90.29887231680033
M23,2,HOECHST,3540.73486328125,128.94280343947682
M23,2,MITO,56567.453125,2692.3570489369577
M23,2,PHAandWGA,21675.7265625,1003.9645771390818
M23,2,SYTO,13971.931640625,652.263941926451
M23,3,CONC,4005.622802734375,103.889508785705
M23,3,HOECHST,3829.5478515625,149.6308955791212
M23,3,MITO,58818.5703125,2937.5493559056927
M23,3,PHAandWGA,23480.31640625,1124.9322200790107
M23,3,SYTO,15836.337890625,747.3253695398129
M23,4,CONC,4230.8759765625,113.98677178931243
M23,4,HOECHST,4055.43310546875,165.88339117484134
M23,4,MITO,61602.15625,3112.7773236505764
M23,4,PHAandWGA,24576.490234375,1213.1185768115286
M23,4,SYTO,17285.0859375,810.9560962683419
M23,5,CONC,4404.2021484375,120.18336370375953
M23,5,HOECHST,4265.8525390625,175.39665480319857
M23,5,MITO,63396.1953125,3215.73584125344
M23,5,PHAandWGA,26063.13671875,1274.6325795953894
M23,5,SYTO,18928.60546875,848.2181151441503
M23,6,CONC,4572.39306640625,123.83957594703013
M23,6,HOECHST,4415.958984375,180.68937924059057
M23,6,MITO,65662.4375,3304.114389453722
M23,6,PHAandWGA,27491.92578125,1309.6244762772565
M23,6,SYTO,20158.25390625,860.4019062079756
M23,7,CONC,4702.23583984375,125.71172748843219
M23,7,HOECHST,4585.51953125,183.39783349913736
M23,7,MITO,67383.859375,3359.0535744802005
M23,7,PHAandWGA,28453.21875,1336.1091954201029
M23,7,SYTO,20824.78515625,866.7939825533622
M23,8,CONC,4817.42578125,126.4956461157976
M23,8,HOECHST,4738.24560546875,185.55402481587507
M23,8,MITO,69204.203125,3398.6947490961875
M23,8,PHAandWGA,29356.69921875,1349.1173128049995
M23,8,SYTO,21726.078125,863.2492999022272
M23,9,CONC,4928.5556640625,126.44875715410701
M23,9,HOECHST,4818.71044921875,185.3701745521309
M23,9,MITO,70441.5,3416.7849786763113
M23,9,PHAandWGA,30250.57421875,1351.1873376150538
M23,9,SYTO,22471.82421875,854.9795695498457
M23,10,CONC,5038.74951171875,125.68429327788088
M23,10,HOECHST,4931.3916015625,183.859954320687
M23,10,MITO,72182.40625,3407.9644806136985
M23,10,PHAandWGA,30833.306640625,1344.5448982215414
M23,10,SYTO,22529.390625,837.618827488515
M23,11,CONC,5098.17138671875,124.07207638466852
M23,11,HOECHST,4999.67626953125,181.5001238359895
M23,11,MITO,73572.390625,3394.497492844972
M23,11,PHAandWGA,31352.119140625,1329.2942089573814
M23,11,SYTO,22565.515625,818.5916442244562
M23,12,CONC,5150.4501953125,122.00429725025536
M23,12,HOECHST,5032.9326171875,178.24221495741034
M23,12,MITO,74457.1875,3362.5541129330218
M23,12,PHAandWGA,31707.580078125,1306.443952497672
M23,12,SYTO,22675.0234375,795.3946428284278
M23,13,CONC,5226.4833984375,119.50220715531975
M23,13,HOECHST,5132.5107421875,174.1983139186474
M23,13,MITO,75322.9296875,3303.545014462826
M23,13,PHAandWGA,32170.87890625,1278.5606871656912
M23,13,SYTO,22890.724609375,771.2704728266373
M23,14,CONC,5272.38916015625,116.51184352311508
M23,14,HOECHST,5236.62890625,169.26349976976678
M23,14,MITO,76070.828125,3239.3001085226524
M23,14,PHAandWGA,32215.734375,1248.9712940850713
M23,14,SYTO,22845.3828125,742.8872299568166
M23,15,CONC,5324.50390625,112.98765839579099
M23,15,HOECHST,5279.416015625,163.36491475078907
M23,15,MITO,77222.015625,3154.7801606986545
M23,15,PHAandWGA,32401.71875,1212.8755087834763
M23,15,SYTO,22725.173828125,713.0152193872411
N02,0,CONC,8303.6796875,80.124791132886
N02,0,HOECHST,7220.81640625,101.6570093322265
N02,0,MITO,100248.375,1431.5972761484434
N02,0,PHAandWGA,47495.01171875,629.7135755409474
N02,0,SYTO,36874.73828125,546.4215356221354
N02,1,CONC,8947.9375,97.28765207316704
N02,1,HOECHST,7775.8115234375,121.78801034487878
N02,1,MITO,106284.6484375,1642.751573171267
N02,1,PHAandWGA,49913.40625,734.376714497967
N02,1,SYTO,39176.390625,652.4834064478687
N02,2,CONC,9542.3583984375,106.4070736899727
N02,2,HOECHST,8270.4130859375,135.49344331545745
N02,2,MITO,110693.4375,1704.7773668718282
N02,2,PHAandWGA,52669.4140625,807.1170226524814
N02,2,SYTO,41822.9140625,720.954169725254
N02,3,CONC,10080.0,106.10618926208105
N02,3,HOECHST,8838.216796875,141.3035543358706
N02,3,MITO,116686.171875,1661.948024497215
N02,3,PHAandWGA,55663.0234375,828.4943564875241
N02,3,SYTO,44588.796875,736.3686846790575
N02,4,CONC,10447.939453125,100.03770983630585
N02,4,HOECHST,9192.8505859375,138.66306218451555
N02,4,MITO,119386.578125,1552.5271060751631
N02,4,PHAandWGA,57901.4140625,808.1154024210401
N02,4,SYTO,47189.171875,709.3742593729625
N02,5,CONC,10625.75,91.74083381153056
N02,5,HOECHST,9480.669921875,130.91896516104268
N02,5,MITO,123091.046875,1441.6973779887244
N02,5,PHAandWGA,59245.765625,770.005990963864
N02,5,SYTO,49661.296875,664.2785865138025
N02,6,CONC,10770.08984375,83.90770954548854
N02,6,HOECHST,9699.041015625,123.06686243755364
N02,6,MITO,123541.4375,1340.4574764259992
N02,6,PHAandWGA,61851.42578125,728.6798176648548
N02,6,SYTO,50613.56640625,618.3609314955729
N02,7,CONC,10862.8828125,76.66948263880431
N02,7,HOECHST,9879.529296875,114.06804491074392
N02,7,MITO,124728.328125,1240.3484841286659
N02,7,PHAandWGA,62650.30859375,686.0301476766066
N02,7,SYTO,52324.890625,570.9606916943997
N02,8,CONC,10955.6142578125,70.28930902465362
N02,8,HOECHST,10079.8984375,106.5610320377372
N02,8,MITO,125512.6015625,1158.0715010931149
N02,8,PHAandWGA,63823.81640625,641.3618377456125
N02,8,SYTO,53192.328125,522.8672684542219
N02,9,CONC,10980.09375,64.35668671669764
N02,9,HOECHST,10149.64453125,99.18959622688556
N02,9,MITO,125947.015625,1068.7899028774682
N02,9,PHAandWGA,65754.8984375,597.5490203027416
N02,9,SYTO,53630.8828125,479.6541777554367
N02,10,CONC,11032.1513671875,59.57575159900377
N02,10,HOECHST,10225.310546875,93.245156400202
N02,10,MITO,128566.0625,1010.8974988806917
N02,10,PHAandWGA,66074.296875,558.4222853579257
N02,10,SYTO,55228.609375,441.82426981040925
N02,11,CONC,11097.681640625,55.31616074719
N02,11,HOECHST,10403.986328125,87.9017124000206
N02,11,MITO,128516.140625,955.8717652954377
N02,11,PHAandWGA,66749.109375,524.8826525052991
N02,11,SYTO,55634.6328125,410.7805324836512
N02,12,CONC,11140.4072265625,51.85069300228987
N02,12,HOECHST,10473.87109375,83.352190767027
N02,12,MITO,129334.1796875,912.0894196649897
N02,12,PHAandWGA,67510.921875,495.72313546171176
N02,12,SYTO,55603.0390625,384.0820039306337
N02,13,CONC,11179.251953125,49.016602487897906
N02,13,HOECHST,10587.8955078125,79.56277519459107
N02,13,MITO,129192.1875,873.2700126464501
N02,13,PHAandWGA,68220.7265625,471.84635306435126
N02,13,SYTO,56674.0625,362.777203188946
N02,14,CONC,11221.978515625,46.66327852423707
N02,14,HOECHST,10717.91796875,76.62588122667896
N02,14,MITO,130878.6015625,837.529688308966
N02,14,PHAandWGA,68994.578125,450.3174699020996
N02,14,SYTO,56296.1015625,345.06522381705855
N02,15,CONC,11252.8662109375,44.427070294503096
N02,15,HOECHST,10809.8603515625,73.70925742630078
N02,15,MITO,130921.421875,805.5884535868265
N02,15,PHAandWGA,69849.125,430.09665230619856
N02,15,SYTO,57607.109375,327.58117310986324
N03,0,CONC,5101.70849609375,90.07589018608803
N03,0,HOECHST,3232.439453125,71.90139592667327
N03,0,MITO,69181.984375,1891.131236838655
N03,0,PHAandWGA,26809.91015625,834.2457569760301
N03,0,SYTO,17948.73046875,633.3469350953642
N03,1,CONC,5564.32958984375,119.27943327318451
N03,1,HOECHST,3498.230224609375,93.41138437572917
N03,1,MITO,71909.9140625,2193.7778231875814
N03,1,PHAandWGA,28360.74609375,1019.6545824381606
N03,1,SYTO,19478.384765625,812.9518635952202
N03,2,CONC,5979.419921875,139.87577262458538
N03,2,HOECHST,3747.029296875,111.79256830445888
N03,2,MITO,75649.703125,2433.4787618126343
N03,2,PHAandWGA,30160.5,1150.386436303753
N03,2,SYTO,21767.54296875,935.961751438266
N03,3,CONC,6341.62646484375,149.58340036020323
N03,3,HOECHST,3995.362060546875,120.83195863604794
N03,3,MITO,79017.671875,2597.1139594667166
N03,3,PHAandWGA,32135.927734375,1235.9259587489703
N03,3,SYTO,23716.83984375,1000.9675253678099
N03,4,CONC,6614.4873046875,152.89794546029225
N03,4,HOECHST,4204.35107421875,126.5740748780348
N03,4,MITO,81521.8125,2726.8365041749757
N03,4,PHAandWGA,34098.5390625,1268.694874724073
N03,4,SYTO,25656.79296875,1020.6530754231892
N03,5,CONC,6842.87109375,150.8276265523307
N03,5,HOECHST,4374.96630859375,126.92175737542091
N03,5,MITO,84020.5625,2748.630151793243
N03,5,PHAandWGA,35293.078125,1263.2860347522935
N03,5,SYTO,27492.70703125,1000.0641520600977
N03,6,CONC,7025.32861328125,146.5406145733975
N03,6,HOECHST,4539.8447265625,126.61959095851275
N03,6,MITO,86845.4375,2748.353559968077
N03,6,PHAandWGA,36856.84375,1240.39166399112
N03,6,SYTO,28870.203125,965.1832775198485
N03,7,CONC,7114.5341796875,141.77692762747782
N03,7,HOECHST,4652.58544921875,124.50584188312415
N03,7,MITO,89468.1875,2728.8192808842814
N03,7,PHAandWGA,37670.7265625,1213.7620059273686
N03,7,SYTO,30008.56640625,929.1616774638144
N03,8,CONC,7218.5927734375,137.04652975592316
N03,8,HOECHST,4769.17626953125,121.21004052720185
N03,8,MITO,91656.109375,2694.407630815425
N03,8,PHAandWGA,38676.33203125,1184.3407366541508
N03,8,SYTO,30785.642578125,890.3466121999172
N03,9,CONC,7279.974609375,132.6578339388575
N03,9,HOECHST,4864.01953125,118.05535867704687
N03,9,MITO,93557.703125,2673.9294539126563
N03,9,PHAandWGA,39551.51171875,1153.4069290817283
N03,9,SYTO,31534.654296875,851.9853581756809
N03,10,CONC,7398.2568359375,128.3177251005266
N03,10,HOECHST,4940.15283203125,114.97438100712216
N03,10,MITO,94438.78125,2628.855816930605
N03,10,PHAandWGA,40232.4453125,1123.893441219254
N03,10,SYTO,31792.2890625,819.4721593542821
N03,11,CONC,7503.87939453125,123.75830546799243
N03,11,HOECHST,5002.13671875,111.26663247686322
N03,11,MITO,95138.078125,2582.078494567888
N03,11,PHAandWGA,40859.90625,1094.6125971851504
N03,11,SYTO,32273.822265625,785.1766020511815
N03,12,CONC,7552.326171875,119.09488295180755
N03,12,HOECHST,5077.9267578125,107.4371055708812
N03,12,MITO,96562.234375,2534.48572617881
N03,12,PHAandWGA,42150.03515625,1062.7717624930772
N03,12,SYTO,32688.646484375,749.1018652616674
N03,13,CONC,7653.9365234375,114.41300713661492
N03,13,HOECHST,5162.46875,104.04254657249726
N03,13,MITO,98847.40625,2456.660191424988
N03,13,PHAandWGA,42080.1484375,1027.8188675142712
N03,13,SYTO,32674.76953125,716.7912746280148
N03,14,CONC,7717.6298828125,109.84029403526921
N03,14,HOECHST,5242.26904296875,100.52081435872002
N03,14,MITO,99811.40625,2397.5608143354843
N03,14,PHAandWGA,43043.21875,994.7216046398268
N03,14,SYTO,33184.09375,685.0557068536702
N03,15,CONC,7835.33447265625,105.38702974093547
N03,15,HOECHST,5296.65625,96.52583050591788
N03,15,MITO,101481.265625,2322.195387927993
N03,15,PHAandWGA,43610.6875,962.3855339986088
N03,15,SYTO,33395.51171875,652.3501941301354
N04,0,CONC,2501.458740234375,90.6280085288457
N04,0,HOECHST,2007.512939453125,87.80377208393095
N04,0,MITO,38158.3359375,3499.2361799467585
N04,0,PHAandWGA,10350.880859375,777.3397474564375
N04,0,SYTO,6278.1953125,515.6599809226426
N04,1,CONC,2733.48291015625,114.60168156679079
N04,1,HOECHST,2208.08203125,118.15013540343777
N04,1,MITO,40279.0625,4030.101521190499
N04,1,PHAandWGA,11573.5,933.8354136111178
N04,1,SYTO,7695.958984375,655.6759432346894
N04,2,CONC,2912.017333984375,131.47691973347796
N04,2,HOECHST,2407.78125,144.17664768201533
N04,2,MITO,42820.46484375,4415.495196213361
N04,2,PHAandWGA,12755.8046875,1044.0104993112507
N04,2,SYTO,8824.7744140625,752.989755912351
N04,3,CONC,3074.010498046875,141.85191782641007
N04,3,HOECHST,2568.79443359375,158.0679423369663
N04,3,MITO,44425.7109375,4632.173378008866
N04,3,PHAandWGA,13802.6015625,1108.1984195065527
N04,3,SYTO,9608.6533203125,796.8182086761223
N04,4,CONC,3165.662109375,147.59435936433118
N04,4,HOECHST,2659.524169921875,160.3287726559018
N04,4,MITO,45795.8203125,4734.135239180284
N04,4,PHAandWGA,14754.75,1145.6566526944146
N04,4,SYTO,9661.24609375,804.198834140381
N04,5,CONC,3257.6494140625,148.35832505427973
N04,5,HOECHST,2717.331787109375,159.52281261891088
N04,5,MITO,46640.67578125,4758.0644557967535
N04,5,PHAandWGA,15504.3955078125,1145.8994486472247
N04,5,SYTO,9454.890625,793.3799618923007
N04,6,CONC,3313.45947265625,146.73676811880966
N04,6,HOECHST,2759.48876953125,156.9295639796315
N04,6,MITO,47599.5546875,4728.345231047887
N04,6,PHAandWGA,15972.365234375,1135.2564988995603
N04,6,SYTO,9221.6435546875,777.3816894267953
N04,7,CONC,3337.6953125,144.35490852813467
N04,7,HOECHST,2783.48681640625,151.40245114849327
N04,7,MITO,48290.03125,4695.749281586181
N04,7,PHAandWGA,16139.2451171875,1112.2114183567535
N04,7,SYTO,8930.39453125,752.3020816392885
N04,8,CONC,3359.32763671875,141.09479924629784
N04,8,HOECHST,2780.25146484375,144.82719549032822
N04,8,MITO,48393.09375,4606.821174775537
N04,8,PHAandWGA,16095.017578125,1085.4623837323297
N04,8,SYTO,8787.697265625,727.4627018103439
N04,9,CONC,3370.370361328125,136.67943892079603
N04,9,HOECHST,2802.16064453125,138.9651005383401
N04,9,MITO,48638.296875,4481.730799164621
N04,9,PHAandWGA,16216.3125,1050.0689594012863
N04,9,SYTO,8714.4609375,699.0213933777299
N04,10,CONC,3407.99462890625,131.44272916913673
N04,10,HOECHST,2821.27880859375,132.89453991246884
N04,10,MITO,49269.828125,4354.889236007622
N04,10,PHAandWGA,16086.2470703125,1014.7065367441
N04,10,SYTO,8605.1708984375,667.7508779415424
N04,11,CONC,3417.31982421875,126.12005278323463
N04,11,HOECHST,2813.96337890625,126.86967083829346
N04,11,MITO,49389.10546875,4207.231252786882
N04,11,PHAandWGA,16060.810546875,976.4354918615019
N04,11,SYTO,8574.533203125,638.0997031369452
N04,12,CONC,3422.546875,121.12105938365067
N04,12,HOECHST,2834.7431640625,120.91986522885828
N04,12,MITO,50089.53125,4059.7541755910956
N04,12,PHAandWGA,15754.6015625,939.3644601911138
N04,12,SYTO,8538.771484375,607.7835652465294
N04,13,CONC,3447.79638671875,115.95153992353887
N04,13,HOECHST,2853.3486328125,114.96286793551553
N04,13,MITO,49753.21875,3891.1842743265765
N04,13,PHAandWGA,15704.412109375,897.2071473687472
N04,13,SYTO,8646.58203125,578.08820497321
N04,14,CONC,3484.08056640625,110.39744918128177
N04,14,HOECHST,2869.42431640625,108.65648816706364
N04,14,MITO,50547.82421875,3684.474876665712
N04,14,PHAandWGA,15609.05078125,849.975129696633
N04,14,SYTO,8604.802734375,543.0682285844467
N04,15,CONC,3507.616455078125,104.91081590529733
N04,15,HOECHST,2906.314208984375,102.56458830009974
N04,15,MITO,50933.0390625,3471.781435192129
N04,15,PHAandWGA,15572.5205078125,805.2465607069854
N04,15,SYTO,8681.9443359375,511.0660662172865
N05,0,CONC,8297.474609375,72.51986247876086
N05,0,HOECHST,7250.2958984375,92.1760719254128
N05,0,MITO,94673.7421875,945.2524633351917
N05,0,PHAandWGA,44265.71875,568.3474351265818
N05,0,SYTO,37180.6484375,528.4710470003507
N05,1,CONC,9575.642578125,128.58649822335525
N05,1,HOECHST,8231.0751953125,151.38500150745352
N05,1,MITO,100917.46875,1283.722627508592
N05,1,PHAandWGA,48910.9140625,829.6030893670883
N05,1,SYTO,42105.1953125,848.5238300435466
N05,2,CONC,11077.435546875,175.84727916755457
N05,2,HOECHST,9475.904296875,212.7994336406007
N05,2,MITO,110946.359375,1610.2090535989046
N05,2,PHAandWGA,54181.75,1049.9466888132981
N05,2,SYTO,48304.52734375,1128.9670832815257
N05,3,CONC,12161.814453125,185.98591523059525
N05,3,HOECHST,10505.2099609375,228.38060946775212
N05,3,MITO,116823.1875,1717.2973950045325
N05,3,PHAandWGA,59061.55078125,1107.6043800827608
N05,3,SYTO,52316.578125,1178.9222531620644
N05,4,CONC,12977.708984375,175.52165428447515
N05,4,HOECHST,11442.77734375,233.35501561359322
N05,4,MITO,124191.5703125,1714.1551547451859
N05,4,PHAandWGA,62154.328125,1079.5691301616052
N05,4,SYTO,56486.35546875,1117.3818366730013
N05,5,CONC,13492.4521484375,161.462892485778
N05,5,HOECHST,11920.232421875,219.58994735695387
N05,5,MITO,128208.09375,1655.5508223300787
N05,5,PHAandWGA,65193.5390625,1021.0574730630995
N05,5,SYTO,59474.48828125,1023.1442213349501
N05,6,CONC,13817.048828125,143.57855207601568
N05,6,HOECHST,12251.107421875,200.31207717341405
N05,6,MITO,131783.4375,1541.5385097341225
N05,6,PHAandWGA,67823.9609375,947.5355692526853
N05,6,SYTO,61671.8671875,922.7800651474276
N05,7,CONC,13935.3125,126.90192406587087
N05,7,HOECHST,12532.298828125,182.36455326626998
N05,7,MITO,136147.578125,1450.622571942753
N05,7,PHAandWGA,69939.0,865.926402042438
N05,7,SYTO,63229.00390625,819.023359932026
N05,8,CONC,14026.83203125,112.45150846160529
N05,8,HOECHST,12664.044921875,163.453517161071
N05,8,MITO,139395.375,1358.9174234795858
N05,8,PHAandWGA,72339.28125,794.5883451117003
N05,8,SYTO,64259.5859375,730.6079711393692
N05,9,CONC,13981.3671875,98.71803222815053
N05,9,HOECHST,12802.326171875,148.69770586384058
N05,9,MITO,141034.765625,1270.1365008092182
N05,9,PHAandWGA,72652.9609375,727.8167370188007
N05,9,SYTO,64177.02734375,652.4761317562295
N05,10,CONC,13869.15234375,86.95489601953456
N05,10,HOECHST,12843.703125,135.200542822372
N05,10,MITO,143110.9375,1184.9235272111207
N05,10,PHAandWGA,73252.171875,670.533516552784
N05,10,SYTO,65696.6171875,589.5295011226555
N05,11,CONC,13752.986328125,76.92760963395469
N05,11,HOECHST,12862.603515625,123.6704925428591
N05,11,MITO,144216.5625,1107.5983256002269
N05,11,PHAandWGA,74444.546875,626.9582849786572
N05,11,SYTO,64721.640625,537.1861457201219
N05,12,CONC,13587.73046875,70.47218585674605
N05,12,HOECHST,12850.74609375,115.43579429213898
N05,12,MITO,145576.734375,1060.399686738646
N05,12,PHAandWGA,73918.5,594.6192613868835
N05,12,SYTO,65267.2578125,500.64986464280497
N05,13,CONC,13487.986328125,65.75640841266838
N05,13,HOECHST,12823.7626953125,109.15744653018528
N05,13,MITO,145781.78125,1024.0651908537088
N05,13,PHAandWGA,74058.609375,567.5970308434298
N05,13,SYTO,65252.37109375,472.2408249668913
N05,14,CONC,13393.05078125,61.01041146186891
N05,14,HOECHST,12793.005859375,103.22753070067695
N05,14,MITO,148029.4375,982.3784843910987
N05,14,PHAandWGA,75000.375,543.0513631530475
N05,14,SYTO,64317.86328125,447.1727922857764
N05,15,CONC,13370.392578125,56.75378266715599
N05,15,HOECHST,12826.13671875,97.8557834993916
N05,15,MITO,147754.46875,940.0976775476544
N05,15,PHAandWGA,75217.4609375,521.259347928832
N05,15,SYTO,63817.53515625,422.2982278329048
N06,0,CONC,3344.01513671875,93.39122612767336
N06,0,HOECHST,1726.400390625,43.59578541245459
N06,0,MITO,47491.40625,2934.153916682867
N06,0,PHAandWGA,14800.3369140625,828.6686760934449
N06,0,SYTO,8891.515625,545.2335360768263
N06,1,CONC,3558.001953125,109.10813447550746
N06,1,HOECHST,1834.3607177734375,51.471643488980824
N06,1,MITO,48991.3359375,3187.277827279096
N06,1,PHAandWGA,16334.5810546875,944.2365570471558
N06,1,SYTO,9937.087890625,622.8722868989956
N06,2,CONC,3805.25146484375,126.41192126219963
N06,2,HOECHST,1972.2955322265625,61.225803124499066
N06,2,MITO,51816.89453125,3481.465987051633
N06,2,PHAandWGA,17705.609375,1066.8357857320764
N06,2,SYTO,11692.962890625,712.7003854744537
N06,3,CONC,4029.9609375,140.49794330278016
N06,3,HOECHST,2112.498046875,70.31843959018052
N06,3,MITO,54433.421875,3666.874987792928
N06,3,PHAandWGA,19046.05078125,1159.613821763865
N06,3,SYTO,13175.095703125,779.7859796572353
N06,4,CONC,4202.41064453125,146.3887392878012
N06,4,HOECHST,2207.847900390625,74.60920786383788
N06,4,MITO,56375.5390625,3777.340706350615
N06,4,PHAandWGA,20207.259765625,1206.0814248002246
N06,4,SYTO,14335.833984375,810.4828159120328
N06,5,CONC,4326.5751953125,147.64760682031124
N06,5,HOECHST,2303.42578125,76.32195413334223
N06,5,MITO,57686.125,3821.1196954779957
N06,5,PHAandWGA,21005.67578125,1220.393061974399
N06,5,SYTO,14726.009765625,808.1577747790545
N06,6,CONC,4414.572265625,146.7262319179173
N06,6,HOECHST,2352.066162109375,76.36397652970462
N06,6,MITO,58755.7890625,3829.1544859498918
N06,6,PHAandWGA,21993.23828125,1219.245381247815
N06,6,SYTO,14584.6650390625,791.7422472870365
N06,7,CONC,4472.86474609375,144.82639293577472
N06,7,HOECHST,2375.734375,75.43308492563247
N06,7,MITO,59531.84375,3818.2391866499547
N06,7,PHAandWGA,22676.24609375,1210.6418463685948
N06,7,SYTO,14369.466796875,772.6550908363109
N06,8,CONC,4503.95703125,141.84637280541304
N06,8,HOECHST,2395.37158203125,73.28260192090117
N06,8,MITO,60134.046875,3794.7359067367697
N06,8,PHAandWGA,22788.970703125,1190.9604551973123
N06,8,SYTO,13947.48046875,747.811308148477
N06,9,CONC,4563.25927734375,138.4712260859738
N06,9,HOECHST,2417.459716796875,71.31902525579004
N06,9,MITO,61028.41796875,3744.0825448856517
N06,9,PHAandWGA,22923.69921875,1163.9187154747613
N06,9,SYTO,13534.62890625,722.6965116101463
N06,10,CONC,4603.26171875,134.78259057878878
N06,10,HOECHST,2441.428466796875,69.66073375185772
N06,10,MITO,61857.390625,3681.1956074301183
N06,10,PHAandWGA,23358.3828125,1132.5948372494624
N06,10,SYTO,13297.115234375,696.4521418738614
N06,11,CONC,4648.48388671875,130.40165411743823
N06,11,HOECHST,2453.914794921875,67.5355282372453
N06,11,MITO,62655.26953125,3587.0974568307056
N06,11,PHAandWGA,23129.951171875,1098.130511697758
N06,11,SYTO,13049.5615234375,670.1452824504067
N06,12,CONC,4684.408203125,126.19731951595625
N06,12,HOECHST,2473.533203125,65.07293568207152
N06,12,MITO,62631.6171875,3484.0272593105633
N06,12,PHAandWGA,23403.455078125,1065.1678928158003
N06,12,SYTO,12875.111328125,639.0057427240046
N06,13,CONC,4734.208984375,121.66072508944139
N06,13,HOECHST,2499.050048828125,62.55840886594653
N06,13,MITO,63196.046875,3388.5167639725696
N06,13,PHAandWGA,23747.4609375,1027.7438019901151
N06,13,SYTO,12805.51171875,611.916971987505
N06,14,CONC,4756.75390625,117.28056993815912
N06,14,HOECHST,2519.83544921875,60.44470242744209
N06,14,MITO,63797.59375,3257.52413862339
N06,14,PHAandWGA,23602.662109375,985.9542019890695
N06,14,SYTO,12672.9072265625,582.0253119398087
N06,15,CONC,4818.5751953125,112.60245103157011
N06,15,HOECHST,2552.98193359375,58.1701742341784
N06,15,MITO,64220.7265625,3124.495696840794
N06,15,PHAandWGA,23729.40234375,944.8612840726377
N06,15,SYTO,12774.9306640625,552.8644831466024
N07,0,CONC,2675.579833984375,79.33186265127382
N07,0,HOECHST,2390.17529296875,101.21698560902522
N07,0,MITO,40318.984375,2995.596100789986
N07,0,PHAandWGA,12880.509765625,822.6114730928691
N07,0,SYTO,8334.5908203125,588.9372261215425
N07,1,CONC,2861.0771484375,97.79029791171672
N07,1,HOECHST,2584.726318359375,124.32641583715215
N07,1,MITO,42000.421875,3381.176801074078
N07,1,PHAandWGA,14052.18359375,968.708994496321
N07,1,SYTO,9935.7587890625,715.8102334930701
N07,2,CONC,3063.249267578125,115.06660002160007
N07,2,HOECHST,2798.65087890625,150.03327923338867
N07,2,MITO,44514.5234375,3743.3041516364738
N07,2,PHAandWGA,15363.845703125,1100.9206769081095
N07,2,SYTO,11503.697265625,836.4837326594943
N07,3,CONC,3253.03955078125,126.65279025329893
N07,3,HOECHST,2990.649169921875,167.15960838650048
N07,3,MITO,46455.49609375,3973.7843707543907
N07,3,PHAandWGA,16685.04296875,1196.1307007937648
N07,3,SYTO,12949.470703125,917.1124839108533
N07,4,CONC,3410.205322265625,133.92362689667203
N07,4,HOECHST,3130.9189453125,175.7093510707461
N07,4,MITO,48385.3828125,4107.84251037131
N07,4,PHAandWGA,17739.96484375,1251.1240062455438
N07,4,SYTO,14167.541015625,957.886058263849
N07,5,CONC,3495.077880859375,136.92924704874568
N07,5,HOECHST,3230.77490234375,177.24340352804165
N07,5,MITO,49595.37109375,4180.649590108334
N07,5,PHAandWGA,18652.568359375,1276.7950372809562
N07,5,SYTO,14817.423828125,961.6982816394406
N07,6,CONC,3595.27783203125,137.22024366673563
N07,6,HOECHST,3281.192138671875,174.9662982994933
N07,6,MITO,50093.515625,4191.260204505805
N07,6,PHAandWGA,19025.240234375,1279.5207997608384
N07,6,SYTO,15084.283203125,948.2850547262876
N07,7,CONC,3648.894775390625,135.703417669367
N07,7,HOECHST,3346.39208984375,171.42928880895442
N07,7,MITO,51299.4140625,4163.741874092515
N07,7,PHAandWGA,19834.8359375,1272.0249658200046
N07,7,SYTO,15165.2578125,927.3623394826644
N07,8,CONC,3659.78076171875,133.4344710531194
N07,8,HOECHST,3377.009765625,167.12119035072965
N07,8,MITO,52062.7421875,4113.420946579795
N07,8,PHAandWGA,19722.095703125,1251.0398486675501
N07,8,SYTO,15045.33984375,902.2849982537846
N07,9,CONC,3682.373779296875,130.3192819225571
N07,9,HOECHST,3390.18896484375,161.77700591190847
N07,9,MITO,52521.24609375,4060.282217181228
N07,9,PHAandWGA,20082.732421875,1222.2947367214601
N07,9,SYTO,14654.126953125,871.6934210300006
N07,10,CONC,3706.07666015625,126.86929253127282
N07,10,HOECHST,3420.421875,156.60421130645372
N07,10,MITO,52440.5703125,3987.4500970385516
N07,10,PHAandWGA,20101.123046875,1194.2148964149426
N07,10,SYTO,14064.9814453125,838.7701660690205
N07,11,CONC,3726.535888671875,122.5177924180605
N07,11,HOECHST,3429.474609375,150.26458365440382
N07,11,MITO,52827.63671875,3884.3100706645832
N07,11,PHAandWGA,19935.61328125,1162.0101070244355
N07,11,SYTO,13823.37890625,806.0276154120286
N07,12,CONC,3746.904296875,117.83868592472649
N07,12,HOECHST,3458.44677734375,143.86963241824665
N07,12,MITO,53615.875,3770.8341346573447
N07,12,PHAandWGA,20196.89453125,1121.083943400237
N07,12,SYTO,13391.0166015625,763.8878984897909
N07,13,CONC,3766.841064453125,113.21783169739943
N07,13,HOECHST,3499.11865234375,137.55243029463765
N07,13,MITO,54096.34375,3621.431591023303
N07,13,PHAandWGA,19993.408203125,1076.8721377772354
N07,13,SYTO,13235.67578125,728.3466583557516
N07,14,CONC,3810.9296875,108.46544712914478
N07,14,HOECHST,3547.296630859375,131.23104086142612
N07,14,MITO,54661.421875,3455.2768518429725
N07,14,PHAandWGA,19926.681640625,1028.3035582005123
N07,14,SYTO,13067.931640625,690.7571681047366
N07,15,CONC,3842.48876953125,103.69875418420297
N07,15,HOECHST,3579.27587890625,124.82317124982106
N07,15,MITO,54935.1484375,3307.1151037260324
N07,15,PHAandWGA,20030.69140625,980.2942614678478
N07,15,SYTO,13139.87890625,652.636071419037
N08,0,CONC,6970.52294921875,58.47173246389763
N08,0,HOECHST,6034.2998046875,87.73328068938882
N08,0,MITO,90714.171875,1302.9560295367678
N08,0,PHAandWGA,38332.234375,555.1890028636977
N08,0,SYTO,29786.86328125,471.55151746753677
N08,1,CONC,7445.8642578125,76.20345435086247
N08,1,HOECHST,6430.583984375,111.49152516699787
N08,1,MITO,94402.234375,1615.8887405246692
N08,1,PHAandWGA,40108.48828125,661.481296187129
N08,1,SYTO,31243.7734375,580.8313745291113
N08,2,CONC,7995.8291015625,93.80272785654283
N08,2,HOECHST,6882.4208984375,130.85760178860374
N08,2,MITO,100249.5,1888.7338692017677
N08,2,PHAandWGA,42643.39453125,796.0981698216307
N08,2,SYTO,33558.48046875,702.6450818572303
N08,3,CONC,8465.2646484375,105.25703277028762
N08,3,HOECHST,7364.25634765625,150.88078932753777
N08,3,MITO,104325.53125,2019.9354069527712
N08,3,PHAandWGA,45127.92578125,889.8463595542815
N08,3,SYTO,36368.1640625,789.5812980427521
N08,4,CONC,8871.875,106.95476219362287
N08,4,HOECHST,7788.5263671875,157.18502850096291
N08,4,MITO,109032.453125,2034.700655273043
N08,4,PHAandWGA,47754.1796875,930.1791045638213
N08,4,SYTO,38422.0859375,821.9669256959022
N08,5,CONC,9198.291015625,104.67424835049623
N08,5,HOECHST,8158.53515625,155.65180790188447
N08,5,MITO,112587.828125,1986.8247284047106
N08,5,PHAandWGA,50154.04296875,935.225890418572
N08,5,SYTO,40356.6875,816.4175587204487
N08,6,CONC,9546.4345703125,101.19979036083078
N08,6,HOECHST,8519.7568359375,152.01981547381735
N08,6,MITO,116102.4765625,1900.2291232007256
N08,6,PHAandWGA,52164.984375,920.8732796233637
N08,6,SYTO,42603.6953125,794.3619758792831
N08,7,CONC,9839.62890625,97.17460636945165
N08,7,HOECHST,8848.287109375,147.8453276084355
N08,7,MITO,119148.671875,1820.9104911361476
N08,7,PHAandWGA,55025.71875,894.494587738751
N08,7,SYTO,44994.6015625,764.4530698841395
N08,8,CONC,10131.205078125,92.60440180028753
N08,8,HOECHST,9056.490234375,143.8477047737262
N08,8,MITO,122233.828125,1744.8382382837362
N08,8,PHAandWGA,56330.8359375,860.2121713686272
N08,8,SYTO,47032.296875,730.3437660636247
N08,9,CONC,10356.173828125,88.16858728895522
N08,9,HOECHST,9406.8759765625,138.7464653351333
N08,9,MITO,125135.34375,1661.7293443607202
N08,9,PHAandWGA,58686.5703125,820.6615717933902
N08,9,SYTO,48379.421875,693.9833922021872
N08,10,CONC,10535.859375,83.75587188440744
N08,10,HOECHST,9660.2626953125,131.54493411437502
N08,10,MITO,128401.640625,1585.97108287506
N08,10,PHAandWGA,59849.3515625,779.4114602475635
N08,10,SYTO,50824.54296875,650.2098761714486
N08,11,CONC,10691.44140625,79.86742557213574
N08,11,HOECHST,9916.458984375,124.35475151932344
N08,11,MITO,130388.6640625,1511.1486287273665
N08,11,PHAandWGA,60945.640625,735.6228558335771
N08,11,SYTO,52208.3984375,611.7263678606597
N08,12,CONC,10908.578125,75.60386067705029
N08,12,HOECHST,10030.099609375,118.49500020948922
N08,12,MITO,131428.5,1446.7071919666855
N08,12,PHAandWGA,63238.99609375,699.2445250634124
N08,12,SYTO,53438.921875,577.1288039742693
N08,13,CONC,11061.48046875,71.15586929089274
N08,13,HOECHST,10239.0869140625,113.41340698301984
N08,13,MITO,133298.0,1384.7350902848818
N08,13,PHAandWGA,64228.6015625,663.9887863298637
N08,13,SYTO,53776.3828125,539.8798226782169
N08,14,CONC,11097.4365234375,67.53450741333612
N08,14,HOECHST,10421.431640625,109.06402164725483
N08,14,MITO,136392.1875,1335.8725329467682
N08,14,PHAandWGA,65813.375,629.8007220789937
N08,14,SYTO,54728.01953125,509.8693703302131
N08,15,CONC,11236.8125,64.21326436742552
N08,15,HOECHST,10551.375,104.12820673290335
N08,15,MITO,137758.640625,1280.874694307278
N08,15,PHAandWGA,66536.734375,604.4539478733402
N08,15,SYTO,56228.25,482.97611984565924
N09,0,CONC,4378.63671875,147.9709137781725
N09,0,HOECHST,3254.64892578125,146.32218462661547
N09,0,MITO,61046.0234375,3740.681781406782
N09,0,PHAandWGA,20871.40234375,1230.2520011285817
N09,0,SYTO,14481.76953125,890.9919240110038
N09,1,CONC,5053.29931640625,208.72204178725048
N09,1,HOECHST,3799.91845703125,216.4728666551776
N09,1,MITO,66096.59375,4569.393051469214
N09,1,PHAandWGA,23540.71484375,1541.7226239205027
N09,1,SYTO,16989.40234375,1196.9155289649916
N09,2,CONC,5510.24462890625,234.6708190705966
N09,2,HOECHST,4202.73583984375,246.64993048690445
N09,2,MITO,70679.796875,4935.361053665187
N09,2,PHAandWGA,26074.4453125,1702.9670911267065
N09,2,SYTO,19485.482421875,1342.9058610384645
N09,3,CONC,5852.4052734375,244.39133508353606
N09,3,HOECHST,4586.56982421875,268.98435020242607
N09,3,MITO,75240.671875,5123.708080540997
N09,3,PHAandWGA,28628.30078125,1812.1242310675211
N09,3,SYTO,21851.5078125,1403.6709184402266
N09,4,CONC,6171.6171875,250.6943670832214
N09,4,HOECHST,4822.423828125,270.5338802668432
N09,4,MITO,78194.5625,5183.314850445501
N09,4,PHAandWGA,30066.888671875,1825.7163639743296
N09,4,SYTO,23086.814453125,1395.6933195935
N09,5,CONC,6331.7314453125,248.79232893348694
N09,5,HOECHST,4976.3212890625,264.3747649429762
N09,5,MITO,80794.46875,5149.637821632552
N09,5,PHAandWGA,31661.7890625,1792.73307871276
N09,5,SYTO,24730.556640625,1361.7907298408923
N09,6,CONC,6398.3125,236.07175821169926
N09,6,HOECHST,5103.9912109375,258.03988432511477
N09,6,MITO,83380.484375,5033.525610616096
N09,6,PHAandWGA,32965.10546875,1731.8966416108026
N09,6,SYTO,25752.205078125,1304.220714273775
N09,7,CONC,6441.9697265625,225.19174436606372
N09,7,HOECHST,5141.79345703125,246.893667443562
N09,7,MITO,83540.75,4883.134884803798
N09,7,PHAandWGA,33693.85546875,1673.5888305036458
N09,7,SYTO,26573.875,1242.5035929590376
N09,8,CONC,6410.85888671875,214.51136967710042
N09,8,HOECHST,5116.4306640625,233.6753265913248
N09,8,MITO,84278.984375,4756.433972703788
N09,8,PHAandWGA,34506.921875,1623.9526659589903
N09,8,SYTO,26824.8671875,1183.02771195242
N09,9,CONC,6337.2265625,203.3401207183071
N09,9,HOECHST,5105.9765625,221.8996730461293
N09,9,MITO,84824.75,4646.28989663315
N09,9,PHAandWGA,34291.8046875,1568.9403933217793
N09,9,SYTO,26785.3828125,1122.5680585171615
N09,10,CONC,6242.5849609375,192.69066391271664
N09,10,HOECHST,5028.86865234375,209.8291637039398
N09,10,MITO,84924.9140625,4502.335363501428
N09,10,PHAandWGA,34651.859375,1513.2928336524146
N09,10,SYTO,26135.921875,1067.1918700606973
N09,11,CONC,6175.49755859375,182.62545892756773
N09,11,HOECHST,4990.25146484375,197.60055315995618
N09,11,MITO,84268.3046875,4371.552474246305
N09,11,PHAandWGA,34315.53125,1464.2745478437682
N09,11,SYTO,26335.12890625,1015.4169560061233
N09,12,CONC,6137.90234375,173.18379224900073
N09,12,HOECHST,4955.6875,185.77381529875444
N09,12,MITO,84721.3125,4249.434767166608
N09,12,PHAandWGA,33577.8515625,1416.1554951916337
N09,12,SYTO,25907.8203125,960.4313557617712
N09,13,CONC,6105.44677734375,164.06047511607576
N09,13,HOECHST,4910.30078125,174.7614998004888
N09,13,MITO,84710.125,4103.855401359853
N09,13,PHAandWGA,33764.59765625,1356.598888341269
N09,13,SYTO,25581.21875,903.4159634346007
N09,14,CONC,6146.3642578125,155.01172825188758
N09,14,HOECHST,4928.11474609375,164.64267565305792
N09,14,MITO,85189.53125,3946.2463899303557
N09,14,PHAandWGA,33536.31640625,1298.9021771712576
N09,14,SYTO,25190.03515625,852.0590649267
N09,15,CONC,6153.5546875,146.23509349739584
N09,15,HOECHST,4992.88671875,155.90537170313524
N09,15,MITO,85835.4453125,3777.433210261342
N09,15,PHAandWGA,32660.693359375,1228.789741247436
N09,15,SYTO,24807.296875,798.646801629397
N10,0,CONC,7448.91357421875,61.45946390474972
N10,0,HOECHST,6321.2353515625,88.65992802835817
N10,0,MITO,90989.6875,1263.546604640631
N10,0,PHAandWGA,40337.1796875,576.824223279388
N10,0,SYTO,32041.125,491.17241047503103
N10,1,CONC,8349.35546875,94.00869822115067
N10,1,HOECHST,6945.6708984375,129.13070889546898
N10,1,MITO,97799.09375,1746.5481859432475
N10,1,PHAandWGA,43662.24609375,778.6034777036373
N10,1,SYTO,34538.71484375,681.3659625169095
N10,2,CONC,9696.8447265625,147.88405779828958
N10,2,HOECHST,8185.46630859375,208.56718907088208
N10,2,MITO,109318.8203125,2437.8029904542086
N10,2,PHAandWGA,47944.03515625,1067.096271779348
N10,2,SYTO,39179.296875,1000.4832288673093
N10,3,CONC,10608.9560546875,167.6892559358927
N10,3,HOECHST,8971.91796875,233.41719636796424
N10,3,MITO,115934.625,2583.510850668498
N10,3,PHAandWGA,52394.46875,1191.6162791619672
N10,3,SYTO,43156.0546875,1131.7415839854575
N10,4,CONC,11156.677734375,166.8963489929649
N10,4,HOECHST,9520.162109375,239.27195060619337
N10,4,MITO,120463.984375,2511.836062478581
N10,4,PHAandWGA,55131.4609375,1212.6330368411873
N10,4,SYTO,46314.6640625,1143.0655473097434
N10,5,CONC,11553.8427734375,156.6244019426141
N10,5,HOECHST,9856.13671875,225.67547537839573
N10,5,MITO,125820.625,2386.792938565572
N10,5,PHAandWGA,57426.046875,1185.9571321159672
N10,5,SYTO,48830.79296875,1090.8410020098172
N10,6,CONC,11989.8515625,146.8496696037454
N10,6,HOECHST,10247.3759765625,209.9544602003479
N10,6,MITO,130128.5625,2264.4149370087575
N10,6,PHAandWGA,60095.42578125,1128.6006520744631
N10,6,SYTO,51101.6171875,1017.6915006054145
N10,7,CONC,12392.251953125,134.3480230723897
N10,7,HOECHST,10655.15234375,192.11821157427008
N10,7,MITO,134580.390625,2114.366228811742
N10,7,PHAandWGA,63398.5,1043.6577716010756
N10,7,SYTO,53659.48828125,920.7117574752551
N10,8,CONC,12717.712890625,119.91648680777321
N10,8,HOECHST,10960.697265625,176.48795619905195
N10,8,MITO,140098.640625,1975.960026984253
N10,8,PHAandWGA,66088.421875,951.0871516102184
N10,8,SYTO,56516.88671875,826.0635194305477
N10,9,CONC,12771.59375,106.70141619768025
N10,9,HOECHST,11172.7109375,160.987476552148
N10,9,MITO,141362.6875,1847.3164272815443
N10,9,PHAandWGA,66717.625,874.1881678865535
N10,9,SYTO,57127.25,739.6831512317651
N10,10,CONC,12672.08984375,94.77253059340384
N10,10,HOECHST,11154.5517578125,144.19814109104902
N10,10,MITO,143048.75,1730.052137778676
N10,10,PHAandWGA,67659.40625,809.0902672964677
N10,10,SYTO,58449.9375,674.216353784791
N10,11,CONC,12737.9482421875,84.76462832294874
N10,11,HOECHST,11246.529296875,131.51303498222822
N10,11,MITO,144013.5,1621.9997871022379
N10,11,PHAandWGA,69404.2421875,750.7441339533619
N10,11,SYTO,58195.78125,611.7210727341977
N10,12,CONC,12738.7470703125,76.45792629472017
N10,12,HOECHST,11321.4599609375,119.12073406413697
N10,12,MITO,145563.609375,1514.9222197822353
N10,12,PHAandWGA,69731.84375,693.9242459826919
N10,12,SYTO,59703.94921875,554.3246857447368
N10,13,CONC,12598.8828125,70.43039094429487
N10,13,HOECHST,11353.0859375,111.34500230775036
N10,13,MITO,144882.09375,1433.5898629938342
N10,13,PHAandWGA,69572.140625,653.852208478854
N10,13,SYTO,58935.2421875,511.38658332059305
N10,14,CONC,12575.8740234375,65.85507145470595
N10,14,HOECHST,11302.591796875,105.29323388201021
N10,14,MITO,144714.328125,1370.0728228523371
N10,14,PHAandWGA,70535.625,628.2574603778227
N10,14,SYTO,59311.3125,485.23543267929597
N10,15,CONC,12524.7939453125,62.66079939305732
N10,15,HOECHST,11352.994140625,100.63754144153786
N10,15,MITO,146168.6875,1328.8211023408671
N10,15,PHAandWGA,71103.7265625,607.3202459029916
N10,15,SYTO,59252.75,464.62377519572425
N11,0,CONC,9000.328125,68.56245612381335
N11,0,HOECHST,7793.9384765625,97.33887211907692
N11,0,MITO,92301.171875,916.3545162497522
N11,0,PHAandWGA,45051.33984375,510.5906844418067
N11,0,SYTO,38046.88671875,503.1269520512721
N11,1,CONC,9676.537109375,89.7371021770025
N11,1,HOECHST,8382.6220703125,117.93126112321346
N11,1,MITO,95956.4921875,1009.6337749142887
N11,1,PHAandWGA,48315.5078125,617.8925845857892
N11,1,SYTO,40773.3984375,627.519569988535
N11,2,CONC,10473.0537109375,108.97282614397993
N11,2,HOECHST,9085.56640625,139.54687881798827
N11,2,MITO,98835.546875,1062.4377474754247
N11,2,PHAandWGA,51018.6171875,714.3733039673687
N11,2,SYTO,44428.25,743.1097051533923
N11,3,CONC,11096.107421875,114.87749685239723
N11,3,HOECHST,9685.078125,151.64113123166848
N11,3,MITO,104077.1171875,1094.9954084994718
N11,3,PHAandWGA,53796.828125,750.1496146724998
N11,3,SYTO,47614.51171875,784.8876404479206
N11,4,CONC,11594.4541015625,111.1069194780086
N11,4,HOECHST,10179.98828125,153.22261091819047
N11,4,MITO,107377.25,1094.512150346945
N11,4,PHAandWGA,56575.296875,741.5278239793745
N11,4,SYTO,49622.71484375,766.2663927121245
N11,5,CONC,11987.00390625,103.006367074696
N11,5,HOECHST,10559.6474609375,148.6308258686902
N11,5,MITO,110696.078125,1067.989783450088
N11,5,PHAandWGA,58622.7265625,709.6799385214223
N11,5,SYTO,52036.6640625,719.9911850014734
N11,6,CONC,12241.88671875,94.80201198964926
N11,6,HOECHST,10861.103515625,140.44842643671572
N11,6,MITO,112954.78125,1030.9209855721951
N11,6,PHAandWGA,59937.7265625,673.0882479137149
N11,6,SYTO,53879.6796875,666.2223557585601
N11,7,CONC,12431.173828125,87.09893341389484
N11,7,HOECHST,11095.8427734375,131.50053272622316
N11,7,MITO,114618.125,984.4714671912399
N11,7,PHAandWGA,62232.9375,634.0046150360057
N11,7,SYTO,54769.27734375,616.9913324007467
N11,8,CONC,12569.158203125,80.2321680490272
N11,8,HOECHST,11321.431640625,123.53958050887536
N11,8,MITO,116287.203125,939.646685807991
N11,8,PHAandWGA,62774.1171875,595.833141225751
N11,8,SYTO,56087.70703125,570.7512039807774
N11,9,CONC,12660.982421875,74.02448983806778
N11,9,HOECHST,11527.70703125,116.14284056760287
N11,9,MITO,119269.53125,898.0694589934234
N11,9,PHAandWGA,64600.5234375,561.1022130317859
N11,9,SYTO,57018.4609375,528.0033620648728
N11,10,CONC,12765.314453125,68.84933662120228
N11,10,HOECHST,11673.62890625,109.88224014207515
N11,10,MITO,120403.3671875,865.2287795516769
N11,10,PHAandWGA,65007.359375,531.3781662645177
N11,10,SYTO,57789.4765625,491.26713380911536
N11,11,CONC,12922.123046875,64.69931571316731
N11,11,HOECHST,11865.017578125,104.95488934516999
N11,11,MITO,121973.921875,839.8445864814091
N11,11,PHAandWGA,65601.671875,505.9467924221934
N11,11,SYTO,58587.46875,463.01109941073577
N11,12,CONC,12914.3173828125,61.24647119517844
N11,12,HOECHST,11987.0625,100.88352260505503
N11,12,MITO,123637.96875,817.7813104270131
N11,12,PHAandWGA,67274.90625,487.4209265504749
N11,12,SYTO,59147.75390625,439.90666967141726
N11,13,CONC,13057.927734375,58.39652611515517
N11,13,HOECHST,12115.517578125,97.23651982559095
N11,13,MITO,124883.140625,801.9479597088643
N11,13,PHAandWGA,67141.3203125,471.5522380267552
N11,13,SYTO,59286.796875,419.4885769708987
N11,14,CONC,13116.802734375,56.079138106985255
N11,14,HOECHST,12292.146484375,94.353174039463
N11,14,MITO,126387.1953125,788.1516299807888
N11,14,PHAandWGA,68650.578125,457.78998390476005
N11,14,SYTO,59900.51953125,402.4242955248129
N11,15,CONC,13196.8466796875,54.214760640183904
N11,15,HOECHST,12420.3359375,91.82897253663965
N11,15,MITO,126638.59375,779.3169399219908
N11,15,PHAandWGA,69148.484375,445.15457088265094
N11,15,SYTO,61588.8359375,388.88970009593174
N12,0,CONC,3783.318603515625,104.19169087640037
N12,0,HOECHST,1959.8043212890625,56.77879209193902
N12,0,MITO,56242.4453125,3069.729824544859
N12,0,PHAandWGA,18289.26171875,917.3017362820847
N12,0,SYTO,11301.568359375,622.2685455851529
N12,1,CONC,4142.302734375,133.74114251429398
N12,1,HOECHST,2175.1171875,76.0929798337013
N12,1,MITO,59682.4375,3511.4992615655465
N12,1,PHAandWGA,19860.6875,1102.6672957490464
N12,1,SYTO,13584.18359375,784.0434757467667
N12,2,CONC,4481.9345703125,152.47526453214277
N12,2,HOECHST,2364.78857421875,88.58358345180426
N12,2,MITO,63883.0,3808.115325208101
N12,2,PHAandWGA,21959.81640625,1236.4685350357586
N12,2,SYTO,15353.0009765625,883.7679324865478
N12,3,CONC,4742.283203125,161.81619269452202
N12,3,HOECHST,2523.74267578125,92.64870717916207
N12,3,MITO,66519.671875,3936.149534374031
N12,3,PHAandWGA,24019.390625,1310.2659418221638
N12,3,SYTO,17201.083984375,926.5164022146475
N12,4,CONC,4995.8779296875,167.4573476074104
N12,4,HOECHST,2694.833251953125,97.43806402807284
N12,4,MITO,69175.125,4006.872078922599
N12,4,PHAandWGA,25928.5390625,1347.3985996339743
N12,4,SYTO,18703.859375,940.3681685728561
N12,5,CONC,5157.6796875,169.2714652271701
N12,5,HOECHST,2824.587158203125,100.63309085666529
N12,5,MITO,71297.28125,4046.9326573769113
N12,5,PHAandWGA,26841.4375,1357.4057647842678
N12,5,SYTO,20192.755859375,940.1087366346363
N12,6,CONC,5238.3056640625,166.6995913532926
N12,6,HOECHST,2888.482666015625,100.01031557135542
N12,6,MITO,73173.34375,4043.3078335878877
N12,6,PHAandWGA,28098.15625,1351.2421674672335
N12,6,SYTO,20822.99609375,916.4145455554878
N12,7,CONC,5284.30078125,161.9883725721305
N12,7,HOECHST,2888.97412109375,96.59828149478422
N12,7,MITO,72986.0625,4025.2264685870487
N12,7,PHAandWGA,28611.826171875,1339.5740799076987
N12,7,SYTO,20802.2890625,888.8993341882085
N12,8,CONC,5276.732421875,156.2778254092004
N12,8,HOECHST,2887.22509765625,92.73559555951655
N12,8,MITO,74000.703125,3978.3812920070473
N12,8,PHAandWGA,28679.95703125,1314.5469878431747
N12,8,SYTO,20484.2890625,856.5697728177455
N12,9,CONC,5275.4228515625,150.69059549232574
N12,9,HOECHST,2891.97509765625,88.61165593035956
N12,9,MITO,74502.8671875,3919.1616641416012
N12,9,PHAandWGA,28433.91015625,1286.4377533141057
N12,9,SYTO,19844.77734375,817.8163609125089
N12,10,CONC,5302.826171875,144.2532571570977
N12,10,HOECHST,2880.1142578125,85.1831214358482
N12,10,MITO,75006.640625,3858.289340998843
N12,10,PHAandWGA,28961.904296875,1253.022457621701
N12,10,SYTO,19381.494140625,782.114051711669
N12,11,CONC,5317.33154296875,137.82289762567254
N12,11,HOECHST,2900.09619140625,81.87174757501133
N12,11,MITO,75166.734375,3761.835581274907
N12,11,PHAandWGA,28950.83203125,1217.0452954074292
N12,11,SYTO,18906.36328125,745.099003635485
N12,12,CONC,5289.66162109375,131.8007800502037
N12,12,HOECHST,2898.8203125,79.03765194434034
N12,12,MITO,75260.734375,3662.4870396822057
N12,12,PHAandWGA,28572.75390625,1178.5997243642978
N12,12,SYTO,18345.2890625,711.5210270276513
N12,13,CONC,5337.65283203125,126.0054485714685
N12,13,HOECHST,2901.206787109375,76.0300077882548
N12,13,MITO,76028.75,3535.5333829783444
N12,13,PHAandWGA,28338.49609375,1135.0362401675345
N12,13,SYTO,17981.71484375,675.5316069816055
N12,14,CONC,5369.10498046875,120.40416579406259
N12,14,HOECHST,2925.5654296875,72.7377729495279
N12,14,MITO,75963.9296875,3414.465968704694
N12,14,PHAandWGA,28879.947265625,1093.1363162532061
N12,14,SYTO,17465.97265625,638.8553927706716
N12,15,CONC,5412.998046875,114.99264468737103
N12,15,HOECHST,2962.004150390625,69.39172054028953
N12,15,MITO,76798.0546875,3260.6167028680866
N12,15,PHAandWGA,28393.79296875,1042.9979445880197
N12,15,SYTO,17451.830078125,602.8807538924622
N13,0,CONC,5411.43359375,78.09454021569759
N13,0,HOECHST,5140.50537109375,119.61741294559394
N13,0,MITO,78337.765625,1717.6814576095605
N13,0,PHAandWGA,30569.798828125,759.4974351604908
N13,0,SYTO,21577.09765625,577.8815174982202
N13,1,CONC,6078.826171875,121.3941035784688
N13,1,HOECHST,5662.97265625,168.29220018869307
N13,1,MITO,81335.453125,2135.4947660079083
N13,1,PHAandWGA,33055.66015625,1006.5385703751746
N13,1,SYTO,23654.59765625,823.2346008599477
N13,2,CONC,6875.28173828125,173.52846964052623
N13,2,HOECHST,6535.8876953125,257.53375694896215
N13,2,MITO,88166.96875,2640.4407030362163
N13,2,PHAandWGA,36491.8125,1309.856531909782
N13,2,SYTO,26875.525390625,1140.5346632500875
N13,3,CONC,7500.30810546875,197.3468449782351
N13,3,HOECHST,7131.37353515625,288.95139956134926
N13,3,MITO,94019.8125,3010.679762668287
N13,3,PHAandWGA,39629.30859375,1505.2220852991015
N13,3,SYTO,29828.287109375,1291.1331162653953
N13,4,CONC,8038.5595703125,205.17847846434768
N13,4,HOECHST,7774.890625,312.2964684487165
N13,4,MITO,100227.21875,3228.0413348442908
N13,4,PHAandWGA,42167.76171875,1592.8936898158477
N13,4,SYTO,32319.9296875,1334.414402528398
N13,5,CONC,8489.314453125,206.46500227561424
N13,5,HOECHST,8357.333984375,327.47300114006265
N13,5,MITO,105348.21875,3328.7707703505403
N13,5,PHAandWGA,44812.78125,1628.0342886495037
N13,5,SYTO,35339.09375,1327.1083076891134
N13,6,CONC,8839.8203125,203.62899925860086
N13,6,HOECHST,8673.11328125,313.1283202493404
N13,6,MITO,111158.3125,3384.9893355856575
N13,6,PHAandWGA,48145.34765625,1647.5878355852972
N13,6,SYTO,37368.984375,1295.047786686774
N13,7,CONC,9047.21875,197.3848235326725
N13,7,HOECHST,9035.76953125,310.1553443062627
N13,7,MITO,114223.1015625,3349.28533522101
N13,7,PHAandWGA,49809.84375,1617.858994399849
N13,7,SYTO,38972.08984375,1237.3810020578023
N13,8,CONC,9243.275390625,189.4446846896947
N13,8,HOECHST,9267.736328125,293.33808723191464
N13,8,MITO,117652.390625,3294.3922714493247
N13,8,PHAandWGA,51613.953125,1574.8235172744305
N13,8,SYTO,40213.45703125,1165.1200702210472
N13,9,CONC,9306.49609375,175.99880673521125
N13,9,HOECHST,9489.876953125,282.57958806616375
N13,9,MITO,120738.3046875,3208.2464452577574
N13,9,PHAandWGA,52817.671875,1501.2878420326717
N13,9,SYTO,41226.09375,1091.8418668809502
N13,10,CONC,9370.279296875,162.51419530603917
N13,10,HOECHST,9622.63671875,263.72734764791903
N13,10,MITO,123014.234375,3103.815599761827
N13,10,PHAandWGA,54198.4375,1424.2080011528042
N13,10,SYTO,42248.3046875,1020.7788188020938
N13,11,CONC,9427.2978515625,152.49836330012445
N13,11,HOECHST,9759.5087890625,246.77435295722452
N13,11,MITO,126528.6484375,3013.6046380219286
N13,11,PHAandWGA,55555.5625,1351.4366671913979
N13,11,SYTO,43086.5390625,952.6968878069305
N13,12,CONC,9442.009765625,143.73574345224714
N13,12,HOECHST,9769.09375,234.67083108446639
N13,12,MITO,128367.84375,2921.4605642779097
N13,12,PHAandWGA,55396.671875,1286.209865102076
N13,12,SYTO,43232.3046875,896.1584981605358
N13,13,CONC,9361.3896484375,135.84988568930217
N13,13,HOECHST,9819.546875,222.09874574431177
N13,13,MITO,129322.46875,2845.2717835720023
N13,13,PHAandWGA,56106.52734375,1223.5196426205446
N13,13,SYTO,43860.5703125,845.6663853845397
N13,14,CONC,9393.8154296875,128.6607514536952
N13,14,HOECHST,9864.2001953125,211.04762381799074
N13,14,MITO,130398.984375,2760.304780391798
N13,14,PHAandWGA,56197.55078125,1171.1806492618437
N13,14,SYTO,44007.10546875,802.1988058016437
N13,15,CONC,9348.4013671875,122.35877876926543
N13,15,HOECHST,9873.078125,199.9673869861495
N13,15,MITO,130819.59375,2680.6278914738054
N13,15,PHAandWGA,56599.19921875,1126.4366384446168
N13,15,SYTO,43172.5234375,761.2179492923048
N14,0,CONC,3583.451171875,87.51955704747532
N14,0,HOECHST,2317.63916015625,77.99398271560487
N14,0,MITO,61248.953125,2959.4359945008428
N14,0,PHAandWGA,19350.001953125,853.6906966395454
N14,0,SYTO,9940.626953125,505.5820606233149
N14,1,CONC,3998.51025390625,127.91285977765783
N14,1,HOECHST,2535.8310546875,103.85674490651502
N14,1,MITO,66504.890625,3860.7017433127057
N14,1,PHAandWGA,21704.96484375,1165.2143106634971
N14,1,SYTO,12305.974609375,728.1106399664104
N14,2,CONC,4552.765625,172.93311513897436
N14,2,HOECHST,2982.760986328125,157.48294567467335
N14,2,MITO,74199.828125,4911.154300555763
N14,2,PHAandWGA,24711.287109375,1508.4648064649734
N14,2,SYTO,15687.439453125,1003.0014169881109
N14,3,CONC,4907.587890625,193.0869970461952
N14,3,HOECHST,3306.09912109375,189.37682784892894
N14,3,MITO,79012.3359375,5261.9790385560955
N14,3,PHAandWGA,27464.484375,1672.734816005978
N14,3,SYTO,18256.337890625,1119.842148097368
N14,4,CONC,5126.263671875,195.2085982827829
N14,4,HOECHST,3504.77880859375,188.93070932842767
N14,4,MITO,82758.453125,5307.002222646797
N14,4,PHAandWGA,29367.2890625,1742.6449505088792
N14,4,SYTO,19847.931640625,1137.980187212379
N14,5,CONC,5318.84228515625,193.69649968078434
N14,5,HOECHST,3667.28955078125,186.3868002524747
N14,5,MITO,85451.4296875,5267.600185633517
N14,5,PHAandWGA,30543.6171875,1742.2500389950103
N14,5,SYTO,21059.765625,1122.0031839328194
N14,6,CONC,5451.61328125,186.57503139223112
N14,6,HOECHST,3809.64013671875,180.28782579857662
N14,6,MITO,87692.3515625,5132.434536012413
N14,6,PHAandWGA,32367.126953125,1685.2389047826416
N14,6,SYTO,22725.8125,1069.7742706282195
N14,7,CONC,5519.880859375,176.20147634545722
N14,7,HOECHST,3936.69921875,177.70786145127184
N14,7,MITO,90328.171875,4954.993625100756
N14,7,PHAandWGA,33119.7890625,1603.2007739089104
N14,7,SYTO,23888.5859375,1006.6071760309503
N14,8,CONC,5518.8212890625,166.61535248548134
N14,8,HOECHST,4014.6669921875,172.43798725067134
N14,8,MITO,91524.484375,4798.569660403075
N14,8,PHAandWGA,33956.1640625,1533.0470139051124
N14,8,SYTO,24027.109375,944.3907951709208
N14,9,CONC,5530.3505859375,158.90093211197419
N14,9,HOECHST,4004.5654296875,161.6269990893081
N14,9,MITO,92711.359375,4664.306700328118
N14,9,PHAandWGA,34050.1875,1473.3131402438876
N14,9,SYTO,23960.76171875,890.9402719862672
N14,10,CONC,5451.310546875,151.038364359395
N14,10,HOECHST,3932.2392578125,150.0677007143269
N14,10,MITO,91748.0078125,4563.235325065466
N14,10,PHAandWGA,34180.04296875,1419.6883804424622
N14,10,SYTO,22715.046875,837.9738294957605
N14,11,CONC,5420.32666015625,142.5026899399227
N14,11,HOECHST,3839.737548828125,137.04690252606386
N14,11,MITO,91658.8828125,4436.788164673286
N14,11,PHAandWGA,33865.73828125,1371.4285226200896
N14,11,SYTO,21535.701171875,786.542347741419
N14,12,CONC,5381.5205078125,133.71287137504626
N14,12,HOECHST,3798.400390625,126.38422846639195
N14,12,MITO,91244.59375,4277.433746076955
N14,12,PHAandWGA,33633.1171875,1321.267657004562
N14,12,SYTO,20271.68359375,736.8368280773516
N14,13,CONC,5323.40771484375,125.6430350996423
N14,13,HOECHST,3760.06396484375,118.29296656377464
N14,13,MITO,90134.265625,4106.6440043948705
N14,13,PHAandWGA,33479.21875,1269.4447397773226
N14,13,SYTO,19336.44140625,692.571419203141
N14,14,CONC,5318.98681640625,118.6558224196038
N14,14,HOECHST,3750.09423828125,111.44751736874468
N14,14,MITO,89910.703125,3927.9230905604677
N14,14,PHAandWGA,33073.8125,1215.3837620966012
N14,14,SYTO,18832.306640625,651.5016966559676
N14,15,CONC,5345.87646484375,111.72893613808313
N14,15,HOECHST,3746.40771484375,104.48169451698784
N14,15,MITO,90379.6484375,3734.566445686125
N14,15,PHAandWGA,32929.80078125,1155.0751094025477
N14,15,SYTO,18291.046875,608.7747480201851
N15,0,CONC,1575.780517578125,65.7172223011253
N15,0,HOECHST,1808.804931640625,112.57367457401025
N15,0,MITO,27260.75,3503.9953216251733
N15,0,PHAandWGA,5796.5419921875,577.166795557217
N15,0,SYTO,3414.98779296875,356.7263509866677
N15,1,CONC,1833.70947265625,115.9559839254745
N15,1,HOECHST,2206.2099609375,227.57513503988753
N15,1,MITO,30917.0859375,5099.897197048682
N15,1,PHAandWGA,7250.6904296875,941.3690138729041
N15,1,SYTO,4779.67529296875,622.1332294348523
N15,2,CONC,2127.562744140625,161.4626301938161
N15,2,HOECHST,2683.61376953125,337.53017472786803
N15,2,MITO,35292.859375,6275.202739921471
N15,2,PHAandWGA,9015.296875,1254.3979149045215
N15,2,SYTO,6421.208984375,870.6505924581155
N15,3,CONC,2399.038330078125,193.59898037010493
N15,3,HOECHST,3128.196044921875,417.04980915812337
N15,3,MITO,39426.5234375,6943.061138275554
N15,3,PHAandWGA,10604.255859375,1441.6340547993038
N15,3,SYTO,7857.82763671875,1023.0319985122406
N15,4,CONC,2569.11767578125,204.8876655447261
N15,4,HOECHST,3290.265380859375,407.719444024523
N15,4,MITO,41715.625,7116.690226303871
N15,4,PHAandWGA,11599.53515625,1492.5639814309732
N15,4,SYTO,8774.076171875,1043.104095430712
N15,5,CONC,2650.40625,205.48547248708164
N15,5,HOECHST,3434.41943359375,395.39582699879037
N15,5,MITO,43160.109375,7115.708228279343
N15,5,PHAandWGA,12548.7578125,1536.664278999824
N15,5,SYTO,8931.984375,1023.0702370424897
N15,6,CONC,2688.12841796875,199.09922193607534
N15,6,HOECHST,3376.60595703125,366.8702266301532
N15,6,MITO,43762.9765625,7026.828704714333
N15,6,PHAandWGA,12636.7705078125,1545.1610250432777
N15,6,SYTO,8679.134765625,974.7396296374048
N15,7,CONC,2637.95068359375,187.470806100565
N15,7,HOECHST,3232.378662109375,326.5444932036159
N15,7,MITO,43980.5625,6831.182074899341
N15,7,PHAandWGA,12460.880859375,1480.8671727444996
N15,7,SYTO,7912.1513671875,908.2947847726485
N15,8,CONC,2589.357177734375,173.5401457829037
N15,8,HOECHST,3106.83154296875,299.786201408234
N15,8,MITO,43054.73046875,6640.563822733352
N15,8,PHAandWGA,12191.2373046875,1389.2044740203644
N15,8,SYTO,7378.408203125,846.1403969372774
N15,9,CONC,2501.41455078125,158.72919312016512
N15,9,HOECHST,2985.7421875,272.8881889607995
N15,9,MITO,42043.4453125,6321.025957157038
N15,9,PHAandWGA,11551.05859375,1278.8380545097054
N15,9,SYTO,6586.5283203125,774.7114250198547
N15,10,CONC,2420.23486328125,144.97125105123104
N15,10,HOECHST,2861.29248046875,243.21664210365313
N15,10,MITO,40501.5078125,6024.091582381628
N15,10,PHAandWGA,10800.5517578125,1178.5730268477862
N15,10,SYTO,6012.8525390625,702.960264056521
N15,11,CONC,2346.00146484375,131.82668310833535
N15,11,HOECHST,2738.1787109375,216.321355498169
N15,11,MITO,39428.53515625,5673.911523106343
N15,11,PHAandWGA,10388.33203125,1093.1786610417591
N15,11,SYTO,5507.62646484375,634.7245193038087
N15,12,CONC,2283.90283203125,119.29030758814271
N15,12,HOECHST,2669.2470703125,193.46952480849322
N15,12,MITO,37795.0859375,5261.315178305283
N15,12,PHAandWGA,9759.78515625,975.8143528902893
N15,12,SYTO,5184.201171875,567.2770407466639
N15,13,CONC,2251.705810546875,107.75757609163179
N15,13,HOECHST,2650.47802734375,175.29825010446564
N15,13,MITO,36330.33984375,4757.2291034595455
N15,13,PHAandWGA,9310.1640625,863.3905833023089
N15,13,SYTO,4998.658203125,508.505603644746
N15,14,CONC,2228.846435546875,98.18561529039664
N15,14,HOECHST,2667.54833984375,160.41455929000978
N15,14,MITO,35981.1953125,4267.780983984704
N15,14,PHAandWGA,8851.744140625,761.5864320975162
N15,14,SYTO,4898.07177734375,454.8907639762064
N15,15,CONC,2242.397216796875,89.57199936031235
N15,15,HOECHST,2685.3125,146.23532038105444
N15,15,MITO,35607.6171875,3780.2944016675483
N15,15,PHAandWGA,8544.259765625,668.5937772826938
N15,15,SYTO,4934.275390625,406.6326635815055
N16,0,CONC,3963.962890625,64.97332983472323
N16,0,HOECHST,3802.53369140625,99.41682745170391
N16,0,MITO,67292.3125,2367.0852304111104
N16,0,PHAandWGA,24068.521484375,800.2238563697966
N16,0,SYTO,13976.380859375,485.42218269920784
N16,1,CONC,4352.9716796875,92.81099096124709
N16,1,HOECHST,4132.6298828125,134.7454964991661
N16,1,MITO,71812.921875,3079.2427567154614
N16,1,PHAandWGA,25590.380859375,1022.2912442179669
N16,1,SYTO,16189.255859375,669.634525219488
N16,2,CONC,4880.4833984375,125.19118018110179
N16,2,HOECHST,4652.5947265625,190.34716630385174
N16,2,MITO,78899.625,3846.608952083141
N16,2,PHAandWGA,28266.0546875,1306.619785867096
N16,2,SYTO,18837.216796875,906.5799405820997
N16,3,CONC,5277.38232421875,146.92598029884596
N16,3,HOECHST,5149.93994140625,230.21860926401607
N16,3,MITO,85549.25,4345.025097265345
N16,3,PHAandWGA,31014.15234375,1595.9909569433448
N16,3,SYTO,21399.921875,1073.2440158406694
N16,4,CONC,5593.275390625,158.01388507154306
N16,4,HOECHST,5495.58935546875,243.22135467637534
N16,4,MITO,89122.96875,4533.099662777671
N16,4,PHAandWGA,33765.39453125,1778.0889898786202
N16,4,SYTO,23926.845703125,1141.298368609713
N16,5,CONC,5898.58203125,164.68853028326572
N16,5,HOECHST,5836.78662109375,254.33189082195275
N16,5,MITO,94269.015625,4633.521796363915
N16,5,PHAandWGA,35604.7578125,1707.7237073215326
N16,5,SYTO,25793.19140625,1143.1125633349743
N16,6,CONC,6095.8369140625,165.68145311597004
N16,6,HOECHST,6076.9990234375,257.0148954923671
N16,6,MITO,97650.828125,4608.018727935567
N16,6,PHAandWGA,36698.19921875,1684.1180793353144
N16,6,SYTO,27241.02734375,1140.5448930620812
N16,7,CONC,6233.52734375,163.25430011871796
N16,7,HOECHST,6186.46630859375,249.49770242896432
N16,7,MITO,99218.59375,4540.970688747017
N16,7,PHAandWGA,38953.0390625,1695.9933626146553
N16,7,SYTO,28415.140625,1113.9366929945825
N16,8,CONC,6348.310546875,158.31893584518753
N16,8,HOECHST,6305.2197265625,240.5495733381614
N16,8,MITO,101602.8203125,4392.510885416816
N16,8,PHAandWGA,40110.4296875,1678.7650024183015
N16,8,SYTO,28999.884765625,1070.2401403073143
N16,9,CONC,6443.9296875,151.70363005222256
N16,9,HOECHST,6411.62353515625,231.15111905374718
N16,9,MITO,103222.453125,4226.502041955072
N16,9,PHAandWGA,40470.4140625,1618.8310038123243
N16,9,SYTO,30164.55078125,1020.9817130417753
N16,10,CONC,6513.1669921875,146.16774877926537
N16,10,HOECHST,6558.0244140625,223.63567056887646
N16,10,MITO,104482.859375,4073.3495573253
N16,10,PHAandWGA,40964.609375,1536.5533850762313
N16,10,SYTO,30218.9296875,970.7236399856548
N16,11,CONC,6546.314453125,141.70121643865707
N16,11,HOECHST,6602.349609375,213.84516172175844
N16,11,MITO,105227.1875,3943.5457021426896
N16,11,PHAandWGA,41936.3671875,1481.6628226739028
N16,11,SYTO,30992.6171875,930.3413196362588
N16,12,CONC,6592.5283203125,136.92180312585913
N16,12,HOECHST,6688.77978515625,207.0936598605514
N16,12,MITO,106299.484375,3833.863020331727
N16,12,PHAandWGA,42493.921875,1436.7090563595748
N16,12,SYTO,31190.376953125,895.0251161313405
N16,13,CONC,6560.08203125,131.83788118175474
N16,13,HOECHST,6699.30419921875,199.25477434241228
N16,13,MITO,105649.21875,3711.170133811546
N16,13,PHAandWGA,42700.6953125,1387.4195877563654
N16,13,SYTO,31637.9296875,863.3823124310926
N16,14,CONC,6583.31591796875,126.64570828656021
N16,14,HOECHST,6761.7890625,190.3101545651809
N16,14,MITO,106513.5234375,3581.8163908521324
N16,14,PHAandWGA,42618.34375,1348.1478560230569
N16,14,SYTO,31028.828125,827.4991316302068
N16,15,CONC,6636.0107421875,122.02985042078843
N16,15,HOECHST,6778.8583984375,181.52590033185865
N16,15,MITO,107433.140625,3454.9818171668317
N16,15,PHAandWGA,42917.57421875,1309.8193683605289
N16,15,SYTO,31138.787109375,790.6148227048043
N17,0,CONC,4229.5712890625,78.5534992454945
N17,0,HOECHST,3954.97509765625,111.49480188455728
N17,0,MITO,60789.75390625,2165.5991907584616
N17,0,PHAandWGA,24774.22265625,860.9758199869286
N17,0,SYTO,16174.4189453125,580.4469812416565
N17,1,CONC,4709.58349609375,122.70432752184327
N17,1,HOECHST,4364.2099609375,162.21441671649995
N17,1,MITO,66188.125,2865.1992448550814
N17,1,PHAandWGA,26917.115234375,1133.144755699339
N17,1,SYTO,18106.978515625,835.2102192739312
N17,2,CONC,5321.01904296875,171.52128052499293
N17,2,HOECHST,4994.1337890625,239.22248488394112
N17,2,MITO,73106.625,3624.1474527660557
N17,2,PHAandWGA,29342.203125,1477.0173337010651
N17,2,SYTO,20868.5078125,1160.571173265476
N17,3,CONC,5741.26513671875,189.49832831084285
N17,3,HOECHST,5488.99609375,278.8521146716689
N17,3,MITO,77223.296875,3934.4810495107336
N17,3,PHAandWGA,32293.71484375,1674.9806606307984
N17,3,SYTO,23546.22265625,1315.8825274444357
N17,4,CONC,6177.130859375,199.71824956857793
N17,4,HOECHST,5897.75390625,293.23008640388747
N17,4,MITO,81829.2578125,4080.312440221778
N17,4,PHAandWGA,34228.03125,1779.6366377985287
N17,4,SYTO,25946.02734375,1365.0274628053908
N17,5,CONC,6484.28515625,202.7950601149559
N17,5,HOECHST,6232.6240234375,295.41532847263056
N17,5,MITO,85235.8984375,4147.088132342629
N17,5,PHAandWGA,36759.9921875,1831.1932055492555
N17,5,SYTO,28095.265625,1368.0708444142801
N17,6,CONC,6681.0673828125,200.7134778351425
N17,6,HOECHST,6528.9970703125,296.8455212266486
N17,6,MITO,87526.109375,4139.788076213118
N17,6,PHAandWGA,38451.7265625,1841.6544353167144
N17,6,SYTO,29278.4296875,1342.5309493946727
N17,7,CONC,6773.96630859375,195.9894223962571
N17,7,HOECHST,6691.06494140625,288.47427758360504
N17,7,MITO,90355.6875,4112.21163318642
N17,7,PHAandWGA,40398.4296875,1826.356705393842
N17,7,SYTO,30626.34765625,1301.4529312851346
N17,8,CONC,6910.876953125,190.99748773646914
N17,8,HOECHST,6840.58984375,281.4386596847057
N17,8,MITO,91977.375,4069.515038982471
N17,8,PHAandWGA,41912.03515625,1792.4775327724121
N17,8,SYTO,31208.3359375,1255.056927818788
N17,9,CONC,6996.048828125,185.04839304351174
N17,9,HOECHST,6981.857421875,272.28898169500616
N17,9,MITO,92880.421875,3981.049934726767
N17,9,PHAandWGA,42559.0390625,1738.0997624600034
N17,9,SYTO,31718.115234375,1203.2554764434758
N17,10,CONC,7031.21142578125,178.72433775577952
N17,10,HOECHST,7059.0830078125,265.22015248495313
N17,10,MITO,94662.203125,3934.8764547957626
N17,10,PHAandWGA,42709.66796875,1682.6408654849874
N17,10,SYTO,32882.53125,1148.726606577299
N17,11,CONC,7040.61376953125,172.59851159615584
N17,11,HOECHST,7097.1513671875,253.6678548889955
N17,11,MITO,95901.28125,3861.110266930615
N17,11,PHAandWGA,43269.91015625,1633.4936808291554
N17,11,SYTO,32721.96484375,1099.6570442966695
N17,12,CONC,7072.21923828125,165.89669294941413
N17,12,HOECHST,7113.73291015625,242.72765271528021
N17,12,MITO,96877.109375,3779.640777185518
N17,12,PHAandWGA,44224.9375,1590.5945731384934
N17,12,SYTO,33314.31640625,1048.7756397304865
N17,13,CONC,7079.20361328125,158.17221515782364
N17,13,HOECHST,7148.57666015625,230.5083462946778
N17,13,MITO,98046.203125,3695.9806343938653
N17,13,PHAandWGA,44104.84375,1545.7763534498035
N17,13,SYTO,33499.640625,999.3936029935454
N17,14,CONC,7093.693359375,150.63901902144363
N17,14,HOECHST,7146.7314453125,219.16513279527413
N17,14,MITO,98297.0703125,3579.745465030163
N17,14,PHAandWGA,44838.75390625,1495.4688571449665
N17,14,SYTO,33195.84375,949.730340371665
N17,15,CONC,7106.9208984375,143.40214302184648
N17,15,HOECHST,7172.75,208.59808743361006
N17,15,MITO,99105.1484375,3468.589712666991
N17,15,PHAandWGA,44465.92578125,1442.9033138747177
N17,15,SYTO,33530.9296875,900.6464859252882
N18,0,CONC,1603.5751953125,52.49898414050795
N18,0,HOECHST,1703.0216064453125,79.06836285737216
N18,0,MITO,28888.06640625,3147.425531410255
N18,0,PHAandWGA,8093.2861328125,673.205628241689
N18,0,SYTO,4452.24169921875,400.6711912508245
N18,1,CONC,1803.2119140625,83.41360552675702
N18,1,HOECHST,1910.676513671875,128.73014770769996
N18,1,MITO,31478.689453125,4331.181463408999
N18,1,PHAandWGA,9247.1376953125,965.7792895503578
N18,1,SYTO,5637.0869140625,602.5837877595026
N18,2,CONC,2019.621826171875,115.61230476725139
N18,2,HOECHST,2200.45849609375,189.72866768694448
N18,2,MITO,35148.375,5391.215045846939
N18,2,PHAandWGA,10717.4599609375,1254.6407924972477
N18,2,SYTO,7189.53076171875,845.1979316899556
N18,3,CONC,2226.02294921875,140.0770539189058
N18,3,HOECHST,2468.89501953125,231.29995228714012
N18,3,MITO,38721.32421875,6041.239512130583
N18,3,PHAandWGA,12067.7216796875,1495.2596005893406
N18,3,SYTO,8615.369140625,1012.7931638067905
N18,4,CONC,2390.671875,154.99892287386558
N18,4,HOECHST,2664.23681640625,257.59087891766353
N18,4,MITO,40721.25390625,6385.101368702455
N18,4,PHAandWGA,13610.455078125,1682.3680987743653
N18,4,SYTO,9872.060546875,1113.9105301334564
N18,5,CONC,2500.462890625,162.6797254584008
N18,5,HOECHST,2821.918701171875,269.72008078371704
N18,5,MITO,42449.3984375,6479.6171444008505
N18,5,PHAandWGA,14590.849609375,1796.7947854789152
N18,5,SYTO,10536.0087890625,1148.0745920542706
N18,6,CONC,2597.86865234375,165.17197427666144
N18,6,HOECHST,2923.3330078125,274.20643060478915
N18,6,MITO,43768.3515625,6466.727384885106
N18,6,PHAandWGA,15444.962890625,1803.2870772502574
N18,6,SYTO,11059.361328125,1147.2729861726955
N18,7,CONC,2628.53173828125,163.11851712073525
N18,7,HOECHST,2997.66455078125,268.1857651526352
N18,7,MITO,43925.41015625,6392.545724805643
N18,7,PHAandWGA,15838.583984375,1793.4978510852366
N18,7,SYTO,11245.3310546875,1113.5390414779527
N18,8,CONC,2647.5205078125,158.40627727007936
N18,8,HOECHST,2993.36181640625,254.5552090395843
N18,8,MITO,44861.640625,6270.469231646356
N18,8,PHAandWGA,16250.70703125,1747.838034124013
N18,8,SYTO,11191.3681640625,1063.3498798720377
N18,9,CONC,2628.0908203125,152.14975258193303
N18,9,HOECHST,2971.3115234375,241.9680748817029
N18,9,MITO,44498.609375,6125.99933504285
N18,9,PHAandWGA,16253.208984375,1678.7561144283773
N18,9,SYTO,11019.4453125,1011.7911402214673
N18,10,CONC,2613.794921875,145.12466372533902
N18,10,HOECHST,2927.91943359375,229.35581259256145
N18,10,MITO,44286.06640625,5960.319843089061
N18,10,PHAandWGA,16088.9228515625,1610.2066867647122
N18,10,SYTO,10399.544921875,955.6606637880772
N18,11,CONC,2578.3720703125,137.09418898753904
N18,11,HOECHST,2888.888671875,214.68143213989882
N18,11,MITO,44237.65625,5741.613807892075
N18,11,PHAandWGA,15797.236328125,1535.7230689323528
N18,11,SYTO,9736.875,895.7868761375858
N18,12,CONC,2550.1572265625,128.5796875427627
N18,12,HOECHST,2824.1552734375,196.2041166999434
N18,12,MITO,43750.5,5438.658755886627
N18,12,PHAandWGA,15298.42578125,1448.7679359972244
N18,12,SYTO,9081.576171875,832.8160629854677
N18,13,CONC,2528.85498046875,120.47814560975185
N18,13,HOECHST,2776.71484375,179.1622023187205
N18,13,MITO,43313.24609375,5126.502010802364
N18,13,PHAandWGA,15014.953125,1353.3642073142355
N18,13,SYTO,8354.501953125,769.8535596661134
N18,14,CONC,2504.040283203125,112.87035725855957
N18,14,HOECHST,2762.4716796875,165.43674868465035
N18,14,MITO,42653.30078125,4801.053697717934
N18,14,PHAandWGA,14666.9931640625,1256.6873658660431
N18,14,SYTO,8101.68359375,712.0245271029274
N18,15,CONC,2492.33935546875,104.47171560096552
N18,15,HOECHST,2740.50390625,150.4661256019071
N18,15,MITO,42186.5234375,4439.670891977687
N18,15,PHAandWGA,14274.69140625,1153.3663078520904
N18,15,SYTO,7678.126953125,645.3095799486796
N19,0,CONC,3808.7978515625,56.2910182998632
N19,0,HOECHST,3941.00927734375,102.1425465821521
N19,0,MITO,63140.5,2012.151750796216
N19,0,PHAandWGA,26697.71875,799.4311056724296
N19,0,SYTO,16145.6328125,521.95401857124
N19,1,CONC,4111.1728515625,73.34857103893752
N19,1,HOECHST,4214.47607421875,129.45428233541432
N19,1,MITO,66559.40625,2381.125384133047
N19,1,PHAandWGA,28288.84765625,951.8466463712173
N19,1,SYTO,17961.2734375,665.0325224529595
N19,2,CONC,4401.986328125,89.7083754560219
N19,2,HOECHST,4583.51416015625,159.580085272276
N19,2,MITO,70760.9921875,2747.0328870840303
N19,2,PHAandWGA,30294.4453125,1113.5614087463016
N19,2,SYTO,20113.0078125,806.8017497643963
N19,3,CONC,4669.34716796875,99.7803889054911
N19,3,HOECHST,4895.87939453125,179.22889957233375
N19,3,MITO,74096.90625,2963.4788636294406
N19,3,PHAandWGA,32287.5703125,1242.5897361864443
N19,3,SYTO,22014.90234375,898.4727360654697
N19,4,CONC,4909.92822265625,104.61353700042645
N19,4,HOECHST,5111.26220703125,188.6219206108803
N19,4,MITO,77191.34375,3050.5726831147103
N19,4,PHAandWGA,33734.84375,1321.1811340589286
N19,4,SYTO,23494.1640625,938.5981608006191
N19,5,CONC,5088.111328125,106.97615519604295
N19,5,HOECHST,5343.98974609375,191.81878263341892
N19,5,MITO,79257.6875,3071.369421749622
N19,5,PHAandWGA,35380.91796875,1371.0835021861637
N19,5,SYTO,25319.029296875,945.7583110157178
N19,6,CONC,5243.74951171875,108.13604963048309
N19,6,HOECHST,5567.6728515625,195.78462936518486
N19,6,MITO,83144.6875,3105.411524627057
N19,6,PHAandWGA,37120.640625,1394.9629480179208
N19,6,SYTO,26988.17578125,940.7187484389473
N19,7,CONC,5416.4111328125,107.69824189095822
N19,7,HOECHST,5786.9736328125,196.7050879833687
N19,7,MITO,85000.671875,3106.8407758954727
N19,7,PHAandWGA,38967.2421875,1400.9799842617779
N19,7,SYTO,27869.34375,924.3845644745309
N19,8,CONC,5557.412109375,105.95123498787288
N19,8,HOECHST,5920.4501953125,192.77692124182622
N19,8,MITO,86816.0625,3082.033727817311
N19,8,PHAandWGA,40357.09375,1384.0256768163526
N19,8,SYTO,29486.65625,897.4623846758477
N19,9,CONC,5656.09375,103.3659717159134
N19,9,HOECHST,6061.50390625,189.15421427040582
N19,9,MITO,88107.1796875,3037.777839789672
N19,9,PHAandWGA,40664.28125,1351.4934704921827
N19,9,SYTO,30453.689453125,866.3974297454984
N19,10,CONC,5737.1171875,100.88522482419218
N19,10,HOECHST,6200.23876953125,184.55030397917
N19,10,MITO,89202.6875,2979.2225072145106
N19,10,PHAandWGA,41500.15625,1318.0848367716842
N19,10,SYTO,31264.80078125,835.8259703808502
N19,11,CONC,5822.10986328125,97.90448381470911
N19,11,HOECHST,6308.888671875,180.29594844692798
N19,11,MITO,91865.921875,2937.9411802948607
N19,11,PHAandWGA,43218.1796875,1278.3958079520428
N19,11,SYTO,31325.47265625,803.140616880655
N19,12,CONC,5896.4658203125,94.8098182247691
N19,12,HOECHST,6425.96337890625,176.18728925935395
N19,12,MITO,92570.671875,2882.979962681605
N19,12,PHAandWGA,43709.6953125,1242.0192306178824
N19,12,SYTO,31530.119140625,769.4708439538215
N19,13,CONC,5928.9189453125,91.44286983158612
N19,13,HOECHST,6505.07421875,171.42641103133866
N19,13,MITO,94311.9609375,2815.8180120607553
N19,13,PHAandWGA,44224.90234375,1207.9270655781827
N19,13,SYTO,31809.98828125,739.4437200635493
N19,14,CONC,6008.6435546875,88.3091900632197
N19,14,HOECHST,6596.6396484375,166.05124583466045
N19,14,MITO,95745.015625,2738.6140265549725
N19,14,PHAandWGA,44733.3671875,1173.7024984635036
N19,14,SYTO,31939.88671875,706.8898900891608
N19,15,CONC,6104.95703125,84.97682294980918
N19,15,HOECHST,6699.0380859375,159.73741892222822
N19,15,MITO,95439.6015625,2642.733325328362
N19,15,PHAandWGA,45156.5546875,1138.6909848818761
N19,15,SYTO,32148.61328125,676.6176147119969
N20,0,CONC,1849.0582275390625,55.102894633544075
N20,0,HOECHST,2281.20947265625,90.00778665665914
N20,0,MITO,35858.109375,2559.5391969253224
N20,0,PHAandWGA,7904.9912109375,547.3383727869121
N20,0,SYTO,4478.30615234375,352.83108290656213
N20,1,CONC,1941.1844482421875,67.74973847381756
N20,1,HOECHST,2390.576416015625,108.15319614559587
N20,1,MITO,36513.0390625,2857.880228091914
N20,1,PHAandWGA,8683.8447265625,666.4508976235384
N20,1,SYTO,4844.62890625,429.41946039242333
N20,2,CONC,2065.36865234375,82.14616575813432
N20,2,HOECHST,2544.02783203125,131.25907699637347
N20,2,MITO,38460.3671875,3208.221372260481
N20,2,PHAandWGA,9225.9326171875,791.2081745395958
N20,2,SYTO,5417.61181640625,515.8870870789048
N20,3,CONC,2165.675048828125,93.16200098678276
N20,3,HOECHST,2689.783935546875,150.25377610105153
N20,3,MITO,39630.08203125,3462.3447183932985
N20,3,PHAandWGA,10041.2412109375,889.880365275896
N20,3,SYTO,5842.75048828125,582.7521536852129
N20,4,CONC,2251.0546875,100.30771983580553
N20,4,HOECHST,2807.87744140625,162.0585917281455
N20,4,MITO,41166.234375,3606.5052897544824
N20,4,PHAandWGA,10532.134765625,958.1253817873321
N20,4,SYTO,6258.90234375,622.9069760161402
N20,5,CONC,2312.681884765625,104.33015121685285
N20,5,HOECHST,2878.807373046875,167.67864716620275
N20,5,MITO,42283.44140625,3708.836616333756
N20,5,PHAandWGA,11046.4501953125,999.9418848026646
N20,5,SYTO,6474.2294921875,642.4761439072644
N20,6,CONC,2355.9482421875,106.31175320199536
N20,6,HOECHST,2958.55908203125,169.22907385030743
N20,6,MITO,42275.421875,3719.664366854293
N20,6,PHAandWGA,11409.0830078125,1021.1804028251714
N20,6,SYTO,6594.9638671875,648.2016900787472
N20,7,CONC,2385.7373046875,106.54424730459542
N20,7,HOECHST,2973.92626953125,166.95484056960274
N20,7,MITO,43266.74609375,3724.9730774597256
N20,7,PHAandWGA,11502.1259765625,1029.195096326917
N20,7,SYTO,6509.08349609375,641.9200331975782
N20,8,CONC,2400.0810546875,105.3535615593235
N20,8,HOECHST,3018.63525390625,163.41379007517446
N20,8,MITO,43306.546875,3669.401531621275
N20,8,PHAandWGA,11548.685546875,1025.2316052048434
N20,8,SYTO,6566.54736328125,628.2664928941815
N20,9,CONC,2413.236328125,102.9320293216091
N20,9,HOECHST,3029.056884765625,159.00516279736496
N20,9,MITO,43560.3828125,3560.921682368681
N20,9,PHAandWGA,11606.3134765625,1007.0057889668497
N20,9,SYTO,6483.484375,608.9465972943373
N20,10,CONC,2436.450439453125,99.9226459919729
N20,10,HOECHST,3063.259033203125,152.8560545706278
N20,10,MITO,43939.2578125,3487.663648787205
N20,10,PHAandWGA,11655.54296875,981.4587593686256
N20,10,SYTO,6398.85205078125,583.6879817372345
N20,11,CONC,2440.838623046875,96.0141213325806
N20,11,HOECHST,3105.32373046875,145.88708412134392
N20,11,MITO,43912.57421875,3342.406378843761
N20,11,PHAandWGA,11552.73828125,925.9106750888335
N20,11,SYTO,6329.80419921875,551.6694099575278
N20,12,CONC,2458.919189453125,91.62766068562603
N20,12,HOECHST,3109.370361328125,138.6379086097281
N20,12,MITO,44494.26171875,3193.4424125427286
N20,12,PHAandWGA,11474.908203125,866.7276762033125
N20,12,SYTO,6303.0078125,518.4542445996716
N20,13,CONC,2478.116943359375,86.68300270669982
N20,13,HOECHST,3148.5166015625,131.2240642813614
N20,13,MITO,44730.97265625,2992.643337588201
N20,13,PHAandWGA,11432.951171875,804.822575991719
N20,13,SYTO,6187.15576171875,480.8952698873037
N20,14,CONC,2513.0302734375,81.85795334454878
N20,14,HOECHST,3192.90576171875,123.55818071417043
N20,14,MITO,44739.359375,2814.470532175202
N20,14,PHAandWGA,11461.6123046875,742.5192419215356
N20,14,SYTO,6204.130859375,447.6577065250999
N20,15,CONC,2516.75732421875,76.67039559793966
N20,15,HOECHST,3241.6904296875,116.0137125759496
N20,15,MITO,45292.78125,2631.8045253465752
N20,15,PHAandWGA,11483.251953125,674.6021352056637
N20,15,SYTO,6204.02587890625,411.37616196149236
N21,0,CONC,4582.697265625,92.85312452958077
N21,0,HOECHST,4488.15234375,137.08998761741995
N21,0,MITO,67565.53125,2092.3440199112765
N21,0,PHAandWGA,26627.087890625,910.41405506118
N21,0,SYTO,18949.552734375,715.0301386381091
N21,1,CONC,5053.37646484375,124.99757058736644
N21,1,HOECHST,5023.3369140625,183.93293503633913
N21,1,MITO,72353.78125,2468.8044316951878
N21,1,PHAandWGA,28965.53515625,1123.844789441373
N21,1,SYTO,21619.5625,929.7859527394895
N21,2,CONC,5504.28955078125,148.24049866867097
N21,2,HOECHST,5526.9365234375,223.39359507631875
N21,2,MITO,76507.625,2758.6375214637947
N21,2,PHAandWGA,31103.47265625,1290.9600069185713
N21,2,SYTO,23970.44921875,1074.8695936540362
N21,3,CONC,5813.60400390625,157.80659435199135
N21,3,HOECHST,5910.03759765625,243.61882294499787
N21,3,MITO,80225.46875,2907.0353382408052
N21,3,PHAandWGA,32937.0078125,1365.3143899867678
N21,3,SYTO,26024.98046875,1125.2337225403212
N21,4,CONC,6063.81640625,160.4861470773714
N21,4,HOECHST,6249.17578125,249.59186048371893
N21,4,MITO,83118.4765625,3013.0472423279343
N21,4,PHAandWGA,34954.4453125,1409.9755809148137
N21,4,SYTO,27364.892578125,1131.2223951305316
N21,5,CONC,6300.44189453125,160.58731318312286
N21,5,HOECHST,6469.1513671875,248.0563098100846
N21,5,MITO,85995.28125,3083.6433245920316
N21,5,PHAandWGA,36711.796875,1429.8950083570612
N21,5,SYTO,28803.720703125,1114.659631556399
N21,6,CONC,6498.3623046875,158.40753091541578
N21,6,HOECHST,6744.4609375,246.96543877913024
N21,6,MITO,89116.078125,3130.0016362103784
N21,6,PHAandWGA,37965.30078125,1423.9150767955584
N21,6,SYTO,30289.861328125,1089.51607560722
N21,7,CONC,6617.3466796875,154.77066285950858
N21,7,HOECHST,6929.84130859375,242.10434172737556
N21,7,MITO,91295.90625,3131.906835943612
N21,7,PHAandWGA,39265.5,1409.9146314814495
N21,7,SYTO,31464.744140625,1053.6704692661303
N21,8,CONC,6700.57861328125,150.18003373067614
N21,8,HOECHST,7046.779296875,235.74203373002243
N21,8,MITO,94072.5703125,3127.587428660187
N21,8,PHAandWGA,40638.41796875,1388.437462202602
N21,8,SYTO,32353.220703125,1018.3547654483261
N21,9,CONC,6786.7763671875,145.2139498888309
N21,9,HOECHST,7180.16455078125,228.50520102012203
N21,9,MITO,96673.4453125,3095.512643686741
N21,9,PHAandWGA,41766.0234375,1351.9554164963681
N21,9,SYTO,33168.90625,972.1160765358245
N21,10,CONC,6889.7822265625,140.11389234277965
N21,10,HOECHST,7291.216796875,220.7316357998573
N21,10,MITO,98429.78125,3047.5668623575793
N21,10,PHAandWGA,42314.359375,1308.7008695335555
N21,10,SYTO,33749.4375,927.389455025204
N21,11,CONC,6979.314453125,135.26183954097687
N21,11,HOECHST,7362.072265625,212.77408010621292
N21,11,MITO,99946.859375,2992.7335115397486
N21,11,PHAandWGA,42867.1171875,1264.125090355262
N21,11,SYTO,34022.359375,885.6638875714727
N21,12,CONC,7038.84521484375,130.18142410462846
N21,12,HOECHST,7472.333984375,204.08583517493437
N21,12,MITO,101022.484375,2924.8506523073106
N21,12,PHAandWGA,43375.546875,1231.8095783671547
N21,12,SYTO,33795.65234375,846.5141108443767
N21,13,CONC,7071.2138671875,124.6266491871412
N21,13,HOECHST,7501.3115234375,195.56537880121462
N21,13,MITO,102130.703125,2852.4342335531423
N21,13,PHAandWGA,44322.921875,1195.224322975521
N21,13,SYTO,33923.71875,809.0458730756767
N21,14,CONC,7118.041015625,120.06728097293367
N21,14,HOECHST,7582.80908203125,188.01802348000706
N21,14,MITO,104128.421875,2785.3553236980893
N21,14,PHAandWGA,44060.546875,1159.8806553307818
N21,14,SYTO,34280.4375,776.3703622208728
N21,15,CONC,7121.77099609375,115.61378635328137
N21,15,HOECHST,7647.9892578125,180.34303476068877
N21,15,MITO,104320.6015625,2710.7461558794653
N21,15,PHAandWGA,43900.96875,1125.7607078291885
N21,15,SYTO,34400.09375,742.8392718738046
N22,0,CONC,3949.76318359375,107.50975066680421
N22,0,HOECHST,3651.784423828125,148.21295282397153
N22,0,MITO,62079.125,3313.2955776262806
N22,0,PHAandWGA,21015.373046875,1041.2014197843862
N22,0,SYTO,12754.3583984375,657.4254126786903
N22,1,CONC,4342.14794921875,137.18648563795523
N22,1,HOECHST,4092.02685546875,194.3960449649088
N22,1,MITO,66893.1171875,3796.2787261772714
N22,1,PHAandWGA,23171.134765625,1252.0403172042777
N22,1,SYTO,15193.11328125,823.5717972816116
N22,2,CONC,4698.64013671875,156.3588737271483
N22,2,HOECHST,4487.23486328125,223.76141283843745
N22,2,MITO,70720.0546875,4103.802103592515
N22,2,PHAandWGA,24776.611328125,1382.908229702163
N22,2,SYTO,17553.9140625,920.6417320130747
N22,3,CONC,4939.19189453125,164.5034506432586
N22,3,HOECHST,4800.892578125,238.7690258277868
N22,3,MITO,74921.5,4233.806339740697
N22,3,PHAandWGA,27053.9453125,1460.945765500013
N22,3,SYTO,19486.03125,965.030547067522
N22,4,CONC,5145.1279296875,167.72778324112997
N22,4,HOECHST,5008.865234375,244.28444337100666
N22,4,MITO,76761.828125,4300.028169658152
N22,4,PHAandWGA,28472.2890625,1503.0978275644043
N22,4,SYTO,20706.875,978.5625942576885
N22,5,CONC,5311.6630859375,168.95096767039658
N22,5,HOECHST,5205.3994140625,242.22530207495834
N22,5,MITO,78645.765625,4333.497202415607
N22,5,PHAandWGA,29534.89453125,1528.2052837541567
N22,5,SYTO,21929.359375,966.9406662604819
N22,6,CONC,5430.94775390625,168.25327029006843
N22,6,HOECHST,5271.0966796875,236.9903988269598
N22,6,MITO,81196.0546875,4336.534586935483
N22,6,PHAandWGA,30983.755859375,1518.866227381997
N22,6,SYTO,22515.39453125,946.4533196240424
N22,7,CONC,5528.220703125,166.43149111865006
N22,7,HOECHST,5365.78076171875,231.97641786365028
N22,7,MITO,82754.46875,4299.63064362253
N22,7,PHAandWGA,31508.83203125,1499.74651484227
N22,7,SYTO,22804.84765625,922.4347509391685
N22,8,CONC,5572.58349609375,163.53738148822382
N22,8,HOECHST,5433.8349609375,227.2211167437052
N22,8,MITO,83228.34375,4253.929118919097
N22,8,PHAandWGA,32165.095703125,1478.1944800975707
N22,8,SYTO,23097.62890625,897.4683028439491
N22,9,CONC,5644.93310546875,160.39875678262013
N22,9,HOECHST,5476.83154296875,222.38327917226135
N22,9,MITO,84099.6875,4218.92226630358
N22,9,PHAandWGA,33083.0078125,1459.7322071620135
N22,9,SYTO,23114.283203125,873.7239290706501
N22,10,CONC,5641.93359375,156.5374209620983
N22,10,HOECHST,5529.5869140625,216.5833538157102
N22,10,MITO,84690.9375,4149.620226111596
N22,10,PHAandWGA,33408.21875,1432.4429480548336
N22,10,SYTO,22930.494140625,844.207395710962
N22,11,CONC,5698.18017578125,152.17945093589208
N22,11,HOECHST,5539.7998046875,209.06567717113163
N22,11,MITO,85938.578125,4078.8703941329904
N22,11,PHAandWGA,33343.53125,1390.9126572851974
N22,11,SYTO,22758.427734375,816.0195008734439
N22,12,CONC,5703.1669921875,147.29324475400838
N22,12,HOECHST,5587.0087890625,201.5839123367436
N22,12,MITO,86565.265625,3977.7373282683993
N22,12,PHAandWGA,33034.6328125,1351.7995110236222
N22,12,SYTO,22783.248046875,785.2024669106522
N22,13,CONC,5742.03271484375,142.44482182504214
N22,13,HOECHST,5647.5849609375,194.35887282966692
N22,13,MITO,87519.859375,3870.022999369418
N22,13,PHAandWGA,33293.7109375,1309.538519563525
N22,13,SYTO,22623.7890625,752.0932126308668
N22,14,CONC,5788.24365234375,137.3331563665757
N22,14,HOECHST,5694.892578125,185.83879217351867
N22,14,MITO,88322.7578125,3744.5227605905898
N22,14,PHAandWGA,33553.5234375,1271.203574920905
N22,14,SYTO,22301.859375,722.0177923846458
N22,15,CONC,5822.966796875,131.85133078622704
N22,15,HOECHST,5752.38427734375,177.38559867185475
N22,15,MITO,89462.234375,3613.7045835191916
N22,15,PHAandWGA,33827.0859375,1229.83741124861
N22,15,SYTO,22288.55859375,685.2478150236685
N23,0,CONC,4276.44580078125,79.43253456086155
N23,0,HOECHST,4044.740966796875,112.88970785645834
N23,0,MITO,64127.6015625,2014.7522071600747
N23,0,PHAandWGA,25714.78515625,877.6062805033043
N23,0,SYTO,16731.111328125,598.0583726755387
N23,1,CONC,4675.646484375,113.12845648767431
N23,1,HOECHST,4417.9580078125,151.25034418236928
N23,1,MITO,67216.203125,2482.102584440113
N23,1,PHAandWGA,27613.35546875,1128.060623497432
N23,1,SYTO,18637.73046875,815.6909352625404
N23,2,CONC,5211.2060546875,151.52458362268868
N23,2,HOECHST,4944.328125,200.5661268383439
N23,2,MITO,72064.203125,2974.238151910034
N23,2,PHAandWGA,30439.8984375,1411.0723716837786
N23,2,SYTO,21225.40625,1061.9894787612259
N23,3,CONC,5608.91064453125,170.17535343448625
N23,3,HOECHST,5347.142578125,232.21224547749026
N23,3,MITO,76167.578125,3245.4764503070223
N23,3,PHAandWGA,32681.5078125,1594.2198015326865
N23,3,SYTO,23768.0703125,1193.6322292677348
N23,4,CONC,5904.609375,178.6312637507748
N23,4,HOECHST,5689.26513671875,247.67232067373283
N23,4,MITO,79716.4609375,3421.9883396701052
N23,4,PHAandWGA,34130.671875,1680.5175065365133
N23,4,SYTO,25629.12109375,1239.4846638531735
N23,5,CONC,6167.81103515625,181.1118952603814
N23,5,HOECHST,6013.52734375,255.97114391836678
N23,5,MITO,83525.484375,3499.66735237472
N23,5,PHAandWGA,36051.859375,1702.5720578158343
N23,5,SYTO,27167.5234375,1232.1351818699236
N23,6,CONC,6292.31005859375,177.46443206835377
N23,6,HOECHST,6261.15869140625,255.92396916122993
N23,6,MITO,85537.734375,3521.586197127395
N23,6,PHAandWGA,37594.59765625,1683.274822637774
N23,6,SYTO,28113.9375,1208.0065288454382
N23,7,CONC,6394.74853515625,172.48477618415762
N23,7,HOECHST,6393.78173828125,255.5630167060797
N23,7,MITO,88428.0625,3552.5955153567475
N23,7,PHAandWGA,38755.796875,1656.631395781598
N23,7,SYTO,29238.9453125,1166.483973787647
N23,8,CONC,6460.55078125,167.53924679656146
N23,8,HOECHST,6547.23681640625,250.90350219751144
N23,8,MITO,89018.1953125,3519.9449445178225
N23,8,PHAandWGA,39367.96484375,1625.5590933383332
N23,8,SYTO,29767.427734375,1129.334413601079
N23,9,CONC,6574.0341796875,162.5504123021904
N23,9,HOECHST,6677.05419921875,246.9565737622243
N23,9,MITO,91441.609375,3502.001842490918
N23,9,PHAandWGA,40146.75,1590.0303159821854
N23,9,SYTO,30471.125,1094.6028150440018
N23,10,CONC,6620.177734375,157.4566620034511
N23,10,HOECHST,6716.30126953125,239.82994202060834
N23,10,MITO,92582.4296875,3462.0207978272497
N23,10,PHAandWGA,40690.078125,1546.5230165133808
N23,10,SYTO,30190.578125,1049.5493199644002
N23,11,CONC,6640.423828125,151.9997365281728
N23,11,HOECHST,6775.3994140625,230.59284274445773
N23,11,MITO,92809.640625,3386.349043893672
N23,11,PHAandWGA,41069.3828125,1507.751556788675
N23,11,SYTO,30981.505859375,1012.855695247575
N23,12,CONC,6667.2333984375,146.26651353423588
N23,12,HOECHST,6821.64208984375,222.46427627500853
N23,12,MITO,94060.015625,3339.8188250670783
N23,12,PHAandWGA,41698.796875,1468.6288376162768
N23,12,SYTO,30879.16796875,972.4822147348087
N23,13,CONC,6700.1787109375,140.24843384113052
N23,13,HOECHST,6896.58154296875,213.1321144585941
N23,13,MITO,95688.953125,3257.6198258658933
N23,13,PHAandWGA,41740.6796875,1428.371463749425
N23,13,SYTO,31434.119140625,928.7319011846901
N23,14,CONC,6798.0458984375,134.88708815098255
N23,14,HOECHST,6998.1796875,204.13627524753085
N23,14,MITO,96931.609375,3165.754244718038
N23,14,PHAandWGA,42615.43359375,1384.2516284166315
N23,14,SYTO,31203.3359375,886.0975226619696
N23,15,CONC,6873.453125,129.9353889980774
N23,15,HOECHST,7033.48095703125,195.41524025708978
N23,15,MITO,97958.34375,3075.467880288131
N23,15,PHAandWGA,43103.53125,1344.9257330270011
N23,15,SYTO,31304.0546875,843.5010393519565
O02,0,CONC,2853.861328125,64.86382591630898
O02,0,HOECHST,2806.193359375,85.56982829914344
O02,0,MITO,44116.8125,2093.6867698200977
O02,0,PHAandWGA,15689.4091796875,700.8210179597872
O02,0,SYTO,10271.888671875,528.2478580628423
O02,1,CONC,3036.01904296875,81.36757348158882
O02,1,HOECHST,2974.7421875,104.94381095805878
O02,1,MITO,45176.59375,2371.2328721683084
O02,1,PHAandWGA,16638.666015625,837.3992134149862
O02,1,SYTO,11692.263671875,650.1468673161804
O02,2,CONC,3347.9296875,107.48066136329057
O02,2,HOECHST,3252.81103515625,136.38994181392272
O02,2,MITO,48568.546875,2828.9782660713963
O02,2,PHAandWGA,18177.697265625,1032.9718964863912
O02,2,SYTO,13646.798828125,834.1760311430801
O02,3,CONC,3600.708251953125,129.76023386807623
O02,3,HOECHST,3549.983642578125,166.1788234385922
O02,3,MITO,51540.44140625,3224.911965055035
O02,3,PHAandWGA,19479.658203125,1192.7561765529929
O02,3,SYTO,15332.10546875,986.5948629986043
O02,4,CONC,3818.693359375,141.8666188719212
O02,4,HOECHST,3798.12353515625,186.2905684064101
O02,4,MITO,54933.453125,3479.181859852011
O02,4,PHAandWGA,21533.021484375,1290.6083943147105
O02,4,SYTO,16950.068359375,1072.6563891315534
O02,5,CONC,4043.387451171875,147.75841467949425
O02,5,HOECHST,4074.152099609375,197.9735577813382
O02,5,MITO,56984.74609375,3603.218027567582
O02,5,PHAandWGA,22657.015625,1335.844625871319
O02,5,SYTO,18887.642578125,1105.0384529056428
O02,6,CONC,4177.80615234375,149.5597407783618
O02,6,HOECHST,4233.09130859375,202.11145494042395
O02,6,MITO,59242.8203125,3679.122619590579
O02,6,PHAandWGA,23946.5703125,1349.3232409565337
O02,6,SYTO,20018.48828125,1108.5223770813143
O02,7,CONC,4288.93359375,148.30808385622097
O02,7,HOECHST,4323.59814453125,198.80128560373316
O02,7,MITO,60407.1484375,3697.1464018195165
O02,7,PHAandWGA,24825.23046875,1347.8123090793958
O02,7,SYTO,21143.603515625,1090.7656970427238
O02,8,CONC,4389.06591796875,145.78183708745175
O02,8,HOECHST,4364.7001953125,193.44438520036547
O02,8,MITO,61816.1640625,3676.0549263056782
O02,8,PHAandWGA,25687.98828125,1335.7316768090395
O02,8,SYTO,22020.37109375,1061.5749877944795
O02,9,CONC,4397.22021484375,142.0158323906949
O02,9,HOECHST,4454.822265625,187.36838965959635
O02,9,MITO,61633.984375,3612.4788108579573
O02,9,PHAandWGA,26447.484375,1309.4440859238086
O02,9,SYTO,22260.6875,1021.8599907439939
O02,10,CONC,4432.2236328125,137.91060266014125
O02,10,HOECHST,4429.0283203125,179.9704397029524
O02,10,MITO,62760.1796875,3566.9395652194885
O02,10,PHAandWGA,26649.171875,1278.5052077261328
O02,10,SYTO,22383.38671875,982.1144555422904
O02,11,CONC,4474.54931640625,133.91430834542118
O02,11,HOECHST,4451.3466796875,173.6231967724272
O02,11,MITO,63195.13671875,3501.015329889579
O02,11,PHAandWGA,26842.00390625,1249.02112717047
O02,11,SYTO,22500.72265625,944.7648691265263
O02,12,CONC,4508.953125,129.6793735587683
O02,12,HOECHST,4531.64501953125,167.91512649611673
O02,12,MITO,64221.875,3412.8972045003406
O02,12,PHAandWGA,27433.703125,1212.7984015854518
O02,12,SYTO,22315.26953125,906.4336567255879
O02,13,CONC,4539.8046875,125.22161904503929
O02,13,HOECHST,4585.1875,161.50480904610558
O02,13,MITO,64768.08203125,3324.7544647256113
O02,13,PHAandWGA,27466.91015625,1179.0598963701768
O02,13,SYTO,22095.375,863.5168333619239
O02,14,CONC,4554.2490234375,120.15239693348424
O02,14,HOECHST,4611.51708984375,155.03701933117912
O02,14,MITO,65551.53125,3220.7616359204244
O02,14,PHAandWGA,27625.189453125,1136.3622701239321
O02,14,SYTO,21936.4453125,826.9119177554643
O02,15,CONC,4604.2705078125,115.15793651773387
O02,15,HOECHST,4678.56884765625,148.1589682355881
O02,15,MITO,66759.625,3114.395616737482
O02,15,PHAandWGA,27374.90625,1096.1997699489018
O02,15,SYTO,21920.12890625,787.4622444952516
O03,0,CONC,3092.738037109375,55.006809039219135
O03,0,HOECHST,1586.523681640625,24.580567359377643
O03,0,MITO,41590.4296875,1659.1715200194926
O03,0,PHAandWGA,12656.240234375,518.4856124270442
O03,0,SYTO,7068.57763671875,297.97401575024736
O03,1,CONC,3223.451171875,61.49611892839723
O03,1,HOECHST,1653.458984375,27.982521672595674
O03,1,MITO,42213.20703125,1766.7448017445176
O03,1,PHAandWGA,13278.1728515625,569.6795460366809
O03,1,SYTO,7389.2109375,330.77414354230035
O03,2,CONC,3344.1328125,68.68543333345133
O03,2,HOECHST,1729.4964599609375,31.96529102101873
O03,2,MITO,43449.40625,1905.8378354161832
O03,2,PHAandWGA,14092.349609375,628.7289480730918
O03,2,SYTO,7824.2177734375,368.3890457079259
O03,3,CONC,3511.02685546875,75.23392742182273
O03,3,HOECHST,1798.05908203125,35.68751518854933
O03,3,MITO,44513.515625,2025.7639726391296
O03,3,PHAandWGA,14857.30859375,679.6597007778447
O03,3,SYTO,8245.294921875,400.55266579703766
O03,4,CONC,3625.55810546875,80.0458253094132
O03,4,HOECHST,1878.61376953125,38.5642199369105
O03,4,MITO,45879.015625,2112.5735839444
O03,4,PHAandWGA,15627.3359375,719.0285115646145
O03,4,SYTO,8618.392578125,424.1428002185748
O03,5,CONC,3758.806396484375,83.77391414340282
O03,5,HOECHST,1933.08837890625,40.68475192505285
O03,5,MITO,47398.4140625,2179.5326695232425
O03,5,PHAandWGA,16409.27734375,753.2892536408874
O03,5,SYTO,9001.509765625,441.29932469446584
O03,6,CONC,3870.16552734375,86.25053831635618
O03,6,HOECHST,2005.383544921875,42.251679079982594
O03,6,MITO,48373.3671875,2222.927781858542
O03,6,PHAandWGA,17274.828125,776.2772025504727
O03,6,SYTO,9271.6484375,450.62293306016727
O03,7,CONC,3978.82080078125,87.89860638371574
O03,7,HOECHST,2061.41455078125,43.297091239287525
O03,7,MITO,49780.9609375,2248.0367669247316
O03,7,PHAandWGA,17878.990234375,785.7972106675738
O03,7,SYTO,9531.421875,455.1743802615666
O03,8,CONC,4069.735107421875,88.66495473798295
O03,8,HOECHST,2113.684814453125,44.09984783974844
O03,8,MITO,51046.2421875,2267.5681092345276
O03,8,PHAandWGA,18588.85546875,794.1175845145215
O03,8,SYTO,9755.09765625,458.34866248578476
O03,9,CONC,4165.2529296875,89.15376233063559
O03,9,HOECHST,2158.258544921875,44.61216751258398
O03,9,MITO,51304.4453125,2251.160608143773
O03,9,PHAandWGA,18977.755859375,794.9140001289624
O03,9,SYTO,9975.25390625,455.4393430069356
O03,10,CONC,4271.6875,89.01260054625197
O03,10,HOECHST,2208.9638671875,44.55863503613852
O03,10,MITO,52978.29296875,2248.025418335169
O03,10,PHAandWGA,19593.23828125,791.0674183563045
O03,10,SYTO,10132.41015625,450.64175933106503
O03,11,CONC,4333.7919921875,88.30573817653317
O03,11,HOECHST,2251.1513671875,44.24757925250343
O03,11,MITO,54100.3515625,2222.439748242514
O03,11,PHAandWGA,19971.466796875,783.867043635259
O03,11,SYTO,10250.9169921875,443.739653555565
O03,12,CONC,4404.404296875,87.09810239634466
O03,12,HOECHST,2298.84130859375,43.683530712990134
O03,12,MITO,54461.20703125,2187.763596187553
O03,12,PHAandWGA,20463.466796875,769.3644800097535
O03,12,SYTO,10434.20703125,433.7094030941738
O03,13,CONC,4484.3583984375,85.21521714559887
O03,13,HOECHST,2330.753173828125,42.77752447036994
O03,13,MITO,55470.4765625,2128.448403042581
O03,13,PHAandWGA,20771.44140625,752.6030631884814
O03,13,SYTO,10651.3642578125,421.8700811905119
O03,14,CONC,4536.673828125,82.80616731196889
O03,14,HOECHST,2368.3740234375,41.797366304982845
O03,14,MITO,56414.359375,2046.2970136251502
O03,14,PHAandWGA,21146.8046875,730.8941340020046
O03,14,SYTO,10763.6455078125,406.9816686272499
O03,15,CONC,4624.5341796875,80.58391672748988
O03,15,HOECHST,2407.653076171875,40.83861062393889
O03,15,MITO,57231.8515625,1990.6598491857962
O03,15,PHAandWGA,21378.5859375,709.8504458614146
O03,15,SYTO,10947.46875,391.9424595629685
O04,0,CONC,5002.69140625,83.26320089227937
O04,0,HOECHST,3063.350341796875,64.28328286722773
O04,0,MITO,60466.9296875,1778.3449423297375
O04,0,PHAandWGA,21974.78125,654.7277102003403
O04,0,SYTO,12284.037109375,411.9610445882173
O04,1,CONC,5239.974609375,95.10585830309978
O04,1,HOECHST,3209.699951171875,72.90030402384126
O04,1,MITO,62353.6953125,1921.9554085950172
O04,1,PHAandWGA,23004.25390625,727.3938191233271
O04,1,SYTO,13456.1787109375,464.48023042617126
O04,2,CONC,5486.95556640625,105.67498788525533
O04,2,HOECHST,3381.7509765625,81.36861233341097
O04,2,MITO,64811.80859375,2069.7953286647476
O04,2,PHAandWGA,24210.705078125,795.6425342610894
O04,2,SYTO,14732.3447265625,511.33794050023994
O04,3,CONC,5728.52978515625,114.29297934270987
O04,3,HOECHST,3563.989990234375,87.80893971760521
O04,3,MITO,66844.1796875,2182.592539792182
O04,3,PHAandWGA,25376.328125,852.102584880763
O04,3,SYTO,16081.845703125,545.4954685242608
O04,4,CONC,5958.767578125,119.6165963447268
O04,4,HOECHST,3721.146728515625,92.528020522256
O04,4,MITO,68931.3828125,2257.7084540119245
O04,4,PHAandWGA,27115.21484375,888.1150877981089
O04,4,SYTO,17074.125,566.2041694955161
O04,5,CONC,6205.7763671875,122.77872585712768
O04,5,HOECHST,3886.45166015625,96.35923379179026
O04,5,MITO,70493.953125,2297.988531930262
O04,5,PHAandWGA,27951.822265625,913.2349138778034
O04,5,SYTO,17918.513671875,579.1369234291715
O04,6,CONC,6358.46875,124.0108165685268
O04,6,HOECHST,4024.881591796875,98.04617036549692
O04,6,MITO,72224.53125,2312.9416989702854
O04,6,PHAandWGA,29525.228515625,928.6156038358208
O04,6,SYTO,18752.72265625,581.7699670518858
O04,7,CONC,6529.81689453125,123.1608733777856
O04,7,HOECHST,4167.447265625,98.11438544561481
O04,7,MITO,74118.2265625,2299.8144222353667
O04,7,PHAandWGA,30366.0234375,924.0790052721787
O04,7,SYTO,19160.16796875,574.4744498634527
O04,8,CONC,6672.556640625,121.88294458240311
O04,8,HOECHST,4305.27734375,97.07802108677569
O04,8,MITO,76896.09375,2279.6777296660653
O04,8,PHAandWGA,31482.1796875,914.8545193209524
O04,8,SYTO,19669.89453125,562.2247456941602
O04,9,CONC,6824.98193359375,119.91817979116088
O04,9,HOECHST,4397.4326171875,94.97909175167024
O04,9,MITO,78267.1484375,2245.723411810969
O04,9,PHAandWGA,32396.232421875,898.9866888339319
O04,9,SYTO,19859.96484375,545.7786311436806
O04,10,CONC,6993.724609375,117.79577712516188
O04,10,HOECHST,4481.86669921875,93.35206608201013
O04,10,MITO,79418.859375,2208.8146151980623
O04,10,PHAandWGA,32794.3203125,884.4654833453593
O04,10,SYTO,19940.587890625,530.597633937074
O04,11,CONC,7080.60546875,114.81255575869046
O04,11,HOECHST,4584.73486328125,91.25744402318408
O04,11,MITO,80535.046875,2163.5173134210086
O04,11,PHAandWGA,33956.06640625,866.8537705403866
O04,11,SYTO,20121.36328125,514.7276235403834
O04,12,CONC,7194.5712890625,111.64749402711995
O04,12,HOECHST,4667.3525390625,88.97002609505955
O04,12,MITO,81559.484375,2108.736322582726
O04,12,PHAandWGA,34754.9140625,848.3481666308568
O04,12,SYTO,20328.40234375,497.9966102788065
O04,13,CONC,7279.802734375,108.15545513550651
O04,13,HOECHST,4741.58740234375,86.33370514435519
O04,13,MITO,83106.296875,2054.495757065469
O04,13,PHAandWGA,34652.4921875,824.3017006935055
O04,13,SYTO,20202.25390625,479.6150609939717
O04,14,CONC,7429.33544921875,105.00016533223588
O04,14,HOECHST,4806.966796875,83.80497711659406
O04,14,MITO,84074.578125,1989.3502482318383
O04,14,PHAandWGA,35118.0,803.6669385210296
O04,14,SYTO,20425.345703125,463.54556711191213
O04,15,CONC,7502.5283203125,101.4467697908709
O04,15,HOECHST,4871.4013671875,81.19279075619177
O04,15,MITO,85670.2734375,1924.602634011812
O04,15,PHAandWGA,35359.9140625,780.1899121661461
O04,15,SYTO,20490.021484375,446.5126436721161
O05,0,CONC,7788.013671875,74.40192424503225
O05,0,HOECHST,6558.138671875,107.77834200003818
O05,0,MITO,86517.171875,1398.660812712023
O05,0,PHAandWGA,40853.1953125,710.6805983095096
O05,0,SYTO,33174.109375,593.741913815431
O05,1,CONC,8216.1171875,81.19482190142608
O05,1,HOECHST,6906.1767578125,116.44159721761619
O05,1,MITO,88929.90625,1466.4888314724058
O05,1,PHAandWGA,42836.33984375,756.8441222301659
O05,1,SYTO,34970.02734375,639.1819796674584
O05,2,CONC,8549.62890625,85.52271452922675
O05,2,HOECHST,7221.921875,123.01279787535213
O05,2,MITO,92013.7265625,1502.4635755495308
O05,2,PHAandWGA,44288.00390625,792.0023374258869
O05,2,SYTO,36714.578125,667.4760681039199
O05,3,CONC,8901.064453125,86.32257748198579
O05,3,HOECHST,7551.27587890625,126.00725802492053
O05,3,MITO,94604.34375,1510.0104455385629
O05,3,PHAandWGA,46248.41796875,806.6987084006843
O05,3,SYTO,38665.046875,681.9553202693753
O05,4,CONC,9135.025390625,85.0086347822755
O05,4,HOECHST,7857.67138671875,125.97398867477135
O05,4,MITO,96365.625,1484.7608405722003
O05,4,PHAandWGA,48314.36328125,803.2100292623521
O05,4,SYTO,40119.640625,670.7765683384547
O05,5,CONC,9343.326171875,82.72984344546605
O05,5,HOECHST,8071.40576171875,124.00921518754913
O05,5,MITO,99581.0703125,1455.544529538984
O05,5,PHAandWGA,50341.5,792.6582166439963
O05,5,SYTO,41701.7890625,654.2079269299261
O05,6,CONC,9566.24609375,80.32039192299776
O05,6,HOECHST,8281.59765625,121.4350279069872
O05,6,MITO,99948.078125,1411.5996339545218
O05,6,PHAandWGA,51423.2421875,776.200614080254
O05,6,SYTO,42741.1796875,634.0585711450242
O05,7,CONC,9669.609375,77.49388144033688
O05,7,HOECHST,8440.0009765625,118.17525645496305
O05,7,MITO,102981.09375,1385.0976394704562
O05,7,PHAandWGA,52833.203125,759.6303266120327
O05,7,SYTO,44565.1640625,613.7596011511818
O05,8,CONC,9860.080078125,74.77198542750843
O05,8,HOECHST,8676.9052734375,115.38014132775443
O05,8,MITO,104794.2890625,1347.3143827142574
O05,8,PHAandWGA,53901.77734375,741.8254190358726
O05,8,SYTO,44904.484375,592.5266277264064
O05,9,CONC,9985.99609375,72.25175039668929
O05,9,HOECHST,8793.171875,112.5608581399778
O05,9,MITO,106145.8125,1307.2883105333128
O05,9,PHAandWGA,54232.4375,723.1821854138668
O05,9,SYTO,45941.4375,575.1132713285447
O05,10,CONC,10122.23046875,69.66558984290715
O05,10,HOECHST,8969.646484375,109.60198988323839
O05,10,MITO,107009.390625,1259.730890890419
O05,10,PHAandWGA,56010.203125,702.3310299600491
O05,10,SYTO,46911.51171875,553.2302230383824
O05,11,CONC,10284.853515625,66.89899433044936
O05,11,HOECHST,9131.5078125,105.86866624266376
O05,11,MITO,108416.6015625,1200.448711560649
O05,11,PHAandWGA,56938.078125,682.064316591114
O05,11,SYTO,47223.70703125,531.9118400672218
O05,12,CONC,10413.8212890625,64.22890680211155
O05,12,HOECHST,9310.861328125,102.17297959320577
O05,12,MITO,111070.890625,1154.5910360483338
O05,12,PHAandWGA,57896.65234375,661.353237568307
O05,12,SYTO,47923.7421875,509.68341189742944
O05,13,CONC,10540.400390625,61.911691765528445
O05,13,HOECHST,9493.2490234375,98.96645264289755
O05,13,MITO,112278.75,1104.1326059690252
O05,13,PHAandWGA,57531.265625,639.9814210023468
O05,13,SYTO,49122.41796875,489.93358590412674
O05,14,CONC,10651.0537109375,59.746350718362194
O05,14,HOECHST,9662.15625,95.80389005040803
O05,14,MITO,113734.8125,1058.4908362436265
O05,14,PHAandWGA,59213.47265625,621.0983147397585
O05,14,SYTO,49657.8671875,470.70404627307965
O05,15,CONC,10792.732421875,57.58699072690005
O05,15,HOECHST,9814.26953125,92.7014477591048
O05,15,MITO,114530.0078125,1009.4839204591002
O05,15,PHAandWGA,59539.15234375,600.0349776441552
O05,15,SYTO,50119.5390625,451.753978401833
O07,0,CONC,7974.4521484375,65.1223043959759
O07,0,HOECHST,6841.2900390625,88.61271299945356
O07,0,MITO,85994.4296875,827.3584773642054
O07,0,PHAandWGA,42263.53125,542.3675893331854
O07,0,SYTO,35076.171875,500.7301126895021
O07,1,CONC,8519.357421875,83.39821147558813
O07,1,HOECHST,7283.87255859375,108.17350505186245
O07,1,MITO,87565.21875,935.9673362954184
O07,1,PHAandWGA,43757.8125,641.2060653539821
O07,1,SYTO,36771.08984375,608.6997404327082
O07,2,CONC,9460.6533203125,122.6296835171578
O07,2,HOECHST,8072.6552734375,151.32268606324476
O07,2,MITO,93571.859375,1210.4544695667566
O07,2,PHAandWGA,47347.3515625,835.4568342353484
O07,2,SYTO,40679.578125,829.6190745589965
O07,3,CONC,10568.509765625,154.69053591479235
O07,3,HOECHST,9043.392578125,193.23741509540633
O07,3,MITO,101212.0078125,1495.379945555367
O07,3,PHAandWGA,51592.65625,1002.588389336418
O07,3,SYTO,44850.0703125,1010.5367839262786
O07,4,CONC,11411.2626953125,166.54994473389544
O07,4,HOECHST,9770.8564453125,204.8021534276815
O07,4,MITO,106977.875,1611.5201562428379
O07,4,PHAandWGA,55538.8125,1077.5049898109373
O07,4,SYTO,48928.7109375,1074.3630738249387
O07,5,CONC,12212.7802734375,166.52342686690676
O07,5,HOECHST,10415.51171875,204.9565698354027
O07,5,MITO,112920.609375,1634.298087114511
O07,5,PHAandWGA,58979.390625,1067.5596407522364
O07,5,SYTO,52016.95703125,1045.006090629246
O07,6,CONC,12580.1474609375,153.64588276710086
O07,6,HOECHST,11020.7734375,201.66346915795947
O07,6,MITO,115609.609375,1572.3715907342855
O07,6,PHAandWGA,61948.8515625,1011.0803599452894
O07,6,SYTO,54250.80859375,979.9074017067
O07,7,CONC,12708.4677734375,137.5983626950761
O07,7,HOECHST,11280.275390625,186.05609584007175
O07,7,MITO,116914.703125,1465.6929227132555
O07,7,PHAandWGA,63681.875,949.833036480222
O07,7,SYTO,56946.0390625,900.7241121438727
O07,8,CONC,12966.0966796875,125.55492902305816
O07,8,HOECHST,11481.0234375,172.19073557260404
O07,8,MITO,121613.65625,1398.1786288489725
O07,8,PHAandWGA,66124.203125,885.6650188099629
O07,8,SYTO,58024.2578125,819.5490450588935
O07,9,CONC,13160.81640625,113.09185866569153
O07,9,HOECHST,11711.072265625,153.5500895221134
O07,9,MITO,124480.96875,1301.519998252625
O07,9,PHAandWGA,68017.421875,813.6271161958391
O07,9,SYTO,60106.859375,730.3918668239269
O07,10,CONC,13271.3369140625,100.31628029708384
O07,10,HOECHST,11867.9453125,138.52310808711835
O07,10,MITO,127204.6015625,1208.2182783485755
O07,10,PHAandWGA,68388.5703125,744.6794178214536
O07,10,SYTO,60297.03515625,653.5617660376977
O07,11,CONC,13267.9921875,89.76404113468445
O07,11,HOECHST,12010.3046875,126.12534385907801
O07,11,MITO,128908.515625,1121.2681148554932
O07,11,PHAandWGA,69535.3359375,687.1107528341043
O07,11,SYTO,61016.296875,590.3568011739051
O07,12,CONC,13267.958984375,80.93696564290194
O07,12,HOECHST,12064.18359375,115.8355264396321
O07,12,MITO,130393.96875,1037.7159811350487
O07,12,PHAandWGA,71162.71875,637.481346175255
O07,12,SYTO,62459.05078125,539.2991750507948
O07,13,CONC,13228.58984375,73.28493070726925
O07,13,HOECHST,12132.677734375,107.09840257322928
O07,13,MITO,130025.5,960.0751084867698
O07,13,PHAandWGA,71929.1953125,597.6909827991228
O07,13,SYTO,62712.43359375,496.9195924688619
O07,14,CONC,13235.1328125,67.37799733352645
O07,14,HOECHST,12198.384765625,99.74431162928394
O07,14,MITO,131171.421875,901.7596165556482
O07,14,PHAandWGA,71999.6953125,565.1553189237164
O07,14,SYTO,62181.85546875,463.86551030712656
O07,15,CONC,13240.119140625,62.65374737862212
O07,15,HOECHST,12237.9873046875,94.08403342547018
O07,15,MITO,133642.5,849.974779237199
O07,15,PHAandWGA,72492.3359375,539.4074829187318
O07,15,SYTO,63032.59765625,436.8915841293569
O08,0,CONC,3065.730712890625,74.96506054861123
O08,0,HOECHST,1839.6630859375,44.65379618266704
O08,0,MITO,39189.8671875,2096.315339971878
O08,0,PHAandWGA,9507.806640625,462.6805663858383
O08,0,SYTO,5342.328125,256.2036699475112
O08,1,CONC,3262.765625,93.5648366629557
O08,1,HOECHST,1967.5133056640625,57.47678028687003
O08,1,MITO,40687.2890625,2440.243849151475
O08,1,PHAandWGA,11004.9375,562.5641905447229
O08,1,SYTO,5731.0947265625,311.7690437092237
O08,2,CONC,3553.30126953125,119.86774129937602
O08,2,HOECHST,2160.71875,77.63665253097135
O08,2,MITO,43706.21875,2929.6913527107827
O08,2,PHAandWGA,12879.283203125,713.107750475679
O08,2,SYTO,6390.16796875,395.7656859834922
O08,3,CONC,3807.236083984375,142.21202283664968
O08,3,HOECHST,2358.189453125,95.50720473919012
O08,3,MITO,46781.06640625,3292.6362784361454
O08,3,PHAandWGA,14416.181640625,843.4795990435347
O08,3,SYTO,7008.564453125,470.68551803569335
O08,4,CONC,4023.21875,154.86808476141715
O08,4,HOECHST,2482.15087890625,104.38897807046186
O08,4,MITO,48366.23046875,3456.2545431380095
O08,4,PHAandWGA,15364.87109375,928.0511839699863
O08,4,SYTO,7508.56005859375,513.7779161506543
O08,5,CONC,4162.2431640625,161.11916232905733
O08,5,HOECHST,2601.56298828125,108.41797227739238
O08,5,MITO,50362.78515625,3524.5110433929694
O08,5,PHAandWGA,16614.640625,973.5219140580691
O08,5,SYTO,7863.1171875,533.9200957011774
O08,6,CONC,4285.53515625,163.68483600624927
O08,6,HOECHST,2704.671875,111.32606646641305
O08,6,MITO,52143.046875,3528.112551861662
O08,6,PHAandWGA,17372.05859375,987.4532810316111
O08,6,SYTO,8231.1640625,541.4854994228539
O08,7,CONC,4404.0263671875,163.88511962708768
O08,7,HOECHST,2802.5185546875,112.53165887015334
O08,7,MITO,53599.71875,3524.528081042071
O08,7,PHAandWGA,18106.224609375,985.9268377208587
O08,7,SYTO,8472.05078125,540.4120875599887
O08,8,CONC,4492.53662109375,162.49566689467716
O08,8,HOECHST,2874.99609375,112.23868786103269
O08,8,MITO,54013.25390625,3492.778841278101
O08,8,PHAandWGA,18769.23046875,971.0348851439073
O08,8,SYTO,8697.166015625,533.7746296061733
O08,9,CONC,4564.05615234375,159.66907363261353
O08,9,HOECHST,2901.8330078125,108.43821290840263
O08,9,MITO,54665.546875,3440.278125966854
O08,9,PHAandWGA,19099.26953125,954.5352060435358
O08,9,SYTO,8764.0390625,520.8333404526892
O08,10,CONC,4593.8349609375,156.88171631642462
O08,10,HOECHST,2930.106689453125,104.52837492123282
O08,10,MITO,55481.34765625,3383.243459416
O08,10,PHAandWGA,19271.96875,937.2344535320882
O08,10,SYTO,8771.3671875,506.85043551762976
O08,11,CONC,4649.79931640625,153.0879823533063
O08,11,HOECHST,2941.237548828125,100.32593018969939
O08,11,MITO,55819.078125,3306.860843398304
O08,11,PHAandWGA,19300.4609375,910.6596172390339
O08,11,SYTO,8874.865234375,489.9355864741879
O08,12,CONC,4729.564453125,149.1839551324319
O08,12,HOECHST,2963.22705078125,96.78769953496914
O08,12,MITO,56139.890625,3218.6770959316264
O08,12,PHAandWGA,19187.658203125,884.8229969026287
O08,12,SYTO,8874.73046875,473.4787341833959
O08,13,CONC,4731.46728515625,144.87494312882924
O08,13,HOECHST,2966.076904296875,92.98934141927907
O08,13,MITO,57027.8515625,3141.4412479916455
O08,13,PHAandWGA,18955.41796875,857.1372340432547
O08,13,SYTO,8822.1416015625,457.27904873209064
O08,14,CONC,4755.27099609375,140.3016107574364
O08,14,HOECHST,2979.7060546875,89.58509975829834
O08,14,MITO,56513.58984375,3041.0333411491515
O08,14,PHAandWGA,18786.30859375,826.2739571597344
O08,14,SYTO,8803.5205078125,440.03749258928275
O08,15,CONC,4789.13037109375,135.3431596231682
O08,15,HOECHST,2999.658203125,86.03269360308478
O08,15,MITO,56959.83984375,2943.0715989636747
O08,15,PHAandWGA,18805.37890625,796.8984497634833
O08,15,SYTO,8832.201171875,422.18521990522885
O09,0,CONC,3686.44384765625,101.46278099292077
O09,0,HOECHST,1883.2442626953125,54.034451024813684
O09,0,MITO,48894.58984375,2528.021533635892
O09,0,PHAandWGA,16458.98046875,930.6040689064936
O09,0,SYTO,10199.3203125,629.6278881204221
O09,1,CONC,4095.36962890625,140.83290162572015
O09,1,HOECHST,2082.95947265625,76.63177773692534
O09,1,MITO,51490.33984375,3044.780403054637
O09,1,PHAandWGA,18188.361328125,1197.9765306774818
O09,1,SYTO,12456.1181640625,873.0900306978535
O09,2,CONC,4479.3291015625,171.36070728869814
O09,2,HOECHST,2298.9345703125,94.81217001818052
O09,2,MITO,54908.5234375,3473.7809899670137
O09,2,PHAandWGA,19655.64453125,1382.093357546623
O09,2,SYTO,14239.572265625,1028.424049331056
O09,3,CONC,4775.607421875,186.1549034568733
O09,3,HOECHST,2457.9140625,106.79585540666595
O09,3,MITO,58229.78125,3753.5681370709235
O09,3,PHAandWGA,21723.333984375,1484.2864406448457
O09,3,SYTO,15789.7451171875,1090.6950698716712
O09,4,CONC,4979.1630859375,193.85570515592062
O09,4,HOECHST,2598.01220703125,111.07465276103153
O09,4,MITO,60565.953125,3918.727772624696
O09,4,PHAandWGA,23113.798828125,1532.9797379738952
O09,4,SYTO,17616.580078125,1103.2661293936483
O09,5,CONC,5163.109375,196.0677089875738
O09,5,HOECHST,2733.240234375,113.02665458451527
O09,5,MITO,62994.80078125,4036.618621267665
O09,5,PHAandWGA,24556.98046875,1535.181631924326
O09,5,SYTO,18679.056640625,1081.2515177950215
O09,6,CONC,5246.88720703125,193.31624168515503
O09,6,HOECHST,2804.275146484375,110.91431439834076
O09,6,MITO,65421.3828125,4089.197092069889
O09,6,PHAandWGA,25058.521484375,1513.9273809954445
O09,6,SYTO,19582.630859375,1041.4250753127028
O09,7,CONC,5323.6044921875,188.2021647175592
O09,7,HOECHST,2858.6181640625,106.76688960817138
O09,7,MITO,66198.96875,4067.061723492103
O09,7,PHAandWGA,26131.7109375,1481.1922900416494
O09,7,SYTO,19968.96484375,999.9896822219902
O09,8,CONC,5375.3779296875,182.49175439252224
O09,8,HOECHST,2894.01904296875,103.10910650351188
O09,8,MITO,67652.5625,4026.49531354226
O09,8,PHAandWGA,26370.9453125,1436.6407690980463
O09,8,SYTO,20070.5078125,949.6297178854076
O09,9,CONC,5394.2578125,175.64967471817434
O09,9,HOECHST,2915.8876953125,98.55186454589214
O09,9,MITO,68478.5,3920.634608984174
O09,9,PHAandWGA,26896.01953125,1390.0406438769978
O09,9,SYTO,19641.115234375,896.7490747416415
O09,10,CONC,5430.9892578125,167.69895596593707
O09,10,HOECHST,2941.041748046875,94.14875805968452
O09,10,MITO,69485.1875,3851.888443424936
O09,10,PHAandWGA,26902.107421875,1334.7789851084365
O09,10,SYTO,19050.791015625,842.1678153250608
O09,11,CONC,5465.8828125,160.220508414008
O09,11,HOECHST,2934.6298828125,89.27513476974384
O09,11,MITO,70587.78125,3721.7452386236146
O09,11,PHAandWGA,27592.375,1290.6726636619373
O09,11,SYTO,18681.064453125,800.4912949742688
O09,12,CONC,5476.60546875,153.59281971163037
O09,12,HOECHST,2919.87646484375,84.00241488690378
O09,12,MITO,70018.59375,3625.3726727373487
O09,12,PHAandWGA,27060.029296875,1248.157475523456
O09,12,SYTO,17873.69140625,760.7685933243713
O09,13,CONC,5430.666015625,146.82059034769
O09,13,HOECHST,2916.03125,79.93706232443786
O09,13,MITO,70046.015625,3536.780733077562
O09,13,PHAandWGA,26973.12109375,1214.2088980549568
O09,13,SYTO,17384.87109375,725.3571123008599
O09,14,CONC,5438.81689453125,140.4184966175758
O09,14,HOECHST,2918.139892578125,76.55921407127236
O09,14,MITO,69588.453125,3429.2911617630116
O09,14,PHAandWGA,26841.86328125,1169.9699786082751
O09,14,SYTO,17013.595703125,690.4427643553868
O09,15,CONC,5465.2763671875,133.84486146916444
O09,15,HOECHST,2940.65234375,73.0586899612
O09,15,MITO,69998.09375,3304.6602728343846
O09,15,PHAandWGA,26281.1875,1120.5413917573067
O09,15,SYTO,16998.193359375,656.7123577090738
O10,0,CONC,3302.64501953125,90.64886447583034
O10,0,HOECHST,2441.68017578125,82.20577375063984
O10,0,MITO,45630.3359375,2643.9977785215187
O10,0,PHAandWGA,13985.7265625,730.4712223782117
O10,0,SYTO,7696.103515625,454.0997168950479
O10,1,CONC,3809.802734375,145.72990757321713
O10,1,HOECHST,2757.28857421875,134.61460929041485
O10,1,MITO,51636.9453125,3697.1996131616256
O10,1,PHAandWGA,15394.283203125,1060.0907262869168
O10,1,SYTO,10076.2548828125,718.4250925645922
O10,2,CONC,4391.6533203125,209.68904623043053
O10,2,HOECHST,3204.553466796875,205.84420261434857
O10,2,MITO,57777.59375,5171.7314149721
O10,2,PHAandWGA,17735.1015625,1435.1872377427183
O10,2,SYTO,12306.10546875,1041.556506392397
O10,3,CONC,4985.15625,264.93599845766903
O10,3,HOECHST,3713.44189453125,260.00475187570504
O10,3,MITO,64234.90625,6016.989916908383
O10,3,PHAandWGA,20193.8828125,1692.5999974148453
O10,3,SYTO,14890.5234375,1239.5445329145762
O10,4,CONC,5429.7861328125,286.81318827143207
O10,4,HOECHST,4202.0634765625,304.54258349547484
O10,4,MITO,68052.25,6182.520130787278
O10,4,PHAandWGA,22823.1328125,1796.0759082903405
O10,4,SYTO,17136.57421875,1342.820641431893
O10,5,CONC,5738.4541015625,296.3030898952896
O10,5,HOECHST,4387.0712890625,305.92209571141797
O10,5,MITO,71805.875,6229.886460148219
O10,5,PHAandWGA,24534.05859375,1867.4601563576348
O10,5,SYTO,18967.845703125,1352.922283417274
O10,6,CONC,5900.7099609375,292.91531311984056
O10,6,HOECHST,4490.6103515625,292.3162385558326
O10,6,MITO,73872.46875,6165.531524887813
O10,6,PHAandWGA,26033.341796875,1858.0975870597897
O10,6,SYTO,20184.173828125,1323.5514568949202
O10,7,CONC,6038.0107421875,285.3072586825265
O10,7,HOECHST,4627.8125,284.65487006029696
O10,7,MITO,77581.203125,6121.196717736112
O10,7,PHAandWGA,27313.3046875,1815.00926341504
O10,7,SYTO,21705.25,1283.6199570959084
O10,8,CONC,6046.8681640625,272.82472202608807
O10,8,HOECHST,4676.0107421875,273.22076642499076
O10,8,MITO,77882.484375,5933.411015022594
O10,8,PHAandWGA,28124.0,1766.5646693848544
O10,8,SYTO,22298.8515625,1231.3486610283167
O10,9,CONC,5900.2109375,255.95498527772207
O10,9,HOECHST,4550.6552734375,254.24091212795682
O10,9,MITO,77385.078125,5771.838439233078
O10,9,PHAandWGA,28583.28515625,1716.558084165544
O10,9,SYTO,22949.66796875,1172.480546876279
O10,10,CONC,5787.26708984375,241.25250200245597
O10,10,HOECHST,4419.724609375,232.78002499418042
O10,10,MITO,76180.5546875,5515.734037231461
O10,10,PHAandWGA,28037.244140625,1659.977427071281
O10,10,SYTO,22789.4921875,1098.7544332171287
O10,11,CONC,5695.89306640625,227.80764606879754
O10,11,HOECHST,4310.31005859375,212.35051989958762
O10,11,MITO,76284.5390625,5305.571711722738
O10,11,PHAandWGA,28332.26953125,1594.0220811276195
O10,11,SYTO,22097.40234375,1029.7788592118877
O10,12,CONC,5614.46044921875,213.56845518657542
O10,12,HOECHST,4268.611328125,198.31717795154938
O10,12,MITO,75458.421875,5111.182623549257
O10,12,PHAandWGA,27535.259765625,1532.311638477197
O10,12,SYTO,21517.701171875,971.2963450174074
O10,13,CONC,5541.6826171875,199.46448286406022
O10,13,HOECHST,4238.818359375,184.37287615560393
O10,13,MITO,74874.1875,4868.83043300037
O10,13,PHAandWGA,27412.90234375,1469.458690181161
O10,13,SYTO,20145.68359375,908.4190628307797
O10,14,CONC,5458.80078125,186.37098927992164
O10,14,HOECHST,4200.72802734375,170.98939575793554
O10,14,MITO,74062.625,4652.337007153223
O10,14,PHAandWGA,26827.44921875,1407.7584045647573
O10,14,SYTO,19513.68359375,853.7308751120318
O10,15,CONC,5438.5966796875,174.6788111578961
O10,15,HOECHST,4192.1103515625,159.25508196241952
O10,15,MITO,72730.9453125,4371.75313384391
O10,15,PHAandWGA,26242.27734375,1343.2525247837589
O10,15,SYTO,18567.31640625,799.2542504503865
O11,0,CONC,9435.453125,83.19049133180933
O11,0,HOECHST,7735.36328125,109.86878885292967
O11,0,MITO,99504.90625,1397.0501012588259
O11,0,PHAandWGA,46117.0859375,601.1413986452386
O11,0,SYTO,38822.328125,553.4178475086385
O11,1,CONC,10469.869140625,110.26548165123138
O11,1,HOECHST,8666.705078125,150.92794438854366
O11,1,MITO,105245.484375,1647.0929136618417
O11,1,PHAandWGA,49735.7734375,742.2755126691096
O11,1,SYTO,42322.69921875,710.3058001646976
O11,2,CONC,11308.5654296875,121.17496999912817
O11,2,HOECHST,9444.583984375,170.8734310696166
O11,2,MITO,112603.5625,1715.1247364976252
O11,2,PHAandWGA,52718.1796875,814.6839574322302
O11,2,SYTO,44894.2421875,788.2144837497713
O11,3,CONC,11871.1064453125,120.71276667288173
O11,3,HOECHST,9940.3486328125,166.91330347906128
O11,3,MITO,116549.703125,1670.0569342223737
O11,3,PHAandWGA,55798.46875,830.2644659990085
O11,3,SYTO,48436.15625,794.0307281075364
O11,4,CONC,12228.5654296875,112.34251013088597
O11,4,HOECHST,10418.9091796875,159.26658386774187
O11,4,MITO,118615.2734375,1535.107953900867
O11,4,PHAandWGA,59213.5703125,804.2187088294921
O11,4,SYTO,50620.4296875,758.0454341794492
O11,5,CONC,12477.7578125,104.37548014789215
O11,5,HOECHST,10811.166015625,154.39867797806906
O11,5,MITO,121394.890625,1440.2470068966522
O11,5,PHAandWGA,60940.48046875,759.7044360855783
O11,5,SYTO,52723.4140625,700.0905429946516
O11,6,CONC,12852.16015625,95.55519683756425
O11,6,HOECHST,11071.876953125,139.67651921428578
O11,6,MITO,125317.984375,1343.727527996458
O11,6,PHAandWGA,63168.84375,711.4702471962873
O11,6,SYTO,55207.640625,640.7475780613851
O11,7,CONC,13043.744140625,85.04695738911506
O11,7,HOECHST,11285.955078125,124.70620445803068
O11,7,MITO,126585.828125,1204.2492054657273
O11,7,PHAandWGA,65867.9140625,651.0741631160147
O11,7,SYTO,57692.1171875,574.5168911492967
O11,8,CONC,13194.576171875,76.42150488620558
O11,8,HOECHST,11414.962890625,112.25685634403543
O11,8,MITO,127523.0859375,1084.7559793492803
O11,8,PHAandWGA,66868.859375,595.922513928106
O11,8,SYTO,58210.9921875,514.461193075756
O11,9,CONC,13312.64453125,69.33728351738466
O11,9,HOECHST,11636.6474609375,102.15382127803552
O11,9,MITO,130310.46875,1001.6083473368677
O11,9,PHAandWGA,68176.3125,542.940375828896
O11,9,SYTO,60458.07421875,459.15091107486967
O11,10,CONC,13458.185546875,63.176421085182476
O11,10,HOECHST,11875.279296875,94.47149217448967
O11,10,MITO,132043.1875,945.0724367071301
O11,10,PHAandWGA,70806.3046875,496.91657076387173
O11,10,SYTO,60771.1953125,414.08763539175686
O11,11,CONC,13580.53515625,57.08784313239426
O11,11,HOECHST,12010.384765625,85.66473999567836
O11,11,MITO,133850.3125,880.9799169311066
O11,11,PHAandWGA,70859.421875,452.31004239953916
O11,11,SYTO,62084.1796875,371.5370834956899
O11,12,CONC,13641.287109375,51.339522695184236
O11,12,HOECHST,12089.3828125,77.41467384482067
O11,12,MITO,136807.171875,815.7424925267138
O11,12,PHAandWGA,71980.671875,409.99564967021206
O11,12,SYTO,63700.5234375,329.6785116868629
O11,13,CONC,13638.650390625,47.13560655859935
O11,13,HOECHST,12202.28125,72.29897191645045
O11,13,MITO,136842.5625,774.0974274284401
O11,13,PHAandWGA,72276.0703125,383.0342147105099
O11,13,SYTO,63909.91015625,302.5077561803815
O11,14,CONC,13636.1279296875,44.110042540826385
O11,14,HOECHST,12353.5283203125,69.18182286009569
O11,14,MITO,136766.5625,743.6377468340515
O11,14,PHAandWGA,73794.8515625,367.0151160637995
O11,14,SYTO,63245.8359375,286.6461557011818
O11,15,CONC,13537.775390625,41.91077469600741
O11,15,HOECHST,12379.52734375,66.3913480347583
O11,15,MITO,136627.78125,720.1291338750439
O11,15,PHAandWGA,73258.71875,357.690449387604
O11,15,SYTO,64398.58203125,277.26140209039625
O12,0,CONC,3970.66015625,138.73421342649732
O12,0,HOECHST,2763.857421875,114.64034747942145
O12,0,MITO,48962.54296875,2796.1603092282653
O12,0,PHAandWGA,17299.0625,1115.2083598124873
O12,0,SYTO,11970.728515625,813.9035561777048
O12,1,CONC,4880.78125,250.29742823181948
O12,1,HOECHST,3440.298828125,219.4598054822249
O12,1,MITO,54331.96875,3867.846283274533
O12,1,PHAandWGA,20226.263671875,1633.9740350728448
O12,1,SYTO,15476.443359375,1342.920170377563
O12,2,CONC,5639.7978515625,307.6167135889557
O12,2,HOECHST,4037.943603515625,286.84019130398667
O12,2,MITO,59864.515625,4559.837649950883
O12,2,PHAandWGA,23346.2421875,1912.6026699664922
O12,2,SYTO,18443.03515625,1592.6979711148967
O12,3,CONC,6185.6044921875,329.1902235018411
O12,3,HOECHST,4586.46630859375,323.5920735574844
O12,3,MITO,64499.5390625,4931.552112345558
O12,3,PHAandWGA,26379.46875,2053.1613989300176
O12,3,SYTO,21050.013671875,1676.584692442943
O12,4,CONC,6593.81591796875,338.35276180894374
O12,4,HOECHST,4910.2021484375,328.94069828628443
O12,4,MITO,68266.0859375,5086.641509096548
O12,4,PHAandWGA,28140.46484375,2092.319282715254
O12,4,SYTO,22935.69921875,1679.3690335163562
O12,5,CONC,6816.6865234375,336.5118320248949
O12,5,HOECHST,4937.2158203125,311.9980594520474
O12,5,MITO,71878.890625,5165.673614880577
O12,5,PHAandWGA,29741.27734375,2092.541784167658
O12,5,SYTO,23935.046875,1635.1288350910372
O12,6,CONC,6829.0703125,323.2934354401188
O12,6,HOECHST,4908.244140625,290.7969170899577
O12,6,MITO,72898.984375,5193.513102901548
O12,6,PHAandWGA,30775.8203125,2057.045215607337
O12,6,SYTO,24617.22265625,1552.5763008729962
O12,7,CONC,6764.44775390625,305.6810569274657
O12,7,HOECHST,4906.2001953125,271.6502799162304
O12,7,MITO,74388.75,5074.402686851254
O12,7,PHAandWGA,31426.28515625,1989.1516816564626
O12,7,SYTO,25223.79296875,1460.142946951706
O12,8,CONC,6688.6201171875,287.4078089588511
O12,8,HOECHST,4817.759765625,254.88291244547594
O12,8,MITO,74535.125,4965.862985150762
O12,8,PHAandWGA,31573.421875,1919.9865230230125
O12,8,SYTO,25263.23828125,1367.0728696204571
O12,9,CONC,6568.02880859375,268.8043424616097
O12,9,HOECHST,4756.8134765625,235.3839454560397
O12,9,MITO,74920.4140625,4839.06929726942
O12,9,PHAandWGA,31703.42578125,1849.456326195529
O12,9,SYTO,25171.84765625,1285.8326960177899
O12,10,CONC,6390.45263671875,249.26892512060826
O12,10,HOECHST,4682.64111328125,219.71826904080478
O12,10,MITO,74757.2109375,4715.996336067531
O12,10,PHAandWGA,31229.341796875,1782.1079962036574
O12,10,SYTO,24390.693359375,1207.196152340716
O12,11,CONC,6258.3671875,231.90379819925496
O12,11,HOECHST,4622.2587890625,205.96864226543855
O12,11,MITO,74813.328125,4598.165772910034
O12,11,PHAandWGA,31004.328125,1709.1130305413049
O12,11,SYTO,24025.4453125,1139.2476285111857
O12,12,CONC,6146.9326171875,216.96579346445608
O12,12,HOECHST,4535.95068359375,193.09915107751493
O12,12,MITO,74269.296875,4472.169217242376
O12,12,PHAandWGA,30346.69921875,1641.6345801286132
O12,12,SYTO,23328.599609375,1078.1877561371755
O12,13,CONC,6071.05615234375,203.00306540011582
O12,13,HOECHST,4472.6259765625,179.82521840620115
O12,13,MITO,73392.5,4341.036033181021
O12,13,PHAandWGA,29726.5078125,1572.2331315551737
O12,13,SYTO,22990.36328125,1012.4361066150627
O12,14,CONC,6034.3369140625,189.51437149845748
O12,14,HOECHST,4459.5283203125,166.8671283044624
O12,14,MITO,73790.9296875,4186.2821008319315
O12,14,PHAandWGA,29414.642578125,1493.0246454526819
O12,14,SYTO,22447.005859375,941.6660979599452
O12,15,CONC,5999.611328125,177.22348024657913
O12,15,HOECHST,4440.2841796875,155.35397165947842
O12,15,MITO,74298.9375,4032.417083968243
O12,15,PHAandWGA,28667.48046875,1413.731217059551
O12,15,SYTO,21746.826171875,873.3025042792341
O13,0,CONC,2444.689453125,92.46625655462596
O13,0,HOECHST,2450.9970703125,136.77733028365557
O13,0,MITO,41585.3515625,3458.715776057837
O13,0,PHAandWGA,13378.490234375,1104.3935120568901
O13,0,SYTO,7770.943359375,662.9167826613619
O13,1,CONC,2763.88134765625,136.5861927801628
O13,1,HOECHST,2782.397705078125,204.29542042139505
O13,1,MITO,45204.4453125,4335.219556730241
O13,1,PHAandWGA,15538.185546875,1512.7388549926754
O13,1,SYTO,9730.78125,960.6786685110216
O13,2,CONC,3089.09521484375,171.12335057190148
O13,2,HOECHST,3285.84912109375,283.5749899409806
O13,2,MITO,48870.6015625,5129.844771235416
O13,2,PHAandWGA,17076.814453125,1749.3609130935688
O13,2,SYTO,11505.412109375,1168.8336093849591
O13,3,CONC,3375.2236328125,196.35183894690493
O13,3,HOECHST,3687.5322265625,334.05171032692374
O13,3,MITO,52625.828125,5704.840306657175
O13,3,PHAandWGA,18962.3125,1886.3438185063978
O13,3,SYTO,13403.7578125,1284.9618645093326
O13,4,CONC,3593.8671875,208.58586231211314
O13,4,HOECHST,3987.990966796875,356.97071267267506
O13,4,MITO,55920.0078125,6044.693501901386
O13,4,PHAandWGA,20344.392578125,1955.5925715685917
O13,4,SYTO,14590.419921875,1325.969532917255
O13,5,CONC,3743.974609375,215.01421700740784
O13,5,HOECHST,4105.11572265625,352.0908354690532
O13,5,MITO,59340.5546875,6277.284356527391
O13,5,PHAandWGA,21714.39453125,2035.1015470105078
O13,5,SYTO,15600.9423828125,1328.811384502467
O13,6,CONC,3859.88232421875,215.96115041709834
O13,6,HOECHST,4242.70849609375,347.672463303281
O13,6,MITO,61435.5703125,6382.447591675196
O13,6,PHAandWGA,23263.388671875,2076.146356457686
O13,6,SYTO,16695.55859375,1321.0667929655733
O13,7,CONC,3922.78125,212.46059330175444
O13,7,HOECHST,4164.75537109375,324.5784727775013
O13,7,MITO,62760.171875,6420.973172140269
O13,7,PHAandWGA,24283.23046875,2098.0338610371937
O13,7,SYTO,16942.859375,1286.871940898473
O13,8,CONC,3900.36328125,205.69952622530275
O13,8,HOECHST,4208.54443359375,318.49175708353573
O13,8,MITO,63219.3671875,6367.827809856243
O13,8,PHAandWGA,24042.1484375,2016.1434239210087
O13,8,SYTO,16964.81640625,1231.8170687738834
O13,9,CONC,3844.07470703125,197.9780333076421
O13,9,HOECHST,4220.81494140625,309.0989822667803
O13,9,MITO,63036.1171875,6273.430961947135
O13,9,PHAandWGA,23979.923828125,1977.1437898846327
O13,9,SYTO,16931.91015625,1178.6710224135027
O13,10,CONC,3842.104736328125,189.83868193906446
O13,10,HOECHST,4094.766357421875,287.3234216733676
O13,10,MITO,63744.984375,6196.601586344426
O13,10,PHAandWGA,24154.96875,1998.3567079140666
O13,10,SYTO,16673.26171875,1134.37986579011
O13,11,CONC,3805.61572265625,181.0667896273534
O13,11,HOECHST,4062.25439453125,270.2154641650659
O13,11,MITO,63890.5234375,6074.077816202068
O13,11,PHAandWGA,23716.970703125,1910.7163244566138
O13,11,SYTO,16375.744140625,1079.3575608365236
O13,12,CONC,3783.99072265625,171.53398214816846
O13,12,HOECHST,3993.276611328125,251.65575790234936
O13,12,MITO,64268.28125,5933.680594016563
O13,12,PHAandWGA,23668.015625,1778.017859862585
O13,12,SYTO,16036.44140625,1013.0192740626264
O13,13,CONC,3771.015380859375,161.5606674000995
O13,13,HOECHST,3973.22509765625,234.92908495633338
O13,13,MITO,63797.578125,5672.309889337302
O13,13,PHAandWGA,23163.62890625,1661.893433076421
O13,13,SYTO,15084.134765625,942.529240216885
O13,14,CONC,3760.056640625,152.09593445402106
O13,14,HOECHST,3940.316162109375,217.59432573802766
O13,14,MITO,63584.1328125,5486.227012578934
O13,14,PHAandWGA,22370.0703125,1568.286331165708
O13,14,SYTO,14622.533203125,875.6831718334419
O13,15,CONC,3761.037109375,142.99595626527406
O13,15,HOECHST,3929.152587890625,200.7607388695692
O13,15,MITO,63799.28515625,5232.573414157543
O13,15,PHAandWGA,22249.32421875,1472.559180840442
O13,15,SYTO,14114.9921875,809.6698416542009
O14,0,CONC,4345.34912109375,64.35158019767964
O14,0,HOECHST,4260.7626953125,101.91206239193073
O14,0,MITO,67095.203125,1809.9637253091728
O14,0,PHAandWGA,26201.25390625,748.6279001468231
O14,0,SYTO,16921.865234375,514.8935715082972
O14,1,CONC,4704.2021484375,87.84769639951794
O14,1,HOECHST,4554.25048828125,130.61970874371454
O14,1,MITO,69567.03125,2215.4817544555367
O14,1,PHAandWGA,27456.31640625,906.3002149429569
O14,1,SYTO,18795.48046875,661.758807833812
O14,2,CONC,5227.16650390625,119.641819753017
O14,2,HOECHST,5075.2763671875,176.7918542384742
O14,2,MITO,75413.4375,2781.0347498613633
O14,2,PHAandWGA,30031.953125,1141.8143363171625
O14,2,SYTO,20949.248046875,879.0595307518314
O14,3,CONC,5624.51904296875,139.734120114008
O14,3,HOECHST,5583.845703125,219.76700244283563
O14,3,MITO,79824.7265625,3167.9591620860933
O14,3,PHAandWGA,32474.8984375,1326.042840878168
O14,3,SYTO,23532.2265625,1038.8897916272529
O14,4,CONC,5993.2939453125,152.02959351423664
O14,4,HOECHST,6008.447265625,242.15206239365878
O14,4,MITO,83412.265625,3365.186009462991
O14,4,PHAandWGA,34623.515625,1442.206364428766
O14,4,SYTO,25930.44921875,1130.397304706074
O14,5,CONC,6301.40771484375,157.4750559121207
O14,5,HOECHST,6314.86328125,250.80137281478713
O14,5,MITO,86711.0,3441.5530389807536
O14,5,PHAandWGA,36542.0078125,1512.126765446104
O14,5,SYTO,27651.55078125,1152.2606614004762
O14,6,CONC,6623.00634765625,161.56137863225774
O14,6,HOECHST,6733.255859375,256.7186231087223
O14,6,MITO,91207.15625,3527.0180718508286
O14,6,PHAandWGA,38866.91796875,1549.5443032462597
O14,6,SYTO,29960.88671875,1159.1642973638277
O14,7,CONC,6811.939453125,159.03884375986635
O14,7,HOECHST,6953.78271484375,254.60546491027992
O14,7,MITO,93063.671875,3519.9605669818243
O14,7,PHAandWGA,41099.4765625,1555.6714227555285
O14,7,SYTO,31677.84765625,1140.8658990434442
O14,8,CONC,6975.1708984375,156.0414693755895
O14,8,HOECHST,7072.8837890625,245.34881541703191
O14,8,MITO,97057.875,3513.347755273051
O14,8,PHAandWGA,42990.6171875,1541.7000650372704
O14,8,SYTO,33023.1328125,1096.3966697708229
O14,9,CONC,7112.166015625,151.02634319900125
O14,9,HOECHST,7260.12353515625,235.05587041913034
O14,9,MITO,100100.2578125,3482.737473857212
O14,9,PHAandWGA,43860.2421875,1519.7133181845782
O14,9,SYTO,34261.3125,1045.6016931301062
O14,10,CONC,7230.4833984375,144.32027235159248
O14,10,HOECHST,7362.220703125,225.95600031752363
O14,10,MITO,101837.046875,3418.7087658454057
O14,10,PHAandWGA,45432.203125,1463.3866301938763
O14,10,SYTO,35338.640625,993.4781085202752
O14,11,CONC,7297.14599609375,138.43646214581912
O14,11,HOECHST,7565.638671875,220.3034560393845
O14,11,MITO,104460.734375,3331.4314875618434
O14,11,PHAandWGA,46697.89453125,1392.4719929528587
O14,11,SYTO,35842.09765625,945.2729202118061
O14,12,CONC,7382.77392578125,133.79995662093796
O14,12,HOECHST,7669.98046875,213.85524022817285
O14,12,MITO,105995.3515625,3277.604065274259
O14,12,PHAandWGA,46412.53125,1345.406243444686
O14,12,SYTO,36416.4609375,903.0771940910158
O14,13,CONC,7383.2998046875,129.20181093018127
O14,13,HOECHST,7684.2744140625,205.42607239309143
O14,13,MITO,107203.96875,3222.8368776487873
O14,13,PHAandWGA,47630.89453125,1308.0078486351663
O14,13,SYTO,36666.98828125,866.822361576721
O14,14,CONC,7360.3779296875,124.41270576769527
O14,14,HOECHST,7703.99609375,197.11620631695058
O14,14,MITO,108478.484375,3142.10205806312
O14,14,PHAandWGA,47321.1953125,1272.5475513741576
O14,14,SYTO,36056.75,835.4371882928215
O14,15,CONC,7397.6845703125,119.2293372043755
O14,15,HOECHST,7815.283203125,189.43286933090985
O14,15,MITO,108345.203125,3033.6271904259293
O14,15,PHAandWGA,47154.890625,1231.4799272928533
O14,15,SYTO,36390.9296875,795.7039333207371
O15,0,CONC,3669.4248046875,89.5312476397577
O15,0,HOECHST,3218.7060546875,107.54179302575479
O15,0,MITO,53803.8046875,2722.7763800372686
O15,0,PHAandWGA,17575.73046875,807.5911849031501
O15,0,SYTO,9051.3955078125,444.9884198518712
O15,1,CONC,4084.98974609375,130.6493498017897
O15,1,HOECHST,3638.3955078125,166.75630873661845
O15,1,MITO,59063.2578125,3649.4215647509145
O15,1,PHAandWGA,19565.8046875,1084.1062468603068
O15,1,SYTO,11769.056640625,654.6176577025226
O15,2,CONC,4491.791015625,160.6209422632519
O15,2,HOECHST,4043.185546875,210.04135387554814
O15,2,MITO,64464.875,4236.365017921389
O15,2,PHAandWGA,21477.73046875,1305.8842377780618
O15,2,SYTO,14098.796875,805.8851166108554
O15,3,CONC,4842.83154296875,179.78078057551352
O15,3,HOECHST,4444.09765625,243.2912487331413
O15,3,MITO,68798.140625,4537.238402020135
O15,3,PHAandWGA,23238.564453125,1433.2392237789152
O15,3,SYTO,15962.4619140625,898.1042708929912
O15,4,CONC,5087.9521484375,190.0626849748374
O15,4,HOECHST,4716.64697265625,254.25104131885732
O15,4,MITO,72034.234375,4691.510192983981
O15,4,PHAandWGA,24959.541015625,1508.0124738796453
O15,4,SYTO,17581.04296875,933.8491795374769
O15,5,CONC,5261.3232421875,192.07991666394292
O15,5,HOECHST,4934.8125,256.986871561127
O15,5,MITO,73901.53125,4694.921588774693
O15,5,PHAandWGA,26465.35546875,1556.4220244990863
O15,5,SYTO,18699.0703125,942.08384904494
O15,6,CONC,5415.0693359375,191.91417386828996
O15,6,HOECHST,5059.90478515625,256.56508368110235
O15,6,MITO,75945.921875,4713.568401505682
O15,6,PHAandWGA,28187.80078125,1632.6311478420398
O15,6,SYTO,19867.32421875,943.5520879487718
O15,7,CONC,5553.7138671875,191.99906969247726
O15,7,HOECHST,5184.19189453125,253.83719837330483
O15,7,MITO,78177.640625,4730.373908180959
O15,7,PHAandWGA,29322.79296875,1618.9784594896475
O15,7,SYTO,20568.783203125,936.4561716907758
O15,8,CONC,5647.3583984375,191.67780810714484
O15,8,HOECHST,5265.125,251.8529569579913
O15,8,MITO,79787.28125,4680.203730071054
O15,8,PHAandWGA,30681.353515625,1614.911439539514
O15,8,SYTO,20572.08203125,917.6867744944344
O15,9,CONC,5747.30126953125,188.00106220581355
O15,9,HOECHST,5376.3447265625,247.99664901038608
O15,9,MITO,81087.28125,4585.562111294144
O15,9,PHAandWGA,30788.16015625,1580.195949338358
O15,9,SYTO,20733.79296875,894.5097566935045
O15,10,CONC,5810.9814453125,184.83338003377526
O15,10,HOECHST,5498.36376953125,242.20280669730994
O15,10,MITO,80723.4453125,4466.086399054151
O15,10,PHAandWGA,31931.373046875,1562.9920111781882
O15,10,SYTO,21035.326171875,870.5727365133135
O15,11,CONC,5889.38623046875,180.66280383014524
O15,11,HOECHST,5577.36474609375,235.83922787871109
O15,11,MITO,82898.2265625,4374.800844603287
O15,11,PHAandWGA,32076.439453125,1534.319652115558
O15,11,SYTO,21011.94921875,844.8006317349915
O15,12,CONC,5928.552734375,175.6659037525632
O15,12,HOECHST,5568.798828125,224.81834303566245
O15,12,MITO,83439.234375,4264.327686087831
O15,12,PHAandWGA,32303.400390625,1503.1001469892533
O15,12,SYTO,20837.21484375,817.0432751948678
O15,13,CONC,5945.64013671875,170.45100101615373
O15,13,HOECHST,5584.27734375,215.90864828747982
O15,13,MITO,83895.828125,4149.252609394688
O15,13,PHAandWGA,32538.630859375,1449.4506254639114
O15,13,SYTO,20377.966796875,782.1538179562349
O15,14,CONC,5963.423828125,164.6806101360355
O15,14,HOECHST,5662.60498046875,207.2041770129772
O15,14,MITO,85268.625,4036.609327166165
O15,14,PHAandWGA,32996.6953125,1401.1473483484253
O15,14,SYTO,20211.580078125,751.1514325718947
O15,15,CONC,6026.6923828125,158.38903278458054
O15,15,HOECHST,5653.17822265625,195.97794441620678
O15,15,MITO,85367.6953125,3886.1141231215056
O15,15,PHAandWGA,32725.7265625,1359.4249359853961
O15,15,SYTO,20122.923828125,719.5092513284538
O16,0,CONC,1580.439208984375,68.89794218028976
O16,0,HOECHST,1746.81884765625,112.9550994036551
O16,0,MITO,22839.6484375,3173.089539245244
O16,0,PHAandWGA,6701.8720703125,645.910122382894
O16,0,SYTO,3444.33251953125,372.0868259648655
O16,1,CONC,1707.1953125,89.25388418626495
O16,1,HOECHST,1919.827880859375,152.43812448733024
O16,1,MITO,23793.98046875,3683.2923086730007
O16,1,PHAandWGA,7451.380859375,818.6250124877332
O16,1,SYTO,3850.8466796875,476.1892766893512
O16,2,CONC,1829.184326171875,106.82637082426959
O16,2,HOECHST,2103.3486328125,191.06413486553643
O16,2,MITO,25361.796875,4105.522245388576
O16,2,PHAandWGA,8216.2421875,976.8279085791006
O16,2,SYTO,4348.5234375,570.8690077351514
O16,3,CONC,1924.8131103515625,118.14576400984434
O16,3,HOECHST,2252.698974609375,214.78695037763086
O16,3,MITO,26465.8515625,4356.477408338722
O16,3,PHAandWGA,8812.169921875,1090.6260723787118
O16,3,SYTO,4761.4423828125,633.4380858271327
O16,4,CONC,1995.5028076171875,125.29689247762842
O16,4,HOECHST,2343.05224609375,226.22667682499807
O16,4,MITO,27370.8828125,4515.923458150246
O16,4,PHAandWGA,9351.8662109375,1179.0978538672346
O16,4,SYTO,5090.11572265625,672.6049262689163
O16,5,CONC,2065.358154296875,130.3197961102593
O16,5,HOECHST,2413.28515625,231.5024204585945
O16,5,MITO,28037.177734375,4593.904624632482
O16,5,PHAandWGA,9624.22265625,1233.5045390600171
O16,5,SYTO,5271.3125,688.747776197599
O16,6,CONC,2130.02490234375,132.27231925895475
O16,6,HOECHST,2464.826171875,230.3800575631276
O16,6,MITO,28858.71484375,4651.654793447098
O16,6,PHAandWGA,9954.78515625,1245.1899977962914
O16,6,SYTO,5302.30859375,686.0047269652244
O16,7,CONC,2145.065185546875,131.31132133310652
O16,7,HOECHST,2487.708984375,227.07899533409767
O16,7,MITO,29294.046875,4638.85383373213
O16,7,PHAandWGA,10230.1396484375,1232.9332664782746
O16,7,SYTO,5187.392578125,673.7245870677606
O16,8,CONC,2149.290283203125,128.7943517026565
O16,8,HOECHST,2485.99609375,220.93143317177186
O16,8,MITO,29301.6953125,4584.535438583694
O16,8,PHAandWGA,10188.41015625,1213.7568448041031
O16,8,SYTO,5176.5947265625,655.708526486086
O16,9,CONC,2159.1142578125,125.41584836316278
O16,9,HOECHST,2485.52783203125,211.769183672609
O16,9,MITO,29383.3359375,4484.4828234352135
O16,9,PHAandWGA,10213.369140625,1196.0601604910255
O16,9,SYTO,5117.080078125,632.2126719463994
O16,10,CONC,2167.301025390625,121.1241387202075
O16,10,HOECHST,2448.65869140625,200.28301771055996
O16,10,MITO,29810.001953125,4360.953747511695
O16,10,PHAandWGA,10163.359375,1153.3894580252033
O16,10,SYTO,5042.3896484375,604.3506110352288
O16,11,CONC,2161.202880859375,115.94778349997982
O16,11,HOECHST,2460.493896484375,189.2939941031723
O16,11,MITO,29705.6796875,4191.129432002391
O16,11,PHAandWGA,9949.6435546875,1076.7576538187263
O16,11,SYTO,4977.28759765625,568.1900212070396
O16,12,CONC,2169.806884765625,110.39148972200259
O16,12,HOECHST,2482.4140625,178.42526675513562
O16,12,MITO,29897.982421875,3995.501351161544
O16,12,PHAandWGA,9884.498046875,1002.3275774729731
O16,12,SYTO,4922.017578125,532.9045797800019
O16,13,CONC,2176.6025390625,103.9270186731738
O16,13,HOECHST,2493.2373046875,166.3281853965265
O16,13,MITO,29806.86328125,3762.4429368955953
O16,13,PHAandWGA,9838.904296875,922.6398254428489
O16,13,SYTO,4900.51953125,495.0446778627587
O16,14,CONC,2199.02099609375,97.17568721292183
O16,14,HOECHST,2522.6650390625,153.7425316437532
O16,14,MITO,30322.58203125,3490.8350521207094
O16,14,PHAandWGA,9765.556640625,838.2805658529694
O16,14,SYTO,4912.59033203125,453.1564233715567
O16,15,CONC,2225.06298828125,90.41044824701895
O16,15,HOECHST,2549.27392578125,141.24307019235212
O16,15,MITO,30085.73828125,3203.6435858820373
O16,15,PHAandWGA,9667.177734375,759.2906844610741
O16,15,SYTO,4935.29638671875,413.81796506045157
O18,0,CONC,4657.36083984375,113.87140629746304
O18,0,HOECHST,4445.92626953125,156.02934502150993
O18,0,MITO,71198.4375,2729.5255410286804
O18,0,PHAandWGA,27617.138671875,1134.8152469519662
O18,0,SYTO,19052.046875,850.557176374091
O18,1,CONC,5057.6533203125,141.31876478129064
O18,1,HOECHST,4907.3896484375,197.75385423234235
O18,1,MITO,74570.28125,3094.208151378543
O18,1,PHAandWGA,29480.4765625,1336.824870200376
O18,1,SYTO,21327.869140625,1035.7934980091468
O18,2,CONC,5473.404296875,158.36246438339685
O18,2,HOECHST,5313.0751953125,226.67180777393563
O18,2,MITO,79016.6796875,3347.996532275007
O18,2,PHAandWGA,31672.06640625,1485.8771959105497
O18,2,SYTO,23646.3671875,1149.4121288844678
O18,3,CONC,5828.43798828125,171.19524369756067
O18,3,HOECHST,5795.01953125,254.4733178436831
O18,3,MITO,82404.1640625,3553.7519139561596
O18,3,PHAandWGA,33805.59375,1595.2831792540946
O18,3,SYTO,25631.84765625,1224.3093558537037
O18,4,CONC,6112.27734375,175.4879768206532
O18,4,HOECHST,6072.0537109375,259.4087786601089
O18,4,MITO,85656.1171875,3688.9834464147625
O18,4,PHAandWGA,35776.765625,1660.70620803223
O18,4,SYTO,27158.490234375,1248.234630486716
O18,5,CONC,6290.322265625,175.43717316603974
O18,5,HOECHST,6273.10302734375,257.86949046968516
O18,5,MITO,89265.453125,3759.8144064472635
O18,5,PHAandWGA,37555.27734375,1699.063165573031
O18,5,SYTO,28719.22265625,1236.7676816501305
O18,6,CONC,6468.978515625,174.0058313350587
O18,6,HOECHST,6472.4169921875,257.2507023399469
O18,6,MITO,91703.15625,3788.4685275974857
O18,6,PHAandWGA,39104.43359375,1699.4648961562068
O18,6,SYTO,30367.0703125,1211.6929820187297
O18,7,CONC,6651.28955078125,172.01607999488144
O18,7,HOECHST,6759.24609375,257.5431926889245
O18,7,MITO,95562.34375,3803.474130117962
O18,7,PHAandWGA,41079.453125,1686.8568325986885
O18,7,SYTO,31435.564453125,1179.2823997475086
O18,8,CONC,6747.5927734375,168.12829621109444
O18,8,HOECHST,6918.2314453125,253.510170049158
O18,8,MITO,98200.1953125,3785.1795532479373
O18,8,PHAandWGA,42425.0078125,1659.87814378604
O18,8,SYTO,32400.9453125,1140.2696787634297
O18,9,CONC,6858.49755859375,163.484036749959
O18,9,HOECHST,7141.3046875,249.52412753249413
O18,9,MITO,100606.7890625,3740.96685745787
O18,9,PHAandWGA,42878.5390625,1612.6232464439213
O18,9,SYTO,33300.9921875,1093.1843583970087
O18,10,CONC,6909.033203125,157.56179751286982
O18,10,HOECHST,7251.39453125,242.5760806731956
O18,10,MITO,101284.84375,3631.034628566821
O18,10,PHAandWGA,43612.734375,1566.543221422899
O18,10,SYTO,33490.16015625,1050.810950857965
O18,11,CONC,7027.1064453125,152.00718150530875
O18,11,HOECHST,7250.8505859375,232.0197048800295
O18,11,MITO,103128.1953125,3532.087178875791
O18,11,PHAandWGA,44415.92578125,1527.6368997558181
O18,11,SYTO,34200.99609375,1003.2873266583908
O18,12,CONC,7040.517578125,147.32756469244592
O18,12,HOECHST,7362.0078125,223.7420846338254
O18,12,MITO,103138.7890625,3462.734789811722
O18,12,PHAandWGA,45387.625,1496.6869829230393
O18,12,SYTO,34559.34375,967.1898836328071
O18,13,CONC,7095.755859375,142.14066376464373
O18,13,HOECHST,7445.9658203125,214.86223568557278
O18,13,MITO,104125.421875,3388.9617744093207
O18,13,PHAandWGA,44999.4609375,1456.4810881794044
O18,13,SYTO,34210.0703125,929.3346180702866
O18,14,CONC,7118.6533203125,137.2093878400624
O18,14,HOECHST,7479.1279296875,206.71925775086336
O18,14,MITO,105502.59375,3315.6740759494055
O18,14,PHAandWGA,45686.03125,1412.4249515582926
O18,14,SYTO,34182.90625,891.3061610887975
O18,15,CONC,7157.02783203125,132.1262660939943
O18,15,HOECHST,7543.18359375,198.1918202971516
O18,15,MITO,107241.84375,3240.834144004217
O18,15,PHAandWGA,46100.6171875,1372.9850302897046
O18,15,SYTO,34622.3125,855.6316102446997
O19,0,CONC,2362.87353515625,30.261521477220214
O19,0,HOECHST,1894.41455078125,33.91071489347971
O19,0,MITO,40276.57421875,1589.2871895285457
O19,0,PHAandWGA,9854.3818359375,309.9619537824229
O19,0,SYTO,5333.06591796875,176.08423266133423
O19,1,CONC,2446.6806640625,34.196517347790206
O19,1,HOECHST,1970.0152587890625,37.86027113375754
O19,1,MITO,41143.578125,1691.8960101308558
O19,1,PHAandWGA,10251.3828125,339.58256451176925
O19,1,SYTO,5557.6806640625,194.84897937181395
O19,2,CONC,2548.84912109375,38.52125559067354
O19,2,HOECHST,2060.689697265625,43.215234008148954
O19,2,MITO,42117.6171875,1819.7674406712438
O19,2,PHAandWGA,10602.490234375,371.262066636896
O19,2,SYTO,5805.94921875,217.67746360513544
O19,3,CONC,2669.57763671875,42.784418189977096
O19,3,HOECHST,2137.910400390625,48.69312890361488
O19,3,MITO,43868.0234375,1946.2818324741459
O19,3,PHAandWGA,11094.68359375,402.9833015730088
O19,3,SYTO,6077.22119140625,238.45699454980604
O19,4,CONC,2761.12744140625,46.605827454482025
O19,4,HOECHST,2222.99072265625,52.45967632313931
O19,4,MITO,45329.23828125,2063.281600450043
O19,4,PHAandWGA,11649.19140625,434.19259963818945
O19,4,SYTO,6306.1083984375,255.23915074950725
O19,5,CONC,2848.0048828125,49.78102997342656
O19,5,HOECHST,2321.96240234375,56.39043468988439
O19,5,MITO,46434.85546875,2157.5230392630338
O19,5,PHAandWGA,12130.154296875,459.8508244132048
O19,5,SYTO,6622.958984375,269.1253585417104
O19,6,CONC,2937.463134765625,52.78446561997199
O19,6,HOECHST,2400.69775390625,59.87224420632627
O19,6,MITO,47193.24609375,2233.2507769854624
O19,6,PHAandWGA,12619.73828125,481.9746086001066
O19,6,SYTO,6809.45263671875,282.525270010762
O19,7,CONC,3011.19287109375,55.49846079084028
O19,7,HOECHST,2478.072265625,62.62210896081585
O19,7,MITO,48317.1953125,2294.144996783127
O19,7,PHAandWGA,13263.08984375,502.65900979001213
O19,7,SYTO,7099.392578125,293.74033052722194
O19,8,CONC,3096.69580078125,57.799291090161475
O19,8,HOECHST,2555.82763671875,65.01827218913189
O19,8,MITO,49896.2578125,2352.8561713918057
O19,8,PHAandWGA,14004.279296875,523.4799983769213
O19,8,SYTO,7342.275390625,302.9394616597484
O19,9,CONC,3178.26123046875,59.67726071757226
O19,9,HOECHST,2619.998046875,67.13787038719269
O19,9,MITO,50575.4375,2399.7344297717636
O19,9,PHAandWGA,14695.341796875,539.3490533950913
O19,9,SYTO,7523.3408203125,309.0540489308752
O19,10,CONC,3254.39697265625,61.10644735206424
O19,10,HOECHST,2701.093994140625,68.74763572502263
O19,10,MITO,52147.84375,2425.69425049581
O19,10,PHAandWGA,15435.4794921875,551.9591865431311
O19,10,SYTO,7703.1484375,312.33515776120566
O19,11,CONC,3323.53125,62.15307391647233
O19,11,HOECHST,2767.33837890625,69.98521022890957
O19,11,MITO,53152.171875,2434.6586815938003
O19,11,PHAandWGA,16179.853515625,563.0263107560954
O19,11,SYTO,7849.62841796875,314.51447994335575
O19,12,CONC,3384.49462890625,62.927824955279725
O19,12,HOECHST,2820.00537109375,70.53949607568391
O19,12,MITO,53905.1953125,2419.942667652217
O19,12,PHAandWGA,16747.4609375,571.0736305825649
O19,12,SYTO,8036.09521484375,315.00028907531305
O19,13,CONC,3451.802734375,63.33806559391027
O19,13,HOECHST,2879.26708984375,71.09575307716001
O19,13,MITO,55466.984375,2422.9156857461517
O19,13,PHAandWGA,17411.18359375,575.0524269679887
O19,13,SYTO,8184.50537109375,313.73308402678845
O19,14,CONC,3500.725830078125,63.459029145993014
O19,14,HOECHST,2945.6513671875,71.13505047751727
O19,14,MITO,56228.51953125,2399.9872723663957
O19,14,PHAandWGA,17864.1875,576.7591351345286
O19,14,SYTO,8360.404296875,310.44050667396505
O19,15,CONC,3578.9912109375,63.18293709792461
O19,15,HOECHST,3012.41552734375,70.72767230679733
O19,15,MITO,56900.140625,2356.761945663804
O19,15,PHAandWGA,18292.609375,573.7748194450517
O19,15,SYTO,8526.625,305.39922313009566
O20,0,CONC,3506.99365234375,50.85204765328701
O20,0,HOECHST,3176.54248046875,76.93658864125435
O20,0,MITO,60012.2421875,2118.628624956897
O20,0,PHAandWGA,23415.0703125,745.6868993662135
O20,0,SYTO,11506.994140625,411.14798471889407
O20,1,CONC,3825.42724609375,68.63095717133054
O20,1,HOECHST,3426.99169921875,100.81883503569335
O20,1,MITO,62616.5703125,2534.9034413171253
O20,1,PHAandWGA,25114.6015625,912.144512231079
O20,1,SYTO,13836.501953125,542.1916401174054
O20,2,CONC,4164.576171875,87.56467273032347
O20,2,HOECHST,3760.453857421875,130.29091934410417
O20,2,MITO,67708.328125,2989.7223827668704
O20,2,PHAandWGA,27087.0703125,1097.436187402179
O20,2,SYTO,16351.2177734375,692.1646816396765
O20,3,CONC,4463.9873046875,100.7311817886307
O20,3,HOECHST,4062.68896484375,154.3813219749178
O20,3,MITO,72014.6328125,3274.066353122804
O20,3,PHAandWGA,29239.130859375,1252.418899356757
O20,3,SYTO,18735.28515625,802.6282592304176
O20,4,CONC,4699.3408203125,106.27224492425289
O20,4,HOECHST,4354.36181640625,166.98698579495812
O20,4,MITO,74470.578125,3392.145982177917
O20,4,PHAandWGA,30839.630859375,1358.954289194849
O20,4,SYTO,20379.5625,850.4497429294335
O20,5,CONC,4873.05712890625,108.07335319280214
O20,5,HOECHST,4570.73193359375,171.59413833831636
O20,5,MITO,77747.703125,3433.4405459836985
O20,5,PHAandWGA,32694.05078125,1421.9826178897845
O20,5,SYTO,22171.90625,864.0874679422948
O20,6,CONC,5060.466796875,108.36207871459301
O20,6,HOECHST,4755.95068359375,173.67969474955763
O20,6,MITO,80495.1640625,3445.4619361363902
O20,6,PHAandWGA,34599.01171875,1420.0959735602512
O20,6,SYTO,23658.56640625,853.8061566764344
O20,7,CONC,5178.16796875,107.34888392729773
O20,7,HOECHST,4921.03125,172.50072755506883
O20,7,MITO,81983.609375,3441.44423205006
O20,7,PHAandWGA,35975.890625,1403.447957788357
O20,7,SYTO,24914.45703125,835.6886669026642
O20,8,CONC,5294.0322265625,105.05682792973997
O20,8,HOECHST,5052.5869140625,170.04319481112486
O20,8,MITO,84151.8515625,3409.369208106495
O20,8,PHAandWGA,37212.359375,1374.0695543326149
O20,8,SYTO,25555.859375,811.6077657416788
O20,9,CONC,5329.12109375,102.13588611255575
O20,9,HOECHST,5087.6435546875,165.44039646603304
O20,9,MITO,85000.9609375,3375.713727778094
O20,9,PHAandWGA,37422.75,1344.7966354036703
O20,9,SYTO,26301.376953125,783.9029816678507
O20,10,CONC,5382.7890625,99.24556916742327
O20,10,HOECHST,5163.03759765625,160.5708164425707
O20,10,MITO,86059.4375,3323.75944011319
O20,10,PHAandWGA,37957.171875,1315.944585558333
O20,10,SYTO,26466.22265625,755.5356450613375
O20,11,CONC,5438.02001953125,96.34543215453381
O20,11,HOECHST,5224.20166015625,156.46308446062278
O20,11,MITO,86661.703125,3260.92269559597
O20,11,PHAandWGA,38397.015625,1285.9629255779546
O20,11,SYTO,26223.515625,726.0539615473016
O20,12,CONC,5464.5810546875,93.42196143303995
O20,12,HOECHST,5244.12890625,151.19179566245322
O20,12,MITO,88329.1484375,3187.789742292691
O20,12,PHAandWGA,38862.79296875,1253.068212383452
O20,12,SYTO,25905.1484375,694.4407135923022
O20,13,CONC,5493.0869140625,90.19357150516194
O20,13,HOECHST,5303.71875,145.93585113115049
O20,13,MITO,89114.296875,3095.3473496005713
O20,13,PHAandWGA,39653.796875,1217.5446466958344
O20,13,SYTO,26008.15234375,666.6905935657237
O20,14,CONC,5548.373046875,86.93921113638582
O20,14,HOECHST,5386.7294921875,140.5240775408829
O20,14,MITO,89271.109375,3007.027147294581
O20,14,PHAandWGA,40039.859375,1182.30399265489
O20,14,SYTO,25682.375,636.3296954347289
O20,15,CONC,5578.0595703125,83.5047746859678
O20,15,HOECHST,5430.6650390625,135.55576407492688
O20,15,MITO,91008.8828125,2912.3771041788714
O20,15,PHAandWGA,40434.75,1141.595357625356
O20,15,SYTO,25468.09765625,606.9871192075284
O21,0,CONC,899.9492797851562,32.3373348632415
O21,0,HOECHST,967.901123046875,50.096775340969806
O21,0,MITO,11528.056640625,2561.4294423744823
O21,0,PHAandWGA,3372.13037109375,405.59046621613345
O21,0,SYTO,1773.7640380859375,203.25816295471026
O21,1,CONC,922.4541625976562,38.21584768585472
O21,1,HOECHST,990.6972045898438,59.441798643005825
O21,1,MITO,11780.9423828125,2841.4532772179723
O21,1,PHAandWGA,3648.712646484375,487.595695665061
O21,1,SYTO,1847.112548828125,239.1853735566494
O21,2,CONC,949.4400634765625,44.14612222021996
O21,2,HOECHST,1019.3633422851562,70.62847433997565
O21,2,MITO,11921.83203125,3137.83835176234
O21,2,PHAandWGA,3964.390625,567.3781908342411
O21,2,SYTO,1901.8280029296875,277.60846704928474
O21,3,CONC,972.9208984375,49.16577628267854
O21,3,HOECHST,1034.936279296875,80.53241646927533
O21,3,MITO,12112.458984375,3370.413772629693
O21,3,PHAandWGA,4181.3349609375,628.0914245212767
O21,3,SYTO,1957.232421875,310.87315143190733
O21,4,CONC,989.3551025390625,52.77319140374789
O21,4,HOECHST,1058.0198974609375,89.18884372189487
O21,4,MITO,12024.32421875,3505.4044810713176
O21,4,PHAandWGA,4304.296875,660.5772291070848
O21,4,SYTO,2028.242431640625,338.1293268605265
O21,5,CONC,1007.7443237304688,55.374317130916616
O21,5,HOECHST,1070.3675537109375,96.04224773229569
O21,5,MITO,12280.689453125,3661.8669495063664
O21,5,PHAandWGA,4378.9140625,681.3313687595568
O21,5,SYTO,2050.806640625,356.1998150684319
O21,6,CONC,1008.2520751953125,56.97035260508777
O21,6,HOECHST,1086.56689453125,99.55664499330648
O21,6,MITO,12180.0439453125,3743.5409155653697
O21,6,PHAandWGA,4412.287109375,692.4346381088386
O21,6,SYTO,2084.478515625,368.47083042770896
O21,7,CONC,1020.3158569335938,57.895329671729634
O21,7,HOECHST,1086.90185546875,100.60748259301472
O21,7,MITO,12290.6650390625,3794.681851255091
O21,7,PHAandWGA,4428.33154296875,696.9981558477547
O21,7,SYTO,2068.35546875,371.71734327384695
O21,8,CONC,1016.2157592773438,57.97354343659134
O21,8,HOECHST,1084.518798828125,100.34201724575418
O21,8,MITO,12051.1455078125,3785.4890010809777
O21,8,PHAandWGA,4283.099609375,679.7722764222646
O21,8,SYTO,2065.04931640625,370.8199432453563
O21,9,CONC,1011.6719970703125,56.90299855379503
O21,9,HOECHST,1075.6689453125,98.34219885529345
O21,9,MITO,11912.484375,3740.4243283698606
O21,9,PHAandWGA,4134.67822265625,653.0606097007701
O21,9,SYTO,2024.897705078125,361.26784449863953
O21,10,CONC,1003.3050537109375,55.10512475529422
O21,10,HOECHST,1060.3897705078125,95.09493447814921
O21,10,MITO,11680.9501953125,3656.4744013810778
O21,10,PHAandWGA,4022.523193359375,620.7915882356571
O21,10,SYTO,1993.1910400390625,347.9886022027429
O21,11,CONC,994.5531616210938,52.869709257833705
O21,11,HOECHST,1052.401123046875,91.34403545492131
O21,11,MITO,11431.8408203125,3553.371848191158
O21,11,PHAandWGA,3820.89306640625,583.5926560452522
O21,11,SYTO,1954.0103759765625,331.03251911501127
O21,12,CONC,980.0003662109375,50.09395591792503
O21,12,HOECHST,1033.094970703125,86.62141482674474
O21,12,MITO,11407.07421875,3405.5511410243644
O21,12,PHAandWGA,3712.722900390625,548.4264147703665
O21,12,SYTO,1895.56689453125,312.3105588683664
O21,13,CONC,971.0396118164062,46.97922749867527
O21,13,HOECHST,1012.8496704101562,80.53956230239825
O21,13,MITO,11163.1494140625,3234.8780980317742
O21,13,PHAandWGA,3609.7177734375,509.7129509766654
O21,13,SYTO,1858.44580078125,288.7761552171368
O21,14,CONC,965.5244140625,43.46491907969489
O21,14,HOECHST,995.845458984375,73.53782935000262
O21,14,MITO,10891.7001953125,3025.06270968938
O21,14,PHAandWGA,3461.1796875,468.7565935751522
O21,14,SYTO,1800.71923828125,264.38128183276365
O21,15,CONC,942.851318359375,39.99866138091608
O21,15,HOECHST,986.90380859375,66.7191449049732
O21,15,MITO,10723.82421875,2792.656263883222
O21,15,PHAandWGA,3354.233154296875,429.04399669484866
O21,15,SYTO,1768.59716796875,239.15034049276764
O22,0,CONC,4057.211181640625,65.08196424694825
O22,0,HOECHST,4075.332275390625,101.65554497955817
O22,0,MITO,66425.5390625,1917.8286880591472
O22,0,PHAandWGA,25437.064453125,795.946458497707
O22,0,SYTO,16222.2236328125,532.3751078050466
O22,1,CONC,4362.904296875,84.25207682700702
O22,1,HOECHST,4366.10693359375,128.284548394192
O22,1,MITO,69512.890625,2243.8351120179436
O22,1,PHAandWGA,27293.259765625,962.2389256901537
O22,1,SYTO,18134.212890625,684.2635384449098
O22,2,CONC,4705.71484375,103.2411966003343
O22,2,HOECHST,4689.5341796875,156.59544008113602
O22,2,MITO,72982.7421875,2562.625297612675
O22,2,PHAandWGA,29287.603515625,1135.5149096895386
O22,2,SYTO,20313.0078125,826.7376037320951
O22,3,CONC,4982.103515625,114.7371244689375
O22,3,HOECHST,4981.7890625,174.95699999866582
O22,3,MITO,77104.375,2769.856396730371
O22,3,PHAandWGA,30797.6875,1251.0327603664214
O22,3,SYTO,21969.287109375,913.4135200879165
O22,4,CONC,5252.62890625,121.23171847731743
O22,4,HOECHST,5295.4677734375,186.3271326147768
O22,4,MITO,80478.1875,2915.4733292570645
O22,4,PHAandWGA,32905.8125,1324.7036762723264
O22,4,SYTO,24058.275390625,957.1297640678304
O22,5,CONC,5467.90283203125,124.22614353572295
O22,5,HOECHST,5549.5361328125,192.4316101650681
O22,5,MITO,82162.234375,3010.9526944657187
O22,5,PHAandWGA,34484.75390625,1364.4673254521254
O22,5,SYTO,25854.1875,974.5208921372372
O22,6,CONC,5639.220703125,125.11008383429136
O22,6,HOECHST,5727.14208984375,195.03501481412917
O22,6,MITO,86070.3203125,3073.809743966517
O22,6,PHAandWGA,35677.08984375,1381.3546911263204
O22,6,SYTO,26917.75,972.1606480358155
O22,7,CONC,5800.10302734375,125.157014650636
O22,7,HOECHST,5937.05615234375,197.9738840239372
O22,7,MITO,88261.5625,3112.1570899712056
O22,7,PHAandWGA,37387.1953125,1383.8717091643964
O22,7,SYTO,28061.431640625,958.0273982753749
O22,8,CONC,5900.0166015625,124.24665720054745
O22,8,HOECHST,6065.021484375,196.99554409345498
O22,8,MITO,90023.09375,3126.4113780885236
O22,8,PHAandWGA,38491.03515625,1375.4071352117123
O22,8,SYTO,28971.59375,938.1089879860007
O22,9,CONC,5993.9306640625,122.71135041225018
O22,9,HOECHST,6236.544921875,195.8397760385563
O22,9,MITO,92038.71875,3121.4583157024845
O22,9,PHAandWGA,39734.16796875,1356.3452259428257
O22,9,SYTO,30287.984375,915.6808544339447
O22,10,CONC,6096.5517578125,120.67875709393499
O22,10,HOECHST,6381.2998046875,193.25772405983764
O22,10,MITO,93785.203125,3110.28525750294
O22,10,PHAandWGA,40263.84765625,1330.2025209817575
O22,10,SYTO,30953.232421875,886.6954553002579
O22,11,CONC,6223.46875,118.5754647415175
O22,11,HOECHST,6495.14404296875,189.49431753651393
O22,11,MITO,95716.25,3089.9262284687748
O22,11,PHAandWGA,40834.546875,1302.9684909617
O22,11,SYTO,31147.9453125,858.9561366862707
O22,12,CONC,6318.05078125,115.93905472327026
O22,12,HOECHST,6624.20458984375,185.63159237658712
O22,12,MITO,98028.5625,3066.9454303119765
O22,12,PHAandWGA,41642.33984375,1275.9828939856538
O22,12,SYTO,31385.212890625,829.394962329552
O22,13,CONC,6365.58154296875,112.91852544035149
O22,13,HOECHST,6743.21533203125,181.00774519530466
O22,13,MITO,98237.8671875,3016.0531885396513
O22,13,PHAandWGA,42258.72265625,1245.2785997615051
O22,13,SYTO,31708.958984375,800.9733589372879
O22,14,CONC,6464.1875,110.14260607046454
O22,14,HOECHST,6855.791015625,176.24668774548954
O22,14,MITO,99989.75,2960.6435404275676
O22,14,PHAandWGA,43334.05078125,1217.6732650150373
O22,14,SYTO,32070.625,772.9935404239221
O22,15,CONC,6556.92431640625,107.0573212990602
O22,15,HOECHST,6974.7548828125,170.9239012745615
O22,15,MITO,101798.765625,2905.01343344999
O22,15,PHAandWGA,43555.5234375,1183.898008053848
O22,15,SYTO,32464.931640625,742.1028158077851
