well,z,channel,focus_laplacian_var,focus_normalized_var
B02,0,CONC,4201.623046875,67.02705600166992
B02,0,HOECHST,3116.22900390625,64.48796671740064
B02,0,MITO,63464.78125,2046.9357109528648
B02,0,PHAandWGA,23153.953125,721.154839577684
B02,0,SYTO,11857.056640625,409.84151948881583
B02,1,CONC,4366.2802734375,74.32315823851458
B02,1,HOECHST,3262.60302734375,71.68764389441004
B02,1,MITO,64406.74609375,2170.1913566798207
B02,1,PHAandWGA,23856.73828125,775.8418773837641
B02,1,SYTO,12717.8740234375,448.71318347527847
B02,2,CONC,4576.8232421875,82.34149325671343
B02,2,HOECHST,3396.613037109375,79.31259853987422
B02,2,MITO,66357.484375,2325.7172230943997
B02,2,PHAandWGA,24948.5,835.7351462615862
B02,2,SYTO,13840.94140625,493.49390355993813
B02,3,CONC,4774.2060546875,90.31001702871131
B02,3,HOECHST,3554.720947265625,87.16428385339171
B02,3,MITO,68687.6484375,2465.0614655932345
B02,3,PHAandWGA,26069.38671875,895.8722290965133
B02,3,SYTO,15318.591796875,537.4464983190237
B02,4,CONC,4961.65478515625,96.50696037035007
B02,4,HOECHST,3725.891845703125,93.47423009554586
B02,4,MITO,70246.6796875,2570.0537733682663
B02,4,PHAandWGA,26959.666015625,943.8332209513853
B02,4,SYTO,16482.576171875,569.866048915456
B02,5,CONC,5127.40771484375,101.02825474701373
B02,5,HOECHST,3855.26806640625,97.80262282381581
B02,5,MITO,73127.2109375,2652.102226895629
B02,5,PHAandWGA,28385.330078125,981.8163848266445
B02,5,SYTO,17462.61328125,590.8417345773681
B02,6,CONC,5289.3935546875,104.00890007428627
B02,6,HOECHST,3980.910400390625,100.43151698652103
B02,6,MITO,75071.78125,2711.3058281164585
B02,6,PHAandWGA,29284.11328125,1010.2826494350219
B02,6,SYTO,18401.05859375,601.3843541228522
B02,7,CONC,5479.8759765625,105.9253601315857
B02,7,HOECHST,4107.099609375,102.33295482172869
B02,7,MITO,76566.6015625,2741.4273907190727
B02,7,PHAandWGA,30161.5078125,1027.3005476513126
B02,7,SYTO,19050.095703125,607.2675012711412
B02,8,CONC,5617.501953125,106.8310301892443
B02,8,HOECHST,4241.72412109375,103.42029800652395
B02,8,MITO,78359.0234375,2734.4638952817213
B02,8,PHAandWGA,31635.74609375,1038.115982277736
B02,8,SYTO,19763.310546875,607.1997158564789
B02,9,CONC,5733.419921875,106.83112927291681
B02,9,HOECHST,4332.73193359375,104.02415124415849
B02,9,MITO,80922.3359375,2733.4983168044255
B02,9,PHAandWGA,32516.755859375,1037.9215846190443
B02,9,SYTO,20224.412109375,602.6149997570286
B02,10,CONC,5868.4873046875,106.28451287177903
B02,10,HOECHST,4458.8564453125,104.22041922196225
B02,10,MITO,81282.9765625,2689.9453717920683
B02,10,PHAandWGA,33467.015625,1034.739033672296
B02,10,SYTO,20707.5546875,592.9402970600559
B02,11,CONC,6000.4716796875,105.2933426961865
B02,11,HOECHST,4569.1181640625,103.6184432869973
B02,11,MITO,82934.78125,2658.820463914241
B02,11,PHAandWGA,34378.3359375,1024.503451050676
B02,11,SYTO,21051.931640625,583.0252140762626
B02,12,CONC,6131.376953125,104.13368105085588
B02,12,HOECHST,4678.6640625,102.80763662942952
B02,12,MITO,84810.7265625,2605.7134079296343
B02,12,PHAandWGA,34956.5625,1010.7562500775168
B02,12,SYTO,21451.232421875,572.6586798493872
B02,13,CONC,6245.068359375,102.58093553249009
B02,13,HOECHST,4788.2646484375,101.64956836821081
B02,13,MITO,86669.0390625,2564.4509637145343
B02,13,PHAandWGA,35903.09765625,995.2419527036045
B02,13,SYTO,21696.0859375,557.9959542973004
B02,14,CONC,6376.2880859375,100.92995660722625
B02,14,HOECHST,4902.671875,100.19431068369533
B02,14,MITO,87286.703125,2505.2233001313202
B02,14,PHAandWGA,36247.203125,979.7301126504005
B02,14,SYTO,22042.1015625,543.5262331637043
B02,15,CONC,6475.15576171875,98.40611689154872
B02,15,HOECHST,4991.94189453125,97.98662774904498
B02,15,MITO,89483.265625,2443.486144932364
B02,15,PHAandWGA,36950.00390625,959.5007193405642
B02,15,SYTO,22482.6796875,527.22620560281
B03,0,CONC,4663.0732421875,83.37691968842671
B03,0,HOECHST,1873.59716796875,27.016741097197762
B03,0,MITO,70386.09375,2221.392113878532
B03,0,PHAandWGA,23567.041015625,690.8478383833509
B03,0,SYTO,9791.6357421875,347.7139843439125
B03,1,CONC,4950.603515625,98.36987566560973
B03,1,HOECHST,1962.05517578125,32.31261207476192
B03,1,MITO,72247.0,2481.6548292996013
B03,1,PHAandWGA,24938.73046875,774.4067173629758
B03,1,SYTO,10773.119140625,406.33623425769804
B03,2,CONC,5266.31640625,114.07328212331431
B03,2,HOECHST,2079.4599609375,38.444337768990884
B03,2,MITO,76775.6484375,2782.259230439087
B03,2,PHAandWGA,25910.87890625,865.0967366330873
B03,2,SYTO,12005.876953125,470.4273020257667
B03,3,CONC,5556.7158203125,124.78685204969251
B03,3,HOECHST,2196.912841796875,43.37936659464446
B03,3,MITO,79312.1796875,2953.324563704616
B03,3,PHAandWGA,27412.2265625,936.2321868984592
B03,3,SYTO,13183.0966796875,517.8494872569453
B03,4,CONC,5774.6875,129.71195854642025
B03,4,HOECHST,2281.428466796875,46.1950104233094
B03,4,MITO,83092.8125,3061.83337482992
B03,4,PHAandWGA,29005.37890625,974.1682889340041
B03,4,SYTO,13956.541015625,537.0327772308653
B03,5,CONC,5972.423828125,130.5721387899413
B03,5,HOECHST,2368.46044921875,47.84732050412067
B03,5,MITO,85249.71875,3081.298975169875
B03,5,PHAandWGA,30296.91015625,980.5436037647469
B03,5,SYTO,14428.0966796875,539.4963825389165
B03,6,CONC,6115.0478515625,129.50482464126225
B03,6,HOECHST,2444.6630859375,48.83528830855356
B03,6,MITO,86337.5703125,3061.122715619877
B03,6,PHAandWGA,31226.10546875,973.2999129096781
B03,6,SYTO,14875.380859375,536.3924638276965
B03,7,CONC,6235.6279296875,127.55237325240756
B03,7,HOECHST,2509.070556640625,48.74515926365792
B03,7,MITO,88334.4140625,3047.1159429422864
B03,7,PHAandWGA,31930.54296875,961.8772718202531
B03,7,SYTO,14837.06640625,520.4250429326996
B03,8,CONC,6338.3583984375,125.12907451395832
B03,8,HOECHST,2560.3583984375,48.35870776927273
B03,8,MITO,89533.03125,3004.8903913225627
B03,8,PHAandWGA,32722.12890625,944.7723345534048
B03,8,SYTO,15082.390625,507.7972918615952
B03,9,CONC,6456.154296875,122.08735935578162
B03,9,HOECHST,2621.37890625,47.9671273855608
B03,9,MITO,91171.9296875,2952.0954377838675
B03,9,PHAandWGA,33361.71875,923.6657392912304
B03,9,SYTO,15176.796875,491.8172133779574
B03,10,CONC,6599.1728515625,118.58339004644971
B03,10,HOECHST,2664.875244140625,47.190534351131376
B03,10,MITO,93153.9375,2898.079104394104
B03,10,PHAandWGA,34391.12890625,899.1920393377741
B03,10,SYTO,15198.021484375,473.38836347575943
B03,11,CONC,6693.4345703125,114.95530605887639
B03,11,HOECHST,2724.560302734375,46.34690317169461
B03,11,MITO,94473.5625,2813.399902473021
B03,11,PHAandWGA,34573.2890625,876.4748384522566
B03,11,SYTO,15460.029296875,458.6484340269345
B03,12,CONC,6821.5771484375,111.21877201365541
B03,12,HOECHST,2773.47216796875,45.03704092667877
B03,12,MITO,96697.859375,2728.5750368840445
B03,12,PHAandWGA,35250.9296875,848.7871969657812
B03,12,SYTO,15585.55859375,440.01839547360873
B03,13,CONC,6926.7177734375,107.1879154511624
B03,13,HOECHST,2805.9326171875,43.60787954110086
B03,13,MITO,97362.90625,2631.099662836736
B03,13,PHAandWGA,35787.1328125,819.8533991044358
B03,13,SYTO,15759.9111328125,421.822534279194
B03,14,CONC,6996.865234375,103.23784342587075
B03,14,HOECHST,2845.97216796875,42.309863564207895
B03,14,MITO,99293.296875,2528.479204781218
B03,14,PHAandWGA,36264.3515625,790.8498844719765
B03,14,SYTO,15901.576171875,403.2435214297501
B03,15,CONC,7080.326171875,99.14780205096194
B03,15,HOECHST,2885.875,40.93747767002856
B03,15,MITO,99709.1953125,2416.4291375117814
B03,15,PHAandWGA,36947.828125,756.8985642518318
B03,15,SYTO,16081.927734375,385.1237082175934
B04,0,CONC,9896.400390625,83.6152050735016
B04,0,HOECHST,5780.435546875,72.26304801809928
B04,0,MITO,108768.140625,1341.2989801037254
B04,0,PHAandWGA,43119.015625,560.5028184708804
B04,0,SYTO,28042.25,416.4501664459908
B04,1,CONC,10526.01171875,102.84064461078546
B04,1,HOECHST,6121.986328125,87.20756493703779
B04,1,MITO,112274.546875,1575.3492570048925
B04,1,PHAandWGA,45135.19921875,637.0198724997911
B04,1,SYTO,29652.197265625,487.24399364074907
B04,2,CONC,11254.8515625,127.73719041753922
B04,2,HOECHST,6547.484375,106.35114999210751
B04,2,MITO,118039.5859375,1853.5220062726978
B04,2,PHAandWGA,47280.1484375,745.5722196902041
B04,2,SYTO,31858.939453125,587.2590697897568
B04,3,CONC,12094.140625,147.706641312743
B04,3,HOECHST,7013.59375,122.7260023403507
B04,3,MITO,123109.5625,2025.6806868088286
B04,3,PHAandWGA,49575.6171875,841.6103672390382
B04,3,SYTO,34121.265625,673.3135150285033
B04,4,CONC,12824.404296875,155.31430390511625
B04,4,HOECHST,7380.15380859375,129.0758365246713
B04,4,MITO,129813.6796875,2056.1851262085356
B04,4,PHAandWGA,52851.30859375,896.0534009713131
B04,4,SYTO,36771.25,718.9002882343253
B04,5,CONC,13448.48046875,156.02796623332648
B04,5,HOECHST,7767.7587890625,131.07481887452562
B04,5,MITO,134053.8125,2029.5108542738142
B04,5,PHAandWGA,54773.7265625,918.0626707584554
B04,5,SYTO,38877.0234375,733.2643816078375
B04,6,CONC,13905.59375,151.83024991643072
B04,6,HOECHST,8075.7060546875,130.63046174851277
B04,6,MITO,139111.125,1973.2006022118887
B04,6,PHAandWGA,57571.875,909.0728429924849
B04,6,SYTO,40961.015625,720.4406076809838
B04,7,CONC,14395.787109375,144.00348777321483
B04,7,HOECHST,8405.3203125,126.33105921759321
B04,7,MITO,142934.109375,1870.8154809194332
B04,7,PHAandWGA,59378.3515625,881.7317085082493
B04,7,SYTO,42660.2421875,690.5436720719094
B04,8,CONC,14826.1015625,135.46707381171635
B04,8,HOECHST,8662.2705078125,119.96662100443652
B04,8,MITO,146014.046875,1758.119730112761
B04,8,PHAandWGA,61540.3671875,840.0129691425639
B04,8,SYTO,45183.3046875,648.9972347944856
B04,9,CONC,15172.67578125,126.45854723869311
B04,9,HOECHST,8920.4658203125,113.20353448379285
B04,9,MITO,149283.0625,1642.1432608854482
B04,9,PHAandWGA,64364.6875,795.9493774682214
B04,9,SYTO,46833.64453125,607.3677235909608
B04,10,CONC,15460.12890625,118.44418068179715
B04,10,HOECHST,9115.1259765625,107.0473193559761
B04,10,MITO,153481.75,1566.6238888071798
B04,10,PHAandWGA,65896.984375,757.1221280105636
B04,10,SYTO,48169.0625,568.6783338327056
B04,11,CONC,15735.61328125,110.38542139339478
B04,11,HOECHST,9263.619140625,100.6963207520745
B04,11,MITO,155083.25,1494.3180962202352
B04,11,PHAandWGA,66818.625,715.2408502841455
B04,11,SYTO,49051.1875,531.2691820046634
B04,12,CONC,15930.669921875,102.8713729298312
B04,12,HOECHST,9469.369140625,94.91560966240945
B04,12,MITO,157315.125,1416.6274264047859
B04,12,PHAandWGA,69222.8046875,673.0370830895903
B04,12,SYTO,50826.59375,493.0097601473146
B04,13,CONC,16053.63671875,96.39250511509037
B04,13,HOECHST,9661.234375,89.6101970540756
B04,13,MITO,160458.46875,1351.403650306513
B04,13,PHAandWGA,69591.625,634.8646879120649
B04,13,SYTO,51893.0078125,457.71868353996194
B04,14,CONC,16313.2158203125,90.6547237487018
B04,14,HOECHST,9795.9775390625,84.70558260095486
B04,14,MITO,161179.375,1286.2962039733163
B04,14,PHAandWGA,71445.8359375,601.7590096648217
B04,14,SYTO,52614.54296875,428.98897507554494
B04,15,CONC,16483.615234375,85.77109437713086
B04,15,HOECHST,9939.4267578125,80.7905338814643
B04,15,MITO,164198.84375,1238.7987142977613
B04,15,PHAandWGA,71342.171875,571.4029167537776
B04,15,SYTO,53317.91015625,402.03123308602653
B05,0,CONC,5882.18701171875,127.88584955477036
B05,0,HOECHST,3430.26806640625,93.3808725701529
B05,0,MITO,68460.8984375,2856.10047722556
B05,0,PHAandWGA,22876.02734375,936.7611163458232
B05,0,SYTO,13703.08984375,585.388206946424
B05,1,CONC,6196.99365234375,145.0532332384573
B05,1,HOECHST,3611.363037109375,106.0934351223728
B05,1,MITO,69615.53125,3081.177903507435
B05,1,PHAandWGA,24107.623046875,1039.3002612263854
B05,1,SYTO,15078.7890625,666.921231701474
B05,2,CONC,6538.60302734375,161.73703363868952
B05,2,HOECHST,3804.1416015625,118.1168613189876
B05,2,MITO,72589.9375,3309.1660440646065
B05,2,PHAandWGA,25135.796875,1134.480058108488
B05,2,SYTO,16306.853515625,743.837799656845
B05,3,CONC,6841.69677734375,176.07395374625605
B05,3,HOECHST,3966.985595703125,128.50968087212453
B05,3,MITO,74363.453125,3496.8833556659615
B05,3,PHAandWGA,26615.0390625,1223.7564169203854
B05,3,SYTO,17460.51953125,807.7472429358542
B05,4,CONC,7111.9208984375,184.80677081302323
B05,4,HOECHST,4153.3828125,136.59388124905948
B05,4,MITO,77397.734375,3616.3428825931715
B05,4,PHAandWGA,27857.185546875,1279.3537196104019
B05,4,SYTO,18857.810546875,845.9314471395098
B05,5,CONC,7366.18408203125,190.32366676797497
B05,5,HOECHST,4318.35888671875,141.99327403450116
B05,5,MITO,79978.84375,3691.6218955848262
B05,5,PHAandWGA,29205.33203125,1316.791338595369
B05,5,SYTO,19826.97265625,863.6823613924834
B05,6,CONC,7622.4609375,192.97523806767254
B05,6,HOECHST,4469.92626953125,147.0817685540865
B05,6,MITO,81414.390625,3755.2008268835125
B05,6,PHAandWGA,30668.435546875,1336.220945208238
B05,6,SYTO,21059.98828125,867.998221018052
B05,7,CONC,7789.69580078125,192.3940681960549
B05,7,HOECHST,4619.59521484375,151.37488353999592
B05,7,MITO,83734.640625,3758.3874515612824
B05,7,PHAandWGA,31560.0859375,1337.8736586622347
B05,7,SYTO,21704.87109375,858.41769096303
B05,8,CONC,7909.44482421875,189.14494277655666
B05,8,HOECHST,4721.0712890625,151.38562669178702
B05,8,MITO,85822.328125,3738.2993640886875
B05,8,PHAandWGA,32056.6484375,1329.7424771401754
B05,8,SYTO,22202.060546875,843.2721234214799
B05,9,CONC,8008.4453125,185.54032663701344
B05,9,HOECHST,4782.6162109375,146.18649747263504
B05,9,MITO,86540.96875,3698.809994330178
B05,9,PHAandWGA,32671.25390625,1314.675490230365
B05,9,SYTO,22379.697265625,816.384539251789
B05,10,CONC,8083.28076171875,181.05490358959543
B05,10,HOECHST,4844.0771484375,139.44440909735263
B05,10,MITO,87238.109375,3643.25751232217
B05,10,PHAandWGA,33229.3125,1288.3883048308135
B05,10,SYTO,22548.1328125,791.0350640458823
B05,11,CONC,8208.8359375,176.44377191666527
B05,11,HOECHST,4878.22607421875,134.1614778918426
B05,11,MITO,88946.84375,3572.800694115232
B05,11,PHAandWGA,34068.421875,1264.0220665693305
B05,11,SYTO,22933.890625,764.6257523140591
B05,12,CONC,8284.93359375,171.08063664089246
B05,12,HOECHST,4983.55859375,129.89152710561638
B05,12,MITO,89670.46875,3488.8112893475036
B05,12,PHAandWGA,34565.60546875,1234.8318428687066
B05,12,SYTO,23114.482421875,738.4980307579767
B05,13,CONC,8384.44140625,165.75011643818726
B05,13,HOECHST,5056.685546875,125.52114778481328
B05,13,MITO,90876.890625,3383.308696936859
B05,13,PHAandWGA,34538.296875,1202.1674311942213
B05,13,SYTO,23006.109375,707.7612525226556
B05,14,CONC,8504.87109375,160.25140946387648
B05,14,HOECHST,5134.8759765625,121.53261632220457
B05,14,MITO,92163.8984375,3275.150132971649
B05,14,PHAandWGA,35633.5,1164.8127551686482
B05,14,SYTO,23283.4765625,679.4422841097405
B05,15,CONC,8684.6103515625,154.62882698664885
B05,15,HOECHST,5216.0625,117.0411053877572
B05,15,MITO,93057.0390625,3138.9314394044964
B05,15,PHAandWGA,35442.4921875,1125.7680076683696
B05,15,SYTO,23403.35546875,647.5777737083589
B06,0,CONC,5846.119140625,109.80464605979348
B06,0,HOECHST,3102.4912109375,66.43055142003546
B06,0,MITO,73277.0703125,2383.100518655786
B06,0,PHAandWGA,22614.34765625,782.3589397093916
B06,0,SYTO,12319.630859375,471.9165212499741
B06,1,CONC,6131.2314453125,127.39037912916649
B06,1,HOECHST,3258.01611328125,75.30427987119349
B06,1,MITO,74676.203125,2590.8914818663466
B06,1,PHAandWGA,23369.603515625,865.7754024353239
B06,1,SYTO,13630.763671875,540.2048420354657
B06,2,CONC,6529.3115234375,151.64088346942398
B06,2,HOECHST,3425.03466796875,86.98962534680183
B06,2,MITO,78411.390625,2877.0668963888224
B06,2,PHAandWGA,24856.0,977.519795529108
B06,2,SYTO,15329.8505859375,635.8675003447507
B06,3,CONC,6957.43115234375,172.16944491251806
B06,3,HOECHST,3634.06640625,98.79232393473221
B06,3,MITO,80995.40625,3104.9320430852604
B06,3,PHAandWGA,26264.314453125,1072.847572626741
B06,3,SYTO,16668.275390625,720.9334963435687
B06,4,CONC,7228.087890625,177.54877507970645
B06,4,HOECHST,3776.64013671875,105.45345552923631
B06,4,MITO,83167.15625,3200.3966228833833
B06,4,PHAandWGA,27183.703125,1120.9444333723422
B06,4,SYTO,17715.9765625,758.408487194505
B06,5,CONC,7396.21923828125,175.73449989268644
B06,5,HOECHST,3904.724853515625,108.24541670417072
B06,5,MITO,85014.921875,3227.1591893946907
B06,5,PHAandWGA,28042.5859375,1137.269240766602
B06,5,SYTO,18393.59375,764.3707520651493
B06,6,CONC,7573.8818359375,172.4654217740445
B06,6,HOECHST,3996.887451171875,108.58760381237491
B06,6,MITO,86407.75,3228.3183714995707
B06,6,PHAandWGA,29389.16015625,1145.7456258701282
B06,6,SYTO,19118.48828125,757.4043826238017
B06,7,CONC,7683.517578125,169.3773179731017
B06,7,HOECHST,4096.7646484375,107.78659759880327
B06,7,MITO,88798.421875,3236.3901958502925
B06,7,PHAandWGA,29895.185546875,1145.202837913057
B06,7,SYTO,19678.521484375,741.5083170648502
B06,8,CONC,7841.701171875,165.60130156452087
B06,8,HOECHST,4209.62109375,106.61301198304558
B06,8,MITO,91102.328125,3222.149029703562
B06,8,PHAandWGA,31068.486328125,1134.901891175945
B06,8,SYTO,20387.55078125,723.686410827385
B06,9,CONC,7995.7041015625,161.45361698923824
B06,9,HOECHST,4324.64404296875,104.74635293787837
B06,9,MITO,92749.0703125,3177.514242325237
B06,9,PHAandWGA,31539.208984375,1116.7925322996364
B06,9,SYTO,20514.087890625,697.6679849011808
B06,10,CONC,8132.25146484375,157.29120426401505
B06,10,HOECHST,4422.966796875,102.26725719687187
B06,10,MITO,94333.546875,3131.394256089995
B06,10,PHAandWGA,32788.7265625,1095.3331957013336
B06,10,SYTO,20908.171875,672.5679207047722
B06,11,CONC,8303.291015625,152.6782633116285
B06,11,HOECHST,4549.25390625,100.23317825883339
B06,11,MITO,95500.0546875,3040.8393095858505
B06,11,PHAandWGA,33188.30859375,1066.694061976994
B06,11,SYTO,21207.3203125,644.5749785350785
B06,12,CONC,8437.8037109375,147.6727831565974
B06,12,HOECHST,4659.10888671875,97.59543843826883
B06,12,MITO,97585.15625,2983.4796677851436
B06,12,PHAandWGA,34126.5390625,1037.8745742059386
B06,12,SYTO,21576.92578125,618.1564603440146
B06,13,CONC,8582.982421875,142.504567752176
B06,13,HOECHST,4732.1455078125,94.4059314350033
B06,13,MITO,98817.71875,2886.5849539236965
B06,13,PHAandWGA,34839.7890625,1004.042944881492
B06,13,SYTO,21634.73828125,588.0106583194655
B06,14,CONC,8759.833984375,137.2227210023659
B06,14,HOECHST,4838.9267578125,90.76837305566242
B06,14,MITO,100975.1484375,2800.6767135989985
B06,14,PHAandWGA,35210.41015625,968.9012088053638
B06,14,SYTO,22084.734375,559.6571156143602
B06,15,CONC,8897.6962890625,131.70612288501746
B06,15,HOECHST,4956.12841796875,87.40757457803173
B06,15,MITO,103302.84375,2686.7573385381397
B06,15,PHAandWGA,35902.015625,932.4148402756457
B06,15,SYTO,22359.16796875,530.3826456567468
B07,0,CONC,4018.485595703125,115.18810483290272
B07,0,HOECHST,1604.10107421875,32.722253668651796
B07,0,MITO,50503.0234375,2921.395451644564
B07,0,PHAandWGA,9488.908203125,485.51553891501163
B07,0,SYTO,4383.703125,206.34491028502993
B07,1,CONC,4253.1640625,136.20112713550387
B07,1,HOECHST,1698.835693359375,41.39283497866828
B07,1,MITO,51513.55078125,3331.061833229762
B07,1,PHAandWGA,10949.97265625,576.7211174480224
B07,1,SYTO,4747.0126953125,248.41703372661942
B07,2,CONC,4510.20263671875,155.81912266814172
B07,2,HOECHST,1816.1416015625,50.441402798982764
B07,2,MITO,54409.13671875,3722.371413279095
B07,2,PHAandWGA,12353.6640625,674.0888335773035
B07,2,SYTO,5108.56689453125,291.6714420707201
B07,3,CONC,4736.5400390625,169.19007912404962
B07,3,HOECHST,1930.347900390625,56.49973591362084
B07,3,MITO,56567.1640625,3907.4105266932083
B07,3,PHAandWGA,13285.712890625,742.8713945640194
B07,3,SYTO,5443.9794921875,321.7494663545287
B07,4,CONC,4954.916015625,176.46527623083162
B07,4,HOECHST,2009.2940673828125,58.91535151222016
B07,4,MITO,59050.16015625,3990.4883068546615
B07,4,PHAandWGA,14141.8623046875,783.2103547197082
B07,4,SYTO,5740.24267578125,337.73162663157115
B07,5,CONC,5161.0712890625,184.3551359125589
B07,5,HOECHST,2112.99560546875,61.88720752370356
B07,5,MITO,60948.0078125,4050.063633639004
B07,5,PHAandWGA,15163.5400390625,815.104477122097
B07,5,SYTO,6017.1083984375,350.02802848121274
B07,6,CONC,5326.98486328125,189.03307798765488
B07,6,HOECHST,2202.56884765625,63.15037240555203
B07,6,MITO,63215.390625,4081.272050829922
B07,6,PHAandWGA,16137.3330078125,828.9824076705179
B07,6,SYTO,6303.625,355.3496543948896
B07,7,CONC,5490.94677734375,189.49402596532173
B07,7,HOECHST,2251.286376953125,62.212453819687894
B07,7,MITO,64382.59765625,4022.712740665015
B07,7,PHAandWGA,16608.681640625,827.776372260392
B07,7,SYTO,6475.1728515625,353.5282380249979
B07,8,CONC,5555.0283203125,187.3308011583213
B07,8,HOECHST,2273.31982421875,60.299734979181245
B07,8,MITO,65171.3046875,3964.2422677551754
B07,8,PHAandWGA,16831.59375,817.8160699858888
B07,8,SYTO,6595.5859375,346.28104297416246
B07,9,CONC,5645.30029296875,184.4391008308351
B07,9,HOECHST,2300.24609375,58.59078386742418
B07,9,MITO,66603.140625,3873.8149420059203
B07,9,PHAandWGA,17149.765625,803.8682133323533
B07,9,SYTO,6683.80224609375,338.09353034545865
B07,10,CONC,5734.1376953125,181.24418260207213
B07,10,HOECHST,2338.282958984375,57.04800520068039
B07,10,MITO,67210.390625,3797.8412914977343
B07,10,PHAandWGA,17145.33203125,783.7086663658685
B07,10,SYTO,6774.283203125,330.33954550317736
B07,11,CONC,5774.38671875,177.1931230740215
B07,11,HOECHST,2354.52001953125,55.37004718888101
B07,11,MITO,68361.671875,3688.483957054067
B07,11,PHAandWGA,17211.98046875,764.5574129376555
B07,11,SYTO,6808.40625,320.2322099630846
B07,12,CONC,5847.484375,172.34927695602505
B07,12,HOECHST,2365.38818359375,53.38149227240293
B07,12,MITO,68295.90625,3577.9475124112028
B07,12,PHAandWGA,16959.3046875,743.4124457426618
B07,12,SYTO,6778.34130859375,308.9250798776004
B07,13,CONC,5889.14794921875,167.2694784721528
B07,13,HOECHST,2394.254150390625,51.3297533665522
B07,13,MITO,68774.2578125,3446.067893593873
B07,13,PHAandWGA,16972.6171875,720.1177817517794
B07,13,SYTO,6822.2255859375,297.626997530999
B07,14,CONC,5955.6982421875,161.74099518892677
B07,14,HOECHST,2415.220703125,49.403303402382534
B07,14,MITO,69173.765625,3296.0424885778857
B07,14,PHAandWGA,16920.25,695.1905493513252
B07,14,SYTO,6845.7568359375,286.0877912335028
B07,15,CONC,6026.9404296875,156.35430323886953
B07,15,HOECHST,2450.568359375,47.48957763308746
B07,15,MITO,70006.375,3171.544135605538
B07,15,PHAandWGA,16890.3828125,668.0099517785742
B07,15,SYTO,6931.8720703125,274.02656717615554
B08,0,CONC,8580.685546875,92.86121166071361
B08,0,HOECHST,4198.92578125,64.21925579851337
B08,0,MITO,96920.671875,1869.434651616057
B08,0,PHAandWGA,34751.6171875,673.9305549255823
B08,0,SYTO,19343.81640625,424.6384280151958
B08,1,CONC,9071.6171875,107.84472913516294
B08,1,HOECHST,4437.72607421875,75.79297037757266
B08,1,MITO,99193.859375,2046.4923579192118
B08,1,PHAandWGA,36383.0390625,751.9918355694932
B08,1,SYTO,21149.384765625,492.64915756966906
B08,2,CONC,9658.18359375,122.18544629113586
B08,2,HOECHST,4760.28515625,88.74445692686277
B08,2,MITO,103900.515625,2236.9594419357627
B08,2,PHAandWGA,38471.84375,840.615295813411
B08,2,SYTO,23109.34375,566.593559844976
B08,3,CONC,10165.8232421875,131.06766210215918
B08,3,HOECHST,5006.681640625,95.15635264107931
B08,3,MITO,108261.1328125,2315.297422134176
B08,3,PHAandWGA,40264.0546875,905.8872932838943
B08,3,SYTO,25164.6953125,613.2370372027192
B08,4,CONC,10643.61328125,134.05312947017495
B08,4,HOECHST,5275.9404296875,97.49565368539156
B08,4,MITO,113154.0390625,2330.038152548796
B08,4,PHAandWGA,42695.5390625,946.8229745291244
B08,4,SYTO,27024.86328125,633.971372073163
B08,5,CONC,11097.6220703125,134.88420595772195
B08,5,HOECHST,5497.6220703125,99.27796297276468
B08,5,MITO,117455.1328125,2324.11421693752
B08,5,PHAandWGA,45025.203125,967.7590087615803
B08,5,SYTO,29116.333984375,641.3345957527724
B08,6,CONC,11387.908203125,132.85015377522876
B08,6,HOECHST,5717.5400390625,98.25990212958887
B08,6,MITO,119888.6171875,2287.062886349
B08,6,PHAandWGA,46099.39453125,966.345990213749
B08,6,SYTO,30857.779296875,636.6212875267561
B08,7,CONC,11660.5546875,128.955495085536
B08,7,HOECHST,5939.880859375,96.12053965934203
B08,7,MITO,122978.046875,2223.829035853464
B08,7,PHAandWGA,47959.7109375,950.7313479544418
B08,7,SYTO,32936.69140625,616.3182268482001
B08,8,CONC,11932.193359375,123.98274734078119
B08,8,HOECHST,6097.09228515625,93.1358475974019
B08,8,MITO,124970.75,2153.872895311665
B08,8,PHAandWGA,49425.9453125,928.8132860405265
B08,8,SYTO,34191.51171875,590.1609900776205
B08,9,CONC,12045.296875,118.71973968788951
B08,9,HOECHST,6257.556640625,89.93464770878174
B08,9,MITO,126442.8828125,2075.825425626894
B08,9,PHAandWGA,50741.87109375,900.2888614726609
B08,9,SYTO,34679.859375,564.6081063836083
B08,10,CONC,12155.470703125,113.63569951118224
B08,10,HOECHST,6321.6484375,86.04900747243555
B08,10,MITO,129172.6328125,2006.2318612848421
B08,10,PHAandWGA,51877.3671875,873.1332342629672
B08,10,SYTO,35542.65625,540.3053712089214
B08,11,CONC,12280.8583984375,109.42147918616821
B08,11,HOECHST,6408.4951171875,82.2619421990579
B08,11,MITO,131464.5625,1944.8979420369792
B08,11,PHAandWGA,53320.3046875,845.8763656090139
B08,11,SYTO,36280.18359375,514.5808114108573
B08,12,CONC,12469.935546875,105.1490328788299
B08,12,HOECHST,6495.8740234375,78.87365841156739
B08,12,MITO,132805.671875,1881.228187376322
B08,12,PHAandWGA,53900.5703125,821.4836179312011
B08,12,SYTO,36961.1171875,492.49364592430453
B08,13,CONC,12635.1357421875,101.05654077839647
B08,13,HOECHST,6656.84130859375,75.42593904851827
B08,13,MITO,134275.40625,1806.753804641864
B08,13,PHAandWGA,54651.34765625,794.0134598016095
B08,13,SYTO,37050.484375,469.6488313728011
B08,14,CONC,12732.009765625,97.42013297785343
B08,14,HOECHST,6728.60498046875,72.59975597930661
B08,14,MITO,135958.34375,1738.1758486867689
B08,14,PHAandWGA,55385.4375,771.4011200582776
B08,14,SYTO,37387.69921875,449.79465594304753
B08,15,CONC,12892.455078125,93.9925855874025
B08,15,HOECHST,6801.720703125,69.83528258587687
B08,15,MITO,135562.484375,1662.0758460812308
B08,15,PHAandWGA,55931.40625,745.2934200424955
B08,15,SYTO,37501.1953125,431.07643517458234
B09,0,CONC,11925.18359375,150.11623623039682
B09,0,HOECHST,5708.45166015625,97.27828160001793
B09,0,MITO,114095.3828125,1920.5633070709832
B09,0,PHAandWGA,43096.203125,710.2212380420358
B09,0,SYTO,28532.37109375,548.5633135101729
B09,1,CONC,13825.392578125,221.01397021297106
B09,1,HOECHST,6379.9111328125,141.07161280533538
B09,1,MITO,123767.390625,2643.234512247903
B09,1,PHAandWGA,46146.1875,932.1543305359302
B09,1,SYTO,31647.52734375,771.9929561002335
B09,2,CONC,15792.388671875,274.3389638597821
B09,2,HOECHST,7083.76123046875,174.2577839144571
B09,2,MITO,131086.875,2806.8602655053496
B09,2,PHAandWGA,50709.87109375,1110.8977991700633
B09,2,SYTO,35417.5703125,925.9693865553702
B09,3,CONC,17068.12890625,285.5867044703897
B09,3,HOECHST,7751.00390625,185.73710691466616
B09,3,MITO,139721.75,2817.19352568277
B09,3,PHAandWGA,54194.13671875,1189.5572124290338
B09,3,SYTO,39191.23046875,983.4586355885565
B09,4,CONC,17752.33203125,280.22662775859743
B09,4,HOECHST,8313.6376953125,195.0252313149499
B09,4,MITO,145645.40625,2714.6673819676867
B09,4,PHAandWGA,57563.359375,1199.9971945694629
B09,4,SYTO,42719.140625,988.1937289481665
B09,5,CONC,18024.109375,255.79318933468218
B09,5,HOECHST,8595.38671875,180.0320892648224
B09,5,MITO,150479.09375,2483.6712758783897
B09,5,PHAandWGA,60678.9765625,1150.5044555742652
B09,5,SYTO,44786.046875,927.1688964401045
B09,6,CONC,18359.478515625,235.26805308420833
B09,6,HOECHST,8843.05078125,163.7362402202289
B09,6,MITO,155615.28125,2283.138857352985
B09,6,PHAandWGA,63521.875,1082.1494392987208
B09,6,SYTO,46682.5,844.3358335908321
B09,7,CONC,18533.171875,211.4982509279769
B09,7,HOECHST,9020.521484375,147.00667746328463
B09,7,MITO,157989.765625,2087.542158228116
B09,7,PHAandWGA,65883.890625,991.1099903104551
B09,7,SYTO,48722.703125,759.1263937497016
B09,8,CONC,18509.5,187.3566599592729
B09,8,HOECHST,9081.740234375,128.3389002248811
B09,8,MITO,161775.40625,1910.3318479297548
B09,8,PHAandWGA,67115.140625,896.2566511580407
B09,8,SYTO,50110.8515625,673.0414528471465
B09,9,CONC,18380.4140625,164.2803907418959
B09,9,HOECHST,9073.095703125,112.29213179071701
B09,9,MITO,163362.0625,1718.0036778808396
B09,9,PHAandWGA,68464.796875,817.6077584489138
B09,9,SYTO,51277.4375,601.3140754172965
B09,10,CONC,18147.474609375,147.7246971193406
B09,10,HOECHST,9103.1904296875,103.6659885220724
B09,10,MITO,163054.40625,1597.7524113233794
B09,10,PHAandWGA,68675.734375,752.7925805677372
B09,10,SYTO,50661.078125,543.8955076417171
B09,11,CONC,17873.71484375,133.30908890735682
B09,11,HOECHST,9037.630859375,93.59208738923678
B09,11,MITO,162431.75,1498.9943760239566
B09,11,PHAandWGA,68454.578125,692.3418933640322
B09,11,SYTO,51159.125,496.2723465618771
B09,12,CONC,17746.802734375,122.03039162960307
B09,12,HOECHST,8962.705078125,86.5244054168429
B09,12,MITO,159998.28125,1418.7756287672619
B09,12,PHAandWGA,69347.125,653.0346488587384
B09,12,SYTO,51074.41796875,460.0208989229358
B09,13,CONC,17413.943359375,113.05616031167153
B09,13,HOECHST,8920.658203125,81.51029181502119
B09,13,MITO,160746.125,1381.518988420388
B09,13,PHAandWGA,67878.359375,619.4123616413463
B09,13,SYTO,50263.7890625,434.1388907888189
B09,14,CONC,17274.708984375,108.28349920066547
B09,14,HOECHST,8892.4296875,78.76493774350652
B09,14,MITO,159367.5625,1352.7148997394852
B09,14,PHAandWGA,68548.296875,603.8244357686481
B09,14,SYTO,49814.4921875,418.4987269241714
B09,15,CONC,17189.14453125,104.12102863630332
B09,15,HOECHST,8878.69140625,76.3337266059925
B09,15,MITO,156811.546875,1326.112810585009
B09,15,PHAandWGA,68437.828125,586.7050815670176
B09,15,SYTO,49495.9296875,404.91284572867784
B10,0,CONC,3754.9775390625,107.48536625382467
B10,0,HOECHST,2155.81787109375,59.83212022044074
B10,0,MITO,54127.9296875,3275.005172474224
B10,0,PHAandWGA,14895.5390625,882.7237062651001
B10,0,SYTO,7405.1748046875,465.9156846112414
B10,1,CONC,4293.62939453125,178.20726227480333
B10,1,HOECHST,2423.9248046875,97.18788733097266
B10,1,MITO,57883.16796875,4304.88314170372
B10,1,PHAandWGA,16714.66796875,1227.6703502726848
B10,1,SYTO,9798.79296875,751.8664753432198
B10,2,CONC,4708.84130859375,214.67067627569898
B10,2,HOECHST,2699.88232421875,130.20736367721622
B10,2,MITO,62676.25390625,4858.9385950730675
B10,2,PHAandWGA,18396.109375,1427.9821803738957
B10,2,SYTO,11478.736328125,930.4652498153281
B10,3,CONC,4938.9365234375,217.41044071853017
B10,3,HOECHST,2856.44921875,135.5098422025132
B10,3,MITO,64793.5625,4949.638166417203
B10,3,PHAandWGA,19651.18359375,1498.240056093709
B10,3,SYTO,12876.234375,961.9525264412872
B10,4,CONC,5013.138671875,208.25335140935897
B10,4,HOECHST,2941.9921875,131.98523229348015
B10,4,MITO,66638.0234375,4968.7729639772815
B10,4,PHAandWGA,21038.00390625,1508.4717049599863
B10,4,SYTO,13463.66015625,928.8761509849563
B10,5,CONC,5088.919921875,198.5224828128819
B10,5,HOECHST,2955.169921875,124.6044409624499
B10,5,MITO,67417.609375,4926.532680784223
B10,5,PHAandWGA,21863.630859375,1484.2650736232195
B10,5,SYTO,13549.8779296875,873.4541068066417
B10,6,CONC,5107.47998046875,190.20039777209183
B10,6,HOECHST,3004.94287109375,119.0746942945192
B10,6,MITO,68340.21875,4869.218809409722
B10,6,PHAandWGA,22487.20703125,1452.2954501323059
B10,6,SYTO,13665.6923828125,820.4570133125137
B10,7,CONC,5124.95947265625,180.6602059472412
B10,7,HOECHST,3034.29296875,113.08777734708536
B10,7,MITO,69393.140625,4810.650647782016
B10,7,PHAandWGA,22904.458984375,1403.7017838905726
B10,7,SYTO,13233.267578125,765.4526911116294
B10,8,CONC,5109.001953125,171.37070257554424
B10,8,HOECHST,3053.219482421875,107.32289366513923
B10,8,MITO,70271.4375,4760.233421809934
B10,8,PHAandWGA,23242.009765625,1355.9829628825873
B10,8,SYTO,12644.033203125,716.6464114234337
B10,9,CONC,5114.2998046875,163.20647073020683
B10,9,HOECHST,3051.3212890625,102.18164713261238
B10,9,MITO,70767.890625,4653.1513767112465
B10,9,PHAandWGA,23120.470703125,1303.9258339406783
B10,9,SYTO,11929.8095703125,670.7303236491821
B10,10,CONC,5092.435546875,154.8883882321381
B10,10,HOECHST,3050.45361328125,97.13606947636521
B10,10,MITO,71500.984375,4505.855946653853
B10,10,PHAandWGA,23420.63671875,1253.0001099689564
B10,10,SYTO,11462.609375,627.9551468584042
B10,11,CONC,5146.7626953125,147.74906991992736
B10,11,HOECHST,3094.90771484375,93.05410493971397
B10,11,MITO,71818.84375,4344.08599244918
B10,11,PHAandWGA,23390.1484375,1193.4214539304437
B10,11,SYTO,11148.3076171875,592.0558235792112
B10,12,CONC,5186.8896484375,140.90533727820355
B10,12,HOECHST,3119.32421875,88.44976863781362
B10,12,MITO,73145.53125,4193.29743153347
B10,12,PHAandWGA,23545.73828125,1145.9476552771723
B10,12,SYTO,11005.7529296875,558.2347821225133
B10,13,CONC,5214.56640625,134.12312942124723
B10,13,HOECHST,3167.0654296875,84.27261704720937
B10,13,MITO,73493.0546875,4019.9873760570895
B10,13,PHAandWGA,23567.83984375,1089.874475319674
B10,13,SYTO,10903.837890625,523.8876296845059
B10,14,CONC,5284.21240234375,127.79582402298351
B10,14,HOECHST,3192.89892578125,79.80368995438478
B10,14,MITO,74222.890625,3842.163991150625
B10,14,PHAandWGA,23378.185546875,1035.879240619516
B10,14,SYTO,10932.67578125,491.6012197236926
B10,15,CONC,5354.5458984375,121.20918148677663
B10,15,HOECHST,3239.09716796875,75.55622131007267
B10,15,MITO,75273.984375,3624.20986241596
B10,15,PHAandWGA,23597.39453125,976.0881373162982
B10,15,SYTO,10886.80078125,457.90633426893993
B11,0,CONC,3307.142578125,137.21790878872022
B11,0,HOECHST,2223.0,95.25016576888935
B11,0,MITO,60279.3203125,4455.280036048526
B11,0,PHAandWGA,15307.328125,1221.4345853016168
B11,0,SYTO,8336.6591796875,713.3921827946641
B11,1,CONC,4111.1005859375,241.48821124858242
B11,1,HOECHST,2792.871826171875,187.17690638610708
B11,1,MITO,66247.3984375,6191.182055760617
B11,1,PHAandWGA,18303.216796875,1787.3580588153666
B11,1,SYTO,11558.02734375,1189.651786931169
B11,2,CONC,4801.3212890625,302.9632750343146
B11,2,HOECHST,3180.21826171875,230.3881129164347
B11,2,MITO,75466.8125,7301.28559740396
B11,2,PHAandWGA,21316.837890625,2089.1094514919487
B11,2,SYTO,14185.43359375,1402.0339452501348
B11,3,CONC,5175.091796875,313.1558246815684
B11,3,HOECHST,3613.757568359375,262.6299960109271
B11,3,MITO,79888.1328125,7668.935025241149
B11,3,PHAandWGA,23654.984375,2172.290940891575
B11,3,SYTO,16435.0859375,1449.6865796213854
B11,4,CONC,5406.5029296875,306.6778797254345
B11,4,HOECHST,3875.8037109375,269.70669018219667
B11,4,MITO,86058.828125,7874.295354399184
B11,4,PHAandWGA,25563.20703125,2203.742072671574
B11,4,SYTO,17970.537109375,1415.5584656137223
B11,5,CONC,5486.17919921875,293.6932797811541
B11,5,HOECHST,4032.2880859375,261.70688756940274
B11,5,MITO,89993.828125,7872.2429767629465
B11,5,PHAandWGA,27602.697265625,2156.6638504579178
B11,5,SYTO,19505.353515625,1340.476180876463
B11,6,CONC,5445.70703125,271.2927126646639
B11,6,HOECHST,3973.10693359375,235.46031447769624
B11,6,MITO,92159.5546875,7701.737018535597
B11,6,PHAandWGA,28407.51953125,2082.87145421726
B11,6,SYTO,20158.15625,1227.576007722449
B11,7,CONC,5331.890625,250.07829890155244
B11,7,HOECHST,3847.48486328125,213.8137112389703
B11,7,MITO,95472.265625,7658.2721621475675
B11,7,PHAandWGA,28544.578125,2012.0140534154802
B11,7,SYTO,19361.97265625,1123.96968491149
B11,8,CONC,5148.6513671875,227.74823159254075
B11,8,HOECHST,3746.1357421875,191.77129859217203
B11,8,MITO,95274.671875,7554.216890393948
B11,8,PHAandWGA,28433.74609375,1912.5679803831554
B11,8,SYTO,17963.8515625,1016.7032850251072
B11,9,CONC,4906.119140625,203.68348110078597
B11,9,HOECHST,3619.667724609375,169.27264985974338
B11,9,MITO,93681.6328125,7223.088477213115
B11,9,PHAandWGA,27980.00390625,1796.7839505783506
B11,9,SYTO,15779.75,906.0958839095108
B11,10,CONC,4784.646484375,183.77057545885341
B11,10,HOECHST,3500.97998046875,148.726805026537
B11,10,MITO,91765.171875,6881.943663965236
B11,10,PHAandWGA,27480.18359375,1673.9854142634836
B11,10,SYTO,13993.1953125,809.4333978386817
B11,11,CONC,4638.4970703125,166.2580225732115
B11,11,HOECHST,3381.806396484375,132.31049424528794
B11,11,MITO,91426.4609375,6565.854048370129
B11,11,PHAandWGA,26980.294921875,1568.59846574903
B11,11,SYTO,12514.74609375,727.0563688502704
B11,12,CONC,4532.79833984375,150.58164296277116
B11,12,HOECHST,3313.456298828125,119.8387958754739
B11,12,MITO,90122.4921875,6255.627518612991
B11,12,PHAandWGA,26287.9140625,1457.9487164724774
B11,12,SYTO,11430.623046875,659.2645198565302
B11,13,CONC,4487.9091796875,137.31434668613932
B11,13,HOECHST,3261.25,108.89385240507114
B11,13,MITO,87429.484375,5852.3176038656675
B11,13,PHAandWGA,25042.6640625,1351.3213937162786
B11,13,SYTO,10856.783203125,600.6931737177352
B11,14,CONC,4439.2705078125,125.92525781484873
B11,14,HOECHST,3241.4228515625,99.79167836669613
B11,14,MITO,86045.4921875,5477.637044492138
B11,14,PHAandWGA,24504.41015625,1246.7849596895355
B11,14,SYTO,10576.791015625,549.4762034394114
B11,15,CONC,4423.78271484375,116.22697853512247
B11,15,HOECHST,3265.768798828125,91.29794646725361
B11,15,MITO,84070.421875,5076.062760187482
B11,15,PHAandWGA,23497.63671875,1140.3980701479497
B11,15,SYTO,10406.1328125,500.7653415170434
B12,0,CONC,12878.2333984375,144.0881086525452
B12,0,HOECHST,6899.8330078125,105.53529380326636
B12,0,MITO,121322.8515625,1620.1721959763897
B12,0,PHAandWGA,49265.37109375,705.802757678056
B12,0,SYTO,34568.1953125,593.0090533565607
B12,1,CONC,15033.1953125,220.29441979929047
B12,1,HOECHST,7698.869140625,150.8025485155294
B12,1,MITO,130875.6875,2103.9007466284675
B12,1,PHAandWGA,53429.29296875,920.3437807388239
B12,1,SYTO,38020.8671875,818.5740478666935
B12,2,CONC,17525.912109375,280.1043028327962
B12,2,HOECHST,8725.044921875,198.76998172203932
B12,2,MITO,142284.90625,2467.8319465693517
B12,2,PHAandWGA,57822.6484375,1092.7487731506703
B12,2,SYTO,42510.65625,1013.4954309307165
B12,3,CONC,18932.076171875,283.3706401834602
B12,3,HOECHST,9497.451171875,211.84133912237635
B12,3,MITO,148096.578125,2502.900707696617
B12,3,PHAandWGA,62652.40625,1164.532450548493
B12,3,SYTO,46478.609375,1070.778231713867
B12,4,CONC,19326.89453125,266.5459325845033
B12,4,HOECHST,10029.568359375,210.2969401741946
B12,4,MITO,154262.96875,2447.592506767759
B12,4,PHAandWGA,65037.625,1165.158185558535
B12,4,SYTO,48871.25,1051.7724706855852
B12,5,CONC,19401.013671875,244.00588391445436
B12,5,HOECHST,10238.2177734375,194.68667961163135
B12,5,MITO,156517.75,2308.5187203150385
B12,5,PHAandWGA,67601.671875,1137.9770842474081
B12,5,SYTO,51279.25390625,997.2082611072037
B12,6,CONC,19395.7578125,218.51656019341843
B12,6,HOECHST,10404.7265625,174.3764622878315
B12,6,MITO,161493.46875,2159.8535454587636
B12,6,PHAandWGA,69188.546875,1080.2416280715142
B12,6,SYTO,53155.265625,912.122473161546
B12,7,CONC,19515.4921875,190.731516740406
B12,7,HOECHST,10627.03515625,156.1445041282331
B12,7,MITO,164225.96875,1994.01348621235
B12,7,PHAandWGA,71586.5234375,1003.3422327382264
B12,7,SYTO,54276.5,818.9623667972568
B12,8,CONC,19501.09375,168.31824041740848
B12,8,HOECHST,10678.6669921875,138.29434325106845
B12,8,MITO,165821.359375,1824.3052320319555
B12,8,PHAandWGA,73720.28125,926.104059494745
B12,8,SYTO,55314.2109375,729.2564722108341
B12,9,CONC,19585.8203125,150.41849724499326
B12,9,HOECHST,10723.3056640625,124.28191484964631
B12,9,MITO,168026.03125,1696.4104950475335
B12,9,PHAandWGA,74934.53125,858.063059508923
B12,9,SYTO,57193.5625,658.3547117932003
B12,10,CONC,19784.521484375,134.84962602111725
B12,10,HOECHST,10814.75,112.68386983588212
B12,10,MITO,171763.34375,1584.443433297356
B12,10,PHAandWGA,75870.0546875,789.0586809127179
B12,10,SYTO,58036.625,588.5114809744799
B12,11,CONC,19763.88671875,121.0295469855142
B12,11,HOECHST,10938.7060546875,102.46542923467943
B12,11,MITO,172797.9375,1464.928959593483
B12,11,PHAandWGA,77118.0703125,726.464372761629
B12,11,SYTO,58084.703125,532.118065001553
B12,12,CONC,19774.8671875,110.65017487862555
B12,12,HOECHST,10964.84375,94.31783684962086
B12,12,MITO,173341.125,1370.1894806194018
B12,12,PHAandWGA,78181.390625,677.0207825879401
B12,12,SYTO,59634.88671875,487.9205139218234
B12,13,CONC,19861.19140625,102.72043002385938
B12,13,HOECHST,11024.826171875,87.63165202965872
B12,13,MITO,174164.09375,1292.7497710079526
B12,13,PHAandWGA,77867.703125,637.4724633347547
B12,13,SYTO,58923.0703125,451.67137299349713
B12,14,CONC,19889.49609375,96.11279384594884
B12,14,HOECHST,11101.3681640625,82.96211649407347
B12,14,MITO,176777.15625,1224.0852788384943
B12,14,PHAandWGA,78243.4296875,605.330674393695
B12,14,SYTO,60182.0859375,423.88212949132446
B12,15,CONC,20017.69921875,89.9469303818897
B12,15,HOECHST,11179.7685546875,78.47679645704295
B12,15,MITO,176842.265625,1146.7051914198107
B12,15,PHAandWGA,79867.84375,572.3048261899148
B12,15,SYTO,59143.8203125,396.0425017761283
B13,0,CONC,1584.088134765625,45.73670742996153
B13,0,HOECHST,1251.1204833984375,41.33916045196495
B13,0,MITO,24929.85546875,2970.749924141665
B13,0,PHAandWGA,4378.52490234375,402.8573054159393
B13,0,SYTO,2359.4677734375,191.0954642364471
B13,1,CONC,1650.11279296875,52.56815655625567
B13,1,HOECHST,1311.1593017578125,48.06969763572662
B13,1,MITO,25195.255859375,3196.1436799489343
B13,1,PHAandWGA,4655.9111328125,449.95193659960967
B13,1,SYTO,2487.21728515625,217.2335778346183
B13,2,CONC,1720.7518310546875,59.95860702813322
B13,2,HOECHST,1367.7054443359375,55.50448206056345
B13,2,MITO,26051.984375,3492.435407237858
B13,2,PHAandWGA,5033.67529296875,504.9879132353374
B13,2,SYTO,2643.0166015625,246.51617690716355
B13,3,CONC,1796.827880859375,66.55499892541908
B13,3,HOECHST,1426.498291015625,62.01636109371279
B13,3,MITO,26867.22265625,3727.155213819212
B13,3,PHAandWGA,5415.80615234375,552.950977455688
B13,3,SYTO,2795.474609375,270.7994813775186
B13,4,CONC,1862.2877197265625,71.53333048860289
B13,4,HOECHST,1481.3253173828125,66.69294107319028
B13,4,MITO,27651.296875,3891.420420343235
B13,4,PHAandWGA,5772.44140625,592.151698940317
B13,4,SYTO,2913.40869140625,288.6266727696293
B13,5,CONC,1917.53173828125,75.1215859909636
B13,5,HOECHST,1517.519775390625,69.81999949932063
B13,5,MITO,28824.7578125,4008.532464117136
B13,5,PHAandWGA,6013.5224609375,618.8647165409778
B13,5,SYTO,3028.617919921875,299.1274292152578
B13,6,CONC,1964.413818359375,77.43828233426265
B13,6,HOECHST,1551.722412109375,71.60809296014448
B13,6,MITO,29090.78515625,4067.3612565088574
B13,6,PHAandWGA,6177.0322265625,631.9409781946939
B13,6,SYTO,3082.38330078125,304.99517067514955
B13,7,CONC,2002.424072265625,78.97383497499128
B13,7,HOECHST,1585.831298828125,72.14429168363854
B13,7,MITO,29883.376953125,4108.874689416612
B13,7,PHAandWGA,6281.6611328125,635.972311824936
B13,7,SYTO,3167.810791015625,306.1552888699915
B13,8,CONC,2043.8231201171875,79.37752988402126
B13,8,HOECHST,1601.19921875,72.1602022718068
B13,8,MITO,29949.9453125,4078.4473293604815
B13,8,PHAandWGA,6274.9990234375,631.6185911051031
B13,8,SYTO,3207.960205078125,302.2638093039011
B13,9,CONC,2073.1728515625,79.00540131139043
B13,9,HOECHST,1619.71044921875,71.46597430720033
B13,9,MITO,30654.09765625,4019.1523718842686
B13,9,PHAandWGA,6361.8095703125,621.9358990324909
B13,9,SYTO,3228.2158203125,295.58804485184993
B13,10,CONC,2111.64208984375,77.7927121212291
B13,10,HOECHST,1639.365966796875,69.83648352062556
B13,10,MITO,31161.3203125,3961.0902484203175
B13,10,PHAandWGA,6331.29931640625,606.2153148636742
B13,10,SYTO,3258.2353515625,287.378472481508
B13,11,CONC,2139.12158203125,75.97582888019578
B13,11,HOECHST,1667.73876953125,67.72888970910203
B13,11,MITO,31280.638671875,3840.13257565449
B13,11,PHAandWGA,6322.5498046875,584.7560019730898
B13,11,SYTO,3304.3623046875,276.050184701598
B13,12,CONC,2172.89306640625,73.74781879352763
B13,12,HOECHST,1686.387939453125,65.19087401028955
B13,12,MITO,32140.958984375,3720.6121081015785
B13,12,PHAandWGA,6272.1728515625,561.0963404543448
B13,12,SYTO,3333.9453125,264.7717569354183
B13,13,CONC,2194.6455078125,71.1105983631251
B13,13,HOECHST,1711.5140380859375,62.17141974438125
B13,13,MITO,32442.005859375,3577.5387778280615
B13,13,PHAandWGA,6276.638671875,535.4945693466728
B13,13,SYTO,3377.96533203125,251.35170945597937
B13,14,CONC,2227.103515625,68.35967009581518
B13,14,HOECHST,1735.977783203125,59.34066882672514
B13,14,MITO,33113.4609375,3426.4918272464574
B13,14,PHAandWGA,6337.7900390625,508.1820534904061
B13,14,SYTO,3418.97314453125,238.3095275166381
B13,15,CONC,2262.012939453125,65.32814710473522
B13,15,HOECHST,1757.3388671875,56.270615267139
B13,15,MITO,33325.640625,3242.9457410724217
B13,15,PHAandWGA,6329.8798828125,477.8153885038001
B13,15,SYTO,3447.215087890625,224.22047379473722
B14,0,CONC,6061.56787109375,130.67577804622007
B14,0,HOECHST,1657.129638671875,35.17950008319824
B14,0,MITO,75508.515625,3885.4895110881794
B14,0,PHAandWGA,21278.94921875,991.2875784608748
B14,0,SYTO,7975.12890625,402.4875697698366
B14,1,CONC,6493.6201171875,157.24831133431707
B14,1,HOECHST,1763.62353515625,43.28163042941411
B14,1,MITO,77455.109375,4215.510862917153
B14,1,PHAandWGA,22569.46484375,1156.9870187405354
B14,1,SYTO,8976.427734375,487.4829364108532
B14,2,CONC,6928.5458984375,173.8545520853269
B14,2,HOECHST,1868.20068359375,49.56513788380315
B14,2,MITO,81426.0390625,4474.2592383931715
B14,2,PHAandWGA,24086.810546875,1271.6738009973055
B14,2,SYTO,9935.546875,542.290880980076
B14,3,CONC,7197.39501953125,178.895007039909
B14,3,HOECHST,1967.33984375,53.82669987790976
B14,3,MITO,83963.203125,4573.286555460661
B14,3,PHAandWGA,25940.97265625,1332.9917345473343
B14,3,SYTO,10563.591796875,564.5197697637606
B14,4,CONC,7398.615234375,178.21511865329634
B14,4,HOECHST,2066.695556640625,56.97571514066082
B14,4,MITO,86953.765625,4581.378389795122
B14,4,PHAandWGA,26919.015625,1349.6070290223104
B14,4,SYTO,10938.8349609375,570.7179251689948
B14,5,CONC,7586.02490234375,176.79972074044778
B14,5,HOECHST,2139.5126953125,58.11655089217251
B14,5,MITO,89571.3125,4593.99332244533
B14,5,PHAandWGA,28201.47265625,1352.4214072401285
B14,5,SYTO,11301.275390625,566.3921176042261
B14,6,CONC,7746.9072265625,173.65720664560706
B14,6,HOECHST,2196.607666015625,57.27008802771244
B14,6,MITO,91837.671875,4585.014516507405
B14,6,PHAandWGA,29369.27734375,1337.3935371765479
B14,6,SYTO,11559.271484375,555.8521713404338
B14,7,CONC,7843.888671875,167.9312262876351
B14,7,HOECHST,2225.662109375,55.229358488597235
B14,7,MITO,93963.921875,4506.914021048798
B14,7,PHAandWGA,30276.986328125,1313.4007575376975
B14,7,SYTO,11483.2880859375,535.7504050761645
B14,8,CONC,7829.46533203125,161.12484555191776
B14,8,HOECHST,2244.85302734375,53.466280719905185
B14,8,MITO,93519.375,4387.383298760972
B14,8,PHAandWGA,30829.32421875,1273.121191470945
B14,8,SYTO,11440.5302734375,512.7241568701661
B14,9,CONC,7873.6826171875,154.93395978595584
B14,9,HOECHST,2267.344482421875,52.047399335678534
B14,9,MITO,94792.953125,4293.506584184428
B14,9,PHAandWGA,31395.19140625,1235.9164156519769
B14,9,SYTO,11346.0068359375,492.69176154962986
B14,10,CONC,7925.0419921875,149.12507413708994
B14,10,HOECHST,2284.351318359375,50.89938490635644
B14,10,MITO,96051.40625,4195.036771321341
B14,10,PHAandWGA,32090.044921875,1200.3298341536456
B14,10,SYTO,11380.642578125,475.1856449936991
B14,11,CONC,7940.421875,142.80624306217996
B14,11,HOECHST,2294.87158203125,49.82410717049215
B14,11,MITO,96238.953125,4056.315379846743
B14,11,PHAandWGA,32157.376953125,1158.0377299442132
B14,11,SYTO,11320.69921875,456.52146514182607
B14,12,CONC,7963.7119140625,137.29541049309347
B14,12,HOECHST,2313.324462890625,48.770595176609916
B14,12,MITO,96451.0625,3935.492346460433
B14,12,PHAandWGA,32332.828125,1126.8077529241905
B14,12,SYTO,11327.8984375,439.25621628097014
B14,13,CONC,8042.1171875,132.52238720787554
B14,13,HOECHST,2330.24755859375,47.71133312320153
B14,13,MITO,97527.3125,3802.705232631881
B14,13,PHAandWGA,31970.25390625,1090.150994918187
B14,13,SYTO,11377.9853515625,423.4740880852809
B14,14,CONC,8082.2587890625,128.05668083307447
B14,14,HOECHST,2365.4609375,46.814867626640726
B14,14,MITO,98375.328125,3675.325376510311
B14,14,PHAandWGA,32361.080078125,1057.8246747964836
B14,14,SYTO,11426.0703125,407.8339908631529
B14,15,CONC,8221.982421875,123.62125203449767
B14,15,HOECHST,2397.5751953125,45.66463130651676
B14,15,MITO,99078.875,3515.5820002645705
B14,15,PHAandWGA,32201.00390625,1022.1582253204184
B14,15,SYTO,11516.109375,390.18006113243234
B15,0,CONC,4991.69091796875,85.64403937672549
B15,0,HOECHST,3026.245849609375,73.16290109043932
B15,0,MITO,71867.2578125,2483.826641539993
B15,0,PHAandWGA,22918.7109375,831.885694132766
B15,0,SYTO,10555.1630859375,438.0627216626477
B15,1,CONC,5492.51708984375,112.14777898327596
B15,1,HOECHST,3204.664794921875,90.50551218546197
B15,1,MITO,77184.1875,2913.559160992447
B15,1,PHAandWGA,24040.5,989.8240195543182
B15,1,SYTO,12559.2763671875,555.5640871187089
B15,2,CONC,6748.46875,212.80087856463555
B15,2,HOECHST,3747.136962890625,170.6865699137344
B15,2,MITO,85852.96875,4298.432169173887
B15,2,PHAandWGA,27082.65234375,1503.7528055223536
B15,2,SYTO,15577.6376953125,989.7805186267199
B15,3,CONC,7877.54443359375,297.29842741401075
B15,3,HOECHST,4461.10400390625,263.2505987319485
B15,3,MITO,93051.390625,5398.879708473086
B15,3,PHAandWGA,30751.53515625,1946.7406183216924
B15,3,SYTO,18644.068359375,1364.7828875506302
B15,4,CONC,8598.3828125,324.8070556220602
B15,4,HOECHST,4870.03076171875,292.1158473816863
B15,4,MITO,99803.21875,5884.570579603929
B15,4,PHAandWGA,33568.0,2142.5832244731478
B15,4,SYTO,20910.822265625,1472.6171088107637
B15,5,CONC,9044.267578125,328.34439209983316
B15,5,HOECHST,5211.43505859375,304.67550103455017
B15,5,MITO,104340.671875,6100.634146777896
B15,5,PHAandWGA,35921.76171875,2245.371576772255
B15,5,SYTO,23418.90625,1491.3000441671963
B15,6,CONC,9456.95703125,323.9688560929973
B15,6,HOECHST,5484.4736328125,302.20958679808865
B15,6,MITO,110483.5859375,6205.028652371563
B15,6,PHAandWGA,38165.80859375,2280.5710861516277
B15,6,SYTO,25207.6484375,1462.1970350505737
B15,7,CONC,9819.177734375,314.41890030734567
B15,7,HOECHST,5729.54736328125,291.77054163180367
B15,7,MITO,114740.7421875,6215.330621812376
B15,7,PHAandWGA,40884.02734375,2279.107079258397
B15,7,SYTO,27007.63671875,1406.244928813455
B15,8,CONC,9953.814453125,297.43523984318796
B15,8,HOECHST,5932.99609375,286.5391144578498
B15,8,MITO,117915.625,6124.2770910568015
B15,8,PHAandWGA,41890.453125,2205.197284273999
B15,8,SYTO,28302.306640625,1337.3078449277257
B15,9,CONC,9983.17578125,274.89358603115744
B15,9,HOECHST,5937.31103515625,262.66243576452473
B15,9,MITO,120845.0859375,5977.810800883502
B15,9,PHAandWGA,43255.1640625,2117.8869606780568
B15,9,SYTO,28972.265625,1236.866718404918
B15,10,CONC,9962.525390625,255.18736040612626
B15,10,HOECHST,5964.6083984375,241.40704892970183
B15,10,MITO,123258.9921875,5765.981157186697
B15,10,PHAandWGA,44794.703125,2016.3613810772624
B15,10,SYTO,29825.916015625,1140.464358937069
B15,11,CONC,9914.1064453125,232.56295211123197
B15,11,HOECHST,5950.28759765625,222.79742972014543
B15,11,MITO,126314.96875,5488.574893987751
B15,11,PHAandWGA,45169.8046875,1874.6340325815129
B15,11,SYTO,30108.19140625,1042.1858081890837
B15,12,CONC,9711.462890625,209.56737613262126
B15,12,HOECHST,5960.36865234375,207.53144010086643
B15,12,MITO,128261.65625,5240.6420808047005
B15,12,PHAandWGA,45232.15625,1751.8783122337475
B15,12,SYTO,29854.5546875,957.6273703653683
B15,13,CONC,9560.7099609375,194.35672924440487
B15,13,HOECHST,5862.8935546875,185.76812735062344
B15,13,MITO,128076.625,5048.441670636471
B15,13,PHAandWGA,44937.359375,1680.185337067843
B15,13,SYTO,29151.482421875,880.7608995773776
B15,14,CONC,9379.1708984375,181.5206599413584
B15,14,HOECHST,5841.60498046875,171.9402365411211
B15,14,MITO,128329.6015625,4879.148263301515
B15,14,PHAandWGA,44873.5078125,1609.6990587567818
B15,14,SYTO,28684.796875,818.8143899608694
B15,15,CONC,9253.7216796875,170.42389904583885
B15,15,HOECHST,5809.7646484375,161.75434414984235
B15,15,MITO,128253.0,4696.970371032456
B15,15,PHAandWGA,44335.40625,1534.2606348852833
B15,15,SYTO,27423.19140625,766.801920058815
B16,0,CONC,2582.176025390625,82.59425239535612
B16,0,HOECHST,1579.111083984375,50.14306631406554
B16,0,MITO,42936.93359375,3887.854578836784
B16,0,PHAandWGA,10092.125,761.0973405933172
B16,0,SYTO,4167.48779296875,314.9147883643821
B16,1,CONC,2995.2451171875,142.61740810846052
B16,1,HOECHST,1822.27294921875,97.00141591638078
B16,1,MITO,47405.8515625,5401.111310333207
B16,1,PHAandWGA,11323.28125,1139.4698568086203
B16,1,SYTO,5508.8427734375,553.4423560853943
B16,2,CONC,3447.505859375,197.68100910033493
B16,2,HOECHST,2182.06591796875,155.73868329421737
B16,2,MITO,52758.203125,6610.421447707667
B16,2,PHAandWGA,13606.36328125,1487.5566974521869
B16,2,SYTO,7469.6728515625,792.7376591733952
B16,3,CONC,3730.43798828125,223.4446586405356
B16,3,HOECHST,2417.0146484375,185.1392994129234
B16,3,MITO,56278.96875,7206.694862121927
B16,3,PHAandWGA,15323.0625,1697.1325660749087
B16,3,SYTO,9092.658203125,903.9459437829996
B16,4,CONC,3920.99072265625,228.3172702051914
B16,4,HOECHST,2543.8662109375,188.7170487388845
B16,4,MITO,58490.9140625,7430.808648297411
B16,4,PHAandWGA,16622.076171875,1813.0262800623475
B16,4,SYTO,9596.3798828125,910.9278505545885
B16,5,CONC,3996.3837890625,225.61988090432348
B16,5,HOECHST,2659.75927734375,188.17873849906948
B16,5,MITO,59751.328125,7418.817099250333
B16,5,PHAandWGA,17800.908203125,1867.0734906888008
B16,5,SYTO,9659.9052734375,889.9757877223426
B16,6,CONC,4050.951416015625,219.06750557126117
B16,6,HOECHST,2723.84521484375,185.03839657557924
B16,6,MITO,61284.625,7417.0605983869955
B16,6,PHAandWGA,18431.818359375,1849.5566725735594
B16,6,SYTO,9418.5634765625,858.6636271620561
B16,7,CONC,4005.681640625,208.75850897848704
B16,7,HOECHST,2718.92333984375,173.09558352600186
B16,7,MITO,62396.65234375,7374.915475368498
B16,7,PHAandWGA,18819.20703125,1794.79929906021
B16,7,SYTO,8684.6884765625,806.4564118525772
B16,8,CONC,3991.51416015625,197.58792179000122
B16,8,HOECHST,2646.23779296875,158.65614559774528
B16,8,MITO,62150.28125,7275.008059979911
B16,8,PHAandWGA,18846.08984375,1737.7386789109364
B16,8,SYTO,8121.5791015625,753.5537613056772
B16,9,CONC,3929.14013671875,187.34111454711305
B16,9,HOECHST,2645.80224609375,148.93636596908095
B16,9,MITO,63273.30859375,7155.007664234665
B16,9,PHAandWGA,18926.5078125,1678.5081893645697
B16,9,SYTO,7726.1650390625,707.0106611615387
B16,10,CONC,3888.29150390625,177.07299406062575
B16,10,HOECHST,2618.868896484375,138.84715321451705
B16,10,MITO,62778.9609375,7001.646102085646
B16,10,PHAandWGA,18596.333984375,1596.8715950344445
B16,10,SYTO,7408.82275390625,661.1040149065801
B16,11,CONC,3845.7734375,166.69728565575056
B16,11,HOECHST,2542.600341796875,127.51480250843188
B16,11,MITO,63133.640625,6832.120624580877
B16,11,PHAandWGA,18423.193359375,1523.6627384029655
B16,11,SYTO,7157.58349609375,613.7535568767099
B16,12,CONC,3807.624267578125,156.10830440056313
B16,12,HOECHST,2521.32470703125,116.91341407117417
B16,12,MITO,63214.93359375,6633.626915551813
B16,12,PHAandWGA,18199.42578125,1447.1358557674782
B16,12,SYTO,7008.3642578125,569.4952464923516
B16,13,CONC,3787.234130859375,145.700926123051
B16,13,HOECHST,2483.3525390625,107.54489155084316
B16,13,MITO,63001.125,6331.84594649459
B16,13,PHAandWGA,17760.228515625,1357.7014966312554
B16,13,SYTO,6901.90625,526.707161916742
B16,14,CONC,3788.8857421875,135.9196506773986
B16,14,HOECHST,2457.4443359375,99.00745217560682
B16,14,MITO,61958.16015625,6042.442968032642
B16,14,PHAandWGA,17220.06640625,1271.1619699057999
B16,14,SYTO,6768.703125,485.2578424454409
B16,15,CONC,3782.0439453125,127.16519321761622
B16,15,HOECHST,2464.614013671875,91.63278266469787
B16,15,MITO,62275.8046875,5692.0369115268095
B16,15,PHAandWGA,16830.8359375,1176.2177366745664
B16,15,SYTO,6759.81689453125,447.0910661805149
B17,0,CONC,1724.99853515625,53.12508648480024
B17,0,HOECHST,1371.97900390625,43.75227896978426
B17,0,MITO,29407.5078125,3193.6459822857146
B17,0,PHAandWGA,5078.6396484375,429.6189525393081
B17,0,SYTO,2759.24365234375,205.1862719614458
B17,1,CONC,1836.3419189453125,67.85516832121789
B17,1,HOECHST,1460.1505126953125,56.672467948668185
B17,1,MITO,29986.98828125,3698.012742926449
B17,1,PHAandWGA,5786.69921875,531.1496076244712
B17,1,SYTO,2974.934814453125,257.9577890428124
B17,2,CONC,1998.69775390625,89.2243190144869
B17,2,HOECHST,1590.2841796875,78.04037975340866
B17,2,MITO,32412.43359375,4429.9772754217265
B17,2,PHAandWGA,6736.4013671875,685.0643036118431
B17,2,SYTO,3295.109375,339.0577323027485
B17,3,CONC,2157.66943359375,108.81955011766823
B17,3,HOECHST,1738.745849609375,98.25444862932781
B17,3,MITO,34544.11328125,4977.480194005931
B17,3,PHAandWGA,7655.4384765625,822.6782071843791
B17,3,SYTO,3683.79931640625,412.44649889292646
B17,4,CONC,2276.01513671875,121.88161120012157
B17,4,HOECHST,1854.8193359375,110.36579982002463
B17,4,MITO,36245.6953125,5312.649863900928
B17,4,PHAandWGA,8490.2021484375,922.6131061442013
B17,4,SYTO,3993.73291015625,458.3552074617968
B17,5,CONC,2383.8759765625,130.91148777531808
B17,5,HOECHST,1942.084228515625,118.6721491318951
B17,5,MITO,37903.5234375,5530.933502622379
B17,5,PHAandWGA,9092.22265625,987.125453346844
B17,5,SYTO,4232.6630859375,487.84753086148373
B17,6,CONC,2468.263671875,135.8061240287838
B17,6,HOECHST,2022.013427734375,122.55800069963654
B17,6,MITO,39066.0703125,5658.810774152316
B17,6,PHAandWGA,9696.76171875,1022.0399142235246
B17,6,SYTO,4378.3349609375,499.9642065356595
B17,7,CONC,2521.09619140625,136.63589090181833
B17,7,HOECHST,2038.370849609375,120.63241818997405
B17,7,MITO,39744.921875,5691.0166662361435
B17,7,PHAandWGA,9897.9677734375,1027.7325551867605
B17,7,SYTO,4471.06689453125,497.90278920502146
B17,8,CONC,2539.007568359375,135.0948632672498
B17,8,HOECHST,2033.2706298828125,115.9425440550565
B17,8,MITO,39907.484375,5682.381089528922
B17,8,PHAandWGA,10162.2841796875,1025.1147999995958
B17,8,SYTO,4496.931640625,484.70222957735257
B17,9,CONC,2550.27685546875,131.3178867826437
B17,9,HOECHST,2031.010986328125,110.14185980168442
B17,9,MITO,40531.9140625,5585.448179800066
B17,9,PHAandWGA,10111.8720703125,997.6500538343529
B17,9,SYTO,4461.3427734375,465.35592772942334
B17,10,CONC,2543.40771484375,126.42585577387857
B17,10,HOECHST,2006.526123046875,103.42319957381955
B17,10,MITO,40306.37109375,5463.128106440672
B17,10,PHAandWGA,10058.87890625,960.5228586379376
B17,10,SYTO,4398.7158203125,441.4334308782324
B17,11,CONC,2548.8095703125,120.95622874251049
B17,11,HOECHST,2015.5169677734375,97.70832199427312
B17,11,MITO,40579.06640625,5252.001220315919
B17,11,PHAandWGA,9810.1640625,910.7592377703778
B17,11,SYTO,4371.5498046875,417.55920264661023
B17,12,CONC,2565.4892578125,115.5842225795081
B17,12,HOECHST,2001.5220947265625,91.91534516488976
B17,12,MITO,41000.6015625,5040.3042137143375
B17,12,PHAandWGA,9614.7109375,859.4115950765253
B17,12,SYTO,4328.0458984375,391.07875327705545
B17,13,CONC,2574.881591796875,109.63863307283319
B17,13,HOECHST,2025.5010986328125,86.2641864183589
B17,13,MITO,41052.5546875,4793.840417533881
B17,13,PHAandWGA,9429.93359375,804.7639410638415
B17,13,SYTO,4348.0341796875,366.5160120550471
B17,14,CONC,2590.862060546875,104.15550697195464
B17,14,HOECHST,2025.27001953125,80.7505314372672
B17,14,MITO,41221.953125,4519.532157888338
B17,14,PHAandWGA,9290.24609375,751.0178335198163
B17,14,SYTO,4329.283203125,341.283802689837
B17,15,CONC,2616.03857421875,98.32024052890344
B17,15,HOECHST,2056.2412109375,75.30740910146667
B17,15,MITO,41381.265625,4207.143380204875
B17,15,PHAandWGA,9005.5693359375,690.4986898559044
B17,15,SYTO,4347.005859375,315.6382952889384
B18,0,CONC,2831.189453125,81.16515407707095
B18,0,HOECHST,1775.85791015625,46.713578430679014
B18,0,MITO,43590.94140625,2856.279633626376
B18,0,PHAandWGA,10074.1748046875,583.2754929061394
B18,0,SYTO,4750.21923828125,282.36528157618443
B18,1,CONC,3006.23828125,103.0028509137982
B18,1,HOECHST,1901.043701171875,60.236812822315365
B18,1,MITO,45358.265625,3330.2591198884884
B18,1,PHAandWGA,10930.986328125,719.7237552411518
B18,1,SYTO,5135.1591796875,356.2195801221098
B18,2,CONC,3240.0673828125,129.25345619682798
B18,2,HOECHST,2037.2042236328125,78.4823590060608
B18,2,MITO,48269.70703125,3878.3094822965822
B18,2,PHAandWGA,12040.091796875,872.3991234410826
B18,2,SYTO,5733.8203125,445.38963438672664
B18,3,CONC,3475.6435546875,149.13208388865115
B18,3,HOECHST,2190.216796875,93.89707290305962
B18,3,MITO,50406.8125,4234.159045515774
B18,3,PHAandWGA,13363.2470703125,989.3863287970712
B18,3,SYTO,6281.66845703125,513.9784963485619
B18,4,CONC,3615.429443359375,161.35480394340436
B18,4,HOECHST,2299.57763671875,103.19064595354281
B18,4,MITO,52747.54296875,4463.8546884356665
B18,4,PHAandWGA,14257.75,1072.3611201395995
B18,4,SYTO,6715.5703125,553.381404254581
B18,5,CONC,3806.07666015625,169.2212240619568
B18,5,HOECHST,2399.586181640625,108.09723680213145
B18,5,MITO,53934.86328125,4584.023610229204
B18,5,PHAandWGA,15329.904296875,1122.1089468032958
B18,5,SYTO,7043.11572265625,569.4107884055192
B18,6,CONC,3904.03759765625,172.85634127005648
B18,6,HOECHST,2483.91796875,109.64474791218166
B18,6,MITO,55829.140625,4689.506498310926
B18,6,PHAandWGA,15857.849609375,1157.105868280936
B18,6,SYTO,7298.54541015625,575.7776754487687
B18,7,CONC,4008.294677734375,173.97663632092383
B18,7,HOECHST,2577.609375,110.90688346028925
B18,7,MITO,57181.5078125,4756.525086765017
B18,7,PHAandWGA,16561.177734375,1171.2015494838402
B18,7,SYTO,7456.2109375,575.9929757962464
B18,8,CONC,4046.91552734375,173.81678139204092
B18,8,HOECHST,2632.09619140625,110.98295323670311
B18,8,MITO,58453.9296875,4788.154741937823
B18,8,PHAandWGA,17196.3046875,1187.01864091949
B18,8,SYTO,7541.91748046875,572.1099763091383
B18,9,CONC,4150.1181640625,172.05817355313252
B18,9,HOECHST,2662.18798828125,110.21821948446248
B18,9,MITO,59631.7109375,4790.319011891925
B18,9,PHAandWGA,17387.6640625,1181.597261960101
B18,9,SYTO,7654.0341796875,559.1734710921628
B18,10,CONC,4198.3212890625,169.5313708782312
B18,10,HOECHST,2698.25732421875,108.44286596831647
B18,10,MITO,60427.671875,4760.102244615828
B18,10,PHAandWGA,17515.994140625,1173.3932037705079
B18,10,SYTO,7701.7080078125,544.5810296998193
B18,11,CONC,4233.3876953125,165.62228898467833
B18,11,HOECHST,2724.5009765625,106.0213565821358
B18,11,MITO,61461.05859375,4705.016972680942
B18,11,PHAandWGA,17587.533203125,1142.3728048490227
B18,11,SYTO,7680.46923828125,525.2705680471635
B18,12,CONC,4251.611328125,161.4681759533261
B18,12,HOECHST,2762.646484375,102.44684991724121
B18,12,MITO,62660.33203125,4641.034406564847
B18,12,PHAandWGA,17442.79296875,1100.2540656629185
B18,12,SYTO,7673.32763671875,504.4509411458374
B18,13,CONC,4304.77197265625,156.26667590961313
B18,13,HOECHST,2789.01123046875,98.25033081566832
B18,13,MITO,62833.453125,4534.5085971369945
B18,13,PHAandWGA,17672.732421875,1072.227428633972
B18,13,SYTO,7752.28955078125,482.49484297838103
B18,14,CONC,4361.68017578125,150.71734550740703
B18,14,HOECHST,2810.924072265625,94.28559508876732
B18,14,MITO,63785.859375,4406.334673724371
B18,14,PHAandWGA,17600.76171875,1028.0502788927313
B18,14,SYTO,7769.6435546875,459.0195183591416
B18,15,CONC,4409.47265625,144.6936953684934
B18,15,HOECHST,2865.20068359375,90.11233416532275
B18,15,MITO,64747.55078125,4251.481176387029
B18,15,PHAandWGA,17823.943359375,978.0433106280515
B18,15,SYTO,7814.62109375,435.8490570262817
B19,0,CONC,5120.29736328125,89.04361324264646
B19,0,HOECHST,3593.92919921875,84.9880947186621
B19,0,MITO,73866.84375,2210.191742762296
B19,0,PHAandWGA,25824.24609375,865.8401437692148
B19,0,SYTO,14011.595703125,506.6536681326069
B19,1,CONC,5547.7294921875,117.53736610955205
B19,1,HOECHST,3834.633056640625,106.49904920607662
B19,1,MITO,76109.4140625,2612.901026000556
B19,1,PHAandWGA,27103.091796875,1013.8217924782501
B19,1,SYTO,15690.939453125,639.8838841397175
B19,2,CONC,6326.5498046875,181.53496414531676
B19,2,HOECHST,4288.25439453125,160.22589647769536
B19,2,MITO,82780.6796875,3326.925617057926
B19,2,PHAandWGA,29275.16015625,1312.43879421866
B19,2,SYTO,18429.19921875,925.7052572702563
B19,3,CONC,7250.08251953125,241.8430214340276
B19,3,HOECHST,4863.41943359375,213.31565972628673
B19,3,MITO,89933.3671875,3946.393298304623
B19,3,PHAandWGA,32507.28515625,1616.3120718787607
B19,3,SYTO,21624.80859375,1184.4540073285298
B19,4,CONC,7823.5537109375,257.0734344996949
B19,4,HOECHST,5307.98779296875,236.88067971307717
B19,4,MITO,94931.5625,4192.098439938535
B19,4,PHAandWGA,34893.40625,1784.5135092770197
B19,4,SYTO,23986.9453125,1279.9234124083107
B19,5,CONC,8160.66943359375,250.45230029460342
B19,5,HOECHST,5657.4501953125,242.69696060198413
B19,5,MITO,98505.609375,4267.569946849864
B19,5,PHAandWGA,37993.2578125,1853.8958138049743
B19,5,SYTO,26158.357421875,1284.7459358271108
B19,6,CONC,8458.3466796875,241.50747212362725
B19,6,HOECHST,5853.1435546875,238.7620977839782
B19,6,MITO,102276.671875,4294.282070287346
B19,6,PHAandWGA,40197.7578125,1865.5866161323258
B19,6,SYTO,27603.3046875,1245.8851891530376
B19,7,CONC,8611.580078125,230.44396137000285
B19,7,HOECHST,6044.13525390625,230.19080031660832
B19,7,MITO,105337.96875,4276.590058696406
B19,7,PHAandWGA,42348.42578125,1833.6453638388016
B19,7,SYTO,29429.5546875,1189.6498440949554
B19,8,CONC,8757.9794921875,218.3580389109292
B19,8,HOECHST,6227.46044921875,220.80719866023932
B19,8,MITO,108648.1171875,4219.069138878938
B19,8,PHAandWGA,43802.734375,1787.7538934514498
B19,8,SYTO,30995.76171875,1124.646605768369
B19,9,CONC,8817.5078125,206.57805266717807
B19,9,HOECHST,6330.7490234375,210.74544833364467
B19,9,MITO,111091.03125,4109.873745897868
B19,9,PHAandWGA,44418.28125,1729.6257527272078
B19,9,SYTO,31662.41796875,1060.5621052660888
B19,10,CONC,8827.1884765625,195.73729205705482
B19,10,HOECHST,6441.95654296875,201.28129997261038
B19,10,MITO,113335.578125,4025.222796452808
B19,10,PHAandWGA,45280.16015625,1675.0795303945158
B19,10,SYTO,31901.12890625,1000.2562587353151
B19,11,CONC,8848.5390625,186.12102824804123
B19,11,HOECHST,6462.60009765625,192.31087044529104
B19,11,MITO,114248.5703125,3960.69750072654
B19,11,PHAandWGA,45825.703125,1625.9353711701156
B19,11,SYTO,31621.3203125,949.1573610081391
B19,12,CONC,8814.568359375,178.1117190363322
B19,12,HOECHST,6482.28759765625,184.9747265742715
B19,12,MITO,116350.15625,3886.2127157331483
B19,12,PHAandWGA,47055.28125,1583.5009897342077
B19,12,SYTO,31900.48828125,902.8000852469692
B19,13,CONC,8786.1650390625,171.0269501192626
B19,13,HOECHST,6486.6552734375,178.0193609787306
B19,13,MITO,117826.96875,3833.3031774297197
B19,13,PHAandWGA,47008.59375,1549.5703893189518
B19,13,SYTO,31925.08984375,867.0960044538218
B19,14,CONC,8752.09765625,164.03882088096037
B19,14,HOECHST,6516.13623046875,171.17034468417407
B19,14,MITO,118149.578125,3761.579951696868
B19,14,PHAandWGA,46373.9921875,1515.1596249387037
B19,14,SYTO,31190.11328125,827.6640226538577
B19,15,CONC,8712.37890625,156.90937510521934
B19,15,HOECHST,6516.35595703125,163.310377649666
B19,15,MITO,117760.203125,3673.6979236063867
B19,15,PHAandWGA,46110.3828125,1477.2135539515366
B19,15,SYTO,30798.75,788.2805829240414
B20,0,CONC,3178.7275390625,90.03230692822112
B20,0,HOECHST,1698.380859375,48.10292528632185
B20,0,MITO,44415.484375,3322.4068971287143
B20,0,PHAandWGA,12978.521484375,831.782182180739
B20,0,SYTO,5130.60986328125,339.1175184716301
B20,1,CONC,3317.934326171875,104.85786993890093
B20,1,HOECHST,1795.72119140625,56.58802420274857
B20,1,MITO,45313.29296875,3612.6406955207804
B20,1,PHAandWGA,13539.787109375,940.5837983590002
B20,1,SYTO,5499.646484375,392.2684329673945
B20,2,CONC,3486.3447265625,120.6990787336063
B20,2,HOECHST,1900.93994140625,66.9056941060686
B20,2,MITO,46761.3515625,3933.101335874432
B20,2,PHAandWGA,14482.37109375,1066.3069281539558
B20,2,SYTO,5865.740234375,450.6891078710189
B20,3,CONC,3661.6328125,135.13661062686262
B20,3,HOECHST,1996.0521240234375,76.48409442986413
B20,3,MITO,49444.66796875,4267.259640786244
B20,3,PHAandWGA,15382.3330078125,1177.3563295931574
B20,3,SYTO,6308.64501953125,502.08584633455587
B20,4,CONC,3818.248046875,146.04961534950894
B20,4,HOECHST,2105.886962890625,84.49655084863188
B20,4,MITO,50822.0703125,4492.8258708636695
B20,4,PHAandWGA,16227.3203125,1263.5409213561952
B20,4,SYTO,6680.93115234375,538.1102576730083
B20,5,CONC,3974.654052734375,153.01762764548914
B20,5,HOECHST,2199.0986328125,89.94993844962423
B20,5,MITO,52746.5625,4667.442815191163
B20,5,PHAandWGA,17227.5625,1314.079400819664
B20,5,SYTO,6964.0224609375,558.4101572641121
B20,6,CONC,4082.96923828125,157.07798484655584
B20,6,HOECHST,2265.7158203125,93.07014407139255
B20,6,MITO,53626.828125,4761.790470099301
B20,6,PHAandWGA,17623.119140625,1338.883638183081
B20,6,SYTO,7174.88330078125,570.2216234587302
B20,7,CONC,4157.38720703125,158.83520145894238
B20,7,HOECHST,2326.562255859375,95.45943470077555
B20,7,MITO,54734.6796875,4842.7898351396025
B20,7,PHAandWGA,18517.91015625,1354.0146885426661
B20,7,SYTO,7333.03076171875,569.9746261244696
B20,8,CONC,4220.482421875,158.8177380774752
B20,8,HOECHST,2370.808837890625,96.43467303110704
B20,8,MITO,55827.484375,4871.774317827179
B20,8,PHAandWGA,18873.671875,1350.7195778936618
B20,8,SYTO,7449.2294921875,567.012351255996
B20,9,CONC,4309.462890625,158.10425064521482
B20,9,HOECHST,2422.056640625,96.45601355021958
B20,9,MITO,57304.484375,4879.457193994967
B20,9,PHAandWGA,19394.20703125,1342.2689067195179
B20,9,SYTO,7601.466796875,558.7171486826927
B20,10,CONC,4371.2470703125,156.7198624411031
B20,10,HOECHST,2463.783203125,95.53126200848953
B20,10,MITO,58320.5234375,4865.3376949270805
B20,10,PHAandWGA,19500.0,1331.3963321204494
B20,10,SYTO,7661.388671875,547.1499092565749
B20,11,CONC,4426.00341796875,153.96028527538985
B20,11,HOECHST,2501.86767578125,94.10198000033743
B20,11,MITO,59002.44921875,4796.538122419871
B20,11,PHAandWGA,19809.294921875,1302.757609596225
B20,11,SYTO,7725.5126953125,532.7786591546886
B20,12,CONC,4490.10009765625,150.5038635043222
B20,12,HOECHST,2532.5146484375,91.57205970514137
B20,12,MITO,60255.9140625,4710.393122755176
B20,12,PHAandWGA,20281.85546875,1271.662602721744
B20,12,SYTO,7885.4052734375,516.8771953542769
B20,13,CONC,4599.94091796875,146.54858669473356
B20,13,HOECHST,2563.8349609375,88.74645795732194
B20,13,MITO,60883.2890625,4598.205228606134
B20,13,PHAandWGA,20388.087890625,1238.5915467613215
B20,13,SYTO,8003.1064453125,495.48225576990575
B20,14,CONC,4662.7802734375,141.91908422441637
B20,14,HOECHST,2593.5009765625,85.71150112978407
B20,14,MITO,62552.7578125,4477.53998378179
B20,14,PHAandWGA,20632.51953125,1195.620785528397
B20,14,SYTO,8057.84521484375,474.39066448313224
B20,15,CONC,4726.02197265625,136.77656475543432
B20,15,HOECHST,2644.79638671875,82.41409115350359
B20,15,MITO,62576.95703125,4278.416025574834
B20,15,PHAandWGA,20745.89453125,1147.6184219636878
B20,15,SYTO,8151.76171875,450.58317365936745
B22,0,CONC,1959.720703125,77.43632705395719
B22,0,HOECHST,1471.436279296875,64.93024267936245
B22,0,MITO,32059.8125,4193.335728344445
B22,0,PHAandWGA,6310.259765625,601.5910763135946
B22,0,SYTO,3022.12451171875,286.17149641043784
B22,1,CONC,2098.7744140625,96.19796883633416
B22,1,HOECHST,1587.4150390625,83.56406923700793
B22,1,MITO,33391.671875,4740.63715973404
B22,1,PHAandWGA,7318.490234375,737.6818134037406
B22,1,SYTO,3366.33349609375,357.66666328305286
B22,2,CONC,2231.81201171875,111.4682066970945
B22,2,HOECHST,1706.32080078125,99.75878938829052
B22,2,MITO,35656.0390625,5242.983720484394
B22,2,PHAandWGA,8247.32421875,854.8073270805364
B22,2,SYTO,3640.9345703125,413.55391915698175
B22,3,CONC,2341.35302734375,121.2724267120608
B22,3,HOECHST,1787.755859375,108.55658988092294
B22,3,MITO,36511.46875,5514.450443824124
B22,3,PHAandWGA,8920.3359375,936.6031724468207
B22,3,SYTO,3870.17333984375,445.18251497784024
B22,4,CONC,2398.6064453125,126.496882825948
B22,4,HOECHST,1840.018310546875,111.98697737445248
B22,4,MITO,37494.71875,5676.337851124251
B22,4,PHAandWGA,9540.703125,980.2790854113898
B22,4,SYTO,4039.899658203125,458.94794004084264
B22,5,CONC,2458.179443359375,128.63942297334808
B22,5,HOECHST,1890.189208984375,112.89852701785955
B22,5,MITO,38054.0078125,5774.404428594767
B22,5,PHAandWGA,9775.177734375,986.7740387766637
B22,5,SYTO,4123.580078125,458.866031492281
B22,6,CONC,2501.990234375,128.91023954170177
B22,6,HOECHST,1917.8828125,112.08821170652068
B22,6,MITO,38935.80078125,5816.648183594478
B22,6,PHAandWGA,9893.3505859375,977.1866881286987
B22,6,SYTO,4184.6494140625,452.80090120743205
B22,7,CONC,2525.650390625,127.68633297846719
B22,7,HOECHST,1920.3253173828125,109.17682955314524
B22,7,MITO,39444.765625,5833.339456311203
B22,7,PHAandWGA,9991.212890625,964.4928662530602
B22,7,SYTO,4205.46533203125,443.51562852555725
B22,8,CONC,2554.1103515625,125.85126711524772
B22,8,HOECHST,1913.9248046875,105.15098138937229
B22,8,MITO,39801.8984375,5790.360436555783
B22,8,PHAandWGA,9927.166015625,950.7792318907465
B22,8,SYTO,4215.15234375,428.76130473221394
B22,9,CONC,2583.3095703125,122.79851539181746
B22,9,HOECHST,1919.829833984375,100.44955884260979
B22,9,MITO,39801.03125,5684.117386134485
B22,9,PHAandWGA,9800.3515625,922.7372197297364
B22,9,SYTO,4150.2392578125,411.07021180406554
B22,10,CONC,2570.63916015625,118.97324491081498
B22,10,HOECHST,1927.844482421875,96.10188815278309
B22,10,MITO,40382.4609375,5527.0496013467555
B22,10,PHAandWGA,9755.17578125,889.7867866407104
B22,10,SYTO,4143.0419921875,392.14157614899904
B22,11,CONC,2585.641845703125,114.20801567309913
B22,11,HOECHST,1912.685546875,91.617358913834
B22,11,MITO,41024.7421875,5349.349591685352
B22,11,PHAandWGA,9725.21875,844.8183539889992
B22,11,SYTO,4169.6279296875,372.8491400052663
B22,12,CONC,2613.36669921875,109.35948273236896
B22,12,HOECHST,1945.19775390625,86.62571281664903
B22,12,MITO,41194.5703125,5121.991292642196
B22,12,PHAandWGA,9550.4931640625,797.5438448806718
B22,12,SYTO,4148.3037109375,349.7836698750112
B22,13,CONC,2646.38037109375,104.25194737840481
B22,13,HOECHST,1959.29638671875,81.2450338015071
B22,13,MITO,41058.34375,4820.529329849195
B22,13,PHAandWGA,9310.630859375,743.460722777621
B22,13,SYTO,4173.2021484375,326.6730602741913
B22,14,CONC,2686.79345703125,99.27106220671948
B22,14,HOECHST,1997.696533203125,76.317455603547
B22,14,MITO,41895.41015625,4556.987340265595
B22,14,PHAandWGA,9200.337890625,693.5623990762141
B22,14,SYTO,4197.4521484375,304.790093236559
B22,15,CONC,2721.234619140625,93.96417317037852
B22,15,HOECHST,2028.9482421875,71.4076697151584
B22,15,MITO,42309.3515625,4260.014882989786
B22,15,PHAandWGA,9024.58984375,641.5123757234185
B22,15,SYTO,4260.3134765625,283.44300809132204
C02,0,CONC,4424.263671875,75.52760100197541
C02,0,HOECHST,2423.31005859375,36.7918392469689
C02,0,MITO,67644.5625,2259.233283131517
C02,0,PHAandWGA,23313.25390625,783.4627048528705
C02,0,SYTO,11766.455078125,421.82461685080807
C02,1,CONC,4690.80615234375,88.72417508701112
C02,1,HOECHST,2544.85546875,44.10859887166068
C02,1,MITO,70008.859375,2479.120228108055
C02,1,PHAandWGA,24389.96875,877.4802577000589
C02,1,SYTO,13238.0283203125,498.27393529157064
C02,2,CONC,4902.748046875,97.89330485257629
C02,2,HOECHST,2674.24072265625,50.51561711988845
C02,2,MITO,72146.875,2657.543644624583
C02,2,PHAandWGA,25566.33203125,954.2789009883993
C02,2,SYTO,14549.2861328125,561.8207459804428
C02,3,CONC,5035.423828125,100.77080663832876
C02,3,HOECHST,2762.757568359375,52.84204357991038
C02,3,MITO,74608.984375,2697.231562134784
C02,3,PHAandWGA,26682.923828125,990.2025234095574
C02,3,SYTO,15547.962890625,583.1318322747107
C02,4,CONC,5144.650390625,99.41624871188928
C02,4,HOECHST,2847.904052734375,53.44894197446989
C02,4,MITO,75558.328125,2659.3112396111137
C02,4,PHAandWGA,27553.33984375,999.8231616887306
C02,4,SYTO,16253.59765625,578.4794143259834
C02,5,CONC,5276.017578125,97.04281752274763
C02,5,HOECHST,2907.37841796875,53.13351123861356
C02,5,MITO,77067.8359375,2606.0975201969486
C02,5,PHAandWGA,28326.48828125,1000.558093186533
C02,5,SYTO,16556.2265625,566.4800773079368
C02,6,CONC,5366.4501953125,94.87254097678338
C02,6,HOECHST,2978.677734375,52.85249425494222
C02,6,MITO,78291.9375,2539.0897650012694
C02,6,PHAandWGA,29633.91015625,990.2902814185541
C02,6,SYTO,16769.923828125,548.2339568227726
C02,7,CONC,5479.10595703125,92.30943920697574
C02,7,HOECHST,3047.15625,51.729335941745674
C02,7,MITO,79890.5,2460.826351117828
C02,7,PHAandWGA,30332.18359375,974.3019739171606
C02,7,SYTO,16747.630859375,528.3618115362792
C02,8,CONC,5590.2685546875,89.78621358745143
C02,8,HOECHST,3085.64892578125,50.440727517235175
C02,8,MITO,80852.609375,2397.843372251431
C02,8,PHAandWGA,31365.75390625,954.7170407708626
C02,8,SYTO,16835.296875,509.7545782053679
C02,9,CONC,5680.38720703125,86.972604717633
C02,9,HOECHST,3162.89990234375,49.35986555083221
C02,9,MITO,81999.109375,2316.105775469012
C02,9,PHAandWGA,32031.34375,925.0723055241313
C02,9,SYTO,16374.7490234375,485.9503817420866
C02,10,CONC,5761.1748046875,84.03364902660945
C02,10,HOECHST,3220.97314453125,48.28724237673062
C02,10,MITO,82846.734375,2249.553858840923
C02,10,PHAandWGA,32718.33984375,902.9417897712173
C02,10,SYTO,16648.10546875,468.5195792470461
C02,11,CONC,5841.30126953125,81.03515970222352
C02,11,HOECHST,3268.944091796875,46.995935268000956
C02,11,MITO,83721.25,2154.8920352007426
C02,11,PHAandWGA,33179.4765625,878.4094894703163
C02,11,SYTO,16628.287109375,449.7015263781168
C02,12,CONC,5932.4755859375,78.3406591767474
C02,12,HOECHST,3338.917724609375,45.83721002308308
C02,12,MITO,85340.65625,2098.6439109801668
C02,12,PHAandWGA,33725.75,853.4120768104109
C02,12,SYTO,16483.296875,431.7906997247909
C02,13,CONC,6026.89794921875,75.51530971306286
C02,13,HOECHST,3376.71240234375,44.63003983411709
C02,13,MITO,86082.1484375,2020.7172306439104
C02,13,PHAandWGA,34253.6953125,828.0455132242639
C02,13,SYTO,16635.75,414.40585032353243
C02,14,CONC,6078.626953125,72.83771345321436
C02,14,HOECHST,3429.141357421875,43.47914390262479
C02,14,MITO,86679.34375,1940.6872727811374
C02,14,PHAandWGA,34815.4375,802.619901878582
C02,14,SYTO,16777.70703125,397.4804929994136
C02,15,CONC,6165.93115234375,70.25441530410086
C02,15,HOECHST,3493.10400390625,42.310944028454436
C02,15,MITO,87383.21875,1870.6099622429983
C02,15,PHAandWGA,35797.02734375,776.8103469388387
C02,15,SYTO,16792.73046875,380.677040492963
C03,0,CONC,1844.49169921875,82.40076588740237
C03,0,HOECHST,1202.13671875,43.35752446859832
C03,0,MITO,25577.806640625,3574.829536086411
C03,0,PHAandWGA,5212.9140625,481.8732696278643
C03,0,SYTO,2735.6123046875,255.22454193656486
C03,1,CONC,2075.35693359375,122.03922350955979
C03,1,HOECHST,1334.05078125,68.33383722629314
C03,1,MITO,27400.4453125,4566.531676856747
C03,1,PHAandWGA,6419.8564453125,688.9487434698466
C03,1,SYTO,3235.6640625,377.26162068953784
C03,2,CONC,2311.146240234375,162.52599244394685
C03,2,HOECHST,1507.9788818359375,98.91814721363018
C03,2,MITO,29913.091796875,5543.811823626581
C03,2,PHAandWGA,7724.4140625,900.5240512933963
C03,2,SYTO,3826.789306640625,513.9380742769256
C03,3,CONC,2488.386474609375,188.83367444743914
C03,3,HOECHST,1636.25048828125,118.88240901251656
C03,3,MITO,32365.73828125,6130.85476767863
C03,3,PHAandWGA,8752.947265625,1037.1472875317343
C03,3,SYTO,4221.4521484375,595.2040395170035
C03,4,CONC,2616.498046875,198.79393742394595
C03,4,HOECHST,1720.390380859375,126.67170637173191
C03,4,MITO,33980.0,6409.747749631277
C03,4,PHAandWGA,9509.931640625,1102.228171950493
C03,4,SYTO,4492.25439453125,625.7124692602765
C03,5,CONC,2635.07763671875,198.99516933494326
C03,5,HOECHST,1746.121337890625,125.14120791073677
C03,5,MITO,34625.43359375,6462.245406688387
C03,5,PHAandWGA,9957.6787109375,1115.1991762574567
C03,5,SYTO,4564.8251953125,621.9571223544783
C03,6,CONC,2633.9296875,194.33126553652707
C03,6,HOECHST,1748.681396484375,119.10258795838895
C03,6,MITO,34730.73046875,6390.772359120021
C03,6,PHAandWGA,10279.716796875,1087.2295771325869
C03,6,SYTO,4476.25244140625,592.1463661816931
C03,7,CONC,2645.554443359375,186.28344619475766
C03,7,HOECHST,1721.5413818359375,108.96804461810702
C03,7,MITO,34566.015625,6207.251566651347
C03,7,PHAandWGA,10190.703125,1042.359708106713
C03,7,SYTO,4395.95849609375,555.7396387204187
C03,8,CONC,2599.9765625,176.43225255838655
C03,8,HOECHST,1680.366455078125,98.6158744533515
C03,8,MITO,34528.2578125,6023.6176432704815
C03,8,PHAandWGA,9800.6201171875,981.5631794164996
C03,8,SYTO,4289.7705078125,512.4175227392459
C03,9,CONC,2585.3193359375,165.0619919050001
C03,9,HOECHST,1656.6800537109375,89.87288333512534
C03,9,MITO,34144.8984375,5777.230095281473
C03,9,PHAandWGA,9424.802734375,920.1961742002924
C03,9,SYTO,4217.609375,472.91103039672174
C03,10,CONC,2581.866943359375,154.80486572360016
C03,10,HOECHST,1626.03076171875,82.35163152258026
C03,10,MITO,34168.015625,5520.794237362616
C03,10,PHAandWGA,8955.9501953125,859.4270672143756
C03,10,SYTO,4060.41259765625,438.24531006812373
C03,11,CONC,2557.037353515625,144.5100952855177
C03,11,HOECHST,1621.77294921875,75.875159197183
C03,11,MITO,33603.4453125,5200.304958114615
C03,11,PHAandWGA,8558.1689453125,795.5800504333781
C03,11,SYTO,4022.35302734375,403.6558071781117
C03,12,CONC,2577.71044921875,135.28004944236878
C03,12,HOECHST,1618.0947265625,70.142661738975
C03,12,MITO,33490.88671875,4888.5577323222005
C03,12,PHAandWGA,8212.80859375,735.6725974912479
C03,12,SYTO,3965.99267578125,371.9834593364515
C03,13,CONC,2566.32421875,126.59134697680796
C03,13,HOECHST,1629.505126953125,65.05377845984542
C03,13,MITO,33673.93359375,4555.5130889207685
C03,13,PHAandWGA,7956.14501953125,676.3587369566305
C03,13,SYTO,3967.126708984375,343.0251154084575
C03,14,CONC,2606.407958984375,118.9151687012308
C03,14,HOECHST,1655.170654296875,61.06714505309852
C03,14,MITO,33864.2421875,4222.397525487761
C03,14,PHAandWGA,7685.8486328125,620.718398345883
C03,14,SYTO,3989.195068359375,317.3722767168142
C03,15,CONC,2653.233154296875,111.12952579409895
C03,15,HOECHST,1669.5208740234375,56.90598406724112
C03,15,MITO,33924.68359375,3835.4101300954967
C03,15,PHAandWGA,7364.091796875,563.1959133374729
C03,15,SYTO,4026.857421875,291.2984367270683
C04,0,CONC,2711.092041015625,67.4314403987881
C04,0,HOECHST,1501.78173828125,33.99153941863394
C04,0,MITO,48068.1171875,3253.5890779600745
C04,0,PHAandWGA,11787.404296875,703.8525683544701
C04,0,SYTO,5664.64013671875,357.48101139078557
C04,1,CONC,2846.3515625,74.91317999518267
C04,1,HOECHST,1590.389892578125,39.908940472707215
C04,1,MITO,47848.1171875,3405.676938028424
C04,1,PHAandWGA,12349.0517578125,772.9226739958244
C04,1,SYTO,6066.8623046875,398.7782860832955
C04,2,CONC,2959.47705078125,81.34599837609186
C04,2,HOECHST,1663.499267578125,43.7195308868623
C04,2,MITO,50213.6875,3560.625321397106
C04,2,PHAandWGA,13222.353515625,826.9298971280977
C04,2,SYTO,6354.830078125,425.99001951230525
C04,3,CONC,3095.924072265625,87.30927075830284
C04,3,HOECHST,1730.57470703125,45.681022958498545
C04,3,MITO,51799.48046875,3724.964703634816
C04,3,PHAandWGA,14058.34765625,876.3475605347737
C04,3,SYTO,6636.439453125,447.08747762915334
C04,4,CONC,3214.058837890625,91.87333510527692
C04,4,HOECHST,1796.105712890625,47.87490222237086
C04,4,MITO,53234.6875,3840.0690237853573
C04,4,PHAandWGA,14679.78125,912.0900242429258
C04,4,SYTO,6943.94384765625,463.6965488539654
C04,5,CONC,3307.747314453125,94.60165247619867
C04,5,HOECHST,1857.8709716796875,49.17613964670318
C04,5,MITO,54923.57421875,3885.5385706722145
C04,5,PHAandWGA,15399.3134765625,937.0415761730894
C04,5,SYTO,7168.201171875,473.8466332460216
C04,6,CONC,3407.154296875,95.73907058180092
C04,6,HOECHST,1894.27587890625,49.01300613175819
C04,6,MITO,56237.046875,3921.358547547001
C04,6,PHAandWGA,15784.748046875,945.3558740512237
C04,6,SYTO,7361.244140625,475.1821811601259
C04,7,CONC,3470.933837890625,95.9337127441147
C04,7,HOECHST,1924.6268310546875,48.18916250157622
C04,7,MITO,56805.16015625,3896.969518501885
C04,7,PHAandWGA,16359.0244140625,946.238099583872
C04,7,SYTO,7450.90087890625,469.266609429945
C04,8,CONC,3532.38916015625,95.60012721949495
C04,8,HOECHST,1960.2490234375,47.08271832244511
C04,8,MITO,58450.109375,3898.060949592843
C04,8,PHAandWGA,16853.572265625,939.8749847138673
C04,8,SYTO,7682.36083984375,460.0907651849609
C04,9,CONC,3597.3681640625,94.39275773717195
C04,9,HOECHST,1988.6573486328125,46.177469737769336
C04,9,MITO,59233.9609375,3842.869156008271
C04,9,PHAandWGA,17143.232421875,921.6966435507298
C04,9,SYTO,7783.3056640625,449.4491935811348
C04,10,CONC,3643.9609375,92.8154081436226
C04,10,HOECHST,2024.706298828125,45.35996875502522
C04,10,MITO,60202.5703125,3765.794135107473
C04,10,PHAandWGA,17579.62109375,905.7050699575173
C04,10,SYTO,7938.8662109375,437.4516289401487
C04,11,CONC,3713.545166015625,90.51412513815075
C04,11,HOECHST,2063.642578125,44.03309986123934
C04,11,MITO,61510.1484375,3671.682610788903
C04,11,PHAandWGA,17823.74609375,875.6169886750744
C04,11,SYTO,8055.72705078125,419.712898524119
C04,12,CONC,3759.67236328125,87.73612990224555
C04,12,HOECHST,2092.33642578125,42.547428224212325
C04,12,MITO,62755.51953125,3565.224976437737
C04,12,PHAandWGA,18025.71484375,847.301441382338
C04,12,SYTO,8096.86328125,401.61534133865183
C04,13,CONC,3816.94775390625,84.76485391310618
C04,13,HOECHST,2119.958984375,40.8228874379091
C04,13,MITO,63710.1953125,3446.6293088689577
C04,13,PHAandWGA,18147.154296875,814.9418662614934
C04,13,SYTO,8169.00732421875,383.6797345821195
C04,14,CONC,3871.151123046875,81.56349285877032
C04,14,HOECHST,2161.93701171875,38.90948921263817
C04,14,MITO,64472.1796875,3305.497933415652
C04,14,PHAandWGA,18325.75390625,779.5473446567478
C04,14,SYTO,8304.693359375,365.23065520136436
C04,15,CONC,3919.10986328125,78.32975804477982
C04,15,HOECHST,2178.707763671875,37.13601526045406
C04,15,MITO,65127.0078125,3159.0248966181543
C04,15,PHAandWGA,18441.8984375,744.0841885901764
C04,15,SYTO,8415.783203125,346.2192601086318
C05,0,CONC,4289.69775390625,159.9906471629873
C05,0,HOECHST,1967.515380859375,71.65686626445955
C05,0,MITO,46996.42578125,3940.2196013101334
C05,0,PHAandWGA,13271.759765625,952.7973069038703
C05,0,SYTO,6592.099609375,477.78110076949724
C05,1,CONC,4806.91015625,222.33147866361867
C05,1,HOECHST,2210.322998046875,103.17308136754993
C05,1,MITO,50805.234375,4838.327174317732
C05,1,PHAandWGA,14660.955078125,1207.3699650598403
C05,1,SYTO,8306.669921875,657.7908401209593
C05,2,CONC,5248.1796875,262.8814065237753
C05,2,HOECHST,2425.77392578125,127.96156425039042
C05,2,MITO,54055.3125,5341.362750763904
C05,2,PHAandWGA,16110.130859375,1382.8168773514194
C05,2,SYTO,9972.927734375,783.2774495453037
C05,3,CONC,5554.25634765625,281.4683001131243
C05,3,HOECHST,2578.647216796875,139.1437464684132
C05,3,MITO,56658.2734375,5564.062041015028
C05,3,PHAandWGA,17627.296875,1489.9295891655222
C05,3,SYTO,11065.49609375,839.7577507253844
C05,4,CONC,5816.966796875,286.4417895729859
C05,4,HOECHST,2724.654541015625,143.80136088428242
C05,4,MITO,59484.3046875,5665.9667429714955
C05,4,PHAandWGA,18904.404296875,1538.8351955148637
C05,4,SYTO,11636.5234375,853.0683160822283
C05,5,CONC,5956.853515625,284.2202525438074
C05,5,HOECHST,2827.04150390625,144.17361825535525
C05,5,MITO,60826.5625,5668.916029548041
C05,5,PHAandWGA,19823.236328125,1544.1839740897367
C05,5,SYTO,11892.56640625,842.1256825282582
C05,6,CONC,6000.35888671875,276.6737767858682
C05,6,HOECHST,2897.451171875,141.1775695531744
C05,6,MITO,62262.0390625,5649.962201161494
C05,6,PHAandWGA,20710.974609375,1522.52745367423
C05,6,SYTO,11593.4345703125,816.7014726098637
C05,7,CONC,6022.458984375,267.30357790410426
C05,7,HOECHST,2904.0703125,136.36840890932035
C05,7,MITO,62250.0390625,5511.624083952966
C05,7,PHAandWGA,21326.091796875,1486.1568966214486
C05,7,SYTO,11022.205078125,782.0220302013054
C05,8,CONC,5994.5849609375,258.2746660541082
C05,8,HOECHST,2918.42041015625,131.90954379601627
C05,8,MITO,62811.84375,5429.278423877162
C05,8,PHAandWGA,21499.01171875,1447.3706865037248
C05,8,SYTO,10502.513671875,751.6154692565731
C05,9,CONC,6002.34326171875,248.9372688067601
C05,9,HOECHST,2910.151611328125,124.11268461554705
C05,9,MITO,63482.97265625,5286.987726966012
C05,9,PHAandWGA,21733.72265625,1403.3758239893693
C05,9,SYTO,10180.5126953125,717.7028769958254
C05,10,CONC,5976.158203125,237.80179764225872
C05,10,HOECHST,2884.96533203125,117.81460793692347
C05,10,MITO,63581.265625,5144.233333890199
C05,10,PHAandWGA,21543.84765625,1357.3922406233287
C05,10,SYTO,9930.490234375,683.4770986708114
C05,11,CONC,6005.2548828125,226.64441673832425
C05,11,HOECHST,2900.50927734375,111.87124739912375
C05,11,MITO,63586.125,4968.908846623299
C05,11,PHAandWGA,21463.5703125,1307.3232786374092
C05,11,SYTO,9762.953125,646.9318516650236
C05,12,CONC,5988.11572265625,215.9092185259297
C05,12,HOECHST,2877.54150390625,105.60397889800392
C05,12,MITO,63626.66796875,4798.189847765459
C05,12,PHAandWGA,21219.6796875,1257.2874568498187
C05,12,SYTO,9531.3994140625,615.1193264485047
C05,13,CONC,6036.60205078125,204.54685983591582
C05,13,HOECHST,2902.3330078125,99.24442388359505
C05,13,MITO,63284.4296875,4591.958858398708
C05,13,PHAandWGA,20756.591796875,1199.8204363083512
C05,13,SYTO,9477.7080078125,580.0132732265179
C05,14,CONC,6059.94091796875,193.27231361620312
C05,14,HOECHST,2890.863037109375,93.159972965986
C05,14,MITO,63338.0234375,4357.69835310354
C05,14,PHAandWGA,20609.30078125,1141.2765831150655
C05,14,SYTO,9492.599609375,544.7943531144955
C05,15,CONC,6088.1044921875,182.72509647562856
C05,15,HOECHST,2925.71240234375,87.55094528572748
C05,15,MITO,64016.60546875,4087.0765910316545
C05,15,PHAandWGA,20390.67578125,1076.6354393715214
C05,15,SYTO,9508.904296875,508.70193279955663
C07,0,CONC,7002.56103515625,60.36056646525303
C07,0,HOECHST,4741.212890625,64.10828083304568
C07,0,MITO,97047.96875,1416.388921750427
C07,0,PHAandWGA,38226.64453125,586.7094135346355
C07,0,SYTO,23787.578125,410.03162861891747
C07,1,CONC,7517.5,80.50565093838131
C07,1,HOECHST,5060.36328125,81.94185031024563
C07,1,MITO,100774.75,1717.5306809073463
C07,1,PHAandWGA,40184.6328125,688.939903029657
C07,1,SYTO,25337.6171875,511.49390810031747
C07,2,CONC,8178.10498046875,106.28254068831404
C07,2,HOECHST,5473.109375,105.17448153918987
C07,2,MITO,107890.3984375,2064.6481722357853
C07,2,PHAandWGA,42385.25390625,833.2022651675167
C07,2,SYTO,27760.5546875,646.7928735068814
C07,3,CONC,8875.158203125,124.36303363491609
C07,3,HOECHST,5961.625,123.3641677084614
C07,3,MITO,113668.109375,2264.27087336215
C07,3,PHAandWGA,45727.5546875,952.6151871864225
C07,3,SYTO,30566.525390625,754.5327478546824
C07,4,CONC,9321.0048828125,125.66544738349072
C07,4,HOECHST,6281.443359375,128.76238181315082
C07,4,MITO,119763.1328125,2269.22317729168
C07,4,PHAandWGA,48152.4609375,994.6487728511773
C07,4,SYTO,33039.76953125,783.2971742831855
C07,5,CONC,9698.8740234375,121.37131698463602
C07,5,HOECHST,6605.70703125,128.50421057601017
C07,5,MITO,123765.84375,2205.4460872352524
C07,5,PHAandWGA,50516.328125,997.2372022928945
C07,5,SYTO,35111.140625,775.5878782497596
C07,6,CONC,9987.0576171875,115.7592739626134
C07,6,HOECHST,6843.859375,125.04766422538091
C07,6,MITO,127974.6796875,2135.0081929142334
C07,6,PHAandWGA,52689.96875,979.7899717840118
C07,6,SYTO,37716.84375,748.4045202275344
C07,7,CONC,10264.8193359375,109.69790531933315
C07,7,HOECHST,7069.3828125,120.59096538040178
C07,7,MITO,129589.578125,2049.8725356878626
C07,7,PHAandWGA,54198.40625,949.8370019702686
C07,7,SYTO,39850.32421875,711.7055893366561
C07,8,CONC,10477.388671875,103.23383845917505
C07,8,HOECHST,7253.04345703125,114.87906258630733
C07,8,MITO,133216.8125,1964.0235785293257
C07,8,PHAandWGA,56496.5,911.8797516597222
C07,8,SYTO,40931.4609375,669.5872643570335
C07,9,CONC,10551.3427734375,96.90509891353308
C07,9,HOECHST,7366.029296875,108.26249338690779
C07,9,MITO,135382.59375,1876.0877025572572
C07,9,PHAandWGA,57189.6171875,874.5300860442279
C07,9,SYTO,42679.36328125,628.8248779554515
C07,10,CONC,10654.16796875,91.1630876873103
C07,10,HOECHST,7491.63232421875,101.9911271897094
C07,10,MITO,138414.53125,1794.148692875058
C07,10,PHAandWGA,58561.7265625,838.0366134059557
C07,10,SYTO,43183.53125,589.9208624758658
C07,11,CONC,10772.2958984375,86.06352804881975
C07,11,HOECHST,7573.4365234375,96.27458822170576
C07,11,MITO,139155.9375,1720.8168612343898
C07,11,PHAandWGA,59526.9375,804.3048629156112
C07,11,SYTO,44650.48828125,555.3761444297379
C07,12,CONC,10813.982421875,81.38102668143722
C07,12,HOECHST,7709.9130859375,91.71437166639721
C07,12,MITO,141495.8125,1656.5252415815519
C07,12,PHAandWGA,60832.3046875,771.8051576441865
C07,12,SYTO,44425.265625,524.112017346248
C07,13,CONC,10926.56640625,77.22095593623645
C07,13,HOECHST,7813.5087890625,88.07965488837529
C07,13,MITO,143286.8125,1593.035567988404
C07,13,PHAandWGA,62262.265625,740.7225669804212
C07,13,SYTO,45130.5859375,497.442237599287
C07,14,CONC,10938.107421875,73.86620269701771
C07,14,HOECHST,7861.20361328125,84.94166311445598
C07,14,MITO,143621.4375,1533.8878483967858
C07,14,PHAandWGA,63081.9140625,717.2346478606261
C07,14,SYTO,45867.453125,476.1555139740836
C07,15,CONC,11058.474609375,70.81581576812107
C07,15,HOECHST,7894.55615234375,82.13437400875175
C07,15,MITO,144038.203125,1484.0629028015026
C07,15,PHAandWGA,62856.52734375,694.9134427987887
C07,15,SYTO,45122.078125,452.9357568220603
C08,0,CONC,9165.671875,100.39371275562503
C08,0,HOECHST,5450.65966796875,80.75018240830357
C08,0,MITO,89747.3125,1188.1330085788722
C08,0,PHAandWGA,40098.7265625,642.5178379574255
C08,0,SYTO,28441.46484375,519.5986302188784
C08,1,CONC,9696.255859375,116.53013810496238
C08,1,HOECHST,5782.95703125,92.60100354814026
C08,1,MITO,91671.296875,1294.6589083557249
C08,1,PHAandWGA,42345.3984375,710.5362142574918
C08,1,SYTO,30280.166015625,586.4754541353487
C08,2,CONC,10242.654296875,132.2320126068898
C08,2,HOECHST,6064.5283203125,104.5727647332424
C08,2,MITO,94690.1484375,1399.2684187409247
C08,2,PHAandWGA,43573.22265625,781.0186072859188
C08,2,SYTO,31991.505859375,658.307912709606
C08,3,CONC,10792.5,145.44508304469696
C08,3,HOECHST,6459.5830078125,116.12248285735335
C08,3,MITO,98758.125,1498.8617138700295
C08,3,PHAandWGA,46428.2890625,849.4292225329173
C08,3,SYTO,34077.59375,719.7851021593794
C08,4,CONC,11505.9287109375,155.01689591088459
C08,4,HOECHST,6795.56103515625,125.43794964405454
C08,4,MITO,101825.40625,1567.4227297943287
C08,4,PHAandWGA,48512.2265625,903.021652150423
C08,4,SYTO,36624.80859375,772.0239952227588
C08,5,CONC,12040.583984375,158.29417741839617
C08,5,HOECHST,7126.689453125,131.0327423463578
C08,5,MITO,106497.609375,1602.1225598129795
C08,5,PHAandWGA,50783.5390625,932.941613664975
C08,5,SYTO,38689.859375,791.8155726996665
C08,6,CONC,12436.921875,156.75835617631336
C08,6,HOECHST,7393.50537109375,131.77895501137027
C08,6,MITO,109602.578125,1605.309489746495
C08,6,PHAandWGA,52868.4375,939.3617371511663
C08,6,SYTO,40381.640625,787.0947985148597
C08,7,CONC,12822.8505859375,152.76206151117046
C08,7,HOECHST,7708.6923828125,130.03413025193623
C08,7,MITO,111584.890625,1582.0926930090502
C08,7,PHAandWGA,54212.08984375,931.9675434964283
C08,7,SYTO,41675.234375,769.7354956922633
C08,8,CONC,13115.142578125,146.586841151969
C08,8,HOECHST,7912.2353515625,126.86137896255052
C08,8,MITO,115387.609375,1568.2418798368287
C08,8,PHAandWGA,56083.4296875,913.7876132452985
C08,8,SYTO,43089.55078125,741.6541651050132
C08,9,CONC,13422.435546875,139.77297600800225
C08,9,HOECHST,8142.517578125,122.93078303346773
C08,9,MITO,118095.1015625,1534.0592257504109
C08,9,PHAandWGA,57469.1640625,883.9948288989941
C08,9,SYTO,44574.5625,706.7075886570545
C08,10,CONC,13675.955078125,133.19361743186442
C08,10,HOECHST,8309.3876953125,118.4599939909801
C08,10,MITO,120725.6171875,1497.837205392421
C08,10,PHAandWGA,58892.015625,856.9518976200234
C08,10,SYTO,46217.0546875,675.0558312396776
C08,11,CONC,13795.5458984375,127.15616884989043
C08,11,HOECHST,8506.73828125,114.29071603156378
C08,11,MITO,120964.8515625,1457.0474362312539
C08,11,PHAandWGA,60775.265625,829.2027464183406
C08,11,SYTO,47354.828125,644.1724798426335
C08,12,CONC,13989.71875,121.46327133358898
C08,12,HOECHST,8625.05078125,110.00539050754172
C08,12,MITO,121881.96875,1409.6331029419935
C08,12,PHAandWGA,61916.53515625,803.3014209012631
C08,12,SYTO,47558.5859375,615.3165549309529
C08,13,CONC,14090.197265625,115.74178629802324
C08,13,HOECHST,8735.373046875,105.98042213182808
C08,13,MITO,125598.8125,1377.6954414914817
C08,13,PHAandWGA,62701.328125,774.5176690050675
C08,13,SYTO,48160.36328125,585.3891110172781
C08,14,CONC,14254.3046875,110.41746593860823
C08,14,HOECHST,8875.2939453125,102.2161365404403
C08,14,MITO,126898.484375,1329.209092312553
C08,14,PHAandWGA,62783.62109375,748.5214953079336
C08,14,SYTO,48626.859375,556.9524085465446
C08,15,CONC,14352.078125,105.6120513502118
C08,15,HOECHST,8980.6923828125,98.63034138385923
C08,15,MITO,129114.546875,1285.9568096126995
C08,15,PHAandWGA,64193.78125,721.2783831857314
C08,15,SYTO,49708.078125,532.921585296843
C09,0,CONC,5519.55908203125,108.6501130136323
C09,0,HOECHST,2110.0751953125,30.982348975492997
C09,0,MITO,67307.203125,2445.8219211126934
C09,0,PHAandWGA,20655.41015625,734.5851803258253
C09,0,SYTO,10118.591796875,380.3319588397201
C09,1,CONC,6009.138671875,146.05986092199961
C09,1,HOECHST,2220.921142578125,39.38278886919697
C09,1,MITO,69312.0078125,3037.7345726113917
C09,1,PHAandWGA,21576.1796875,900.7322516658271
C09,1,SYTO,11795.8896484375,496.2493284984004
C09,2,CONC,6424.2587890625,172.8327859008837
C09,2,HOECHST,2368.809326171875,49.86377675130261
C09,2,MITO,74103.640625,3464.7977347237347
C09,2,PHAandWGA,23394.255859375,1044.4998433781725
C09,2,SYTO,13262.3203125,605.7740168871192
C09,3,CONC,6778.18212890625,186.10960920306374
C09,3,HOECHST,2507.64111328125,57.98015778436626
C09,3,MITO,76348.296875,3520.9007615265054
C09,3,PHAandWGA,24345.453125,1115.0325894245361
C09,3,SYTO,14450.9609375,659.7818443867728
C09,4,CONC,7005.43798828125,193.9784481777048
C09,4,HOECHST,2633.887939453125,61.40881367437937
C09,4,MITO,79177.265625,3547.4767556155443
C09,4,PHAandWGA,26066.1484375,1170.7291798243732
C09,4,SYTO,15518.2294921875,689.4653117615213
C09,5,CONC,7229.5771484375,186.1984472670857
C09,5,HOECHST,2730.4619140625,63.38156348871955
C09,5,MITO,81392.8984375,3442.4179073450073
C09,5,PHAandWGA,27237.71875,1163.961942693115
C09,5,SYTO,16392.990234375,681.5711251436148
C09,6,CONC,7329.310546875,175.62076243269595
C09,6,HOECHST,2780.855224609375,59.64932349111442
C09,6,MITO,81559.484375,3263.40546484308
C09,6,PHAandWGA,28145.734375,1133.3111802683106
C09,6,SYTO,16656.09765625,650.9770278194045
C09,7,CONC,7414.984375,166.17468287816882
C09,7,HOECHST,2833.17431640625,56.415911868227354
C09,7,MITO,82769.015625,3106.927276868695
C09,7,PHAandWGA,28986.19921875,1088.3863630004848
C09,7,SYTO,16754.5,605.9546892707255
C09,8,CONC,7420.50244140625,152.20889679251394
C09,8,HOECHST,2849.995849609375,52.55729866565258
C09,8,MITO,83723.5,2950.611044542336
C09,8,PHAandWGA,29928.234375,1035.537837003224
C09,8,SYTO,16612.296875,555.7379211342519
C09,9,CONC,7424.99951171875,140.28146435525795
C09,9,HOECHST,2865.78271484375,48.85468129448397
C09,9,MITO,83052.90625,2767.3435338824584
C09,9,PHAandWGA,29754.037109375,983.2955997965456
C09,9,SYTO,16062.677734375,511.43045439495944
C09,10,CONC,7420.8251953125,131.01166405302976
C09,10,HOECHST,2877.895263671875,46.16155275358568
C09,10,MITO,83106.265625,2636.6183288884586
C09,10,PHAandWGA,30198.28515625,934.463629728902
C09,10,SYTO,15383.4814453125,475.4846214858486
C09,11,CONC,7457.45947265625,122.25274507683118
C09,11,HOECHST,2900.55859375,44.0402084317924
C09,11,MITO,83799.03125,2502.6175325446757
C09,11,PHAandWGA,30462.0234375,890.3218358837502
C09,11,SYTO,14909.052734375,442.38284484279416
C09,12,CONC,7483.666015625,114.5139112137247
C09,12,HOECHST,2932.35546875,41.713037319919266
C09,12,MITO,85199.96875,2379.324470267325
C09,12,PHAandWGA,31007.96875,847.2829751221557
C09,12,SYTO,14698.9208984375,415.6357532296128
C09,13,CONC,7548.55859375,108.22659369800903
C09,13,HOECHST,2955.74072265625,39.62418815734362
C09,13,MITO,84100.625,2244.821103750783
C09,13,PHAandWGA,30757.58984375,803.3384729208542
C09,13,SYTO,14521.056640625,390.6855782167803
C09,14,CONC,7636.82470703125,102.8771031781953
C09,14,HOECHST,2980.77392578125,37.71980950674357
C09,14,MITO,84931.8515625,2125.199744216374
C09,14,PHAandWGA,31488.08203125,770.0773492809465
C09,14,SYTO,14519.1787109375,369.1489896259321
C09,15,CONC,7711.0947265625,97.71983209872315
C09,15,HOECHST,3024.3544921875,36.065646871153255
C09,15,MITO,85764.484375,2007.359636465449
C09,15,PHAandWGA,31747.8671875,732.7808673018218
C09,15,SYTO,14500.697265625,347.61633496173823
C10,0,CONC,10419.119140625,109.31206321868144
C10,0,HOECHST,5685.087890625,84.82865364008664
C10,0,MITO,106565.140625,1555.6797396610978
C10,0,PHAandWGA,42854.4453125,682.6296458712811
C10,0,SYTO,28651.607421875,521.6907496146268
C10,1,CONC,11293.244140625,133.8002614842754
C10,1,HOECHST,6105.08447265625,103.40430077563444
C10,1,MITO,110202.71875,1764.1985802652398
C10,1,PHAandWGA,45321.921875,787.641038646562
C10,1,SYTO,31195.326171875,624.0860302012444
C10,2,CONC,11935.77734375,143.74485015202723
C10,2,HOECHST,6462.990234375,113.45476825892268
C10,2,MITO,114809.265625,1828.365543857251
C10,2,PHAandWGA,47762.328125,849.3421925301727
C10,2,SYTO,33236.48828125,677.7800719396838
C10,3,CONC,12507.5302734375,143.06328099761544
C10,3,HOECHST,6825.0849609375,115.3398708103723
C10,3,MITO,119727.9140625,1797.7433515429918
C10,3,PHAandWGA,49402.3203125,868.7943317088465
C10,3,SYTO,35784.86328125,688.6565197865259
C10,4,CONC,13054.470703125,137.77040267045186
C10,4,HOECHST,7114.77734375,115.0447354455521
C10,4,MITO,123327.4375,1745.6015588752177
C10,4,PHAandWGA,52185.359375,866.4218994872091
C10,4,SYTO,37653.20703125,675.1124622920793
C10,5,CONC,13509.2041015625,128.90930052599802
C10,5,HOECHST,7431.94140625,110.84519081000114
C10,5,MITO,127333.671875,1669.478500539694
C10,5,PHAandWGA,54013.9921875,839.5984076371491
C10,5,SYTO,40282.796875,643.9972595462035
C10,6,CONC,14004.44140625,120.51705930843423
C10,6,HOECHST,7713.166015625,105.99563436135371
C10,6,MITO,132797.375,1584.139010005491
C10,6,PHAandWGA,56163.34765625,804.2964383196233
C10,6,SYTO,42085.96875,605.5530881153169
C10,7,CONC,14362.361328125,112.1631378923417
C10,7,HOECHST,7900.8115234375,99.79552233590675
C10,7,MITO,134959.84375,1488.3317349799952
C10,7,PHAandWGA,58450.8984375,760.1760543925194
C10,7,SYTO,43779.546875,564.0623170227931
C10,8,CONC,14583.12109375,104.86073640856823
C10,8,HOECHST,8110.33349609375,94.25512547163798
C10,8,MITO,139326.578125,1405.1611659693235
C10,8,PHAandWGA,59973.5703125,720.0029239121014
C10,8,SYTO,45580.6953125,523.7341652020153
C10,9,CONC,14771.328125,98.66361991141773
C10,9,HOECHST,8271.0927734375,89.13173856569091
C10,9,MITO,140982.890625,1333.665388176864
C10,9,PHAandWGA,61763.3984375,681.0903328266586
C10,9,SYTO,46462.41015625,488.6889118586474
C10,10,CONC,14936.5927734375,92.86199449036053
C10,10,HOECHST,8456.564453125,84.45574456147587
C10,10,MITO,143526.296875,1267.2740181711924
C10,10,PHAandWGA,62620.0546875,647.6813961580756
C10,10,SYTO,47354.4453125,457.7963193406905
C10,11,CONC,15046.216796875,87.26149633740938
C10,11,HOECHST,8491.9111328125,80.09441442033125
C10,11,MITO,143653.15625,1206.3490805341987
C10,11,PHAandWGA,63793.65234375,619.9428818726676
C10,11,SYTO,48711.0625,433.1387959106936
C10,12,CONC,15197.90234375,83.72950252964499
C10,12,HOECHST,8618.552734375,77.68866497187682
C10,12,MITO,144570.5,1169.1922152266616
C10,12,PHAandWGA,64280.65234375,601.7154737972656
C10,12,SYTO,48608.46875,416.593168572023
C10,13,CONC,15271.435546875,81.51898131963972
C10,13,HOECHST,8737.837890625,75.66721292113944
C10,13,MITO,144977.625,1142.3318309713814
C10,13,PHAandWGA,65692.078125,589.2515066504998
C10,13,SYTO,49092.7421875,402.57641191031627
C10,14,CONC,15301.3984375,79.50918269018692
C10,14,HOECHST,8885.94140625,73.77702454808416
C10,14,MITO,146941.0625,1113.209200496496
C10,14,PHAandWGA,65479.62890625,577.2415455406776
C10,14,SYTO,48602.16796875,390.82798031138583
C10,15,CONC,15378.3974609375,77.59353747658271
C10,15,HOECHST,8915.767578125,71.8765930472888
C10,15,MITO,147128.84375,1079.3274755602488
C10,15,PHAandWGA,66546.5,564.9325755480693
C10,15,SYTO,48697.859375,378.97580468037285
C11,0,CONC,2466.85693359375,108.8418820526603
C11,0,HOECHST,1143.8231201171875,33.6099517514094
C11,0,MITO,33064.59375,4330.539605155133
C11,0,PHAandWGA,6705.11572265625,602.2606270673101
C11,0,SYTO,2953.087890625,255.9831769876942
C11,1,CONC,2759.427734375,160.5380376974028
C11,1,HOECHST,1278.8404541015625,52.834873130348534
C11,1,MITO,36014.16015625,5426.456898868805
C11,1,PHAandWGA,8039.3798828125,834.265565270625
C11,1,SYTO,3438.480712890625,372.0276363278333
C11,2,CONC,3065.64501953125,201.72579763157074
C11,2,HOECHST,1427.5350341796875,73.37955967407157
C11,2,MITO,38839.0703125,6244.51164217299
C11,2,PHAandWGA,9345.1962890625,1007.129042662394
C11,2,SYTO,3953.3671875,471.30804250535334
C11,3,CONC,3214.009765625,215.19013231892853
C11,3,HOECHST,1516.1837158203125,81.98245644311632
C11,3,MITO,41317.5859375,6567.122831622465
C11,3,PHAandWGA,10140.7919921875,1084.6658125203753
C11,3,SYTO,4228.52734375,512.100476656884
C11,4,CONC,3298.024169921875,215.91746971851538
C11,4,HOECHST,1567.6728515625,82.06377426635868
C11,4,MITO,42598.4296875,6689.504118217335
C11,4,PHAandWGA,11077.486328125,1112.733304767478
C11,4,SYTO,4412.74853515625,513.5461695864511
C11,5,CONC,3350.69873046875,211.87826997319658
C11,5,HOECHST,1582.92431640625,78.17817113303462
C11,5,MITO,43024.546875,6675.863942210422
C11,5,PHAandWGA,11697.224609375,1108.3661255052848
C11,5,SYTO,4509.28076171875,500.86638629217305
C11,6,CONC,3335.4326171875,203.75642952432307
C11,6,HOECHST,1568.713134765625,73.21838427489875
C11,6,MITO,43604.1796875,6579.2788737577575
C11,6,PHAandWGA,11597.2744140625,1081.1513652908316
C11,6,SYTO,4512.314453125,479.891698149068
C11,7,CONC,3290.212158203125,193.768914077504
C11,7,HOECHST,1547.869873046875,69.18168127617837
C11,7,MITO,43552.7421875,6422.150989451515
C11,7,PHAandWGA,11630.962890625,1038.674188336765
C11,7,SYTO,4429.283203125,453.3455818435557
C11,8,CONC,3269.11474609375,185.2512072820932
C11,8,HOECHST,1549.4112548828125,65.9171881762255
C11,8,MITO,43568.734375,6264.507662366904
C11,8,PHAandWGA,11467.310546875,999.3424128704971
C11,8,SYTO,4419.20556640625,432.2798316008596
C11,9,CONC,3261.28369140625,175.84470364518518
C11,9,HOECHST,1534.676025390625,61.41339372330803
C11,9,MITO,43141.453125,6027.708162614486
C11,9,PHAandWGA,11056.158203125,947.9448541161595
C11,9,SYTO,4308.0634765625,408.85230797770987
C11,10,CONC,3256.88134765625,165.77148842827043
C11,10,HOECHST,1521.32763671875,56.61836000463281
C11,10,MITO,43287.2890625,5751.881741269149
C11,10,PHAandWGA,10546.189453125,894.7464196337748
C11,10,SYTO,4238.60302734375,382.5785860482487
C11,11,CONC,3252.62548828125,155.66602633998448
C11,11,HOECHST,1508.7705078125,52.64650823078794
C11,11,MITO,43032.15625,5445.558151705466
C11,11,PHAandWGA,10148.158203125,837.9979257700718
C11,11,SYTO,4175.5361328125,355.6975206385602
C11,12,CONC,3302.5263671875,146.2896516992352
C11,12,HOECHST,1516.2794189453125,49.32853670216445
C11,12,MITO,42972.0625,5127.81365859766
C11,12,PHAandWGA,9853.59375,784.7286994306893
C11,12,SYTO,4142.2490234375,329.6933580450164
C11,13,CONC,3299.735107421875,137.88560377879008
C11,13,HOECHST,1537.697509765625,46.163846882929505
C11,13,MITO,42961.578125,4764.196579426301
C11,13,PHAandWGA,9528.904296875,728.7003058028735
C11,13,SYTO,4165.52880859375,307.1241619474936
C11,14,CONC,3361.5078125,130.3016193102926
C11,14,HOECHST,1556.892333984375,43.35536977661269
C11,14,MITO,43527.60546875,4459.969768181193
C11,14,PHAandWGA,9347.1533203125,677.6221559755298
C11,14,SYTO,4182.3974609375,285.2720463445239
C11,15,CONC,3391.0625,122.56216072872536
C11,15,HOECHST,1556.3245849609375,40.53579319309133
C11,15,MITO,43810.828125,4106.742578467205
C11,15,PHAandWGA,9104.806640625,624.8745191351945
C11,15,SYTO,4241.43359375,264.05123894103855
C12,0,CONC,2740.19091796875,83.568007467368
C12,0,HOECHST,1245.8763427734375,27.093666167773204
C12,0,MITO,44305.74609375,3737.292325640808
C12,0,PHAandWGA,9779.3984375,682.1735930161175
C12,0,SYTO,4453.80078125,321.638614823408
C12,1,CONC,2943.765625,104.91062409329196
C12,1,HOECHST,1336.193603515625,34.9324413865606
C12,1,MITO,45608.54296875,4203.275752676017
C12,1,PHAandWGA,10865.4296875,835.5520586075232
C12,1,SYTO,4922.9697265625,403.3965463360878
C12,2,CONC,3212.44287109375,132.4839654784392
C12,2,HOECHST,1465.6268310546875,46.93025437130158
C12,2,MITO,48622.765625,4815.026611776983
C12,2,PHAandWGA,12335.630859375,1021.1796467909412
C12,2,SYTO,5736.4345703125,515.3990925350831
C12,3,CONC,3529.17822265625,159.9824083736705
C12,3,HOECHST,1621.35498046875,60.29904479143619
C12,3,MITO,52889.0859375,5357.496855830593
C12,3,PHAandWGA,13928.5556640625,1199.714532899138
C12,3,SYTO,6726.8310546875,622.7073101959359
C12,4,CONC,3739.89599609375,173.18431502562092
C12,4,HOECHST,1706.163818359375,63.27898320706136
C12,4,MITO,55130.02734375,5575.899316611239
C12,4,PHAandWGA,15088.705078125,1291.312799585225
C12,4,SYTO,7329.8935546875,665.4635833286694
C12,5,CONC,3812.25244140625,172.6993676739548
C12,5,HOECHST,1724.0972900390625,61.50238209976117
C12,5,MITO,56311.9296875,5656.366926296317
C12,5,PHAandWGA,15682.7470703125,1317.8563048117628
C12,5,SYTO,7337.76171875,656.9687936496401
C12,6,CONC,3854.49609375,167.78183471764822
C12,6,HOECHST,1755.767333984375,60.55344913564022
C12,6,MITO,57450.21875,5710.245034785805
C12,6,PHAandWGA,16182.818359375,1304.4311209830498
C12,6,SYTO,7254.94921875,630.4426325695173
C12,7,CONC,3896.8203125,162.9006246579322
C12,7,HOECHST,1790.7822265625,60.73612244785054
C12,7,MITO,58420.8359375,5740.273705245249
C12,7,PHAandWGA,16382.33984375,1278.222774114845
C12,7,SYTO,7163.33349609375,608.7593558481723
C12,8,CONC,3915.2060546875,158.59898117216383
C12,8,HOECHST,1805.901611328125,59.79747215495883
C12,8,MITO,59311.0234375,5735.2880464941145
C12,8,PHAandWGA,16783.09765625,1248.11115499894
C12,8,SYTO,7071.14794921875,583.2226480407709
C12,9,CONC,3931.48681640625,153.57609738287852
C12,9,HOECHST,1809.5867919921875,57.51362822014297
C12,9,MITO,59243.140625,5654.007334780639
C12,9,PHAandWGA,16705.4609375,1209.824582589561
C12,9,SYTO,6993.39111328125,556.395413692799
C12,10,CONC,3922.33251953125,147.11905371064356
C12,10,HOECHST,1798.769775390625,54.0869629305688
C12,10,MITO,59996.7421875,5536.106281398227
C12,10,PHAandWGA,16478.634765625,1168.521986056218
C12,10,SYTO,6941.357421875,526.9856983543923
C12,11,CONC,3921.6123046875,140.92787888696543
C12,11,HOECHST,1794.5372314453125,51.005185742946
C12,11,MITO,59560.625,5394.960596569714
C12,11,PHAandWGA,16289.130859375,1124.8209599674826
C12,11,SYTO,6850.10009765625,498.28201049673766
C12,12,CONC,3938.35595703125,135.45367146050893
C12,12,HOECHST,1793.561279296875,48.18343403241803
C12,12,MITO,59501.6640625,5235.066897017975
C12,12,PHAandWGA,16149.7626953125,1079.7861121254425
C12,12,SYTO,6763.13134765625,472.12356800441006
C12,13,CONC,3963.361328125,129.94518664504574
C12,13,HOECHST,1800.057861328125,45.81542971257074
C12,13,MITO,60176.4765625,5101.176637770639
C12,13,PHAandWGA,15975.314453125,1033.1617280572984
C12,13,SYTO,6783.1357421875,446.2219136116221
C12,14,CONC,3978.471435546875,124.12559347398762
C12,14,HOECHST,1807.572021484375,43.31834561038247
C12,14,MITO,60437.5859375,4881.839679175795
C12,14,PHAandWGA,15992.029296875,984.297521250764
C12,14,SYTO,6777.6962890625,421.24365058808576
C12,15,CONC,4047.759033203125,118.31268466183411
C12,15,HOECHST,1826.8519287109375,41.12756877585541
C12,15,MITO,61794.8984375,4669.902506979235
C12,15,PHAandWGA,15667.8583984375,928.3416602938589
C12,15,SYTO,6783.00048828125,395.04330998841215
C13,0,CONC,6092.98486328125,125.21641800135102
C13,0,HOECHST,2300.1064453125,53.635858485761155
C13,0,MITO,72961.96875,2892.5202612283024
C13,0,PHAandWGA,24455.53125,961.6340545575108
C13,0,SYTO,11408.0712890625,510.34252235926004
C13,1,CONC,6617.3271484375,165.81649443432445
C13,1,HOECHST,2454.17333984375,69.60872987387619
C13,1,MITO,75606.53125,3385.005086078732
C13,1,PHAandWGA,26351.85546875,1192.484963142655
C13,1,SYTO,13518.4775390625,673.387428807695
C13,2,CONC,7227.38671875,208.91698444000568
C13,2,HOECHST,2670.54052734375,90.8666399929034
C13,2,MITO,80493.5625,3891.8115853799077
C13,2,PHAandWGA,28108.2109375,1406.344738574107
C13,2,SYTO,15354.8330078125,841.0219057990483
C13,3,CONC,7691.26953125,231.85058664779916
C13,3,HOECHST,2863.47412109375,104.06533693241981
C13,3,MITO,84281.59375,4208.929107962876
C13,3,PHAandWGA,29970.42578125,1522.9908935692824
C13,3,SYTO,16797.736328125,926.1470609030321
C13,4,CONC,8034.6171875,240.92508292999244
C13,4,HOECHST,2994.11181640625,110.4746906807222
C13,4,MITO,87199.03125,4391.505177465055
C13,4,PHAandWGA,31340.232421875,1598.788801877365
C13,4,SYTO,18148.6484375,958.7471122685179
C13,5,CONC,8301.96875,243.67406502280193
C13,5,HOECHST,3098.12451171875,113.7385940553524
C13,5,MITO,89994.15625,4513.994074336158
C13,5,PHAandWGA,32848.6953125,1646.6263774714757
C13,5,SYTO,19386.853515625,960.361823055866
C13,6,CONC,8565.873046875,245.2172018572308
C13,6,HOECHST,3234.63330078125,115.84239501619074
C13,6,MITO,92415.78125,4602.412319558736
C13,6,PHAandWGA,34796.046875,1680.5477336096276
C13,6,SYTO,20609.59765625,954.0304609913169
C13,7,CONC,8893.951171875,246.13189002360062
C13,7,HOECHST,3359.573486328125,116.4461415974229
C13,7,MITO,95797.1484375,4677.648590913975
C13,7,PHAandWGA,36462.7421875,1700.5708651061311
C13,7,SYTO,21873.6328125,938.7984524830264
C13,8,CONC,9081.7412109375,243.09744923835504
C13,8,HOECHST,3486.3203125,117.21468581860977
C13,8,MITO,98714.1875,4716.036822904881
C13,8,PHAandWGA,37318.9921875,1683.2066102185952
C13,8,SYTO,22542.486328125,911.1298249212681
C13,9,CONC,9196.5458984375,237.39024280642045
C13,9,HOECHST,3572.278564453125,116.81304713806237
C13,9,MITO,100820.2734375,4713.494200580035
C13,9,PHAandWGA,38636.2265625,1639.7607926972253
C13,9,SYTO,23403.65625,884.7877609192074
C13,10,CONC,9311.59765625,231.12888115474746
C13,10,HOECHST,3657.244873046875,116.48473302323453
C13,10,MITO,101980.1796875,4693.219877893161
C13,10,PHAandWGA,39310.45703125,1594.5044850526415
C13,10,SYTO,23496.45703125,853.5355103242796
C13,11,CONC,9373.400390625,224.37160391597845
C13,11,HOECHST,3727.254150390625,115.19120839833333
C13,11,MITO,103578.640625,4664.099497670025
C13,11,PHAandWGA,39691.359375,1556.0426457923163
C13,11,SYTO,23407.9375,822.4141084393632
C13,12,CONC,9390.37109375,217.3180522539637
C13,12,HOECHST,3753.67431640625,112.7633384906262
C13,12,MITO,105880.828125,4624.904649824769
C13,12,PHAandWGA,40017.609375,1519.7376593839508
C13,12,SYTO,23285.35546875,790.780294457729
C13,13,CONC,9427.0185546875,209.7615209700285
C13,13,HOECHST,3801.900146484375,110.37567498046731
C13,13,MITO,106920.9375,4534.274726983123
C13,13,PHAandWGA,39996.46484375,1476.7824304880585
C13,13,SYTO,23315.4921875,757.4428816005942
C13,14,CONC,9493.625,202.27638106409628
C13,14,HOECHST,3838.94384765625,106.65653481836065
C13,14,MITO,108049.625,4432.039985899825
C13,14,PHAandWGA,40513.234375,1420.8640001831513
C13,14,SYTO,22986.1796875,724.1207793837051
C13,15,CONC,9551.11328125,194.71752019907746
C13,15,HOECHST,3867.37744140625,102.64910802762277
C13,15,MITO,110039.890625,4293.393284995776
C13,15,PHAandWGA,41387.953125,1366.2213049853772
C13,15,SYTO,22786.30078125,690.5239132949079
C14,0,CONC,1402.437255859375,76.7324970489149
C14,0,HOECHST,1453.90869140625,99.14803428858757
C14,0,MITO,25219.0703125,5106.821562171046
C14,0,PHAandWGA,5653.0185546875,727.5454012587646
C14,0,SYTO,2702.2353515625,372.68691716021937
C14,1,CONC,1561.923828125,100.48020546405516
C14,1,HOECHST,1628.4366455078125,135.50519061989093
C14,1,MITO,27116.884765625,5853.407176188841
C14,1,PHAandWGA,6523.01171875,930.4917267600456
C14,1,SYTO,3157.41748046875,488.117861973098
C14,2,CONC,1677.9906005859375,114.81142326183456
C14,2,HOECHST,1772.901123046875,155.46000926886705
C14,2,MITO,28706.515625,6295.990131525817
C14,2,PHAandWGA,7222.2978515625,1048.6255806266558
C14,2,SYTO,3485.10546875,552.8272736057976
C14,3,CONC,1763.166259765625,120.67594598732782
C14,3,HOECHST,1845.124755859375,161.4361722708403
C14,3,MITO,30303.515625,6484.716911041527
C14,3,PHAandWGA,7794.8994140625,1093.5616543174058
C14,3,SYTO,3688.07080078125,570.4463296317772
C14,4,CONC,1789.55615234375,120.05924314786824
C14,4,HOECHST,1869.810791015625,159.26739328546583
C14,4,MITO,31051.13671875,6522.547018099391
C14,4,PHAandWGA,7985.826171875,1104.5386712339166
C14,4,SYTO,3754.13330078125,562.7943487915445
C14,5,CONC,1793.4083251953125,115.08691954761427
C14,5,HOECHST,1862.9013671875,150.34255427054828
C14,5,MITO,30707.67578125,6404.43808062368
C14,5,PHAandWGA,8057.7109375,1099.5479538435188
C14,5,SYTO,3704.66943359375,538.590368170773
C14,6,CONC,1771.3427734375,108.12732680981811
C14,6,HOECHST,1819.716796875,136.7401161707938
C14,6,MITO,30615.654296875,6281.624478945625
C14,6,PHAandWGA,7944.37890625,1076.2861427970033
C14,6,SYTO,3603.47119140625,505.8058016990757
C14,7,CONC,1724.216552734375,100.42386384742662
C14,7,HOECHST,1762.24853515625,124.01730996343865
C14,7,MITO,29891.19140625,6018.545203917206
C14,7,PHAandWGA,7506.18505859375,992.8941476443723
C14,7,SYTO,3461.045654296875,465.1880539034909
C14,8,CONC,1694.5849609375,93.03562285443363
C14,8,HOECHST,1733.6375732421875,113.0923780896268
C14,8,MITO,29532.0703125,5744.309470035242
C14,8,PHAandWGA,7163.779296875,895.8620112051208
C14,8,SYTO,3366.31103515625,424.99650432053926
C14,9,CONC,1687.683837890625,85.88531317816923
C14,9,HOECHST,1712.197021484375,102.28152564880665
C14,9,MITO,29021.1484375,5360.250526247218
C14,9,PHAandWGA,6822.2314453125,804.5517647964978
C14,9,SYTO,3263.942138671875,384.75098532864735
C14,10,CONC,1663.58544921875,79.67726833329768
C14,10,HOECHST,1699.627685546875,93.77366879762663
C14,10,MITO,28488.68359375,4992.026705630499
C14,10,PHAandWGA,6577.232421875,728.7074937340826
C14,10,SYTO,3201.561279296875,350.4506967058305
C14,11,CONC,1668.178955078125,73.97797936563457
C14,11,HOECHST,1701.45751953125,86.06472393424227
C14,11,MITO,28226.142578125,4610.535460332751
C14,11,PHAandWGA,6320.3115234375,657.6698145223091
C14,11,SYTO,3191.26416015625,319.0900355642595
C14,12,CONC,1679.1947021484375,68.86196392985018
C14,12,HOECHST,1723.65283203125,79.69895646725007
C14,12,MITO,28273.66796875,4198.300976991925
C14,12,PHAandWGA,6097.2197265625,592.2373172686574
C14,12,SYTO,3158.90234375,290.9382232206583
C14,13,CONC,1687.55224609375,64.262571909373
C14,13,HOECHST,1758.393798828125,74.10011660751874
C14,13,MITO,28507.26171875,3769.6898831482495
C14,13,PHAandWGA,5874.189453125,530.7664501214149
C14,13,SYTO,3222.0791015625,265.7581289408823
C14,14,CONC,1719.1748046875,60.06562730421866
C14,14,HOECHST,1786.84521484375,69.01222036010451
C14,14,MITO,28812.189453125,3415.2068418853464
C14,14,PHAandWGA,5756.64453125,480.8661296245398
C14,14,SYTO,3249.08154296875,243.0316462438763
C14,15,CONC,1754.7724609375,56.20199165924008
C14,15,HOECHST,1820.56396484375,64.12422082723893
C14,15,MITO,29209.6171875,3085.3864374760956
C14,15,PHAandWGA,5730.1376953125,437.5966377254475
C14,15,SYTO,3309.994873046875,223.837839066141
C16,0,CONC,1768.135986328125,74.04057735247976
C16,0,HOECHST,1489.279541015625,74.0511227599924
C16,0,MITO,28203.390625,4149.582247957488
C16,0,PHAandWGA,5745.908203125,568.2741942105216
C16,0,SYTO,2907.28564453125,292.4027122734475
C16,1,CONC,1916.15087890625,99.81556407315335
C16,1,HOECHST,1634.184326171875,104.25027898417048
C16,1,MITO,29743.466796875,4907.985594010148
C16,1,PHAandWGA,6675.63330078125,742.6339266432403
C16,1,SYTO,3264.001953125,392.9809094794055
C16,2,CONC,2067.912841796875,122.70890732514854
C16,2,HOECHST,1769.201904296875,131.65727785416541
C16,2,MITO,31973.93359375,5555.915327822819
C16,2,PHAandWGA,7516.30859375,900.7368857598655
C16,2,SYTO,3626.1943359375,479.5328541718154
C16,3,CONC,2191.70166015625,139.1246980378778
C16,3,HOECHST,1917.011474609375,149.77568398877634
C16,3,MITO,33538.2578125,5931.738855958626
C16,3,PHAandWGA,8385.8203125,1014.7624352911491
C16,3,SYTO,3972.91552734375,538.1112154515797
C16,4,CONC,2300.3994140625,148.9471790455683
C16,4,HOECHST,2019.282958984375,160.458962260474
C16,4,MITO,35105.3125,6175.8857366852535
C16,4,PHAandWGA,9003.23828125,1084.461680854901
C16,4,SYTO,4188.2919921875,569.9469256156551
C16,5,CONC,2371.861328125,153.1532921482021
C16,5,HOECHST,2072.40380859375,162.96862895320626
C16,5,MITO,35991.58984375,6268.982185342545
C16,5,PHAandWGA,9427.119140625,1123.189506350385
C16,5,SYTO,4338.35107421875,576.7533143935844
C16,6,CONC,2416.812255859375,153.6795085194759
C16,6,HOECHST,2100.459228515625,159.8684248347435
C16,6,MITO,36497.515625,6279.428645051295
C16,6,PHAandWGA,9779.685546875,1140.6754151256523
C16,6,SYTO,4374.5654296875,571.4552059770389
C16,7,CONC,2454.77197265625,151.59540501832302
C16,7,HOECHST,2101.5419921875,153.29099139272196
C16,7,MITO,37132.8671875,6258.277096227758
C16,7,PHAandWGA,9864.6025390625,1144.0176206816884
C16,7,SYTO,4407.642578125,555.4215069087988
C16,8,CONC,2477.2705078125,148.14098504923274
C16,8,HOECHST,2076.594482421875,145.94530213719736
C16,8,MITO,37474.9765625,6236.859050916146
C16,8,PHAandWGA,9934.6513671875,1147.6527008977055
C16,8,SYTO,4401.5703125,539.1476245576167
C16,9,CONC,2468.255615234375,142.84231317729052
C16,9,HOECHST,2077.912109375,137.22592956186315
C16,9,MITO,37419.390625,6054.676636281406
C16,9,PHAandWGA,9690.7509765625,1134.6564611525014
C16,9,SYTO,4381.42919921875,514.0559964890326
C16,10,CONC,2439.375244140625,136.07087991937559
C16,10,HOECHST,2056.583740234375,127.02643721418231
C16,10,MITO,37764.3359375,5857.706489980061
C16,10,PHAandWGA,9543.4921875,1092.6261311800488
C16,10,SYTO,4279.9677734375,483.41261993846894
C16,11,CONC,2448.5458984375,128.66185399309924
C16,11,HOECHST,2044.8812255859375,117.95744926207938
C16,11,MITO,37286.61328125,5591.0278480251845
C16,11,PHAandWGA,9333.96875,1022.5567182722639
C16,11,SYTO,4193.341796875,449.8327360097908
C16,12,CONC,2446.1396484375,121.15501907189426
C16,12,HOECHST,2039.5068359375,109.56036785854167
C16,12,MITO,37323.1484375,5292.621142688881
C16,12,PHAandWGA,9114.375,953.2093996637793
C16,12,SYTO,4196.99169921875,416.96027833156154
C16,13,CONC,2444.7021484375,113.8020480167804
C16,13,HOECHST,2066.35302734375,101.75029670577591
C16,13,MITO,37132.109375,4949.468169417058
C16,13,PHAandWGA,8858.62890625,887.3043827873908
C16,13,SYTO,4169.59716796875,386.31765689061854
C16,14,CONC,2481.917724609375,106.99709225542871
C16,14,HOECHST,2073.432861328125,94.76953932618252
C16,14,MITO,37332.56640625,4632.093499214067
C16,14,PHAandWGA,8846.884765625,812.6163542814423
C16,14,SYTO,4186.03662109375,357.17322514726766
C16,15,CONC,2490.5361328125,100.30182646003492
C16,15,HOECHST,2103.206298828125,88.07076429445684
C16,15,MITO,37309.8671875,4249.852245483421
C16,15,PHAandWGA,8669.44921875,726.4397547684542
C16,15,SYTO,4202.84130859375,325.7069876513587
C17,0,CONC,3820.9716796875,141.61737314545218
C17,0,HOECHST,1324.34716796875,31.281376628473666
C17,0,MITO,50858.16796875,4587.010776714131
C17,0,PHAandWGA,13379.9169921875,978.8972738749638
C17,0,SYTO,4874.4716796875,345.71892485313185
C17,1,CONC,4149.53955078125,181.35815921971167
C17,1,HOECHST,1426.9454345703125,41.688497980547375
C17,1,MITO,53678.05859375,5329.336518064027
C17,1,PHAandWGA,14526.3291015625,1204.8380394110652
C17,1,SYTO,5503.4560546875,440.57907962973843
C17,2,CONC,4506.95849609375,215.9107852367539
C17,2,HOECHST,1549.096923828125,52.14830459424762
C17,2,MITO,57148.109375,5933.42247148893
C17,2,PHAandWGA,15841.1484375,1410.3552577526868
C17,2,SYTO,6215.6923828125,527.2394127894835
C17,3,CONC,4743.1748046875,236.75341714645512
C17,3,HOECHST,1645.760498046875,59.43626869702804
C17,3,MITO,59961.5546875,6254.926514206167
C17,3,PHAandWGA,17225.83203125,1543.614101746368
C17,3,SYTO,6742.13818359375,579.1005060529001
C17,4,CONC,4937.9091796875,242.72657201258247
C17,4,HOECHST,1704.7784423828125,61.3792293355004
C17,4,MITO,61401.078125,6402.638441730189
C17,4,PHAandWGA,18181.70703125,1596.5303314656737
C17,4,SYTO,6969.4697265625,594.4482919299777
C17,5,CONC,5044.541015625,240.03550455155263
C17,5,HOECHST,1760.4615478515625,61.91791418595042
C17,5,MITO,63568.1796875,6446.522859255972
C17,5,PHAandWGA,19055.4375,1612.9427408843176
C17,5,SYTO,7129.484375,596.175020290264
C17,6,CONC,5150.46630859375,236.78236822096122
C17,6,HOECHST,1817.71484375,63.59313212342574
C17,6,MITO,65502.2421875,6435.32292979918
C17,6,PHAandWGA,19694.70703125,1613.8884102954332
C17,6,SYTO,7370.33203125,596.499496598687
C17,7,CONC,5243.798828125,234.06291297337233
C17,7,HOECHST,1856.46240234375,64.11102536467232
C17,7,MITO,66256.0234375,6425.787321917455
C17,7,PHAandWGA,20101.92578125,1591.0490165301635
C17,7,SYTO,7479.3671875,590.2255778404053
C17,8,CONC,5276.384765625,229.20463317550255
C17,8,HOECHST,1874.15380859375,61.68386109626248
C17,8,MITO,67605.265625,6362.283047226154
C17,8,PHAandWGA,20889.21484375,1575.2829255951847
C17,8,SYTO,7517.6943359375,574.6090153568036
C17,9,CONC,5316.287109375,220.95682377078603
C17,9,HOECHST,1875.2879638671875,58.71692488402023
C17,9,MITO,67768.234375,6207.259380762204
C17,9,PHAandWGA,20614.09765625,1527.0533598274815
C17,9,SYTO,7454.884765625,551.6179075147649
C17,10,CONC,5311.1005859375,211.1981683226359
C17,10,HOECHST,1875.965576171875,55.736473287138296
C17,10,MITO,68233.859375,5998.074691812118
C17,10,PHAandWGA,20904.20703125,1469.4343245942662
C17,10,SYTO,7446.95166015625,527.164422966289
C17,11,CONC,5276.2861328125,200.98255305903973
C17,11,HOECHST,1872.1688232421875,52.785948921496434
C17,11,MITO,68772.8203125,5790.874045300988
C17,11,PHAandWGA,20805.77734375,1409.96735245225
C17,11,SYTO,7356.857421875,498.92193578400133
C17,12,CONC,5310.763671875,192.30433782305454
C17,12,HOECHST,1871.0118408203125,50.16423188461649
C17,12,MITO,68404.734375,5566.724194846725
C17,12,PHAandWGA,20561.28125,1345.758477343548
C17,12,SYTO,7309.1142578125,472.02634800633336
C17,13,CONC,5344.09375,183.50730079674491
C17,13,HOECHST,1891.36181640625,47.34031991905849
C17,13,MITO,69291.0,5335.220379834508
C17,13,PHAandWGA,20706.087890625,1283.197580794555
C17,13,SYTO,7291.9228515625,445.10955127209905
C17,14,CONC,5384.80517578125,174.26331952576157
C17,14,HOECHST,1906.149658203125,44.6638771639002
C17,14,MITO,69204.921875,5059.249080159261
C17,14,PHAandWGA,20529.7421875,1216.3289357027231
C17,14,SYTO,7313.794921875,418.4954039115111
C17,15,CONC,5447.7734375,165.8457303585729
C17,15,HOECHST,1918.055908203125,42.13889640237184
C17,15,MITO,69502.2890625,4771.141873748869
C17,15,PHAandWGA,20494.111328125,1144.737553004489
C17,15,SYTO,7351.14208984375,391.0106617323561
C18,0,CONC,6681.1396484375,113.94626036059452
C18,0,HOECHST,3999.3408203125,101.13806660026506
C18,0,MITO,80257.625,2538.4871474438
C18,0,PHAandWGA,28275.71484375,883.2962939665093
C18,0,SYTO,16488.271484375,546.3257850594233
C18,1,CONC,7192.916015625,140.99541961582972
C18,1,HOECHST,4275.134765625,122.83452459508479
C18,1,MITO,83494.328125,2910.1763363662094
C18,1,PHAandWGA,29768.23046875,1017.8426378347125
C18,1,SYTO,18760.96875,665.7105824851316
C18,2,CONC,7776.21142578125,172.68518051860033
C18,2,HOECHST,4673.8154296875,152.75795795504476
C18,2,MITO,88806.71875,3341.3021956063562
C18,2,PHAandWGA,31823.875,1192.2569930687514
C18,2,SYTO,20264.28515625,812.3007920028967
C18,3,CONC,8382.25,194.13284837958957
C18,3,HOECHST,5006.05078125,174.22191649533303
C18,3,MITO,93486.0,3594.0647588547176
C18,3,PHAandWGA,34032.39453125,1340.5528441664803
C18,3,SYTO,22408.26953125,913.1423198650873
C18,4,CONC,8819.7861328125,202.6499367875222
C18,4,HOECHST,5329.84375,184.7757902222663
C18,4,MITO,97747.546875,3718.2572259205563
C18,4,PHAandWGA,36485.0546875,1436.2236672661527
C18,4,SYTO,24409.716796875,957.0405239490817
C18,5,CONC,9215.556640625,205.14688189506916
C18,5,HOECHST,5586.3212890625,189.30145319499945
C18,5,MITO,101978.5390625,3780.907647532296
C18,5,PHAandWGA,38662.140625,1484.2023939767678
C18,5,SYTO,26402.470703125,968.9367019172809
C18,6,CONC,9499.697265625,203.9701319246042
C18,6,HOECHST,5816.00341796875,189.7392987901915
C18,6,MITO,105273.8671875,3805.1742952554987
C18,6,PHAandWGA,40646.7578125,1503.3178583086074
C18,6,SYTO,28082.57421875,962.4306588292432
C18,7,CONC,9726.9052734375,200.72791894048373
C18,7,HOECHST,5988.49609375,187.39987571782797
C18,7,MITO,108100.8203125,3792.3917357383484
C18,7,PHAandWGA,41840.2890625,1498.5255931248375
C18,7,SYTO,29255.869140625,940.6420927059769
C18,8,CONC,9874.38671875,196.42733466630852
C18,8,HOECHST,6068.3916015625,183.84955320560638
C18,8,MITO,109981.203125,3755.2695512199844
C18,8,PHAandWGA,42858.1640625,1482.5809034566344
C18,8,SYTO,29588.1484375,915.2994887807715
C18,9,CONC,10009.064453125,191.69963445443292
C18,9,HOECHST,6198.2734375,180.21828970491285
C18,9,MITO,111485.59375,3705.570085166061
C18,9,PHAandWGA,44230.05078125,1458.1372277040123
C18,9,SYTO,30115.16796875,881.4010101648048
C18,10,CONC,10066.4765625,186.74639894273594
C18,10,HOECHST,6327.46435546875,176.66460924767887
C18,10,MITO,113471.9375,3657.5359381938906
C18,10,PHAandWGA,44995.375,1426.7630695143816
C18,10,SYTO,30925.904296875,857.7294275237986
C18,11,CONC,10164.326171875,180.94579196519078
C18,11,HOECHST,6386.33837890625,171.52823180331225
C18,11,MITO,113631.2734375,3561.909648360839
C18,11,PHAandWGA,45051.7890625,1390.2272020101007
C18,11,SYTO,31064.83203125,824.0741596459395
C18,12,CONC,10205.248046875,174.92794707928704
C18,12,HOECHST,6471.5302734375,165.84860615603947
C18,12,MITO,115918.9375,3477.5832567916023
C18,12,PHAandWGA,45773.1640625,1353.3547109810236
C18,12,SYTO,31160.55078125,790.0222304156069
C18,13,CONC,10328.1943359375,168.6117849742997
C18,13,HOECHST,6549.7080078125,160.27587345861124
C18,13,MITO,117066.75,3374.384830034819
C18,13,PHAandWGA,46924.7109375,1313.2555398140948
C18,13,SYTO,31280.93359375,756.2014712165648
C18,14,CONC,10401.2587890625,162.4014841717068
C18,14,HOECHST,6677.580078125,154.38020379018639
C18,14,MITO,119087.5078125,3256.026888709603
C18,14,PHAandWGA,47495.765625,1272.716156118669
C18,14,SYTO,31458.96875,721.5986254562813
C18,15,CONC,10495.759765625,156.68031913208569
C18,15,HOECHST,6796.59765625,148.51961771513865
C18,15,MITO,120210.5078125,3129.0582209850418
C18,15,PHAandWGA,47297.8125,1233.612897454503
C18,15,SYTO,31430.0546875,689.1678586371389
C19,0,CONC,7643.2724609375,119.59118762699273
C19,0,HOECHST,4607.9697265625,102.34464443019274
C19,0,MITO,83810.46875,2047.5705391759166
C19,0,PHAandWGA,31239.14453125,848.5219546624472
C19,0,SYTO,19239.9609375,537.1924458848566
C19,1,CONC,8267.013671875,153.95758865271452
C19,1,HOECHST,4876.7568359375,123.72368924100338
C19,1,MITO,86712.765625,2377.1408779068065
C19,1,PHAandWGA,33027.953125,975.9351532619781
C19,1,SYTO,20587.99609375,651.7172397026776
C19,2,CONC,9352.40234375,225.82631003222525
C19,2,HOECHST,5511.34765625,183.75438000195123
C19,2,MITO,93954.5,3007.0238551146977
C19,2,PHAandWGA,35722.59375,1239.8899610693843
C19,2,SYTO,23121.89453125,898.2493896070432
C19,3,CONC,10471.8818359375,281.8770181206927
C19,3,HOECHST,6212.46484375,239.8779708978852
C19,3,MITO,100730.921875,3459.828941543666
C19,3,PHAandWGA,38875.12890625,1498.4826281399112
C19,3,SYTO,26103.466796875,1122.8885064531185
C19,4,CONC,11264.103515625,296.46516337532324
C19,4,HOECHST,6740.716796875,260.6674182099666
C19,4,MITO,106208.578125,3637.4793387612076
C19,4,PHAandWGA,41997.421875,1631.5023942717714
C19,4,SYTO,28841.890625,1202.0382111480328
C19,5,CONC,11883.41015625,296.160330372766
C19,5,HOECHST,7146.859375,266.36171826728287
C19,5,MITO,111827.1015625,3704.2765840170205
C19,5,PHAandWGA,44368.6875,1694.696478660867
C19,5,SYTO,31294.251953125,1217.220816495523
C19,6,CONC,12231.673828125,289.91142301819883
C19,6,HOECHST,7436.45947265625,256.4146170476247
C19,6,MITO,115554.2109375,3724.120396415109
C19,6,PHAandWGA,47192.3984375,1722.6663820992935
C19,6,SYTO,33121.73828125,1194.3457479836695
C19,7,CONC,12716.1337890625,281.010744416371
C19,7,HOECHST,7694.5458984375,246.8033194212695
C19,7,MITO,119433.15625,3717.6980894578037
C19,7,PHAandWGA,49688.234375,1723.4718925896095
C19,7,SYTO,34784.25390625,1157.1017927962196
C19,8,CONC,12974.6943359375,269.67666823194037
C19,8,HOECHST,7922.8515625,241.8887174642934
C19,8,MITO,122337.9375,3673.23353590978
C19,8,PHAandWGA,51389.90625,1695.694043100302
C19,8,SYTO,36489.390625,1108.5929178395736
C19,9,CONC,13122.345703125,256.5024756388235
C19,9,HOECHST,8104.18359375,233.66371736598566
C19,9,MITO,125332.375,3596.7903194086157
C19,9,PHAandWGA,53228.6328125,1649.5406262972965
C19,9,SYTO,37892.35546875,1062.1961672841926
C19,10,CONC,13238.5185546875,244.2465427356525
C19,10,HOECHST,8172.59716796875,223.6031075411289
C19,10,MITO,127548.515625,3517.984911951412
C19,10,PHAandWGA,54368.88671875,1607.5820656790554
C19,10,SYTO,38345.9296875,1006.4688539214872
C19,11,CONC,13359.203125,232.56583556190995
C19,11,HOECHST,8305.60546875,214.69459991364573
C19,11,MITO,129884.546875,3432.71494278118
C19,11,PHAandWGA,54930.28125,1551.8280511513829
C19,11,SYTO,39603.0,953.644951939189
C19,12,CONC,13339.12109375,220.86072652663603
C19,12,HOECHST,8351.607421875,204.91420938229948
C19,12,MITO,131881.859375,3363.6791697631306
C19,12,PHAandWGA,55233.2265625,1488.902462967019
C19,12,SYTO,39833.453125,904.4015616277911
C19,13,CONC,13358.8720703125,210.03145650994838
C19,13,HOECHST,8451.84375,195.18287689727967
C19,13,MITO,133213.265625,3285.428860028441
C19,13,PHAandWGA,56343.30078125,1436.569478090873
C19,13,SYTO,39295.890625,856.8090613559713
C19,14,CONC,13377.5830078125,199.6329626899847
C19,14,HOECHST,8457.392578125,186.96916693027092
C19,14,MITO,134431.21875,3189.8412150079553
C19,14,PHAandWGA,56425.453125,1390.331541541793
C19,14,SYTO,39239.40234375,815.3728058420778
C19,15,CONC,13355.689453125,189.43273044880485
C19,15,HOECHST,8549.07421875,178.54818729624253
C19,15,MITO,135576.46875,3102.858682089034
C19,15,PHAandWGA,56636.60546875,1341.0827891545473
C19,15,SYTO,39626.6640625,773.2566214494788
C20,0,CONC,4204.71044921875,105.18768223916877
C20,0,HOECHST,1420.13232421875,28.015357343369274
C20,0,MITO,56686.75,3733.0486307658753
C20,0,PHAandWGA,16851.859375,933.6807823699535
C20,0,SYTO,5975.748046875,349.0674483922899
C20,1,CONC,4582.2509765625,141.92157332638251
C20,1,HOECHST,1528.1029052734375,37.22108779545655
C20,1,MITO,60307.9765625,4486.203944357725
C20,1,PHAandWGA,18160.7890625,1156.8312072827503
C20,1,SYTO,6690.859375,451.1723261434709
C20,2,CONC,5041.126953125,182.14816210013862
C20,2,HOECHST,1644.7607421875,47.48497029073358
C20,2,MITO,64637.42578125,5329.227115260904
C20,2,PHAandWGA,19951.30859375,1432.2692844301862
C20,2,SYTO,7941.40869140625,575.2219757609442
C20,3,CONC,5394.0732421875,212.746083769665
C20,3,HOECHST,1761.4599609375,57.07196735492382
C20,3,MITO,68820.1328125,5876.440857615991
C20,3,PHAandWGA,21573.525390625,1640.2938882876333
C20,3,SYTO,9244.755859375,672.158425661848
C20,4,CONC,5729.87890625,225.6886130742083
C20,4,HOECHST,1875.0032958984375,64.00159468019517
C20,4,MITO,71620.6953125,6100.839994087099
C20,4,PHAandWGA,23100.482421875,1783.3335299418382
C20,4,SYTO,10273.4453125,726.0307912031428
C20,5,CONC,5949.8466796875,229.83082734689538
C20,5,HOECHST,1971.421875,68.37646653767248
C20,5,MITO,73958.109375,6146.83532962991
C20,5,PHAandWGA,24419.333984375,1850.1982315728337
C20,5,SYTO,10770.099609375,738.7367880810043
C20,6,CONC,6143.5654296875,234.03659304117167
C20,6,HOECHST,2039.5997314453125,71.04213389204521
C20,6,MITO,75445.96875,6187.235762119813
C20,6,PHAandWGA,25168.16015625,1856.19121613582
C20,6,SYTO,10962.91015625,737.4456838286865
C20,7,CONC,6204.916015625,233.86029500373976
C20,7,HOECHST,2103.38330078125,73.30331256321628
C20,7,MITO,76944.6875,6180.933772612988
C20,7,PHAandWGA,26449.625,1842.0303963087813
C20,7,SYTO,10940.658203125,726.7661620596324
C20,8,CONC,6223.95263671875,227.76694254217495
C20,8,HOECHST,2137.151123046875,72.89259174242613
C20,8,MITO,78472.859375,6146.474919807329
C20,8,PHAandWGA,26712.2734375,1818.9230785955776
C20,8,SYTO,10769.962890625,709.9500809955626
C20,9,CONC,6265.45751953125,220.2814189500526
C20,9,HOECHST,2160.5625,71.54559447513499
C20,9,MITO,78572.109375,6077.427930392105
C20,9,PHAandWGA,26960.232421875,1778.4752316916904
C20,9,SYTO,10557.0986328125,687.1227666004145
C20,10,CONC,6260.0146484375,213.53175425301433
C20,10,HOECHST,2191.1416015625,69.86993848657264
C20,10,MITO,79314.0859375,5954.436967253005
C20,10,PHAandWGA,27146.265625,1729.5011997036079
C20,10,SYTO,10426.46875,662.7321075214834
C20,11,CONC,6293.46484375,206.21482298943175
C20,11,HOECHST,2201.72119140625,67.84111534950917
C20,11,MITO,80235.7265625,5799.737958183114
C20,11,PHAandWGA,27799.17578125,1670.2632627231164
C20,11,SYTO,10226.005859375,635.9028645479709
C20,12,CONC,6303.798828125,197.85607002365782
C20,12,HOECHST,2213.8857421875,65.53122777769505
C20,12,MITO,80812.46875,5634.7592861121975
C20,12,PHAandWGA,27449.60546875,1613.7317903740234
C20,12,SYTO,10081.5380859375,607.6625354278194
C20,13,CONC,6285.68896484375,189.64725684771156
C20,13,HOECHST,2215.80712890625,62.82532466645495
C20,13,MITO,80818.4453125,5411.835952943155
C20,13,PHAandWGA,27384.64453125,1559.6588689387984
C20,13,SYTO,10030.7109375,580.1135535331539
C20,14,CONC,6348.4697265625,181.3614675500707
C20,14,HOECHST,2232.82373046875,59.79296588450471
C20,14,MITO,81946.578125,5173.309427826549
C20,14,PHAandWGA,27585.265625,1500.0837861535392
C20,14,SYTO,10040.3076171875,552.1118492894861
C20,15,CONC,6423.8623046875,172.67419363027665
C20,15,HOECHST,2243.145263671875,56.91680046460865
C20,15,MITO,82540.59375,4926.099397926445
C20,15,PHAandWGA,27917.15625,1427.5848534625868
C20,15,SYTO,10045.2412109375,520.029415218977
C21,0,CONC,3982.185546875,81.39270828306078
C21,0,HOECHST,2360.989501953125,61.46357061940498
C21,0,MITO,58885.8515625,2867.1091837405356
C21,0,PHAandWGA,16946.96875,780.9374141119566
C21,0,SYTO,7349.6142578125,370.78524946998044
C21,1,CONC,4289.84375,107.75983591764285
C21,1,HOECHST,2519.02978515625,77.57478594163808
C21,1,MITO,61419.84375,3369.459961645101
C21,1,PHAandWGA,17793.70703125,926.446423240116
C21,1,SYTO,8317.53515625,463.7047298505681
C21,2,CONC,4729.3076171875,146.39637054105728
C21,2,HOECHST,2770.740966796875,108.90780940774782
C21,2,MITO,65737.0703125,4142.709996628696
C21,2,PHAandWGA,19537.21484375,1161.551935396709
C21,2,SYTO,10241.224609375,635.9003168766237
C21,3,CONC,5148.0517578125,176.28987469410328
C21,3,HOECHST,3050.2578125,137.97564865716285
C21,3,MITO,70836.5625,4708.805462928155
C21,3,PHAandWGA,21331.619140625,1368.902603118367
C21,3,SYTO,12081.85546875,780.1517607619854
C21,4,CONC,5431.84326171875,189.5452631626756
C21,4,HOECHST,3254.776611328125,152.34511544146136
C21,4,MITO,74848.140625,5004.376862025803
C21,4,PHAandWGA,22961.466796875,1497.1133347053942
C21,4,SYTO,13594.275390625,848.2433876383501
C21,5,CONC,5727.56640625,197.39350966041695
C21,5,HOECHST,3432.102783203125,159.22782748526456
C21,5,MITO,77940.15625,5166.755814969154
C21,5,PHAandWGA,24814.466796875,1580.4890637475369
C21,5,SYTO,14738.5390625,875.9384762381083
C21,6,CONC,5940.22509765625,200.83404327705355
C21,6,HOECHST,3597.525390625,164.55915988545817
C21,6,MITO,80246.3046875,5281.139163466277
C21,6,PHAandWGA,25774.1171875,1628.0075989245445
C21,6,SYTO,15900.0478515625,887.8468590608422
C21,7,CONC,6064.1923828125,201.37785886895423
C21,7,HOECHST,3714.585205078125,165.68074533651043
C21,7,MITO,82719.875,5322.646686616715
C21,7,PHAandWGA,27065.720703125,1651.7220460278033
C21,7,SYTO,16522.8203125,884.3263325625635
C21,8,CONC,6133.642578125,199.4459838878718
C21,8,HOECHST,3806.3369140625,164.4639624565225
C21,8,MITO,83355.21875,5351.216579298904
C21,8,PHAandWGA,27938.310546875,1660.124928071745
C21,8,SYTO,16809.43359375,867.4980200380578
C21,9,CONC,6197.1103515625,197.05445300471962
C21,9,HOECHST,3845.02587890625,161.99230416351477
C21,9,MITO,85399.484375,5359.695686094171
C21,9,PHAandWGA,28506.87890625,1666.0109761037565
C21,9,SYTO,16758.5078125,844.6758093362258
C21,10,CONC,6235.177734375,193.14463824648212
C21,10,HOECHST,3905.8828125,158.85019152550643
C21,10,MITO,86274.265625,5341.6243696627125
C21,10,PHAandWGA,28905.8125,1666.9681262871445
C21,10,SYTO,16614.408203125,820.3688761489013
C21,11,CONC,6255.9296875,188.09848395760474
C21,11,HOECHST,3953.52783203125,155.55184046906035
C21,11,MITO,87257.2265625,5267.489886367743
C21,11,PHAandWGA,29468.3671875,1654.4972866513929
C21,11,SYTO,16459.078125,793.4202836741003
C21,12,CONC,6275.10595703125,182.96305010395514
C21,12,HOECHST,3979.0244140625,151.9695495629498
C21,12,MITO,88617.21875,5226.109700721341
C21,12,PHAandWGA,29915.3515625,1628.4503401146744
C21,12,SYTO,16077.0048828125,765.6788852405734
C21,13,CONC,6311.2919921875,177.05011911814162
C21,13,HOECHST,4010.79052734375,147.93900819656045
C21,13,MITO,88885.453125,5117.657675790241
C21,13,PHAandWGA,29659.8125,1581.3982811925139
C21,13,SYTO,15881.2470703125,734.130218565113
C21,14,CONC,6357.4638671875,170.84581543963648
C21,14,HOECHST,4037.1982421875,142.231421571621
C21,14,MITO,89866.46875,4983.832215751962
C21,14,PHAandWGA,30178.01953125,1525.8821695717231
C21,14,SYTO,15457.6455078125,697.3425429261524
C21,15,CONC,6407.31689453125,164.4593935272522
C21,15,HOECHST,4100.8115234375,136.56386358158073
C21,15,MITO,89887.78125,4847.470182670784
C21,15,PHAandWGA,30206.125,1472.5561035788828
C21,15,SYTO,15269.5927734375,663.7674882447836
C22,0,CONC,1422.932373046875,49.9544910215435
C22,0,HOECHST,1135.83642578125,37.662804563867056
C22,0,MITO,24087.041015625,3579.791397065623
C22,0,PHAandWGA,4000.867919921875,362.7491883793066
C22,0,SYTO,2100.422119140625,169.2024722804751
C22,1,CONC,1502.1806640625,61.153403325210405
C22,1,HOECHST,1199.9722900390625,46.629726087483355
C22,1,MITO,24568.58984375,4006.6329080123505
C22,1,PHAandWGA,4248.85009765625,431.43080780438726
C22,1,SYTO,2257.37353515625,206.19804055488245
C22,2,CONC,1608.002685546875,75.26906917890535
C22,2,HOECHST,1280.97900390625,59.71577293329783
C22,2,MITO,26090.3359375,4608.784428148868
C22,2,PHAandWGA,4853.0517578125,525.155720501504
C22,2,SYTO,2478.07861328125,254.6468772156262
C22,3,CONC,1714.4979248046875,89.39726962489043
C22,3,HOECHST,1384.746826171875,73.62702818627109
C22,3,MITO,27565.84765625,5112.475362806566
C22,3,PHAandWGA,5494.576171875,621.7246629878533
C22,3,SYTO,2687.16943359375,304.5628575880616
C22,4,CONC,1788.738525390625,99.46499584476935
C22,4,HOECHST,1454.53271484375,81.52823556907538
C22,4,MITO,28808.001953125,5456.139738403782
C22,4,PHAandWGA,6059.482421875,692.911826253924
C22,4,SYTO,2874.2578125,335.866499563715
C22,5,CONC,1845.794921875,104.71121495628701
C22,5,HOECHST,1479.56884765625,83.6349716502034
C22,5,MITO,29692.859375,5579.324585982382
C22,5,PHAandWGA,6416.14306640625,732.3153003226822
C22,5,SYTO,2965.45703125,349.2897570529749
C22,6,CONC,1897.1837158203125,106.68624811882042
C22,6,HOECHST,1508.365234375,83.4440035135132
C22,6,MITO,30245.546875,5631.713450807681
C22,6,PHAandWGA,6556.357421875,741.8832207846114
C22,6,SYTO,3019.97314453125,348.2852255788709
C22,7,CONC,1906.19140625,106.1503818888644
C22,7,HOECHST,1518.449951171875,82.06016252467431
C22,7,MITO,30878.015625,5610.654910002141
C22,7,PHAandWGA,6532.5419921875,732.7520690340067
C22,7,SYTO,3094.037841796875,345.6472037172682
C22,8,CONC,1935.332763671875,104.66171388295294
C22,8,HOECHST,1525.061767578125,79.85174316073366
C22,8,MITO,31101.666015625,5522.253246251767
C22,8,PHAandWGA,6466.4697265625,713.6192463412207
C22,8,SYTO,3062.603515625,335.7904302159741
C22,9,CONC,1940.75439453125,101.64654453096374
C22,9,HOECHST,1511.2716064453125,76.17426253486327
C22,9,MITO,30774.5546875,5364.069291746507
C22,9,PHAandWGA,6343.81982421875,687.6754458289087
C22,9,SYTO,3055.3056640625,321.5668871189356
C22,10,CONC,1961.05419921875,97.96169747878656
C22,10,HOECHST,1521.3809814453125,72.63455257311361
C22,10,MITO,30806.466796875,5156.565387700038
C22,10,PHAandWGA,6175.8681640625,653.5555407119116
C22,10,SYTO,3024.158203125,305.08479478496736
C22,11,CONC,1964.394775390625,93.5544553725731
C22,11,HOECHST,1525.66259765625,68.30597661941675
C22,11,MITO,31035.4765625,4884.017136848351
C22,11,PHAandWGA,6057.9775390625,614.6652583480754
C22,11,SYTO,3015.923095703125,286.948947736075
C22,12,CONC,1974.9749755859375,89.09428347965518
C22,12,HOECHST,1539.13427734375,64.23901506044633
C22,12,MITO,31296.984375,4645.659415893762
C22,12,PHAandWGA,5943.6865234375,577.0868616626282
C22,12,SYTO,3034.71044921875,269.5548406199596
C22,13,CONC,2005.719970703125,84.66942800401877
C22,13,HOECHST,1549.106689453125,60.38694930721651
C22,13,MITO,31595.4765625,4354.463067651001
C22,13,PHAandWGA,5835.77978515625,536.7060800382274
C22,13,SYTO,3023.60546875,251.46501709293838
C22,14,CONC,2015.908935546875,80.28864412164728
C22,14,HOECHST,1572.62158203125,56.79475215014961
C22,14,MITO,31793.92578125,4035.398852449318
C22,14,PHAandWGA,5740.88427734375,498.00012670534494
C22,14,SYTO,3055.74365234375,235.16682792865828
C22,15,CONC,2043.4840087890625,75.72903192079937
C22,15,HOECHST,1592.01513671875,53.21177614077759
C22,15,MITO,32095.22265625,3745.6611297126756
C22,15,PHAandWGA,5716.72314453125,458.5134242207825
C22,15,SYTO,3093.3935546875,218.20905931851738
C23,0,CONC,3120.23828125,87.32596627959386
C23,0,HOECHST,1539.4940185546875,37.53567528644727
C23,0,MITO,52075.765625,3913.7852137200894
C23,0,PHAandWGA,12478.87890625,750.9584172634607
C23,0,SYTO,4890.8291015625,306.6845269049339
C23,1,CONC,3346.40625,106.92939761030516
C23,1,HOECHST,1651.88037109375,47.9042863910176
C23,1,MITO,53808.28515625,4397.296637812382
C23,1,PHAandWGA,13487.466796875,893.6662491109075
C23,1,SYTO,5390.0927734375,375.8147021209195
C23,2,CONC,3580.27001953125,124.02642989331844
C23,2,HOECHST,1791.9532470703125,59.09365793811434
C23,2,MITO,57303.9921875,4836.793957532573
C23,2,PHAandWGA,14753.216796875,1025.592035159893
C23,2,SYTO,5908.1376953125,439.60044566080296
C23,3,CONC,3748.1806640625,134.78985516837722
C23,3,HOECHST,1888.4136962890625,65.70033106661214
C23,3,MITO,59753.3046875,5099.801659569581
C23,3,PHAandWGA,15702.845703125,1113.2531903546796
C23,3,SYTO,6346.02587890625,478.07595538026993
C23,4,CONC,3871.81591796875,139.59242422265697
C23,4,HOECHST,1956.3253173828125,68.95506537681361
C23,4,MITO,61497.99609375,5199.911373713373
C23,4,PHAandWGA,16761.8359375,1162.5485801232871
C23,4,SYTO,6573.5869140625,492.2890282309063
C23,5,CONC,3949.529296875,140.51432177817614
C23,5,HOECHST,2009.6837158203125,70.46107213622714
C23,5,MITO,62055.36328125,5236.6498452630585
C23,5,PHAandWGA,17110.689453125,1186.2605164196245
C23,5,SYTO,6787.01318359375,497.4240948375393
C23,6,CONC,4030.53173828125,140.0772863333603
C23,6,HOECHST,2045.741943359375,70.40196582813859
C23,6,MITO,64044.8125,5257.014672712997
C23,6,PHAandWGA,17874.0859375,1202.7392067904782
C23,6,SYTO,6865.0166015625,493.3219748037595
C23,7,CONC,4083.623046875,138.01672515392931
C23,7,HOECHST,2062.62548828125,68.92018079556105
C23,7,MITO,64000.0703125,5169.220861365258
C23,7,PHAandWGA,18274.2890625,1204.7215842390442
C23,7,SYTO,6947.11474609375,481.9335143852351
C23,8,CONC,4126.38134765625,135.17369142980763
C23,8,HOECHST,2082.20556640625,67.26705155267508
C23,8,MITO,65482.2578125,5127.957290967687
C23,8,PHAandWGA,18276.6796875,1186.5972389772178
C23,8,SYTO,6971.9033203125,468.9813395523333
C23,9,CONC,4159.6708984375,132.21333996196554
C23,9,HOECHST,2103.0654296875,65.266343141583
C23,9,MITO,65583.171875,4994.981360768946
C23,9,PHAandWGA,18318.130859375,1153.9764793926852
C23,9,SYTO,7058.2548828125,454.89380423738027
C23,10,CONC,4199.830078125,128.97066118418982
C23,10,HOECHST,2108.534912109375,63.29971075162575
C23,10,MITO,65972.3671875,4889.617706045643
C23,10,PHAandWGA,18494.884765625,1120.1779061048894
C23,10,SYTO,7004.64208984375,437.9952009558536
C23,11,CONC,4238.7509765625,125.27826642989237
C23,11,HOECHST,2145.0205078125,60.96751841615406
C23,11,MITO,66345.453125,4712.7348208311605
C23,11,PHAandWGA,18584.12890625,1078.9969242618429
C23,11,SYTO,7073.3837890625,420.56574380323235
C23,12,CONC,4310.7802734375,121.54668783346519
C23,12,HOECHST,2144.201171875,58.776501349975646
C23,12,MITO,67481.6328125,4567.416328794255
C23,12,PHAandWGA,18766.451171875,1045.8638693503178
C23,12,SYTO,7121.947265625,403.2072067774534
C23,13,CONC,4337.96875,117.46529082343845
C23,13,HOECHST,2174.86572265625,56.12149413443711
C23,13,MITO,68333.890625,4370.046983580981
C23,13,PHAandWGA,18764.91015625,1003.4420729089194
C23,13,SYTO,7181.642578125,384.75684576024196
C23,14,CONC,4407.3701171875,113.30239022070126
C23,14,HOECHST,2209.419677734375,54.062490239285566
C23,14,MITO,69104.9296875,4171.250816347755
C23,14,PHAandWGA,18860.865234375,960.1369031072971
C23,14,SYTO,7263.9609375,365.7341686836317
C23,15,CONC,4458.5263671875,108.57793267699616
C23,15,HOECHST,2242.57666015625,51.80717820721603
C23,15,MITO,70468.8359375,3949.329997069673
C23,15,PHAandWGA,18959.0859375,914.9118299743103
C23,15,SYTO,7347.078125,347.4851316416746
D02,0,CONC,11054.701171875,101.14240833677582
D02,0,HOECHST,5920.8173828125,82.80771393229118
D02,0,MITO,108084.453125,1524.3898726686862
D02,0,PHAandWGA,45113.046875,659.1411642027318
D02,0,SYTO,29621.73828125,482.5898209425797
D02,1,CONC,11768.244140625,118.45352415292818
D02,1,HOECHST,6293.64208984375,97.18280850357714
D02,1,MITO,110152.59375,1678.2416894770406
D02,1,PHAandWGA,47053.8125,736.2814194826228
D02,1,SYTO,31579.84375,555.9968798296314
D02,2,CONC,12428.0703125,132.11374620529946
D02,2,HOECHST,6685.68408203125,109.40340691237883
D02,2,MITO,116009.234375,1810.021756829694
D02,2,PHAandWGA,49518.9921875,809.0973914326125
D02,2,SYTO,34089.23828125,617.4557084372377
D02,3,CONC,13063.568359375,137.7940745416332
D02,3,HOECHST,7037.208984375,115.24462916167226
D02,3,MITO,121232.875,1856.595525056159
D02,3,PHAandWGA,52061.24609375,853.8835478067076
D02,3,SYTO,36317.765625,649.6797103771344
D02,4,CONC,13723.8046875,136.96203458159698
D02,4,HOECHST,7382.572265625,116.94545818667801
D02,4,MITO,125374.6015625,1849.4221866567207
D02,4,PHAandWGA,54432.9765625,870.3095539644445
D02,4,SYTO,38200.1328125,656.1734376579764
D02,5,CONC,14109.2744140625,132.61651710394375
D02,5,HOECHST,7615.841796875,115.36268089755231
D02,5,MITO,128803.515625,1807.9138910719307
D02,5,PHAandWGA,56279.33984375,865.542347301224
D02,5,SYTO,40011.71875,644.8273445477635
D02,6,CONC,14499.791015625,127.00689717894923
D02,6,HOECHST,7880.04052734375,112.3503954557337
D02,6,MITO,132227.53125,1764.0949731786027
D02,6,PHAandWGA,57676.9140625,854.5992726250881
D02,6,SYTO,42364.0546875,626.4873694765796
D02,7,CONC,14794.75,120.82682412918903
D02,7,HOECHST,8095.263671875,108.54174583157145
D02,7,MITO,133814.21875,1715.1195861632516
D02,7,PHAandWGA,59975.39453125,834.9855389268262
D02,7,SYTO,43065.390625,601.3725119253922
D02,8,CONC,15051.0908203125,115.22603441025375
D02,8,HOECHST,8264.806640625,104.18723799294798
D02,8,MITO,136569.5625,1663.865287985499
D02,8,PHAandWGA,61397.96484375,811.1629558567641
D02,8,SYTO,44272.38671875,575.3425168808149
D02,9,CONC,15271.802734375,109.0697063974109
D02,9,HOECHST,8409.01171875,99.56654139535132
D02,9,MITO,138481.34375,1618.729568986582
D02,9,PHAandWGA,62838.5078125,785.1335678153611
D02,9,SYTO,45627.546875,544.2891868434762
D02,10,CONC,15434.8408203125,103.71323907903668
D02,10,HOECHST,8552.40625,95.75520552547589
D02,10,MITO,140716.75,1581.399614370329
D02,10,PHAandWGA,64409.921875,758.7862095372212
D02,10,SYTO,46875.875,520.3515706760141
D02,11,CONC,15624.044921875,98.84652953225088
D02,11,HOECHST,8680.5087890625,92.19151684476304
D02,11,MITO,141337.609375,1538.785892369814
D02,11,PHAandWGA,65359.14453125,732.7502897165944
D02,11,SYTO,47722.08203125,496.42757314936
D02,12,CONC,15804.60546875,94.43555566552634
D02,12,HOECHST,8837.5703125,89.02907212682555
D02,12,MITO,144730.875,1497.6366999288086
D02,12,PHAandWGA,66329.96875,706.6786407749642
D02,12,SYTO,48645.8671875,473.6653138827237
D02,13,CONC,16012.677734375,90.45697986928164
D02,13,HOECHST,8953.775390625,86.11299431138217
D02,13,MITO,145757.140625,1444.9956009996793
D02,13,PHAandWGA,66994.15625,682.6080789270203
D02,13,SYTO,49433.5078125,453.8361130796286
D02,14,CONC,16188.2802734375,87.0207868017806
D02,14,HOECHST,9076.2099609375,83.49799497297712
D02,14,MITO,147155.0625,1409.4792199257379
D02,14,PHAandWGA,68061.9140625,659.8857532897586
D02,14,SYTO,49283.734375,434.03291158665377
D02,15,CONC,16365.30859375,83.9250547277491
D02,15,HOECHST,9207.03515625,80.75712564103259
D02,15,MITO,149013.375,1367.6464223199569
D02,15,PHAandWGA,69238.59375,639.492668114787
D02,15,SYTO,50620.16796875,415.01983898146295
D04,0,CONC,9243.765625,96.31814193186126
D04,0,HOECHST,4690.646484375,72.78277649972839
D04,0,MITO,105699.203125,2034.9050079270028
D04,0,PHAandWGA,37628.68359375,706.1457145299385
D04,0,SYTO,23050.453125,461.5526433797222
D04,1,CONC,10794.6474609375,181.68368870250714
D04,1,HOECHST,5314.322265625,127.53520956403332
D04,1,MITO,115231.28125,3165.535043115954
D04,1,PHAandWGA,41346.17578125,992.1253827014666
D04,1,SYTO,26078.125,718.0998094814303
D04,2,CONC,12920.4619140625,278.1257678741774
D04,2,HOECHST,6202.265625,206.21754428710034
D04,2,MITO,127461.15625,4136.00857707108
D04,2,PHAandWGA,45534.015625,1329.0601056959092
D04,2,SYTO,29848.04296875,1030.8787004808244
D04,3,CONC,13876.9609375,291.3483108128304
D04,3,HOECHST,6735.2158203125,215.87711924910153
D04,3,MITO,135542.984375,4252.568386191107
D04,3,PHAandWGA,49164.1640625,1494.7893688877984
D04,3,SYTO,32850.2109375,1144.4640571464388
D04,4,CONC,14285.5556640625,274.99715441830483
D04,4,HOECHST,7121.142578125,216.06432524921183
D04,4,MITO,141924.734375,4124.01668887411
D04,4,PHAandWGA,52354.3671875,1521.0150790733917
D04,4,SYTO,36369.46875,1145.345860003054
D04,5,CONC,14696.322265625,254.48368558247492
D04,5,HOECHST,7447.01220703125,204.87964917795117
D04,5,MITO,147658.5625,3931.0246424072006
D04,5,PHAandWGA,55258.58203125,1494.5072770968295
D04,5,SYTO,38833.9296875,1092.8796372018587
D04,6,CONC,15044.787109375,229.8969185462679
D04,6,HOECHST,7712.6943359375,189.20275319836466
D04,6,MITO,152064.53125,3732.3831289262216
D04,6,PHAandWGA,57824.203125,1428.7999067460785
D04,6,SYTO,40764.1015625,1011.2329092930646
D04,7,CONC,15354.669921875,207.10820134025502
D04,7,HOECHST,7793.4296875,169.24301588238322
D04,7,MITO,156266.65625,3494.865264486458
D04,7,PHAandWGA,60351.3046875,1338.1016967955723
D04,7,SYTO,42826.31640625,919.617892464034
D04,8,CONC,15368.376953125,184.99323484771978
D04,8,HOECHST,7893.22265625,153.27206715806705
D04,8,MITO,158587.0,3261.0231645608224
D04,8,PHAandWGA,61088.65625,1245.924599000296
D04,8,SYTO,43500.0234375,837.7874426839264
D04,9,CONC,15256.572265625,162.3206265813511
D04,9,HOECHST,7879.19921875,137.83474867777008
D04,9,MITO,158941.484375,3051.1949752526916
D04,9,PHAandWGA,62989.23828125,1161.238167644546
D04,9,SYTO,45020.515625,759.9030025206395
D04,10,CONC,15063.2265625,145.56759188387656
D04,10,HOECHST,7820.8212890625,124.5042415542425
D04,10,MITO,159673.078125,2903.431346184149
D04,10,PHAandWGA,62758.078125,1088.457210501378
D04,10,SYTO,45498.63671875,696.3985565494033
D04,11,CONC,14892.861328125,132.03913008326677
D04,11,HOECHST,7859.9755859375,115.04823842183146
D04,11,MITO,161306.375,2759.0946469684163
D04,11,PHAandWGA,64114.7109375,1019.6258803065309
D04,11,SYTO,44914.75,641.0890238169683
D04,12,CONC,14887.9697265625,121.47337066361447
D04,12,HOECHST,7900.52099609375,107.02172450183102
D04,12,MITO,160880.125,2617.6650946978293
D04,12,PHAandWGA,63679.95703125,958.6614577484179
D04,12,SYTO,45363.640625,594.2631515316028
D04,13,CONC,14867.544921875,112.6800184394053
D04,13,HOECHST,7966.4755859375,99.38896635048461
D04,13,MITO,163360.15625,2478.1666304212217
D04,13,PHAandWGA,64515.453125,903.5163033562192
D04,13,SYTO,45673.94921875,552.6229781937706
D04,14,CONC,14827.697265625,105.51479009982269
D04,14,HOECHST,8005.41552734375,93.65871049636478
D04,14,MITO,161838.65625,2348.9226644904957
D04,14,PHAandWGA,64605.7578125,858.6540330348696
D04,14,SYTO,45628.45703125,517.9819989874819
D04,15,CONC,14854.0546875,99.82753744862002
D04,15,HOECHST,8091.11279296875,88.56977094765612
D04,15,MITO,164116.03125,2252.6875894020422
D04,15,PHAandWGA,65470.09765625,821.263770850771
D04,15,SYTO,45385.0078125,488.7811366453551
D06,0,CONC,3672.884521484375,91.79370436444891
D06,0,HOECHST,1649.1898193359375,35.06118136954597
D06,0,MITO,51893.5703125,2842.4509898931456
D06,0,PHAandWGA,13742.3994140625,691.3622474727955
D06,0,SYTO,6377.52734375,345.3471199418942
D06,1,CONC,3892.745361328125,111.04226377480724
D06,1,HOECHST,1750.208984375,42.98323736680491
D06,1,MITO,52777.5,3224.386946216229
D06,1,PHAandWGA,14611.15625,801.3298009744288
D06,1,SYTO,6920.0361328125,412.6254771907027
D06,2,CONC,4140.5576171875,132.15613231720383
D06,2,HOECHST,1857.476806640625,52.097502864821905
D06,2,MITO,55947.234375,3628.1937170623582
D06,2,PHAandWGA,15787.87109375,933.79954708185
D06,2,SYTO,7785.091796875,491.1945158922572
D06,3,CONC,4418.2724609375,152.3385573812197
D06,3,HOECHST,1986.0167236328125,61.59006837082666
D06,3,MITO,58586.9140625,3962.9093424343982
D06,3,PHAandWGA,17108.779296875,1058.9629428866642
D06,3,SYTO,8716.2890625,563.6866165683451
D06,4,CONC,4666.271484375,167.591216822287
D06,4,HOECHST,2111.21142578125,69.89780355385382
D06,4,MITO,61174.14453125,4214.798499363591
D06,4,PHAandWGA,18374.78125,1164.301312415018
D06,4,SYTO,9600.900390625,622.1842785377041
D06,5,CONC,4887.26904296875,177.068282235264
D06,5,HOECHST,2237.152587890625,74.53457291680162
D06,5,MITO,63888.46484375,4379.634107973236
D06,5,PHAandWGA,19560.34765625,1227.4251982759752
D06,5,SYTO,10187.353515625,652.103866461931
D06,6,CONC,5072.90673828125,181.67990652797636
D06,6,HOECHST,2312.09619140625,76.85474851670966
D06,6,MITO,65962.0,4488.524463834876
D06,6,PHAandWGA,20942.81640625,1268.2994938902416
D06,6,SYTO,10616.474609375,663.2897786751785
D06,7,CONC,5217.94384765625,181.91082411245995
D06,7,HOECHST,2384.82568359375,77.76779995184862
D06,7,MITO,68190.4765625,4519.667609879881
D06,7,PHAandWGA,21732.724609375,1276.1279479366542
D06,7,SYTO,10751.2724609375,662.0397781364404
D06,8,CONC,5307.76513671875,179.60975208233924
D06,8,HOECHST,2438.406005859375,76.27159053774253
D06,8,MITO,69540.296875,4526.030090062226
D06,8,PHAandWGA,22160.53515625,1277.2860304236497
D06,8,SYTO,10816.5927734375,650.0689577797847
D06,9,CONC,5361.33203125,175.52822206646783
D06,9,HOECHST,2469.156982421875,73.87603680999933
D06,9,MITO,70297.8125,4451.661871442964
D06,9,PHAandWGA,22531.25,1254.301197233857
D06,9,SYTO,10666.537109375,630.0319595342622
D06,10,CONC,5392.23388671875,170.8542961087561
D06,10,HOECHST,2479.12890625,71.17538053301726
D06,10,MITO,70757.6875,4398.116209926998
D06,10,PHAandWGA,22870.30859375,1236.8697731271427
D06,10,SYTO,10603.087890625,609.3836914902357
D06,11,CONC,5415.65869140625,165.50774177961046
D06,11,HOECHST,2487.10498046875,68.97506124201198
D06,11,MITO,71297.875,4304.017628105174
D06,11,PHAandWGA,23407.19140625,1210.4404473338695
D06,11,SYTO,10525.46875,589.1596259861676
D06,12,CONC,5441.5458984375,160.12254112791308
D06,12,HOECHST,2509.59130859375,66.96748116903838
D06,12,MITO,71811.828125,4208.967305948885
D06,12,PHAandWGA,23238.59375,1180.6309082091423
D06,12,SYTO,10359.1708984375,567.4905506090951
D06,13,CONC,5457.0908203125,154.43090235324945
D06,13,HOECHST,2527.29052734375,64.71274646175704
D06,13,MITO,72260.2734375,4076.60624315063
D06,13,PHAandWGA,23308.521484375,1146.8493194195912
D06,13,SYTO,10375.0,545.6275407112104
D06,14,CONC,5520.5029296875,148.7976112854034
D06,14,HOECHST,2536.239501953125,62.387746442690926
D06,14,MITO,72651.7265625,3954.717995344345
D06,14,PHAandWGA,23526.2421875,1112.453467773513
D06,14,SYTO,10356.0537109375,522.2486926087472
D06,15,CONC,5586.6923828125,143.17350555836464
D06,15,HOECHST,2577.56982421875,59.92504375897974
D06,15,MITO,73164.71875,3796.4828722978614
D06,15,PHAandWGA,23621.6171875,1069.2216916527482
D06,15,SYTO,10417.6279296875,498.9562061013162
D07,0,CONC,1313.238037109375,14.246552205727806
D07,0,HOECHST,825.4666748046875,5.797108189085662
D07,0,MITO,22625.90625,1081.3155468637597
D07,0,PHAandWGA,4093.538818359375,147.9628216674728
D07,0,SYTO,2404.470703125,76.37159070231243
D07,1,CONC,1356.1455078125,15.78409938758666
D07,1,HOECHST,839.32421875,6.466244315391856
D07,1,MITO,22398.705078125,1134.7415024336867
D07,1,PHAandWGA,4160.66845703125,160.17191553507317
D07,1,SYTO,2456.87744140625,83.73086176854261
D07,2,CONC,1397.162109375,17.43158396328522
D07,2,HOECHST,854.87939453125,7.169906272093573
D07,2,MITO,22692.740234375,1220.5165995743985
D07,2,PHAandWGA,4227.93896484375,174.34556806520706
D07,2,SYTO,2523.262451171875,92.0204625218537
D07,3,CONC,1424.406982421875,19.29376735944803
D07,3,HOECHST,874.33056640625,7.964805073202366
D07,3,MITO,22989.546875,1304.9993204768145
D07,3,PHAandWGA,4308.98486328125,189.98480003244373
D07,3,SYTO,2595.0087890625,101.27491367721024
D07,4,CONC,1473.9739990234375,21.28980718343954
D07,4,HOECHST,894.86865234375,8.853614247400571
D07,4,MITO,23631.44140625,1412.0824409734178
D07,4,PHAandWGA,4459.6669921875,208.38159117716535
D07,4,SYTO,2690.76904296875,111.23905072513924
D07,5,CONC,1513.256591796875,23.501021639647288
D07,5,HOECHST,913.5441284179688,9.852658662959758
D07,5,MITO,24151.646484375,1507.5461015341314
D07,5,PHAandWGA,4570.068359375,226.47957751943648
D07,5,SYTO,2741.11083984375,121.42120484748617
D07,6,CONC,1557.813720703125,25.87083901621427
D07,6,HOECHST,943.1423950195312,10.922416162961806
D07,6,MITO,24533.9921875,1611.7992829597993
D07,6,PHAandWGA,4697.64501953125,245.40751092676484
D07,6,SYTO,2840.444580078125,132.85110203098154
D07,7,CONC,1609.25537109375,28.41148289028081
D07,7,HOECHST,962.0880126953125,12.094640250195404
D07,7,MITO,25445.9453125,1722.5319109116379
D07,7,PHAandWGA,4850.169921875,265.9339942215663
D07,7,SYTO,2915.315185546875,144.24149103083064
D07,8,CONC,1643.4241943359375,30.822376707340755
D07,8,HOECHST,985.7901611328125,13.140181400184453
D07,8,MITO,26062.28515625,1822.517874801319
D07,8,PHAandWGA,4982.337890625,284.0433455944088
D07,8,SYTO,3040.607421875,154.94657642353576
D07,9,CONC,1701.920654296875,33.1663949179633
D07,9,HOECHST,1009.06787109375,14.11862449957415
D07,9,MITO,26165.927734375,1909.3382207766047
D07,9,PHAandWGA,5145.53076171875,303.5212591538403
D07,9,SYTO,3106.04150390625,164.47637176792134
D07,10,CONC,1754.94091796875,35.638409866253795
D07,10,HOECHST,1036.9892578125,15.163902729176844
D07,10,MITO,27291.02734375,1992.6355758280797
D07,10,PHAandWGA,5276.8125,321.4934818104712
D07,10,SYTO,3211.560302734375,175.87208022795903
D07,11,CONC,1811.3189697265625,38.43248794259067
D07,11,HOECHST,1062.674560546875,16.40356404368359
D07,11,MITO,27517.126953125,2070.311615676176
D07,11,PHAandWGA,5467.8876953125,341.9649884091694
D07,11,SYTO,3334.25537109375,187.8588749865935
D07,12,CONC,1876.552490234375,41.445867432555445
D07,12,HOECHST,1096.0745849609375,17.713360245970293
D07,12,MITO,28738.21875,2167.8870123337747
D07,12,PHAandWGA,5657.5595703125,362.19075449971706
D07,12,SYTO,3470.364501953125,199.50029319615066
D07,13,CONC,1943.81640625,44.23226644352235
D07,13,HOECHST,1136.245849609375,18.923033929998752
D07,13,MITO,29448.826171875,2232.56025903374
D07,13,PHAandWGA,5841.6328125,377.93883277374573
D07,13,SYTO,3595.90283203125,207.93860693746333
D07,14,CONC,2011.8240966796875,46.38483029917946
D07,14,HOECHST,1171.5396728515625,19.892854284421727
D07,14,MITO,30217.544921875,2273.221042924863
D07,14,PHAandWGA,6040.9453125,390.91762836661934
D07,14,SYTO,3727.670654296875,214.9861160602458
D07,15,CONC,2062.26220703125,47.84828171329747
D07,15,HOECHST,1197.041015625,20.464821069590574
D07,15,MITO,31099.4140625,2298.8104296318893
D07,15,PHAandWGA,6179.90185546875,399.45940816917397
D07,15,SYTO,3828.82275390625,218.508242241644
D08,0,CONC,1764.551513671875,54.67691830167627
D08,0,HOECHST,854.9705810546875,14.992102942967794
D08,0,MITO,29954.599609375,3860.278390729941
D08,0,PHAandWGA,4653.9541015625,404.2219443232353
D08,0,SYTO,2211.523681640625,159.44136192856664
D08,1,CONC,1871.197265625,66.62564154632477
D08,1,HOECHST,897.7369384765625,19.08231384590604
D08,1,MITO,30972.703125,4300.726814734031
D08,1,PHAandWGA,5105.41845703125,477.933535749191
D08,1,SYTO,2356.009033203125,193.61968048876696
D08,2,CONC,1968.88818359375,79.0760920607965
D08,2,HOECHST,948.2328491210938,22.713455934931446
D08,2,MITO,32137.07421875,4746.609201043022
D08,2,PHAandWGA,5633.83935546875,557.0487973101524
D08,2,SYTO,2531.359619140625,227.39115824861113
D08,3,CONC,2071.083251953125,89.83116380127615
D08,3,HOECHST,997.5501708984375,25.327454264788237
D08,3,MITO,33330.6015625,5116.684323916965
D08,3,PHAandWGA,6178.5615234375,626.7238855341294
D08,3,SYTO,2706.279541015625,256.249736738003
D08,4,CONC,2167.9140625,96.98470718644398
D08,4,HOECHST,1032.614501953125,27.325547907110728
D08,4,MITO,34129.88671875,5369.9060208528
D08,4,PHAandWGA,6649.515625,675.8512376095887
D08,4,SYTO,2858.18017578125,275.7583656390557
D08,5,CONC,2214.824462890625,100.43916694651
D08,5,HOECHST,1050.4542236328125,28.114391108215756
D08,5,MITO,35636.79296875,5534.727640863188
D08,5,PHAandWGA,6845.734375,698.2909214353554
D08,5,SYTO,2966.207275390625,283.76585786414233
D08,6,CONC,2269.75,102.00714813632379
D08,6,HOECHST,1069.361083984375,28.505433107551763
D08,6,MITO,36307.5,5585.792399691695
D08,6,PHAandWGA,6899.349609375,701.8876426098376
D08,6,SYTO,2984.378662109375,285.73993123394206
D08,7,CONC,2310.41259765625,101.88122294446536
D08,7,HOECHST,1082.184326171875,28.123614473550234
D08,7,MITO,36534.26171875,5573.79842920971
D08,7,PHAandWGA,6829.84033203125,694.0068801360537
D08,7,SYTO,3054.755859375,281.2658722776891
D08,8,CONC,2327.5751953125,100.68355136264111
D08,8,HOECHST,1093.37060546875,27.085784538585834
D08,8,MITO,37601.70703125,5514.671999809954
D08,8,PHAandWGA,6802.375,677.5590208255182
D08,8,SYTO,3043.24755859375,271.35061547899625
D08,9,CONC,2369.97509765625,99.01972504001266
D08,9,HOECHST,1098.3372802734375,26.16626419495736
D08,9,MITO,38226.078125,5425.282738072068
D08,9,PHAandWGA,6640.708984375,658.7444992115782
D08,9,SYTO,3090.423583984375,262.53476585297585
D08,10,CONC,2384.392578125,96.00086889493399
D08,10,HOECHST,1100.657958984375,24.862586023817748
D08,10,MITO,38463.84765625,5268.43009376398
D08,10,PHAandWGA,6655.046875,632.0606316371787
D08,10,SYTO,3094.76806640625,250.3010602380583
D08,11,CONC,2403.41259765625,92.19399944437959
D08,11,HOECHST,1097.4837646484375,23.41882757757641
D08,11,MITO,38584.51171875,5077.623132064646
D08,11,PHAandWGA,6492.2060546875,600.1289067193666
D08,11,SYTO,3090.14306640625,237.00601788521098
D08,12,CONC,2412.96826171875,88.24507947299003
D08,12,HOECHST,1099.9027099609375,22.184928223323016
D08,12,MITO,38921.3046875,4880.192618952532
D08,12,PHAandWGA,6456.998046875,570.4503664959223
D08,12,SYTO,3119.8955078125,224.69306079718658
D08,13,CONC,2447.27099609375,84.17898666653416
D08,13,HOECHST,1110.8095703125,21.054188337039626
D08,13,MITO,38799.1875,4629.573303778178
D08,13,PHAandWGA,6391.783203125,537.1938685263691
D08,13,SYTO,3129.754638671875,211.2650013393145
D08,14,CONC,2460.60302734375,80.40243286547518
D08,14,HOECHST,1113.1591796875,19.981033834827965
D08,14,MITO,39635.9296875,4388.568396386567
D08,14,PHAandWGA,6364.498046875,504.4282526370511
D08,14,SYTO,3125.652587890625,198.2694419874731
D08,15,CONC,2501.86669921875,76.42530271599684
D08,15,HOECHST,1125.2265625,18.918788925838257
D08,15,MITO,39784.47265625,4131.908875590194
D08,15,PHAandWGA,6382.15380859375,471.8759199002446
D08,15,SYTO,3161.25927734375,185.35624606222834
D09,0,CONC,4448.177734375,95.72772796780491
D09,0,HOECHST,1308.312744140625,24.503431474755757
D09,0,MITO,59924.51953125,3601.8367829058634
D09,0,PHAandWGA,16301.23046875,922.6608159297425
D09,0,SYTO,6356.6572265625,394.651536584151
D09,1,CONC,4688.6748046875,115.02593861627699
D09,1,HOECHST,1401.234619140625,30.190103892858367
D09,1,MITO,61808.2265625,3954.0470803092194
D09,1,PHAandWGA,17435.48046875,1056.4320479434894
D09,1,SYTO,7098.708984375,468.84373770354557
D09,2,CONC,4972.0166015625,130.38914197718967
D09,2,HOECHST,1480.041748046875,35.55041603069751
D09,2,MITO,64482.375,4295.7225820057965
D09,2,PHAandWGA,18484.78125,1164.591000121681
D09,2,SYTO,7806.818359375,530.495666087558
D09,3,CONC,5169.197265625,136.10945967094045
D09,3,HOECHST,1545.5899658203125,37.54756457755377
D09,3,MITO,66810.796875,4481.9180985458825
D09,3,PHAandWGA,19691.73046875,1221.757917435326
D09,3,SYTO,8123.107421875,548.4197624979836
D09,4,CONC,5299.87890625,136.36769188244588
D09,4,HOECHST,1585.46826171875,37.59880228930185
D09,4,MITO,69374.9453125,4577.10318625091
D09,4,PHAandWGA,20430.16015625,1240.972760565192
D09,4,SYTO,8271.9150390625,544.9243992136887
D09,5,CONC,5364.5771484375,134.03843729258165
D09,5,HOECHST,1616.37841796875,36.99581896495844
D09,5,MITO,69631.6953125,4567.782129599701
D09,5,PHAandWGA,21269.87890625,1230.3097404415755
D09,5,SYTO,8380.71875,531.6812291767973
D09,6,CONC,5437.86328125,130.50267041892462
D09,6,HOECHST,1649.494873046875,36.17502104311709
D09,6,MITO,71752.9921875,4577.439305919903
D09,6,PHAandWGA,21956.015625,1215.9974889808827
D09,6,SYTO,8469.7451171875,514.9162591909869
D09,7,CONC,5493.357421875,125.54913835481852
D09,7,HOECHST,1658.1448974609375,34.90583183191043
D09,7,MITO,71846.5703125,4541.271961157596
D09,7,PHAandWGA,22247.99609375,1185.9083333226572
D09,7,SYTO,8477.587890625,497.8982821850158
D09,8,CONC,5552.9296875,120.90383848151782
D09,8,HOECHST,1659.9873046875,33.816011676129484
D09,8,MITO,72869.6015625,4511.4941997089945
D09,8,PHAandWGA,22586.16015625,1160.6568589254275
D09,8,SYTO,8475.5263671875,478.8614969654242
D09,9,CONC,5578.94140625,116.30065580020722
D09,9,HOECHST,1672.4434814453125,32.90866421571528
D09,9,MITO,73036.0078125,4423.610883247365
D09,9,PHAandWGA,22859.9375,1132.757013195384
D09,9,SYTO,8480.09375,460.5649120050981
D09,10,CONC,5625.22265625,112.34818552714034
D09,10,HOECHST,1691.5550537109375,32.03720475351314
D09,10,MITO,74640.0078125,4362.121381878577
D09,10,PHAandWGA,23049.5625,1103.685770119192
D09,10,SYTO,8613.07421875,444.21615049472575
D09,11,CONC,5693.77197265625,108.88932181877652
D09,11,HOECHST,1708.4066162109375,31.30695046278358
D09,11,MITO,74668.7890625,4227.333041370085
D09,11,PHAandWGA,22894.001953125,1071.142120031541
D09,11,SYTO,8561.4560546875,426.70195369597934
D09,12,CONC,5783.9208984375,105.4571250761242
D09,12,HOECHST,1733.06396484375,30.548554444732666
D09,12,MITO,75535.46875,4140.479968449063
D09,12,PHAandWGA,23268.546875,1041.0374562782717
D09,12,SYTO,8689.2548828125,411.36256472096653
D09,13,CONC,5824.0908203125,101.9794711205082
D09,13,HOECHST,1759.2327880859375,29.80779623760122
D09,13,MITO,76474.4375,3998.3899266060084
D09,13,PHAandWGA,23244.14453125,1005.9011584562112
D09,13,SYTO,8784.1904296875,394.10325976405204
D09,14,CONC,5925.95068359375,98.41394864857948
D09,14,HOECHST,1778.269775390625,28.87882276205057
D09,14,MITO,77042.375,3843.6942815881207
D09,14,PHAandWGA,23556.0390625,967.2114297852409
D09,14,SYTO,8951.9990234375,376.3858377899728
D09,15,CONC,6019.36474609375,94.7566337169291
D09,15,HOECHST,1815.4063720703125,27.937256253238267
D09,15,MITO,78127.125,3693.689508135978
D09,15,PHAandWGA,23856.8046875,928.1085863240168
D09,15,SYTO,9077.076171875,358.1934298834303
D10,0,CONC,2796.6884765625,82.57622543754297
D10,0,HOECHST,1317.482421875,34.56970840588575
D10,0,MITO,37936.265625,3293.482187460442
D10,0,PHAandWGA,8171.3544921875,589.7764328171825
D10,0,SYTO,3663.435546875,261.67987365297546
D10,1,CONC,3138.884033203125,127.21560418305295
D10,1,HOECHST,1417.23583984375,47.85811078242491
D10,1,MITO,39824.7578125,4183.2005529911385
D10,1,PHAandWGA,9481.6318359375,859.2100928445661
D10,1,SYTO,4172.7529296875,372.8965194868384
D10,2,CONC,3986.865478515625,273.37265396191145
D10,2,HOECHST,1721.9945068359375,107.37568586468461
D10,2,MITO,46701.85546875,6591.564888389702
D10,2,PHAandWGA,11934.412109375,1444.651903187124
D10,2,SYTO,6364.62060546875,735.0541859572841
D10,3,CONC,4647.7197265625,351.51513624013495
D10,3,HOECHST,2143.2041015625,181.51799636897107
D10,3,MITO,52579.1875,8014.595590346558
D10,3,PHAandWGA,14224.7265625,1786.337814448842
D10,3,SYTO,8702.4560546875,1032.1368198333514
D10,4,CONC,4927.6201171875,362.0409948638686
D10,4,HOECHST,2412.85888671875,213.17820885465875
D10,4,MITO,56592.7421875,8463.740955330857
D10,4,PHAandWGA,15613.234375,1915.8556179504385
D10,4,SYTO,10067.072265625,1097.591026252526
D10,5,CONC,5089.337890625,358.3805713498885
D10,5,HOECHST,2513.596923828125,213.64251040691562
D10,5,MITO,58730.796875,8403.378580019007
D10,5,PHAandWGA,17048.791015625,1945.1593372966374
D10,5,SYTO,10665.185546875,1081.3467415415696
D10,6,CONC,5229.82421875,349.1756380895792
D10,6,HOECHST,2519.3779296875,188.24780187416275
D10,6,MITO,60626.5,8317.505433687642
D10,6,PHAandWGA,18171.7421875,1908.6676862187066
D10,6,SYTO,10724.279296875,1015.2476683610207
D10,7,CONC,5196.3837890625,331.1218744238418
D10,7,HOECHST,2480.1513671875,169.43631577861754
D10,7,MITO,62291.3359375,8181.9420612705535
D10,7,PHAandWGA,18794.9921875,1853.4665628943737
D10,7,SYTO,9933.09375,926.0605091583327
D10,8,CONC,5065.8798828125,304.98444858872085
D10,8,HOECHST,2396.012451171875,146.11473876886166
D10,8,MITO,61761.23828125,7971.303753761766
D10,8,PHAandWGA,18843.8203125,1764.3500044622276
D10,8,SYTO,8735.017578125,835.6665429394561
D10,9,CONC,4882.08984375,277.18900174247375
D10,9,HOECHST,2304.36669921875,128.72996922521594
D10,9,MITO,61241.46875,7709.5752901419955
D10,9,PHAandWGA,18417.88671875,1668.6123787988354
D10,9,SYTO,7822.7890625,758.8770044352193
D10,10,CONC,4679.673828125,246.2098333410554
D10,10,HOECHST,2210.56494140625,112.32826993144958
D10,10,MITO,61132.28515625,7498.448878652927
D10,10,PHAandWGA,18030.1796875,1562.947791690271
D10,10,SYTO,7099.9013671875,682.6506597448703
D10,11,CONC,4502.05078125,220.51462237917107
D10,11,HOECHST,2137.83740234375,98.33497085918248
D10,11,MITO,59651.15625,7101.668415797453
D10,11,PHAandWGA,17366.98046875,1451.620931546765
D10,11,SYTO,6786.5390625,615.0123616335695
D10,12,CONC,4412.15087890625,199.84299713001212
D10,12,HOECHST,2084.447998046875,88.08201381617646
D10,12,MITO,59076.28125,6750.319761054143
D10,12,PHAandWGA,16663.626953125,1346.29109909198
D10,12,SYTO,6461.8583984375,557.2237340483247
D10,13,CONC,4298.89013671875,181.26117390454561
D10,13,HOECHST,2052.15234375,79.0849109061637
D10,13,MITO,58184.43359375,6357.896808598074
D10,13,PHAandWGA,16109.9453125,1244.8527179871855
D10,13,SYTO,6291.77001953125,504.74890882952695
D10,14,CONC,4279.224609375,166.71850854481548
D10,14,HOECHST,2039.0302734375,72.08059994463733
D10,14,MITO,57021.1953125,6001.430535864739
D10,14,PHAandWGA,15714.66015625,1145.9804408168902
D10,14,SYTO,6150.2763671875,460.08777876057144
D10,15,CONC,4287.30224609375,153.6128533992473
D10,15,HOECHST,2036.004150390625,65.9121881546994
D10,15,MITO,56414.6953125,5546.571682176958
D10,15,PHAandWGA,15232.9521484375,1044.3061021601534
D10,15,SYTO,6108.65625,416.98627702461266
D11,0,CONC,2097.2314453125,101.71389292650417
D11,0,HOECHST,1171.78564453125,40.98680220740297
D11,0,MITO,29195.107421875,3973.625258195601
D11,0,PHAandWGA,5682.61328125,568.0886536566961
D11,0,SYTO,2757.1337890625,271.37787436454056
D11,1,CONC,2324.1005859375,142.6411086506256
D11,1,HOECHST,1287.12451171875,59.98924364136332
D11,1,MITO,30820.994140625,4796.138698452549
D11,1,PHAandWGA,6745.1962890625,773.232043932734
D11,1,SYTO,3182.87939453125,380.28898556281865
D11,2,CONC,2565.654296875,181.26368855203273
D11,2,HOECHST,1425.065185546875,82.47746306927233
D11,2,MITO,33521.0703125,5658.1742894799345
D11,2,PHAandWGA,7820.64501953125,952.7716015440526
D11,2,SYTO,3656.90673828125,487.05778660272864
D11,3,CONC,2761.789306640625,208.68881435232723
D11,3,HOECHST,1565.342529296875,102.46779069105386
D11,3,MITO,36225.328125,6306.156445637192
D11,3,PHAandWGA,8762.05078125,1065.3789273974858
D11,3,SYTO,4099.841796875,563.3959539946619
D11,4,CONC,2918.62939453125,222.4179206358988
D11,4,HOECHST,1660.54248046875,114.29373482705667
D11,4,MITO,37875.8359375,6700.389753859617
D11,4,PHAandWGA,9692.208984375,1121.8475805444787
D11,4,SYTO,4355.67041015625,595.095380365834
D11,5,CONC,3009.5556640625,223.99807787794236
D11,5,HOECHST,1703.28857421875,113.44951626951686
D11,5,MITO,39471.9765625,6876.320306247934
D11,5,PHAandWGA,10154.2275390625,1127.916270539894
D11,5,SYTO,4438.8388671875,588.0094537659024
D11,6,CONC,3007.77978515625,216.85439611240466
D11,6,HOECHST,1699.204345703125,107.47299408821026
D11,6,MITO,39756.3203125,6855.099409842444
D11,6,PHAandWGA,10293.22265625,1103.719129876457
D11,6,SYTO,4391.8818359375,562.1352017819978
D11,7,CONC,2964.478515625,207.57578066727336
D11,7,HOECHST,1674.1788330078125,99.58866567804776
D11,7,MITO,39695.60546875,6758.749171187375
D11,7,PHAandWGA,10157.4072265625,1064.526425344231
D11,7,SYTO,4309.2890625,531.2746955222506
D11,8,CONC,2929.726806640625,196.53685791379047
D11,8,HOECHST,1630.54052734375,90.0701438367341
D11,8,MITO,39160.23828125,6611.716507539344
D11,8,PHAandWGA,9910.4345703125,1018.9575306189886
D11,8,SYTO,4178.67626953125,495.8185842113036
D11,9,CONC,2878.82275390625,184.55068938792775
D11,9,HOECHST,1587.5205078125,80.87653441602967
D11,9,MITO,38906.19921875,6417.901796606956
D11,9,PHAandWGA,9540.865234375,967.423251448321
D11,9,SYTO,4065.76318359375,460.47483665884755
D11,10,CONC,2854.091796875,173.21607956380063
D11,10,HOECHST,1570.9940185546875,74.12095805022817
D11,10,MITO,38398.5,6152.8603854311195
D11,10,PHAandWGA,9177.130859375,911.2478601907461
D11,10,SYTO,3931.513916015625,427.5627149375501
D11,11,CONC,2837.84423828125,163.7368601859826
D11,11,HOECHST,1567.4798583984375,68.65101523277714
D11,11,MITO,38266.1875,5877.4114763826965
D11,11,PHAandWGA,8932.087890625,856.1859171965046
D11,11,SYTO,3921.894287109375,397.602620902128
D11,12,CONC,2860.256591796875,155.6783120273286
D11,12,HOECHST,1575.722900390625,64.51300513273338
D11,12,MITO,38337.390625,5609.8309435273
D11,12,PHAandWGA,8689.3974609375,805.0591549212327
D11,12,SYTO,3913.920654296875,372.64469746790434
D11,13,CONC,2900.9287109375,147.80303453728007
D11,13,HOECHST,1603.51806640625,60.68083494367469
D11,13,MITO,38680.4609375,5290.816049638087
D11,13,PHAandWGA,8500.82421875,745.1261645769467
D11,13,SYTO,3928.7451171875,346.85945141523365
D11,14,CONC,2931.63037109375,140.05304864084135
D11,14,HOECHST,1621.669921875,57.04747461515458
D11,14,MITO,38992.84765625,4949.697159202342
D11,14,PHAandWGA,8307.013671875,692.5167721342011
D11,14,SYTO,3990.46484375,323.96392666655333
D11,15,CONC,2995.35400390625,132.70874119732153
D11,15,HOECHST,1651.21875,53.61328579301408
D11,15,MITO,39877.40625,4608.907886199453
D11,15,PHAandWGA,8202.029296875,642.3942508051367
D11,15,SYTO,4051.233154296875,300.88560661281406
D12,0,CONC,7424.46826171875,114.10144640937835
D12,0,HOECHST,4000.14794921875,90.59180302486646
D12,0,MITO,90144.921875,2523.6238167110423
D12,0,PHAandWGA,30077.36328125,866.4524610129106
D12,0,SYTO,18466.03515625,573.2925662287652
D12,1,CONC,8524.7373046875,177.33109938728447
D12,1,HOECHST,4473.74365234375,126.80111070112387
D12,1,MITO,96841.921875,3232.82044986711
D12,1,PHAandWGA,33196.92578125,1143.2579285866468
D12,1,SYTO,21174.91796875,817.5359363989292
D12,2,CONC,9591.8671875,233.60014480950937
D12,2,HOECHST,5086.83203125,176.1273224192822
D12,2,MITO,104310.328125,3778.942577043566
D12,2,PHAandWGA,36000.7109375,1392.3686180292761
D12,2,SYTO,24408.142578125,1065.870648102778
D12,3,CONC,10255.5078125,245.24316012753638
D12,3,HOECHST,5499.38916015625,196.40047591508056
D12,3,MITO,108535.625,3936.3648291789746
D12,3,PHAandWGA,38131.1796875,1515.362448719026
D12,3,SYTO,26527.24609375,1158.406558251011
D12,4,CONC,10661.7431640625,241.11583874029438
D12,4,HOECHST,5756.37255859375,198.16909553710653
D12,4,MITO,112011.9921875,3940.8154920899933
D12,4,PHAandWGA,40997.4765625,1584.785686827057
D12,4,SYTO,28455.1484375,1170.6083734768797
D12,5,CONC,11073.001953125,230.47329296458395
D12,5,HOECHST,6039.7412109375,193.89271828402582
D12,5,MITO,116321.734375,3860.097213840352
D12,5,PHAandWGA,43428.4375,1606.7830238687516
D12,5,SYTO,30891.84765625,1143.5360795994527
D12,6,CONC,11278.328125,216.391786240294
D12,6,HOECHST,6224.17431640625,186.29213817406074
D12,6,MITO,120777.921875,3769.5246203215283
D12,6,PHAandWGA,44752.91015625,1564.7662162374813
D12,6,SYTO,32396.640625,1092.4675634268262
D12,7,CONC,11445.427734375,201.88268060497364
D12,7,HOECHST,6369.87109375,178.42944064496297
D12,7,MITO,121947.234375,3647.811922660921
D12,7,PHAandWGA,46389.6953125,1514.1898429839932
D12,7,SYTO,33410.1953125,1037.5291107279936
D12,8,CONC,11458.427734375,189.91170180707059
D12,8,HOECHST,6427.353515625,170.1874750825881
D12,8,MITO,124615.046875,3536.329971365415
D12,8,PHAandWGA,47333.93359375,1466.3877722502216
D12,8,SYTO,34166.96875,985.2761584347509
D12,9,CONC,11489.509765625,176.77910438007058
D12,9,HOECHST,6489.81396484375,159.84182475779025
D12,9,MITO,126267.15625,3412.6413569388487
D12,9,PHAandWGA,48368.54296875,1404.1729264907297
D12,9,SYTO,34587.0703125,923.4303459186224
D12,10,CONC,11573.51171875,163.3993531895039
D12,10,HOECHST,6626.3203125,146.9432349330586
D12,10,MITO,128914.171875,3268.285413488278
D12,10,PHAandWGA,50125.875,1331.633924158485
D12,10,SYTO,34651.8125,853.2716976386201
D12,11,CONC,11536.046875,152.9487010045981
D12,11,HOECHST,6675.4326171875,137.54224264012726
D12,11,MITO,131546.15625,3150.228524667036
D12,11,PHAandWGA,51137.71484375,1263.8632897596708
D12,11,SYTO,35546.1875,788.1975588264527
D12,12,CONC,11515.0322265625,145.0163632386968
D12,12,HOECHST,6730.9072265625,130.4563239145937
D12,12,MITO,132044.9375,3046.416282249198
D12,12,PHAandWGA,51650.359375,1213.5382799563508
D12,12,SYTO,35321.91015625,743.1885597310093
D12,13,CONC,11491.5185546875,137.435380216615
D12,13,HOECHST,6713.1953125,123.68150793898599
D12,13,MITO,133492.453125,2945.740646642398
D12,13,PHAandWGA,52155.51171875,1172.2072591048036
D12,13,SYTO,34944.69140625,703.1857222011018
D12,14,CONC,11491.93359375,130.3878667631918
D12,14,HOECHST,6775.78955078125,118.56452860295718
D12,14,MITO,133919.03125,2851.309510955519
D12,14,PHAandWGA,52074.80078125,1132.426957938974
D12,14,SYTO,34738.80859375,667.9250328401035
D12,15,CONC,11508.8759765625,124.54843919512341
D12,15,HOECHST,6795.375,113.59545362583417
D12,15,MITO,134121.375,2761.000253908167
D12,15,PHAandWGA,52080.6484375,1099.1401051382759
D12,15,SYTO,34411.85546875,634.1018163957054
D13,0,CONC,5789.50048828125,89.45263085904284
D13,0,HOECHST,10333.94140625,248.16640941579612
D13,0,MITO,86392.3671875,2274.445630268935
D13,0,PHAandWGA,28849.90625,781.9095137670348
D13,0,SYTO,16562.69921875,469.7772985992888
D13,1,CONC,6611.4130859375,139.93312376796737
D13,1,HOECHST,10860.3046875,250.10187179581615
D13,1,MITO,95008.515625,3107.828636974488
D13,1,PHAandWGA,31861.9140625,1043.6613980737816
D13,1,SYTO,20380.564453125,715.0942843337702
D13,2,CONC,7309.4140625,169.57744624647654
D13,2,HOECHST,11583.1689453125,253.7066819114209
D13,2,MITO,102751.6875,3595.536030479894
D13,2,PHAandWGA,34933.828125,1267.9121991177649
D13,2,SYTO,23512.12890625,898.4327333843992
D13,3,CONC,7840.43505859375,179.77845323511286
D13,3,HOECHST,12152.5810546875,249.43038845075353
D13,3,MITO,107834.03125,3754.9641263047656
D13,3,PHAandWGA,37946.5625,1389.358222321725
D13,3,SYTO,26548.05078125,970.8537406708526
D13,4,CONC,8198.076171875,179.7728720402467
D13,4,HOECHST,12458.9599609375,235.97855007036182
D13,4,MITO,112933.9140625,3745.106593233088
D13,4,PHAandWGA,40315.796875,1435.3070909396456
D13,4,SYTO,28258.90234375,972.010781715461
D13,5,CONC,8540.8193359375,172.86583366185803
D13,5,HOECHST,12768.865234375,223.0293312888779
D13,5,MITO,116514.859375,3677.5359383083546
D13,5,PHAandWGA,43095.61328125,1421.9211511109454
D13,5,SYTO,30641.212890625,930.7492073676277
D13,6,CONC,8695.8115234375,164.9919439454822
D13,6,HOECHST,12988.3212890625,209.62226090110735
D13,6,MITO,121147.46875,3564.040755133045
D13,6,PHAandWGA,44647.890625,1393.4702654083524
D13,6,SYTO,32229.458984375,882.4371504587841
D13,7,CONC,8870.87890625,156.0903288970042
D13,7,HOECHST,13243.150390625,198.9322718502857
D13,7,MITO,122708.90625,3430.639216241993
D13,7,PHAandWGA,46400.3203125,1350.4253170610268
D13,7,SYTO,33428.296875,832.5671462967222
D13,8,CONC,8945.369140625,148.35432840455937
D13,8,HOECHST,13465.3955078125,190.1679871532942
D13,8,MITO,124904.734375,3307.180117613939
D13,8,PHAandWGA,48096.29296875,1301.1481248328657
D13,8,SYTO,34508.08984375,785.9162987520155
D13,9,CONC,8975.9140625,140.7180492375945
D13,9,HOECHST,13460.14453125,180.99823355704805
D13,9,MITO,126075.078125,3194.1231821315664
D13,9,PHAandWGA,49026.94140625,1249.1308243408325
D13,9,SYTO,34318.77734375,741.3286089121364
D13,10,CONC,8968.4580078125,133.37724963688865
D13,10,HOECHST,13625.873046875,171.84211405786593
D13,10,MITO,127283.28125,3078.5639587123837
D13,10,PHAandWGA,49316.3515625,1194.5137666828211
D13,10,SYTO,34640.671875,702.1514249229475
D13,11,CONC,8929.5703125,126.42180594867035
D13,11,HOECHST,13647.3798828125,163.3960234236729
D13,11,MITO,127728.6171875,2968.900204662065
D13,11,PHAandWGA,49927.78125,1147.9202055572496
D13,11,SYTO,34627.125,665.6137661332059
D13,12,CONC,8880.2744140625,120.7750524698027
D13,12,HOECHST,13734.984375,155.40522920577578
D13,12,MITO,128624.6796875,2878.9155716618557
D13,12,PHAandWGA,50066.875,1109.2386504281458
D13,12,SYTO,34524.1640625,637.2572073086028
D13,13,CONC,8921.6953125,115.64025431372508
D13,13,HOECHST,13776.03125,147.97836565937104
D13,13,MITO,128206.71875,2784.277521966735
D13,13,PHAandWGA,50078.8515625,1074.163358725277
D13,13,SYTO,33899.5,607.2521123211819
D13,14,CONC,8916.64453125,111.49724984267515
D13,14,HOECHST,13886.4921875,141.50421672586123
D13,14,MITO,129725.890625,2695.8801223391783
D13,14,PHAandWGA,49706.140625,1047.5544906488014
D13,14,SYTO,33860.34375,583.1676415421601
D13,15,CONC,8982.84765625,107.55049408163929
D13,15,HOECHST,13946.361328125,134.91229189526837
D13,15,MITO,130342.390625,2606.639548164175
D13,15,PHAandWGA,49853.4609375,1017.065846563896
D13,15,SYTO,33896.8359375,558.8066527789335
D14,0,CONC,1702.6112060546875,59.49178548398014
D14,0,HOECHST,1217.1802978515625,36.76315214986867
D14,0,MITO,35241.9296875,4439.69747531748
D14,0,PHAandWGA,5823.599609375,546.148915362297
D14,0,SYTO,2934.327392578125,254.4369139200276
D14,1,CONC,1832.787353515625,76.89139955682134
D14,1,HOECHST,1300.940185546875,48.64393619125603
D14,1,MITO,37130.78125,5151.891420159276
D14,1,PHAandWGA,6962.65478515625,682.1424260074181
D14,1,SYTO,3296.26513671875,321.0774505125003
D14,2,CONC,1999.2939453125,96.18556850575303
D14,2,HOECHST,1401.464111328125,63.13433729693467
D14,2,MITO,40362.09375,5909.791853896268
D14,2,PHAandWGA,7851.263671875,832.8764974121623
D14,2,SYTO,3672.42333984375,396.437975827137
D14,3,CONC,2108.308837890625,107.5209232695284
D14,3,HOECHST,1512.410400390625,72.49680341779886
D14,3,MITO,41895.53125,6344.01077556923
D14,3,PHAandWGA,8728.5546875,940.7048447137747
D14,3,SYTO,3977.087890625,448.8937945223858
D14,4,CONC,2181.371337890625,111.9116159670051
D14,4,HOECHST,1575.705078125,78.44259274175022
D14,4,MITO,42991.21875,6521.84095399617
D14,4,PHAandWGA,9315.4052734375,999.7830953197639
D14,4,SYTO,4188.9423828125,476.26395510958156
D14,5,CONC,2232.83642578125,112.76824306042043
D14,5,HOECHST,1626.63427734375,81.24593090522889
D14,5,MITO,43705.7890625,6535.391824950324
D14,5,PHAandWGA,9611.5283203125,1026.697944217408
D14,5,SYTO,4331.47412109375,482.9739388992922
D14,6,CONC,2251.53271484375,110.53783938409696
D14,6,HOECHST,1639.45166015625,77.73930219935748
D14,6,MITO,44221.2578125,6484.0498812066335
D14,6,PHAandWGA,9887.6533203125,1018.5916072568808
D14,6,SYTO,4343.89599609375,470.2799742746413
D14,7,CONC,2255.791259765625,107.03488666067379
D14,7,HOECHST,1616.796630859375,72.45401117679761
D14,7,MITO,44563.34765625,6332.649006888873
D14,7,PHAandWGA,9721.5869140625,993.0014117710197
D14,7,SYTO,4332.1259765625,448.27781833898445
D14,8,CONC,2254.028076171875,103.43482924941036
D14,8,HOECHST,1630.841552734375,69.02937160804197
D14,8,MITO,44348.4609375,6127.384247969611
D14,8,PHAandWGA,9537.525390625,961.5740842047368
D14,8,SYTO,4285.92431640625,426.4101262704468
D14,9,CONC,2252.0341796875,99.57239551106095
D14,9,HOECHST,1611.751220703125,64.78330894106708
D14,9,MITO,44362.57421875,5931.302358111464
D14,9,PHAandWGA,9489.794921875,925.9578668026612
D14,9,SYTO,4237.9072265625,405.00632170582986
D14,10,CONC,2245.53076171875,95.21439344793008
D14,10,HOECHST,1610.66650390625,60.29058290984227
D14,10,MITO,44769.671875,5707.835904803013
D14,10,PHAandWGA,9347.9091796875,878.3015717460434
D14,10,SYTO,4192.42822265625,381.0011653856715
D14,11,CONC,2262.392333984375,90.46466655860645
D14,11,HOECHST,1605.109130859375,56.53693729418899
D14,11,MITO,44702.421875,5428.919276151954
D14,11,PHAandWGA,9110.59375,824.5318919490031
D14,11,SYTO,4182.23193359375,358.9650475970201
D14,12,CONC,2251.44873046875,86.31695300124443
D14,12,HOECHST,1599.4052734375,53.11842108340141
D14,12,MITO,44881.1640625,5186.4676623272
D14,12,PHAandWGA,8925.9677734375,781.0719514993625
D14,12,SYTO,4145.20703125,338.34858321382984
D14,13,CONC,2271.2373046875,82.22735521325497
D14,13,HOECHST,1623.72412109375,50.140881198694
D14,13,MITO,44681.09375,4871.268565135151
D14,13,PHAandWGA,8783.572265625,730.5616072274314
D14,13,SYTO,4124.0673828125,317.52855701664595
D14,14,CONC,2309.2431640625,78.03438724132988
D14,14,HOECHST,1640.52001953125,47.41157784160838
D14,14,MITO,45186.64453125,4546.572494438582
D14,14,PHAandWGA,8622.1357421875,677.0617390191177
D14,14,SYTO,4165.861328125,296.4349951131316
D14,15,CONC,2335.4794921875,74.04460969789072
D14,15,HOECHST,1660.1151123046875,44.72294307896311
D14,15,MITO,45724.71875,4235.776264351815
D14,15,PHAandWGA,8529.2099609375,629.3955808984214
D14,15,SYTO,4233.13818359375,276.7938260562248
D15,0,CONC,4175.05908203125,106.9206838667222
D15,0,HOECHST,2813.607177734375,89.70612422681427
D15,0,MITO,65039.2890625,3578.5414154841824
D15,0,PHAandWGA,19800.931640625,971.7728305194803
D15,0,SYTO,10315.3349609375,538.7450674187286
D15,1,CONC,4655.14453125,148.39204712489854
D15,1,HOECHST,3138.605224609375,127.76370381641757
D15,1,MITO,71001.1640625,4428.411875381783
D15,1,PHAandWGA,21604.578125,1241.9161081379746
D15,1,SYTO,12996.41015625,747.1516768217261
D15,2,CONC,5082.56787109375,178.65721601756545
D15,2,HOECHST,3504.544921875,162.13938386224896
D15,2,MITO,77299.296875,4980.786300135745
D15,2,PHAandWGA,23591.6640625,1457.5831090568513
D15,2,SYTO,15463.5009765625,904.8332271123915
D15,3,CONC,5459.0126953125,193.2367232721202
D15,3,HOECHST,3779.9970703125,180.79390673877774
D15,3,MITO,80711.4609375,5195.59474380577
D15,3,PHAandWGA,25794.82421875,1579.571181919904
D15,3,SYTO,17333.17578125,976.9248912950544
D15,4,CONC,5715.353515625,199.67630248615183
D15,4,HOECHST,3991.55615234375,187.34683969299041
D15,4,MITO,83684.9375,5283.608703914915
D15,4,PHAandWGA,27195.96875,1647.1412562433334
D15,4,SYTO,19072.33984375,992.3191493619137
D15,5,CONC,5903.4033203125,200.08530594257778
D15,5,HOECHST,4128.32470703125,187.3567231072222
D15,5,MITO,85090.890625,5286.856736055098
D15,5,PHAandWGA,28683.416015625,1675.8154291792923
D15,5,SYTO,20203.392578125,981.843058052498
D15,6,CONC,5971.5439453125,196.32392949410777
D15,6,HOECHST,4215.93115234375,185.84138605970276
D15,6,MITO,86942.859375,5269.885376892779
D15,6,PHAandWGA,29795.14453125,1673.3852545493621
D15,6,SYTO,20892.25,960.778737606303
D15,7,CONC,6014.4609375,191.76338354429913
D15,7,HOECHST,4252.5537109375,181.52882053642801
D15,7,MITO,88038.0625,5230.424756733376
D15,7,PHAandWGA,30663.23046875,1653.1667196260732
D15,7,SYTO,21282.61328125,931.0707412113537
D15,8,CONC,6059.15234375,187.27350759252008
D15,8,HOECHST,4327.93212890625,177.61786519240414
D15,8,MITO,89587.7578125,5189.485238309312
D15,8,PHAandWGA,31539.203125,1618.1338737441906
D15,8,SYTO,21392.21484375,900.3530634900221
D15,9,CONC,6113.6181640625,183.11400633161463
D15,9,HOECHST,4409.02001953125,173.1920561258619
D15,9,MITO,90813.140625,5127.570771654914
D15,9,PHAandWGA,32210.0234375,1571.6126667173714
D15,9,SYTO,21161.875,862.3095160440786
D15,10,CONC,6179.880859375,178.48912462288047
D15,10,HOECHST,4448.2666015625,167.9496516704848
D15,10,MITO,91211.171875,5035.519879159773
D15,10,PHAandWGA,32606.57421875,1523.7395964798673
D15,10,SYTO,20700.0703125,827.2009675238056
D15,11,CONC,6197.416015625,172.778175893529
D15,11,HOECHST,4494.7919921875,162.31560586012557
D15,11,MITO,91533.71875,4906.705746229478
D15,11,PHAandWGA,32771.57421875,1483.4926664547081
D15,11,SYTO,20191.40625,792.9032429203836
D15,12,CONC,6205.92626953125,166.24278236803875
D15,12,HOECHST,4485.63720703125,155.72684806060363
D15,12,MITO,93076.984375,4799.796891367658
D15,12,PHAandWGA,33010.6484375,1438.5988755907304
D15,12,SYTO,19967.61328125,758.5379177288012
D15,13,CONC,6198.244140625,159.71381781296782
D15,13,HOECHST,4516.8056640625,148.2129585346298
D15,13,MITO,94560.8046875,4646.464009704733
D15,13,PHAandWGA,32568.375,1390.8536992065735
D15,13,SYTO,19357.3359375,717.5955268849551
D15,14,CONC,6290.0849609375,153.39141200325648
D15,14,HOECHST,4568.2890625,141.26352471056757
D15,14,MITO,94155.1875,4449.018397313208
D15,14,PHAandWGA,33165.04296875,1340.573395777979
D15,14,SYTO,18959.201171875,680.270151915327
D15,15,CONC,6343.515625,146.71716145570488
D15,15,HOECHST,4607.591796875,134.50882385976257
D15,15,MITO,95091.59375,4273.543036443192
D15,15,PHAandWGA,32670.9375,1288.6402438424434
D15,15,SYTO,18672.76171875,640.9809362965892
D17,0,CONC,2903.036865234375,58.20230308795317
D17,0,HOECHST,1717.576904296875,37.22045616820191
D17,0,MITO,59929.171875,3232.0198908317275
D17,0,PHAandWGA,14697.162109375,712.2222408378607
D17,0,SYTO,6007.6416015625,302.6638505175105
D17,1,CONC,3082.4208984375,70.55079270172084
D17,1,HOECHST,1822.496826171875,46.4027886747076
D17,1,MITO,61294.09375,3634.1241792976903
D17,1,PHAandWGA,15566.607421875,827.392941424096
D17,1,SYTO,6474.80224609375,359.7551634973408
D17,2,CONC,3296.056396484375,83.15502789830056
D17,2,HOECHST,1956.940185546875,57.079124678422986
D17,2,MITO,65554.5625,4076.926205679352
D17,2,PHAandWGA,16854.525390625,955.2952716440199
D17,2,SYTO,7086.7431640625,425.1700390348563
D17,3,CONC,3490.884765625,93.71464462951674
D17,3,HOECHST,2094.03369140625,65.53686331737761
D17,3,MITO,68498.4609375,4375.677006199009
D17,3,PHAandWGA,18115.333984375,1063.4678969148238
D17,3,SYTO,7707.7099609375,475.0203646046693
D17,4,CONC,3664.03662109375,100.88917997258326
D17,4,HOECHST,2212.3720703125,72.11506749653915
D17,4,MITO,71082.984375,4544.415608177049
D17,4,PHAandWGA,19302.33203125,1143.6892328597703
D17,4,SYTO,8231.40234375,513.1518447630212
D17,5,CONC,3808.0234375,105.20809198274164
D17,5,HOECHST,2307.23583984375,77.31459266169425
D17,5,MITO,73718.640625,4666.514365643144
D17,5,PHAandWGA,20224.81640625,1207.3317229457186
D17,5,SYTO,8690.314453125,539.6970590051936
D17,6,CONC,3932.09326171875,107.2972514021881
D17,6,HOECHST,2392.860595703125,79.99841624935047
D17,6,MITO,75227.0703125,4723.7259739465635
D17,6,PHAandWGA,21266.57421875,1241.3522624227792
D17,6,SYTO,9038.98046875,550.4039859994084
D17,7,CONC,4030.15283203125,107.4767434602082
D17,7,HOECHST,2458.833984375,80.19111610655625
D17,7,MITO,77180.9140625,4729.919417202275
D17,7,PHAandWGA,21906.56640625,1265.7610241269917
D17,7,SYTO,9287.421875,547.7009786296833
D17,8,CONC,4089.9833984375,106.45339933857271
D17,8,HOECHST,2496.072265625,78.64533059802926
D17,8,MITO,78891.453125,4697.825457783082
D17,8,PHAandWGA,22737.30078125,1271.5822248636866
D17,8,SYTO,9398.884765625,538.8786668788637
D17,9,CONC,4131.90234375,104.92993160346772
D17,9,HOECHST,2516.740234375,76.76177467442238
D17,9,MITO,79335.9375,4640.465558280404
D17,9,PHAandWGA,23327.94921875,1269.773958032458
D17,9,SYTO,9437.025390625,528.5169183510229
D17,10,CONC,4174.755859375,103.21681015744099
D17,10,HOECHST,2550.78369140625,75.61153658827682
D17,10,MITO,80645.296875,4587.7574285929195
D17,10,PHAandWGA,23854.859375,1260.590794896708
D17,10,SYTO,9508.9638671875,516.9958271557159
D17,11,CONC,4229.8408203125,100.77263990646334
D17,11,HOECHST,2580.4658203125,73.56688837755361
D17,11,MITO,81440.6875,4493.431954826172
D17,11,PHAandWGA,23813.482421875,1231.5306063632977
D17,11,SYTO,9632.1328125,501.62663568237986
D17,12,CONC,4252.625,98.14640153709401
D17,12,HOECHST,2601.7470703125,71.13757825763315
D17,12,MITO,82901.28125,4384.410229573489
D17,12,PHAandWGA,23986.5234375,1206.0023695728403
D17,12,SYTO,9636.08984375,483.4317049776006
D17,13,CONC,4319.50341796875,95.38239229224199
D17,13,HOECHST,2633.140380859375,68.52810901262295
D17,13,MITO,83711.671875,4260.544960169338
D17,13,PHAandWGA,24143.9765625,1169.3038686432506
D17,13,SYTO,9693.25,465.4499240094206
D17,14,CONC,4355.0849609375,92.55312219208535
D17,14,HOECHST,2655.134033203125,65.92066170306092
D17,14,MITO,84494.25,4151.640107498382
D17,14,PHAandWGA,24537.67578125,1133.9867855212538
D17,14,SYTO,9715.0859375,445.65671527992464
D17,15,CONC,4405.77587890625,89.66722525549109
D17,15,HOECHST,2688.221923828125,63.02670932290604
D17,15,MITO,84767.109375,3983.289230639182
D17,15,PHAandWGA,24606.5859375,1091.704164867886
D17,15,SYTO,9786.93359375,425.9282516341864
D19,0,CONC,2513.44189453125,69.07324639360706
D19,0,HOECHST,1352.344970703125,37.94753394076637
D19,0,MITO,45141.3828125,4187.678752778309
D19,0,PHAandWGA,9508.224609375,626.5376209283536
D19,0,SYTO,4064.37255859375,280.87928886825557
D19,1,CONC,2687.870361328125,85.7409295295899
D19,1,HOECHST,1453.90576171875,49.5384344448522
D19,1,MITO,47251.09375,4766.387480405087
D19,1,PHAandWGA,10534.142578125,764.4578492494277
D19,1,SYTO,4463.03271484375,347.9677015467091
D19,2,CONC,2862.734375,98.2191707486103
D19,2,HOECHST,1548.365234375,58.93475924408509
D19,2,MITO,49947.28125,5167.788990647677
D19,2,PHAandWGA,11384.2333984375,875.3636708610712
D19,2,SYTO,4868.97265625,403.8880669032429
D19,3,CONC,2973.36962890625,106.12738263783932
D19,3,HOECHST,1622.94384765625,62.78199280753218
D19,3,MITO,51635.4921875,5390.489053683588
D19,3,PHAandWGA,12189.61328125,956.3570969456873
D19,3,SYTO,5152.53955078125,436.8712178678315
D19,4,CONC,3070.0712890625,108.99809909780492
D19,4,HOECHST,1657.206787109375,64.73199075560026
D19,4,MITO,52876.59765625,5497.01946904053
D19,4,PHAandWGA,12740.33984375,997.2507721640886
D19,4,SYTO,5337.806640625,449.81808526052447
D19,5,CONC,3110.701416015625,109.07789356692717
D19,5,HOECHST,1700.2098388671875,64.15788496894685
D19,5,MITO,53994.625,5495.974554841755
D19,5,PHAandWGA,12996.748046875,1006.9651379325836
D19,5,SYTO,5425.595703125,446.55862899612833
D19,6,CONC,3149.46728515625,108.27461218780482
D19,6,HOECHST,1722.255615234375,62.933118216948436
D19,6,MITO,54425.06640625,5489.181539030704
D19,6,PHAandWGA,13331.921875,1009.9894527292834
D19,6,SYTO,5502.35498046875,440.10796245794484
D19,7,CONC,3228.31201171875,107.56277401948482
D19,7,HOECHST,1753.291259765625,62.34868953322442
D19,7,MITO,55883.2265625,5447.952044022904
D19,7,PHAandWGA,13557.03125,1003.7744075781577
D19,7,SYTO,5645.8125,433.1037975744429
D19,8,CONC,3280.3623046875,106.84051962945702
D19,8,HOECHST,1783.5341796875,60.7473330483028
D19,8,MITO,56703.046875,5402.556694951122
D19,8,PHAandWGA,14040.431640625,990.7226133940642
D19,8,SYTO,5722.77294921875,422.8218484544895
D19,9,CONC,3333.697021484375,105.27061498132143
D19,9,HOECHST,1791.8572998046875,58.83612709677923
D19,9,MITO,56762.1328125,5276.078340360447
D19,9,PHAandWGA,14198.66015625,968.5863891648457
D19,9,SYTO,5824.7666015625,411.2723257389504
D19,10,CONC,3366.2880859375,103.04036915240482
D19,10,HOECHST,1816.3974609375,57.10204001175756
D19,10,MITO,57962.09375,5167.100952049677
D19,10,PHAandWGA,14113.7724609375,941.4793489107087
D19,10,SYTO,5818.9951171875,398.0251421458764
D19,11,CONC,3397.236083984375,99.91090434708426
D19,11,HOECHST,1831.3193359375,55.26039321913076
D19,11,MITO,57980.8984375,4999.884505515413
D19,11,PHAandWGA,14220.642578125,911.6657869270749
D19,11,SYTO,5850.185546875,381.96645698204424
D19,12,CONC,3434.874755859375,96.9501363536066
D19,12,HOECHST,1848.625,53.427817755105345
D19,12,MITO,58723.47265625,4842.134141305579
D19,12,PHAandWGA,14293.7626953125,882.8210351517026
D19,12,SYTO,5875.0048828125,366.74854284150155
D19,13,CONC,3474.35888671875,93.78805074976673
D19,13,HOECHST,1866.441650390625,51.29690110089522
D19,13,MITO,59623.625,4668.608550144797
D19,13,PHAandWGA,14324.1494140625,847.02902226507
D19,13,SYTO,5875.650390625,350.3441088438122
D19,14,CONC,3498.72509765625,90.71835054562189
D19,14,HOECHST,1877.9361572265625,48.86253116114727
D19,14,MITO,60273.3359375,4487.138268236663
D19,14,PHAandWGA,14384.80078125,813.8138238163831
D19,14,SYTO,5927.54296875,333.91439030220926
D19,15,CONC,3545.78759765625,87.38122887210035
D19,15,HOECHST,1911.2071533203125,46.6779653147309
D19,15,MITO,61189.1015625,4278.702260116626
D19,15,PHAandWGA,14256.7998046875,770.0976200532996
D19,15,SYTO,6037.626953125,317.51675835604004
D20,0,CONC,5485.75390625,93.41698590306117
D20,0,HOECHST,1240.217041015625,15.581519756908813
D20,0,MITO,69215.21875,3246.62880271588
D20,0,PHAandWGA,18884.015625,747.8933009902543
D20,0,SYTO,5969.45166015625,241.02688034672587
D20,1,CONC,6037.2802734375,130.01402183690436
D20,1,HOECHST,1315.51025390625,19.875836763742896
D20,1,MITO,72696.2421875,4007.30418568547
D20,1,PHAandWGA,20343.52734375,928.9824682649602
D20,1,SYTO,6507.9677734375,308.79611805077116
D20,2,CONC,6761.189453125,183.39336411671707
D20,2,HOECHST,1433.4564208984375,27.368504742869547
D20,2,MITO,81271.53125,4919.177033960371
D20,2,PHAandWGA,22646.365234375,1180.0271691281441
D20,2,SYTO,7543.6572265625,411.4261656360766
D20,3,CONC,7396.87451171875,218.36445100687376
D20,3,HOECHST,1551.518798828125,34.631770058496656
D20,3,MITO,86591.84375,5394.719251464015
D20,3,PHAandWGA,24667.107421875,1376.1297925828674
D20,3,SYTO,8569.439453125,493.1138199703093
D20,4,CONC,7745.9970703125,223.1045461006584
D20,4,HOECHST,1647.3388671875,39.059709658729005
D20,4,MITO,89228.03125,5521.228678610432
D20,4,PHAandWGA,26752.236328125,1489.2322446292774
D20,4,SYTO,9404.2109375,536.5694630641766
D20,5,CONC,7962.634765625,214.153438369087
D20,5,HOECHST,1724.1990966796875,42.04145121532981
D20,5,MITO,92074.5625,5453.644762706697
D20,5,PHAandWGA,27802.08984375,1518.8413077506443
D20,5,SYTO,9912.2900390625,546.4823322058481
D20,6,CONC,8051.828125,205.28417746184888
D20,6,HOECHST,1776.5380859375,43.4914628418346
D20,6,MITO,94508.765625,5379.977330091726
D20,6,PHAandWGA,29084.01953125,1486.3457075134943
D20,6,SYTO,10075.2626953125,537.0054537463488
D20,7,CONC,8055.3046875,195.20976249863168
D20,7,HOECHST,1781.99951171875,42.23668584831807
D20,7,MITO,95825.6875,5258.656877129319
D20,7,PHAandWGA,29407.91015625,1435.0836367611894
D20,7,SYTO,10030.52734375,518.5634844849699
D20,8,CONC,8048.6416015625,184.89855986996068
D20,8,HOECHST,1807.474609375,40.42094122499742
D20,8,MITO,96386.765625,5150.775836312086
D20,8,PHAandWGA,29885.736328125,1380.4929843579425
D20,8,SYTO,9858.115234375,494.30767232284484
D20,9,CONC,8034.8447265625,177.0384953958249
D20,9,HOECHST,1818.630126953125,38.5887057362572
D20,9,MITO,95641.234375,4958.233494059681
D20,9,PHAandWGA,30174.09375,1327.264098221869
D20,9,SYTO,9871.4892578125,470.9838569779022
D20,10,CONC,8041.60546875,170.73213160545762
D20,10,HOECHST,1816.845703125,36.810139913433545
D20,10,MITO,96241.1484375,4863.2500777484765
D20,10,PHAandWGA,31074.05078125,1290.5331254827665
D20,10,SYTO,9772.36328125,451.6020975468095
D20,11,CONC,7970.1455078125,163.41867603972497
D20,11,HOECHST,1810.225341796875,35.19440854647447
D20,11,MITO,97042.6875,4728.844703724656
D20,11,PHAandWGA,30980.8046875,1252.2576489303506
D20,11,SYTO,9749.68359375,431.33481268420013
D20,12,CONC,8022.22607421875,156.26942926907319
D20,12,HOECHST,1838.267822265625,33.903132835535416
D20,12,MITO,96238.7421875,4558.31854958961
D20,12,PHAandWGA,30536.03515625,1210.5400629516464
D20,12,SYTO,9657.2626953125,410.8297487520782
D20,13,CONC,8017.63623046875,149.4708639922739
D20,13,HOECHST,1849.169677734375,32.82820512979501
D20,13,MITO,97099.0,4402.28829922553
D20,13,PHAandWGA,30516.15234375,1167.2610877830662
D20,13,SYTO,9712.6826171875,392.75361123054256
D20,14,CONC,8124.09375,143.36728604598687
D20,14,HOECHST,1867.8251953125,31.770058830541956
D20,14,MITO,97739.453125,4208.8271614449395
D20,14,PHAandWGA,30637.21484375,1129.092186492667
D20,14,SYTO,9731.609375,374.95164857214405
D20,15,CONC,8200.703125,137.47113563849092
D20,15,HOECHST,1871.796142578125,30.826283765695543
D20,15,MITO,98467.7109375,4030.215155692621
D20,15,PHAandWGA,31113.1171875,1079.7677862433004
D20,15,SYTO,9836.2578125,358.25825010584384
D21,0,CONC,2071.765625,96.21536885593605
D21,0,HOECHST,1733.3135986328125,98.14773509994771
D21,0,MITO,35405.57421875,4556.445327361634
D21,0,PHAandWGA,7998.857421875,819.9222270694229
D21,0,SYTO,3863.7490234375,427.8893082463481
D21,1,CONC,2321.764404296875,134.280708194623
D21,1,HOECHST,1981.512939453125,147.88884265364658
D21,1,MITO,37967.21875,5461.954913992728
D21,1,PHAandWGA,9146.064453125,1081.7614211545433
D21,1,SYTO,4862.0478515625,600.7965070795989
D21,2,CONC,2486.976318359375,156.91095299653185
D21,2,HOECHST,2156.43896484375,177.9554085420908
D21,2,MITO,40653.16015625,6095.1846654819265
D21,2,PHAandWGA,10201.42578125,1259.1326952182087
D21,2,SYTO,5642.154296875,699.6878492832824
D21,3,CONC,2625.259033203125,164.9581852361481
D21,3,HOECHST,2273.2568359375,187.10251424964625
D21,3,MITO,42143.5703125,6403.917807867975
D21,3,PHAandWGA,11149.765625,1355.5956799222538
D21,3,SYTO,5875.0341796875,724.0276857071768
D21,4,CONC,2685.179931640625,166.22213846787835
D21,4,HOECHST,2351.941650390625,189.87100125958332
D21,4,MITO,43378.171875,6610.008629004019
D21,4,PHAandWGA,11712.017578125,1387.9129630802452
D21,4,SYTO,5811.01123046875,721.6386179847442
D21,5,CONC,2752.648681640625,165.26844107369226
D21,5,HOECHST,2406.00439453125,187.09478098240282
D21,5,MITO,44759.25390625,6703.307852443071
D21,5,PHAandWGA,12266.6796875,1403.4535965004684
D21,5,SYTO,5766.0654296875,705.2461668243698
D21,6,CONC,2796.7294921875,163.51352427792486
D21,6,HOECHST,2412.071044921875,182.39614361329328
D21,6,MITO,45730.921875,6769.129078161011
D21,6,PHAandWGA,12409.70703125,1403.492340633287
D21,6,SYTO,5748.7578125,690.9118899924343
D21,7,CONC,2814.96240234375,159.95610345117024
D21,7,HOECHST,2403.37841796875,175.11168378008622
D21,7,MITO,45596.265625,6772.46548212795
D21,7,PHAandWGA,12765.9638671875,1386.1032440661097
D21,7,SYTO,5609.091796875,666.9221040172602
D21,8,CONC,2807.06201171875,154.43498713273343
D21,8,HOECHST,2381.80419921875,164.92781656132456
D21,8,MITO,46349.25,6687.329074358516
D21,8,PHAandWGA,12883.0625,1349.913140836617
D21,8,SYTO,5490.794921875,635.2067679962108
D21,9,CONC,2803.438720703125,148.0645152991767
D21,9,HOECHST,2381.988037109375,154.7423636365381
D21,9,MITO,46575.9296875,6553.104697275532
D21,9,PHAandWGA,12880.1171875,1308.3278865303903
D21,9,SYTO,5417.642578125,600.0425747016224
D21,10,CONC,2801.634765625,141.54382759903754
D21,10,HOECHST,2372.267333984375,145.3917139902463
D21,10,MITO,46783.2421875,6380.662330477429
D21,10,PHAandWGA,12768.6630859375,1245.888780189339
D21,10,SYTO,5348.36767578125,563.7644481157389
D21,11,CONC,2801.70166015625,133.7368575727437
D21,11,HOECHST,2358.8271484375,135.25747800510933
D21,11,MITO,46819.0546875,6111.359790412651
D21,11,PHAandWGA,12454.203125,1154.7641924164298
D21,11,SYTO,5247.392578125,523.8240926109955
D21,12,CONC,2790.8369140625,126.14240556998668
D21,12,HOECHST,2346.9306640625,125.34376868112764
D21,12,MITO,46247.078125,5839.554679806883
D21,12,PHAandWGA,11921.0361328125,1072.0643989249943
D21,12,SYTO,5189.9599609375,485.87754321739567
D21,13,CONC,2809.79638671875,118.7525189513787
D21,13,HOECHST,2365.94140625,115.8214659044382
D21,13,MITO,46583.0625,5520.717072992188
D21,13,PHAandWGA,11797.072265625,996.2129391856405
D21,13,SYTO,5196.78515625,449.5194192638798
D21,14,CONC,2815.22216796875,111.79422032752531
D21,14,HOECHST,2387.425537109375,107.81609091498595
D21,14,MITO,46888.91015625,5174.470789047942
D21,14,PHAandWGA,11637.38671875,925.2151175985788
D21,14,SYTO,5187.46728515625,415.2197052403226
D21,15,CONC,2841.64208984375,104.53605808986384
D21,15,HOECHST,2414.55615234375,99.57844575134085
D21,15,MITO,46586.4765625,4751.059002481824
D21,15,PHAandWGA,11365.37890625,842.6994316645404
D21,15,SYTO,5207.6376953125,379.8429835759473
E04,0,CONC,10785.8046875,148.3844880243231
E04,0,HOECHST,5752.6015625,108.19170387365827
E04,0,MITO,96402.9453125,1745.9669043635765
E04,0,PHAandWGA,40497.5546875,795.0757353499241
E04,0,SYTO,29299.021484375,676.8799018858938
E04,1,CONC,11770.537109375,185.66852678289126
E04,1,HOECHST,6253.2138671875,133.54720745358205
E04,1,MITO,101701.234375,2009.7255740713426
E04,1,PHAandWGA,43159.4296875,934.6552549271619
E04,1,SYTO,32030.732421875,822.0000630624847
E04,2,CONC,12648.771484375,203.73041441556902
E04,2,HOECHST,6717.9716796875,149.96513704922194
E04,2,MITO,107720.5859375,2131.02994035498
E04,2,PHAandWGA,45367.1328125,1019.3096629364435
E04,2,SYTO,34889.59375,901.696238392237
E04,3,CONC,13340.876953125,205.29902514616822
E04,3,HOECHST,7099.044921875,155.61293366649372
E04,3,MITO,111330.8828125,2162.162436413799
E04,3,PHAandWGA,48397.9921875,1054.1159955141338
E04,3,SYTO,37101.0859375,921.2788360100154
E04,4,CONC,13772.07421875,199.19378993893815
E04,4,HOECHST,7498.92822265625,155.80823426546155
E04,4,MITO,114952.921875,2123.118682598912
E04,4,PHAandWGA,49807.1328125,1050.1641155792604
E04,4,SYTO,39057.24609375,907.0714736031724
E04,5,CONC,14182.45703125,189.3624691794617
E04,5,HOECHST,7729.9228515625,151.61079911703982
E04,5,MITO,118063.46875,2073.3035937198647
E04,5,PHAandWGA,52564.2265625,1030.627674366155
E04,5,SYTO,40801.046875,875.4582932882518
E04,6,CONC,14460.275390625,180.04650132547144
E04,6,HOECHST,7886.4501953125,144.8526868255489
E04,6,MITO,121185.3515625,2019.7143418998467
E04,6,PHAandWGA,54063.66796875,1000.6404904818164
E04,6,SYTO,42237.890625,835.2835605759143
E04,7,CONC,14692.087890625,170.82355255205303
E04,7,HOECHST,8075.08154296875,138.67060524595558
E04,7,MITO,121362.9296875,1944.0362607781697
E04,7,PHAandWGA,54892.1015625,961.4142329338498
E04,7,SYTO,44181.8984375,787.4442515062116
E04,8,CONC,14944.109375,161.66178997562798
E04,8,HOECHST,8252.1904296875,131.68389759225795
E04,8,MITO,124811.25,1868.5766620146744
E04,8,PHAandWGA,57207.9765625,917.5782500794313
E04,8,SYTO,45331.0,739.7191730083302
E04,9,CONC,15120.140625,152.23181817226245
E04,9,HOECHST,8410.314453125,124.78057838770707
E04,9,MITO,127598.1328125,1799.2054623353288
E04,9,PHAandWGA,58053.5546875,869.9559372544463
E04,9,SYTO,46441.0390625,694.331722761684
E04,10,CONC,15278.48046875,144.99878677211197
E04,10,HOECHST,8555.33984375,119.12744027900455
E04,10,MITO,128711.09375,1737.8567030942895
E04,10,PHAandWGA,59832.04296875,833.4591529756435
E04,10,SYTO,47546.03125,658.5609660765709
E04,11,CONC,15422.314453125,138.9685140933592
E04,11,HOECHST,8678.3779296875,114.34670053753338
E04,11,MITO,131056.1015625,1690.899036773056
E04,11,PHAandWGA,60017.1640625,802.8153251425905
E04,11,SYTO,47466.6328125,625.9698388649321
E04,12,CONC,15517.873046875,133.51397082216727
E04,12,HOECHST,8777.4794921875,110.23149363112692
E04,12,MITO,132177.84375,1646.3727699909823
E04,12,PHAandWGA,61653.73046875,775.5302296426194
E04,12,SYTO,48501.18359375,597.1733421268118
E04,13,CONC,15673.587890625,128.13310169501747
E04,13,HOECHST,8831.0234375,106.19791229976191
E04,13,MITO,131959.46875,1599.4584103148654
E04,13,PHAandWGA,61125.51171875,748.498506005735
E04,13,SYTO,48759.3125,572.1431085142628
E04,14,CONC,15730.5947265625,122.941450390195
E04,14,HOECHST,8974.6474609375,102.45013870891863
E04,14,MITO,133329.4375,1552.342948525998
E04,14,PHAandWGA,62543.875,721.5296336424858
E04,14,SYTO,49000.55859375,547.0250264836501
E04,15,CONC,15799.47265625,117.82855252640927
E04,15,HOECHST,9027.7373046875,98.6866834442035
E04,15,MITO,135368.890625,1511.4004180496743
E04,15,PHAandWGA,62826.36328125,699.4249525533461
E04,15,SYTO,48976.2578125,523.4206672294778
E05,0,CONC,9461.09765625,92.48628036958354
E05,0,HOECHST,5029.041015625,67.38598200169815
E05,0,MITO,89942.671875,1276.2527763452326
E05,0,PHAandWGA,36362.5703125,554.6596009550234
E05,0,SYTO,24335.15234375,422.5019954375236
E05,1,CONC,10216.109375,119.7444388341668
E05,1,HOECHST,5341.7060546875,85.46396934554521
E05,1,MITO,93696.015625,1521.7892956542069
E05,1,PHAandWGA,38021.15234375,653.3142629618574
E05,1,SYTO,26359.140625,524.2521174713559
E05,2,CONC,11104.90625,155.3088101872691
E05,2,HOECHST,5822.01708984375,109.48104871519124
E05,2,MITO,100886.6328125,1809.9075574935923
E05,2,PHAandWGA,40695.8671875,783.9514500014494
E05,2,SYTO,28737.240234375,654.6011346292646
E05,3,CONC,11972.1083984375,176.1873320070062
E05,3,HOECHST,6274.35693359375,125.4147050798001
E05,3,MITO,104840.453125,1933.4211101088304
E05,3,PHAandWGA,43601.5078125,876.3788844881449
E05,3,SYTO,31237.1953125,742.4677034551613
E05,4,CONC,12601.591796875,177.26772978644956
E05,4,HOECHST,6618.279296875,128.61916511994843
E05,4,MITO,109250.328125,1932.726151937379
E05,4,PHAandWGA,45839.8203125,906.9535796489822
E05,4,SYTO,34330.5625,762.1332595880484
E05,5,CONC,13380.326171875,173.56378446136165
E05,5,HOECHST,7007.900390625,128.61462712740558
E05,5,MITO,115847.03125,1894.7342936189914
E05,5,PHAandWGA,48965.81640625,907.1839802743614
E05,5,SYTO,37066.734375,754.4812936200134
E05,6,CONC,14034.86328125,164.20834750409279
E05,6,HOECHST,7431.06298828125,126.15958740216429
E05,6,MITO,120614.0390625,1820.025194549724
E05,6,PHAandWGA,52008.78125,881.4502069094524
E05,6,SYTO,40227.8359375,722.7200742365949
E05,7,CONC,14443.806640625,150.46308299488413
E05,7,HOECHST,7739.08056640625,118.89018070472511
E05,7,MITO,123611.71875,1724.7015805587441
E05,7,PHAandWGA,54317.890625,836.3235512574582
E05,7,SYTO,42129.9375,673.1659290705957
E05,8,CONC,14591.1591796875,138.8752690672169
E05,8,HOECHST,7939.2509765625,111.12115980958552
E05,8,MITO,126693.40625,1637.8442694521323
E05,8,PHAandWGA,55479.8828125,791.6002146023233
E05,8,SYTO,44363.91015625,625.1005027411176
E05,9,CONC,14896.08203125,128.12004833489527
E05,9,HOECHST,8096.568359375,103.0851473633544
E05,9,MITO,129359.203125,1556.085495512476
E05,9,PHAandWGA,57001.98046875,745.5591056391931
E05,9,SYTO,45592.4609375,579.9863929821689
E05,10,CONC,14970.580078125,118.17135479117613
E05,10,HOECHST,8233.4296875,95.47218904157855
E05,10,MITO,130180.9453125,1480.561127070321
E05,10,PHAandWGA,58776.66796875,703.3784968005856
E05,10,SYTO,45725.8828125,537.3817723294553
E05,11,CONC,15062.19921875,109.89089369056958
E05,11,HOECHST,8262.625,88.9401545270098
E05,11,MITO,132257.1875,1419.5096268894117
E05,11,PHAandWGA,59804.5234375,667.7268076781264
E05,11,SYTO,45960.265625,501.14275308360396
E05,12,CONC,15024.296875,104.16037044018852
E05,12,HOECHST,8342.623046875,84.74599378797274
E05,12,MITO,133888.78125,1383.39165610407
E05,12,PHAandWGA,60426.72265625,642.3260298733718
E05,12,SYTO,46299.7421875,477.0354460089333
E05,13,CONC,15036.556640625,99.7272013983084
E05,13,HOECHST,8384.984375,81.23745107849295
E05,13,MITO,133895.84375,1349.0301426782896
E05,13,PHAandWGA,59950.734375,623.2926233233545
E05,13,SYTO,47013.2421875,456.8311995769711
E05,14,CONC,15068.5859375,96.04068151595202
E05,14,HOECHST,8428.5703125,78.45084564832776
E05,14,MITO,134947.46875,1322.392294472138
E05,14,PHAandWGA,60961.2109375,608.1839034713918
E05,14,SYTO,46519.4765625,439.5769917020362
E05,15,CONC,15042.458984375,93.03351196086732
E05,15,HOECHST,8412.1982421875,76.20663295329186
E05,15,MITO,135781.46875,1297.7492718984965
E05,15,PHAandWGA,60843.46875,595.3290241743329
E05,15,SYTO,46602.375,426.38782590579814
E06,0,CONC,10252.134765625,154.2575403706497
E06,0,HOECHST,5057.5732421875,97.73100339429485
E06,0,MITO,94283.90625,2247.6281960276306
E06,0,PHAandWGA,36971.73046875,854.4498419237977
E06,0,SYTO,25445.27734375,668.549347148768
E06,1,CONC,11402.689453125,211.5921278592572
E06,1,HOECHST,5542.099609375,130.89676354166502
E06,1,MITO,99345.9375,2728.6190767672215
E06,1,PHAandWGA,40173.15625,1066.159931064368
E06,1,SYTO,28224.34765625,874.3222234673184
E06,2,CONC,12537.802734375,240.64521323478007
E06,2,HOECHST,6005.1689453125,150.67821844788816
E06,2,MITO,106314.140625,2927.2152954303137
E06,2,PHAandWGA,42809.0703125,1207.0438678268017
E06,2,SYTO,31434.919921875,990.5853617938953
E06,3,CONC,13396.3359375,254.68219688541674
E06,3,HOECHST,6532.2626953125,166.7782718483805
E06,3,MITO,112668.734375,3011.7455626690476
E06,3,PHAandWGA,45896.734375,1267.7486821229045
E06,3,SYTO,33911.23046875,1046.6784529756071
E06,4,CONC,13996.1484375,247.1725077337872
E06,4,HOECHST,6832.763671875,166.54138664566358
E06,4,MITO,117155.8671875,2924.7241217923397
E06,4,PHAandWGA,48601.21875,1270.694590279382
E06,4,SYTO,36471.72265625,1038.7811070116275
E06,5,CONC,14513.1337890625,239.14063560303754
E06,5,HOECHST,7106.8876953125,164.74536689816682
E06,5,MITO,119772.078125,2827.3797047967932
E06,5,PHAandWGA,50369.29296875,1246.6198365275297
E06,5,SYTO,39252.296875,1003.9559712150342
E06,6,CONC,14794.232421875,227.58493881881986
E06,6,HOECHST,7283.1435546875,155.12807536688035
E06,6,MITO,122564.8359375,2700.7547424209374
E06,6,PHAandWGA,52843.29296875,1206.0745881083164
E06,6,SYTO,40798.578125,949.0149613917386
E06,7,CONC,15054.12109375,215.39034508165236
E06,7,HOECHST,7471.34033203125,147.40596890864646
E06,7,MITO,124380.96875,2581.3100471246444
E06,7,PHAandWGA,54660.87109375,1154.4020922363866
E06,7,SYTO,42407.91015625,898.2817404557474
E06,8,CONC,15342.814453125,202.24803323267702
E06,8,HOECHST,7574.7509765625,136.9797616170636
E06,8,MITO,127538.609375,2464.7863212435086
E06,8,PHAandWGA,55638.65625,1097.9266066260018
E06,8,SYTO,43536.6796875,837.0867762619539
E06,9,CONC,15448.6142578125,188.77823415397748
E06,9,HOECHST,7702.232421875,129.73207773359206
E06,9,MITO,127989.5625,2351.9108326085034
E06,9,PHAandWGA,57625.4453125,1041.071038915053
E06,9,SYTO,44803.30078125,781.8252880001173
E06,10,CONC,15539.74609375,177.8477606275483
E06,10,HOECHST,7781.396484375,120.75466308311934
E06,10,MITO,129867.171875,2272.9474837854964
E06,10,PHAandWGA,57622.12109375,995.5874982051549
E06,10,SYTO,45319.3203125,733.4466552353242
E06,11,CONC,15548.3046875,166.57972180063
E06,11,HOECHST,7822.4833984375,112.70570384043143
E06,11,MITO,131911.515625,2185.561522104746
E06,11,PHAandWGA,59155.8046875,944.9804805987145
E06,11,SYTO,45084.54296875,686.3209129697917
E06,12,CONC,15625.86328125,157.43086278471668
E06,12,HOECHST,7892.2216796875,106.78981156407406
E06,12,MITO,132395.859375,2106.737991009225
E06,12,PHAandWGA,58662.484375,902.3433586754359
E06,12,SYTO,45423.86328125,645.9512811481776
E06,13,CONC,15633.1728515625,148.77407087578968
E06,13,HOECHST,7980.1728515625,101.06292687299901
E06,13,MITO,133088.578125,2033.6514923615762
E06,13,PHAandWGA,59948.9921875,864.0297603391248
E06,13,SYTO,45730.25,612.8637802166928
E06,14,CONC,15533.458984375,141.1343743988663
E06,14,HOECHST,8065.0380859375,96.30500249180167
E06,14,MITO,134134.3125,1970.4261999662187
E06,14,PHAandWGA,60313.75,831.2630787633981
E06,14,SYTO,46389.3671875,581.6601667866695
E06,15,CONC,15627.6806640625,134.44724389601072
E06,15,HOECHST,8094.9013671875,92.01606003306244
E06,15,MITO,134386.5,1900.743381098286
E06,15,PHAandWGA,60205.59375,800.9957468502347
E06,15,SYTO,45728.2265625,551.6998779313212
E07,0,CONC,12095.39453125,131.76220707724758
E07,0,HOECHST,6845.99267578125,114.66557498397815
E07,0,MITO,110124.5625,1653.5602713412052
E07,0,PHAandWGA,46171.6484375,697.5739359850838
E07,0,SYTO,33725.99609375,597.0470712930316
E07,1,CONC,13796.83984375,190.49841385822532
E07,1,HOECHST,7653.94287109375,163.03843732118543
E07,1,MITO,116789.3046875,2154.9094138422706
E07,1,PHAandWGA,49752.1484375,922.7975729725003
E07,1,SYTO,37383.92578125,808.6466449763712
E07,2,CONC,16274.8330078125,271.261802512881
E07,2,HOECHST,8788.9189453125,224.83533157860165
E07,2,MITO,126067.90625,2670.6831944547107
E07,2,PHAandWGA,54609.0546875,1178.286409479633
E07,2,SYTO,41639.20703125,1061.1252683580533
E07,3,CONC,18247.63671875,304.831953650359
E07,3,HOECHST,9858.5078125,265.4258182621995
E07,3,MITO,134801.15625,2826.657811774841
E07,3,PHAandWGA,58870.625,1302.5091303387374
E07,3,SYTO,45272.9609375,1179.9958484570084
E07,4,CONC,19128.267578125,304.8172809234103
E07,4,HOECHST,10249.833984375,252.84702604349022
E07,4,MITO,141905.09375,2776.898462660616
E07,4,PHAandWGA,62101.87109375,1336.0906533296686
E07,4,SYTO,48353.0234375,1189.3629387325625
E07,5,CONC,19839.001953125,282.59751006894237
E07,5,HOECHST,10958.0185546875,252.76519493852666
E07,5,MITO,146868.359375,2615.7088818288935
E07,5,PHAandWGA,65647.3125,1300.6655869936778
E07,5,SYTO,51656.6640625,1151.7111202103756
E07,6,CONC,20438.359375,259.6272539200837
E07,6,HOECHST,11491.1708984375,241.08989331808556
E07,6,MITO,153349.53125,2398.7078475807098
E07,6,PHAandWGA,70163.59375,1224.3467532478694
E07,6,SYTO,55084.4140625,1077.2899161507735
E07,7,CONC,20721.953125,231.56499767079924
E07,7,HOECHST,11769.5986328125,213.05289083472354
E07,7,MITO,158583.734375,2146.7949570410133
E07,7,PHAandWGA,73366.3046875,1122.8268814844093
E07,7,SYTO,58477.36328125,977.482441368931
E07,8,CONC,20480.728515625,200.25690067815424
E07,8,HOECHST,12049.22265625,191.41338192649715
E07,8,MITO,162976.78125,1949.7597035607857
E07,8,PHAandWGA,74676.8125,1010.3209172279504
E07,8,SYTO,59983.90625,873.7142867297613
E07,9,CONC,20247.3125,173.81825885613534
E07,9,HOECHST,12136.876953125,167.01199671125073
E07,9,MITO,164517.375,1749.7165960686639
E07,9,PHAandWGA,75793.1953125,902.8774408902598
E07,9,SYTO,61345.31640625,764.2182364126951
E07,10,CONC,20029.65234375,150.39968509621247
E07,10,HOECHST,12084.2421875,145.60076696126936
E07,10,MITO,166391.5625,1587.7902150406192
E07,10,PHAandWGA,77915.4140625,806.3969101362461
E07,10,SYTO,61460.1171875,668.580903456751
E07,11,CONC,19821.953125,131.3387112137585
E07,11,HOECHST,12018.84765625,129.58079650649688
E07,11,MITO,167124.09375,1442.1569276097566
E07,11,PHAandWGA,78395.671875,724.73629697988
E07,11,SYTO,62622.6171875,593.4540958282789
E07,12,CONC,19547.32421875,116.424792485727
E07,12,HOECHST,11971.47265625,117.16434011768654
E07,12,MITO,166425.296875,1317.329417599644
E07,12,PHAandWGA,77867.671875,660.8486157959701
E07,12,SYTO,62915.29296875,533.856602601917
E07,13,CONC,19181.359375,107.6758816765014
E07,13,HOECHST,11861.8642578125,108.13635711608778
E07,13,MITO,166064.40625,1256.5078278737892
E07,13,PHAandWGA,77829.921875,621.4912681969403
E07,13,SYTO,61916.7421875,499.1200055943609
E07,14,CONC,18978.8515625,101.22534868679647
E07,14,HOECHST,11722.0615234375,101.69528874956033
E07,14,MITO,166291.265625,1200.8603482204435
E07,14,PHAandWGA,76717.640625,596.875273638839
E07,14,SYTO,61269.18359375,472.59543746078697
E07,15,CONC,18835.486328125,95.93605296242576
E07,15,HOECHST,11723.142578125,96.79602366211881
E07,15,MITO,166443.125,1151.144496227153
E07,15,PHAandWGA,76663.296875,574.3456468131716
E07,15,SYTO,60290.37109375,447.41662242350026
E08,0,CONC,2037.8411865234375,72.17084198437959
E08,0,HOECHST,1165.191162109375,32.93637600636897
E08,0,MITO,28409.06640625,3306.3269611894034
E08,0,PHAandWGA,5847.20068359375,515.6261469265556
E08,0,SYTO,2922.168212890625,241.30585657660765
E08,1,CONC,2203.284912109375,102.3181199127799
E08,1,HOECHST,1265.33984375,46.73480624175149
E08,1,MITO,30112.662109375,4081.1103481205737
E08,1,PHAandWGA,7251.4501953125,717.2626335019368
E08,1,SYTO,3279.24072265625,335.4539336355166
E08,2,CONC,2469.293212890625,144.09068351224292
E08,2,HOECHST,1408.572998046875,69.79111975736035
E08,2,MITO,32976.9453125,5090.163263934172
E08,2,PHAandWGA,8312.251953125,952.013200461379
E08,2,SYTO,3870.3896484375,472.0101333792751
E08,3,CONC,2684.95166015625,173.40843581205692
E08,3,HOECHST,1534.898681640625,88.21642811113016
E08,3,MITO,35153.70703125,5728.716373266241
E08,3,PHAandWGA,9499.31640625,1103.0934743926714
E08,3,SYTO,4357.8037109375,564.8556528921089
E08,4,CONC,2830.9091796875,185.91263710739335
E08,4,HOECHST,1626.0401611328125,96.90090944981559
E08,4,MITO,37276.6875,6027.0284518108
E08,4,PHAandWGA,10390.607421875,1171.2979898047165
E08,4,SYTO,4685.1181640625,604.8377486566277
E08,5,CONC,2914.691650390625,190.14939499605669
E08,5,HOECHST,1679.107666015625,97.60701207616503
E08,5,MITO,37979.96875,6143.272525556501
E08,5,PHAandWGA,10992.908203125,1193.1405302617763
E08,5,SYTO,4782.314453125,604.7163012099439
E08,6,CONC,2946.834716796875,190.43235680507618
E08,6,HOECHST,1706.363037109375,95.51452474450059
E08,6,MITO,39498.44921875,6277.651448854941
E08,6,PHAandWGA,11379.0595703125,1186.123744246609
E08,6,SYTO,4800.3623046875,588.512200459508
E08,7,CONC,2971.186279296875,186.33572010742728
E08,7,HOECHST,1709.1402587890625,92.32439696500703
E08,7,MITO,39768.4765625,6253.902788484613
E08,7,PHAandWGA,11676.470703125,1156.903119469033
E08,7,SYTO,4853.0185546875,566.3318842870887
E08,8,CONC,2949.7236328125,178.5530174914206
E08,8,HOECHST,1706.8460693359375,87.45706663359033
E08,8,MITO,40001.71875,6137.859470590766
E08,8,PHAandWGA,11685.3125,1117.4576730004233
E08,8,SYTO,4779.58642578125,536.5903024655083
E08,9,CONC,2945.11083984375,168.9269936224025
E08,9,HOECHST,1685.256591796875,81.89754056947574
E08,9,MITO,39779.84375,6021.848866306934
E08,9,PHAandWGA,11541.939453125,1069.6108834715321
E08,9,SYTO,4710.47509765625,506.3251939577871
E08,10,CONC,2937.11328125,160.13175898913252
E08,10,HOECHST,1681.8153076171875,76.53090821324489
E08,10,MITO,39821.859375,5798.238762076641
E08,10,PHAandWGA,11312.365234375,1019.6276694844328
E08,10,SYTO,4620.15478515625,475.2394062353509
E08,11,CONC,2914.466796875,151.40480149127816
E08,11,HOECHST,1663.17626953125,71.14615892606878
E08,11,MITO,39716.58984375,5619.340568959256
E08,11,PHAandWGA,11027.5869140625,963.5390571957654
E08,11,SYTO,4536.99072265625,445.30686976469156
E08,12,CONC,2922.99462890625,143.33423355863144
E08,12,HOECHST,1654.9163818359375,66.27531956292772
E08,12,MITO,39699.9375,5372.501541713544
E08,12,PHAandWGA,10774.3203125,913.0381562775038
E08,12,SYTO,4533.1845703125,417.38790697514094
E08,13,CONC,2940.67529296875,135.2505665465847
E08,13,HOECHST,1659.82177734375,61.8723162311397
E08,13,MITO,39916.0859375,5092.037560805889
E08,13,PHAandWGA,10532.6875,853.881681045658
E08,13,SYTO,4512.17138671875,388.2538333651064
E08,14,CONC,2973.357421875,127.59518364056974
E08,14,HOECHST,1671.2769775390625,57.85319358805909
E08,14,MITO,39773.328125,4790.727671338476
E08,14,PHAandWGA,10266.76953125,795.1259150935796
E08,14,SYTO,4534.26220703125,359.24520228369175
E08,15,CONC,2996.4970703125,120.46066400234668
E08,15,HOECHST,1690.85791015625,54.11876096742099
E08,15,MITO,40397.859375,4456.660636635544
E08,15,PHAandWGA,9981.640625,735.225481814823
E08,15,SYTO,4509.77001953125,332.76984629428074
E09,0,CONC,7822.578125,117.81112378273033
E09,0,HOECHST,3165.24609375,59.480598364096856
E09,0,MITO,94326.21875,2679.938547159939
E09,0,PHAandWGA,33241.0625,876.9643034995845
E09,0,SYTO,17898.7890625,536.0551271136948
E09,1,CONC,8570.30078125,144.19937314499904
E09,1,HOECHST,3433.000732421875,73.38069081689778
E09,1,MITO,98896.265625,2979.0531856353
E09,1,PHAandWGA,35305.7890625,1031.5572656085794
E09,1,SYTO,20991.06640625,656.4666156753909
E09,2,CONC,9301.177734375,159.28650652615892
E09,2,HOECHST,3742.23388671875,85.46366904583907
E09,2,MITO,105864.671875,3194.2530405778602
E09,2,PHAandWGA,38548.9296875,1160.5424060841187
E09,2,SYTO,24053.33984375,753.2720953769413
E09,3,CONC,9786.9296875,162.36974060265283
E09,3,HOECHST,4006.85498046875,92.31748209649807
E09,3,MITO,110335.84375,3218.776931304199
E09,3,PHAandWGA,40619.9765625,1220.5550246562873
E09,3,SYTO,26081.1015625,789.3339438261693
E09,4,CONC,10121.8701171875,159.8855818711197
E09,4,HOECHST,4192.12451171875,93.61057336242254
E09,4,MITO,114511.5,3173.5317761779474
E09,4,PHAandWGA,43689.7109375,1234.1122806815745
E09,4,SYTO,28326.3125,785.6335964274112
E09,5,CONC,10443.384765625,153.41511652468307
E09,5,HOECHST,4412.8525390625,92.31874657129771
E09,5,MITO,117095.421875,3052.47254146804
E09,5,PHAandWGA,45994.25,1213.0211422654884
E09,5,SYTO,30111.720703125,762.1229247931391
E09,6,CONC,10658.4912109375,146.20248923558577
E09,6,HOECHST,4545.44482421875,91.29056908128682
E09,6,MITO,121212.734375,2941.377341045287
E09,6,PHAandWGA,47061.234375,1174.6079334154444
E09,6,SYTO,31603.712890625,729.5775226819214
E09,7,CONC,10774.69921875,138.51793756218467
E09,7,HOECHST,4631.56396484375,87.85444520617814
E09,7,MITO,122232.984375,2846.6100547525502
E09,7,PHAandWGA,48740.546875,1140.4749485815184
E09,7,SYTO,32781.09375,693.405922911015
E09,8,CONC,10788.634765625,130.50988913770084
E09,8,HOECHST,4667.111328125,83.43550546657029
E09,8,MITO,123255.78125,2729.6116451629414
E09,8,PHAandWGA,49381.48828125,1101.341415264073
E09,8,SYTO,32293.2421875,652.5056351506453
E09,9,CONC,10781.748046875,122.8722583449033
E09,9,HOECHST,4717.5068359375,78.870662190516
E09,9,MITO,125270.796875,2624.611411667114
E09,9,PHAandWGA,50913.0078125,1063.5338215290258
E09,9,SYTO,32691.82421875,618.5484500567876
E09,10,CONC,10777.8701171875,115.75691763061693
E09,10,HOECHST,4734.50927734375,74.80549777728815
E09,10,MITO,125149.65625,2512.857159929173
E09,10,PHAandWGA,50916.34375,1028.6741012421098
E09,10,SYTO,32675.9765625,588.4477248106347
E09,11,CONC,10822.0537109375,110.05422898484845
E09,11,HOECHST,4772.6201171875,71.60116004104907
E09,11,MITO,127069.640625,2423.0317973226656
E09,11,PHAandWGA,51136.53515625,991.3888920182449
E09,11,SYTO,32362.326171875,558.1969082279647
E09,12,CONC,10857.517578125,104.91723856149977
E09,12,HOECHST,4812.51318359375,69.21988055333141
E09,12,MITO,127879.390625,2325.6503029483347
E09,12,PHAandWGA,52396.08203125,961.9100302679751
E09,12,SYTO,32239.0703125,533.2683095216731
E09,13,CONC,10855.0068359375,100.13376241310665
E09,13,HOECHST,4848.6630859375,66.7409442739195
E09,13,MITO,128402.828125,2228.2770926114067
E09,13,PHAandWGA,51972.70703125,929.7676652898664
E09,13,SYTO,32211.560546875,507.4022033183239
E09,14,CONC,10969.0,95.88804290848496
E09,14,HOECHST,4882.5849609375,64.09558063412717
E09,14,MITO,129423.3828125,2128.9029355295893
E09,14,PHAandWGA,52881.421875,900.6687466690413
E09,14,SYTO,32076.8671875,484.50753918010827
E09,15,CONC,10980.474609375,91.90985892912892
E09,15,HOECHST,4935.55859375,61.892759803773124
E09,15,MITO,128925.5859375,2035.038400731376
E09,15,PHAandWGA,53199.84375,871.6291281871111
E09,15,SYTO,31972.54296875,463.70995891213266
E10,0,CONC,1993.9925537109375,52.654067401774384
E10,0,HOECHST,991.319091796875,19.4269926627564
E10,0,MITO,30943.12109375,3085.324045850141
E10,0,PHAandWGA,5467.1572265625,410.788108190841
E10,0,SYTO,2819.3564453125,190.45781682044984
E10,1,CONC,2101.04833984375,63.23061286230995
E10,1,HOECHST,1030.531494140625,22.323620160021726
E10,1,MITO,31581.48828125,3429.741414778685
E10,1,PHAandWGA,5853.7548828125,476.011917137525
E10,1,SYTO,3018.7744140625,227.31080269063403
E10,2,CONC,2214.88037109375,76.45055473055379
E10,2,HOECHST,1088.857421875,27.46587940344016
E10,2,MITO,32625.421875,3845.6405762453214
E10,2,PHAandWGA,6503.1728515625,556.8292388168732
E10,2,SYTO,3248.642333984375,272.0756276999737
E10,3,CONC,2368.491943359375,90.80127407360783
E10,3,HOECHST,1152.4580078125,32.67623694321042
E10,3,MITO,34905.4375,4338.805270903981
E10,3,PHAandWGA,7481.7236328125,658.1459360050909
E10,3,SYTO,3529.3681640625,324.0887495229321
E10,4,CONC,2489.7109375,100.79635893525634
E10,4,HOECHST,1206.3131103515625,36.74219687536586
E10,4,MITO,36635.25,4622.103530312792
E10,4,PHAandWGA,8169.056640625,723.679580020656
E10,4,SYTO,3764.34130859375,356.8042216552082
E10,5,CONC,2580.9052734375,107.37107193867494
E10,5,HOECHST,1251.740234375,39.34156310061208
E10,5,MITO,38248.9453125,4793.486581876817
E10,5,PHAandWGA,8669.123046875,760.6771778212793
E10,5,SYTO,3951.66552734375,374.6035473936543
E10,6,CONC,2680.39013671875,110.83904714376025
E10,6,HOECHST,1286.9736328125,39.53922656265702
E10,6,MITO,39255.8046875,4867.2173942004065
E10,6,PHAandWGA,8961.14453125,779.5248007458669
E10,6,SYTO,4118.587890625,379.1276574290026
E10,7,CONC,2740.961181640625,111.86359007592709
E10,7,HOECHST,1308.9842529296875,38.662640157618604
E10,7,MITO,40199.66796875,4851.491271485498
E10,7,PHAandWGA,9228.12890625,785.5784087373104
E10,7,SYTO,4198.78759765625,374.8577586556931
E10,8,CONC,2786.0166015625,110.61203574529634
E10,8,HOECHST,1334.125,37.6965832584199
E10,8,MITO,40715.7421875,4801.321797394903
E10,8,PHAandWGA,9294.5126953125,778.0870494932004
E10,8,SYTO,4268.6416015625,367.895775765153
E10,9,CONC,2801.357421875,108.66523663195305
E10,9,HOECHST,1347.764892578125,36.35929701942986
E10,9,MITO,41370.73046875,4725.588287854802
E10,9,PHAandWGA,9234.08984375,766.4533397129094
E10,9,SYTO,4322.33349609375,357.74048579683955
E10,10,CONC,2828.605224609375,105.13927493362912
E10,10,HOECHST,1351.1954345703125,34.5938445176805
E10,10,MITO,41283.9609375,4586.360510060803
E10,10,PHAandWGA,9118.9658203125,741.977235767002
E10,10,SYTO,4284.86474609375,344.7532515610927
E10,11,CONC,2817.435791015625,101.35300424773361
E10,11,HOECHST,1347.51708984375,32.996148668340275
E10,11,MITO,41466.26953125,4423.207558789539
E10,11,PHAandWGA,8916.720703125,712.6041141869179
E10,11,SYTO,4265.06689453125,330.4392294194716
E10,12,CONC,2834.6005859375,97.5268421691682
E10,12,HOECHST,1352.656982421875,31.276788264278785
E10,12,MITO,41061.984375,4269.913117086899
E10,12,PHAandWGA,8781.3740234375,683.5045594320109
E10,12,SYTO,4250.59033203125,314.1641801457812
E10,13,CONC,2879.2197265625,93.69711363890606
E10,13,HOECHST,1361.5284423828125,29.782342774824688
E10,13,MITO,41519.8046875,4069.4014939221656
E10,13,PHAandWGA,8550.380859375,651.6527646746663
E10,13,SYTO,4270.64990234375,298.52435593917386
E10,14,CONC,2899.142822265625,89.96190029880879
E10,14,HOECHST,1372.6727294921875,28.32239410723828
E10,14,MITO,42216.984375,3879.722084340032
E10,14,PHAandWGA,8578.01953125,619.3904821221356
E10,14,SYTO,4299.7548828125,282.75764591127245
E10,15,CONC,2922.9296875,85.96602650051388
E10,15,HOECHST,1393.083251953125,26.933249581313067
E10,15,MITO,42571.81640625,3647.6369363695103
E10,15,PHAandWGA,8507.697265625,584.4777351750726
E10,15,SYTO,4351.72265625,266.10791699324295
E11,0,CONC,4954.79638671875,80.38530374518565
E11,0,HOECHST,2334.07177734375,47.216784255401436
E11,0,MITO,67471.2109375,2177.7868015093222
E11,0,PHAandWGA,21833.1171875,777.569322101225
E11,0,SYTO,11493.7353515625,467.7913472416885
E11,1,CONC,5203.2626953125,99.3045852195215
E11,1,HOECHST,2467.39404296875,57.17796300711127
E11,1,MITO,68336.078125,2423.5860797719483
E11,1,PHAandWGA,22989.08984375,894.0456021404545
E11,1,SYTO,13047.068359375,570.8626613647859
E11,2,CONC,5616.7685546875,127.41015962083975
E11,2,HOECHST,2663.208984375,72.39222215459787
E11,2,MITO,72354.625,2802.5641438529105
E11,2,PHAandWGA,24457.92578125,1066.0772420757664
E11,2,SYTO,14689.6689453125,721.4536477297561
E11,3,CONC,6041.50732421875,153.76590762429467
E11,3,HOECHST,2862.868896484375,87.29417965703895
E11,3,MITO,75409.1796875,3131.089801703616
E11,3,PHAandWGA,26182.03515625,1227.9598340410723
E11,3,SYTO,16587.5390625,855.3030274176833
E11,4,CONC,6494.3759765625,170.39127790354516
E11,4,HOECHST,3070.930419921875,98.55915850276924
E11,4,MITO,78309.75,3366.5008681414824
E11,4,PHAandWGA,27944.83984375,1343.103940240283
E11,4,SYTO,18578.333984375,941.0577154036059
E11,5,CONC,6782.51806640625,178.6102095520143
E11,5,HOECHST,3240.6474609375,106.31705604125632
E11,5,MITO,82077.171875,3542.5011670098206
E11,5,PHAandWGA,29757.01171875,1406.9421141074165
E11,5,SYTO,20224.9140625,974.5231526538155
E11,6,CONC,7099.3828125,181.57392263382206
E11,6,HOECHST,3387.72021484375,109.52969341142025
E11,6,MITO,85693.109375,3654.2965005049373
E11,6,PHAandWGA,31741.046875,1430.0197618703949
E11,6,SYTO,21723.2578125,974.2192834653076
E11,7,CONC,7262.06982421875,180.33575724201873
E11,7,HOECHST,3518.78759765625,110.4956211763682
E11,7,MITO,87821.59375,3713.385603523105
E11,7,PHAandWGA,32772.34765625,1427.7885998896847
E11,7,SYTO,22623.44140625,954.918212926661
E11,8,CONC,7403.3564453125,177.34448691189868
E11,8,HOECHST,3626.42919921875,110.48441801942228
E11,8,MITO,90711.828125,3756.862766528561
E11,8,PHAandWGA,34220.94140625,1421.5221498383692
E11,8,SYTO,23918.69140625,931.0747122455333
E11,9,CONC,7465.4404296875,172.27221486447283
E11,9,HOECHST,3688.1630859375,108.4793616067052
E11,9,MITO,92014.96875,3749.7697655284287
E11,9,PHAandWGA,34899.22265625,1403.5460981447225
E11,9,SYTO,24536.734375,902.4251762649267
E11,10,CONC,7522.43505859375,167.28867429532326
E11,10,HOECHST,3771.873291015625,106.33829835334032
E11,10,MITO,93585.953125,3748.1469688354005
E11,10,PHAandWGA,35302.9375,1376.9350679118465
E11,10,SYTO,24465.900390625,867.3237714350968
E11,11,CONC,7624.13232421875,162.36716880014086
E11,11,HOECHST,3847.55029296875,103.66831863470934
E11,11,MITO,96348.5625,3722.6844635417547
E11,11,PHAandWGA,36501.34765625,1346.2894498714725
E11,11,SYTO,24733.609375,833.8163016331087
E11,12,CONC,7686.9560546875,157.340056556072
E11,12,HOECHST,3885.6416015625,100.48791521178995
E11,12,MITO,97434.0625,3663.7904390446597
E11,12,PHAandWGA,37286.8984375,1315.8101721715427
E11,12,SYTO,24779.19921875,798.713928803784
E11,13,CONC,7736.93994140625,151.77745010870998
E11,13,HOECHST,3914.177734375,97.32620768400821
E11,13,MITO,98145.5,3588.267854390105
E11,13,PHAandWGA,37109.4921875,1279.154147545986
E11,13,SYTO,24589.384765625,765.3069357416707
E11,14,CONC,7807.20654296875,146.2327802329949
E11,14,HOECHST,3979.9228515625,94.47106729404551
E11,14,MITO,99452.875,3476.839659876408
E11,14,PHAandWGA,37560.296875,1242.003391077651
E11,14,SYTO,24458.74609375,728.8559628110062
E11,15,CONC,7834.033203125,140.3292863442298
E11,15,HOECHST,3995.65869140625,91.31684489685755
E11,15,MITO,101222.828125,3386.7944420235076
E11,15,PHAandWGA,37680.50390625,1203.1218482615318
E11,15,SYTO,24642.3203125,695.517788242162
E12,0,CONC,7389.388671875,186.79178113706706
E12,0,HOECHST,3990.90869140625,122.18325697657873
E12,0,MITO,85585.6875,3541.4411060758443
E12,0,PHAandWGA,28044.64453125,1140.1181575901467
E12,0,SYTO,17691.296875,770.7674910184288
E12,1,CONC,8778.4208984375,293.6755031972363
E12,1,HOECHST,4804.6865234375,212.51390589260131
E12,1,MITO,94055.4609375,4595.590597200889
E12,1,PHAandWGA,31508.9609375,1509.4432715377357
E12,1,SYTO,21232.365234375,1151.1787688268623
E12,2,CONC,9535.5126953125,308.76636304275996
E12,2,HOECHST,5377.9970703125,248.51880246777324
E12,2,MITO,101025.265625,4917.217855681566
E12,2,PHAandWGA,34414.68359375,1699.9929570348625
E12,2,SYTO,24164.59375,1299.9856215834313
E12,3,CONC,10209.73828125,312.74959630563416
E12,3,HOECHST,5839.5458984375,260.987332915999
E12,3,MITO,106235.8515625,5025.699957183144
E12,3,PHAandWGA,37169.09375,1805.0676411888444
E12,3,SYTO,27219.9453125,1345.4671853516882
E12,4,CONC,10660.451171875,306.19914158971795
E12,4,HOECHST,6233.32177734375,261.1152278440512
E12,4,MITO,111294.046875,5059.5085126394015
E12,4,PHAandWGA,40110.23828125,1831.881638747243
E12,4,SYTO,29590.24609375,1327.7690803575213
E12,5,CONC,10875.1806640625,287.05721150790197
E12,5,HOECHST,6418.3896484375,251.50955704973842
E12,5,MITO,114611.03125,4915.931162379997
E12,5,PHAandWGA,42268.73828125,1799.694487978172
E12,5,SYTO,30771.81640625,1270.407920623577
E12,6,CONC,11024.4677734375,267.4966613655569
E12,6,HOECHST,6552.53759765625,237.60576429788765
E12,6,MITO,116528.015625,4743.9136424189155
E12,6,PHAandWGA,43861.66796875,1749.4227604054936
E12,6,SYTO,32549.5703125,1204.2227005975762
E12,7,CONC,11015.8349609375,247.92784335508915
E12,7,HOECHST,6555.24951171875,219.6208456159297
E12,7,MITO,117863.0625,4544.792703122437
E12,7,PHAandWGA,45242.109375,1668.2894684729956
E12,7,SYTO,33013.46875,1122.031598618678
E12,8,CONC,10971.6357421875,231.25738909035314
E12,8,HOECHST,6535.7158203125,201.69541676413957
E12,8,MITO,120546.8125,4396.159389971892
E12,8,PHAandWGA,45620.98828125,1599.771425921718
E12,8,SYTO,34226.65234375,1048.1447605605824
E12,9,CONC,10891.73828125,216.3553582023067
E12,9,HOECHST,6468.3798828125,188.6513703977966
E12,9,MITO,120454.7734375,4236.9162421000265
E12,9,PHAandWGA,46062.8046875,1528.799468540364
E12,9,SYTO,34345.57421875,979.8885255778066
E12,10,CONC,10718.314453125,201.6452335401482
E12,10,HOECHST,6474.87353515625,174.8031479380699
E12,10,MITO,121454.84375,4059.5507851210327
E12,10,PHAandWGA,47243.46875,1460.8569008085929
E12,10,SYTO,34884.89453125,914.98838012324
E12,11,CONC,10630.0703125,187.94417763122755
E12,11,HOECHST,6494.326171875,163.48285488186494
E12,11,MITO,121363.7578125,3852.175965408696
E12,11,PHAandWGA,46787.74609375,1394.9346738199922
E12,11,SYTO,35055.1484375,857.4067781863664
E12,12,CONC,10538.974609375,177.45831338992787
E12,12,HOECHST,6464.5439453125,153.33256581085476
E12,12,MITO,121510.203125,3704.845806367213
E12,12,PHAandWGA,47170.453125,1339.4417770612083
E12,12,SYTO,34293.82421875,807.7089884708348
E12,13,CONC,10459.2373046875,167.47949650558604
E12,13,HOECHST,6428.404296875,144.37891157839064
E12,13,MITO,121290.921875,3552.414441510665
E12,13,PHAandWGA,46792.3515625,1291.4307614165755
E12,13,SYTO,33602.66015625,762.1916363588012
E12,14,CONC,10453.38671875,158.83716836748278
E12,14,HOECHST,6426.216796875,136.7962577502039
E12,14,MITO,121393.59375,3413.9029762933233
E12,14,PHAandWGA,46694.2109375,1247.1525534428642
E12,14,SYTO,32651.447265625,719.2735896031948
E12,15,CONC,10481.1328125,150.42380760129257
E12,15,HOECHST,6457.115234375,129.39879069149677
E12,15,MITO,121984.234375,3275.2161373742297
E12,15,PHAandWGA,46510.66796875,1194.7756209187614
E12,15,SYTO,32683.1796875,678.6067773637809
E13,0,CONC,6359.3740234375,113.27151905410585
E13,0,HOECHST,3770.75927734375,97.82843741761393
E13,0,MITO,82320.015625,2645.663019289589
E13,0,PHAandWGA,25887.55078125,909.7775622304383
E13,0,SYTO,14318.0830078125,537.9224298331371
E13,1,CONC,7395.3447265625,180.7242663579283
E13,1,HOECHST,4206.1279296875,161.0677900778331
E13,1,MITO,85982.9921875,3486.8687428370445
E13,1,PHAandWGA,27449.455078125,1176.4284033322508
E13,1,SYTO,16508.384765625,801.5354767469744
E13,2,CONC,8612.98828125,262.84105374431397
E13,2,HOECHST,4965.4755859375,250.23953186862596
E13,2,MITO,95675.21875,4513.213052131706
E13,2,PHAandWGA,31205.642578125,1572.3968300672775
E13,2,SYTO,20017.359375,1146.0456492452884
E13,3,CONC,9778.265625,310.22883966788663
E13,3,HOECHST,5700.24658203125,306.0809185114087
E13,3,MITO,104463.4609375,5266.9980252393125
E13,3,PHAandWGA,34557.89453125,1869.917546509317
E13,3,SYTO,24394.61328125,1356.7159819467618
E13,4,CONC,10670.134765625,335.7009019345967
E13,4,HOECHST,6340.6279296875,326.57482214265434
E13,4,MITO,111774.28125,5597.132190482483
E13,4,PHAandWGA,38587.9609375,2006.5148406305157
E13,4,SYTO,27005.552734375,1416.3689986986415
E13,5,CONC,11253.8173828125,337.01001395095176
E13,5,HOECHST,6756.009765625,329.7462154321955
E13,5,MITO,117181.453125,5640.124413553676
E13,5,PHAandWGA,40766.1328125,2042.4273011545351
E13,5,SYTO,29734.126953125,1419.2142539755569
E13,6,CONC,11350.142578125,314.78587900981654
E13,6,HOECHST,6850.1865234375,305.2018170073193
E13,6,MITO,120070.8203125,5506.122687798184
E13,6,PHAandWGA,43181.80859375,2020.8342301210148
E13,6,SYTO,30944.455078125,1339.6841389926788
E13,7,CONC,11410.423828125,293.38118302872664
E13,7,HOECHST,7043.84521484375,295.20379430477226
E13,7,MITO,122634.3359375,5380.010863483016
E13,7,PHAandWGA,43938.296875,1971.3232340850318
E13,7,SYTO,31650.259765625,1274.1062325465764
E13,8,CONC,11337.67578125,275.9441233675124
E13,8,HOECHST,6879.130859375,270.6797377977421
E13,8,MITO,124188.0,5257.962821928973
E13,8,PHAandWGA,44803.93359375,1917.6076267074304
E13,8,SYTO,32224.697265625,1203.2850458058872
E13,9,CONC,11193.52734375,256.5928672380274
E13,9,HOECHST,6796.47314453125,247.1239418311897
E13,9,MITO,125373.21875,5056.490018251606
E13,9,PHAandWGA,46053.140625,1849.7835249458815
E13,9,SYTO,32521.720703125,1123.7008079723828
E13,10,CONC,11077.7421875,237.04152034916817
E13,10,HOECHST,6782.2724609375,230.0666300520216
E13,10,MITO,126816.0625,4852.331035757486
E13,10,PHAandWGA,45878.14453125,1756.704994709677
E13,10,SYTO,32010.86328125,1043.2878522877666
E13,11,CONC,10974.24609375,220.85165074027395
E13,11,HOECHST,6811.658203125,213.63779955810264
E13,11,MITO,127462.8203125,4622.243462009761
E13,11,PHAandWGA,46064.21484375,1674.316977862723
E13,11,SYTO,31883.369140625,971.6858504626032
E13,12,CONC,10801.80859375,206.65940211554417
E13,12,HOECHST,6748.55712890625,199.23529622703887
E13,12,MITO,128380.5,4499.8473941053135
E13,12,PHAandWGA,46230.0546875,1608.2727608534733
E13,12,SYTO,31621.19140625,911.2265991623372
E13,13,CONC,10672.7265625,193.63508564480912
E13,13,HOECHST,6725.90283203125,186.36224053466557
E13,13,MITO,129003.515625,4348.411977650837
E13,13,PHAandWGA,45579.3671875,1542.5617522953503
E13,13,SYTO,31020.595703125,856.6794240851723
E13,14,CONC,10528.53515625,183.16862296347242
E13,14,HOECHST,6696.4677734375,176.6067351503761
E13,14,MITO,128511.296875,4238.66880043538
E13,14,PHAandWGA,45972.12109375,1489.9313141627563
E13,14,SYTO,30532.482421875,812.7013243730692
E13,15,CONC,10440.310546875,174.31050912821377
E13,15,HOECHST,6693.3466796875,166.79095140837404
E13,15,MITO,128080.078125,4128.693910287617
E13,15,PHAandWGA,44623.31640625,1443.6246703252955
E13,15,SYTO,30114.44921875,768.3915203906748
E15,0,CONC,4548.40625,99.55752138306109
E15,0,HOECHST,3988.0546875,120.69089013465546
E15,0,MITO,84961.8828125,2917.96070746769
E15,0,PHAandWGA,27932.423828125,1121.701271656526
E15,0,SYTO,16476.912109375,731.4785338548816
E15,1,CONC,5514.1279296875,176.05074072273524
E15,1,HOECHST,4735.7060546875,213.68004417013154
E15,1,MITO,92268.765625,3983.5059040213346
E15,1,PHAandWGA,31411.54296875,1589.0473579896486
E15,1,SYTO,20161.296875,1169.297428519359
E15,2,CONC,6223.693359375,216.06951525704747
E15,2,HOECHST,5455.2294921875,285.91868137633213
E15,2,MITO,97654.3203125,4620.217130607718
E15,2,PHAandWGA,34885.62890625,1908.0686227568212
E15,2,SYTO,23787.5234375,1452.8401099709872
E15,3,CONC,6844.2099609375,238.70761703846398
E15,3,HOECHST,6193.87158203125,342.97484741363996
E15,3,MITO,105835.8515625,5018.558670113306
E15,3,PHAandWGA,38892.140625,2152.626316874207
E15,3,SYTO,27113.41015625,1608.5095070725756
E15,4,CONC,7379.20751953125,246.85880827452135
E15,4,HOECHST,6757.2255859375,356.42431973212945
E15,4,MITO,111849.6953125,5200.803901448948
E15,4,PHAandWGA,41859.4296875,2234.184903078421
E15,4,SYTO,30398.67578125,1630.0350234036098
E15,5,CONC,7713.71044921875,239.95491221431334
E15,5,HOECHST,7097.66845703125,345.6035709160347
E15,5,MITO,119731.875,5233.7742397288985
E15,5,PHAandWGA,44642.7578125,2242.963119560247
E15,5,SYTO,32227.796875,1557.5493653171472
E15,6,CONC,7859.349609375,222.53429199246386
E15,6,HOECHST,7315.8447265625,318.8153590226178
E15,6,MITO,123992.2265625,5125.990758605383
E15,6,PHAandWGA,47548.546875,2154.9635918427834
E15,6,SYTO,33979.13671875,1425.8276189252188
E15,7,CONC,7839.16357421875,202.5466038599267
E15,7,HOECHST,7393.40625,295.1697016297133
E15,7,MITO,125475.15625,4889.816523894554
E15,7,PHAandWGA,48559.3359375,2025.9087237897343
E15,7,SYTO,34373.5546875,1299.522532972349
E15,8,CONC,7735.92822265625,184.3968500316742
E15,8,HOECHST,7302.9287109375,267.72763425847523
E15,8,MITO,128348.484375,4729.531751317361
E15,8,PHAandWGA,48873.7890625,1922.0672787452374
E15,8,SYTO,35180.38671875,1188.2178945689716
E15,9,CONC,7537.80419921875,169.22946604695161
E15,9,HOECHST,7208.72216796875,246.94856684090604
E15,9,MITO,128674.671875,4609.348334075517
E15,9,PHAandWGA,48815.1171875,1832.7574108724684
E15,9,SYTO,34874.234375,1101.0720276402021
E15,10,CONC,7346.2919921875,157.06769898755476
E15,10,HOECHST,6995.18310546875,225.58629566795275
E15,10,MITO,127857.03125,4492.043238309795
E15,10,PHAandWGA,49036.8125,1746.1236640347217
E15,10,SYTO,34336.9921875,1025.062112468219
E15,11,CONC,7172.89013671875,145.36895553117373
E15,11,HOECHST,6919.9443359375,207.70516372428048
E15,11,MITO,127790.859375,4339.410081186921
E15,11,PHAandWGA,47931.6484375,1661.7307361701605
E15,11,SYTO,33667.30859375,950.1950579817819
E15,12,CONC,7066.7197265625,135.33659319961293
E15,12,HOECHST,6785.650390625,190.95824632031605
E15,12,MITO,128518.7421875,4191.018143647096
E15,12,PHAandWGA,48407.4453125,1590.693760961835
E15,12,SYTO,33010.41015625,883.9550534372502
E15,13,CONC,7005.685546875,126.76384450133207
E15,13,HOECHST,6764.0302734375,178.33487053362805
E15,13,MITO,127875.65625,4035.8068922706675
E15,13,PHAandWGA,47737.4453125,1526.305701309337
E15,13,SYTO,32114.765625,829.3417518898506
E15,14,CONC,6950.8056640625,119.69177527098992
E15,14,HOECHST,6682.12451171875,167.19310280499957
E15,14,MITO,127898.953125,3900.837007427537
E15,14,PHAandWGA,46834.41796875,1466.6942954935703
E15,14,SYTO,31916.314453125,783.537202393572
E15,15,CONC,6916.94921875,113.18564238682362
E15,15,HOECHST,6669.33837890625,157.78120667333536
E15,15,MITO,126931.015625,3740.7952286872296
E15,15,PHAandWGA,46647.671875,1403.6272477128787
E15,15,SYTO,31202.23046875,736.0549525854592
E16,0,CONC,4669.5185546875,124.76848478434589
E16,0,HOECHST,3071.396484375,108.23133311659869
E16,0,MITO,71872.203125,4101.771902019566
E16,0,PHAandWGA,19426.453125,1003.362690074163
E16,0,SYTO,10140.1513671875,527.2815770299893
E16,1,CONC,5277.5595703125,167.61103722334434
E16,1,HOECHST,3494.822265625,156.01569618876073
E16,1,MITO,78157.7890625,4998.214963718646
E16,1,PHAandWGA,21845.669921875,1247.523201651823
E16,1,SYTO,12879.546875,713.7460205031388
E16,2,CONC,5758.68017578125,190.28550568813108
E16,2,HOECHST,3886.7607421875,187.5568960168147
E16,2,MITO,84601.15625,5458.381071051533
E16,2,PHAandWGA,24125.802734375,1416.647160794525
E16,2,SYTO,15172.0859375,826.9420048821911
E16,3,CONC,6051.5615234375,197.9677994958636
E16,3,HOECHST,4134.787109375,197.68515816413327
E16,3,MITO,88237.4375,5531.072348215811
E16,3,PHAandWGA,26078.1171875,1527.7059492823087
E16,3,SYTO,16892.966796875,864.7951766697789
E16,4,CONC,6309.255859375,200.8139837028677
E16,4,HOECHST,4327.99462890625,200.48380786372516
E16,4,MITO,90674.71875,5510.591437243896
E16,4,PHAandWGA,27997.5390625,1574.8886761332578
E16,4,SYTO,18353.07421875,870.6599245214626
E16,5,CONC,6484.81591796875,199.10917048868896
E16,5,HOECHST,4502.41748046875,197.35372030239466
E16,5,MITO,93151.328125,5440.360119566214
E16,5,PHAandWGA,29647.376953125,1558.1640727985748
E16,5,SYTO,18846.69140625,851.8601403420096
E16,6,CONC,6546.779296875,194.23528739715562
E16,6,HOECHST,4602.46875,192.45158829874995
E16,6,MITO,95216.546875,5399.882972279092
E16,6,PHAandWGA,29980.95703125,1527.8630989756923
E16,6,SYTO,19018.529296875,827.7819356980746
E16,7,CONC,6535.0732421875,188.51989467879116
E16,7,HOECHST,4635.47802734375,186.47384005067025
E16,7,MITO,95821.65625,5285.047388202754
E16,7,PHAandWGA,30660.5859375,1504.4161423202181
E16,7,SYTO,19038.650390625,800.6032297112637
E16,8,CONC,6558.423828125,183.12750563442512
E16,8,HOECHST,4623.7119140625,177.35387931267542
E16,8,MITO,95643.078125,5173.163484257814
E16,8,PHAandWGA,31511.88671875,1484.9349618013323
E16,8,SYTO,18580.63671875,767.3913049080954
E16,9,CONC,6532.0029296875,177.94946538990143
E16,9,HOECHST,4622.82421875,169.64637761930445
E16,9,MITO,96587.359375,5102.813768916362
E16,9,PHAandWGA,31882.25390625,1469.854446648024
E16,9,SYTO,18036.033203125,738.1328754041024
E16,10,CONC,6573.7900390625,172.07090898757724
E16,10,HOECHST,4624.341796875,162.72895391789248
E16,10,MITO,96305.4375,5007.3798587428255
E16,10,PHAandWGA,31553.146484375,1453.1398851428296
E16,10,SYTO,17331.71484375,710.8124995382652
E16,11,CONC,6574.3427734375,165.45778348301636
E16,11,HOECHST,4640.21728515625,156.35739178350852
E16,11,MITO,96887.515625,4876.116951628107
E16,11,PHAandWGA,31941.1015625,1429.6458322455637
E16,11,SYTO,16884.271484375,680.7440183395861
E16,12,CONC,6551.42333984375,158.9365374803386
E16,12,HOECHST,4686.18994140625,149.5118493652038
E16,12,MITO,97912.765625,4740.6205904785365
E16,12,PHAandWGA,32247.404296875,1380.9540560879343
E16,12,SYTO,16599.4453125,650.8438322530014
E16,13,CONC,6590.6328125,152.61682193796688
E16,13,HOECHST,4712.2861328125,141.94307099897406
E16,13,MITO,98812.75,4577.925432079624
E16,13,PHAandWGA,31646.77734375,1326.2558619487816
E16,13,SYTO,16217.314453125,617.9076399378874
E16,14,CONC,6608.6220703125,146.72625570963618
E16,14,HOECHST,4739.26953125,134.68341478639164
E16,14,MITO,99628.453125,4407.285054280044
E16,14,PHAandWGA,31841.453125,1280.7484996373921
E16,14,SYTO,15927.6650390625,586.6374736706547
E16,15,CONC,6627.5693359375,140.36605141158014
E16,15,HOECHST,4766.2822265625,127.85457223840906
E16,15,MITO,99741.6015625,4229.998430929448
E16,15,PHAandWGA,32283.046875,1228.9262053278665
E16,15,SYTO,15625.52734375,553.4867736349636
E17,0,CONC,4710.01611328125,106.22151036267596
E17,0,HOECHST,2936.2568359375,93.53937681981516
E17,0,MITO,64408.36328125,3036.424491127196
E17,0,PHAandWGA,20498.76171875,1001.1423218052294
E17,0,SYTO,11376.34375,583.385364331105
E17,1,CONC,5024.3125,128.95486692005207
E17,1,HOECHST,3191.4423828125,115.28570953097969
E17,1,MITO,66394.8125,3374.4380282422753
E17,1,PHAandWGA,21764.017578125,1153.0877416487726
E17,1,SYTO,13132.052734375,708.6348430621473
E17,2,CONC,5363.818359375,150.20662064981755
E17,2,HOECHST,3437.6328125,137.3931123065442
E17,2,MITO,69290.640625,3713.9155991667735
E17,2,PHAandWGA,23481.810546875,1302.1565315048913
E17,2,SYTO,14805.79296875,825.6513702049048
E17,3,CONC,5671.9267578125,165.77402628628437
E17,3,HOECHST,3652.333251953125,153.17620700895205
E17,3,MITO,72537.015625,3970.3275167176776
E17,3,PHAandWGA,24597.48828125,1422.3205390376029
E17,3,SYTO,16360.0,900.8048065158733
E17,4,CONC,5936.7080078125,174.74303121618175
E17,4,HOECHST,3831.17431640625,161.74662526511221
E17,4,MITO,75599.8125,4167.042767042098
E17,4,PHAandWGA,26213.859375,1503.4450284948773
E17,4,SYTO,17781.060546875,936.4212292046859
E17,5,CONC,6127.646484375,178.72134354053432
E17,5,HOECHST,3992.711181640625,165.13629033791813
E17,5,MITO,78010.3359375,4286.596786385821
E17,5,PHAandWGA,27743.05859375,1550.7825680632138
E17,5,SYTO,18716.291015625,948.3122964567643
E17,6,CONC,6297.6708984375,179.86749629269278
E17,6,HOECHST,4124.91162109375,165.9469743490618
E17,6,MITO,80084.5625,4392.488316551354
E17,6,PHAandWGA,28900.88671875,1575.311448359569
E17,6,SYTO,19386.83203125,941.0350829689014
E17,7,CONC,6426.2529296875,179.01230429281392
E17,7,HOECHST,4206.16015625,165.80823331333917
E17,7,MITO,82189.1171875,4466.783248629331
E17,7,PHAandWGA,29650.873046875,1582.8879193839593
E17,7,SYTO,19910.12890625,926.7725601609308
E17,8,CONC,6485.197265625,176.43422071334945
E17,8,HOECHST,4296.9677734375,164.55275521537789
E17,8,MITO,83088.34375,4491.29557400161
E17,8,PHAandWGA,30705.63671875,1575.2022440616176
E17,8,SYTO,20086.658203125,905.7228869020009
E17,9,CONC,6588.68896484375,173.4594303152373
E17,9,HOECHST,4378.9150390625,161.63804285529787
E17,9,MITO,84714.296875,4498.876642837428
E17,9,PHAandWGA,31353.47265625,1564.0455903807483
E17,9,SYTO,20331.68359375,879.8441994035242
E17,10,CONC,6679.8740234375,170.30956656272187
E17,10,HOECHST,4435.392578125,157.98670350017844
E17,10,MITO,86719.890625,4487.069739229227
E17,10,PHAandWGA,31414.59375,1544.7072760515298
E17,10,SYTO,20434.33984375,856.0292193413405
E17,11,CONC,6706.990234375,166.4740791299572
E17,11,HOECHST,4455.2978515625,153.8873257771035
E17,11,MITO,88041.6875,4446.155804961636
E17,11,PHAandWGA,31734.59765625,1518.3262792564192
E17,11,SYTO,20338.66015625,825.468811554272
E17,12,CONC,6746.4755859375,162.1800492383627
E17,12,HOECHST,4508.5380859375,149.88691736329596
E17,12,MITO,88718.9375,4382.5124098993165
E17,12,PHAandWGA,32222.32421875,1488.423290543424
E17,12,SYTO,20586.05078125,797.0525963690778
E17,13,CONC,6844.61328125,157.17130871871234
E17,13,HOECHST,4566.763671875,145.21808930611851
E17,13,MITO,90412.078125,4288.190920591421
E17,13,PHAandWGA,32303.853515625,1450.115090527587
E17,13,SYTO,20288.2734375,763.4095111989217
E17,14,CONC,6897.998046875,151.815866599539
E17,14,HOECHST,4621.45263671875,139.91562978355543
E17,14,MITO,92166.4140625,4196.653576457171
E17,14,PHAandWGA,32970.6484375,1410.5259239407355
E17,14,SYTO,20402.240234375,729.3302920930769
E17,15,CONC,7004.84130859375,146.12149718731467
E17,15,HOECHST,4691.3056640625,134.2378186917176
E17,15,MITO,93017.6875,4060.4728887492147
E17,15,PHAandWGA,32788.7421875,1364.9457413880311
E17,15,SYTO,20376.96875,693.7512380508947
E18,0,CONC,6405.85546875,165.95240501755106
E18,0,HOECHST,3784.46826171875,151.85096891863205
E18,0,MITO,82580.171875,4284.620382839032
E18,0,PHAandWGA,24920.021484375,1197.3291904459882
E18,0,SYTO,13849.5185546875,730.709165516071
E18,1,CONC,7101.771484375,209.58964476929978
E18,1,HOECHST,4155.39404296875,193.07742116248585
E18,1,MITO,87834.9375,5085.986289495316
E18,1,PHAandWGA,27236.0390625,1463.598841760108
E18,1,SYTO,16186.921875,930.6974729849752
E18,2,CONC,7734.27734375,237.9698606146281
E18,2,HOECHST,4593.72314453125,227.0333531394505
E18,2,MITO,94229.453125,5572.748198447036
E18,2,PHAandWGA,29200.8515625,1705.4697564038263
E18,2,SYTO,18709.322265625,1086.066705675067
E18,3,CONC,8369.458984375,260.06922001979376
E18,3,HOECHST,5020.8408203125,246.9257761598592
E18,3,MITO,100603.8359375,5840.725431507037
E18,3,PHAandWGA,32273.73046875,1862.713246146058
E18,3,SYTO,21261.005859375,1173.8038365255138
E18,4,CONC,8751.7109375,261.578233533784
E18,4,HOECHST,5351.76708984375,251.19536633574685
E18,4,MITO,105817.6328125,5807.108289497592
E18,4,PHAandWGA,34890.4375,1924.4618065048746
E18,4,SYTO,23458.69921875,1181.8083929618897
E18,5,CONC,9091.9189453125,256.50193591777776
E18,5,HOECHST,5604.6787109375,247.32789644009299
E18,5,MITO,108960.0859375,5655.4812552724115
E18,5,PHAandWGA,36813.51171875,1917.912738732993
E18,5,SYTO,25506.212890625,1150.0682023587456
E18,6,CONC,9387.802734375,251.34671357325192
E18,6,HOECHST,5775.9970703125,238.49336688805428
E18,6,MITO,113438.65625,5544.581081778217
E18,6,PHAandWGA,38991.3203125,1926.5339689556183
E18,6,SYTO,26853.08203125,1118.201473719795
E18,7,CONC,9412.29296875,239.6277780060104
E18,7,HOECHST,5874.3466796875,226.08973457883863
E18,7,MITO,115346.609375,5369.426886995795
E18,7,PHAandWGA,40287.7421875,1899.6528013140044
E18,7,SYTO,28143.3203125,1068.1336772997731
E18,8,CONC,9337.42578125,225.77212172405441
E18,8,HOECHST,5880.4150390625,213.34558006995016
E18,8,MITO,115573.546875,5206.273446422747
E18,8,PHAandWGA,41226.84375,1846.5752873327322
E18,8,SYTO,28436.84375,1015.7453920113485
E18,9,CONC,9250.84765625,210.94434313966045
E18,9,HOECHST,5872.556640625,201.49010365028857
E18,9,MITO,116427.21875,4973.815094336652
E18,9,PHAandWGA,41364.38671875,1778.0087623405248
E18,9,SYTO,28300.76171875,958.7980242536547
E18,10,CONC,9155.1416015625,198.10104580926995
E18,10,HOECHST,5941.70947265625,191.94753099350072
E18,10,MITO,116648.6640625,4736.5206319431145
E18,10,PHAandWGA,41979.828125,1685.3092119003663
E18,10,SYTO,28118.728515625,895.6763096823588
E18,11,CONC,9101.60546875,187.22316271047785
E18,11,HOECHST,5958.7890625,182.46927502161782
E18,11,MITO,115680.671875,4550.920363849239
E18,11,PHAandWGA,41598.97265625,1609.7732081845497
E18,11,SYTO,27660.4765625,844.5889616392141
E18,12,CONC,9043.6494140625,178.31154999982536
E18,12,HOECHST,5937.56396484375,172.83986048793753
E18,12,MITO,116913.046875,4388.250831554212
E18,12,PHAandWGA,42067.3984375,1559.406686865903
E18,12,SYTO,27372.26953125,805.6942093968953
E18,13,CONC,8996.255859375,169.79044006124127
E18,13,HOECHST,5884.4814453125,162.80139422761258
E18,13,MITO,116852.75,4233.528338450683
E18,13,PHAandWGA,41377.40234375,1514.0178434030993
E18,13,SYTO,27001.158203125,766.1985213180709
E18,14,CONC,8989.91015625,161.86643779208418
E18,14,HOECHST,5890.251953125,154.18052698349052
E18,14,MITO,116218.5,4064.3466374857403
E18,14,PHAandWGA,41869.8515625,1461.6676205669612
E18,14,SYTO,26261.5390625,726.1855999672688
E18,15,CONC,8987.0830078125,153.70379786587088
E18,15,HOECHST,5890.4091796875,145.86886558207286
E18,15,MITO,116504.359375,3875.2284330591883
E18,15,PHAandWGA,40892.45703125,1403.0778542632484
E18,15,SYTO,25627.306640625,683.8617290938018
E19,0,CONC,1866.298583984375,81.18584569682334
E19,0,HOECHST,1582.718017578125,75.3751542985552
E19,0,MITO,28005.890625,3663.33744427646
E19,0,PHAandWGA,6667.86474609375,640.4809493673029
E19,0,SYTO,3413.6865234375,338.66426819081505
E19,1,CONC,1999.10693359375,96.1149176328177
E19,1,HOECHST,1679.2528076171875,90.27319233759515
E19,1,MITO,29073.9296875,4047.473833287049
E19,1,PHAandWGA,7477.1064453125,755.8995821105563
E19,1,SYTO,3710.72607421875,395.5658434980337
E19,2,CONC,2085.410400390625,110.10743903827537
E19,2,HOECHST,1793.581298828125,106.20861449981508
E19,2,MITO,30587.791015625,4413.941936401387
E19,2,PHAandWGA,8092.3271484375,864.6008492625352
E19,2,SYTO,4006.961181640625,451.2292805091485
E19,3,CONC,2204.5478515625,121.43526651862223
E19,3,HOECHST,1911.518798828125,120.3715666497514
E19,3,MITO,31673.6796875,4691.203572773345
E19,3,PHAandWGA,8762.7939453125,947.174004586561
E19,3,SYTO,4242.66552734375,495.4550398177628
E19,4,CONC,2281.61767578125,129.46525546335616
E19,4,HOECHST,1988.421142578125,129.1525634834313
E19,4,MITO,33066.765625,4867.191949185518
E19,4,PHAandWGA,9280.0927734375,998.5760702096287
E19,4,SYTO,4460.1708984375,522.1612025579687
E19,5,CONC,2360.3408203125,134.24818368398584
E19,5,HOECHST,2032.530517578125,133.80142065274435
E19,5,MITO,33217.12109375,4961.373370885757
E19,5,PHAandWGA,9650.892578125,1031.7247084460075
E19,5,SYTO,4584.39794921875,534.0090039199642
E19,6,CONC,2405.2890625,136.31797484029713
E19,6,HOECHST,2047.56396484375,134.67613078009572
E19,6,MITO,34181.53515625,5022.88180459237
E19,6,PHAandWGA,9944.34375,1048.3242961188344
E19,6,SYTO,4648.35546875,534.7008336840265
E19,7,CONC,2436.20947265625,136.20037408976492
E19,7,HOECHST,2084.76171875,133.7855890961915
E19,7,MITO,34351.05078125,4998.5579029334
E19,7,PHAandWGA,10135.162109375,1054.6629930973327
E19,7,SYTO,4689.87109375,529.3957911161856
E19,8,CONC,2452.96435546875,134.42394622614722
E19,8,HOECHST,2094.117919921875,130.1123688388932
E19,8,MITO,34517.6953125,4939.455604322231
E19,8,PHAandWGA,10089.9638671875,1048.1869599820604
E19,8,SYTO,4677.63818359375,516.063607920142
E19,9,CONC,2496.62451171875,131.1042459525807
E19,9,HOECHST,2113.221435546875,125.98318094993341
E19,9,MITO,34806.97265625,4813.259381203382
E19,9,PHAandWGA,10096.658203125,1016.9450181639808
E19,9,SYTO,4677.83349609375,496.7613626426511
E19,10,CONC,2487.669921875,127.11477232692096
E19,10,HOECHST,2138.5087890625,122.07832680600409
E19,10,MITO,35324.28125,4673.848964410572
E19,10,PHAandWGA,10122.2158203125,976.1601857544148
E19,10,SYTO,4715.2451171875,476.67873236989743
E19,11,CONC,2508.73828125,122.37987235079898
E19,11,HOECHST,2148.400390625,116.8801696358831
E19,11,MITO,35351.796875,4472.200259062828
E19,11,PHAandWGA,10060.0341796875,922.0581202267864
E19,11,SYTO,4710.427734375,452.985777454452
E19,12,CONC,2548.7041015625,116.97030700883708
E19,12,HOECHST,2166.579833984375,111.16838098305143
E19,12,MITO,35620.6015625,4280.204682019998
E19,12,PHAandWGA,10019.37109375,867.2072173929482
E19,12,SYTO,4702.5322265625,426.88548017167125
E19,13,CONC,2552.8193359375,111.38194758611009
E19,13,HOECHST,2193.109130859375,105.18029244757315
E19,13,MITO,35781.12109375,4029.6124647601778
E19,13,PHAandWGA,9722.982421875,803.4815565697983
E19,13,SYTO,4743.1376953125,399.56967110730415
E19,14,CONC,2590.69775390625,105.68853228304287
E19,14,HOECHST,2206.4384765625,99.29798872940404
E19,14,MITO,36400.6640625,3784.63462024674
E19,14,PHAandWGA,9542.28515625,744.0409469724899
E19,14,SYTO,4775.79248046875,373.3097329927389
E19,15,CONC,2619.95458984375,99.3181599443331
E19,15,HOECHST,2257.9775390625,92.58252535398422
E19,15,MITO,36736.890625,3498.7872516440007
E19,15,PHAandWGA,9353.3837890625,680.2941210741084
E19,15,SYTO,4847.64404296875,344.4874946953983
E20,0,CONC,4270.0830078125,84.0891898099898
E20,0,HOECHST,1551.97265625,29.734921555043556
E20,0,MITO,61648.984375,3298.6802964930653
E20,0,PHAandWGA,18323.44140625,857.8973426487322
E20,0,SYTO,6806.9453125,351.6637075255376
E20,1,CONC,4696.5302734375,122.63394416127277
E20,1,HOECHST,1673.6748046875,42.81978192910957
E20,1,MITO,65236.453125,4130.083602233857
E20,1,PHAandWGA,19803.765625,1130.4486392639426
E20,1,SYTO,8223.740234375,498.2633536002464
E20,2,CONC,5229.68896484375,169.80173391040785
E20,2,HOECHST,1868.141845703125,65.06451046996071
E20,2,MITO,70253.90625,5107.570385272289
E20,2,PHAandWGA,22000.18359375,1496.0019566454457
E20,2,SYTO,10476.3828125,699.1979591513158
E20,3,CONC,5681.27001953125,197.89915408273674
E20,3,HOECHST,2048.6259765625,79.79450236240834
E20,3,MITO,75402.640625,5655.041822229616
E20,3,PHAandWGA,23829.33984375,1702.0329271184587
E20,3,SYTO,12186.07421875,812.7619540339124
E20,4,CONC,5995.7724609375,208.05976453473497
E20,4,HOECHST,2169.43212890625,85.83852064920801
E20,4,MITO,80404.8671875,5926.956971533486
E20,4,PHAandWGA,25894.65625,1771.4994825556196
E20,4,SYTO,13569.4404296875,845.3937910712006
E20,5,CONC,6270.1572265625,209.71775990014277
E20,5,HOECHST,2303.03857421875,88.53907627588654
E20,5,MITO,83078.7421875,6036.14381350528
E20,5,PHAandWGA,27091.734375,1768.5456002706471
E20,5,SYTO,14474.404296875,833.6772428710823
E20,6,CONC,6396.44970703125,206.804733436537
E20,6,HOECHST,2379.228515625,88.06059752361959
E20,6,MITO,85894.1328125,6080.493199292131
E20,6,PHAandWGA,28768.85546875,1760.5545888010145
E20,6,SYTO,14870.736328125,810.3995176449199
E20,7,CONC,6500.2861328125,203.0721316255012
E20,7,HOECHST,2446.989990234375,86.2112724328285
E20,7,MITO,88187.7734375,6060.443102719718
E20,7,PHAandWGA,29960.06640625,1751.8489577591054
E20,7,SYTO,14496.041015625,782.6249531053301
E20,8,CONC,6555.91015625,198.87971059773085
E20,8,HOECHST,2485.890380859375,85.27540082086986
E20,8,MITO,89351.15625,6033.271601511997
E20,8,PHAandWGA,30514.904296875,1728.1523922915128
E20,8,SYTO,14183.0234375,754.6791281978983
E20,9,CONC,6620.4482421875,193.10949122052872
E20,9,HOECHST,2521.798095703125,81.85919079911325
E20,9,MITO,91534.3359375,5985.940717380902
E20,9,PHAandWGA,31100.7421875,1687.8962717581555
E20,9,SYTO,13498.44921875,720.8040936166211
E20,10,CONC,6584.45849609375,186.36871589477752
E20,10,HOECHST,2547.435546875,78.44193137791756
E20,10,MITO,91832.09375,5881.735220684821
E20,10,PHAandWGA,31345.580078125,1635.7680997816194
E20,10,SYTO,13109.919921875,688.5690006096049
E20,11,CONC,6626.9833984375,179.40984458759627
E20,11,HOECHST,2542.10302734375,75.23751578064552
E20,11,MITO,92736.796875,5779.1852682321205
E20,11,PHAandWGA,31938.6640625,1592.4769071499065
E20,11,SYTO,12729.23046875,657.7210607009291
E20,12,CONC,6580.99462890625,171.5999879890383
E20,12,HOECHST,2549.02734375,72.13516823494939
E20,12,MITO,93217.328125,5661.409376466267
E20,12,PHAandWGA,32208.845703125,1550.2949310673666
E20,12,SYTO,12460.7158203125,630.3454923300709
E20,13,CONC,6555.462890625,163.46904104874065
E20,13,HOECHST,2547.3759765625,68.02440636389548
E20,13,MITO,92760.4453125,5475.654680844859
E20,13,PHAandWGA,32093.6875,1493.421420897919
E20,13,SYTO,12211.5380859375,596.3075943251298
E20,14,CONC,6572.892578125,155.8247606403023
E20,14,HOECHST,2542.45751953125,64.47552762235141
E20,14,MITO,93446.0,5317.418661753775
E20,14,PHAandWGA,31867.216796875,1439.5829894479434
E20,14,SYTO,11995.2265625,562.7925815734843
E20,15,CONC,6618.625,148.5835979665012
E20,15,HOECHST,2550.181884765625,61.2522662016276
E20,15,MITO,94550.90625,5093.027613938008
E20,15,PHAandWGA,31942.30078125,1372.7025393794083
E20,15,SYTO,11860.771484375,531.0421237992466
E21,0,CONC,1812.8668212890625,55.023790178752265
E21,0,HOECHST,1326.6182861328125,38.38960120590047
E21,0,MITO,40153.875,4141.270804291349
E21,0,PHAandWGA,8600.2958984375,655.7955359368822
E21,0,SYTO,3764.3994140625,294.6060505151812
E21,1,CONC,1918.96875,64.58822959183391
E21,1,HOECHST,1403.0421142578125,46.06359697234959
E21,1,MITO,41337.671875,4488.727702001277
E21,1,PHAandWGA,9299.701171875,754.0945876057624
E21,1,SYTO,4043.541748046875,341.3597415092264
E21,2,CONC,2015.28173828125,72.30467042637032
E21,2,HOECHST,1472.219970703125,52.97679287903761
E21,2,MITO,42538.80859375,4807.0660490850705
E21,2,PHAandWGA,9996.1513671875,838.9361888590894
E21,2,SYTO,4314.5341796875,378.8366513567803
E21,3,CONC,2105.318359375,78.11224381689581
E21,3,HOECHST,1541.004150390625,58.03748884771944
E21,3,MITO,44302.1328125,5041.368967483682
E21,3,PHAandWGA,10669.966796875,904.6105994575313
E21,3,SYTO,4542.3955078125,406.7590184178584
E21,4,CONC,2172.55712890625,81.40367736218883
E21,4,HOECHST,1589.234130859375,60.39453782022903
E21,4,MITO,45313.45703125,5174.449866142954
E21,4,PHAandWGA,10992.76171875,937.2183122654299
E21,4,SYTO,4713.4462890625,419.119556715593
E21,5,CONC,2227.2568359375,82.84723071957356
E21,5,HOECHST,1623.347900390625,61.036602675009654
E21,5,MITO,46466.359375,5250.7044056421855
E21,5,PHAandWGA,11425.869140625,965.6355740773101
E21,5,SYTO,4826.80078125,424.9650471036104
E21,6,CONC,2252.95849609375,83.00183224472867
E21,6,HOECHST,1645.9183349609375,61.077661129385724
E21,6,MITO,47375.609375,5260.021545022841
E21,6,PHAandWGA,11630.052734375,974.8061588255756
E21,6,SYTO,4916.9453125,423.44168806665215
E21,7,CONC,2290.619384765625,82.55012444040716
E21,7,HOECHST,1667.8970947265625,60.34781386844151
E21,7,MITO,47716.453125,5235.245458606268
E21,7,PHAandWGA,11797.2607421875,976.9525827907588
E21,7,SYTO,4962.11328125,417.901549781019
E21,8,CONC,2312.64599609375,81.63682893695055
E21,8,HOECHST,1684.17724609375,59.2659674949973
E21,8,MITO,48923.1484375,5209.864150409082
E21,8,PHAandWGA,11951.1572265625,978.6195982852646
E21,8,SYTO,5048.974609375,410.5720678969697
E21,9,CONC,2337.7744140625,80.37667292740772
E21,9,HOECHST,1707.05078125,58.14605353420305
E21,9,MITO,49216.90625,5084.09448276929
E21,9,PHAandWGA,11829.4501953125,965.1483961234371
E21,9,SYTO,5083.60205078125,400.90010308041866
E21,10,CONC,2382.34716796875,78.77615538767365
E21,10,HOECHST,1719.0762939453125,56.79000604311916
E21,10,MITO,50165.4296875,4957.425636062653
E21,10,PHAandWGA,12092.3017578125,943.3038054498281
E21,10,SYTO,5096.0126953125,387.99819501613325
E21,11,CONC,2406.52587890625,76.86261016614418
E21,11,HOECHST,1746.5338134765625,55.248231153750254
E21,11,MITO,50696.734375,4811.3647510866485
E21,11,PHAandWGA,11981.7587890625,898.3090141751945
E21,11,SYTO,5199.095703125,372.0848653144871
E21,12,CONC,2454.948974609375,74.71955641163747
E21,12,HOECHST,1775.106689453125,53.49541459757063
E21,12,MITO,51896.484375,4645.7579608303495
E21,12,PHAandWGA,12127.77734375,853.1358909744874
E21,12,SYTO,5219.2939453125,354.56963676428336
E21,13,CONC,2497.015625,72.51193406349714
E21,13,HOECHST,1803.4207763671875,51.19170488215456
E21,13,MITO,52992.34375,4462.767976814228
E21,13,PHAandWGA,12290.0400390625,813.7786186743375
E21,13,SYTO,5300.88916015625,338.18152595039584
E21,14,CONC,2540.4130859375,69.78288954809479
E21,14,HOECHST,1837.298828125,49.11731600721976
E21,14,MITO,52877.69140625,4231.978340115792
E21,14,PHAandWGA,12311.3427734375,766.0093522501015
E21,14,SYTO,5363.62890625,320.2659066391973
E21,15,CONC,2564.3056640625,66.89462944633513
E21,15,HOECHST,1859.341064453125,46.578748105693094
E21,15,MITO,53741.64453125,4020.1494329231073
E21,15,PHAandWGA,12383.1953125,724.3083190689327
E21,15,SYTO,5438.7568359375,301.86543110416847
E22,0,CONC,3680.44677734375,70.52135360581684
E22,0,HOECHST,1556.81396484375,23.95110157987814
E22,0,MITO,51399.375,3029.457626615032
E22,0,PHAandWGA,13461.25,690.3619911052679
E22,0,SYTO,5359.9970703125,262.51958655920225
E22,1,CONC,3847.912353515625,78.97605225646608
E22,1,HOECHST,1618.0609130859375,27.349454736854046
E22,1,MITO,52202.2109375,3197.8978965861575
E22,1,PHAandWGA,13914.87109375,754.5627917441665
E22,1,SYTO,5610.1123046875,289.89591300231245
E22,2,CONC,3983.948486328125,86.9825107812263
E22,2,HOECHST,1692.166259765625,31.28821744915221
E22,2,MITO,53623.91796875,3419.845999918712
E22,2,PHAandWGA,14730.84375,818.7505020929482
E22,2,SYTO,5878.54150390625,318.232399075289
E22,3,CONC,4139.4501953125,94.53839867738522
E22,3,HOECHST,1765.5963134765625,35.30425840265121
E22,3,MITO,55412.375,3605.8356841146965
E22,3,PHAandWGA,15515.701171875,881.6290751720805
E22,3,SYTO,6170.2119140625,343.9843885559662
E22,4,CONC,4271.2607421875,100.64951493887878
E22,4,HOECHST,1849.853759765625,39.2469895395773
E22,4,MITO,57025.5859375,3748.2828732425205
E22,4,PHAandWGA,16144.431640625,931.5038814883814
E22,4,SYTO,6508.1064453125,365.57923804353794
E22,5,CONC,4416.5693359375,105.09194841556457
E22,5,HOECHST,1933.1473388671875,43.7810630553652
E22,5,MITO,59029.53125,3824.2083354340593
E22,5,PHAandWGA,16773.89453125,961.6618693574046
E22,5,SYTO,6705.6171875,380.8292459788543
E22,6,CONC,4534.21240234375,108.36295435971257
E22,6,HOECHST,1985.2685546875,48.533051005322456
E22,6,MITO,60936.60546875,3892.6851748373633
E22,6,PHAandWGA,17597.923828125,996.7555510448951
E22,6,SYTO,6992.8095703125,391.91145168614275
E22,7,CONC,4648.0869140625,110.78399900942625
E22,7,HOECHST,2060.20556640625,51.25877437200435
E22,7,MITO,62329.4609375,3911.603403929864
E22,7,PHAandWGA,18066.81640625,1020.3160519124102
E22,7,SYTO,7219.16259765625,400.1991497918835
E22,8,CONC,4755.89599609375,112.5186814242799
E22,8,HOECHST,2098.991943359375,51.64738474886714
E22,8,MITO,63626.7265625,3914.966789109165
E22,8,PHAandWGA,18574.70703125,1034.6909341225762
E22,8,SYTO,7405.099609375,405.59430029908424
E22,9,CONC,4855.98193359375,113.39524261281363
E22,9,HOECHST,2139.594482421875,51.47903419273599
E22,9,MITO,64858.76953125,3897.682906612844
E22,9,PHAandWGA,19115.494140625,1040.736735588019
E22,9,SYTO,7598.75048828125,407.7382116149982
E22,10,CONC,4977.29296875,113.12933567207128
E22,10,HOECHST,2181.7841796875,50.68268644947829
E22,10,MITO,65998.3984375,3857.85713057187
E22,10,PHAandWGA,19683.484375,1034.9981783966136
E22,10,SYTO,7757.87451171875,405.5955081459259
E22,11,CONC,5081.6171875,111.99572791469073
E22,11,HOECHST,2211.823486328125,49.40230789367712
E22,11,MITO,66943.953125,3791.001404245704
E22,11,PHAandWGA,19831.78125,1026.084953923195
E22,11,SYTO,7841.2529296875,400.61574384417764
E22,12,CONC,5178.61962890625,110.1730625927928
E22,12,HOECHST,2247.51953125,47.72413566222912
E22,12,MITO,68211.046875,3718.348037537339
E22,12,PHAandWGA,20453.08984375,1009.4137597504537
E22,12,SYTO,8072.39208984375,392.8092815195342
E22,13,CONC,5271.32080078125,107.72683009644176
E22,13,HOECHST,2286.911865234375,45.91928331407619
E22,13,MITO,69888.015625,3605.0726962059434
E22,13,PHAandWGA,20515.140625,985.1819683222873
E22,13,SYTO,8185.14306640625,382.59071479974926
E22,14,CONC,5352.5849609375,105.04390772743149
E22,14,HOECHST,2323.315185546875,44.46899941552461
E22,14,MITO,70674.140625,3490.247510886484
E22,14,PHAandWGA,21037.73828125,961.1539142389591
E22,14,SYTO,8324.6875,369.83878146129814
E22,15,CONC,5443.10986328125,101.9482143474965
E22,15,HOECHST,2358.370849609375,43.01973586594636
E22,15,MITO,71879.734375,3345.9920390103025
E22,15,PHAandWGA,21323.02734375,921.9007263385087
E22,15,SYTO,8494.208984375,356.9407579731784
E23,0,CONC,6185.02490234375,124.2989401566915
E23,0,HOECHST,3481.84521484375,103.27107688736034
E23,0,MITO,75049.203125,2836.2121573957897
E23,0,PHAandWGA,23339.17578125,955.1367416700629
E23,0,SYTO,13340.5771484375,574.6621182969351
E23,1,CONC,6888.408203125,181.66166106730694
E23,1,HOECHST,3890.38232421875,155.6705304450646
E23,1,MITO,78895.984375,3576.8932509382757
E23,1,PHAandWGA,25121.16796875,1217.3606219175194
E23,1,SYTO,15289.1748046875,814.0830481661296
E23,2,CONC,7756.49365234375,244.1910176406122
E23,2,HOECHST,4362.8544921875,208.89651632944557
E23,2,MITO,85106.625,4315.06412831977
E23,2,PHAandWGA,27785.80078125,1525.6494434700219
E23,2,SYTO,17523.625,1064.3871596343854
E23,3,CONC,8513.6103515625,283.15430641209366
E23,3,HOECHST,4799.4833984375,248.2414912320279
E23,3,MITO,90464.9375,4843.608620260048
E23,3,PHAandWGA,30138.47265625,1755.713420873138
E23,3,SYTO,19855.49609375,1233.6425650853093
E23,4,CONC,8981.166015625,296.8043042091477
E23,4,HOECHST,5142.140625,263.66368566746934
E23,4,MITO,95425.96875,5123.09681939527
E23,4,PHAandWGA,32511.3046875,1879.6896366372205
E23,4,SYTO,21885.921875,1288.1973467028142
E23,5,CONC,9396.2265625,298.8355329465472
E23,5,HOECHST,5361.3603515625,262.15522216761093
E23,5,MITO,99302.765625,5267.534127375111
E23,5,PHAandWGA,34501.04296875,1941.2991212374534
E23,5,SYTO,23587.3125,1283.9360087671655
E23,6,CONC,9630.353515625,291.7187028604737
E23,6,HOECHST,5582.314453125,260.27352043433046
E23,6,MITO,102922.84375,5316.701218093209
E23,6,PHAandWGA,36706.625,1948.5056205393785
E23,6,SYTO,25009.41015625,1253.823034194614
E23,7,CONC,9888.5859375,280.7229657103172
E23,7,HOECHST,5680.12646484375,247.12704260556143
E23,7,MITO,106007.171875,5243.244741749028
E23,7,PHAandWGA,38015.0859375,1919.7153091152836
E23,7,SYTO,26589.548828125,1203.681038749917
E23,8,CONC,9983.2666015625,268.6985966463236
E23,8,HOECHST,5853.20166015625,238.60016914186858
E23,8,MITO,108859.90625,5146.5500215136235
E23,8,PHAandWGA,39317.890625,1863.8390557232117
E23,8,SYTO,27466.958984375,1140.4725574102843
E23,9,CONC,10092.53515625,254.37262290670182
E23,9,HOECHST,5916.5927734375,226.99821569971536
E23,9,MITO,112031.9296875,4983.57192201856
E23,9,PHAandWGA,40611.10546875,1778.9645044952217
E23,9,SYTO,27719.7421875,1066.4933557540503
E23,10,CONC,10137.6904296875,241.67485420811525
E23,10,HOECHST,5973.35205078125,215.05541045609172
E23,10,MITO,113421.796875,4828.409167655644
E23,10,PHAandWGA,41476.4765625,1715.4611892278272
E23,10,SYTO,28083.5,1005.8048488423962
E23,11,CONC,10032.4755859375,231.24215910632665
E23,11,HOECHST,5965.41162109375,203.55555151728552
E23,11,MITO,113941.5625,4750.719230796331
E23,11,PHAandWGA,41273.9453125,1665.2202682773407
E23,11,SYTO,27850.94921875,955.4693573935765
E23,12,CONC,9980.0458984375,222.029914603366
E23,12,HOECHST,5923.14013671875,194.77922042598672
E23,12,MITO,115066.109375,4652.325865329343
E23,12,PHAandWGA,41663.99609375,1622.2908712755957
E23,12,SYTO,27526.5234375,918.2995709690649
E23,13,CONC,9958.0498046875,212.90387769403264
E23,13,HOECHST,6006.51171875,188.06692297064285
E23,13,MITO,115080.828125,4517.983936887143
E23,13,PHAandWGA,41793.5390625,1576.4130414260112
E23,13,SYTO,27796.83203125,881.0419628806427
E23,14,CONC,9968.525390625,203.48567405368613
E23,14,HOECHST,6037.0234375,180.18393372723438
E23,14,MITO,115560.265625,4376.77468820522
E23,14,PHAandWGA,41326.125,1524.4035289341098
E23,14,SYTO,27374.0390625,838.8128705687409
E23,15,CONC,9927.638671875,194.30281696950806
E23,15,HOECHST,6062.4638671875,170.67293881124027
E23,15,MITO,116873.671875,4242.769667047694
E23,15,PHAandWGA,42038.4765625,1474.0266223088597
E23,15,SYTO,27038.80859375,795.412856709747
F02,0,CONC,4296.1240234375,77.35558049830613
F02,0,HOECHST,1704.1171875,29.65627703845362
F02,0,MITO,56138.109375,2475.4334532713283
F02,0,PHAandWGA,11512.974609375,464.73211558592044
F02,0,SYTO,5249.392578125,204.06117430555327
F02,1,CONC,4457.826171875,87.9323164868441
F02,1,HOECHST,1784.034423828125,34.46179975013867
F02,1,MITO,56119.125,2678.3051649375548
F02,1,PHAandWGA,12156.6025390625,521.3948640431456
F02,1,SYTO,5522.765625,231.78603173454852
F02,2,CONC,4666.33544921875,98.99203811784248
F02,2,HOECHST,1873.48046875,39.3544653104064
F02,2,MITO,58637.9375,2906.8611728088845
F02,2,PHAandWGA,13193.9462890625,580.4991540574981
F02,2,SYTO,5832.83251953125,259.34907701488913
F02,3,CONC,4882.94140625,109.72922630037903
F02,3,HOECHST,1972.863037109375,44.05146593104898
F02,3,MITO,60766.12109375,3115.3243260209315
F02,3,PHAandWGA,14475.64453125,640.1755828109177
F02,3,SYTO,6146.109375,285.87551888185914
F02,4,CONC,5078.69873046875,120.05890396034934
F02,4,HOECHST,2060.861083984375,48.37201152661042
F02,4,MITO,63340.2421875,3327.1433098276584
F02,4,PHAandWGA,15606.46484375,699.1238501720497
F02,4,SYTO,6489.23486328125,311.0474839225098
F02,5,CONC,5313.17529296875,129.0497672422363
F02,5,HOECHST,2156.98291015625,52.62431409981111
F02,5,MITO,65879.609375,3468.065327475281
F02,5,PHAandWGA,16591.00390625,744.5431826259678
F02,5,SYTO,6849.84765625,331.72777747645864
F02,6,CONC,5510.236328125,134.43707985405737
F02,6,HOECHST,2246.47314453125,55.76531700128152
F02,6,MITO,67658.171875,3573.7351749124114
F02,6,PHAandWGA,17518.9453125,772.6752079979112
F02,6,SYTO,7152.0263671875,345.0939526677056
F02,7,CONC,5652.5830078125,136.9613068215807
F02,7,HOECHST,2323.70068359375,57.09115242499033
F02,7,MITO,69605.9453125,3597.0561189774676
F02,7,PHAandWGA,18245.1484375,783.6373874471985
F02,7,SYTO,7434.41943359375,349.9831090537669
F02,8,CONC,5783.740234375,137.80074371875537
F02,8,HOECHST,2377.24853515625,57.22296820283718
F02,8,MITO,71002.2421875,3590.9460801593646
F02,8,PHAandWGA,19011.83203125,786.7674565470353
F02,8,SYTO,7624.4755859375,349.7736474128354
F02,9,CONC,5890.8486328125,137.03501397562042
F02,9,HOECHST,2433.296875,56.89810256799062
F02,9,MITO,72249.40625,3569.3801907849984
F02,9,PHAandWGA,19511.466796875,784.4522365918035
F02,9,SYTO,7827.8349609375,346.8418958011716
F02,10,CONC,6000.2900390625,135.5722171327308
F02,10,HOECHST,2488.5126953125,56.25162763088589
F02,10,MITO,74284.7421875,3541.5172809949063
F02,10,PHAandWGA,19724.10546875,772.6702524092835
F02,10,SYTO,7951.70654296875,340.0205605506165
F02,11,CONC,6134.6162109375,133.91253262527053
F02,11,HOECHST,2531.615234375,55.49106542008137
F02,11,MITO,74664.609375,3487.951702147905
F02,11,PHAandWGA,20155.060546875,763.850095573737
F02,11,SYTO,8072.7021484375,333.6151733532093
F02,12,CONC,6195.43408203125,131.82847251028855
F02,12,HOECHST,2589.03564453125,54.53088601497184
F02,12,MITO,76541.390625,3449.2508420413337
F02,12,PHAandWGA,20403.703125,751.9404222072694
F02,12,SYTO,8170.5693359375,325.73489099167466
F02,13,CONC,6273.107421875,129.29224750838014
F02,13,HOECHST,2600.8876953125,53.137593029532596
F02,13,MITO,77706.90625,3393.9479299014397
F02,13,PHAandWGA,20611.28125,737.3070540730496
F02,13,SYTO,8282.341796875,317.70602774515874
F02,14,CONC,6374.9443359375,126.34153551417289
F02,14,HOECHST,2646.6083984375,51.70066579356168
F02,14,MITO,78007.09375,3304.2837796267027
F02,14,PHAandWGA,20839.55078125,719.463207233912
F02,14,SYTO,8371.8017578125,307.68903829214986
F02,15,CONC,6449.09716796875,122.89552400390023
F02,15,HOECHST,2677.944091796875,50.147381315852506
F02,15,MITO,78709.6171875,3205.568887310935
F02,15,PHAandWGA,20693.466796875,697.0807292927185
F02,15,SYTO,8461.251953125,297.51043197142906
F03,0,CONC,8075.35498046875,143.57432058173274
F03,0,HOECHST,3322.422119140625,67.66020563506423
F03,0,MITO,98559.59375,3131.171604484413
F03,0,PHAandWGA,32892.41015625,942.3886621382576
F03,0,SYTO,18945.009765625,617.1276511588641
F03,1,CONC,9083.537109375,190.9535049950961
F03,1,HOECHST,3716.34033203125,95.97962916424972
F03,1,MITO,105951.546875,3750.927057582854
F03,1,PHAandWGA,36316.78125,1183.2038645377645
F03,1,SYTO,22627.275390625,816.4023340347005
F03,2,CONC,9991.20703125,214.13069555304887
F03,2,HOECHST,4127.3427734375,116.37433398400077
F03,2,MITO,115289.4375,4134.5094337556
F03,2,PHAandWGA,39723.796875,1333.8197927852957
F03,2,SYTO,25708.8359375,924.2572969941788
F03,3,CONC,10682.3984375,219.89329973823774
F03,3,HOECHST,4389.83544921875,116.48856927640686
F03,3,MITO,122763.21875,4258.576709885216
F03,3,PHAandWGA,42334.0859375,1389.8677791462146
F03,3,SYTO,29332.45703125,936.4538774233413
F03,4,CONC,11120.4189453125,211.49565869565802
F03,4,HOECHST,4707.19140625,119.47423822804775
F03,4,MITO,128109.59375,4153.170026462597
F03,4,PHAandWGA,45521.609375,1372.9258498187944
F03,4,SYTO,32122.26171875,917.2577531143922
F03,5,CONC,11328.544921875,196.45108468331122
F03,5,HOECHST,4842.8017578125,114.87232114843853
F03,5,MITO,130414.078125,3979.658337840227
F03,5,PHAandWGA,47551.93359375,1327.4606656087576
F03,5,SYTO,34019.39453125,869.1334488096785
F03,6,CONC,11337.91015625,182.04580723630087
F03,6,HOECHST,4925.966796875,105.53653308237404
F03,6,MITO,132983.234375,3791.6880420528023
F03,6,PHAandWGA,49636.765625,1278.0771876956214
F03,6,SYTO,34853.23828125,814.423751966608
F03,7,CONC,11361.88671875,167.90531414843218
F03,7,HOECHST,4967.484375,98.66172319444756
F03,7,MITO,134002.84375,3630.0908772500693
F03,7,PHAandWGA,49711.43359375,1200.6320699996331
F03,7,SYTO,35664.234375,753.8490371855615
F03,8,CONC,11287.330078125,154.68135079949843
F03,8,HOECHST,4987.416015625,91.5776861646456
F03,8,MITO,134576.46875,3436.0019081645755
F03,8,PHAandWGA,51091.7578125,1137.712382442218
F03,8,SYTO,36317.4453125,701.6318050816687
F03,9,CONC,11193.20703125,142.75621549475548
F03,9,HOECHST,5010.20458984375,84.65742065996825
F03,9,MITO,135541.15625,3256.7068258728027
F03,9,PHAandWGA,50660.17578125,1080.1113340802842
F03,9,SYTO,36532.42578125,655.9347292412876
F03,10,CONC,11112.4169921875,132.51587221922622
F03,10,HOECHST,5026.365234375,79.48428364118682
F03,10,MITO,136093.421875,3102.3590789808204
F03,10,PHAandWGA,51717.9453125,1027.6367347321636
F03,10,SYTO,36176.8515625,614.9704770317666
F03,11,CONC,10988.791015625,123.97929710724542
F03,11,HOECHST,5028.8095703125,75.37162007385562
F03,11,MITO,134448.21875,2935.9412917736818
F03,11,PHAandWGA,51081.4453125,987.2412175611871
F03,11,SYTO,35219.55859375,582.4142297506843
F03,12,CONC,10964.271484375,116.8345169057615
F03,12,HOECHST,5010.67626953125,71.69418093062664
F03,12,MITO,136396.3125,2829.035514235879
F03,12,PHAandWGA,51540.1796875,950.62191361175
F03,12,SYTO,34641.65625,554.1009463163417
F03,13,CONC,10955.314453125,110.82923071557198
F03,13,HOECHST,5026.052734375,68.37506775631417
F03,13,MITO,136065.46875,2695.823830221995
F03,13,PHAandWGA,50986.90625,916.1105494552676
F03,13,SYTO,34519.25,527.7036717551855
F03,14,CONC,10940.08203125,105.78074201639454
F03,14,HOECHST,5070.0576171875,65.68007340425191
F03,14,MITO,134826.609375,2558.169071685443
F03,14,PHAandWGA,50765.7265625,884.0464578320637
F03,14,SYTO,34240.359375,504.6977909130867
F03,15,CONC,10960.095703125,101.26103071224067
F03,15,HOECHST,5093.4580078125,62.88285789133602
F03,15,MITO,136388.6875,2443.976113570057
F03,15,PHAandWGA,51563.5546875,853.256887925861
F03,15,SYTO,34354.36328125,483.26415712552995
F05,0,CONC,4640.15771484375,92.34093019198006
F05,0,HOECHST,2805.746337890625,78.09744341249497
F05,0,MITO,62598.6484375,2832.420873967125
F05,0,PHAandWGA,18396.9609375,793.7201158716756
F05,0,SYTO,9617.1328125,475.05284030928914
F05,1,CONC,5203.654296875,146.20650713109424
F05,1,HOECHST,3082.568359375,114.06362360806267
F05,1,MITO,66470.28125,3749.769671120398
F05,1,PHAandWGA,19747.189453125,1055.7560737811575
F05,1,SYTO,11916.69921875,685.4223800720949
F05,2,CONC,6095.9462890625,235.53703803062373
F05,2,HOECHST,3618.3359375,186.72778661816332
F05,2,MITO,74308.53125,5078.519845506993
F05,2,PHAandWGA,22386.37890625,1459.4962105423347
F05,2,SYTO,14494.7275390625,1046.55247315777
F05,3,CONC,6872.2431640625,282.1607514860766
F05,3,HOECHST,4204.36328125,244.97813367708383
F05,3,MITO,80833.296875,5707.501238534326
F05,3,PHAandWGA,25390.1484375,1730.8148213558434
F05,3,SYTO,17948.76953125,1271.3206008540892
F05,4,CONC,7392.8984375,296.08541348929134
F05,4,HOECHST,4562.00537109375,262.45681145117027
F05,4,MITO,85827.484375,5948.196958384564
F05,4,PHAandWGA,27462.5234375,1867.611572230497
F05,4,SYTO,19999.953125,1361.1716964331667
F05,5,CONC,7630.5615234375,287.91514906663633
F05,5,HOECHST,4750.4794921875,256.76848467783094
F05,5,MITO,88424.9375,5943.221271577266
F05,5,PHAandWGA,29206.89453125,1894.5338615765395
F05,5,SYTO,21575.18359375,1349.1538430906014
F05,6,CONC,7785.875,276.7754001974658
F05,6,HOECHST,4873.1650390625,248.9101850004959
F05,6,MITO,91649.4453125,5933.111628659903
F05,6,PHAandWGA,30743.970703125,1876.00236228104
F05,6,SYTO,22634.90625,1300.7966047102257
F05,7,CONC,7802.732421875,261.97707303982526
F05,7,HOECHST,4965.67529296875,238.29945844818192
F05,7,MITO,93754.34375,5810.010318305322
F05,7,PHAandWGA,31988.671875,1821.546683122207
F05,7,SYTO,23962.92578125,1233.6663055952058
F05,8,CONC,7784.826171875,244.84403952389843
F05,8,HOECHST,4972.138671875,220.33435567831668
F05,8,MITO,95492.484375,5670.733216036739
F05,8,PHAandWGA,32839.515625,1750.3046786746
F05,8,SYTO,24281.517578125,1152.4121104821356
F05,9,CONC,7748.42626953125,226.34639301711667
F05,9,HOECHST,4973.087890625,203.8413803771968
F05,9,MITO,95926.6015625,5444.705208432597
F05,9,PHAandWGA,33079.515625,1654.9611435742618
F05,9,SYTO,24689.671875,1059.6078770555137
F05,10,CONC,7680.6298828125,211.4851421877226
F05,10,HOECHST,4973.7255859375,191.27959094050914
F05,10,MITO,97500.03125,5271.02479376999
F05,10,PHAandWGA,33739.3515625,1575.9554179316065
F05,10,SYTO,24765.6875,985.8654926705019
F05,11,CONC,7526.8515625,195.418397748996
F05,11,HOECHST,4884.74609375,173.79960183229844
F05,11,MITO,97078.09375,5053.056615211057
F05,11,PHAandWGA,33563.046875,1505.8000044393782
F05,11,SYTO,24275.41015625,915.0836757965993
F05,12,CONC,7398.388671875,181.30386165988156
F05,12,HOECHST,4828.07666015625,160.82814150288817
F05,12,MITO,97107.015625,4854.866736065549
F05,12,PHAandWGA,32859.50390625,1439.066100021766
F05,12,SYTO,23342.734375,851.5976062727085
F05,13,CONC,7287.03515625,168.81838983641398
F05,13,HOECHST,4771.58349609375,149.5985341577242
F05,13,MITO,96003.09375,4643.075443928352
F05,13,PHAandWGA,32942.53515625,1376.1712430197706
F05,13,SYTO,22442.267578125,794.8517860184288
F05,14,CONC,7247.98779296875,158.3977394912877
F05,14,HOECHST,4779.4775390625,139.6644424960326
F05,14,MITO,95468.8515625,4421.509301379735
F05,14,PHAandWGA,32495.5703125,1312.8902290592036
F05,14,SYTO,21593.95703125,742.6189634020604
F05,15,CONC,7264.62646484375,149.50770273066465
F05,15,HOECHST,4761.69140625,131.29978877954872
F05,15,MITO,94681.671875,4219.041731872021
F05,15,PHAandWGA,32084.021484375,1253.1453808391857
F05,15,SYTO,20711.9453125,696.5181285314018
F06,0,CONC,6329.8349609375,100.09401149203268
F06,0,HOECHST,2067.7978515625,34.95986551991478
F06,0,MITO,75232.78125,2604.3821440952784
F06,0,PHAandWGA,21189.841796875,718.319656894718
F06,0,SYTO,10083.330078125,377.607926517983
F06,1,CONC,7080.556640625,146.98769172093853
F06,1,HOECHST,2229.948486328125,50.42986094185133
F06,1,MITO,79840.515625,3508.2706613788
F06,1,PHAandWGA,22841.62109375,923.1562676625782
F06,1,SYTO,12228.99609375,525.3820774781743
F06,2,CONC,7839.69140625,194.71534969288342
F06,2,HOECHST,2458.01904296875,72.67561073353113
F06,2,MITO,87416.9453125,4443.276709521993
F06,2,PHAandWGA,24744.572265625,1153.0446513074514
F06,2,SYTO,14624.474609375,695.7254036744762
F06,3,CONC,8504.6474609375,229.8543478965946
F06,3,HOECHST,2634.9619140625,80.66889696773299
F06,3,MITO,92767.84375,4932.038250097477
F06,3,PHAandWGA,26929.447265625,1336.3176509922348
F06,3,SYTO,16705.978515625,800.472946274374
F06,4,CONC,9098.1123046875,243.39474022193713
F06,4,HOECHST,2832.4677734375,86.31701645841024
F06,4,MITO,98374.203125,5059.49779808065
F06,4,PHAandWGA,29647.240234375,1439.315938830641
F06,4,SYTO,18916.96484375,862.4060349412724
F06,5,CONC,9567.10546875,250.41560017588134
F06,5,HOECHST,3047.3427734375,95.42018976107563
F06,5,MITO,104573.40625,5219.928488660484
F06,5,PHAandWGA,31757.033203125,1494.7495487287235
F06,5,SYTO,20928.38671875,896.6505304488544
F06,6,CONC,9798.265625,245.53752051531416
F06,6,HOECHST,3160.2880859375,93.96611476615617
F06,6,MITO,106930.140625,5100.028110668108
F06,6,PHAandWGA,33821.8984375,1502.262015123335
F06,6,SYTO,22348.25390625,884.0902821849718
F06,7,CONC,9983.9443359375,237.93265836367664
F06,7,HOECHST,3243.834228515625,88.48423263256132
F06,7,MITO,109464.1796875,4969.956617593558
F06,7,PHAandWGA,34957.859375,1482.3527095517204
F06,7,SYTO,23406.529296875,854.6242365339056
F06,8,CONC,10115.18359375,227.06374664843713
F06,8,HOECHST,3333.802001953125,87.51310654916801
F06,8,MITO,110911.3359375,4693.461515979594
F06,8,PHAandWGA,36057.40625,1423.2725714595958
F06,8,SYTO,23908.701171875,807.6455137454185
F06,9,CONC,10113.3994140625,210.68177620060584
F06,9,HOECHST,3379.1455078125,83.85113534627992
F06,9,MITO,111795.28125,4481.256340273626
F06,9,PHAandWGA,37414.74609375,1360.5678671755572
F06,9,SYTO,23812.515625,760.5638110347268
F06,10,CONC,10004.68359375,197.81300142062753
F06,10,HOECHST,3382.0986328125,77.56075706995094
F06,10,MITO,112920.234375,4319.555452824197
F06,10,PHAandWGA,37198.09765625,1314.722564264709
F06,10,SYTO,23229.8359375,719.4661031276682
F06,11,CONC,9923.9013671875,185.91679569830927
F06,11,HOECHST,3370.160400390625,72.0279928763199
F06,11,MITO,111154.15625,4074.648011096305
F06,11,PHAandWGA,38027.63671875,1265.3974049621422
F06,11,SYTO,22694.86328125,676.3805441422645
F06,12,CONC,9941.005859375,175.64657855928414
F06,12,HOECHST,3379.390380859375,67.95769345314301
F06,12,MITO,112960.921875,3954.013396446028
F06,12,PHAandWGA,37866.6015625,1215.7675681444541
F06,12,SYTO,21945.0390625,634.0924294787919
F06,13,CONC,9910.0830078125,166.28994084299572
F06,13,HOECHST,3376.711669921875,64.3851956722082
F06,13,MITO,113317.5625,3774.6025164721223
F06,13,PHAandWGA,38280.1328125,1164.2405401405665
F06,13,SYTO,21442.7734375,599.5838713755925
F06,14,CONC,9917.357421875,157.7316687974806
F06,14,HOECHST,3429.96923828125,61.48048885073854
F06,14,MITO,112729.7890625,3595.112265262278
F06,14,PHAandWGA,37657.4765625,1123.5080682463472
F06,14,SYTO,20867.87109375,565.6797881713028
F06,15,CONC,9898.5693359375,150.3174631496281
F06,15,HOECHST,3441.966796875,58.753973791138165
F06,15,MITO,113009.875,3424.7184525017688
F06,15,PHAandWGA,38138.640625,1087.2921694836919
F06,15,SYTO,20807.38671875,539.6333896129271
F07,0,CONC,8357.9580078125,103.21932838352635
F07,0,HOECHST,5117.49853515625,97.03113233225885
F07,0,MITO,85111.015625,1648.5965018056443
F07,0,PHAandWGA,33280.4765625,698.1196841036776
F07,0,SYTO,22203.65234375,533.0578941854357
F07,1,CONC,8760.912109375,115.91572746058728
F07,1,HOECHST,5316.80078125,106.50726841475365
F07,1,MITO,86324.203125,1770.6526734791819
F07,1,PHAandWGA,34394.11328125,755.8746153379527
F07,1,SYTO,23408.794921875,594.2910777321225
F07,2,CONC,9177.912109375,128.6406886836162
F07,2,HOECHST,5597.6435546875,117.52748654289663
F07,2,MITO,88528.34375,1895.8348646041018
F07,2,PHAandWGA,35332.1171875,814.7229651265814
F07,2,SYTO,24966.17578125,653.542420713776
F07,3,CONC,9573.107421875,137.20102521766472
F07,3,HOECHST,5819.017578125,125.59217211275394
F07,3,MITO,91551.5078125,1980.963058517485
F07,3,PHAandWGA,37414.40625,862.6251055870683
F07,3,SYTO,26212.703125,695.7702697285828
F07,4,CONC,9937.2822265625,140.98675996187512
F07,4,HOECHST,6055.43017578125,129.5645435878582
F07,4,MITO,94745.6796875,2027.058325503974
F07,4,PHAandWGA,38729.7890625,892.2606154793975
F07,4,SYTO,27697.46875,712.4736667002976
F07,5,CONC,10252.01171875,142.1409294532206
F07,5,HOECHST,6260.78955078125,131.40302515472874
F07,5,MITO,96888.9921875,2049.6327488250777
F07,5,PHAandWGA,40105.25,905.3366017940419
F07,5,SYTO,29230.037109375,716.8929048197226
F07,6,CONC,10573.7607421875,141.98503569276463
F07,6,HOECHST,6495.265625,131.5717703267642
F07,6,MITO,99769.203125,2067.0640452328266
F07,6,PHAandWGA,41763.359375,911.1046094971252
F07,6,SYTO,30554.23828125,717.1033613010516
F07,7,CONC,10846.4580078125,141.05732348839297
F07,7,HOECHST,6670.140625,130.84092942798307
F07,7,MITO,101419.8203125,2066.5146624996023
F07,7,PHAandWGA,42530.34375,907.1424964246495
F07,7,SYTO,31820.44921875,706.761961944236
F07,8,CONC,11091.125,138.6819212849927
F07,8,HOECHST,6840.9052734375,128.6738338462119
F07,8,MITO,104090.859375,2069.4167310299727
F07,8,PHAandWGA,43949.3046875,898.8596851919208
F07,8,SYTO,33282.703125,691.3560532415562
F07,9,CONC,11342.1953125,135.71388776919875
F07,9,HOECHST,7030.064453125,125.67056017101221
F07,9,MITO,105327.5859375,2044.1413243965628
F07,9,PHAandWGA,45006.1171875,882.1572863307263
F07,9,SYTO,34076.296875,671.7993762247263
F07,10,CONC,11503.04296875,132.68869742318847
F07,10,HOECHST,7221.404296875,122.74608370588574
F07,10,MITO,107981.828125,2023.7164094242048
F07,10,PHAandWGA,46513.484375,865.14118677479
F07,10,SYTO,34849.38671875,651.6506612047594
F07,11,CONC,11696.380859375,129.39229645627887
F07,11,HOECHST,7354.01123046875,119.57055013887523
F07,11,MITO,108486.90625,1989.0679054868945
F07,11,PHAandWGA,47368.1328125,845.2589542316321
F07,11,SYTO,35773.3515625,630.0144475269474
F07,12,CONC,11876.58984375,126.36170803483684
F07,12,HOECHST,7468.4365234375,116.47201456378811
F07,12,MITO,111748.6953125,1968.3233292424736
F07,12,PHAandWGA,48148.76953125,828.6499467205168
F07,12,SYTO,36336.8984375,611.7609615448337
F07,13,CONC,12027.43359375,122.76034133216619
F07,13,HOECHST,7584.7060546875,113.44000850433774
F07,13,MITO,112519.25,1933.1140078548476
F07,13,PHAandWGA,48460.875,807.8111288010034
F07,13,SYTO,36378.90625,591.3420813950459
F07,14,CONC,12237.1923828125,119.0931451748027
F07,14,HOECHST,7706.8017578125,110.20820385013575
F07,14,MITO,114536.21875,1901.9287790412259
F07,14,PHAandWGA,49090.03515625,787.0747662584613
F07,14,SYTO,37217.23828125,569.8634562197369
F07,15,CONC,12340.978515625,115.2182313776958
F07,15,HOECHST,7846.787109375,106.79077040101087
F07,15,MITO,115594.4375,1856.079883448831
F07,15,PHAandWGA,50127.8828125,763.695811450169
F07,15,SYTO,36994.015625,549.1857462049652
F09,0,CONC,8452.458984375,72.04921143285824
F09,0,HOECHST,5393.6044921875,79.57563059770565
F09,0,MITO,109745.703125,1610.215001306029
F09,0,PHAandWGA,40033.375,612.417360180276
F09,0,SYTO,25266.068359375,437.4498318982271
F09,1,CONC,9085.3837890625,91.94974371456976
F09,1,HOECHST,5775.7509765625,98.64290880187637
F09,1,MITO,112487.15625,1930.222071174191
F09,1,PHAandWGA,42153.0078125,720.3036690460194
F09,1,SYTO,27341.65625,536.9898816788618
F09,2,CONC,10082.8876953125,125.05626791848007
F09,2,HOECHST,6386.689453125,131.16987133383807
F09,2,MITO,123934.03125,2421.4155264581336
F09,2,PHAandWGA,45695.1171875,894.8908742650405
F09,2,SYTO,30098.82421875,695.7669357873773
F09,3,CONC,11024.8505859375,146.81015438943098
F09,3,HOECHST,7034.90478515625,154.984259844292
F09,3,MITO,132434.84375,2677.233223262707
F09,3,PHAandWGA,49463.84375,1024.5002633898587
F09,3,SYTO,33968.55078125,803.5339421158828
F09,4,CONC,11780.5869140625,151.2378995879594
F09,4,HOECHST,7584.5634765625,162.43369113038037
F09,4,MITO,140317.6875,2712.823483004737
F09,4,PHAandWGA,53216.75390625,1065.6685481325153
F09,4,SYTO,37988.796875,831.4978519537307
F09,5,CONC,12202.69921875,142.61796791952906
F09,5,HOECHST,7947.06640625,158.92300122029383
F09,5,MITO,145449.03125,2600.027009391449
F09,5,PHAandWGA,55282.3828125,1055.06798654819
F09,5,SYTO,40059.984375,810.7871222807711
F09,6,CONC,12437.71875,130.77342884081764
F09,6,HOECHST,8233.2529296875,149.61939086674036
F09,6,MITO,149552.765625,2450.6277099326894
F09,6,PHAandWGA,58365.00390625,1018.1666639964989
F09,6,SYTO,41989.8984375,762.641722175976
F09,7,CONC,12631.486328125,118.5021696261692
F09,7,HOECHST,8386.919921875,138.16206408352008
F09,7,MITO,153136.75,2292.9602895235744
F09,7,PHAandWGA,59719.078125,965.4307245796547
F09,7,SYTO,44338.90234375,703.4247828705094
F09,8,CONC,12745.09375,107.79938425864886
F09,8,HOECHST,8534.1669921875,127.03200658501716
F09,8,MITO,156140.265625,2156.059539988844
F09,8,PHAandWGA,62212.6953125,911.6227255214321
F09,8,SYTO,45093.34375,650.1273942693324
F09,9,CONC,12772.9521484375,98.56250083702582
F09,9,HOECHST,8629.8994140625,117.00768030001832
F09,9,MITO,157806.75,2033.3269497733813
F09,9,PHAandWGA,62736.734375,858.4138451708043
F09,9,SYTO,46749.91015625,600.8090999713565
F09,10,CONC,12868.904296875,90.32634366913467
F09,10,HOECHST,8685.791015625,108.08073734039726
F09,10,MITO,158548.875,1912.7306163007918
F09,10,PHAandWGA,64823.1875,813.0687889735592
F09,10,SYTO,47401.734375,557.0826679308085
F09,11,CONC,12822.220703125,83.699456201808
F09,11,HOECHST,8695.3779296875,101.21538564850268
F09,11,MITO,160913.734375,1825.4555624090062
F09,11,PHAandWGA,65390.00390625,769.9566999199857
F09,11,SYTO,47715.63671875,518.2035846511671
F09,12,CONC,12806.6328125,77.67184341112029
F09,12,HOECHST,8730.1513671875,94.98837950779485
F09,12,MITO,161190.46875,1729.452373245078
F09,12,PHAandWGA,65211.18359375,733.0932918857478
F09,12,SYTO,47219.5703125,486.1121957152189
F09,13,CONC,12808.74609375,72.17567993688075
F09,13,HOECHST,8855.4609375,89.27146900282727
F09,13,MITO,163535.078125,1634.716603893796
F09,13,PHAandWGA,66704.609375,697.4517130375365
F09,13,SYTO,47957.515625,455.73192715766635
F09,14,CONC,12829.3232421875,68.16232963300627
F09,14,HOECHST,8917.349609375,85.2415650158828
F09,14,MITO,164428.234375,1560.9860140046953
F09,14,PHAandWGA,67359.890625,668.6510232607283
F09,14,SYTO,47693.4921875,430.73401396839427
F09,15,CONC,12824.830078125,65.67574896356032
F09,15,HOECHST,8968.408203125,82.55076397026538
F09,15,MITO,163954.96875,1490.4503523119192
F09,15,PHAandWGA,66383.1484375,650.653569968051
F09,15,SYTO,47795.96875,414.80194583476845
F10,0,CONC,9306.18359375,79.68884043224251
F10,0,HOECHST,5320.2548828125,73.25056754958916
F10,0,MITO,108682.890625,1556.838311691092
F10,0,PHAandWGA,40933.90625,608.2120558515076
F10,0,SYTO,26648.796875,440.1817310454365
F10,1,CONC,10257.078125,112.68706513803527
F10,1,HOECHST,5800.1884765625,104.746034993191
F10,1,MITO,113744.5234375,1975.662977182445
F10,1,PHAandWGA,43658.75,743.5701357483038
F10,1,SYTO,28736.92578125,574.8444196684692
F10,2,CONC,11525.1083984375,166.84488860748317
F10,2,HOECHST,6437.9541015625,142.03653516323527
F10,2,MITO,123181.5390625,2564.7087866365227
F10,2,PHAandWGA,47424.75390625,981.5960586686753
F10,2,SYTO,32104.24609375,798.2298606077478
F10,3,CONC,12754.0478515625,200.35219486104302
F10,3,HOECHST,7022.34814453125,166.48958278221903
F10,3,MITO,132808.9375,2886.7802695359183
F10,3,PHAandWGA,51664.7421875,1148.7615992001145
F10,3,SYTO,35398.89453125,945.9525998693315
F10,4,CONC,13559.12109375,198.8628794071233
F10,4,HOECHST,7653.2578125,179.87117988080684
F10,4,MITO,140058.03125,2885.825400803676
F10,4,PHAandWGA,54564.6484375,1201.1557945028594
F10,4,SYTO,39299.015625,989.5464185566825
F10,5,CONC,14248.623046875,186.30298646421818
F10,5,HOECHST,8105.8271484375,171.55383731961862
F10,5,MITO,146712.75,2717.4697317257765
F10,5,PHAandWGA,57735.41796875,1179.374145228009
F10,5,SYTO,42478.4921875,948.9196103032975
F10,6,CONC,14780.97265625,169.44673180364546
F10,6,HOECHST,8422.9951171875,157.93779935102677
F10,6,MITO,153312.3125,2535.279974943582
F10,6,PHAandWGA,61638.671875,1115.0736935115747
F10,6,SYTO,45512.5546875,872.4862475771711
F10,7,CONC,15043.7236328125,148.3348539489855
F10,7,HOECHST,8664.453125,143.05047791277704
F10,7,MITO,156731.53125,2318.780014575564
F10,7,PHAandWGA,63046.17578125,1031.8018139030228
F10,7,SYTO,47108.72265625,784.9460425991642
F10,8,CONC,15032.671875,130.34497995035346
F10,8,HOECHST,8754.3271484375,129.29464235855195
F10,8,MITO,158270.171875,2150.168472444658
F10,8,PHAandWGA,64333.8984375,955.3277735931273
F10,8,SYTO,48951.09375,706.3055801254615
F10,9,CONC,14956.5380859375,115.45555209725562
F10,9,HOECHST,8685.1875,114.22869875135703
F10,9,MITO,159567.890625,2018.41734691
F10,9,PHAandWGA,66234.125,893.172755712608
F10,9,SYTO,49595.265625,642.3930557116777
F10,10,CONC,14800.6484375,103.31675914215944
F10,10,HOECHST,8751.224609375,104.04412556086147
F10,10,MITO,159468.9375,1875.4291708963535
F10,10,PHAandWGA,67195.890625,827.372271568047
F10,10,SYTO,49972.8359375,579.6866489536934
F10,11,CONC,14771.7685546875,93.27291040374918
F10,11,HOECHST,8780.453125,94.59489623020829
F10,11,MITO,160701.0,1747.8431602942717
F10,11,PHAandWGA,67070.21875,766.5482338561936
F10,11,SYTO,50797.96875,525.4462623602224
F10,12,CONC,14671.2197265625,85.00099745141846
F10,12,HOECHST,8860.54296875,87.06201236096956
F10,12,MITO,162625.796875,1642.7098674083036
F10,12,PHAandWGA,68035.2890625,717.3121991024507
F10,12,SYTO,50541.09375,480.8564156794481
F10,13,CONC,14652.2353515625,78.1225694712238
F10,13,HOECHST,8878.4833984375,80.60825831608761
F10,13,MITO,161250.625,1551.6335846770392
F10,13,PHAandWGA,67748.890625,674.2432967124483
F10,13,SYTO,51112.5,445.0035710668752
F10,14,CONC,14586.02734375,73.32760688727929
F10,14,HOECHST,8951.662109375,76.48919654193696
F10,14,MITO,161747.34375,1483.706617783215
F10,14,PHAandWGA,69249.25,649.1084229175954
F10,14,SYTO,50202.01171875,422.4922568259963
F10,15,CONC,14541.115234375,69.97237782463321
F10,15,HOECHST,8948.994140625,73.49340189808673
F10,15,MITO,161098.0625,1438.3797275144277
F10,15,PHAandWGA,69325.3203125,630.2892988054742
F10,15,SYTO,50619.0,404.9500288846143
F11,0,CONC,12321.552734375,121.72143873950047
F11,0,HOECHST,7370.06982421875,122.55166102854669
F11,0,MITO,129354.7890625,1922.2999173063324
F11,0,PHAandWGA,52517.1328125,738.4545387408742
F11,0,SYTO,38136.8984375,643.6713859770464
F11,1,CONC,14399.2265625,192.97058807490157
F11,1,HOECHST,8519.97265625,187.89570017357983
F11,1,MITO,142379.21875,2579.839935184805
F11,1,PHAandWGA,58728.3125,1033.7529729282728
F11,1,SYTO,43764.34375,954.6211878019569
F11,2,CONC,15917.123046875,215.1977417441398
F11,2,HOECHST,9492.078125,209.3401521847121
F11,2,MITO,153178.90625,2714.5145163494108
F11,2,PHAandWGA,63101.39453125,1145.6956368701237
F11,2,SYTO,48211.5078125,1055.4516557332129
F11,3,CONC,16700.5703125,191.319142015252
F11,3,HOECHST,10246.388671875,205.72317829198155
F11,3,MITO,161267.9375,2514.726988577015
F11,3,PHAandWGA,67823.640625,1096.1207123742176
F11,3,SYTO,51968.984375,990.8965876017829
F11,4,CONC,17254.029296875,168.45596054116373
F11,4,HOECHST,10622.4755859375,181.44375157182074
F11,4,MITO,168042.40625,2341.5289281424025
F11,4,PHAandWGA,70211.515625,1030.4235305584168
F11,4,SYTO,54720.3125,896.3022293568507
F11,5,CONC,17525.359375,146.20035537821423
F11,5,HOECHST,10861.205078125,160.22160255172827
F11,5,MITO,171415.0,2070.9134283249086
F11,5,PHAandWGA,73604.9609375,941.0302465476922
F11,5,SYTO,58053.44921875,794.2397918648098
F11,6,CONC,17752.10546875,125.02226961655352
F11,6,HOECHST,10974.46484375,139.31607281225672
F11,6,MITO,174435.1875,1866.2515463926457
F11,6,PHAandWGA,75578.703125,844.6044623026403
F11,6,SYTO,59417.59375,688.0576824616303
F11,7,CONC,17717.041015625,104.46528515583107
F11,7,HOECHST,11057.9814453125,121.65125243235542
F11,7,MITO,175850.4375,1663.4530957836014
F11,7,PHAandWGA,76026.03125,747.3227848681656
F11,7,SYTO,59939.1796875,591.4432408063924
F11,8,CONC,17596.126953125,88.22530382606956
F11,8,HOECHST,11114.6494140625,106.80022973577358
F11,8,MITO,178028.125,1481.599446110047
F11,8,PHAandWGA,77095.0,662.4034199230599
F11,8,SYTO,60714.375,510.8520923132743
F11,9,CONC,17410.55078125,74.62418124204184
F11,9,HOECHST,11061.689453125,92.94974799498601
F11,9,MITO,178433.390625,1341.1889943504755
F11,9,PHAandWGA,77653.203125,593.0918504271945
F11,9,SYTO,62000.28125,445.1124208615171
F11,10,CONC,17076.43359375,65.9682889695207
F11,10,HOECHST,11005.154296875,84.7929006219833
F11,10,MITO,177396.1875,1250.1693853871575
F11,10,PHAandWGA,78808.0078125,549.2102943741041
F11,10,SYTO,61135.25,404.2888642903758
F11,11,CONC,16863.0546875,59.42905610929555
F11,11,HOECHST,10902.119140625,78.15670284131534
F11,11,MITO,176662.25,1183.0383248228322
F11,11,PHAandWGA,78480.0703125,515.1446333585707
F11,11,SYTO,61482.2421875,373.8879456961574
F11,12,CONC,16714.048828125,54.70424126807935
F11,12,HOECHST,10931.4326171875,74.09451807488556
F11,12,MITO,176152.0625,1121.567104104289
F11,12,PHAandWGA,78380.609375,490.6088337619726
F11,12,SYTO,61012.1328125,353.2199495126442
F11,13,CONC,16551.0625,51.37648723097714
F11,13,HOECHST,10893.927734375,71.39437282780123
F11,13,MITO,175157.484375,1080.662098807197
F11,13,PHAandWGA,77108.0625,472.620437430103
F11,13,SYTO,60528.23046875,338.56451936257054
F11,14,CONC,16581.525390625,49.466735833834655
F11,14,HOECHST,10965.865234375,69.03284820591475
F11,14,MITO,175106.40625,1047.5485205912337
F11,14,PHAandWGA,77305.53125,458.12059897032907
F11,14,SYTO,59660.8046875,325.30190828023467
F11,15,CONC,16526.607421875,48.22981606717068
F11,15,HOECHST,10984.48828125,67.01437477392184
F11,15,MITO,176141.90625,1015.9735000760786
F11,15,PHAandWGA,77482.484375,445.6288112649226
F11,15,SYTO,60530.28125,313.9301453513538
F12,0,CONC,11344.693359375,77.92637122370162
F12,0,HOECHST,6949.671875,77.43280009451185
F12,0,MITO,111842.09375,830.3124925652985
F12,0,PHAandWGA,48804.9140625,475.122683502886
F12,0,SYTO,36150.15234375,456.5400498426133
F12,1,CONC,12714.291015625,110.94457556631717
F12,1,HOECHST,7453.458984375,102.88963270532629
F12,1,MITO,115605.71875,980.849291160313
F12,1,PHAandWGA,50766.8125,580.3276355544879
F12,1,SYTO,38606.7734375,586.1383943877747
F12,2,CONC,15015.09375,193.33389078906754
F12,2,HOECHST,8516.5419921875,170.86763443981536
F12,2,MITO,123942.484375,1315.6553002124158
F12,2,PHAandWGA,55195.9375,832.4282027976122
F12,2,SYTO,43761.5390625,921.4518656394328
F12,3,CONC,17927.375,262.1344919726258
F12,3,HOECHST,9695.0478515625,234.84957099568894
F12,3,MITO,132164.046875,1594.2398253093952
F12,3,PHAandWGA,60338.46875,1036.7522648970275
F12,3,SYTO,48978.1640625,1176.7506540164638
F12,4,CONC,20105.75,287.52213162757556
F12,4,HOECHST,10664.771484375,249.1639454657209
F12,4,MITO,141048.53125,1780.2808310266673
F12,4,PHAandWGA,65353.40625,1130.197862461171
F12,4,SYTO,53102.890625,1254.5449747222265
F12,5,CONC,21557.431640625,278.970545907982
F12,5,HOECHST,11725.080078125,258.37454408462935
F12,5,MITO,150291.375,1825.3454390299205
F12,5,PHAandWGA,69837.734375,1135.590229896996
F12,5,SYTO,58089.9609375,1230.2198751548765
F12,6,CONC,22263.72265625,259.1733873127023
F12,6,HOECHST,12321.0703125,238.5227419704095
F12,6,MITO,158293.875,1780.8210854045635
F12,6,PHAandWGA,74418.078125,1082.4574473115752
F12,6,SYTO,62143.2109375,1126.6541237310848
F12,7,CONC,22402.4296875,221.76894581031556
F12,7,HOECHST,13010.892578125,226.59609165207888
F12,7,MITO,166126.0,1670.1436622092567
F12,7,PHAandWGA,77515.171875,986.1175042144177
F12,7,SYTO,65390.52734375,1000.4708209402655
F12,8,CONC,22005.0625,178.91939333615156
F12,8,HOECHST,13047.28515625,189.8444198325932
F12,8,MITO,171301.640625,1530.4256392704915
F12,8,PHAandWGA,80233.90625,862.9062959726743
F12,8,SYTO,67493.578125,844.373192985635
F12,9,CONC,21746.33984375,144.5064736948249
F12,9,HOECHST,13188.86328125,158.36421692911114
F12,9,MITO,175260.4375,1360.3604827612248
F12,9,PHAandWGA,81975.2109375,743.9580387372148
F12,9,SYTO,69169.0,700.4907716775765
F12,10,CONC,21479.685546875,119.9227663512675
F12,10,HOECHST,13265.59765625,137.0586214382263
F12,10,MITO,178868.171875,1230.97058020354
F12,10,PHAandWGA,83442.5625,647.254741549058
F12,10,SYTO,70103.7265625,593.3350994918757
F12,11,CONC,21147.4140625,99.19344734609696
F12,11,HOECHST,13032.7197265625,115.15858518498916
F12,11,MITO,180041.75,1093.2684475963918
F12,11,PHAandWGA,84539.96875,563.6441504114581
F12,11,SYTO,70272.0546875,507.24737811184696
F12,12,CONC,20738.84765625,83.75355111567269
F12,12,HOECHST,12906.6787109375,100.61316100485952
F12,12,MITO,180112.65625,997.2278504277891
F12,12,PHAandWGA,84164.9453125,499.03863770424664
F12,12,SYTO,68797.3515625,443.2247489866724
F12,13,CONC,20249.005859375,72.41235317916419
F12,13,HOECHST,12758.353515625,89.00805700882732
F12,13,MITO,181632.203125,905.6779423700923
F12,13,PHAandWGA,85141.9296875,444.61988626186974
F12,13,SYTO,68242.359375,390.54483587200184
F12,14,CONC,20004.45703125,64.90590068940945
F12,14,HOECHST,12672.337890625,81.25070818387773
F12,14,MITO,180569.609375,839.2273142059097
F12,14,PHAandWGA,84196.21875,407.07708904773807
F12,14,SYTO,68823.78125,356.4545142956511
F12,15,CONC,19746.2109375,60.13537495467863
F12,15,HOECHST,12579.4228515625,75.80773216255801
F12,15,MITO,181059.15625,778.3502858184954
F12,15,PHAandWGA,83436.5,382.4752186834906
F12,15,SYTO,68399.375,333.8976998012233
F13,0,CONC,2618.438232421875,71.43176956623475
F13,0,HOECHST,2069.3017578125,69.83617242907609
F13,0,MITO,50747.55078125,3646.3732625373773
F13,0,PHAandWGA,11841.2080078125,775.5849594234354
F13,0,SYTO,5333.22607421875,345.9687066184114
F13,1,CONC,2876.888671875,93.76568024304012
F13,1,HOECHST,2271.995361328125,94.35172852169698
F13,1,MITO,53907.01171875,4267.4177245897
F13,1,PHAandWGA,13183.388671875,1003.2972607734071
F13,1,SYTO,6074.2431640625,451.2257845698421
F13,2,CONC,3086.3896484375,111.38002406503564
F13,2,HOECHST,2488.02734375,118.06045527237043
F13,2,MITO,57464.2578125,4750.568457168561
F13,2,PHAandWGA,14564.6748046875,1179.682444439877
F13,2,SYTO,6837.15673828125,538.767713268617
F13,3,CONC,3268.71875,122.61036747903903
F13,3,HOECHST,2671.114013671875,132.75071964025108
F13,3,MITO,59550.546875,5038.166881042145
F13,3,PHAandWGA,15897.17578125,1254.8310096386642
F13,3,SYTO,7377.1611328125,585.5268101075209
F13,4,CONC,3377.639404296875,127.10415611126386
F13,4,HOECHST,2768.4033203125,136.5488380615314
F13,4,MITO,62065.83984375,5173.613287173216
F13,4,PHAandWGA,16864.138671875,1247.1500508441711
F13,4,SYTO,7549.28125,590.787501922878
F13,5,CONC,3481.94873046875,128.0415988616418
F13,5,HOECHST,2824.00341796875,136.93797693937563
F13,5,MITO,63052.31640625,5229.98607560284
F13,5,PHAandWGA,17663.83203125,1223.5219062329904
F13,5,SYTO,7707.3671875,586.9524716655924
F13,6,CONC,3564.41943359375,128.34077236101362
F13,6,HOECHST,2903.4228515625,137.3594376754633
F13,6,MITO,64938.1796875,5280.165600250343
F13,6,PHAandWGA,18214.408203125,1227.8757910499783
F13,6,SYTO,7859.916015625,584.521226151428
F13,7,CONC,3637.409912109375,128.33051647092134
F13,7,HOECHST,2974.35693359375,135.61254548598848
F13,7,MITO,65236.29296875,5272.406469367302
F13,7,PHAandWGA,18702.421875,1229.816866077754
F13,7,SYTO,7998.67431640625,577.0546571606092
F13,8,CONC,3700.087890625,127.38722516183766
F13,8,HOECHST,3019.7900390625,132.3366409461213
F13,8,MITO,66426.046875,5257.456935571609
F13,8,PHAandWGA,19101.025390625,1224.8453243354104
F13,8,SYTO,8077.7080078125,564.8934955139647
F13,9,CONC,3720.62646484375,125.85186972912368
F13,9,HOECHST,3052.339111328125,128.4567133496225
F13,9,MITO,67954.140625,5213.935563599783
F13,9,PHAandWGA,19516.96484375,1208.9060611429018
F13,9,SYTO,8155.09326171875,550.6147774018992
F13,10,CONC,3773.623291015625,122.94549562495695
F13,10,HOECHST,3081.220703125,124.0438440316909
F13,10,MITO,68328.2109375,5116.724177156383
F13,10,PHAandWGA,19494.890625,1180.2312661779158
F13,10,SYTO,8190.6083984375,533.9931280104687
F13,11,CONC,3789.9599609375,119.35913348633439
F13,11,HOECHST,3096.18408203125,118.93872837947136
F13,11,MITO,68336.2421875,4991.55354490347
F13,11,PHAandWGA,19346.27734375,1146.952012135357
F13,11,SYTO,8234.74609375,512.4170522329179
F13,12,CONC,3829.631591796875,115.33210574602093
F13,12,HOECHST,3117.001953125,113.8934663188392
F13,12,MITO,70056.8046875,4876.915201025171
F13,12,PHAandWGA,19320.5,1102.9079224629097
F13,12,SYTO,8160.63623046875,489.50964868670184
F13,13,CONC,3853.865966796875,111.4241332574488
F13,13,HOECHST,3154.672607421875,108.36509339774014
F13,13,MITO,69960.59375,4712.341650176055
F13,13,PHAandWGA,19295.2890625,1063.904140537589
F13,13,SYTO,8249.021484375,468.56217318516843
F13,14,CONC,3853.38525390625,107.16628092334439
F13,14,HOECHST,3157.27734375,102.6115779478329
F13,14,MITO,71498.828125,4537.297422699019
F13,14,PHAandWGA,19549.46484375,1024.6390976690398
F13,14,SYTO,8269.5830078125,443.88312754984935
F13,15,CONC,3899.9384765625,102.62840282350449
F13,15,HOECHST,3174.77490234375,96.81539658775773
F13,15,MITO,72109.609375,4330.807620000344
F13,15,PHAandWGA,19523.32421875,976.17685111456
F13,15,SYTO,8326.078125,419.58366846710726
F14,0,CONC,4228.02587890625,118.9370093388124
F14,0,HOECHST,1689.298828125,46.5007547526209
F14,0,MITO,64285.328125,4266.513822788954
F14,0,PHAandWGA,18725.009765625,1094.8388700972712
F14,0,SYTO,8084.01171875,518.464314276267
F14,1,CONC,4672.451171875,162.75794948409666
F14,1,HOECHST,1855.542724609375,66.00964279678703
F14,1,MITO,67941.65625,5021.320417302128
F14,1,PHAandWGA,20662.72265625,1370.135012635116
F14,1,SYTO,10071.291015625,693.427184240002
F14,2,CONC,5068.009765625,190.38197163696236
F14,2,HOECHST,2027.81396484375,82.46753102687632
F14,2,MITO,72695.796875,5603.038219914682
F14,2,PHAandWGA,22405.421875,1595.276355834031
F14,2,SYTO,11931.580078125,816.5832539085853
F14,3,CONC,5360.3759765625,203.8990803534024
F14,3,HOECHST,2166.34375,90.57400249247544
F14,3,MITO,75920.484375,5981.814670346337
F14,3,PHAandWGA,24096.50390625,1742.279131744408
F14,3,SYTO,13557.625,874.4634246096774
F14,4,CONC,5562.4775390625,207.05035822944532
F14,4,HOECHST,2290.62255859375,94.79860194079725
F14,4,MITO,78902.6328125,6144.031054528491
F14,4,PHAandWGA,25570.2890625,1815.487434357656
F14,4,SYTO,14433.162109375,889.4281566099979
F14,5,CONC,5716.70166015625,204.78399210437806
F14,5,HOECHST,2379.42138671875,96.77147286618961
F14,5,MITO,81102.828125,6246.544917209391
F14,5,PHAandWGA,27027.341796875,1816.6606171846695
F14,5,SYTO,14950.8828125,879.6859652796379
F14,6,CONC,5875.0703125,202.9112266133903
F14,6,HOECHST,2488.20947265625,99.99307733173582
F14,6,MITO,84272.234375,6308.24189253364
F14,6,PHAandWGA,28227.875,1791.782757631425
F14,6,SYTO,15186.8603515625,856.0703668510915
F14,7,CONC,5889.6416015625,198.6322063616315
F14,7,HOECHST,2555.705078125,98.14041694620063
F14,7,MITO,86383.265625,6321.054533482748
F14,7,PHAandWGA,28809.14453125,1763.2057985274967
F14,7,SYTO,15013.27734375,819.5552925712766
F14,8,CONC,5903.818359375,192.27106335280882
F14,8,HOECHST,2575.3876953125,95.07498324232246
F14,8,MITO,88036.75,6281.58832133038
F14,8,PHAandWGA,29419.54296875,1713.7674410554337
F14,8,SYTO,14219.025390625,781.4280999272823
F14,9,CONC,5890.552734375,184.48054618051793
F14,9,HOECHST,2594.30224609375,92.60642244549193
F14,9,MITO,88627.703125,6213.1261189156485
F14,9,PHAandWGA,29465.16796875,1665.6985794170068
F14,9,SYTO,13460.68359375,743.612574831394
F14,10,CONC,5836.07421875,176.17043442201864
F14,10,HOECHST,2584.01171875,88.46931310883916
F14,10,MITO,88970.625,6131.728068971556
F14,10,PHAandWGA,29408.0859375,1613.5123279147876
F14,10,SYTO,12808.2578125,707.9347476950078
F14,11,CONC,5795.671875,167.89157457437466
F14,11,HOECHST,2565.53369140625,83.49329417128662
F14,11,MITO,89599.9921875,5983.769461478618
F14,11,PHAandWGA,29469.697265625,1560.9709260215434
F14,11,SYTO,12338.017578125,672.113714042563
F14,12,CONC,5818.4453125,158.65654239222465
F14,12,HOECHST,2558.04248046875,78.35629822570894
F14,12,MITO,90335.515625,5785.012733101979
F14,12,PHAandWGA,29475.13671875,1499.0393972837671
F14,12,SYTO,12069.75,632.4451968899975
F14,13,CONC,5829.0087890625,150.67281215762782
F14,13,HOECHST,2545.7294921875,74.05874684367048
F14,13,MITO,89997.7421875,5572.163709791135
F14,13,PHAandWGA,29913.154296875,1432.5736294393644
F14,13,SYTO,11867.7001953125,596.8102721322138
F14,14,CONC,5829.2392578125,143.3275278061564
F14,14,HOECHST,2552.293701171875,70.11397108876709
F14,14,MITO,91122.6015625,5330.380366952801
F14,14,PHAandWGA,29879.779296875,1376.1249953491424
F14,14,SYTO,11683.4755859375,562.9565402449762
F14,15,CONC,5889.3505859375,136.05870645152595
F14,15,HOECHST,2571.29248046875,66.41410576575905
F14,15,MITO,91402.421875,5080.976635387544
F14,15,PHAandWGA,29423.875,1305.7827078893547
F14,15,SYTO,11644.8125,526.4048678636616
F15,0,CONC,1189.887939453125,41.89868463797227
F15,0,HOECHST,1404.518798828125,69.47479872434616
F15,0,MITO,27382.2734375,4305.960864464964
F15,0,PHAandWGA,3942.035888671875,418.59448399861634
F15,0,SYTO,2365.114990234375,239.04623968976836
F15,1,CONC,1392.2088623046875,76.85445863144442
F15,1,HOECHST,1656.840576171875,135.3983579510743
F15,1,MITO,31121.09375,6285.202355099266
F15,1,PHAandWGA,5328.4287109375,697.802087019811
F15,1,SYTO,3008.4306640625,421.3670816286666
F15,2,CONC,1596.797607421875,108.47968835929287
F15,2,HOECHST,1988.4615478515625,214.1727132542203
F15,2,MITO,35615.4453125,7901.533897062471
F15,2,PHAandWGA,6791.3154296875,987.0835700301046
F15,2,SYTO,4010.737060546875,632.8380789128462
F15,3,CONC,1718.932373046875,124.25325902044588
F15,3,HOECHST,2153.3994140625,237.1297051623887
F15,3,MITO,39220.28515625,8539.922461272376
F15,3,PHAandWGA,7812.87109375,1138.19561615755
F15,3,SYTO,4435.84423828125,703.1774928511402
F15,4,CONC,1802.871826171875,130.73570566074685
F15,4,HOECHST,2181.3623046875,227.51231076770563
F15,4,MITO,40965.5859375,8805.869396100894
F15,4,PHAandWGA,8579.486328125,1218.9074751171413
F15,4,SYTO,4572.52685546875,714.2756787710364
F15,5,CONC,1849.546630859375,129.6126070256097
F15,5,HOECHST,2235.185546875,221.8970616058606
F15,5,MITO,41937.34375,8757.536895455507
F15,5,PHAandWGA,9070.8310546875,1221.2170544527457
F15,5,SYTO,4622.56591796875,700.6083731729615
F15,6,CONC,1877.295166015625,124.5072202034819
F15,6,HOECHST,2248.01708984375,209.32792828480697
F15,6,MITO,41849.98828125,8437.137662668481
F15,6,PHAandWGA,9257.8466796875,1170.248377623389
F15,6,SYTO,4434.21728515625,657.9725900946772
F15,7,CONC,1862.6485595703125,117.61294013312761
F15,7,HOECHST,2210.2080078125,196.0211852264677
F15,7,MITO,40935.85546875,8035.86373071594
F15,7,PHAandWGA,9132.3466796875,1112.5979314937613
F15,7,SYTO,4299.52099609375,617.7063956764932
F15,8,CONC,1838.660888671875,110.80814017743019
F15,8,HOECHST,2162.6767578125,180.54012452233687
F15,8,MITO,40824.46875,7747.614073006634
F15,8,PHAandWGA,9036.1845703125,1065.1523296470987
F15,8,SYTO,4157.12890625,579.2524428358632
F15,9,CONC,1779.7747802734375,103.38558358941285
F15,9,HOECHST,2105.822509765625,163.5827538869164
F15,9,MITO,39496.38671875,7404.711297997676
F15,9,PHAandWGA,8636.603515625,1006.6077580155595
F15,9,SYTO,4029.798095703125,536.7510031004732
F15,10,CONC,1746.63916015625,94.4070697019166
F15,10,HOECHST,2034.151611328125,146.50121167717694
F15,10,MITO,38402.9921875,6899.443022024783
F15,10,PHAandWGA,7916.0703125,914.5944403625688
F15,10,SYTO,3876.913818359375,488.5961760361732
F15,11,CONC,1693.666259765625,85.93906284964847
F15,11,HOECHST,2003.128173828125,131.19553115072907
F15,11,MITO,37049.3125,6440.998609621504
F15,11,PHAandWGA,7307.2724609375,828.2757536414833
F15,11,SYTO,3720.9580078125,442.45692401852756
F15,12,CONC,1666.077880859375,78.23892033189257
F15,12,HOECHST,1991.7314453125,117.29961319963797
F15,12,MITO,35950.6328125,5882.892193673233
F15,12,PHAandWGA,6729.8857421875,743.5093444746492
F15,12,SYTO,3616.53759765625,397.61255260886134
F15,13,CONC,1658.7930908203125,71.62296418952586
F15,13,HOECHST,1974.525634765625,105.96852976346513
F15,13,MITO,35482.6328125,5370.880855090886
F15,13,PHAandWGA,6251.3671875,663.7812799870086
F15,13,SYTO,3532.0009765625,356.2514350213915
F15,14,CONC,1654.873291015625,66.15713623497204
F15,14,HOECHST,2005.2427978515625,96.98429701326826
F15,14,MITO,35506.31640625,4846.798478802736
F15,14,PHAandWGA,5971.3046875,591.0249501963642
F15,14,SYTO,3498.32666015625,320.9818022842213
F15,15,CONC,1676.033935546875,61.16578745148457
F15,15,HOECHST,2026.945556640625,89.62940392043765
F15,15,MITO,35273.15234375,4303.75993318228
F15,15,PHAandWGA,5734.12890625,526.7879440783117
F15,15,SYTO,3508.691162109375,289.59254838533036
F16,0,CONC,2423.54541015625,109.66802458457025
F16,0,HOECHST,1861.724365234375,106.52419526107084
F16,0,MITO,42402.03125,5221.588038255083
F16,0,PHAandWGA,11037.0224609375,1171.533189878227
F16,0,SYTO,5849.03125,608.5986032712809
F16,1,CONC,2759.3935546875,156.51134211043032
F16,1,HOECHST,2167.07470703125,166.23808667280178
F16,1,MITO,46014.8359375,6296.711791050648
F16,1,PHAandWGA,12472.89453125,1519.795810930937
F16,1,SYTO,7588.63720703125,866.8448875193809
F16,2,CONC,2989.9755859375,177.7971264925432
F16,2,HOECHST,2374.7119140625,193.11281055785585
F16,2,MITO,48965.3203125,6821.312822028085
F16,2,PHAandWGA,14127.498046875,1795.6909467479006
F16,2,SYTO,9030.818359375,989.0510924887263
F16,3,CONC,3140.282958984375,188.05090581602903
F16,3,HOECHST,2531.8740234375,206.76221099623777
F16,3,MITO,51012.3359375,7098.813226349334
F16,3,PHAandWGA,15573.09765625,2091.0758696032303
F16,3,SYTO,9999.05078125,1052.4967149162394
F16,4,CONC,3228.41455078125,190.22385282724323
F16,4,HOECHST,2647.698974609375,211.04999691839618
F16,4,MITO,53384.046875,7272.927374221751
F16,4,PHAandWGA,16865.640625,2091.172026030084
F16,4,SYTO,10636.712890625,1047.2696170677953
F16,5,CONC,3323.6435546875,188.6223250515857
F16,5,HOECHST,2737.170654296875,210.0643662351145
F16,5,MITO,55227.0390625,7307.288504136822
F16,5,PHAandWGA,17348.52734375,1962.982662976535
F16,5,SYTO,10824.2314453125,1001.8920960477164
F16,6,CONC,3347.582275390625,183.2391551156506
F16,6,HOECHST,2771.30078125,202.67928364958948
F16,6,MITO,56080.16796875,7340.176294750136
F16,6,PHAandWGA,17993.052734375,1899.3563956837104
F16,6,SYTO,10349.443359375,949.1109348343921
F16,7,CONC,3358.60986328125,176.51338639546623
F16,7,HOECHST,2778.98046875,193.31532765485298
F16,7,MITO,57004.3828125,7297.673563523063
F16,7,PHAandWGA,18371.599609375,1851.818370356482
F16,7,SYTO,9712.658203125,899.3524570156649
F16,8,CONC,3328.70263671875,169.4884216692705
F16,8,HOECHST,2740.531005859375,179.49858357224116
F16,8,MITO,57829.8515625,7250.003957868664
F16,8,PHAandWGA,18417.10546875,1800.616577960784
F16,8,SYTO,8974.7265625,847.0584077605824
F16,9,CONC,3289.74755859375,160.15658542679972
F16,9,HOECHST,2685.053466796875,166.74562006327662
F16,9,MITO,56919.078125,7077.468247618605
F16,9,PHAandWGA,18391.92578125,1742.3326309395022
F16,9,SYTO,8311.236328125,792.8925168779915
F16,10,CONC,3277.11669921875,150.48582807120545
F16,10,HOECHST,2658.53173828125,154.75614312747206
F16,10,MITO,57649.50390625,6927.238339652283
F16,10,PHAandWGA,18140.703125,1687.3947779799755
F16,10,SYTO,7768.662109375,743.1167128376137
F16,11,CONC,3241.11083984375,140.61035723926202
F16,11,HOECHST,2620.6923828125,142.59865194414382
F16,11,MITO,57414.9453125,6692.958116726879
F16,11,PHAandWGA,17597.373046875,1625.0374054223719
F16,11,SYTO,7549.59375,691.7761591585976
F16,12,CONC,3198.763671875,131.2143474020655
F16,12,HOECHST,2619.247802734375,131.46412823486784
F16,12,MITO,57491.359375,6420.395841707189
F16,12,PHAandWGA,17290.736328125,1521.767474057798
F16,12,SYTO,7313.10546875,637.0433970866881
F16,13,CONC,3223.59228515625,122.43184776996421
F16,13,HOECHST,2596.90673828125,121.73934129044848
F16,13,MITO,57050.5546875,6095.50638704367
F16,13,PHAandWGA,17066.9453125,1410.4463573918074
F16,13,SYTO,7157.54150390625,585.6631518963424
F16,14,CONC,3203.71142578125,114.17311444297765
F16,14,HOECHST,2608.22021484375,112.000798529955
F16,14,MITO,56878.84375,5743.046238445283
F16,14,PHAandWGA,16743.375,1307.5380391085407
F16,14,SYTO,7076.0048828125,538.0379508374914
F16,15,CONC,3225.49462890625,106.08032774171056
F16,15,HOECHST,2612.34228515625,102.5878890550056
F16,15,MITO,56642.0078125,5350.936468550453
F16,15,PHAandWGA,16595.2109375,1196.9203044713568
F16,15,SYTO,7089.740234375,491.29090878383874
F17,0,CONC,3592.165283203125,67.3455562679946
F17,0,HOECHST,1984.01171875,44.85476749277893
F17,0,MITO,59961.3671875,2848.62313807889
F17,0,PHAandWGA,16537.197265625,741.1009868387986
F17,0,SYTO,7161.07080078125,343.42793137994545
F17,1,CONC,3846.951904296875,86.80498277211666
F17,1,HOECHST,2142.3056640625,56.58720057504437
F17,1,MITO,62019.05078125,3313.6631959451765
F17,1,PHAandWGA,17840.388671875,885.1500755371878
F17,1,SYTO,7863.716796875,424.53401474736495
F17,2,CONC,4168.591796875,109.10271689374838
F17,2,HOECHST,2299.3603515625,72.41794447316042
F17,2,MITO,66223.515625,3879.4251040132267
F17,2,PHAandWGA,19075.65625,1056.6609523749544
F17,2,SYTO,9235.1171875,529.9193627705628
F17,3,CONC,4491.732421875,129.57642001690547
F17,3,HOECHST,2513.068115234375,90.78866640624209
F17,3,MITO,70519.671875,4324.008964460148
F17,3,PHAandWGA,20715.470703125,1223.2869511259078
F17,3,SYTO,10928.775390625,634.4430856729102
F17,4,CONC,4723.015625,140.22083520013334
F17,4,HOECHST,2689.396484375,103.75024081023922
F17,4,MITO,75188.953125,4576.383320707947
F17,4,PHAandWGA,22112.353515625,1336.4775163528689
F17,4,SYTO,12054.9013671875,693.9887353008094
F17,5,CONC,4882.0458984375,143.19754781005682
F17,5,HOECHST,2791.504638671875,108.7762015258244
F17,5,MITO,76979.9140625,4623.588604551218
F17,5,PHAandWGA,23693.40234375,1405.1991212006787
F17,5,SYTO,12718.203125,714.030714866532
F17,6,CONC,5018.87744140625,142.75045402317656
F17,6,HOECHST,2880.25537109375,110.50960670184911
F17,6,MITO,78532.1875,4633.410907851245
F17,6,PHAandWGA,24609.625,1435.6940324660875
F17,6,SYTO,13231.1328125,713.866534287581
F17,7,CONC,5128.884765625,141.1368752258474
F17,7,HOECHST,2951.1796875,110.46376620355296
F17,7,MITO,80641.703125,4621.745190167246
F17,7,PHAandWGA,25826.884765625,1432.32583905339
F17,7,SYTO,13376.13671875,702.2997480474634
F17,8,CONC,5223.80029296875,139.00644539651168
F17,8,HOECHST,3031.918701171875,110.23239344567251
F17,8,MITO,81689.2109375,4599.657321509205
F17,8,PHAandWGA,26140.01171875,1426.2390780955297
F17,8,SYTO,13326.1123046875,685.2384221836691
F17,9,CONC,5293.8056640625,136.22827306907158
F17,9,HOECHST,3094.396728515625,107.96207438672899
F17,9,MITO,82943.46875,4534.400913082023
F17,9,PHAandWGA,27257.775390625,1408.6198119767303
F17,9,SYTO,13311.0517578125,665.9699836798884
F17,10,CONC,5348.52783203125,133.4430425882034
F17,10,HOECHST,3115.529296875,104.40932883482306
F17,10,MITO,83645.578125,4484.356493429295
F17,10,PHAandWGA,27183.3359375,1391.6667010394372
F17,10,SYTO,13104.78515625,646.9032962493603
F17,11,CONC,5376.4814453125,130.43411336686023
F17,11,HOECHST,3123.861083984375,101.10679823755386
F17,11,MITO,84957.578125,4418.403554802138
F17,11,PHAandWGA,27959.33203125,1371.31600887977
F17,11,SYTO,12974.416015625,626.3903123494689
F17,12,CONC,5401.232421875,127.07795870751828
F17,12,HOECHST,3166.8720703125,98.08481238776565
F17,12,MITO,85348.9140625,4325.8438709840675
F17,12,PHAandWGA,28163.546875,1344.7013544524657
F17,12,SYTO,12809.1494140625,604.0447514517823
F17,13,CONC,5479.1376953125,122.89589516903546
F17,13,HOECHST,3223.439453125,95.20282333276914
F17,13,MITO,86788.796875,4223.913700867139
F17,13,PHAandWGA,28055.869140625,1305.9378855015207
F17,13,SYTO,12813.990234375,581.4285933053378
F17,14,CONC,5523.52685546875,118.40356691167594
F17,14,HOECHST,3244.74462890625,92.13049112676296
F17,14,MITO,87119.609375,4089.183411697849
F17,14,PHAandWGA,28099.13671875,1265.00504345327
F17,14,SYTO,12746.421875,555.1013650837597
F17,15,CONC,5564.01611328125,113.99144641916223
F17,15,HOECHST,3273.29638671875,88.53171493445147
F17,15,MITO,88606.2890625,3946.3456159975635
F17,15,PHAandWGA,28420.47265625,1223.3827965591793
F17,15,SYTO,12613.935546875,529.0779858310676
F18,0,CONC,3208.65283203125,76.51529372165164
F18,0,HOECHST,2768.1611328125,97.44721749405049
F18,0,MITO,64004.50390625,3721.3211835399225
F18,0,PHAandWGA,18982.759765625,1013.7169253282054
F18,0,SYTO,9891.451171875,563.8553027483437
F18,1,CONC,3512.0751953125,99.4269539390835
F18,1,HOECHST,3041.8486328125,127.98904182929083
F18,1,MITO,68066.1796875,4307.1911417813835
F18,1,PHAandWGA,20702.99609375,1227.9805058962068
F18,1,SYTO,11845.044921875,727.4896731636396
F18,2,CONC,3766.306640625,114.67396582306293
F18,2,HOECHST,3290.36865234375,151.05403418284914
F18,2,MITO,72186.59375,4710.414315175277
F18,2,PHAandWGA,22018.73828125,1395.1646089101544
F18,2,SYTO,13872.1796875,837.4101538681203
F18,3,CONC,4003.1220703125,122.34768420481235
F18,3,HOECHST,3489.03515625,160.53663040389378
F18,3,MITO,75964.9609375,4939.080195496855
F18,3,PHAandWGA,23928.517578125,1517.3448737984
F18,3,SYTO,15366.326171875,888.2441877146276
F18,4,CONC,4154.12060546875,126.41668858299946
F18,4,HOECHST,3659.59619140625,166.4281286336381
F18,4,MITO,78544.84375,5075.847888005847
F18,4,PHAandWGA,25349.025390625,1593.6872653978937
F18,4,SYTO,16690.8203125,904.7354044782812
F18,5,CONC,4327.28955078125,128.76677508176067
F18,5,HOECHST,3848.4248046875,172.14915734593058
F18,5,MITO,80513.9765625,5133.645991478058
F18,5,PHAandWGA,26740.697265625,1629.746376947843
F18,5,SYTO,17813.34765625,904.5616360211566
F18,6,CONC,4455.291015625,127.97166701882693
F18,6,HOECHST,3956.18701171875,172.73943641796936
F18,6,MITO,83606.7578125,5142.87192855376
F18,6,PHAandWGA,27843.8984375,1635.0614865699367
F18,6,SYTO,18845.318359375,893.5750224238755
F18,7,CONC,4540.78076171875,126.17853860539448
F18,7,HOECHST,4045.26806640625,170.32961566711612
F18,7,MITO,84800.8046875,5111.8434190935
F18,7,PHAandWGA,29064.232421875,1620.6251672229912
F18,7,SYTO,18908.271484375,861.9766849613203
F18,8,CONC,4574.65478515625,123.01288656105588
F18,8,HOECHST,4087.662841796875,165.6821786643995
F18,8,MITO,85996.0078125,5051.49429570264
F18,8,PHAandWGA,29406.52734375,1595.798655137668
F18,8,SYTO,18752.3828125,826.8269383821114
F18,9,CONC,4609.140625,118.81517104390902
F18,9,HOECHST,4150.83984375,160.4322166586917
F18,9,MITO,87159.7578125,5020.149059193272
F18,9,PHAandWGA,30090.8203125,1572.6648413611379
F18,9,SYTO,17973.3671875,792.4128013221787
F18,10,CONC,4634.8173828125,115.30764741063561
F18,10,HOECHST,4186.0615234375,156.41171792225654
F18,10,MITO,88298.078125,4928.206623917487
F18,10,PHAandWGA,30619.99609375,1535.256410423069
F18,10,SYTO,17758.32421875,762.1085379086526
F18,11,CONC,4633.49609375,111.55073325767283
F18,11,HOECHST,4208.29345703125,151.21552527699723
F18,11,MITO,89306.296875,4824.109930233783
F18,11,PHAandWGA,30998.88671875,1494.988423224925
F18,11,SYTO,17180.58984375,728.6381648247562
F18,12,CONC,4707.6083984375,108.07071592969841
F18,12,HOECHST,4271.23876953125,145.90947126456453
F18,12,MITO,89300.328125,4712.611108320752
F18,12,PHAandWGA,31391.1875,1457.010455491486
F18,12,SYTO,16669.291015625,695.9701557626212
F18,13,CONC,4683.82275390625,104.19167271434658
F18,13,HOECHST,4316.60986328125,139.7016285570655
F18,13,MITO,89974.859375,4545.945214832065
F18,13,PHAandWGA,31371.8125,1406.4339733893555
F18,13,SYTO,16215.9541015625,662.7701155970125
F18,14,CONC,4721.9208984375,100.14465079385117
F18,14,HOECHST,4366.48291015625,133.21359507234493
F18,14,MITO,90719.703125,4410.798666252424
F18,14,PHAandWGA,31643.189453125,1365.0609730686508
F18,14,SYTO,16026.4296875,630.1707569392171
F18,15,CONC,4754.7568359375,95.66148285696478
F18,15,HOECHST,4395.626953125,126.35483935826147
F18,15,MITO,92061.03125,4220.597358668346
F18,15,PHAandWGA,31657.154296875,1306.5150020946232
F18,15,SYTO,15844.28125,593.0170145725198
F19,0,CONC,2688.355224609375,59.880584944573826
F19,0,HOECHST,1521.3074951171875,33.6297285608297
F19,0,MITO,52500.8125,3376.7402097425165
F19,0,PHAandWGA,12586.0234375,701.9517383853122
F19,0,SYTO,5282.6826171875,300.0166877602664
F19,1,CONC,2887.615234375,74.2895732683408
F19,1,HOECHST,1622.48876953125,42.31399699020245
F19,1,MITO,54593.1640625,3841.8184945277185
F19,1,PHAandWGA,13493.140625,837.137192988859
F19,1,SYTO,5775.46337890625,365.9387907797558
F19,2,CONC,3084.80029296875,88.25109839692217
F19,2,HOECHST,1736.3516845703125,51.80069940597851
F19,2,MITO,56735.6640625,4271.148729322623
F19,2,PHAandWGA,14725.1259765625,970.6323401608888
F19,2,SYTO,6267.20703125,432.70084133888395
F19,3,CONC,3272.00439453125,100.00599723181467
F19,3,HOECHST,1844.013916015625,60.92391841304883
F19,3,MITO,59869.3046875,4630.571486648251
F19,3,PHAandWGA,15999.435546875,1089.7946726065188
F19,3,SYTO,6859.673828125,489.21030640950835
F19,4,CONC,3412.016845703125,107.02790693178254
F19,4,HOECHST,1962.4273681640625,69.18677838536178
F19,4,MITO,62828.59375,4832.8878383296205
F19,4,PHAandWGA,16873.54296875,1160.7925182830322
F19,4,SYTO,7315.21484375,525.7888380466944
F19,5,CONC,3534.9580078125,110.68329612271228
F19,5,HOECHST,2057.08837890625,74.19645567051488
F19,5,MITO,65392.734375,4953.953326586563
F19,5,PHAandWGA,17883.474609375,1205.4687984167952
F19,5,SYTO,7723.2841796875,544.2027526661805
F19,6,CONC,3653.4892578125,112.65049551583822
F19,6,HOECHST,2129.01953125,75.0748069748756
F19,6,MITO,66403.8203125,5005.643445124975
F19,6,PHAandWGA,18666.974609375,1229.0073189095287
F19,6,SYTO,7915.0009765625,547.4919367558267
F19,7,CONC,3727.094482421875,112.78838587577866
F19,7,HOECHST,2163.37451171875,74.76845276269206
F19,7,MITO,67938.15625,4975.457098398932
F19,7,PHAandWGA,19389.41015625,1234.7732251120672
F19,7,SYTO,8069.63037109375,541.8846245528373
F19,8,CONC,3813.796875,111.99919489795484
F19,8,HOECHST,2196.140625,73.94539442216181
F19,8,MITO,70020.4296875,4969.96607145677
F19,8,PHAandWGA,19868.7421875,1229.2187439211182
F19,8,SYTO,8176.103515625,531.7517013548862
F19,9,CONC,3863.954833984375,110.81537209601085
F19,9,HOECHST,2222.89501953125,72.07115536123172
F19,9,MITO,70975.0,4910.164118873252
F19,9,PHAandWGA,19978.234375,1209.7564003134391
F19,9,SYTO,8219.703125,518.3196020497819
F19,10,CONC,3895.107666015625,109.21039972494187
F19,10,HOECHST,2253.90380859375,70.4354975350267
F19,10,MITO,71624.09375,4846.476205755541
F19,10,PHAandWGA,20411.78125,1190.93983752693
F19,10,SYTO,8289.935546875,504.6805972175828
F19,11,CONC,3943.03662109375,106.8034812169195
F19,11,HOECHST,2278.885498046875,68.76563362137281
F19,11,MITO,72386.4765625,4732.3531502621245
F19,11,PHAandWGA,20749.9609375,1155.0791226453803
F19,11,SYTO,8331.7451171875,488.70657466317715
F19,12,CONC,3993.461669921875,103.78213898280461
F19,12,HOECHST,2319.1669921875,66.58734515086272
F19,12,MITO,72836.984375,4584.893831095455
F19,12,PHAandWGA,20820.01171875,1119.9641279192351
F19,12,SYTO,8409.54296875,470.10806274416524
F19,13,CONC,4027.40771484375,100.4741229263713
F19,13,HOECHST,2326.64453125,63.95407524707208
F19,13,MITO,73407.015625,4464.905153672572
F19,13,PHAandWGA,20922.3046875,1082.9559480424434
F19,13,SYTO,8410.12109375,451.41085911883533
F19,14,CONC,4064.21533203125,97.03103605075508
F19,14,HOECHST,2335.322998046875,61.23474264545542
F19,14,MITO,74426.0078125,4308.45102983713
F19,14,PHAandWGA,21006.01953125,1045.0241130791762
F19,14,SYTO,8468.875,432.41979513461285
F19,15,CONC,4093.800537109375,93.1990226792206
F19,15,HOECHST,2376.65771484375,58.45303449682311
F19,15,MITO,74223.34375,4104.521281637389
F19,15,PHAandWGA,20955.79296875,996.7588968243276
F19,15,SYTO,8520.22265625,410.0076939928376
F20,0,CONC,4478.802734375,65.5783318823617
F20,0,HOECHST,2985.556884765625,73.65712112962487
F20,0,MITO,74796.703125,2717.1529811981554
F20,0,PHAandWGA,21743.53515625,799.0837484336824
F20,0,SYTO,9804.3125,412.1459324499921
F20,1,CONC,4979.51611328125,97.39611263906708
F20,1,HOECHST,3197.63232421875,101.81509885518858
F20,1,MITO,76837.421875,3323.3029748674203
F20,1,PHAandWGA,23393.94140625,979.5861679361532
F20,1,SYTO,11935.982421875,562.8170309281821
F20,2,CONC,5828.97119140625,163.13543219266467
F20,2,HOECHST,3733.55517578125,170.13637731197775
F20,2,MITO,85641.8203125,4568.30975498202
F20,2,PHAandWGA,26015.5625,1371.6738931587515
F20,2,SYTO,15011.078125,915.6997066066778
F20,3,CONC,6697.9677734375,216.9423249721383
F20,3,HOECHST,4402.74609375,242.9785385087817
F20,3,MITO,95129.0,5431.426248615089
F20,3,PHAandWGA,29285.96875,1735.332776359295
F20,3,SYTO,18505.57421875,1205.3159921198212
F20,4,CONC,7370.6201171875,233.1207912287764
F20,4,HOECHST,4865.33984375,266.5338691308587
F20,4,MITO,102512.546875,5706.923454745946
F20,4,PHAandWGA,32095.22265625,1884.758760023273
F20,4,SYTO,20969.05078125,1270.6305930830129
F20,5,CONC,7846.146484375,236.56311426647784
F20,5,HOECHST,5240.08203125,267.2555984050315
F20,5,MITO,109012.59375,5834.576555565875
F20,5,PHAandWGA,35146.87890625,1965.7786023096703
F20,5,SYTO,23950.119140625,1254.2585529340681
F20,6,CONC,8000.7314453125,228.26220342162344
F20,6,HOECHST,5553.23388671875,265.3749662754328
F20,6,MITO,113603.34375,5871.101631773133
F20,6,PHAandWGA,37612.65625,1984.2205822024566
F20,6,SYTO,25825.37109375,1225.163587825713
F20,7,CONC,8016.59033203125,213.09281968868055
F20,7,HOECHST,5617.46484375,250.8068021271398
F20,7,MITO,114815.609375,5752.264303646696
F20,7,PHAandWGA,39595.7265625,1966.527984680105
F20,7,SYTO,27077.126953125,1162.283838404026
F20,8,CONC,7951.67236328125,196.73859035411976
F20,8,HOECHST,5653.2841796875,236.40248595854226
F20,8,MITO,118566.453125,5627.815415976172
F20,8,PHAandWGA,39938.7421875,1889.6222764059921
F20,8,SYTO,27242.126953125,1086.6779062626458
F20,9,CONC,7880.6875,182.9455678774326
F20,9,HOECHST,5639.3505859375,217.262870372489
F20,9,MITO,119295.65625,5480.480937183651
F20,9,PHAandWGA,41320.09375,1810.7060759453325
F20,9,SYTO,27428.921875,1006.3827119709944
F20,10,CONC,7754.234375,168.20815094965982
F20,10,HOECHST,5612.05908203125,201.9222015238672
F20,10,MITO,121355.8046875,5305.968190055964
F20,10,PHAandWGA,41187.72265625,1720.0354917682714
F20,10,SYTO,26855.7421875,931.7617327822039
F20,11,CONC,7576.56005859375,154.27630492752513
F20,11,HOECHST,5516.625,184.8617434072048
F20,11,MITO,121134.203125,5111.443363144397
F20,11,PHAandWGA,41112.78515625,1645.181227943417
F20,11,SYTO,25893.2265625,861.3285556399285
F20,12,CONC,7417.55712890625,142.5989264679917
F20,12,HOECHST,5405.91064453125,170.15697396194295
F20,12,MITO,121483.6640625,4989.003211093991
F20,12,PHAandWGA,40623.515625,1589.9185545528528
F20,12,SYTO,25080.876953125,802.6532103623944
F20,13,CONC,7289.232421875,133.46028572893303
F20,13,HOECHST,5326.970703125,159.3200902388979
F20,13,MITO,119988.8125,4855.38505031284
F20,13,PHAandWGA,40244.0625,1539.2998635209333
F20,13,SYTO,24155.5546875,753.3349000406645
F20,14,CONC,7192.494140625,125.50165506437543
F20,14,HOECHST,5266.021484375,150.60459249111648
F20,14,MITO,120045.953125,4728.175661918612
F20,14,PHAandWGA,39412.421875,1474.32594459616
F20,14,SYTO,23092.724609375,706.5656491915373
F20,15,CONC,7167.783203125,118.4441966902821
F20,15,HOECHST,5242.1474609375,141.207493413619
F20,15,MITO,119232.3125,4569.252410863685
F20,15,PHAandWGA,39701.65234375,1407.1604446611007
F20,15,SYTO,22732.30078125,661.3767454205762
F21,0,CONC,4204.10009765625,70.48080865058057
F21,0,HOECHST,2771.41259765625,70.11988948800918
F21,0,MITO,64377.56640625,2788.425359420069
F21,0,PHAandWGA,19488.78515625,797.038853866126
F21,0,SYTO,9277.28125,414.897669379509
F21,1,CONC,4444.080078125,84.46381320844851
F21,1,HOECHST,2935.734375,84.14854208951945
F21,1,MITO,66300.1328125,3099.2547331573905
F21,1,PHAandWGA,20442.091796875,904.6226645473386
F21,1,SYTO,10343.765625,487.40229991233537
F21,2,CONC,4745.41845703125,103.30728469598331
F21,2,HOECHST,3173.234130859375,103.00638090614628
F21,2,MITO,70433.4609375,3521.7482451854603
F21,2,PHAandWGA,22087.53515625,1053.7658932983818
F21,2,SYTO,12171.55078125,591.0909329709665
F21,3,CONC,5042.36083984375,118.92614557397707
F21,3,HOECHST,3400.888671875,120.27067899539934
F21,3,MITO,75281.671875,3882.792725640641
F21,3,PHAandWGA,23435.2890625,1187.5647514787236
F21,3,SYTO,14068.669921875,682.8129900041472
F21,4,CONC,5288.228515625,128.63868195451028
F21,4,HOECHST,3607.7509765625,132.5224331637662
F21,4,MITO,77723.6875,4085.5231265392804
F21,4,PHAandWGA,24978.609375,1282.827414540023
F21,4,SYTO,15660.1875,738.1442747077045
F21,5,CONC,5511.3232421875,133.3019183072139
F21,5,HOECHST,3816.87255859375,139.9403289175472
F21,5,MITO,80011.9296875,4184.468625790255
F21,5,PHAandWGA,26482.0078125,1342.5369541324137
F21,5,SYTO,16764.48828125,760.809693015017
F21,6,CONC,5659.50048828125,134.7026942888068
F21,6,HOECHST,3936.138916015625,142.308621450172
F21,6,MITO,82940.203125,4267.670937896799
F21,6,PHAandWGA,27557.216796875,1376.731496771079
F21,6,SYTO,17442.36328125,760.1384588560222
F21,7,CONC,5777.357421875,133.81757640175826
F21,7,HOECHST,4047.816650390625,141.68734283600276
F21,7,MITO,85096.6328125,4277.385316107314
F21,7,PHAandWGA,28906.376953125,1386.092238697385
F21,7,SYTO,17921.74609375,748.8106777968371
F21,8,CONC,5902.4267578125,132.51345331949966
F21,8,HOECHST,4126.173828125,140.49616349517564
F21,8,MITO,87708.7890625,4297.916920895313
F21,8,PHAandWGA,29515.080078125,1387.4234512954217
F21,8,SYTO,18009.646484375,732.2416040999422
F21,9,CONC,6009.73046875,130.8347360848167
F21,9,HOECHST,4228.4345703125,139.44481280395667
F21,9,MITO,88758.703125,4275.371842193913
F21,9,PHAandWGA,30108.8203125,1374.6662859088915
F21,9,SYTO,18117.3125,716.4903464457884
F21,10,CONC,6075.3046875,128.80481524906148
F21,10,HOECHST,4312.67578125,137.8768164125478
F21,10,MITO,89462.703125,4244.094091068342
F21,10,PHAandWGA,31619.884765625,1359.6972798363324
F21,10,SYTO,18030.6796875,697.5288396666051
F21,11,CONC,6114.83154296875,126.20344451992334
F21,11,HOECHST,4383.091796875,135.1502396392747
F21,11,MITO,91351.78125,4191.611237348986
F21,11,PHAandWGA,31791.275390625,1336.3369176396475
F21,11,SYTO,17923.9296875,677.2935746467289
F21,12,CONC,6214.689453125,123.2751644654441
F21,12,HOECHST,4464.3984375,131.85560531424449
F21,12,MITO,92512.46875,4125.713975977438
F21,12,PHAandWGA,32433.62890625,1316.466098540038
F21,12,SYTO,17984.681640625,655.9866403968816
F21,13,CONC,6271.154296875,119.61190065452763
F21,13,HOECHST,4530.0341796875,127.56652044824476
F21,13,MITO,94120.7734375,4018.6006035765377
F21,13,PHAandWGA,32331.908203125,1284.792305827716
F21,13,SYTO,17842.6171875,630.1464777218874
F21,14,CONC,6385.7841796875,116.02930808524941
F21,14,HOECHST,4595.82373046875,122.91042943590847
F21,14,MITO,95250.3125,3910.7295004228695
F21,14,PHAandWGA,32627.412109375,1248.9608327388564
F21,14,SYTO,17705.744140625,601.6534609638849
F21,15,CONC,6404.4345703125,111.74297195058959
F21,15,HOECHST,4650.44287109375,117.99098604902855
F21,15,MITO,95717.671875,3750.925077216539
F21,15,PHAandWGA,33289.97265625,1211.6537900648652
F21,15,SYTO,17615.48828125,573.4367917931752
F22,0,CONC,6023.6865234375,101.59926273454289
F22,0,HOECHST,3842.85986328125,104.28682080388137
F22,0,MITO,87466.40625,3002.691561515312
F22,0,PHAandWGA,27120.0703125,933.3051769264556
F22,0,SYTO,14649.900390625,577.3263370889277
F22,1,CONC,6750.47314453125,159.27029585320477
F22,1,HOECHST,4284.44140625,160.92344165199987
F22,1,MITO,92380.0078125,3888.79656654794
F22,1,PHAandWGA,29358.130859375,1241.8767757959506
F22,1,SYTO,17121.216796875,855.6694633458904
F22,2,CONC,7620.70703125,205.18133710213417
F22,2,HOECHST,4872.7138671875,218.68396730404467
F22,2,MITO,100925.5703125,4637.67208155195
F22,2,PHAandWGA,32376.43359375,1533.1590303476985
F22,2,SYTO,20762.29296875,1100.1911064840995
F22,3,CONC,8437.9326171875,228.8156225562893
F22,3,HOECHST,5431.90869140625,249.92514010461193
F22,3,MITO,109605.484375,5065.3455856735745
F22,3,PHAandWGA,35417.9140625,1730.8642272309144
F22,3,SYTO,23945.12890625,1227.5237629867306
F22,4,CONC,8868.77734375,232.46214832695395
F22,4,HOECHST,5809.57861328125,256.75303936993726
F22,4,MITO,114586.734375,5198.626835680849
F22,4,PHAandWGA,37809.2734375,1835.012506908177
F22,4,SYTO,26043.91015625,1252.7703312076585
F22,5,CONC,9228.958984375,227.6786093892379
F22,5,HOECHST,6115.30712890625,258.19133954443924
F22,5,MITO,119413.796875,5211.875964402405
F22,5,PHAandWGA,40334.046875,1857.7147834262068
F22,5,SYTO,27669.63671875,1229.7566665344152
F22,6,CONC,9374.38671875,217.27220212727596
F22,6,HOECHST,6198.28076171875,244.41864355739025
F22,6,MITO,121001.5390625,5123.523366425745
F22,6,PHAandWGA,41790.58203125,1849.5613787930567
F22,6,SYTO,29493.767578125,1179.0122586157058
F22,7,CONC,9428.1689453125,205.14042228028737
F22,7,HOECHST,6267.3818359375,226.90664263727075
F22,7,MITO,125120.15625,5024.31719064971
F22,7,PHAandWGA,43897.296875,1797.4894917892702
F22,7,SYTO,29959.56640625,1106.1736168719342
F22,8,CONC,9550.216796875,193.60881464232534
F22,8,HOECHST,6366.3125,216.0622967500681
F22,8,MITO,127228.109375,4888.891374938499
F22,8,PHAandWGA,44913.234375,1706.6970326712171
F22,8,SYTO,31450.87109375,1032.6658000768239
F22,9,CONC,9524.0859375,183.72759976931482
F22,9,HOECHST,6450.93798828125,204.9762403544278
F22,9,MITO,130512.3359375,4760.116138822506
F22,9,PHAandWGA,45759.6015625,1623.1452591262985
F22,9,SYTO,32046.5546875,964.8945563234691
F22,10,CONC,9538.1171875,172.28147053378794
F22,10,HOECHST,6504.10400390625,194.3120728337762
F22,10,MITO,131043.8671875,4627.0633984166825
F22,10,PHAandWGA,46358.11328125,1554.1184924673253
F22,10,SYTO,31787.5546875,911.7618344552399
F22,11,CONC,9423.4609375,161.9222744047319
F22,11,HOECHST,6469.9033203125,182.79970195737954
F22,11,MITO,131187.3125,4496.97594632035
F22,11,PHAandWGA,46748.26953125,1494.4033568660598
F22,11,SYTO,31781.453125,859.1141631669176
F22,12,CONC,9335.6337890625,153.04160527534975
F22,12,HOECHST,6479.99755859375,172.43841257496072
F22,12,MITO,132458.203125,4372.843027557848
F22,12,PHAandWGA,46268.0234375,1441.6675290345443
F22,12,SYTO,31507.1640625,812.5516657422726
F22,13,CONC,9287.404296875,145.1577662766018
F22,13,HOECHST,6487.99560546875,162.56314697532096
F22,13,MITO,133053.125,4256.889142020665
F22,13,PHAandWGA,46791.46875,1395.0189880265768
F22,13,SYTO,31249.072265625,770.483606938596
F22,14,CONC,9273.2119140625,137.8257204985856
F22,14,HOECHST,6506.40234375,154.21425250405693
F22,14,MITO,134454.890625,4123.045227789473
F22,14,PHAandWGA,46939.1328125,1342.1788831743931
F22,14,SYTO,30980.896484375,728.6497704221509
F22,15,CONC,9259.6455078125,130.13561052379214
F22,15,HOECHST,6556.73779296875,145.66131821872833
F22,15,MITO,135058.609375,3953.012783729829
F22,15,PHAandWGA,46467.421875,1287.6678065995575
F22,15,SYTO,30783.435546875,683.8825916386704
F23,0,CONC,6176.24755859375,96.16010308829358
F23,0,HOECHST,3834.09423828125,97.26842717720943
F23,0,MITO,82556.7109375,2917.3157950480486
F23,0,PHAandWGA,26195.85546875,883.5667130494289
F23,0,SYTO,14603.8583984375,520.42185211181
F23,1,CONC,6675.654296875,123.62645773098161
F23,1,HOECHST,4129.962890625,122.1962486430164
F23,1,MITO,86076.78125,3431.0097158904755
F23,1,PHAandWGA,28261.8671875,1052.8425073098647
F23,1,SYTO,16824.765625,653.7578768372184
F23,2,CONC,7197.46044921875,148.14682781886816
F23,2,HOECHST,4503.0029296875,149.02829193578214
F23,2,MITO,92474.78125,3888.8533551589207
F23,2,PHAandWGA,30198.73828125,1212.993561076368
F23,2,SYTO,19442.60546875,776.3057275023206
F23,3,CONC,7612.8056640625,161.52926102306316
F23,3,HOECHST,4837.49365234375,167.15475872379199
F23,3,MITO,97469.359375,4097.780250834446
F23,3,PHAandWGA,32220.501953125,1315.9485022441086
F23,3,SYTO,21444.640625,848.795646984942
F23,4,CONC,7962.73291015625,166.14306071220585
F23,4,HOECHST,5105.1123046875,175.53491552442222
F23,4,MITO,100557.5390625,4165.219856180013
F23,4,PHAandWGA,33985.86328125,1376.0297656977623
F23,4,SYTO,22903.283203125,874.5036546957884
F23,5,CONC,8228.7041015625,167.52839570988337
F23,5,HOECHST,5280.5654296875,177.01603081480957
F23,5,MITO,103998.5,4158.297224168898
F23,5,PHAandWGA,35691.3828125,1410.365527501959
F23,5,SYTO,24546.876953125,877.4738283508755
F23,6,CONC,8441.98046875,166.70985000510132
F23,6,HOECHST,5478.41015625,176.4685572724666
F23,6,MITO,107553.34375,4159.33512103742
F23,6,PHAandWGA,37168.546875,1430.8498978041162
F23,6,SYTO,25766.419921875,873.4094703744391
F23,7,CONC,8652.4404296875,163.75891307585675
F23,7,HOECHST,5653.115234375,175.7231390238646
F23,7,MITO,109690.6328125,4130.257358773219
F23,7,PHAandWGA,38570.8203125,1426.394549219714
F23,7,SYTO,27159.310546875,854.8644664611326
F23,8,CONC,8813.5703125,159.71744828463966
F23,8,HOECHST,5766.6474609375,171.5390544640768
F23,8,MITO,112010.546875,4074.586488166125
F23,8,PHAandWGA,40379.7890625,1401.142673387251
F23,8,SYTO,27958.25390625,831.4975939482538
F23,9,CONC,8862.84765625,155.21932751828754
F23,9,HOECHST,5893.146484375,167.30153616372212
F23,9,MITO,113432.015625,3966.8913902036056
F23,9,PHAandWGA,41484.55078125,1375.1043255105187
F23,9,SYTO,28107.654296875,799.5611906036312
F23,10,CONC,8982.5908203125,150.87525515437437
F23,10,HOECHST,6012.76953125,162.7444590317028
F23,10,MITO,114877.4609375,3878.013697774384
F23,10,PHAandWGA,41848.29296875,1347.2396846213494
F23,10,SYTO,28909.1640625,771.8901640638907
F23,11,CONC,9082.740234375,145.78783200145972
F23,11,HOECHST,6103.97802734375,157.81291981408813
F23,11,MITO,117651.703125,3803.5239934433685
F23,11,PHAandWGA,43247.14453125,1310.148910922351
F23,11,SYTO,29058.01953125,743.5250186940789
F23,12,CONC,9172.91796875,140.56506590295723
F23,12,HOECHST,6185.900390625,151.77774713545423
F23,12,MITO,118889.03125,3690.4716471487577
F23,12,PHAandWGA,43571.1953125,1268.2226836411444
F23,12,SYTO,29312.365234375,708.6490376880049
F23,13,CONC,9254.412109375,135.83896299666463
F23,13,HOECHST,6293.796875,146.4242471568605
F23,13,MITO,119985.59375,3570.170872879768
F23,13,PHAandWGA,43821.46484375,1228.787101453034
F23,13,SYTO,29464.58984375,677.6378521538034
F23,14,CONC,9335.08984375,131.23752627367364
F23,14,HOECHST,6361.5791015625,140.5803562590611
F23,14,MITO,121404.5,3439.300892318279
F23,14,PHAandWGA,44198.703125,1195.8387761241397
F23,14,SYTO,29422.21875,650.2371919142225
F23,15,CONC,9435.6796875,126.49043448030149
F23,15,HOECHST,6421.357421875,134.31128031462148
F23,15,MITO,122978.859375,3301.951769766623
F23,15,PHAandWGA,44493.859375,1155.5498912524129
F23,15,SYTO,29229.36328125,616.3258664626015
G02,0,CONC,3550.250732421875,57.477198480364976
G02,0,HOECHST,3001.779052734375,77.38045601841415
G02,0,MITO,66075.328125,2650.3698430038207
G02,0,PHAandWGA,20425.53515625,767.8657176394244
G02,0,SYTO,10822.798828125,458.60578165871357
G02,1,CONC,3832.677978515625,75.82302682196406
G02,1,HOECHST,3223.10205078125,98.70867485558378
G02,1,MITO,68856.0,3109.808774620446
G02,1,PHAandWGA,21670.1328125,916.8635604750715
G02,1,SYTO,12753.6728515625,582.9954632211019
G02,2,CONC,4129.7822265625,94.58984858092725
G02,2,HOECHST,3473.02880859375,119.74395419663092
G02,2,MITO,73390.9375,3559.2302499193534
G02,2,PHAandWGA,23137.384765625,1076.8361441357115
G02,2,SYTO,14861.142578125,713.1161793340217
G02,3,CONC,4387.0703125,106.37123333660537
G02,3,HOECHST,3749.565673828125,137.69847063279605
G02,3,MITO,76210.0859375,3823.769458494396
G02,3,PHAandWGA,24687.49609375,1195.0778024334902
G02,3,SYTO,16812.271484375,802.9957049369355
G02,4,CONC,4587.8525390625,109.73587528368459
G02,4,HOECHST,3969.097900390625,146.52856199724135
G02,4,MITO,80244.7421875,3928.951283482119
G02,4,PHAandWGA,26562.0,1257.7699219584238
G02,4,SYTO,18491.01171875,834.4694426739521
G02,5,CONC,4770.228515625,110.34858051962004
G02,5,HOECHST,4141.67724609375,149.56465012207335
G02,5,MITO,82384.4296875,3964.891841825567
G02,5,PHAandWGA,27912.86328125,1285.8053883690036
G02,5,SYTO,20320.37109375,841.0992467769081
G02,6,CONC,4879.4267578125,109.44590374327863
G02,6,HOECHST,4254.14453125,149.08697086267847
G02,6,MITO,83985.3671875,3983.688128471559
G02,6,PHAandWGA,28807.9765625,1295.293940151143
G02,6,SYTO,21193.421875,827.9540780989008
G02,7,CONC,4964.126953125,108.57434377500758
G02,7,HOECHST,4347.37939453125,147.72543056694886
G02,7,MITO,85751.125,3973.345180333747
G02,7,PHAandWGA,30095.3125,1293.556880846234
G02,7,SYTO,21768.001953125,807.5124638549908
G02,8,CONC,5088.732421875,107.20346551916714
G02,8,HOECHST,4450.72705078125,144.87726864207585
G02,8,MITO,88220.203125,3956.7925151629934
G02,8,PHAandWGA,30720.529296875,1281.9295954024171
G02,8,SYTO,21880.287109375,783.6378691924468
G02,9,CONC,5157.75830078125,104.83966099675361
G02,9,HOECHST,4528.8369140625,140.709941116216
G02,9,MITO,88859.53125,3896.351271038867
G02,9,PHAandWGA,31937.458984375,1263.6748666951596
G02,9,SYTO,21583.8515625,751.5648329828302
G02,10,CONC,5188.02099609375,102.32382028820253
G02,10,HOECHST,4582.2548828125,136.48710578147572
G02,10,MITO,90612.15625,3836.260591941213
G02,10,PHAandWGA,31933.095703125,1243.5683684689468
G02,10,SYTO,21363.96875,727.0841305911213
G02,11,CONC,5239.828125,99.58460137585821
G02,11,HOECHST,4649.01708984375,132.12327129012425
G02,11,MITO,92303.59375,3774.0330835876584
G02,11,PHAandWGA,32906.80859375,1219.6312598899497
G02,11,SYTO,20924.69140625,700.1136940500218
G02,12,CONC,5280.3212890625,96.8399152757181
G02,12,HOECHST,4704.51171875,127.8640964309386
G02,12,MITO,93268.96875,3662.83081121207
G02,12,PHAandWGA,33069.875,1188.5122277831633
G02,12,SYTO,20475.26171875,670.5230500188962
G02,13,CONC,5373.75927734375,93.78364525808784
G02,13,HOECHST,4763.439453125,123.34154266697085
G02,13,MITO,94611.2109375,3557.551156900061
G02,13,PHAandWGA,33925.57421875,1162.0647489445091
G02,13,SYTO,20402.84765625,644.3125228462894
G02,14,CONC,5406.5361328125,90.66920254434677
G02,14,HOECHST,4834.0517578125,118.87093282398257
G02,14,MITO,95491.296875,3437.4571303992266
G02,14,PHAandWGA,33836.484375,1127.4331348210892
G02,14,SYTO,20225.33984375,617.0267583823016
G02,15,CONC,5503.92236328125,87.42258624153672
G02,15,HOECHST,4909.7470703125,114.22345233634036
G02,15,MITO,96207.7890625,3280.3837004428738
G02,15,PHAandWGA,34682.87109375,1090.2305418829096
G02,15,SYTO,20644.220703125,588.2911018774751
G03,0,CONC,9903.8251953125,95.99561374477658
G03,0,HOECHST,5816.7255859375,90.56870632327829
G03,0,MITO,100270.515625,1547.7446572276178
G03,0,PHAandWGA,39641.765625,651.8317034350887
G03,0,SYTO,28412.216796875,533.8617541609947
G03,1,CONC,10852.78125,135.02620635370604
G03,1,HOECHST,6308.45654296875,122.73210736131209
G03,1,MITO,105114.046875,1890.0291588270795
G03,1,PHAandWGA,42122.734375,812.960550630812
G03,1,SYTO,30520.314453125,695.0714031827689
G03,2,CONC,11937.8388671875,166.78982513570486
G03,2,HOECHST,6920.8662109375,152.7886388441136
G03,2,MITO,111624.609375,2149.582490580416
G03,2,PHAandWGA,44544.4765625,962.5928649334916
G03,2,SYTO,33789.51171875,843.5198999766957
G03,3,CONC,12828.537109375,182.17368981823805
G03,3,HOECHST,7519.55859375,170.6300495017953
G03,3,MITO,117828.7578125,2299.5994231698564
G03,3,PHAandWGA,48321.6875,1062.1415980098911
G03,3,SYTO,36866.48046875,937.072465057621
G03,4,CONC,13403.00390625,182.5276778021061
G03,4,HOECHST,7953.40625,177.272605464836
G03,4,MITO,123818.0234375,2285.005011956203
G03,4,PHAandWGA,50899.23046875,1085.1593306272503
G03,4,SYTO,39288.43359375,956.2110208239055
G03,5,CONC,13890.7138671875,172.58888226676632
G03,5,HOECHST,8305.5634765625,172.6405611421372
G03,5,MITO,127437.53125,2217.8238914381946
G03,5,PHAandWGA,52731.390625,1066.2395620329955
G03,5,SYTO,40805.1796875,920.281165262606
G03,6,CONC,14132.400390625,160.52497827400748
G03,6,HOECHST,8455.349609375,162.71387630114128
G03,6,MITO,129466.296875,2127.5311659051677
G03,6,PHAandWGA,54606.1328125,1030.9167596281732
G03,6,SYTO,43016.9375,872.4622850370667
G03,7,CONC,14486.9560546875,149.47824529646584
G03,7,HOECHST,8673.4814453125,150.90152514747513
G03,7,MITO,133683.46875,2056.473939908401
G03,7,PHAandWGA,55949.09375,991.1068738063689
G03,7,SYTO,44665.3671875,817.1365568745642
G03,8,CONC,14773.4208984375,138.76675490488617
G03,8,HOECHST,8861.3837890625,140.93139107088828
G03,8,MITO,137798.09375,1984.328946957961
G03,8,PHAandWGA,58396.625,940.7323047038841
G03,8,SYTO,46282.5859375,757.4490113452811
G03,9,CONC,15055.15234375,128.20414089951086
G03,9,HOECHST,9062.544921875,132.12451364515633
G03,9,MITO,140480.53125,1895.3236009280351
G03,9,PHAandWGA,60347.6953125,881.9963934137979
G03,9,SYTO,47380.66015625,696.8617584102968
G03,10,CONC,15312.58984375,116.43572365235498
G03,10,HOECHST,9255.591796875,122.51826476721683
G03,10,MITO,143031.90625,1780.7606061042538
G03,10,PHAandWGA,61318.7890625,825.3917302262242
G03,10,SYTO,49464.296875,641.115251905566
G03,11,CONC,15513.0126953125,106.18298736632329
G03,11,HOECHST,9345.2685546875,113.62498342025806
G03,11,MITO,145791.1875,1667.5021442759771
G03,11,PHAandWGA,62638.01171875,770.9574179710798
G03,11,SYTO,50489.96875,586.7364297129369
G03,12,CONC,15575.0810546875,98.52146066593596
G03,12,HOECHST,9479.78125,105.653068068145
G03,12,MITO,147493.59375,1583.357132039823
G03,12,PHAandWGA,64109.3828125,726.9804644611177
G03,12,SYTO,50722.921875,544.8557324362939
G03,13,CONC,15676.8203125,92.26988737791562
G03,13,HOECHST,9582.6728515625,99.85146429287559
G03,13,MITO,149701.578125,1519.9795717969316
G03,13,PHAandWGA,64240.69140625,692.16424131881
G03,13,SYTO,52232.078125,512.4634661764419
G03,14,CONC,15671.5234375,87.50133496560373
G03,14,HOECHST,9666.56640625,95.70291562266958
G03,14,MITO,151965.296875,1466.257271992746
G03,14,PHAandWGA,65448.03125,665.402353231744
G03,14,SYTO,51714.9921875,485.33144729629856
G03,15,CONC,15755.490234375,83.36162446596956
G03,15,HOECHST,9856.615234375,91.68696420602961
G03,15,MITO,152749.90625,1413.5093480728003
G03,15,PHAandWGA,66747.828125,640.3173782705293
G03,15,SYTO,52824.0390625,461.92073704064165
G04,0,CONC,4628.482421875,88.10205644877023
G04,0,HOECHST,2877.9541015625,77.63975231950147
G04,0,MITO,61420.0859375,2730.0628466338794
G04,0,PHAandWGA,19346.314453125,799.0560411130353
G04,0,SYTO,10074.4775390625,472.52650403671606
G04,1,CONC,4925.4404296875,104.95571524956043
G04,1,HOECHST,3064.5087890625,92.46243556071364
G04,1,MITO,64325.5234375,3039.8584595456555
G04,1,PHAandWGA,20498.232421875,907.6545854175048
G04,1,SYTO,11438.373046875,552.9474678100235
G04,2,CONC,5246.4765625,124.81033709772431
G04,2,HOECHST,3282.504638671875,110.77562767475743
G04,2,MITO,66956.5625,3389.0448319896377
G04,2,PHAandWGA,21910.10546875,1037.6179231317976
G04,2,SYTO,13729.92578125,658.1824404790566
G04,3,CONC,5554.88037109375,140.5070041975249
G04,3,HOECHST,3519.514892578125,127.52214658112048
G04,3,MITO,71685.3359375,3712.9657223264494
G04,3,PHAandWGA,23176.58203125,1147.3793044203162
G04,3,SYTO,15755.09765625,746.8465259449155
G04,4,CONC,5791.69140625,147.70816276206574
G04,4,HOECHST,3713.29736328125,136.48849617706085
G04,4,MITO,74151.390625,3871.5008734772714
G04,4,PHAandWGA,24782.35546875,1210.5570980996092
G04,4,SYTO,17409.859375,787.4115594963906
G04,5,CONC,5945.27734375,149.34954283989455
G04,5,HOECHST,3878.43408203125,138.68099611489387
G04,5,MITO,75776.1328125,3904.1352442362418
G04,5,PHAandWGA,25496.359375,1234.4156610564328
G04,5,SYTO,18259.0703125,793.6638476219377
G04,6,CONC,6102.125,148.61507298942328
G04,6,HOECHST,3969.93603515625,138.5244037290867
G04,6,MITO,77984.953125,3918.6993696765776
G04,6,PHAandWGA,26789.91015625,1241.8379906742102
G04,6,SYTO,19003.015625,784.6142731079876
G04,7,CONC,6178.4150390625,146.37496639250796
G04,7,HOECHST,4052.265625,136.6689746275867
G04,7,MITO,77896.71875,3854.4269036695714
G04,7,PHAandWGA,27296.9375,1235.927789388076
G04,7,SYTO,18993.65234375,767.8463935523913
G04,8,CONC,6231.490234375,143.45553934364344
G04,8,HOECHST,4116.16796875,133.856635751475
G04,8,MITO,80555.109375,3877.65235034912
G04,8,PHAandWGA,27913.9140625,1228.1030181337562
G04,8,SYTO,18856.39453125,747.0301965463424
G04,9,CONC,6286.85791015625,140.06886405061653
G04,9,HOECHST,4178.5556640625,130.3326756374953
G04,9,MITO,81223.3203125,3837.695081450097
G04,9,PHAandWGA,28789.12109375,1209.6009609456657
G04,9,SYTO,18409.734375,724.3341565745455
G04,10,CONC,6345.0498046875,136.49755524792536
G04,10,HOECHST,4231.43310546875,126.67227997923263
G04,10,MITO,82665.03125,3787.4722619987497
G04,10,PHAandWGA,29129.8515625,1189.2668975515671
G04,10,SYTO,18102.087890625,701.7017189846604
G04,11,CONC,6421.9306640625,132.51929654712248
G04,11,HOECHST,4265.43310546875,122.71365236141568
G04,11,MITO,83457.9375,3695.4426095679646
G04,11,PHAandWGA,29600.88671875,1161.6941045153603
G04,11,SYTO,18060.7265625,675.0621364792842
G04,12,CONC,6501.0732421875,128.2708521307052
G04,12,HOECHST,4319.3203125,118.956203115393
G04,12,MITO,83185.53125,3571.6330087162005
G04,12,PHAandWGA,29835.70703125,1132.2461868992195
G04,12,SYTO,17792.9921875,649.3218995147181
G04,13,CONC,6542.30322265625,124.2179171673076
G04,13,HOECHST,4355.654296875,115.35903027498951
G04,13,MITO,84860.484375,3506.2904822162345
G04,13,PHAandWGA,30128.50390625,1104.260339878847
G04,13,SYTO,17877.46875,626.2418670351044
G04,14,CONC,6624.240234375,120.1084526041823
G04,14,HOECHST,4435.4951171875,111.69470711768878
G04,14,MITO,86059.1171875,3402.2551078400093
G04,14,PHAandWGA,30203.798828125,1072.0314287563401
G04,14,SYTO,17833.904296875,602.705111276935
G04,15,CONC,6717.158203125,115.57621471635176
G04,15,HOECHST,4488.080078125,107.81011357861748
G04,15,MITO,85978.875,3271.369201911792
G04,15,PHAandWGA,30064.58984375,1035.5738580746593
G04,15,SYTO,17802.376953125,575.5341265179517
G05,0,CONC,2216.9482421875,93.62084549420965
G05,0,HOECHST,1524.403564453125,58.514398367322066
G05,0,MITO,26046.955078125,3493.8003849246184
G05,0,PHAandWGA,5945.94580078125,584.5580365609675
G05,0,SYTO,3336.76806640625,313.45374411298576
G05,1,CONC,2293.66796875,104.34699937443263
G05,1,HOECHST,1604.38427734375,65.96560163002096
G05,1,MITO,26517.5234375,3677.2263057818063
G05,1,PHAandWGA,6376.6669921875,634.9050624233961
G05,1,SYTO,3448.685546875,343.91014224153406
G05,2,CONC,2376.9482421875,113.99082657214412
G05,2,HOECHST,1678.71826171875,73.3640602376163
G05,2,MITO,27017.912109375,3888.925655190014
G05,2,PHAandWGA,6878.81787109375,683.3622036290102
G05,2,SYTO,3619.122314453125,373.052865701113
G05,3,CONC,2461.21728515625,121.0871244424902
G05,3,HOECHST,1742.527099609375,77.61409156895373
G05,3,MITO,28149.888671875,4024.170734482726
G05,3,PHAandWGA,7227.36669921875,716.803334333268
G05,3,SYTO,3787.6748046875,391.77495553833575
G05,4,CONC,2525.99755859375,125.7509779839581
G05,4,HOECHST,1740.501953125,77.69265037405428
G05,4,MITO,28905.373046875,4120.210789525236
G05,4,PHAandWGA,7517.4384765625,741.9222857871023
G05,4,SYTO,3886.609375,403.48960447719315
G05,5,CONC,2571.651123046875,127.76750813390126
G05,5,HOECHST,1742.5184326171875,76.55076481573101
G05,5,MITO,29337.3671875,4133.11962351718
G05,5,PHAandWGA,7660.1201171875,748.3234794734956
G05,5,SYTO,3950.0263671875,406.74199519009386
G05,6,CONC,2626.78125,128.11037921197354
G05,6,HOECHST,1757.3160400390625,75.07920915254914
G05,6,MITO,29707.765625,4107.179841811327
G05,6,PHAandWGA,7814.40869140625,747.5302222090546
G05,6,SYTO,4011.720458984375,403.42287799433876
G05,7,CONC,2674.96923828125,126.63049153149129
G05,7,HOECHST,1762.982177734375,73.37714791921073
G05,7,MITO,30634.078125,4035.6039374192906
G05,7,PHAandWGA,7887.9970703125,736.7660740131124
G05,7,SYTO,4088.013916015625,397.44355084234564
G05,8,CONC,2719.6865234375,123.96379521922923
G05,8,HOECHST,1783.005615234375,70.97749675346695
G05,8,MITO,30867.517578125,3913.1658389396703
G05,8,PHAandWGA,7805.9033203125,717.2914256650118
G05,8,SYTO,4152.7451171875,385.57880320773876
G05,9,CONC,2762.26806640625,120.73148637316802
G05,9,HOECHST,1816.264404296875,68.56139670826033
G05,9,MITO,31421.796875,3793.5706185850695
G05,9,PHAandWGA,7763.6298828125,695.6216653606253
G05,9,SYTO,4182.2138671875,371.4756624989378
G05,10,CONC,2813.02099609375,116.75746966846211
G05,10,HOECHST,1821.516357421875,65.81864215741027
G05,10,MITO,31716.95703125,3635.599537818125
G05,10,PHAandWGA,7778.2255859375,669.1130297513931
G05,10,SYTO,4244.68212890625,357.30271094342237
G05,11,CONC,2807.783935546875,112.40947958545517
G05,11,HOECHST,1827.750244140625,62.88261488560967
G05,11,MITO,31952.43359375,3470.760250134153
G05,11,PHAandWGA,7666.4501953125,639.7622008766191
G05,11,SYTO,4270.6015625,341.2531400322456
G05,12,CONC,2872.86669921875,107.40251007888197
G05,12,HOECHST,1866.6099853515625,59.824793356378876
G05,12,MITO,32207.498046875,3279.707172436329
G05,12,PHAandWGA,7667.625,605.8836846830832
G05,12,SYTO,4320.34765625,321.2453741037657
G05,13,CONC,2913.4404296875,102.57435916051838
G05,13,HOECHST,1897.5343017578125,56.975780167428105
G05,13,MITO,32937.046875,3091.182194462374
G05,13,PHAandWGA,7584.841796875,571.5581755834128
G05,13,SYTO,4363.3779296875,303.98190576840886
G05,14,CONC,2960.7412109375,97.81556133194627
G05,14,HOECHST,1924.169921875,54.23342334767909
G05,14,MITO,33465.8359375,2913.1721307203297
G05,14,PHAandWGA,7624.458984375,541.1720063052949
G05,14,SYTO,4431.958984375,287.0257340133297
G05,15,CONC,3007.14697265625,92.6374575343534
G05,15,HOECHST,1957.2294921875,51.374442730288365
G05,15,MITO,33911.9921875,2723.0967393625338
G05,15,PHAandWGA,7569.7001953125,507.56364845937566
G05,15,SYTO,4477.17431640625,268.57925127519445
G06,0,CONC,5864.0615234375,147.06713205599644
G06,0,HOECHST,3686.037353515625,131.01949964600632
G06,0,MITO,75231.46875,3625.923211421274
G06,0,PHAandWGA,23839.26953125,1147.2847895411387
G06,0,SYTO,15181.87109375,757.6465821575587
G06,1,CONC,6833.2724609375,230.3663376644016
G06,1,HOECHST,4340.6484375,215.04336110410824
G06,1,MITO,81270.609375,4844.917011094159
G06,1,PHAandWGA,26116.08203125,1508.8479038261162
G06,1,SYTO,18002.54296875,1101.4679916721934
G06,2,CONC,7497.4013671875,265.1639298149805
G06,2,HOECHST,4899.01025390625,260.698798858863
G06,2,MITO,87981.03125,5309.587793127686
G06,2,PHAandWGA,28566.830078125,1705.575403344479
G06,2,SYTO,20366.71875,1274.712357517067
G06,3,CONC,8108.37646484375,277.652154498129
G06,3,HOECHST,5287.3388671875,276.59716308036957
G06,3,MITO,93744.53125,5517.404353702473
G06,3,PHAandWGA,31406.9609375,1819.0677784172765
G06,3,SYTO,23107.46484375,1325.4081718007187
G06,4,CONC,8666.95703125,288.0151560683925
G06,4,HOECHST,5780.8173828125,288.34968276681326
G06,4,MITO,100393.609375,5575.228605952088
G06,4,PHAandWGA,34389.6328125,1850.1401938888298
G06,4,SYTO,25655.24609375,1345.0375901132038
G06,5,CONC,9049.697265625,277.78209357344775
G06,5,HOECHST,6105.2568359375,286.13428154414106
G06,5,MITO,105763.0625,5443.022860498581
G06,5,PHAandWGA,37017.7734375,1820.1457149308617
G06,5,SYTO,27614.84765625,1314.249566757843
G06,6,CONC,9279.041015625,264.24594940434366
G06,6,HOECHST,6306.328125,272.98172614273454
G06,6,MITO,109188.734375,5245.678588953659
G06,6,PHAandWGA,38478.8203125,1755.9042103383085
G06,6,SYTO,29842.361328125,1245.61398652919
G06,7,CONC,9288.2900390625,247.16774825891022
G06,7,HOECHST,6254.6298828125,246.79481677442993
G06,7,MITO,110687.765625,5030.285346889909
G06,7,PHAandWGA,40310.34375,1703.6897175625866
G06,7,SYTO,30706.0078125,1164.2529809636878
G06,8,CONC,9200.4443359375,229.3817398510858
G06,8,HOECHST,6212.3095703125,227.37000997793874
G06,8,MITO,112080.59375,4797.413239824622
G06,8,PHAandWGA,41266.609375,1626.6222873329243
G06,8,SYTO,31378.0703125,1088.0990602782067
G06,9,CONC,9069.86328125,211.7988307490967
G06,9,HOECHST,6112.2080078125,208.0547639678323
G06,9,MITO,110642.1953125,4516.931550414367
G06,9,PHAandWGA,41521.64453125,1546.6392146838646
G06,9,SYTO,31856.6875,1017.7354323998827
G06,10,CONC,8847.6318359375,194.73267424460747
G06,10,HOECHST,6055.013671875,193.1913482356856
G06,10,MITO,110360.828125,4282.999293459466
G06,10,PHAandWGA,41215.0546875,1464.5824247765054
G06,10,SYTO,31725.658203125,945.3312085853416
G06,11,CONC,8783.50390625,180.08177689566156
G06,11,HOECHST,5957.5908203125,179.67473350277743
G06,11,MITO,109460.46875,4066.290793056882
G06,11,PHAandWGA,41093.984375,1395.8693907387076
G06,11,SYTO,30580.6796875,879.0609571418752
G06,12,CONC,8694.7880859375,168.20390854188247
G06,12,HOECHST,5915.12939453125,167.35074079131726
G06,12,MITO,108701.359375,3858.2235385910117
G06,12,PHAandWGA,40268.3125,1336.0302696113765
G06,12,SYTO,30240.888671875,822.352553397073
G06,13,CONC,8578.8994140625,157.00922213557433
G06,13,HOECHST,5884.02783203125,156.75052975924424
G06,13,MITO,107634.3671875,3650.393309246542
G06,13,PHAandWGA,40523.3046875,1280.5286149721558
G06,13,SYTO,29566.72265625,773.3579928841933
G06,14,CONC,8492.095703125,148.176365695041
G06,14,HOECHST,5859.3212890625,148.00224551217448
G06,14,MITO,107334.3671875,3520.837133536253
G06,14,PHAandWGA,39492.0703125,1235.2540533566053
G06,14,SYTO,28762.640625,732.4012334408752
G06,15,CONC,8408.701171875,139.9382584679833
G06,15,HOECHST,5869.34765625,139.53348851916942
G06,15,MITO,106827.90625,3342.53773339648
G06,15,PHAandWGA,38794.140625,1184.4420212515026
G06,15,SYTO,28014.859375,692.6921497867127
G07,0,CONC,6053.2978515625,112.03611332261208
G07,0,HOECHST,3800.00537109375,102.40057136713006
G07,0,MITO,78261.265625,2915.187282704608
G07,0,PHAandWGA,24029.873046875,887.3473331218897
G07,0,SYTO,14656.22265625,574.7728793483291
G07,1,CONC,6885.548828125,173.98310143908967
G07,1,HOECHST,4292.3740234375,156.4709334794635
G07,1,MITO,84548.46875,3827.348173153736
G07,1,PHAandWGA,26216.60546875,1185.3085645652334
G07,1,SYTO,17184.5546875,837.0739849059942
G07,2,CONC,7500.6923828125,202.35636671076503
G07,2,HOECHST,4738.48583984375,192.90987485791763
G07,2,MITO,89486.578125,4222.652366704303
G07,2,PHAandWGA,28597.57421875,1358.0345527007914
G07,2,SYTO,19275.41796875,995.9987593574572
G07,3,CONC,7951.673828125,206.46638756294377
G07,3,HOECHST,5128.8974609375,205.83726848528943
G07,3,MITO,95246.1796875,4310.549192526203
G07,3,PHAandWGA,30612.80859375,1437.960564572708
G07,3,SYTO,21616.59375,1047.3182000869326
G07,4,CONC,8345.87109375,204.46143881321532
G07,4,HOECHST,5382.73828125,205.45337734531623
G07,4,MITO,99876.609375,4291.809014538923
G07,4,PHAandWGA,32700.5390625,1468.5818779344952
G07,4,SYTO,23417.779296875,1046.2740080827648
G07,5,CONC,8625.5966796875,200.32943885055084
G07,5,HOECHST,5624.8896484375,199.76440312164388
G07,5,MITO,103448.328125,4264.479983496221
G07,5,PHAandWGA,35421.4921875,1463.3410046865818
G07,5,SYTO,25584.4453125,1017.2863800724925
G07,6,CONC,8822.2900390625,192.8292338370186
G07,6,HOECHST,5847.0458984375,194.5968660694581
G07,6,MITO,106524.03125,4144.494353662402
G07,6,PHAandWGA,36842.2890625,1428.0167208700686
G07,6,SYTO,27515.296875,978.625725833829
G07,7,CONC,8906.8076171875,184.80922365837517
G07,7,HOECHST,5989.3515625,186.97673188278011
G07,7,MITO,109297.2890625,4050.1975536353925
G07,7,PHAandWGA,38026.7265625,1379.8213597505671
G07,7,SYTO,28726.84375,928.4355251614224
G07,8,CONC,8927.9345703125,175.97071095088077
G07,8,HOECHST,5949.10302734375,175.40883381965733
G07,8,MITO,109046.09375,3943.240182240284
G07,8,PHAandWGA,39030.15625,1337.5354450125483
G07,8,SYTO,29123.75390625,882.4777993377674
G07,9,CONC,8843.185546875,165.9780069329083
G07,9,HOECHST,5902.048828125,165.03684473662307
G07,9,MITO,110191.140625,3821.4924329094056
G07,9,PHAandWGA,39172.31640625,1291.8303946241372
G07,9,SYTO,29594.13671875,838.0689231864835
G07,10,CONC,8782.6689453125,156.83316468046826
G07,10,HOECHST,5915.3154296875,156.28692828789275
G07,10,MITO,110768.09375,3703.8421072352085
G07,10,PHAandWGA,39379.328125,1244.1067486468107
G07,10,SYTO,29007.611328125,792.3373476305522
G07,11,CONC,8804.560546875,149.3368223980532
G07,11,HOECHST,5875.3828125,147.01864995064835
G07,11,MITO,109522.5625,3573.9603125376975
G07,11,PHAandWGA,39543.7421875,1202.474264547226
G07,11,SYTO,28924.47265625,752.2687059167598
G07,12,CONC,8720.00390625,141.42286638209504
G07,12,HOECHST,5862.220703125,139.24233395662256
G07,12,MITO,110431.8203125,3469.0865304044937
G07,12,PHAandWGA,39437.5546875,1162.8076731623426
G07,12,SYTO,28362.57421875,715.4297638513113
G07,13,CONC,8695.828125,134.2900929055151
G07,13,HOECHST,5858.36328125,132.60348457720093
G07,13,MITO,109315.40625,3328.6407338884237
G07,13,PHAandWGA,39059.16015625,1123.7282760068626
G07,13,SYTO,27792.91796875,683.0222552869548
G07,14,CONC,8636.681640625,127.50678783318929
G07,14,HOECHST,5888.96484375,126.15142417155499
G07,14,MITO,109595.5,3206.0932264739254
G07,14,PHAandWGA,38980.8515625,1090.6636996059142
G07,14,SYTO,27475.126953125,650.7320511126118
G07,15,CONC,8669.826171875,120.85783217942503
G07,15,HOECHST,5939.08251953125,119.63048889914
G07,15,MITO,109983.5,3044.026607538519
G07,15,PHAandWGA,38953.2578125,1048.1500830431314
G07,15,SYTO,26923.53125,615.6368863321093
G08,0,CONC,4904.67138671875,110.30188158023292
G08,0,HOECHST,2281.76171875,58.207935451366765
G08,0,MITO,82643.7734375,3617.7715583532354
G08,0,PHAandWGA,23716.48828125,1026.2043565775562
G08,0,SYTO,12717.5546875,606.2907690322609
G08,1,CONC,5733.6650390625,172.47528967208962
G08,1,HOECHST,2631.86328125,95.5973473846537
G08,1,MITO,90673.1875,4770.855715084296
G08,1,PHAandWGA,26449.20703125,1381.207731859679
G08,1,SYTO,15835.0400390625,898.7103333269379
G08,2,CONC,6332.626953125,203.5197099972123
G08,2,HOECHST,2910.2197265625,112.33642107880809
G08,2,MITO,98687.5625,5319.532959414985
G08,2,PHAandWGA,29196.88671875,1581.463893191293
G08,2,SYTO,18495.55859375,1046.5587907385159
G08,3,CONC,6733.00634765625,210.7793744043874
G08,3,HOECHST,3129.62890625,118.95994714502953
G08,3,MITO,103388.765625,5438.145696597842
G08,3,PHAandWGA,31701.7890625,1671.623941510493
G08,3,SYTO,20995.98828125,1116.4923870986622
G08,4,CONC,7045.3408203125,211.86577663858247
G08,4,HOECHST,3294.59375,121.0781658699899
G08,4,MITO,106964.375,5364.612471017391
G08,4,PHAandWGA,34200.640625,1703.9095359661046
G08,4,SYTO,23167.0,1105.2826806723754
G08,5,CONC,7321.8876953125,209.92361735509192
G08,5,HOECHST,3446.72802734375,116.78151334313385
G08,5,MITO,111906.59375,5237.017131057947
G08,5,PHAandWGA,36301.5703125,1678.6293083793387
G08,5,SYTO,24905.37109375,1059.0150900153033
G08,6,CONC,7396.05078125,198.52410654429374
G08,6,HOECHST,3517.92138671875,108.74425047695192
G08,6,MITO,114178.3125,5039.195406951939
G08,6,PHAandWGA,37380.125,1604.2223452290852
G08,6,SYTO,25670.076171875,991.7705963048488
G08,7,CONC,7342.46533203125,183.52619765855326
G08,7,HOECHST,3554.64013671875,98.29819818195325
G08,7,MITO,114769.71875,4744.777387396482
G08,7,PHAandWGA,38941.3828125,1515.6512202092806
G08,7,SYTO,25810.7421875,908.0684136417766
G08,8,CONC,7289.99462890625,168.9833847601928
G08,8,HOECHST,3590.28857421875,90.85716221044977
G08,8,MITO,115827.3828125,4482.152098093396
G08,8,PHAandWGA,39643.0078125,1431.112114955969
G08,8,SYTO,26237.6328125,836.688630811511
G08,9,CONC,7255.90234375,154.64076573225248
G08,9,HOECHST,3574.7607421875,84.52351391945516
G08,9,MITO,115558.375,4242.275918114919
G08,9,PHAandWGA,39783.640625,1349.3752018893824
G08,9,SYTO,25868.0859375,773.6461555400658
G08,10,CONC,7098.52685546875,140.71421963596526
G08,10,HOECHST,3540.690185546875,76.99458167155525
G08,10,MITO,115283.359375,4045.9457890063036
G08,10,PHAandWGA,39477.71875,1288.9043465580528
G08,10,SYTO,24673.1015625,710.936161040456
G08,11,CONC,6977.7578125,129.42842450270587
G08,11,HOECHST,3497.506103515625,71.21243317556107
G08,11,MITO,114226.875,3844.989521987449
G08,11,PHAandWGA,39079.6015625,1237.514937872962
G08,11,SYTO,23549.826171875,661.5967869744964
G08,12,CONC,6914.92138671875,120.96725693513163
G08,12,HOECHST,3472.38671875,67.2804551307335
G08,12,MITO,113629.96875,3710.243739260814
G08,12,PHAandWGA,38672.09375,1196.818400352403
G08,12,SYTO,22595.49609375,626.1579941470546
G08,13,CONC,6854.125,113.79849762815788
G08,13,HOECHST,3462.54248046875,63.99312552659654
G08,13,MITO,112860.5703125,3548.6683532503985
G08,13,PHAandWGA,38180.328125,1154.7953705646858
G08,13,SYTO,21694.81640625,592.5389654055815
G08,14,CONC,6846.47119140625,107.45170659701284
G08,14,HOECHST,3472.251708984375,60.94060259115376
G08,14,MITO,112255.15625,3383.566176456737
G08,14,PHAandWGA,38000.296875,1110.874638127736
G08,14,SYTO,20893.66796875,557.0664636961121
G08,15,CONC,6862.470703125,101.64421428571208
G08,15,HOECHST,3490.167236328125,58.15768408027008
G08,15,MITO,111876.2578125,3212.000074045514
G08,15,PHAandWGA,37611.3671875,1068.8666075060805
G08,15,SYTO,20704.61328125,529.6725595503374
G09,0,CONC,4628.9990234375,84.62011085312511
G09,0,HOECHST,2488.864501953125,57.90902224163429
G09,0,MITO,64375.1640625,2611.835104742325
G09,0,PHAandWGA,20716.6484375,824.7554444305753
G09,0,SYTO,11414.4306640625,497.6376926033627
G09,1,CONC,4864.20556640625,97.36922116015589
G09,1,HOECHST,2617.75244140625,67.13653080749108
G09,1,MITO,66179.21875,2842.8997477143553
G09,1,PHAandWGA,21787.5546875,927.3823069750736
G09,1,SYTO,13008.19140625,575.0375745497546
G09,2,CONC,5120.3134765625,108.5016443949258
G09,2,HOECHST,2796.78271484375,76.43296690884492
G09,2,MITO,68478.7734375,3053.111678038059
G09,2,PHAandWGA,22878.9375,1016.8332142212355
G09,2,SYTO,14619.962890625,641.9209479789773
G09,3,CONC,5352.884765625,116.20498246563368
G09,3,HOECHST,2936.42138671875,82.9053650957589
G09,3,MITO,71938.8515625,3210.2299281458268
G09,3,PHAandWGA,24398.916015625,1083.278797492186
G09,3,SYTO,15894.234375,682.4864213896595
G09,4,CONC,5510.50537109375,120.41330244427428
G09,4,HOECHST,3073.156982421875,86.83555622471576
G09,4,MITO,74262.9609375,3302.8786278552957
G09,4,PHAandWGA,25797.625,1120.6400764023788
G09,4,SYTO,16933.052734375,699.4345813852383
G09,5,CONC,5664.1240234375,121.87673878240935
G09,5,HOECHST,3168.40869140625,87.45215237439368
G09,5,MITO,75569.3046875,3349.5217576237833
G09,5,PHAandWGA,26409.302734375,1140.4666940145464
G09,5,SYTO,17607.935546875,702.4362427742011
G09,6,CONC,5787.0107421875,120.8052183950308
G09,6,HOECHST,3253.024169921875,86.97623201286278
G09,6,MITO,77344.7890625,3352.947656836002
G09,6,PHAandWGA,27475.8125,1146.2188105486325
G09,6,SYTO,18118.984375,692.468737231914
G09,7,CONC,5897.564453125,118.9703146144489
G09,7,HOECHST,3326.663818359375,85.69475819858671
G09,7,MITO,79148.6875,3330.2066009333384
G09,7,PHAandWGA,28211.77734375,1135.8722750473457
G09,7,SYTO,18112.89453125,674.159843694587
G09,8,CONC,6000.36865234375,116.94414566360953
G09,8,HOECHST,3382.68798828125,83.36723815544187
G09,8,MITO,80469.890625,3304.1013411044537
G09,8,PHAandWGA,28944.61328125,1120.883546449272
G09,8,SYTO,18085.53515625,654.851939184072
G09,9,CONC,6090.71142578125,115.07252499601012
G09,9,HOECHST,3471.682861328125,81.9468009202934
G09,9,MITO,82429.953125,3256.317302159853
G09,9,PHAandWGA,29387.734375,1107.7513579794959
G09,9,SYTO,18085.505859375,635.5487643762442
G09,10,CONC,6207.78515625,113.37982006986283
G09,10,HOECHST,3524.7333984375,80.33969666712883
G09,10,MITO,83345.390625,3212.3929899613972
G09,10,PHAandWGA,30483.279296875,1089.1448352594648
G09,10,SYTO,18014.89453125,617.2928767151029
G09,11,CONC,6294.908203125,110.82376827012655
G09,11,HOECHST,3564.221435546875,78.69463467479753
G09,11,MITO,84640.4375,3155.1512086014714
G09,11,PHAandWGA,30787.1875,1065.934693991372
G09,11,SYTO,17978.994140625,596.7304281079712
G09,12,CONC,6364.7587890625,107.9168133016732
G09,12,HOECHST,3623.291259765625,76.68722231588521
G09,12,MITO,85474.171875,3089.3499439950538
G09,12,PHAandWGA,30933.478515625,1041.7908499843513
G09,12,SYTO,18016.5546875,576.6041974976323
G09,13,CONC,6390.9287109375,104.69246284029907
G09,13,HOECHST,3662.197265625,74.43806340219354
G09,13,MITO,86409.7421875,3017.135411161448
G09,13,PHAandWGA,31453.421875,1014.4624703728884
G09,13,SYTO,17947.818359375,555.1650194881788
G09,14,CONC,6492.58935546875,101.55331720871952
G09,14,HOECHST,3715.99462890625,72.37743942675301
G09,14,MITO,87549.4140625,2939.941696315725
G09,14,PHAandWGA,31932.005859375,988.072567824397
G09,14,SYTO,18044.068359375,534.2168954251351
G09,15,CONC,6583.349609375,98.32033311971686
G09,15,HOECHST,3771.041748046875,69.92906510861252
G09,15,MITO,89013.703125,2852.7803050408143
G09,15,PHAandWGA,31851.625,957.3487259198153
G09,15,SYTO,18014.138671875,511.8319160031378
G10,0,CONC,2745.85986328125,63.5168127808674
G10,0,HOECHST,1482.07421875,30.414953690563568
G10,0,MITO,39999.2734375,2551.1999706022093
G10,0,PHAandWGA,8602.6474609375,480.16750717120567
G10,0,SYTO,4262.60546875,219.02690709433824
G10,1,CONC,2846.762451171875,68.93669555903041
G10,1,HOECHST,1536.894775390625,33.350208357890324
G10,1,MITO,40460.6640625,2642.230265622403
G10,1,PHAandWGA,8986.662109375,510.0965655019623
G10,1,SYTO,4453.0576171875,234.5367136987579
G10,2,CONC,2971.232421875,74.11441788445295
G10,2,HOECHST,1600.155517578125,36.18435845208024
G10,2,MITO,41785.96875,2765.2337045971212
G10,2,PHAandWGA,9493.4013671875,541.7028642922836
G10,2,SYTO,4633.6220703125,249.82737410899597
G10,3,CONC,3049.6103515625,78.16294836148374
G10,3,HOECHST,1653.107177734375,38.59728729051098
G10,3,MITO,42720.203125,2842.371702261364
G10,3,PHAandWGA,9991.845703125,565.8278061306959
G10,3,SYTO,4835.82080078125,261.5764685154066
G10,4,CONC,3155.68310546875,80.56463308593978
G10,4,HOECHST,1708.8497314453125,40.0859236907123
G10,4,MITO,43651.328125,2875.408042824716
G10,4,PHAandWGA,10396.69140625,582.2479576040752
G10,4,SYTO,4998.814453125,269.16320569535804
G10,5,CONC,3241.59619140625,82.0121736217221
G10,5,HOECHST,1746.166015625,41.02201010988201
G10,5,MITO,44806.046875,2861.405136596389
G10,5,PHAandWGA,10825.568359375,590.4133575880326
G10,5,SYTO,5091.626953125,272.4952315441081
G10,6,CONC,3320.809814453125,82.76556386665108
G10,6,HOECHST,1775.133056640625,41.62961808226479
G10,6,MITO,45861.92578125,2866.6852683751154
G10,6,PHAandWGA,11011.7490234375,593.4283328417139
G10,6,SYTO,5255.60986328125,273.9977297916009
G10,7,CONC,3417.37451171875,83.22263266545696
G10,7,HOECHST,1821.0576171875,41.907953137793804
G10,7,MITO,46873.62890625,2847.8790233322447
G10,7,PHAandWGA,11228.318359375,592.8429554934161
G10,7,SYTO,5351.77685546875,273.1315732122087
G10,8,CONC,3485.47802734375,83.31672399271375
G10,8,HOECHST,1858.5391845703125,42.01860107317826
G10,8,MITO,48006.71484375,2816.4882460869926
G10,8,PHAandWGA,11479.12890625,589.752510770388
G10,8,SYTO,5509.61669921875,271.1072297271382
G10,9,CONC,3560.569580078125,82.84378547015255
G10,9,HOECHST,1899.60107421875,41.83238926368106
G10,9,MITO,48288.45703125,2761.303593783347
G10,9,PHAandWGA,11725.33203125,583.183694366407
G10,9,SYTO,5613.17578125,267.91737426830895
G10,10,CONC,3631.28564453125,81.8795772759873
G10,10,HOECHST,1938.55126953125,41.43578435799149
G10,10,MITO,49314.46875,2697.93697993829
G10,10,PHAandWGA,11865.205078125,572.9988361731295
G10,10,SYTO,5708.3857421875,262.8054295863589
G10,11,CONC,3673.48876953125,80.57974423358783
G10,11,HOECHST,1971.277099609375,40.821860238446995
G10,11,MITO,50029.8203125,2641.1924800838533
G10,11,PHAandWGA,12002.9501953125,560.8902228986447
G10,11,SYTO,5817.623046875,257.2099872173771
G10,12,CONC,3743.467041015625,79.06326120885907
G10,12,HOECHST,1999.1905517578125,40.07946419992815
G10,12,MITO,51076.640625,2570.217475605668
G10,12,PHAandWGA,12037.1474609375,547.0212718122422
G10,12,SYTO,5890.19921875,250.76113748681408
G10,13,CONC,3799.8515625,77.22013661001392
G10,13,HOECHST,2035.640625,39.06656296994942
G10,13,MITO,51193.96484375,2483.666222744547
G10,13,PHAandWGA,12192.24609375,532.7747714619723
G10,13,SYTO,5997.78271484375,243.83031880665658
G10,14,CONC,3852.72412109375,75.095961388211
G10,14,HOECHST,2066.906005859375,38.057689537386345
G10,14,MITO,52698.75,2414.082167124345
G10,14,PHAandWGA,12347.923828125,517.6580719347043
G10,14,SYTO,6106.6162109375,235.65319702699043
G10,15,CONC,3917.05419921875,72.80147642601233
G10,15,HOECHST,2104.7666015625,36.84439426801123
G10,15,MITO,53077.52734375,2301.1977685743245
G10,15,PHAandWGA,12357.125,499.22246440432264
G10,15,SYTO,6164.88623046875,227.01276623721245
G11,0,CONC,2770.7158203125,80.8887754699055
G11,0,HOECHST,1608.597412109375,48.04196373605255
G11,0,MITO,36099.13671875,3083.0766697971894
G11,0,PHAandWGA,9096.6123046875,617.4049499998018
G11,0,SYTO,4485.21484375,326.865125855879
G11,1,CONC,2957.955078125,104.23663825758088
G11,1,HOECHST,1702.047607421875,61.2083098897785
G11,1,MITO,37389.8203125,3550.240398580332
G11,1,PHAandWGA,10126.2412109375,761.6314977788497
G11,1,SYTO,4911.744140625,406.38537495221874
G11,2,CONC,3233.436767578125,138.24249418301088
G11,2,HOECHST,1883.1588134765625,84.03300532936
G11,2,MITO,40281.17578125,4216.376855731912
G11,2,PHAandWGA,11219.71875,951.1757808052322
G11,2,SYTO,5652.8798828125,528.7896937687348
G11,3,CONC,3473.474853515625,165.29738631233766
G11,3,HOECHST,2063.13427734375,105.9664761035504
G11,3,MITO,42464.27734375,4725.322046730766
G11,3,PHAandWGA,12473.8115234375,1111.200987219528
G11,3,SYTO,6739.2900390625,640.512219958591
G11,4,CONC,3623.88720703125,177.07774215803715
G11,4,HOECHST,2196.093505859375,118.87776474755012
G11,4,MITO,44193.828125,4917.858103654306
G11,4,PHAandWGA,13249.0830078125,1191.3350161657595
G11,4,SYTO,7370.91162109375,696.2755392893939
G11,5,CONC,3749.38134765625,181.04500257711996
G11,5,HOECHST,2266.843994140625,123.8317104770987
G11,5,MITO,45252.984375,5022.634288582641
G11,5,PHAandWGA,13898.0810546875,1237.3785289870991
G11,5,SYTO,7493.8115234375,710.4063253197316
G11,6,CONC,3817.175048828125,180.9470304271181
G11,6,HOECHST,2313.9970703125,123.39304804061169
G11,6,MITO,46526.84375,5080.64414101941
G11,6,PHAandWGA,14547.197265625,1250.7281865167693
G11,6,SYTO,7357.796875,701.7615275759022
G11,7,CONC,3855.404052734375,178.98452695471968
G11,7,HOECHST,2336.85107421875,121.71500899647667
G11,7,MITO,46757.90625,5071.466550572618
G11,7,PHAandWGA,14973.177734375,1244.6284086376288
G11,7,SYTO,7394.1611328125,690.2619900967468
G11,8,CONC,3869.27294921875,176.41487578227247
G11,8,HOECHST,2344.244873046875,118.15803442295669
G11,8,MITO,48065.5390625,5066.440957973586
G11,8,PHAandWGA,15564.3193359375,1229.7847761095004
G11,8,SYTO,7225.5166015625,669.2389082152071
G11,9,CONC,3898.6435546875,172.08623527362616
G11,9,HOECHST,2344.32470703125,113.25745024235277
G11,9,MITO,48469.41015625,5034.040155265247
G11,9,PHAandWGA,15531.44921875,1199.230386553709
G11,9,SYTO,7128.849609375,643.0569325029855
G11,10,CONC,3921.1025390625,166.4812696248509
G11,10,HOECHST,2346.85693359375,108.0737133056543
G11,10,MITO,48754.4296875,4954.085706138024
G11,10,PHAandWGA,15514.1982421875,1162.6414048615463
G11,10,SYTO,7062.5126953125,617.2509316903888
G11,11,CONC,3929.267333984375,160.17576654364262
G11,11,HOECHST,2348.237060546875,102.96413916294172
G11,11,MITO,48948.53515625,4830.029130069892
G11,11,PHAandWGA,15820.466796875,1122.64917607726
G11,11,SYTO,7011.73681640625,587.4574978072608
G11,12,CONC,3956.2109375,154.1919497389162
G11,12,HOECHST,2378.311767578125,98.70494924732795
G11,12,MITO,49328.515625,4696.649199359083
G11,12,PHAandWGA,15780.3046875,1081.574646338881
G11,12,SYTO,7023.53759765625,560.7962942394873
G11,13,CONC,4005.418212890625,147.3743973061417
G11,13,HOECHST,2380.65478515625,93.98097964967793
G11,13,MITO,49563.9609375,4514.166392383671
G11,13,PHAandWGA,15497.740234375,1032.336800680097
G11,13,SYTO,7049.67919921875,529.2468939817652
G11,14,CONC,4034.0517578125,140.611028976308
G11,14,HOECHST,2408.12255859375,89.07296848762837
G11,14,MITO,49953.46875,4318.131247824911
G11,14,PHAandWGA,15436.8046875,979.0123430467437
G11,14,SYTO,7091.6142578125,497.80032071218744
G11,15,CONC,4090.22802734375,134.19587871183586
G11,15,HOECHST,2426.062255859375,84.48234594217529
G11,15,MITO,51026.0,4133.89424056123
G11,15,PHAandWGA,15478.349609375,925.9993292181006
G11,15,SYTO,7109.6240234375,467.1305234855592
G12,0,CONC,7534.75,129.37662539766558
G12,0,HOECHST,3591.611328125,86.33046366554437
G12,0,MITO,91738.2578125,2636.695574660531
G12,0,PHAandWGA,32408.720703125,1029.0165434364185
G12,0,SYTO,20184.48828125,731.8218268037854
G12,1,CONC,8971.7587890625,220.0638214056659
G12,1,HOECHST,4159.12158203125,147.59423441845286
G12,1,MITO,100246.78125,3678.625296717258
G12,1,PHAandWGA,35686.6484375,1438.221210147944
G12,1,SYTO,24015.1171875,1136.6880951205305
G12,2,CONC,9948.8876953125,260.1482543975766
G12,2,HOECHST,4690.41845703125,182.04358520413595
G12,2,MITO,106773.65625,4137.386591703214
G12,2,PHAandWGA,38896.4921875,1676.0723094722887
G12,2,SYTO,27163.87109375,1336.4107746338411
G12,3,CONC,10642.796875,274.37187662609824
G12,3,HOECHST,5026.6904296875,200.54121879906052
G12,3,MITO,112537.171875,4299.348593080224
G12,3,PHAandWGA,42154.421875,1771.1614508706582
G12,3,SYTO,29965.89453125,1403.466264902857
G12,4,CONC,11173.97265625,270.10896315795077
G12,4,HOECHST,5453.87841796875,207.8055780540334
G12,4,MITO,117022.9765625,4304.034742993001
G12,4,PHAandWGA,45033.734375,1790.4526347494964
G12,4,SYTO,32641.58984375,1405.0327998507762
G12,5,CONC,11611.5478515625,255.43741058598937
G12,5,HOECHST,5717.7060546875,199.52049893166722
G12,5,MITO,122593.9765625,4216.6326699579695
G12,5,PHAandWGA,48034.2890625,1766.9325275598212
G12,5,SYTO,34940.375,1343.4844168123973
G12,6,CONC,11966.986328125,240.74284652885774
G12,6,HOECHST,6031.888671875,195.095432163906
G12,6,MITO,128728.3828125,4122.494707961051
G12,6,PHAandWGA,50786.9296875,1703.4969322531126
G12,6,SYTO,37094.11328125,1271.9372386608084
G12,7,CONC,12117.50390625,222.83507408287352
G12,7,HOECHST,6239.8564453125,186.7846785654415
G12,7,MITO,132687.109375,3963.434410155664
G12,7,PHAandWGA,51863.3125,1617.157821669528
G12,7,SYTO,38704.15625,1186.9037710090806
G12,8,CONC,12144.8115234375,201.4768676838849
G12,8,HOECHST,6290.65966796875,170.11508373441703
G12,8,MITO,136372.578125,3776.51360681553
G12,8,PHAandWGA,53839.29296875,1516.2101988216082
G12,8,SYTO,39693.265625,1085.6873098457406
G12,9,CONC,11991.63671875,181.65996968937222
G12,9,HOECHST,6151.54443359375,147.3769878274799
G12,9,MITO,135807.25,3586.3919155230633
G12,9,PHAandWGA,54153.1015625,1421.5553464498769
G12,9,SYTO,40589.1875,986.0464761875356
G12,10,CONC,11674.65234375,163.99759638577373
G12,10,HOECHST,6038.09228515625,132.3877952417104
G12,10,MITO,135558.65625,3370.289029710092
G12,10,PHAandWGA,53948.97265625,1345.592709048699
G12,10,SYTO,39992.6640625,914.0789938607694
G12,11,CONC,11395.134765625,148.24650553468578
G12,11,HOECHST,5965.30224609375,120.75455194058839
G12,11,MITO,134067.46875,3187.3263680713776
G12,11,PHAandWGA,53787.40234375,1279.9431802723736
G12,11,SYTO,39043.0,850.8212531020881
G12,12,CONC,11199.3427734375,135.60765830179346
G12,12,HOECHST,5970.0,112.28982883178851
G12,12,MITO,134995.875,3030.1481926738015
G12,12,PHAandWGA,54365.984375,1211.1113944287592
G12,12,SYTO,38398.5859375,786.0094231928986
G12,13,CONC,11100.9169921875,125.3100879878358
G12,13,HOECHST,5962.12060546875,104.99505747355462
G12,13,MITO,133549.890625,2847.8794856103355
G12,13,PHAandWGA,53774.04296875,1146.706652797608
G12,13,SYTO,38417.1875,728.5525702899689
G12,14,CONC,11007.228515625,117.40074349838363
G12,14,HOECHST,5972.8037109375,98.93193728514876
G12,14,MITO,134252.125,2710.2961307341707
G12,14,PHAandWGA,53898.8203125,1095.187511019266
G12,14,SYTO,37518.38671875,683.1173518445551
G12,15,CONC,10972.10546875,110.62692676153637
G12,15,HOECHST,5942.67236328125,93.7566719666088
G12,15,MITO,135071.984375,2596.296481721949
G12,15,PHAandWGA,54099.4140625,1052.734579033779
G12,15,SYTO,37017.15625,644.7221680530693
G13,0,CONC,1682.0657958984375,81.65452468597657
G13,0,HOECHST,1740.798095703125,125.68880204909989
G13,0,MITO,36630.6328125,6268.902243484205
G13,0,PHAandWGA,7397.1181640625,895.9067736285512
G13,0,SYTO,3847.396484375,467.5152270108476
G13,1,CONC,1963.529296875,123.61195403185643
G13,1,HOECHST,2096.985595703125,204.1429584278061
G13,1,MITO,40693.078125,7903.48351242503
G13,1,PHAandWGA,8994.193359375,1245.3063308250587
G13,1,SYTO,5304.8935546875,709.1317709706348
G13,2,CONC,2163.40478515625,147.52888093711906
G13,2,HOECHST,2392.548828125,246.94294530515273
G13,2,MITO,45263.42578125,8696.47279365879
G13,2,PHAandWGA,10613.806640625,1461.9874947423077
G13,2,SYTO,6571.78515625,842.6092223359134
G13,3,CONC,2303.715087890625,154.9289889385831
G13,3,HOECHST,2589.4482421875,265.3867451557493
G13,3,MITO,46833.0,8858.806087773126
G13,3,PHAandWGA,11584.0498046875,1544.3655015178128
G13,3,SYTO,7091.6708984375,881.8701804239068
G13,4,CONC,2359.10888671875,152.85481078800893
G13,4,HOECHST,2664.951904296875,260.4679840299391
G13,4,MITO,48511.37109375,8587.917265118313
G13,4,PHAandWGA,12437.7392578125,1556.5347393414045
G13,4,SYTO,6904.2109375,855.8222568063271
G13,5,CONC,2376.02490234375,145.64950389459062
G13,5,HOECHST,2616.5029296875,238.91945831693943
G13,5,MITO,49676.125,8372.985689140769
G13,5,PHAandWGA,13068.5751953125,1512.1859993969797
G13,5,SYTO,6321.0703125,794.8132993220228
G13,6,CONC,2357.555419921875,136.3146431353917
G13,6,HOECHST,2585.57666015625,218.21492173003648
G13,6,MITO,49253.0546875,8033.6100600246555
G13,6,PHAandWGA,12969.044921875,1448.249284461862
G13,6,SYTO,5946.96240234375,737.8673514079294
G13,7,CONC,2292.245361328125,125.8347840010394
G13,7,HOECHST,2501.509765625,194.63318486837906
G13,7,MITO,48301.25,7674.852200531763
G13,7,PHAandWGA,12978.6708984375,1368.0696113128367
G13,7,SYTO,5617.853515625,675.4476247972044
G13,8,CONC,2246.318359375,114.72660535236743
G13,8,HOECHST,2399.6787109375,172.9655527765791
G13,8,MITO,47042.4921875,7302.93033204403
G13,8,PHAandWGA,12604.548828125,1275.5533458027483
G13,8,SYTO,5313.9765625,618.2401514315586
G13,9,CONC,2181.99853515625,104.57585066269857
G13,9,HOECHST,2328.064697265625,154.0924384793331
G13,9,MITO,45975.9921875,6876.0548916534835
G13,9,PHAandWGA,11959.9384765625,1180.274236726756
G13,9,SYTO,5080.77294921875,565.8226125973113
G13,10,CONC,2123.1865234375,95.5537240402879
G13,10,HOECHST,2268.30126953125,137.8496458995441
G13,10,MITO,44750.1328125,6479.03017859317
G13,10,PHAandWGA,11539.693359375,1086.9823991468957
G13,10,SYTO,4941.48046875,514.5136809670627
G13,11,CONC,2076.8017578125,87.13565112784951
G13,11,HOECHST,2230.15478515625,124.14830378949004
G13,11,MITO,43385.703125,5963.112889195723
G13,11,PHAandWGA,10964.849609375,994.276210206864
G13,11,SYTO,4752.46484375,465.2622533564969
G13,12,CONC,2065.23779296875,79.79288206653433
G13,12,HOECHST,2201.763916015625,112.10048248007422
G13,12,MITO,43073.75,5529.699284487238
G13,12,PHAandWGA,10547.77734375,900.6501017792403
G13,12,SYTO,4678.73291015625,421.06657825321594
G13,13,CONC,2036.8739013671875,72.80329535603629
G13,13,HOECHST,2214.31298828125,101.50627405111544
G13,13,MITO,41846.1875,4962.984838730271
G13,13,PHAandWGA,10040.283203125,803.5160108433057
G13,13,SYTO,4607.5107421875,377.77513386227173
G13,14,CONC,2059.98779296875,67.01795307799006
G13,14,HOECHST,2228.86328125,92.69131014774456
G13,14,MITO,41855.13671875,4421.946428457947
G13,14,PHAandWGA,9618.8037109375,714.7797972067129
G13,14,SYTO,4585.66162109375,341.6400996999315
G13,15,CONC,2085.215087890625,61.63106940759363
G13,15,HOECHST,2249.145263671875,85.10174806277618
G13,15,MITO,42058.34375,3912.2676110430566
G13,15,PHAandWGA,9266.24609375,626.9894865563691
G13,15,SYTO,4608.5830078125,307.2350054992831
G14,0,CONC,4915.0517578125,89.70009182354755
G14,0,HOECHST,3781.074951171875,107.56105038032608
G14,0,MITO,83206.2421875,3258.2718597159815
G14,0,PHAandWGA,26520.203125,949.7759430469752
G14,0,SYTO,14571.03515625,575.919755786986
G14,1,CONC,5455.45166015625,126.12851280697492
G14,1,HOECHST,4274.18212890625,162.16518553134864
G14,1,MITO,90436.171875,4005.258570865216
G14,1,PHAandWGA,28456.064453125,1193.9734485145257
G14,1,SYTO,17141.884765625,798.4670365130197
G14,2,CONC,6005.3369140625,148.7257783673068
G14,2,HOECHST,4733.041015625,193.8967939735389
G14,2,MITO,96242.328125,4439.948619969402
G14,2,PHAandWGA,30986.931640625,1392.403556701281
G14,2,SYTO,20167.7578125,945.0894250850774
G14,3,CONC,6432.41259765625,157.32133979222994
G14,3,HOECHST,5180.1396484375,214.22863366836592
G14,3,MITO,102528.03125,4608.239093371308
G14,3,PHAandWGA,33579.98046875,1514.930169371953
G14,3,SYTO,22338.3515625,1015.2550896589765
G14,4,CONC,6721.6796875,156.5026217356301
G14,4,HOECHST,5466.26904296875,215.4085678158634
G14,4,MITO,107162.921875,4642.984918989215
G14,4,PHAandWGA,35590.3359375,1565.6681041745587
G14,4,SYTO,24497.796875,1019.052174644078
G14,5,CONC,6838.1484375,151.93704859827864
G14,5,HOECHST,5593.8837890625,208.5021556225119
G14,5,MITO,109336.609375,4593.214400938094
G14,5,PHAandWGA,37261.12109375,1573.372501783888
G14,5,SYTO,26133.30859375,990.4522689284229
G14,6,CONC,6965.71923828125,146.26439915831625
G14,6,HOECHST,5719.94091796875,200.38603915739571
G14,6,MITO,111683.9765625,4528.5625558878
G14,6,PHAandWGA,39138.47265625,1561.7120885522781
G14,6,SYTO,26909.046875,954.9833159875833
G14,7,CONC,7010.4443359375,138.73730916182203
G14,7,HOECHST,5830.40576171875,191.63681194571745
G14,7,MITO,114211.90625,4382.720564986514
G14,7,PHAandWGA,40832.0234375,1523.5112753859996
G14,7,SYTO,28001.8671875,907.5718035578378
G14,8,CONC,7110.0146484375,132.19716771030528
G14,8,HOECHST,5970.61328125,185.01063617780937
G14,8,MITO,117899.3046875,4267.019691130241
G14,8,PHAandWGA,42260.1796875,1469.952664724635
G14,8,SYTO,29506.171875,860.423011131853
G14,9,CONC,7187.9892578125,127.04177650165576
G14,9,HOECHST,6094.66357421875,177.2443725476194
G14,9,MITO,117408.203125,4148.958972257256
G14,9,PHAandWGA,42709.94921875,1419.726398789728
G14,9,SYTO,29857.3671875,817.2140253216089
G14,10,CONC,7169.6025390625,121.84525614600852
G14,10,HOECHST,6168.5302734375,169.43095700943354
G14,10,MITO,120216.921875,4056.079267958672
G14,10,PHAandWGA,43676.8671875,1376.3617407212025
G14,10,SYTO,30157.6953125,781.2332507759739
G14,11,CONC,7233.083984375,116.54786703532926
G14,11,HOECHST,6152.388671875,160.8306954071182
G14,11,MITO,120880.96875,3932.774348108642
G14,11,PHAandWGA,44038.765625,1334.0243983904913
G14,11,SYTO,30448.3984375,743.7014954911668
G14,12,CONC,7237.6025390625,111.28872124023478
G14,12,HOECHST,6192.8193359375,152.76248650776665
G14,12,MITO,121598.75,3829.0073399409744
G14,12,PHAandWGA,44193.8671875,1295.4519066662037
G14,12,SYTO,29868.623046875,707.0108377442283
G14,13,CONC,7275.67919921875,106.27149066870321
G14,13,HOECHST,6200.353515625,145.38483790941694
G14,13,MITO,122946.5,3709.585954944507
G14,13,PHAandWGA,45183.55078125,1259.1940302576813
G14,13,SYTO,28990.92578125,671.8704065936256
G14,14,CONC,7307.7431640625,101.9568323426043
G14,14,HOECHST,6227.5771484375,138.99108652429348
G14,14,MITO,121928.8203125,3577.814176500008
G14,14,PHAandWGA,45504.5,1227.673562485163
G14,14,SYTO,28870.478515625,641.9292558223868
G14,15,CONC,7343.2314453125,97.64783862370928
G14,15,HOECHST,6304.74169921875,132.34173249750768
G14,15,MITO,124045.046875,3447.108943539378
G14,15,PHAandWGA,45374.171875,1184.082557480246
G14,15,SYTO,28566.54296875,609.3124876323261
G15,0,CONC,1915.83056640625,85.92934437387223
G15,0,HOECHST,1784.12353515625,106.26070114588788
G15,0,MITO,41468.515625,5807.3621266723385
G15,0,PHAandWGA,9655.18359375,1036.7941265408813
G15,0,SYTO,4574.33984375,490.39981718181184
G15,1,CONC,2206.04736328125,123.53719881522194
G15,1,HOECHST,2136.162353515625,171.54209005918912
G15,1,MITO,45837.421875,7171.443649251179
G15,1,PHAandWGA,11505.28515625,1411.0260226201194
G15,1,SYTO,6229.4716796875,726.4872654097467
G15,2,CONC,2423.604248046875,139.63500818720217
G15,2,HOECHST,2363.18408203125,197.15017105118562
G15,2,MITO,49499.91015625,7592.5269093989655
G15,2,PHAandWGA,13290.2890625,1622.8169487028485
G15,2,SYTO,7311.810546875,821.0794865077162
G15,3,CONC,2532.4462890625,143.42983102673645
G15,3,HOECHST,2536.4833984375,210.46154234759842
G15,3,MITO,51897.3515625,7659.526597905239
G15,3,PHAandWGA,14456.0234375,1675.8575435736038
G15,3,SYTO,7861.8076171875,845.8029207894853
G15,4,CONC,2601.873046875,140.20485504103686
G15,4,HOECHST,2595.43505859375,201.15712185011566
G15,4,MITO,53532.3984375,7569.220073577218
G15,4,PHAandWGA,15374.5927734375,1692.913771884654
G15,4,SYTO,7730.533203125,820.7383978291899
G15,5,CONC,2623.32861328125,134.76020338396236
G15,5,HOECHST,2612.99462890625,192.58664242764203
G15,5,MITO,54136.3125,7420.639097690288
G15,5,PHAandWGA,15781.6494140625,1673.1626377601215
G15,5,SYTO,7475.5009765625,783.9724330674788
G15,6,CONC,2605.187255859375,128.51457232119185
G15,6,HOECHST,2556.63671875,172.58924705986743
G15,6,MITO,53580.9765625,7202.721028130786
G15,6,PHAandWGA,16053.537109375,1637.928291533273
G15,6,SYTO,6928.853515625,732.2402812755909
G15,7,CONC,2560.859375,120.24163003628217
G15,7,HOECHST,2492.2666015625,155.17900150434403
G15,7,MITO,53553.1875,7050.049547967858
G15,7,PHAandWGA,15937.103515625,1582.1607989215702
G15,7,SYTO,6596.1455078125,679.6728228673096
G15,8,CONC,2526.068359375,112.35979344191043
G15,8,HOECHST,2443.000244140625,144.8389913051297
G15,8,MITO,52756.96875,6799.800960684971
G15,8,PHAandWGA,15294.701171875,1493.6048652387874
G15,8,SYTO,6310.8896484375,636.2502276735416
G15,9,CONC,2455.10400390625,104.07926082707536
G15,9,HOECHST,2410.845947265625,134.18776644160326
G15,9,MITO,51876.8828125,6471.136379909346
G15,9,PHAandWGA,15282.775390625,1405.0637148704927
G15,9,SYTO,6082.84375,592.3783494734118
G15,10,CONC,2423.30078125,96.52317772859719
G15,10,HOECHST,2369.720947265625,122.39214694216068
G15,10,MITO,51090.55859375,6148.897087096177
G15,10,PHAandWGA,14537.4775390625,1320.383633162004
G15,10,SYTO,5923.88525390625,547.6881386442495
G15,11,CONC,2380.0478515625,89.0519640622895
G15,11,HOECHST,2335.889892578125,111.76199952561117
G15,11,MITO,50457.0859375,5735.993973731698
G15,11,PHAandWGA,14371.552734375,1225.1553627200153
G15,11,SYTO,5762.6943359375,502.84309036274885
G15,12,CONC,2360.4326171875,82.29596941218091
G15,12,HOECHST,2312.189453125,102.27982355865663
G15,12,MITO,50053.66015625,5378.516692348914
G15,12,PHAandWGA,13896.6279296875,1128.6253849931866
G15,12,SYTO,5722.6962890625,459.3220255763
G15,13,CONC,2358.404052734375,76.17106578224913
G15,13,HOECHST,2327.13818359375,93.37525091854481
G15,13,MITO,49816.54296875,4941.743779492273
G15,13,PHAandWGA,13538.0576171875,1032.7957481620087
G15,13,SYTO,5629.31640625,419.78725740207096
G15,14,CONC,2372.80078125,70.83326099153135
G15,14,HOECHST,2333.794921875,86.35435039471172
G15,14,MITO,49357.51953125,4505.21385931768
G15,14,PHAandWGA,13138.7236328125,934.6637782003002
G15,14,SYTO,5621.93359375,384.33075549915617
G15,15,CONC,2392.345703125,65.62322249806486
G15,15,HOECHST,2356.20361328125,79.30270188586998
G15,15,MITO,48749.3359375,4031.370034591374
G15,15,PHAandWGA,12856.123046875,835.7737520536239
G15,15,SYTO,5634.60595703125,349.6347604708942
G16,0,CONC,1281.5159912109375,62.00408544446079
G16,0,HOECHST,1287.4993896484375,83.11759784999033
G16,0,MITO,21866.1796875,4828.444101346574
G16,0,PHAandWGA,4142.5244140625,481.6366686689835
G16,0,SYTO,2190.781494140625,269.2960677800533
G16,1,CONC,1384.38818359375,81.49193152877048
G16,1,HOECHST,1440.817626953125,115.23714269010621
G16,1,MITO,22878.1640625,5483.970677621101
G16,1,PHAandWGA,4878.326171875,628.3160883651234
G16,1,SYTO,2484.712646484375,354.8250882097169
G16,2,CONC,1489.4466552734375,95.131856123392
G16,2,HOECHST,1548.065185546875,136.95672557205242
G16,2,MITO,24633.03125,5964.063937635565
G16,2,PHAandWGA,5530.966796875,720.8263307647879
G16,2,SYTO,2723.865234375,412.4117069232659
G16,3,CONC,1559.563720703125,101.65228848944939
G16,3,HOECHST,1607.962890625,142.94427605101336
G16,3,MITO,25498.53125,6218.385023899596
G16,3,PHAandWGA,5905.22265625,772.5564618939787
G16,3,SYTO,2863.8896484375,437.85058768033963
G16,4,CONC,1590.023681640625,103.69280343103519
G16,4,HOECHST,1636.5347900390625,140.81307849800194
G16,4,MITO,26272.646484375,6263.198573098837
G16,4,PHAandWGA,6089.009765625,783.6653237655565
G16,4,SYTO,2965.7880859375,439.4236836704589
G16,5,CONC,1602.624267578125,102.71374189618754
G16,5,HOECHST,1664.9757080078125,136.3765313212321
G16,5,MITO,26302.67578125,6213.814205394094
G16,5,PHAandWGA,6104.09423828125,767.9028570312438
G16,5,SYTO,3001.090087890625,430.25494633171843
G16,6,CONC,1614.879150390625,99.84819339948396
G16,6,HOECHST,1641.3763427734375,128.68509637912953
G16,6,MITO,26327.365234375,6090.238904215218
G16,6,PHAandWGA,5912.45361328125,741.811407526982
G16,6,SYTO,2968.3759765625,411.124872671229
G16,7,CONC,1599.1533203125,95.45262153959825
G16,7,HOECHST,1625.924560546875,118.84022849315855
G16,7,MITO,26534.599609375,5917.5868181885335
G16,7,PHAandWGA,5684.64013671875,701.902234119433
G16,7,SYTO,2910.84326171875,388.1123007019908
G16,8,CONC,1589.4365234375,90.37141454737639
G16,8,HOECHST,1592.6148681640625,109.4170628406332
G16,8,MITO,25989.703125,5640.860136387267
G16,8,PHAandWGA,5418.130859375,659.5860784056651
G16,8,SYTO,2843.56298828125,360.9351379899337
G16,9,CONC,1576.512451171875,84.47247610319438
G16,9,HOECHST,1575.0162353515625,99.93479312465564
G16,9,MITO,25712.875,5307.090682568465
G16,9,PHAandWGA,5133.458984375,605.2544058378435
G16,9,SYTO,2789.0888671875,333.40249401565006
G16,10,CONC,1561.3970947265625,78.66988204764944
G16,10,HOECHST,1551.770263671875,91.15836812116005
G16,10,MITO,25249.04296875,4968.086520994455
G16,10,PHAandWGA,4846.3232421875,553.4351635815274
G16,10,SYTO,2731.5947265625,304.05949003728176
G16,11,CONC,1555.328369140625,72.65789280122794
G16,11,HOECHST,1556.3126220703125,82.51375787179025
G16,11,MITO,25033.4921875,4572.83832758068
G16,11,PHAandWGA,4699.3779296875,498.9748122030328
G16,11,SYTO,2698.839599609375,274.49150755841924
G16,12,CONC,1564.6671142578125,67.41309903691173
G16,12,HOECHST,1561.31201171875,75.74066580224458
G16,12,MITO,25454.46875,4164.521963141871
G16,12,PHAandWGA,4537.57568359375,447.52765712965817
G16,12,SYTO,2684.810302734375,248.57750495377232
G16,13,CONC,1578.1396484375,62.22338621912584
G16,13,HOECHST,1582.947509765625,69.44778128028074
G16,13,MITO,25459.91015625,3760.56611323682
G16,13,PHAandWGA,4555.70947265625,399.3517860535596
G16,13,SYTO,2682.267578125,223.86223654054777
G16,14,CONC,1595.08056640625,57.174681772313974
G16,14,HOECHST,1599.7554931640625,63.84896889233223
G16,14,MITO,25452.5703125,3334.7682476152672
G16,14,PHAandWGA,4553.74609375,353.5265965428755
G16,14,SYTO,2699.453125,201.15702989571312
G16,15,CONC,1626.618896484375,52.82693619619859
G16,15,HOECHST,1628.269287109375,58.82394692411403
G16,15,MITO,25970.5546875,2986.03942017396
G16,15,PHAandWGA,4596.142578125,317.5568379993718
G16,15,SYTO,2762.96728515625,182.73680080337934
G17,0,CONC,1845.3472900390625,70.1559847229146
G17,0,HOECHST,1755.6717529296875,93.10417444822653
G17,0,MITO,31666.138671875,4003.9410980126127
G17,0,PHAandWGA,6599.88037109375,618.1851611198082
G17,0,SYTO,3556.66748046875,344.1096368953447
G17,1,CONC,2020.517333984375,97.22780985378652
G17,1,HOECHST,1944.76123046875,133.18868610979607
G17,1,MITO,33967.8671875,4908.448414107705
G17,1,PHAandWGA,7766.79296875,827.5589763060759
G17,1,SYTO,4121.171875,469.34551115416633
G17,2,CONC,2213.981201171875,120.92681858581291
G17,2,HOECHST,2162.100830078125,171.8240522917549
G17,2,MITO,36737.859375,5615.445739806306
G17,2,PHAandWGA,8967.26953125,1014.7478305691357
G17,2,SYTO,4760.84521484375,585.0687951514129
G17,3,CONC,2344.248046875,136.1390734399232
G17,3,HOECHST,2340.82763671875,195.28960244182053
G17,3,MITO,38541.234375,5985.5584360511775
G17,3,PHAandWGA,9759.0849609375,1131.5737073575049
G17,3,SYTO,5272.07421875,655.1337979725442
G17,4,CONC,2464.8212890625,143.89596886091118
G17,4,HOECHST,2447.73046875,207.0188358550421
G17,4,MITO,40238.28515625,6144.502252944031
G17,4,PHAandWGA,10636.486328125,1198.8758519201713
G17,4,SYTO,5565.248046875,685.9527444080333
G17,5,CONC,2533.427978515625,147.75420786002428
G17,5,HOECHST,2525.34228515625,210.5020358451721
G17,5,MITO,41164.5,6213.304974160369
G17,5,PHAandWGA,11177.1494140625,1237.99818387707
G17,5,SYTO,5659.2763671875,697.6730009952643
G17,6,CONC,2588.44140625,149.04375152651795
G17,6,HOECHST,2584.390380859375,210.90849407192349
G17,6,MITO,42063.8125,6236.301502458583
G17,6,PHAandWGA,11417.169921875,1255.4760605322474
G17,6,SYTO,5691.40576171875,693.7833291315663
G17,7,CONC,2635.7138671875,147.90529250845995
G17,7,HOECHST,2604.68798828125,206.87030980061215
G17,7,MITO,42310.91796875,6228.941928734545
G17,7,PHAandWGA,11756.1318359375,1258.925031757615
G17,7,SYTO,5698.185546875,681.3955262165939
G17,8,CONC,2622.48388671875,144.42627103942417
G17,8,HOECHST,2568.263671875,198.7691384645703
G17,8,MITO,43013.8671875,6181.667966537732
G17,8,PHAandWGA,11637.876953125,1243.973445023584
G17,8,SYTO,5633.4140625,661.4407955001418
G17,9,CONC,2622.974365234375,139.25114439936243
G17,9,HOECHST,2571.4404296875,188.80370185767498
G17,9,MITO,43125.625,6048.163962951496
G17,9,PHAandWGA,11575.4375,1212.8683092910962
G17,9,SYTO,5594.32763671875,632.4079403844064
G17,10,CONC,2616.026611328125,133.43885858023987
G17,10,HOECHST,2554.626220703125,179.73477319171351
G17,10,MITO,43003.3125,5870.172595436712
G17,10,PHAandWGA,11504.2138671875,1157.974016713949
G17,10,SYTO,5493.19482421875,599.7962566124398
G17,11,CONC,2592.79248046875,126.72110586071787
G17,11,HOECHST,2556.807861328125,168.85035290360852
G17,11,MITO,43061.2421875,5662.945256272046
G17,11,PHAandWGA,11194.1533203125,1090.3834298884894
G17,11,SYTO,5399.775390625,565.675327736716
G17,12,CONC,2591.886962890625,120.3176858473801
G17,12,HOECHST,2537.076904296875,158.2417046099376
G17,12,MITO,43725.1640625,5414.283464664464
G17,12,PHAandWGA,11120.7763671875,1023.802694037121
G17,12,SYTO,5359.49609375,526.8393735216837
G17,13,CONC,2612.1259765625,113.94494577119987
G17,13,HOECHST,2540.36669921875,147.1832600260781
G17,13,MITO,43240.59375,5118.969038676559
G17,13,PHAandWGA,10837.09765625,960.0512884354142
G17,13,SYTO,5280.509765625,491.5231181158795
G17,14,CONC,2622.9697265625,106.99077974010697
G17,14,HOECHST,2549.94140625,136.88750292508462
G17,14,MITO,43239.84765625,4793.46511194691
G17,14,PHAandWGA,10514.8828125,885.4397081301227
G17,14,SYTO,5292.67431640625,454.7289921687657
G17,15,CONC,2638.5380859375,100.24824222915308
G17,15,HOECHST,2590.3544921875,127.65823266415937
G17,15,MITO,43886.078125,4451.478180922665
G17,15,PHAandWGA,10373.5263671875,809.7171302833423
G17,15,SYTO,5291.40966796875,419.0880763439746
G18,0,CONC,1973.4605712890625,65.53037565389668
G18,0,HOECHST,1697.21923828125,76.58376151937856
G18,0,MITO,33460.10546875,3671.101287020764
G18,0,PHAandWGA,8930.736328125,825.785559884655
G18,0,SYTO,4135.8154296875,395.9043106235846
G18,1,CONC,2085.27978515625,77.88561477449308
G18,1,HOECHST,1806.552001953125,91.87401745896555
G18,1,MITO,33999.15234375,4031.325505257202
G18,1,PHAandWGA,9672.30859375,951.3335102457635
G18,1,SYTO,4427.49658203125,462.9575214051621
G18,2,CONC,2185.1064453125,88.91143459194676
G18,2,HOECHST,1892.94140625,105.53162454553312
G18,2,MITO,35590.3046875,4423.407814406508
G18,2,PHAandWGA,10233.7802734375,1064.1662418658932
G18,2,SYTO,4763.6474609375,521.4036347769351
G18,3,CONC,2273.78515625,97.26349647062581
G18,3,HOECHST,1986.3697509765625,115.27968820058959
G18,3,MITO,36611.9921875,4660.517264055257
G18,3,PHAandWGA,10970.50390625,1144.5638698397183
G18,3,SYTO,5035.2138671875,557.2992603002671
G18,4,CONC,2373.6015625,103.063513015516
G18,4,HOECHST,2053.368408203125,121.34646615997531
G18,4,MITO,37645.85546875,4895.299177950617
G18,4,PHAandWGA,11302.546875,1201.1990004351358
G18,4,SYTO,5215.833984375,577.6360101187088
G18,5,CONC,2420.3271484375,107.06322352038136
G18,5,HOECHST,2123.75244140625,126.29882581571853
G18,5,MITO,38390.98046875,5007.877503139833
G18,5,PHAandWGA,11711.93359375,1230.6013020548646
G18,5,SYTO,5360.435546875,587.785211233709
G18,6,CONC,2478.36376953125,109.69193389200437
G18,6,HOECHST,2181.03662109375,129.03854442725958
G18,6,MITO,39755.2890625,5146.542364543996
G18,6,PHAandWGA,12243.05859375,1248.8429226676844
G18,6,SYTO,5432.8984375,590.3153876388004
G18,7,CONC,2526.92626953125,111.29690392776735
G18,7,HOECHST,2244.8125,130.70908959161557
G18,7,MITO,40605.9765625,5198.275869891315
G18,7,PHAandWGA,12384.673828125,1251.7580884506647
G18,7,SYTO,5524.337890625,590.3171308872212
G18,8,CONC,2568.43017578125,111.61159721026605
G18,8,HOECHST,2277.762939453125,129.9966977089969
G18,8,MITO,40994.03125,5202.436139634047
G18,8,PHAandWGA,12795.9765625,1245.705374879805
G18,8,SYTO,5593.994140625,581.9605471415823
G18,9,CONC,2625.580810546875,111.04636651362925
G18,9,HOECHST,2302.048583984375,128.28049046935595
G18,9,MITO,42042.3203125,5195.940786846098
G18,9,PHAandWGA,12951.361328125,1230.9718782570314
G18,9,SYTO,5662.1435546875,569.6632594254052
G18,10,CONC,2654.238037109375,109.17883867544333
G18,10,HOECHST,2326.280517578125,125.06417277841432
G18,10,MITO,42147.8125,5081.378022791047
G18,10,PHAandWGA,13302.833984375,1202.5405309472458
G18,10,SYTO,5695.7705078125,551.4557282730203
G18,11,CONC,2703.304443359375,106.56735185449291
G18,11,HOECHST,2377.77099609375,120.96485074257139
G18,11,MITO,43499.7734375,4997.995347106259
G18,11,PHAandWGA,13288.046875,1166.4195376656653
G18,11,SYTO,5805.384765625,529.2399306767371
G18,12,CONC,2731.115478515625,103.80723965369643
G18,12,HOECHST,2402.05908203125,116.09897542142421
G18,12,MITO,44027.3359375,4867.091563519929
G18,12,PHAandWGA,13485.580078125,1125.1933629444368
G18,12,SYTO,5871.3779296875,505.45680836721607
G18,13,CONC,2777.454833984375,100.1903268582634
G18,13,HOECHST,2462.3330078125,110.8339441888755
G18,13,MITO,44822.4375,4680.332498079584
G18,13,PHAandWGA,13551.306640625,1074.4095340193635
G18,13,SYTO,5892.435546875,479.6861324187522
G18,14,CONC,2801.25,96.30784945090593
G18,14,HOECHST,2496.229248046875,105.3373741892565
G18,14,MITO,45646.671875,4470.988895671378
G18,14,PHAandWGA,13584.4375,1016.1786988927136
G18,14,SYTO,5984.8349609375,452.1604798042938
G18,15,CONC,2861.12744140625,92.02569954397697
G18,15,HOECHST,2523.82373046875,99.72899652182852
G18,15,MITO,46303.11328125,4240.224321065163
G18,15,PHAandWGA,13486.67578125,955.3513209366076
G18,15,SYTO,6089.44140625,424.5394442916828
G19,0,CONC,4255.06494140625,94.52107579677775
G19,0,HOECHST,1512.462890625,27.464107387298444
G19,0,MITO,68421.578125,3647.5851598325307
G19,0,PHAandWGA,18551.474609375,880.3324917192401
G19,0,SYTO,7332.78125,355.82992591290207
G19,1,CONC,4959.4755859375,155.27011414360194
G19,1,HOECHST,1693.77685546875,47.769772968556346
G19,1,MITO,78016.8515625,5194.0498509495865
G19,1,PHAandWGA,21447.07421875,1304.5634674073633
G19,1,SYTO,9552.6435546875,579.2691896230452
G19,2,CONC,5437.7724609375,178.54801509477508
G19,2,HOECHST,1880.17138671875,63.461432978686624
G19,2,MITO,84491.3828125,5758.4191296092
G19,2,PHAandWGA,23521.994140625,1513.2021494856983
G19,2,SYTO,11307.619140625,696.3211600792215
G19,3,CONC,5780.162109375,186.5653103509357
G19,3,HOECHST,2038.0704345703125,71.22344386837841
G19,3,MITO,88852.875,5874.793304788111
G19,3,PHAandWGA,25772.65234375,1604.0796288072866
G19,3,SYTO,12747.5458984375,733.7935863989072
G19,4,CONC,5986.56982421875,187.24174404423695
G19,4,HOECHST,2150.0771484375,75.14079894133341
G19,4,MITO,92570.65625,5828.510104091156
G19,4,PHAandWGA,27929.68359375,1647.8148767020937
G19,4,SYTO,13765.5625,745.784582554212
G19,5,CONC,6201.08251953125,183.962647935026
G19,5,HOECHST,2225.81884765625,71.93257220296617
G19,5,MITO,96147.421875,5630.166745961836
G19,5,PHAandWGA,29562.748046875,1635.6530620646172
G19,5,SYTO,14011.37109375,713.1431708955951
G19,6,CONC,6476.9541015625,185.91171176474052
G19,6,HOECHST,2355.97900390625,73.24164406380477
G19,6,MITO,100326.125,5421.367581435204
G19,6,PHAandWGA,31851.7109375,1608.6021320051566
G19,6,SYTO,14557.7734375,693.1873314046576
G19,7,CONC,6556.83349609375,179.68085096350086
G19,7,HOECHST,2408.00048828125,70.23631182867916
G19,7,MITO,102669.21875,5194.1924046464765
G19,7,PHAandWGA,33221.671875,1523.1077576245164
G19,7,SYTO,14556.50390625,651.0823527923327
G19,8,CONC,6466.6875,165.74823106623612
G19,8,HOECHST,2414.30126953125,67.00634935941797
G19,8,MITO,101325.8359375,4955.901211877393
G19,8,PHAandWGA,32623.646484375,1417.4344980968983
G19,8,SYTO,13932.5732421875,606.0623065259722
G19,9,CONC,6324.30078125,151.51599947566976
G19,9,HOECHST,2388.3818359375,62.39832982131436
G19,9,MITO,100375.21875,4735.634841668178
G19,9,PHAandWGA,32613.234375,1347.3661201181476
G19,9,SYTO,12982.818359375,564.1463303450233
G19,10,CONC,6239.09765625,139.83157441740642
G19,10,HOECHST,2337.12451171875,56.20219251710295
G19,10,MITO,99470.796875,4539.495436191482
G19,10,PHAandWGA,32668.4921875,1281.7259842315884
G19,10,SYTO,12421.84765625,526.3221427372847
G19,11,CONC,6163.86572265625,129.82262537977692
G19,11,HOECHST,2317.29638671875,51.74174677073559
G19,11,MITO,98232.4453125,4309.569405512139
G19,11,PHAandWGA,31928.93359375,1218.4391360807397
G19,11,SYTO,12061.2021484375,492.1702517097009
G19,12,CONC,6130.119140625,122.20868288505295
G19,12,HOECHST,2295.7490234375,48.70683210097111
G19,12,MITO,96609.90625,4098.540509700376
G19,12,PHAandWGA,31730.46875,1164.3466301670958
G19,12,SYTO,11725.716796875,465.1642346953101
G19,13,CONC,6070.6875,115.50637275659818
G19,13,HOECHST,2295.1484375,45.85309840281612
G19,13,MITO,94972.671875,3863.1212858028503
G19,13,PHAandWGA,31272.16015625,1109.9896725305045
G19,13,SYTO,11502.892578125,435.952764440646
G19,14,CONC,6140.70849609375,111.63537678179999
G19,14,HOECHST,2286.802001953125,43.43342726029766
G19,14,MITO,95827.5859375,3681.661085221398
G19,14,PHAandWGA,30999.845703125,1056.3622213609517
G19,14,SYTO,11456.5234375,410.8670687460063
G19,15,CONC,6181.40576171875,107.31065009644482
G19,15,HOECHST,2309.74853515625,41.44765663275155
G19,15,MITO,95753.65625,3493.8079462828423
G19,15,PHAandWGA,30292.80859375,1002.2706962435066
G19,15,SYTO,11380.068359375,386.34487265957887
G20,0,CONC,2811.943603515625,94.25087075077458
G20,0,HOECHST,1783.623046875,87.67374331489518
G20,0,MITO,58104.47265625,5766.968874059824
G20,0,PHAandWGA,15491.6279296875,1161.0068633825667
G20,0,SYTO,7074.115234375,611.4681817464782
G20,1,CONC,3320.3662109375,141.07938271988365
G20,1,HOECHST,2217.8994140625,157.2037863096307
G20,1,MITO,65624.8984375,7325.733363425352
G20,1,PHAandWGA,18118.47265625,1620.5915419031935
G20,1,SYTO,9898.3349609375,931.416823365944
G20,2,CONC,3617.380859375,161.89714560667494
G20,2,HOECHST,2451.6767578125,175.17239786828972
G20,2,MITO,70539.890625,7988.79770058313
G20,2,PHAandWGA,20565.87890625,1832.9929895439452
G20,2,SYTO,11799.650390625,1030.1981122854015
G20,3,CONC,3824.021728515625,167.28965799258478
G20,3,HOECHST,2586.20947265625,176.85772898691386
G20,3,MITO,75320.109375,8147.161862269819
G20,3,PHAandWGA,22606.65625,1962.6548052012963
G20,3,SYTO,12890.876953125,1012.4050683182717
G20,4,CONC,3908.658447265625,158.82596934053248
G20,4,HOECHST,2724.645751953125,177.48336691233465
G20,4,MITO,77765.1015625,7969.962677937436
G20,4,PHAandWGA,23570.7421875,1942.855899219171
G20,4,SYTO,13160.6904296875,968.9396359879227
G20,5,CONC,3914.44091796875,145.3943218589936
G20,5,HOECHST,2699.2763671875,158.84268983324912
G20,5,MITO,79974.8984375,7692.633358438176
G20,5,PHAandWGA,24257.13671875,1858.8480913419705
G20,5,SYTO,12331.751953125,861.6469936746329
G20,6,CONC,3796.44287109375,129.51500076711676
G20,6,HOECHST,2676.580810546875,145.60894646828137
G20,6,MITO,79431.7890625,7428.285961476278
G20,6,PHAandWGA,24180.68359375,1707.8480996167536
G20,6,SYTO,11430.2734375,790.8482845223178
G20,7,CONC,3668.435791015625,114.8064052318966
G20,7,HOECHST,2563.75,124.22242070016729
G20,7,MITO,78172.75,7227.142797694662
G20,7,PHAandWGA,24070.59375,1635.0440411997147
G20,7,SYTO,10097.955078125,694.812102264545
G20,8,CONC,3587.0712890625,102.91185388303037
G20,8,HOECHST,2497.396240234375,110.97678162807841
G20,8,MITO,77479.203125,7019.630117378256
G20,8,PHAandWGA,23576.01953125,1561.042788036329
G20,8,SYTO,9373.0830078125,623.5821787808877
G20,9,CONC,3502.8154296875,93.903863771847
G20,9,HOECHST,2429.337890625,99.60540087036077
G20,9,MITO,76555.46875,6811.64649660849
G20,9,PHAandWGA,23537.04296875,1455.2183278019052
G20,9,SYTO,8810.34375,563.1745165247465
G20,10,CONC,3457.355712890625,85.7946369771524
G20,10,HOECHST,2378.6015625,86.89916120424628
G20,10,MITO,76572.375,6543.627955606271
G20,10,PHAandWGA,23011.5390625,1380.388335319827
G20,10,SYTO,8448.861328125,508.78043003531604
G20,11,CONC,3426.5380859375,78.09378902066935
G20,11,HOECHST,2349.580078125,78.61024998288188
G20,11,MITO,75892.296875,6215.605489587397
G20,11,PHAandWGA,22580.25,1271.9323337423816
G20,11,SYTO,8257.494140625,460.27146163133466
G20,12,CONC,3406.631103515625,72.52822548843045
G20,12,HOECHST,2355.1474609375,71.63723359075328
G20,12,MITO,75765.015625,5915.081445687359
G20,12,PHAandWGA,22460.67578125,1174.351073770261
G20,12,SYTO,8120.1181640625,418.54710607277127
G20,13,CONC,3395.421875,67.26260524848279
G20,13,HOECHST,2342.376220703125,66.22749124568702
G20,13,MITO,75537.140625,5576.766882078168
G20,13,PHAandWGA,21717.60546875,1080.9543930126201
G20,13,SYTO,8076.15087890625,384.3594630966227
G20,14,CONC,3391.9345703125,62.47833570312535
G20,14,HOECHST,2337.557861328125,60.49530961432827
G20,14,MITO,74918.25,5269.404918905502
G20,14,PHAandWGA,21408.76953125,996.2790954628695
G20,14,SYTO,7994.91357421875,350.11666278425537
G20,15,CONC,3380.0146484375,58.58908740273948
G20,15,HOECHST,2344.398681640625,55.33459937437475
G20,15,MITO,74942.609375,4953.215357570843
G20,15,PHAandWGA,21049.68359375,916.3842793630047
G20,15,SYTO,7951.0078125,319.4806376057616
G21,0,CONC,2733.5888671875,77.84682010795979
G21,0,HOECHST,2317.52783203125,83.75775259080397
G21,0,MITO,58419.94140625,4125.744230230326
G21,0,PHAandWGA,13831.3125,836.829774119949
G21,0,SYTO,6280.275390625,405.1097969824846
G21,1,CONC,3030.4951171875,101.607305989205
G21,1,HOECHST,2584.74365234375,115.34007918716134
G21,1,MITO,63128.0625,4775.352899402006
G21,1,PHAandWGA,15477.1015625,1030.4339052348087
G21,1,SYTO,7255.7734375,519.5789668873414
G21,2,CONC,3250.48974609375,116.657844313685
G21,2,HOECHST,2835.5107421875,139.8336740269802
G21,2,MITO,66410.921875,5140.054934746367
G21,2,PHAandWGA,16942.0625,1163.7162658597008
G21,2,SYTO,8196.2412109375,598.6826136471034
G21,3,CONC,3432.5146484375,124.91013323301868
G21,3,HOECHST,2995.11669921875,149.2112390485179
G21,3,MITO,69377.875,5373.188304894466
G21,3,PHAandWGA,18236.17578125,1258.7129249974887
G21,3,SYTO,8917.5654296875,635.8366994214024
G21,4,CONC,3580.1962890625,129.35479351402805
G21,4,HOECHST,3129.030517578125,152.548625998609
G21,4,MITO,72089.4375,5491.093988356313
G21,4,PHAandWGA,19642.93359375,1312.9998125093118
G21,4,SYTO,9201.599609375,649.0757903775939
G21,5,CONC,3691.50390625,131.8250151612939
G21,5,HOECHST,3249.96533203125,153.32055081680963
G21,5,MITO,73855.9296875,5575.1936471936715
G21,5,PHAandWGA,20561.177734375,1350.3922340871404
G21,5,SYTO,9536.4501953125,650.8529921039571
G21,6,CONC,3814.992919921875,132.42450535324005
G21,6,HOECHST,3344.64208984375,152.44050712118099
G21,6,MITO,75872.3671875,5603.519675458784
G21,6,PHAandWGA,21736.48046875,1364.950799345173
G21,6,SYTO,9673.6123046875,645.8180461794891
G21,7,CONC,3857.443115234375,131.71351251003352
G21,7,HOECHST,3402.9404296875,149.658710567881
G21,7,MITO,77109.921875,5583.741956452773
G21,7,PHAandWGA,22102.64453125,1351.2669665543067
G21,7,SYTO,9691.591796875,631.4570475942646
G21,8,CONC,3917.26416015625,129.55444877008546
G21,8,HOECHST,3423.48193359375,145.34925563911463
G21,8,MITO,78411.625,5551.02824960116
G21,8,PHAandWGA,22403.845703125,1330.3434118975242
G21,8,SYTO,9694.0302734375,615.5383187566988
G21,9,CONC,3942.548828125,126.56619987314237
G21,9,HOECHST,3467.556884765625,141.13610243218525
G21,9,MITO,78171.875,5432.995380213688
G21,9,PHAandWGA,22908.76953125,1305.844856423877
G21,9,SYTO,9635.87109375,596.0561797281243
G21,10,CONC,3959.0146484375,123.3224170523065
G21,10,HOECHST,3486.0830078125,135.96021988374807
G21,10,MITO,79080.265625,5356.9866187034795
G21,10,PHAandWGA,23100.19921875,1276.3905560744906
G21,10,SYTO,9570.421875,575.4828234855407
G21,11,CONC,3937.8828125,119.2582950051223
G21,11,HOECHST,3441.128662109375,129.0216164199596
G21,11,MITO,79613.796875,5241.430145173474
G21,11,PHAandWGA,22567.8671875,1244.9582575037057
G21,11,SYTO,9461.294921875,551.7739216771473
G21,12,CONC,3980.200439453125,115.13976373353773
G21,12,HOECHST,3466.7724609375,122.60253043481195
G21,12,MITO,80512.59375,5123.973454363628
G21,12,PHAandWGA,22845.0859375,1206.1347947696665
G21,12,SYTO,9398.265625,526.8619542853169
G21,13,CONC,3965.496826171875,110.61927243263229
G21,13,HOECHST,3488.60693359375,116.08951424203033
G21,13,MITO,80605.84375,4945.928780473943
G21,13,PHAandWGA,22400.546875,1155.6291495477578
G21,13,SYTO,9464.8046875,500.2467589220089
G21,14,CONC,4018.51904296875,105.79569350712654
G21,14,HOECHST,3511.642822265625,110.14535453274259
G21,14,MITO,82661.25,4746.149083881321
G21,14,PHAandWGA,22609.939453125,1103.1337060796836
G21,14,SYTO,9400.38671875,473.4784436273424
G21,15,CONC,4028.471435546875,100.98926539484498
G21,15,HOECHST,3556.34814453125,104.32193749060288
G21,15,MITO,81954.96875,4517.845497225212
G21,15,PHAandWGA,22160.283203125,1049.221889627808
G21,15,SYTO,9516.205078125,446.72896861468746
G22,0,CONC,1753.302001953125,73.25010811841241
G22,0,HOECHST,1655.71728515625,92.25554103311538
G22,0,MITO,29021.037109375,4248.098725956864
G22,0,PHAandWGA,6010.703125,612.2808601317632
G22,0,SYTO,3139.864501953125,327.18726186316303
G22,1,CONC,1865.854736328125,88.01374632235695
G22,1,HOECHST,1773.2535400390625,113.78385652765941
G22,1,MITO,30071.50390625,4693.222009010216
G22,1,PHAandWGA,6835.8115234375,724.460148517478
G22,1,SYTO,3424.058349609375,390.45305208160084
G22,2,CONC,1970.9263916015625,99.28865893968215
G22,2,HOECHST,1896.027099609375,130.24598595263836
G22,2,MITO,31603.21484375,5077.469703948122
G22,2,PHAandWGA,7398.23828125,810.7952659952501
G22,2,SYTO,3655.49658203125,437.9303689862138
G22,3,CONC,2040.75634765625,107.04013652479499
G22,3,HOECHST,1977.1292724609375,140.16591633952774
G22,3,MITO,32744.13671875,5287.736274191794
G22,3,PHAandWGA,7889.693359375,870.2894528780183
G22,3,SYTO,3855.724853515625,467.9065875209485
G22,4,CONC,2112.4169921875,111.33919334533022
G22,4,HOECHST,2050.1796875,145.0151191607854
G22,4,MITO,33759.84375,5398.97795845229
G22,4,PHAandWGA,8225.36328125,903.6108082550896
G22,4,SYTO,4010.53564453125,480.5489425053174
G22,5,CONC,2153.185546875,112.7588074243519
G22,5,HOECHST,2075.40869140625,144.4668810305353
G22,5,MITO,33939.5703125,5397.4486579254135
G22,5,PHAandWGA,8460.845703125,914.958959070144
G22,5,SYTO,4061.68701171875,481.3483155695536
G22,6,CONC,2187.41259765625,112.45588170119957
G22,6,HOECHST,2079.02587890625,141.75868096736482
G22,6,MITO,34870.91796875,5409.343583934102
G22,6,PHAandWGA,8567.822265625,912.4505433603313
G22,6,SYTO,4122.79833984375,474.0450043611734
G22,7,CONC,2211.196044921875,111.05053082253649
G22,7,HOECHST,2097.386474609375,138.16508312065645
G22,7,MITO,35094.2734375,5334.415463710869
G22,7,PHAandWGA,8603.517578125,896.0055796561352
G22,7,SYTO,4125.7734375,462.7320847245775
G22,8,CONC,2218.96728515625,108.55017996915403
G22,8,HOECHST,2110.886474609375,133.13884283980488
G22,8,MITO,35182.75390625,5258.7018770828645
G22,8,PHAandWGA,8542.337890625,871.2535372870576
G22,8,SYTO,4113.26513671875,447.8679448956351
G22,9,CONC,2234.7626953125,105.09078664785848
G22,9,HOECHST,2131.73828125,126.89391537253033
G22,9,MITO,35251.5625,5085.892340089744
G22,9,PHAandWGA,8366.337890625,833.0833771186095
G22,9,SYTO,4107.91259765625,427.98609242842923
G22,10,CONC,2239.521240234375,101.21073923389973
G22,10,HOECHST,2122.9541015625,119.91886361944968
G22,10,MITO,35145.359375,4874.63503774784
G22,10,PHAandWGA,8299.23046875,796.0634563468412
G22,10,SYTO,4102.5830078125,405.3204783794818
G22,11,CONC,2252.996826171875,96.73198308535481
G22,11,HOECHST,2133.81103515625,112.81184883041253
G22,11,MITO,35577.13671875,4660.689616027124
G22,11,PHAandWGA,8157.5009765625,749.1504997298498
G22,11,SYTO,4082.34375,380.9735114341174
G22,12,CONC,2270.861328125,91.92624286161086
G22,12,HOECHST,2158.533203125,106.00417962420396
G22,12,MITO,36220.14453125,4398.376396370489
G22,12,PHAandWGA,7926.2041015625,697.996323820456
G22,12,SYTO,4108.55615234375,356.327407747651
G22,13,CONC,2308.408935546875,87.29659143200745
G22,13,HOECHST,2197.798828125,99.51797418196769
G22,13,MITO,36500.28125,4140.117148097839
G22,13,PHAandWGA,7856.96435546875,650.4543377761883
G22,13,SYTO,4124.09912109375,332.8837601950113
G22,14,CONC,2331.724609375,82.3326681739464
G22,14,HOECHST,2217.275390625,93.15212831820176
G22,14,MITO,37049.05859375,3830.642614506784
G22,14,PHAandWGA,7672.6357421875,598.1512119576647
G22,14,SYTO,4171.12890625,307.83861827438994
G22,15,CONC,2365.533935546875,77.40891241139681
G22,15,HOECHST,2279.731689453125,86.9655219514183
G22,15,MITO,37274.53515625,3515.196218518167
G22,15,PHAandWGA,7557.2724609375,547.4127841269889
G22,15,SYTO,4233.2353515625,284.0997878574469
G23,0,CONC,8157.1982421875,116.1643348664828
G23,0,HOECHST,5145.599609375,117.49677647042819
G23,0,MITO,97232.734375,2492.9438280155055
G23,0,PHAandWGA,34150.21875,902.0359848562732
G23,0,SYTO,21374.18359375,605.3107322527088
G23,1,CONC,8876.2724609375,149.99579617586755
G23,1,HOECHST,5602.4609375,149.73087785234463
G23,1,MITO,102145.09375,2883.951047362022
G23,1,PHAandWGA,36153.8515625,1063.8488126292002
G23,1,SYTO,24026.716796875,748.4603431150483
G23,2,CONC,9521.89453125,173.2456042675763
G23,2,HOECHST,6021.09619140625,175.3478721126621
G23,2,MITO,106747.28125,3112.582928475145
G23,2,PHAandWGA,38597.83984375,1197.9498821225573
G23,2,SYTO,25711.29296875,848.7696477854515
G23,3,CONC,10083.26171875,182.79455256308862
G23,3,HOECHST,6364.35888671875,186.8261356214712
G23,3,MITO,110158.25,3209.1084599855076
G23,3,PHAandWGA,40996.1953125,1288.6335590584472
G23,3,SYTO,27860.75390625,900.8509091249306
G23,4,CONC,10421.2763671875,184.0555809395274
G23,4,HOECHST,6605.736328125,189.63137786095123
G23,4,MITO,114698.3046875,3256.5790496476975
G23,4,PHAandWGA,43054.546875,1337.9928199685764
G23,4,SYTO,29005.8671875,912.8653455143786
G23,5,CONC,10871.201171875,182.68079022727284
G23,5,HOECHST,6918.009765625,190.39277028917542
G23,5,MITO,117706.40625,3256.0045409898908
G23,5,PHAandWGA,45164.046875,1359.3786694276118
G23,5,SYTO,31011.55859375,909.781319668536
G23,6,CONC,11254.4873046875,179.61002805985913
G23,6,HOECHST,7222.099609375,191.04369777765726
G23,6,MITO,122092.8203125,3234.04964319901
G23,6,PHAandWGA,46322.703125,1357.2632257387752
G23,6,SYTO,32876.78125,895.1159750083048
G23,7,CONC,11517.46484375,174.906845555841
G23,7,HOECHST,7471.06884765625,187.24319414420768
G23,7,MITO,125305.8125,3186.74799400851
G23,7,PHAandWGA,48405.80078125,1337.8048453310732
G23,7,SYTO,34215.1640625,869.7265434119098
G23,8,CONC,11720.5400390625,168.7945369583161
G23,8,HOECHST,7645.0830078125,182.93097440170763
G23,8,MITO,127157.390625,3133.520989954741
G23,8,PHAandWGA,50821.6953125,1304.9322833340475
G23,8,SYTO,35231.9375,838.526498626123
G23,9,CONC,11871.302734375,162.90184086841882
G23,9,HOECHST,7838.87158203125,177.75047993965032
G23,9,MITO,131061.6328125,3075.176995775206
G23,9,PHAandWGA,51297.03515625,1267.9734268351685
G23,9,SYTO,35645.39453125,806.9035769872578
G23,10,CONC,12016.8779296875,157.22429354010117
G23,10,HOECHST,7987.19287109375,172.04539695838906
G23,10,MITO,132803.234375,3024.0411556024105
G23,10,PHAandWGA,52731.09375,1234.4309250566557
G23,10,SYTO,36192.1484375,775.1843239048264
G23,11,CONC,12165.59375,151.33510445827147
G23,11,HOECHST,8078.16015625,165.8500739611204
G23,11,MITO,135384.21875,2949.523129100496
G23,11,PHAandWGA,53607.38671875,1191.260628144169
G23,11,SYTO,36832.8203125,743.3043601627952
G23,12,CONC,12334.408203125,146.05522905153754
G23,12,HOECHST,8246.87109375,160.5260983701539
G23,12,MITO,137762.40625,2886.3930566184167
G23,12,PHAandWGA,54370.625,1163.556406139411
G23,12,SYTO,38014.7578125,715.265269109119
G23,13,CONC,12426.548828125,140.3720377974905
G23,13,HOECHST,8346.3388671875,154.366828745603
G23,13,MITO,139056.4375,2792.0932966018772
G23,13,PHAandWGA,54988.375,1126.0377612201546
G23,13,SYTO,37814.359375,682.2623329554292
G23,14,CONC,12594.90625,135.05265832023053
G23,14,HOECHST,8483.693359375,148.11022709612706
G23,14,MITO,139668.9375,2696.4935023639046
G23,14,PHAandWGA,55993.78125,1087.2246417042738
G23,14,SYTO,38218.0078125,649.2733402055122
G23,15,CONC,12672.83984375,129.9906682670624
G23,15,HOECHST,8625.1650390625,142.36918439302195
G23,15,MITO,142325.125,2599.723567094736
G23,15,PHAandWGA,56727.82421875,1050.0399611387347
G23,15,SYTO,39187.6875,619.9738113414854
H02,0,CONC,3789.81689453125,74.5285758110905
H02,0,HOECHST,2260.78076171875,62.896995837100484
H02,0,MITO,52919.8671875,2934.213811395019
H02,0,PHAandWGA,16927.078125,830.9272435042693
H02,0,SYTO,7971.3828125,447.4161794903523
H02,1,CONC,3918.76953125,81.3803799729911
H02,1,HOECHST,2360.8564453125,68.69077130335413
H02,1,MITO,53475.91015625,3054.2774401062725
H02,1,PHAandWGA,17535.513671875,883.1603340322606
H02,1,SYTO,8327.5625,480.4453311798285
H02,2,CONC,4060.74169921875,88.08467518070944
H02,2,HOECHST,2458.61669921875,74.58904379288022
H02,2,MITO,55217.21875,3205.3605695651527
H02,2,PHAandWGA,18221.576171875,935.5546912448966
H02,2,SYTO,8806.68359375,511.9769642601856
H02,3,CONC,4186.86083984375,93.22981208739198
H02,3,HOECHST,2547.34228515625,79.1817327317333
H02,3,MITO,56649.859375,3328.345131563369
H02,3,PHAandWGA,19274.556640625,975.4356662055877
H02,3,SYTO,9252.548828125,534.503983506187
H02,4,CONC,4335.61376953125,96.4561355810372
H02,4,HOECHST,2627.900146484375,82.3947631450231
H02,4,MITO,58388.671875,3407.380164420543
H02,4,PHAandWGA,19833.55859375,1002.3041999822458
H02,4,SYTO,9544.8828125,547.6068173346764
H02,5,CONC,4458.58984375,98.13128103959521
H02,5,HOECHST,2705.06884765625,84.22412267079314
H02,5,MITO,59568.54296875,3447.328365896531
H02,5,PHAandWGA,20520.25390625,1018.0972977132161
H02,5,SYTO,9831.091796875,551.5714292079738
H02,6,CONC,4547.00146484375,98.84443154939696
H02,6,HOECHST,2760.69091796875,84.939740255543
H02,6,MITO,60191.21484375,3450.1945561145717
H02,6,PHAandWGA,21116.78125,1025.1828761570507
H02,6,SYTO,10011.20703125,550.1965254941284
H02,7,CONC,4634.47265625,98.58111155391927
H02,7,HOECHST,2823.728515625,85.16291537903811
H02,7,MITO,62044.546875,3450.558800796174
H02,7,PHAandWGA,21673.21875,1022.2690391719283
H02,7,SYTO,10163.025390625,545.0545886961468
H02,8,CONC,4742.55712890625,97.8532799469546
H02,8,HOECHST,2896.6513671875,84.7594145304152
H02,8,MITO,62709.2890625,3395.6602897904404
H02,8,PHAandWGA,22203.2734375,1020.3656096364175
H02,8,SYTO,10327.208984375,536.693243059654
H02,9,CONC,4798.421875,96.36891571805091
H02,9,HOECHST,2945.68603515625,83.8490768876694
H02,9,MITO,63875.93359375,3349.4698564684827
H02,9,PHAandWGA,22594.103515625,1006.8024261127141
H02,9,SYTO,10561.654296875,524.7271787027472
H02,10,CONC,4887.9638671875,94.64326469911316
H02,10,HOECHST,2998.853759765625,82.85349895517491
H02,10,MITO,65242.7578125,3299.50843494098
H02,10,PHAandWGA,23198.87109375,990.4877923291536
H02,10,SYTO,10662.3671875,512.7439188952955
H02,11,CONC,4973.92578125,92.69386595739127
H02,11,HOECHST,3046.72021484375,81.21891815498
H02,11,MITO,65819.359375,3233.1101800787437
H02,11,PHAandWGA,23241.970703125,973.4631979744361
H02,11,SYTO,10887.4912109375,499.0456174205165
H02,12,CONC,5067.61328125,90.3614527126201
H02,12,HOECHST,3108.56005859375,79.28558603352552
H02,12,MITO,66653.8359375,3151.2202308077394
H02,12,PHAandWGA,23632.8671875,949.7571755128321
H02,12,SYTO,11018.1630859375,482.6169703122347
H02,13,CONC,5122.8876953125,87.64031652853764
H02,13,HOECHST,3131.322509765625,77.2999273511861
H02,13,MITO,67529.515625,3052.917989201956
H02,13,PHAandWGA,24390.60546875,926.1328161378536
H02,13,SYTO,11211.6201171875,465.8181352089994
H02,14,CONC,5209.0546875,84.73431512351995
H02,14,HOECHST,3197.314208984375,74.86156634019447
H02,14,MITO,68741.109375,2959.79535781792
H02,14,PHAandWGA,24434.8984375,898.1427668899735
H02,14,SYTO,11328.8916015625,448.00538447593044
H02,15,CONC,5281.103515625,81.72644542719539
H02,15,HOECHST,3269.43017578125,72.50097741926655
H02,15,MITO,68693.140625,2848.124071852625
H02,15,PHAandWGA,24840.48828125,868.570580945946
H02,15,SYTO,11457.4013671875,428.408403015789
H03,0,CONC,8194.0771484375,79.7221314552237
H03,0,HOECHST,4903.56201171875,80.69856784933049
H03,0,MITO,93156.546875,1719.5415645319615
H03,0,PHAandWGA,34517.0390625,648.16884987249
H03,0,SYTO,23627.138671875,500.3156592047403
H03,1,CONC,8637.708984375,94.22346504516507
H03,1,HOECHST,5169.2314453125,92.78840083417435
H03,1,MITO,95186.546875,1896.1528291945865
H03,1,PHAandWGA,36016.4921875,719.5424158649147
H03,1,SYTO,24768.0625,566.9932253066029
H03,2,CONC,9138.5234375,113.7932020923699
H03,2,HOECHST,5435.677734375,106.91134056356609
H03,2,MITO,99608.046875,2112.0797362556905
H03,2,PHAandWGA,37608.390625,819.2599427399815
H03,2,SYTO,26621.0546875,658.448846836286
H03,3,CONC,9739.79296875,130.62563863169498
H03,3,HOECHST,5801.67626953125,121.17505172169498
H03,3,MITO,105080.828125,2302.3341268457903
H03,3,PHAandWGA,39636.4609375,912.8849737183557
H03,3,SYTO,28759.07421875,742.1383175453005
H03,4,CONC,10378.76171875,139.81095063520115
H03,4,HOECHST,6190.05078125,133.39022162356778
H03,4,MITO,110607.8125,2425.8258919108666
H03,4,PHAandWGA,41860.18359375,976.3848268412041
H03,4,SYTO,31315.798828125,798.8422775760745
H03,5,CONC,10880.6708984375,141.68914261253062
H03,5,HOECHST,6495.3515625,139.14165332531027
H03,5,MITO,114789.140625,2477.771595681064
H03,5,PHAandWGA,43931.5703125,1004.0105956230466
H03,5,SYTO,33595.625,818.8366753697665
H03,6,CONC,11252.802734375,139.35081939660577
H03,6,HOECHST,6751.87646484375,139.4485314492751
H03,6,MITO,118203.1875,2478.5076143937795
H03,6,PHAandWGA,45792.41796875,1004.4066481275624
H03,6,SYTO,35139.234375,811.8586051222635
H03,7,CONC,11509.0,135.1488466930182
H03,7,HOECHST,6986.021484375,137.0164646328013
H03,7,MITO,120574.78125,2450.26316477453
H03,7,PHAandWGA,47630.22265625,991.5718079420884
H03,7,SYTO,36743.36328125,792.7230514970435
H03,8,CONC,11705.109375,130.53691751980958
H03,8,HOECHST,7173.83154296875,134.24436081481605
H03,8,MITO,123994.1640625,2413.419285424797
H03,8,PHAandWGA,48976.80078125,971.4349262271285
H03,8,SYTO,38464.0390625,768.660610730617
H03,9,CONC,11935.4208984375,126.1072131495427
H03,9,HOECHST,7344.79248046875,130.9086862384141
H03,9,MITO,126799.9765625,2373.8391600669797
H03,9,PHAandWGA,51250.6015625,948.7643448537484
H03,9,SYTO,39944.51953125,742.133402886004
H03,10,CONC,12109.6630859375,121.30819340941916
H03,10,HOECHST,7477.2138671875,126.85957804420302
H03,10,MITO,129479.125,2326.659409126231
H03,10,PHAandWGA,51621.5546875,924.9778318853369
H03,10,SYTO,40909.0234375,713.2658031918209
H03,11,CONC,12351.9267578125,116.5703629305045
H03,11,HOECHST,7680.8759765625,122.73922214593429
H03,11,MITO,131234.6875,2272.4038526155573
H03,11,PHAandWGA,53573.6171875,896.7722468594648
H03,11,SYTO,41186.4765625,681.7356603488379
H03,12,CONC,12394.1162109375,112.02615073472364
H03,12,HOECHST,7765.5478515625,118.69424872249736
H03,12,MITO,132942.484375,2220.9416089370975
H03,12,PHAandWGA,54472.84375,874.1951892358607
H03,12,SYTO,42377.85546875,656.5352198668713
H03,13,CONC,12563.517578125,108.56249261416119
H03,13,HOECHST,7898.4609375,115.43865097450235
H03,13,MITO,133892.90625,2183.258368505948
H03,13,PHAandWGA,54555.3125,853.5114533439812
H03,13,SYTO,42729.8046875,633.946701233816
H03,14,CONC,12665.197265625,105.40589495600247
H03,14,HOECHST,8017.0205078125,112.62695219410345
H03,14,MITO,136968.0,2149.560892186784
H03,14,PHAandWGA,55232.5703125,836.311778868868
H03,14,SYTO,43113.921875,612.9082959043761
H03,15,CONC,12790.55078125,101.97459482126017
H03,15,HOECHST,8102.9091796875,109.24910872969679
H03,15,MITO,136961.09375,2088.6136190626153
H03,15,PHAandWGA,56844.515625,815.2961166466476
H03,15,SYTO,42850.23828125,590.2722297231076
H04,0,CONC,1754.75634765625,35.57760477177519
H04,0,HOECHST,1308.7611083984375,28.129027929857166
H04,0,MITO,39801.6015625,2992.1435544030223
H04,0,PHAandWGA,8211.0849609375,537.194848846235
H04,0,SYTO,4310.58447265625,281.4060925416121
H04,1,CONC,1836.1026611328125,40.36309113835097
H04,1,HOECHST,1378.9556884765625,32.5869256071409
H04,1,MITO,40445.2109375,3182.273826167248
H04,1,PHAandWGA,8798.61328125,594.3947049015163
H04,1,SYTO,4580.98291015625,315.7113419168987
H04,2,CONC,1916.3724365234375,44.96407304297156
H04,2,HOECHST,1445.33154296875,36.67502088653114
H04,2,MITO,41450.09765625,3382.692132248116
H04,2,PHAandWGA,9509.87109375,650.3797722024609
H04,2,SYTO,4809.1640625,345.9172838914177
H04,3,CONC,2004.2615966796875,48.31229418279604
H04,3,HOECHST,1491.844482421875,38.81586310775795
H04,3,MITO,43474.23046875,3534.1687261721786
H04,3,PHAandWGA,10157.994140625,692.4980649361955
H04,3,SYTO,5027.32275390625,363.67921498609303
H04,4,CONC,2064.588134765625,50.256033151505534
H04,4,HOECHST,1542.354248046875,39.866452478809016
H04,4,MITO,44247.84375,3643.2958324962397
H04,4,PHAandWGA,10803.0869140625,723.8336011367118
H04,4,SYTO,5212.23046875,372.09322897758614
H04,5,CONC,2126.27734375,51.69046232013386
H04,5,HOECHST,1587.7802734375,40.406154551389974
H04,5,MITO,45384.45703125,3676.751852142621
H04,5,PHAandWGA,11372.376953125,742.962856799032
H04,5,SYTO,5351.08984375,375.91688212909963
H04,6,CONC,2181.93408203125,52.8950043053308
H04,6,HOECHST,1622.748779296875,40.80938133536543
H04,6,MITO,46359.046875,3733.838541969029
H04,6,PHAandWGA,11611.595703125,749.6271171611328
H04,6,SYTO,5561.9697265625,377.17310742776766
H04,7,CONC,2232.322998046875,53.371320962285665
H04,7,HOECHST,1661.2880859375,40.78647162603483
H04,7,MITO,47859.5390625,3732.932552283937
H04,7,PHAandWGA,12002.51953125,749.410081468728
H04,7,SYTO,5665.24560546875,373.65785843095813
H04,8,CONC,2277.579345703125,53.233718538876886
H04,8,HOECHST,1686.3408203125,40.00766672968112
H04,8,MITO,48436.92578125,3708.309637826011
H04,8,PHAandWGA,12045.5234375,737.0032110420242
H04,8,SYTO,5802.5068359375,365.9744115350601
H04,9,CONC,2328.27587890625,52.5722341313231
H04,9,HOECHST,1717.325439453125,39.007152078699555
H04,9,MITO,49364.203125,3659.167759581179
H04,9,PHAandWGA,12123.998046875,723.3631304382358
H04,9,SYTO,5886.599609375,355.1454457103244
H04,10,CONC,2362.4365234375,51.465848004400435
H04,10,HOECHST,1739.659912109375,38.063178945955094
H04,10,MITO,50206.15625,3554.3281762102915
H04,10,PHAandWGA,12121.890625,701.1480470066306
H04,10,SYTO,5933.9365234375,343.4218921466658
H04,11,CONC,2385.385986328125,50.097939535972685
H04,11,HOECHST,1773.468994140625,36.84268779885737
H04,11,MITO,50691.703125,3476.4972851847374
H04,11,PHAandWGA,12030.6474609375,675.7264706703882
H04,11,SYTO,5997.63818359375,329.83564202395786
H04,12,CONC,2419.197265625,48.45769612211772
H04,12,HOECHST,1793.9586181640625,35.23792257127073
H04,12,MITO,52018.125,3374.2647542371365
H04,12,PHAandWGA,11751.0791015625,646.0351115323024
H04,12,SYTO,6069.1826171875,313.99917797437905
H04,13,CONC,2441.739990234375,46.81249106953669
H04,13,HOECHST,1805.87744140625,33.645388184648915
H04,13,MITO,52286.578125,3246.497968635257
H04,13,PHAandWGA,11735.869140625,617.2601672495258
H04,13,SYTO,6114.224609375,298.98217626143446
H04,14,CONC,2469.01611328125,45.00986496967723
H04,14,HOECHST,1819.34716796875,32.11930866848436
H04,14,MITO,53205.10546875,3128.2672517285973
H04,14,PHAandWGA,11581.970703125,588.5702406092878
H04,14,SYTO,6176.28955078125,283.78856732786954
H04,15,CONC,2502.00146484375,43.120975519276506
H04,15,HOECHST,1848.376220703125,30.592910623485764
H04,15,MITO,52719.3046875,2962.1506395881297
H04,15,PHAandWGA,11421.32421875,556.3929200846766
H04,15,SYTO,6238.43701171875,267.41696708462223
H05,0,CONC,8035.15625,84.89673465891752
H05,0,HOECHST,4836.05712890625,83.62785967846497
H05,0,MITO,97927.5859375,1886.0362918953617
H05,0,PHAandWGA,37586.3828125,697.7125880710839
H05,0,SYTO,23414.228515625,487.42923120494197
H05,1,CONC,8993.359375,132.9763746650014
H05,1,HOECHST,5352.26220703125,125.45738295704501
H05,1,MITO,104705.8125,2545.939455167834
H05,1,PHAandWGA,40501.87890625,923.640179566132
H05,1,SYTO,25878.19140625,696.1394911382987
H05,2,CONC,10275.302734375,195.9580448468966
H05,2,HOECHST,6034.10546875,174.42687941648978
H05,2,MITO,113329.71875,3193.6479231371213
H05,2,PHAandWGA,43907.515625,1213.1830002114639
H05,2,SYTO,29576.55078125,962.6749000544986
H05,3,CONC,11392.1767578125,220.44525921900515
H05,3,HOECHST,6804.58935546875,210.56588065961816
H05,3,MITO,124260.5546875,3432.3470297634535
H05,3,PHAandWGA,47768.52734375,1384.6929917266261
H05,3,SYTO,33492.6328125,1114.3968306201377
H05,4,CONC,12060.6240234375,217.47506080796626
H05,4,HOECHST,7297.61474609375,208.31717243639923
H05,4,MITO,130301.7734375,3382.329487097853
H05,4,PHAandWGA,51103.66796875,1425.2532403149005
H05,4,SYTO,37198.9609375,1123.0881288660373
H05,5,CONC,12454.05078125,199.50183073402857
H05,5,HOECHST,7694.4931640625,200.58263435934214
H05,5,MITO,135663.0625,3244.6366899149675
H05,5,PHAandWGA,53920.390625,1392.2873860475902
H05,5,SYTO,39432.62109375,1069.7601707484066
H05,6,CONC,12772.8193359375,183.86840158229344
H05,6,HOECHST,7904.03271484375,187.05543073771526
H05,6,MITO,139551.96875,3055.8225487090763
H05,6,PHAandWGA,56652.58203125,1329.1858704177066
H05,6,SYTO,41816.578125,998.4800778305018
H05,7,CONC,12945.48828125,168.35123623802684
H05,7,HOECHST,7986.25390625,171.39259267515723
H05,7,MITO,142010.40625,2833.9913717654163
H05,7,PHAandWGA,58836.828125,1260.7780619289158
H05,7,SYTO,43796.7578125,920.9166952351397
H05,8,CONC,13025.1689453125,152.77479517985947
H05,8,HOECHST,8075.82177734375,156.10623403642606
H05,8,MITO,143323.78125,2636.828244015591
H05,8,PHAandWGA,59615.44140625,1193.2392066568611
H05,8,SYTO,44578.765625,844.7412974702328
H05,9,CONC,13035.419921875,138.87254304553213
H05,9,HOECHST,8163.890625,142.88934449227602
H05,9,MITO,145064.84375,2489.9679307253964
H05,9,PHAandWGA,61551.50390625,1115.648363269062
H05,9,SYTO,45526.23046875,773.6660757491221
H05,10,CONC,12950.9931640625,126.74282354705409
H05,10,HOECHST,8188.298828125,132.31519595289367
H05,10,MITO,146832.5625,2351.7008580691177
H05,10,PHAandWGA,61840.5390625,1044.9013390872165
H05,10,SYTO,45844.390625,709.3549009709997
H05,11,CONC,12892.6796875,116.16233957180854
H05,11,HOECHST,8204.0927734375,121.9811597081521
H05,11,MITO,147579.703125,2235.409745141185
H05,11,PHAandWGA,63541.5234375,986.3367534194465
H05,11,SYTO,46954.75,657.0506312152806
H05,12,CONC,12766.939453125,107.46640718770706
H05,12,HOECHST,8221.625,113.75109001050367
H05,12,MITO,146988.8125,2136.752313238056
H05,12,PHAandWGA,63831.6328125,933.2218979569581
H05,12,SYTO,46536.78125,611.5840080104305
H05,13,CONC,12638.1396484375,99.794934916862
H05,13,HOECHST,8289.0693359375,107.17551884477419
H05,13,MITO,148973.40625,2057.243086122444
H05,13,PHAandWGA,64122.234375,890.0460566152767
H05,13,SYTO,46632.94921875,571.7764051304837
H05,14,CONC,12635.8193359375,93.61781350082552
H05,14,HOECHST,8310.7275390625,101.61985556398362
H05,14,MITO,148738.734375,1968.652028423985
H05,14,PHAandWGA,64182.0390625,851.8397910469112
H05,14,SYTO,46585.671875,539.7411302825868
H05,15,CONC,12656.81640625,88.12019366284639
H05,15,HOECHST,8370.9765625,96.33509665827846
H05,15,MITO,149798.21875,1892.2348017628265
H05,15,PHAandWGA,64687.328125,819.1896286214381
H05,15,SYTO,47145.546875,509.19613065339723
H06,0,CONC,9491.8154296875,99.62115851854648
H06,0,HOECHST,5773.732421875,103.35866105580021
H06,0,MITO,107413.984375,2062.1847444253895
H06,0,PHAandWGA,41390.046875,774.8331877394364
H06,0,SYTO,28277.95703125,594.7028919093543
H06,1,CONC,10180.615234375,115.93109449649164
H06,1,HOECHST,6134.64892578125,118.7116217762169
H06,1,MITO,111764.625,2225.6200698676803
H06,1,PHAandWGA,43359.9609375,869.1712173386417
H06,1,SYTO,30232.298828125,681.5596477720477
H06,2,CONC,10798.830078125,128.3329033987339
H06,2,HOECHST,6523.75146484375,131.14411455342417
H06,2,MITO,117451.3984375,2348.9758257094245
H06,2,PHAandWGA,45976.33203125,945.2763994374706
H06,2,SYTO,32830.6484375,750.6420567801915
H06,3,CONC,11336.8974609375,131.64015844451478
H06,3,HOECHST,6899.865234375,138.26509922842786
H06,3,MITO,121992.390625,2362.2653433478786
H06,3,PHAandWGA,47610.58984375,979.9409088124132
H06,3,SYTO,34998.58984375,782.6914636637814
H06,4,CONC,11795.177734375,128.85413295287083
H06,4,HOECHST,7225.71142578125,139.11994343855943
H06,4,MITO,124597.0625,2328.036422149771
H06,4,PHAandWGA,50067.9453125,986.4230072731173
H06,4,SYTO,37451.6640625,779.9033155732795
H06,5,CONC,12122.05078125,124.26890905850092
H06,5,HOECHST,7479.52685546875,135.46403163720697
H06,5,MITO,128288.125,2272.0495292560468
H06,5,PHAandWGA,52242.3828125,972.8101747059646
H06,5,SYTO,39146.57421875,759.1754756155428
H06,6,CONC,12386.39453125,118.96850085127257
H06,6,HOECHST,7668.56298828125,131.2436871583801
H06,6,MITO,131911.53125,2215.651095928559
H06,6,PHAandWGA,54212.96875,948.5500990177294
H06,6,SYTO,40278.5390625,729.664696062854
H06,7,CONC,12611.40625,113.03537150080466
H06,7,HOECHST,7883.2734375,126.1476071805001
H06,7,MITO,135449.5625,2147.4566017598054
H06,7,PHAandWGA,54935.171875,913.6148896586291
H06,7,SYTO,41676.57421875,697.333756768444
H06,8,CONC,12882.96875,107.40792600181524
H06,8,HOECHST,8080.86572265625,121.4658677299601
H06,8,MITO,138254.71875,2080.2092085838453
H06,8,PHAandWGA,57172.796875,886.2326567606086
H06,8,SYTO,43458.7265625,664.8543009694646
H06,9,CONC,13025.06640625,101.89914718384179
H06,9,HOECHST,8237.6083984375,116.45118511085477
H06,9,MITO,140483.625,2003.4382486991858
H06,9,PHAandWGA,58763.7265625,854.3127860860523
H06,9,SYTO,43783.0703125,633.7392618802475
H06,10,CONC,13228.90234375,96.31025001829127
H06,10,HOECHST,8372.087890625,111.36866481753181
H06,10,MITO,142255.21875,1925.4429740838416
H06,10,PHAandWGA,59291.09765625,821.8999897782073
H06,10,SYTO,44497.0390625,601.8462934356288
H06,11,CONC,13352.767578125,90.99813665856202
H06,11,HOECHST,8519.2734375,106.16640630880023
H06,11,MITO,144856.21875,1848.5215039210439
H06,11,PHAandWGA,61300.5078125,787.8215467573023
H06,11,SYTO,45763.484375,569.9309392974076
H06,12,CONC,13471.81640625,86.35713518096347
H06,12,HOECHST,8655.552734375,101.67666236677508
H06,12,MITO,147075.109375,1778.0607982813622
H06,12,PHAandWGA,62075.1484375,756.0118984056854
H06,12,SYTO,46269.5546875,540.3946606156843
H06,13,CONC,13593.4228515625,82.31820242646205
H06,13,HOECHST,8775.79296875,97.38402101633154
H06,13,MITO,148390.46875,1711.361115436595
H06,13,PHAandWGA,62849.58203125,729.5667505170676
H06,13,SYTO,46673.34765625,513.7029166803824
H06,14,CONC,13750.009765625,78.49133558493368
H06,14,HOECHST,8920.759765625,93.54657474575654
H06,14,MITO,151040.53125,1637.0622607896469
H06,14,PHAandWGA,63851.32421875,701.5990588267434
H06,14,SYTO,47335.6640625,487.70398489956295
H06,15,CONC,13904.779296875,75.15426814907538
H06,15,HOECHST,9031.5712890625,90.03317165924386
H06,15,MITO,151460.140625,1568.357659083535
H06,15,PHAandWGA,64499.36328125,677.7361813905427
H06,15,SYTO,47278.73046875,465.930744977377
H07,0,CONC,10372.294921875,109.24466457967507
H07,0,HOECHST,6397.41064453125,113.92878235015118
H07,0,MITO,110534.859375,1689.3272842786666
H07,0,PHAandWGA,42752.7265625,720.6192438052236
H07,0,SYTO,31445.2890625,623.4447038692947
H07,1,CONC,11715.005859375,167.1908418375992
H07,1,HOECHST,7244.6416015625,175.13318834391578
H07,1,MITO,116507.359375,2228.461559520832
H07,1,PHAandWGA,46252.4296875,962.1687444819257
H07,1,SYTO,34834.73046875,878.0349774663764
H07,2,CONC,13364.109375,229.93391095763485
H07,2,HOECHST,8150.91162109375,222.06349012938222
H07,2,MITO,126347.4453125,2664.5713832191454
H07,2,PHAandWGA,51440.65234375,1231.213811085359
H07,2,SYTO,38819.6953125,1131.334445909144
H07,3,CONC,14618.44921875,250.1371192573783
H07,3,HOECHST,8918.82421875,239.82920349444527
H07,3,MITO,132054.90625,2724.2548880830104
H07,3,PHAandWGA,54814.8515625,1329.414579620665
H07,3,SYTO,42868.45703125,1219.6221102499574
H07,4,CONC,15512.61328125,238.4382197959472
H07,4,HOECHST,9654.23046875,241.2930916006462
H07,4,MITO,140981.4375,2709.8978477931896
H07,4,PHAandWGA,58900.0078125,1331.0828315834021
H07,4,SYTO,47469.328125,1187.3911937433832
H07,5,CONC,16119.826171875,221.78322428806922
H07,5,HOECHST,10209.572265625,231.78771104708713
H07,5,MITO,146349.265625,2607.8147733665255
H07,5,PHAandWGA,61809.45703125,1266.0972169642152
H07,5,SYTO,50001.68359375,1111.4732499036043
H07,6,CONC,16475.658203125,200.05811386648858
H07,6,HOECHST,10510.654296875,209.05243763560733
H07,6,MITO,151733.984375,2455.462862001544
H07,6,PHAandWGA,64623.34765625,1191.4158340695838
H07,6,SYTO,52959.8671875,1016.2618323034181
H07,7,CONC,16647.51171875,182.77697531633103
H07,7,HOECHST,10669.4677734375,187.41635812210868
H07,7,MITO,155016.71875,2320.6031745957703
H07,7,PHAandWGA,67034.640625,1103.3802290154424
H07,7,SYTO,54359.64453125,918.5471556018772
H07,8,CONC,16842.626953125,160.81688437210755
H07,8,HOECHST,10746.73046875,169.1288089905495
H07,8,MITO,159349.515625,2155.2008092110304
H07,8,PHAandWGA,68642.1171875,1003.4930645073646
H07,8,SYTO,54770.7890625,817.3860818915738
H07,9,CONC,16705.59765625,141.38350157208345
H07,9,HOECHST,10850.9423828125,152.5755479621383
H07,9,MITO,161943.390625,1994.6072983586448
H07,9,PHAandWGA,69020.15625,913.6864092961404
H07,9,SYTO,56285.38671875,727.8428893194898
H07,10,CONC,16657.130859375,128.06045548163348
H07,10,HOECHST,10819.279296875,139.40331743725469
H07,10,MITO,163198.859375,1897.9096760103794
H07,10,PHAandWGA,69637.859375,852.8568076153238
H07,10,SYTO,57070.203125,665.0916416150659
H07,11,CONC,16395.4140625,116.33761427660106
H07,11,HOECHST,10735.3193359375,128.03795318969426
H07,11,MITO,162459.03125,1786.8651838271337
H07,11,PHAandWGA,70023.03125,796.967205997412
H07,11,SYTO,56826.3671875,610.5724722855157
H07,12,CONC,16232.2705078125,106.7327856100816
H07,12,HOECHST,10716.0947265625,119.36600756813259
H07,12,MITO,164918.359375,1706.1609812412162
H07,12,PHAandWGA,69498.578125,750.2823715308467
H07,12,SYTO,56523.21875,570.0825306049085
H07,13,CONC,16078.802734375,98.90085760949226
H07,13,HOECHST,10701.8564453125,111.47206197614635
H07,13,MITO,164750.8125,1621.955821645334
H07,13,PHAandWGA,70675.7265625,714.8010798821138
H07,13,SYTO,55293.984375,534.3573816603708
H07,14,CONC,15984.1591796875,92.74130239137178
H07,14,HOECHST,10683.3193359375,105.1110716445326
H07,14,MITO,164013.875,1553.6511970901888
H07,14,PHAandWGA,70757.6796875,684.3016769667297
H07,14,SYTO,55182.71875,505.3923582314042
H07,15,CONC,15970.986328125,87.7269774133306
H07,15,HOECHST,10687.5693359375,100.48348030182505
H07,15,MITO,165555.671875,1485.8715697395296
H07,15,PHAandWGA,70715.953125,658.1745920060656
H07,15,SYTO,55086.15234375,481.41830289085163
H08,0,CONC,7051.7138671875,80.30248929945098
H08,0,HOECHST,4637.76953125,84.37918107707489
H08,0,MITO,87802.734375,1776.3882234819202
H08,0,PHAandWGA,31397.64453125,692.883546073987
H08,0,SYTO,20581.65234375,482.6791551302826
H08,1,CONC,7965.3935546875,126.90853537588895
H08,1,HOECHST,5048.5947265625,122.82579936531002
H08,1,MITO,92701.765625,2475.1328218535623
H08,1,PHAandWGA,33310.23046875,875.9644494646554
H08,1,SYTO,22791.548828125,663.5431551252482
H08,2,CONC,9380.103515625,212.94556612571353
H08,2,HOECHST,5908.78662109375,202.82147105598992
H08,2,MITO,103465.4296875,3473.946677779502
H08,2,PHAandWGA,36869.78515625,1216.1392830480386
H08,2,SYTO,26197.58203125,989.480472262026
H08,3,CONC,10647.5478515625,264.15825756628726
H08,3,HOECHST,6803.7646484375,269.4757751259335
H08,3,MITO,114553.328125,4018.2765342157627
H08,3,PHAandWGA,40815.1875,1506.0729233363165
H08,3,SYTO,30020.509765625,1254.411239062841
H08,4,CONC,11456.01953125,274.4813297780529
H08,4,HOECHST,7283.21484375,268.9653331752502
H08,4,MITO,120470.375,4157.637458299913
H08,4,PHAandWGA,45019.46875,1633.6304004530964
H08,4,SYTO,33245.390625,1335.5662421876941
H08,5,CONC,12098.482421875,258.3843728789913
H08,5,HOECHST,7809.1689453125,264.89655639673174
H08,5,MITO,125861.921875,4010.8295844097634
H08,5,PHAandWGA,47374.0078125,1605.0427025207134
H08,5,SYTO,36049.828125,1293.225257451849
H08,6,CONC,12691.275390625,246.64541209884226
H08,6,HOECHST,8288.89453125,259.18114581692015
H08,6,MITO,134433.96875,4052.755651638763
H08,6,PHAandWGA,50705.390625,1568.6727864807635
H08,6,SYTO,39826.9375,1224.486214562852
H08,7,CONC,12962.552734375,230.41611328393503
H08,7,HOECHST,8418.1484375,238.33836308369266
H08,7,MITO,137600.484375,3894.454321799552
H08,7,PHAandWGA,53730.41015625,1505.3282949489878
H08,7,SYTO,41305.5625,1139.8516902776548
H08,8,CONC,12984.505859375,208.29851933437166
H08,8,HOECHST,8616.75,225.53955276705634
H08,8,MITO,139077.734375,3681.915929790458
H08,8,PHAandWGA,54071.10546875,1422.1116786587568
H08,8,SYTO,41709.75,1053.0179565841465
H08,9,CONC,12818.365234375,185.66739634233156
H08,9,HOECHST,8441.427734375,197.85007805203324
H08,9,MITO,140369.8125,3463.947987764943
H08,9,PHAandWGA,55902.9765625,1345.305677979787
H08,9,SYTO,42857.828125,966.4508120184053
H08,10,CONC,12501.927734375,166.0443747559686
H08,10,HOECHST,8355.1123046875,178.03319099110925
H08,10,MITO,139410.375,3247.105316580924
H08,10,PHAandWGA,55415.671875,1260.4442126501053
H08,10,SYTO,43023.484375,881.8526294231747
H08,11,CONC,12229.765625,147.49794853818238
H08,11,HOECHST,8299.3291015625,162.07721805168947
H08,11,MITO,138696.78125,3043.2753404161567
H08,11,PHAandWGA,56105.60546875,1181.336760866096
H08,11,SYTO,42907.015625,808.92448567461
H08,12,CONC,12012.423828125,134.23146406418635
H08,12,HOECHST,8248.212890625,148.46080278432285
H08,12,MITO,139034.765625,2863.3693469566265
H08,12,PHAandWGA,56533.25,1113.5658428434203
H08,12,SYTO,43159.55078125,749.7522178173668
H08,13,CONC,11921.2607421875,123.55596580943035
H08,13,HOECHST,8197.4921875,136.95218261287815
H08,13,MITO,140206.46875,2689.1579671350974
H08,13,PHAandWGA,56399.3125,1049.9509576338974
H08,13,SYTO,42382.359375,693.206289303541
H08,14,CONC,11860.12890625,115.0468044169231
H08,14,HOECHST,8181.88427734375,128.4584122899193
H08,14,MITO,140809.25,2546.1632683502876
H08,14,PHAandWGA,56472.68359375,998.2263328301794
H08,14,SYTO,42897.6171875,651.0053302443002
H08,15,CONC,11781.978515625,108.1012800734223
H08,15,HOECHST,8256.43359375,121.42043586127818
H08,15,MITO,139929.203125,2397.4025338814076
H08,15,PHAandWGA,56227.1484375,955.1026138752
H08,15,SYTO,41878.3359375,613.4080128593079
H09,0,CONC,4348.7060546875,57.99496335957294
H09,0,HOECHST,3024.71533203125,69.95052341568021
H09,0,MITO,70475.296875,2444.445217191537
H09,0,PHAandWGA,20887.251953125,702.5990523594908
H09,0,SYTO,10799.650390625,414.3460150051388
H09,1,CONC,4709.1171875,82.13438195965088
H09,1,HOECHST,3279.770751953125,96.88622181407716
H09,1,MITO,72543.109375,3063.2012804337496
H09,1,PHAandWGA,22042.796875,856.8306369466865
H09,1,SYTO,12604.982421875,557.9972084328297
H09,2,CONC,5284.63037109375,123.5796474190131
H09,2,HOECHST,3666.95654296875,139.751719123497
H09,2,MITO,80273.8359375,3975.507239687146
H09,2,PHAandWGA,24190.1953125,1127.079132716077
H09,2,SYTO,15429.6669921875,792.6493306421179
H09,3,CONC,5809.22265625,151.74623217513454
H09,3,HOECHST,4055.80419921875,168.32928357193794
H09,3,MITO,85964.53125,4485.778945422826
H09,3,PHAandWGA,26362.525390625,1352.8223040211728
H09,3,SYTO,17645.6640625,961.1641034142469
H09,4,CONC,6106.203125,156.4135433396187
H09,4,HOECHST,4357.9287109375,185.4764607896473
H09,4,MITO,89220.2421875,4568.084326180339
H09,4,PHAandWGA,28377.7265625,1431.6285291368415
H09,4,SYTO,19745.2890625,1016.326194834079
H09,5,CONC,6326.1796875,153.92050050378484
H09,5,HOECHST,4558.978515625,183.05932248334614
H09,5,MITO,93804.015625,4586.211286782965
H09,5,PHAandWGA,30360.82421875,1454.78849949375
H09,5,SYTO,21458.75,999.7834020660902
H09,6,CONC,6456.140625,150.05900889286244
H09,6,HOECHST,4693.59228515625,176.78131881754777
H09,6,MITO,96617.9453125,4536.364963980412
H09,6,PHAandWGA,31924.02734375,1431.8182504872866
H09,6,SYTO,23199.12890625,959.006809794719
H09,7,CONC,6558.8798828125,143.49542031038519
H09,7,HOECHST,4828.9111328125,169.5603636561595
H09,7,MITO,98287.015625,4425.6057721211155
H09,7,PHAandWGA,32903.65625,1397.3046185819771
H09,7,SYTO,24080.62890625,910.836227762494
H09,8,CONC,6587.455078125,137.29449709097028
H09,8,HOECHST,4905.234375,163.0423406025268
H09,8,MITO,99777.4609375,4359.508559505215
H09,8,PHAandWGA,34237.07421875,1359.8199887378394
H09,8,SYTO,25337.58203125,866.2656904329856
H09,9,CONC,6610.5546875,131.00880762677906
H09,9,HOECHST,4933.69140625,153.6880780654648
H09,9,MITO,101513.46875,4240.271116938097
H09,9,PHAandWGA,34240.08203125,1322.4639147205162
H09,9,SYTO,25239.6640625,820.3105642243294
H09,10,CONC,6599.82568359375,124.53316765618273
H09,10,HOECHST,4977.40625,145.48144454752443
H09,10,MITO,102446.9921875,4141.834949191971
H09,10,PHAandWGA,35334.359375,1280.7118388731362
H09,10,SYTO,25247.0,773.8309285538322
H09,11,CONC,6648.4853515625,119.14470022685916
H09,11,HOECHST,5010.0654296875,138.10808941668847
H09,11,MITO,103916.25,4041.3545867780017
H09,11,PHAandWGA,35851.25,1237.839811368984
H09,11,SYTO,24624.158203125,729.992920829552
H09,12,CONC,6699.87255859375,114.02657925137116
H09,12,HOECHST,5025.5009765625,131.62079874639792
H09,12,MITO,104087.96875,3936.144392355782
H09,12,PHAandWGA,36419.96484375,1198.5694461550643
H09,12,SYTO,23950.97265625,693.5279464887434
H09,13,CONC,6720.82958984375,108.68237637317934
H09,13,HOECHST,5063.0771484375,125.68640633061027
H09,13,MITO,104307.734375,3801.7858693769977
H09,13,PHAandWGA,36595.1640625,1161.9990557213296
H09,13,SYTO,23484.1328125,658.2730220670554
H09,14,CONC,6761.88916015625,104.0819078975053
H09,14,HOECHST,5078.2177734375,120.64607636275544
H09,14,MITO,104693.796875,3659.0592726345076
H09,14,PHAandWGA,36320.0234375,1130.002084430726
H09,14,SYTO,22808.4375,628.4477852074747
H09,15,CONC,6770.0615234375,99.15436758477092
H09,15,HOECHST,5117.8349609375,115.95558847599621
H09,15,MITO,105764.109375,3540.8614381907896
H09,15,PHAandWGA,36758.46484375,1089.3673099308169
H09,15,SYTO,22513.13671875,596.8726328803357
H10,0,CONC,7183.81982421875,54.390936131865914
H10,0,HOECHST,5310.890625,65.36522983773042
H10,0,MITO,91169.25,1117.1926726776267
H10,0,PHAandWGA,38641.71875,532.0424583168463
H10,0,SYTO,25564.4765625,397.1478500223288
H10,1,CONC,7827.15625,76.2078453768242
H10,1,HOECHST,5689.462890625,89.05679612159767
H10,1,MITO,94584.6328125,1335.3091881497674
H10,1,PHAandWGA,40940.2265625,637.490179464273
H10,1,SYTO,27615.384765625,516.6159518839996
H10,2,CONC,8681.0546875,106.22327672481245
H10,2,HOECHST,6270.92138671875,120.29865465529882
H10,2,MITO,101407.0,1623.0708617290675
H10,2,PHAandWGA,44296.2109375,797.8695940467865
H10,2,SYTO,30744.34375,681.2745352873334
H10,3,CONC,9746.619140625,137.44483722033164
H10,3,HOECHST,7002.41259765625,149.0447470787741
H10,3,MITO,109173.859375,1921.2154937743721
H10,3,PHAandWGA,48430.5546875,958.5569196720414
H10,3,SYTO,35349.9765625,838.372628504187
H10,4,CONC,10615.076171875,146.36241728679892
H10,4,HOECHST,7632.09423828125,162.16224232210806
H10,4,MITO,117378.265625,2042.169492318683
H10,4,PHAandWGA,52192.3359375,1022.0556484482737
H10,4,SYTO,38960.3515625,887.8794148579112
H10,5,CONC,11144.236328125,141.61949800516587
H10,5,HOECHST,8016.220703125,157.01064532223987
H10,5,MITO,122670.1328125,2056.3953945894013
H10,5,PHAandWGA,54720.15234375,1022.6348622576904
H10,5,SYTO,42872.1640625,865.2374458399382
H10,6,CONC,11415.087890625,128.59029926381396
H10,6,HOECHST,8346.2509765625,147.26912907066813
H10,6,MITO,125698.21875,1985.4738417031056
H10,6,PHAandWGA,57577.29296875,982.6111596621901
H10,6,SYTO,45029.70703125,805.9733899182944
H10,7,CONC,11503.95703125,114.48072890643007
H10,7,HOECHST,8532.869140625,134.9245942472404
H10,7,MITO,130171.890625,1872.4612069654395
H10,7,PHAandWGA,59923.859375,924.5697563645132
H10,7,SYTO,46905.1328125,734.0414861185922
H10,8,CONC,11632.908203125,101.75857414046135
H10,8,HOECHST,8663.05078125,123.72563984317584
H10,8,MITO,131221.265625,1757.250098166895
H10,8,PHAandWGA,61705.18359375,857.0562100919839
H10,8,SYTO,48478.71875,658.6436662139114
H10,9,CONC,11629.1337890625,91.75438558131488
H10,9,HOECHST,8738.900390625,112.7071989808611
H10,9,MITO,134327.203125,1671.4280810531702
H10,9,PHAandWGA,62887.875,802.4303299805396
H10,9,SYTO,48534.1484375,596.2933748208092
H10,10,CONC,11560.4365234375,81.94418476036832
H10,10,HOECHST,8837.162109375,103.07391314734049
H10,10,MITO,135367.03125,1574.2311900904767
H10,10,PHAandWGA,64053.6875,749.2151686595832
H10,10,SYTO,49993.6484375,542.2383658482931
H10,11,CONC,11595.3125,73.02230895967554
H10,11,HOECHST,8853.9765625,93.79433283608003
H10,11,MITO,136906.59375,1477.453265297723
H10,11,PHAandWGA,64130.30078125,695.7923959713958
H10,11,SYTO,50566.11328125,490.29094344744
H10,12,CONC,11469.9970703125,66.49333094982074
H10,12,HOECHST,8906.771484375,86.21822752502047
H10,12,MITO,138893.46875,1398.9686250061525
H10,12,PHAandWGA,65778.890625,653.4745390204741
H10,12,SYTO,50003.1640625,449.70365600968074
H10,13,CONC,11457.537109375,62.043191842004866
H10,13,HOECHST,8933.5537109375,81.42759669106573
H10,13,MITO,138201.828125,1336.4457084280155
H10,13,PHAandWGA,66384.0,624.021623592544
H10,13,SYTO,49999.1171875,422.85957019992486
H10,14,CONC,11458.0546875,58.51635219687808
H10,14,HOECHST,8938.013671875,77.64391338358354
H10,14,MITO,140725.5,1294.8902581808545
H10,14,PHAandWGA,66212.1796875,598.7556241158337
H10,14,SYTO,50897.1015625,400.6276251691273
H10,15,CONC,11408.7529296875,55.6090203630228
H10,15,HOECHST,9021.595703125,74.22382380744085
H10,15,MITO,140272.34375,1247.4603483232518
H10,15,PHAandWGA,65576.21875,578.1995245504467
H10,15,SYTO,50557.1640625,382.50595031377424
H11,0,CONC,4436.4912109375,89.60722689044343
H11,0,HOECHST,3328.193603515625,96.94418623707907
H11,0,MITO,74576.75,3224.575829508833
H11,0,PHAandWGA,23359.95703125,971.3521965474367
H11,0,SYTO,13544.154296875,587.9794653183588
H11,1,CONC,4769.6484375,106.75932276035742
H11,1,HOECHST,3575.84619140625,115.97421993827201
H11,1,MITO,76681.171875,3513.4347156352296
H11,1,PHAandWGA,24922.26953125,1102.3209310811146
H11,1,SYTO,15609.177734375,693.5918578838396
H11,2,CONC,5055.8134765625,118.96234710129626
H11,2,HOECHST,3818.27099609375,130.64590215255774
H11,2,MITO,81556.4921875,3748.5092798974915
H11,2,PHAandWGA,26665.658203125,1202.6994591751588
H11,2,SYTO,17430.236328125,766.6665326630538
H11,3,CONC,5256.3486328125,125.22461909763344
H11,3,HOECHST,4051.224609375,139.06063500777282
H11,3,MITO,84532.2109375,3865.2322853307855
H11,3,PHAandWGA,28046.134765625,1266.5403373707045
H11,3,SYTO,19021.75,802.4330825948832
H11,4,CONC,5450.060546875,126.99977014727185
H11,4,HOECHST,4238.169921875,143.1276378167436
H11,4,MITO,87208.8125,3876.6698289882866
H11,4,PHAandWGA,29379.453125,1291.8664143078581
H11,4,SYTO,20384.09765625,809.6136300432038
H11,5,CONC,5614.0029296875,126.19546589968753
H11,5,HOECHST,4360.30517578125,142.92583666986886
H11,5,MITO,88896.40625,3883.737390983793
H11,5,PHAandWGA,30690.07421875,1298.9953321859648
H11,5,SYTO,21643.9296875,800.560913127702
H11,6,CONC,5728.03125,124.46860752024213
H11,6,HOECHST,4496.0029296875,139.90376711365153
H11,6,MITO,90814.390625,3862.1280549680437
H11,6,PHAandWGA,32163.43359375,1298.316599174607
H11,6,SYTO,22109.1328125,780.5346828867099
H11,7,CONC,5835.25048828125,121.71908254861171
H11,7,HOECHST,4574.12158203125,136.06815724907247
H11,7,MITO,92190.375,3809.948535487611
H11,7,PHAandWGA,32926.37109375,1281.202945302325
H11,7,SYTO,22304.578125,754.6449709530292
H11,8,CONC,5933.044921875,118.59821765718563
H11,8,HOECHST,4664.671875,132.48054383103724
H11,8,MITO,94145.21875,3751.9347326072184
H11,8,PHAandWGA,34162.3984375,1259.9202475916102
H11,8,SYTO,22344.611328125,729.7991634347907
H11,9,CONC,5997.39794921875,115.23455009643985
H11,9,HOECHST,4728.1552734375,128.4049084889031
H11,9,MITO,95579.5625,3663.7784780073257
H11,9,PHAandWGA,34449.7265625,1231.3076254511761
H11,9,SYTO,22270.02734375,700.6097130790225
H11,10,CONC,6086.74072265625,111.6821618441329
H11,10,HOECHST,4806.56201171875,124.20494584126925
H11,10,MITO,96965.890625,3569.180712518538
H11,10,PHAandWGA,35461.34375,1204.225268388807
H11,10,SYTO,22040.416015625,673.2328931190237
H11,11,CONC,6159.61962890625,107.76815555234046
H11,11,HOECHST,4852.0771484375,119.46589685821841
H11,11,MITO,98670.671875,3457.8481651124657
H11,11,PHAandWGA,35908.796875,1170.192007919893
H11,11,SYTO,21749.08984375,644.2523914610634
H11,12,CONC,6178.91650390625,104.02962029818306
H11,12,HOECHST,4914.13720703125,115.00903141753786
H11,12,MITO,99052.75,3334.5451985754535
H11,12,PHAandWGA,35764.59375,1139.7879442048788
H11,12,SYTO,21560.62109375,618.504261259269
H11,13,CONC,6250.72265625,99.86556477173869
H11,13,HOECHST,4960.20556640625,109.89555609460795
H11,13,MITO,100416.3125,3197.0913693735647
H11,13,PHAandWGA,36134.74609375,1105.4319117476507
H11,13,SYTO,21542.28515625,590.2910409096071
H11,14,CONC,6328.830078125,95.74311892810888
H11,14,HOECHST,5011.81591796875,105.11951553817867
H11,14,MITO,100803.3828125,3057.061293488679
H11,14,PHAandWGA,36325.22265625,1066.0529938270934
H11,14,SYTO,21395.29296875,560.2965758348856
H11,15,CONC,6384.705078125,91.51392783320645
H11,15,HOECHST,5083.4697265625,100.40989869770219
H11,15,MITO,101992.015625,2915.7013098329367
H11,15,PHAandWGA,37113.16015625,1027.8301343738851
H11,15,SYTO,21534.37109375,532.3287894739184
H12,0,CONC,10718.0341796875,112.34344803783902
H12,0,HOECHST,7868.447265625,133.8670190778322
H12,0,MITO,128071.0078125,1437.61299949426
H12,0,PHAandWGA,54787.58984375,767.760103811499
H12,0,SYTO,39545.71484375,743.9728623414555
H12,1,CONC,11787.990234375,152.8903391940284
H12,1,HOECHST,8681.7861328125,179.54213675292087
H12,1,MITO,131175.234375,1636.9272086548747
H12,1,PHAandWGA,58138.2421875,945.8287832082282
H12,1,SYTO,43299.6875,959.6629388133057
H12,2,CONC,12785.736328125,173.92801127040545
H12,2,HOECHST,9422.5107421875,203.63041766401625
H12,2,MITO,139147.1875,1746.7082780754367
H12,2,PHAandWGA,61222.3046875,1050.120528877484
H12,2,SYTO,46779.84375,1079.893311075699
H12,3,CONC,13665.6728515625,176.4099321968543
H12,3,HOECHST,10045.0,210.54784052640852
H12,3,MITO,145403.96875,1798.3925608861255
H12,3,PHAandWGA,64859.734375,1094.3686801559759
H12,3,SYTO,50670.83203125,1112.027840682174
H12,4,CONC,14488.1396484375,168.3701076392464
H12,4,HOECHST,10743.36328125,206.20889969757758
H12,4,MITO,154225.1875,1777.8837102289122
H12,4,PHAandWGA,68627.2734375,1089.8427462751802
H12,4,SYTO,54322.80859375,1078.0541920885694
H12,5,CONC,15194.802734375,156.48295241583082
H12,5,HOECHST,11227.60546875,190.45271210522023
H12,5,MITO,159549.421875,1721.069104163667
H12,5,PHAandWGA,72977.375,1049.878446226727
H12,5,SYTO,58127.6171875,1001.3353689082264
H12,6,CONC,15626.80859375,139.45661209718227
H12,6,HOECHST,11633.3017578125,179.30845324156044
H12,6,MITO,164544.25,1598.2776564421595
H12,6,PHAandWGA,74918.6875,976.7239590864114
H12,6,SYTO,59404.765625,902.6132903745786
H12,7,CONC,15798.8994140625,119.09039792955393
H12,7,HOECHST,11937.05078125,161.0646568862977
H12,7,MITO,169006.9375,1458.9770732674024
H12,7,PHAandWGA,77436.046875,889.3328327307643
H12,7,SYTO,61483.94140625,791.2569807697042
H12,8,CONC,15927.3515625,102.59921401389066
H12,8,HOECHST,12116.2421875,143.02762315578295
H12,8,MITO,172036.15625,1320.509629601509
H12,8,PHAandWGA,79060.46875,806.1885121729193
H12,8,SYTO,63347.40625,702.574430668038
H12,9,CONC,15912.80859375,87.25825501468033
H12,9,HOECHST,12272.78515625,128.1215404977392
H12,9,MITO,174512.6875,1199.6342707964004
H12,9,PHAandWGA,81528.828125,722.6210125219676
H12,9,SYTO,64357.9921875,614.1136112468675
H12,10,CONC,15875.42578125,75.56713544441229
H12,10,HOECHST,12374.83203125,116.26266006802794
H12,10,MITO,177745.4375,1107.765099320281
H12,10,PHAandWGA,83111.421875,655.871937168702
H12,10,SYTO,65121.98828125,541.8988041593263
H12,11,CONC,15788.505859375,68.73818027111291
H12,11,HOECHST,12366.921875,108.26105282511139
H12,11,MITO,178242.75,1054.360707305747
H12,11,PHAandWGA,83285.625,611.7994758193767
H12,11,SYTO,65289.37890625,495.2157329844219
H12,12,CONC,15708.8740234375,64.15409309989177
H12,12,HOECHST,12461.9326171875,101.78186048577143
H12,12,MITO,179707.78125,1025.7044722134983
H12,12,PHAandWGA,84070.328125,582.1193073907507
H12,12,SYTO,65472.6015625,466.1543284177036
H12,13,CONC,15609.1357421875,59.91553808769613
H12,13,HOECHST,12457.7802734375,97.08177742171422
H12,13,MITO,180998.96875,988.2714016929461
H12,13,PHAandWGA,83275.5625,554.7815570338572
H12,13,SYTO,64478.41796875,439.8557669237217
H12,14,CONC,15518.85546875,56.099366945350106
H12,14,HOECHST,12563.68359375,92.60539624736369
H12,14,MITO,182202.0625,947.5824983487333
H12,14,PHAandWGA,84651.15625,529.1872278902079
H12,14,SYTO,65412.4765625,415.359258462473
H12,15,CONC,15520.580078125,52.641347441808584
H12,15,HOECHST,12702.5,88.22701197284708
H12,15,MITO,183354.5,902.2385464339967
H12,15,PHAandWGA,83784.640625,504.64006834866245
H12,15,SYTO,65823.046875,391.5564497597286
H13,0,CONC,2995.286865234375,92.39454312980867
H13,0,HOECHST,2124.40380859375,73.96914119775434
H13,0,MITO,46994.453125,3181.8570333513703
H13,0,PHAandWGA,12702.0263671875,825.804519168156
H13,0,SYTO,6154.3408203125,429.3954463301289
H13,1,CONC,3507.1875,165.4996284275737
H13,1,HOECHST,2413.869140625,133.48164864629013
H13,1,MITO,51625.5,4379.8108512597955
H13,1,PHAandWGA,14130.720703125,1222.060686525241
H13,1,SYTO,8154.8037109375,738.8281954641902
H13,2,CONC,4076.34765625,238.66519276254272
H13,2,HOECHST,2824.13720703125,215.9860004485462
H13,2,MITO,57002.58203125,5548.402529187464
H13,2,PHAandWGA,16135.84375,1650.2952844621057
H13,2,SYTO,10252.634765625,1063.5682871112958
H13,3,CONC,4597.28125,287.8330210596681
H13,3,HOECHST,3219.558837890625,256.6308227941532
H13,3,MITO,61792.32421875,6441.055342107095
H13,3,PHAandWGA,18340.67578125,1948.2838850856872
H13,3,SYTO,12494.62109375,1254.557829016433
H13,4,CONC,5065.55419921875,319.89494435187555
H13,4,HOECHST,3624.68994140625,296.0112275516246
H13,4,MITO,67739.046875,7103.662997005575
H13,4,PHAandWGA,20702.05078125,2132.980277127118
H13,4,SYTO,14600.97265625,1358.7599269040527
H13,5,CONC,5282.22021484375,324.71645806163934
H13,5,HOECHST,3760.642822265625,298.2869981021274
H13,5,MITO,70802.6875,7337.119948940435
H13,5,PHAandWGA,22444.453125,2191.2319370463642
H13,5,SYTO,16055.099609375,1361.559764322233
H13,6,CONC,5335.212890625,311.5246015179738
H13,6,HOECHST,3884.01611328125,290.3480511368457
H13,6,MITO,73824.4140625,7359.984378261371
H13,6,PHAandWGA,23741.7578125,2163.509400504509
H13,6,SYTO,17051.4921875,1317.6202223401956
H13,7,CONC,5346.1650390625,298.05730465479115
H13,7,HOECHST,3950.531982421875,277.518078710906
H13,7,MITO,75021.9140625,7287.376252730443
H13,7,PHAandWGA,24754.09765625,2178.352794532503
H13,7,SYTO,17694.6328125,1262.553277370968
H13,8,CONC,5274.96484375,277.8629830562351
H13,8,HOECHST,3967.38916015625,263.0874905159971
H13,8,MITO,75538.2890625,7130.323263854961
H13,8,PHAandWGA,24738.65234375,2141.008020994141
H13,8,SYTO,17805.794921875,1190.559324510178
H13,9,CONC,5189.87451171875,256.47905956758785
H13,9,HOECHST,3882.257568359375,242.18731975264805
H13,9,MITO,76221.046875,6956.969683146722
H13,9,PHAandWGA,25211.30078125,2037.1966212906632
H13,9,SYTO,17479.72265625,1102.1243488123425
H13,10,CONC,5106.3740234375,239.92424525673565
H13,10,HOECHST,3806.80322265625,220.71108052748497
H13,10,MITO,76692.359375,6801.1430369046475
H13,10,PHAandWGA,25157.3046875,2027.068538909262
H13,10,SYTO,16582.5703125,1022.3190837182995
H13,11,CONC,4979.5849609375,223.5458194478333
H13,11,HOECHST,3743.10986328125,204.08709635324246
H13,11,MITO,76763.9609375,6572.191473532149
H13,11,PHAandWGA,24764.06640625,1865.604047700806
H13,11,SYTO,15414.064453125,940.7183143663939
H13,12,CONC,4880.513671875,208.73875315076785
H13,12,HOECHST,3689.23388671875,187.69194086074322
H13,12,MITO,75710.0,6343.310300369239
H13,12,PHAandWGA,24471.33984375,1747.5153673636314
H13,12,SYTO,14372.41015625,867.0987563852672
H13,13,CONC,4832.2333984375,195.49662530137448
H13,13,HOECHST,3650.98388671875,173.6585529317319
H13,13,MITO,76136.984375,6083.568355127229
H13,13,PHAandWGA,23708.79296875,1652.8664389475268
H13,13,SYTO,13262.4951171875,803.5872356714589
H13,14,CONC,4798.84765625,182.80771320552
H13,14,HOECHST,3644.939453125,160.84997439013196
H13,14,MITO,75803.0390625,5793.253030308372
H13,14,PHAandWGA,23292.5703125,1553.1505141777016
H13,14,SYTO,12498.07421875,744.8114887084496
H13,15,CONC,4801.9443359375,170.85304794942493
H13,15,HOECHST,3648.404296875,149.73560371933078
H13,15,MITO,75116.921875,5514.2097799041
H13,15,PHAandWGA,23011.03515625,1451.2783823147188
H13,15,SYTO,12032.1787109375,688.1853879940246
H14,0,CONC,4710.78173828125,79.56780824377327
H14,0,HOECHST,3734.04052734375,100.4779223391693
H14,0,MITO,74960.3515625,2698.843936638585
H14,0,PHAandWGA,24699.33984375,815.1624245203433
H14,0,SYTO,13821.11328125,505.39500771746447
H14,1,CONC,5104.25,103.2332688699563
H14,1,HOECHST,4064.141357421875,128.47774424434226
H14,1,MITO,78136.703125,3164.31671117835
H14,1,PHAandWGA,26199.072265625,983.079817384784
H14,1,SYTO,16511.7109375,648.7682628358101
H14,2,CONC,5476.52880859375,121.71452959310433
H14,2,HOECHST,4387.341796875,153.62309652745526
H14,2,MITO,83723.0,3529.433966441142
H14,2,PHAandWGA,28383.953125,1132.5856412180372
H14,2,SYTO,18497.40234375,767.6799040422158
H14,3,CONC,5785.6201171875,131.06329399914216
H14,3,HOECHST,4660.658203125,167.90060022468225
H14,3,MITO,87916.265625,3703.510423165485
H14,3,PHAandWGA,30426.115234375,1233.5692654398122
H14,3,SYTO,20504.982421875,827.372567023725
H14,4,CONC,6021.296875,135.24187603198206
H14,4,HOECHST,4890.8916015625,174.93970718189738
H14,4,MITO,91349.90625,3809.6984236939375
H14,4,PHAandWGA,32090.4453125,1294.996544146166
H14,4,SYTO,22133.94921875,855.8845443472109
H14,5,CONC,6250.8427734375,137.21822340953923
H14,5,HOECHST,5108.22705078125,178.481551162996
H14,5,MITO,94014.5390625,3877.750992867835
H14,5,PHAandWGA,33668.71875,1335.3000608350264
H14,5,SYTO,23982.70703125,863.6089326709667
H14,6,CONC,6418.18505859375,138.0964260494168
H14,6,HOECHST,5255.24072265625,179.81892932065588
H14,6,MITO,96516.109375,3930.4479848412275
H14,6,PHAandWGA,35107.0703125,1357.4602455950055
H14,6,SYTO,25520.171875,863.60341993021
H14,7,CONC,6544.88720703125,137.5046093314394
H14,7,HOECHST,5423.07861328125,179.9781035689638
H14,7,MITO,98068.4140625,3905.4870064310294
H14,7,PHAandWGA,36373.3046875,1354.1185264910666
H14,7,SYTO,26284.75390625,847.6435634819538
H14,8,CONC,6659.97412109375,135.37417030177494
H14,8,HOECHST,5560.71484375,178.04952371946933
H14,8,MITO,101058.5859375,3916.0103334404994
H14,8,PHAandWGA,37498.52734375,1336.4137875091408
H14,8,SYTO,27274.1484375,828.8388081281024
H14,9,CONC,6780.18798828125,132.84189686008008
H14,9,HOECHST,5643.896484375,175.04684144661908
H14,9,MITO,102170.53125,3883.5949779066973
H14,9,PHAandWGA,37847.6640625,1311.5531202584125
H14,9,SYTO,27679.04296875,800.1999584791371
H14,10,CONC,6818.93408203125,129.4450480052171
H14,10,HOECHST,5778.91015625,170.9036861535497
H14,10,MITO,103946.2578125,3826.555233835723
H14,10,PHAandWGA,39150.5546875,1283.088014530982
H14,10,SYTO,28479.021484375,774.3430466699893
H14,11,CONC,6887.45458984375,125.47697484788056
H14,11,HOECHST,5819.06787109375,165.44965476441078
H14,11,MITO,105290.109375,3749.224391580138
H14,11,PHAandWGA,39633.3046875,1245.5082767101835
H14,11,SYTO,28148.53515625,741.8920085199704
H14,12,CONC,6948.2626953125,121.0690543564318
H14,12,HOECHST,5938.34423828125,160.5270468177811
H14,12,MITO,107086.078125,3645.1838404168525
H14,12,PHAandWGA,39639.8515625,1211.122670990567
H14,12,SYTO,28446.26953125,712.6593025922888
H14,13,CONC,7040.4892578125,116.69527694930082
H14,13,HOECHST,6013.126953125,155.25144003699415
H14,13,MITO,107887.890625,3552.1346776889905
H14,13,PHAandWGA,40761.921875,1173.602822147382
H14,13,SYTO,28238.931640625,678.272791694493
H14,14,CONC,7081.8173828125,112.86509801853146
H14,14,HOECHST,6120.421875,149.87943230014116
H14,14,MITO,109525.078125,3436.870470046988
H14,14,PHAandWGA,41260.63671875,1138.6602082475656
H14,14,SYTO,28219.20703125,648.9281936058821
H14,15,CONC,7192.33984375,108.94725400661049
H14,15,HOECHST,6213.8583984375,143.9793268071612
H14,15,MITO,110945.3984375,3327.66594479815
H14,15,PHAandWGA,41553.90625,1100.922226846988
H14,15,SYTO,28081.5859375,617.347627263628
H16,0,CONC,4813.91162109375,96.56558029782423
H16,0,HOECHST,3965.11376953125,117.70351923390679
H16,0,MITO,73935.890625,2474.459489928653
H16,0,PHAandWGA,26398.0546875,993.27106901586
H16,0,SYTO,16812.71484375,679.5587061498851
H16,1,CONC,5166.400390625,117.19796076662442
H16,1,HOECHST,4271.4892578125,141.29931275361548
H16,1,MITO,77523.9296875,2762.5499834108427
H16,1,PHAandWGA,27866.40234375,1149.9237306761806
H16,1,SYTO,18454.0234375,809.2364642958012
H16,2,CONC,5483.9453125,132.61977860859992
H16,2,HOECHST,4570.40185546875,162.58366997794926
H16,2,MITO,81421.0,3008.1336332367964
H16,2,PHAandWGA,29998.212890625,1283.3550509352942
H16,2,SYTO,20321.91015625,907.8341378868906
H16,3,CONC,5763.9833984375,139.6667769435645
H16,3,HOECHST,4827.59375,175.10338543998083
H16,3,MITO,84457.015625,3181.9731482239863
H16,3,PHAandWGA,31248.044921875,1348.1319725285857
H16,3,SYTO,22241.484375,946.0067227420968
H16,4,CONC,5999.9208984375,142.77192042017663
H16,4,HOECHST,5050.537109375,182.31082750726102
H16,4,MITO,87396.03125,3297.3258125735847
H16,4,PHAandWGA,33183.65625,1384.3279672100325
H16,4,SYTO,23352.671875,956.678143009603
H16,5,CONC,6240.78515625,144.23585182140906
H16,5,HOECHST,5278.37060546875,186.8898730586765
H16,5,MITO,90867.515625,3394.7446706967944
H16,5,PHAandWGA,34409.11328125,1399.5872129943546
H16,5,SYTO,24923.51171875,951.4329999814526
H16,6,CONC,6415.529296875,144.1342424505244
H16,6,HOECHST,5487.4267578125,186.96877363709723
H16,6,MITO,94069.34375,3465.393540305366
H16,6,PHAandWGA,35721.0390625,1399.34002311494
H16,6,SYTO,26119.41015625,938.8137154314886
H16,7,CONC,6536.2705078125,143.28394270169926
H16,7,HOECHST,5615.2490234375,186.2098979600778
H16,7,MITO,95961.921875,3506.6838293135834
H16,7,PHAandWGA,37117.046875,1392.2573995011735
H16,7,SYTO,27273.4296875,915.0899068216721
H16,8,CONC,6674.60546875,141.39648943404757
H16,8,HOECHST,5771.47021484375,185.11497080061915
H16,8,MITO,99154.671875,3520.1830178091395
H16,8,PHAandWGA,38754.6328125,1371.6113467056764
H16,8,SYTO,27644.615234375,888.6695787400885
H16,9,CONC,6776.478515625,138.68889147821088
H16,9,HOECHST,5932.28564453125,182.06325940311268
H16,9,MITO,101501.890625,3516.3700584964654
H16,9,PHAandWGA,39134.546875,1351.013816582282
H16,9,SYTO,28485.814453125,864.1388447336966
H16,10,CONC,6873.9658203125,135.19015614796194
H16,10,HOECHST,6000.0517578125,178.27702979587042
H16,10,MITO,103270.578125,3491.6495343625475
H16,10,PHAandWGA,40533.328125,1327.1653200578148
H16,10,SYTO,29211.0546875,834.6019400423614
H16,11,CONC,6892.49609375,131.60797633951518
H16,11,HOECHST,6070.1708984375,174.44276877397414
H16,11,MITO,103863.125,3449.644372569384
H16,11,PHAandWGA,40851.0703125,1302.341077931813
H16,11,SYTO,29068.33203125,807.1921660885797
H16,12,CONC,7007.8251953125,127.91359620077314
H16,12,HOECHST,6170.41162109375,169.7582486354497
H16,12,MITO,105761.4296875,3378.9104718634053
H16,12,PHAandWGA,40862.68359375,1273.4733784789694
H16,12,SYTO,29286.9375,778.0150061836449
H16,13,CONC,7041.10546875,124.20034768619635
H16,13,HOECHST,6244.5869140625,164.26342415687307
H16,13,MITO,106464.7109375,3330.8281967782104
H16,13,PHAandWGA,41212.9921875,1242.8621243727134
H16,13,SYTO,29532.783203125,745.645878620894
H16,14,CONC,7154.3896484375,120.37160362004961
H16,14,HOECHST,6324.89599609375,158.77569203292114
H16,14,MITO,108020.78125,3257.31365923957
H16,14,PHAandWGA,41810.7265625,1207.7840689268437
H16,14,SYTO,29772.89453125,713.9438765832998
H16,15,CONC,7188.951171875,116.33837540141666
H16,15,HOECHST,6413.703125,152.86647664805844
H16,15,MITO,109670.890625,3165.761418794585
H16,15,PHAandWGA,41926.90625,1170.0644927232202
H16,15,SYTO,29707.4921875,680.5722127792158
H17,0,CONC,4782.04296875,95.39529136766133
H17,0,HOECHST,3189.9990234375,101.79375635490317
H17,0,MITO,73895.8359375,3412.4850372990145
H17,0,PHAandWGA,22063.392578125,1008.5479822114818
H17,0,SYTO,11713.98828125,575.8263376590849
H17,1,CONC,5473.0986328125,154.3790671282568
H17,1,HOECHST,3704.5048828125,168.8016994825843
H17,1,MITO,80881.890625,4624.359005495633
H17,1,PHAandWGA,24364.85546875,1397.1489476266447
H17,1,SYTO,14604.478515625,897.2441480127724
H17,2,CONC,6074.4248046875,186.67109466089153
H17,2,HOECHST,4241.3408203125,223.40387284144404
H17,2,MITO,87483.0,5288.354616325527
H17,2,PHAandWGA,26737.828125,1645.6226309552087
H17,2,SYTO,17455.16796875,1103.9144122129494
H17,3,CONC,6472.0732421875,200.48373998095454
H17,3,HOECHST,4597.62646484375,244.9354698272929
H17,3,MITO,93047.734375,5560.411497041842
H17,3,PHAandWGA,29635.9296875,1799.8224255154596
H17,3,SYTO,19691.33203125,1188.1207920829413
H17,4,CONC,6781.3349609375,204.19146923550417
H17,4,HOECHST,4825.29638671875,245.82145373999293
H17,4,MITO,96625.2578125,5666.411010656861
H17,4,PHAandWGA,31808.189453125,1899.1744813990963
H17,4,SYTO,21513.359375,1199.6315652728038
H17,5,CONC,6958.4482421875,200.74129670600567
H17,5,HOECHST,4927.5634765625,236.09345600636942
H17,5,MITO,98589.09375,5643.632031672609
H17,5,PHAandWGA,32917.75390625,1926.6553123487076
H17,5,SYTO,22475.2890625,1169.0011443995625
H17,6,CONC,7045.435546875,194.77708662415762
H17,6,HOECHST,5120.6025390625,230.15967220861222
H17,6,MITO,102138.203125,5589.313014708052
H17,6,PHAandWGA,34681.1328125,1878.8042872783892
H17,6,SYTO,23790.71484375,1125.238208267399
H17,7,CONC,7106.501953125,188.04598913926503
H17,7,HOECHST,5213.7470703125,223.21264962457144
H17,7,MITO,104180.234375,5530.900826358396
H17,7,PHAandWGA,35480.5625,1835.8275820541444
H17,7,SYTO,24392.94140625,1075.6570032432583
H17,8,CONC,7185.552734375,180.02281331848587
H17,8,HOECHST,5266.845703125,216.01956730378507
H17,8,MITO,105981.1015625,5429.663475920602
H17,8,PHAandWGA,36422.8046875,1781.1113912400679
H17,8,SYTO,24626.84765625,1029.4555773307811
H17,9,CONC,7138.962890625,170.41652103279557
H17,9,HOECHST,5269.60693359375,204.6441819431886
H17,9,MITO,107175.34375,5344.5481744048375
H17,9,PHAandWGA,36766.58203125,1712.9972418356635
H17,9,SYTO,24716.7109375,975.2072375141408
H17,10,CONC,7110.0361328125,162.44134125969484
H17,10,HOECHST,5295.08984375,196.55851606694915
H17,10,MITO,107937.5625,5218.125746402147
H17,10,PHAandWGA,36961.8984375,1654.2901471672146
H17,10,SYTO,24878.6484375,928.791427640119
H17,11,CONC,7065.50244140625,154.6887848924174
H17,11,HOECHST,5307.60400390625,187.51066544847154
H17,11,MITO,108860.859375,5089.653384636625
H17,11,PHAandWGA,37113.40625,1607.0453662114585
H17,11,SYTO,24493.998046875,884.8904577869791
H17,12,CONC,7048.744140625,147.76346481766475
H17,12,HOECHST,5312.951171875,177.1300301206191
H17,12,MITO,108974.53125,4958.948648997337
H17,12,PHAandWGA,37448.484375,1559.1918837365845
H17,12,SYTO,24272.00390625,840.1484988105825
H17,13,CONC,7067.974609375,140.9738481852164
H17,13,HOECHST,5333.4013671875,167.9401652618708
H17,13,MITO,109393.625,4805.213797630153
H17,13,PHAandWGA,37255.0703125,1509.8054349076858
H17,13,SYTO,23677.615234375,793.6550415657904
H17,14,CONC,7098.58251953125,133.74166137978887
H17,14,HOECHST,5344.8017578125,158.81398329583297
H17,14,MITO,110919.5390625,4638.604694135943
H17,14,PHAandWGA,37228.3671875,1460.9234923904992
H17,14,SYTO,23442.6875,747.3660715356019
H17,15,CONC,7112.423828125,127.13230453203288
H17,15,HOECHST,5376.2763671875,150.28639418341723
H17,15,MITO,112660.3828125,4491.978669577756
H17,15,PHAandWGA,37580.21484375,1407.4049365029916
H17,15,SYTO,23467.1171875,705.214468544021
H18,0,CONC,4632.0341796875,83.59817705587442
H18,0,HOECHST,3489.199462890625,93.5008879828269
H18,0,MITO,67673.921875,2345.6033101119115
H18,0,PHAandWGA,23975.615234375,839.5916739899324
H18,0,SYTO,13651.388671875,530.8440774437902
H18,1,CONC,4962.8515625,106.19542891660898
H18,1,HOECHST,3760.589599609375,117.24558590306209
H18,1,MITO,70375.140625,2679.0876046216754
H18,1,PHAandWGA,25729.0546875,985.3436573951251
H18,1,SYTO,15770.47265625,667.4722040476139
H18,2,CONC,5393.904296875,131.0818063210314
H18,2,HOECHST,4105.35400390625,146.7506077337749
H18,2,MITO,74843.5546875,3072.7496979613215
H18,2,PHAandWGA,27447.51953125,1161.1644216388247
H18,2,SYTO,17804.671875,817.8203811766839
H18,3,CONC,5786.07177734375,149.91851270996443
H18,3,HOECHST,4452.25390625,171.94331364107953
H18,3,MITO,79578.265625,3354.261216569451
H18,3,PHAandWGA,29301.15234375,1306.4744542006915
H18,3,SYTO,19877.29296875,928.1080089440836
H18,4,CONC,6103.9150390625,160.40755332566525
H18,4,HOECHST,4739.548828125,184.91666824386445
H18,4,MITO,81892.4921875,3503.3794238457017
H18,4,PHAandWGA,31028.58203125,1396.8730241614373
H18,4,SYTO,21613.51171875,982.954220303189
H18,5,CONC,6351.0927734375,165.77840470549742
H18,5,HOECHST,4965.5859375,191.5885295012056
H18,5,MITO,85234.640625,3613.828335091315
H18,5,PHAandWGA,32761.875,1456.1246659223373
H18,5,SYTO,23060.40625,1001.7905148887513
H18,6,CONC,6549.681640625,166.52597396961826
H18,6,HOECHST,5145.5087890625,192.61812981906803
H18,6,MITO,88724.1796875,3706.301556617269
H18,6,PHAandWGA,34672.59765625,1482.388761145587
H18,6,SYTO,24106.244140625,1000.1875047931921
H18,7,CONC,6740.8857421875,164.95988564625745
H18,7,HOECHST,5273.6171875,192.56014140359207
H18,7,MITO,90699.453125,3764.617764823727
H18,7,PHAandWGA,35503.01171875,1489.4926846956776
H18,7,SYTO,25104.421875,982.175515008406
H18,8,CONC,6830.06640625,162.15518508959454
H18,8,HOECHST,5423.46630859375,191.62082047457142
H18,8,MITO,92408.640625,3767.5471964166577
H18,8,PHAandWGA,36836.765625,1478.2693873780918
H18,8,SYTO,25995.40625,954.8883694633776
H18,9,CONC,6922.041015625,158.6153190615514
H18,9,HOECHST,5521.5498046875,190.25340629943548
H18,9,MITO,94564.171875,3767.9108897243414
H18,9,PHAandWGA,37030.734375,1453.7604467454235
H18,9,SYTO,26495.89453125,928.7264177640056
H18,10,CONC,7009.28955078125,154.78254150462104
H18,10,HOECHST,5608.86279296875,186.69654825246798
H18,10,MITO,96301.96875,3747.043884542439
H18,10,PHAandWGA,37643.7109375,1428.0911732113095
H18,10,SYTO,26748.8359375,901.6552111561031
H18,11,CONC,7061.537109375,150.41074899013822
H18,11,HOECHST,5702.490234375,182.5326914219877
H18,11,MITO,97612.28125,3711.25565914866
H18,11,PHAandWGA,38404.8359375,1399.591345233788
H18,11,SYTO,27194.45703125,867.3830317942948
H18,12,CONC,7111.74609375,145.75472130378213
H18,12,HOECHST,5772.8525390625,177.93111751843327
H18,12,MITO,99965.3359375,3669.782731758456
H18,12,PHAandWGA,38867.65234375,1364.7116109151727
H18,12,SYTO,27509.84375,832.2383045721525
H18,13,CONC,7202.7783203125,140.87508028694504
H18,13,HOECHST,5877.1865234375,172.08510528017857
H18,13,MITO,101645.546875,3586.2952326488926
H18,13,PHAandWGA,39608.39453125,1327.8480660429607
H18,13,SYTO,27461.033203125,799.626522026153
H18,14,CONC,7252.4375,135.7749290187526
H18,14,HOECHST,5910.0830078125,165.97336352422053
H18,14,MITO,101901.4765625,3503.726045002888
H18,14,PHAandWGA,39862.109375,1288.327917165615
H18,14,SYTO,27268.03515625,762.0610666127003
H18,15,CONC,7355.615234375,130.2625287334909
H18,15,HOECHST,6008.357421875,159.5546309636619
H18,15,MITO,103592.53125,3381.29756283301
H18,15,PHAandWGA,40010.703125,1243.14321017856
H18,15,SYTO,27456.71484375,725.3192480471221
H19,0,CONC,3051.52099609375,95.13580424061794
H19,0,HOECHST,2574.544189453125,107.60121941687514
H19,0,MITO,56692.2734375,4153.963390482593
H19,0,PHAandWGA,16005.298828125,1114.5277287977085
H19,0,SYTO,8896.693359375,613.2072552806363
H19,1,CONC,3310.000732421875,117.27115185383308
H19,1,HOECHST,2824.3681640625,139.58033813371995
H19,1,MITO,58844.96875,4661.7342662681895
H19,1,PHAandWGA,17248.447265625,1317.6171024278535
H19,1,SYTO,10763.4482421875,764.8532140387224
H19,2,CONC,3504.12353515625,130.05636408015772
H19,2,HOECHST,3022.126953125,159.3341108820253
H19,2,MITO,62714.30078125,5039.509706724822
H19,2,PHAandWGA,18887.484375,1460.7670853142645
H19,2,SYTO,12189.943359375,852.1719545183151
H19,3,CONC,3679.41845703125,137.62059797115924
H19,3,HOECHST,3194.851318359375,167.68957870970743
H19,3,MITO,64656.65625,5205.755200247996
H19,3,PHAandWGA,20118.33984375,1552.4576997530185
H19,3,SYTO,13202.615234375,888.5881161649653
H19,4,CONC,3822.248291015625,141.92950387374202
H19,4,HOECHST,3340.0283203125,172.6363356810164
H19,4,MITO,66928.375,5305.700088845569
H19,4,PHAandWGA,21463.34765625,1617.280082814184
H19,4,SYTO,13968.09375,902.4828609045722
H19,5,CONC,3921.68603515625,142.98534173560523
H19,5,HOECHST,3469.443115234375,175.88228652426085
H19,5,MITO,68740.84375,5363.026602285854
H19,5,PHAandWGA,22555.75,1649.6387804913966
H19,5,SYTO,14489.611328125,898.8485551300472
H19,6,CONC,4007.018310546875,142.32639813568963
H19,6,HOECHST,3555.68115234375,177.20677334422408
H19,6,MITO,70119.25,5385.928635989644
H19,6,PHAandWGA,23218.943359375,1644.7674307767477
H19,6,SYTO,14614.896484375,882.682012374783
H19,7,CONC,4071.33447265625,139.886465435539
H19,7,HOECHST,3631.612548828125,175.05628540625491
H19,7,MITO,71167.234375,5353.255065285902
H19,7,PHAandWGA,23660.79296875,1616.3536695609446
H19,7,SYTO,14439.466796875,858.0845941191811
H19,8,CONC,4098.31494140625,137.04063370030292
H19,8,HOECHST,3629.4833984375,170.70824029395183
H19,8,MITO,72451.5078125,5318.086221139858
H19,8,PHAandWGA,23608.345703125,1581.5576469729256
H19,8,SYTO,14387.5078125,830.8984965899457
H19,9,CONC,4109.9560546875,134.01936307101917
H19,9,HOECHST,3655.296875,166.4319709466373
H19,9,MITO,71451.2265625,5222.955435773635
H19,9,PHAandWGA,24054.951171875,1550.2812029603574
H19,9,SYTO,13945.318359375,801.110063871204
H19,10,CONC,4138.9951171875,130.6208324729096
H19,10,HOECHST,3679.154541015625,161.17988353578073
H19,10,MITO,72788.203125,5173.849600855751
H19,10,PHAandWGA,24088.74609375,1515.467287585284
H19,10,SYTO,13692.2578125,775.5004136775864
H19,11,CONC,4161.240234375,126.71200238396194
H19,11,HOECHST,3705.6044921875,155.54090196765168
H19,11,MITO,72883.421875,5053.7134400063305
H19,11,PHAandWGA,23919.578125,1465.3327160324523
H19,11,SYTO,13313.080078125,741.7396618607385
H19,12,CONC,4170.150390625,122.5476294123006
H19,12,HOECHST,3757.352294921875,149.75168842486968
H19,12,MITO,74729.71875,4931.852847352851
H19,12,PHAandWGA,24352.92578125,1417.0830260332891
H19,12,SYTO,13041.021484375,706.6498313494717
H19,13,CONC,4210.6591796875,117.81932863470807
H19,13,HOECHST,3770.68603515625,143.04255880179556
H19,13,MITO,75112.359375,4737.396180014457
H19,13,PHAandWGA,24421.04296875,1360.4704340568894
H19,13,SYTO,12829.677734375,670.1279513900541
H19,14,CONC,4266.908203125,113.25973881996886
H19,14,HOECHST,3802.167724609375,136.56085080317993
H19,14,MITO,76091.125,4544.757906675252
H19,14,PHAandWGA,24402.6328125,1300.8590615485166
H19,14,SYTO,12780.046875,634.9794314930713
H19,15,CONC,4315.40234375,108.3630485151292
H19,15,HOECHST,3875.6328125,129.7113360353662
H19,15,MITO,77278.78125,4331.930254726222
H19,15,PHAandWGA,24544.5546875,1240.4452165697664
H19,15,SYTO,12707.404296875,597.9703952109693
H21,0,CONC,4816.38818359375,132.89782424435134
H21,0,HOECHST,3249.790771484375,141.74016921838015
H21,0,MITO,77998.4921875,4995.640751623172
H21,0,PHAandWGA,21846.93359375,1206.175072682858
H21,0,SYTO,12547.8671875,751.950046866944
H21,1,CONC,5378.67236328125,165.37749776897041
H21,1,HOECHST,3734.14208984375,189.77759783630293
H21,1,MITO,83871.3828125,5634.343364341327
H21,1,PHAandWGA,24179.4296875,1454.187124278498
H21,1,SYTO,15473.96484375,950.1329293015029
H21,2,CONC,5728.7470703125,178.7881387136414
H21,2,HOECHST,4045.91748046875,214.8683280421875
H21,2,MITO,87693.8125,5999.351533128286
H21,2,PHAandWGA,26304.58203125,1636.5931127308577
H21,2,SYTO,17344.279296875,1048.8526243255371
H21,3,CONC,5891.158203125,180.5709865305439
H21,3,HOECHST,4198.6533203125,220.65953187903614
H21,3,MITO,90034.2265625,6033.131104866527
H21,3,PHAandWGA,27369.193359375,1740.2340571465072
H21,3,SYTO,18379.20703125,1070.2092624294737
H21,4,CONC,6061.041015625,179.97966615025067
H21,4,HOECHST,4288.8642578125,214.89322396204105
H21,4,MITO,92115.9296875,6073.352740997691
H21,4,PHAandWGA,28924.53125,1783.9310270557025
H21,4,SYTO,19849.8125,1062.6800807609059
H21,5,CONC,6192.302734375,177.74503667236738
H21,5,HOECHST,4388.62841796875,206.7025724283974
H21,5,MITO,95362.09375,6067.9963376383275
H21,5,PHAandWGA,30653.32421875,1778.700088251473
H21,5,SYTO,20325.4921875,1034.8887925174654
H21,6,CONC,6230.20068359375,174.5953478497714
H21,6,HOECHST,4507.80078125,203.19393421400446
H21,6,MITO,97100.4453125,6002.464867940358
H21,6,PHAandWGA,31543.3828125,1747.9126416349961
H21,6,SYTO,21175.296875,1006.4863090458539
H21,7,CONC,6291.41357421875,170.95455775281005
H21,7,HOECHST,4595.8974609375,201.24017759255142
H21,7,MITO,98901.953125,5922.679737154298
H21,7,PHAandWGA,31899.47265625,1720.2035780245824
H21,7,SYTO,21617.720703125,979.4779399533566
H21,8,CONC,6322.42236328125,166.36583235387204
H21,8,HOECHST,4629.65771484375,194.41380768026792
H21,8,MITO,98544.640625,5806.501379371382
H21,8,PHAandWGA,32855.5859375,1697.5272255604195
H21,8,SYTO,21469.611328125,947.3994250925778
H21,9,CONC,6278.6484375,160.53199596553756
H21,9,HOECHST,4622.33251953125,185.881136499323
H21,9,MITO,99949.2265625,5749.173432064844
H21,9,PHAandWGA,32797.9609375,1665.5387889533142
H21,9,SYTO,21355.140625,912.0273522533402
H21,10,CONC,6301.57568359375,154.38203389993683
H21,10,HOECHST,4647.78955078125,178.64262639960228
H21,10,MITO,100479.1796875,5602.3066390390495
H21,10,PHAandWGA,33418.64453125,1635.9849273153852
H21,10,SYTO,21168.47265625,874.2861015727724
H21,11,CONC,6292.837890625,148.305004275607
H21,11,HOECHST,4652.990234375,170.88848868554052
H21,11,MITO,101260.25,5434.397144015255
H21,11,PHAandWGA,33543.0703125,1592.7470368025718
H21,11,SYTO,20877.734375,833.4433603146783
H21,12,CONC,6323.9853515625,142.44611879306422
H21,12,HOECHST,4684.95458984375,162.8629462188265
H21,12,MITO,101979.3046875,5277.080701134354
H21,12,PHAandWGA,33457.77734375,1544.349096741983
H21,12,SYTO,20574.34375,794.3625751297978
H21,13,CONC,6357.91064453125,136.33536178868894
H21,13,HOECHST,4712.82080078125,155.2630726532681
H21,13,MITO,101669.640625,5045.537836935661
H21,13,PHAandWGA,33316.05078125,1489.2786059706916
H21,13,SYTO,20294.72265625,752.9455989170604
H21,14,CONC,6360.974609375,130.68246866420793
H21,14,HOECHST,4750.974609375,147.9369543413423
H21,14,MITO,102951.7265625,4883.258113449032
H21,14,PHAandWGA,33203.6328125,1436.0046505941236
H21,14,SYTO,19983.71484375,710.242673915711
H21,15,CONC,6415.3564453125,125.01484477775035
H21,15,HOECHST,4833.1884765625,140.42792852613437
H21,15,MITO,103880.015625,4675.960696896298
H21,15,PHAandWGA,33193.046875,1376.237618950534
H21,15,SYTO,19787.984375,668.3978173027165
H22,0,CONC,4704.2529296875,88.19414293216258
H22,0,HOECHST,3292.2294921875,92.35648807296366
H22,0,MITO,71532.859375,2715.795846745711
H22,0,PHAandWGA,21533.986328125,909.3533479025923
H22,0,SYTO,11613.4609375,518.6726095253515
H22,1,CONC,5561.392578125,162.32999269031814
H22,1,HOECHST,3700.967529296875,148.95396535449305
H22,1,MITO,77747.6875,3629.239584544778
H22,1,PHAandWGA,24578.287109375,1346.2269565681054
H22,1,SYTO,14725.4345703125,892.1541739223605
H22,2,CONC,6607.92822265625,243.51025871365036
H22,2,HOECHST,4515.3642578125,255.674335688823
H22,2,MITO,84697.9453125,4635.442278639371
H22,2,PHAandWGA,27518.8984375,1778.0239271048883
H22,2,SYTO,18173.986328125,1314.5637277659303
H22,3,CONC,7289.9306640625,271.84168082904694
H22,3,HOECHST,5131.951171875,311.2586167652006
H22,3,MITO,90803.5,5199.947473008175
H22,3,PHAandWGA,30310.58984375,1985.961009976979
H22,3,SYTO,21119.34375,1467.3432124361195
H22,4,CONC,7864.4560546875,276.7767437330986
H22,4,HOECHST,5616.6796875,327.78113284659685
H22,4,MITO,99456.765625,5554.703572768714
H22,4,PHAandWGA,33764.0546875,2064.066982592204
H22,4,SYTO,23840.52734375,1466.873061152694
H22,5,CONC,8242.994140625,269.1006739183689
H22,5,HOECHST,6085.712890625,334.51657277645063
H22,5,MITO,104694.3515625,5670.368236114489
H22,5,PHAandWGA,35854.32421875,2062.861556191714
H22,5,SYTO,26408.33984375,1420.6221172836022
H22,6,CONC,8471.7255859375,256.6784040152128
H22,6,HOECHST,6178.33544921875,307.7664874057746
H22,6,MITO,109323.2109375,5671.947915593635
H22,6,PHAandWGA,37974.53515625,2021.8845591283884
H22,6,SYTO,27668.12109375,1327.9681652740862
H22,7,CONC,8513.1650390625,242.40245022785075
H22,7,HOECHST,6369.09912109375,298.8845994298338
H22,7,MITO,114051.359375,5617.4404507256495
H22,7,PHAandWGA,39850.578125,1961.6784406704423
H22,7,SYTO,28542.93359375,1251.8751732551473
H22,8,CONC,8384.662109375,226.80216863459077
H22,8,HOECHST,6317.63525390625,278.9026229685053
H22,8,MITO,113619.4375,5522.106318237454
H22,8,PHAandWGA,40267.5078125,1924.1181499547765
H22,8,SYTO,28594.609375,1169.5007587983423
H22,9,CONC,8219.77734375,212.23964686766712
H22,9,HOECHST,6130.3583984375,253.67965452726128
H22,9,MITO,115679.03125,5475.199181806887
H22,9,PHAandWGA,40760.8671875,1871.102702623953
H22,9,SYTO,28129.091796875,1093.3201373003833
H22,10,CONC,8132.4384765625,197.03692226986303
H22,10,HOECHST,6070.583984375,236.216295598357
H22,10,MITO,115315.671875,5292.116377159976
H22,10,PHAandWGA,41146.90625,1790.6219065414841
H22,10,SYTO,27861.35546875,1018.1044117634116
H22,11,CONC,7998.06298828125,182.90286369504906
H22,11,HOECHST,6034.78173828125,219.37353374130018
H22,11,MITO,116382.0546875,5109.248739884173
H22,11,PHAandWGA,40381.0390625,1691.616571643705
H22,11,SYTO,27494.37890625,946.7137593589804
H22,12,CONC,7872.2919921875,170.65119749865423
H22,12,HOECHST,6011.3642578125,204.75293470539899
H22,12,MITO,115974.34375,4967.876305975943
H22,12,PHAandWGA,39917.63671875,1616.2092546676959
H22,12,SYTO,27000.783203125,888.436819271122
H22,13,CONC,7760.23779296875,160.7636528414218
H22,13,HOECHST,5939.74560546875,190.88914990485944
H22,13,MITO,116756.9375,4836.439324735386
H22,13,PHAandWGA,40099.9453125,1551.2730465253917
H22,13,SYTO,25803.71875,833.1979602682693
H22,14,CONC,7638.5009765625,151.9651752859504
H22,14,HOECHST,5835.716796875,178.0395102551979
H22,14,MITO,115976.96875,4698.504605033703
H22,14,PHAandWGA,39762.140625,1497.4534352134733
H22,14,SYTO,25381.08203125,785.1462176098382
H22,15,CONC,7610.0390625,143.4318921953834
H22,15,HOECHST,5815.5625,165.9793451617419
H22,15,MITO,115663.015625,4531.467324775927
H22,15,PHAandWGA,39305.4921875,1433.779931157222
H22,15,SYTO,25032.216796875,736.9086500568022
H23,0,CONC,4558.9951171875,67.85115692944922
H23,0,HOECHST,3167.9248046875,82.64654978242534
H23,0,MITO,65408.5390625,2613.086016808576
H23,0,PHAandWGA,22378.626953125,840.9471404580107
H23,0,SYTO,10844.404296875,457.533433074303
H23,1,CONC,4733.2080078125,74.61852213654888
H23,1,HOECHST,3320.5,91.09632086210607
H23,1,MITO,67287.8203125,2732.503573506087
H23,1,PHAandWGA,23306.0859375,899.8213651441126
H23,1,SYTO,11748.37109375,497.25876103185976
H23,2,CONC,4899.677734375,81.81111560473062
H23,2,HOECHST,3495.7939453125,100.49138424540061
H23,2,MITO,69525.8359375,2888.3806016728895
H23,2,PHAandWGA,24308.37109375,960.7166277691817
H23,2,SYTO,12717.4248046875,538.0364106901358
H23,3,CONC,5131.0888671875,88.37503143454884
H23,3,HOECHST,3626.78515625,108.8945593662152
H23,3,MITO,71327.328125,3033.8427421734027
H23,3,PHAandWGA,25264.1875,1020.975902627862
H23,3,SYTO,13853.2177734375,575.5961751651231
H23,4,CONC,5280.32080078125,92.99573578994193
H23,4,HOECHST,3806.15966796875,114.9006889046271
H23,4,MITO,74337.1328125,3142.1869723745467
H23,4,PHAandWGA,26790.375,1065.2452112289752
H23,4,SYTO,14744.6328125,599.4632473025308
H23,5,CONC,5442.66015625,96.09594327574138
H23,5,HOECHST,3924.123291015625,118.94988470143434
H23,5,MITO,76205.0703125,3211.6587980744875
H23,5,PHAandWGA,27605.2890625,1098.2743739517334
H23,5,SYTO,15491.4189453125,615.0838606733998
H23,6,CONC,5592.1201171875,97.94590560516687
H23,6,HOECHST,4053.869384765625,122.00435759839202
H23,6,MITO,77843.3515625,3256.0185492289766
H23,6,PHAandWGA,28447.6328125,1118.1469004708244
H23,6,SYTO,16107.2216796875,621.7999844569575
H23,7,CONC,5735.6162109375,99.01327366868736
H23,7,HOECHST,4167.4921875,123.82844411022857
H23,7,MITO,79549.34375,3275.5517917165416
H23,7,PHAandWGA,29343.044921875,1130.1140769671915
H23,7,SYTO,16589.857421875,622.260403286942
H23,8,CONC,5850.53125,99.20039993248264
H23,8,HOECHST,4304.1044921875,124.77946017640929
H23,8,MITO,81974.453125,3288.705230829243
H23,8,PHAandWGA,29850.96875,1135.5458566903444
H23,8,SYTO,16971.443359375,619.5257421840362
H23,9,CONC,6019.814453125,99.033669888287
H23,9,HOECHST,4405.77001953125,125.10150528922924
H23,9,MITO,84144.390625,3269.96964321801
H23,9,PHAandWGA,30658.09375,1132.3552706860428
H23,9,SYTO,17389.966796875,610.3802425554103
H23,10,CONC,6124.18115234375,98.08939929264714
H23,10,HOECHST,4518.27392578125,124.35926187014215
H23,10,MITO,85891.140625,3246.203391465771
H23,10,PHAandWGA,31930.796875,1126.179367579356
H23,10,SYTO,17767.12890625,601.0911726374818
H23,11,CONC,6255.490234375,96.83251723303343
H23,11,HOECHST,4627.171875,123.25286293188246
H23,11,MITO,87562.28125,3187.759832299447
H23,11,PHAandWGA,32654.59765625,1108.0181901049036
H23,11,SYTO,17863.171875,585.8715283768005
H23,12,CONC,6358.12109375,95.08484063910389
H23,12,HOECHST,4734.97998046875,121.15424221035154
H23,12,MITO,88478.921875,3129.3542972813866
H23,12,PHAandWGA,33113.83984375,1090.0412954643275
H23,12,SYTO,18324.9140625,571.2549772726934
H23,13,CONC,6502.6904296875,92.90508015380854
H23,13,HOECHST,4871.31689453125,118.6157891622611
H23,13,MITO,91053.015625,3047.1065883050774
H23,13,PHAandWGA,34236.58203125,1063.6979175016286
H23,13,SYTO,18414.95703125,552.3826643741785
H23,14,CONC,6625.6201171875,90.55991315434358
H23,14,HOECHST,4972.8544921875,115.59534918213006
H23,14,MITO,91557.0625,2956.081933167183
H23,14,PHAandWGA,34362.53125,1036.847224797271
H23,14,SYTO,18776.84765625,532.5327096549362
H23,15,CONC,6745.36376953125,87.83339221291088
H23,15,HOECHST,5068.05126953125,112.04743465349709
H23,15,MITO,93733.671875,2858.189324767291
H23,15,PHAandWGA,35428.95703125,1005.1988639046555
H23,15,SYTO,19065.27734375,510.5114467624794
I02,0,CONC,1447.4180908203125,56.59759196611912
I02,0,HOECHST,1274.4713134765625,48.58886757253324
I02,0,MITO,26207.19140625,3698.3718395759784
I02,0,PHAandWGA,5083.755859375,564.6999850147482
I02,0,SYTO,3154.966796875,332.8523340724909
I02,1,CONC,1522.787841796875,64.96290193191297
I02,1,HOECHST,1328.93359375,56.555756969728
I02,1,MITO,26374.47265625,3931.137788479745
I02,1,PHAandWGA,5592.310546875,625.4936665911915
I02,1,SYTO,3381.209716796875,375.7339128432847
I02,2,CONC,1595.4801025390625,72.37033885921858
I02,2,HOECHST,1394.463623046875,64.58719935902546
I02,2,MITO,27202.685546875,4185.741052940562
I02,2,PHAandWGA,5977.9423828125,680.239067952537
I02,2,SYTO,3554.3076171875,413.7668251990614
I02,3,CONC,1644.5172119140625,77.27173509256504
I02,3,HOECHST,1456.723388671875,69.68310729496346
I02,3,MITO,28191.26171875,4331.299756349634
I02,3,PHAandWGA,6329.853515625,713.7492974134927
I02,3,SYTO,3706.130859375,437.37276397784916
I02,4,CONC,1694.8914794921875,80.09649249993109
I02,4,HOECHST,1492.998291015625,71.8902363071018
I02,4,MITO,28523.2734375,4406.938014173802
I02,4,PHAandWGA,6590.482421875,732.2837931656778
I02,4,SYTO,3825.978515625,445.53417980397825
I02,5,CONC,1726.178955078125,81.07126449773368
I02,5,HOECHST,1511.736083984375,71.80979906425077
I02,5,MITO,29187.56640625,4403.516146627675
I02,5,PHAandWGA,6653.7626953125,736.7627889296157
I02,5,SYTO,3949.17041015625,448.3536153346151
I02,6,CONC,1747.9891357421875,80.89907390079533
I02,6,HOECHST,1532.2510986328125,71.28663467002285
I02,6,MITO,29274.783203125,4345.168561073243
I02,6,PHAandWGA,6650.10546875,729.3323434970976
I02,6,SYTO,3951.7265625,441.06847035246966
I02,7,CONC,1772.739013671875,79.97542427943424
I02,7,HOECHST,1555.6822509765625,70.02199632948177
I02,7,MITO,29750.193359375,4301.067157794656
I02,7,PHAandWGA,6564.43310546875,717.0612386017324
I02,7,SYTO,3955.942138671875,431.4959410594318
I02,8,CONC,1793.804931640625,78.48469848672437
I02,8,HOECHST,1547.684326171875,68.03399575428205
I02,8,MITO,30321.41015625,4187.007285553002
I02,8,PHAandWGA,6550.85107421875,699.0708616688589
I02,8,SYTO,3997.663330078125,419.1272851256463
I02,9,CONC,1802.51611328125,76.29870421943279
I02,9,HOECHST,1565.6558837890625,65.57012562822881
I02,9,MITO,30221.4453125,4052.011227486073
I02,9,PHAandWGA,6479.6220703125,675.9043019232276
I02,9,SYTO,4078.47705078125,403.4269643958613
I02,10,CONC,1809.940185546875,73.59287745134534
I02,10,HOECHST,1589.448974609375,62.88832470570546
I02,10,MITO,30753.892578125,3894.883682571968
I02,10,PHAandWGA,6359.7021484375,646.9827464827532
I02,10,SYTO,4058.77099609375,385.29279663696076
I02,11,CONC,1838.840576171875,70.71440393308336
I02,11,HOECHST,1590.4136962890625,60.09748028659453
I02,11,MITO,31259.44140625,3714.2214768065205
I02,11,PHAandWGA,6382.078125,617.6271075217123
I02,11,SYTO,4076.72607421875,366.2716727763762
I02,12,CONC,1863.810791015625,67.72426378430164
I02,12,HOECHST,1615.9219970703125,57.03131042004371
I02,12,MITO,31507.765625,3519.173378099447
I02,12,PHAandWGA,6368.86474609375,585.6350042608609
I02,12,SYTO,4104.95361328125,346.97235614333977
I02,13,CONC,1887.60400390625,64.3568109655613
I02,13,HOECHST,1640.67431640625,54.00720155518543
I02,13,MITO,31769.443359375,3296.7004604722706
I02,13,PHAandWGA,6270.45166015625,549.703810442562
I02,13,SYTO,4126.81884765625,324.6645762874444
I02,14,CONC,1907.0445556640625,60.96392120847035
I02,14,HOECHST,1651.6015625,50.80306012558632
I02,14,MITO,32559.8671875,3084.9454548101594
I02,14,PHAandWGA,6343.234375,515.0258419281816
I02,14,SYTO,4177.896484375,303.24230607326496
I02,15,CONC,1933.7637939453125,57.6828642385291
I02,15,HOECHST,1678.9537353515625,47.838303255863934
I02,15,MITO,32871.734375,2851.6225535143467
I02,15,PHAandWGA,6393.736328125,478.6406983953989
I02,15,SYTO,4224.93408203125,282.6298599088336
I05,0,CONC,4315.69677734375,60.81969712282885
I05,0,HOECHST,3126.5234375,72.1146386799013
I05,0,MITO,68668.71875,2294.1380489924277
I05,0,PHAandWGA,21403.64453125,713.1043655932867
I05,0,SYTO,11436.2197265625,436.63352796020393
I05,1,CONC,4657.6904296875,84.86149241235954
I05,1,HOECHST,3356.87841796875,98.67698061547507
I05,1,MITO,71010.09375,2858.039093412892
I05,1,PHAandWGA,22657.029296875,867.7906891538294
I05,1,SYTO,13445.166015625,577.0438194135497
I05,2,CONC,5169.9013671875,124.25190648244313
I05,2,HOECHST,3743.0048828125,142.40735371852622
I05,2,MITO,78005.96875,3732.0841859348006
I05,2,PHAandWGA,24449.26171875,1117.452593339147
I05,2,SYTO,15720.4609375,810.9037739178041
I05,3,CONC,5635.51953125,149.28432483622458
I05,3,HOECHST,4068.1904296875,174.03128971155806
I05,3,MITO,82698.328125,4201.414642811094
I05,3,PHAandWGA,26494.1953125,1313.7809886748344
I05,3,SYTO,17550.373046875,974.9546522922146
I05,4,CONC,5958.515625,158.49215101051792
I05,4,HOECHST,4406.8359375,190.73078877834078
I05,4,MITO,87257.6796875,4252.108719237075
I05,4,PHAandWGA,28588.8828125,1428.4231444806792
I05,4,SYTO,19971.91796875,1065.208420534182
I05,5,CONC,6230.060546875,160.42133310203778
I05,5,HOECHST,4641.451171875,193.42136639707442
I05,5,MITO,90032.75,4218.383917326637
I05,5,PHAandWGA,30559.814453125,1480.8940018887135
I05,5,SYTO,21907.306640625,1087.276481828925
I05,6,CONC,6406.3046875,158.99193545881448
I05,6,HOECHST,4846.5029296875,189.4986091221518
I05,6,MITO,93481.5546875,4222.5618232799925
I05,6,PHAandWGA,32246.3515625,1495.169845971249
I05,6,SYTO,23364.599609375,1076.4505086223987
I05,7,CONC,6610.5634765625,155.80711126606857
I05,7,HOECHST,5025.76904296875,185.16149880012614
I05,7,MITO,96168.28125,4183.932628670513
I05,7,PHAandWGA,34514.7734375,1480.1536256146119
I05,7,SYTO,25328.740234375,1040.8409198662528
I05,8,CONC,6754.2470703125,151.6964636259059
I05,8,HOECHST,5181.6435546875,180.45702247640872
I05,8,MITO,99834.6796875,4131.850581641663
I05,8,PHAandWGA,35789.984375,1449.2558624948376
I05,8,SYTO,26495.33984375,1000.4644660777253
I05,9,CONC,6836.2275390625,145.17610967454993
I05,9,HOECHST,5262.1201171875,172.36590804406075
I05,9,MITO,102234.59375,4028.0483090961848
I05,9,PHAandWGA,36563.078125,1405.2876110615423
I05,9,SYTO,27181.814453125,949.613509445816
I05,10,CONC,6862.24658203125,138.64388878004863
I05,10,HOECHST,5355.6181640625,163.78813438943428
I05,10,MITO,103411.4140625,3907.333932589203
I05,10,PHAandWGA,37307.453125,1359.0218615849299
I05,10,SYTO,27830.623046875,900.2502099000126
I05,11,CONC,6861.54541015625,130.3422565800015
I05,11,HOECHST,5355.58984375,154.75858049688222
I05,11,MITO,103376.75,3778.422495130107
I05,11,PHAandWGA,37538.31640625,1309.1443719875067
I05,11,SYTO,27754.474609375,844.0302119000826
I05,12,CONC,6865.107421875,122.75247841225527
I05,12,HOECHST,5367.6259765625,147.5896856015082
I05,12,MITO,104214.875,3698.985176620846
I05,12,PHAandWGA,37814.84375,1270.5753724178762
I05,12,SYTO,27385.125,797.5634309655328
I05,13,CONC,6774.5361328125,115.63403623626141
I05,13,HOECHST,5309.150390625,139.62111257824154
I05,13,MITO,103745.203125,3610.494371726649
I05,13,PHAandWGA,38307.60546875,1237.9460715191592
I05,13,SYTO,26799.62109375,760.9816141946939
I05,14,CONC,6763.96533203125,109.43278151652466
I05,14,HOECHST,5311.236328125,133.1701740121159
I05,14,MITO,104193.109375,3507.516842917628
I05,14,PHAandWGA,38199.15234375,1203.7732157591772
I05,14,SYTO,26168.5625,723.1531104124963
I05,15,CONC,6764.4423828125,103.80760767430361
I05,15,HOECHST,5314.62451171875,126.83346839649602
I05,15,MITO,104345.375,3401.0439174317535
I05,15,PHAandWGA,37998.80859375,1158.3240227190443
I05,15,SYTO,25444.900390625,682.9177204950495
I06,0,CONC,8741.513671875,70.5649518744053
I06,0,HOECHST,5768.32421875,74.10376663154216
I06,0,MITO,100288.5859375,1340.8283880332356
I06,0,PHAandWGA,41077.46875,589.1239464757313
I06,0,SYTO,28735.57421875,446.926201492244
I06,1,CONC,9362.615234375,86.93225528095219
I06,1,HOECHST,6177.0400390625,89.2878021256758
I06,1,MITO,104719.8359375,1546.6519128200944
I06,1,PHAandWGA,43595.359375,680.916984250255
I06,1,SYTO,31034.02734375,536.2732290537506
I06,2,CONC,10016.0029296875,100.21900357229605
I06,2,HOECHST,6615.693359375,104.52624335671148
I06,2,MITO,111404.828125,1714.8717653866634
I06,2,PHAandWGA,46589.015625,764.1541505055937
I06,2,SYTO,34030.7109375,614.0256335913922
I06,3,CONC,10653.654296875,104.84720195437266
I06,3,HOECHST,7072.47412109375,113.17066011956713
I06,3,MITO,117799.453125,1748.6976487516272
I06,3,PHAandWGA,49239.51953125,806.4130677081258
I06,3,SYTO,36891.76171875,654.2928384084604
I06,4,CONC,11075.033203125,102.11582340832354
I06,4,HOECHST,7424.7451171875,113.5372575340023
I06,4,MITO,122334.59375,1698.5073612829935
I06,4,PHAandWGA,51673.40625,811.983178130715
I06,4,SYTO,39629.7421875,651.643230750551
I06,5,CONC,11452.28515625,96.9247380647546
I06,5,HOECHST,7704.9765625,110.5113237939094
I06,5,MITO,125405.65625,1621.36007584562
I06,5,PHAandWGA,53594.546875,795.7962483731137
I06,5,SYTO,41455.0859375,628.7251238540961
I06,6,CONC,11690.8779296875,90.53827386657123
I06,6,HOECHST,7977.744140625,105.98828708180011
I06,6,MITO,128572.25,1532.2125699929577
I06,6,PHAandWGA,55843.37890625,766.0753220594275
I06,6,SYTO,42877.03125,595.1128817746538
I06,7,CONC,11937.435546875,83.51528811603157
I06,7,HOECHST,8161.4423828125,99.8954568200682
I06,7,MITO,130106.1875,1432.930264659982
I06,7,PHAandWGA,57704.05078125,728.458419041657
I06,7,SYTO,45062.625,556.6841535375435
I06,8,CONC,12121.12109375,77.38445464298026
I06,8,HOECHST,8388.130859375,93.59228508048389
I06,8,MITO,132696.84375,1337.1128301981553
I06,8,PHAandWGA,59852.859375,686.864579261571
I06,8,SYTO,46042.3203125,515.6855133907907
I06,9,CONC,12242.23046875,71.85216297145443
I06,9,HOECHST,8558.765625,87.7157338396154
I06,9,MITO,134427.0,1250.770534833052
I06,9,PHAandWGA,61273.9296875,647.8467536459011
I06,9,SYTO,48295.58203125,479.1248401260084
I06,10,CONC,12354.78515625,66.85860128727069
I06,10,HOECHST,8673.955078125,82.60993399275768
I06,10,MITO,136340.8125,1181.618694977803
I06,10,PHAandWGA,62718.8828125,614.7769456294797
I06,10,SYTO,48727.61328125,446.79090636801664
I06,11,CONC,12508.7177734375,62.13245918855869
I06,11,HOECHST,8780.83203125,77.6643779544637
I06,11,MITO,137799.34375,1111.1467529185463
I06,11,PHAandWGA,63798.421875,579.1752394688768
I06,11,SYTO,50156.10546875,415.33318982329456
I06,12,CONC,12588.220703125,58.25792719173248
I06,12,HOECHST,8884.94921875,73.3538628722612
I06,12,MITO,138731.140625,1045.5802730583523
I06,12,PHAandWGA,63790.1328125,547.1756432298273
I06,12,SYTO,50907.03125,387.3411780383352
I06,13,CONC,12669.779296875,55.155454810003064
I06,13,HOECHST,9001.7255859375,69.59179552421297
I06,13,MITO,140176.3125,991.6783452729925
I06,13,PHAandWGA,65318.5703125,522.240621713769
I06,13,SYTO,51226.88671875,363.6236042388776
I06,14,CONC,12692.1025390625,53.08746676181536
I06,14,HOECHST,9083.2392578125,67.04323610520154
I06,14,MITO,140940.25,956.2520582519376
I06,14,PHAandWGA,65211.078125,506.59940521849467
I06,14,SYTO,51491.9609375,349.0622981886971
I06,15,CONC,12770.6904296875,51.824139122196165
I06,15,HOECHST,9211.1181640625,65.55319211813485
I06,15,MITO,141006.5625,933.9251840337487
I06,15,PHAandWGA,65486.08203125,497.06991682040984
I06,15,SYTO,51669.25,340.3470885733357
I07,0,CONC,4475.638671875,88.8928245279095
I07,0,HOECHST,1696.60498046875,33.4244288270098
I07,0,MITO,58974.7265625,3019.556907168691
I07,0,PHAandWGA,15790.103515625,736.4536666912013
I07,0,SYTO,7652.77734375,388.25848738112995
I07,1,CONC,4805.013671875,118.98503884579249
I07,1,HOECHST,1819.7655029296875,45.19760442648063
I07,1,MITO,61370.4921875,3641.146344876927
I07,1,PHAandWGA,16931.2109375,906.9798647143513
I07,1,SYTO,8946.705078125,505.82930430138185
I07,2,CONC,5222.96533203125,151.9338009685613
I07,2,HOECHST,1981.509765625,59.656460280419665
I07,2,MITO,65832.40625,4294.141410201582
I07,2,PHAandWGA,18483.23046875,1109.5330283263647
I07,2,SYTO,10593.9208984375,643.5412629215716
I07,3,CONC,5696.42236328125,177.84424388894732
I07,3,HOECHST,2176.518310546875,72.92483142403671
I07,3,MITO,70633.203125,4722.528351303514
I07,3,PHAandWGA,20142.77734375,1272.0296946657654
I07,3,SYTO,12527.130859375,752.0347400268886
I07,4,CONC,6097.89794921875,193.33209505141315
I07,4,HOECHST,2350.55908203125,82.96518891070389
I07,4,MITO,75613.671875,5002.722227950484
I07,4,PHAandWGA,22159.125,1374.087082015361
I07,4,SYTO,14401.525390625,815.9741054765232
I07,5,CONC,6360.99072265625,197.15098082320267
I07,5,HOECHST,2471.11767578125,85.33928443828468
I07,5,MITO,78647.21875,5029.781782333266
I07,5,PHAandWGA,23423.703125,1401.2175695241185
I07,5,SYTO,15452.408203125,825.8118791108136
I07,6,CONC,6509.2412109375,194.36650896761947
I07,6,HOECHST,2565.699462890625,84.1039339048756
I07,6,MITO,80937.015625,4988.768453750565
I07,6,PHAandWGA,24718.7578125,1391.2001518920927
I07,6,SYTO,15858.125,801.0514974346638
I07,7,CONC,6642.15234375,189.75830370314773
I07,7,HOECHST,2617.6748046875,80.3177117383035
I07,7,MITO,82834.3125,4892.652659837463
I07,7,PHAandWGA,25775.318359375,1363.1521948876007
I07,7,SYTO,15603.0234375,761.3843924241997
I07,8,CONC,6665.80224609375,182.71117805513853
I07,8,HOECHST,2657.16357421875,76.36146037002997
I07,8,MITO,83984.359375,4756.0913395376265
I07,8,PHAandWGA,26295.00390625,1318.0377989600513
I07,8,SYTO,15199.203125,720.3445948982965
I07,9,CONC,6684.85546875,174.1342565785114
I07,9,HOECHST,2668.462646484375,72.47531047037681
I07,9,MITO,84583.8125,4615.81525371486
I07,9,PHAandWGA,27303.701171875,1275.442380009137
I07,9,SYTO,14664.126953125,683.5402430955986
I07,10,CONC,6659.56591796875,165.6709414927038
I07,10,HOECHST,2668.046875,68.95648473622967
I07,10,MITO,84977.6328125,4502.268546455267
I07,10,PHAandWGA,26758.8984375,1240.7383976571118
I07,10,SYTO,14147.7705078125,653.5257075356047
I07,11,CONC,6600.1337890625,157.0775443663992
I07,11,HOECHST,2661.53955078125,65.99757287138401
I07,11,MITO,83809.421875,4340.8634965737365
I07,11,PHAandWGA,27019.8984375,1205.0134402355613
I07,11,SYTO,13694.412109375,625.0873102122684
I07,12,CONC,6603.09423828125,149.44936334863795
I07,12,HOECHST,2657.393310546875,63.40664227939398
I07,12,MITO,85056.875,4253.130180857156
I07,12,PHAandWGA,26589.45703125,1175.5986945800246
I07,12,SYTO,13230.7734375,597.3895618973049
I07,13,CONC,6582.890625,142.65242495439873
I07,13,HOECHST,2655.2236328125,60.42832690895169
I07,13,MITO,84069.59375,4100.948870553426
I07,13,PHAandWGA,26707.416015625,1141.875834049611
I07,13,SYTO,13092.25,573.818261695806
I07,14,CONC,6559.4521484375,136.0900371363816
I07,14,HOECHST,2665.870849609375,57.906288411735076
I07,14,MITO,83250.578125,3943.756350381149
I07,14,PHAandWGA,26397.37890625,1104.2307033111954
I07,14,SYTO,12763.1357421875,544.9891313904
I07,15,CONC,6628.65625,129.97580235689665
I07,15,HOECHST,2682.346435546875,55.516429693972526
I07,15,MITO,83774.515625,3771.7842345757886
I07,15,PHAandWGA,26115.37109375,1062.4106300455826
I07,15,SYTO,12722.8515625,518.6101848745255
I11,0,CONC,5760.6982421875,66.04867452429838
I11,0,HOECHST,4065.639892578125,74.7714280467609
I11,0,MITO,81147.9453125,1994.6631926156836
I11,0,PHAandWGA,28690.541015625,698.3585946407302
I11,0,SYTO,17020.671875,459.5520451348059
I11,1,CONC,6153.25146484375,83.63956417416429
I11,1,HOECHST,4346.5859375,92.9117234656999
I11,1,MITO,85281.4296875,2336.624777174262
I11,1,PHAandWGA,30323.595703125,814.1176448293
I11,1,SYTO,19199.587890625,569.111735432871
I11,2,CONC,6563.380859375,100.45901368616289
I11,2,HOECHST,4648.80126953125,110.83670137106778
I11,2,MITO,89947.296875,2650.3340194747066
I11,2,PHAandWGA,32412.6171875,930.4444741158651
I11,2,SYTO,21422.85546875,671.2080007867767
I11,3,CONC,7022.2607421875,113.09029439073028
I11,3,HOECHST,4956.2578125,125.66191903209443
I11,3,MITO,94930.1875,2836.7220471522305
I11,3,PHAandWGA,34403.296875,1027.3320910733644
I11,3,SYTO,23995.05078125,750.1211069644721
I11,4,CONC,7382.8076171875,119.34309570790798
I11,4,HOECHST,5289.79248046875,135.760754087203
I11,4,MITO,99981.8125,2931.253540377118
I11,4,PHAandWGA,36108.76171875,1086.3382574382836
I11,4,SYTO,25779.609375,793.242919476721
I11,5,CONC,7613.8662109375,119.6773486949283
I11,5,HOECHST,5544.1806640625,140.5434563392485
I11,5,MITO,103199.3125,2943.257240663797
I11,5,PHAandWGA,37870.3046875,1104.316572152784
I11,5,SYTO,27730.8046875,805.0402480131003
I11,6,CONC,7871.3916015625,118.21585952934261
I11,6,HOECHST,5780.826171875,141.79835642095063
I11,6,MITO,106412.046875,2928.326455410522
I11,6,PHAandWGA,40175.3203125,1112.4324148201943
I11,6,SYTO,29673.109375,796.3300835271401
I11,7,CONC,8051.7421875,114.7310425471839
I11,7,HOECHST,5966.734375,139.51022078198406
I11,7,MITO,108801.234375,2873.0710181211857
I11,7,PHAandWGA,41636.3984375,1097.8846299304414
I11,7,SYTO,31210.72265625,772.5386918403034
I11,8,CONC,8185.4462890625,110.31068472167246
I11,8,HOECHST,6091.25146484375,135.44368302275282
I11,8,MITO,111930.875,2808.3629676237215
I11,8,PHAandWGA,43368.21484375,1076.9404981734663
I11,8,SYTO,32879.09375,746.1067614062424
I11,9,CONC,8311.1748046875,106.07521040463735
I11,9,HOECHST,6253.48583984375,130.61414613363243
I11,9,MITO,113429.7890625,2727.485939251807
I11,9,PHAandWGA,44499.453125,1051.4603440154208
I11,9,SYTO,33910.58984375,717.0695533946692
I11,10,CONC,8410.359375,101.46221205729834
I11,10,HOECHST,6411.67431640625,125.13407939669489
I11,10,MITO,114889.53125,2638.406535816436
I11,10,PHAandWGA,45099.6875,1016.8956079643408
I11,10,SYTO,35092.2734375,680.6491509329062
I11,11,CONC,8520.2109375,97.47337743528155
I11,11,HOECHST,6483.83984375,120.18799061790952
I11,11,MITO,117594.484375,2554.6963561951256
I11,11,PHAandWGA,46622.9296875,988.8859783176406
I11,11,SYTO,35499.5,650.0462285835016
I11,12,CONC,8580.140625,93.48405145546512
I11,12,HOECHST,6559.34228515625,115.32822783943145
I11,12,MITO,119752.6484375,2486.4372744393722
I11,12,PHAandWGA,47588.5234375,961.3164478480442
I11,12,SYTO,35562.08203125,619.0220513933896
I11,13,CONC,8640.599609375,89.53936700707389
I11,13,HOECHST,6643.740234375,110.94516230228514
I11,13,MITO,120080.03125,2404.985630359706
I11,13,PHAandWGA,48262.8125,934.0274186096965
I11,13,SYTO,35590.515625,592.6004496289371
I11,14,CONC,8736.970703125,85.72516768027477
I11,14,HOECHST,6747.423828125,106.40296071381499
I11,14,MITO,120605.3125,2312.000436617799
I11,14,PHAandWGA,48302.234375,906.1333916420847
I11,14,SYTO,35568.359375,566.3450530751815
I11,15,CONC,8804.03515625,82.00345074093052
I11,15,HOECHST,6795.509765625,101.9018892229277
I11,15,MITO,123090.2109375,2218.6640656141044
I11,15,PHAandWGA,48463.1484375,877.1659047051277
I11,15,SYTO,35586.0078125,540.2683001192474
I12,0,CONC,7239.4228515625,81.68858081551313
I12,0,HOECHST,4728.27099609375,81.5690199812462
I12,0,MITO,97146.59375,1932.5330104071236
I12,0,PHAandWGA,36983.390625,722.3040498321684
I12,0,SYTO,24764.970703125,539.0921543569485
I12,1,CONC,7780.546875,97.6935299204687
I12,1,HOECHST,5098.0703125,98.81016768723228
I12,1,MITO,101251.8046875,2145.6006332783136
I12,1,PHAandWGA,39057.12109375,826.1268374755682
I12,1,SYTO,26900.88671875,638.6097229636166
I12,2,CONC,8242.8896484375,106.27995153914715
I12,2,HOECHST,5486.8388671875,110.60439156709819
I12,2,MITO,106766.2109375,2242.270061000381
I12,2,PHAandWGA,41042.0,898.9008012966964
I12,2,SYTO,30006.46484375,707.8758966122974
I12,3,CONC,8693.48828125,108.01949942175844
I12,3,HOECHST,5792.48095703125,114.60173655890415
I12,3,MITO,110664.4375,2240.749810288296
I12,3,PHAandWGA,43457.046875,933.804440930828
I12,3,SYTO,32393.47265625,730.216673182737
I12,4,CONC,9030.455078125,105.85689607246948
I12,4,HOECHST,6032.15234375,114.34905865252577
I12,4,MITO,114971.78125,2197.184295148727
I12,4,PHAandWGA,45593.75,939.4246754285411
I12,4,SYTO,34402.84765625,725.0176670465762
I12,5,CONC,9231.345703125,100.89992200483503
I12,5,HOECHST,6272.29248046875,111.16339007202193
I12,5,MITO,117425.046875,2126.8706576843783
I12,5,PHAandWGA,47960.8046875,920.5845346969769
I12,5,SYTO,36369.125,701.068992036523
I12,6,CONC,9421.67578125,95.11009856987582
I12,6,HOECHST,6451.4931640625,106.42511247432923
I12,6,MITO,120560.109375,2033.8566036874715
I12,6,PHAandWGA,49560.765625,890.8959727550116
I12,6,SYTO,38219.6796875,666.6565847755033
I12,7,CONC,9562.857421875,89.33031513512077
I12,7,HOECHST,6591.908203125,100.69822751076599
I12,7,MITO,123382.5859375,1937.631067555429
I12,7,PHAandWGA,50575.3359375,855.2546120545999
I12,7,SYTO,39216.375,626.2624385053184
I12,8,CONC,9636.033203125,83.72966153687798
I12,8,HOECHST,6756.8056640625,95.26580080882611
I12,8,MITO,123663.1796875,1843.3015089736646
I12,8,PHAandWGA,52526.3203125,820.1670349069733
I12,8,SYTO,40309.1953125,591.5512999274475
I12,9,CONC,9728.9736328125,78.598041120726
I12,9,HOECHST,6866.3623046875,90.2764259374721
I12,9,MITO,126089.9453125,1760.3194823685717
I12,9,PHAandWGA,53686.62890625,784.0787750332477
I12,9,SYTO,41182.875,558.1915601441834
I12,10,CONC,9793.0673828125,74.23647085067533
I12,10,HOECHST,6934.2705078125,85.59766246283966
I12,10,MITO,128058.578125,1691.059295410696
I12,10,PHAandWGA,53922.484375,752.92940819239
I12,10,SYTO,42159.2109375,525.3618100358046
I12,11,CONC,9860.38671875,70.92070795293367
I12,11,HOECHST,7021.5654296875,81.94662047122512
I12,11,MITO,128743.234375,1629.3863130825962
I12,11,PHAandWGA,54335.0390625,724.8994681662911
I12,11,SYTO,42266.2734375,499.382237318808
I12,12,CONC,9889.34375,68.09695077864124
I12,12,HOECHST,7091.21875,78.80539767712541
I12,12,MITO,129311.90625,1579.2963756941695
I12,12,PHAandWGA,55412.1328125,703.7490779764087
I12,12,SYTO,42114.125,479.2867646624705
I12,13,CONC,9930.05078125,65.30476121357574
I12,13,HOECHST,7161.7587890625,75.90106886320709
I12,13,MITO,130443.171875,1511.0392373928653
I12,13,PHAandWGA,56366.88671875,682.929805207133
I12,13,SYTO,42748.25,460.9937872204398
I12,14,CONC,10030.271484375,62.996274442558274
I12,14,HOECHST,7267.1201171875,73.62915244098254
I12,14,MITO,131170.6875,1460.9145450746473
I12,14,PHAandWGA,56712.71484375,664.3949078884415
I12,14,SYTO,42358.14453125,444.2977256650099
I12,15,CONC,10101.416015625,60.76967962315716
I12,15,HOECHST,7293.32763671875,71.0328346369729
I12,15,MITO,131168.5625,1398.9814564176943
I12,15,PHAandWGA,57248.578125,644.6623917653807
I12,15,SYTO,42965.703125,426.4528688796001
I14,0,CONC,2960.3427734375,104.29900413077435
I14,0,HOECHST,2969.4736328125,156.16168535221382
I14,0,MITO,63039.0703125,4554.399401928751
I14,0,PHAandWGA,18476.08203125,1379.2071841971754
I14,0,SYTO,10770.83984375,864.0910451795871
I14,1,CONC,3398.43017578125,142.1414304229415
I14,1,HOECHST,3434.87060546875,218.28711334612308
I14,1,MITO,67162.671875,5360.101329029311
I14,1,PHAandWGA,20817.515625,1738.4007727804726
I14,1,SYTO,13715.0263671875,1151.9868622014912
I14,2,CONC,3689.186767578125,160.06487021140384
I14,2,HOECHST,3836.56884765625,251.90696518731949
I14,2,MITO,72413.171875,5845.268179756714
I14,2,PHAandWGA,23217.76953125,1930.3076333809151
I14,2,SYTO,15909.03125,1274.4109751651486
I14,3,CONC,3906.230712890625,165.11514300419446
I14,3,HOECHST,4131.07763671875,263.14407242736957
I14,3,MITO,76135.703125,6009.969870677533
I14,3,PHAandWGA,25139.04296875,2021.1238242786496
I14,3,SYTO,17717.724609375,1293.9375386799131
I14,4,CONC,4049.63525390625,164.29464946085216
I14,4,HOECHST,4260.8515625,258.5918898893953
I14,4,MITO,79128.015625,6076.784336267277
I14,4,PHAandWGA,26823.841796875,2037.082506340521
I14,4,SYTO,18843.10546875,1264.2778467993342
I14,5,CONC,4116.68359375,159.31018908063112
I14,5,HOECHST,4349.646484375,250.45066806891214
I14,5,MITO,79561.75,6047.92686340311
I14,5,PHAandWGA,27808.21484375,2009.8683026284189
I14,5,SYTO,19260.84765625,1207.0365896404041
I14,6,CONC,4179.86865234375,151.51710701999122
I14,6,HOECHST,4388.8525390625,238.58926879170875
I14,6,MITO,82789.140625,5985.353391197987
I14,6,PHAandWGA,28788.146484375,1955.9204973742035
I14,6,SYTO,19703.2421875,1137.344867543032
I14,7,CONC,4175.96337890625,143.21544868102578
I14,7,HOECHST,4394.251953125,224.22568107528681
I14,7,MITO,83302.625,5859.128190418389
I14,7,PHAandWGA,29099.1953125,1894.8285622304
I14,7,SYTO,19911.1171875,1062.8981042290502
I14,8,CONC,4136.10009765625,134.7915860428729
I14,8,HOECHST,4343.5771484375,209.853754163614
I14,8,MITO,83246.453125,5762.854105658102
I14,8,PHAandWGA,28784.037109375,1848.8657547044143
I14,8,SYTO,19237.9140625,997.5305597364862
I14,9,CONC,4080.552734375,126.83560162214852
I14,9,HOECHST,4286.2548828125,195.7247978673376
I14,9,MITO,83732.6875,5614.135274279887
I14,9,PHAandWGA,29327.302734375,1822.1184747573936
I14,9,SYTO,18542.55859375,937.619976328526
I14,10,CONC,4039.5625,119.53914341504031
I14,10,HOECHST,4301.142578125,183.91447279713083
I14,10,MITO,83882.265625,5483.570075843389
I14,10,PHAandWGA,29460.224609375,1747.236948794196
I14,10,SYTO,17858.65625,877.5352764578828
I14,11,CONC,4008.81103515625,112.33995989662931
I14,11,HOECHST,4269.7958984375,172.13988177720535
I14,11,MITO,84293.109375,5305.726960030512
I14,11,PHAandWGA,28642.298828125,1655.0492317192184
I14,11,SYTO,16959.36328125,813.4880350786468
I14,12,CONC,3975.3427734375,106.08480910064056
I14,12,HOECHST,4251.2099609375,161.16040699385425
I14,12,MITO,84993.34375,5196.486024680638
I14,12,PHAandWGA,28365.36328125,1583.777667699549
I14,12,SYTO,16361.9267578125,762.0121083998204
I14,13,CONC,3948.981689453125,99.83884796561092
I14,13,HOECHST,4228.619140625,150.35493659377323
I14,13,MITO,84798.8984375,5029.198250360085
I14,13,PHAandWGA,27937.572265625,1513.1472633604365
I14,13,SYTO,15759.474609375,711.3784634681324
I14,14,CONC,3926.47705078125,94.13145947793693
I14,14,HOECHST,4246.6455078125,140.1179316038935
I14,14,MITO,84621.859375,4849.683586611005
I14,14,PHAandWGA,27584.0,1438.7989166842765
I14,14,SYTO,15144.1494140625,659.3354376547447
I14,15,CONC,3944.91357421875,88.62012530691635
I14,15,HOECHST,4239.48779296875,130.44965535882653
I14,15,MITO,84594.65625,4608.968680542836
I14,15,PHAandWGA,27718.76171875,1352.4822650704923
I14,15,SYTO,14908.5849609375,613.1782561564987
I16,0,CONC,2253.10986328125,59.67858920060187
I16,0,HOECHST,1749.092529296875,62.583257471834386
I16,0,MITO,41395.25,3593.3414146043515
I16,0,PHAandWGA,10697.455078125,773.5221582845132
I16,0,SYTO,4823.958984375,368.64954933938037
I16,1,CONC,2501.9599609375,83.6157737358215
I16,1,HOECHST,1933.927490234375,91.43606179762702
I16,1,MITO,43490.6015625,4330.599209096831
I16,1,PHAandWGA,11981.5478515625,992.1312900623224
I16,1,SYTO,5712.9697265625,509.13792153917007
I16,2,CONC,2718.400390625,108.80221229993431
I16,2,HOECHST,2163.301025390625,124.15237737386796
I16,2,MITO,47531.328125,5084.284948152503
I16,2,PHAandWGA,13220.732421875,1226.0931279688668
I16,2,SYTO,7027.1767578125,654.7123570355718
I16,3,CONC,2915.51123046875,125.18791938600663
I16,3,HOECHST,2327.49560546875,143.74228289512754
I16,3,MITO,50589.90625,5576.2994391032535
I16,3,PHAandWGA,14496.380859375,1396.5337691659988
I16,3,SYTO,7991.9951171875,738.6715734559804
I16,4,CONC,3042.499755859375,134.0011651682958
I16,4,HOECHST,2449.58349609375,152.72581268657916
I16,4,MITO,51964.3125,5869.113460831637
I16,4,PHAandWGA,15409.46484375,1513.4573521849911
I16,4,SYTO,8646.8388671875,781.5237405427831
I16,5,CONC,3144.55322265625,138.3275300859956
I16,5,HOECHST,2538.675537109375,155.12995282253533
I16,5,MITO,54044.6328125,6027.653221092099
I16,5,PHAandWGA,16512.6953125,1578.534346668293
I16,5,SYTO,8748.158203125,789.1705976269599
I16,6,CONC,3215.32666015625,139.46558101588994
I16,6,HOECHST,2592.003173828125,154.919180259255
I16,6,MITO,55152.71484375,6093.441435229811
I16,6,PHAandWGA,16948.541015625,1603.4628077229863
I16,6,SYTO,8732.037109375,784.2745984726449
I16,7,CONC,3267.48095703125,138.1065813791995
I16,7,HOECHST,2642.50830078125,153.56170036275924
I16,7,MITO,55696.17578125,6113.8460506045985
I16,7,PHAandWGA,18039.23046875,1607.0067868293975
I16,7,SYTO,8541.6484375,767.5969069887518
I16,8,CONC,3303.37451171875,135.93744742590786
I16,8,HOECHST,2659.52734375,149.8468872097757
I16,8,MITO,56648.54296875,6126.1894395252675
I16,8,PHAandWGA,18322.5546875,1596.7022858699534
I16,8,SYTO,8358.7822265625,746.3573028441255
I16,9,CONC,3313.23193359375,131.68125283300728
I16,9,HOECHST,2684.1806640625,144.17147997798608
I16,9,MITO,57466.93359375,6066.056430557707
I16,9,PHAandWGA,18486.2421875,1565.24891039591
I16,9,SYTO,8141.6279296875,717.887008851931
I16,10,CONC,3311.80859375,126.43012655109763
I16,10,HOECHST,2686.7041015625,137.29218304967202
I16,10,MITO,57468.71875,5921.24486536786
I16,10,PHAandWGA,18555.693359375,1508.8408050638075
I16,10,SYTO,7926.8349609375,682.375205176052
I16,11,CONC,3312.4931640625,121.18052627372933
I16,11,HOECHST,2687.63720703125,131.11459130635623
I16,11,MITO,57849.56640625,5786.425217584958
I16,11,PHAandWGA,18350.548828125,1451.7191438991335
I16,11,SYTO,7882.01953125,649.6068116593881
I16,12,CONC,3330.42529296875,116.22819159371102
I16,12,HOECHST,2697.7978515625,124.60314251242913
I16,12,MITO,58509.046875,5641.880531787479
I16,12,PHAandWGA,18482.078125,1395.6303050337958
I16,12,SYTO,7829.63037109375,615.7421943206429
I16,13,CONC,3358.048095703125,110.60319141073154
I16,13,HOECHST,2707.88525390625,116.43275247999053
I16,13,MITO,59216.06640625,5403.027700155507
I16,13,PHAandWGA,18353.560546875,1328.0428336879406
I16,13,SYTO,7755.125,577.543513418387
I16,14,CONC,3363.99755859375,105.36460669028205
I16,14,HOECHST,2699.04638671875,109.56075802752211
I16,14,MITO,59455.34375,5181.111393888784
I16,14,PHAandWGA,18012.02734375,1257.5594061137724
I16,14,SYTO,7756.205078125,542.6547275975773
I16,15,CONC,3363.36376953125,99.90084046290845
I16,15,HOECHST,2716.81201171875,102.7606369978824
I16,15,MITO,59464.9609375,4900.987248588228
I16,15,PHAandWGA,17787.921875,1185.8327199590756
I16,15,SYTO,7751.16015625,506.4524868904548
I17,0,CONC,5392.6494140625,84.97222177368049
I17,0,HOECHST,3517.32177734375,93.61799678536177
I17,0,MITO,77903.296875,2935.691652516218
I17,0,PHAandWGA,24132.71875,870.516154925598
I17,0,SYTO,12704.671875,493.69699713819284
I17,1,CONC,5769.95751953125,106.67535056413155
I17,1,HOECHST,3832.21240234375,119.43103026833663
I17,1,MITO,81906.7890625,3400.457110935802
I17,1,PHAandWGA,25699.07421875,1024.6205554542753
I17,1,SYTO,14792.734375,620.3244569386877
I17,2,CONC,6220.2841796875,126.15835128240217
I17,2,HOECHST,4162.76513671875,144.83543216918656
I17,2,MITO,87188.7734375,3838.477070693644
I17,2,PHAandWGA,28194.0625,1175.550652729908
I17,2,SYTO,17135.212890625,734.8263011575865
I17,3,CONC,6569.009765625,137.85668573226573
I17,3,HOECHST,4472.177734375,163.91943677854056
I17,3,MITO,92305.5,4081.621503052564
I17,3,PHAandWGA,29784.1484375,1291.3337808219799
I17,3,SYTO,19775.923828125,808.793531442268
I17,4,CONC,6853.40234375,142.3860173830334
I17,4,HOECHST,4733.09375,171.8263088605897
I17,4,MITO,95951.8515625,4194.831373481484
I17,4,PHAandWGA,32082.333984375,1360.678365669816
I17,4,SYTO,21463.3046875,838.9226093219323
I17,5,CONC,7063.2490234375,143.17267915764916
I17,5,HOECHST,4876.16162109375,172.50565990582314
I17,5,MITO,98815.7734375,4228.006807789455
I17,5,PHAandWGA,33072.60546875,1395.8770605227544
I17,5,SYTO,22933.67578125,839.5552152034727
I17,6,CONC,7236.1787109375,142.45065362739908
I17,6,HOECHST,5018.4970703125,171.2638180865605
I17,6,MITO,100886.09375,4223.103257044323
I17,6,PHAandWGA,34603.75,1412.5609065482645
I17,6,SYTO,23958.33203125,830.9462381364582
I17,7,CONC,7304.52734375,141.14098141795347
I17,7,HOECHST,5144.5361328125,168.2950108080859
I17,7,MITO,103071.1484375,4204.075896761994
I17,7,PHAandWGA,36119.98828125,1417.7384533906547
I17,7,SYTO,24481.96484375,812.6310232041725
I17,8,CONC,7430.37255859375,138.6021254357797
I17,8,HOECHST,5261.400390625,164.62003794433448
I17,8,MITO,103965.875,4129.117999731634
I17,8,PHAandWGA,36937.03125,1404.361923781656
I17,8,SYTO,25120.30859375,791.5879936952438
I17,9,CONC,7556.35498046875,135.758388390922
I17,9,HOECHST,5329.1201171875,160.72892308994187
I17,9,MITO,107003.6953125,4090.3997615947033
I17,9,PHAandWGA,37742.65234375,1389.5834482096966
I17,9,SYTO,25241.0,762.8751125410834
I17,10,CONC,7637.52587890625,132.74175826785896
I17,10,HOECHST,5441.9560546875,157.00035597103965
I17,10,MITO,108264.171875,4020.2920658809835
I17,10,PHAandWGA,38663.94921875,1367.0440708397052
I17,10,SYTO,25388.51953125,738.7829017125766
I17,11,CONC,7701.45703125,129.4315496648191
I17,11,HOECHST,5539.5263671875,153.4003724241304
I17,11,MITO,109636.1328125,3942.165325559138
I17,11,PHAandWGA,39040.8828125,1341.4181141828742
I17,11,SYTO,25142.03125,712.6136353772073
I17,12,CONC,7763.751953125,125.78385150866582
I17,12,HOECHST,5613.14599609375,148.3191861696263
I17,12,MITO,111117.34375,3840.420496229773
I17,12,PHAandWGA,39490.55078125,1315.5981510086187
I17,12,SYTO,25014.08984375,690.0652058482211
I17,13,CONC,7825.97314453125,121.7338034818579
I17,13,HOECHST,5643.36328125,143.16411230978932
I17,13,MITO,111242.5859375,3722.688488334793
I17,13,PHAandWGA,39985.84375,1284.7569628055203
I17,13,SYTO,25230.0703125,664.9367713695858
I17,14,CONC,7881.7802734375,118.11484117505974
I17,14,HOECHST,5700.3447265625,138.68926337528
I17,14,MITO,112058.2109375,3607.225753546012
I17,14,PHAandWGA,39946.03515625,1256.3889219073144
I17,14,SYTO,25053.095703125,640.0549548515714
I17,15,CONC,7960.34912109375,114.0182331819431
I17,15,HOECHST,5737.8125,133.10692143188496
I17,15,MITO,112842.0703125,3468.671988422477
I17,15,PHAandWGA,40184.5,1223.2884150683346
I17,15,SYTO,24787.837890625,612.4244676347479
I18,0,CONC,5390.97265625,116.27113469067699
I18,0,HOECHST,3773.91748046875,124.81025903742862
I18,0,MITO,76986.03125,3091.9409738575864
I18,0,PHAandWGA,25228.169921875,1119.452986326247
I18,0,SYTO,15243.505859375,736.8867528382676
I18,1,CONC,5871.82470703125,151.82810297980942
I18,1,HOECHST,4137.607421875,165.02702823210484
I18,1,MITO,80598.890625,3582.106952887758
I18,1,PHAandWGA,27171.134765625,1355.5688897768878
I18,1,SYTO,17204.064453125,941.9055701131525
I18,2,CONC,6315.8515625,173.3430615962495
I18,2,HOECHST,4520.1298828125,194.07669422042352
I18,2,MITO,85485.5546875,3952.0070079872594
I18,2,PHAandWGA,29363.2265625,1535.820906257969
I18,2,SYTO,19384.99609375,1067.0582971743088
I18,3,CONC,6682.14892578125,182.79227655038133
I18,3,HOECHST,4825.17578125,209.9075342015811
I18,3,MITO,88876.328125,4178.8273361180845
I18,3,PHAandWGA,30911.322265625,1641.3150103149076
I18,3,SYTO,21083.46875,1116.3340471822007
I18,4,CONC,6989.93994140625,186.8659979906975
I18,4,HOECHST,5094.22607421875,217.2891142961415
I18,4,MITO,93348.21875,4343.399807195422
I18,4,PHAandWGA,33035.66015625,1709.9017196402829
I18,4,SYTO,23034.67578125,1131.9808776799814
I18,5,CONC,7188.5458984375,187.07595686891074
I18,5,HOECHST,5325.212890625,220.43047842700196
I18,5,MITO,96766.359375,4438.014986197321
I18,5,PHAandWGA,34646.10546875,1740.8196535890543
I18,5,SYTO,24459.904296875,1120.969028201649
I18,6,CONC,7362.40234375,183.34127533905385
I18,6,HOECHST,5497.71142578125,218.15468452979414
I18,6,MITO,98931.015625,4472.208302310887
I18,6,PHAandWGA,36439.73828125,1726.2526438956347
I18,6,SYTO,25349.26171875,1090.3608486976061
I18,7,CONC,7517.3173828125,177.9879803872456
I18,7,HOECHST,5650.96484375,214.60006925158967
I18,7,MITO,101589.515625,4477.518521194484
I18,7,PHAandWGA,37511.1171875,1685.508375645181
I18,7,SYTO,26334.91796875,1046.7689021285946
I18,8,CONC,7635.04296875,172.99173359335174
I18,8,HOECHST,5790.9609375,209.71628136786214
I18,8,MITO,104666.328125,4458.784653991555
I18,8,PHAandWGA,38280.8671875,1649.3395504789667
I18,8,SYTO,27440.5234375,1009.4088555939826
I18,9,CONC,7683.7578125,167.89298630299405
I18,9,HOECHST,5898.90185546875,203.44854572699293
I18,9,MITO,106530.3203125,4440.65084218216
I18,9,PHAandWGA,39259.24609375,1611.5255205056324
I18,9,SYTO,27984.3203125,969.9271322434397
I18,10,CONC,7745.57666015625,162.05613369520333
I18,10,HOECHST,5913.2529296875,195.5468104647855
I18,10,MITO,108830.734375,4395.863342943879
I18,10,PHAandWGA,39982.8828125,1575.18891492918
I18,10,SYTO,28019.181640625,928.7051249323268
I18,11,CONC,7737.998046875,156.21498969353183
I18,11,HOECHST,5933.53125,188.05646735679488
I18,11,MITO,110419.5,4328.281708144274
I18,11,PHAandWGA,40910.8125,1538.8896424224433
I18,11,SYTO,27930.46875,892.1777035724966
I18,12,CONC,7831.9921875,150.47402965897493
I18,12,HOECHST,5988.51806640625,181.0924400322425
I18,12,MITO,111336.5234375,4228.967243760682
I18,12,PHAandWGA,40787.34765625,1506.9984331276382
I18,12,SYTO,28132.19921875,854.6069809190147
I18,13,CONC,7846.68505859375,144.6313641153868
I18,13,HOECHST,6033.728515625,173.94003914525848
I18,13,MITO,112837.75,4125.466062277567
I18,13,PHAandWGA,41347.86328125,1462.036486035974
I18,13,SYTO,27938.3515625,815.7076197548429
I18,14,CONC,7917.3544921875,139.20056246827127
I18,14,HOECHST,6072.08154296875,166.79263464204993
I18,14,MITO,113143.515625,4015.3991189049675
I18,14,PHAandWGA,41621.5078125,1421.2267016095632
I18,14,SYTO,27863.3359375,779.5153319956622
I18,15,CONC,7928.56787109375,133.45723783517428
I18,15,HOECHST,6155.22607421875,159.0578001742717
I18,15,MITO,114508.75,3895.181586357346
I18,15,PHAandWGA,41289.43359375,1377.7676527505012
I18,15,SYTO,27908.375,741.2105509576825
I22,0,CONC,4143.7900390625,75.10417481841866
I22,0,HOECHST,2990.546875,85.35219215793956
I22,0,MITO,65646.453125,2673.4061365765074
I22,0,PHAandWGA,19704.23828125,847.160489032839
I22,0,SYTO,9961.859375,477.0359228447525
I22,1,CONC,4437.26171875,95.62737215027289
I22,1,HOECHST,3216.29931640625,106.63045552100479
I22,1,MITO,67658.34375,3059.006295954449
I22,1,PHAandWGA,20900.41796875,999.9473369755443
I22,1,SYTO,11933.703125,596.0466455123374
I22,2,CONC,4820.708984375,123.22262047396585
I22,2,HOECHST,3493.3935546875,138.24903316612497
I22,2,MITO,72303.296875,3580.3940105695833
I22,2,PHAandWGA,22693.87890625,1206.2950419546787
I22,2,SYTO,14412.8466796875,771.1109213505118
I22,3,CONC,5182.6123046875,145.9299224130601
I22,3,HOECHST,3843.4658203125,167.9056112858693
I22,3,MITO,76256.65625,3981.0896258699213
I22,3,PHAandWGA,24658.21484375,1382.4133030327923
I22,3,SYTO,16045.8603515625,904.0914101307042
I22,4,CONC,5457.27734375,158.40092564448773
I22,4,HOECHST,4101.0654296875,185.03915067171292
I22,4,MITO,79853.796875,4261.256734151139
I22,4,PHAandWGA,26241.50390625,1500.2247090080325
I22,4,SYTO,17630.677734375,971.9562724374172
I22,5,CONC,5699.4013671875,162.3966078819054
I22,5,HOECHST,4314.5693359375,191.80088323131537
I22,5,MITO,83086.90625,4396.169092911428
I22,5,PHAandWGA,27724.3046875,1567.5010161814241
I22,5,SYTO,19050.388671875,991.4630872227483
I22,6,CONC,5869.49169921875,162.0948376815787
I22,6,HOECHST,4468.33056640625,192.86567779599633
I22,6,MITO,85771.828125,4506.625203709357
I22,6,PHAandWGA,28986.7890625,1589.1246724745329
I22,6,SYTO,19910.201171875,981.2256000155226
I22,7,CONC,5995.9892578125,161.1212042675599
I22,7,HOECHST,4601.30712890625,192.83057671293767
I22,7,MITO,88329.203125,4566.365301304278
I22,7,PHAandWGA,30212.83203125,1588.4074778971792
I22,7,SYTO,20594.66015625,959.4710800521892
I22,8,CONC,6056.1015625,159.58569565345445
I22,8,HOECHST,4652.1533203125,190.54841847655055
I22,8,MITO,89924.9609375,4596.767501640337
I22,8,PHAandWGA,30965.12109375,1584.7514148069533
I22,8,SYTO,21272.95703125,937.0409262223112
I22,9,CONC,6120.60498046875,156.83919064271046
I22,9,HOECHST,4754.1279296875,187.36246626419737
I22,9,MITO,91433.5234375,4596.820783172455
I22,9,PHAandWGA,31602.01171875,1574.230081413523
I22,9,SYTO,21566.21484375,908.9787961244881
I22,10,CONC,6159.6904296875,152.47248571048206
I22,10,HOECHST,4817.107421875,181.996724308909
I22,10,MITO,91967.9765625,4565.111648844433
I22,10,PHAandWGA,32494.271484375,1542.5339377308449
I22,10,SYTO,21400.0625,872.2726464559225
I22,11,CONC,6190.43212890625,147.32655068393254
I22,11,HOECHST,4857.62939453125,176.0117783431674
I22,11,MITO,93798.71875,4503.097547299441
I22,11,PHAandWGA,32965.1640625,1509.363724598147
I22,11,SYTO,21334.892578125,837.2089643935151
I22,12,CONC,6250.8759765625,142.19030640601343
I22,12,HOECHST,4917.48828125,170.33854377224029
I22,12,MITO,95361.90625,4440.251603617129
I22,12,PHAandWGA,32550.634765625,1471.457898672275
I22,12,SYTO,21159.373046875,804.5813618170525
I22,13,CONC,6275.3212890625,137.17543752307714
I22,13,HOECHST,4984.8544921875,164.20294813362602
I22,13,MITO,96227.59375,4336.710197029732
I22,13,PHAandWGA,33417.8671875,1429.0146817006853
I22,13,SYTO,21197.74609375,770.1304975370972
I22,14,CONC,6338.77587890625,132.42241065136398
I22,14,HOECHST,5017.5634765625,158.1119156563535
I22,14,MITO,97366.546875,4228.5695450065805
I22,14,PHAandWGA,33427.4765625,1390.4117610937417
I22,14,SYTO,21072.23046875,736.1750280353327
I22,15,CONC,6405.6943359375,127.43279535884433
I22,15,HOECHST,5088.07373046875,151.20142606151418
I22,15,MITO,98737.671875,4089.653610091043
I22,15,PHAandWGA,33382.015625,1343.0018226447482
I22,15,SYTO,21013.6328125,699.3068193073312
I23,0,CONC,3865.42626953125,75.45534050598195
I23,0,HOECHST,2621.1689453125,72.87551491327196
I23,0,MITO,62947.7578125,3305.2275485445903
I23,0,PHAandWGA,18043.77734375,869.9801589266433
I23,0,SYTO,8434.1416015625,428.81082225966446
I23,1,CONC,4079.994873046875,89.36331158194756
I23,1,HOECHST,2801.801513671875,86.81142250042643
I23,1,MITO,64332.65625,3624.530625910053
I23,1,PHAandWGA,19239.646484375,984.2774086027716
I23,1,SYTO,9409.966796875,498.63604857670776
I23,2,CONC,4307.7626953125,102.66708416560327
I23,2,HOECHST,2981.8388671875,100.46944426013867
I23,2,MITO,67981.9375,3977.3644173300636
I23,2,PHAandWGA,20463.66796875,1102.927304135865
I23,2,SYTO,10565.716796875,569.1960177404111
I23,3,CONC,4517.86376953125,111.44159285402144
I23,3,HOECHST,3138.3203125,109.27102395909165
I23,3,MITO,70877.171875,4189.8997875994255
I23,3,PHAandWGA,21583.2109375,1195.887707699659
I23,3,SYTO,11624.5771484375,616.0626840406086
I23,4,CONC,4666.72314453125,116.2204010293819
I23,4,HOECHST,3266.768798828125,115.0088329777843
I23,4,MITO,73243.3515625,4305.799041193681
I23,4,PHAandWGA,22567.98828125,1261.4120908551895
I23,4,SYTO,12380.337890625,643.1544113444809
I23,5,CONC,4791.83203125,119.5775317182735
I23,5,HOECHST,3405.7041015625,120.0771184521079
I23,5,MITO,75112.203125,4381.2419868814195
I23,5,PHAandWGA,23741.703125,1311.1402133015843
I23,5,SYTO,13064.673828125,661.6341617986642
I23,6,CONC,4927.990234375,121.06025966730742
I23,6,HOECHST,3500.78564453125,122.13366879279978
I23,6,MITO,76526.359375,4414.112248384401
I23,6,PHAandWGA,24797.3125,1340.1634329934875
I23,6,SYTO,13500.80859375,666.55967602708
I23,7,CONC,5017.259765625,121.24103356214944
I23,7,HOECHST,3595.76025390625,121.83521387938752
I23,7,MITO,78057.2421875,4401.154792970629
I23,7,PHAandWGA,25501.119140625,1355.8506754446728
I23,7,SYTO,13788.833984375,660.0009874212881
I23,8,CONC,5124.25,120.85712190275449
I23,8,HOECHST,3664.63916015625,121.11180431276229
I23,8,MITO,78930.359375,4380.4690105387035
I23,8,PHAandWGA,26378.783203125,1361.6942450988531
I23,8,SYTO,13895.8642578125,650.1633126428377
I23,9,CONC,5229.544921875,120.0900620639767
I23,9,HOECHST,3720.208251953125,119.58294126240087
I23,9,MITO,80244.21875,4352.627287577985
I23,9,PHAandWGA,26674.84375,1361.2664970254361
I23,9,SYTO,13992.740234375,639.3926045859619
I23,10,CONC,5285.9228515625,118.6237131324174
I23,10,HOECHST,3785.1611328125,117.53173384374024
I23,10,MITO,81298.0,4295.070535910696
I23,10,PHAandWGA,27434.34765625,1352.0339727695073
I23,10,SYTO,13910.8203125,624.2575156257016
I23,11,CONC,5364.447265625,116.58307330427483
I23,11,HOECHST,3854.961669921875,115.11560910832632
I23,11,MITO,83100.421875,4213.0472180323695
I23,11,PHAandWGA,27498.40625,1339.003084854645
I23,11,SYTO,13880.515625,606.9660720058616
I23,12,CONC,5408.833984375,114.19703465157923
I23,12,HOECHST,3914.22412109375,112.43283432234603
I23,12,MITO,84465.6328125,4106.655871795904
I23,12,PHAandWGA,27651.7421875,1311.6710635546267
I23,12,SYTO,13760.580078125,587.3017892915124
I23,13,CONC,5507.5859375,111.25368108404605
I23,13,HOECHST,3974.55224609375,109.06709074232343
I23,13,MITO,84941.8828125,3992.3682302250686
I23,13,PHAandWGA,28456.91796875,1283.6932156502953
I23,13,SYTO,13884.939453125,567.1985710801949
I23,14,CONC,5572.40625,108.19523919085809
I23,14,HOECHST,4014.3994140625,105.68234360249083
I23,14,MITO,86182.4453125,3849.44598829735
I23,14,PHAandWGA,28598.736328125,1248.3351192100822
I23,14,SYTO,13950.4814453125,545.6470829511262
I23,15,CONC,5664.2470703125,104.66682779268027
I23,15,HOECHST,4103.6494140625,101.99256219698714
I23,15,MITO,87421.890625,3697.3569110092562
I23,15,PHAandWGA,28730.7578125,1210.7605429831085
I23,15,SYTO,13991.017578125,521.7904522508749
J03,0,CONC,5531.6943359375,98.45505360598379
J03,0,HOECHST,3321.76416015625,88.22217707117146
J03,0,MITO,80009.3203125,3187.150741338525
J03,0,PHAandWGA,24141.1875,929.8279575741799
J03,0,SYTO,14205.57421875,591.4064492793915
J03,1,CONC,6072.037109375,136.77491634069528
J03,1,HOECHST,3669.809326171875,126.69891613258648
J03,1,MITO,84487.15625,3891.769310238044
J03,1,PHAandWGA,25574.359375,1145.55993569111
J03,1,SYTO,16088.4482421875,802.628967578609
J03,2,CONC,6547.98193359375,157.83106075929584
J03,2,HOECHST,3942.22705078125,144.3821278791765
J03,2,MITO,88080.9140625,4232.749616314064
J03,2,PHAandWGA,27240.109375,1291.6197381967067
J03,2,SYTO,18082.73046875,909.8794150558418
J03,3,CONC,6938.3056640625,169.47921810818454
J03,3,HOECHST,4200.701171875,158.1238560210622
J03,3,MITO,93576.078125,4505.551958908702
J03,3,PHAandWGA,29417.259765625,1389.6676412690758
J03,3,SYTO,20490.671875,979.1517007293788
J03,4,CONC,7226.55029296875,174.65090346567786
J03,4,HOECHST,4440.2421875,165.20327252420245
J03,4,MITO,96329.453125,4600.205866624596
J03,4,PHAandWGA,31306.078125,1436.3144329828856
J03,4,SYTO,22221.046875,1004.3966019668487
J03,5,CONC,7428.7529296875,173.2040700981925
J03,5,HOECHST,4587.794921875,163.23456614543323
J03,5,MITO,99545.5625,4610.751072576732
J03,5,PHAandWGA,32398.1796875,1444.42739619794
J03,5,SYTO,23409.935546875,985.1694599047692
J03,6,CONC,7629.0888671875,170.54169940024462
J03,6,HOECHST,4735.55029296875,160.7300538977471
J03,6,MITO,103071.046875,4565.720059972389
J03,6,PHAandWGA,33958.5,1431.4891953602107
J03,6,SYTO,25205.8046875,957.0737828509675
J03,7,CONC,7717.3798828125,166.2126490647705
J03,7,HOECHST,4867.134765625,155.89749328497768
J03,7,MITO,103857.671875,4481.14271641686
J03,7,PHAandWGA,35170.58984375,1407.1458084656163
J03,7,SYTO,26084.73828125,921.3494882238534
J03,8,CONC,7771.22265625,160.05966317233018
J03,8,HOECHST,4940.5078125,150.77463691677602
J03,8,MITO,106510.671875,4461.488981797857
J03,8,PHAandWGA,35952.62109375,1383.13993610415
J03,8,SYTO,26621.3203125,888.4353322458052
J03,9,CONC,7795.92919921875,153.60470719861542
J03,9,HOECHST,4975.7841796875,144.70153617669033
J03,9,MITO,107060.765625,4397.724901738386
J03,9,PHAandWGA,36493.1484375,1359.0394768532856
J03,9,SYTO,26943.486328125,852.6324356909392
J03,10,CONC,7807.5966796875,147.32101166314288
J03,10,HOECHST,5058.95703125,139.66070638717963
J03,10,MITO,108345.828125,4302.469438629092
J03,10,PHAandWGA,36918.24609375,1324.5776638325178
J03,10,SYTO,26866.5390625,816.0151880249402
J03,11,CONC,7847.36328125,141.2104096534334
J03,11,HOECHST,5104.24951171875,134.32564587343919
J03,11,MITO,109654.203125,4195.239706911989
J03,11,PHAandWGA,37813.46484375,1287.688144521965
J03,11,SYTO,26505.630859375,777.2601040050027
J03,12,CONC,7910.5234375,135.43770427520133
J03,12,HOECHST,5159.7666015625,129.08327220815357
J03,12,MITO,109907.078125,4067.7447725758984
J03,12,PHAandWGA,38644.8828125,1252.2986144022564
J03,12,SYTO,26542.19140625,741.8218048443238
J03,13,CONC,7976.27490234375,130.1058645172242
J03,13,HOECHST,5240.576171875,123.94192357600117
J03,13,MITO,111775.03125,3963.064747723364
J03,13,PHAandWGA,38913.6171875,1219.199615955183
J03,13,SYTO,26178.734375,707.9423628513597
J03,14,CONC,8058.3623046875,125.18741802576608
J03,14,HOECHST,5279.7763671875,119.0807214357521
J03,14,MITO,113430.609375,3841.376579382786
J03,14,PHAandWGA,39386.78125,1188.7412043977065
J03,14,SYTO,26564.126953125,676.9624275483734
J03,15,CONC,8103.52685546875,120.20366679726013
J03,15,HOECHST,5335.68701171875,114.54670629558552
J03,15,MITO,113062.265625,3689.5575918166246
J03,15,PHAandWGA,38787.984375,1149.1086188681627
J03,15,SYTO,26226.29296875,643.9977972846334
J05,0,CONC,4598.677734375,135.9243721439165
J05,0,HOECHST,2732.875,109.01039422781977
J05,0,MITO,76374.3125,4796.495388914663
J05,0,PHAandWGA,20468.228515625,1170.3971559041681
J05,0,SYTO,11673.65625,733.1970383809706
J05,1,CONC,5263.8291015625,186.29210926929912
J05,1,HOECHST,3255.427490234375,170.30976345332792
J05,1,MITO,82865.296875,5696.000333120935
J05,1,PHAandWGA,23076.48828125,1460.1604273197597
J05,1,SYTO,14735.984375,1007.1760512116001
J05,2,CONC,5665.6220703125,202.7018762636363
J05,2,HOECHST,3570.652099609375,188.44774280336594
J05,2,MITO,88643.375,6066.516947247252
J05,2,PHAandWGA,25334.1953125,1600.0302750790247
J05,2,SYTO,17176.0625,1096.4509731585629
J05,3,CONC,5909.658203125,203.67410615627202
J05,3,HOECHST,3744.00537109375,191.67634109172866
J05,3,MITO,91959.515625,6161.781381971661
J05,3,PHAandWGA,27152.75390625,1657.2586185021644
J05,3,SYTO,18787.103515625,1108.7560845605246
J05,4,CONC,6029.9140625,195.132947616447
J05,4,HOECHST,3900.414794921875,186.50392884860082
J05,4,MITO,95543.6875,6097.261890258389
J05,4,PHAandWGA,29112.6171875,1655.6932419732386
J05,4,SYTO,20141.96875,1078.3013807556483
J05,5,CONC,6128.1083984375,188.2053748800374
J05,5,HOECHST,4033.4931640625,181.7133256907004
J05,5,MITO,98292.984375,5972.67676481173
J05,5,PHAandWGA,30560.68359375,1627.1860312003007
J05,5,SYTO,21176.451171875,1026.7244214371033
J05,6,CONC,6185.1357421875,180.89904536053027
J05,6,HOECHST,4061.287841796875,169.94872972876604
J05,6,MITO,98684.609375,5859.901620509827
J05,6,PHAandWGA,31196.455078125,1588.3304987699757
J05,6,SYTO,21925.451171875,970.0204051512827
J05,7,CONC,6112.94091796875,168.85058566525365
J05,7,HOECHST,4066.06640625,159.56413377737968
J05,7,MITO,99687.34375,5667.4866144267335
J05,7,PHAandWGA,32276.349609375,1532.9180904496247
J05,7,SYTO,21469.1015625,909.2146861649657
J05,8,CONC,6042.5244140625,157.96949376969954
J05,8,HOECHST,4045.897705078125,148.90464393644453
J05,8,MITO,100439.171875,5536.266913855476
J05,8,PHAandWGA,32531.38671875,1484.2065750293514
J05,8,SYTO,20780.73828125,847.063446084728
J05,9,CONC,6004.642578125,148.4778231409685
J05,9,HOECHST,4013.24560546875,139.26799368996004
J05,9,MITO,100696.296875,5359.776736143792
J05,9,PHAandWGA,32628.2734375,1433.4847197663235
J05,9,SYTO,19953.64453125,790.1028045680379
J05,10,CONC,5940.3154296875,138.63739413281888
J05,10,HOECHST,4010.21484375,130.33670267486536
J05,10,MITO,100846.640625,5230.473984260017
J05,10,PHAandWGA,32281.7734375,1383.961094061345
J05,10,SYTO,18612.97265625,736.8209504775941
J05,11,CONC,5876.83203125,129.62644682177947
J05,11,HOECHST,3971.560791015625,121.95471929762081
J05,11,MITO,100536.7421875,5049.881212892947
J05,11,PHAandWGA,32449.22265625,1333.9193833409704
J05,11,SYTO,17552.974609375,688.3388133289017
J05,12,CONC,5876.1376953125,121.40354063281008
J05,12,HOECHST,3959.18017578125,114.63663919672187
J05,12,MITO,99853.421875,4831.475457705368
J05,12,PHAandWGA,32271.73828125,1280.5110891763427
J05,12,SYTO,16684.60546875,643.0155096474118
J05,13,CONC,5859.6025390625,114.11507457388606
J05,13,HOECHST,3940.4365234375,108.10055111984344
J05,13,MITO,100417.28125,4670.669025930836
J05,13,PHAandWGA,32186.140625,1225.024858360701
J05,13,SYTO,16351.828125,603.2086660338557
J05,14,CONC,5862.95458984375,107.6745717084526
J05,14,HOECHST,3943.468505859375,101.23820822716254
J05,14,MITO,101871.953125,4461.389301782273
J05,14,PHAandWGA,31989.60546875,1171.2146543255342
J05,14,SYTO,15742.767578125,561.7538671167856
J05,15,CONC,5898.998046875,101.36633441670743
J05,15,HOECHST,3943.158447265625,94.18291582639776
J05,15,MITO,101283.703125,4246.353028533178
J05,15,PHAandWGA,31828.9765625,1111.223986530281
J05,15,SYTO,15380.7265625,520.788841251692
J06,0,CONC,2694.78125,71.93359582579282
J06,0,HOECHST,1437.231201171875,35.69370128152555
J06,0,MITO,47052.00390625,3451.8589144275056
J06,0,PHAandWGA,11580.576171875,720.514279339406
J06,0,SYTO,5643.4130859375,393.6264815015622
J06,1,CONC,2948.5986328125,96.13580272963361
J06,1,HOECHST,1576.26513671875,49.49347615355621
J06,1,MITO,49708.4140625,4025.017039156772
J06,1,PHAandWGA,12836.720703125,912.84202544608
J06,1,SYTO,6552.10888671875,516.6402381232416
J06,2,CONC,3188.61572265625,118.42075217259394
J06,2,HOECHST,1712.131591796875,62.13718084172386
J06,2,MITO,53023.6015625,4526.558265518299
J06,2,PHAandWGA,14180.982421875,1088.9967382463412
J06,2,SYTO,7700.9189453125,624.1481759239166
J06,3,CONC,3383.57080078125,130.32050194059792
J06,3,HOECHST,1837.1534423828125,71.21216764637276
J06,3,MITO,55486.296875,4850.266027440716
J06,3,PHAandWGA,15388.1328125,1191.7729065673336
J06,3,SYTO,8443.978515625,678.3690632402412
J06,4,CONC,3510.9189453125,134.87058260127296
J06,4,HOECHST,1921.127197265625,74.92863253633222
J06,4,MITO,57144.3046875,5005.1090333985485
J06,4,PHAandWGA,16517.73828125,1239.749386833021
J06,4,SYTO,8737.1328125,693.3093216399632
J06,5,CONC,3625.21484375,136.49903627822206
J06,5,HOECHST,2002.992431640625,76.08160631754858
J06,5,MITO,58635.609375,5074.737566229056
J06,5,PHAandWGA,17325.4453125,1259.9599346837908
J06,5,SYTO,8956.0146484375,694.194441256315
J06,6,CONC,3724.334228515625,135.32906829412707
J06,6,HOECHST,2044.9571533203125,76.3724366437885
J06,6,MITO,60610.44140625,5120.14844699548
J06,6,PHAandWGA,17840.53125,1251.5293734981733
J06,6,SYTO,8924.201171875,680.1703561083868
J06,7,CONC,3774.59619140625,132.39148257469748
J06,7,HOECHST,2071.982177734375,75.35757184691222
J06,7,MITO,61804.90234375,5107.381637610271
J06,7,PHAandWGA,18502.685546875,1223.7725070793574
J06,7,SYTO,8770.46484375,657.5932513230974
J06,8,CONC,3795.580322265625,127.88939963086666
J06,8,HOECHST,2083.375244140625,72.82992562026843
J06,8,MITO,62341.9921875,5027.41309201876
J06,8,PHAandWGA,18764.265625,1198.1457907849772
J06,8,SYTO,8674.19140625,628.4562977581011
J06,9,CONC,3828.937744140625,122.93219711127247
J06,9,HOECHST,2085.61376953125,69.0463095087961
J06,9,MITO,62445.7890625,4913.006480442968
J06,9,PHAandWGA,18624.49609375,1152.1460522146122
J06,9,SYTO,8437.025390625,593.3613049298868
J06,10,CONC,3820.03173828125,117.60955522199163
J06,10,HOECHST,2090.41650390625,64.93724862365303
J06,10,MITO,63387.0234375,4816.503206012251
J06,10,PHAandWGA,18678.36328125,1110.4225528141742
J06,10,SYTO,8405.283203125,563.3700761538977
J06,11,CONC,3827.04052734375,112.45149738168479
J06,11,HOECHST,2089.800537109375,61.55596102736316
J06,11,MITO,63737.04296875,4675.4349547236125
J06,11,PHAandWGA,18594.376953125,1065.9609624651882
J06,11,SYTO,8312.921875,532.8090889036977
J06,12,CONC,3834.17431640625,106.98592151585868
J06,12,HOECHST,2100.597412109375,58.7003241133237
J06,12,MITO,64269.2734375,4506.843753944133
J06,12,PHAandWGA,18564.244140625,1018.4873271222546
J06,12,SYTO,8285.353515625,505.2288331833591
J06,13,CONC,3857.90185546875,101.58196958472577
J06,13,HOECHST,2114.049560546875,55.90173344623104
J06,13,MITO,64478.74609375,4319.097151937146
J06,13,PHAandWGA,18437.748046875,966.9604403771463
J06,13,SYTO,8282.66796875,476.17642806936993
J06,14,CONC,3856.28466796875,96.57738802956447
J06,14,HOECHST,2124.78466796875,52.91767159707914
J06,14,MITO,65092.59375,4139.245556835331
J06,14,PHAandWGA,17961.33984375,910.6561462943654
J06,14,SYTO,8269.154296875,448.71845965908096
J06,15,CONC,3909.339599609375,91.99442718762633
J06,15,HOECHST,2138.0859375,49.860589827021116
J06,15,MITO,65540.8203125,3938.7142253681036
J06,15,PHAandWGA,17936.4609375,866.5630377878164
J06,15,SYTO,8300.1943359375,421.91558128683755
J07,0,CONC,9134.22265625,65.48087152798945
J07,0,HOECHST,5871.1455078125,75.97545773552875
J07,0,MITO,103669.4296875,1453.156348157656
J07,0,PHAandWGA,39425.03125,554.3196080654795
J07,0,SYTO,27157.734375,406.07072807844247
J07,1,CONC,9982.5029296875,92.96041383799952
J07,1,HOECHST,6309.54150390625,102.00058942618877
J07,1,MITO,109433.5625,1909.1855127283702
J07,1,PHAandWGA,40958.2265625,664.1805810370277
J07,1,SYTO,28954.38671875,508.0591012592125
J07,2,CONC,11216.421875,145.5447953014032
J07,2,HOECHST,7046.21875,153.2068471329112
J07,2,MITO,120573.2265625,2667.8549940926086
J07,2,PHAandWGA,44417.0859375,881.4900159781819
J07,2,SYTO,31706.8515625,726.5831856366035
J07,3,CONC,12631.953125,189.1736336446056
J07,3,HOECHST,7786.5556640625,184.0842264717901
J07,3,MITO,130484.984375,3087.5466100481985
J07,3,PHAandWGA,48462.8984375,1089.5953444838026
J07,3,SYTO,34933.25390625,896.0113423821973
J07,4,CONC,13600.01171875,196.98764570228676
J07,4,HOECHST,8646.4716796875,210.1353297993887
J07,4,MITO,139460.859375,3144.251026156872
J07,4,PHAandWGA,52894.875,1168.631387293112
J07,4,SYTO,38837.0234375,971.0037813874231
J07,5,CONC,14304.685546875,186.2293572611308
J07,5,HOECHST,9104.7421875,201.57910268985714
J07,5,MITO,146129.421875,2976.654773996241
J07,5,PHAandWGA,55977.13671875,1174.9588294657556
J07,5,SYTO,41715.2734375,953.3443441789304
J07,6,CONC,14720.3876953125,171.58897092509366
J07,6,HOECHST,9400.9599609375,187.97556798188361
J07,6,MITO,150725.21875,2773.1328288213354
J07,6,PHAandWGA,58030.625,1136.216278275493
J07,6,SYTO,44674.703125,897.2893554280254
J07,7,CONC,15014.1171875,154.6426848460151
J07,7,HOECHST,9716.921875,171.51306374225436
J07,7,MITO,153770.4375,2542.573146655764
J07,7,PHAandWGA,60519.4921875,1068.1297048671518
J07,7,SYTO,47347.0234375,825.4791555989312
J07,8,CONC,15222.625,137.22604831920123
J07,8,HOECHST,9886.7958984375,156.37217539912112
J07,8,MITO,155258.78125,2320.109571689503
J07,8,PHAandWGA,63093.17578125,992.5432604339345
J07,8,SYTO,48407.03125,746.6702075405958
J07,9,CONC,15297.2919921875,122.16270999640324
J07,9,HOECHST,9968.7607421875,140.71063793880884
J07,9,MITO,157727.46875,2127.6097249644918
J07,9,PHAandWGA,64503.015625,915.8317846205737
J07,9,SYTO,49582.9140625,676.8637535936554
J07,10,CONC,15302.0771484375,110.10045083120308
J07,10,HOECHST,10000.28125,126.5921385617771
J07,10,MITO,160130.171875,1970.8493576902245
J07,10,PHAandWGA,65988.5625,846.5432047368994
J07,10,SYTO,51283.4375,613.3256135185716
J07,11,CONC,15295.734375,99.62416030605915
J07,11,HOECHST,10044.65234375,115.53588576866991
J07,11,MITO,160086.15625,1836.4695319783193
J07,11,PHAandWGA,66357.734375,785.7463214078495
J07,11,SYTO,52030.30078125,561.3554774550548
J07,12,CONC,15158.583984375,91.6129102085359
J07,12,HOECHST,10081.3720703125,107.30692744216483
J07,12,MITO,160855.59375,1731.1680093868017
J07,12,PHAandWGA,67361.1953125,734.3816931501988
J07,12,SYTO,52557.515625,519.0064028866373
J07,13,CONC,15070.1875,85.01107092701947
J07,13,HOECHST,10142.9716796875,100.78685720895821
J07,13,MITO,162699.1875,1642.4707383663838
J07,13,PHAandWGA,67241.1171875,693.1957529847052
J07,13,SYTO,52133.40625,484.7291169404869
J07,14,CONC,15044.482421875,79.62434096319289
J07,14,HOECHST,10110.85546875,94.71163790499965
J07,14,MITO,162880.875,1554.1346315321753
J07,14,PHAandWGA,67410.078125,657.7643945225764
J07,14,SYTO,52898.484375,456.0479458011526
J07,15,CONC,15060.1171875,74.90385725165406
J07,15,HOECHST,10239.568359375,89.38801910855969
J07,15,MITO,163164.3125,1471.698554823257
J07,15,PHAandWGA,67835.1640625,626.7533992227187
J07,15,SYTO,52667.85546875,430.39164088618116
J08,0,CONC,7053.29296875,61.297914636048574
J08,0,HOECHST,4698.77734375,72.45619397305595
J08,0,MITO,96840.0703125,1629.9316899450878
J08,0,PHAandWGA,34933.6015625,619.4192399102633
J08,0,SYTO,21921.685546875,447.0711329785654
J08,1,CONC,7473.873046875,72.49525804423601
J08,1,HOECHST,5043.2626953125,84.6393795385245
J08,1,MITO,98948.75,1779.6193808607825
J08,1,PHAandWGA,36423.46875,694.8007830968265
J08,1,SYTO,24756.974609375,517.6387298409924
J08,2,CONC,7980.2509765625,83.86209744652686
J08,2,HOECHST,5416.47265625,97.84008042113584
J08,2,MITO,105765.515625,2000.3635743595137
J08,2,PHAandWGA,39140.34765625,786.7856681256178
J08,2,SYTO,27420.45703125,599.1529505533625
J08,3,CONC,8524.46875,92.91400890056299
J08,3,HOECHST,5773.41162109375,108.38145953974723
J08,3,MITO,110598.640625,2128.909835534335
J08,3,PHAandWGA,41420.9453125,862.764134135797
J08,3,SYTO,29627.056640625,660.61680043997
J08,4,CONC,8917.7197265625,94.99748235872669
J08,4,HOECHST,6101.267578125,111.85714008160284
J08,4,MITO,116256.4453125,2154.557715682473
J08,4,PHAandWGA,43847.39453125,894.343861809828
J08,4,SYTO,31882.8359375,681.969989753635
J08,5,CONC,9217.23046875,92.98977946012522
J08,5,HOECHST,6395.8837890625,111.62711632411983
J08,5,MITO,119663.09375,2126.181604443664
J08,5,PHAandWGA,46140.15625,896.1235313817979
J08,5,SYTO,34261.65234375,677.8401577563264
J08,6,CONC,9538.0341796875,89.04671525513584
J08,6,HOECHST,6591.65234375,108.41007852815241
J08,6,MITO,124338.15625,2057.7868969122915
J08,6,PHAandWGA,47857.1953125,878.6634419035477
J08,6,SYTO,36445.609375,655.7282869819602
J08,7,CONC,9715.654296875,83.36333549178426
J08,7,HOECHST,6809.044921875,103.15556993699262
J08,7,MITO,127344.3359375,1974.5402811651056
J08,7,PHAandWGA,49046.4375,850.6794271589422
J08,7,SYTO,37780.84375,627.9805911782062
J08,8,CONC,9796.3583984375,77.68850739191996
J08,8,HOECHST,6927.50244140625,96.90498560911962
J08,8,MITO,129388.4609375,1891.5606848654033
J08,8,PHAandWGA,51177.234375,817.4748920985904
J08,8,SYTO,39208.5859375,589.5905771498793
J08,9,CONC,9920.1337890625,72.12055503098112
J08,9,HOECHST,7031.8701171875,91.18410858976583
J08,9,MITO,130504.9140625,1801.3996030721628
J08,9,PHAandWGA,52190.8671875,781.5769527973041
J08,9,SYTO,39801.890625,554.1281178770294
J08,10,CONC,10007.0322265625,66.75189554409815
J08,10,HOECHST,7158.166015625,85.27012524720591
J08,10,MITO,132522.03125,1721.3937346398689
J08,10,PHAandWGA,53659.3828125,746.149880531928
J08,10,SYTO,40246.4921875,520.46816983974
J08,11,CONC,10135.716796875,61.48900909373925
J08,11,HOECHST,7249.599609375,80.16917479990957
J08,11,MITO,135084.859375,1635.1755328362774
J08,11,PHAandWGA,53614.10546875,709.2267490362357
J08,11,SYTO,40656.3671875,484.50509935534984
J08,12,CONC,10212.9697265625,57.625394676867145
J08,12,HOECHST,7294.7470703125,75.98755475946915
J08,12,MITO,136036.875,1559.3773727012122
J08,12,PHAandWGA,55394.0859375,678.0816845490885
J08,12,SYTO,41040.2265625,459.1736116315546
J08,13,CONC,10229.92578125,54.77656996292396
J08,13,HOECHST,7422.3828125,73.11848670839642
J08,13,MITO,136976.640625,1505.2235616073087
J08,13,PHAandWGA,56016.5546875,655.7033490153601
J08,13,SYTO,40442.12109375,438.98780857098967
J08,14,CONC,10263.9140625,52.65612553705253
J08,14,HOECHST,7438.0419921875,70.84344559263421
J08,14,MITO,138387.59375,1460.2031891018069
J08,14,PHAandWGA,55849.0625,638.8374050658975
J08,14,SYTO,40652.453125,423.7290211156812
J08,15,CONC,10341.228515625,50.788540494692334
J08,15,HOECHST,7564.6474609375,68.74040813031263
J08,15,MITO,139028.3125,1412.462949880803
J08,15,PHAandWGA,56230.6953125,621.8861328189582
J08,15,SYTO,40943.10546875,409.3077284939384
J09,0,CONC,4393.5146484375,108.0202448875287
J09,0,HOECHST,3609.779296875,125.11942763101676
J09,0,MITO,81182.7421875,3865.185215070629
J09,0,PHAandWGA,22907.88671875,1020.6193864874701
J09,0,SYTO,14583.37109375,702.1539617644224
J09,1,CONC,4929.0419921875,143.79792934812417
J09,1,HOECHST,4085.56640625,176.35025799326394
J09,1,MITO,87101.40625,4632.706954383357
J09,1,PHAandWGA,25325.85546875,1298.006976746148
J09,1,SYTO,17199.48828125,941.9715573266742
J09,2,CONC,5450.828125,168.30718017240108
J09,2,HOECHST,4494.13134765625,193.17905249404504
J09,2,MITO,93347.140625,5036.13052989935
J09,2,PHAandWGA,28315.87109375,1475.792376561716
J09,2,SYTO,20383.171875,1071.1580368425255
J09,3,CONC,5770.31640625,173.7651072319009
J09,3,HOECHST,4887.57958984375,211.51438578319232
J09,3,MITO,99166.6953125,5060.288273935179
J09,3,PHAandWGA,30651.869140625,1514.417810391105
J09,3,SYTO,22793.515625,1112.779017498378
J09,4,CONC,5923.82568359375,165.78660148682448
J09,4,HOECHST,5092.5966796875,207.08414157020232
J09,4,MITO,102703.640625,4915.250392501106
J09,4,PHAandWGA,32391.66015625,1492.503110479476
J09,4,SYTO,24696.62890625,1071.3036117984211
J09,5,CONC,6007.3154296875,155.8264561024801
J09,5,HOECHST,5276.35546875,196.3730933904343
J09,5,MITO,104874.390625,4699.823884671012
J09,5,PHAandWGA,34188.6640625,1438.0803686973134
J09,5,SYTO,26692.65625,1010.3796565662918
J09,6,CONC,6070.2392578125,146.45657391935507
J09,6,HOECHST,5324.9375,184.42132735059715
J09,6,MITO,106744.609375,4516.109299597497
J09,6,PHAandWGA,35543.84765625,1385.8905033488372
J09,6,SYTO,27309.15234375,946.7907167923814
J09,7,CONC,6120.8037109375,137.6944358765464
J09,7,HOECHST,5352.150390625,171.71361944946096
J09,7,MITO,107709.0078125,4292.236557176612
J09,7,PHAandWGA,35740.74609375,1319.5292476651969
J09,7,SYTO,28008.19140625,883.8344263487595
J09,8,CONC,6109.78759765625,130.1541496956381
J09,8,HOECHST,5407.00341796875,162.67570103144834
J09,8,MITO,108835.59375,4144.515737000209
J09,8,PHAandWGA,36398.5859375,1265.6100720930676
J09,8,SYTO,28300.2265625,830.3499204713195
J09,9,CONC,6081.818359375,123.07290148214611
J09,9,HOECHST,5384.65625,153.44737508083492
J09,9,MITO,108584.609375,3987.8188392226452
J09,9,PHAandWGA,37241.21484375,1218.4119214019004
J09,9,SYTO,27611.908203125,781.7678428605496
J09,10,CONC,6046.22900390625,116.56705896045399
J09,10,HOECHST,5366.3955078125,144.41478023716087
J09,10,MITO,108019.078125,3833.516110811458
J09,10,PHAandWGA,37103.0859375,1167.7549116805671
J09,10,SYTO,26710.587890625,734.8331511151652
J09,11,CONC,6025.537109375,109.76686632663025
J09,11,HOECHST,5334.748046875,135.02121883220704
J09,11,MITO,106930.53125,3670.307138012072
J09,11,PHAandWGA,37312.7265625,1125.2617333119692
J09,11,SYTO,25708.79296875,690.7015632206756
J09,12,CONC,5982.5146484375,103.6433405457638
J09,12,HOECHST,5320.4033203125,127.39806801084748
J09,12,MITO,107842.2734375,3521.4212282518247
J09,12,PHAandWGA,37109.88671875,1084.6899367875671
J09,12,SYTO,24747.67578125,648.4097702858815
J09,13,CONC,5968.14697265625,97.92366504217603
J09,13,HOECHST,5309.4111328125,120.16306270177483
J09,13,MITO,107298.6484375,3352.0762930879996
J09,13,PHAandWGA,36763.38671875,1041.8901009414178
J09,13,SYTO,24196.361328125,611.7676020297628
J09,14,CONC,5995.3583984375,92.57294684678595
J09,14,HOECHST,5339.1591796875,113.6028441252358
J09,14,MITO,107357.5234375,3188.2142262092775
J09,14,PHAandWGA,36586.24609375,1000.9851468630715
J09,14,SYTO,23534.287109375,574.9487861885718
J09,15,CONC,5992.0146484375,87.17153903705305
J09,15,HOECHST,5368.384765625,107.30853464705369
J09,15,MITO,107190.53125,3011.2938873438934
J09,15,PHAandWGA,35791.6015625,951.9569820983257
J09,15,SYTO,23176.466796875,539.4327593238568
J10,0,CONC,2769.71044921875,53.727708381411254
J10,0,HOECHST,1555.0472412109375,29.256091396322894
J10,0,MITO,56667.3984375,2718.4594224539687
J10,0,PHAandWGA,15612.9453125,738.9583309554698
J10,0,SYTO,7364.79931640625,404.14388472114535
J10,1,CONC,2933.9072265625,65.97541509142081
J10,1,HOECHST,1633.71875,35.69814465378369
J10,1,MITO,57590.859375,3034.3729944914026
J10,1,PHAandWGA,16444.208984375,855.4498070968954
J10,1,SYTO,8004.068359375,482.99661950426923
J10,2,CONC,3153.1279296875,81.17844832671382
J10,2,HOECHST,1740.047119140625,43.714596170188635
J10,2,MITO,60832.6328125,3462.4774205516273
J10,2,PHAandWGA,17879.931640625,1004.67060434638
J10,2,SYTO,9340.4453125,584.8855488476296
J10,3,CONC,3415.340087890625,97.54092678423235
J10,3,HOECHST,1869.9849853515625,54.45662906955699
J10,3,MITO,63864.21484375,3872.134337889542
J10,3,PHAandWGA,19250.9375,1156.5454589460319
J10,3,SYTO,11094.365234375,700.6170463700481
J10,4,CONC,3622.90771484375,107.99639355248209
J10,4,HOECHST,2000.401123046875,61.847676400639564
J10,4,MITO,67235.859375,4170.270299611426
J10,4,PHAandWGA,20486.70703125,1256.3703124833614
J10,4,SYTO,12351.33984375,767.6272661532224
J10,5,CONC,3792.73193359375,113.53122972172655
J10,5,HOECHST,2088.15185546875,65.12057812758208
J10,5,MITO,69161.0703125,4327.599861379241
J10,5,PHAandWGA,21864.81640625,1315.71988623279
J10,5,SYTO,13098.193359375,791.5374543456692
J10,6,CONC,3890.69091796875,114.39408804390675
J10,6,HOECHST,2150.16357421875,66.13471612282997
J10,6,MITO,71463.171875,4425.775832799134
J10,6,PHAandWGA,22574.0390625,1335.438507369649
J10,6,SYTO,13400.5595703125,786.777329040033
J10,7,CONC,3966.0283203125,112.14175031801652
J10,7,HOECHST,2202.3330078125,65.67918425494153
J10,7,MITO,72406.9453125,4469.710074334986
J10,7,PHAandWGA,23053.8046875,1328.4804526679275
J10,7,SYTO,13161.287109375,757.2412164927755
J10,8,CONC,4013.844970703125,109.18901505759163
J10,8,HOECHST,2249.098876953125,64.49907474970635
J10,8,MITO,73356.21875,4476.525427868819
J10,8,PHAandWGA,23871.705078125,1307.4371800629424
J10,8,SYTO,12971.72265625,724.0738411848844
J10,9,CONC,4037.276611328125,106.19779992010585
J10,9,HOECHST,2262.37353515625,62.82588638883878
J10,9,MITO,74787.828125,4477.32957200388
J10,9,PHAandWGA,24670.8125,1279.9887000857595
J10,9,SYTO,12498.45703125,689.9094956811545
J10,10,CONC,4091.9931640625,102.67500652499413
J10,10,HOECHST,2280.33349609375,60.766112467401335
J10,10,MITO,76680.109375,4433.085074344261
J10,10,PHAandWGA,25082.376953125,1248.255351051513
J10,10,SYTO,12379.896484375,660.2645850352143
J10,11,CONC,4098.6953125,99.05987958352294
J10,11,HOECHST,2317.068603515625,58.98194640713519
J10,11,MITO,77057.359375,4370.358631154848
J10,11,PHAandWGA,25049.015625,1213.9104292755933
J10,11,SYTO,12077.4833984375,630.2998134211273
J10,12,CONC,4136.142578125,95.51392386394716
J10,12,HOECHST,2335.52001953125,57.149691183366826
J10,12,MITO,78238.28125,4276.587039544109
J10,12,PHAandWGA,25459.279296875,1179.5239053588025
J10,12,SYTO,11997.5830078125,600.972058601092
J10,13,CONC,4188.73974609375,91.96161266064794
J10,13,HOECHST,2349.037109375,55.1008123397874
J10,13,MITO,78588.65625,4139.278376404763
J10,13,PHAandWGA,25518.875,1144.6947127023168
J10,13,SYTO,11912.46484375,574.5634499943951
J10,14,CONC,4200.71826171875,88.27836733079371
J10,14,HOECHST,2373.0849609375,52.949289451056046
J10,14,MITO,79878.046875,4052.3657778418897
J10,14,PHAandWGA,25440.96875,1107.368220581552
J10,14,SYTO,11836.404296875,548.0350835770404
J10,15,CONC,4236.099609375,84.57740919738838
J10,15,HOECHST,2396.16552734375,50.76921105704518
J10,15,MITO,80227.359375,3902.041308756257
J10,15,PHAandWGA,25423.810546875,1064.2145470843043
J10,15,SYTO,11902.8505859375,519.412148183151
J11,0,CONC,1881.11181640625,70.79206358915529
J11,0,HOECHST,1109.21484375,34.53517833937809
J11,0,MITO,27969.03515625,3794.8403456287274
J11,0,PHAandWGA,4579.6572265625,417.0612024922335
J11,0,SYTO,2452.1650390625,203.60633416108953
J11,1,CONC,2048.116455078125,100.62807294483981
J11,1,HOECHST,1208.31201171875,51.51627433399034
J11,1,MITO,29998.97265625,4801.7730461382425
J11,1,PHAandWGA,5776.927734375,587.1481943750207
J11,1,SYTO,2756.5703125,287.8480880388868
J11,2,CONC,2244.78076171875,136.76869047315267
J11,2,HOECHST,1359.855224609375,77.83995803522686
J11,2,MITO,32859.08984375,5888.5069962082125
J11,2,PHAandWGA,6777.970703125,781.5321897393459
J11,2,SYTO,3193.6650390625,399.45117878717616
J11,3,CONC,2459.769775390625,165.11767796672405
J11,3,HOECHST,1502.173583984375,101.49427686461863
J11,3,MITO,35560.984375,6588.425025682844
J11,3,PHAandWGA,7807.0458984375,910.7005590911997
J11,3,SYTO,3626.59814453125,486.0570961468089
J11,4,CONC,2584.15234375,179.19782365775555
J11,4,HOECHST,1607.55810546875,108.93733346670733
J11,4,MITO,37158.046875,6915.78481429556
J11,4,PHAandWGA,8612.279296875,969.3019703207193
J11,4,SYTO,3841.67626953125,519.8386724009005
J11,5,CONC,2645.413330078125,182.15137674608366
J11,5,HOECHST,1620.7705078125,104.79839957341166
J11,5,MITO,38193.6171875,6946.437116084887
J11,5,PHAandWGA,9081.2001953125,971.4118689294836
J11,5,SYTO,3945.6123046875,515.1817370118424
J11,6,CONC,2664.28173828125,177.83284822128874
J11,6,HOECHST,1607.1015625,98.84572938539928
J11,6,MITO,38462.84375,6862.803367056972
J11,6,PHAandWGA,9133.013671875,947.8403080828573
J11,6,SYTO,3972.75830078125,496.18851036424877
J11,7,CONC,2671.3720703125,170.21911900547244
J11,7,HOECHST,1586.667236328125,90.15801000159337
J11,7,MITO,38628.34765625,6681.323524230499
J11,7,PHAandWGA,8761.8681640625,902.5661367153921
J11,7,SYTO,3954.52880859375,465.7749058337153
J11,8,CONC,2679.48779296875,162.1643669285859
J11,8,HOECHST,1579.6162109375,83.2390159816157
J11,8,MITO,38535.41796875,6455.309926266
J11,8,PHAandWGA,8398.2626953125,851.3306381589107
J11,8,SYTO,3895.99658203125,434.6805231347618
J11,9,CONC,2652.33642578125,152.76672062682397
J11,9,HOECHST,1546.4232177734375,76.31050237978647
J11,9,MITO,38335.0078125,6206.018568414283
J11,9,PHAandWGA,7938.85693359375,801.4912051922634
J11,9,SYTO,3771.52294921875,407.1654249115471
J11,10,CONC,2624.04052734375,143.7941394547293
J11,10,HOECHST,1524.13525390625,70.78313090052735
J11,10,MITO,37214.1796875,5959.515213454375
J11,10,PHAandWGA,7643.48291015625,754.4062224641827
J11,10,SYTO,3690.21435546875,380.76673952844834
J11,11,CONC,2619.20947265625,135.27144496078125
J11,11,HOECHST,1513.734130859375,65.30090840430759
J11,11,MITO,37082.328125,5654.314085300661
J11,11,PHAandWGA,7216.9267578125,706.3344401878318
J11,11,SYTO,3623.009765625,355.2621474416801
J11,12,CONC,2599.6376953125,127.01832118523319
J11,12,HOECHST,1511.209228515625,60.57378555985132
J11,12,MITO,37021.72265625,5349.2384671790305
J11,12,PHAandWGA,6963.427734375,657.941824500054
J11,12,SYTO,3590.9912109375,328.6030323235248
J11,13,CONC,2609.44970703125,119.55593146992649
J11,13,HOECHST,1516.45654296875,56.54984823196222
J11,13,MITO,37054.58203125,5039.95254197788
J11,13,PHAandWGA,6748.458984375,609.8121732143145
J11,13,SYTO,3579.39892578125,304.57860246935775
J11,14,CONC,2639.4306640625,112.71123015646242
J11,14,HOECHST,1547.3695068359375,53.0969730705308
J11,14,MITO,37619.73828125,4689.439287263413
J11,14,PHAandWGA,6596.44287109375,561.0262381408819
J11,14,SYTO,3587.6376953125,282.99433083594903
J11,15,CONC,2695.0205078125,106.05773102771288
J11,15,HOECHST,1569.2564697265625,49.83144292269019
J11,15,MITO,37671.3125,4324.440798717736
J11,15,PHAandWGA,6571.40625,514.995456488573
J11,15,SYTO,3633.7490234375,260.1395377158642
J12,0,CONC,5735.66015625,47.54177761317357
J12,0,HOECHST,2839.60693359375,35.70840518278277
J12,0,MITO,90593.109375,1779.56788418644
J12,0,PHAandWGA,29715.14453125,590.5191653637038
J12,0,SYTO,14548.81640625,336.4184237226211
J12,1,CONC,6211.4072265625,69.85705649317752
J12,1,HOECHST,3045.7197265625,46.67908042281303
J12,1,MITO,95466.1328125,2312.730370216448
J12,1,PHAandWGA,31949.119140625,726.6067773721563
J12,1,SYTO,17360.2421875,453.3998882254912
J12,2,CONC,6927.11181640625,105.35764568340956
J12,2,HOECHST,3364.085693359375,68.62974516785314
J12,2,MITO,103732.28125,3045.409531838474
J12,2,PHAandWGA,34620.26953125,925.4490879630031
J12,2,SYTO,19981.953125,636.4632423486487
J12,3,CONC,7478.74853515625,121.20085886932637
J12,3,HOECHST,3618.501220703125,80.90486645615822
J12,3,MITO,110637.3515625,3293.722956756327
J12,3,PHAandWGA,37114.8671875,1052.1149588628273
J12,3,SYTO,22891.953125,728.4771283122761
J12,4,CONC,7955.09033203125,125.67224005032472
J12,4,HOECHST,3894.0810546875,88.8220123263713
J12,4,MITO,116440.8125,3370.950442406817
J12,4,PHAandWGA,39742.86328125,1122.7882864675328
J12,4,SYTO,25891.41796875,771.3676966921862
J12,5,CONC,8301.041015625,124.71470609040671
J12,5,HOECHST,4132.0322265625,93.31900319109317
J12,5,MITO,120907.65625,3334.4804980738536
J12,5,PHAandWGA,42202.9140625,1148.8606475041781
J12,5,SYTO,28050.98046875,781.7171047142592
J12,6,CONC,8571.1953125,120.6968046050332
J12,6,HOECHST,4288.833984375,91.607326943137
J12,6,MITO,125569.078125,3251.8142731006146
J12,6,PHAandWGA,44422.2265625,1146.4007723964462
J12,6,SYTO,30342.451171875,758.4693400022974
J12,7,CONC,8781.744140625,115.25385182556714
J12,7,HOECHST,4493.36669921875,89.35103312198203
J12,7,MITO,128585.5,3134.6535987667467
J12,7,PHAandWGA,45835.7265625,1122.420543728519
J12,7,SYTO,31801.240234375,728.8707829667603
J12,8,CONC,8973.775390625,109.1409634975697
J12,8,HOECHST,4641.107421875,85.53754027195008
J12,8,MITO,132386.3125,3006.1949621873755
J12,8,PHAandWGA,47822.98046875,1083.2167887304875
J12,8,SYTO,33507.6640625,692.1342823782171
J12,9,CONC,9122.58203125,102.42852035180599
J12,9,HOECHST,4733.63427734375,81.03846571780697
J12,9,MITO,135408.03125,2845.730363929346
J12,9,PHAandWGA,50351.12109375,1029.9574913864242
J12,9,SYTO,35026.5859375,645.9001972846798
J12,10,CONC,9195.3046875,96.52663683001406
J12,10,HOECHST,4806.318359375,75.94351516466647
J12,10,MITO,137713.140625,2708.0877765574505
J12,10,PHAandWGA,51598.96484375,980.4171083016981
J12,10,SYTO,35803.6484375,603.7414343706319
J12,11,CONC,9251.9296875,90.44837156558941
J12,11,HOECHST,4860.8779296875,71.49355487155638
J12,11,MITO,139596.15625,2581.6742800424595
J12,11,PHAandWGA,52731.2734375,932.8639928031027
J12,11,SYTO,36386.25,564.0653634793231
J12,12,CONC,9257.224609375,84.1716942783773
J12,12,HOECHST,4922.48974609375,67.59465771491836
J12,12,MITO,141213.46875,2475.846993576652
J12,12,PHAandWGA,52955.5546875,890.7130866128043
J12,12,SYTO,36188.578125,528.3959058230705
J12,13,CONC,9245.80859375,78.67273309300631
J12,13,HOECHST,4994.72607421875,63.709740033499976
J12,13,MITO,142212.34375,2364.7902610113924
J12,13,PHAandWGA,54302.765625,850.2677835226875
J12,13,SYTO,36142.890625,496.725911446242
J12,14,CONC,9257.26171875,73.8618317775638
J12,14,HOECHST,5043.7841796875,60.56309276790793
J12,14,MITO,143610.78125,2253.0493347322017
J12,14,PHAandWGA,53876.09375,813.0906833082814
J12,14,SYTO,35843.73828125,468.29468921624465
J12,15,CONC,9329.794921875,69.61513206234908
J12,15,HOECHST,5057.134765625,57.820714802161255
J12,15,MITO,144159.390625,2142.888723427244
J12,15,PHAandWGA,54504.0546875,778.7314677758376
J12,15,SYTO,35501.875,442.0588577847324
J13,0,CONC,6278.1142578125,87.9431140345066
J13,0,HOECHST,4165.20458984375,97.87179705137515
J13,0,MITO,85312.1953125,2353.141079181703
J13,0,PHAandWGA,27849.4453125,819.2909550621797
J13,0,SYTO,15993.6015625,506.4069970931911
J13,1,CONC,7026.9736328125,132.51335930747777
J13,1,HOECHST,4509.6826171875,132.52520665750995
J13,1,MITO,89854.46875,3007.5014446847917
J13,1,PHAandWGA,29484.640625,1043.6444393054926
J13,1,SYTO,18164.166015625,703.5776675351938
J13,2,CONC,8238.20703125,218.75577476771426
J13,2,HOECHST,5293.2548828125,224.7614431290712
J13,2,MITO,99368.984375,4044.8187316086405
J13,2,PHAandWGA,33402.09375,1470.679176336675
J13,2,SYTO,21600.10546875,1084.3202143469416
J13,3,CONC,9277.83984375,267.7078094860432
J13,3,HOECHST,6081.4169921875,292.0196710536472
J13,3,MITO,106824.078125,4645.19542950324
J13,3,PHAandWGA,36444.6796875,1730.9353496304993
J13,3,SYTO,24817.5078125,1310.0252340972554
J13,4,CONC,9881.642578125,277.4194022990312
J13,4,HOECHST,6546.1865234375,309.2198118921214
J13,4,MITO,113038.546875,4838.6189397291255
J13,4,PHAandWGA,38769.4453125,1850.1557388724023
J13,4,SYTO,27356.6796875,1370.9616175537733
J13,5,CONC,10365.38671875,268.44158645279924
J13,5,HOECHST,6885.0146484375,306.4237223124062
J13,5,MITO,116303.84375,4831.83623856143
J13,5,PHAandWGA,41645.8046875,1883.9562762773987
J13,5,SYTO,29484.83984375,1358.2557177076158
J13,6,CONC,10646.7509765625,258.0443865320498
J13,6,HOECHST,7297.0126953125,304.572672227518
J13,6,MITO,121577.90625,4788.297620069798
J13,6,PHAandWGA,44101.0390625,1871.6936154668074
J13,6,SYTO,31688.48046875,1312.0017893132472
J13,7,CONC,10947.703125,244.1539077794598
J13,7,HOECHST,7472.94140625,289.63888690882663
J13,7,MITO,126371.8828125,4701.394166956638
J13,7,PHAandWGA,45960.90625,1826.7611365518908
J13,7,SYTO,32582.314453125,1238.7000993535487
J13,8,CONC,11056.23828125,232.27120164012365
J13,8,HOECHST,7578.42626953125,270.1167679120948
J13,8,MITO,128067.09375,4554.28796408606
J13,8,PHAandWGA,47726.46484375,1762.6365827753127
J13,8,SYTO,33677.84765625,1164.314038424817
J13,9,CONC,11068.60546875,216.82195926704873
J13,9,HOECHST,7635.9755859375,252.64824747630436
J13,9,MITO,129301.125,4410.434343297308
J13,9,PHAandWGA,48362.21875,1676.5381202800502
J13,9,SYTO,34379.2578125,1089.1820038903984
J13,10,CONC,11019.607421875,202.10227451645102
J13,10,HOECHST,7671.18115234375,238.67196505579065
J13,10,MITO,131147.453125,4281.3773613311305
J13,10,PHAandWGA,48937.296875,1596.1995922821336
J13,10,SYTO,34882.22265625,1022.0874716373121
J13,11,CONC,10921.34765625,190.66459279168507
J13,11,HOECHST,7608.35888671875,222.1866115866879
J13,11,MITO,133821.921875,4184.960394034604
J13,11,PHAandWGA,49247.53125,1533.072011858054
J13,11,SYTO,35359.421875,957.8043814035142
J13,12,CONC,10796.921875,181.04424414885978
J13,12,HOECHST,7626.71875,210.33134057872508
J13,12,MITO,134853.78125,4099.730885748827
J13,12,PHAandWGA,49879.71875,1475.7781275066282
J13,12,SYTO,35296.03515625,908.7609148025066
J13,13,CONC,10741.908203125,172.13455143089254
J13,13,HOECHST,7599.06396484375,200.62083948920485
J13,13,MITO,134499.859375,3994.9491861883175
J13,13,PHAandWGA,49453.14453125,1418.7735539961227
J13,13,SYTO,34581.12890625,859.998508785743
J13,14,CONC,10647.923828125,163.87550792645226
J13,14,HOECHST,7605.30322265625,190.4502044255483
J13,14,MITO,135066.375,3882.104811999359
J13,14,PHAandWGA,49066.96875,1372.2406637696636
J13,14,SYTO,34600.9921875,814.5515769904777
J13,15,CONC,10679.8046875,156.27655627904144
J13,15,HOECHST,7634.78857421875,180.39147098706613
J13,15,MITO,135411.40625,3777.763712630535
J13,15,PHAandWGA,49777.859375,1326.0636255796119
J13,15,SYTO,34117.0546875,773.0211248522166
J14,0,CONC,1611.226806640625,54.444591474969386
J14,0,HOECHST,1626.3994140625,79.77762349460406
J14,0,MITO,34127.6953125,4102.919588483768
J14,0,PHAandWGA,6124.638671875,571.4851953096068
J14,0,SYTO,3137.578125,292.01781164569167
J14,1,CONC,1833.131591796875,90.06387843896485
J14,1,HOECHST,1875.7496337890625,134.30494514012238
J14,1,MITO,37199.08984375,5607.203665880712
J14,1,PHAandWGA,7381.283203125,906.3300771181907
J14,1,SYTO,3839.196533203125,470.0199884021718
J14,2,CONC,2081.4970703125,126.09927417756556
J14,2,HOECHST,2189.1806640625,202.43930446678945
J14,2,MITO,40846.6171875,6869.08738141617
J14,2,PHAandWGA,8945.6435546875,1262.8564317952662
J14,2,SYTO,5085.634765625,665.9459845132039
J14,3,CONC,2272.87890625,146.63028270216074
J14,3,HOECHST,2468.6533203125,247.40905147675312
J14,3,MITO,44902.05078125,7669.06921556519
J14,3,PHAandWGA,10278.873046875,1363.6526061894035
J14,3,SYTO,5867.4814453125,766.2135996965904
J14,4,CONC,2382.2431640625,154.1338245270102
J14,4,HOECHST,2640.79931640625,261.7164440132801
J14,4,MITO,46661.30078125,8020.022505716428
J14,4,PHAandWGA,11165.7353515625,1406.572122563871
J14,4,SYTO,6108.0634765625,788.196425228553
J14,5,CONC,2453.611328125,156.5160257105042
J14,5,HOECHST,2710.89990234375,258.5757206199953
J14,5,MITO,48361.5390625,8180.928807289129
J14,5,PHAandWGA,12063.013671875,1416.9466239073688
J14,5,SYTO,6068.9287109375,779.8705919537921
J14,6,CONC,2487.194580078125,153.74908583684496
J14,6,HOECHST,2707.68359375,246.84556912599757
J14,6,MITO,49407.5234375,8172.807548160552
J14,6,PHAandWGA,12333.712890625,1412.677088077544
J14,6,SYTO,5962.56591796875,756.0157180358876
J14,7,CONC,2467.09033203125,146.41149670354454
J14,7,HOECHST,2631.10107421875,224.80844073077176
J14,7,MITO,49986.1953125,8052.058295022958
J14,7,PHAandWGA,12370.67578125,1394.5944050537933
J14,7,SYTO,5760.87890625,717.3331898229588
J14,8,CONC,2452.22314453125,138.12986070778885
J14,8,HOECHST,2604.697265625,210.57335571437844
J14,8,MITO,49956.4296875,7855.281228658945
J14,8,PHAandWGA,12129.83203125,1328.593600857731
J14,8,SYTO,5541.2275390625,675.477916329758
J14,9,CONC,2423.78369140625,129.3671021258672
J14,9,HOECHST,2513.845703125,191.14977542835499
J14,9,MITO,49518.046875,7650.767852087861
J14,9,PHAandWGA,11999.49609375,1239.8323884394247
J14,9,SYTO,5343.7431640625,630.2184439120864
J14,10,CONC,2371.00146484375,120.59330551851262
J14,10,HOECHST,2478.20703125,173.13227677122754
J14,10,MITO,48910.42578125,7446.197666194922
J14,10,PHAandWGA,11593.072265625,1167.9434785830852
J14,10,SYTO,5165.3876953125,583.6510191619997
J14,11,CONC,2319.60400390625,111.66163966380262
J14,11,HOECHST,2440.5244140625,157.551229157041
J14,11,MITO,48699.5390625,7104.214603173085
J14,11,PHAandWGA,11246.1201171875,1091.6668377288026
J14,11,SYTO,5036.69921875,538.7861879952864
J14,12,CONC,2310.3251953125,103.95153420723184
J14,12,HOECHST,2399.05126953125,143.73481215277832
J14,12,MITO,48246.828125,6748.970263098687
J14,12,PHAandWGA,10829.93359375,1014.665348576334
J14,12,SYTO,4944.5673828125,497.49777387208934
J14,13,CONC,2295.316162109375,96.7153463399394
J14,13,HOECHST,2394.72802734375,131.91689432193513
J14,13,MITO,47729.74609375,6365.438189569642
J14,13,PHAandWGA,10564.115234375,934.4338486554361
J14,13,SYTO,4853.1923828125,457.77893771433094
J14,14,CONC,2297.504150390625,89.92743374444964
J14,14,HOECHST,2409.69921875,121.2004044889601
J14,14,MITO,47624.05859375,5951.257021793707
J14,14,PHAandWGA,10263.0712890625,856.7505634148229
J14,14,SYTO,4768.2900390625,417.89650600478717
J14,15,CONC,2308.758056640625,83.09254824366803
J14,15,HOECHST,2442.36865234375,110.81162237343347
J14,15,MITO,46619.16796875,5420.076261674687
J14,15,PHAandWGA,9871.40234375,768.921755126421
J14,15,SYTO,4768.4765625,378.05250481632237
J15,0,CONC,4245.44677734375,130.6466496522911
J15,0,HOECHST,1514.934326171875,46.924918056495024
J15,0,MITO,67419.75,4450.862310408005
J15,0,PHAandWGA,17739.3046875,1248.4138978724297
J15,0,SYTO,7024.45654296875,508.79211972562666
J15,1,CONC,5009.064453125,210.59496907453902
J15,1,HOECHST,1741.171142578125,83.23376880680603
J15,1,MITO,75147.609375,5832.235458112927
J15,1,PHAandWGA,20697.328125,1761.789284584047
J15,1,SYTO,9576.4150390625,847.6444163029153
J15,2,CONC,5651.3740234375,267.27981903730614
J15,2,HOECHST,1962.9874267578125,101.45682881647726
J15,2,MITO,82515.7109375,6771.209695556587
J15,2,PHAandWGA,23653.66015625,2081.2678680450854
J15,2,SYTO,12007.423828125,1011.1493986314828
J15,3,CONC,5942.55029296875,268.63050084417875
J15,3,HOECHST,2067.102294921875,94.3863559019658
J15,3,MITO,87202.109375,7096.000595981432
J15,3,PHAandWGA,25489.390625,2154.350244850675
J15,3,SYTO,13067.50390625,983.8132531525387
J15,4,CONC,6020.2275390625,251.97031119425213
J15,4,HOECHST,2045.2379150390625,83.45960907965214
J15,4,MITO,89756.046875,7141.116986329729
J15,4,PHAandWGA,26425.443359375,2088.416298758522
J15,4,SYTO,12793.8525390625,890.5486268879089
J15,5,CONC,5912.65234375,231.09324133723993
J15,5,HOECHST,2034.02734375,73.78279519563603
J15,5,MITO,90710.359375,6927.603425188532
J15,5,PHAandWGA,26645.78515625,1937.8346080806687
J15,5,SYTO,11917.2998046875,784.3817906704475
J15,6,CONC,5818.92919921875,206.3404510819436
J15,6,HOECHST,2028.4354248046875,65.08701570640181
J15,6,MITO,90710.0078125,6627.126204832876
J15,6,PHAandWGA,26217.724609375,1783.8415224060038
J15,6,SYTO,10799.142578125,699.380101812989
J15,7,CONC,5733.0068359375,186.56946377587775
J15,7,HOECHST,1996.279052734375,57.42837656328699
J15,7,MITO,89805.03125,6357.652001180051
J15,7,PHAandWGA,26508.216796875,1650.723053833328
J15,7,SYTO,9879.9921875,621.5665997372145
J15,8,CONC,5630.8857421875,171.7405208641819
J15,8,HOECHST,1987.8028564453125,53.19343094854994
J15,8,MITO,89656.3125,6115.133847409318
J15,8,PHAandWGA,25913.39453125,1535.5915034275158
J15,8,SYTO,9496.732421875,569.5798294414764
J15,9,CONC,5577.6376953125,159.90257435415506
J15,9,HOECHST,1983.01904296875,49.55355376777519
J15,9,MITO,90218.625,5942.228873604407
J15,9,PHAandWGA,26029.765625,1455.183370707872
J15,9,SYTO,9191.771484375,529.1809070795167
J15,10,CONC,5485.6650390625,149.37981867113598
J15,10,HOECHST,1960.8878173828125,45.558660973564095
J15,10,MITO,88993.4609375,5730.984449735911
J15,10,PHAandWGA,25677.734375,1387.1689386393957
J15,10,SYTO,8966.357421875,492.98374456820005
J15,11,CONC,5469.72802734375,141.06466214820813
J15,11,HOECHST,1954.6051025390625,42.68636129012995
J15,11,MITO,88541.4375,5523.863638843484
J15,11,PHAandWGA,25116.01171875,1325.5974101894853
J15,11,SYTO,8848.89453125,463.5582020333336
J15,12,CONC,5458.4453125,134.39299295183588
J15,12,HOECHST,1968.419921875,40.66478453784185
J15,12,MITO,88537.53125,5291.521407768733
J15,12,PHAandWGA,24878.37890625,1265.89499696509
J15,12,SYTO,8774.71875,439.08701923556526
J15,13,CONC,5510.00927734375,129.0149477486404
J15,13,HOECHST,1989.216064453125,39.02629020318256
J15,13,MITO,88109.8515625,5054.4546715300885
J15,13,PHAandWGA,24754.2890625,1205.7743523777367
J15,13,SYTO,8804.8544921875,414.97190129415293
J15,14,CONC,5544.16796875,124.0407756487105
J15,14,HOECHST,2018.33251953125,37.394760497290434
J15,14,MITO,88168.109375,4834.64601861171
J15,14,PHAandWGA,25186.02734375,1152.4696675338078
J15,14,SYTO,8841.353515625,394.0815229236417
J15,15,CONC,5652.34375,119.11959062956909
J15,15,HOECHST,2031.2166748046875,35.75338137042117
J15,15,MITO,88364.3046875,4567.866598116826
J15,15,PHAandWGA,24853.13671875,1091.1722975718756
J15,15,SYTO,8947.3857421875,373.10495643106754
J16,0,CONC,2171.12890625,92.97869380520048
J16,0,HOECHST,1986.886962890625,115.52568358244847
J16,0,MITO,42871.8671875,5296.594538191672
J16,0,PHAandWGA,8677.9345703125,852.9022108906424
J16,0,SYTO,4465.3974609375,447.3020608547094
J16,1,CONC,2401.0732421875,124.57504898667713
J16,1,HOECHST,2274.270263671875,170.21947306873403
J16,1,MITO,46124.125,6324.944600226866
J16,1,PHAandWGA,9928.779296875,1087.354769855542
J16,1,SYTO,5507.15478515625,609.5681686182871
J16,2,CONC,2613.17431640625,145.07939748748703
J16,2,HOECHST,2517.585693359375,208.5717105831788
J16,2,MITO,48666.953125,6954.808589171935
J16,2,PHAandWGA,11216.84375,1240.0139108190835
J16,2,SYTO,6412.79736328125,711.2176741477984
J16,3,CONC,2745.6708984375,154.8500835548923
J16,3,HOECHST,2699.844970703125,227.21722596379536
J16,3,MITO,51746.8515625,7250.429904797864
J16,3,PHAandWGA,12283.0126953125,1327.1836595795044
J16,3,SYTO,6926.576171875,755.8110597062935
J16,4,CONC,2861.927001953125,159.40785999124145
J16,4,HOECHST,2834.4326171875,234.7999169816192
J16,4,MITO,53021.42578125,7338.570226478268
J16,4,PHAandWGA,13187.935546875,1373.423013029356
J16,4,SYTO,7080.9296875,769.7377486558402
J16,5,CONC,2952.48583984375,161.6527275918334
J16,5,HOECHST,2915.533447265625,231.88113123629827
J16,5,MITO,55397.6484375,7415.997628679064
J16,5,PHAandWGA,14281.0732421875,1408.5943034178088
J16,5,SYTO,7069.1533203125,765.8746147873222
J16,6,CONC,2997.394287109375,160.34325724894035
J16,6,HOECHST,2928.237548828125,225.0811074878573
J16,6,MITO,56470.8671875,7411.72329275105
J16,6,PHAandWGA,14711.927734375,1395.5468948201149
J16,6,SYTO,6934.361328125,743.8578447211128
J16,7,CONC,3026.02392578125,156.6580232618605
J16,7,HOECHST,2926.67041015625,213.45942274694582
J16,7,MITO,57210.3828125,7338.216203588859
J16,7,PHAandWGA,14799.61328125,1362.2975875677685
J16,7,SYTO,6789.00390625,715.5899512574767
J16,8,CONC,3030.3046875,150.63259035931222
J16,8,HOECHST,2890.95947265625,201.06188275990232
J16,8,MITO,56811.375,7158.185017601945
J16,8,PHAandWGA,14823.517578125,1327.1521175544196
J16,8,SYTO,6697.642578125,684.4116699712029
J16,9,CONC,2992.571533203125,143.8657756311827
J16,9,HOECHST,2865.70654296875,189.48099288147316
J16,9,MITO,57320.90625,7041.514174699011
J16,9,PHAandWGA,14818.275390625,1297.178241607233
J16,9,SYTO,6585.0986328125,650.7757823062234
J16,10,CONC,2992.68603515625,136.7978960822274
J16,10,HOECHST,2837.11572265625,177.6638803339368
J16,10,MITO,57209.578125,6845.287834483336
J16,10,PHAandWGA,14679.7060546875,1255.254859495651
J16,10,SYTO,6473.94873046875,617.4385862990267
J16,11,CONC,2961.54443359375,129.4211202071967
J16,11,HOECHST,2810.5263671875,166.1439911277783
J16,11,MITO,57072.80859375,6600.747217437626
J16,11,PHAandWGA,14052.7109375,1180.9079809747034
J16,11,SYTO,6274.12255859375,576.9948974756552
J16,12,CONC,2962.13720703125,122.17949505366425
J16,12,HOECHST,2797.5537109375,155.3170674484474
J16,12,MITO,56699.5625,6330.059814378662
J16,12,PHAandWGA,13790.630859375,1111.0601692755638
J16,12,SYTO,6227.14013671875,540.7176871499225
J16,13,CONC,2945.336669921875,115.2550340841229
J16,13,HOECHST,2788.90576171875,144.2331521072299
J16,13,MITO,56327.84375,6009.551147473792
J16,13,PHAandWGA,13206.7783203125,1030.5548987833154
J16,13,SYTO,6119.84130859375,502.21528076182335
J16,14,CONC,2939.546875,108.22012437530738
J16,14,HOECHST,2797.432373046875,133.92716611231796
J16,14,MITO,56127.44140625,5637.522764320146
J16,14,PHAandWGA,13197.568359375,962.2934123678081
J16,14,SYTO,6082.90966796875,464.6451279613435
J16,15,CONC,2967.57958984375,101.35699938493748
J16,15,HOECHST,2848.181640625,124.55510050171236
J16,15,MITO,55953.42578125,5225.870522310076
J16,15,PHAandWGA,12765.119140625,884.2911710293022
J16,15,SYTO,6059.6279296875,427.55572580925747
J17,0,CONC,2544.37060546875,59.902782905697464
J17,0,HOECHST,1537.315673828125,36.99738200698182
J17,0,MITO,48711.828125,3336.8270503116755
J17,0,PHAandWGA,12101.958984375,740.2543169481249
J17,0,SYTO,5263.23681640625,319.92717518870785
J17,1,CONC,2735.194580078125,74.8992625616919
J17,1,HOECHST,1640.623779296875,46.514258208427925
J17,1,MITO,50794.94921875,3774.9387377483627
J17,1,PHAandWGA,13317.2041015625,893.1057667554481
J17,1,SYTO,5759.162109375,390.6879527154713
J17,2,CONC,2938.294189453125,91.4478491436381
J17,2,HOECHST,1772.905517578125,58.69429498295899
J17,2,MITO,54476.88671875,4270.48176303171
J17,2,PHAandWGA,14545.083984375,1057.4004665970542
J17,2,SYTO,6387.025390625,468.66989171271535
J17,3,CONC,3146.7607421875,103.6837849999769
J17,3,HOECHST,1912.079345703125,71.35055299671673
J17,3,MITO,57123.1015625,4621.124379698746
J17,3,PHAandWGA,15900.71484375,1174.7379850820396
J17,3,SYTO,6960.6884765625,530.7211269569865
J17,4,CONC,3301.34521484375,109.92610890062375
J17,4,HOECHST,2041.30029296875,78.94574149629419
J17,4,MITO,59791.12890625,4802.53260006309
J17,4,PHAandWGA,16740.115234375,1209.3782432395508
J17,4,SYTO,7417.28662109375,558.1857672431863
J17,5,CONC,3422.394775390625,113.13086892101433
J17,5,HOECHST,2149.987548828125,83.1099699633482
J17,5,MITO,61365.65234375,4882.728816406052
J17,5,PHAandWGA,17741.01171875,1239.901635424294
J17,5,SYTO,7760.560546875,570.4589592639607
J17,6,CONC,3516.663330078125,114.70539736863171
J17,6,HOECHST,2229.804931640625,83.9238253035369
J17,6,MITO,63573.71484375,4925.348061656583
J17,6,PHAandWGA,18843.19921875,1249.7545666674764
J17,6,SYTO,8021.267578125,570.1811019282959
J17,7,CONC,3596.03857421875,114.40213581740944
J17,7,HOECHST,2257.9853515625,83.23606039654439
J17,7,MITO,63730.7734375,4913.459482885334
J17,7,PHAandWGA,19543.021484375,1253.7616026687697
J17,7,SYTO,8176.5537109375,563.1890785198852
J17,8,CONC,3634.4189453125,113.06680808687096
J17,8,HOECHST,2280.6748046875,81.22480814354091
J17,8,MITO,65305.34765625,4906.492393487313
J17,8,PHAandWGA,19623.453125,1252.1455363445705
J17,8,SYTO,8258.740234375,550.5989595390233
J17,9,CONC,3676.59765625,110.83323748347871
J17,9,HOECHST,2303.415283203125,78.20114053650583
J17,9,MITO,65701.515625,4827.780136225471
J17,9,PHAandWGA,20090.8828125,1244.4998329553391
J17,9,SYTO,8319.8251953125,535.3300833265728
J17,10,CONC,3693.976318359375,107.90148921110377
J17,10,HOECHST,2309.309326171875,74.620834965746
J17,10,MITO,66905.609375,4737.748340832769
J17,10,PHAandWGA,20448.486328125,1213.047801651534
J17,10,SYTO,8236.240234375,515.6157190920372
J17,11,CONC,3714.52734375,104.62298931482526
J17,11,HOECHST,2296.69580078125,70.65776591723805
J17,11,MITO,67435.6171875,4630.622112810942
J17,11,PHAandWGA,20518.80078125,1172.3428180937308
J17,11,SYTO,8269.748046875,494.37082219128104
J17,12,CONC,3730.09326171875,101.23019912264884
J17,12,HOECHST,2310.791748046875,67.30701764226669
J17,12,MITO,67742.2734375,4529.080134197565
J17,12,PHAandWGA,20441.244140625,1131.8118607365475
J17,12,SYTO,8304.3544921875,473.5775543317761
J17,13,CONC,3745.92138671875,97.67803239279107
J17,13,HOECHST,2320.623291015625,64.07468569555947
J17,13,MITO,68723.015625,4389.03063630117
J17,13,PHAandWGA,20518.36328125,1093.9733979153839
J17,13,SYTO,8240.376953125,452.2839815970224
J17,14,CONC,3778.387451171875,93.91963659016676
J17,14,HOECHST,2339.5546875,60.9170536616328
J17,14,MITO,69072.78125,4227.651692533592
J17,14,PHAandWGA,20457.8046875,1046.1067554905972
J17,14,SYTO,8269.3984375,429.4491777013601
J17,15,CONC,3833.84033203125,90.1756753779317
J17,15,HOECHST,2368.1396484375,58.12566857288108
J17,15,MITO,69237.53125,4056.4485263700467
J17,15,PHAandWGA,20428.42578125,992.8439455894118
J17,15,SYTO,8330.30859375,405.1947466810362
J18,0,CONC,3890.60107421875,85.65515270423448
J18,0,HOECHST,3669.17578125,132.70338459720557
J18,0,MITO,80504.484375,3549.659480915325
J18,0,PHAandWGA,24427.544921875,1089.0821455892255
J18,0,SYTO,14136.4423828125,717.5574224210695
J18,1,CONC,4269.7763671875,112.47533558159277
J18,1,HOECHST,4064.77294921875,175.08624047523884
J18,1,MITO,85114.578125,4128.463161687236
J18,1,PHAandWGA,26100.89453125,1338.4459487172064
J18,1,SYTO,16463.7890625,920.2101974048218
J18,2,CONC,4617.22900390625,130.39791164789997
J18,2,HOECHST,4442.02197265625,209.32154521389361
J18,2,MITO,89123.96875,4568.657884310574
J18,2,PHAandWGA,28476.65625,1527.3352328134542
J18,2,SYTO,18321.21484375,1054.9839564917686
J18,3,CONC,4918.8291015625,140.0889814098687
J18,3,HOECHST,4750.0439453125,221.99397742697198
J18,3,MITO,94611.359375,4827.67961530187
J18,3,PHAandWGA,30546.384765625,1642.0355008964561
J18,3,SYTO,20712.234375,1110.697309314759
J18,4,CONC,5133.771484375,144.2695880565239
J18,4,HOECHST,5078.4326171875,230.0424481695464
J18,4,MITO,99279.578125,5006.175088597682
J18,4,PHAandWGA,32486.646484375,1714.9954384017615
J18,4,SYTO,22904.185546875,1129.7972265431788
J18,5,CONC,5338.08642578125,143.44949172264782
J18,5,HOECHST,5272.5263671875,228.6049245123646
J18,5,MITO,102956.859375,5067.410236654792
J18,5,PHAandWGA,34726.8515625,1732.0643884150518
J18,5,SYTO,24385.14453125,1113.1121346699297
J18,6,CONC,5431.662109375,140.15112970695236
J18,6,HOECHST,5461.56591796875,225.2446491003193
J18,6,MITO,104711.9140625,5054.874895224745
J18,6,PHAandWGA,36083.0703125,1713.863525116061
J18,6,SYTO,25597.716796875,1074.1902481370412
J18,7,CONC,5536.6962890625,135.2541869602496
J18,7,HOECHST,5540.5302734375,216.94716982870074
J18,7,MITO,106977.53125,4998.020120274727
J18,7,PHAandWGA,37252.703125,1674.0111178795664
J18,7,SYTO,26273.73828125,1022.6438979584638
J18,8,CONC,5624.2451171875,129.34758168642736
J18,8,HOECHST,5608.5615234375,205.83564649594192
J18,8,MITO,109977.09375,4919.5968991963155
J18,8,PHAandWGA,37883.9375,1627.6136206595354
J18,8,SYTO,26932.70703125,966.4224818830301
J18,9,CONC,5664.78173828125,123.9520165865546
J18,9,HOECHST,5660.248046875,198.60598200561807
J18,9,MITO,110645.578125,4839.578913357072
J18,9,PHAandWGA,38579.953125,1576.625132853705
J18,9,SYTO,27693.076171875,923.5029904367998
J18,10,CONC,5679.55859375,119.20306715151263
J18,10,HOECHST,5675.15576171875,189.33097715933337
J18,10,MITO,111640.734375,4792.219150135015
J18,10,PHAandWGA,39145.09765625,1541.6614762281877
J18,10,SYTO,27511.9140625,879.9378197255223
J18,11,CONC,5671.44873046875,114.32183366670714
J18,11,HOECHST,5656.6728515625,180.85104315935902
J18,11,MITO,112929.65625,4677.273210592465
J18,11,PHAandWGA,39249.046875,1500.9279040755175
J18,11,SYTO,27101.1640625,839.3037619017234
J18,12,CONC,5659.4736328125,109.09229427958972
J18,12,HOECHST,5665.3984375,172.07931061509368
J18,12,MITO,113579.28125,4553.729014074194
J18,12,PHAandWGA,39945.125,1458.7930015434458
J18,12,SYTO,26100.6484375,790.2038001957181
J18,13,CONC,5677.8642578125,103.91262127058246
J18,13,HOECHST,5724.58740234375,164.02556677016815
J18,13,MITO,114908.09375,4421.828120014634
J18,13,PHAandWGA,40027.875,1417.7193433470425
J18,13,SYTO,26252.60546875,751.8926307716902
J18,14,CONC,5705.7197265625,99.22188533956557
J18,14,HOECHST,5764.826171875,155.87840053024573
J18,14,MITO,115072.4375,4287.488630222661
J18,14,PHAandWGA,39890.91796875,1373.9648184250277
J18,14,SYTO,26146.328125,716.8884789092978
J18,15,CONC,5726.05615234375,94.66142564098318
J18,15,HOECHST,5759.12841796875,148.201896258864
J18,15,MITO,115516.0625,4120.287556409277
J18,15,PHAandWGA,40006.91796875,1321.36583279096
J18,15,SYTO,25482.31640625,671.6949599933828
J19,0,CONC,1554.0782470703125,65.4748318931063
J19,0,HOECHST,1549.1446533203125,90.30270674617537
J19,0,MITO,27702.35546875,4529.779523586042
J19,0,PHAandWGA,6242.87939453125,628.38919783616
J19,0,SYTO,3059.34326171875,327.916664724544
J19,1,CONC,1686.9405517578125,81.81923156784593
J19,1,HOECHST,1696.63623046875,118.40522092095483
J19,1,MITO,29183.453125,5101.829596003736
J19,1,PHAandWGA,6955.91357421875,766.8176308483081
J19,1,SYTO,3400.614501953125,409.32030684771473
J19,2,CONC,1777.498779296875,93.8976982262731
J19,2,HOECHST,1831.9935302734375,141.14645115987568
J19,2,MITO,30642.59765625,5495.630467114747
J19,2,PHAandWGA,7512.89111328125,870.8274642674825
J19,2,SYTO,3649.2548828125,470.84249729527824
J19,3,CONC,1863.232177734375,102.05911455942541
J19,3,HOECHST,1914.00146484375,154.36191802217218
J19,3,MITO,32114.38671875,5781.2541510775245
J19,3,PHAandWGA,8099.6865234375,948.4417728780977
J19,3,SYTO,3890.84423828125,509.1280705835938
J19,4,CONC,1932.8297119140625,107.41984416972426
J19,4,HOECHST,1999.0245361328125,161.55244247896837
J19,4,MITO,32803.140625,5916.408580835593
J19,4,PHAandWGA,8614.04296875,1010.5944359860358
J19,4,SYTO,4054.787109375,530.7072783107747
J19,5,CONC,1971.2822265625,110.15805107754738
J19,5,HOECHST,2019.478759765625,163.1416574482127
J19,5,MITO,33776.984375,5969.535357922786
J19,5,PHAandWGA,8811.962890625,1042.3033251603708
J19,5,SYTO,4130.44287109375,538.9204195404207
J19,6,CONC,2002.217041015625,110.43410640880349
J19,6,HOECHST,2031.127197265625,161.5682989675192
J19,6,MITO,34091.5078125,5984.619732424615
J19,6,PHAandWGA,8928.763671875,1045.5293211125124
J19,6,SYTO,4223.5859375,533.7264653537619
J19,7,CONC,2012.48486328125,109.17266018002164
J19,7,HOECHST,2047.57373046875,157.5691126329133
J19,7,MITO,34353.16015625,5916.063788358962
J19,7,PHAandWGA,9048.353515625,1030.655330922378
J19,7,SYTO,4200.326171875,521.2144641611718
J19,8,CONC,2023.5701904296875,106.70992531688678
J19,8,HOECHST,2056.06982421875,151.3243096922438
J19,8,MITO,34252.86328125,5800.213251345219
J19,8,PHAandWGA,9136.103515625,1016.1028053909646
J19,8,SYTO,4183.03076171875,502.7817017126613
J19,9,CONC,2038.6573486328125,103.44208992285714
J19,9,HOECHST,2052.238037109375,143.76564062018588
J19,9,MITO,34756.578125,5613.055211839642
J19,9,PHAandWGA,9062.36328125,986.9520128035523
J19,9,SYTO,4194.88427734375,480.9919181446678
J19,10,CONC,2047.346923828125,99.667788144575
J19,10,HOECHST,2079.142578125,136.67966629130635
J19,10,MITO,35138.796875,5424.2971227791495
J19,10,PHAandWGA,8927.6259765625,934.5004294651385
J19,10,SYTO,4161.1162109375,455.1285858663796
J19,11,CONC,2043.6207275390625,94.73511783351411
J19,11,HOECHST,2082.536376953125,128.6501816767796
J19,11,MITO,35386.09375,5138.8647437727495
J19,11,PHAandWGA,8798.0283203125,859.9206143202301
J19,11,SYTO,4144.1376953125,425.61077650995816
J19,12,CONC,2058.654541015625,89.27681143845021
J19,12,HOECHST,2111.3583984375,119.80132569396835
J19,12,MITO,35227.73046875,4838.769689539491
J19,12,PHAandWGA,8614.8603515625,785.1345682014089
J19,12,SYTO,4141.5263671875,394.6937412323593
J19,13,CONC,2077.62060546875,83.9706393794234
J19,13,HOECHST,2113.24853515625,110.87487496340312
J19,13,MITO,35742.71484375,4521.520236542259
J19,13,PHAandWGA,8581.1220703125,719.4832843806128
J19,13,SYTO,4132.7490234375,364.2793175324621
J19,14,CONC,2104.85888671875,78.25158023420676
J19,14,HOECHST,2129.88232421875,101.9446632298012
J19,14,MITO,36290.234375,4173.9480560175125
J19,14,PHAandWGA,8382.1669921875,649.0752118783038
J19,14,SYTO,4178.1875,332.2036533659984
J19,15,CONC,2126.64111328125,72.56343183834626
J19,15,HOECHST,2167.35400390625,93.71608354206977
J19,15,MITO,35903.05859375,3743.6866842708405
J19,15,PHAandWGA,8216.5078125,581.6399038054275
J19,15,SYTO,4224.9423828125,300.962956152864
J20,0,CONC,1642.96337890625,58.147528832516294
J20,0,HOECHST,1619.410400390625,83.09698445627235
J20,0,MITO,39837.73046875,5455.551350618377
J20,0,PHAandWGA,8442.8623046875,776.1977301857407
J20,0,SYTO,3812.89599609375,375.5515097974542
J20,1,CONC,1800.538818359375,73.21835294940132
J20,1,HOECHST,1788.625732421875,111.34593296501039
J20,1,MITO,41749.4765625,6159.079023287143
J20,1,PHAandWGA,9502.70703125,955.3754685681182
J20,1,SYTO,4318.3876953125,479.4727111439902
J20,2,CONC,1910.708251953125,83.00884391714358
J20,2,HOECHST,1937.1986083984375,131.44703449636486
J20,2,MITO,44401.484375,6597.585554178136
J20,2,PHAandWGA,10427.12890625,1084.079356886883
J20,2,SYTO,4810.98291015625,549.125652012743
J20,3,CONC,2020.82958984375,89.57061354449489
J20,3,HOECHST,2078.17529296875,143.6597595906551
J20,3,MITO,46411.05859375,6904.1753368338805
J20,3,PHAandWGA,11643.9384765625,1180.4440534100927
J20,3,SYTO,5134.0556640625,587.7936651165779
J20,4,CONC,2083.44091796875,92.23562738289881
J20,4,HOECHST,2157.8701171875,146.80864884085156
J20,4,MITO,47618.46875,6976.936735572703
J20,4,PHAandWGA,12344.123046875,1217.0381390865723
J20,4,SYTO,5307.15087890625,597.9270468777836
J20,5,CONC,2137.5234375,92.40306592255443
J20,5,HOECHST,2205.31689453125,145.038795618375
J20,5,MITO,49034.1171875,7020.841569623655
J20,5,PHAandWGA,12885.0859375,1232.1595804678632
J20,5,SYTO,5436.744140625,592.4175944666182
J20,6,CONC,2166.71044921875,91.77023679215132
J20,6,HOECHST,2228.619384765625,142.6128748910123
J20,6,MITO,49299.265625,7013.225676311975
J20,6,PHAandWGA,13140.185546875,1230.314212720057
J20,6,SYTO,5489.5791015625,582.9311608042714
J20,7,CONC,2177.15283203125,90.0008190356971
J20,7,HOECHST,2229.905029296875,137.7491428316875
J20,7,MITO,50254.015625,6957.132518144723
J20,7,PHAandWGA,13313.154296875,1214.036924184421
J20,7,SYTO,5505.66796875,565.0420724554114
J20,8,CONC,2178.55859375,87.1284564199777
J20,8,HOECHST,2235.70068359375,131.8958026703571
J20,8,MITO,50518.0,6855.013699981872
J20,8,PHAandWGA,13263.5380859375,1179.8692870654895
J20,8,SYTO,5437.82421875,540.2423480182604
J20,9,CONC,2159.072509765625,83.46492464364808
J20,9,HOECHST,2213.04052734375,124.56674394550973
J20,9,MITO,50603.98046875,6678.700582670444
J20,9,PHAandWGA,13134.87109375,1136.82601050755
J20,9,SYTO,5379.73681640625,512.9294750822944
J20,10,CONC,2162.724365234375,79.62862603439255
J20,10,HOECHST,2201.91162109375,116.59781468850294
J20,10,MITO,51220.6015625,6496.696477701117
J20,10,PHAandWGA,12833.11328125,1091.2234971870037
J20,10,SYTO,5320.6474609375,484.1434900791854
J20,11,CONC,2153.60009765625,75.26126892806354
J20,11,HOECHST,2196.4755859375,108.29955599826998
J20,11,MITO,50813.34375,6237.245967526134
J20,11,PHAandWGA,12755.5078125,1034.3323443326847
J20,11,SYTO,5268.5537109375,453.20984848795564
J20,12,CONC,2151.162109375,70.89138620485383
J20,12,HOECHST,2187.10693359375,100.18865080188243
J20,12,MITO,51211.140625,5942.239622881689
J20,12,PHAandWGA,12461.365234375,971.8414526945643
J20,12,SYTO,5225.71875,420.59049210481163
J20,13,CONC,2152.23583984375,66.54197203679588
J20,13,HOECHST,2195.934326171875,93.01040597541852
J20,13,MITO,50984.390625,5561.166069932592
J20,13,PHAandWGA,12217.103515625,898.9711321498432
J20,13,SYTO,5213.79833984375,387.95886117814047
J20,14,CONC,2162.18701171875,62.500221974192755
J20,14,HOECHST,2213.614013671875,86.15262810565052
J20,14,MITO,51193.10546875,5194.663374115313
J20,14,PHAandWGA,12110.06640625,826.9068927893387
J20,14,SYTO,5182.04296875,357.4239633118748
J20,15,CONC,2171.817626953125,58.43709150808647
J20,15,HOECHST,2232.8583984375,79.54927560494085
J20,15,MITO,51653.03515625,4780.00812211835
J20,15,PHAandWGA,11807.421875,751.4592551422726
J20,15,SYTO,5184.548828125,327.4549876099637
J21,0,CONC,4741.095703125,72.64528056297796
J21,0,HOECHST,3197.18310546875,82.61342325807117
J21,0,MITO,77462.71875,3040.5111651791995
J21,0,PHAandWGA,22491.85546875,827.7792720464156
J21,0,SYTO,11213.064453125,442.1832140938949
J21,1,CONC,5004.17578125,86.74879218428475
J21,1,HOECHST,3419.67529296875,99.93165245750569
J21,1,MITO,79308.125,3410.095615379327
J21,1,PHAandWGA,23703.48828125,954.8908325781804
J21,1,SYTO,12682.9404296875,530.4155463310293
J21,2,CONC,5263.6640625,99.6115149904272
J21,2,HOECHST,3633.9306640625,116.7035889132519
J21,2,MITO,82594.796875,3750.2962211985014
J21,2,PHAandWGA,25323.8203125,1084.228380889299
J21,2,SYTO,14444.6572265625,612.9412690062778
J21,3,CONC,5536.3642578125,109.43445019708058
J21,3,HOECHST,3863.41943359375,129.06236735414447
J21,3,MITO,85917.9453125,3976.7135257752075
J21,3,PHAandWGA,26833.29296875,1192.6380942146784
J21,3,SYTO,16062.0087890625,674.499116855251
J21,4,CONC,5783.0439453125,115.84909613156209
J21,4,HOECHST,4060.17626953125,137.80649303912136
J21,4,MITO,90072.5703125,4128.59125064022
J21,4,PHAandWGA,28407.931640625,1265.2640408891996
J21,4,SYTO,17429.611328125,713.7359029363246
J21,5,CONC,5997.9921875,119.34547273512554
J21,5,HOECHST,4257.98095703125,143.37350819433533
J21,5,MITO,93762.734375,4209.982865342162
J21,5,PHAandWGA,29655.767578125,1307.6269262663911
J21,5,SYTO,18877.66015625,733.527067910749
J21,6,CONC,6179.63232421875,120.59183515388209
J21,6,HOECHST,4429.34130859375,146.12797602942564
J21,6,MITO,96279.0390625,4250.504340728454
J21,6,PHAandWGA,31060.0390625,1328.2720473961497
J21,6,SYTO,20013.59375,737.041598565133
J21,7,CONC,6350.9130859375,121.17534662390024
J21,7,HOECHST,4582.60791015625,147.76623773744504
J21,7,MITO,99087.25,4271.893454371882
J21,7,PHAandWGA,32924.80078125,1336.9448372738382
J21,7,SYTO,21058.0703125,733.0198381204202
J21,8,CONC,6496.326171875,120.98875233818944
J21,8,HOECHST,4760.80859375,148.08716183904247
J21,8,MITO,101185.953125,4253.120590317817
J21,8,PHAandWGA,34094.125,1332.9626031612877
J21,8,SYTO,21385.26171875,720.0063314260989
J21,9,CONC,6595.60595703125,119.69753906712985
J21,9,HOECHST,4885.87109375,146.50250366573206
J21,9,MITO,104078.3671875,4208.625580839993
J21,9,PHAandWGA,34615.33203125,1318.5566391790342
J21,9,SYTO,21940.93359375,703.9256412959346
J21,10,CONC,6675.9521484375,117.46075975089656
J21,10,HOECHST,4971.5419921875,143.57644258707998
J21,10,MITO,105044.0546875,4152.348149660246
J21,10,PHAandWGA,36064.05859375,1296.2964855324674
J21,10,SYTO,21786.373046875,682.8079767964255
J21,11,CONC,6764.685546875,114.61441899208788
J21,11,HOECHST,5036.2080078125,139.44189590162082
J21,11,MITO,107024.171875,4078.3499310813922
J21,11,PHAandWGA,36178.0234375,1274.7425844850275
J21,11,SYTO,21735.109375,660.8191020816619
J21,12,CONC,6855.3916015625,111.45548493244632
J21,12,HOECHST,5121.564453125,134.78887809391247
J21,12,MITO,108681.0625,3973.4948234631
J21,12,PHAandWGA,36773.66796875,1243.6880862865992
J21,12,SYTO,21556.38671875,636.0872371977912
J21,13,CONC,6917.33642578125,107.96408607821164
J21,13,HOECHST,5208.83203125,130.12930148007595
J21,13,MITO,111353.046875,3858.2321529866904
J21,13,PHAandWGA,37701.8203125,1213.2907071866716
J21,13,SYTO,21455.3046875,610.7672851853031
J21,14,CONC,7005.45751953125,104.36594652368818
J21,14,HOECHST,5276.06982421875,125.34207659374766
J21,14,MITO,110312.59375,3716.825483553014
J21,14,PHAandWGA,37531.984375,1176.212301933536
J21,14,SYTO,21381.3359375,585.2718926909911
J21,15,CONC,7090.6728515625,100.64933987785095
J21,15,HOECHST,5354.23828125,120.25575378258218
J21,15,MITO,111759.9296875,3571.4707957329447
J21,15,PHAandWGA,38454.15625,1140.1951747694832
J21,15,SYTO,21485.28515625,560.092978913687
J22,0,CONC,1461.13134765625,58.98570870471616
J22,0,HOECHST,1532.154052734375,83.63237898144467
J22,0,MITO,28367.517578125,4523.316821516741
J22,0,PHAandWGA,4804.42724609375,483.2259820304182
J22,0,SYTO,2687.505615234375,280.5313446210124
J22,1,CONC,1621.908203125,83.42198376467282
J22,1,HOECHST,1725.7822265625,126.47623402361405
J22,1,MITO,30694.189453125,5530.485560379832
J22,1,PHAandWGA,5880.72119140625,665.6604729369417
J22,1,SYTO,3126.1796875,395.76544753135477
J22,2,CONC,1768.860107421875,103.59731261101452
J22,2,HOECHST,1917.60888671875,161.91736364424102
J22,2,MITO,32850.25390625,6288.43189134817
J22,2,PHAandWGA,6795.09033203125,827.5083624297906
J22,2,SYTO,3547.140625,490.14122130016705
J22,3,CONC,1870.84716796875,114.62107835429116
J22,3,HOECHST,2033.751953125,176.86266622932092
J22,3,MITO,34467.03515625,6629.702135309201
J22,3,PHAandWGA,7459.8388671875,927.3407920720044
J22,3,SYTO,3790.57958984375,535.6347060536838
J22,4,CONC,1937.9615478515625,118.63777281280524
J22,4,HOECHST,2089.85498046875,180.59491861985575
J22,4,MITO,35825.015625,6816.324406573349
J22,4,PHAandWGA,8070.552734375,987.0731022136582
J22,4,SYTO,3932.692626953125,548.0397988477869
J22,5,CONC,1984.644775390625,119.56949493619516
J22,5,HOECHST,2121.519287109375,177.04253432181545
J22,5,MITO,36825.46875,6845.7177375216015
J22,5,PHAandWGA,8330.9296875,996.0898461936728
J22,5,SYTO,4012.38525390625,541.5587695710474
J22,6,CONC,2004.09716796875,117.90503280316626
J22,6,HOECHST,2137.28515625,170.6074433593329
J22,6,MITO,37380.4296875,6855.580325152191
J22,6,PHAandWGA,8477.701171875,967.1119149004189
J22,6,SYTO,4021.7197265625,523.4010795486174
J22,7,CONC,2006.5908203125,114.00312045869917
J22,7,HOECHST,2122.600341796875,161.74450942031797
J22,7,MITO,37283.1875,6763.2380345560705
J22,7,PHAandWGA,8314.6591796875,897.5278559437141
J22,7,SYTO,3965.808837890625,498.7055852506243
J22,8,CONC,1992.3902587890625,108.64917320578535
J22,8,HOECHST,2086.29150390625,150.52031914890034
J22,8,MITO,37366.3203125,6591.382827196428
J22,8,PHAandWGA,7986.6435546875,841.2959754532145
J22,8,SYTO,3906.90478515625,467.8786275632802
J22,9,CONC,1961.51806640625,103.05756230208121
J22,9,HOECHST,2047.336181640625,139.63786767851343
J22,9,MITO,36899.3671875,6359.060797193508
J22,9,PHAandWGA,7656.1083984375,787.6076342731099
J22,9,SYTO,3816.78271484375,437.9846665473919
J22,10,CONC,1960.201171875,97.40475993331671
J22,10,HOECHST,2052.900390625,129.49540569923107
J22,10,MITO,36504.3203125,6071.758555426634
J22,10,PHAandWGA,7184.3681640625,728.6821413031432
J22,10,SYTO,3743.380126953125,409.9595821278478
J22,11,CONC,1955.163330078125,91.49513435288038
J22,11,HOECHST,2029.6962890625,119.88256176207155
J22,11,MITO,36304.90625,5738.137158257585
J22,11,PHAandWGA,6832.2802734375,677.154008098741
J22,11,SYTO,3679.314697265625,380.41196176441633
J22,12,CONC,1953.58984375,85.99233178179927
J22,12,HOECHST,2048.47900390625,111.22731963917295
J22,12,MITO,36408.4453125,5395.166508636303
J22,12,PHAandWGA,6504.4287109375,623.2981366338316
J22,12,SYTO,3691.488037109375,351.3498212492746
J22,13,CONC,1966.832275390625,80.7528645541813
J22,13,HOECHST,2068.59912109375,103.23800033585057
J22,13,MITO,36058.01953125,5013.036906085619
J22,13,PHAandWGA,6269.322265625,572.9327364965942
J22,13,SYTO,3669.56640625,324.27601630540863
J22,14,CONC,1979.0498046875,75.92397603629028
J22,14,HOECHST,2085.439697265625,96.38817063566599
J22,14,MITO,36695.3671875,4616.484615623487
J22,14,PHAandWGA,6158.32373046875,525.0051769318667
J22,14,SYTO,3692.38134765625,298.98910586398415
J22,15,CONC,2009.1221923828125,70.97866030796611
J22,15,HOECHST,2131.2626953125,89.78845073679929
J22,15,MITO,36370.90234375,4200.645273210649
J22,15,PHAandWGA,6117.3603515625,478.27317520912794
J22,15,SYTO,3713.76611328125,273.3151103996652
J23,0,CONC,5450.3984375,130.8536111059641
J23,0,HOECHST,2117.5869140625,57.86458340495763
J23,0,MITO,81199.53125,4454.488503690813
J23,0,PHAandWGA,24836.70703125,1130.5004788233623
J23,0,SYTO,10855.12109375,540.866044220009
J23,1,CONC,5949.365234375,161.4741080889354
J23,1,HOECHST,2341.8662109375,77.32051461412743
J23,1,MITO,85201.109375,5008.355778491666
J23,1,PHAandWGA,26741.5390625,1340.0445163585475
J23,1,SYTO,12935.7373046875,674.7985892507769
J23,2,CONC,6406.7607421875,179.75831555517573
J23,2,HOECHST,2545.474609375,91.84396578276116
J23,2,MITO,90663.296875,5352.193972947324
J23,2,PHAandWGA,29234.5390625,1495.6142152305856
J23,2,SYTO,15092.14453125,767.3943047993018
J23,3,CONC,6718.23193359375,187.13502185818373
J23,3,HOECHST,2691.45166015625,97.24601791062379
J23,3,MITO,95168.4765625,5459.475582449662
J23,3,PHAandWGA,31314.521484375,1591.410501492873
J23,3,SYTO,16871.361328125,806.1851107655554
J23,4,CONC,6941.8271484375,187.46236183250534
J23,4,HOECHST,2818.26171875,99.73923491108158
J23,4,MITO,98022.7890625,5466.57266416744
J23,4,PHAandWGA,32563.39453125,1626.3034577667638
J23,4,SYTO,17963.001953125,811.5289532374569
J23,5,CONC,7099.15576171875,184.16886233989598
J23,5,HOECHST,2915.1591796875,100.44712571734247
J23,5,MITO,99751.796875,5411.007368779719
J23,5,PHAandWGA,34329.9296875,1615.0299202582437
J23,5,SYTO,18593.595703125,793.1954066612032
J23,6,CONC,7276.63818359375,179.80673448267495
J23,6,HOECHST,3003.67333984375,99.15431762857499
J23,6,MITO,102330.4140625,5306.015449334397
J23,6,PHAandWGA,35165.578125,1580.729277604384
J23,6,SYTO,18676.69140625,762.8564753279582
J23,7,CONC,7301.6552734375,174.8257603455275
J23,7,HOECHST,3068.27490234375,97.83455751627068
J23,7,MITO,104563.65625,5209.083992321225
J23,7,PHAandWGA,36223.41015625,1532.2883806068364
J23,7,SYTO,18345.78125,727.9900963336136
J23,8,CONC,7310.1865234375,168.9153747855288
J23,8,HOECHST,3121.49267578125,95.41882674218667
J23,8,MITO,104437.890625,5096.816469242559
J23,8,PHAandWGA,36860.8046875,1487.234748043388
J23,8,SYTO,17821.77734375,698.4582871956098
J23,9,CONC,7299.6640625,162.46742563743916
J23,9,HOECHST,3115.13671875,91.97636906294088
J23,9,MITO,105034.1484375,4974.29817659716
J23,9,PHAandWGA,37351.9609375,1454.2536233879673
J23,9,SYTO,17275.568359375,669.9437092649268
J23,10,CONC,7291.216796875,156.23836951513445
J23,10,HOECHST,3132.990234375,87.87230561608281
J23,10,MITO,106141.640625,4861.534529481448
J23,10,PHAandWGA,37615.22265625,1418.6413556670855
J23,10,SYTO,16598.7890625,640.8648581360582
J23,11,CONC,7259.3017578125,150.1447433722241
J23,11,HOECHST,3115.6103515625,84.16581982351296
J23,11,MITO,106004.390625,4687.847977726782
J23,11,PHAandWGA,36784.3359375,1373.1107228201772
J23,11,SYTO,16188.66796875,613.3424042772473
J23,12,CONC,7302.8359375,143.10073528760356
J23,12,HOECHST,3124.501220703125,80.00111459875039
J23,12,MITO,105624.8515625,4505.449716679193
J23,12,PHAandWGA,37336.0078125,1320.5216984307247
J23,12,SYTO,15772.970703125,583.5093230576068
J23,13,CONC,7299.5107421875,135.9587057519891
J23,13,HOECHST,3124.71533203125,75.73297100830914
J23,13,MITO,105984.109375,4283.950237624148
J23,13,PHAandWGA,37171.25390625,1263.3371099432068
J23,13,SYTO,15426.353515625,550.7634172088169
J23,14,CONC,7345.9345703125,129.1528899555997
J23,14,HOECHST,3145.1123046875,71.8876382654189
J23,14,MITO,106064.4140625,4049.4744349295247
J23,14,PHAandWGA,36836.07421875,1205.2644929016024
J23,14,SYTO,15388.7841796875,520.5725075754821
J23,15,CONC,7420.724609375,122.9435159453113
J23,15,HOECHST,3164.94677734375,68.37291017065496
J23,15,MITO,107427.5625,3817.0890524834285
J23,15,PHAandWGA,37276.5,1144.9388573255687
J23,15,SYTO,15318.294921875,490.8823582462906
K02,0,CONC,3137.562255859375,50.60193348367699
K02,0,HOECHST,3251.03125,82.82793029969936
K02,0,MITO,67735.515625,2399.739881228571
K02,0,PHAandWGA,21402.927734375,798.598470989964
K02,0,SYTO,12839.560546875,522.7335571129937
K02,1,CONC,3324.76806640625,57.82538109180211
K02,1,HOECHST,3460.49853515625,94.99689681518804
K02,1,MITO,69420.7890625,2557.0078688786157
K02,1,PHAandWGA,22641.541015625,885.3066956397505
K02,1,SYTO,14414.58203125,595.1445221634933
K02,2,CONC,3485.984375,63.19429754614339
K02,2,HOECHST,3644.951904296875,104.89347620421576
K02,2,MITO,72524.65625,2704.892719062694
K02,2,PHAandWGA,24207.763671875,950.8490779473952
K02,2,SYTO,16107.119140625,647.3975281751392
K02,3,CONC,3646.232666015625,66.59095760153421
K02,3,HOECHST,3826.505615234375,111.75792438537195
K02,3,MITO,74557.640625,2817.542907726206
K02,3,PHAandWGA,25426.6796875,990.2010784296132
K02,3,SYTO,17495.66796875,673.4919459094355
K02,4,CONC,3782.162841796875,67.82803083497508
K02,4,HOECHST,3980.892822265625,114.76581298394449
K02,4,MITO,76205.90625,2895.219516261415
K02,4,PHAandWGA,26825.041015625,1015.3024003295541
K02,4,SYTO,18413.818359375,678.7468729619337
K02,5,CONC,3877.78369140625,68.18444587519562
K02,5,HOECHST,4116.85205078125,115.1641694192233
K02,5,MITO,78553.46875,2946.487082313186
K02,5,PHAandWGA,27965.94921875,1023.5242221564625
K02,5,SYTO,18793.2265625,668.148604980204
K02,6,CONC,3930.0654296875,67.69458247081477
K02,6,HOECHST,4212.4111328125,114.02800075572621
K02,6,MITO,79757.390625,2980.466436294656
K02,6,PHAandWGA,28942.4453125,1023.1118277373512
K02,6,SYTO,18901.740234375,652.4709114614566
K02,7,CONC,3987.478515625,67.00563831119955
K02,7,HOECHST,4242.498046875,112.7987472543757
K02,7,MITO,81359.4375,2997.6361168391527
K02,7,PHAandWGA,29363.2265625,1015.8634400844784
K02,7,SYTO,18655.77734375,634.6765811569597
K02,8,CONC,4042.37255859375,66.09672858387944
K02,8,HOECHST,4367.09814453125,110.96249330281911
K02,8,MITO,81876.71875,2998.304805400916
K02,8,PHAandWGA,29890.27734375,999.2123266912663
K02,8,SYTO,18490.712890625,616.0452804833672
K02,9,CONC,4080.123291015625,64.8196721856497
K02,9,HOECHST,4392.279296875,108.53865454251809
K02,9,MITO,84028.375,2994.533572558271
K02,9,PHAandWGA,30470.169921875,987.9643341283968
K02,9,SYTO,18180.623046875,595.5071985869448
K02,10,CONC,4118.8193359375,63.59370122116809
K02,10,HOECHST,4459.0322265625,106.27412160580185
K02,10,MITO,85409.5234375,2975.961968115616
K02,10,PHAandWGA,31363.234375,972.4162951004311
K02,10,SYTO,18095.205078125,577.0374873707625
K02,11,CONC,4178.8583984375,62.24612395594983
K02,11,HOECHST,4514.919921875,103.74736778897669
K02,11,MITO,85519.78125,2899.689282794084
K02,11,PHAandWGA,31074.787109375,949.6063436903177
K02,11,SYTO,17898.888671875,556.5268615320683
K02,12,CONC,4205.95458984375,60.52510411661698
K02,12,HOECHST,4568.09912109375,100.94284975966102
K02,12,MITO,86921.3203125,2860.4190457908235
K02,12,PHAandWGA,31468.08203125,926.8686003874369
K02,12,SYTO,17878.07421875,536.9038759264057
K02,13,CONC,4249.39599609375,58.95051514952432
K02,13,HOECHST,4629.2216796875,98.31740207000409
K02,13,MITO,87614.7734375,2792.059176148439
K02,13,PHAandWGA,31517.107421875,900.4818485389824
K02,13,SYTO,17953.48046875,517.1976431975925
K02,14,CONC,4314.41748046875,57.25960419201764
K02,14,HOECHST,4680.580078125,95.40323414296796
K02,14,MITO,89344.3984375,2722.178235595789
K02,14,PHAandWGA,32207.908203125,878.5882719472933
K02,14,SYTO,17952.275390625,496.8362185801644
K02,15,CONC,4363.37158203125,55.42420832307906
K02,15,HOECHST,4764.986328125,91.99426748948925
K02,15,MITO,89666.3671875,2630.8688421563033
K02,15,PHAandWGA,32149.408203125,850.3873320372173
K02,15,SYTO,18121.48828125,476.15061235117304
K03,0,CONC,7810.0400390625,69.1584131956046
K03,0,HOECHST,6249.2265625,85.32589858662878
K03,0,MITO,104747.1875,1456.4592535280485
K03,0,PHAandWGA,43709.734375,637.0449461252574
K03,0,SYTO,31034.177734375,486.3118359412885
K03,1,CONC,8616.607421875,97.38281519804303
K03,1,HOECHST,6813.7333984375,116.93137395595943
K03,1,MITO,112600.15625,1964.018545108561
K03,1,PHAandWGA,46701.3515625,810.1042568823308
K03,1,SYTO,34060.3203125,648.0606877722603
K03,2,CONC,9445.013671875,122.41185405847959
K03,2,HOECHST,7408.451171875,140.58304583853638
K03,2,MITO,119331.359375,2255.3780303329504
K03,2,PHAandWGA,50105.43359375,965.2490673660217
K03,2,SYTO,36524.18359375,784.5567135426445
K03,3,CONC,10125.107421875,130.13088423134903
K03,3,HOECHST,8042.736328125,157.6763321038312
K03,3,MITO,127295.4453125,2302.5520949579786
K03,3,PHAandWGA,53050.14453125,1038.7388441198666
K03,3,SYTO,39727.4140625,856.4824546385827
K03,4,CONC,10541.9296875,125.16146651563976
K03,4,HOECHST,8400.72265625,155.36834297629153
K03,4,MITO,132189.953125,2190.57161487444
K03,4,PHAandWGA,56008.87890625,1036.5209230046607
K03,4,SYTO,42187.55078125,852.4379430537654
K03,5,CONC,10861.810546875,116.13602930425186
K03,5,HOECHST,8706.2822265625,149.51767577293515
K03,5,MITO,134647.21875,2022.9388939677385
K03,5,PHAandWGA,57751.08203125,994.2815770695804
K03,5,SYTO,45126.078125,811.0480895809432
K03,6,CONC,11111.2333984375,107.32168516303533
K03,6,HOECHST,9022.6279296875,141.96008410664788
K03,6,MITO,138379.875,1881.4125740786455
K03,6,PHAandWGA,60306.9765625,947.8916150925515
K03,6,SYTO,46759.89453125,756.772894895296
K03,7,CONC,11402.923828125,98.29129852461566
K03,7,HOECHST,9274.236328125,132.7075415734956
K03,7,MITO,141206.46875,1736.9704510458762
K03,7,PHAandWGA,63131.0390625,888.3855362284681
K03,7,SYTO,49512.30859375,692.0318848901625
K03,8,CONC,11539.60546875,89.32989156556994
K03,8,HOECHST,9472.58984375,121.25795898236477
K03,8,MITO,143845.6875,1612.5897476129214
K03,8,PHAandWGA,65342.1796875,830.8389234931714
K03,8,SYTO,50102.21875,630.8376831832508
K03,9,CONC,11595.298828125,80.33222228251152
K03,9,HOECHST,9685.171875,112.65228563257891
K03,9,MITO,145354.9375,1492.5331753692415
K03,9,PHAandWGA,66550.046875,773.4852660575631
K03,9,SYTO,51982.3828125,575.0161724104893
K03,10,CONC,11641.76953125,73.30261850991617
K03,10,HOECHST,9735.216796875,103.91962590088211
K03,10,MITO,146668.21875,1408.2698841357596
K03,10,PHAandWGA,67868.4921875,726.7920367411564
K03,10,SYTO,52189.6328125,527.2673915102941
K03,11,CONC,11675.7880859375,67.41680089521095
K03,11,HOECHST,9783.5712890625,97.66918810356287
K03,11,MITO,148367.71875,1346.1569182952653
K03,11,PHAandWGA,67977.515625,686.2834166842412
K03,11,SYTO,52903.5234375,489.75145211891015
K03,12,CONC,11681.615234375,62.336615978110025
K03,12,HOECHST,9928.375,92.5711944677623
K03,12,MITO,149589.5,1279.0917325855387
K03,12,PHAandWGA,68713.6171875,653.08087122178
K03,12,SYTO,53304.57421875,457.9679512580466
K03,13,CONC,11722.720703125,58.548808527946655
K03,13,HOECHST,9976.951171875,88.53841020769545
K03,13,MITO,149448.375,1228.5487958819065
K03,13,PHAandWGA,69041.09375,625.7000516815663
K03,13,SYTO,54539.6484375,433.5325861823665
K03,14,CONC,11750.7607421875,55.64380604065433
K03,14,HOECHST,10103.087890625,85.45034805274139
K03,14,MITO,151229.890625,1188.5270763150431
K03,14,PHAandWGA,69581.5,604.7449577291671
K03,14,SYTO,53751.31640625,413.96947427247505
K03,15,CONC,11808.8291015625,53.19949940999586
K03,15,HOECHST,10188.32421875,82.9720552938653
K03,15,MITO,150656.0625,1147.9785093911398
K03,15,PHAandWGA,70254.0625,586.2112151802035
K03,15,SYTO,54134.6640625,396.2432014872734
K04,0,CONC,3332.96826171875,74.16591008005227
K04,0,HOECHST,1747.9498291015625,41.04135352134765
K04,0,MITO,49664.2578125,3051.607921567491
K04,0,PHAandWGA,13215.892578125,697.0996242232408
K04,0,SYTO,6358.2783203125,358.6179051366521
K04,1,CONC,3547.16650390625,95.19498913865397
K04,1,HOECHST,1856.1214599609375,52.04912899429021
K04,1,MITO,51006.3203125,3529.0817591982236
K04,1,PHAandWGA,14069.8173828125,836.5842667528891
K04,1,SYTO,6875.8935546875,439.4454734465597
K04,2,CONC,3836.9599609375,121.81444795565208
K04,2,HOECHST,2028.670166015625,67.74786138984506
K04,2,MITO,54671.33203125,4146.554094589573
K04,2,PHAandWGA,15409.060546875,1014.077655669311
K04,2,SYTO,8014.6923828125,552.2002540664365
K04,3,CONC,4095.0576171875,144.10196956721725
K04,3,HOECHST,2193.36376953125,85.18745306630278
K04,3,MITO,58082.5234375,4684.503177627116
K04,3,PHAandWGA,16746.26953125,1177.7471071368545
K04,3,SYTO,9527.3212890625,663.7893836083933
K04,4,CONC,4336.92578125,156.38029129590024
K04,4,HOECHST,2344.914306640625,96.78618995821157
K04,4,MITO,60205.46484375,4952.272729865927
K04,4,PHAandWGA,17872.625,1277.758773135363
K04,4,SYTO,10727.0703125,729.8774005008656
K04,5,CONC,4457.4951171875,159.90404339395556
K04,5,HOECHST,2439.240234375,100.84322618399669
K04,5,MITO,63226.2109375,5068.125496233903
K04,5,PHAandWGA,19015.986328125,1329.245438186344
K04,5,SYTO,11212.611328125,750.5195859442177
K04,6,CONC,4546.03271484375,160.4871713571175
K04,6,HOECHST,2526.8974609375,101.78195121851657
K04,6,MITO,64554.4609375,5155.556790637839
K04,6,PHAandWGA,19837.65625,1349.5059074250842
K04,6,SYTO,11216.37109375,748.6244997872827
K04,7,CONC,4656.42578125,160.04920790542002
K04,7,HOECHST,2590.639892578125,101.34260812609575
K04,7,MITO,65908.078125,5187.297458511525
K04,7,PHAandWGA,20966.08984375,1352.094315620224
K04,7,SYTO,11086.052734375,736.4888557339441
K04,8,CONC,4729.45703125,158.5873137054258
K04,8,HOECHST,2621.367431640625,99.32701104102277
K04,8,MITO,67081.8125,5186.845875191446
K04,8,PHAandWGA,21465.7109375,1339.5603639794174
K04,8,SYTO,10999.208984375,721.224836080023
K04,9,CONC,4783.8935546875,155.64106904393563
K04,9,HOECHST,2653.46728515625,96.35641471842197
K04,9,MITO,68150.109375,5154.860573461399
K04,9,PHAandWGA,22185.810546875,1314.989323229745
K04,9,SYTO,10746.947265625,696.4799671212069
K04,10,CONC,4824.0234375,151.56734019217228
K04,10,HOECHST,2688.723876953125,92.62213967838358
K04,10,MITO,68691.59375,5064.302212781161
K04,10,PHAandWGA,22288.083984375,1284.3765223111934
K04,10,SYTO,10648.830078125,672.9847651939574
K04,11,CONC,4849.3291015625,146.84983340071022
K04,11,HOECHST,2684.61328125,89.08854921484395
K04,11,MITO,70203.2109375,4973.638323785194
K04,11,PHAandWGA,22790.431640625,1250.7727186169075
K04,11,SYTO,10457.376953125,646.3300674849053
K04,12,CONC,4867.90625,141.87547400657786
K04,12,HOECHST,2704.967041015625,85.47256229935986
K04,12,MITO,70261.890625,4833.841466173072
K04,12,PHAandWGA,22493.41015625,1214.3464685956994
K04,12,SYTO,10452.14453125,620.2255629141708
K04,13,CONC,4932.14990234375,136.53036393216783
K04,13,HOECHST,2714.8056640625,81.79631136469087
K04,13,MITO,70627.46875,4658.268458485196
K04,13,PHAandWGA,22881.68359375,1175.0386354106495
K04,13,SYTO,10357.26171875,591.858170024298
K04,14,CONC,4963.61474609375,130.95852921273365
K04,14,HOECHST,2744.491943359375,78.27042200602091
K04,14,MITO,70996.6875,4468.009076918353
K04,14,PHAandWGA,22830.6484375,1133.3583717691256
K04,14,SYTO,10309.833984375,564.0039811310581
K04,15,CONC,4983.5888671875,125.33948788934168
K04,15,HOECHST,2763.24560546875,74.83612950382029
K04,15,MITO,71428.671875,4256.640034715059
K04,15,PHAandWGA,22713.5,1086.9780452730413
K04,15,SYTO,10422.2421875,535.1395225082819
K05,0,CONC,10254.0498046875,67.78774872936721
K05,0,HOECHST,6530.79541015625,67.83100042587027
K05,0,MITO,107895.078125,1077.016663088514
K05,0,PHAandWGA,47374.3671875,499.32549073550797
K05,0,SYTO,34548.6015625,419.0086669477023
K05,1,CONC,10955.13671875,80.31659640892991
K05,1,HOECHST,6944.1494140625,79.32315846351631
K05,1,MITO,112708.734375,1213.9602752651845
K05,1,PHAandWGA,49777.875,565.3325666658468
K05,1,SYTO,36863.82421875,483.3474080391904
K05,2,CONC,11574.90234375,88.15106892500529
K05,2,HOECHST,7343.3583984375,87.39670658471383
K05,2,MITO,117759.3828125,1288.75630791375
K05,2,PHAandWGA,52566.703125,614.49603444632
K05,2,SYTO,39145.9140625,528.7562499945692
K05,3,CONC,12092.052734375,88.60893470193624
K05,3,HOECHST,7722.60986328125,90.50332095481022
K05,3,MITO,122137.8125,1279.0829044788275
K05,3,PHAandWGA,54302.234375,633.4134750643839
K05,3,SYTO,41474.0390625,544.3120557942224
K05,4,CONC,12505.7763671875,84.74786782325847
K05,4,HOECHST,8063.07470703125,90.71801632714624
K05,4,MITO,125434.328125,1231.3908473418016
K05,4,PHAandWGA,56456.75,630.7912146790402
K05,4,SYTO,44113.3984375,537.6429190734918
K05,5,CONC,12810.0927734375,78.99081033597759
K05,5,HOECHST,8347.9150390625,88.34237166089231
K05,5,MITO,129225.609375,1176.089053082913
K05,5,PHAandWGA,58714.828125,614.321170197566
K05,5,SYTO,46143.40234375,517.4042086507278
K05,6,CONC,13055.31640625,74.05705818234082
K05,6,HOECHST,8564.62109375,85.0765695639214
K05,6,MITO,132163.0,1123.3489085797885
K05,6,PHAandWGA,61421.1875,595.5676947052885
K05,6,SYTO,48009.19140625,494.59956359933386
K05,7,CONC,13395.126953125,69.78591270789914
K05,7,HOECHST,8800.521484375,81.24931558875574
K05,7,MITO,134418.65625,1066.72856659378
K05,7,PHAandWGA,63078.75,572.8170363192054
K05,7,SYTO,48810.3515625,471.5299311572535
K05,8,CONC,13506.013671875,65.99582445730522
K05,8,HOECHST,8913.794921875,77.33894399897402
K05,8,MITO,136776.25,1025.7304513882646
K05,8,PHAandWGA,64588.7578125,550.6222037517723
K05,8,SYTO,50409.0078125,447.07980806262356
K05,9,CONC,13632.5908203125,62.21926586880378
K05,9,HOECHST,9113.3779296875,73.89952290540668
K05,9,MITO,137821.125,976.6601670174957
K05,9,PHAandWGA,65551.125,523.7054750062011
K05,9,SYTO,51662.40625,421.9672907644972
K05,10,CONC,13780.0625,59.2378481360621
K05,10,HOECHST,9226.3671875,71.14010605075751
K05,10,MITO,140113.875,945.7408256857251
K05,10,PHAandWGA,66163.53125,503.8281419804791
K05,10,SYTO,52717.1328125,402.0922968087994
K05,11,CONC,13914.9453125,57.005495281974525
K05,11,HOECHST,9389.3759765625,68.86922416921279
K05,11,MITO,139897.09375,916.6137786965726
K05,11,PHAandWGA,66625.4375,486.02035239638764
K05,11,SYTO,53248.8828125,385.45308888464433
K05,12,CONC,14096.154296875,54.96883976161097
K05,12,HOECHST,9551.25390625,66.86272376732917
K05,12,MITO,138890.140625,880.5139383560921
K05,12,PHAandWGA,67644.765625,469.9851375442481
K05,12,SYTO,54026.90625,371.3384983264776
K05,13,CONC,14139.390625,52.93242087886397
K05,13,HOECHST,9619.7255859375,64.63994004512625
K05,13,MITO,141719.875,854.6950893423166
K05,13,PHAandWGA,69330.625,453.7531172889341
K05,13,SYTO,54699.4921875,355.6193130373727
K05,14,CONC,14304.408203125,51.06747816338163
K05,14,HOECHST,9760.0380859375,62.629209675828356
K05,14,MITO,141925.25,825.7238413503806
K05,14,PHAandWGA,69842.875,437.76645129701654
K05,14,SYTO,54486.40625,340.46008481649375
K05,15,CONC,14457.4189453125,49.39492020162998
K05,15,HOECHST,9911.294921875,60.7589582124089
K05,15,MITO,143870.125,798.4208882711273
K05,15,PHAandWGA,69744.34375,421.4679799492286
K05,15,SYTO,55156.2109375,326.48501826722423
K07,0,CONC,1676.927978515625,58.819029631783415
K07,0,HOECHST,1368.642333984375,50.70019486932843
K07,0,MITO,33324.25,3834.1782421772905
K07,0,PHAandWGA,7702.90625,758.6775887807569
K07,0,SYTO,3774.2001953125,382.85388326296976
K07,1,CONC,1847.274658203125,82.59329425458203
K07,1,HOECHST,1506.28515625,74.19297310686633
K07,1,MITO,34820.59375,4599.372253598285
K07,1,PHAandWGA,8927.619140625,992.8420944314147
K07,1,SYTO,4519.80517578125,528.7642128884502
K07,2,CONC,2021.49169921875,105.49789894761061
K07,2,HOECHST,1650.2265625,97.09485561868223
K07,2,MITO,37828.9765625,5349.751982896058
K07,2,PHAandWGA,9955.1748046875,1189.424149307489
K07,2,SYTO,5356.83203125,654.533347785225
K07,3,CONC,2195.0185546875,120.57984668323064
K07,3,HOECHST,1803.79150390625,111.76130924554083
K07,3,MITO,40030.8828125,5821.269872298455
K07,3,PHAandWGA,11103.1787109375,1307.6324404292423
K07,3,SYTO,5908.67236328125,721.8531980542249
K07,4,CONC,2293.865234375,127.10451503126603
K07,4,HOECHST,1890.739013671875,117.35507883875401
K07,4,MITO,41941.01953125,6105.146246053028
K07,4,PHAandWGA,12126.0380859375,1357.1681529155999
K07,4,SYTO,6037.9736328125,735.5804016777818
K07,5,CONC,2368.6630859375,128.99689645732164
K07,5,HOECHST,1943.386962890625,118.6742198797422
K07,5,MITO,43472.25,6272.010074240563
K07,5,PHAandWGA,12720.28515625,1366.893432749121
K07,5,SYTO,5963.806640625,729.4952058135448
K07,6,CONC,2372.81591796875,127.18020726104479
K07,6,HOECHST,1963.436279296875,116.19981462892032
K07,6,MITO,43923.69921875,6330.389684676169
K07,6,PHAandWGA,12948.4267578125,1351.5940856670281
K07,6,SYTO,5925.18359375,709.7028521425322
K07,7,CONC,2388.65673828125,123.69089441874931
K07,7,HOECHST,1960.857666015625,112.04792098601608
K07,7,MITO,44560.05859375,6333.880013501589
K07,7,PHAandWGA,12898.1328125,1325.9203816729678
K07,7,SYTO,5872.416015625,682.9221407472419
K07,8,CONC,2367.563720703125,119.64568567362969
K07,8,HOECHST,1948.356201171875,107.07618592668246
K07,8,MITO,44648.515625,6280.968239843819
K07,8,PHAandWGA,12917.9609375,1285.2949832623158
K07,8,SYTO,5760.04638671875,652.3192980681787
K07,9,CONC,2365.389404296875,114.78859859388629
K07,9,HOECHST,1937.5411376953125,101.05543535488239
K07,9,MITO,44776.015625,6133.294694652268
K07,9,PHAandWGA,13012.91796875,1240.6269905504148
K07,9,SYTO,5674.2392578125,619.8151942865682
K07,10,CONC,2345.404052734375,109.34888528616534
K07,10,HOECHST,1932.50830078125,94.89252018677769
K07,10,MITO,44695.56640625,5970.983150565068
K07,10,PHAandWGA,12763.5390625,1189.7344388858419
K07,10,SYTO,5634.546875,584.3282342569562
K07,11,CONC,2347.498046875,103.46542423119932
K07,11,HOECHST,1930.197021484375,88.51036415075538
K07,11,MITO,45129.08984375,5782.685331148554
K07,11,PHAandWGA,12510.5546875,1129.018558916124
K07,11,SYTO,5532.0185546875,547.9486191147537
K07,12,CONC,2331.16015625,97.62633516111867
K07,12,HOECHST,1926.130859375,82.60271398065196
K07,12,MITO,44850.4921875,5509.930209246634
K07,12,PHAandWGA,12358.0087890625,1066.80911380977
K07,12,SYTO,5492.5341796875,511.3725268782442
K07,13,CONC,2349.889892578125,91.96277532461083
K07,13,HOECHST,1922.7816162109375,76.67597612307742
K07,13,MITO,45342.73046875,5223.782313473929
K07,13,PHAandWGA,12097.083984375,998.521433548973
K07,13,SYTO,5525.2138671875,475.05132298283417
K07,14,CONC,2368.62255859375,86.45332531145634
K07,14,HOECHST,1936.5413818359375,71.71668357300308
K07,14,MITO,45305.0,4908.869334911998
K07,14,PHAandWGA,11953.671875,929.9269375189353
K07,14,SYTO,5492.3447265625,439.544319586684
K07,15,CONC,2368.785888671875,80.93686022065843
K07,15,HOECHST,1970.7000732421875,66.6134042777636
K07,15,MITO,45201.3359375,4571.282994780155
K07,15,PHAandWGA,11756.22265625,857.3413861889047
K07,15,SYTO,5486.3125,404.81189617191455
K08,0,CONC,2997.352294921875,65.87407788430362
K08,0,HOECHST,1865.8544921875,48.90925034123153
K08,0,MITO,56061.40234375,3340.128782671466
K08,0,PHAandWGA,14954.7021484375,778.719267312065
K08,0,SYTO,6924.6328125,399.92411479839234
K08,1,CONC,3206.63134765625,79.7022566741233
K08,1,HOECHST,1991.91943359375,59.011156004731575
K08,1,MITO,57621.66015625,3701.5589105891895
K08,1,PHAandWGA,16053.861328125,900.5755796327937
K08,1,SYTO,7578.70751953125,472.9605139334502
K08,2,CONC,3417.94482421875,93.13515345844857
K08,2,HOECHST,2128.626708984375,69.81072889063546
K08,2,MITO,60803.609375,4080.2089250590034
K08,2,PHAandWGA,17393.609375,1020.1043191787369
K08,2,SYTO,8452.576171875,545.8635735569666
K08,3,CONC,3591.409912109375,101.84696523653476
K08,3,HOECHST,2264.5859375,78.43715591257633
K08,3,MITO,63893.1171875,4357.205303493874
K08,3,PHAandWGA,18763.060546875,1109.6634136421071
K08,3,SYTO,9227.6982421875,597.7420524756977
K08,4,CONC,3743.3515625,105.77152323173617
K08,4,HOECHST,2371.1396484375,82.29093203696348
K08,4,MITO,65651.03125,4525.180205636458
K08,4,PHAandWGA,19880.7265625,1158.7175552126973
K08,4,SYTO,9502.361328125,612.558298247475
K08,5,CONC,3840.8671875,106.3853819423204
K08,5,HOECHST,2446.17626953125,82.93982916509809
K08,5,MITO,67499.0703125,4592.554225277585
K08,5,PHAandWGA,20502.76953125,1176.7078584911258
K08,5,SYTO,9631.5693359375,612.6202586272703
K08,6,CONC,3895.509033203125,104.83674337073434
K08,6,HOECHST,2495.3525390625,81.95969110009628
K08,6,MITO,69545.65625,4594.273941557389
K08,6,PHAandWGA,21531.8203125,1173.7499487214177
K08,6,SYTO,9698.462890625,601.0376342235977
K08,7,CONC,3933.54443359375,102.63401443141295
K08,7,HOECHST,2527.822265625,80.31246225255774
K08,7,MITO,70511.25,4567.389908122695
K08,7,PHAandWGA,22130.3984375,1158.48002723813
K08,7,SYTO,9751.0927734375,584.559709564282
K08,8,CONC,3986.0146484375,100.13021601607353
K08,8,HOECHST,2563.6025390625,78.02395527256117
K08,8,MITO,71407.7421875,4511.771794343769
K08,8,PHAandWGA,22451.05078125,1135.9893483884746
K08,8,SYTO,9784.3544921875,564.6760957745273
K08,9,CONC,4013.195556640625,96.94306038343693
K08,9,HOECHST,2573.19970703125,75.57873276029252
K08,9,MITO,71652.234375,4430.173866367233
K08,9,PHAandWGA,22816.123046875,1109.6124575271213
K08,9,SYTO,9785.55078125,545.256766102433
K08,10,CONC,4024.732177734375,93.86738841939065
K08,10,HOECHST,2592.89697265625,73.1235440657971
K08,10,MITO,71811.15625,4323.10147972692
K08,10,PHAandWGA,22932.650390625,1077.9820911644401
K08,10,SYTO,9797.701171875,525.5535689566585
K08,11,CONC,4053.576171875,90.40721576505096
K08,11,HOECHST,2616.240234375,70.50573141893724
K08,11,MITO,72941.6875,4179.241570568757
K08,11,PHAandWGA,22901.88671875,1045.2454502282326
K08,11,SYTO,9803.5205078125,503.7539352040544
K08,12,CONC,4118.6083984375,86.49818236055707
K08,12,HOECHST,2650.426025390625,67.73808064592309
K08,12,MITO,73972.4375,4038.233926524073
K08,12,PHAandWGA,23218.791015625,1009.150054941554
K08,12,SYTO,9878.5390625,478.82097043988597
K08,13,CONC,4135.40283203125,83.00036250314605
K08,13,HOECHST,2668.95751953125,65.13938849346611
K08,13,MITO,74437.8515625,3862.5652598927727
K08,13,PHAandWGA,23337.8828125,969.4603588291328
K08,13,SYTO,9964.849609375,456.2170900757275
K08,14,CONC,4175.0615234375,79.57078026025049
K08,14,HOECHST,2708.990234375,62.556502271689716
K08,14,MITO,75402.5234375,3694.968710616492
K08,14,PHAandWGA,23325.873046875,929.1826987367059
K08,14,SYTO,10052.638671875,433.9691609542461
K08,15,CONC,4246.75927734375,75.9352732014898
K08,15,HOECHST,2739.5048828125,59.79500535460213
K08,15,MITO,76133.3125,3509.8429353391853
K08,15,PHAandWGA,23255.509765625,885.1852588552576
K08,15,SYTO,10151.9033203125,410.2360249145826
K09,0,CONC,7443.83251953125,53.09996852679684
K09,0,HOECHST,6842.5283203125,80.40496756969402
K09,0,MITO,100759.296875,785.2367157329028
K09,0,PHAandWGA,47287.2734375,529.6817472369297
K09,0,SYTO,35785.01953125,469.9244185193715
K09,1,CONC,8001.55712890625,65.33311033462121
K09,1,HOECHST,7284.439453125,95.91401498519012
K09,1,MITO,103417.7734375,894.8929773362835
K09,1,PHAandWGA,48954.4375,609.9000122003359
K09,1,SYTO,38314.0,563.4012466734672
K09,2,CONC,8615.486328125,80.10895006027684
K09,2,HOECHST,7854.93896484375,114.84730093374985
K09,2,MITO,107067.203125,990.5351937230428
K09,2,PHAandWGA,52136.25,707.6007720340699
K09,2,SYTO,41285.578125,673.7609293719194
K09,3,CONC,9177.3876953125,89.06052714029055
K09,3,HOECHST,8484.798828125,129.20512802663103
K09,3,MITO,112377.546875,1050.5331539933638
K09,3,PHAandWGA,55625.86328125,767.1485162733455
K09,3,SYTO,44096.3515625,737.8981220328567
K09,4,CONC,9728.109375,89.99198061397041
K09,4,HOECHST,8977.6923828125,134.31681948743193
K09,4,MITO,118383.5234375,1070.8884861483207
K09,4,PHAandWGA,58077.1484375,780.4076011460237
K09,4,SYTO,47299.65625,745.0540293061828
K09,5,CONC,10186.67578125,86.38904700441077
K09,5,HOECHST,9485.6103515625,133.64433404802284
K09,5,MITO,123563.28125,1065.1383254025968
K09,5,PHAandWGA,61087.90234375,763.6145683715973
K09,5,SYTO,49518.5703125,719.5353971997575
K09,6,CONC,10487.36328125,80.50550467921134
K09,6,HOECHST,9790.7109375,127.1833701228699
K09,6,MITO,126613.953125,1040.6774740321662
K09,6,PHAandWGA,63559.14453125,725.0481659082648
K09,6,SYTO,52487.17578125,668.788485531719
K09,7,CONC,10765.939453125,73.64199355722371
K09,7,HOECHST,10136.796875,117.92965200905121
K09,7,MITO,129890.1171875,995.6285364181583
K09,7,PHAandWGA,66929.8203125,678.3689194620978
K09,7,SYTO,54036.171875,608.0414122156749
K09,8,CONC,10969.4609375,67.3423340204098
K09,8,HOECHST,10368.8408203125,109.54051569547426
K09,8,MITO,134499.125,955.2191871637664
K09,8,PHAandWGA,68557.609375,633.8454844625101
K09,8,SYTO,56748.8046875,552.8165130938845
K09,9,CONC,11124.7109375,60.89935499395804
K09,9,HOECHST,10656.099609375,102.00677710913878
K09,9,MITO,137703.921875,900.8964949944439
K09,9,PHAandWGA,70193.640625,589.6803834417944
K09,9,SYTO,57396.2421875,501.27514281369355
K09,10,CONC,11249.76171875,55.4927689724567
K09,10,HOECHST,10876.24609375,95.69599408013914
K09,10,MITO,140184.640625,858.7066068833565
K09,10,PHAandWGA,71101.5703125,553.0329972310531
K09,10,SYTO,59638.265625,459.3315708325429
K09,11,CONC,11316.271484375,51.09350880963223
K09,11,HOECHST,10962.611328125,89.43954862930462
K09,11,MITO,141259.03125,819.77329531928
K09,11,PHAandWGA,72073.9140625,520.6085734180823
K09,11,SYTO,60110.03515625,423.23215437295613
K09,12,CONC,11309.828125,47.54843855399287
K09,12,HOECHST,11056.6845703125,84.35132792622979
K09,12,MITO,142944.34375,785.7905910526142
K09,12,PHAandWGA,73766.625,494.48098914853625
K09,12,SYTO,60743.46484375,394.6873624568686
K09,13,CONC,11370.783203125,44.402294143943884
K09,13,HOECHST,11184.009765625,80.18306798726178
K09,13,MITO,145153.875,762.8191058634364
K09,13,PHAandWGA,73675.40625,471.9345673783509
K09,13,SYTO,60903.80078125,371.46189010021607
K09,14,CONC,11432.5595703125,41.93652411743011
K09,14,HOECHST,11297.5107421875,76.91488186612239
K09,14,MITO,146469.9375,734.8618458733671
K09,14,PHAandWGA,74632.6171875,452.43235442945894
K09,14,SYTO,61340.31640625,350.6541464954384
K09,15,CONC,11462.470703125,39.86946739888617
K09,15,HOECHST,11400.1650390625,73.84108613116483
K09,15,MITO,148976.90625,712.297114579082
K09,15,PHAandWGA,74682.8046875,435.4633620842777
K09,15,SYTO,61935.51171875,333.6561739872292
K10,0,CONC,9743.083984375,79.37335887309798
K10,0,HOECHST,6920.50439453125,84.77917427422854
K10,0,MITO,112334.703125,1269.5028883545403
K10,0,PHAandWGA,50358.515625,594.20065723453
K10,0,SYTO,37021.9296875,503.6882420035432
K10,1,CONC,10579.296875,102.36086477099941
K10,1,HOECHST,7452.10498046875,108.45628709971948
K10,1,MITO,117935.5234375,1502.3871441608014
K10,1,PHAandWGA,53100.17578125,705.9475428146282
K10,1,SYTO,39242.75,618.6821446543919
K10,2,CONC,11408.3359375,118.86586783312354
K10,2,HOECHST,7985.60791015625,123.12363969951593
K10,2,MITO,125045.3515625,1639.7697030189368
K10,2,PHAandWGA,56252.01953125,810.8332186513044
K10,2,SYTO,42399.18359375,708.0295902692591
K10,3,CONC,12073.318359375,123.7730149745293
K10,3,HOECHST,8471.091796875,133.7253929286661
K10,3,MITO,129846.0234375,1678.64602771875
K10,3,PHAandWGA,59449.58203125,864.0181267201376
K10,3,SYTO,45007.421875,755.0047757066105
K10,4,CONC,12691.333984375,123.49584896402618
K10,4,HOECHST,8976.6865234375,134.97455703703804
K10,4,MITO,134194.640625,1659.1133969359107
K10,4,PHAandWGA,62023.078125,886.1364197284659
K10,4,SYTO,48317.5859375,762.1169777200092
K10,5,CONC,13247.1923828125,118.74604969873226
K10,5,HOECHST,9411.21484375,130.91491178679237
K10,5,MITO,140293.015625,1545.5071378273376
K10,5,PHAandWGA,65257.1171875,871.217636433555
K10,5,SYTO,50554.171875,736.1348164493891
K10,6,CONC,13701.869140625,109.24649647930246
K10,6,HOECHST,9760.181640625,122.20749439245809
K10,6,MITO,143604.734375,1432.6895520073142
K10,6,PHAandWGA,67010.375,827.7383505295426
K10,6,SYTO,53663.28125,684.764538226765
K10,7,CONC,13997.044921875,98.74023846205104
K10,7,HOECHST,10030.923828125,112.44717208797128
K10,7,MITO,147102.1875,1326.0929876156365
K10,7,PHAandWGA,69464.03125,777.5931565198092
K10,7,SYTO,55427.6953125,625.8533529756837
K10,8,CONC,14139.125,87.34916317540497
K10,8,HOECHST,10278.19921875,103.4482313870327
K10,8,MITO,150337.875,1203.6866523202552
K10,8,PHAandWGA,71599.0,718.403553601018
K10,8,SYTO,57127.4765625,566.4179975809212
K10,9,CONC,14260.28515625,75.79530388380795
K10,9,HOECHST,10389.0341796875,93.68020320827934
K10,9,MITO,151811.484375,1076.9296109480738
K10,9,PHAandWGA,72687.734375,656.4995462729252
K10,9,SYTO,58582.51953125,503.4740228678516
K10,10,CONC,14277.845703125,66.48824525388665
K10,10,HOECHST,10567.12890625,84.28127388446576
K10,10,MITO,153342.9375,980.4440287637742
K10,10,PHAandWGA,73784.359375,598.6925255732757
K10,10,SYTO,58619.453125,446.3532766068466
K10,11,CONC,14305.4189453125,59.96843256109381
K10,11,HOECHST,10636.7265625,77.28844028050979
K10,11,MITO,153169.28125,905.9852539696733
K10,11,PHAandWGA,74683.2890625,552.592371384044
K10,11,SYTO,60183.09375,404.1253589574446
K10,12,CONC,14368.6884765625,54.725222778986684
K10,12,HOECHST,10688.978515625,71.38438985171373
K10,12,MITO,155374.59375,840.1613859432608
K10,12,PHAandWGA,76402.625,516.2820169265526
K10,12,SYTO,60186.84375,370.90714308272084
K10,13,CONC,14355.2744140625,50.142629396310035
K10,13,HOECHST,10829.29296875,66.65290439522587
K10,13,MITO,155194.40625,786.2658988158954
K10,13,PHAandWGA,77142.0,485.68092838763755
K10,13,SYTO,61108.44140625,342.17805444423146
K10,14,CONC,14360.6953125,46.18321407499553
K10,14,HOECHST,10935.453125,62.73971790929654
K10,14,MITO,156493.0625,740.7280707347306
K10,14,PHAandWGA,76412.671875,460.2195078058224
K10,14,SYTO,60616.8515625,318.80150579286425
K10,15,CONC,14444.3134765625,43.142239279748594
K10,15,HOECHST,11027.361328125,59.522203438441785
K10,15,MITO,158206.90625,698.0747796580142
K10,15,PHAandWGA,77723.9296875,437.13642087731597
K10,15,SYTO,61812.12890625,298.19091765735004
K11,0,CONC,2353.9248046875,65.53777451349394
K11,0,HOECHST,1647.552978515625,45.736344260125975
K11,0,MITO,47677.8515625,3636.9595470961285
K11,0,PHAandWGA,12011.845703125,818.3820004933668
K11,0,SYTO,6170.625,450.30366696183023
K11,1,CONC,2506.18505859375,76.41487205170928
K11,1,HOECHST,1754.886962890625,55.579936428133216
K11,1,MITO,48744.4296875,3907.0133627584732
K11,1,PHAandWGA,12825.1494140625,929.5613605195248
K11,1,SYTO,6762.9677734375,521.6045251331087
K11,2,CONC,2643.2666015625,85.56435601750111
K11,2,HOECHST,1856.9522705078125,62.692288271408195
K11,2,MITO,50920.73828125,4183.060137533738
K11,2,PHAandWGA,13988.45703125,1021.1698846345236
K11,2,SYTO,7385.4755859375,573.344713973493
K11,3,CONC,2775.64794921875,91.68427724231722
K11,3,HOECHST,1952.237548828125,67.18510992566353
K11,3,MITO,52802.5390625,4337.426988636629
K11,3,PHAandWGA,15100.0087890625,1071.4178599034135
K11,3,SYTO,7695.98486328125,599.4454952056066
K11,4,CONC,2875.941162109375,94.36618629437983
K11,4,HOECHST,2020.4527587890625,69.45347074446184
K11,4,MITO,54257.109375,4425.31163762167
K11,4,PHAandWGA,15745.39453125,1099.4320910570154
K11,4,SYTO,7975.30224609375,610.0915544839324
K11,5,CONC,2932.532470703125,94.0168878525035
K11,5,HOECHST,2066.18115234375,69.1984241878182
K11,5,MITO,55724.5390625,4448.975229456885
K11,5,PHAandWGA,16496.625,1098.0658093550762
K11,5,SYTO,8067.96875,601.9080149987395
K11,6,CONC,2966.38134765625,92.53453369674669
K11,6,HOECHST,2094.025390625,68.48941224312773
K11,6,MITO,56752.109375,4404.440458029877
K11,6,PHAandWGA,16687.068359375,1083.6966817528607
K11,6,SYTO,8187.31640625,588.1663010387759
K11,7,CONC,3026.49169921875,90.46342790195534
K11,7,HOECHST,2134.67724609375,66.97752331786012
K11,7,MITO,56915.9921875,4342.90797957068
K11,7,PHAandWGA,17257.15234375,1063.3008412747026
K11,7,SYTO,8150.24267578125,569.1404600775979
K11,8,CONC,3040.688232421875,88.04316102714469
K11,8,HOECHST,2149.587158203125,64.72821444093194
K11,8,MITO,57754.89453125,4261.877822097431
K11,8,PHAandWGA,17052.41015625,1034.297359220803
K11,8,SYTO,8182.28173828125,548.6437005531639
K11,9,CONC,3058.555419921875,85.50691302786511
K11,9,HOECHST,2173.453857421875,62.4842652441244
K11,9,MITO,58181.47265625,4172.345155586316
K11,9,PHAandWGA,17279.38671875,1003.1508814236163
K11,9,SYTO,8180.8173828125,527.1874131722691
K11,10,CONC,3092.71484375,83.13225014849044
K11,10,HOECHST,2179.77197265625,60.619099045836094
K11,10,MITO,59027.484375,4088.985599912623
K11,10,PHAandWGA,17190.833984375,970.912226075378
K11,10,SYTO,8214.990234375,505.79396629972274
K11,11,CONC,3107.9130859375,80.64463351758731
K11,11,HOECHST,2212.64404296875,58.53927305326413
K11,11,MITO,59246.921875,3969.120680570711
K11,11,PHAandWGA,17283.921875,936.0766124717512
K11,11,SYTO,8256.5107421875,484.9582773759201
K11,12,CONC,3151.5615234375,77.6518492165267
K11,12,HOECHST,2231.696533203125,55.92592033256422
K11,12,MITO,59835.55078125,3830.6749928876548
K11,12,PHAandWGA,17240.97265625,901.5405826593527
K11,12,SYTO,8268.5048828125,461.64414342192816
K11,13,CONC,3193.43310546875,74.65313764419014
K11,13,HOECHST,2268.7861328125,53.57074640047477
K11,13,MITO,60551.4765625,3677.92692758945
K11,13,PHAandWGA,17141.888671875,860.0674538994133
K11,13,SYTO,8322.23046875,437.11008925364797
K11,14,CONC,3215.03076171875,71.55820138390084
K11,14,HOECHST,2273.94140625,51.068626928508195
K11,14,MITO,61437.578125,3509.8877503934364
K11,14,PHAandWGA,17116.248046875,817.4770759323512
K11,14,SYTO,8452.091796875,413.0605115081918
K11,15,CONC,3261.90673828125,68.26209063319439
K11,15,HOECHST,2308.44384765625,48.546500692741276
K11,15,MITO,61874.50390625,3319.300727474341
K11,15,PHAandWGA,17134.95703125,770.8941585092562
K11,15,SYTO,8471.599609375,387.91645208110685
K12,0,CONC,8166.71630859375,95.08767219286176
K12,0,HOECHST,6578.001953125,118.48281623019945
K12,0,MITO,111210.765625,1999.684591337909
K12,0,PHAandWGA,42733.49609375,726.9785657709579
K12,0,SYTO,29473.978515625,578.3215481265258
K12,1,CONC,9258.2998046875,134.59941453622758
K12,1,HOECHST,7398.087890625,162.3689644774082
K12,1,MITO,121002.4921875,2494.8014361249716
K12,1,PHAandWGA,46876.75,933.7045840983761
K12,1,SYTO,33448.484375,775.7078244440397
K12,2,CONC,10054.3671875,149.2571502037599
K12,2,HOECHST,8067.0048828125,182.03145135921875
K12,2,MITO,129394.5703125,2653.892758231664
K12,2,PHAandWGA,50313.4296875,1043.1529898021597
K12,2,SYTO,36773.75,884.5342453376549
K12,3,CONC,10604.74609375,148.9488177592906
K12,3,HOECHST,8459.09375,184.74494853775042
K12,3,MITO,133869.46875,2599.5169631765057
K12,3,PHAandWGA,53292.50390625,1080.0132487956753
K12,3,SYTO,39936.265625,896.0201266170847
K12,4,CONC,11016.2705078125,141.40391580471427
K12,4,HOECHST,8998.3662109375,180.92459205933758
K12,4,MITO,139074.5,2447.6577733010968
K12,4,PHAandWGA,55307.86328125,1068.6061159355538
K12,4,SYTO,42197.71875,875.8298687885718
K12,5,CONC,11140.15234375,127.42228073480771
K12,5,HOECHST,9331.759765625,174.03790241113478
K12,5,MITO,142955.1875,2280.1612605116648
K12,5,PHAandWGA,58752.546875,1028.0835159584774
K12,5,SYTO,45157.0390625,831.113942074098
K12,6,CONC,11362.7138671875,116.24408719183306
K12,6,HOECHST,9622.158203125,162.4692006169978
K12,6,MITO,145759.96875,2114.183851323656
K12,6,PHAandWGA,59912.796875,973.8607434178496
K12,6,SYTO,47085.7578125,767.7840417754679
K12,7,CONC,11485.7724609375,105.84242696768986
K12,7,HOECHST,9848.796875,151.1981702099555
K12,7,MITO,147317.125,1957.865374425802
K12,7,PHAandWGA,61760.46875,916.6251018694489
K12,7,SYTO,48870.8515625,707.6970817845064
K12,8,CONC,11515.0361328125,96.20600093886176
K12,8,HOECHST,9987.154296875,139.31924206131364
K12,8,MITO,150405.84375,1829.3616823034097
K12,8,PHAandWGA,63453.25390625,857.2634977178642
K12,8,SYTO,49625.4140625,647.7202075819243
K12,9,CONC,11513.97265625,87.67555817831837
K12,9,HOECHST,10115.2646484375,128.85088307308436
K12,9,MITO,151533.65625,1707.9163365066681
K12,9,PHAandWGA,64486.41796875,801.4314206156976
K12,9,SYTO,50483.5546875,594.0262359597423
K12,10,CONC,11514.009765625,80.54083934418647
K12,10,HOECHST,10082.2109375,118.2762385886779
K12,10,MITO,151484.0,1605.2603087709304
K12,10,PHAandWGA,65278.3203125,757.2062618423744
K12,10,SYTO,51706.25,548.3489930747804
K12,11,CONC,11463.765625,73.98878078319493
K12,11,HOECHST,10133.1767578125,110.34669340202979
K12,11,MITO,152148.75,1508.0040534148773
K12,11,PHAandWGA,65813.5625,715.4700730066921
K12,11,SYTO,52335.6640625,508.5478184919892
K12,12,CONC,11437.359375,69.38520766195902
K12,12,HOECHST,10111.3125,103.15349993052861
K12,12,MITO,152248.625,1433.8968157187091
K12,12,PHAandWGA,67178.328125,683.8072891159392
K12,12,SYTO,51479.4375,478.2960518306822
K12,13,CONC,11441.44140625,65.02892309078058
K12,13,HOECHST,10186.076171875,97.17916226054771
K12,13,MITO,152604.40625,1364.6165066853844
K12,13,PHAandWGA,67326.5625,652.9025617892905
K12,13,SYTO,52134.984375,449.5555699956697
K12,14,CONC,11428.306640625,60.777249696205665
K12,14,HOECHST,10221.8203125,91.7209028441496
K12,14,MITO,154095.71875,1304.0113838682078
K12,14,PHAandWGA,67235.609375,627.9271689972568
K12,14,SYTO,52451.859375,424.99161772525673
K12,15,CONC,11486.3828125,57.639127097835484
K12,15,HOECHST,10322.259765625,87.75546835501201
K12,15,MITO,155100.84375,1250.0555392266408
K12,15,PHAandWGA,67495.25,606.1780972457979
K12,15,SYTO,51961.2265625,406.1743090354367
K13,0,CONC,2900.265625,98.70353108462189
K13,0,HOECHST,2715.44287109375,147.3911519490617
K13,0,MITO,48744.7421875,3981.5464750538176
K13,0,PHAandWGA,14778.48046875,1100.7600144501355
K13,0,SYTO,8114.1083984375,639.8328483725571
K13,1,CONC,3160.47412109375,123.90511928486319
K13,1,HOECHST,2970.60546875,191.44216193849098
K13,1,MITO,51353.78125,4559.293075309257
K13,1,PHAandWGA,16332.73046875,1323.9992927046121
K13,1,SYTO,9874.1123046875,807.4108135134682
K13,2,CONC,3367.06787109375,141.94282761551273
K13,2,HOECHST,3258.576904296875,220.74864866795545
K13,2,MITO,54674.125,5019.653717328235
K13,2,PHAandWGA,17807.455078125,1500.0745330158065
K13,2,SYTO,11272.0,923.2201701410037
K13,3,CONC,3542.13916015625,154.1425261096655
K13,3,HOECHST,3471.15185546875,239.10952119585804
K13,3,MITO,56796.125,5338.499514714189
K13,3,PHAandWGA,19179.107421875,1632.1128829910479
K13,3,SYTO,12645.142578125,987.9269848145863
K13,4,CONC,3672.63623046875,161.35468708791248
K13,4,HOECHST,3604.150634765625,245.17757758416553
K13,4,MITO,58927.046875,5557.320533937474
K13,4,PHAandWGA,20460.6875,1727.8816093282453
K13,4,SYTO,13631.916015625,1014.9413549876301
K13,5,CONC,3784.585693359375,164.1639695368684
K13,5,HOECHST,3719.1220703125,244.6666706817459
K13,5,MITO,60674.0234375,5680.890743100704
K13,5,PHAandWGA,21365.84765625,1776.1815355264516
K13,5,SYTO,14364.5751953125,1010.2380647579984
K13,6,CONC,3853.57861328125,164.40125139687072
K13,6,HOECHST,3770.19189453125,242.3590465670798
K13,6,MITO,62160.69921875,5778.226797922123
K13,6,PHAandWGA,21720.025390625,1780.301720796234
K13,6,SYTO,14543.134765625,996.2316941546566
K13,7,CONC,3906.326171875,163.5029053275412
K13,7,HOECHST,3810.33203125,237.73265298621993
K13,7,MITO,62947.43359375,5837.961042693728
K13,7,PHAandWGA,22362.55859375,1760.0693520557722
K13,7,SYTO,14526.376953125,966.8028174483126
K13,8,CONC,3933.373046875,161.1861334983976
K13,8,HOECHST,3834.97998046875,231.35367978239861
K13,8,MITO,63789.1640625,5802.950121063816
K13,8,PHAandWGA,22440.12109375,1725.9960950075383
K13,8,SYTO,14237.404296875,934.4049895427271
K13,9,CONC,3991.99169921875,157.9432006963601
K13,9,HOECHST,3827.0244140625,223.35604830955694
K13,9,MITO,64344.2265625,5738.583676502473
K13,9,PHAandWGA,22943.40625,1691.4852611011445
K13,9,SYTO,13884.728515625,898.0912416313026
K13,10,CONC,3990.18994140625,153.12337584083087
K13,10,HOECHST,3835.141357421875,214.37934544795885
K13,10,MITO,65589.015625,5629.005536231683
K13,10,PHAandWGA,22672.140625,1651.2874029256905
K13,10,SYTO,13391.984375,859.4050500918961
K13,11,CONC,4024.2802734375,147.72268948400054
K13,11,HOECHST,3860.8369140625,205.34956464940646
K13,11,MITO,65659.5078125,5516.877450565405
K13,11,PHAandWGA,23215.94921875,1606.944734238342
K13,11,SYTO,12940.66796875,819.9895705328815
K13,12,CONC,4049.173095703125,141.90133675621547
K13,12,HOECHST,3886.833984375,196.2653530466503
K13,12,MITO,65977.484375,5351.630534767782
K13,12,PHAandWGA,23139.1640625,1540.88314805668
K13,12,SYTO,12564.9287109375,779.5286823619393
K13,13,CONC,4075.120849609375,136.32407328328384
K13,13,HOECHST,3917.27001953125,186.79387665187136
K13,13,MITO,67295.34375,5188.060878115148
K13,13,PHAandWGA,22977.3125,1477.4181013388418
K13,13,SYTO,12352.958984375,739.5680537165262
K13,14,CONC,4114.4658203125,130.391514512938
K13,14,HOECHST,3951.893798828125,176.77428703836446
K13,14,MITO,67411.3203125,4975.506251819444
K13,14,PHAandWGA,23023.615234375,1416.9300996991133
K13,14,SYTO,12153.689453125,697.7091234381371
K13,15,CONC,4144.134765625,124.11201854938929
K13,15,HOECHST,4011.42919921875,166.23592357490887
K13,15,MITO,67800.046875,4723.459975070155
K13,15,PHAandWGA,23094.984375,1342.09778522212
K13,15,SYTO,12005.2890625,653.445403575495
K14,0,CONC,4967.51220703125,64.87956049499726
K14,0,HOECHST,3934.6611328125,92.07882599043732
K14,0,MITO,77357.5234375,2265.8390607028423
K14,0,PHAandWGA,26233.72265625,768.6786794385318
K14,0,SYTO,14710.44921875,471.5524147187059
K14,1,CONC,5400.056640625,89.80676920583615
K14,1,HOECHST,4288.30126953125,125.69617552434026
K14,1,MITO,80923.125,2766.310255510271
K14,1,PHAandWGA,27776.91015625,935.0742586042087
K14,1,SYTO,17134.05859375,630.1050543865719
K14,2,CONC,5905.6044921875,116.60373811486168
K14,2,HOECHST,4743.8291015625,161.4160248169601
K14,2,MITO,87030.7578125,3252.799799621584
K14,2,PHAandWGA,30508.28125,1149.5840526810186
K14,2,SYTO,19862.8125,809.105209757457
K14,3,CONC,6388.90380859375,134.61517556541395
K14,3,HOECHST,5119.111328125,184.87856126969717
K14,3,MITO,92935.546875,3550.7690573864297
K14,3,PHAandWGA,32767.42578125,1323.1663210388967
K14,3,SYTO,22336.7265625,929.9147900418072
K14,4,CONC,6778.455078125,143.7162118083986
K14,4,HOECHST,5578.84375,204.36022564512425
K14,4,MITO,97922.1015625,3704.3451721002475
K14,4,PHAandWGA,35395.515625,1412.3968227409516
K14,4,SYTO,24916.775390625,988.0864951543626
K14,5,CONC,7089.8662109375,145.44835879163944
K14,5,HOECHST,5879.779296875,211.1731196709734
K14,5,MITO,102133.203125,3719.4664950415063
K14,5,PHAandWGA,37528.625,1447.6315446690212
K14,5,SYTO,26845.8125,995.5198008521038
K14,6,CONC,7300.2802734375,142.38064441578157
K14,6,HOECHST,6113.9814453125,206.44878028618595
K14,6,MITO,105836.5234375,3679.53417901089
K14,6,PHAandWGA,39350.7734375,1448.7795098834838
K14,6,SYTO,28577.0703125,968.842167038854
K14,7,CONC,7483.30029296875,138.21354796727562
K14,7,HOECHST,6320.57958984375,200.1179609711568
K14,7,MITO,107694.734375,3593.7338177663105
K14,7,PHAandWGA,41595.8828125,1440.2621123404263
K14,7,SYTO,29717.42578125,934.5622900805298
K14,8,CONC,7566.36376953125,133.57147245961994
K14,8,HOECHST,6388.640625,192.14095617872476
K14,8,MITO,109981.15625,3514.7430434829075
K14,8,PHAandWGA,42819.6171875,1425.6515849451512
K14,8,SYTO,31074.47265625,900.7039031515807
K14,9,CONC,7603.43359375,128.4090294181313
K14,9,HOECHST,6507.015625,186.24287364698228
K14,9,MITO,111106.65625,3437.1110123219546
K14,9,PHAandWGA,43591.953125,1389.2171861689392
K14,9,SYTO,31573.39453125,861.7332843300496
K14,10,CONC,7701.724609375,123.61528593868154
K14,10,HOECHST,6591.5947265625,179.82270590531638
K14,10,MITO,112827.015625,3360.2359413047147
K14,10,PHAandWGA,44384.16796875,1345.6041396095773
K14,10,SYTO,31657.94140625,823.0016129504653
K14,11,CONC,7729.43115234375,119.1361271720458
K14,11,HOECHST,6721.59375,173.06528146876738
K14,11,MITO,114408.828125,3297.0242011007326
K14,11,PHAandWGA,45475.11328125,1309.506434546868
K14,11,SYTO,31793.51171875,787.3821353619167
K14,12,CONC,7762.263671875,114.66071268345948
K14,12,HOECHST,6735.357421875,165.67915786618389
K14,12,MITO,115566.796875,3225.7703652801606
K14,12,PHAandWGA,45902.49609375,1273.5168798666307
K14,12,SYTO,32221.7578125,755.2035883782953
K14,13,CONC,7786.88671875,110.04804568381124
K14,13,HOECHST,6786.0087890625,159.4042331901286
K14,13,MITO,116004.1328125,3138.3770714320603
K14,13,PHAandWGA,45450.609375,1232.0579012748549
K14,13,SYTO,31870.9375,718.7271908413405
K14,14,CONC,7793.05029296875,105.46496635624338
K14,14,HOECHST,6832.751953125,152.66269117531246
K14,14,MITO,117168.53125,3051.408950951349
K14,14,PHAandWGA,46395.3203125,1194.0712984360864
K14,14,SYTO,31952.00390625,685.6555176458614
K14,15,CONC,7850.58740234375,101.18914439987819
K14,15,HOECHST,6889.8662109375,146.4174159052337
K14,15,MITO,118776.34375,2955.7200607345176
K14,15,PHAandWGA,46014.32421875,1158.6549617087092
K14,15,SYTO,31779.86328125,654.7086234466611
K15,0,CONC,2124.83203125,108.02764668142287
K15,0,HOECHST,1267.5169677734375,56.887872975275734
K15,0,MITO,32435.453125,5285.33816292336
K15,0,PHAandWGA,7880.140625,858.6111803834008
K15,0,SYTO,3158.61669921875,342.74638273701305
K15,1,CONC,2315.7568359375,141.83050032026173
K15,1,HOECHST,1384.624755859375,80.02836734463797
K15,1,MITO,35196.5859375,6215.857128261425
K15,1,PHAandWGA,8771.390625,1092.4249674636387
K15,1,SYTO,3595.0263671875,448.8133530736304
K15,2,CONC,2468.114501953125,163.96039743464956
K15,2,HOECHST,1510.6265869140625,96.313362743437
K15,2,MITO,37314.4609375,6835.280761651048
K15,2,PHAandWGA,9588.4462890625,1277.3014113239717
K15,2,SYTO,3962.668212890625,527.1823122005375
K15,3,CONC,2558.06005859375,174.01626492081266
K15,3,HOECHST,1575.5712890625,102.5715602104852
K15,3,MITO,39144.46875,7103.731143936734
K15,3,PHAandWGA,10374.205078125,1394.0909932094173
K15,3,SYTO,4200.216796875,563.2853871543715
K15,4,CONC,2640.591796875,177.75970154152435
K15,4,HOECHST,1633.686767578125,104.55300613661598
K15,4,MITO,39495.703125,7183.0402177297665
K15,4,PHAandWGA,10870.4521484375,1447.367473447254
K15,4,SYTO,4354.82568359375,578.5198510543509
K15,5,CONC,2706.1083984375,181.51741537004196
K15,5,HOECHST,1653.812744140625,104.59961803280673
K15,5,MITO,40248.6953125,7187.988475596884
K15,5,PHAandWGA,11275.8125,1460.8954701816008
K15,5,SYTO,4437.72900390625,579.7670255735937
K15,6,CONC,2762.986328125,182.8144561743592
K15,6,HOECHST,1659.418212890625,99.44363130083121
K15,6,MITO,40555.609375,7139.828493865045
K15,6,PHAandWGA,11645.791015625,1468.3580012376497
K15,6,SYTO,4487.0751953125,566.0967042718663
K15,7,CONC,2763.4677734375,178.1805163517007
K15,7,HOECHST,1642.553466796875,93.00502583266247
K15,7,MITO,41113.4921875,7019.492732065524
K15,7,PHAandWGA,11688.974609375,1434.1893870639653
K15,7,SYTO,4446.9130859375,541.2847329288223
K15,8,CONC,2741.1005859375,170.7756406813401
K15,8,HOECHST,1635.31591796875,87.1882317503092
K15,8,MITO,40977.03125,6874.514409983686
K15,8,PHAandWGA,11812.8857421875,1384.2872658216422
K15,8,SYTO,4380.59228515625,515.6426980698366
K15,9,CONC,2744.53515625,161.36054517648734
K15,9,HOECHST,1621.079833984375,80.58065139324036
K15,9,MITO,40431.8671875,6566.905280139745
K15,9,PHAandWGA,11384.693359375,1312.1076540892684
K15,9,SYTO,4334.02099609375,484.28458260465015
K15,10,CONC,2736.779296875,152.27174529714387
K15,10,HOECHST,1613.252197265625,74.76481454490336
K15,10,MITO,40951.578125,6323.380507716178
K15,10,PHAandWGA,11424.705078125,1232.607850232391
K15,10,SYTO,4277.17626953125,451.4409341906039
K15,11,CONC,2739.192626953125,143.34235923415304
K15,11,HOECHST,1620.135498046875,69.4658319917117
K15,11,MITO,40748.62890625,5966.919603506469
K15,11,PHAandWGA,11334.673828125,1153.5276674403308
K15,11,SYTO,4244.3818359375,419.846301346867
K15,12,CONC,2766.43798828125,135.2190617922394
K15,12,HOECHST,1620.4901123046875,64.54542318468157
K15,12,MITO,41264.9921875,5606.86629165211
K15,12,PHAandWGA,11118.08984375,1078.857084514708
K15,12,SYTO,4233.767578125,390.6443850523378
K15,13,CONC,2794.086669921875,126.70998476210625
K15,13,HOECHST,1638.041015625,59.5486960232914
K15,13,MITO,41578.4609375,5213.946871649445
K15,13,PHAandWGA,11052.029296875,996.6267650157247
K15,13,SYTO,4239.8681640625,361.08474501315186
K15,14,CONC,2838.803955078125,117.89932812694565
K15,14,HOECHST,1652.1416015625,54.71395843078532
K15,14,MITO,41717.296875,4776.0485784241355
K15,14,PHAandWGA,10955.525390625,911.2361731232688
K15,14,SYTO,4323.21484375,329.4784194861873
K15,15,CONC,2864.34765625,109.58186436953311
K15,15,HOECHST,1687.0576171875,50.51805367587678
K15,15,MITO,42404.4375,4282.583241348738
K15,15,PHAandWGA,10965.119140625,822.1854194607519
K15,15,SYTO,4344.38525390625,300.6304191999328
K16,0,CONC,1888.171142578125,90.3780319217821
K16,0,HOECHST,1731.276611328125,110.64652595684495
K16,0,MITO,31925.62890625,4661.942186444458
K16,0,PHAandWGA,6519.0771484375,700.4071540376924
K16,0,SYTO,3310.8251953125,373.3404874491541
K16,1,CONC,2171.758056640625,138.9674715705688
K16,1,HOECHST,2069.89599609375,189.62159471636818
K16,1,MITO,34569.15234375,5996.014738209903
K16,1,PHAandWGA,7744.4580078125,1000.1862890406512
K16,1,SYTO,4232.50048828125,572.2332665195152
K16,2,CONC,2387.8203125,170.91029435700804
K16,2,HOECHST,2344.57373046875,244.2548548583057
K16,2,MITO,37937.90234375,6810.914340013085
K16,2,PHAandWGA,9144.9755859375,1210.9823765787478
K16,2,SYTO,5234.72509765625,709.8713392156823
K16,3,CONC,2592.5185546875,190.20878463885597
K16,3,HOECHST,2530.82861328125,269.0438372715871
K16,3,MITO,40532.21875,7202.62052825853
K16,3,PHAandWGA,10012.451171875,1356.1170565869666
K16,3,SYTO,5862.2529296875,781.1746378873922
K16,4,CONC,2689.033935546875,200.73580807435846
K16,4,HOECHST,2662.12060546875,275.50245930092075
K16,4,MITO,42251.01953125,7475.35590932953
K16,4,PHAandWGA,11036.560546875,1459.3389782686206
K16,4,SYTO,6083.2587890625,805.0575376866736
K16,5,CONC,2784.728759765625,204.47629165916115
K16,5,HOECHST,2754.3857421875,276.40376064776314
K16,5,MITO,43540.390625,7549.443330897767
K16,5,PHAandWGA,11662.396484375,1460.6011438358735
K16,5,SYTO,6095.3076171875,800.2841487169816
K16,6,CONC,2810.314453125,203.38383277369604
K16,6,HOECHST,2793.202880859375,271.361216581477
K16,6,MITO,44212.15625,7487.986690965118
K16,6,PHAandWGA,11967.994140625,1441.66701151007
K16,6,SYTO,5985.3349609375,783.4540780547055
K16,7,CONC,2818.162109375,197.83346309788536
K16,7,HOECHST,2750.930419921875,255.62817688493158
K16,7,MITO,44044.796875,7394.7866092145505
K16,7,PHAandWGA,11924.4169921875,1411.1589162630214
K16,7,SYTO,5796.783203125,750.8137046725071
K16,8,CONC,2766.31103515625,186.53724140029632
K16,8,HOECHST,2657.0625,234.11345672931017
K16,8,MITO,44011.640625,7182.047896325577
K16,8,PHAandWGA,11831.123046875,1376.452728074922
K16,8,SYTO,5533.1162109375,707.7655062443716
K16,9,CONC,2722.8046875,175.20003884666338
K16,9,HOECHST,2574.528564453125,213.85140542999955
K16,9,MITO,43220.0625,6931.874815982563
K16,9,PHAandWGA,11485.7021484375,1320.3637962170044
K16,9,SYTO,5240.09765625,661.9256270957966
K16,10,CONC,2681.61962890625,163.9458346087192
K16,10,HOECHST,2514.1318359375,195.00507203939756
K16,10,MITO,42813.98046875,6672.791454975001
K16,10,PHAandWGA,11038.10546875,1242.2355279782523
K16,10,SYTO,5123.96630859375,616.7631047748625
K16,11,CONC,2664.55859375,152.1346620555449
K16,11,HOECHST,2470.37939453125,176.25239734163833
K16,11,MITO,42939.1015625,6363.78962785284
K16,11,PHAandWGA,10667.802734375,1136.0942969438588
K16,11,SYTO,4940.884765625,565.3394100598074
K16,12,CONC,2638.311279296875,140.1228267174431
K16,12,HOECHST,2436.626953125,159.6995804318019
K16,12,MITO,42448.7734375,5963.108256795738
K16,12,PHAandWGA,10354.0703125,1031.9053672247996
K16,12,SYTO,4841.11376953125,512.3851372746864
K16,13,CONC,2625.6376953125,128.95168071549566
K16,13,HOECHST,2444.788818359375,144.85591989538898
K16,13,MITO,41697.453125,5505.18311363912
K16,13,PHAandWGA,9942.6640625,929.9372785776534
K16,13,SYTO,4744.029296875,463.12989402978104
K16,14,CONC,2645.6103515625,117.85346810715512
K16,14,HOECHST,2456.24755859375,131.30418667938883
K16,14,MITO,41840.71875,5008.180336471524
K16,14,PHAandWGA,9642.37890625,829.9306014074316
K16,14,SYTO,4706.3076171875,417.0860181337768
K16,15,CONC,2649.2236328125,106.31268035395554
K16,15,HOECHST,2492.8779296875,118.44744535269449
K16,15,MITO,40971.04296875,4385.767018836648
K16,15,PHAandWGA,9247.111328125,724.1295567425593
K16,15,SYTO,4661.984375,370.43308119930964
K17,0,CONC,3688.1943359375,75.61306002846722
K17,0,HOECHST,2920.994384765625,93.95887717696884
K17,0,MITO,66231.0703125,3321.7535969278742
K17,0,PHAandWGA,19921.08984375,1018.4226543591267
K17,0,SYTO,11224.68359375,587.886245020173
K17,1,CONC,3973.3603515625,98.2242083905851
K17,1,HOECHST,3183.12451171875,123.45319330651867
K17,1,MITO,69815.984375,3833.203746963683
K17,1,PHAandWGA,21608.0546875,1229.933009863785
K17,1,SYTO,13046.890625,757.5064060428907
K17,2,CONC,4241.15478515625,114.42834614606207
K17,2,HOECHST,3443.24462890625,148.59121425052805
K17,2,MITO,73122.9609375,4219.873354207636
K17,2,PHAandWGA,23184.8828125,1387.0843211568692
K17,2,SYTO,14904.1669921875,875.9868950457931
K17,3,CONC,4470.8251953125,123.22153976979257
K17,3,HOECHST,3658.3193359375,163.94364112524428
K17,3,MITO,76771.046875,4440.916556441847
K17,3,PHAandWGA,24574.83203125,1490.0644286380082
K17,3,SYTO,16373.7734375,935.8992424345364
K17,4,CONC,4664.73291015625,126.99847431122441
K17,4,HOECHST,3853.85107421875,169.459256306465
K17,4,MITO,79053.8125,4572.04976718411
K17,4,PHAandWGA,26124.1015625,1553.1352895135428
K17,4,SYTO,17782.87890625,950.3820486298549
K17,5,CONC,4791.9482421875,128.1302992299089
K17,5,HOECHST,3997.26806640625,170.19095907075652
K17,5,MITO,81116.84375,4673.910924246528
K17,5,PHAandWGA,27015.33984375,1592.5437511605246
K17,5,SYTO,19048.25,946.710704636712
K17,6,CONC,4908.0595703125,128.10890830122406
K17,6,HOECHST,4109.84619140625,171.31048990556806
K17,6,MITO,82430.640625,4713.017445319185
K17,6,PHAandWGA,28559.68359375,1602.031697847623
K17,6,SYTO,20170.84375,931.1078015470358
K17,7,CONC,5001.9326171875,126.84716051270443
K17,7,HOECHST,4191.17578125,169.24779251870223
K17,7,MITO,84367.21875,4741.981304742097
K17,7,PHAandWGA,29627.4375,1598.485590924041
K17,7,SYTO,20651.55078125,906.2886216105222
K17,8,CONC,5071.298828125,124.54797241666152
K17,8,HOECHST,4257.18310546875,165.4934936689403
K17,8,MITO,86616.125,4762.073196196387
K17,8,PHAandWGA,30158.068359375,1582.0586052225492
K17,8,SYTO,20777.5546875,875.2059615547772
K17,9,CONC,5155.6328125,122.18356768790052
K17,9,HOECHST,4352.2255859375,162.4768036871251
K17,9,MITO,88349.4609375,4733.291403886902
K17,9,PHAandWGA,31106.349609375,1555.8420378257977
K17,9,SYTO,20853.18359375,844.2925562795389
K17,10,CONC,5232.52099609375,119.50681116540974
K17,10,HOECHST,4415.66796875,158.89565755061497
K17,10,MITO,89632.0390625,4706.300551853042
K17,10,PHAandWGA,31657.50390625,1522.3490356907284
K17,10,SYTO,20696.8984375,809.5343674633775
K17,11,CONC,5275.56640625,116.26540921376976
K17,11,HOECHST,4497.7431640625,154.57101389597108
K17,11,MITO,91187.4453125,4645.681931264872
K17,11,PHAandWGA,31791.400390625,1485.2122420736655
K17,11,SYTO,20315.38671875,776.6111620511406
K17,12,CONC,5328.13134765625,112.96679475309904
K17,12,HOECHST,4528.931640625,149.8042593856283
K17,12,MITO,92196.2578125,4580.943906255039
K17,12,PHAandWGA,32429.029296875,1449.6289520544976
K17,12,SYTO,19938.953125,744.6129669941236
K17,13,CONC,5367.62353515625,109.16715916804995
K17,13,HOECHST,4599.14404296875,144.43268081923406
K17,13,MITO,93719.2265625,4492.29443455396
K17,13,PHAandWGA,32283.4453125,1409.7904161800577
K17,13,SYTO,19914.74609375,713.0726224211093
K17,14,CONC,5456.484375,105.23275439753677
K17,14,HOECHST,4664.916015625,138.57694239628648
K17,14,MITO,95357.453125,4380.210815930268
K17,14,PHAandWGA,33014.2890625,1361.7399994179807
K17,14,SYTO,19561.87890625,676.8886850352064
K17,15,CONC,5483.3447265625,101.07655738068726
K17,15,HOECHST,4725.5224609375,132.42272105053306
K17,15,MITO,96433.796875,4251.869129095998
K17,15,PHAandWGA,32948.7890625,1309.5846761247062
K17,15,SYTO,19453.3984375,639.5550691054138
K18,0,CONC,1350.4013671875,57.02639745124017
K18,0,HOECHST,1354.222412109375,73.71892792466096
K18,0,MITO,24293.13671875,4094.2287942763933
K18,0,PHAandWGA,4839.4296875,535.6900427292468
K18,0,SYTO,2579.4130859375,288.7330952117969
K18,1,CONC,1468.967529296875,74.35932569763162
K18,1,HOECHST,1500.8701171875,100.42731015215654
K18,1,MITO,25687.154296875,4719.370521418119
K18,1,PHAandWGA,5565.11328125,682.862897623259
K18,1,SYTO,2915.48583984375,373.89036961841674
K18,2,CONC,1581.94970703125,88.81549022027386
K18,2,HOECHST,1614.816162109375,124.55768012361732
K18,2,MITO,27091.6171875,5224.799731409994
K18,2,PHAandWGA,6362.41943359375,803.479133702835
K18,2,SYTO,3214.00146484375,444.97774371799227
K18,3,CONC,1653.314453125,98.68642039430964
K18,3,HOECHST,1724.35546875,139.4525895252639
K18,3,MITO,28384.83984375,5578.226164566216
K18,3,PHAandWGA,6836.91455078125,889.6834980670251
K18,3,SYTO,3432.136474609375,485.6265471742042
K18,4,CONC,1721.401611328125,104.6584017038769
K18,4,HOECHST,1773.1451416015625,146.1008559732356
K18,4,MITO,29338.9921875,5822.299840500083
K18,4,PHAandWGA,7262.36474609375,955.4608610571956
K18,4,SYTO,3533.89697265625,506.1321468049614
K18,5,CONC,1758.818603515625,106.66320244251267
K18,5,HOECHST,1791.9017333984375,144.96803774991542
K18,5,MITO,29921.0859375,5918.515458509254
K18,5,PHAandWGA,7489.19140625,990.317637521576
K18,5,SYTO,3625.42138671875,511.73749610022276
K18,6,CONC,1779.57763671875,106.14930202564986
K18,6,HOECHST,1811.2239990234375,141.53158367982888
K18,6,MITO,30543.015625,5936.116327366004
K18,6,PHAandWGA,7597.7490234375,992.163980122216
K18,6,SYTO,3650.032470703125,502.14916758278963
K18,7,CONC,1778.2410888671875,103.77145619055597
K18,7,HOECHST,1794.196044921875,135.81475384279085
K18,7,MITO,30439.73046875,5830.848996237564
K18,7,PHAandWGA,7658.7568359375,967.7241018779813
K18,7,SYTO,3635.86181640625,485.26626271813126
K18,8,CONC,1777.376708984375,100.33581783510866
K18,8,HOECHST,1788.916015625,128.05370635502086
K18,8,MITO,30627.0625,5703.799047200824
K18,8,PHAandWGA,7447.509765625,919.9535999239592
K18,8,SYTO,3581.8349609375,459.8075508123085
K18,9,CONC,1770.365966796875,95.47227392451259
K18,9,HOECHST,1781.886474609375,119.80716999851776
K18,9,MITO,30409.28515625,5529.633631026654
K18,9,PHAandWGA,7241.5439453125,854.3794292247393
K18,9,SYTO,3529.69580078125,430.7703884389431
K18,10,CONC,1765.0186767578125,90.21905702694504
K18,10,HOECHST,1768.1085205078125,111.62445962457812
K18,10,MITO,30685.67578125,5288.883137010595
K18,10,PHAandWGA,6957.3974609375,789.2206584901656
K18,10,SYTO,3476.63134765625,400.80581385675345
K18,11,CONC,1764.71240234375,84.51198628030834
K18,11,HOECHST,1773.510009765625,103.58096083224036
K18,11,MITO,30273.796875,4961.13568330751
K18,11,PHAandWGA,6644.1552734375,719.4543733748584
K18,11,SYTO,3446.9365234375,369.46929761933825
K18,12,CONC,1763.8251953125,78.87089689245585
K18,12,HOECHST,1790.0621337890625,95.82881632232207
K18,12,MITO,30628.443359375,4612.381835509326
K18,12,PHAandWGA,6555.521484375,655.1792258945657
K18,12,SYTO,3426.2353515625,339.5737601075364
K18,13,CONC,1780.78662109375,73.1344058370126
K18,13,HOECHST,1802.3035888671875,88.1815297628566
K18,13,MITO,30089.87890625,4194.403325055348
K18,13,PHAandWGA,6402.41357421875,592.5892213149816
K18,13,SYTO,3426.505859375,308.4831158733637
K18,14,CONC,1793.732421875,67.78100348186044
K18,14,HOECHST,1812.0093994140625,81.15162448489605
K18,14,MITO,30395.13671875,3818.8635405657524
K18,14,PHAandWGA,6249.236328125,532.9477742699963
K18,14,SYTO,3420.3427734375,280.7544888126339
K18,15,CONC,1816.810791015625,62.33929922326735
K18,15,HOECHST,1858.9803466796875,74.51797439027045
K18,15,MITO,30767.4453125,3407.1909280129594
K18,15,PHAandWGA,6009.3818359375,472.8893680559452
K18,15,SYTO,3460.791015625,253.19939604967772
K19,0,CONC,1896.4639892578125,58.119809646119855
K19,0,HOECHST,1214.1422119140625,34.45614422390596
K19,0,MITO,35980.33984375,3958.1073543908174
K19,0,PHAandWGA,7837.3408203125,584.5070085326201
K19,0,SYTO,3079.20947265625,217.91003053207604
K19,1,CONC,2059.47412109375,79.92784623515406
K19,1,HOECHST,1290.464111328125,46.94837872514715
K19,1,MITO,37596.6953125,4750.53846710327
K19,1,PHAandWGA,8616.599609375,749.9707912762874
K19,1,SYTO,3381.3642578125,287.23160599219176
K19,2,CONC,2228.369873046875,101.21184748053541
K19,2,HOECHST,1406.161376953125,60.54354119462618
K19,2,MITO,40668.6484375,5611.802443234308
K19,2,PHAandWGA,9731.8798828125,948.339669062304
K19,2,SYTO,3744.11083984375,366.4673411952691
K19,3,CONC,2387.922607421875,115.29293465615058
K19,3,HOECHST,1506.8897705078125,73.23268139654822
K19,3,MITO,42695.45703125,6179.558496947774
K19,3,PHAandWGA,10810.3671875,1114.5736145228514
K19,3,SYTO,4122.56591796875,431.8551913690856
K19,4,CONC,2473.0234375,122.36070044272046
K19,4,HOECHST,1593.8258056640625,81.35539746533051
K19,4,MITO,44574.8203125,6498.2783371812
K19,4,PHAandWGA,11635.7998046875,1230.3448915076926
K19,4,SYTO,4405.37353515625,471.32159078639114
K19,5,CONC,2562.299072265625,126.16024307301788
K19,5,HOECHST,1653.3861083984375,85.25273322908146
K19,5,MITO,46012.8046875,6730.332205198864
K19,5,PHAandWGA,12366.1640625,1297.4901939863148
K19,5,SYTO,4593.623046875,490.124182696093
K19,6,CONC,2610.09375,128.10387916979235
K19,6,HOECHST,1683.5469970703125,86.02784780800692
K19,6,MITO,47327.24609375,6812.029300336302
K19,6,PHAandWGA,12962.1005859375,1333.7195607513431
K19,6,SYTO,4715.783203125,494.29201878134154
K19,7,CONC,2650.8046875,128.75274050759586
K19,7,HOECHST,1707.531982421875,85.38267297928235
K19,7,MITO,47703.859375,6814.38667876314
K19,7,PHAandWGA,13342.33203125,1347.7869837882001
K19,7,SYTO,4847.7431640625,495.12619305151503
K19,8,CONC,2675.0556640625,128.08126540049486
K19,8,HOECHST,1724.5772705078125,84.15270121389881
K19,8,MITO,48738.421875,6793.7485131414405
K19,8,PHAandWGA,13558.1171875,1345.2967900156393
K19,8,SYTO,4842.6640625,487.7834790558742
K19,9,CONC,2670.74267578125,126.12840419759891
K19,9,HOECHST,1724.7178955078125,81.0374460613237
K19,9,MITO,48517.734375,6693.316859632773
K19,9,PHAandWGA,13753.048828125,1325.5281154901352
K19,9,SYTO,4846.8291015625,473.7095668026886
K19,10,CONC,2703.7734375,121.7103267317071
K19,10,HOECHST,1731.564208984375,77.28240942958705
K19,10,MITO,48708.375,6527.6226317821365
K19,10,PHAandWGA,13808.1103515625,1274.8291270656302
K19,10,SYTO,4808.9091796875,452.31087844061614
K19,11,CONC,2691.659423828125,115.96479340498759
K19,11,HOECHST,1731.377197265625,73.34155240980931
K19,11,MITO,48811.796875,6265.250821368449
K19,11,PHAandWGA,13600.3369140625,1205.2529623509765
K19,11,SYTO,4769.76123046875,426.0809620735803
K19,12,CONC,2705.0078125,110.16772313522813
K19,12,HOECHST,1732.0023193359375,69.32795790207302
K19,12,MITO,49201.3046875,6003.6177070028125
K19,12,PHAandWGA,13355.0029296875,1143.253164590908
K19,12,SYTO,4752.66455078125,401.96501954073534
K19,13,CONC,2718.405517578125,104.21179144970512
K19,13,HOECHST,1747.492431640625,65.31654488263553
K19,13,MITO,49522.3515625,5689.5383133729665
K19,13,PHAandWGA,13459.046875,1079.9366602201417
K19,13,SYTO,4742.869140625,376.8797513103296
K19,14,CONC,2748.60986328125,99.03188388240673
K19,14,HOECHST,1760.6595458984375,61.47256200817359
K19,14,MITO,49877.65625,5337.145582876069
K19,14,PHAandWGA,13202.0205078125,1010.1713928363654
K19,14,SYTO,4774.09130859375,353.12204864762526
K19,15,CONC,2770.10205078125,93.61504348948091
K19,15,HOECHST,1771.4371337890625,57.85849617141264
K19,15,MITO,50244.03515625,4998.163063398531
K19,15,PHAandWGA,13190.669921875,949.2035907419543
K19,15,SYTO,4778.28515625,330.00628239027293
K20,0,CONC,3735.6142578125,60.14762698543883
K20,0,HOECHST,3354.02978515625,88.16272432931973
K20,0,MITO,68054.5,2348.382372788209
K20,0,PHAandWGA,23025.21875,802.5921747099702
K20,0,SYTO,12184.7958984375,481.42378609372764
K20,1,CONC,3916.87451171875,68.7343816976088
K20,1,HOECHST,3524.16748046875,100.86743422198302
K20,1,MITO,69358.734375,2519.56686844134
K20,1,PHAandWGA,23762.046875,882.0420006790165
K20,1,SYTO,13521.3671875,545.7557552696544
K20,2,CONC,4129.26611328125,78.55528861294964
K20,2,HOECHST,3725.0322265625,115.3964764497871
K20,2,MITO,71649.0625,2728.9868256047357
K20,2,PHAandWGA,24947.81640625,974.0349181468324
K20,2,SYTO,15120.9248046875,620.3677747932652
K20,3,CONC,4336.3212890625,87.12770675827922
K20,3,HOECHST,3943.320068359375,128.36126311202057
K20,3,MITO,74768.234375,2908.374975081323
K20,3,PHAandWGA,26522.3984375,1061.8319204507923
K20,3,SYTO,16659.458984375,681.1982903018334
K20,4,CONC,4554.39453125,92.96174262031089
K20,4,HOECHST,4160.36669921875,136.6039523455139
K20,4,MITO,77133.703125,3049.3358319022036
K20,4,PHAandWGA,28012.0625,1123.9399612965608
K20,4,SYTO,18155.6484375,718.1857667141007
K20,5,CONC,4711.64453125,96.46386953428389
K20,5,HOECHST,4304.251953125,141.5653339239739
K20,5,MITO,79114.421875,3132.111119619641
K20,5,PHAandWGA,29438.572265625,1168.4273479570265
K20,5,SYTO,19208.517578125,733.7990312580686
K20,6,CONC,4859.0439453125,98.37443479245627
K20,6,HOECHST,4459.1826171875,144.52416888371548
K20,6,MITO,81893.21875,3219.2564298527104
K20,6,PHAandWGA,30214.859375,1196.9279569255866
K20,6,SYTO,20229.3125,737.3056821228541
K20,7,CONC,5006.9228515625,99.34154139615083
K20,7,HOECHST,4614.28564453125,145.6955022707359
K20,7,MITO,83213.6875,3261.2142576097563
K20,7,PHAandWGA,31026.6171875,1210.9184752038739
K20,7,SYTO,20963.07421875,730.4828850038178
K20,8,CONC,5111.24365234375,99.0958772912949
K20,8,HOECHST,4731.708984375,145.8358786324869
K20,8,MITO,85765.875,3299.738202986184
K20,8,PHAandWGA,32149.626953125,1220.7584961724297
K20,8,SYTO,21356.36328125,720.1502403461194
K20,9,CONC,5189.4794921875,98.25985120541718
K20,9,HOECHST,4852.4013671875,144.88519953421954
K20,9,MITO,88141.5,3300.9434025081746
K20,9,PHAandWGA,32851.3828125,1218.426968499166
K20,9,SYTO,21653.388671875,705.0629068990346
K20,10,CONC,5300.5859375,96.86447517121663
K20,10,HOECHST,4957.69091796875,143.06082781076583
K20,10,MITO,90078.703125,3290.4648344035104
K20,10,PHAandWGA,33547.37109375,1205.2846639679628
K20,10,SYTO,21946.44140625,687.6444494040866
K20,11,CONC,5370.47900390625,94.91659242571916
K20,11,HOECHST,5039.6611328125,140.6141247692376
K20,11,MITO,92227.78125,3265.1102706648653
K20,11,PHAandWGA,34736.47265625,1186.984998958464
K20,11,SYTO,22335.51171875,668.6556378899644
K20,12,CONC,5464.47900390625,92.9111317924093
K20,12,HOECHST,5128.79931640625,137.88141617861086
K20,12,MITO,93322.890625,3224.025442977615
K20,12,PHAandWGA,34861.296875,1168.6691861982504
K20,12,SYTO,22252.248046875,645.5999697032796
K20,13,CONC,5552.544921875,90.46906390621685
K20,13,HOECHST,5214.8486328125,134.49582107392655
K20,13,MITO,94725.9765625,3161.0855982770895
K20,13,PHAandWGA,35813.5234375,1140.1164615088185
K20,13,SYTO,22126.49609375,620.717035911837
K20,14,CONC,5649.3095703125,87.80563173929893
K20,14,HOECHST,5300.578125,130.52536168292863
K20,14,MITO,96678.453125,3102.4168144158807
K20,14,PHAandWGA,36138.2734375,1108.7735230147593
K20,14,SYTO,22399.23828125,596.9390994697209
K20,15,CONC,5713.029296875,84.89022420484007
K20,15,HOECHST,5406.01025390625,126.26001275026398
K20,15,MITO,98020.453125,3011.5493598035578
K20,15,PHAandWGA,36190.03515625,1070.3619727252767
K20,15,SYTO,22588.57421875,569.1416911393087
K21,0,CONC,1681.9447021484375,55.08990179626833
K21,0,HOECHST,1564.909423828125,68.63757036795207
K21,0,MITO,31067.025390625,3864.5394326840915
K21,0,PHAandWGA,5851.564453125,514.4592639094487
K21,0,SYTO,3071.02880859375,262.31344870385317
K21,1,CONC,1831.3082275390625,75.66521102216792
K21,1,HOECHST,1689.190185546875,94.85526143006422
K21,1,MITO,32777.63671875,4724.281528977393
K21,1,PHAandWGA,6883.583984375,688.7987156465043
K21,1,SYTO,3414.628662109375,351.0780551888706
K21,2,CONC,1984.93017578125,95.61579848156354
K21,2,HOECHST,1863.5625,125.37372619805373
K21,2,MITO,35339.5859375,5510.431684446184
K21,2,PHAandWGA,7609.7294921875,849.7967903007059
K21,2,SYTO,3789.37158203125,445.0541325887264
K21,3,CONC,2094.701171875,108.99941954620441
K21,3,HOECHST,1989.858642578125,148.23062455678095
K21,3,MITO,37299.73828125,5950.063634224996
K21,3,PHAandWGA,8492.2158203125,955.9502224069938
K21,3,SYTO,4132.1953125,509.5211891731033
K21,4,CONC,2205.431640625,116.5947367738816
K21,4,HOECHST,2093.639404296875,158.82312980630508
K21,4,MITO,38896.171875,6192.835097285717
K21,4,PHAandWGA,9149.591796875,1027.7780512588615
K21,4,SYTO,4378.99853515625,543.651089681452
K21,5,CONC,2292.551513671875,121.35712929890839
K21,5,HOECHST,2155.029296875,164.43681772681322
K21,5,MITO,40197.68359375,6325.654597944315
K21,5,PHAandWGA,9699.94921875,1070.9698149200997
K21,5,SYTO,4550.7861328125,558.2159716572806
K21,6,CONC,2384.103759765625,124.62740839612879
K21,6,HOECHST,2228.223876953125,165.87618726222402
K21,6,MITO,41140.01953125,6408.633939355413
K21,6,PHAandWGA,10211.1904296875,1111.1072809210011
K21,6,SYTO,4715.26904296875,565.8217247398987
K21,7,CONC,2406.263916015625,125.58326345888928
K21,7,HOECHST,2235.924560546875,164.6490608668525
K21,7,MITO,42108.7109375,6395.673684210665
K21,7,PHAandWGA,10429.765625,1125.478979262282
K21,7,SYTO,4757.6416015625,563.2479959813135
K21,8,CONC,2442.19384765625,124.79673585289186
K21,8,HOECHST,2264.2939453125,162.02293059030646
K21,8,MITO,42032.9296875,6334.1629210447745
K21,8,PHAandWGA,10491.013671875,1104.8995022825677
K21,8,SYTO,4852.57958984375,552.7629375115611
K21,9,CONC,2431.641845703125,122.08641479058028
K21,9,HOECHST,2294.240234375,157.80357790078295
K21,9,MITO,42166.01953125,6212.625840952172
K21,9,PHAandWGA,10328.28515625,1074.2913459215918
K21,9,SYTO,4801.138671875,535.1499830911412
K21,10,CONC,2437.5654296875,118.66329728198582
K21,10,HOECHST,2289.420166015625,150.89871809307448
K21,10,MITO,42209.18359375,6034.541229395248
K21,10,PHAandWGA,10470.658203125,1042.012086733191
K21,10,SYTO,4733.6728515625,512.7261713278099
K21,11,CONC,2442.6416015625,114.02046991908368
K21,11,HOECHST,2287.103515625,143.00248214853056
K21,11,MITO,42122.7890625,5786.032709303035
K21,11,PHAandWGA,10207.498046875,995.1022947405255
K21,11,SYTO,4734.8212890625,487.34605466664806
K21,12,CONC,2451.6923828125,108.60340039603942
K21,12,HOECHST,2287.98681640625,134.38539835313696
K21,12,MITO,42464.5703125,5489.38167381533
K21,12,PHAandWGA,10223.66015625,938.9428300871698
K21,12,SYTO,4705.64111328125,458.28043954391126
K21,13,CONC,2459.950927734375,103.11039669009105
K21,13,HOECHST,2316.09130859375,125.96461309205414
K21,13,MITO,42411.8359375,5167.892667758084
K21,13,PHAandWGA,10088.482421875,880.1618861672769
K21,13,SYTO,4692.220703125,427.23794911086077
K21,14,CONC,2465.3046875,97.41916922850461
K21,14,HOECHST,2321.46923828125,117.77811375292102
K21,14,MITO,42207.30859375,4815.037227308089
K21,14,PHAandWGA,9924.3125,817.9495431755648
K21,14,SYTO,4678.1064453125,397.88622532138737
K21,15,CONC,2486.5615234375,91.64091813113873
K21,15,HOECHST,2356.910400390625,109.61212444257838
K21,15,MITO,42531.66015625,4456.4176335915445
K21,15,PHAandWGA,9860.796875,750.6092830761103
K21,15,SYTO,4713.0712890625,368.37329448622495
K22,0,CONC,1642.081298828125,51.614390348916395
K22,0,HOECHST,1101.8441162109375,39.98759510081228
K22,0,MITO,29574.4609375,3338.8287725867062
K22,0,PHAandWGA,9252.69140625,514.0370036419669
K22,0,SYTO,3507.2548828125,204.48594919277605
K22,1,CONC,1856.344970703125,76.35418666660978
K22,1,HOECHST,1263.2344970703125,66.67023144913152
K22,1,MITO,32949.7890625,4200.09962738616
K22,1,PHAandWGA,11060.0869140625,711.3178949163927
K22,1,SYTO,4114.333984375,296.71672463657524
K22,2,CONC,2043.693603515625,95.62909715315163
K22,2,HOECHST,1428.23681640625,88.69417390699178
K22,2,MITO,36339.265625,4790.968905005827
K22,2,PHAandWGA,12949.6474609375,895.6319162302965
K22,2,SYTO,4657.0625,375.9836919259212
K22,3,CONC,2164.93701171875,104.81832850770432
K22,3,HOECHST,1520.9404296875,102.13975649176543
K22,3,MITO,38335.34765625,5023.873594650345
K22,3,PHAandWGA,14203.1357421875,1044.816307950728
K22,3,SYTO,5080.91943359375,421.21533079797655
K22,4,CONC,2213.072509765625,106.22835194931412
K22,4,HOECHST,1541.486328125,99.47971393915225
K22,4,MITO,39694.6171875,5077.586969679193
K22,4,PHAandWGA,15234.505859375,1175.5085693911171
K22,4,SYTO,5332.6142578125,435.67239472055326
K22,5,CONC,2248.12255859375,103.5689084236845
K22,5,HOECHST,1513.88671875,89.91674799062874
K22,5,MITO,39620.640625,5052.390323211402
K22,5,PHAandWGA,15302.02734375,1201.8321949362366
K22,5,SYTO,5350.2578125,424.7882172100906
K22,6,CONC,2237.535400390625,98.09721241210406
K22,6,HOECHST,1501.3486328125,83.49356914582488
K22,6,MITO,40272.9375,4945.682322222882
K22,6,PHAandWGA,15310.75390625,1136.770736838145
K22,6,SYTO,5319.291015625,399.84212534367765
K22,7,CONC,2243.34912109375,92.64693763099271
K22,7,HOECHST,1488.14404296875,76.97158145909144
K22,7,MITO,40066.5703125,4787.026251570237
K22,7,PHAandWGA,15057.021484375,1067.9261631770576
K22,7,SYTO,5221.83056640625,371.6790613925979
K22,8,CONC,2219.7353515625,87.16784531204289
K22,8,HOECHST,1465.045654296875,69.79548889719611
K22,8,MITO,39646.0546875,4634.932677352242
K22,8,PHAandWGA,14717.46484375,1022.8948197152654
K22,8,SYTO,5141.5234375,347.01177014706127
K22,9,CONC,2195.5205078125,80.02818811607031
K22,9,HOECHST,1456.847900390625,64.2195261387311
K22,9,MITO,38978.0,4365.88312360307
K22,9,PHAandWGA,14346.291015625,981.3477181968232
K22,9,SYTO,5052.6767578125,320.64551844642557
K22,10,CONC,2162.506591796875,73.50318271594044
K22,10,HOECHST,1425.2939453125,57.5019688798283
K22,10,MITO,38398.48828125,4069.575613983574
K22,10,PHAandWGA,13910.814453125,935.9186682892025
K22,10,SYTO,4955.2431640625,294.327969938904
K22,11,CONC,2141.36181640625,66.89613567714059
K22,11,HOECHST,1405.890625,49.469804067963935
K22,11,MITO,37588.0625,3727.7130969610384
K22,11,PHAandWGA,13392.3662109375,870.8731058587812
K22,11,SYTO,4829.166015625,266.6918480865785
K22,12,CONC,2139.71484375,61.318558439281034
K22,12,HOECHST,1394.167236328125,44.453328188258645
K22,12,MITO,37223.015625,3363.299916638185
K22,12,PHAandWGA,13017.556640625,835.0592241531192
K22,12,SYTO,4791.484375,245.07941185051757
K22,13,CONC,2151.1279296875,56.63237158424774
K22,13,HOECHST,1413.9844970703125,40.95647725051057
K22,13,MITO,36836.90625,3021.228310573719
K22,13,PHAandWGA,12758.048828125,811.8835081971499
K22,13,SYTO,4871.95947265625,230.560853377154
K22,14,CONC,2173.580078125,52.76742423098105
K22,14,HOECHST,1428.0765380859375,38.1288782462192
K22,14,MITO,37247.04296875,2708.3361172708837
K22,14,PHAandWGA,12774.3056640625,801.6397115026274
K22,14,SYTO,4929.287109375,218.4769418757318
K22,15,CONC,2219.847412109375,49.468594805031934
K22,15,HOECHST,1452.684326171875,35.577956632610835
K22,15,MITO,37962.53125,2487.669367935013
K22,15,PHAandWGA,12828.888671875,773.2514869026222
K22,15,SYTO,5021.2041015625,205.35304739914008
K23,0,CONC,4362.7373046875,74.81411486818317
K23,0,HOECHST,2984.908203125,81.16984709619592
K23,0,MITO,64633.70703125,2659.73866765454
K23,0,PHAandWGA,19572.1796875,800.6252305885032
K23,0,SYTO,9357.193359375,425.2370563650473
K23,1,CONC,4772.2705078125,104.07066216525811
K23,1,HOECHST,3196.16748046875,109.40869988569587
K23,1,MITO,66907.34375,3282.8579211782967
K23,1,PHAandWGA,20557.73046875,977.9483667778921
K23,1,SYTO,11129.2353515625,561.8574102688445
K23,2,CONC,5308.37890625,152.07331896172133
K23,2,HOECHST,3637.28955078125,165.76417450635398
K23,2,MITO,73611.421875,4262.780339577123
K23,2,PHAandWGA,22584.587890625,1280.106814686352
K23,2,SYTO,13567.58984375,816.203362352654
K23,3,CONC,5854.806640625,187.14003396028326
K23,3,HOECHST,4042.53662109375,209.30857680773497
K23,3,MITO,78424.3984375,4812.251220248649
K23,3,PHAandWGA,24854.26171875,1519.0476486430289
K23,3,SYTO,15778.986328125,989.499727134719
K23,4,CONC,6280.81298828125,202.94069385445954
K23,4,HOECHST,4378.6787109375,228.6107832578632
K23,4,MITO,84484.359375,5112.382012600973
K23,4,PHAandWGA,27270.2578125,1665.7774802277381
K23,4,SYTO,17867.724609375,1070.0889156192748
K23,5,CONC,6610.03759765625,207.94903319198954
K23,5,HOECHST,4674.888671875,237.22178280034854
K23,5,MITO,88772.6875,5226.860990838209
K23,5,PHAandWGA,29345.361328125,1735.344717664931
K23,5,SYTO,19877.18359375,1093.884407769118
K23,6,CONC,6781.6455078125,207.37113573521708
K23,6,HOECHST,4864.91650390625,240.96681183687292
K23,6,MITO,90057.609375,5259.969072598019
K23,6,PHAandWGA,30904.4765625,1759.3506008099682
K23,6,SYTO,21105.5078125,1091.8383384432718
K23,7,CONC,6918.3603515625,205.18924228344656
K23,7,HOECHST,4949.44140625,235.99161756929715
K23,7,MITO,93155.28125,5306.744793862543
K23,7,PHAandWGA,32221.93359375,1786.4824419306356
K23,7,SYTO,22344.75,1076.5254014979962
K23,8,CONC,6980.3291015625,201.4038257236647
K23,8,HOECHST,5004.447265625,225.17760603113354
K23,8,MITO,95450.34375,5293.327329936785
K23,8,PHAandWGA,33286.27734375,1797.2556928223592
K23,8,SYTO,23021.197265625,1051.0493396414997
K23,9,CONC,7106.4365234375,196.17546713055174
K23,9,HOECHST,5140.1298828125,221.28573401042217
K23,9,MITO,96200.75,5205.384921616916
K23,9,PHAandWGA,34507.3515625,1766.2733178983842
K23,9,SYTO,23552.64453125,1012.9052312135741
K23,10,CONC,7144.85400390625,189.77456163960585
K23,10,HOECHST,5205.0087890625,214.9980466108373
K23,10,MITO,97696.7265625,5111.407152182134
K23,10,PHAandWGA,34609.9375,1705.5770612332883
K23,10,SYTO,23927.4921875,971.6474676004624
K23,11,CONC,7200.181640625,182.78415251368494
K23,11,HOECHST,5250.7373046875,207.20845840856884
K23,11,MITO,97981.0546875,5013.294870066532
K23,11,PHAandWGA,35360.9765625,1650.5874976101154
K23,11,SYTO,24091.8984375,932.9742396475971
K23,12,CONC,7155.63134765625,176.80595915671805
K23,12,HOECHST,5275.537109375,197.60840425790786
K23,12,MITO,99408.96875,4948.708300567843
K23,12,PHAandWGA,35117.48046875,1615.8324908263742
K23,12,SYTO,23964.22265625,896.6675771626418
K23,13,CONC,7174.09130859375,171.62049227480617
K23,13,HOECHST,5271.74658203125,189.11849864527613
K23,13,MITO,99444.25,4860.021933927449
K23,13,PHAandWGA,35650.56640625,1580.8259192155838
K23,13,SYTO,23338.33984375,864.0421146268559
K23,14,CONC,7149.71484375,165.89073760690377
K23,14,HOECHST,5220.970703125,181.19007728327756
K23,14,MITO,99624.203125,4768.642686864582
K23,14,PHAandWGA,35217.78125,1548.5200140479333
K23,14,SYTO,23308.703125,831.3891054425637
K23,15,CONC,7200.7451171875,159.70973773553987
K23,15,HOECHST,5283.2578125,173.08584876612858
K23,15,MITO,100669.09375,4641.41981470913
K23,15,PHAandWGA,35462.5546875,1504.479749277319
K23,15,SYTO,22816.35546875,790.8633878635392
L03,0,CONC,5420.7626953125,76.47341653293432
L03,0,HOECHST,3732.00732421875,82.29329522504598
L03,0,MITO,75454.09375,2316.2458180692797
L03,0,PHAandWGA,24330.67578125,743.3527864874092
L03,0,SYTO,14946.52734375,493.8967094194651
L03,1,CONC,5872.91064453125,106.57418359204685
L03,1,HOECHST,4002.919921875,109.38799271270365
L03,1,MITO,79458.828125,2926.4714068803896
L03,1,PHAandWGA,26006.75390625,928.4823889648068
L03,1,SYTO,17022.185546875,659.2114558807461
L03,2,CONC,6508.79931640625,145.21925858468205
L03,2,HOECHST,4450.3916015625,149.40279382042945
L03,2,MITO,86949.3359375,3581.0772866997577
L03,2,PHAandWGA,28028.470703125,1158.673784355434
L03,2,SYTO,19598.2109375,865.9743737307675
L03,3,CONC,7051.45263671875,170.860645745243
L03,3,HOECHST,4943.5341796875,186.41920247726483
L03,3,MITO,93012.2109375,3952.969052951498
L03,3,PHAandWGA,30372.69921875,1311.3170313887272
L03,3,SYTO,22603.7578125,1016.0944452097749
L03,4,CONC,7436.3408203125,181.5096958824066
L03,4,HOECHST,5263.0205078125,198.8546305355009
L03,4,MITO,97316.375,4109.1825651689705
L03,4,PHAandWGA,32684.728515625,1404.9363853960042
L03,4,SYTO,24956.447265625,1083.87745150898
L03,5,CONC,7713.26904296875,181.6838156931913
L03,5,HOECHST,5470.921875,196.3063113694895
L03,5,MITO,100258.1640625,4077.0515672688016
L03,5,PHAandWGA,34382.12890625,1427.7546361905563
L03,5,SYTO,26685.609375,1086.3663940320664
L03,6,CONC,7930.1708984375,177.75456782284465
L03,6,HOECHST,5670.4228515625,191.42314052909097
L03,6,MITO,102739.4375,4006.8224911262623
L03,6,PHAandWGA,36521.45703125,1423.3159634751662
L03,6,SYTO,27900.501953125,1059.6198688122968
L03,7,CONC,8067.41650390625,171.91152332263255
L03,7,HOECHST,5787.08203125,184.66237807115593
L03,7,MITO,105253.671875,3873.6420280255193
L03,7,PHAandWGA,37740.27734375,1399.0383322416978
L03,7,SYTO,29470.66796875,1019.6184800727536
L03,8,CONC,8131.8701171875,164.18173461714514
L03,8,HOECHST,5912.44189453125,179.0338974083905
L03,8,MITO,107441.421875,3760.3677968774023
L03,8,PHAandWGA,38849.3984375,1355.8866576875946
L03,8,SYTO,29842.439453125,976.7092500037425
L03,9,CONC,8164.62646484375,157.35160150748322
L03,9,HOECHST,5975.68994140625,172.5931808451705
L03,9,MITO,107687.65625,3663.738568884801
L03,9,PHAandWGA,40010.65625,1313.647478149186
L03,9,SYTO,30608.31640625,932.6311507805648
L03,10,CONC,8173.49169921875,151.31737876366455
L03,10,HOECHST,6035.69287109375,165.4217707810502
L03,10,MITO,109234.0390625,3589.8102149410156
L03,10,PHAandWGA,41176.09765625,1278.516380607436
L03,10,SYTO,30625.220703125,889.9088979494273
L03,11,CONC,8170.26318359375,145.28045297020657
L03,11,HOECHST,6020.49169921875,159.0522699787344
L03,11,MITO,109876.015625,3515.097541353489
L03,11,PHAandWGA,41388.2578125,1243.2261827384866
L03,11,SYTO,30815.609375,851.9312181531736
L03,12,CONC,8162.83056640625,139.7947858315384
L03,12,HOECHST,6024.837890625,152.88242952342728
L03,12,MITO,110979.421875,3445.741672824293
L03,12,PHAandWGA,41776.015625,1213.820244989304
L03,12,SYTO,30595.5078125,816.4795293519766
L03,13,CONC,8158.13623046875,133.70858445331285
L03,13,HOECHST,6062.5947265625,146.3860886063561
L03,13,MITO,112023.75,3362.053596449698
L03,13,PHAandWGA,41238.57421875,1179.5681566941423
L03,13,SYTO,30612.17578125,779.6083719230045
L03,14,CONC,8171.3486328125,126.71440163335629
L03,14,HOECHST,6080.12890625,140.08294658603825
L03,14,MITO,112074.65625,3267.6781716091323
L03,14,PHAandWGA,41408.37109375,1146.4006729484493
L03,14,SYTO,30374.587890625,741.5397245206823
L03,15,CONC,8211.80859375,120.22735668086958
L03,15,HOECHST,6166.830078125,134.134907539996
L03,15,MITO,113007.9375,3155.937344438526
L03,15,PHAandWGA,41487.4140625,1107.894683321551
L03,15,SYTO,30143.345703125,704.717479178167
L06,0,CONC,4771.66943359375,104.69446535402858
L06,0,HOECHST,2461.785888671875,65.07646846687658
L06,0,MITO,68371.015625,2885.3063024409194
L06,0,PHAandWGA,22101.34375,1039.9605350487495
L06,0,SYTO,13001.197265625,686.0207552945756
L06,1,CONC,5216.79833984375,136.9253618394197
L06,1,HOECHST,2669.89599609375,82.88116968733476
L06,1,MITO,70977.5,3402.569000810772
L06,1,PHAandWGA,23576.25390625,1273.0278401021085
L06,1,SYTO,15312.21875,881.5241017849318
L06,2,CONC,5685.2529296875,160.8943594557893
L06,2,HOECHST,2896.22607421875,98.81402263218901
L06,2,MITO,76495.015625,3864.177304300973
L06,2,PHAandWGA,25866.328125,1423.6873601998586
L06,2,SYTO,17856.1171875,997.5043820920436
L06,3,CONC,5935.9892578125,168.70927512749904
L06,3,HOECHST,3073.27880859375,108.06390431878982
L06,3,MITO,79683.3125,4132.564419368508
L06,3,PHAandWGA,27618.44140625,1483.6071519436948
L06,3,SYTO,19846.806640625,1035.7104556669085
L06,4,CONC,6109.3896484375,169.10723891791147
L06,4,HOECHST,3233.1611328125,112.60251625312252
L06,4,MITO,82550.4375,4237.787995230026
L06,4,PHAandWGA,28925.537109375,1506.067497735083
L06,4,SYTO,20978.921875,1031.2417595698707
L06,5,CONC,6222.12841796875,167.90157568452176
L06,5,HOECHST,3326.71630859375,113.32821923297715
L06,5,MITO,84782.390625,4310.363790742328
L06,5,PHAandWGA,29690.37109375,1501.1672296611932
L06,5,SYTO,22033.421875,1006.6938537736185
L06,6,CONC,6314.8671875,165.48776236876782
L06,6,HOECHST,3413.359375,112.56755009009736
L06,6,MITO,86599.5546875,4379.555386358377
L06,6,PHAandWGA,30725.97265625,1491.6671387072995
L06,6,SYTO,22310.80859375,970.1508477751091
L06,7,CONC,6386.8515625,163.27828108971903
L06,7,HOECHST,3462.267578125,111.32625688381637
L06,7,MITO,88376.171875,4406.791876660675
L06,7,PHAandWGA,31720.154296875,1472.391685264615
L06,7,SYTO,22753.091796875,938.929128034927
L06,8,CONC,6441.244140625,160.51918211334734
L06,8,HOECHST,3500.15478515625,109.38805602207682
L06,8,MITO,90012.2265625,4448.159477447204
L06,8,PHAandWGA,32697.05859375,1452.2558747812352
L06,8,SYTO,22966.921875,908.873655503315
L06,9,CONC,6463.46240234375,156.98621812049657
L06,9,HOECHST,3575.262939453125,107.57095708754805
L06,9,MITO,91081.4375,4423.420904217324
L06,9,PHAandWGA,32858.921875,1421.542124106361
L06,9,SYTO,22700.8125,875.0073773413035
L06,10,CONC,6500.9462890625,152.4809449310677
L06,10,HOECHST,3605.4033203125,104.76073123467947
L06,10,MITO,92359.8046875,4383.874650470934
L06,10,PHAandWGA,33464.2734375,1389.3200282305602
L06,10,SYTO,22572.796875,839.9287462373082
L06,11,CONC,6550.4345703125,147.49224713974968
L06,11,HOECHST,3652.260498046875,102.00466529403953
L06,11,MITO,93308.8359375,4288.015342418804
L06,11,PHAandWGA,33516.6015625,1351.1860581070707
L06,11,SYTO,22289.28125,802.1612793484842
L06,12,CONC,6602.287109375,141.76444061327825
L06,12,HOECHST,3698.17529296875,99.20137950849612
L06,12,MITO,94422.15625,4173.607304374711
L06,12,PHAandWGA,33927.1015625,1308.818345631707
L06,12,SYTO,22309.390625,768.1143489946979
L06,13,CONC,6656.38134765625,135.94939731998443
L06,13,HOECHST,3720.82177734375,95.68722230860877
L06,13,MITO,94567.5859375,4045.626319674003
L06,13,PHAandWGA,33606.3984375,1268.982389317516
L06,13,SYTO,22117.4453125,730.871342003407
L06,14,CONC,6724.537109375,130.49201632795854
L06,14,HOECHST,3786.6318359375,92.33452286676004
L06,14,MITO,95682.25,3901.9558789258936
L06,14,PHAandWGA,34199.0234375,1225.3374799941282
L06,14,SYTO,22184.16015625,694.7198227168117
L06,15,CONC,6803.8935546875,124.87729151618129
L06,15,HOECHST,3839.72802734375,88.85002014490895
L06,15,MITO,96827.34375,3740.7811861056225
L06,15,PHAandWGA,34339.10546875,1177.0785486364366
L06,15,SYTO,22159.22265625,660.3827907152859
L07,0,CONC,4719.59765625,78.40241519450943
L07,0,HOECHST,2380.13818359375,47.85178972877771
L07,0,MITO,63643.375,2230.0190268338656
L07,0,PHAandWGA,17343.197265625,595.2444345478101
L07,0,SYTO,8435.078125,324.19062248883216
L07,1,CONC,4976.4404296875,91.13360693638069
L07,1,HOECHST,2502.4580078125,56.4136658856994
L07,1,MITO,65167.6171875,2445.966867158399
L07,1,PHAandWGA,18347.47265625,676.2337727909679
L07,1,SYTO,8958.7822265625,373.6822095380961
L07,2,CONC,5214.669921875,104.07013384439045
L07,2,HOECHST,2652.468994140625,65.43033964425926
L07,2,MITO,67448.3125,2671.7125394460204
L07,2,PHAandWGA,19473.259765625,759.3483625099714
L07,2,SYTO,9743.251953125,425.5894809984519
L07,3,CONC,5457.9677734375,115.67113273235029
L07,3,HOECHST,2801.697998046875,73.13681434594076
L07,3,MITO,70589.390625,2869.95271385779
L07,3,PHAandWGA,20726.482421875,838.8581006188296
L07,3,SYTO,10549.611328125,471.70021234263277
L07,4,CONC,5744.71484375,123.69083092364933
L07,4,HOECHST,2953.1728515625,79.15280968257264
L07,4,MITO,72836.2421875,2991.6982310206663
L07,4,PHAandWGA,22173.708984375,893.2313845225688
L07,4,SYTO,11275.6640625,501.9416267813327
L07,5,CONC,5950.2275390625,127.47489488000683
L07,5,HOECHST,3106.34130859375,82.20978235747853
L07,5,MITO,75309.359375,3061.578392566022
L07,5,PHAandWGA,23004.90625,917.4965045799582
L07,5,SYTO,11863.015625,512.524689998463
L07,6,CONC,6143.939453125,128.89866575506807
L07,6,HOECHST,3217.64990234375,83.62598393858923
L07,6,MITO,78241.6875,3076.6025683443368
L07,6,PHAandWGA,24457.62890625,923.5446364747565
L07,6,SYTO,12157.626953125,513.6387534384374
L07,7,CONC,6276.12548828125,128.91400686164363
L07,7,HOECHST,3324.68408203125,83.65823650608222
L07,7,MITO,79617.6171875,3079.0689513869497
L07,7,PHAandWGA,25301.7890625,924.7846238867195
L07,7,SYTO,12476.5068359375,508.26167084198283
L07,8,CONC,6408.86669921875,128.0913292581092
L07,8,HOECHST,3402.72607421875,82.50989723988835
L07,8,MITO,81744.0078125,3055.73900095667
L07,8,PHAandWGA,26084.46875,918.0131733075701
L07,8,SYTO,12658.75,498.36806327770796
L07,9,CONC,6526.51025390625,126.38913467791845
L07,9,HOECHST,3459.76708984375,81.22593948660501
L07,9,MITO,83506.4765625,3029.305592177516
L07,9,PHAandWGA,26849.47265625,906.3993503031032
L07,9,SYTO,12813.5322265625,486.5044734246372
L07,10,CONC,6607.65625,124.57499575184967
L07,10,HOECHST,3518.535400390625,79.683641712444
L07,10,MITO,84212.8359375,2987.0949485666665
L07,10,PHAandWGA,27452.1328125,891.6497566556267
L07,10,SYTO,12882.27734375,473.6856641888544
L07,11,CONC,6690.30810546875,121.70341394814417
L07,11,HOECHST,3559.7333984375,77.70571214125663
L07,11,MITO,85999.078125,2939.8460047659596
L07,11,PHAandWGA,27694.96484375,874.2945330350381
L07,11,SYTO,12999.3994140625,459.3284100981244
L07,12,CONC,6795.00048828125,118.91575418807874
L07,12,HOECHST,3619.416015625,75.69446746682003
L07,12,MITO,87455.5625,2883.826769197767
L07,12,PHAandWGA,27847.73828125,856.2982376731779
L07,12,SYTO,13023.265625,445.01046806628017
L07,13,CONC,6867.1162109375,116.03324206679177
L07,13,HOECHST,3646.11669921875,73.98099701463151
L07,13,MITO,87800.984375,2828.58247099417
L07,13,PHAandWGA,28524.697265625,839.223224242104
L07,13,SYTO,13178.181640625,432.7028897963272
L07,14,CONC,6933.6044921875,113.265103441842
L07,14,HOECHST,3689.45654296875,72.42709021372086
L07,14,MITO,88598.28125,2770.035931696413
L07,14,PHAandWGA,28439.65234375,820.2631860874933
L07,14,SYTO,13243.3037109375,419.80133726979665
L07,15,CONC,7037.013671875,110.17528311638547
L07,15,HOECHST,3745.07470703125,70.40470835619342
L07,15,MITO,88419.734375,2683.4816977111814
L07,15,PHAandWGA,28334.181640625,795.786928610816
L07,15,SYTO,13367.5546875,405.1076921878132
L08,0,CONC,3003.19775390625,145.53535375316306
L08,0,HOECHST,1785.4207763671875,92.19933839104115
L08,0,MITO,43176.5625,5362.39643451689
L08,0,PHAandWGA,10033.068359375,1025.1334826333004
L08,0,SYTO,5312.087890625,532.2700915125705
L08,1,CONC,3474.12451171875,212.58783456796385
L08,1,HOECHST,2104.3291015625,146.00038920405407
L08,1,MITO,47637.328125,6682.20579282567
L08,1,PHAandWGA,11880.244140625,1335.2633710570326
L08,1,SYTO,7147.3310546875,766.4142557827599
L08,2,CONC,3832.0458984375,248.61790100139066
L08,2,HOECHST,2405.41552734375,187.92748432458944
L08,2,MITO,52663.28125,7484.569970571633
L08,2,PHAandWGA,13649.2919921875,1510.3631333034896
L08,2,SYTO,8830.955078125,915.9843697941543
L08,3,CONC,4059.99365234375,264.87373090090273
L08,3,HOECHST,2549.93896484375,200.66247497782828
L08,3,MITO,55475.125,7656.374095321011
L08,3,PHAandWGA,14738.169921875,1594.9034056486987
L08,3,SYTO,9762.3984375,964.2799153493536
L08,4,CONC,4225.3623046875,268.70294412284807
L08,4,HOECHST,2616.80712890625,195.2421940148467
L08,4,MITO,57559.90234375,7669.572897052912
L08,4,PHAandWGA,15909.18359375,1606.4230328899698
L08,4,SYTO,9893.7734375,951.415486790918
L08,5,CONC,4254.77880859375,262.1787793517549
L08,5,HOECHST,2621.41015625,181.72648171892243
L08,5,MITO,58224.6015625,7457.527917132636
L08,5,PHAandWGA,16752.3046875,1573.3498067729379
L08,5,SYTO,9473.0556640625,896.934083060399
L08,6,CONC,4217.71826171875,249.8427763449548
L08,6,HOECHST,2619.30078125,171.29019176100576
L08,6,MITO,58926.01171875,7302.543430993437
L08,6,PHAandWGA,17050.61328125,1527.2586395220694
L08,6,SYTO,8798.0859375,845.0911317980334
L08,7,CONC,4117.4873046875,234.02711845992187
L08,7,HOECHST,2562.931884765625,154.88019827309037
L08,7,MITO,57216.3671875,6981.630400282388
L08,7,PHAandWGA,16745.185546875,1463.3322032387007
L08,7,SYTO,8140.8369140625,788.9281304453731
L08,8,CONC,4000.9462890625,216.26449054339727
L08,8,HOECHST,2491.05908203125,140.43586547312262
L08,8,MITO,56146.640625,6656.396027101697
L08,8,PHAandWGA,16642.134765625,1391.1782393578103
L08,8,SYTO,7544.716796875,734.2263135951378
L08,9,CONC,3893.150634765625,199.16746697352878
L08,9,HOECHST,2404.45263671875,125.86914854097063
L08,9,MITO,55183.921875,6388.9536850768845
L08,9,PHAandWGA,16050.83203125,1314.8095151555851
L08,9,SYTO,7191.908203125,679.7876525784526
L08,10,CONC,3832.6669921875,183.465083373113
L08,10,HOECHST,2348.54736328125,114.17077188994884
L08,10,MITO,54205.20703125,6085.366734428669
L08,10,PHAandWGA,15493.7001953125,1235.8761206313548
L08,10,SYTO,6860.4501953125,629.4268865825509
L08,11,CONC,3806.57275390625,169.91900382603416
L08,11,HOECHST,2343.58154296875,105.1511515126776
L08,11,MITO,53217.578125,5730.8157661522755
L08,11,PHAandWGA,14978.2861328125,1154.0912987025238
L08,11,SYTO,6695.08154296875,580.4769539770508
L08,12,CONC,3787.7216796875,158.05429175938872
L08,12,HOECHST,2331.912841796875,96.8271854602752
L08,12,MITO,53176.546875,5384.24794674761
L08,12,PHAandWGA,14524.26171875,1076.6744470612834
L08,12,SYTO,6588.3779296875,535.7745906937996
L08,13,CONC,3780.11474609375,146.47392541346554
L08,13,HOECHST,2328.762939453125,89.85359122673076
L08,13,MITO,51920.9296875,4906.393817851924
L08,13,PHAandWGA,14111.97265625,994.5865259331792
L08,13,SYTO,6544.55859375,490.7235465709975
L08,14,CONC,3811.354248046875,136.4424603786791
L08,14,HOECHST,2363.77099609375,83.65410031541289
L08,14,MITO,52201.98046875,4550.006946681432
L08,14,PHAandWGA,13849.55859375,912.6985995965665
L08,14,SYTO,6519.71484375,451.326189447079
L08,15,CONC,3871.2548828125,127.2339227734871
L08,15,HOECHST,2408.1025390625,78.08843093764933
L08,15,MITO,51847.58203125,4119.528780160381
L08,15,PHAandWGA,13539.564453125,830.70853081184
L08,15,SYTO,6583.11328125,412.86038070030105
L09,0,CONC,1999.0390625,103.83951170083112
L09,0,HOECHST,1408.112548828125,73.22253295774367
L09,0,MITO,30905.978515625,5078.393532290194
L09,0,PHAandWGA,7332.5400390625,777.2440181846389
L09,0,SYTO,3690.600830078125,424.17600830603516
L09,1,CONC,2183.64208984375,129.6447240354625
L09,1,HOECHST,1558.2978515625,98.52758197917868
L09,1,MITO,32969.53515625,5691.578408146227
L09,1,PHAandWGA,8314.373046875,938.6032887494033
L09,1,SYTO,4205.2294921875,531.5515912315691
L09,2,CONC,2315.627685546875,145.78681992962498
L09,2,HOECHST,1705.494140625,114.38890934277258
L09,2,MITO,34564.4375,6071.478040791872
L09,2,PHAandWGA,9318.580078125,1046.6920741895399
L09,2,SYTO,4559.4775390625,593.9298548282609
L09,3,CONC,2412.46923828125,155.12598182180065
L09,3,HOECHST,1782.681396484375,120.92477821665207
L09,3,MITO,36306.4140625,6235.467104492575
L09,3,PHAandWGA,10107.5087890625,1107.135314528609
L09,3,SYTO,4778.5712890625,621.4171289855796
L09,4,CONC,2485.185302734375,158.86228535318952
L09,4,HOECHST,1818.287841796875,123.07266219908752
L09,4,MITO,36810.875,6273.909174632675
L09,4,PHAandWGA,10585.119140625,1127.9765733486256
L09,4,SYTO,4892.3515625,627.8679308218054
L09,5,CONC,2513.427978515625,158.0082979595742
L09,5,HOECHST,1808.650146484375,119.27494974162309
L09,5,MITO,37248.78125,6283.455074327286
L09,5,PHAandWGA,10947.87109375,1124.7744577678025
L09,5,SYTO,4939.69970703125,618.7188263207886
L09,6,CONC,2513.27734375,152.69366812009838
L09,6,HOECHST,1816.856689453125,113.3392657848253
L09,6,MITO,37416.34765625,6156.240220325654
L09,6,PHAandWGA,11051.833984375,1093.1962080895971
L09,6,SYTO,4912.9736328125,595.9313899499072
L09,7,CONC,2505.19384765625,145.81431649777167
L09,7,HOECHST,1807.8897705078125,107.62242763245168
L09,7,MITO,37189.5625,5953.826937762109
L09,7,PHAandWGA,10906.853515625,1055.5726028519907
L09,7,SYTO,4853.212890625,570.5919071596642
L09,8,CONC,2495.488525390625,138.6296720361118
L09,8,HOECHST,1791.05712890625,100.51708560666502
L09,8,MITO,36921.5078125,5768.036936354248
L09,8,PHAandWGA,10880.515625,1009.4516900869373
L09,8,SYTO,4792.90869140625,540.5346691557713
L09,9,CONC,2494.02294921875,131.38339562351766
L09,9,HOECHST,1771.07861328125,93.12241783280459
L09,9,MITO,37033.7890625,5531.305181240137
L09,9,PHAandWGA,10606.3828125,957.9261314358866
L09,9,SYTO,4704.3408203125,508.8824391693203
L09,10,CONC,2469.45166015625,124.50653460517627
L09,10,HOECHST,1751.890625,86.067565154454
L09,10,MITO,37051.8125,5291.319758140114
L09,10,PHAandWGA,10304.57421875,902.5556754465365
L09,10,SYTO,4658.888671875,477.34876576363774
L09,11,CONC,2479.262939453125,117.05042879135377
L09,11,HOECHST,1729.7027587890625,79.14056920989294
L09,11,MITO,36904.953125,4984.99278521431
L09,11,PHAandWGA,10034.458984375,842.6664485785764
L09,11,SYTO,4615.84814453125,442.331314428095
L09,12,CONC,2492.36474609375,109.8294968349255
L09,12,HOECHST,1744.1353759765625,73.52599431911189
L09,12,MITO,36949.33203125,4671.962949893727
L09,12,PHAandWGA,9702.126953125,783.0373652438636
L09,12,SYTO,4572.4580078125,409.54478601098344
L09,13,CONC,2510.706787109375,103.07970155418913
L09,13,HOECHST,1756.9271240234375,68.23348548792194
L09,13,MITO,37205.94921875,4330.645733157204
L09,13,PHAandWGA,9420.064453125,720.0785964311867
L09,13,SYTO,4576.8662109375,377.58948407703366
L09,14,CONC,2521.9921875,96.3114041334458
L09,14,HOECHST,1785.333251953125,63.288819112250664
L09,14,MITO,37493.55078125,3990.9170649915363
L09,14,PHAandWGA,9213.6376953125,659.2523617029191
L09,14,SYTO,4591.0078125,346.9107862761316
L09,15,CONC,2567.038818359375,89.51277873417528
L09,15,HOECHST,1804.3546142578125,58.54268809579575
L09,15,MITO,37876.6875,3608.532554010155
L09,15,PHAandWGA,8901.63671875,592.9150786227832
L09,15,SYTO,4660.8671875,316.4409646641792
L10,0,CONC,9170.896484375,79.78073802816455
L10,0,HOECHST,6673.7216796875,104.85045413348685
L10,0,MITO,116646.78125,1383.8496376851085
L10,0,PHAandWGA,48508.71875,692.8317171787163
L10,0,SYTO,34696.6328125,622.2341700798722
L10,1,CONC,10115.4140625,113.92908357034094
L10,1,HOECHST,7335.1611328125,135.6454946737111
L10,1,MITO,122789.34375,1687.7395389044632
L10,1,PHAandWGA,51391.984375,869.59906939416
L10,1,SYTO,37855.1484375,801.4783015948211
L10,2,CONC,10816.873046875,125.48673925268102
L10,2,HOECHST,7888.2265625,153.29779032821907
L10,2,MITO,129215.859375,1785.141205532581
L10,2,PHAandWGA,54690.40625,962.2069814560202
L10,2,SYTO,41113.5703125,896.5947605005719
L10,3,CONC,11502.525390625,125.98738324971531
L10,3,HOECHST,8493.2275390625,159.79301114431703
L10,3,MITO,135569.71875,1786.7699357234665
L10,3,PHAandWGA,58640.140625,995.8987539592475
L10,3,SYTO,44233.40625,918.2304790279663
L10,4,CONC,11941.94140625,119.56726700353542
L10,4,HOECHST,8927.640625,157.57793334694082
L10,4,MITO,139769.8125,1724.4310384647863
L10,4,PHAandWGA,60652.78515625,974.752884486074
L10,4,SYTO,46996.40625,884.9798087946356
L10,5,CONC,12263.98046875,109.2409754931147
L10,5,HOECHST,9223.943359375,147.71674551786361
L10,5,MITO,144390.625,1627.538399539829
L10,5,PHAandWGA,63711.79296875,932.3804638055868
L10,5,SYTO,50240.81640625,825.65382945353
L10,6,CONC,12487.54296875,98.15069971518326
L10,6,HOECHST,9525.7255859375,137.49982768480504
L10,6,MITO,148256.734375,1518.2076791956354
L10,6,PHAandWGA,66164.21875,873.6525968417242
L10,6,SYTO,52558.14453125,755.2758901254156
L10,7,CONC,12732.8701171875,87.12505152229403
L10,7,HOECHST,9780.76171875,126.15876692259387
L10,7,MITO,151636.53125,1404.253460759959
L10,7,PHAandWGA,68685.40625,802.2202428765762
L10,7,SYTO,54583.734375,676.6229216156711
L10,8,CONC,12871.40625,78.22756479467546
L10,8,HOECHST,9999.2265625,115.81652616481324
L10,8,MITO,154327.21875,1301.8754758649852
L10,8,PHAandWGA,70852.609375,738.7111681372124
L10,8,SYTO,55608.26953125,610.627156949478
L10,9,CONC,13019.6953125,70.95474965087028
L10,9,HOECHST,10183.595703125,107.06247788634225
L10,9,MITO,157654.46875,1218.9981621263496
L10,9,PHAandWGA,72135.6015625,683.3967412400137
L10,9,SYTO,56605.203125,554.3748474618959
L10,10,CONC,12960.0380859375,64.81118229754527
L10,10,HOECHST,10240.40625,99.5992454469527
L10,10,MITO,160614.59375,1151.6117475990818
L10,10,PHAandWGA,73302.453125,640.6574210010424
L10,10,SYTO,58082.0546875,511.2020213575981
L10,11,CONC,12986.4990234375,59.41824017368116
L10,11,HOECHST,10353.1484375,93.29977112500829
L10,11,MITO,160652.859375,1087.2665774046438
L10,11,PHAandWGA,73866.0859375,601.2389414403094
L10,11,SYTO,58332.625,473.87196493225423
L10,12,CONC,12917.888671875,55.03688038187511
L10,12,HOECHST,10372.826171875,88.1492516791737
L10,12,MITO,161335.84375,1032.1642245954536
L10,12,PHAandWGA,74685.484375,568.3505995420674
L10,12,SYTO,57629.79296875,441.2259437378016
L10,13,CONC,12972.876953125,51.667671687358165
L10,13,HOECHST,10462.3671875,84.30031038608875
L10,13,MITO,162629.9375,987.3970487742471
L10,13,PHAandWGA,75406.7265625,543.3160380404223
L10,13,SYTO,58450.2890625,415.6222814913451
L10,14,CONC,12929.71484375,48.96459966982153
L10,14,HOECHST,10468.3134765625,80.92229241852193
L10,14,MITO,164489.0625,952.0620126819601
L10,14,PHAandWGA,75220.5234375,523.7752967690907
L10,14,SYTO,58375.109375,395.337316897517
L10,15,CONC,12989.986328125,46.780483928489474
L10,15,HOECHST,10543.38671875,78.3848114004673
L10,15,MITO,164700.03125,920.5106728148107
L10,15,PHAandWGA,74800.640625,509.4118224017658
L10,15,SYTO,57232.64453125,377.9090913816247
L12,0,CONC,2891.656005859375,41.51302418594427
L12,0,HOECHST,2847.064697265625,62.385478899737414
L12,0,MITO,64687.9296875,2230.103761916698
L12,0,PHAandWGA,19684.3125,647.0808275742238
L12,0,SYTO,10340.890625,399.69207186255056
L12,1,CONC,3080.836669921875,52.081577633777165
L12,1,HOECHST,3024.2021484375,77.2205065478242
L12,1,MITO,67005.609375,2561.6600534880067
L12,1,PHAandWGA,20592.126953125,752.4353998854968
L12,1,SYTO,11688.626953125,487.4511965638629
L12,2,CONC,3330.29052734375,64.7419039005588
L12,2,HOECHST,3263.67724609375,95.79881659017727
L12,2,MITO,70151.484375,2949.828834024928
L12,2,PHAandWGA,22167.16796875,879.600588210342
L12,2,SYTO,13612.94140625,595.6228498207498
L12,3,CONC,3573.08154296875,75.31887500387784
L12,3,HOECHST,3497.381591796875,111.90441159543684
L12,3,MITO,74421.4375,3241.406640859748
L12,3,PHAandWGA,24076.81640625,991.5594245398166
L12,3,SYTO,15392.1787109375,685.6605171108299
L12,4,CONC,3817.8642578125,82.93485498919672
L12,4,HOECHST,3760.77392578125,124.13409818212146
L12,4,MITO,77828.6171875,3415.183227098415
L12,4,PHAandWGA,26141.5546875,1073.3103788530334
L12,4,SYTO,17474.810546875,743.0624887113619
L12,5,CONC,4042.036376953125,88.05090565428576
L12,5,HOECHST,3998.03173828125,132.04048144646967
L12,5,MITO,81877.015625,3555.8387372094558
L12,5,PHAandWGA,27930.60546875,1129.1376264246524
L12,5,SYTO,19632.046875,775.6693841151383
L12,6,CONC,4206.369140625,89.491612660797
L12,6,HOECHST,4154.4482421875,134.30877631000982
L12,6,MITO,85112.03125,3614.8850815133815
L12,6,PHAandWGA,29309.919921875,1147.6886046578538
L12,6,SYTO,20945.498046875,776.7902427170486
L12,7,CONC,4293.0615234375,88.41216908245573
L12,7,HOECHST,4288.4677734375,132.2036635982781
L12,7,MITO,86538.328125,3604.841713630285
L12,7,PHAandWGA,30434.921875,1140.4708195691276
L12,7,SYTO,21409.521484375,754.926957278772
L12,8,CONC,4362.9765625,86.11304571921603
L12,8,HOECHST,4399.32421875,128.46440576826961
L12,8,MITO,88659.8046875,3548.226067009818
L12,8,PHAandWGA,30869.37109375,1117.5295732966647
L12,8,SYTO,21325.818359375,723.4167793968008
L12,9,CONC,4409.42724609375,82.86477242397089
L12,9,HOECHST,4415.6796875,123.60154199340855
L12,9,MITO,89427.96875,3471.079339812436
L12,9,PHAandWGA,32013.8984375,1094.1152475309166
L12,9,SYTO,20741.08203125,690.0879342217592
L12,10,CONC,4411.0595703125,79.62750640733813
L12,10,HOECHST,4468.82958984375,118.87968794470775
L12,10,MITO,90642.875,3405.000498743702
L12,10,PHAandWGA,32410.0078125,1073.3013260559117
L12,10,SYTO,20169.435546875,659.8194819274773
L12,11,CONC,4441.52734375,76.75697616583727
L12,11,HOECHST,4507.39990234375,114.64478560107318
L12,11,MITO,90471.1875,3322.414775336164
L12,11,PHAandWGA,32099.765625,1046.2101957433713
L12,11,SYTO,19806.69140625,632.8893969345053
L12,12,CONC,4472.708984375,73.88175574714366
L12,12,HOECHST,4514.34619140625,110.14887697661547
L12,12,MITO,91427.375,3231.0454388983344
L12,12,PHAandWGA,32570.14453125,1016.9083626022374
L12,12,SYTO,19507.244140625,605.1704218804314
L12,13,CONC,4481.91015625,70.8879471653164
L12,13,HOECHST,4555.669921875,105.31809804374265
L12,13,MITO,92582.3359375,3104.2964662412605
L12,13,PHAandWGA,32441.826171875,979.7957554819661
L12,13,SYTO,18964.25,575.0368136422321
L12,14,CONC,4528.5732421875,68.17920793046464
L12,14,HOECHST,4618.482421875,101.05642843814937
L12,14,MITO,92237.875,2979.7835312069265
L12,14,PHAandWGA,32771.890625,949.3940796050633
L12,14,SYTO,18845.2734375,549.2526417494379
L12,15,CONC,4532.98583984375,65.3071029064164
L12,15,HOECHST,4666.0615234375,96.59823759281036
L12,15,MITO,93171.6875,2865.060687880403
L12,15,PHAandWGA,33327.82421875,917.8862132525915
L12,15,SYTO,18902.578125,523.3182507712557
L13,0,CONC,1126.5423583984375,30.7651646355197
L13,0,HOECHST,1527.0010986328125,71.41858877167084
L13,0,MITO,26363.5,3464.3124365477797
L13,0,PHAandWGA,4231.1875,383.87961512326535
L13,0,SYTO,2615.171142578125,231.75049037696
L13,1,CONC,1225.37353515625,45.690097836400724
L13,1,HOECHST,1668.235595703125,105.40980045971676
L13,1,MITO,27780.609375,4468.388899032077
L13,1,PHAandWGA,5278.30029296875,559.0186715334345
L13,1,SYTO,2917.4501953125,330.73514646678717
L13,2,CONC,1378.3004150390625,69.36446231690508
L13,2,HOECHST,1924.065673828125,167.2744769258922
L13,2,MITO,31468.05078125,5846.755463770559
L13,2,PHAandWGA,6401.8359375,806.5147700349625
L13,2,SYTO,3516.83203125,490.691387887388
L13,3,CONC,1516.104248046875,85.97957677627274
L13,3,HOECHST,2181.09130859375,216.72158802660712
L13,3,MITO,33859.9609375,6525.602238751857
L13,3,PHAandWGA,7405.7392578125,956.2912028345111
L13,3,SYTO,4166.8896484375,608.9650529605346
L13,4,CONC,1598.4365234375,93.17988683023684
L13,4,HOECHST,2287.9814453125,234.2945299741297
L13,4,MITO,35335.48828125,6845.670619631632
L13,4,PHAandWGA,8084.2275390625,1021.8752305657111
L13,4,SYTO,4435.1552734375,654.6629478726163
L13,5,CONC,1654.2945556640625,96.1538968960507
L13,5,HOECHST,2324.611328125,231.46775100638652
L13,5,MITO,36630.56640625,6995.557550784322
L13,5,PHAandWGA,8569.3271484375,1045.5432048369275
L13,5,SYTO,4510.95556640625,657.7299190883436
L13,6,CONC,1678.7415771484375,95.33640160381941
L13,6,HOECHST,2346.57470703125,223.63570310629086
L13,6,MITO,37322.828125,6988.5495875429015
L13,6,PHAandWGA,8742.1796875,1015.4296464125606
L13,6,SYTO,4514.51171875,637.8939399467056
L13,7,CONC,1681.6234130859375,92.00527998418978
L13,7,HOECHST,2345.3486328125,211.35470994129165
L13,7,MITO,37446.00390625,6870.710438090591
L13,7,PHAandWGA,8696.1845703125,976.5618928270599
L13,7,SYTO,4433.4228515625,608.8889694845249
L13,8,CONC,1681.186279296875,87.61313434482469
L13,8,HOECHST,2312.44970703125,197.82803829133303
L13,8,MITO,37403.46484375,6676.90012764485
L13,8,PHAandWGA,8442.6953125,930.9006242670288
L13,8,SYTO,4346.2001953125,578.5143854379784
L13,9,CONC,1648.285400390625,82.59832355613739
L13,9,HOECHST,2276.830810546875,182.44845877061948
L13,9,MITO,36606.57421875,6447.662702537022
L13,9,PHAandWGA,8139.61865234375,883.8018492685301
L13,9,SYTO,4298.93359375,541.7340857281824
L13,10,CONC,1630.736572265625,77.80764259148974
L13,10,HOECHST,2240.08935546875,167.4441357750794
L13,10,MITO,36805.2109375,6216.987022613548
L13,10,PHAandWGA,7800.0478515625,833.3423380952134
L13,10,SYTO,4189.7568359375,503.5895794872386
L13,11,CONC,1617.5316162109375,73.06526943579325
L13,11,HOECHST,2218.56201171875,154.37162736097486
L13,11,MITO,36408.39453125,5929.734146934487
L13,11,PHAandWGA,7395.80419921875,780.2607330512371
L13,11,SYTO,4118.630859375,467.75889416291426
L13,12,CONC,1616.54345703125,68.53941984419038
L13,12,HOECHST,2217.55078125,142.6918025602607
L13,12,MITO,36091.3046875,5583.829607531173
L13,12,PHAandWGA,7150.1494140625,720.85495314646
L13,12,SYTO,4024.4462890625,430.04068327957873
L13,13,CONC,1610.1903076171875,64.20820543315205
L13,13,HOECHST,2226.071533203125,131.80845220469803
L13,13,MITO,36093.90234375,5219.529139172715
L13,13,PHAandWGA,6792.0302734375,660.2981890712563
L13,13,SYTO,3997.956298828125,396.62230629324563
L13,14,CONC,1611.09130859375,59.98270010160037
L13,14,HOECHST,2240.515625,121.82522258280999
L13,14,MITO,36149.9765625,4850.891678998519
L13,14,PHAandWGA,6567.662109375,603.2902461062561
L13,14,SYTO,3963.34765625,364.1085738417414
L13,15,CONC,1612.0146484375,56.00588906156972
L13,15,HOECHST,2277.624267578125,113.52992531194
L13,15,MITO,35664.984375,4436.834968662786
L13,15,PHAandWGA,6396.3095703125,548.8314237492369
L13,15,SYTO,4006.13671875,333.64741548812304
L14,0,CONC,1679.4932861328125,61.29931712262151
L14,0,HOECHST,1699.8341064453125,101.52316489203437
L14,0,MITO,32596.525390625,4643.590998279597
L14,0,PHAandWGA,7224.9736328125,666.4047534129948
L14,0,SYTO,3594.984375,369.85668461617206
L14,1,CONC,1830.774658203125,77.86892535405312
L14,1,HOECHST,1868.29150390625,131.96879647236895
L14,1,MITO,34761.45703125,5245.762769635
L14,1,PHAandWGA,8276.3232421875,815.365022461783
L14,1,SYTO,4033.5126953125,462.49368155854455
L14,2,CONC,1942.7132568359375,89.22444384701976
L14,2,HOECHST,2021.430419921875,153.31426967996353
L14,2,MITO,36735.9140625,5660.631474950518
L14,2,PHAandWGA,9292.154296875,925.3059178062265
L14,2,SYTO,4396.052734375,527.3419945928874
L14,3,CONC,2049.268798828125,95.74108604650039
L14,3,HOECHST,2130.06884765625,163.50720066688075
L14,3,MITO,38300.7578125,5882.388551240163
L14,3,PHAandWGA,10035.5810546875,991.1601838899414
L14,3,SYTO,4660.064453125,558.0079943497569
L14,4,CONC,2098.0146484375,98.76271464199463
L14,4,HOECHST,2203.934814453125,166.94695302667776
L14,4,MITO,39381.73046875,5969.56537408931
L14,4,PHAandWGA,10549.025390625,1021.6895258990469
L14,4,SYTO,4836.21484375,570.1983766045516
L14,5,CONC,2138.5927734375,99.02318212576364
L14,5,HOECHST,2256.38623046875,164.35563277926352
L14,5,MITO,40029.29296875,5984.867236507897
L14,5,PHAandWGA,10952.92578125,1028.515404865385
L14,5,SYTO,4957.07373046875,565.1565928335236
L14,6,CONC,2156.552734375,97.47744097357469
L14,6,HOECHST,2260.44580078125,158.31082637896708
L14,6,MITO,40451.22265625,5948.126992551914
L14,6,PHAandWGA,11092.798828125,1006.774910399427
L14,6,SYTO,4956.07568359375,548.4204224707245
L14,7,CONC,2167.04248046875,94.54504633133469
L14,7,HOECHST,2266.98291015625,149.69874480590204
L14,7,MITO,40716.83984375,5826.373438174138
L14,7,PHAandWGA,10875.02734375,972.197437024922
L14,7,SYTO,4986.7568359375,523.5798939692417
L14,8,CONC,2163.776123046875,90.43230558959651
L14,8,HOECHST,2237.290771484375,139.43814226280273
L14,8,MITO,40551.76171875,5650.987645090282
L14,8,PHAandWGA,10874.0205078125,939.1205709585506
L14,8,SYTO,4900.05419921875,497.0956224557119
L14,9,CONC,2146.63720703125,86.02443360572803
L14,9,HOECHST,2219.389404296875,130.0359753021238
L14,9,MITO,40709.09375,5459.555407967186
L14,9,PHAandWGA,10726.451171875,899.0119432168307
L14,9,SYTO,4856.30419921875,468.2948437251575
L14,10,CONC,2135.97607421875,81.22429824733027
L14,10,HOECHST,2189.1064453125,120.92593360732612
L14,10,MITO,40447.06640625,5227.897606552678
L14,10,PHAandWGA,10266.2177734375,842.8201320103235
L14,10,SYTO,4767.94775390625,437.22807716110987
L14,11,CONC,2127.645263671875,76.07729792061188
L14,11,HOECHST,2160.830078125,111.60895972626338
L14,11,MITO,40362.3828125,4955.314144247286
L14,11,PHAandWGA,9890.7431640625,782.3727987069054
L14,11,SYTO,4676.43603515625,405.5534318847949
L14,12,CONC,2128.663818359375,70.91250734589957
L14,12,HOECHST,2187.171875,103.46228582595059
L14,12,MITO,40438.62109375,4640.341020067928
L14,12,PHAandWGA,9572.2021484375,716.2884656560818
L14,12,SYTO,4669.708984375,374.12407655640004
L14,13,CONC,2134.14111328125,66.22121520481865
L14,13,HOECHST,2198.1513671875,96.07893751049613
L14,13,MITO,40497.23828125,4323.531427445032
L14,13,PHAandWGA,9223.53515625,649.7087065249528
L14,13,SYTO,4642.40185546875,343.22205940910885
L14,14,CONC,2155.51806640625,61.90147261331653
L14,14,HOECHST,2236.86767578125,89.37123538843326
L14,14,MITO,40498.16796875,3986.7961122915904
L14,14,PHAandWGA,8923.7119140625,592.2559261361204
L14,14,SYTO,4672.3291015625,315.28714142553855
L14,15,CONC,2182.6337890625,57.60829029186612
L14,15,HOECHST,2270.7607421875,82.77770375908524
L14,15,MITO,40928.0,3644.6592098209603
L14,15,PHAandWGA,8728.728515625,537.6823852569838
L14,15,SYTO,4703.98779296875,287.8124223257932
L15,0,CONC,1344.9658203125,53.091737822426296
L15,0,HOECHST,1584.2113037109375,93.42587230327102
L15,0,MITO,25083.3203125,3864.6463734545637
L15,0,PHAandWGA,4571.9921875,511.71467950630563
L15,0,SYTO,2721.53857421875,295.9643999393323
L15,1,CONC,1477.152587890625,74.93414108242673
L15,1,HOECHST,1777.7496337890625,136.44897007755205
L15,1,MITO,27399.732421875,4820.252433157261
L15,1,PHAandWGA,5594.48681640625,695.1613749870235
L15,1,SYTO,3107.815673828125,411.2476681135618
L15,2,CONC,1630.0777587890625,98.11547474549545
L15,2,HOECHST,1997.2161865234375,187.05902552100122
L15,2,MITO,30119.060546875,5806.391018943123
L15,2,PHAandWGA,6558.677734375,893.6128462631267
L15,2,SYTO,3610.54833984375,531.9897857531929
L15,3,CONC,1747.433837890625,113.73098657668749
L15,3,HOECHST,2170.34326171875,223.0586045909668
L15,3,MITO,31904.357421875,6285.854363779016
L15,3,PHAandWGA,7346.53125,1036.398699884195
L15,3,SYTO,4030.73046875,613.0957794517627
L15,4,CONC,1822.897216796875,120.42859783578481
L15,4,HOECHST,2296.66162109375,233.9125292887179
L15,4,MITO,33060.74609375,6440.18104683098
L15,4,PHAandWGA,7987.0185546875,1116.162672795483
L15,4,SYTO,4206.8662109375,641.0346026244254
L15,5,CONC,1878.7109375,123.66703123603816
L15,5,HOECHST,2334.255615234375,233.89162206497508
L15,5,MITO,33836.8984375,6430.657743474058
L15,5,PHAandWGA,8439.794921875,1180.3079153529281
L15,5,SYTO,4335.693359375,651.7488242060888
L15,6,CONC,1909.186767578125,124.62103209248066
L15,6,HOECHST,2354.5703125,228.29697509031263
L15,6,MITO,34334.0,6419.386181739856
L15,6,PHAandWGA,8551.603515625,1185.5783626448558
L15,6,SYTO,4402.876953125,644.6777311298814
L15,7,CONC,1936.4010009765625,123.07657240113306
L15,7,HOECHST,2368.14794921875,218.80193431208903
L15,7,MITO,34786.953125,6337.1089262022615
L15,7,PHAandWGA,8635.0693359375,1151.0619787196104
L15,7,SYTO,4434.23779296875,626.1414880712247
L15,8,CONC,1936.8251953125,118.90466373392331
L15,8,HOECHST,2343.26220703125,207.9681365247453
L15,8,MITO,34729.34375,6177.538368681665
L15,8,PHAandWGA,8577.5400390625,1107.7323574446812
L15,8,SYTO,4400.5380859375,599.4785111436438
L15,9,CONC,1944.245361328125,112.90679494700846
L15,9,HOECHST,2325.375,195.5035003162724
L15,9,MITO,34589.28125,5928.772882779192
L15,9,PHAandWGA,8328.3486328125,1036.8005169001617
L15,9,SYTO,4300.0869140625,563.8847299248073
L15,10,CONC,1925.69091796875,106.54305195552527
L15,10,HOECHST,2301.30224609375,180.75358827285726
L15,10,MITO,34442.45703125,5668.189041194894
L15,10,PHAandWGA,8018.630859375,958.0281888340805
L15,10,SYTO,4177.49365234375,525.1778340737484
L15,11,CONC,1906.209228515625,99.82709778386922
L15,11,HOECHST,2270.636962890625,166.79259359845705
L15,11,MITO,34271.87890625,5350.312420663674
L15,11,PHAandWGA,7660.06689453125,876.2935684348688
L15,11,SYTO,4106.0595703125,487.0307900738762
L15,12,CONC,1888.362060546875,93.37109979757203
L15,12,HOECHST,2263.39794921875,154.17095273217222
L15,12,MITO,33987.03125,5015.97695165186
L15,12,PHAandWGA,7466.826171875,805.1220426872643
L15,12,SYTO,4050.947509765625,448.97099710822187
L15,13,CONC,1890.2445068359375,86.83059424929715
L15,13,HOECHST,2260.901123046875,140.89997099326334
L15,13,MITO,33964.94140625,4653.406943936799
L15,13,PHAandWGA,7181.783203125,737.0997528353008
L15,13,SYTO,4023.60009765625,411.9196796120576
L15,14,CONC,1886.530517578125,79.97187644820595
L15,14,HOECHST,2294.805419921875,128.57127106064843
L15,14,MITO,33676.296875,4225.998027650244
L15,14,PHAandWGA,6989.609375,666.6986660276265
L15,14,SYTO,3977.7509765625,373.99127948712925
L15,15,CONC,1899.86279296875,73.57137469271532
L15,15,HOECHST,2335.62841796875,117.20685324273123
L15,15,MITO,34245.27734375,3805.1917597023066
L15,15,PHAandWGA,6680.03125,596.1837497843643
L15,15,SYTO,3980.9091796875,337.97013363180577
L16,0,CONC,2147.5966796875,53.87174318434451
L16,0,HOECHST,1145.529296875,22.09006002146092
L16,0,MITO,41751.25390625,3497.548879964194
L16,0,PHAandWGA,11028.765625,759.5618063510096
L16,0,SYTO,4110.29736328125,272.12914823708405
L16,1,CONC,2311.94287109375,74.39589339592563
L16,1,HOECHST,1222.71923828125,29.473174968245843
L16,1,MITO,43626.3203125,4319.181403976813
L16,1,PHAandWGA,11916.4140625,967.5828825233518
L16,1,SYTO,4527.3056640625,358.56944737076117
L16,2,CONC,2528.634521484375,103.29162941686536
L16,2,HOECHST,1341.5333251953125,43.26532156633448
L16,2,MITO,47205.2265625,5338.321268940812
L16,2,PHAandWGA,12981.638671875,1274.910892350324
L16,2,SYTO,5314.6474609375,492.7619129569554
L16,3,CONC,2724.2822265625,124.83276503700594
L16,3,HOECHST,1454.657958984375,57.234918951825136
L16,3,MITO,50050.8359375,5929.7193221525995
L16,3,PHAandWGA,14352.1015625,1528.1605896237838
L16,3,SYTO,6234.642578125,604.9898945106756
L16,4,CONC,2897.17919921875,138.85509811648134
L16,4,HOECHST,1572.71337890625,66.63256869809253
L16,4,MITO,53093.609375,6307.428988040876
L16,4,PHAandWGA,15697.892578125,1684.7725191404556
L16,4,SYTO,6889.4052734375,672.7877592424641
L16,5,CONC,3031.20849609375,146.1175264399577
L16,5,HOECHST,1630.1199951171875,70.20703762334652
L16,5,MITO,54515.8515625,6440.406911796366
L16,5,PHAandWGA,16504.32421875,1736.0761462992828
L16,5,SYTO,7219.52197265625,694.9300560687291
L16,6,CONC,3135.81982421875,148.40089817700283
L16,6,HOECHST,1698.779296875,71.5453838835137
L16,6,MITO,56076.0625,6593.088523504482
L16,6,PHAandWGA,17285.986328125,1749.208645613218
L16,6,SYTO,7169.0283203125,693.474426076148
L16,7,CONC,3195.6513671875,147.3742278377422
L16,7,HOECHST,1726.205078125,71.0633765539096
L16,7,MITO,57654.859375,6642.037863716451
L16,7,PHAandWGA,18004.060546875,1724.5262681065376
L16,7,SYTO,7126.271484375,675.2518801619458
L16,8,CONC,3232.1533203125,144.13543301213775
L16,8,HOECHST,1745.0694580078125,68.94832932727829
L16,8,MITO,58140.0390625,6679.906352909751
L16,8,PHAandWGA,18482.27734375,1686.22217437125
L16,8,SYTO,7081.20849609375,650.2870541116235
L16,9,CONC,3275.20947265625,139.78689114956973
L16,9,HOECHST,1739.5921630859375,64.89067316385562
L16,9,MITO,59440.88671875,6614.8469237446925
L16,9,PHAandWGA,18789.140625,1632.2114231804683
L16,9,SYTO,6943.89794921875,618.5989965808409
L16,10,CONC,3254.25244140625,134.6844441938652
L16,10,HOECHST,1739.4296875,60.918665132520914
L16,10,MITO,59117.0,6479.716579028253
L16,10,PHAandWGA,18750.05859375,1575.0334455509214
L16,10,SYTO,6927.71630859375,587.7923645773758
L16,11,CONC,3253.850830078125,128.564732765277
L16,11,HOECHST,1731.68115234375,57.46411451604951
L16,11,MITO,59711.71484375,6311.51918285987
L16,11,PHAandWGA,18463.55078125,1507.4694407902234
L16,11,SYTO,6835.0654296875,554.5160156514943
L16,12,CONC,3217.1044921875,122.35251200988132
L16,12,HOECHST,1710.42626953125,54.048586902792685
L16,12,MITO,59789.1640625,6106.569588385987
L16,12,PHAandWGA,17974.330078125,1444.4571499043202
L16,12,SYTO,6693.6953125,522.8793967168915
L16,13,CONC,3216.039794921875,116.04707977821073
L16,13,HOECHST,1707.240234375,51.02954117975015
L16,13,MITO,59357.34375,5874.591972987975
L16,13,PHAandWGA,18003.8046875,1375.1464321355065
L16,13,SYTO,6626.400390625,492.76777753810256
L16,14,CONC,3231.729736328125,110.03144445563244
L16,14,HOECHST,1729.00537109375,48.25908409317316
L16,14,MITO,59730.09375,5606.5258962823655
L16,14,PHAandWGA,17821.85546875,1301.5520979909556
L16,14,SYTO,6609.0791015625,463.68274946345286
L16,15,CONC,3270.9462890625,104.79700278210919
L16,15,HOECHST,1738.2039794921875,45.78177882653728
L16,15,MITO,59695.8671875,5311.046284837149
L16,15,PHAandWGA,17789.267578125,1230.8386258112532
L16,15,SYTO,6618.0302734375,435.62664516595805
L17,0,CONC,2373.36279296875,54.68278395430386
L17,0,HOECHST,1422.226806640625,37.079669818108734
L17,0,MITO,42656.9140625,3307.6716730082876
L17,0,PHAandWGA,12428.9921875,784.4828728529199
L17,0,SYTO,5226.6767578125,351.4405132605013
L17,1,CONC,2521.6064453125,66.42694486507595
L17,1,HOECHST,1514.794677734375,46.02913861186598
L17,1,MITO,43567.578125,3666.5423920996764
L17,1,PHAandWGA,13281.28515625,911.077526335193
L17,1,SYTO,5618.7060546875,418.0835130616786
L17,2,CONC,2665.71533203125,78.29713077979336
L17,2,HOECHST,1603.3367919921875,55.44741909847254
L17,2,MITO,45693.27734375,4068.9656213594276
L17,2,PHAandWGA,14208.0634765625,1036.2447557724674
L17,2,SYTO,6139.78955078125,484.8873131771457
L17,3,CONC,2829.4697265625,89.35643531046092
L17,3,HOECHST,1703.999267578125,64.37403510125006
L17,3,MITO,47897.9609375,4372.738212140903
L17,3,PHAandWGA,15099.3447265625,1147.4932123887409
L17,3,SYTO,6650.3671875,544.7992152430502
L17,4,CONC,2966.150390625,96.66281248512564
L17,4,HOECHST,1801.03173828125,70.18214967308394
L17,4,MITO,49723.1875,4598.931936263301
L17,4,PHAandWGA,16503.69140625,1229.0331350037
L17,4,SYTO,7088.54736328125,580.9745518893616
L17,5,CONC,3050.177001953125,101.12693232424208
L17,5,HOECHST,1863.67236328125,73.04660907572804
L17,5,MITO,50955.3203125,4717.913780124725
L17,5,PHAandWGA,17140.94140625,1281.7326675073682
L17,5,SYTO,7331.99609375,596.778119953364
L17,6,CONC,3150.00341796875,103.7316288347259
L17,6,HOECHST,1921.342529296875,75.29804874159858
L17,6,MITO,52623.59375,4801.0517644685115
L17,6,PHAandWGA,17895.40234375,1313.6844081604172
L17,6,SYTO,7550.82763671875,603.4764477855806
L17,7,CONC,3238.1337890625,104.54357262227217
L17,7,HOECHST,1967.864501953125,75.63096993797336
L17,7,MITO,53706.8671875,4813.483162056525
L17,7,PHAandWGA,18568.58984375,1322.096553862439
L17,7,SYTO,7712.4482421875,599.6802542981688
L17,8,CONC,3266.26123046875,103.69747520046762
L17,8,HOECHST,2009.765869140625,74.75606375191472
L17,8,MITO,54796.1171875,4813.559020479352
L17,8,PHAandWGA,18913.783203125,1315.4355454450201
L17,8,SYTO,7753.4716796875,589.4293434700521
L17,9,CONC,3308.86376953125,102.52727800854096
L17,9,HOECHST,2029.2618408203125,73.98293906147019
L17,9,MITO,54781.609375,4729.370820188428
L17,9,PHAandWGA,19056.7734375,1299.9909744045015
L17,9,SYTO,7810.5966796875,575.7153843296976
L17,10,CONC,3345.91845703125,100.89396439593594
L17,10,HOECHST,2049.175537109375,72.69972646130094
L17,10,MITO,55608.78125,4728.76934841652
L17,10,PHAandWGA,19352.74609375,1287.9720183496254
L17,10,SYTO,7845.3603515625,561.1903147587349
L17,11,CONC,3360.21728515625,98.99753047480174
L17,11,HOECHST,2058.90185546875,71.21142085107202
L17,11,MITO,56705.453125,4662.815378317996
L17,11,PHAandWGA,19336.390625,1266.1763911770647
L17,11,SYTO,7930.5029296875,546.5227219734749
L17,12,CONC,3393.38134765625,96.51002148511591
L17,12,HOECHST,2073.608642578125,69.38742001466696
L17,12,MITO,57406.5,4554.771041740822
L17,12,PHAandWGA,19534.529296875,1233.77330970106
L17,12,SYTO,7924.041015625,528.5172430797568
L17,13,CONC,3420.0185546875,93.58887779919732
L17,13,HOECHST,2094.93310546875,67.32327647877874
L17,13,MITO,57251.5625,4370.46754699981
L17,13,PHAandWGA,19734.12890625,1195.455236751884
L17,13,SYTO,7928.3408203125,504.586846902694
L17,14,CONC,3459.939453125,90.26204502852734
L17,14,HOECHST,2120.287109375,64.90208292454629
L17,14,MITO,57905.1796875,4217.47194262824
L17,14,PHAandWGA,19715.625,1149.0771081202724
L17,14,SYTO,8040.478515625,479.1200605107858
L17,15,CONC,3516.829833984375,86.77255960943128
L17,15,HOECHST,2166.5341796875,62.17854528100196
L17,15,MITO,59086.2890625,4008.6887251238536
L17,15,PHAandWGA,19630.109375,1093.5204028338383
L17,15,SYTO,8106.5732421875,453.68813079145684
L18,0,CONC,2836.640380859375,80.54277239747788
L18,0,HOECHST,2270.206787109375,86.92450190212064
L18,0,MITO,52491.828125,3954.9807335355185
L18,0,PHAandWGA,13035.029296875,799.6455915744875
L18,0,SYTO,6046.412109375,400.0539373980721
L18,1,CONC,3103.36865234375,106.08013740308711
L18,1,HOECHST,2500.23291015625,120.97903100573691
L18,1,MITO,56125.0625,4777.434439616345
L18,1,PHAandWGA,14375.984375,999.2609430214673
L18,1,SYTO,7082.43603515625,527.5791590860481
L18,2,CONC,3322.749755859375,123.97732972808781
L18,2,HOECHST,2712.76611328125,143.95745498110193
L18,2,MITO,60002.4296875,5291.025790329333
L18,2,PHAandWGA,15864.9609375,1154.697522891147
L18,2,SYTO,7994.5498046875,610.2387958721328
L18,3,CONC,3502.26171875,134.29871167032073
L18,3,HOECHST,2912.9443359375,160.1569650180672
L18,3,MITO,62581.625,5548.54062827945
L18,3,PHAandWGA,17216.845703125,1245.2225162116215
L18,3,SYTO,8697.08203125,657.5531151696101
L18,4,CONC,3659.39599609375,139.03291075634178
L18,4,HOECHST,3069.7578125,169.32108761745087
L18,4,MITO,64825.3671875,5640.252140464679
L18,4,PHAandWGA,18650.478515625,1292.5576469538596
L18,4,SYTO,9050.7880859375,679.574656467439
L18,5,CONC,3825.908447265625,143.09593478169563
L18,5,HOECHST,3223.212158203125,173.57670761653887
L18,5,MITO,66942.59375,5691.405239866689
L18,5,PHAandWGA,19772.21875,1321.5873256328687
L18,5,SYTO,9550.56640625,691.3481195522869
L18,6,CONC,3944.0947265625,145.93903528245795
L18,6,HOECHST,3363.565673828125,176.81342134466934
L18,6,MITO,69856.8984375,5744.258318061901
L18,6,PHAandWGA,20881.119140625,1337.5447613572032
L18,6,SYTO,9782.501953125,692.9699235350495
L18,7,CONC,4016.25927734375,145.66455673973525
L18,7,HOECHST,3444.99072265625,173.46791463354572
L18,7,MITO,71575.859375,5753.071876624407
L18,7,PHAandWGA,21577.021484375,1341.122412646383
L18,7,SYTO,9839.810546875,681.4167567426867
L18,8,CONC,4090.7685546875,144.3920842960362
L18,8,HOECHST,3443.316650390625,169.2680186117301
L18,8,MITO,72040.3359375,5692.769399143633
L18,8,PHAandWGA,22088.33203125,1337.1267236757296
L18,8,SYTO,9843.0048828125,668.8142102872513
L18,9,CONC,4128.72607421875,141.79522772930255
L18,9,HOECHST,3489.289306640625,164.02899124543111
L18,9,MITO,72818.828125,5636.02596990854
L18,9,PHAandWGA,22477.70703125,1324.4612111788888
L18,9,SYTO,9756.1240234375,650.8983507716939
L18,10,CONC,4173.09033203125,137.95396692689718
L18,10,HOECHST,3491.58251953125,156.9835572065939
L18,10,MITO,73755.703125,5522.121306107831
L18,10,PHAandWGA,22792.529296875,1291.9585015019838
L18,10,SYTO,9705.7421875,624.2379905015234
L18,11,CONC,4169.1025390625,133.73258508113585
L18,11,HOECHST,3504.54833984375,150.01508377002912
L18,11,MITO,74757.984375,5406.832376776569
L18,11,PHAandWGA,22788.791015625,1260.4829753133588
L18,11,SYTO,9658.341796875,600.459214624809
L18,12,CONC,4152.8173828125,128.82964341760112
L18,12,HOECHST,3498.810546875,142.6344287798648
L18,12,MITO,74177.0,5268.368994128072
L18,12,PHAandWGA,22644.66015625,1220.635531128325
L18,12,SYTO,9558.2294921875,575.2314232773673
L18,13,CONC,4147.9189453125,123.49548438375297
L18,13,HOECHST,3512.708740234375,135.665969228164
L18,13,MITO,75018.9765625,5101.721092769042
L18,13,PHAandWGA,22421.259765625,1173.0697225340818
L18,13,SYTO,9486.181640625,547.3934312220631
L18,14,CONC,4172.384765625,117.66820872858229
L18,14,HOECHST,3546.9345703125,128.70924984659447
L18,14,MITO,75033.3125,4888.579469348774
L18,14,PHAandWGA,22334.03515625,1114.90280918044
L18,14,SYTO,9412.0166015625,517.2561198274054
L18,15,CONC,4190.59375,111.89470076217218
L18,15,HOECHST,3569.934814453125,121.2177737415108
L18,15,MITO,75722.546875,4638.058816032637
L18,15,PHAandWGA,22132.31640625,1053.8401744797611
L18,15,SYTO,9391.9453125,485.9865941992323
L19,0,CONC,1356.091064453125,52.56591530277104
L19,0,HOECHST,1421.0977783203125,87.54525202049352
L19,0,MITO,24329.4296875,4343.668906522368
L19,0,PHAandWGA,5745.30859375,523.6318036020546
L19,0,SYTO,2758.387451171875,282.0713361495602
L19,1,CONC,1433.6239013671875,63.30894457415386
L19,1,HOECHST,1530.903076171875,108.13461627830947
L19,1,MITO,25563.939453125,4761.828485748022
L19,1,PHAandWGA,6340.91796875,610.0333614245129
L19,1,SYTO,2996.99365234375,335.68139983894235
L19,2,CONC,1507.24853515625,71.110227972742
L19,2,HOECHST,1622.695068359375,125.0942760104988
L19,2,MITO,26485.57421875,5105.984131982261
L19,2,PHAandWGA,6864.58984375,669.6047237799077
L19,2,SYTO,3199.0029296875,377.0104141198758
L19,3,CONC,1557.17041015625,75.63676317125004
L19,3,HOECHST,1686.856689453125,135.0257958620256
L19,3,MITO,27351.08984375,5286.346803551142
L19,3,PHAandWGA,7212.52001953125,704.011664081607
L19,3,SYTO,3293.92333984375,401.0817563710307
L19,4,CONC,1593.785888671875,77.90769648406057
L19,4,HOECHST,1722.094482421875,139.88675415271416
L19,4,MITO,27624.4453125,5393.306690883949
L19,4,PHAandWGA,7368.7177734375,723.5521797975932
L19,4,SYTO,3374.663330078125,412.47637730599433
L19,5,CONC,1607.96728515625,78.63073676108876
L19,5,HOECHST,1753.46484375,139.4145511379475
L19,5,MITO,27998.44140625,5403.842693905431
L19,5,PHAandWGA,7423.974609375,725.9102027281875
L19,5,SYTO,3409.78955078125,412.011197478017
L19,6,CONC,1622.0511474609375,78.40536397934648
L19,6,HOECHST,1761.0224609375,135.82639612915517
L19,6,MITO,28186.888671875,5379.974884802181
L19,6,PHAandWGA,7476.60986328125,717.6829963407033
L19,6,SYTO,3441.484375,404.6407298262655
L19,7,CONC,1644.988525390625,77.44865715969645
L19,7,HOECHST,1758.295654296875,131.46619550611967
L19,7,MITO,28356.53515625,5289.853106382719
L19,7,PHAandWGA,7452.02783203125,702.6466721509968
L19,7,SYTO,3450.62353515625,392.20039984371067
L19,8,CONC,1654.849365234375,75.67428386663026
L19,8,HOECHST,1794.98583984375,125.88230207062419
L19,8,MITO,28940.689453125,5161.530861588527
L19,8,PHAandWGA,7440.607421875,683.2563507726
L19,8,SYTO,3442.18994140625,376.42744123467065
L19,9,CONC,1666.203369140625,72.96241135820605
L19,9,HOECHST,1784.003662109375,119.33609068599351
L19,9,MITO,29274.8984375,4965.971600368908
L19,9,PHAandWGA,7439.884765625,649.3736734540713
L19,9,SYTO,3472.517822265625,357.596204337781
L19,10,CONC,1683.129150390625,69.66099124335452
L19,10,HOECHST,1801.3408203125,112.37861702917054
L19,10,MITO,29337.267578125,4744.404121806234
L19,10,PHAandWGA,7282.4306640625,609.0363455817375
L19,10,SYTO,3467.946044921875,334.86072427455474
L19,11,CONC,1687.15087890625,66.0453615628088
L19,11,HOECHST,1819.605712890625,104.9999165044153
L19,11,MITO,29610.0625,4468.628506284426
L19,11,PHAandWGA,7032.14892578125,563.6758122010249
L19,11,SYTO,3465.7685546875,313.2281549829751
L19,12,CONC,1701.3465576171875,62.37427598455691
L19,12,HOECHST,1826.495361328125,98.34157282110083
L19,12,MITO,29543.322265625,4176.913751998176
L19,12,PHAandWGA,6865.244140625,519.0446785265998
L19,12,SYTO,3487.8330078125,290.01377584775696
L19,13,CONC,1720.59423828125,58.445251179674635
L19,13,HOECHST,1873.919189453125,91.26069129482518
L19,13,MITO,30153.734375,3866.62973336827
L19,13,PHAandWGA,6734.79052734375,473.5980414203566
L19,13,SYTO,3495.390380859375,265.3921377271505
L19,14,CONC,1750.16748046875,54.50830230221262
L19,14,HOECHST,1896.9991455078125,84.34355388483507
L19,14,MITO,30474.3125,3520.1086453312564
L19,14,PHAandWGA,6647.22216796875,428.9091039086128
L19,14,SYTO,3544.552734375,243.2847296985068
L19,15,CONC,1770.7666015625,50.72002442632222
L19,15,HOECHST,1931.3896484375,78.46777821083998
L19,15,MITO,31022.125,3184.4898790665006
L19,15,PHAandWGA,6628.314453125,387.25107288142067
L19,15,SYTO,3570.7548828125,222.7187321591413
L21,0,CONC,4436.6328125,60.39261237683128
L21,0,HOECHST,3297.55419921875,80.12678415515276
L21,0,MITO,75461.703125,2692.7765934127065
L21,0,PHAandWGA,22233.005859375,782.697206124347
L21,0,SYTO,10974.51953125,425.41254940583536
L21,1,CONC,4786.2998046875,82.19607524231162
L21,1,HOECHST,3560.646728515625,106.71378440376837
L21,1,MITO,78977.265625,3365.0914654415897
L21,1,PHAandWGA,23791.33203125,935.6145329941021
L21,1,SYTO,13029.00390625,555.409710861025
L21,2,CONC,5279.400390625,110.61838271592535
L21,2,HOECHST,3880.748046875,140.3576383425304
L21,2,MITO,84088.953125,4118.02055094273
L21,2,PHAandWGA,25503.640625,1156.4725821371383
L21,2,SYTO,15622.7734375,737.1170441082016
L21,3,CONC,5713.111328125,135.26065551994228
L21,3,HOECHST,4258.5771484375,170.92053244091989
L21,3,MITO,90861.046875,4697.1010936393795
L21,3,PHAandWGA,28025.5,1371.719603608011
L21,3,SYTO,17977.09765625,891.6912068939566
L21,4,CONC,6038.728515625,147.9620635911138
L21,4,HOECHST,4582.8662109375,193.2188074682034
L21,4,MITO,95181.2578125,4962.70220808326
L21,4,PHAandWGA,29710.89453125,1515.2589332547595
L21,4,SYTO,19947.609375,979.8253938621568
L21,5,CONC,6341.84814453125,152.72200238146934
L21,5,HOECHST,4771.4501953125,197.13378722243814
L21,5,MITO,98930.578125,5062.276554220279
L21,5,PHAandWGA,32039.85546875,1605.3418185532657
L21,5,SYTO,21557.0703125,1001.4857781057972
L21,6,CONC,6542.2734375,153.78166161985172
L21,6,HOECHST,5029.4169921875,200.58788166277552
L21,6,MITO,102191.0625,5097.41386159991
L21,6,PHAandWGA,33870.1171875,1640.2394216208365
L21,6,SYTO,22857.68359375,1002.2808031753091
L21,7,CONC,6758.263671875,151.84951790866958
L21,7,HOECHST,5173.7529296875,196.73543076740475
L21,7,MITO,104822.4375,5070.995258105658
L21,7,PHAandWGA,35385.6015625,1646.5556873381056
L21,7,SYTO,24426.28515625,983.2809109818286
L21,8,CONC,6827.669921875,148.3614754978077
L21,8,HOECHST,5302.92236328125,194.46806201692874
L21,8,MITO,108105.109375,5015.192418215027
L21,8,PHAandWGA,36415.33203125,1629.017503850533
L21,8,SYTO,25547.87109375,960.742920140866
L21,9,CONC,6905.35595703125,144.61507071811226
L21,9,HOECHST,5388.466796875,190.31555333457925
L21,9,MITO,109564.3125,4958.013024572439
L21,9,PHAandWGA,37865.5546875,1596.1536842412636
L21,9,SYTO,25766.849609375,923.4125252711691
L21,10,CONC,6967.7919921875,140.50713421982195
L21,10,HOECHST,5476.408203125,184.68363191173412
L21,10,MITO,111783.8359375,4882.948093628271
L21,10,PHAandWGA,38594.8828125,1557.4265951460395
L21,10,SYTO,26093.396484375,889.1734309732258
L21,11,CONC,6994.6484375,136.32595636589417
L21,11,HOECHST,5547.1474609375,179.07496075638787
L21,11,MITO,112676.765625,4802.726916005441
L21,11,PHAandWGA,38884.63671875,1526.6816738756588
L21,11,SYTO,26151.7734375,857.0956143549307
L21,12,CONC,7011.4501953125,132.07066207014438
L21,12,HOECHST,5583.17724609375,172.4465215673799
L21,12,MITO,113342.34375,4675.882901113315
L21,12,PHAandWGA,39206.9453125,1489.7751697750332
L21,12,SYTO,25848.58203125,822.0705456628185
L21,13,CONC,7025.43310546875,127.41549005521155
L21,13,HOECHST,5632.52392578125,165.75165209006965
L21,13,MITO,113991.203125,4583.150182036136
L21,13,PHAandWGA,39596.359375,1450.2346505899286
L21,13,SYTO,26007.171875,788.3150245422943
L21,14,CONC,7034.138671875,122.83804354995063
L21,14,HOECHST,5664.2421875,159.41062706107508
L21,14,MITO,115533.2421875,4458.822715846974
L21,14,PHAandWGA,39870.421875,1411.0997234688962
L21,14,SYTO,26005.58984375,754.5539152579071
L21,15,CONC,7132.46875,118.26738983484536
L21,15,HOECHST,5731.41162109375,152.47399640125
L21,15,MITO,116376.609375,4296.927473033068
L21,15,PHAandWGA,39857.80859375,1364.3355568361228
L21,15,SYTO,25718.77734375,720.6083492052003
L23,0,CONC,2163.136962890625,59.84243149214652
L23,0,HOECHST,1800.771728515625,72.05837159000802
L23,0,MITO,40450.3046875,3889.1641796193276
L23,0,PHAandWGA,12917.7890625,993.8467233046445
L23,0,SYTO,5013.23291015625,415.72930607578735
L23,1,CONC,2259.48779296875,67.92456594956356
L23,1,HOECHST,1896.257568359375,82.10662873776793
L23,1,MITO,41105.13671875,4114.987101364013
L23,1,PHAandWGA,13479.384765625,1092.117840608189
L23,1,SYTO,5336.4931640625,461.5900441214775
L23,2,CONC,2356.072509765625,74.86329662040187
L23,2,HOECHST,1978.669677734375,90.71962412738932
L23,2,MITO,42153.859375,4372.7004129912075
L23,2,PHAandWGA,14159.76953125,1179.2676362721797
L23,2,SYTO,5563.41943359375,499.8841215244345
L23,3,CONC,2436.8798828125,79.8300241709661
L23,3,HOECHST,2065.24365234375,97.08344404012684
L23,3,MITO,43530.6875,4553.793349752803
L23,3,PHAandWGA,14833.41015625,1238.9014066972015
L23,3,SYTO,5797.4072265625,523.4131476119193
L23,4,CONC,2514.64404296875,82.89751706783154
L23,4,HOECHST,2112.947265625,101.17128971075529
L23,4,MITO,44451.421875,4684.33781372603
L23,4,PHAandWGA,15395.158203125,1271.4687943546353
L23,4,SYTO,6002.3447265625,536.8717604825146
L23,5,CONC,2568.91748046875,84.85679427036673
L23,5,HOECHST,2184.863037109375,104.20420137331679
L23,5,MITO,45946.94921875,4774.2427536343
L23,5,PHAandWGA,15669.744140625,1284.8559899074555
L23,5,SYTO,6154.697265625,541.4551920088822
L23,6,CONC,2632.296875,86.16138490790433
L23,6,HOECHST,2243.6572265625,105.94354776191904
L23,6,MITO,46857.828125,4837.313456893229
L23,6,PHAandWGA,16175.037109375,1295.7331255454314
L23,6,SYTO,6257.9580078125,540.631370740958
L23,7,CONC,2673.454345703125,86.39661134536738
L23,7,HOECHST,2290.546142578125,106.38110987591688
L23,7,MITO,47374.86328125,4839.861895042292
L23,7,PHAandWGA,16779.12890625,1289.2999243098163
L23,7,SYTO,6410.72412109375,536.1563470515426
L23,8,CONC,2721.469970703125,86.2180001878316
L23,8,HOECHST,2326.419921875,106.10635201389962
L23,8,MITO,48515.765625,4832.814942109023
L23,8,PHAandWGA,17062.501953125,1278.3598374073872
L23,8,SYTO,6479.74072265625,528.2661014179708
L23,9,CONC,2766.919921875,85.12840970013602
L23,9,HOECHST,2370.976318359375,104.45324177264145
L23,9,MITO,49255.0,4749.340489517636
L23,9,PHAandWGA,17333.4765625,1252.8313359297063
L23,9,SYTO,6589.44921875,517.2951840112024
L23,10,CONC,2812.59912109375,83.6671596265944
L23,10,HOECHST,2403.838134765625,102.5570382650761
L23,10,MITO,50042.0859375,4669.414548686359
L23,10,PHAandWGA,17692.59375,1227.0155141888902
L23,10,SYTO,6667.9609375,502.1683562492676
L23,11,CONC,2853.82275390625,81.596368798376
L23,11,HOECHST,2440.633056640625,99.33206967858375
L23,11,MITO,51334.25,4544.673861433384
L23,11,PHAandWGA,17784.10546875,1189.187850918442
L23,11,SYTO,6813.88330078125,484.0778266641793
L23,12,CONC,2906.7646484375,79.22913516145356
L23,12,HOECHST,2480.935546875,96.05573822906335
L23,12,MITO,51870.578125,4392.354938940423
L23,12,PHAandWGA,18181.212890625,1148.463855361839
L23,12,SYTO,6896.33642578125,464.2361110482014
L23,13,CONC,2945.759765625,76.3700076341394
L23,13,HOECHST,2536.96923828125,92.11234217004974
L23,13,MITO,53025.23828125,4221.27843710672
L23,13,PHAandWGA,18297.044921875,1101.234482116719
L23,13,SYTO,6977.57177734375,441.469336250756
L23,14,CONC,2990.78173828125,73.26159099573654
L23,14,HOECHST,2570.921875,87.60937345372993
L23,14,MITO,53996.2578125,4032.378731087605
L23,14,PHAandWGA,18530.7734375,1048.5617669958401
L23,14,SYTO,7090.9111328125,417.7406048313121
L23,15,CONC,3046.8720703125,70.10364835143537
L23,15,HOECHST,2619.7255859375,83.6282309586057
L23,15,MITO,54438.09375,3808.5469496559585
L23,15,PHAandWGA,18959.732421875,989.7807869446212
L23,15,SYTO,7214.7060546875,393.3110052709909
M02,0,CONC,6953.93896484375,58.63605211708999
M02,0,HOECHST,6111.26611328125,83.716740872703
M02,0,MITO,93859.359375,1313.0526954046593
M02,0,PHAandWGA,40573.3515625,606.3598171446451
M02,0,SYTO,31358.92578125,483.07994021543925
M02,1,CONC,7391.60205078125,72.64422426088962
M02,1,HOECHST,6495.525390625,99.57682732957471
M02,1,MITO,97902.359375,1561.6235286161443
M02,1,PHAandWGA,42367.0234375,696.1892936089469
M02,1,SYTO,32872.34375,569.7265911986249
M02,2,CONC,7929.0048828125,88.13667478364742
M02,2,HOECHST,6942.1123046875,118.31836795366382
M02,2,MITO,103477.4140625,1813.4485289029049
M02,2,PHAandWGA,44464.4375,811.9639325198417
M02,2,SYTO,35453.21875,676.9832269204848
M02,3,CONC,8465.4755859375,99.37201996903318
M02,3,HOECHST,7415.80810546875,134.27854241895264
M02,3,MITO,111126.421875,1990.3918455809244
M02,3,PHAandWGA,47628.7890625,912.5375813678887
M02,3,SYTO,38100.0859375,772.166306577896
M02,4,CONC,8913.2822265625,103.19444672805872
M02,4,HOECHST,7861.591796875,144.10656225558006
M02,4,MITO,115278.671875,2021.0787209074672
M02,4,PHAandWGA,50248.015625,958.1760000969525
M02,4,SYTO,40819.09375,813.157482614074
M02,5,CONC,9249.107421875,101.743154655673
M02,5,HOECHST,8214.3232421875,145.2352088561247
M02,5,MITO,120314.7109375,1957.69085225896
M02,5,PHAandWGA,52451.578125,962.3073635741255
M02,5,SYTO,42455.8828125,806.1751589791505
M02,6,CONC,9532.4375,97.43854664285735
M02,6,HOECHST,8511.865234375,141.92736266795413
M02,6,MITO,123274.125,1856.8902743242465
M02,6,PHAandWGA,54417.3203125,941.290409202608
M02,6,SYTO,44759.1171875,779.0708635191228
M02,7,CONC,9765.0556640625,91.39327236044781
M02,7,HOECHST,8845.333984375,137.07620390866154
M02,7,MITO,124747.8203125,1725.8649742997118
M02,7,PHAandWGA,56640.234375,901.5039086403563
M02,7,SYTO,45901.2578125,732.3056507112573
M02,8,CONC,9906.9013671875,85.3550409540509
M02,8,HOECHST,9075.7626953125,130.6195267009808
M02,8,MITO,128379.53125,1604.6638915481526
M02,8,PHAandWGA,58710.34765625,858.1585981337837
M02,8,SYTO,47670.28125,684.9738961234366
M02,9,CONC,10104.3291015625,79.7576545022047
M02,9,HOECHST,9249.42578125,123.4540516116975
M02,9,MITO,130251.234375,1499.4814317596529
M02,9,PHAandWGA,60414.40625,815.1576599438779
M02,9,SYTO,49244.4453125,638.6574319348513
M02,10,CONC,10283.5908203125,75.11838683047218
M02,10,HOECHST,9480.228515625,116.73218554308369
M02,10,MITO,131719.140625,1410.6310790484688
M02,10,PHAandWGA,61707.42578125,775.3034216473368
M02,10,SYTO,51114.8359375,597.5996118289378
M02,11,CONC,10410.380859375,70.85165026542515
M02,11,HOECHST,9631.1171875,111.6171626064216
M02,11,MITO,134167.625,1331.8213382703045
M02,11,PHAandWGA,62384.80078125,744.2632055590354
M02,11,SYTO,52413.6953125,563.4650803573628
M02,12,CONC,10508.8515625,66.88122808021625
M02,12,HOECHST,9789.478515625,106.38922405382112
M02,12,MITO,136146.765625,1261.2438547629654
M02,12,PHAandWGA,63271.18359375,712.1189254874905
M02,12,SYTO,53184.32421875,530.4136417129714
M02,13,CONC,10595.208984375,63.2180767976618
M02,13,HOECHST,9937.1806640625,101.98869908549881
M02,13,MITO,136190.796875,1195.9681658303323
M02,13,PHAandWGA,65048.75,681.3564554272726
M02,13,SYTO,53866.609375,500.55743002398594
M02,14,CONC,10674.4365234375,59.93615064588209
M02,14,HOECHST,10084.494140625,97.69057096435905
M02,14,MITO,138699.453125,1134.961508615022
M02,14,PHAandWGA,65179.3046875,654.1363284458748
M02,14,SYTO,53908.62109375,473.1718293073263
M02,15,CONC,10824.0986328125,57.05986750060161
M02,15,HOECHST,10253.2802734375,93.59232770785908
M02,15,MITO,139708.734375,1080.3540342021854
M02,15,PHAandWGA,66240.8671875,629.6992939452259
M02,15,SYTO,55043.6640625,447.1190303038746
M04,0,CONC,5391.55810546875,80.97111334616723
M04,0,HOECHST,3231.353515625,68.28701956605745
M04,0,MITO,80578.40625,2543.5614787172863
M04,0,PHAandWGA,26717.185546875,806.1073396739868
M04,0,SYTO,15306.3701171875,507.4703687735652
M04,1,CONC,5828.47802734375,104.01217827913202
M04,1,HOECHST,3502.89501953125,87.5098118194638
M04,1,MITO,84613.125,3005.2743575360228
M04,1,PHAandWGA,28711.109375,972.3549984612594
M04,1,SYTO,17749.49609375,650.264343602953
M04,2,CONC,6244.86572265625,121.2047525379978
M04,2,HOECHST,3794.6064453125,107.10056478717533
M04,2,MITO,89525.8046875,3350.6054222551206
M04,2,PHAandWGA,30495.12890625,1108.3054362062223
M04,2,SYTO,19980.046875,766.352765665773
M04,3,CONC,6584.9375,129.26006769984107
M04,3,HOECHST,4054.22265625,118.17019283499353
M04,3,MITO,93065.25,3499.6512429363916
M04,3,PHAandWGA,31879.326171875,1185.2051863531087
M04,3,SYTO,21889.6328125,820.9990475397582
M04,4,CONC,6866.74072265625,132.92155162317928
M04,4,HOECHST,4267.2841796875,119.85733015493577
M04,4,MITO,98259.71875,3575.3051929855646
M04,4,PHAandWGA,34356.8515625,1223.3496338978937
M04,4,SYTO,23824.8125,832.7850416752295
M04,5,CONC,7097.4677734375,133.3637094171015
M04,5,HOECHST,4465.111328125,120.91844530032878
M04,5,MITO,100737.4609375,3568.483650210922
M04,5,PHAandWGA,36413.875,1230.9060124320395
M04,5,SYTO,25774.03125,821.314124828419
M04,6,CONC,7275.537109375,130.6558604766585
M04,6,HOECHST,4616.4921875,118.33708774497778
M04,6,MITO,104097.28125,3540.3279209327015
M04,6,PHAandWGA,37750.625,1228.6809591867082
M04,6,SYTO,27489.8046875,806.454510561413
M04,7,CONC,7334.4384765625,125.66133032886985
M04,7,HOECHST,4712.001953125,114.74507565915255
M04,7,MITO,105855.65625,3432.778163683931
M04,7,PHAandWGA,38890.109375,1212.452846470079
M04,7,SYTO,28258.16015625,784.3721526874207
M04,8,CONC,7453.1455078125,120.4691694126663
M04,8,HOECHST,4832.4521484375,111.05307726665903
M04,8,MITO,107517.8671875,3333.4437533084306
M04,8,PHAandWGA,39945.6171875,1180.814886715842
M04,8,SYTO,29660.599609375,754.7731409236338
M04,9,CONC,7533.18017578125,116.17386982349892
M04,9,HOECHST,4913.3359375,106.94101994776817
M04,9,MITO,109357.765625,3261.5332564513064
M04,9,PHAandWGA,40793.74609375,1149.2810949608026
M04,9,SYTO,30365.044921875,720.5885561357296
M04,10,CONC,7631.93505859375,111.59365320768076
M04,10,HOECHST,4971.28955078125,102.6008435117166
M04,10,MITO,110956.640625,3201.3385804529344
M04,10,PHAandWGA,41630.08203125,1118.9477596361583
M04,10,SYTO,30578.65234375,688.1778995870069
M04,11,CONC,7645.53173828125,106.61806272403568
M04,11,HOECHST,5029.11328125,98.64865338133858
M04,11,MITO,112104.8671875,3082.4979352810224
M04,11,PHAandWGA,41611.40625,1083.7013180465578
M04,11,SYTO,30460.125,654.5378513417784
M04,12,CONC,7746.23193359375,102.04081707418368
M04,12,HOECHST,5111.3115234375,94.8834938293349
M04,12,MITO,113598.8125,2971.8349316717517
M04,12,PHAandWGA,42221.875,1049.13083225425
M04,12,SYTO,30225.1875,622.8077584855621
M04,13,CONC,7830.9990234375,97.39466115980358
M04,13,HOECHST,5164.15771484375,91.24500460669262
M04,13,MITO,113679.640625,2855.8841626279955
M04,13,PHAandWGA,42809.6328125,1017.0420026980603
M04,13,SYTO,30295.1328125,595.1230698755033
M04,14,CONC,7852.27001953125,93.07678181384391
M04,14,HOECHST,5216.7509765625,87.47511727484216
M04,14,MITO,115719.53125,2760.1411681418367
M04,14,PHAandWGA,42979.46875,985.4695086650629
M04,14,SYTO,30004.341796875,567.1345370462086
M04,15,CONC,7902.7392578125,89.37995304896012
M04,15,HOECHST,5260.900390625,84.21889457783942
M04,15,MITO,115647.515625,2650.743509429107
M04,15,PHAandWGA,43692.62109375,959.3539490627581
M04,15,SYTO,29982.732421875,545.4391420490741
M05,0,CONC,5477.150390625,98.45319259219157
M05,0,HOECHST,4149.7333984375,123.53581512588542
M05,0,MITO,78849.4375,2890.2174339458747
M05,0,PHAandWGA,26784.107421875,925.940310780107
M05,0,SYTO,17074.625,658.9388813291945
M05,1,CONC,6097.93310546875,134.54462084982435
M05,1,HOECHST,4627.0888671875,171.2670423708876
M05,1,MITO,83543.703125,3510.644950051207
M05,1,PHAandWGA,28804.859375,1160.8249877029061
M05,1,SYTO,19457.365234375,881.2312252648313
M05,2,CONC,6567.6796875,155.75956797918755
M05,2,HOECHST,5016.271484375,192.64555847269247
M05,2,MITO,88760.203125,3831.5325307022063
M05,2,PHAandWGA,30930.6875,1313.3112607954454
M05,2,SYTO,22077.890625,997.8659575058616
M05,3,CONC,6978.736328125,164.45026593140798
M05,3,HOECHST,5361.7802734375,204.19234119822465
M05,3,MITO,93605.0078125,3985.1482431331733
M05,3,PHAandWGA,33049.890625,1378.747661802707
M05,3,SYTO,24306.9296875,1045.8990975299516
M05,4,CONC,7213.5341796875,164.79004443941724
M05,4,HOECHST,5638.97314453125,207.73939457934483
M05,4,MITO,97442.109375,4022.660700887956
M05,4,PHAandWGA,34976.91015625,1407.7630912634213
M05,4,SYTO,26309.70703125,1053.4282420267918
M05,5,CONC,7339.3798828125,160.81444706540182
M05,5,HOECHST,5799.4345703125,204.57760931452688
M05,5,MITO,100038.203125,3995.685321050576
M05,5,PHAandWGA,36363.72265625,1408.0312515947128
M05,5,SYTO,28016.5234375,1033.8871703927907
M05,6,CONC,7401.96826171875,154.37045255659604
M05,6,HOECHST,5879.9814453125,196.12855519028588
M05,6,MITO,100504.4765625,3894.739116934245
M05,6,PHAandWGA,37248.921875,1390.9803978087027
M05,6,SYTO,28955.1484375,998.742520531823
M05,7,CONC,7447.7451171875,148.09020635089897
M05,7,HOECHST,5949.03125,189.15582570729364
M05,7,MITO,101931.765625,3823.704944595335
M05,7,PHAandWGA,38685.19140625,1359.845863169374
M05,7,SYTO,29489.76171875,956.772006541286
M05,8,CONC,7498.3134765625,142.23942945352542
M05,8,HOECHST,6003.62158203125,180.97082181873267
M05,8,MITO,103311.578125,3742.5655362963216
M05,8,PHAandWGA,39261.31640625,1326.1886718194485
M05,8,SYTO,29832.25390625,913.265673016523
M05,9,CONC,7576.1259765625,136.76834842614804
M05,9,HOECHST,6094.2490234375,174.20199588170968
M05,9,MITO,105114.359375,3651.112102102562
M05,9,PHAandWGA,40101.71875,1291.3021382796273
M05,9,SYTO,30506.27734375,875.7715334299165
M05,10,CONC,7565.62646484375,131.8637425639089
M05,10,HOECHST,6126.43408203125,167.50424905369425
M05,10,MITO,106044.125,3569.428793097404
M05,10,PHAandWGA,40814.2421875,1261.6865738365968
M05,10,SYTO,30584.18359375,841.2945359678638
M05,11,CONC,7588.70654296875,126.79658288745054
M05,11,HOECHST,6152.24658203125,161.2696954874999
M05,11,MITO,106524.515625,3486.5156694806833
M05,11,PHAandWGA,40597.73046875,1231.2564113111957
M05,11,SYTO,30716.609375,808.2292618003403
M05,12,CONC,7618.833984375,122.09352306202483
M05,12,HOECHST,6216.330078125,155.62850722817396
M05,12,MITO,106937.3125,3397.958995338866
M05,12,PHAandWGA,40826.0703125,1204.5878221252647
M05,12,SYTO,30263.115234375,776.3654183334935
M05,13,CONC,7679.841796875,117.83073416827916
M05,13,HOECHST,6286.48828125,150.1154047546373
M05,13,MITO,107070.796875,3303.153135655915
M05,13,PHAandWGA,40929.7890625,1174.6990932790638
M05,13,SYTO,30164.119140625,745.3726470744715
M05,14,CONC,7743.70654296875,113.95745405915589
M05,14,HOECHST,6338.73291015625,145.54383718753863
M05,14,MITO,108485.328125,3222.231742142691
M05,14,PHAandWGA,41452.8828125,1145.8360264462108
M05,14,SYTO,30389.728515625,717.8607254471316
M05,15,CONC,7805.1728515625,110.05213791893833
M05,15,HOECHST,6436.060546875,140.94280949283717
M05,15,MITO,108697.109375,3119.4403354670058
M05,15,PHAandWGA,41447.3515625,1118.5894341382934
M05,15,SYTO,30629.810546875,689.2902023311121
M06,0,CONC,6605.65625,68.09690984050017
M06,0,HOECHST,4996.57373046875,80.90536385511682
M06,0,MITO,92089.0625,1651.0085375393485
M06,0,PHAandWGA,35205.0234375,693.7418096882288
M06,0,SYTO,23364.69140625,482.3532521323576
M06,1,CONC,7026.4599609375,82.4999299950614
M06,1,HOECHST,5292.69189453125,97.45473501024381
M06,1,MITO,95350.1875,1890.1721261377127
M06,1,PHAandWGA,36637.16796875,794.0995601949203
M06,1,SYTO,25243.265625,572.7880884361748
M06,2,CONC,7521.96728515625,95.72011621901898
M06,2,HOECHST,5679.0947265625,113.4089703612136
M06,2,MITO,101299.125,2116.104483090015
M06,2,PHAandWGA,39126.9453125,891.7581754080775
M06,2,SYTO,27444.23046875,658.7230467828889
M06,3,CONC,8024.3955078125,102.14813043140234
M06,3,HOECHST,6085.87158203125,123.47447220301473
M06,3,MITO,107077.0390625,2205.952779734162
M06,3,PHAandWGA,41488.26171875,951.2772711823427
M06,3,SYTO,29805.44140625,706.9759672656943
M06,4,CONC,8372.966796875,103.32623758963146
M06,4,HOECHST,6413.50927734375,127.40870249167607
M06,4,MITO,111053.3515625,2211.6742183029396
M06,4,PHAandWGA,43818.9296875,970.0641828129106
M06,4,SYTO,32612.58203125,717.7358061587311
M06,5,CONC,8705.138671875,102.03024801786435
M06,5,HOECHST,6752.7548828125,127.3887967049734
M06,5,MITO,116100.078125,2181.832242896916
M06,5,PHAandWGA,46302.15625,966.1832947475308
M06,5,SYTO,34461.2421875,709.1678981970254
M06,6,CONC,8957.115234375,98.7548671896496
M06,6,HOECHST,7021.251953125,123.9367475416639
M06,6,MITO,118620.453125,2119.9244748522483
M06,6,PHAandWGA,48496.5546875,948.1776726446916
M06,6,SYTO,36589.140625,685.5877161284967
M06,7,CONC,9161.982421875,94.48963802932667
M06,7,HOECHST,7227.7646484375,119.58786329773288
M06,7,MITO,121454.1328125,2046.171363775444
M06,7,PHAandWGA,50820.875,921.1212421152202
M06,7,SYTO,38264.0703125,653.1503608084188
M06,8,CONC,9275.7294921875,90.20140314091852
M06,8,HOECHST,7373.794921875,114.7724253275768
M06,8,MITO,123789.703125,1975.5892524568167
M06,8,PHAandWGA,52323.84375,894.8938784615963
M06,8,SYTO,39520.453125,625.4656515431842
M06,9,CONC,9312.517578125,84.93775079253142
M06,9,HOECHST,7521.19970703125,109.76930858647931
M06,9,MITO,125280.21875,1903.8794694715523
M06,9,PHAandWGA,53300.921875,865.1607818076548
M06,9,SYTO,40906.53515625,592.4402242730438
M06,10,CONC,9379.626953125,80.5190901755451
M06,10,HOECHST,7607.5927734375,104.6465448244367
M06,10,MITO,127295.328125,1848.662990230857
M06,10,PHAandWGA,53661.9921875,840.4284472936158
M06,10,SYTO,41404.62890625,564.8304973982628
M06,11,CONC,9427.314453125,77.07669896636186
M06,11,HOECHST,7653.70458984375,100.25867902459034
M06,11,MITO,127369.34375,1798.7663725637371
M06,11,PHAandWGA,54949.05859375,819.6931075673779
M06,11,SYTO,41342.03125,543.1639219369074
M06,12,CONC,9493.5146484375,73.95295175271622
M06,12,HOECHST,7746.1552734375,96.65860395286225
M06,12,MITO,128850.609375,1749.138696779408
M06,12,PHAandWGA,55645.8828125,801.2985591456523
M06,12,SYTO,41766.4375,522.3358018478827
M06,13,CONC,9581.212890625,70.95302128346472
M06,13,HOECHST,7815.86767578125,93.27054573827685
M06,13,MITO,128805.25,1693.376446701791
M06,13,PHAandWGA,56469.3671875,781.1583742997644
M06,13,SYTO,42282.99609375,504.4383824142358
M06,14,CONC,9618.892578125,68.33379539190878
M06,14,HOECHST,7907.48779296875,89.97899108539704
M06,14,MITO,130855.203125,1640.626708817848
M06,14,PHAandWGA,56228.8046875,763.8240136881292
M06,14,SYTO,41752.421875,486.30202846415773
M06,15,CONC,9701.4716796875,66.06988715161569
M06,15,HOECHST,8054.3623046875,87.205480043494
M06,15,MITO,130204.4140625,1588.4558475815843
M06,15,PHAandWGA,57369.875,747.5282764926033
M06,15,SYTO,41926.18359375,470.3225444226858
M07,0,CONC,7524.7548828125,101.6070796584048
M07,0,HOECHST,5148.80712890625,109.61084751705435
M07,0,MITO,95631.21875,2385.0461697070664
M07,0,PHAandWGA,34296.1640625,815.5844048482445
M07,0,SYTO,23864.20703125,616.6095300418774
M07,1,CONC,8551.271484375,155.11581788389663
M07,1,HOECHST,5838.3115234375,164.59157528979267
M07,1,MITO,105169.953125,3234.7321964823773
M07,1,PHAandWGA,37408.140625,1090.8987227509754
M07,1,SYTO,26736.076171875,879.7084584660086
M07,2,CONC,9497.4140625,188.07572027261435
M07,2,HOECHST,6546.0146484375,200.54593556438186
M07,2,MITO,115534.0859375,3676.5933641035276
M07,2,PHAandWGA,41140.94921875,1317.0444634857613
M07,2,SYTO,30715.458984375,1066.628037092213
M07,3,CONC,10104.787109375,196.46108925679675
M07,3,HOECHST,7036.1513671875,222.49453175660145
M07,3,MITO,121164.59375,3736.612428748806
M07,3,PHAandWGA,44287.828125,1411.0771672793592
M07,3,SYTO,33517.3046875,1127.4108175321378
M07,4,CONC,10560.052734375,190.10924375931617
M07,4,HOECHST,7403.6953125,211.73631402935393
M07,4,MITO,125718.46875,3598.876779295079
M07,4,PHAandWGA,47746.59765625,1406.66717207788
M07,4,SYTO,36388.34765625,1094.0529340590138
M07,5,CONC,10878.044921875,177.62915370784697
M07,5,HOECHST,7742.56005859375,201.82713701608765
M07,5,MITO,131650.109375,3434.02502028727
M07,5,PHAandWGA,50366.46875,1354.618314365516
M07,5,SYTO,38379.375,1031.5595642369788
M07,6,CONC,11038.0341796875,164.1768266330464
M07,6,HOECHST,7973.20361328125,190.9166805339311
M07,6,MITO,134601.375,3267.4563950278607
M07,6,PHAandWGA,51717.3125,1293.1642753081906
M07,6,SYTO,40188.77734375,961.4553884390751
M07,7,CONC,11093.267578125,149.66563882797823
M07,7,HOECHST,8069.55126953125,177.83186816312963
M07,7,MITO,136520.859375,3063.7855292572053
M07,7,PHAandWGA,53441.12109375,1224.475415816519
M07,7,SYTO,41293.875,894.3318824139039
M07,8,CONC,11045.8203125,136.36423578237998
M07,8,HOECHST,8114.85009765625,161.74572834043622
M07,8,MITO,136644.0,2837.371347163848
M07,8,PHAandWGA,53941.890625,1150.321349243421
M07,8,SYTO,42096.59765625,825.2279711483209
M07,9,CONC,11012.076171875,125.88648200998469
M07,9,HOECHST,8154.9248046875,150.83161110297843
M07,9,MITO,136852.53125,2644.1496657556636
M07,9,PHAandWGA,54932.4375,1078.7029134410884
M07,9,SYTO,42613.78125,761.0118472144513
M07,10,CONC,11002.4619140625,116.9798544675856
M07,10,HOECHST,8157.8154296875,139.5489185693923
M07,10,MITO,136860.96875,2514.103452534136
M07,10,PHAandWGA,55224.05859375,1026.7744103968648
M07,10,SYTO,43652.8984375,708.5675453507324
M07,11,CONC,10903.595703125,108.67204442408186
M07,11,HOECHST,8092.443359375,129.29618648936028
M07,11,MITO,136733.203125,2350.7306995950266
M07,11,PHAandWGA,55324.2109375,979.1035161629101
M07,11,SYTO,43002.4296875,665.7650401391746
M07,12,CONC,10826.986328125,102.21391230351499
M07,12,HOECHST,8099.2353515625,121.42358681604927
M07,12,MITO,136593.078125,2237.8887863000646
M07,12,PHAandWGA,55374.0546875,941.4857392641401
M07,12,SYTO,43685.2890625,633.9357103181243
M07,13,CONC,10795.4013671875,96.25015938535435
M07,13,HOECHST,8121.19921875,114.47944461499057
M07,13,MITO,135988.59375,2117.5072820121454
M07,13,PHAandWGA,55178.1875,904.7775497180171
M07,13,SYTO,43276.19140625,599.3637354466055
M07,14,CONC,10771.9765625,91.0751679845111
M07,14,HOECHST,8103.267578125,108.83389597418139
M07,14,MITO,134840.4375,2005.7812860047093
M07,14,PHAandWGA,55539.0859375,872.9878464966073
M07,14,SYTO,42889.3515625,570.7345049876251
M07,15,CONC,10792.3125,86.85976599242683
M07,15,HOECHST,8174.73779296875,104.24529714943333
M07,15,MITO,135665.21875,1915.558355047736
M07,15,PHAandWGA,56285.28125,844.8546740880192
M07,15,SYTO,42309.4453125,548.8282376652219
M08,0,CONC,1914.7127685546875,35.48735868418792
M08,0,HOECHST,1438.3212890625,29.072647162847318
M08,0,MITO,38683.421875,2401.2267319672897
M08,0,PHAandWGA,8120.97265625,433.56689000778056
M08,0,SYTO,5092.1474609375,270.4083379882627
M08,1,CONC,1982.3970947265625,40.216769831567234
M08,1,HOECHST,1502.62548828125,33.67708593114594
M08,1,MITO,39174.46875,2572.769290068591
M08,1,PHAandWGA,8662.1640625,481.4075900665346
M08,1,SYTO,5339.7119140625,302.70451057410537
M08,2,CONC,2086.91357421875,45.771208619490444
M08,2,HOECHST,1591.1488037109375,39.06638076677187
M08,2,MITO,40230.75,2799.252765067526
M08,2,PHAandWGA,9323.431640625,538.5664212479664
M08,2,SYTO,5678.1318359375,339.4266281896819
M08,3,CONC,2195.700927734375,51.43809997435756
M08,3,HOECHST,1666.8223876953125,44.330624855350614
M08,3,MITO,42480.796875,3026.759193335365
M08,3,PHAandWGA,10064.318359375,598.2295703440225
M08,3,SYTO,6018.62890625,374.9517476904734
M08,4,CONC,2309.59619140625,56.28400181637281
M08,4,HOECHST,1764.383544921875,48.158459263678964
M08,4,MITO,44081.7734375,3184.5349287357844
M08,4,PHAandWGA,10993.36328125,647.1584779542412
M08,4,SYTO,6398.318359375,403.61635441875495
M08,5,CONC,2419.44970703125,60.560572082042725
M08,5,HOECHST,1845.009521484375,51.939002837647
M08,5,MITO,46555.484375,3309.83564510818
M08,5,PHAandWGA,11718.513671875,688.5686207889785
M08,5,SYTO,6778.4326171875,427.51422495956996
M08,6,CONC,2496.934326171875,63.737201656967635
M08,6,HOECHST,1924.702392578125,54.09735955654522
M08,6,MITO,47839.3125,3386.301817672497
M08,6,PHAandWGA,12383.6279296875,717.4354650272661
M08,6,SYTO,7022.5556640625,443.1026537136851
M08,7,CONC,2562.25244140625,65.45335210916704
M08,7,HOECHST,1969.5809326171875,54.77956552210893
M08,7,MITO,48949.87890625,3422.544013797193
M08,7,PHAandWGA,12757.4140625,733.0223968513176
M08,7,SYTO,7223.26220703125,449.32200776547415
M08,8,CONC,2620.257080078125,66.0584457149435
M08,8,HOECHST,1997.665771484375,54.74591331418224
M08,8,MITO,49439.50390625,3430.371941694431
M08,8,PHAandWGA,13206.833984375,739.6759490913324
M08,8,SYTO,7373.2021484375,448.893279039034
M08,9,CONC,2661.462890625,66.05188592905922
M08,9,HOECHST,2037.1875,54.17166467809821
M08,9,MITO,50595.46875,3393.9631710534454
M08,9,PHAandWGA,13450.9423828125,739.0981177942795
M08,9,SYTO,7486.82373046875,443.9930736360857
M08,10,CONC,2697.368896484375,65.46324373335194
M08,10,HOECHST,2062.84033203125,53.28667108363901
M08,10,MITO,50476.1015625,3333.8424558580286
M08,10,PHAandWGA,13649.38671875,732.6195778342009
M08,10,SYTO,7583.6103515625,436.4794921035815
M08,11,CONC,2716.207275390625,64.41911624825501
M08,11,HOECHST,2085.52294921875,52.20728049453401
M08,11,MITO,51289.875,3297.111374699387
M08,11,PHAandWGA,13801.82421875,721.0722856992865
M08,11,SYTO,7677.9052734375,427.762776972399
M08,12,CONC,2750.7216796875,62.94808933236165
M08,12,HOECHST,2107.71728515625,50.80666049176163
M08,12,MITO,52277.90625,3213.351003606273
M08,12,PHAandWGA,13765.947265625,703.4756942934388
M08,12,SYTO,7719.021484375,414.78287820686165
M08,13,CONC,2794.40478515625,61.37575263361252
M08,13,HOECHST,2130.71923828125,49.21590775498499
M08,13,MITO,51853.3828125,3128.248418849283
M08,13,PHAandWGA,13786.708984375,682.7653034975451
M08,13,SYTO,7763.9208984375,399.89588047109663
M08,14,CONC,2791.7119140625,59.560574434413724
M08,14,HOECHST,2137.1982421875,47.47091533683285
M08,14,MITO,52380.296875,3031.1903934597926
M08,14,PHAandWGA,13656.7412109375,659.7548257616407
M08,14,SYTO,7729.2353515625,384.1284161035385
M08,15,CONC,2829.587646484375,57.50138407640377
M08,15,HOECHST,2164.862548828125,45.429803422172775
M08,15,MITO,52936.453125,2907.393473700399
M08,15,PHAandWGA,13601.0390625,633.6194645094721
M08,15,SYTO,7784.7314453125,366.1583901669473
M09,0,CONC,5418.5185546875,133.99137593718612
M09,0,HOECHST,2967.84326171875,95.7503457250837
M09,0,MITO,83482.0546875,3530.5178737550173
M09,0,PHAandWGA,27980.4375,1215.157126545184
M09,0,SYTO,16554.06640625,860.4127572824319
M09,1,CONC,6221.16796875,194.62095570057016
M09,1,HOECHST,3393.15380859375,135.91181744493556
M09,1,MITO,88893.484375,4213.394264186985
M09,1,PHAandWGA,30869.26953125,1572.9981052228825
M09,1,SYTO,19752.548828125,1171.2688542735643
M09,2,CONC,6932.763671875,224.99412539279325
M09,2,HOECHST,3731.12451171875,158.85964469720307
M09,2,MITO,94875.53125,4625.463977790875
M09,2,PHAandWGA,33579.20703125,1781.1862505944837
M09,2,SYTO,22607.904296875,1322.5799481137756
M09,3,CONC,7408.9375,233.70681015685003
M09,3,HOECHST,4014.824462890625,164.07836943915024
M09,3,MITO,99900.953125,4803.443325031637
M09,3,PHAandWGA,36788.8671875,1879.5051095215151
M09,3,SYTO,25757.337890625,1362.8588715295377
M09,4,CONC,7718.34765625,225.4851566222859
M09,4,HOECHST,4226.734375,162.57155228793414
M09,4,MITO,104265.96875,4831.729076775041
M09,4,PHAandWGA,38919.0546875,1875.2155239703843
M09,4,SYTO,27431.046875,1313.5604021685028
M09,5,CONC,7866.2724609375,213.41198256350404
M09,5,HOECHST,4468.32421875,163.4547684856204
M09,5,MITO,108538.890625,4765.119839169107
M09,5,PHAandWGA,41178.4140625,1821.619980794923
M09,5,SYTO,29177.94921875,1243.5689073542042
M09,6,CONC,7881.48876953125,198.39395675518574
M09,6,HOECHST,4590.22412109375,154.38433294880338
M09,6,MITO,109950.4453125,4616.493389875059
M09,6,PHAandWGA,42203.7734375,1748.9732049932184
M09,6,SYTO,30655.140625,1154.9783351565484
M09,7,CONC,7754.94677734375,181.4773042493222
M09,7,HOECHST,4610.0,143.98637816321494
M09,7,MITO,111052.6015625,4480.114418232957
M09,7,PHAandWGA,42954.48046875,1668.6550418515124
M09,7,SYTO,31232.578125,1069.9750145423675
M09,8,CONC,7620.84716796875,166.07194428603307
M09,8,HOECHST,4546.99755859375,132.95158108167735
M09,8,MITO,112767.9609375,4342.746611321222
M09,8,PHAandWGA,43297.2578125,1595.836216741379
M09,8,SYTO,30980.9453125,994.9130774603084
M09,9,CONC,7502.45654296875,152.80178498063154
M09,9,HOECHST,4506.642578125,122.4037518323155
M09,9,MITO,112688.3046875,4164.786344293539
M09,9,PHAandWGA,44077.8984375,1527.3317885158874
M09,9,SYTO,30873.625,926.3885946322251
M09,10,CONC,7364.7216796875,142.3139937627784
M09,10,HOECHST,4520.958984375,115.24719030950386
M09,10,MITO,112156.8046875,4044.8219502037837
M09,10,PHAandWGA,43651.97265625,1461.0291499205032
M09,10,SYTO,30832.23828125,869.9359579578919
M09,11,CONC,7330.58251953125,132.53803665146216
M09,11,HOECHST,4481.744140625,107.97713278294731
M09,11,MITO,112402.109375,3889.7659813992764
M09,11,PHAandWGA,43846.109375,1403.2648376692039
M09,11,SYTO,30087.95703125,813.1966518203492
M09,12,CONC,7263.630859375,123.5061562177143
M09,12,HOECHST,4474.3134765625,101.1762651157596
M09,12,MITO,113817.765625,3739.328992767155
M09,12,PHAandWGA,43234.56640625,1344.3365050264147
M09,12,SYTO,29485.7421875,762.6376968661474
M09,13,CONC,7251.0478515625,116.05618414053868
M09,13,HOECHST,4463.294921875,95.36840690018516
M09,13,MITO,114538.015625,3567.5355265454255
M09,13,PHAandWGA,43640.96875,1285.8786049337482
M09,13,SYTO,28582.51171875,712.2482340750939
M09,14,CONC,7223.60888671875,109.44103558704717
M09,14,HOECHST,4474.1787109375,90.61446774743769
M09,14,MITO,113650.34375,3382.5624776219584
M09,14,PHAandWGA,42757.875,1229.3131707137234
M09,14,SYTO,28142.11328125,670.341239937678
M09,15,CONC,7271.837890625,103.19853908721497
M09,15,HOECHST,4486.67041015625,85.90787051263963
M09,15,MITO,113585.0234375,3224.1405811354
M09,15,PHAandWGA,42898.01171875,1171.7704216751806
M09,15,SYTO,27841.1796875,629.8791410985963
M10,0,CONC,4182.08935546875,70.64247880266122
M10,0,HOECHST,2243.073974609375,49.55380778932354
M10,0,MITO,67691.5625,2962.694500073143
M10,0,PHAandWGA,22263.78125,903.9346055342816
M10,0,SYTO,12668.8193359375,555.7356508513241
M10,1,CONC,4428.1416015625,86.66358164601952
M10,1,HOECHST,2389.455810546875,61.136771069613154
M10,1,MITO,70243.5,3306.8416543663634
M10,1,PHAandWGA,23571.876953125,1041.2472069070648
M10,1,SYTO,14203.146484375,669.5134486962868
M10,2,CONC,4685.1025390625,98.74086145242659
M10,2,HOECHST,2555.111328125,71.45884726642971
M10,2,MITO,73545.8984375,3585.7197525717384
M10,2,PHAandWGA,25057.4921875,1145.4486872625587
M10,2,SYTO,15792.3837890625,756.7330924401706
M10,3,CONC,4937.4794921875,107.3499944674802
M10,3,HOECHST,2711.799072265625,78.92828855756125
M10,3,MITO,76371.359375,3767.212495038468
M10,3,PHAandWGA,26757.6953125,1228.8986202379933
M10,3,SYTO,17335.91015625,810.9556425038743
M10,4,CONC,5154.359375,113.40853284555095
M10,4,HOECHST,2834.1904296875,83.36452396419638
M10,4,MITO,78596.421875,3898.8516491857717
M10,4,PHAandWGA,28247.76953125,1284.5219893530723
M10,4,SYTO,19235.38671875,844.1962799339614
M10,5,CONC,5307.314453125,115.76483508587837
M10,5,HOECHST,2958.200927734375,85.27336277056992
M10,5,MITO,82296.9296875,3984.5561685610705
M10,5,PHAandWGA,29640.66015625,1311.0613633769754
M10,5,SYTO,20316.271484375,850.2086619050108
M10,6,CONC,5477.26416015625,116.59464029041226
M10,6,HOECHST,3045.86083984375,86.07227176205974
M10,6,MITO,84120.4921875,4024.9205920836953
M10,6,PHAandWGA,30863.697265625,1326.8386204532967
M10,6,SYTO,21581.2578125,846.0551447183375
M10,7,CONC,5584.71435546875,115.93406266037775
M10,7,HOECHST,3115.22998046875,85.89466911163976
M10,7,MITO,85083.6328125,4039.8623069238056
M10,7,PHAandWGA,31926.044921875,1323.0628981385294
M10,7,SYTO,22074.45703125,832.3561022183789
M10,8,CONC,5665.50537109375,114.41229337964299
M10,8,HOECHST,3178.468017578125,85.29669748278582
M10,8,MITO,86545.0859375,4036.1667865411337
M10,8,PHAandWGA,32815.3671875,1315.4947143434217
M10,8,SYTO,22522.59375,808.5781660406974
M10,9,CONC,5727.359375,112.20383586829217
M10,9,HOECHST,3216.681640625,83.95468180371564
M10,9,MITO,88110.8125,4020.046565083444
M10,9,PHAandWGA,33351.0234375,1298.7096967297919
M10,9,SYTO,22148.45703125,785.6455732823696
M10,10,CONC,5787.640625,109.61982539388836
M10,10,HOECHST,3282.5185546875,82.5216549768621
M10,10,MITO,90053.96875,3989.9047191827403
M10,10,PHAandWGA,34149.078125,1274.3070839738853
M10,10,SYTO,22365.357421875,759.2914246265395
M10,11,CONC,5858.9580078125,106.62905351979923
M10,11,HOECHST,3317.075927734375,80.80860239932618
M10,11,MITO,90873.25,3919.110375520322
M10,11,PHAandWGA,34089.3828125,1249.3599790433925
M10,11,SYTO,22182.00390625,729.1254046788953
M10,12,CONC,5934.10302734375,103.3414565674323
M10,12,HOECHST,3367.65869140625,78.84551115698605
M10,12,MITO,92684.015625,3832.8748813266398
M10,12,PHAandWGA,35158.15234375,1218.6906623641303
M10,12,SYTO,21839.1640625,699.6837185726454
M10,13,CONC,5986.56787109375,99.90437939630037
M10,13,HOECHST,3415.51123046875,76.76628139625615
M10,13,MITO,93637.421875,3744.7233644842927
M10,13,PHAandWGA,35314.984375,1187.1301494844517
M10,13,SYTO,21941.8125,670.5244682893059
M10,14,CONC,6057.41015625,96.42613319195041
M10,14,HOECHST,3469.830078125,74.35452256952324
M10,14,MITO,94565.578125,3624.2775416369554
M10,14,PHAandWGA,35725.9609375,1153.2470324321282
M10,14,SYTO,21980.359375,641.2971158178087
M10,15,CONC,6144.86962890625,92.70855753190821
M10,15,HOECHST,3515.53173828125,71.85409821092266
M10,15,MITO,95683.453125,3506.8651077150926
M10,15,PHAandWGA,35932.2578125,1111.4183815629026
M10,15,SYTO,21815.75,611.620743628889
M11,0,CONC,5773.7666015625,84.61131677638474
M11,0,HOECHST,3979.1875,95.07448629768028
M11,0,MITO,75519.5234375,2261.0062418338516
M11,0,PHAandWGA,27916.72265625,863.7846065697363
M11,0,SYTO,18807.7890625,622.6696301623467
M11,1,CONC,6208.189453125,107.50797213274711
M11,1,HOECHST,4275.916015625,118.06787577836556
M11,1,MITO,77597.3515625,2589.400874133036
M11,1,PHAandWGA,29507.841796875,1019.0907918231765
M11,1,SYTO,20600.265625,761.8777740931832
M11,2,CONC,6640.94677734375,126.48687097446452
M11,2,HOECHST,4591.4169921875,141.17253756141116
M11,2,MITO,82695.75,2872.753648838752
M11,2,PHAandWGA,31372.58203125,1149.4823703962438
M11,2,SYTO,22405.994140625,885.1317524610706
M11,3,CONC,7025.236328125,135.9057545454886
M11,3,HOECHST,4940.5859375,157.05059698921687
M11,3,MITO,85834.21875,3007.7842076110915
M11,3,PHAandWGA,33604.421875,1229.6909928009015
M11,3,SYTO,24468.1171875,954.6326279650085
M11,4,CONC,7318.13232421875,139.39596976257815
M11,4,HOECHST,5202.416015625,164.10090732987823
M11,4,MITO,88674.125,3091.706533157629
M11,4,PHAandWGA,35609.796875,1265.3674439396625
M11,4,SYTO,26278.84375,980.8513204294705
M11,5,CONC,7577.90625,140.30721670055718
M11,5,HOECHST,5432.80859375,166.16233487447877
M11,5,MITO,91854.953125,3133.9527347810285
M11,5,PHAandWGA,36959.6484375,1283.8054493182874
M11,5,SYTO,28394.05078125,979.1332236951414
M11,6,CONC,7740.1884765625,138.9890635483002
M11,6,HOECHST,5602.41943359375,165.72924731798554
M11,6,MITO,93814.734375,3123.9961267452613
M11,6,PHAandWGA,38313.71484375,1280.1154023432016
M11,6,SYTO,29477.27734375,962.3792922675685
M11,7,CONC,7909.31494140625,136.20973657816205
M11,7,HOECHST,5765.00732421875,163.02746361991004
M11,7,MITO,96245.3125,3098.575108987986
M11,7,PHAandWGA,39828.94140625,1269.9732023487716
M11,7,SYTO,30434.36328125,940.4074406443839
M11,8,CONC,8028.51708984375,132.68433593296055
M11,8,HOECHST,5897.64208984375,159.82938792499584
M11,8,MITO,98400.484375,3076.0343911414197
M11,8,PHAandWGA,41124.1875,1251.59740016364
M11,8,SYTO,31340.333984375,916.7213055755029
M11,9,CONC,8124.8603515625,128.3721633756274
M11,9,HOECHST,6007.21484375,155.70082022706782
M11,9,MITO,100902.109375,3029.749287602699
M11,9,PHAandWGA,42474.88671875,1223.2445374248475
M11,9,SYTO,32364.3125,886.2552539439273
M11,10,CONC,8225.3740234375,123.58263183976537
M11,10,HOECHST,6110.3193359375,151.09958591931493
M11,10,MITO,101747.3984375,2953.7534269721823
M11,10,PHAandWGA,43259.23046875,1192.3069619568641
M11,10,SYTO,32804.953125,851.021614694061
M11,11,CONC,8308.205078125,118.68415928701846
M11,11,HOECHST,6183.2802734375,146.06013696268533
M11,11,MITO,103919.59375,2870.954063571627
M11,11,PHAandWGA,43439.6640625,1160.5748535794392
M11,11,SYTO,33018.68359375,815.3885098857569
M11,12,CONC,8355.806640625,114.28885420480725
M11,12,HOECHST,6272.451171875,140.88034911723685
M11,12,MITO,105768.96875,2796.8312177895427
M11,12,PHAandWGA,43975.796875,1128.666583140567
M11,12,SYTO,33502.5390625,784.5143616945905
M11,13,CONC,8424.3828125,110.0104702340209
M11,13,HOECHST,6350.8173828125,136.1966711279079
M11,13,MITO,107236.0859375,2703.858451458083
M11,13,PHAandWGA,44248.29296875,1097.5775081770962
M11,13,SYTO,33317.4609375,751.9394895198088
M11,14,CONC,8535.8369140625,106.53796753209916
M11,14,HOECHST,6405.720703125,131.73521617068013
M11,14,MITO,107370.0625,2628.4219433633807
M11,14,PHAandWGA,45248.9375,1068.5937556511235
M11,14,SYTO,33731.375,723.6457051939968
M11,15,CONC,8574.5458984375,102.71581467742372
M11,15,HOECHST,6516.3779296875,127.26749256722836
M11,15,MITO,107910.921875,2542.184971958635
M11,15,PHAandWGA,44896.30078125,1037.813277331352
M11,15,SYTO,33540.671875,696.165805351312
M12,0,CONC,7062.3564453125,63.93573323138426
M12,0,HOECHST,5685.2275390625,88.250592944911
M12,0,MITO,96300.90625,1521.8280677367584
M12,0,PHAandWGA,38166.21484375,650.4083450143645
M12,0,SYTO,27658.328125,490.8044341074036
M12,1,CONC,7823.8154296875,96.44175106022143
M12,1,HOECHST,6238.2294921875,120.75988475668844
M12,1,MITO,101912.140625,2059.2067505918712
M12,1,PHAandWGA,41705.734375,831.7317882801337
M12,1,SYTO,30200.712890625,656.6852067759703
M12,2,CONC,8931.6015625,140.68140876745312
M12,2,HOECHST,7021.14453125,169.70083618208983
M12,2,MITO,112131.84375,2631.949647496972
M12,2,PHAandWGA,45477.5625,1073.6759959055892
M12,2,SYTO,34222.671875,882.7964457397867
M12,3,CONC,9987.033203125,165.71405739118313
M12,3,HOECHST,7824.5517578125,199.236041868266
M12,3,MITO,120939.25,2861.3019925305816
M12,3,PHAandWGA,49392.56640625,1223.9641381164859
M12,3,SYTO,38555.60546875,1014.9690314437972
M12,4,CONC,10582.31640625,163.25282212420944
M12,4,HOECHST,8523.55859375,206.943663031069
M12,4,MITO,127219.203125,2858.672052505319
M12,4,PHAandWGA,52602.26171875,1241.0158739052488
M12,4,SYTO,41450.03125,1027.7751952928181
M12,5,CONC,10928.6962890625,151.47086628480884
M12,5,HOECHST,8893.8828125,199.817192065802
M12,5,MITO,131969.84375,2745.753531445168
M12,5,PHAandWGA,55430.0859375,1211.923827953015
M12,5,SYTO,44011.33984375,989.6598143342119
M12,6,CONC,11217.552734375,141.3983543688428
M12,6,HOECHST,9226.916015625,189.70719194891421
M12,6,MITO,135852.96875,2648.59806297886
M12,6,PHAandWGA,57419.796875,1168.4896011243734
M12,6,SYTO,46511.6796875,933.2712887277451
M12,7,CONC,11244.556640625,129.39103909512417
M12,7,HOECHST,9334.4287109375,175.83565835779405
M12,7,MITO,138003.3125,2508.3221456998804
M12,7,PHAandWGA,59198.2109375,1115.5959217150312
M12,7,SYTO,47142.2890625,869.147945025411
M12,8,CONC,11353.568359375,118.57333452440022
M12,8,HOECHST,9428.47265625,161.56831473745424
M12,8,MITO,139660.1875,2345.643146910493
M12,8,PHAandWGA,60666.7578125,1055.6933402824507
M12,8,SYTO,48728.359375,805.5163775604312
M12,9,CONC,11376.005859375,109.22362909105479
M12,9,HOECHST,9546.3798828125,150.25123904590228
M12,9,MITO,142205.03125,2238.657676051734
M12,9,PHAandWGA,62268.1328125,997.1450054488279
M12,9,SYTO,49892.1796875,742.3949134361711
M12,10,CONC,11320.6875,101.05829257877971
M12,10,HOECHST,9696.849609375,141.36371059733946
M12,10,MITO,142579.671875,2153.56716810251
M12,10,PHAandWGA,63649.328125,944.610417772792
M12,10,SYTO,50877.953125,694.0932666849541
M12,11,CONC,11310.19921875,93.25737979622016
M12,11,HOECHST,9766.837890625,132.2596511296818
M12,11,MITO,144466.015625,2058.870291571793
M12,11,PHAandWGA,64463.3671875,897.014768041077
M12,11,SYTO,51446.921875,648.1603058465653
M12,12,CONC,11329.46875,85.73506156017639
M12,12,HOECHST,9775.310546875,123.09890762590821
M12,12,MITO,145443.90625,1945.0854809464618
M12,12,PHAandWGA,64081.44921875,847.5484044395665
M12,12,SYTO,51780.515625,598.5683915434421
M12,13,CONC,11378.771484375,78.93385677413484
M12,13,HOECHST,9869.435546875,114.54982634441058
M12,13,MITO,146303.8125,1826.0459473915175
M12,13,PHAandWGA,65691.125,797.6695342984461
M12,13,SYTO,51434.30859375,554.3445809181619
M12,14,CONC,11364.15234375,74.55256179556184
M12,14,HOECHST,9913.9873046875,109.06287381359188
M12,14,MITO,149152.078125,1753.5060679925257
M12,14,PHAandWGA,66237.0,763.6924513939324
M12,14,SYTO,52110.3203125,525.293868701875
M12,15,CONC,11331.2099609375,71.26449776772897
M12,15,HOECHST,9976.1474609375,104.52767158333471
M12,15,MITO,149551.5,1681.3180791367433
M12,15,PHAandWGA,66448.375,739.5082578361182
M12,15,SYTO,51881.2109375,502.144198165698
M13,0,CONC,5054.3681640625,85.29423861332903
M13,0,HOECHST,4625.228515625,127.03756843263372
M13,0,MITO,86230.359375,2785.5316603620686
M13,0,PHAandWGA,30384.62109375,970.9576771281304
M13,0,SYTO,18627.19921875,658.957164648216
M13,1,CONC,5473.275390625,104.67259220185618
M13,1,HOECHST,5067.10546875,158.3585114117181
M13,1,MITO,90272.859375,3090.734957290893
M13,1,PHAandWGA,33015.125,1146.5414638964394
M13,1,SYTO,21364.859375,803.1288170825961
M13,2,CONC,5888.97021484375,116.59278418014814
M13,2,HOECHST,5475.6572265625,176.88823277345506
M13,2,MITO,95757.640625,3303.266405573693
M13,2,PHAandWGA,35688.06640625,1288.6477620746969
M13,2,SYTO,23879.001953125,889.3516112755217
M13,3,CONC,6220.17724609375,120.62261716585184
M13,3,HOECHST,5822.0224609375,186.0240377368501
M13,3,MITO,100066.6015625,3389.732868367218
M13,3,PHAandWGA,37919.828125,1354.829053592916
M13,3,SYTO,26048.86328125,918.4559794859789
M13,4,CONC,6437.453125,119.52147841623595
M13,4,HOECHST,6100.09521484375,186.19874073428772
M13,4,MITO,104461.1640625,3399.1561471369187
M13,4,PHAandWGA,40158.15625,1372.7348051080164
M13,4,SYTO,28080.578125,911.410138590485
M13,5,CONC,6644.7724609375,116.45508846937696
M13,5,HOECHST,6366.76513671875,184.25922142608084
M13,5,MITO,107139.140625,3380.7822210304453
M13,5,PHAandWGA,41928.9609375,1367.6101813549642
M13,5,SYTO,29850.13671875,883.5116044865246
M13,6,CONC,6754.70703125,111.81326243988943
M13,6,HOECHST,6575.5517578125,180.1264678702692
M13,6,MITO,110522.7421875,3307.325013954904
M13,6,PHAandWGA,44034.91796875,1328.9034353990492
M13,6,SYTO,31678.1328125,843.4712219892049
M13,7,CONC,6903.1884765625,106.44079903179626
M13,7,HOECHST,6753.76416015625,173.30190390613666
M13,7,MITO,112757.609375,3215.0702937252513
M13,7,PHAandWGA,44876.640625,1276.002204891105
M13,7,SYTO,32952.70703125,795.817739180831
M13,8,CONC,6998.9541015625,101.64821641865134
M13,8,HOECHST,6898.5458984375,165.84160388843966
M13,8,MITO,114368.4375,3138.437192424134
M13,8,PHAandWGA,46343.0234375,1227.3075378443577
M13,8,SYTO,33448.5625,756.1848818475995
M13,9,CONC,7031.80029296875,97.29338781920963
M13,9,HOECHST,6964.0048828125,159.24017742721801
M13,9,MITO,115563.1953125,3076.021432235141
M13,9,PHAandWGA,46608.3046875,1181.0861969801826
M13,9,SYTO,33213.28125,718.24569661576
M13,10,CONC,7062.2783203125,93.20479955663147
M13,10,HOECHST,7034.888671875,152.24066028186513
M13,10,MITO,116593.859375,3017.7474100285117
M13,10,PHAandWGA,47007.2578125,1147.6616664911514
M13,10,SYTO,33444.43359375,685.786072121767
M13,11,CONC,7066.5048828125,89.4951452899941
M13,11,HOECHST,7051.384765625,145.64924964200426
M13,11,MITO,117334.234375,2949.7299616665673
M13,11,PHAandWGA,48006.90625,1113.7044626048473
M13,11,SYTO,33120.99609375,654.2212462632856
M13,12,CONC,7083.5244140625,86.03533316005374
M13,12,HOECHST,7066.0634765625,140.09561080624906
M13,12,MITO,118105.625,2877.5797166841303
M13,12,PHAandWGA,48170.4453125,1082.6792170679016
M13,12,SYTO,32511.923828125,628.4695095676379
M13,13,CONC,7132.17333984375,82.74048253435524
M13,13,HOECHST,7095.5263671875,134.94148655599804
M13,13,MITO,119178.90625,2804.0736714571563
M13,13,PHAandWGA,47579.84375,1056.1943328073237
M13,13,SYTO,32494.763671875,603.6132903068128
M13,14,CONC,7117.29931640625,79.48508222598339
M13,14,HOECHST,7132.0537109375,129.65152103145167
M13,14,MITO,120099.09375,2717.2075086679492
M13,14,PHAandWGA,48157.62109375,1026.6778431163168
M13,14,SYTO,32219.060546875,576.8758355304032
M13,15,CONC,7165.12841796875,76.52426920305913
M13,15,HOECHST,7202.98291015625,125.08084000479113
M13,15,MITO,120516.28125,2622.6475651719265
M13,15,PHAandWGA,48277.8125,997.616270140297
M13,15,SYTO,32216.0390625,551.1872970379105
M14,0,CONC,4293.646484375,62.66652312382475
M14,0,HOECHST,3664.1875,89.30364709433438
M14,0,MITO,78755.7734375,2640.641888265286
M14,0,PHAandWGA,24996.005859375,828.6305423226488
M14,0,SYTO,13377.05859375,478.1939552179077
M14,1,CONC,4912.6923828125,110.15898121909949
M14,1,HOECHST,4116.98876953125,141.5686112197962
M14,1,MITO,85922.765625,3781.669476837655
M14,1,PHAandWGA,27536.333984375,1172.1758873564436
M14,1,SYTO,16638.953125,771.2649070030592
M14,2,CONC,5645.09423828125,161.97845583809547
M14,2,HOECHST,4845.3984375,228.8830996648767
M14,2,MITO,95017.265625,4804.172993854955
M14,2,PHAandWGA,30684.916015625,1523.128759611392
M14,2,SYTO,19814.49609375,1090.6163458884755
M14,3,CONC,6154.49853515625,176.37008484821885
M14,3,HOECHST,5382.9521484375,261.14764664286827
M14,3,MITO,101007.75,5124.339723376289
M14,3,PHAandWGA,33802.515625,1708.5264245861704
M14,3,SYTO,22601.3125,1206.1017040291956
M14,4,CONC,6576.03076171875,182.7976742263056
M14,4,HOECHST,5690.94873046875,257.5646448749983
M14,4,MITO,106633.9453125,5357.888896068628
M14,4,PHAandWGA,36853.3671875,1853.0285794664567
M14,4,SYTO,25335.12890625,1218.2971645406658
M14,5,CONC,6838.2099609375,182.22566086698228
M14,5,HOECHST,6088.859375,261.70410431617097
M14,5,MITO,111527.7421875,5289.577988619003
M14,5,PHAandWGA,39517.3515625,1881.3606317920112
M14,5,SYTO,27445.302734375,1210.4313364864356
M14,6,CONC,6984.35888671875,172.90703590071675
M14,6,HOECHST,6269.09423828125,254.46556213143347
M14,6,MITO,114982.3125,5155.842265049352
M14,6,PHAandWGA,41302.96875,1826.0499158482426
M14,6,SYTO,28613.73828125,1149.987234219219
M14,7,CONC,6984.44091796875,160.71159491814842
M14,7,HOECHST,6357.775390625,241.89173866730644
M14,7,MITO,115608.375,4941.785081017794
M14,7,PHAandWGA,42419.8828125,1742.4784398065544
M14,7,SYTO,29777.13671875,1083.8124213070353
M14,8,CONC,6942.2216796875,148.53286017279268
M14,8,HOECHST,6352.34326171875,223.8636503274961
M14,8,MITO,117072.21875,4751.7413796577475
M14,8,PHAandWGA,42931.29296875,1668.172255439051
M14,8,SYTO,30131.04296875,1009.549135715708
M14,9,CONC,6870.4013671875,138.42124443780065
M14,9,HOECHST,6297.56640625,209.16271474124306
M14,9,MITO,117237.6171875,4570.658489579957
M14,9,PHAandWGA,42904.6328125,1589.0357834527185
M14,9,SYTO,30931.865234375,950.098709646991
M14,10,CONC,6850.35302734375,129.72687116758593
M14,10,HOECHST,6326.9873046875,194.3212507075868
M14,10,MITO,117810.2890625,4391.299520828805
M14,10,PHAandWGA,43638.6640625,1506.9976638372439
M14,10,SYTO,30616.34375,889.8594094448371
M14,11,CONC,6801.01953125,121.39001880960127
M14,11,HOECHST,6281.55224609375,181.06463733633484
M14,11,MITO,118374.796875,4196.9481227970855
M14,11,PHAandWGA,44184.85546875,1439.6844699410824
M14,11,SYTO,30980.2421875,832.7042816145347
M14,12,CONC,6791.0400390625,115.05799424074529
M14,12,HOECHST,6305.865234375,171.79269360271505
M14,12,MITO,118065.40625,4051.7156975159196
M14,12,PHAandWGA,43629.296875,1376.2191302709514
M14,12,SYTO,30161.42578125,784.322553304376
M14,13,CONC,6793.044921875,109.39514728226494
M14,13,HOECHST,6332.388671875,163.95792533531156
M14,13,MITO,119128.75,3905.6140788222633
M14,13,PHAandWGA,44242.07421875,1322.6537698901354
M14,13,SYTO,29864.4609375,742.2404936692831
M14,14,CONC,6810.56591796875,103.88920503247107
M14,14,HOECHST,6342.84326171875,155.40755673682102
M14,14,MITO,119730.2734375,3761.0366320794255
M14,14,PHAandWGA,43753.890625,1273.7712879351911
M14,14,SYTO,29481.759765625,701.1834718243138
M14,15,CONC,6855.96630859375,98.92888241208036
M14,15,HOECHST,6396.3291015625,147.32768013914153
M14,15,MITO,120464.5703125,3609.8900461914172
M14,15,PHAandWGA,44147.14453125,1226.00462541422
M14,15,SYTO,29449.576171875,662.6946730109042
M15,0,CONC,1866.9970703125,78.05936789872607
M15,0,HOECHST,2041.434814453125,114.28792476834398
M15,0,MITO,41982.51953125,4672.428927101577
M15,0,PHAandWGA,10044.8984375,1065.1142090225787
M15,0,SYTO,5706.1953125,568.989578943316
M15,1,CONC,2212.322509765625,129.58433988204578
M15,1,HOECHST,2504.6591796875,218.52549408040775
M15,1,MITO,46820.8984375,6263.788388036472
M15,1,PHAandWGA,12082.2724609375,1500.4128495745738
M15,1,SYTO,7920.68212890625,950.9158421181669
M15,2,CONC,2443.413330078125,155.16190239685258
M15,2,HOECHST,2839.705810546875,269.97006096212954
M15,2,MITO,50653.54296875,6966.638897927153
M15,2,PHAandWGA,13623.2001953125,1741.6772754470437
M15,2,SYTO,9663.46484375,1126.3847116399884
M15,3,CONC,2608.373046875,166.19405911496673
M15,3,HOECHST,3067.5400390625,290.0574388836404
M15,3,MITO,53504.5546875,7320.475045409679
M15,3,PHAandWGA,15418.951171875,1947.2808102626
M15,3,SYTO,10774.5439453125,1187.5806677058283
M15,4,CONC,2740.004638671875,171.34994395759335
M15,4,HOECHST,3237.21337890625,296.95769368485384
M15,4,MITO,55425.4765625,7460.056740864923
M15,4,PHAandWGA,16611.767578125,2000.9507566584157
M15,4,SYTO,11465.9541015625,1185.8019970927753
M15,5,CONC,2801.9814453125,170.03207238830623
M15,5,HOECHST,3320.19384765625,290.85067414664593
M15,5,MITO,57391.640625,7438.017139267735
M15,5,PHAandWGA,17617.95703125,1993.0528918318703
M15,5,SYTO,11713.015625,1150.9196739204754
M15,6,CONC,2815.938232421875,163.56457122282882
M15,6,HOECHST,3257.142578125,270.35323712899964
M15,6,MITO,57562.80859375,7333.076621211103
M15,6,PHAandWGA,18283.666015625,2132.915958368066
M15,6,SYTO,11763.419921875,1104.8637078226782
M15,7,CONC,2785.1552734375,154.14934162119079
M15,7,HOECHST,3255.8466796875,258.1602278379832
M15,7,MITO,58051.0625,7120.513483031904
M15,7,PHAandWGA,17857.251953125,1884.8470082171375
M15,7,SYTO,11398.275390625,1018.4825938148559
M15,8,CONC,2756.665771484375,145.12238915538367
M15,8,HOECHST,3190.052734375,239.38189128224684
M15,8,MITO,57514.4609375,6996.688777010312
M15,8,PHAandWGA,17694.888671875,1784.202002458265
M15,8,SYTO,10615.6171875,944.8674886453807
M15,9,CONC,2739.15771484375,136.64797359115732
M15,9,HOECHST,3140.20361328125,221.9131279544757
M15,9,MITO,56911.3203125,6799.0456315777365
M15,9,PHAandWGA,17039.822265625,1698.0981004950563
M15,9,SYTO,9924.30078125,878.6840721762815
M15,10,CONC,2658.94189453125,128.7836917418911
M15,10,HOECHST,3047.215576171875,207.43006635622342
M15,10,MITO,56670.1875,6586.5286966392705
M15,10,PHAandWGA,16804.75,1605.3510917893234
M15,10,SYTO,9250.75,817.7608114265299
M15,11,CONC,2614.3349609375,121.44323144324203
M15,11,HOECHST,3004.80224609375,192.44657708280468
M15,11,MITO,55521.921875,6360.9506200218575
M15,11,PHAandWGA,16322.09375,1507.0383582508773
M15,11,SYTO,8491.36328125,758.5176410756235
M15,12,CONC,2602.30517578125,114.09981859920421
M15,12,HOECHST,2953.83740234375,177.79839090286208
M15,12,MITO,55521.9921875,6116.918185182363
M15,12,PHAandWGA,15803.4404296875,1407.0170696433495
M15,12,SYTO,8097.20849609375,702.5069764334069
M15,13,CONC,2587.99365234375,106.58743027683498
M15,13,HOECHST,2959.92041015625,163.7564127369456
M15,13,MITO,55768.421875,5808.965294311041
M15,13,PHAandWGA,15281.4375,1310.8221352424184
M15,13,SYTO,7729.9541015625,647.1309728478575
M15,14,CONC,2586.49267578125,99.05741527818965
M15,14,HOECHST,2985.42041015625,150.94111352422547
M15,14,MITO,54757.2421875,5430.393801161642
M15,14,PHAandWGA,15083.939453125,1215.6615964662815
M15,14,SYTO,7593.45556640625,592.4908367428754
M15,15,CONC,2587.31884765625,91.71890263908706
M15,15,HOECHST,3009.62890625,138.9534070442202
M15,15,MITO,54410.64453125,5011.986518311291
M15,15,PHAandWGA,14681.1806640625,1106.3671042815272
M15,15,SYTO,7444.91650390625,540.2205278903127
M16,0,CONC,2265.35400390625,62.64867995265615
M16,0,HOECHST,2095.497802734375,86.73669897053631
M16,0,MITO,62391.828125,4959.859427480704
M16,0,PHAandWGA,13064.041015625,896.2065010892517
M16,0,SYTO,5775.6748046875,457.04915631454423
M16,1,CONC,2397.78173828125,73.51197285389394
M16,1,HOECHST,2230.35302734375,103.59903775156404
M16,1,MITO,62534.109375,4829.920050125965
M16,1,PHAandWGA,13709.4541015625,1040.6495674132125
M16,1,SYTO,6341.5380859375,535.8651561686215
M16,2,CONC,2503.76025390625,81.38890633209287
M16,2,HOECHST,2339.737548828125,115.71891212205692
M16,2,MITO,63195.88671875,4727.867540548589
M16,2,PHAandWGA,14501.548828125,1149.974345970532
M16,2,SYTO,6851.59326171875,589.4792637080441
M16,3,CONC,2573.522216796875,87.0166204195443
M16,3,HOECHST,2443.5888671875,125.29324238434663
M16,3,MITO,64121.3515625,4643.302095035413
M16,3,PHAandWGA,15063.8017578125,1238.7240670239164
M16,3,SYTO,7137.7353515625,623.9459903743339
M16,4,CONC,2638.467529296875,90.59669492225264
M16,4,HOECHST,2543.931884765625,130.92872042791024
M16,4,MITO,65292.3203125,4589.635884743123
M16,4,PHAandWGA,15780.5,1312.9576430930376
M16,4,SYTO,7454.52734375,645.3144289915665
M16,5,CONC,2715.4873046875,93.22082603588187
M16,5,HOECHST,2611.898681640625,134.25744406314078
M16,5,MITO,65887.03125,4494.56293737721
M16,5,PHAandWGA,16539.9375,1350.861526584925
M16,5,SYTO,7628.8125,654.9871066000211
M16,6,CONC,2781.02783203125,95.09259786581909
M16,6,HOECHST,2688.668701171875,136.02716175357824
M16,6,MITO,67329.265625,4447.971127486328
M16,6,PHAandWGA,16944.3203125,1356.9534288193456
M16,6,SYTO,7760.2744140625,656.9277688350588
M16,7,CONC,2842.814453125,95.88703817990313
M16,7,HOECHST,2752.08544921875,136.31213546271843
M16,7,MITO,67142.296875,4368.3857930010445
M16,7,PHAandWGA,17611.6484375,1354.3790441730514
M16,7,SYTO,7845.1396484375,652.8848066683798
M16,8,CONC,2874.6533203125,95.55509170170619
M16,8,HOECHST,2774.365234375,134.28140197711102
M16,8,MITO,68246.90625,4298.376495126244
M16,8,PHAandWGA,17799.998046875,1346.774971406455
M16,8,SYTO,7854.39697265625,641.189006528325
M16,9,CONC,2915.509765625,94.08304088296244
M16,9,HOECHST,2806.46923828125,131.32355133481985
M16,9,MITO,69457.3671875,4204.539439743558
M16,9,PHAandWGA,18082.177734375,1305.790979909221
M16,9,SYTO,7875.6982421875,622.5892463179873
M16,10,CONC,2936.32763671875,91.96453762104845
M16,10,HOECHST,2835.854736328125,127.71241464587146
M16,10,MITO,69770.234375,4100.0874579626525
M16,10,PHAandWGA,18009.677734375,1264.2288202179527
M16,10,SYTO,7837.81640625,603.3224192985177
M16,11,CONC,2962.11962890625,89.29107704909333
M16,11,HOECHST,2866.569091796875,123.52223803039645
M16,11,MITO,71038.78125,3995.8246875444765
M16,11,PHAandWGA,18314.5234375,1221.193159134604
M16,11,SYTO,7813.7705078125,577.1712040590318
M16,12,CONC,2994.185791015625,86.2865211088935
M16,12,HOECHST,2890.1640625,118.6223318493967
M16,12,MITO,71320.703125,3871.670789930659
M16,12,PHAandWGA,18039.958984375,1167.1401932467581
M16,12,SYTO,7852.4296875,551.0367632411782
M16,13,CONC,3017.965576171875,83.08126152410244
M16,13,HOECHST,2918.597412109375,113.3339837477362
M16,13,MITO,71373.484375,3735.105301469901
M16,13,PHAandWGA,18102.16015625,1115.2713794799306
M16,13,SYTO,7879.1083984375,521.5590355593799
M16,14,CONC,3045.93603515625,79.55859656206347
M16,14,HOECHST,2962.63232421875,108.07478675579361
M16,14,MITO,72120.859375,3588.543885674724
M16,14,PHAandWGA,18301.357421875,1058.0274995886416
M16,14,SYTO,7947.58203125,492.1736445633198
M16,15,CONC,3086.362548828125,76.01900377850743
M16,15,HOECHST,3000.533203125,102.311110499636
M16,15,MITO,72731.328125,3421.781125750912
M16,15,PHAandWGA,18400.216796875,998.7296797323855
M16,15,SYTO,8070.470703125,462.475707434461
M17,0,CONC,2545.672119140625,46.20700159266907
M17,0,HOECHST,2725.793212890625,78.33093605583208
M17,0,MITO,58230.30859375,2542.493807935989
M17,0,PHAandWGA,17685.0390625,821.3291652889421
M17,0,SYTO,9081.783203125,467.5470169467004
M17,1,CONC,2709.767333984375,57.18559163059973
M17,1,HOECHST,2895.58642578125,94.9207790029555
M17,1,MITO,59181.18359375,2834.5680929344385
M17,1,PHAandWGA,18660.1328125,948.8416778320034
M17,1,SYTO,10442.546875,566.5427749642622
M17,2,CONC,2915.79052734375,70.41074846058264
M17,2,HOECHST,3104.4853515625,115.42388755770038
M17,2,MITO,62549.09375,3206.3549767778923
M17,2,PHAandWGA,20127.1953125,1104.59344735365
M17,2,SYTO,11990.5625,687.8262346948673
M17,3,CONC,3104.3505859375,82.32584545686099
M17,3,HOECHST,3307.57373046875,135.9974134829442
M17,3,MITO,65262.015625,3527.4028207960396
M17,3,PHAandWGA,21392.69140625,1250.0153740631076
M17,3,SYTO,13605.10546875,792.0676683603847
M17,4,CONC,3265.6669921875,89.27214415098675
M17,4,HOECHST,3502.06396484375,148.80394854403067
M17,4,MITO,67669.515625,3762.4278245460036
M17,4,PHAandWGA,22833.86328125,1342.8866121258109
M17,4,SYTO,14876.7802734375,849.0106550849991
M17,5,CONC,3420.07470703125,93.49069843109885
M17,5,HOECHST,3671.7724609375,156.85218289563895
M17,5,MITO,70857.78125,3925.177113896828
M17,5,PHAandWGA,24043.66796875,1402.9298561256198
M17,5,SYTO,16042.51953125,874.3795257317116
M17,6,CONC,3562.51220703125,96.57033073174273
M17,6,HOECHST,3837.544921875,161.77494344481119
M17,6,MITO,73079.109375,4078.827084519528
M17,6,PHAandWGA,25382.0546875,1456.2726797652376
M17,6,SYTO,17142.94921875,890.1755957143565
M17,7,CONC,3664.733154296875,98.66148045619667
M17,7,HOECHST,3984.384765625,165.50389577167374
M17,7,MITO,76207.484375,4204.022045130137
M17,7,PHAandWGA,26644.556640625,1482.9705173269024
M17,7,SYTO,18115.640625,893.8844609078744
M17,8,CONC,3786.529296875,99.35174120552321
M17,8,HOECHST,4103.63671875,167.00556886886068
M17,8,MITO,77419.890625,4266.739702993708
M17,8,PHAandWGA,27261.765625,1494.7339956480853
M17,8,SYTO,18387.6796875,881.7635028475631
M17,9,CONC,3822.60546875,99.29386098681367
M17,9,HOECHST,4183.5439453125,166.22418254953817
M17,9,MITO,79323.71875,4303.420978463044
M17,9,PHAandWGA,28298.12890625,1496.3198610166476
M17,9,SYTO,18925.646484375,864.3140692354516
M17,10,CONC,3885.574462890625,98.78992336634319
M17,10,HOECHST,4274.8974609375,165.6002718891745
M17,10,MITO,80702.5859375,4338.832089703504
M17,10,PHAandWGA,28770.48046875,1488.5041609137638
M17,10,SYTO,19045.712890625,845.4941184329479
M17,11,CONC,3937.0859375,97.45482980188297
M17,11,HOECHST,4322.5693359375,163.3139991387017
M17,11,MITO,81785.546875,4321.612734602807
M17,11,PHAandWGA,29360.60546875,1478.1089797114505
M17,11,SYTO,19096.91796875,823.741974270387
M17,12,CONC,3988.6337890625,95.6607964029859
M17,12,HOECHST,4357.955078125,159.01202317585097
M17,12,MITO,83489.953125,4289.636111439136
M17,12,PHAandWGA,29386.41015625,1452.882792295958
M17,12,SYTO,18958.166015625,796.8873377163735
M17,13,CONC,4027.428466796875,93.36661705301556
M17,13,HOECHST,4454.3466796875,155.21587759702732
M17,13,MITO,84566.734375,4215.271534892066
M17,13,PHAandWGA,30001.0390625,1423.1344253772475
M17,13,SYTO,18842.107421875,765.8339876515597
M17,14,CONC,4080.310546875,90.86954011044658
M17,14,HOECHST,4541.2724609375,149.8957696224916
M17,14,MITO,85314.59375,4120.515843047226
M17,14,PHAandWGA,30001.708984375,1385.786905255228
M17,14,SYTO,19045.798828125,736.0728754751547
M17,15,CONC,4112.220703125,87.90586585758793
M17,15,HOECHST,4567.02978515625,144.07236045481187
M17,15,MITO,87056.8359375,4001.019067346938
M17,15,PHAandWGA,30289.44921875,1346.097889061124
M17,15,SYTO,18960.58984375,699.0461753932972
M18,0,CONC,3606.19580078125,61.51465389158884
M18,0,HOECHST,3006.41064453125,86.9470766068381
M18,0,MITO,62030.375,2763.5902295793217
M18,0,PHAandWGA,20596.767578125,850.7858365504529
M18,0,SYTO,10696.404296875,479.1258817269079
M18,1,CONC,3816.20361328125,71.30306819405968
M18,1,HOECHST,3168.66845703125,100.66052008699495
M18,1,MITO,63881.50390625,2999.390194249347
M18,1,PHAandWGA,21696.62109375,946.8125266154847
M18,1,SYTO,11975.65625,550.2025858691829
M18,2,CONC,3983.05126953125,80.37957471232568
M18,2,HOECHST,3351.3525390625,114.3696637261426
M18,2,MITO,66744.75,3243.2629219524592
M18,2,PHAandWGA,23170.70703125,1041.3344439458315
M18,2,SYTO,13414.5087890625,616.811077762633
M18,3,CONC,4155.12451171875,86.6430386353228
M18,3,HOECHST,3525.544921875,124.33121278656655
M18,3,MITO,69047.71875,3411.5990034556567
M18,3,PHAandWGA,24311.11328125,1117.8735240100377
M18,3,SYTO,14812.724609375,664.8911348043429
M18,4,CONC,4303.18994140625,90.84742902826292
M18,4,HOECHST,3662.2451171875,130.52630590853153
M18,4,MITO,71274.875,3534.1714889331665
M18,4,PHAandWGA,25150.34375,1175.8915024724326
M18,4,SYTO,15588.7685546875,688.6143669494594
M18,5,CONC,4447.08203125,94.08853342369362
M18,5,HOECHST,3825.429931640625,134.39550274925017
M18,5,MITO,73101.1875,3610.299420157557
M18,5,PHAandWGA,26733.2890625,1216.7955359683597
M18,5,SYTO,16498.5859375,702.291259951928
M18,6,CONC,4573.58984375,96.40790229469492
M18,6,HOECHST,3957.05859375,137.0201792711769
M18,6,MITO,75907.890625,3679.9872071833693
M18,6,PHAandWGA,27477.642578125,1243.4984582129518
M18,6,SYTO,17149.55078125,706.5086544311027
M18,7,CONC,4721.181640625,97.68986934568169
M18,7,HOECHST,4058.97607421875,138.81299984263805
M18,7,MITO,76819.2109375,3690.5297241239823
M18,7,PHAandWGA,28684.39453125,1253.5733359112046
M18,7,SYTO,17644.763671875,703.7917245469047
M18,8,CONC,4829.9794921875,97.91330526692276
M18,8,HOECHST,4173.224609375,139.41630673128577
M18,8,MITO,79513.546875,3700.868454461112
M18,8,PHAandWGA,29771.55078125,1260.3934498696708
M18,8,SYTO,17868.60546875,698.5672240342064
M18,9,CONC,4933.6806640625,97.75913856450398
M18,9,HOECHST,4290.3291015625,139.8908361363384
M18,9,MITO,81329.125,3682.1541491202033
M18,9,PHAandWGA,30581.1328125,1256.7849147670636
M18,9,SYTO,18332.39453125,688.8060430471345
M18,10,CONC,5032.9716796875,97.20496730870828
M18,10,HOECHST,4390.6220703125,139.61248070982458
M18,10,MITO,82763.3359375,3669.496032140975
M18,10,PHAandWGA,31014.96484375,1249.8331677004774
M18,10,SYTO,18414.17578125,677.2657715937573
M18,11,CONC,5110.6689453125,96.21160534817967
M18,11,HOECHST,4487.2099609375,138.11102996517113
M18,11,MITO,84214.484375,3618.629952101542
M18,11,PHAandWGA,31648.54296875,1237.364878220587
M18,11,SYTO,18751.033203125,665.1167966997393
M18,12,CONC,5192.1318359375,94.53174363951835
M18,12,HOECHST,4577.17822265625,136.00666489452178
M18,12,MITO,85030.4296875,3566.0840635142504
M18,12,PHAandWGA,32081.90234375,1218.194528967651
M18,12,SYTO,18688.560546875,647.9441532419834
M18,13,CONC,5271.0986328125,92.53304142218008
M18,13,HOECHST,4671.107421875,133.15767467520652
M18,13,MITO,86434.6875,3475.823372356382
M18,13,PHAandWGA,32549.17578125,1191.0718141826796
M18,13,SYTO,18896.578125,627.7082999520221
M18,14,CONC,5355.6767578125,90.20025243651187
M18,14,HOECHST,4753.041015625,129.31842935251393
M18,14,MITO,88137.390625,3376.333882000483
M18,14,PHAandWGA,33008.171875,1164.241061438947
M18,14,SYTO,18970.150390625,605.8673814981009
M18,15,CONC,5449.16064453125,87.55584684632696
M18,15,HOECHST,4847.544921875,125.38746938819837
M18,15,MITO,89292.0703125,3259.693294968465
M18,15,PHAandWGA,33980.953125,1130.7145978226608
M18,15,SYTO,19275.982421875,580.6546843484655
M20,0,CONC,3005.59130859375,62.46381659271314
M20,0,HOECHST,1527.444091796875,33.24506080841601
M20,0,MITO,56516.5078125,3249.570678981226
M20,0,PHAandWGA,16495.857421875,841.0721144599405
M20,0,SYTO,6643.8583984375,371.4748611785013
M20,1,CONC,3168.0703125,70.71993707373487
M20,1,HOECHST,1599.959228515625,38.67854168967507
M20,1,MITO,57202.78125,3428.6946939661566
M20,1,PHAandWGA,17485.15234375,924.8293176072099
M20,1,SYTO,7078.1611328125,416.962681556474
M20,2,CONC,3294.783203125,77.08434101825132
M20,2,HOECHST,1681.6708984375,43.23191305130828
M20,2,MITO,58812.0703125,3623.978086058463
M20,2,PHAandWGA,18408.08984375,996.0631222223783
M20,2,SYTO,7507.0400390625,450.86604930110616
M20,3,CONC,3432.027099609375,81.50188687568635
M20,3,HOECHST,1750.6453857421875,46.1080469071354
M20,3,MITO,61069.90625,3771.712992761822
M20,3,PHAandWGA,19689.81640625,1046.4637996579193
M20,3,SYTO,7814.2822265625,470.82588942255694
M20,4,CONC,3531.765625,84.26885685675971
M20,4,HOECHST,1806.436279296875,48.2362453695741
M20,4,MITO,63264.484375,3885.6523448293065
M20,4,PHAandWGA,20472.560546875,1079.2308564242242
M20,4,SYTO,8159.7197265625,484.3921350481893
M20,5,CONC,3628.619384765625,86.04965129020913
M20,5,HOECHST,1852.2314453125,49.85452731232107
M20,5,MITO,64243.40625,3954.7653947503422
M20,5,PHAandWGA,21055.4765625,1102.684959936203
M20,5,SYTO,8301.947265625,489.1649974799828
M20,6,CONC,3678.21923828125,86.77149309537293
M20,6,HOECHST,1891.076416015625,50.85110210324386
M20,6,MITO,64994.1328125,3982.2099169844864
M20,6,PHAandWGA,21424.08984375,1111.5928745575777
M20,6,SYTO,8524.150390625,492.2520105525484
M20,7,CONC,3755.686767578125,86.80995683631569
M20,7,HOECHST,1938.545654296875,51.54934760922752
M20,7,MITO,66544.3046875,4005.4609139360623
M20,7,PHAandWGA,21918.634765625,1115.317828261224
M20,7,SYTO,8639.48828125,487.65768264274493
M20,8,CONC,3813.9921875,86.04593421254444
M20,8,HOECHST,1971.859619140625,51.624166566675996
M20,8,MITO,67353.9765625,3987.2158519337777
M20,8,PHAandWGA,22288.0234375,1110.8499784608734
M20,8,SYTO,8851.150390625,481.8216424529844
M20,9,CONC,3871.668701171875,84.84906844173015
M20,9,HOECHST,1994.635498046875,51.402903494603756
M20,9,MITO,69450.5390625,3959.966446297574
M20,9,PHAandWGA,22191.388671875,1095.837759807531
M20,9,SYTO,8914.2001953125,469.95696849404294
M20,10,CONC,3914.72802734375,83.26211246659201
M20,10,HOECHST,2043.36474609375,50.97900388877615
M20,10,MITO,70048.921875,3900.356613355221
M20,10,PHAandWGA,22842.609375,1073.9402304020928
M20,10,SYTO,8966.2236328125,457.7236744928797
M20,11,CONC,3967.2470703125,81.51165140231407
M20,11,HOECHST,2064.47998046875,50.19919425761833
M20,11,MITO,70522.390625,3804.8759764072065
M20,11,PHAandWGA,22673.888671875,1050.9033603605603
M20,11,SYTO,9071.814453125,443.1405142201028
M20,12,CONC,4023.92236328125,79.41715950854478
M20,12,HOECHST,2088.570068359375,49.252079697602824
M20,12,MITO,71738.4765625,3735.095250455804
M20,12,PHAandWGA,23214.556640625,1024.3016782355596
M20,12,SYTO,9141.04296875,428.74639752325174
M20,13,CONC,4077.720458984375,77.03479242519299
M20,13,HOECHST,2133.009765625,48.24196446352363
M20,13,MITO,72857.515625,3613.731379288067
M20,13,PHAandWGA,23065.18359375,992.2425921310219
M20,13,SYTO,9330.4345703125,412.13394238706417
M20,14,CONC,4152.517578125,74.44773366090261
M20,14,HOECHST,2179.245849609375,46.90829795488279
M20,14,MITO,73343.7578125,3482.4814240816945
M20,14,PHAandWGA,23231.80859375,949.4586725287825
M20,14,SYTO,9449.583984375,393.5813795326121
M20,15,CONC,4199.66015625,71.96057501177366
M20,15,HOECHST,2204.0751953125,45.5212196661495
M20,15,MITO,74577.375,3339.5692313891345
M20,15,PHAandWGA,23716.5625,909.7155045826082
M20,15,SYTO,9582.13671875,374.62470139643386
M21,0,CONC,2787.79296875,65.31220654535873
M21,0,HOECHST,1522.467529296875,35.81137298286985
M21,0,MITO,48698.171875,3243.4716850034815
M21,0,PHAandWGA,16983.4296875,918.6264965393432
M21,0,SYTO,6575.01123046875,394.08601286597263
M21,1,CONC,3011.129150390625,85.71538604865752
M21,1,HOECHST,1606.70361328125,44.68419480653514
M21,1,MITO,50884.53515625,3790.999236209286
M21,1,PHAandWGA,18102.537109375,1120.1293832147692
M21,1,SYTO,7400.2373046875,491.462928144307
M21,2,CONC,3300.82666015625,110.72267931669838
M21,2,HOECHST,1745.6942138671875,57.13348500509131
M21,2,MITO,54994.8828125,4453.442036934061
M21,2,PHAandWGA,20035.40625,1388.8501848000892
M21,2,SYTO,8810.5390625,619.6708341710164
M21,3,CONC,3553.997314453125,131.361677395819
M21,3,HOECHST,1898.9344482421875,70.54055775557292
M21,3,MITO,58460.375,4930.746977038674
M21,3,PHAandWGA,21695.79296875,1588.0896123973532
M21,3,SYTO,10359.392578125,723.985489481078
M21,4,CONC,3776.98046875,142.29360723942943
M21,4,HOECHST,2027.781982421875,80.11825923161206
M21,4,MITO,61039.2734375,5160.0098422810925
M21,4,PHAandWGA,22946.7109375,1688.9758588685957
M21,4,SYTO,11566.98828125,779.47791282002
M21,5,CONC,3916.528564453125,145.5977553363208
M21,5,HOECHST,2121.23779296875,85.12865875547631
M21,5,MITO,63741.4765625,5267.473042293963
M21,5,PHAandWGA,24331.5390625,1740.590224679996
M21,5,SYTO,12178.78125,798.262598901197
M21,6,CONC,3995.22705078125,145.6013481984896
M21,6,HOECHST,2207.644775390625,88.63209465814471
M21,6,MITO,65501.515625,5342.34347504959
M21,6,PHAandWGA,25589.642578125,1760.3545536362064
M21,6,SYTO,12439.2666015625,800.0547726225778
M21,7,CONC,4068.062255859375,144.70707453574977
M21,7,HOECHST,2282.20068359375,89.43486760961441
M21,7,MITO,66411.3671875,5323.541477455725
M21,7,PHAandWGA,25967.0703125,1748.004762989084
M21,7,SYTO,12257.0419921875,787.9020566080047
M21,8,CONC,4117.1171875,143.38648482651956
M21,8,HOECHST,2302.890625,88.45411889803259
M21,8,MITO,67309.203125,5300.633187230145
M21,8,PHAandWGA,26663.57421875,1730.1426492568285
M21,8,SYTO,12041.9755859375,770.5032850174949
M21,9,CONC,4159.138671875,141.3167135193415
M21,9,HOECHST,2332.75537109375,88.25324841371898
M21,9,MITO,67924.2734375,5220.310054397338
M21,9,PHAandWGA,26891.02734375,1690.4672953999545
M21,9,SYTO,11753.009765625,749.0582994979641
M21,10,CONC,4180.9150390625,138.44596611406394
M21,10,HOECHST,2345.897216796875,86.33900262478011
M21,10,MITO,68176.4375,5108.671320631633
M21,10,PHAandWGA,27578.41015625,1649.6649399328667
M21,10,SYTO,11523.3203125,725.7858396459361
M21,11,CONC,4223.955078125,134.62171894266328
M21,11,HOECHST,2360.14892578125,83.87372498166906
M21,11,MITO,69003.6171875,4989.159657391896
M21,11,PHAandWGA,27437.81640625,1607.366516340023
M21,11,SYTO,11398.970703125,702.5087550831486
M21,12,CONC,4255.99267578125,130.53703719863904
M21,12,HOECHST,2384.4755859375,81.96157369382009
M21,12,MITO,69303.7578125,4845.763248941863
M21,12,PHAandWGA,27629.15234375,1564.4679743859976
M21,12,SYTO,11332.708984375,676.2895707194509
M21,13,CONC,4267.037109375,125.79426255789463
M21,13,HOECHST,2412.548828125,79.06537828008979
M21,13,MITO,69359.84375,4659.687773005584
M21,13,PHAandWGA,27790.8671875,1510.4067146693324
M21,13,SYTO,11257.771484375,646.0719864752433
M21,14,CONC,4298.4296875,120.36181275422308
M21,14,HOECHST,2408.99755859375,75.15347788241877
M21,14,MITO,70172.03125,4443.441174700372
M21,14,PHAandWGA,27860.59375,1444.6748602474888
M21,14,SYTO,11217.193359375,613.7677879126056
M21,15,CONC,4327.6396484375,115.24712928860748
M21,15,HOECHST,2439.64892578125,71.70895816209216
M21,15,MITO,71060.9453125,4242.882924892351
M21,15,PHAandWGA,27666.9609375,1382.0363380943206
M21,15,SYTO,11210.025390625,580.0150268275846
M22,0,CONC,1413.282958984375,53.023515666496486
M22,0,HOECHST,1596.472900390625,97.43474224154946
M22,0,MITO,25867.9296875,4117.241209093607
M22,0,PHAandWGA,5159.9365234375,537.6103694106368
M22,0,SYTO,2808.1298828125,298.58009455551314
M22,1,CONC,1494.646484375,63.90585318086731
M22,1,HOECHST,1702.365478515625,119.30606592410479
M22,1,MITO,26733.6015625,4505.403900184997
M22,1,PHAandWGA,5804.900390625,639.4653082193735
M22,1,SYTO,3041.89794921875,355.5448536131793
M22,2,CONC,1581.9390869140625,72.14002948407413
M22,2,HOECHST,1805.07080078125,135.85015533429157
M22,2,MITO,27381.96875,4839.899173818521
M22,2,PHAandWGA,6258.3603515625,722.4029814802694
M22,2,SYTO,3252.951416015625,397.4129806438833
M22,3,CONC,1653.38818359375,78.12988901784352
M22,3,HOECHST,1896.29736328125,147.12204790846545
M22,3,MITO,28659.75390625,5050.311104404927
M22,3,PHAandWGA,6692.8623046875,782.9039129534574
M22,3,SYTO,3418.478759765625,428.4524967451511
M22,4,CONC,1704.28466796875,81.9193956634185
M22,4,HOECHST,1949.63916015625,153.49614148713795
M22,4,MITO,29773.986328125,5190.200152061651
M22,4,PHAandWGA,7004.087890625,824.4636794630105
M22,4,SYTO,3559.4375,445.87059197225096
M22,5,CONC,1744.5792236328125,83.85050928170502
M22,5,HOECHST,2003.523681640625,156.32026949214386
M22,5,MITO,30085.046875,5219.563053706202
M22,5,PHAandWGA,7298.23779296875,845.4796160896221
M22,5,SYTO,3634.197509765625,452.68241819083784
M22,6,CONC,1764.1265869140625,84.72319767582454
M22,6,HOECHST,2028.1702880859375,155.15832888767903
M22,6,MITO,30697.2421875,5223.79562671363
M22,6,PHAandWGA,7449.6767578125,851.3664429246738
M22,6,SYTO,3684.459228515625,451.3869685579137
M22,7,CONC,1790.3990478515625,84.4123652803952
M22,7,HOECHST,2037.48291015625,151.0764248726724
M22,7,MITO,30789.267578125,5165.775738906976
M22,7,PHAandWGA,7550.22412109375,834.158892257043
M22,7,SYTO,3726.230224609375,442.7431254699605
M22,8,CONC,1805.8197021484375,83.1027624257865
M22,8,HOECHST,2054.48486328125,146.8280654595116
M22,8,MITO,31289.91796875,5070.901111574351
M22,8,PHAandWGA,7504.646484375,805.113511073162
M22,8,SYTO,3723.8037109375,427.9514950373266
M22,9,CONC,1796.84716796875,80.55207076091202
M22,9,HOECHST,2058.304931640625,140.2557943344463
M22,9,MITO,31232.359375,4905.870976140687
M22,9,PHAandWGA,7444.41357421875,771.1460595463194
M22,9,SYTO,3715.530029296875,410.829972138048
M22,10,CONC,1832.617431640625,77.71378041364123
M22,10,HOECHST,2054.3623046875,133.38892084908852
M22,10,MITO,31495.947265625,4703.206858452139
M22,10,PHAandWGA,7299.95068359375,730.4122172455465
M22,10,SYTO,3726.294921875,390.3227562694519
M22,11,CONC,1837.27490234375,74.15820155398161
M22,11,HOECHST,2082.884521484375,125.69515518579792
M22,11,MITO,31966.19921875,4484.5505476144
M22,11,PHAandWGA,7168.4013671875,683.5021778026062
M22,11,SYTO,3716.43505859375,368.0654905516826
M22,12,CONC,1840.6239013671875,70.32275276059278
M22,12,HOECHST,2125.899658203125,117.56544605315945
M22,12,MITO,32241.19921875,4212.654134639403
M22,12,PHAandWGA,6945.8212890625,633.686000448045
M22,12,SYTO,3748.02392578125,342.45174608292933
M22,13,CONC,1868.328369140625,66.59043545925152
M22,13,HOECHST,2145.953369140625,110.33397816116093
M22,13,MITO,32261.51171875,3922.892210146784
M22,13,PHAandWGA,6792.228515625,582.6008432214398
M22,13,SYTO,3755.72119140625,318.3995637130985
M22,14,CONC,1898.038818359375,62.68193328199974
M22,14,HOECHST,2177.354736328125,102.85819875550456
M22,14,MITO,32884.7421875,3628.280596807428
M22,14,PHAandWGA,6608.78173828125,535.5659655346124
M22,14,SYTO,3782.743896484375,294.1085474763137
M22,15,CONC,1912.894287109375,58.62031493650751
M22,15,HOECHST,2215.49072265625,95.54036367714261
M22,15,MITO,33324.48046875,3315.9719910943913
M22,15,PHAandWGA,6514.12060546875,488.12414894738407
M22,15,SYTO,3825.02978515625,270.6937141379988
M23,0,CONC,3617.379638671875,73.95140739410112
M23,0,HOECHST,3697.5830078125,111.42137750731436
M23,0,MITO,74752.984375,3141.4175593287814
M23,0,PHAandWGA,23893.833984375,1012.1228013988353
M23,0,SYTO,13814.2412109375,592.1712418405282
M23,1,CONC,4093.18603515625,108.70297246017344
M23,1,HOECHST,4201.0751953125,168.6835710043823
M23,1,MITO,80916.125,3970.7061461419466
M23,1,PHAandWGA,26350.0703125,1285.3251456032253
M23,1,SYTO,16666.484375,841.300807756455
M23,2,CONC,4484.013671875,126.57781542163063
M23,2,HOECHST,4680.974609375,206.95637326582872
M23,2,MITO,86005.09375,4362.7493340219435
M23,2,PHAandWGA,28918.796875,1456.9177883849663
M23,2,SYTO,19021.5625,983.0676098040896
M23,3,CONC,4741.7236328125,134.2085005834245
M23,3,HOECHST,5065.353515625,226.2408275151533
M23,3,MITO,91196.828125,4519.20031970321
M23,3,PHAandWGA,31296.625,1573.6886320607798
M23,3,SYTO,21198.16796875,1050.1943558343419
M23,4,CONC,4997.99609375,137.02216083969103
M23,4,HOECHST,5333.62744140625,235.42374304339393
M23,4,MITO,94648.765625,4557.328575545752
M23,4,PHAandWGA,33269.8515625,1663.6991400366628
M23,4,SYTO,22691.9453125,1075.7461184827769
M23,5,CONC,5169.28515625,136.3015141474697
M23,5,HOECHST,5530.94140625,236.6391449743345
M23,5,MITO,96833.7421875,4576.968364089257
M23,5,PHAandWGA,35291.15625,1709.2417089734329
M23,5,SYTO,24292.90234375,1068.5649592361283
M23,6,CONC,5265.8388671875,133.97582797365172
M23,6,HOECHST,5686.017578125,234.73174141602365
M23,6,MITO,99522.953125,4577.464884344724
M23,6,PHAandWGA,36022.09765625,1691.9461638912348
M23,6,SYTO,25516.072265625,1047.728211371395
M23,7,CONC,5362.43408203125,130.81890434973664
M23,7,HOECHST,5814.8857421875,230.67674617359813
M23,7,MITO,101514.390625,4530.049091492277
M23,7,PHAandWGA,37189.9921875,1662.1633907517312
M23,7,SYTO,25894.125,1017.7897979653321
M23,8,CONC,5422.6220703125,126.82807478571445
M23,8,HOECHST,5895.91748046875,223.68959651290768
M23,8,MITO,101954.03125,4465.740649500851
M23,8,PHAandWGA,37689.4609375,1625.8550956353165
M23,8,SYTO,26300.15625,980.4252862396877
M23,9,CONC,5450.34228515625,122.59660739209323
M23,9,HOECHST,5945.5810546875,214.65802813492056
M23,9,MITO,103100.453125,4391.317913448991
M23,9,PHAandWGA,38249.6640625,1595.131617765756
M23,9,SYTO,26644.888671875,947.1100331412449
M23,10,CONC,5465.4501953125,118.33346182985309
M23,10,HOECHST,5949.599609375,206.17180446482635
M23,10,MITO,104245.984375,4309.219638658686
M23,10,PHAandWGA,38644.109375,1567.0915622746936
M23,10,SYTO,26591.13671875,911.7066399480503
M23,11,CONC,5496.546875,113.79819954047476
M23,11,HOECHST,5951.7666015625,197.99757957932854
M23,11,MITO,105246.125,4229.525860197297
M23,11,PHAandWGA,38977.5,1532.7376395908072
M23,11,SYTO,26569.703125,871.9247773329706
M23,12,CONC,5487.7841796875,109.05670562922442
M23,12,HOECHST,6023.83837890625,190.27381421472947
M23,12,MITO,106666.3203125,4099.8372799375975
M23,12,PHAandWGA,39600.765625,1485.4042830358317
M23,12,SYTO,26118.578125,832.2297209211831
M23,13,CONC,5541.791015625,104.81406863751772
M23,13,HOECHST,6064.7685546875,181.5204488103971
M23,13,MITO,107732.03125,3988.5935149712195
M23,13,PHAandWGA,39688.40625,1443.075711991994
M23,13,SYTO,26167.1171875,795.3956970381942
M23,14,CONC,5568.13232421875,100.33082302036995
M23,14,HOECHST,6091.0224609375,173.9547308391614
M23,14,MITO,107990.09375,3846.2968797778744
M23,14,PHAandWGA,39581.4375,1393.400503930289
M23,14,SYTO,26258.29296875,755.7505934522505
M23,15,CONC,5587.01123046875,96.10142519284516
M23,15,HOECHST,6158.1865234375,166.32920396746576
M23,15,MITO,109286.5625,3711.9057502613623
M23,15,PHAandWGA,39633.46875,1344.4386035032783
M23,15,SYTO,26204.939453125,716.9838289933417
N02,0,CONC,8108.1650390625,55.12797142839553
N02,0,HOECHST,6063.32275390625,75.73456722736623
N02,0,MITO,101500.9375,1338.9576645077746
N02,0,PHAandWGA,41984.96484375,546.3260730865624
N02,0,SYTO,29780.69140625,427.80014843030943
N02,1,CONC,8425.791015625,60.16707049267937
N02,1,HOECHST,6290.72021484375,81.94364766322151
N02,1,MITO,103899.578125,1418.0341382063161
N02,1,PHAandWGA,43322.8125,582.7492458631621
N02,1,SYTO,31128.064453125,461.41932489857857
N02,2,CONC,8799.158203125,65.90674997028506
N02,2,HOECHST,6558.4912109375,88.88722711698364
N02,2,MITO,106216.515625,1521.099801769532
N02,2,PHAandWGA,44524.3828125,627.0109636508622
N02,2,SYTO,33058.27734375,499.3817799075918
N02,3,CONC,9171.3203125,71.34575559807351
N02,3,HOECHST,6880.126953125,95.95619907235297
N02,3,MITO,111595.5625,1609.5340867376046
N02,3,PHAandWGA,46433.8359375,668.6313218812885
N02,3,SYTO,34931.29296875,536.4406813508442
N02,4,CONC,9511.40625,74.00692667928375
N02,4,HOECHST,7140.33154296875,100.64183198589542
N02,4,MITO,115172.3125,1650.967513577847
N02,4,PHAandWGA,48587.3125,696.847979570423
N02,4,SYTO,36240.28515625,557.834921082955
N02,5,CONC,9817.40234375,74.09217421939346
N02,5,HOECHST,7391.10498046875,102.47454479328844
N02,5,MITO,117542.671875,1641.6268765482798
N02,5,PHAandWGA,50079.6796875,706.0306828807941
N02,5,SYTO,38596.5234375,565.2510929571943
N02,6,CONC,10046.4931640625,72.91298222135528
N02,6,HOECHST,7670.9423828125,102.46441999865009
N02,6,MITO,120756.15625,1632.9207521550936
N02,6,PHAandWGA,52036.84375,705.9152940148346
N02,6,SYTO,39880.3125,555.9456133665886
N02,7,CONC,10282.408203125,71.3405786586368
N02,7,HOECHST,7851.015625,101.55373473703659
N02,7,MITO,123379.234375,1613.3380973946369
N02,7,PHAandWGA,54133.6484375,699.7466136062551
N02,7,SYTO,40902.0859375,543.9622525319184
N02,8,CONC,10560.75,69.69075939199512
N02,8,HOECHST,8063.55078125,100.25777507314056
N02,8,MITO,125297.546875,1582.5690540354794
N02,8,PHAandWGA,55030.875,688.2514215263842
N02,8,SYTO,42222.5546875,529.1539171362413
N02,9,CONC,10701.859375,67.84482259607688
N02,9,HOECHST,8254.453125,98.66544833964161
N02,9,MITO,127632.265625,1569.2552630510281
N02,9,PHAandWGA,56415.9140625,680.3744015996382
N02,9,SYTO,43462.1015625,514.0338472468195
N02,10,CONC,10832.12890625,66.26071461337611
N02,10,HOECHST,8422.8271484375,97.04190017861268
N02,10,MITO,129888.265625,1544.2260381817682
N02,10,PHAandWGA,57461.6328125,668.5078173232449
N02,10,SYTO,44359.6953125,498.8606350520628
N02,11,CONC,11043.14453125,64.79338212255593
N02,11,HOECHST,8583.6513671875,95.5315660514711
N02,11,MITO,131523.0625,1514.0323548203103
N02,11,PHAandWGA,58699.9140625,660.5637262027554
N02,11,SYTO,45614.4609375,488.19472071348895
N02,12,CONC,11149.3779296875,63.311407096144016
N02,12,HOECHST,8741.345703125,94.09841728764013
N02,12,MITO,132297.890625,1494.9094603047454
N02,12,PHAandWGA,60302.09375,649.9859038209016
N02,12,SYTO,46948.88671875,475.4316850824368
N02,13,CONC,11304.455078125,61.83146691420824
N02,13,HOECHST,8931.5458984375,92.47153336183638
N02,13,MITO,134287.65625,1459.7389351130478
N02,13,PHAandWGA,61521.8203125,638.5135329108251
N02,13,SYTO,47411.0625,460.5376605727476
N02,14,CONC,11506.052734375,60.1293864931144
N02,14,HOECHST,9072.197265625,90.52805255459293
N02,14,MITO,135816.171875,1422.4031127082062
N02,14,PHAandWGA,62209.11328125,625.6720001903461
N02,14,SYTO,48418.12890625,446.66960166506107
N02,15,CONC,11639.4931640625,58.41197960908142
N02,15,HOECHST,9229.65234375,88.51666130891573
N02,15,MITO,137644.21875,1379.1347715333698
N02,15,PHAandWGA,62494.71875,611.3663770311624
N02,15,SYTO,48351.90625,430.94028903755293
N03,0,CONC,5152.5947265625,58.9241351400449
N03,0,HOECHST,2786.40771484375,45.0363764106356
N03,0,MITO,75161.4453125,1971.371353343874
N03,0,PHAandWGA,24469.68359375,612.4262668781594
N03,0,SYTO,12551.888671875,367.2999640746266
N03,1,CONC,5389.5869140625,70.76190901264698
N03,1,HOECHST,2922.13037109375,53.465273073957924
N03,1,MITO,77077.4453125,2225.704652343022
N03,1,PHAandWGA,25577.78515625,692.5361949745127
N03,1,SYTO,14066.59765625,430.21285129653256
N03,2,CONC,5700.86767578125,86.61988579072577
N03,2,HOECHST,3106.56201171875,64.68849555884898
N03,2,MITO,80009.6171875,2538.765020931187
N03,2,PHAandWGA,27012.46875,799.8132293510946
N03,2,SYTO,16230.91796875,519.9052197013929
N03,3,CONC,6013.7197265625,100.62654739624494
N03,3,HOECHST,3285.558349609375,74.84923428611712
N03,3,MITO,83825.9375,2758.673106644692
N03,3,PHAandWGA,28150.30078125,901.0567406808807
N03,3,SYTO,18259.693359375,598.0713497624907
N03,4,CONC,6325.154296875,111.2049272777847
N03,4,HOECHST,3482.28076171875,82.92447306698797
N03,4,MITO,87754.734375,2916.29316890093
N03,4,PHAandWGA,29745.236328125,978.0095518632849
N03,4,SYTO,20408.642578125,655.4298643220517
N03,5,CONC,6623.5341796875,117.57899776845562
N03,5,HOECHST,3666.976318359375,88.25909997769261
N03,5,MITO,90600.78125,3009.4879913960153
N03,5,PHAandWGA,32036.8984375,1031.043271327068
N03,5,SYTO,22226.716796875,689.9027289121459
N03,6,CONC,6830.44921875,119.53120925153407
N03,6,HOECHST,3818.976318359375,91.35136074466071
N03,6,MITO,93510.1796875,3064.694753942432
N03,6,PHAandWGA,33318.6484375,1055.1387300249091
N03,6,SYTO,23492.857421875,703.4244763774299
N03,7,CONC,6931.53515625,118.18824572025902
N03,7,HOECHST,3905.3232421875,91.22859430613173
N03,7,MITO,95357.28125,3073.3380038349637
N03,7,PHAandWGA,34356.671875,1057.7902373462039
N03,7,SYTO,24410.33203125,696.3713790540309
N03,8,CONC,7065.48046875,116.25142064577841
N03,8,HOECHST,4010.09765625,90.48153181876712
N03,8,MITO,97203.625,3055.75603899076
N03,8,PHAandWGA,35370.42578125,1055.4556378996554
N03,8,SYTO,24589.5703125,678.5949634599498
N03,9,CONC,7147.48974609375,114.28208487680544
N03,9,HOECHST,4079.957275390625,89.19572785809872
N03,9,MITO,98697.4375,3049.96301230734
N03,9,PHAandWGA,36075.109375,1044.3544500911248
N03,9,SYTO,24829.84375,661.1058060721753
N03,10,CONC,7204.50390625,112.23430794781183
N03,10,HOECHST,4143.2197265625,88.10379042204265
N03,10,MITO,98982.65625,3030.1629124910296
N03,10,PHAandWGA,37567.5859375,1036.5463990692333
N03,10,SYTO,25075.05859375,643.8108460797281
N03,11,CONC,7297.095703125,109.57552299696681
N03,11,HOECHST,4196.0625,86.70792609595377
N03,11,MITO,101212.515625,2992.4542632081843
N03,11,PHAandWGA,37707.4609375,1019.099184782316
N03,11,SYTO,25164.076171875,625.617152985582
N03,12,CONC,7374.654296875,106.55511163489467
N03,12,HOECHST,4274.7431640625,84.95087273860219
N03,12,MITO,102117.28125,2941.17122037146
N03,12,PHAandWGA,38049.0859375,1000.8065891076893
N03,12,SYTO,24873.5703125,606.3861681773259
N03,13,CONC,7439.90625,103.55076155599384
N03,13,HOECHST,4297.68994140625,82.88245113559483
N03,13,MITO,103493.1875,2879.2546674874948
N03,13,PHAandWGA,38780.05859375,984.3414778235335
N03,13,SYTO,25130.3125,588.7985677718065
N03,14,CONC,7498.3037109375,100.32172626554383
N03,14,HOECHST,4383.91796875,80.77245455516224
N03,14,MITO,104271.234375,2802.3789238567642
N03,14,PHAandWGA,39572.16015625,961.8784425958696
N03,14,SYTO,25160.1171875,567.2645320572851
N03,15,CONC,7615.4755859375,96.66097857397163
N03,15,HOECHST,4438.662109375,78.40872240549483
N03,15,MITO,105151.78125,2710.7979902348147
N03,15,PHAandWGA,39843.1484375,934.1005075214017
N03,15,SYTO,25203.10546875,543.4613031397281
N04,0,CONC,2604.0146484375,68.95471062239653
N04,0,HOECHST,1829.39306640625,59.39600726118923
N04,0,MITO,41578.9140625,3325.854594073895
N04,0,PHAandWGA,9524.7734375,596.1629099238348
N04,0,SYTO,5231.708984375,349.6077136560817
N04,1,CONC,2775.01318359375,87.71671840381393
N04,1,HOECHST,1962.9591064453125,75.870393372429
N04,1,MITO,43670.546875,3838.3675829974086
N04,1,PHAandWGA,10801.927734375,737.1022700961702
N04,1,SYTO,5705.0673828125,433.4919910943853
N04,2,CONC,2986.605224609375,107.29918256918931
N04,2,HOECHST,2133.05029296875,97.12065079973432
N04,2,MITO,46346.48046875,4402.100192837476
N04,2,PHAandWGA,12017.69140625,873.1478869534125
N04,2,SYTO,6488.0439453125,528.5888412107186
N04,3,CONC,3185.285400390625,123.1373305372484
N04,3,HOECHST,2330.607666015625,117.29614596753812
N04,3,MITO,49174.3203125,4790.903999713215
N04,3,PHAandWGA,13296.533203125,972.2719182033086
N04,3,SYTO,7138.876953125,603.6373103085053
N04,4,CONC,3317.625244140625,132.31266262038199
N04,4,HOECHST,2460.768310546875,129.04136309862508
N04,4,MITO,51259.1328125,5025.332985851725
N04,4,PHAandWGA,14538.46484375,1033.363600319607
N04,4,SYTO,7529.3359375,644.1529575584262
N04,5,CONC,3456.58447265625,136.3529429641714
N04,5,HOECHST,2549.8486328125,134.0475672083293
N04,5,MITO,52949.6015625,5124.141276503817
N04,5,PHAandWGA,15181.69140625,1055.4971885220828
N04,5,SYTO,7728.5966796875,656.3016345718236
N04,6,CONC,3507.83642578125,137.26364008502767
N04,6,HOECHST,2593.390625,133.61658174640294
N04,6,MITO,53501.01171875,5133.038826031689
N04,6,PHAandWGA,15946.2958984375,1057.4023279650237
N04,6,SYTO,7798.69921875,652.0596746339329
N04,7,CONC,3570.763427734375,135.3505892963561
N04,7,HOECHST,2610.56787109375,129.09440810402774
N04,7,MITO,53820.01953125,5087.675504159742
N04,7,PHAandWGA,16103.728515625,1047.9119459455412
N04,7,SYTO,7795.1474609375,637.0900343826978
N04,8,CONC,3583.413818359375,131.88845642251724
N04,8,HOECHST,2602.1884765625,123.77451633318141
N04,8,MITO,53938.88671875,5016.516529393588
N04,8,PHAandWGA,16398.880859375,1028.5217767012682
N04,8,SYTO,7769.2373046875,620.5559172598253
N04,9,CONC,3573.57470703125,128.01919746261007
N04,9,HOECHST,2615.26513671875,118.2971596716534
N04,9,MITO,54248.625,4920.673480252623
N04,9,PHAandWGA,16208.6455078125,1000.4699168658789
N04,9,SYTO,7738.0302734375,597.818514929585
N04,10,CONC,3583.537841796875,123.50413453546359
N04,10,HOECHST,2598.26611328125,112.51764250628436
N04,10,MITO,54567.84375,4788.32799836229
N04,10,PHAandWGA,16039.859375,972.440683001319
N04,10,SYTO,7659.052734375,574.3184969010917
N04,11,CONC,3565.7158203125,118.64382046694723
N04,11,HOECHST,2600.4345703125,106.76976028196502
N04,11,MITO,54984.328125,4642.491110120189
N04,11,PHAandWGA,15723.837890625,938.8248101528895
N04,11,SYTO,7696.9375,547.3855733694913
N04,12,CONC,3600.00048828125,114.06161553141726
N04,12,HOECHST,2610.17529296875,101.62374030895808
N04,12,MITO,54711.9921875,4475.471222062903
N04,12,PHAandWGA,15720.55078125,905.7946367013052
N04,12,SYTO,7696.173828125,522.5025229683052
N04,13,CONC,3643.954345703125,109.19407405668736
N04,13,HOECHST,2626.181396484375,96.68936698398787
N04,13,MITO,55637.265625,4289.829565521131
N04,13,PHAandWGA,15605.373046875,869.0703833241587
N04,13,SYTO,7699.44384765625,497.2042575060978
N04,14,CONC,3664.8564453125,104.83006587293839
N04,14,HOECHST,2667.3798828125,92.49833091471069
N04,14,MITO,55540.03125,4073.527519638633
N04,14,PHAandWGA,15492.216796875,830.0998967869197
N04,14,SYTO,7787.73046875,473.5378137098826
N04,15,CONC,3728.290771484375,100.20614948095702
N04,15,HOECHST,2701.4658203125,88.15816243003873
N04,15,MITO,56225.85546875,3867.7058355866457
N04,15,PHAandWGA,15374.7568359375,791.0691012643583
N04,15,SYTO,7894.77734375,447.49907489166213
N05,0,CONC,7013.908203125,58.319972035798614
N05,0,HOECHST,5098.888671875,75.29908335224329
N05,0,MITO,94330.6875,1400.7256402810838
N05,0,PHAandWGA,35420.515625,560.1382332239718
N05,0,SYTO,25315.74609375,445.91998179232587
N05,1,CONC,7357.0322265625,68.59174907861272
N05,1,HOECHST,5358.55419921875,87.49346233948063
N05,1,MITO,97306.328125,1548.4000027373163
N05,1,PHAandWGA,37081.8359375,620.2730852241276
N05,1,SYTO,26681.72265625,507.08233864417826
N05,2,CONC,7771.71142578125,82.60459953459659
N05,2,HOECHST,5698.71630859375,104.27901326227536
N05,2,MITO,100276.421875,1727.766823359336
N05,2,PHAandWGA,38690.2890625,704.7208476958705
N05,2,SYTO,28194.4375,590.9764662046625
N05,3,CONC,8227.998046875,95.49943207418065
N05,3,HOECHST,6045.63916015625,119.76081132475105
N05,3,MITO,103528.828125,1885.9781009167416
N05,3,PHAandWGA,41001.3125,788.0528625835865
N05,3,SYTO,29990.55078125,669.4549478017842
N05,4,CONC,8607.7275390625,102.56445893714584
N05,4,HOECHST,6333.1328125,127.9171792137259
N05,4,MITO,107445.8125,1965.5553104159221
N05,4,PHAandWGA,42439.9921875,841.2230184603134
N05,4,SYTO,31766.029296875,717.8982509485269
N05,5,CONC,9039.1064453125,106.10362700564018
N05,5,HOECHST,6687.97265625,132.74870171418678
N05,5,MITO,112287.09375,2013.2121248228962
N05,5,PHAandWGA,45425.81640625,879.5742527589158
N05,5,SYTO,33827.0078125,745.3497673511537
N05,6,CONC,9347.98046875,106.37459226854799
N05,6,HOECHST,7012.2265625,135.21251380191774
N05,6,MITO,114767.2578125,2024.8576159644026
N05,6,PHAandWGA,46644.65625,892.4818610477028
N05,6,SYTO,35846.8515625,755.392611729233
N05,7,CONC,9624.7197265625,103.864959571622
N05,7,HOECHST,7222.30859375,134.083361319661
N05,7,MITO,118031.5078125,2001.8712642207122
N05,7,PHAandWGA,48378.875,888.9962399481312
N05,7,SYTO,37688.2265625,740.9917677487412
N05,8,CONC,9951.568359375,100.77345091515974
N05,8,HOECHST,7493.08984375,131.14793372863912
N05,8,MITO,121977.015625,1977.1826489038008
N05,8,PHAandWGA,49971.921875,876.1176807096635
N05,8,SYTO,39258.07421875,719.3626896423915
N05,9,CONC,10147.009765625,97.03262033611072
N05,9,HOECHST,7700.337890625,127.38777226513544
N05,9,MITO,124633.75,1944.3414496658647
N05,9,PHAandWGA,51893.48046875,855.3989215237999
N05,9,SYTO,41097.7421875,691.8487955611027
N05,10,CONC,10420.490234375,92.6991679034215
N05,10,HOECHST,7974.04150390625,122.56156150145208
N05,10,MITO,128294.9375,1907.9828592552803
N05,10,PHAandWGA,53467.35546875,827.9924174970308
N05,10,SYTO,42521.28125,658.7440826601718
N05,11,CONC,10600.087890625,87.86516944497725
N05,11,HOECHST,8168.318359375,117.021772267734
N05,11,MITO,131158.9375,1842.9616197072237
N05,11,PHAandWGA,55280.0234375,796.3071965781837
N05,11,SYTO,43461.03125,623.4355455147231
N05,12,CONC,10806.927734375,83.0881667941114
N05,12,HOECHST,8312.94140625,111.68700586525462
N05,12,MITO,135326.265625,1794.0603190507434
N05,12,PHAandWGA,56628.3828125,763.1094231002387
N05,12,SYTO,44628.91796875,588.5038115791485
N05,13,CONC,10944.2734375,78.19786396580176
N05,13,HOECHST,8506.326171875,106.08838739411483
N05,13,MITO,137833.59375,1725.3694721709132
N05,13,PHAandWGA,57922.421875,728.6002803733106
N05,13,SYTO,46311.46484375,553.4476496951833
N05,14,CONC,11111.1533203125,73.72827925871636
N05,14,HOECHST,8654.0859375,100.55280791098686
N05,14,MITO,139718.515625,1652.358624629525
N05,14,PHAandWGA,59013.64453125,694.4005722849497
N05,14,SYTO,46460.16015625,520.5417296303326
N05,15,CONC,11244.05078125,69.65611930857594
N05,15,HOECHST,8834.30859375,95.6922787430272
N05,15,MITO,140835.0625,1592.7752677254693
N05,15,PHAandWGA,61067.1328125,664.9688195381653
N05,15,SYTO,47274.6015625,491.7270893901425
N06,0,CONC,2661.0,58.01011957314944
N06,0,HOECHST,1389.126708984375,27.407186340254164
N06,0,MITO,51597.015625,3276.246716926429
N06,0,PHAandWGA,13138.4892578125,697.5734124053373
N06,0,SYTO,6076.34033203125,361.3020020660358
N06,1,CONC,2833.342529296875,69.30202253627715
N06,1,HOECHST,1472.76416015625,33.43375307498785
N06,1,MITO,52270.9453125,3556.0825486926447
N06,1,PHAandWGA,14314.70703125,800.6256439449222
N06,1,SYTO,6582.77001953125,422.1650455750044
N06,2,CONC,3008.09521484375,80.37859408441733
N06,2,HOECHST,1574.98095703125,39.75428135542171
N06,2,MITO,54867.1953125,3901.7160630161748
N06,2,PHAandWGA,15593.302734375,905.4410241983388
N06,2,SYTO,7164.68017578125,484.20629576478916
N06,3,CONC,3179.26806640625,88.32121940932588
N06,3,HOECHST,1678.682861328125,45.6483095121576
N06,3,MITO,57195.6484375,4135.8246551296215
N06,3,PHAandWGA,16738.025390625,980.5297397217032
N06,3,SYTO,7737.212890625,530.1412815354233
N06,4,CONC,3311.539794921875,92.4272309500695
N06,4,HOECHST,1770.3465576171875,49.4080747751625
N06,4,MITO,59171.3046875,4254.761435651223
N06,4,PHAandWGA,17854.45703125,1022.393082948818
N06,4,SYTO,8128.537109375,552.8531369484089
N06,5,CONC,3419.23486328125,93.99095183780106
N06,5,HOECHST,1821.4013671875,50.39826447502184
N06,5,MITO,61120.9453125,4328.723436582075
N06,5,PHAandWGA,18749.1796875,1043.9031253717442
N06,5,SYTO,8393.13671875,557.5030583278011
N06,6,CONC,3504.341796875,93.85828535530698
N06,6,HOECHST,1847.76708984375,49.76911280739468
N06,6,MITO,62729.72265625,4377.6712094170425
N06,6,PHAandWGA,19199.140625,1050.766818638008
N06,6,SYTO,8527.8818359375,552.7567675697245
N06,7,CONC,3533.603759765625,92.4952111912467
N06,7,HOECHST,1879.7490234375,48.703837371200486
N06,7,MITO,63698.421875,4356.345129246066
N06,7,PHAandWGA,19791.474609375,1040.7638591141517
N06,7,SYTO,8661.099609375,540.0320937777387
N06,8,CONC,3574.5947265625,90.05457696577251
N06,8,HOECHST,1899.6314697265625,47.67955497056798
N06,8,MITO,64304.765625,4329.4586058362165
N06,8,PHAandWGA,20076.306640625,1026.2684935583445
N06,8,SYTO,8685.748046875,524.227671119094
N06,9,CONC,3597.2900390625,87.62458343750279
N06,9,HOECHST,1915.624755859375,46.26561086008788
N06,9,MITO,64833.6875,4267.161383171596
N06,9,PHAandWGA,20235.42578125,1004.4040908407326
N06,9,SYTO,8716.0595703125,507.04958590808513
N06,10,CONC,3614.42431640625,85.28281670443123
N06,10,HOECHST,1930.115478515625,44.9391366555533
N06,10,MITO,65915.671875,4201.761263111813
N06,10,PHAandWGA,20260.93359375,981.3553409280736
N06,10,SYTO,8760.4443359375,489.71385120739336
N06,11,CONC,3640.63671875,82.37856338211398
N06,11,HOECHST,1946.039794921875,43.56106767430381
N06,11,MITO,66542.390625,4108.637778182024
N06,11,PHAandWGA,20159.4453125,949.6895728467782
N06,11,SYTO,8773.345703125,470.1990404860678
N06,12,CONC,3677.193359375,79.3329121095802
N06,12,HOECHST,1953.813232421875,41.97681342227363
N06,12,MITO,67385.2421875,3994.1031023143455
N06,12,PHAandWGA,20294.505859375,922.0277542965335
N06,12,SYTO,8823.357421875,449.483343465516
N06,13,CONC,3716.19384765625,76.29709501678158
N06,13,HOECHST,1977.3309326171875,40.39502438971288
N06,13,MITO,68242.15625,3864.540834624997
N06,13,PHAandWGA,20095.357421875,886.1220389732625
N06,13,SYTO,8936.2958984375,429.11933375636863
N06,14,CONC,3750.385498046875,73.27607569834365
N06,14,HOECHST,2000.7322998046875,38.7737440234152
N06,14,MITO,68984.203125,3710.4505718710866
N06,14,PHAandWGA,20320.44140625,850.0534137919619
N06,14,SYTO,8970.455078125,407.2768859432121
N06,15,CONC,3791.62744140625,70.07064850975665
N06,15,HOECHST,2013.4000244140625,37.077397452068716
N06,15,MITO,69115.046875,3550.6755453915334
N06,15,PHAandWGA,20167.4140625,809.6197340805145
N06,15,SYTO,9074.40625,384.8060077847626
N07,0,CONC,3167.5009765625,114.1274972181885
N07,0,HOECHST,2454.20849609375,123.16548064194686
N07,0,MITO,51591.13671875,4622.182372537948
N07,0,PHAandWGA,13624.28515625,1065.5452872761368
N07,0,SYTO,8454.822265625,678.3362489998535
N07,1,CONC,3768.519775390625,200.85347634428007
N07,1,HOECHST,2994.998046875,220.19826438471904
N07,1,MITO,58760.703125,6570.928087949615
N07,1,PHAandWGA,15819.6669921875,1572.4040347263358
N07,1,SYTO,10886.6171875,1111.7087116767539
N07,2,CONC,4163.94970703125,233.75791784081235
N07,2,HOECHST,3455.4453125,281.6485781994645
N07,2,MITO,64131.9375,7349.652398693829
N07,2,PHAandWGA,17674.4140625,1842.1610945155116
N07,2,SYTO,13012.517578125,1348.201262399914
N07,3,CONC,4426.85400390625,242.18777555793014
N07,3,HOECHST,3664.002685546875,290.1645533998313
N07,3,MITO,67077.9140625,7486.401916077192
N07,3,PHAandWGA,19562.033203125,1953.9469290796242
N07,3,SYTO,14537.322265625,1413.5574014902456
N07,4,CONC,4629.87060546875,246.185770267384
N07,4,HOECHST,3791.564697265625,282.18619106069394
N07,4,MITO,70807.3671875,7525.938934256688
N07,4,PHAandWGA,20900.53125,1994.7504103600543
N07,4,SYTO,15597.7607421875,1404.8304393488363
N07,5,CONC,4705.3466796875,238.7096451126608
N07,5,HOECHST,3903.010498046875,279.12868302084513
N07,5,MITO,71986.6640625,7318.367567788878
N07,5,PHAandWGA,22307.29296875,1954.2213513124475
N07,5,SYTO,16971.88671875,1361.7646018482094
N07,6,CONC,4715.37890625,226.26034537786427
N07,6,HOECHST,3928.581787109375,263.0142651320521
N07,6,MITO,73539.84375,7082.451391421887
N07,6,PHAandWGA,22893.10546875,1882.564309958461
N07,6,SYTO,17774.98828125,1292.974896483603
N07,7,CONC,4644.29052734375,211.98656529972735
N07,7,HOECHST,3826.727783203125,236.9558626620321
N07,7,MITO,73229.296875,6818.245462232188
N07,7,PHAandWGA,23224.96484375,1803.2646859485353
N07,7,SYTO,17864.24609375,1211.3292210599614
N07,8,CONC,4535.876953125,196.9544447447426
N07,8,HOECHST,3760.130859375,217.89776778783997
N07,8,MITO,72771.0859375,6541.966523486751
N07,8,PHAandWGA,23351.09765625,1735.28929214877
N07,8,SYTO,17571.53125,1129.3574996608988
N07,9,CONC,4447.45361328125,183.07456815736987
N07,9,HOECHST,3674.32275390625,200.92910534449393
N07,9,MITO,71115.84375,6291.833800022498
N07,9,PHAandWGA,22911.62890625,1660.8573959720302
N07,9,SYTO,16745.84375,1052.4495273581579
N07,10,CONC,4359.3994140625,171.1417587111577
N07,10,HOECHST,3574.422119140625,184.44972730081122
N07,10,MITO,69867.84375,6062.924639195241
N07,10,PHAandWGA,22523.162109375,1596.3952679198296
N07,10,SYTO,16093.171875,988.4227220938217
N07,11,CONC,4313.3359375,160.2858487001562
N07,11,HOECHST,3538.961181640625,171.16131561050258
N07,11,MITO,69180.546875,5794.96917193727
N07,11,PHAandWGA,21990.1015625,1520.6158271672145
N07,11,SYTO,15068.337890625,921.1154398226656
N07,12,CONC,4281.7666015625,150.44539165733914
N07,12,HOECHST,3516.185546875,159.6850070912512
N07,12,MITO,68396.3125,5538.524063049887
N07,12,PHAandWGA,21735.21875,1447.533881303522
N07,12,SYTO,14436.03125,859.4329706268084
N07,13,CONC,4262.9541015625,141.5387460894678
N07,13,HOECHST,3543.711181640625,149.38842729416587
N07,13,MITO,68658.09375,5254.550292930396
N07,13,PHAandWGA,21237.697265625,1371.2920829790407
N07,13,SYTO,13733.85546875,800.0875001595921
N07,14,CONC,4312.435546875,133.54274612167086
N07,14,HOECHST,3544.62939453125,140.35390452890155
N07,14,MITO,68337.1796875,4933.796279849827
N07,14,PHAandWGA,20975.458984375,1299.2708483299602
N07,14,SYTO,13324.740234375,748.8842837356699
N07,15,CONC,4334.8515625,125.80339789059275
N07,15,HOECHST,3584.37890625,131.11668576205284
N07,15,MITO,68410.21875,4664.118905129917
N07,15,PHAandWGA,20908.123046875,1225.695897707596
N07,15,SYTO,13070.236328125,694.5849474002282
N08,0,CONC,7603.443359375,82.36910162443817
N08,0,HOECHST,5715.4814453125,107.67660424161694
N08,0,MITO,98057.796875,1423.4700143994808
N08,0,PHAandWGA,39980.78125,786.2459940443181
N08,0,SYTO,30007.376953125,680.1700956598276
N08,1,CONC,8143.4208984375,96.14363409400265
N08,1,HOECHST,6153.80078125,123.40882753402961
N08,1,MITO,100471.546875,1554.2353913085794
N08,1,PHAandWGA,42884.98828125,882.5479030000871
N08,1,SYTO,32554.041015625,771.4702645761549
N08,2,CONC,8596.21484375,105.05479228055714
N08,2,HOECHST,6526.8623046875,133.31674408672794
N08,2,MITO,105199.453125,1645.7961365580225
N08,2,PHAandWGA,44812.45703125,947.2174390448405
N08,2,SYTO,34928.828125,828.4268665105177
N08,3,CONC,9052.7216796875,107.01196741348353
N08,3,HOECHST,6879.994140625,136.8979542548298
N08,3,MITO,109498.9921875,1698.1886249045522
N08,3,PHAandWGA,47939.34375,972.1231015832219
N08,3,SYTO,37152.453125,842.0283618316296
N08,4,CONC,9353.6015625,103.37180974555227
N08,4,HOECHST,7187.92724609375,135.2356458102981
N08,4,MITO,113200.4921875,1703.151643272115
N08,4,PHAandWGA,49154.0078125,958.225676647862
N08,4,SYTO,39085.3046875,815.9210895773134
N08,5,CONC,9513.3046875,96.93502050667459
N08,5,HOECHST,7401.8330078125,130.62244604759
N08,5,MITO,116492.75,1688.9396627793844
N08,5,PHAandWGA,50994.18359375,924.9155404021765
N08,5,SYTO,40999.4921875,769.103218955908
N08,6,CONC,9618.69921875,90.62766438169903
N08,6,HOECHST,7552.2197265625,124.50295642069771
N08,6,MITO,118835.65625,1635.277970809123
N08,6,PHAandWGA,52091.16015625,889.1006291995606
N08,6,SYTO,41837.28125,720.869992679178
N08,7,CONC,9744.3115234375,84.94927447723528
N08,7,HOECHST,7707.15625,117.70463550458886
N08,7,MITO,121467.390625,1599.3119779053682
N08,7,PHAandWGA,53687.09375,855.0992995988355
N08,7,SYTO,42655.53125,676.2726569722595
N08,8,CONC,9812.603515625,79.9066603445305
N08,8,HOECHST,7866.16552734375,111.64822592265315
N08,8,MITO,122824.171875,1549.5925170149692
N08,8,PHAandWGA,54751.6875,819.5720155313179
N08,8,SYTO,43183.96875,633.2753105908802
N08,9,CONC,9909.98046875,75.2169004207058
N08,9,HOECHST,7888.4716796875,106.1795935252102
N08,9,MITO,125354.46875,1505.3241678077234
N08,9,PHAandWGA,55503.60546875,785.5303098514615
N08,9,SYTO,44746.359375,597.4585410381972
N08,10,CONC,10010.5048828125,71.74218419825401
N08,10,HOECHST,7990.07373046875,102.01258958481056
N08,10,MITO,128059.109375,1470.4962696128264
N08,10,PHAandWGA,57229.76953125,761.6692664010718
N08,10,SYTO,44919.25,567.567728898406
N08,11,CONC,10094.2001953125,68.74528779954063
N08,11,HOECHST,8071.396484375,98.76869020181633
N08,11,MITO,128912.921875,1434.5474194344768
N08,11,PHAandWGA,56810.69140625,738.5744915083372
N08,11,SYTO,45482.91796875,546.0794232105463
N08,12,CONC,10100.783203125,66.56866962042389
N08,12,HOECHST,8199.3974609375,96.5578841309367
N08,12,MITO,130418.546875,1413.6446265969187
N08,12,PHAandWGA,58261.640625,725.8051497272664
N08,12,SYTO,44921.28515625,527.6649015869641
N08,13,CONC,10161.234375,64.66244533832199
N08,13,HOECHST,8296.7314453125,94.54182020768744
N08,13,MITO,131132.1875,1393.8302510917229
N08,13,PHAandWGA,58426.296875,709.9197314286971
N08,13,SYTO,45373.47265625,511.91316215247474
N08,14,CONC,10274.8310546875,62.788266488813775
N08,14,HOECHST,8361.564453125,92.3082046836797
N08,14,MITO,131834.484375,1364.1836872097958
N08,14,PHAandWGA,58937.36328125,695.6891713735023
N08,14,SYTO,45146.515625,496.3485986641455
N08,15,CONC,10339.5068359375,60.99565251461076
N08,15,HOECHST,8480.453125,90.32453793037519
N08,15,MITO,133079.4375,1335.2967366763717
N08,15,PHAandWGA,58749.171875,682.2955717899781
N08,15,SYTO,45298.9921875,481.1319592433382
N09,0,CONC,4310.822265625,81.3319278749739
N09,0,HOECHST,2886.792724609375,81.12073326437508
N09,0,MITO,69557.53125,3134.9443355189137
N09,0,PHAandWGA,20073.8515625,845.5532536802704
N09,0,SYTO,10331.5625,488.8993331013311
N09,1,CONC,5136.6669921875,154.3656446035603
N09,1,HOECHST,3340.17919921875,140.35175303855385
N09,1,MITO,78707.1015625,4764.67363639884
N09,1,PHAandWGA,22716.20703125,1284.084295132481
N09,1,SYTO,14039.04296875,828.4794741858141
N09,2,CONC,6144.244140625,233.0343173096365
N09,2,HOECHST,4144.65771484375,243.58174553313162
N09,2,MITO,89185.015625,6343.267476659214
N09,2,PHAandWGA,26518.359375,1663.6192474657726
N09,2,SYTO,18087.52734375,1211.8391722785457
N09,3,CONC,6902.5419921875,266.7975869697034
N09,3,HOECHST,4684.3330078125,271.47207055765983
N09,3,MITO,97159.75,6882.512485239318
N09,3,PHAandWGA,29572.6484375,1855.8207886914367
N09,3,SYTO,20908.90625,1358.38722936117
N09,4,CONC,7311.26953125,272.1757126029675
N09,4,HOECHST,5114.767578125,284.346934513992
N09,4,MITO,103380.109375,6908.795023135558
N09,4,PHAandWGA,32061.15625,1917.9480525588576
N09,4,SYTO,23939.5546875,1382.744729427936
N09,5,CONC,7456.634765625,260.7416510297197
N09,5,HOECHST,5322.24609375,280.4873470691354
N09,5,MITO,107256.984375,6765.420461006842
N09,5,PHAandWGA,34408.7265625,1904.1835369048615
N09,5,SYTO,25491.77734375,1345.0398420077713
N09,6,CONC,7528.4619140625,244.79170474606107
N09,6,HOECHST,5303.05224609375,262.07463223343586
N09,6,MITO,107520.25,6506.253381567842
N09,6,PHAandWGA,35154.58984375,1849.207775653881
N09,6,SYTO,26457.123046875,1273.3365963708372
N09,7,CONC,7407.9794921875,226.19368802494986
N09,7,HOECHST,5267.677734375,237.99684938641718
N09,7,MITO,108328.8046875,6214.321427429936
N09,7,PHAandWGA,36648.6875,1792.9432105420142
N09,7,SYTO,27120.8359375,1189.2905687809555
N09,8,CONC,7256.05419921875,207.9375304360562
N09,8,HOECHST,5228.44921875,224.6065095898747
N09,8,MITO,107921.4453125,5929.395670882058
N09,8,PHAandWGA,36589.84765625,1701.9461399468921
N09,8,SYTO,27224.810546875,1107.4691175953008
N09,9,CONC,7050.4619140625,190.88334434730461
N09,9,HOECHST,5120.6201171875,203.84730781157788
N09,9,MITO,107443.6171875,5635.846025688102
N09,9,PHAandWGA,36186.39453125,1619.7973842343722
N09,9,SYTO,26377.599609375,1025.857043318306
N09,10,CONC,6872.6708984375,176.35798727204403
N09,10,HOECHST,4987.43603515625,186.9069816730074
N09,10,MITO,105756.65625,5384.657919406234
N09,10,PHAandWGA,35809.7578125,1544.884994233372
N09,10,SYTO,25362.546875,958.8756047971584
N09,11,CONC,6734.7890625,163.32708273100408
N09,11,HOECHST,4902.380859375,173.14213076286492
N09,11,MITO,104931.453125,5158.86767469845
N09,11,PHAandWGA,35862.83203125,1485.4881722456948
N09,11,SYTO,24647.5078125,895.4931163859762
N09,12,CONC,6599.6064453125,151.57629385879588
N09,12,HOECHST,4804.8388671875,161.2529454403231
N09,12,MITO,104002.78125,4944.531897187426
N09,12,PHAandWGA,35446.1015625,1425.4843250101876
N09,12,SYTO,23766.66796875,837.6179866861659
N09,13,CONC,6544.82861328125,141.25362889720532
N09,13,HOECHST,4802.52392578125,151.82478999986773
N09,13,MITO,103432.46875,4708.183113190155
N09,13,PHAandWGA,34560.578125,1362.21919046478
N09,13,SYTO,23075.9453125,783.5867073057087
N09,14,CONC,6467.65576171875,132.3649782366075
N09,14,HOECHST,4794.85546875,142.2112182587796
N09,14,MITO,103023.53125,4486.605447133445
N09,14,PHAandWGA,34099.828125,1298.7978928694272
N09,14,SYTO,22551.859375,731.7884716720671
N09,15,CONC,6504.5478515625,123.63698257196084
N09,15,HOECHST,4806.93212890625,132.8573564497422
N09,15,MITO,101761.3828125,4228.006753890455
N09,15,PHAandWGA,33925.9765625,1231.678601871123
N09,15,SYTO,21923.6484375,680.7289333265646
N10,0,CONC,8423.8798828125,87.91563612450408
N10,0,HOECHST,6704.509765625,115.56481721863469
N10,0,MITO,114520.578125,1890.615782362158
N10,0,PHAandWGA,47282.6015625,819.3742805589904
N10,0,SYTO,34838.5703125,687.8523108279991
N10,1,CONC,9183.19921875,114.89003193203766
N10,1,HOECHST,7322.6171875,143.37161648662658
N10,1,MITO,120961.953125,2238.646052425
N10,1,PHAandWGA,49571.25,984.7316810704469
N10,1,SYTO,37617.96484375,858.009992681164
N10,2,CONC,9799.435546875,126.29493962354483
N10,2,HOECHST,7820.912109375,160.84057919795148
N10,2,MITO,125884.75,2377.452649703746
N10,2,PHAandWGA,53084.90625,1077.331430178748
N10,2,SYTO,40737.875,947.572164486217
N10,3,CONC,10180.7802734375,125.59370233710646
N10,3,HOECHST,8239.35546875,167.9411896370414
N10,3,MITO,129149.421875,2326.7840878078814
N10,3,PHAandWGA,55062.56640625,1093.3050941566876
N10,3,SYTO,42704.55859375,952.4937847991158
N10,4,CONC,10542.884765625,119.71692464005154
N10,4,HOECHST,8521.7001953125,158.61664653576057
N10,4,MITO,132694.75,2192.078423706854
N10,4,PHAandWGA,57391.91015625,1075.4084922855493
N10,4,SYTO,45124.98046875,915.5774474636861
N10,5,CONC,10820.9248046875,111.07789555495017
N10,5,HOECHST,8799.2958984375,149.6434511964304
N10,5,MITO,136712.4375,2086.514524309157
N10,5,PHAandWGA,60434.8984375,1031.5981937935019
N10,5,SYTO,47424.5859375,856.807808691359
N10,6,CONC,11027.82421875,100.82977409207815
N10,6,HOECHST,9093.556640625,141.86628236717934
N10,6,MITO,139989.96875,1960.129594686253
N10,6,PHAandWGA,62484.25,973.3754169630948
N10,6,SYTO,48512.765625,793.9279606578983
N10,7,CONC,11094.80078125,90.16290598820399
N10,7,HOECHST,9327.41015625,133.52235793245472
N10,7,MITO,142858.15625,1827.508590826227
N10,7,PHAandWGA,63486.203125,912.0543958410951
N10,7,SYTO,50693.53125,728.2506110552617
N10,8,CONC,11246.19140625,81.24855618645468
N10,8,HOECHST,9508.701171875,124.09497376858968
N10,8,MITO,144780.140625,1706.4269063620413
N10,8,PHAandWGA,65663.234375,850.2515677615721
N10,8,SYTO,51929.03125,667.687400446573
N10,9,CONC,11277.8125,74.04216524523588
N10,9,HOECHST,9634.388671875,115.56240067706209
N10,9,MITO,147553.953125,1600.1647380765166
N10,9,PHAandWGA,66338.5234375,796.808624541263
N10,9,SYTO,52953.33203125,614.6911050375325
N10,10,CONC,11360.12890625,67.84894165022237
N10,10,HOECHST,9802.48046875,107.59564680285257
N10,10,MITO,148851.453125,1507.5465727039095
N10,10,PHAandWGA,68483.078125,748.1480983646255
N10,10,SYTO,54100.55078125,568.5654118732605
N10,11,CONC,11414.0947265625,62.435428423448975
N10,11,HOECHST,9903.5224609375,100.51672174630517
N10,11,MITO,148892.90625,1416.3540700969604
N10,11,PHAandWGA,69219.5078125,698.3364474284162
N10,11,SYTO,54698.8515625,521.9719207984625
N10,12,CONC,11563.7998046875,57.92088788694744
N10,12,HOECHST,10054.70703125,94.88267903981613
N10,12,MITO,151624.9375,1349.9064113700206
N10,12,PHAandWGA,69577.0390625,658.1676305005572
N10,12,SYTO,54710.3671875,485.5330353442079
N10,13,CONC,11661.9140625,54.01185882571451
N10,13,HOECHST,10171.7626953125,89.7180908084659
N10,13,MITO,152961.9375,1287.3547383615512
N10,13,PHAandWGA,71215.828125,622.8891155939696
N10,13,SYTO,56359.9921875,454.1038302376475
N10,14,CONC,11738.6171875,50.72275259066443
N10,14,HOECHST,10321.28515625,85.6038138723106
N10,14,MITO,154606.75,1230.1109337616565
N10,14,PHAandWGA,71336.65625,593.4561721110031
N10,14,SYTO,56498.41796875,425.53667769344145
N10,15,CONC,11784.8720703125,47.97742891692127
N10,15,HOECHST,10512.2890625,81.84877910936976
N10,15,MITO,155849.46875,1176.5189117085113
N10,15,PHAandWGA,72696.5234375,565.7024745522481
N10,15,SYTO,56963.3203125,400.5806187841202
N11,0,CONC,9504.353515625,126.34263242709578
N11,0,HOECHST,6597.7333984375,164.33370662229402
N11,0,MITO,116177.7109375,2542.147744595415
N11,0,PHAandWGA,43896.17578125,926.882725278625
N11,0,SYTO,30684.0859375,794.3971972851203
N11,1,CONC,10860.740234375,190.33453362015527
N11,1,HOECHST,7563.2294921875,232.7188279585436
N11,1,MITO,125173.6015625,3270.5297483164577
N11,1,PHAandWGA,47736.4375,1234.454519921332
N11,1,SYTO,34558.32421875,1099.0224656016742
N11,2,CONC,11853.23828125,214.33142021670818
N11,2,HOECHST,8202.8740234375,251.18024809693327
N11,2,MITO,131212.5,3427.6098416642267
N11,2,PHAandWGA,51868.17578125,1379.815446449425
N11,2,SYTO,38408.8125,1215.9834175946469
N11,3,CONC,12504.4892578125,210.35906817876142
N11,3,HOECHST,8824.869140625,258.8520045349668
N11,3,MITO,140045.203125,3410.5461624387576
N11,3,PHAandWGA,55177.078125,1397.5650359240326
N11,3,SYTO,41289.171875,1232.6074462268018
N11,4,CONC,13237.0654296875,199.21781740821345
N11,4,HOECHST,9328.5869140625,243.23987691333133
N11,4,MITO,146286.78125,3240.6569701002268
N11,4,PHAandWGA,58522.328125,1375.4892383255374
N11,4,SYTO,44799.53125,1170.6822194875604
N11,5,CONC,13732.974609375,185.38392798189062
N11,5,HOECHST,9768.330078125,235.54584622438838
N11,5,MITO,153279.25,3082.048369366482
N11,5,PHAandWGA,61201.7109375,1316.7409866816927
N11,5,SYTO,47682.859375,1095.4431127544692
N11,6,CONC,14046.0810546875,168.5049528297698
N11,6,HOECHST,9924.2080078125,212.98755388359922
N11,6,MITO,156584.03125,2855.8155727536932
N11,6,PHAandWGA,64024.390625,1235.3483124169961
N11,6,SYTO,49665.1328125,1004.3008233917049
N11,7,CONC,13965.7353515625,147.8093595989863
N11,7,HOECHST,10058.5263671875,191.03011894633664
N11,7,MITO,156631.171875,2619.895667291614
N11,7,PHAandWGA,65095.38671875,1133.3669508901776
N11,7,SYTO,51023.53125,907.0792664211929
N11,8,CONC,13826.29296875,127.03217978850488
N11,8,HOECHST,9999.5703125,167.49770442554598
N11,8,MITO,159162.96875,2368.32162299355
N11,8,PHAandWGA,66590.046875,1033.4779972239162
N11,8,SYTO,51667.9375,806.1362929630772
N11,9,CONC,13761.9853515625,110.86222760210795
N11,9,HOECHST,10049.34375,148.29431635926838
N11,9,MITO,159787.703125,2129.664291706217
N11,9,PHAandWGA,66882.8515625,931.030202234273
N11,9,SYTO,51933.28125,710.5112159224747
N11,10,CONC,13679.03125,97.52281848756256
N11,10,HOECHST,10116.654296875,132.5347109034502
N11,10,MITO,161631.109375,1941.6173216725904
N11,10,PHAandWGA,68577.796875,847.5187354192684
N11,10,SYTO,53458.953125,632.2787542657422
N11,11,CONC,13578.357421875,85.03763615713666
N11,11,HOECHST,10095.052734375,118.87998171203269
N11,11,MITO,162069.734375,1765.9874763573835
N11,11,PHAandWGA,69251.875,771.2802938515516
N11,11,SYTO,52948.3046875,562.4938526640801
N11,12,CONC,13383.802734375,76.18099954547367
N11,12,HOECHST,10164.5927734375,108.2075666923208
N11,12,MITO,162422.03125,1639.8130852264092
N11,12,PHAandWGA,69425.140625,709.189820091037
N11,12,SYTO,53465.29296875,510.5295538467662
N11,13,CONC,13308.7138671875,70.1174086061891
N11,13,HOECHST,10146.0283203125,99.90490790310147
N11,13,MITO,161948.96875,1541.833332623099
N11,13,PHAandWGA,69829.875,665.2763346933563
N11,13,SYTO,54413.6953125,469.5412434250358
N11,14,CONC,13259.111328125,65.8663493983697
N11,14,HOECHST,10166.59375,94.22171160224717
N11,14,MITO,161643.21875,1475.3832929565592
N11,14,PHAandWGA,69994.890625,634.8130783418867
N11,14,SYTO,54318.9921875,441.35333717477204
N11,15,CONC,13177.935546875,62.455301697092224
N11,15,HOECHST,10194.869140625,89.79058021128215
N11,15,MITO,161271.9375,1423.4624744333112
N11,15,PHAandWGA,69724.015625,610.9906187012718
N11,15,SYTO,53851.0546875,420.14399849278885
N12,0,CONC,4399.048828125,90.72234536292005
N12,0,HOECHST,2056.31640625,47.12570393690017
N12,0,MITO,73613.7890625,3447.5943047155665
N12,0,PHAandWGA,22013.6875,922.989426179941
N12,0,SYTO,10862.13671875,514.7578899494359
N12,1,CONC,4739.0947265625,108.55834638378292
N12,1,HOECHST,2229.18408203125,58.86732094799027
N12,1,MITO,76872.125,3712.547057027167
N12,1,PHAandWGA,23621.70703125,1067.0914983892133
N12,1,SYTO,12863.1669921875,618.0195928172064
N12,2,CONC,5051.46044921875,120.84690532784569
N12,2,HOECHST,2419.582763671875,69.44498143984644
N12,2,MITO,80430.1640625,3972.741678226224
N12,2,PHAandWGA,25609.044921875,1175.501467398586
N12,2,SYTO,14754.57421875,696.5007952053936
N12,3,CONC,5283.37548828125,124.78612622233445
N12,3,HOECHST,2578.748046875,75.37281954408168
N12,3,MITO,84350.265625,4064.630009489622
N12,3,PHAandWGA,27450.44140625,1223.9198434809682
N12,3,SYTO,16225.810546875,727.0709317598985
N12,4,CONC,5424.8564453125,123.443833212922
N12,4,HOECHST,2658.02587890625,75.40102438492407
N12,4,MITO,86408.265625,4049.5820403729235
N12,4,PHAandWGA,28660.64453125,1234.274148879662
N12,4,SYTO,16875.65234375,719.4716757109826
N12,5,CONC,5524.18798828125,119.97035707603278
N12,5,HOECHST,2722.90966796875,72.74988109445825
N12,5,MITO,88053.21875,3995.3709406062508
N12,5,PHAandWGA,29759.296875,1220.2174778294113
N12,5,SYTO,16882.515625,695.3948920242731
N12,6,CONC,5604.9208984375,115.91384574586269
N12,6,HOECHST,2753.197265625,69.56360608318936
N12,6,MITO,88977.09375,3929.825963146722
N12,6,PHAandWGA,30458.73046875,1197.100413527279
N12,6,SYTO,16816.896484375,668.7165246322791
N12,7,CONC,5630.94189453125,111.23445368882591
N12,7,HOECHST,2774.4384765625,67.21124096696828
N12,7,MITO,90872.65625,3852.2723873878354
N12,7,PHAandWGA,31490.8671875,1170.4526756903497
N12,7,SYTO,16284.58203125,639.7034868897616
N12,8,CONC,5657.14453125,106.82606541758386
N12,8,HOECHST,2790.22998046875,64.76858364912525
N12,8,MITO,90916.8671875,3780.590731355794
N12,8,PHAandWGA,31319.69921875,1145.2553681879092
N12,8,SYTO,15934.462890625,614.8058107328358
N12,9,CONC,5670.640625,102.51745553355467
N12,9,HOECHST,2797.8857421875,62.464046066647825
N12,9,MITO,91223.078125,3666.5451516813782
N12,9,PHAandWGA,31906.58203125,1114.9566839240583
N12,9,SYTO,15697.859375,589.3670941542218
N12,10,CONC,5712.4384765625,98.42112135647177
N12,10,HOECHST,2825.60107421875,60.2654198484028
N12,10,MITO,91086.34375,3520.967064214031
N12,10,PHAandWGA,32014.32421875,1083.6644501583419
N12,10,SYTO,15498.2265625,564.992974435553
N12,11,CONC,5726.14453125,94.64990553835237
N12,11,HOECHST,2831.31591796875,58.01979062032858
N12,11,MITO,91188.75,3418.1903967973817
N12,11,PHAandWGA,31794.40625,1051.2889172939285
N12,11,SYTO,15339.103515625,541.6225623705866
N12,12,CONC,5785.64599609375,90.89899429901705
N12,12,HOECHST,2851.927734375,56.08537181270649
N12,12,MITO,92938.4453125,3284.73881006564
N12,12,PHAandWGA,32159.6953125,1017.1220259617531
N12,12,SYTO,15335.6943359375,517.8791175722798
N12,13,CONC,5830.201171875,87.26458553411764
N12,13,HOECHST,2882.68359375,53.983769052804234
N12,13,MITO,92641.515625,3146.3078268623563
N12,13,PHAandWGA,31729.951171875,983.5919490700483
N12,13,SYTO,15288.1142578125,493.9010460269721
N12,14,CONC,5884.98828125,83.74543219879826
N12,14,HOECHST,2928.8583984375,52.09485999000386
N12,14,MITO,94517.734375,3010.8980833489727
N12,14,PHAandWGA,32459.091796875,947.5362423594739
N12,14,SYTO,15366.501953125,471.3722104400987
N12,15,CONC,5980.03515625,80.2563084422842
N12,15,HOECHST,2968.02978515625,50.06311173729265
N12,15,MITO,95280.375,2856.442769298975
N12,15,PHAandWGA,32020.0078125,907.6331261338623
N12,15,SYTO,15473.0185546875,446.77152191765765
N13,0,CONC,4102.5693359375,62.77686225537767
N13,0,HOECHST,3968.060546875,107.47683820349607
N13,0,MITO,84891.75,2863.4069279188907
N13,0,PHAandWGA,26461.88671875,871.2115896837998
N13,0,SYTO,15210.685546875,543.7774690043793
N13,1,CONC,4762.47216796875,110.2879348445032
N13,1,HOECHST,4591.9052734375,181.43246005819083
N13,1,MITO,93327.0625,4035.214740758984
N13,1,PHAandWGA,29388.486328125,1232.1240311762742
N13,1,SYTO,18385.328125,875.9251595021816
N13,2,CONC,5472.09326171875,154.9975085412345
N13,2,HOECHST,5244.6376953125,245.54498871481331
N13,2,MITO,102024.7578125,4994.644220740991
N13,2,PHAandWGA,33065.296875,1581.3709942490957
N13,2,SYTO,22166.91015625,1165.7300618087966
N13,3,CONC,5986.919921875,172.33914280608445
N13,3,HOECHST,5883.8857421875,281.92226851675514
N13,3,MITO,109967.109375,5345.715178897466
N13,3,PHAandWGA,35919.76171875,1762.1865741294537
N13,3,SYTO,25619.20703125,1293.3858045374882
N13,4,CONC,6338.732421875,173.95548779763283
N13,4,HOECHST,6391.72021484375,293.8752191966798
N13,4,MITO,116944.953125,5378.4362829294
N13,4,PHAandWGA,39010.03125,1820.989416477181
N13,4,SYTO,27712.990234375,1304.3196633999132
N13,5,CONC,6488.1875,165.63678009570634
N13,5,HOECHST,6566.1337890625,280.36587041971524
N13,5,MITO,120638.828125,5259.510183275588
N13,5,PHAandWGA,41619.296875,1821.7980581843135
N13,5,SYTO,29545.091796875,1249.5242108242164
N13,6,CONC,6630.197265625,160.19352674533317
N13,6,HOECHST,6739.24853515625,269.998167497487
N13,6,MITO,122804.1640625,5113.893609092238
N13,6,PHAandWGA,43592.9609375,1784.4753258144547
N13,6,SYTO,30954.6328125,1192.4032177534093
N13,7,CONC,6653.751953125,150.64105734988615
N13,7,HOECHST,6838.798828125,253.62333287210487
N13,7,MITO,124595.59375,4929.842336432279
N13,7,PHAandWGA,45038.19921875,1719.072581910575
N13,7,SYTO,32418.115234375,1123.0475596529436
N13,8,CONC,6662.4052734375,139.9776904307975
N13,8,HOECHST,6877.52001953125,234.3289789478274
N13,8,MITO,127905.15625,4778.140723854326
N13,8,PHAandWGA,45335.88671875,1660.7424345664097
N13,8,SYTO,32833.2734375,1051.3188397822703
N13,9,CONC,6617.45703125,129.87100485191317
N13,9,HOECHST,6847.6044921875,219.25683919792021
N13,9,MITO,127357.96875,4591.652645840652
N13,9,PHAandWGA,45732.5,1591.868717316016
N13,9,SYTO,33578.53125,981.0203381568197
N13,10,CONC,6553.67041015625,121.93850278634963
N13,10,HOECHST,6855.9453125,209.29450746342468
N13,10,MITO,127855.125,4458.108601020395
N13,10,PHAandWGA,46106.828125,1508.6859679329834
N13,10,SYTO,32608.8671875,921.9282387451359
N13,11,CONC,6527.990234375,113.67000801740816
N13,11,HOECHST,6831.4482421875,197.13502211963728
N13,11,MITO,128387.65625,4304.376562938204
N13,11,PHAandWGA,46287.70703125,1448.2502363358747
N13,11,SYTO,32698.7109375,866.6735807188788
N13,12,CONC,6521.751953125,106.52933035823446
N13,12,HOECHST,6774.296875,184.09959600828807
N13,12,MITO,128781.8359375,4177.625824516841
N13,12,PHAandWGA,45777.9375,1394.9564818013719
N13,12,SYTO,32183.36328125,814.7960966220018
N13,13,CONC,6457.416015625,100.73790644144478
N13,13,HOECHST,6779.85546875,174.69866550516008
N13,13,MITO,128981.4921875,4027.4772605917256
N13,13,PHAandWGA,46247.4140625,1337.8231817783187
N13,13,SYTO,31927.71875,766.0047457958257
N13,14,CONC,6432.0859375,95.23362261589155
N13,14,HOECHST,6787.27734375,164.92921208946223
N13,14,MITO,129840.34375,3892.5488614755577
N13,14,PHAandWGA,46141.9609375,1280.2536442868995
N13,14,SYTO,31923.84375,718.3577459780582
N13,15,CONC,6480.779296875,89.9666879736222
N13,15,HOECHST,6785.5693359375,154.54451513069895
N13,15,MITO,129946.1171875,3737.41876239726
N13,15,PHAandWGA,45469.1484375,1225.7338328608578
N13,15,SYTO,31239.935546875,674.4027252303534
N14,0,CONC,2736.79248046875,62.56272122337301
N14,0,HOECHST,1963.108642578125,58.578631637371544
N14,0,MITO,63692.8203125,3978.568336708293
N14,0,PHAandWGA,16924.4140625,889.5249858515535
N14,0,SYTO,7865.2421875,449.1267533470018
N14,1,CONC,2979.51806640625,79.72148313397157
N14,1,HOECHST,2128.36279296875,77.33732194269537
N14,1,MITO,66914.0546875,4586.4723928189605
N14,1,PHAandWGA,18189.724609375,1081.7089600183763
N14,1,SYTO,9386.0595703125,575.4749845124394
N14,2,CONC,3219.2958984375,93.44593965556219
N14,2,HOECHST,2297.7998046875,94.19106826978947
N14,2,MITO,72187.984375,5153.708420829583
N14,2,PHAandWGA,20039.8046875,1254.4611637888775
N14,2,SYTO,10928.62109375,676.7108210653852
N14,3,CONC,3397.8671875,102.90486218229896
N14,3,HOECHST,2465.607666015625,106.48706670660367
N14,3,MITO,75593.3671875,5478.163762452957
N14,3,PHAandWGA,21416.546875,1372.3151186180023
N14,3,SYTO,12261.2412109375,738.3999405210506
N14,4,CONC,3544.43310546875,105.81170481700927
N14,4,HOECHST,2569.939208984375,109.90392946771468
N14,4,MITO,78118.0390625,5585.05589914788
N14,4,PHAandWGA,22848.11328125,1436.0063623251845
N14,4,SYTO,12795.626953125,749.1885855204223
N14,5,CONC,3660.3095703125,106.10422094981695
N14,5,HOECHST,2685.89697265625,111.66311719968988
N14,5,MITO,80378.7421875,5578.350053158555
N14,5,PHAandWGA,24412.013671875,1452.9266865646991
N14,5,SYTO,13126.3994140625,743.9361050993862
N14,6,CONC,3755.961669921875,105.93726804834145
N14,6,HOECHST,2808.876708984375,112.86696191877624
N14,6,MITO,82972.640625,5548.057413694112
N14,6,PHAandWGA,25527.17578125,1450.924309426645
N14,6,SYTO,13147.23828125,730.9944085152895
N14,7,CONC,3845.0810546875,104.26913859471378
N14,7,HOECHST,2885.37158203125,112.62535769669694
N14,7,MITO,84596.3359375,5473.124264486262
N14,7,PHAandWGA,26637.99609375,1439.647708283041
N14,7,SYTO,13123.6640625,712.8005961294643
N14,8,CONC,3885.39306640625,101.95994289334321
N14,8,HOECHST,2960.5703125,110.34028808858012
N14,8,MITO,86381.15625,5378.5616470392515
N14,8,PHAandWGA,27436.85546875,1418.0672346437036
N14,8,SYTO,12859.396484375,688.0846601895531
N14,9,CONC,3903.9306640625,99.29888520773153
N14,9,HOECHST,2953.9130859375,105.6598428745248
N14,9,MITO,86847.828125,5299.196786398711
N14,9,PHAandWGA,27842.484375,1399.6566597501703
N14,9,SYTO,12525.09765625,660.1091834901054
N14,10,CONC,3924.153076171875,96.41131458689598
N14,10,HOECHST,2959.34228515625,101.79889036588041
N14,10,MITO,88143.4921875,5201.788159051894
N14,10,PHAandWGA,28340.142578125,1375.5773870109315
N14,10,SYTO,12293.5478515625,636.9185036621531
N14,11,CONC,3938.83251953125,93.21386100021262
N14,11,HOECHST,2991.208984375,99.43289036271057
N14,11,MITO,88343.4765625,5071.041812209056
N14,11,PHAandWGA,28576.37890625,1335.9271223096516
N14,11,SYTO,12215.3701171875,611.9931946031852
N14,12,CONC,3958.64208984375,90.22145575288678
N14,12,HOECHST,3021.54541015625,96.91671041253439
N14,12,MITO,88817.859375,4961.869591441956
N14,12,PHAandWGA,28268.59375,1300.7278696075518
N14,12,SYTO,11994.7099609375,587.6079317197955
N14,13,CONC,3975.7578125,87.20679036748241
N14,13,HOECHST,3022.41943359375,93.14530040860788
N14,13,MITO,90095.25,4825.992211320634
N14,13,PHAandWGA,28073.890625,1266.3072116096882
N14,13,SYTO,11983.65625,564.673767254072
N14,14,CONC,3978.75244140625,84.1559136545493
N14,14,HOECHST,3032.65234375,89.53085521121344
N14,14,MITO,89986.9921875,4677.459324458863
N14,14,PHAandWGA,28028.455078125,1232.5052816787784
N14,14,SYTO,11896.8447265625,541.0860687938375
N14,15,CONC,4010.94677734375,80.88320871413362
N14,15,HOECHST,3055.302734375,86.21708626439622
N14,15,MITO,89701.125,4502.288719024145
N14,15,PHAandWGA,28091.9921875,1186.9281391559546
N14,15,SYTO,11899.162109375,514.6801052672388
N15,0,CONC,1501.534423828125,52.958670921679854
N15,0,HOECHST,1819.99755859375,104.69049483042933
N15,0,MITO,34253.7890625,4625.013955526153
N15,0,PHAandWGA,7073.26611328125,641.6695208361452
N15,0,SYTO,3649.31005859375,364.4398586590264
N15,1,CONC,1654.8349609375,69.88533861694854
N15,1,HOECHST,2027.944580078125,144.5254476971474
N15,1,MITO,36933.484375,5379.014744067117
N15,1,PHAandWGA,8336.083984375,824.7873158636761
N15,1,SYTO,4205.5439453125,480.0381527219499
N15,2,CONC,1785.55712890625,82.49036294845553
N15,2,HOECHST,2227.177490234375,176.6389781129761
N15,2,MITO,39385.26171875,5933.328247691332
N15,2,PHAandWGA,9219.607421875,952.0437497202146
N15,2,SYTO,4762.7177734375,563.2567344254506
N15,3,CONC,1884.51171875,89.19868158595203
N15,3,HOECHST,2369.23291015625,191.63442239685884
N15,3,MITO,41031.34375,6166.522442696883
N15,3,PHAandWGA,9947.771484375,1021.7984012163248
N15,3,SYTO,5010.02392578125,601.5718085810677
N15,4,CONC,1952.056640625,91.06663919380368
N15,4,HOECHST,2454.64208984375,196.267440919239
N15,4,MITO,41827.3046875,6210.95322656722
N15,4,PHAandWGA,10464.927734375,1049.351201382387
N15,4,SYTO,5186.94775390625,613.6578067309246
N15,5,CONC,1979.57861328125,91.03756223418561
N15,5,HOECHST,2483.320556640625,193.54294903210518
N15,5,MITO,42622.23828125,6213.715822039047
N15,5,PHAandWGA,10818.708984375,1054.1415059002697
N15,5,SYTO,5285.56005859375,606.733179122613
N15,6,CONC,1983.184326171875,89.61691568199032
N15,6,HOECHST,2500.31396484375,184.99376267587525
N15,6,MITO,42985.31640625,6132.04802297493
N15,6,PHAandWGA,10887.78515625,1037.7995174918806
N15,6,SYTO,5226.4501953125,591.0196310445402
N15,7,CONC,1978.90869140625,86.6975519950827
N15,7,HOECHST,2473.43115234375,175.41753171646488
N15,7,MITO,42665.125,5974.308224383924
N15,7,PHAandWGA,10797.9453125,1006.7814008078171
N15,7,SYTO,5194.1171875,564.963252581684
N15,8,CONC,1973.424072265625,83.35403878852712
N15,8,HOECHST,2462.79443359375,165.63555704169386
N15,8,MITO,42778.625,5794.52754494388
N15,8,PHAandWGA,10728.9775390625,974.6662022182936
N15,8,SYTO,5178.99169921875,540.6956256591357
N15,9,CONC,1970.551025390625,79.69661335235602
N15,9,HOECHST,2420.33740234375,156.17185584702855
N15,9,MITO,42945.64453125,5605.913406149063
N15,9,PHAandWGA,10569.9130859375,933.763102172177
N15,9,SYTO,5064.06884765625,510.93250547833173
N15,10,CONC,1953.532958984375,76.01786672021562
N15,10,HOECHST,2411.962158203125,146.76184193941296
N15,10,MITO,41918.28125,5329.316973928828
N15,10,PHAandWGA,10343.0322265625,885.175466830218
N15,10,SYTO,4995.82177734375,482.6577624686141
N15,11,CONC,1951.2918701171875,72.12020122595446
N15,11,HOECHST,2439.299560546875,138.47203874176813
N15,11,MITO,42076.00390625,5088.496675636284
N15,11,PHAandWGA,10185.931640625,834.9606745117119
N15,11,SYTO,4955.86865234375,454.33363925596484
N15,12,CONC,1947.044677734375,68.3638894107658
N15,12,HOECHST,2435.287109375,130.42237981166906
N15,12,MITO,42485.7734375,4804.454048064581
N15,12,PHAandWGA,9925.919921875,781.613188060559
N15,12,SYTO,4906.1630859375,425.1090777394327
N15,13,CONC,1966.006591796875,64.6909563387436
N15,13,HOECHST,2473.55615234375,123.65227973813066
N15,13,MITO,41979.49609375,4482.984280963128
N15,13,PHAandWGA,9687.830078125,723.3812092447911
N15,13,SYTO,4927.53076171875,396.9634994269297
N15,14,CONC,1990.12060546875,61.26050328636737
N15,14,HOECHST,2504.75390625,116.55227971949559
N15,14,MITO,42861.6484375,4186.392629124567
N15,14,PHAandWGA,9405.2294921875,667.0233738073127
N15,14,SYTO,4948.9423828125,370.5362887545956
N15,15,CONC,2010.857177734375,57.603148546257245
N15,15,HOECHST,2549.421875,109.24302832967938
N15,15,MITO,42406.703125,3831.8676361925673
N15,15,PHAandWGA,9118.08984375,607.5503424995737
N15,15,SYTO,4985.0908203125,340.79454780121506
N16,0,CONC,3695.94873046875,59.04986768858198
N16,0,HOECHST,3751.22509765625,97.51870871366057
N16,0,MITO,69265.8125,2231.94187743602
N16,0,PHAandWGA,23985.986328125,798.8997908583118
N16,0,SYTO,13877.806640625,501.79381652331017
N16,1,CONC,4020.43115234375,82.63380325441577
N16,1,HOECHST,4048.796142578125,126.08063438740447
N16,1,MITO,73479.390625,2783.087807742666
N16,1,PHAandWGA,25395.68359375,983.9093643764745
N16,1,SYTO,15983.783203125,666.0640421907101
N16,2,CONC,4492.8173828125,118.84140259605275
N16,2,HOECHST,4494.150390625,181.3270536837328
N16,2,MITO,79224.046875,3502.3079400865713
N16,2,PHAandWGA,27803.193359375,1278.8783627733203
N16,2,SYTO,18516.75390625,929.7537725875978
N16,3,CONC,4861.669921875,137.81867313337105
N16,3,HOECHST,4950.537109375,215.86772525871734
N16,3,MITO,84471.0078125,3856.9594540881008
N16,3,PHAandWGA,30525.453125,1492.8838025527339
N16,3,SYTO,21003.224609375,1092.253817777746
N16,4,CONC,5188.9189453125,146.53263007196162
N16,4,HOECHST,5331.111328125,236.3197811228203
N16,4,MITO,88736.125,4061.4389052081538
N16,4,PHAandWGA,32752.66015625,1608.4140666947842
N16,4,SYTO,23483.625,1166.3600018522488
N16,5,CONC,5449.693359375,148.3933745060452
N16,5,HOECHST,5689.84228515625,246.16420092484833
N16,5,MITO,92747.359375,4161.776321752483
N16,5,PHAandWGA,35190.9609375,1647.7461236970848
N16,5,SYTO,25648.4609375,1177.3806391359017
N16,6,CONC,5558.9873046875,147.33104093216335
N16,6,HOECHST,5924.369140625,249.38149493681203
N16,6,MITO,95762.765625,4197.503357292854
N16,6,PHAandWGA,36279.17578125,1648.9550287593752
N16,6,SYTO,27055.08203125,1157.6812350271366
N16,7,CONC,5642.77392578125,143.7741666923714
N16,7,HOECHST,6015.78857421875,239.72911309844866
N16,7,MITO,98132.609375,4204.953765915809
N16,7,PHAandWGA,37826.359375,1635.5151740787894
N16,7,SYTO,27912.7890625,1121.6948656851355
N16,8,CONC,5727.3740234375,139.1612337586074
N16,8,HOECHST,6125.4609375,233.31795992832986
N16,8,MITO,99315.578125,4163.178149117136
N16,8,PHAandWGA,38793.8515625,1602.6052890604094
N16,8,SYTO,28566.00390625,1076.4266761100243
N16,9,CONC,5772.333984375,134.32217606401016
N16,9,HOECHST,6210.3642578125,225.5086329017113
N16,9,MITO,101001.671875,4118.724880272406
N16,9,PHAandWGA,39178.421875,1569.9798850844352
N16,9,SYTO,29204.25,1031.4182865807377
N16,10,CONC,5824.2060546875,129.8296326922323
N16,10,HOECHST,6280.0068359375,218.41685602335954
N16,10,MITO,102791.890625,4059.715165004858
N16,10,PHAandWGA,40207.4453125,1533.3525241633122
N16,10,SYTO,29171.392578125,988.2701114628893
N16,11,CONC,5874.076171875,125.58634147360227
N16,11,HOECHST,6334.9580078125,212.74721759611597
N16,11,MITO,103522.0625,3986.228913001522
N16,11,PHAandWGA,40543.13671875,1500.0680686182307
N16,11,SYTO,29444.791015625,952.3265736072694
N16,12,CONC,5923.12109375,121.65078830765255
N16,12,HOECHST,6384.64697265625,206.6409370772345
N16,12,MITO,104794.96875,3917.736866043226
N16,12,PHAandWGA,40427.640625,1465.3191386029166
N16,12,SYTO,29562.484375,915.2630391221654
N16,13,CONC,5933.7451171875,117.63066391495798
N16,13,HOECHST,6414.1728515625,198.61309589786003
N16,13,MITO,105628.578125,3836.1949774833406
N16,13,PHAandWGA,41536.73828125,1426.9216153905584
N16,13,SYTO,29658.69921875,877.7665720744253
N16,14,CONC,6007.7763671875,113.61836999196963
N16,14,HOECHST,6531.3427734375,191.72672152274865
N16,14,MITO,106543.2109375,3734.476764027666
N16,14,PHAandWGA,41658.4453125,1388.7630444518913
N16,14,SYTO,29793.671875,841.9543085432423
N16,15,CONC,6056.43359375,109.30613286340719
N16,15,HOECHST,6589.48095703125,184.52158192688384
N16,15,MITO,107737.0703125,3605.8513505947512
N16,15,PHAandWGA,41988.3671875,1345.1465856956443
N16,15,SYTO,30071.951171875,801.4088035832048
N17,0,CONC,3638.14697265625,50.11279013030821
N17,0,HOECHST,2964.55078125,77.9047518324238
N17,0,MITO,67998.796875,2652.5348921234463
N17,0,PHAandWGA,21727.953125,809.453065391459
N17,0,SYTO,10378.7080078125,440.63043489032657
N17,1,CONC,3847.43212890625,63.38308774780871
N17,1,HOECHST,3146.1728515625,95.48739756736899
N17,1,MITO,69904.109375,3031.6579374536464
N17,1,PHAandWGA,22818.5234375,945.2612635187936
N17,1,SYTO,11921.47265625,545.6183832355521
N17,2,CONC,4156.4951171875,83.2502368703662
N17,2,HOECHST,3423.41943359375,123.82309228733213
N17,2,MITO,74367.421875,3585.4295850420267
N17,2,PHAandWGA,24460.55078125,1146.1837655626298
N17,2,SYTO,14027.755859375,707.8727559010226
N17,3,CONC,4452.8798828125,100.74854187435733
N17,3,HOECHST,3756.753662109375,152.29217495151067
N17,3,MITO,79493.078125,4058.8372304163336
N17,3,PHAandWGA,26359.19921875,1334.5835885923786
N17,3,SYTO,16405.578125,850.8377232336748
N17,4,CONC,4718.64453125,110.29410363035672
N17,4,HOECHST,4009.963134765625,170.23176965891014
N17,4,MITO,83368.28125,4324.62850323575
N17,4,PHAandWGA,28191.36328125,1451.6665808880452
N17,4,SYTO,18306.36328125,925.1444012591545
N17,5,CONC,4869.78076171875,113.81412620401522
N17,5,HOECHST,4205.6845703125,176.7607847315285
N17,5,MITO,84788.65625,4427.585714761861
N17,5,PHAandWGA,29575.66015625,1525.6461078240975
N17,5,SYTO,19786.67578125,953.1112656073464
N17,6,CONC,5007.5673828125,114.08590539924938
N17,6,HOECHST,4345.6484375,178.33171940940196
N17,6,MITO,87664.71875,4532.276601791471
N17,6,PHAandWGA,30358.28125,1567.8292849045479
N17,6,SYTO,20902.4609375,950.6295591054604
N17,7,CONC,5136.5068359375,113.57631370023032
N17,7,HOECHST,4473.65966796875,179.1118910237115
N17,7,MITO,89716.1484375,4575.614048774116
N17,7,PHAandWGA,32079.26171875,1591.4916232572486
N17,7,SYTO,21661.8125,939.0266670310472
N17,8,CONC,5239.6689453125,112.66446528788371
N17,8,HOECHST,4608.873046875,177.45855519752382
N17,8,MITO,92960.890625,4599.937569694581
N17,8,PHAandWGA,33604.25,1597.3234854396328
N17,8,SYTO,22586.953125,916.959252306064
N17,9,CONC,5327.443359375,111.0938849496034
N17,9,HOECHST,4666.1689453125,173.52569636306873
N17,9,MITO,95470.328125,4588.708994119855
N17,9,PHAandWGA,34618.640625,1583.7008901974484
N17,9,SYTO,22988.734375,886.865394764738
N17,10,CONC,5429.66796875,109.1399458471319
N17,10,HOECHST,4777.4130859375,169.85959914676195
N17,10,MITO,97087.9453125,4568.663820474026
N17,10,PHAandWGA,35093.13671875,1556.2206812701584
N17,10,SYTO,23409.24609375,854.0591546750861
N17,11,CONC,5492.353515625,106.44487601776345
N17,11,HOECHST,4853.4267578125,166.05707226971205
N17,11,MITO,97577.984375,4479.817766191904
N17,11,PHAandWGA,36219.12890625,1521.4916636698151
N17,11,SYTO,23580.015625,821.9619500281643
N17,12,CONC,5548.7451171875,103.22430681900369
N17,12,HOECHST,4919.7958984375,160.8283443272884
N17,12,MITO,99213.234375,4437.929590370966
N17,12,PHAandWGA,36666.3046875,1485.3339852774072
N17,12,SYTO,23179.18359375,787.2325098508304
N17,13,CONC,5586.0849609375,99.65676859607238
N17,13,HOECHST,4971.8408203125,155.13018037386024
N17,13,MITO,101384.8828125,4332.503336589301
N17,13,PHAandWGA,36441.78125,1442.7744246043474
N17,13,SYTO,22953.9375,750.3023267305035
N17,14,CONC,5605.7021484375,96.06766365793267
N17,14,HOECHST,5011.87451171875,149.49656323458748
N17,14,MITO,101751.421875,4232.845240193975
N17,14,PHAandWGA,37252.7265625,1402.7567796373403
N17,14,SYTO,22679.685546875,715.8488814731143
N17,15,CONC,5665.16162109375,92.74475385943889
N17,15,HOECHST,5076.84033203125,144.0870745685877
N17,15,MITO,103165.75,4123.273459268983
N17,15,PHAandWGA,36997.5703125,1364.7123928422975
N17,15,SYTO,22463.64453125,683.9889271589132
N18,0,CONC,1532.365234375,43.76153391544643
N18,0,HOECHST,1580.5576171875,69.40146580196551
N18,0,MITO,32618.48046875,3963.027102234301
N18,0,PHAandWGA,8696.736328125,669.3364191058795
N18,0,SYTO,3816.1103515625,334.0486694985775
N18,1,CONC,1648.883056640625,56.061943050780904
N18,1,HOECHST,1718.1107177734375,91.2477889664619
N18,1,MITO,34626.69921875,4577.273342704123
N18,1,PHAandWGA,9701.1376953125,827.0318785203852
N18,1,SYTO,4210.9970703125,415.78818376650787
N18,2,CONC,1781.67138671875,68.1199377980951
N18,2,HOECHST,1870.7734375,113.42823741501626
N18,2,MITO,36417.5625,5168.971985201013
N18,2,PHAandWGA,10676.208984375,981.4535432676673
N18,2,SYTO,4640.408203125,498.1607623843728
N18,3,CONC,1873.8096923828125,76.10330649741591
N18,3,HOECHST,1998.892333984375,127.28376190364769
N18,3,MITO,38477.0234375,5486.0114057675855
N18,3,PHAandWGA,11483.84375,1089.6608938143713
N18,3,SYTO,4971.96240234375,551.3039720525042
N18,4,CONC,1955.9190673828125,80.87449955583571
N18,4,HOECHST,2078.101318359375,134.04552184813394
N18,4,MITO,39891.66015625,5680.173746056373
N18,4,PHAandWGA,12094.19140625,1156.2129753268746
N18,4,SYTO,5291.31884765625,582.186764984599
N18,5,CONC,2011.8770751953125,83.6156055834241
N18,5,HOECHST,2137.6572265625,136.83619554108844
N18,5,MITO,40516.265625,5727.878865795395
N18,5,PHAandWGA,12668.57421875,1206.1575903783432
N18,5,SYTO,5429.662109375,595.0578462180923
N18,6,CONC,2031.366943359375,84.56784646455819
N18,6,HOECHST,2163.07470703125,135.9913512363475
N18,6,MITO,41222.828125,5821.890671601599
N18,6,PHAandWGA,13027.701171875,1232.3171999655524
N18,6,SYTO,5559.84765625,597.1054182982232
N18,7,CONC,2061.41650390625,84.14562979400007
N18,7,HOECHST,2185.576171875,132.9424902466148
N18,7,MITO,41809.06640625,5815.462181889614
N18,7,PHAandWGA,13078.7734375,1238.3944766196505
N18,7,SYTO,5578.9482421875,588.1540921236424
N18,8,CONC,2065.376953125,83.04896428103962
N18,8,HOECHST,2193.849609375,128.4691593801172
N18,8,MITO,42002.7734375,5745.576807502443
N18,8,PHAandWGA,13071.83203125,1221.1281508810184
N18,8,SYTO,5602.20361328125,572.0551027914335
N18,9,CONC,2067.698974609375,80.68146621509261
N18,9,HOECHST,2187.1552734375,123.01627916482909
N18,9,MITO,42413.0390625,5627.658319455534
N18,9,PHAandWGA,13151.427734375,1173.4026477103719
N18,9,SYTO,5509.8759765625,549.8733221125076
N18,10,CONC,2068.760009765625,77.63347178165954
N18,10,HOECHST,2189.537109375,117.83842957803041
N18,10,MITO,41928.57421875,5412.104668247432
N18,10,PHAandWGA,12927.912109375,1119.8008452141773
N18,10,SYTO,5444.99072265625,522.1362067620929
N18,11,CONC,2064.369140625,74.49629427601995
N18,11,HOECHST,2197.89208984375,111.61490371348144
N18,11,MITO,42432.515625,5198.046536706782
N18,11,PHAandWGA,12993.666015625,1066.1184889161393
N18,11,SYTO,5470.8857421875,494.1083820540162
N18,12,CONC,2082.73583984375,70.94845678062981
N18,12,HOECHST,2207.009033203125,105.3046549380911
N18,12,MITO,42852.140625,4960.541834756462
N18,12,PHAandWGA,12987.541015625,1009.1003499331288
N18,12,SYTO,5467.0947265625,466.45564699259074
N18,13,CONC,2089.420166015625,67.57802357139055
N18,13,HOECHST,2236.988037109375,99.19080614499966
N18,13,MITO,42867.75,4688.798069419681
N18,13,PHAandWGA,12915.10546875,942.8746697728174
N18,13,SYTO,5476.43798828125,437.62872027781043
N18,14,CONC,2116.087890625,64.096829076002
N18,14,HOECHST,2266.662109375,93.19895958265398
N18,14,MITO,42832.0,4396.963199681286
N18,14,PHAandWGA,12838.490234375,875.3963885538014
N18,14,SYTO,5502.5400390625,406.70051109416204
N18,15,CONC,2147.544921875,60.52965913994875
N18,15,HOECHST,2297.85693359375,87.35092494703538
N18,15,MITO,43201.3671875,4058.5223514401373
N18,15,PHAandWGA,12644.78125,809.2528578980003
N18,15,SYTO,5558.05810546875,377.4188188052914
N19,0,CONC,3452.8671875,70.61074887721173
N19,0,HOECHST,3788.3818359375,121.879939817167
N19,0,MITO,74361.078125,2748.9714457462055
N19,0,PHAandWGA,25083.0703125,1060.7775330440936
N19,0,SYTO,15987.4541015625,730.5167802871973
N19,1,CONC,3751.86279296875,87.15004319165563
N19,1,HOECHST,4114.552734375,149.83512613907686
N19,1,MITO,76965.1875,3087.4964165338056
N19,1,PHAandWGA,26860.390625,1231.9819849427124
N19,1,SYTO,17857.51171875,883.3540598704907
N19,2,CONC,3999.1455078125,96.99550066262788
N19,2,HOECHST,4399.3408203125,169.35200628866608
N19,2,MITO,80168.53125,3331.0996719662876
N19,2,PHAandWGA,28701.013671875,1350.8355547080141
N19,2,SYTO,19405.23828125,970.9794980408967
N19,3,CONC,4198.44921875,101.9783932467877
N19,3,HOECHST,4671.619140625,181.9720032452661
N19,3,MITO,84006.234375,3490.0434987100757
N19,3,PHAandWGA,30430.49609375,1424.57074341961
N19,3,SYTO,21044.890625,1004.9959108108235
N19,4,CONC,4358.10546875,104.03090363548732
N19,4,HOECHST,4859.86767578125,187.90591702702417
N19,4,MITO,87688.1875,3619.092921526237
N19,4,PHAandWGA,32062.64453125,1463.0141058054573
N19,4,SYTO,22391.716796875,1007.0471484365529
N19,5,CONC,4517.953125,104.38075162758452
N19,5,HOECHST,5075.3662109375,188.43433651054897
N19,5,MITO,90563.953125,3709.383429353151
N19,5,PHAandWGA,32943.89453125,1478.218418635134
N19,5,SYTO,23700.2109375,990.9248971270738
N19,6,CONC,4625.6943359375,103.28479629195263
N19,6,HOECHST,5194.11474609375,187.79030382897687
N19,6,MITO,93104.9921875,3771.0611439808113
N19,6,PHAandWGA,34686.55078125,1475.7757428268353
N19,6,SYTO,24898.43359375,967.265244344736
N19,7,CONC,4709.59716796875,101.6336526646538
N19,7,HOECHST,5322.625,184.9671086087342
N19,7,MITO,95570.109375,3794.3712881864203
N19,7,PHAandWGA,35863.89453125,1461.1905502098284
N19,7,SYTO,25550.71484375,935.306778839484
N19,8,CONC,4773.9912109375,99.64160607768268
N19,8,HOECHST,5416.41650390625,180.4918612376666
N19,8,MITO,97167.2109375,3802.411275870069
N19,8,PHAandWGA,36386.9765625,1444.3009879095564
N19,8,SYTO,25858.033203125,902.7036332738185
N19,9,CONC,4817.9013671875,97.55544551257454
N19,9,HOECHST,5490.4150390625,177.05399178629025
N19,9,MITO,98701.8984375,3794.812317986027
N19,9,PHAandWGA,37500.765625,1425.5723547796294
N19,9,SYTO,25937.5625,875.2883345388938
N19,10,CONC,4878.5341796875,95.40690196194912
N19,10,HOECHST,5564.5537109375,173.23947659036702
N19,10,MITO,99563.0078125,3758.9127240253115
N19,10,PHAandWGA,37624.875,1402.2320054264362
N19,10,SYTO,25876.744140625,844.4950740951598
N19,11,CONC,4916.4365234375,92.7297426080157
N19,11,HOECHST,5634.6728515625,168.8174279210075
N19,11,MITO,101685.578125,3711.650450581342
N19,11,PHAandWGA,37922.3359375,1373.2572148338786
N19,11,SYTO,26145.6796875,813.6954787420283
N19,12,CONC,4955.42822265625,89.7538938363737
N19,12,HOECHST,5709.939453125,163.03576521331172
N19,12,MITO,102965.78125,3635.4272940671444
N19,12,PHAandWGA,38269.546875,1342.3006027181939
N19,12,SYTO,26178.64453125,779.8682570160837
N19,13,CONC,5003.0390625,86.68480304529184
N19,13,HOECHST,5756.095703125,156.65119557963473
N19,13,MITO,103692.859375,3536.932841716917
N19,13,PHAandWGA,38618.8671875,1310.5328983613852
N19,13,SYTO,26331.4609375,750.6203289048351
N19,14,CONC,5045.45703125,83.53712825086876
N19,14,HOECHST,5848.79638671875,151.14862061784004
N19,14,MITO,105174.421875,3441.781187952561
N19,14,PHAandWGA,38558.40625,1272.858345196832
N19,14,SYTO,26405.84375,714.8770163553351
N19,15,CONC,5110.7021484375,80.2698452982418
N19,15,HOECHST,5945.9833984375,145.10380271505235
N19,15,MITO,106294.015625,3329.4570739334645
N19,15,PHAandWGA,38764.78125,1227.5929092869128
N19,15,SYTO,26366.099609375,680.6563955796928
N21,0,CONC,4494.9541015625,56.61972162186974
N21,0,HOECHST,3828.500732421875,87.90048947114504
N21,0,MITO,83103.3671875,2749.7623936432547
N21,0,PHAandWGA,25106.27734375,733.5404889781973
N21,0,SYTO,13080.248046875,425.548428362344
N21,1,CONC,4929.24609375,84.21849378031536
N21,1,HOECHST,4181.986328125,126.14459999337028
N21,1,MITO,89047.7109375,3612.1921197916445
N21,1,PHAandWGA,26673.099609375,932.4935306296405
N21,1,SYTO,16202.982421875,607.0661052207278
N21,2,CONC,5408.9951171875,112.43560309828717
N21,2,HOECHST,4695.244140625,170.27105100072515
N21,2,MITO,96850.9375,4292.721646921822
N21,2,PHAandWGA,29325.708984375,1143.6243075811708
N21,2,SYTO,18496.41015625,791.4069199967252
N21,3,CONC,5749.38525390625,125.40748702734302
N21,3,HOECHST,5022.0087890625,190.3569785683226
N21,3,MITO,102347.0625,4550.681805249522
N21,3,PHAandWGA,31363.58984375,1288.6665183891826
N21,3,SYTO,20865.1796875,879.2796811348103
N21,4,CONC,6015.142578125,128.00041656711028
N21,4,HOECHST,5292.6982421875,194.92806402097435
N21,4,MITO,106495.234375,4600.792484171306
N21,4,PHAandWGA,33473.95703125,1369.6002120535543
N21,4,SYTO,22386.6875,906.0089332432646
N21,5,CONC,6271.38330078125,127.77729859037781
N21,5,HOECHST,5535.1953125,196.44871554664695
N21,5,MITO,110145.71875,4610.744776522504
N21,5,PHAandWGA,35837.125,1424.426599888101
N21,5,SYTO,24100.77734375,909.2879127212656
N21,6,CONC,6435.41162109375,126.48168080003417
N21,6,HOECHST,5741.86083984375,195.37481938101794
N21,6,MITO,114058.7265625,4573.325334010995
N21,6,PHAandWGA,37202.29296875,1453.303140286443
N21,6,SYTO,25851.87890625,894.798077493301
N21,7,CONC,6610.85791015625,124.35385506049032
N21,7,HOECHST,5966.31640625,193.4144610816758
N21,7,MITO,116173.8359375,4503.317688321541
N21,7,PHAandWGA,38530.94921875,1437.7814690978073
N21,7,SYTO,27176.484375,870.564228696517
N21,8,CONC,6726.6904296875,120.87399880950498
N21,8,HOECHST,6119.87255859375,188.5310590351902
N21,8,MITO,120379.3515625,4422.741246384772
N21,8,PHAandWGA,40590.6875,1385.0284514472378
N21,8,SYTO,28237.880859375,839.8972002931766
N21,9,CONC,6816.2861328125,116.72374185358925
N21,9,HOECHST,6278.67724609375,183.87463833092642
N21,9,MITO,122571.3828125,4297.737760674324
N21,9,PHAandWGA,41260.203125,1335.1791069786525
N21,9,SYTO,29280.69921875,806.0792928804785
N21,10,CONC,6867.20263671875,112.93413219461993
N21,10,HOECHST,6315.17578125,178.62949700842915
N21,10,MITO,122761.640625,4200.908813780787
N21,10,PHAandWGA,41404.1796875,1297.9266883309144
N21,10,SYTO,29626.8515625,775.0631262216522
N21,11,CONC,6924.9443359375,109.31034190927343
N21,11,HOECHST,6415.75244140625,173.3329396896102
N21,11,MITO,124932.1953125,4087.306331936435
N21,11,PHAandWGA,42191.1015625,1264.6783168774361
N21,11,SYTO,29707.98828125,747.7490124999263
N21,12,CONC,6988.7060546875,105.9288294857407
N21,12,HOECHST,6470.5166015625,167.51945867510457
N21,12,MITO,126054.921875,4005.5528245471974
N21,12,PHAandWGA,43149.578125,1234.3617252962722
N21,12,SYTO,30242.03125,722.1603097821109
N21,13,CONC,6988.3603515625,102.50831307887059
N21,13,HOECHST,6539.1904296875,161.5859999621815
N21,13,MITO,127636.625,3896.6957131101044
N21,13,PHAandWGA,43600.25,1197.737887068556
N21,13,SYTO,30038.828125,693.0243755258493
N21,14,CONC,7070.9609375,99.17346104104601
N21,14,HOECHST,6589.275390625,155.69600592328425
N21,14,MITO,127976.875,3778.5546255952854
N21,14,PHAandWGA,43277.84765625,1161.1987344130857
N21,14,SYTO,30084.55078125,662.7223963483358
N21,15,CONC,7106.833984375,95.70668335736075
N21,15,HOECHST,6660.2265625,149.4341417722693
N21,15,MITO,128205.515625,3630.526674717106
N21,15,PHAandWGA,44324.5,1126.8630817436297
N21,15,SYTO,30175.09765625,637.9141809222842
N23,0,CONC,5925.3232421875,91.80735573444485
N23,0,HOECHST,5325.78125,129.33638087996164
N23,0,MITO,81380.59375,2186.5131320704963
N23,0,PHAandWGA,30769.43359375,899.3639124538472
N23,0,SYTO,21286.40234375,617.6677375159394
N23,1,CONC,6308.53125,110.68824396407585
N23,1,HOECHST,5656.208984375,152.8481751109639
N23,1,MITO,84213.8671875,2495.151468228537
N23,1,PHAandWGA,32736.5859375,1026.6107162298656
N23,1,SYTO,22640.751953125,722.9466857874053
N23,2,CONC,6722.8720703125,129.9323126155919
N23,2,HOECHST,6045.54638671875,179.51059540096554
N23,2,MITO,89212.2265625,2774.061873143797
N23,2,PHAandWGA,34509.78125,1167.6557292424072
N23,2,SYTO,24598.71875,838.5605878319714
N23,3,CONC,7110.0439453125,142.78707741804914
N23,3,HOECHST,6486.033203125,198.7586257742816
N23,3,MITO,93302.2578125,2946.3152270307696
N23,3,PHAandWGA,36632.46875,1271.7160266248725
N23,3,SYTO,26458.876953125,916.3276553797133
N23,4,CONC,7460.849609375,149.66625873378607
N23,4,HOECHST,6826.50927734375,210.8962719388891
N23,4,MITO,96483.78125,3036.465142871425
N23,4,PHAandWGA,38439.375,1343.3267067182837
N23,4,SYTO,28276.78125,956.8963678807633
N23,5,CONC,7750.22900390625,152.44293807068863
N23,5,HOECHST,7123.693359375,216.9193662909485
N23,5,MITO,100024.671875,3080.4111968720003
N23,5,PHAandWGA,40717.6640625,1387.3175888367462
N23,5,SYTO,29774.109375,976.1768157197738
N23,6,CONC,7980.85400390625,152.9464616356597
N23,6,HOECHST,7436.6064453125,220.50265035440987
N23,6,MITO,102053.09375,3085.192541132035
N23,6,PHAandWGA,41967.6796875,1408.0461066989003
N23,6,SYTO,31560.697265625,973.3215438106952
N23,7,CONC,8206.3115234375,152.19905934097508
N23,7,HOECHST,7681.056640625,221.83208295169362
N23,7,MITO,106085.8203125,3093.166292628996
N23,7,PHAandWGA,43476.78515625,1407.7722756375488
N23,7,SYTO,32948.9375,961.5905993871996
N23,8,CONC,8408.7119140625,150.4374013982493
N23,8,HOECHST,7891.310546875,220.3879513956603
N23,8,MITO,107943.546875,3079.642810385566
N23,8,PHAandWGA,44986.5859375,1398.0065880435884
N23,8,SYTO,33758.578125,947.2718089376158
N23,9,CONC,8551.8310546875,148.16164295333638
N23,9,HOECHST,8076.1103515625,217.0657358114542
N23,9,MITO,109784.234375,3051.025924390825
N23,9,PHAandWGA,46079.91796875,1380.9934825918265
N23,9,SYTO,34651.265625,927.0663384727328
N23,10,CONC,8710.99609375,145.50726106912617
N23,10,HOECHST,8264.09375,214.45295678145845
N23,10,MITO,111991.796875,3012.638579264307
N23,10,PHAandWGA,47731.203125,1356.0165375956367
N23,10,SYTO,36058.859375,902.1958698566052
N23,11,CONC,8825.81640625,141.886790990752
N23,11,HOECHST,8485.576171875,209.8710951845263
N23,11,MITO,113201.953125,2953.6655144292454
N23,11,PHAandWGA,48147.6171875,1324.547826988234
N23,11,SYTO,36731.6875,875.6399105202036
N23,12,CONC,8959.439453125,138.10703857226082
N23,12,HOECHST,8571.3505859375,204.30773182518712
N23,12,MITO,114978.984375,2881.579589087986
N23,12,PHAandWGA,49330.32421875,1294.1674286518673
N23,12,SYTO,36603.65625,844.5435812531314
N23,13,CONC,9045.7431640625,133.91995765874918
N23,13,HOECHST,8729.162109375,198.55582601526731
N23,13,MITO,116455.3046875,2807.155353826196
N23,13,PHAandWGA,49365.375,1261.2552577779184
N23,13,SYTO,37127.296875,811.9016599778307
N23,14,CONC,9214.4609375,129.6207836149745
N23,14,HOECHST,8928.953125,191.9076038500171
N23,14,MITO,118407.5234375,2720.6339210618466
N23,14,PHAandWGA,50266.30078125,1226.052474896637
N23,14,SYTO,37794.9453125,780.8990775294766
N23,15,CONC,9321.5234375,125.31998030866237
N23,15,HOECHST,9089.400390625,185.43369557433672
N23,15,MITO,120047.71875,2624.462273407293
N23,15,PHAandWGA,51245.3203125,1185.8426245429293
N23,15,SYTO,38061.75390625,747.579894474771
O02,0,CONC,3151.86474609375,64.1911879998162
O02,0,HOECHST,2755.0751953125,83.57264708754128
O02,0,MITO,54876.375,2734.751344727403
O02,0,PHAandWGA,16955.927734375,772.5452856568436
O02,0,SYTO,10241.583984375,536.0070392721384
O02,1,CONC,3370.0068359375,83.06451822208153
O02,1,HOECHST,2961.4443359375,106.45209417100634
O02,1,MITO,56492.63671875,3127.5434870877766
O02,1,PHAandWGA,17924.40234375,922.1937973102727
O02,1,SYTO,11630.875,673.929175187815
O02,2,CONC,3642.688232421875,103.72703733384255
O02,2,HOECHST,3188.85302734375,132.329153808054
O02,2,MITO,60068.60546875,3565.094010054919
O02,2,PHAandWGA,19637.27734375,1093.0480622922214
O02,2,SYTO,13368.6171875,826.3192324647893
O02,3,CONC,3881.274658203125,118.17679163335049
O02,3,HOECHST,3458.886962890625,152.52955209916632
O02,3,MITO,63094.3203125,3875.4931639268048
O02,3,PHAandWGA,20810.0625,1217.6834791574126
O02,3,SYTO,15446.474609375,939.4571763235116
O02,4,CONC,4075.127685546875,124.9808422749409
O02,4,HOECHST,3617.21240234375,161.68307727969918
O02,4,MITO,64938.37890625,4092.292660783141
O02,4,PHAandWGA,21981.04296875,1286.0793054792748
O02,4,SYTO,16863.05078125,987.8447526402323
O02,5,CONC,4219.42578125,126.36665816462428
O02,5,HOECHST,3787.10888671875,164.27844401881168
O02,5,MITO,67939.890625,4198.358254823352
O02,5,PHAandWGA,23058.640625,1310.117458676894
O02,5,SYTO,17881.359375,991.1785941657565
O02,6,CONC,4311.1357421875,125.86228293449277
O02,6,HOECHST,3853.80517578125,162.65490394609054
O02,6,MITO,68827.734375,4262.230524055177
O02,6,PHAandWGA,23840.931640625,1317.2614972445672
O02,6,SYTO,18580.271484375,981.8552756021168
O02,7,CONC,4346.5439453125,124.26339126820693
O02,7,HOECHST,3901.6328125,159.88421663065975
O02,7,MITO,69891.390625,4287.236105152257
O02,7,PHAandWGA,25005.177734375,1307.5615979498666
O02,7,SYTO,18842.65234375,952.3428211979149
O02,8,CONC,4424.75439453125,122.59993473541229
O02,8,HOECHST,3964.7470703125,156.56873146280648
O02,8,MITO,71018.546875,4275.52280853574
O02,8,PHAandWGA,25521.505859375,1295.0240673231233
O02,8,SYTO,19453.828125,927.5187848827799
O02,9,CONC,4444.0283203125,120.14165385811758
O02,9,HOECHST,4004.14599609375,153.03812126535587
O02,9,MITO,72140.1796875,4264.19641506869
O02,9,PHAandWGA,25570.66796875,1276.5115002259001
O02,9,SYTO,19514.890625,896.9310715606007
O02,10,CONC,4474.22265625,117.41392047349552
O02,10,HOECHST,4050.31787109375,149.38928620015523
O02,10,MITO,72708.203125,4217.833520149143
O02,10,PHAandWGA,26138.904296875,1252.2575966684963
O02,10,SYTO,19274.9921875,866.9680172974976
O02,11,CONC,4508.64208984375,114.43401477828269
O02,11,HOECHST,4075.05517578125,145.54413422221688
O02,11,MITO,72773.484375,4151.254959187206
O02,11,PHAandWGA,26294.0,1224.1095612808974
O02,11,SYTO,19085.458984375,835.5281250649982
O02,12,CONC,4533.95849609375,111.15157066794441
O02,12,HOECHST,4126.111328125,141.34533446874983
O02,12,MITO,73727.6015625,4061.4103043558407
O02,12,PHAandWGA,26485.17578125,1192.838313122201
O02,12,SYTO,18989.37109375,804.2932488255605
O02,13,CONC,4581.7978515625,107.67720489939171
O02,13,HOECHST,4162.10986328125,136.40541452958306
O02,13,MITO,74453.21875,3967.9599812980923
O02,13,PHAandWGA,26518.833984375,1159.525298361183
O02,13,SYTO,18749.28515625,770.0529269580187
O02,14,CONC,4647.2431640625,104.3156414593751
O02,14,HOECHST,4233.51953125,131.80009055287417
O02,14,MITO,74816.9609375,3858.7203110533487
O02,14,PHAandWGA,26862.703125,1125.3973455523694
O02,14,SYTO,18764.546875,738.2305367238902
O02,15,CONC,4682.1787109375,100.54434366901047
O02,15,HOECHST,4302.21337890625,126.68282017289512
O02,15,MITO,75920.125,3706.2179251185753
O02,15,PHAandWGA,26437.4609375,1082.7305514717427
O02,15,SYTO,18880.103515625,704.6682443259001
O03,0,CONC,3523.640869140625,35.70251190253774
O03,0,HOECHST,1801.4349365234375,16.94019687128796
O03,0,MITO,52948.4296875,1552.1512091813152
O03,0,PHAandWGA,13069.029296875,376.46172355074935
O03,0,SYTO,7245.09375,211.84295352302712
O03,1,CONC,3609.6455078125,38.20561724506929
O03,1,HOECHST,1831.87646484375,18.132733552911354
O03,1,MITO,52772.0859375,1603.4940567099363
O03,1,PHAandWGA,13515.208984375,395.54492932446857
O03,1,SYTO,7460.40625,223.68202446224248
O03,2,CONC,3698.167724609375,40.88560154518546
O03,2,HOECHST,1883.0963134765625,19.49958064422593
O03,2,MITO,53494.44140625,1680.2797643086171
O03,2,PHAandWGA,14235.3896484375,419.4272396436435
O03,2,SYTO,7717.15966796875,237.88485372891716
O03,3,CONC,3804.092529296875,43.5939776993515
O03,3,HOECHST,1924.1796875,21.013353205682037
O03,3,MITO,54502.4609375,1750.2929278142417
O03,3,PHAandWGA,14973.8056640625,444.29513452285534
O03,3,SYTO,7932.73486328125,251.22667594999137
O03,4,CONC,3887.759033203125,45.8655646490203
O03,4,HOECHST,1982.134521484375,22.357485524106348
O03,4,MITO,55592.8046875,1811.8249786728868
O03,4,PHAandWGA,15807.3505859375,467.6610316440526
O03,4,SYTO,8224.712890625,262.69318739677675
O03,5,CONC,3990.400146484375,47.80057807989461
O03,5,HOECHST,2029.29345703125,23.475527402309798
O03,5,MITO,57026.1875,1854.2001246760267
O03,5,PHAandWGA,16181.30078125,483.7669937573524
O03,5,SYTO,8443.8828125,270.85685599935675
O03,6,CONC,4078.5498046875,49.472593855138996
O03,6,HOECHST,2089.018310546875,24.486079455960482
O03,6,MITO,58473.43359375,1883.0266810232883
O03,6,PHAandWGA,17141.30859375,500.87035914873326
O03,6,SYTO,8686.640625,277.57308408619326
O03,7,CONC,4193.2939453125,51.03485048404681
O03,7,HOECHST,2132.604248046875,25.364669077269404
O03,7,MITO,59545.78125,1923.1946882373998
O03,7,PHAandWGA,17595.63671875,510.77205860930394
O03,7,SYTO,8899.345703125,282.48802399718807
O03,8,CONC,4276.04150390625,52.44989311591123
O03,8,HOECHST,2182.7529296875,26.067660886081438
O03,8,MITO,60681.15234375,1946.319914337535
O03,8,PHAandWGA,18056.80078125,520.3328050641862
O03,8,SYTO,9116.912109375,285.32064226209
O03,9,CONC,4363.67431640625,53.60171394634925
O03,9,HOECHST,2234.15478515625,26.766346137963005
O03,9,MITO,61959.81640625,1949.5184038766602
O03,9,PHAandWGA,18663.25390625,527.4998881718998
O03,9,SYTO,9398.1083984375,287.4444374115091
O03,10,CONC,4455.05810546875,54.46246560109109
O03,10,HOECHST,2279.72998046875,27.333773651222835
O03,10,MITO,62812.75,1953.9850710254946
O03,10,PHAandWGA,19246.24609375,531.560646540697
O03,10,SYTO,9594.52734375,287.9409668694529
O03,11,CONC,4552.619140625,55.074353140083836
O03,11,HOECHST,2340.6298828125,27.8001145579571
O03,11,MITO,64517.05078125,1940.5326507699485
O03,11,PHAandWGA,19774.197265625,534.0319335321975
O03,11,SYTO,9800.5595703125,286.5235607344429
O03,12,CONC,4642.896484375,55.32056096812905
O03,12,HOECHST,2389.956787109375,28.055505087126825
O03,12,MITO,66180.3984375,1936.3831880123955
O03,12,PHAandWGA,20364.5,534.8624595129867
O03,12,SYTO,10107.876953125,284.7805140481164
O03,13,CONC,4748.0244140625,55.28346821056435
O03,13,HOECHST,2440.91015625,28.223854353920242
O03,13,MITO,66847.078125,1913.5201631262692
O03,13,PHAandWGA,20890.755859375,533.0737923664112
O03,13,SYTO,10280.953125,282.2444700408781
O03,14,CONC,4820.9326171875,54.920002135989925
O03,14,HOECHST,2485.818359375,28.212402683419583
O03,14,MITO,68116.46875,1872.2517985260579
O03,14,PHAandWGA,21377.4609375,526.8315563731279
O03,14,SYTO,10444.7216796875,276.7132070003401
O03,15,CONC,4928.69677734375,54.23127084778106
O03,15,HOECHST,2540.45556640625,27.997217448775043
O03,15,MITO,69184.15625,1817.7767929402735
O03,15,PHAandWGA,21462.109375,516.6654936708728
O03,15,SYTO,10649.341796875,270.07054116053246
O04,0,CONC,3827.783935546875,87.51444731188815
O04,0,HOECHST,2204.29931640625,56.360961346080686
O04,0,MITO,50594.3046875,2334.658712683439
O04,0,PHAandWGA,14712.658203125,687.9012600966441
O04,0,SYTO,7529.83935546875,393.0367886625816
O04,1,CONC,3962.261474609375,96.1054929111399
O04,1,HOECHST,2298.693115234375,62.942770744404555
O04,1,MITO,50356.0859375,2459.919313347993
O04,1,PHAandWGA,15428.8984375,743.4833143733771
O04,1,SYTO,7939.26123046875,427.39957418349877
O04,2,CONC,4120.005859375,105.04317814751333
O04,2,HOECHST,2390.1171875,69.47326591763884
O04,2,MITO,52030.8203125,2619.6701999328416
O04,2,PHAandWGA,16346.7890625,805.1449883439188
O04,2,SYTO,8443.876953125,466.599703843138
O04,3,CONC,4266.2607421875,114.15318432469051
O04,3,HOECHST,2489.58349609375,75.91887550941924
O04,3,MITO,53659.52734375,2786.177936524045
O04,3,PHAandWGA,17334.03515625,866.2866245122767
O04,3,SYTO,8926.4189453125,502.05748094151835
O04,4,CONC,4423.6455078125,122.67898351135155
O04,4,HOECHST,2599.7919921875,82.10958169709339
O04,4,MITO,55092.109375,2941.2404947491486
O04,4,PHAandWGA,18457.11328125,926.8601114781344
O04,4,SYTO,9387.130859375,535.9462100997736
O04,5,CONC,4577.21337890625,130.4814603918517
O04,5,HOECHST,2714.598388671875,88.0421204919923
O04,5,MITO,56983.3203125,3088.6697997755177
O04,5,PHAandWGA,19180.005859375,973.8283682393657
O04,5,SYTO,9826.6953125,564.305239772278
O04,6,CONC,4704.2294921875,136.87301070192373
O04,6,HOECHST,2808.5498046875,93.23937276628831
O04,6,MITO,58089.3671875,3199.1084035477033
O04,6,PHAandWGA,19832.7109375,1016.4563729568896
O04,6,SYTO,10243.9580078125,587.4371181767802
O04,7,CONC,4860.2802734375,141.1847863620875
O04,7,HOECHST,2890.78759765625,96.66423178919977
O04,7,MITO,59680.515625,3286.064698508736
O04,7,PHAandWGA,20440.111328125,1042.8227033968221
O04,7,SYTO,10733.326171875,603.9731915539919
O04,8,CONC,4959.28271484375,143.81876898315195
O04,8,HOECHST,2985.5185546875,98.7922293329335
O04,8,MITO,61548.21875,3342.538458365096
O04,8,PHAandWGA,21042.06640625,1058.5492815877756
O04,8,SYTO,10951.1982421875,609.4246408866917
O04,9,CONC,5080.955078125,145.3383325430214
O04,9,HOECHST,3052.77783203125,100.33918540257169
O04,9,MITO,62179.33984375,3376.8225950687033
O04,9,PHAandWGA,21628.541015625,1065.7720633045142
O04,9,SYTO,11183.42578125,610.1712309114433
O04,10,CONC,5157.966796875,145.9947904444834
O04,10,HOECHST,3102.129638671875,101.23018446188989
O04,10,MITO,63238.203125,3407.797809976043
O04,10,PHAandWGA,22326.138671875,1071.881180023884
O04,10,SYTO,11323.314453125,608.88366757897
O04,11,CONC,5263.4638671875,146.03099517930522
O04,11,HOECHST,3175.8466796875,101.45634908736008
O04,11,MITO,65103.4453125,3404.191992001354
O04,11,PHAandWGA,22793.291015625,1065.0181355300442
O04,11,SYTO,11512.37890625,603.4015110423643
O04,12,CONC,5352.74609375,145.44524516610818
O04,12,HOECHST,3239.120361328125,101.1988012687723
O04,12,MITO,65350.65625,3394.007187791823
O04,12,PHAandWGA,23415.26171875,1058.8038157558601
O04,12,SYTO,11606.453125,595.4160955522318
O04,13,CONC,5438.5869140625,144.35420287648355
O04,13,HOECHST,3275.65673828125,100.58213562837
O04,13,MITO,66884.1328125,3381.666182554538
O04,13,PHAandWGA,23579.697265625,1047.5154599080145
O04,13,SYTO,11687.3525390625,585.2953544279138
O04,14,CONC,5544.23828125,142.79665936158466
O04,14,HOECHST,3331.888427734375,99.34285514495035
O04,14,MITO,67978.09375,3347.521439831583
O04,14,PHAandWGA,24007.560546875,1034.6730555790086
O04,14,SYTO,11825.015625,573.3993225616709
O04,15,CONC,5601.57275390625,140.58702776648332
O04,15,HOECHST,3387.57177734375,98.03777359357184
O04,15,MITO,69003.4296875,3294.410575001253
O04,15,PHAandWGA,24249.140625,1015.9141898116075
O04,15,SYTO,12038.443359375,561.847140350697
O05,0,CONC,7436.1650390625,74.14465657671975
O05,0,HOECHST,5112.6162109375,88.94060810341662
O05,0,MITO,91373.546875,1711.2423240022226
O05,0,PHAandWGA,35364.609375,714.231736345388
O05,0,SYTO,24372.36328125,544.7620788224638
O05,1,CONC,7900.7861328125,87.82639978673619
O05,1,HOECHST,5423.99169921875,104.07048129043342
O05,1,MITO,94804.03125,1919.0270602332705
O05,1,PHAandWGA,36508.890625,796.1496284671765
O05,1,SYTO,25924.83203125,623.1980419584687
O05,2,CONC,8419.220703125,101.16312054879347
O05,2,HOECHST,5748.384765625,119.2607293995483
O05,2,MITO,100431.2734375,2123.757291701184
O05,2,PHAandWGA,38705.4140625,891.5373762233577
O05,2,SYTO,27758.17578125,704.8558857710914
O05,3,CONC,8873.62890625,111.45722492935867
O05,3,HOECHST,6094.46875,132.28039572276526
O05,3,MITO,103312.921875,2261.2779235952885
O05,3,PHAandWGA,40803.78125,969.9805104412924
O05,3,SYTO,29911.05859375,771.1205517713028
O05,4,CONC,9269.2490234375,116.86241640954839
O05,4,HOECHST,6427.458984375,139.59232272761477
O05,4,MITO,107878.09375,2344.9236881788183
O05,4,PHAandWGA,43295.8125,1019.6425236424471
O05,4,SYTO,32008.8125,808.6965048006432
O05,5,CONC,9537.755859375,117.36488258709015
O05,5,HOECHST,6710.9482421875,141.5418950308039
O05,5,MITO,111819.53125,2370.221052588219
O05,5,PHAandWGA,44791.56640625,1042.0678674272276
O05,5,SYTO,33438.890625,817.8903704266229
O05,6,CONC,9799.37109375,115.52003727857915
O05,6,HOECHST,6868.66162109375,140.14718450131056
O05,6,MITO,114469.703125,2360.517453491072
O05,6,PHAandWGA,46048.96875,1043.9954743826152
O05,6,SYTO,34694.6015625,806.9071409925288
O05,7,CONC,10028.755859375,112.94946737413731
O05,7,HOECHST,7020.5341796875,137.69948695218326
O05,7,MITO,116792.609375,2335.0771463663655
O05,7,PHAandWGA,47772.18359375,1035.7636044984404
O05,7,SYTO,36286.203125,791.1150436396965
O05,8,CONC,10157.9072265625,109.75828817432053
O05,8,HOECHST,7231.1796875,134.26565426659587
O05,8,MITO,119692.078125,2311.615971468322
O05,8,PHAandWGA,48724.34765625,1019.2415984020137
O05,8,SYTO,37379.015625,767.1545801538316
O05,9,CONC,10319.322265625,106.12102997563396
O05,9,HOECHST,7386.681640625,130.57071019370696
O05,9,MITO,120579.5625,2274.2943776962034
O05,9,PHAandWGA,50370.9765625,998.1272464375115
O05,9,SYTO,38158.55859375,741.4221635197512
O05,10,CONC,10488.541015625,102.25767188825394
O05,10,HOECHST,7535.1904296875,126.743882296036
O05,10,MITO,123680.4453125,2231.751929212898
O05,10,PHAandWGA,50956.87109375,973.4716003559263
O05,10,SYTO,38692.9921875,714.4326968960463
O05,11,CONC,10640.740234375,98.52229727909548
O05,11,HOECHST,7682.31884765625,122.90477724524112
O05,11,MITO,125390.96875,2174.1628725188425
O05,11,PHAandWGA,52793.2421875,948.2613012221977
O05,11,SYTO,40169.78125,686.7039957783884
O05,12,CONC,10779.0185546875,94.81468726969855
O05,12,HOECHST,7824.4912109375,119.19537017254844
O05,12,MITO,127841.71875,2116.27241655699
O05,12,PHAandWGA,53279.9375,921.8534840766335
O05,12,SYTO,40992.3671875,660.2167736881183
O05,13,CONC,10951.279296875,91.23493499051452
O05,13,HOECHST,7989.923828125,115.03029994041819
O05,13,MITO,128905.375,2041.7956400806258
O05,13,PHAandWGA,55125.5078125,892.8924457524494
O05,13,SYTO,41888.125,632.3546018819392
O05,14,CONC,11105.302734375,87.8823736899574
O05,14,HOECHST,8171.4150390625,111.5946839083492
O05,14,MITO,131579.84375,1980.9691456862395
O05,14,PHAandWGA,55287.9765625,865.9369505379673
O05,14,SYTO,42708.2578125,605.8418800250395
O05,15,CONC,11231.42578125,84.99378348325811
O05,15,HOECHST,8288.15234375,108.06418944820523
O05,15,MITO,133108.359375,1923.733783557618
O05,15,PHAandWGA,56208.6015625,841.4669579675773
O05,15,SYTO,43186.7421875,582.4265167654299
O07,0,CONC,7352.05859375,73.76278697470393
O07,0,HOECHST,5758.896484375,91.88635989728398
O07,0,MITO,93696.484375,1244.9633613285314
O07,0,PHAandWGA,41511.5,715.8804780794276
O07,0,SYTO,29803.0078125,582.918056407202
O07,1,CONC,7777.4296875,82.08892639479389
O07,1,HOECHST,6038.1005859375,101.10934840212823
O07,1,MITO,95860.7578125,1334.4614857195331
O07,1,PHAandWGA,43260.7734375,774.5345004190667
O07,1,SYTO,31333.443359375,640.1078817676461
O07,2,CONC,8120.794921875,88.86866187046061
O07,2,HOECHST,6366.5302734375,109.56376791457278
O07,2,MITO,100269.546875,1404.4064496806525
O07,2,PHAandWGA,44919.234375,823.1021260113546
O07,2,SYTO,33739.25,686.845540133746
O07,3,CONC,8526.537109375,92.92380327398124
O07,3,HOECHST,6709.0908203125,116.18439817331058
O07,3,MITO,103033.921875,1448.959108211928
O07,3,PHAandWGA,47109.1640625,853.4798346842678
O07,3,SYTO,35671.875,713.8198184406604
O07,4,CONC,8832.3828125,92.98037770881925
O07,4,HOECHST,6941.3017578125,118.01249736387327
O07,4,MITO,106637.703125,1469.8529273109727
O07,4,PHAandWGA,49280.5390625,864.2514948449405
O07,4,SYTO,37509.11328125,711.635056774961
O07,5,CONC,9079.1640625,90.90423483857502
O07,5,HOECHST,7238.3974609375,117.66382292014954
O07,5,MITO,108448.734375,1467.6352176503324
O07,5,PHAandWGA,50457.3828125,857.2013522111525
O07,5,SYTO,39032.69140625,694.4259719191298
O07,6,CONC,9323.0263671875,87.81262166132413
O07,6,HOECHST,7457.9365234375,115.67387036646514
O07,6,MITO,112474.5,1467.950257052223
O07,6,PHAandWGA,52006.3671875,843.1106008680566
O07,6,SYTO,40269.421875,671.1063780603822
O07,7,CONC,9509.20703125,84.4611702134613
O07,7,HOECHST,7595.35205078125,113.12861072926282
O07,7,MITO,114793.90625,1448.4690486640045
O07,7,PHAandWGA,53419.859375,824.3029716090645
O07,7,SYTO,41366.4296875,644.4676962800188
O07,8,CONC,9685.9375,81.19171511021445
O07,8,HOECHST,7801.0244140625,110.57573481753128
O07,8,MITO,116727.265625,1430.6033047403305
O07,8,PHAandWGA,55263.7578125,804.8192865014922
O07,8,SYTO,42307.546875,620.1630187088622
O07,9,CONC,9802.484375,78.16963904465455
O07,9,HOECHST,7972.3837890625,107.46917647656541
O07,9,MITO,118557.1796875,1404.8901090666357
O07,9,PHAandWGA,55638.51953125,784.6134047736606
O07,9,SYTO,43397.5234375,595.3076163104354
O07,10,CONC,9927.0234375,75.09973275803955
O07,10,HOECHST,8120.9140625,104.35234666047442
O07,10,MITO,120511.1953125,1373.1354618310097
O07,10,PHAandWGA,56729.3125,763.4787490691165
O07,10,SYTO,44591.4140625,569.7600498004142
O07,11,CONC,10009.931640625,72.38422495697856
O07,11,HOECHST,8243.939453125,101.50855627155495
O07,11,MITO,121745.5078125,1343.1157304026203
O07,11,PHAandWGA,57733.484375,743.6797010373957
O07,11,SYTO,44614.140625,548.0831970759702
O07,12,CONC,10173.541015625,69.79608194019967
O07,12,HOECHST,8354.7783203125,98.61014004743487
O07,12,MITO,125305.3671875,1309.5269980571566
O07,12,PHAandWGA,58241.64453125,725.772345012825
O07,12,SYTO,45094.08203125,528.4833675391683
O07,13,CONC,10267.94140625,67.41914483680114
O07,13,HOECHST,8522.93359375,96.14815485169882
O07,13,MITO,126516.765625,1267.8629414743525
O07,13,PHAandWGA,59885.484375,705.4363949798808
O07,13,SYTO,45597.9453125,508.566530030153
O07,14,CONC,10364.06640625,65.04692949983502
O07,14,HOECHST,8597.572265625,93.57688197899978
O07,14,MITO,127728.0625,1234.666275379109
O07,14,PHAandWGA,59681.7265625,686.701342744994
O07,14,SYTO,45984.6015625,491.3489582981663
O07,15,CONC,10482.78125,62.70456793319891
O07,15,HOECHST,8721.64453125,90.83956793985267
O07,15,MITO,128842.875,1186.0907480416329
O07,15,PHAandWGA,60537.80859375,666.3688708646803
O07,15,SYTO,46409.88671875,471.25534534275545
O09,0,CONC,4023.49755859375,78.52706582027741
O09,0,HOECHST,1775.348388671875,35.90618288710497
O09,0,MITO,60546.5390625,2836.41081119343
O09,0,PHAandWGA,17330.88671875,780.2245054802816
O09,0,SYTO,8517.630859375,435.8204223652055
O09,1,CONC,4374.4140625,108.84853023438461
O09,1,HOECHST,1900.186279296875,48.83950098340581
O09,1,MITO,61976.58203125,3390.0423392718944
O09,1,PHAandWGA,18550.892578125,969.7961413929822
O09,1,SYTO,10086.474609375,579.8921885908787
O09,2,CONC,4853.2275390625,152.2069796245852
O09,2,HOECHST,2116.00537109375,69.11753894861432
O09,2,MITO,67641.9921875,4099.519678984494
O09,2,PHAandWGA,20068.2421875,1217.2516220085006
O09,2,SYTO,12772.8154296875,778.1982174116229
O09,3,CONC,5260.3525390625,178.64408137493277
O09,3,HOECHST,2320.14599609375,85.6772733043632
O09,3,MITO,72563.0625,4562.084397199749
O09,3,PHAandWGA,22167.333984375,1389.2624374428392
O09,3,SYTO,14807.96484375,915.8291755203819
O09,4,CONC,5524.5927734375,183.9647331667769
O09,4,HOECHST,2455.076416015625,91.75875117808982
O09,4,MITO,74860.8984375,4733.822545229456
O09,4,PHAandWGA,23883.6328125,1458.4763351193517
O09,4,SYTO,16387.541015625,945.6937534848129
O09,5,CONC,5687.9658203125,184.1268279184686
O09,5,HOECHST,2566.951416015625,92.49976668505424
O09,5,MITO,77073.8984375,4840.41483621491
O09,5,PHAandWGA,24991.8359375,1489.6777028670367
O09,5,SYTO,17569.80078125,948.1792988993101
O09,6,CONC,5781.0556640625,180.3302060179115
O09,6,HOECHST,2611.083740234375,89.05176075234736
O09,6,MITO,78264.2890625,4846.84161486854
O09,6,PHAandWGA,26173.4375,1495.4941426973162
O09,6,SYTO,17820.24609375,924.250320643613
O09,7,CONC,5807.578125,174.18707515209906
O09,7,HOECHST,2657.635009765625,87.07672742973685
O09,7,MITO,79961.25,4830.629143436318
O09,7,PHAandWGA,26718.029296875,1473.874613519246
O09,7,SYTO,18182.74609375,889.6889858155391
O09,8,CONC,5867.2099609375,167.43692987911064
O09,8,HOECHST,2699.099609375,83.5765968947198
O09,8,MITO,82176.28125,4769.524071083488
O09,8,PHAandWGA,27993.36328125,1436.2266383065478
O09,8,SYTO,18194.99609375,845.889827484805
O09,9,CONC,5921.9677734375,161.8133369452383
O09,9,HOECHST,2740.71044921875,81.72436727014764
O09,9,MITO,84445.4453125,4729.438969184903
O09,9,PHAandWGA,28665.5078125,1388.7666963830288
O09,9,SYTO,17932.4296875,802.6716639017988
O09,10,CONC,5949.40478515625,155.51270221899992
O09,10,HOECHST,2784.15576171875,78.7559986682376
O09,10,MITO,85473.9765625,4648.462128538143
O09,10,PHAandWGA,28981.546875,1341.9437414943095
O09,10,SYTO,17269.6171875,756.6968867111814
O09,11,CONC,5934.8623046875,147.7219410420186
O09,11,HOECHST,2769.3515625,74.9787463340788
O09,11,MITO,85148.296875,4517.823933550694
O09,11,PHAandWGA,29356.515625,1303.75077934631
O09,11,SYTO,16596.939453125,717.5048213984221
O09,12,CONC,5920.39501953125,140.48260411027846
O09,12,HOECHST,2789.84765625,72.6762400387147
O09,12,MITO,85459.3203125,4435.469981112736
O09,12,PHAandWGA,29096.01171875,1264.8254601458882
O09,12,SYTO,16205.892578125,686.9550697557327
O09,13,CONC,5945.759765625,134.2362113537036
O09,13,HOECHST,2796.431640625,69.89460960379505
O09,13,MITO,85155.7578125,4303.095306156447
O09,13,PHAandWGA,28893.62109375,1226.7727056395909
O09,13,SYTO,15750.96875,654.4571487403225
O09,14,CONC,5934.86376953125,128.61433942491843
O09,14,HOECHST,2804.460693359375,67.35741923563995
O09,14,MITO,86071.6640625,4187.093440589962
O09,14,PHAandWGA,28671.86328125,1189.6081883353284
O09,14,SYTO,15465.6142578125,625.7568540396177
O09,15,CONC,6004.5322265625,123.40236821515973
O09,15,HOECHST,2827.16455078125,65.02028559029465
O09,15,MITO,85378.484375,4033.971924944747
O09,15,PHAandWGA,28349.9609375,1148.7130358261074
O09,15,SYTO,15346.0615234375,596.8293404691559
O11,0,CONC,8599.275390625,58.44553805552763
O11,0,HOECHST,6329.6162109375,75.80409199115618
O11,0,MITO,107620.296875,1204.5984343685934
O11,0,PHAandWGA,47370.87890625,595.067371585243
O11,0,SYTO,32393.6875,440.787778380528
O11,1,CONC,9204.439453125,75.56687159363294
O11,1,HOECHST,6680.8203125,89.05131457684355
O11,1,MITO,111755.75,1445.4523249590347
O11,1,PHAandWGA,49059.828125,675.8481638971971
O11,1,SYTO,34235.32421875,513.4682989646099
O11,2,CONC,10279.07421875,115.27216091027303
O11,2,HOECHST,7321.54833984375,123.01889595814406
O11,2,MITO,120804.0,1902.2775917991505
O11,2,PHAandWGA,53480.046875,870.5351127996191
O11,2,SYTO,37196.55859375,703.097337306364
O11,3,CONC,11414.3369140625,147.63998733268517
O11,3,HOECHST,8118.052734375,156.98159720668554
O11,3,MITO,131220.46875,2195.4950404317074
O11,3,PHAandWGA,57718.53125,1048.233247498115
O11,3,SYTO,40645.5703125,881.0008989424209
O11,4,CONC,12164.11328125,150.78148662031762
O11,4,HOECHST,8718.0546875,169.94232402275554
O11,4,MITO,137839.171875,2210.8597551834205
O11,4,PHAandWGA,61400.6796875,1112.6345222544041
O11,4,SYTO,44535.5390625,937.274973923509
O11,5,CONC,12682.7265625,139.40052046327312
O11,5,HOECHST,9187.2294921875,166.77143316333795
O11,5,MITO,142024.578125,2099.1136841410066
O11,5,PHAandWGA,64239.34375,1102.0640860887231
O11,5,SYTO,46721.4765625,902.2733827411948
O11,6,CONC,12873.0498046875,124.00001702937931
O11,6,HOECHST,9431.5009765625,154.06352797949438
O11,6,MITO,146500.96875,1927.4391856889297
O11,6,PHAandWGA,66297.6953125,1050.4402292374934
O11,6,SYTO,49306.6796875,831.5516956855093
O11,7,CONC,12967.30859375,109.24457583540884
O11,7,HOECHST,9685.1484375,141.68066141830525
O11,7,MITO,146992.046875,1755.8079461855805
O11,7,PHAandWGA,68241.5546875,987.049294577743
O11,7,SYTO,50463.75390625,757.1745237138183
O11,8,CONC,13087.333984375,97.22113927289864
O11,8,HOECHST,9840.34375,129.47851071278657
O11,8,MITO,151422.28125,1633.622184264547
O11,8,PHAandWGA,69927.125,924.8731443216961
O11,8,SYTO,52673.26171875,684.3943345941221
O11,9,CONC,13095.4921875,87.9729709606632
O11,9,HOECHST,9994.955078125,120.288313721834
O11,9,MITO,152582.578125,1536.3682292282917
O11,9,PHAandWGA,72263.7890625,872.9978788217052
O11,9,SYTO,53339.453125,626.507941108319
O11,10,CONC,13072.40234375,80.04955535426582
O11,10,HOECHST,9985.7529296875,111.91008844527555
O11,10,MITO,153965.21875,1450.893857077581
O11,10,PHAandWGA,73370.125,827.0289360204843
O11,10,SYTO,54613.15234375,576.8225673351646
O11,11,CONC,13115.3359375,73.42290054742035
O11,11,HOECHST,10123.1513671875,104.7756447316641
O11,11,MITO,153584.671875,1377.4490041083639
O11,11,PHAandWGA,73388.1796875,784.3778393561541
O11,11,SYTO,55079.2734375,532.2242491542137
O11,12,CONC,13067.021484375,67.99531117175293
O11,12,HOECHST,10208.546875,98.99476091348953
O11,12,MITO,154281.0625,1305.5489957591726
O11,12,PHAandWGA,75036.984375,744.3094160656449
O11,12,SYTO,55522.2109375,496.1448456578668
O11,13,CONC,13025.9453125,63.41515026468108
O11,13,HOECHST,10296.767578125,94.06345372240304
O11,13,MITO,155594.296875,1256.4953802700097
O11,13,PHAandWGA,74628.140625,708.7020610853622
O11,13,SYTO,55133.6875,465.54749823085865
O11,14,CONC,13079.693359375,59.302566601616086
O11,14,HOECHST,10375.794921875,89.67099274223425
O11,14,MITO,156456.09375,1202.0989904725125
O11,14,PHAandWGA,75451.40625,675.1227949521984
O11,14,SYTO,55502.078125,437.51972513237024
O11,15,CONC,13146.1845703125,55.976189535379795
O11,15,HOECHST,10536.7939453125,86.0635620423238
O11,15,MITO,158229.0,1154.0942931062393
O11,15,PHAandWGA,76817.9375,644.0124829151315
O11,15,SYTO,55880.4296875,412.55002710985553
O12,0,CONC,4426.4462890625,94.5739011101618
O12,0,HOECHST,2667.0322265625,75.85333399193563
O12,0,MITO,62125.046875,2940.6317480923435
O12,0,PHAandWGA,18770.6328125,863.6503995260432
O12,0,SYTO,9678.185546875,490.6567474076712
O12,1,CONC,5020.99462890625,149.0036896989895
O12,1,HOECHST,3022.1318359375,118.1970972541373
O12,1,MITO,67793.515625,4075.274871067829
O12,1,PHAandWGA,20787.046875,1177.885742457729
O12,1,SYTO,12708.21484375,749.2733135289392
O12,2,CONC,5504.2119140625,180.55505213437863
O12,2,HOECHST,3323.22705078125,143.49575208048495
O12,2,MITO,72433.421875,4697.664154107238
O12,2,PHAandWGA,22888.615234375,1390.1273926279955
O12,2,SYTO,15218.9599609375,909.8385411139518
O12,3,CONC,5740.97265625,187.64583821308463
O12,3,HOECHST,3517.309326171875,151.43114745736725
O12,3,MITO,76226.0625,4901.974194179763
O12,3,PHAandWGA,24707.2734375,1475.2792294296366
O12,3,SYTO,16906.796875,955.8183970750313
O12,4,CONC,5919.6689453125,185.18220999351402
O12,4,HOECHST,3630.5263671875,151.48820244095046
O12,4,MITO,78645.2109375,4861.7985686153725
O12,4,PHAandWGA,26268.8515625,1496.6324222116214
O12,4,SYTO,17938.51953125,944.034463589818
O12,5,CONC,6000.5859375,180.19368948595098
O12,5,HOECHST,3742.1572265625,149.098635316508
O12,5,MITO,79602.3515625,4732.934289186322
O12,5,PHAandWGA,27364.39453125,1480.4335644336707
O12,5,SYTO,18338.71484375,916.7926403862041
O12,6,CONC,6056.1298828125,173.51342228603428
O12,6,HOECHST,3770.58984375,140.90848769385792
O12,6,MITO,80512.4765625,4649.734586025689
O12,6,PHAandWGA,28209.03515625,1456.1498161788852
O12,6,SYTO,18523.3203125,870.5751580254579
O12,7,CONC,6077.2783203125,166.6800316954636
O12,7,HOECHST,3811.44091796875,136.30442831556587
O12,7,MITO,81100.34375,4517.960371736835
O12,7,PHAandWGA,28521.44921875,1414.9246625285225
O12,7,SYTO,18368.703125,828.9796942999044
O12,8,CONC,6075.2919921875,160.06211040136023
O12,8,HOECHST,3820.155517578125,129.12271190996276
O12,8,MITO,82366.859375,4396.600750889606
O12,8,PHAandWGA,28925.54296875,1382.572262039166
O12,8,SYTO,17996.865234375,783.4778061760015
O12,9,CONC,6041.337890625,152.6308925681716
O12,9,HOECHST,3845.632568359375,123.31541093639615
O12,9,MITO,83231.125,4284.533152073285
O12,9,PHAandWGA,29091.880859375,1345.9161557180864
O12,9,SYTO,17765.380859375,750.565276306635
O12,10,CONC,6043.6728515625,145.89677753812333
O12,10,HOECHST,3902.716064453125,118.73176012943023
O12,10,MITO,82965.328125,4120.905088097625
O12,10,PHAandWGA,28967.5078125,1305.0631466531147
O12,10,SYTO,17419.486328125,714.7948252289399
O12,11,CONC,6069.36767578125,139.3438377538802
O12,11,HOECHST,3910.88232421875,113.61798799224032
O12,11,MITO,82557.34375,3939.346129875944
O12,11,PHAandWGA,29180.65625,1261.624514190768
O12,11,SYTO,16800.0703125,679.1706661100875
O12,12,CONC,6097.634765625,133.43429756550992
O12,12,HOECHST,3939.33056640625,109.45352003829083
O12,12,MITO,82904.5,3773.603800653929
O12,12,PHAandWGA,28741.52734375,1214.947352323134
O12,12,SYTO,16550.36328125,645.8392475059516
O12,13,CONC,6139.8681640625,127.38363614018725
O12,13,HOECHST,3995.59912109375,104.5892060648062
O12,13,MITO,83407.3359375,3593.202476095727
O12,13,PHAandWGA,29352.259765625,1170.3612281876588
O12,13,SYTO,16424.017578125,610.6484103755159
O12,14,CONC,6208.443359375,121.65413700073414
O12,14,HOECHST,4051.962646484375,99.47125937912763
O12,14,MITO,83820.46875,3407.3067449964665
O12,14,PHAandWGA,28935.41796875,1123.0211134285723
O12,14,SYTO,16363.9169921875,578.6261644929322
O12,15,CONC,6283.4892578125,115.88433171834468
O12,15,HOECHST,4098.20703125,94.37395928914034
O12,15,MITO,84526.34375,3214.287731512752
O12,15,PHAandWGA,29315.39453125,1070.9933793837154
O12,15,SYTO,16271.548828125,546.4414264278219
O13,0,CONC,2661.50439453125,89.27535696806332
O13,0,HOECHST,2435.1669921875,128.65033638059705
O13,0,MITO,49846.875,4789.577941630135
O13,0,PHAandWGA,13490.0859375,1136.075475648313
O13,0,SYTO,7292.3837890625,600.0868354276789
O13,1,CONC,2901.896240234375,114.41427152604886
O13,1,HOECHST,2714.22802734375,166.05871895770744
O13,1,MITO,53457.34375,5516.227948416817
O13,1,PHAandWGA,15132.150390625,1388.997008396573
O13,1,SYTO,8961.19921875,763.0999186552124
O13,2,CONC,3127.0380859375,130.30179141319556
O13,2,HOECHST,2943.08251953125,191.00784227147955
O13,2,MITO,57508.6328125,5957.995207360494
O13,2,PHAandWGA,16633.669921875,1549.930325748918
O13,2,SYTO,10279.025390625,854.8043494764516
O13,3,CONC,3282.92333984375,137.4139824217381
O13,3,HOECHST,3111.71728515625,201.08744979866535
O13,3,MITO,59904.1484375,6126.349564356839
O13,3,PHAandWGA,17756.24609375,1612.137301428698
O13,3,SYTO,11182.31640625,881.3709693182111
O13,4,CONC,3388.4443359375,138.96227018886373
O13,4,HOECHST,3210.82958984375,199.35527381188143
O13,4,MITO,61597.359375,6197.2147342702465
O13,4,PHAandWGA,19120.609375,1623.9587251325252
O13,4,SYTO,11441.580078125,869.2071348565839
O13,5,CONC,3466.598876953125,136.93355071024428
O13,5,HOECHST,3265.68212890625,192.8635806445022
O13,5,MITO,62093.94921875,6113.105338608292
O13,5,PHAandWGA,19919.328125,1606.4699057092118
O13,5,SYTO,11019.78125,836.8005629077578
O13,6,CONC,3505.478515625,133.8633729975988
O13,6,HOECHST,3290.833251953125,186.2640349842358
O13,6,MITO,62937.921875,6028.724739275081
O13,6,PHAandWGA,20000.078125,1568.4000267513873
O13,6,SYTO,10632.7333984375,804.2666633850794
O13,7,CONC,3512.70947265625,130.77051458406024
O13,7,HOECHST,3308.673095703125,179.66038949815285
O13,7,MITO,63386.265625,5926.813998593186
O13,7,PHAandWGA,20350.80859375,1534.6438939195564
O13,7,SYTO,10283.490234375,773.5852082265338
O13,8,CONC,3523.9091796875,127.17283573781394
O13,8,HOECHST,3306.663330078125,171.66646890042267
O13,8,MITO,64577.6328125,5840.629677254614
O13,8,PHAandWGA,20526.751953125,1505.4116541343944
O13,8,SYTO,9919.59375,744.4269612956821
O13,9,CONC,3532.3115234375,122.93170959404542
O13,9,HOECHST,3324.181640625,163.46855774299328
O13,9,MITO,64267.38671875,5662.259450617732
O13,9,PHAandWGA,20505.587890625,1459.5733020101063
O13,9,SYTO,9560.3994140625,707.7042508343994
O13,10,CONC,3519.900146484375,116.63823642216049
O13,10,HOECHST,3322.7138671875,155.54009883450362
O13,10,MITO,64050.46875,5434.812536921592
O13,10,PHAandWGA,20139.609375,1397.6178806332791
O13,10,SYTO,9452.041015625,673.3629231405514
O13,11,CONC,3519.51513671875,110.51286505184233
O13,11,HOECHST,3353.04052734375,147.5207854596209
O13,11,MITO,64635.24609375,5221.4965638874055
O13,11,PHAandWGA,20166.732421875,1330.396057225189
O13,11,SYTO,9136.951171875,634.22032998075
O13,12,CONC,3529.560546875,104.5024564095595
O13,12,HOECHST,3362.49267578125,138.10963581765753
O13,12,MITO,64180.421875,4978.3135626950325
O13,12,PHAandWGA,19805.376953125,1268.4418342213974
O13,12,SYTO,9056.0185546875,597.3066157709458
O13,13,CONC,3531.68017578125,98.49676264880492
O13,13,HOECHST,3366.25537109375,129.5628022521612
O13,13,MITO,64072.62109375,4659.848824566004
O13,13,PHAandWGA,19796.166015625,1195.793253835987
O13,13,SYTO,8913.380859375,557.2355727506095
O13,14,CONC,3576.309814453125,93.16395251819831
O13,14,HOECHST,3428.7216796875,121.96600154297528
O13,14,MITO,64510.11328125,4372.40674935851
O13,14,PHAandWGA,19486.6875,1121.0116428418703
O13,14,SYTO,8938.0634765625,521.7761991206163
O13,15,CONC,3610.7744140625,88.00966719928326
O13,15,HOECHST,3469.453125,114.463362828989
O13,15,MITO,64801.01171875,4085.823850278861
O13,15,PHAandWGA,19588.279296875,1043.0874137930525
O13,15,SYTO,8993.150390625,486.3197738601311
O14,0,CONC,4015.1162109375,37.08443428817705
O14,0,HOECHST,3395.0048828125,57.040682845531116
O14,0,MITO,67408.453125,1547.2264101207038
O14,0,PHAandWGA,24296.5625,555.726783717177
O14,0,SYTO,11595.0927734375,318.03856324353706
O14,1,CONC,4242.17431640625,42.68740882340714
O14,1,HOECHST,3597.916015625,66.34476359900765
O14,1,MITO,68244.4765625,1675.1097106440097
O14,1,PHAandWGA,25662.609375,615.0087332457908
O14,1,SYTO,12431.7568359375,359.0567728242307
O14,2,CONC,4415.6962890625,48.14655113113103
O14,2,HOECHST,3778.476318359375,74.52419302958003
O14,2,MITO,70756.4375,1818.2074294560891
O14,2,PHAandWGA,27141.970703125,672.0240752864188
O14,2,SYTO,13394.4736328125,396.9522472600741
O14,3,CONC,4619.4423828125,53.00177300665457
O14,3,HOECHST,3949.69677734375,80.84829507806646
O14,3,MITO,73387.0,1943.2480785541275
O14,3,PHAandWGA,28457.53515625,720.1587821412513
O14,3,SYTO,14338.740234375,423.79904416320414
O14,4,CONC,4768.02001953125,55.69113452049571
O14,4,HOECHST,4104.36181640625,84.58895752600841
O14,4,MITO,75307.515625,2029.3680630312697
O14,4,PHAandWGA,29573.65234375,755.2899571913399
O14,4,SYTO,14985.552734375,437.86301757950815
O14,5,CONC,4915.18359375,57.055613136183915
O14,5,HOECHST,4286.060546875,87.5577240566096
O14,5,MITO,77721.6796875,2086.611541427842
O14,5,PHAandWGA,31095.31640625,778.4465515473844
O14,5,SYTO,15592.767578125,446.6082695996661
O14,6,CONC,5052.5576171875,57.522353784311576
O14,6,HOECHST,4393.56103515625,88.4901549474057
O14,6,MITO,80333.4453125,2123.8245500050843
O14,6,PHAandWGA,32634.576171875,796.9528956600981
O14,6,SYTO,16011.9111328125,446.22130160460165
O14,7,CONC,5154.3916015625,57.62511646718151
O14,7,HOECHST,4536.12158203125,89.32676612269579
O14,7,MITO,81958.984375,2136.4361910808543
O14,7,PHAandWGA,33432.26953125,799.6247321619758
O14,7,SYTO,16424.08984375,441.60681879549537
O14,8,CONC,5281.0859375,57.29498245303149
O14,8,HOECHST,4681.4853515625,89.28679293244143
O14,8,MITO,82935.1171875,2123.1095952148353
O14,8,PHAandWGA,34028.23046875,798.6333387341069
O14,8,SYTO,16787.1328125,435.3048576856325
O14,9,CONC,5361.3798828125,56.45769724530977
O14,9,HOECHST,4780.2978515625,88.51280685321127
O14,9,MITO,85478.1328125,2130.207171551947
O14,9,PHAandWGA,35201.46875,798.7127802219296
O14,9,SYTO,17135.876953125,426.36929236705726
O14,10,CONC,5453.55712890625,55.44930079584836
O14,10,HOECHST,4877.07177734375,86.96870659357987
O14,10,MITO,86006.8125,2111.0292624990952
O14,10,PHAandWGA,35382.9921875,788.7310481224964
O14,10,SYTO,17300.3828125,413.7205277682353
O14,11,CONC,5526.4453125,54.43164499754104
O14,11,HOECHST,4966.5615234375,85.73586381106732
O14,11,MITO,88086.515625,2086.1049683539068
O14,11,PHAandWGA,36043.4140625,772.8459677383003
O14,11,SYTO,17490.6953125,404.3558431267925
O14,12,CONC,5589.6572265625,53.50206419274076
O14,12,HOECHST,5051.609375,84.34335439721934
O14,12,MITO,88771.6015625,2066.4628387563175
O14,12,PHAandWGA,36743.578125,764.2930491196271
O14,12,SYTO,17774.4765625,394.612112610449
O14,13,CONC,5659.2490234375,52.74034380285033
O14,13,HOECHST,5108.201171875,82.95166802972702
O14,13,MITO,90354.8515625,2040.9783792073417
O14,13,PHAandWGA,37118.21875,753.0214210934168
O14,13,SYTO,18052.943359375,385.54774024159445
O14,14,CONC,5759.72314453125,51.87433413724296
O14,14,HOECHST,5215.5322265625,81.53458253529037
O14,14,MITO,91029.671875,2005.9136901037286
O14,14,PHAandWGA,36776.48828125,742.9912326375544
O14,14,SYTO,18272.599609375,375.2994945591964
O14,15,CONC,5812.162109375,50.97374505309586
O14,15,HOECHST,5288.6064453125,79.74166720842814
O14,15,MITO,92697.5703125,1962.581603003434
O14,15,PHAandWGA,37250.5234375,727.9891807663257
O14,15,SYTO,18601.140625,363.73635284697576
O15,0,CONC,2414.90869140625,49.33859281106279
O15,0,HOECHST,2319.429931640625,72.05857989376251
O15,0,MITO,56242.57421875,3596.373423478602
O15,0,PHAandWGA,14454.0,721.1635730726829
O15,0,SYTO,6195.3154296875,333.25485490389116
O15,1,CONC,2559.38720703125,58.227489539128534
O15,1,HOECHST,2450.518798828125,86.28221509261407
O15,1,MITO,58025.78125,3904.865182653904
O15,1,PHAandWGA,15898.7578125,816.1011462989611
O15,1,SYTO,6626.591796875,384.2199435441552
O15,2,CONC,2696.32080078125,67.65181481018786
O15,2,HOECHST,2602.32080078125,102.16592353690567
O15,2,MITO,60549.6953125,4257.716687396531
O15,2,PHAandWGA,17286.34765625,926.1430304687972
O15,2,SYTO,7113.9267578125,442.7767025905168
O15,3,CONC,2831.371337890625,74.4949073129548
O15,3,HOECHST,2755.498046875,113.42360269916082
O15,3,MITO,62467.06640625,4501.492711042782
O15,3,PHAandWGA,18276.671875,1013.0675968596832
O15,3,SYTO,7592.896484375,485.473490128637
O15,4,CONC,2927.773681640625,78.47819802483714
O15,4,HOECHST,2871.40869140625,121.90133813143981
O15,4,MITO,63879.9921875,4615.85557685678
O15,4,PHAandWGA,19181.44140625,1071.142166389593
O15,4,SYTO,7979.85595703125,514.0849611467261
O15,5,CONC,3011.41552734375,80.17289450067915
O15,5,HOECHST,2971.56591796875,126.54239547101213
O15,5,MITO,65504.53125,4675.319937442694
O15,5,PHAandWGA,19966.19140625,1101.6830063698133
O15,5,SYTO,8209.583984375,525.297113459402
O15,6,CONC,3042.5830078125,80.33993827287125
O15,6,HOECHST,3026.80908203125,128.1686642892577
O15,6,MITO,66220.8125,4705.341839847602
O15,6,PHAandWGA,20267.37109375,1107.4980658486106
O15,6,SYTO,8358.994140625,525.4638354628586
O15,7,CONC,3070.962158203125,79.5469915512372
O15,7,HOECHST,3041.44970703125,124.7928319197217
O15,7,MITO,66610.9921875,4675.855822332679
O15,7,PHAandWGA,20887.890625,1108.8216667125369
O15,7,SYTO,8387.0224609375,518.7901538121893
O15,8,CONC,3064.298828125,78.14981962391137
O15,8,HOECHST,3039.7548828125,121.74959259352819
O15,8,MITO,67594.625,4680.416248598438
O15,8,PHAandWGA,20758.23828125,1102.3574462634913
O15,8,SYTO,8397.7578125,506.7922534840561
O15,9,CONC,3055.022705078125,76.03467783475456
O15,9,HOECHST,3036.72216796875,116.88080786982701
O15,9,MITO,67456.8203125,4602.497453972749
O15,9,PHAandWGA,20906.36328125,1088.7579556857602
O15,9,SYTO,8300.90234375,489.5649522089814
O15,10,CONC,3050.69580078125,73.38706824212179
O15,10,HOECHST,3018.8544921875,111.5819045446068
O15,10,MITO,66934.484375,4518.023975140956
O15,10,PHAandWGA,20849.673828125,1066.9465357353604
O15,10,SYTO,8285.8037109375,471.6290364037715
O15,11,CONC,3047.91015625,70.68382219151994
O15,11,HOECHST,3011.77880859375,106.53338600725611
O15,11,MITO,67612.2421875,4379.61617457852
O15,11,PHAandWGA,20425.74609375,1017.0519989486813
O15,11,SYTO,8125.1826171875,448.60991248704846
O15,12,CONC,3047.227294921875,67.56985801190643
O15,12,HOECHST,2987.49755859375,101.30619977727761
O15,12,MITO,66766.265625,4211.4979303773125
O15,12,PHAandWGA,20083.79296875,958.5888037326646
O15,12,SYTO,7987.314453125,423.4940960971524
O15,13,CONC,3020.37109375,64.38930562512738
O15,13,HOECHST,2990.14208984375,95.46566981694122
O15,13,MITO,67465.3125,4069.629680609126
O15,13,PHAandWGA,19859.01953125,902.2767743568037
O15,13,SYTO,7907.5703125,398.9818041459398
O15,14,CONC,3017.99951171875,60.93391814229151
O15,14,HOECHST,2981.47119140625,89.27224508478385
O15,14,MITO,66183.9296875,3860.7517072669666
O15,14,PHAandWGA,19338.39453125,846.4952582264725
O15,14,SYTO,7825.0068359375,372.48333030270703
O15,15,CONC,3019.64111328125,57.742972304658345
O15,15,HOECHST,2985.53857421875,83.65108503937498
O15,15,MITO,65556.921875,3645.6121001376523
O15,15,PHAandWGA,19176.017578125,789.9876895868335
O15,15,SYTO,7806.501953125,348.17366698178273
O16,0,CONC,1317.702392578125,43.192573509161036
O16,0,HOECHST,1420.84716796875,67.57738186904785
O16,0,MITO,25077.0625,3659.306935618685
O16,0,PHAandWGA,5289.923828125,437.9462062945806
O16,0,SYTO,2757.34912109375,243.53846963304522
O16,1,CONC,1395.3193359375,52.043869037800846
O16,1,HOECHST,1493.5921630859375,81.92944694720823
O16,1,MITO,25733.234375,4055.5840713836337
O16,1,PHAandWGA,5829.072265625,517.08275656264
O16,1,SYTO,2947.57861328125,290.5838050416005
O16,2,CONC,1454.4365234375,59.96478517730496
O16,2,HOECHST,1582.694091796875,96.41752452682918
O16,2,MITO,26949.3828125,4443.768568634528
O16,2,PHAandWGA,6504.44482421875,590.416518787668
O16,2,SYTO,3157.6767578125,336.0041227549195
O16,3,CONC,1516.212158203125,65.58900019771475
O16,3,HOECHST,1640.21533203125,106.98306412434248
O16,3,MITO,27875.337890625,4659.862416783267
O16,3,PHAandWGA,6842.953125,646.1730840836194
O16,3,SYTO,3324.53955078125,367.4070738118494
O16,4,CONC,1550.331787109375,68.99449242295717
O16,4,HOECHST,1697.30517578125,112.92385230237963
O16,4,MITO,28417.29296875,4791.6045827899015
O16,4,PHAandWGA,7225.15673828125,685.7822021281853
O16,4,SYTO,3413.2822265625,384.0467401494662
O16,5,CONC,1584.9967041015625,70.88591602205715
O16,5,HOECHST,1729.841064453125,115.24327678179239
O16,5,MITO,28636.25390625,4868.570306700134
O16,5,PHAandWGA,7369.99853515625,706.1747368842242
O16,5,SYTO,3501.806640625,391.1380789867947
O16,6,CONC,1615.65283203125,71.76925121902842
O16,6,HOECHST,1753.83642578125,116.0201757394784
O16,6,MITO,29119.93359375,4869.330380570888
O16,6,PHAandWGA,7539.31298828125,712.2450408139204
O16,6,SYTO,3541.641845703125,389.9655141846245
O16,7,CONC,1642.702392578125,71.813236565311
O16,7,HOECHST,1799.757080078125,115.90712439983203
O16,7,MITO,29201.431640625,4811.852665775827
O16,7,PHAandWGA,7616.203125,701.4276798102012
O16,7,SYTO,3609.7080078125,385.60207303978643
O16,8,CONC,1644.70458984375,71.09155817246891
O16,8,HOECHST,1818.9415283203125,113.73119114170393
O16,8,MITO,29647.83203125,4687.3374737169415
O16,8,PHAandWGA,7590.7138671875,683.4390392003248
O16,8,SYTO,3659.05517578125,375.9536975633078
O16,9,CONC,1669.865966796875,69.62777559416342
O16,9,HOECHST,1834.3515625,110.14920868863194
O16,9,MITO,30095.12109375,4561.48343143701
O16,9,PHAandWGA,7716.376953125,664.4457022009598
O16,9,SYTO,3676.51220703125,363.19529499041573
O16,10,CONC,1686.3546142578125,67.70664560683012
O16,10,HOECHST,1871.586669921875,106.34490719324607
O16,10,MITO,30243.087890625,4370.652573193245
O16,10,PHAandWGA,7628.232421875,635.6657025734365
O16,10,SYTO,3729.081298828125,347.24772477579023
O16,11,CONC,1712.234130859375,65.03246339685221
O16,11,HOECHST,1888.3182373046875,101.64057989294396
O16,11,MITO,30609.37890625,4137.086424370587
O16,11,PHAandWGA,7582.6337890625,601.2470147721194
O16,11,SYTO,3739.806640625,327.25582155393204
O16,12,CONC,1732.4888916015625,62.164289387400366
O16,12,HOECHST,1928.668701171875,96.71486547087173
O16,12,MITO,31006.4375,3901.1097293561506
O16,12,PHAandWGA,7370.39013671875,561.6631227639816
O16,12,SYTO,3757.74267578125,307.66006564516675
O16,13,CONC,1760.9564208984375,59.13027738784493
O16,13,HOECHST,1956.10595703125,91.60303112834033
O16,13,MITO,31902.388671875,3613.0140253786903
O16,13,PHAandWGA,7326.9208984375,522.3583471745769
O16,13,SYTO,3815.856201171875,286.77904425611365
O16,14,CONC,1792.706787109375,55.984589076976
O16,14,HOECHST,1991.924560546875,86.3225981015055
O16,14,MITO,32027.359375,3362.3505307722967
O16,14,PHAandWGA,7265.4111328125,485.5709372155992
O16,14,SYTO,3877.47119140625,267.4468816566231
O16,15,CONC,1806.9000244140625,52.62382179098033
O16,15,HOECHST,2030.026611328125,80.63709196540827
O16,15,MITO,32910.44140625,3070.073215202465
O16,15,PHAandWGA,7177.8173828125,446.82578528799786
O16,15,SYTO,3939.63427734375,246.93543271132592
O18,0,CONC,4489.4638671875,64.77635510250401
O18,0,HOECHST,3833.350341796875,94.23549073347615
O18,0,MITO,73108.5390625,2417.991518965276
O18,0,PHAandWGA,25559.939453125,851.5038626568961
O18,0,SYTO,14108.9365234375,486.97822735035146
O18,1,CONC,4873.6689453125,85.6350704409146
O18,1,HOECHST,4138.734375,118.976195959318
O18,1,MITO,77412.09375,2957.5711584939695
O18,1,PHAandWGA,27292.947265625,1020.9863009942711
O18,1,SYTO,16533.59765625,624.267401708877
O18,2,CONC,5254.66650390625,108.20708984588553
O18,2,HOECHST,4521.0244140625,149.27914833571538
O18,2,MITO,82768.2578125,3497.3867345956687
O18,2,PHAandWGA,29499.962890625,1230.3311805281612
O18,2,SYTO,19097.93359375,787.6853279148451
O18,3,CONC,5587.3984375,121.76379114107101
O18,3,HOECHST,4794.43212890625,167.50292127813321
O18,3,MITO,87948.8359375,3752.4479342220093
O18,3,PHAandWGA,31250.697265625,1380.3146915252487
O18,3,SYTO,20731.65625,880.1937134570782
O18,4,CONC,5802.9892578125,126.8677065479104
O18,4,HOECHST,5029.4951171875,178.23045357326325
O18,4,MITO,90725.953125,3846.3264667130334
O18,4,PHAandWGA,33280.6015625,1455.4363155679932
O18,4,SYTO,22076.646484375,921.4246519701042
O18,5,CONC,6001.7470703125,128.92579691209968
O18,5,HOECHST,5228.125,184.12164915608906
O18,5,MITO,93776.671875,3875.0222488018912
O18,5,PHAandWGA,34347.76171875,1494.3260983595192
O18,5,SYTO,23662.0859375,938.5776970128939
O18,6,CONC,6161.91943359375,128.38099141068219
O18,6,HOECHST,5387.791015625,184.58080651478247
O18,6,MITO,95780.09375,3867.0053675998292
O18,6,PHAandWGA,36013.00390625,1509.5993435167268
O18,6,SYTO,24489.224609375,934.0424576641138
O18,7,CONC,6258.611328125,126.30281699092033
O18,7,HOECHST,5566.4140625,183.73662282625767
O18,7,MITO,96814.765625,3823.9539620130754
O18,7,PHAandWGA,37105.078125,1502.4063857652395
O18,7,SYTO,25539.037109375,919.5022932250913
O18,8,CONC,6342.7666015625,123.67591562710943
O18,8,HOECHST,5678.37548828125,181.86349257391618
O18,8,MITO,98836.296875,3777.8498560420094
O18,8,PHAandWGA,38162.84765625,1491.6426358278961
O18,8,SYTO,26038.578125,894.4217756330746
O18,9,CONC,6417.2060546875,120.85172593702347
O18,9,HOECHST,5783.4873046875,178.75548252731747
O18,9,MITO,100407.5234375,3692.9941569624375
O18,9,PHAandWGA,39032.890625,1468.6161308422884
O18,9,SYTO,26836.96875,865.034840810734
O18,10,CONC,6490.6494140625,118.03707202143877
O18,10,HOECHST,5863.3349609375,175.8455051474886
O18,10,MITO,101139.265625,3621.125696000697
O18,10,PHAandWGA,39286.7578125,1444.4701266702452
O18,10,SYTO,27250.255859375,838.3987821776523
O18,11,CONC,6568.986328125,114.67690555681692
O18,11,HOECHST,5997.361328125,172.189975192331
O18,11,MITO,101816.578125,3515.9526215171636
O18,11,PHAandWGA,40197.1015625,1409.1572610419419
O18,11,SYTO,27719.92578125,811.319951698268
O18,12,CONC,6644.1494140625,111.47002200928078
O18,12,HOECHST,6059.076171875,167.82303231063955
O18,12,MITO,104864.203125,3427.496164097743
O18,12,PHAandWGA,40099.7734375,1379.1128737082154
O18,12,SYTO,28027.22265625,783.8015340672392
O18,13,CONC,6701.126953125,108.34793967905036
O18,13,HOECHST,6166.2958984375,163.2492114875777
O18,13,MITO,105328.9375,3311.61526245843
O18,13,PHAandWGA,41448.8984375,1342.3225379814853
O18,13,SYTO,28117.40625,751.5225516932597
O18,14,CONC,6805.3916015625,104.97155337631578
O18,14,HOECHST,6307.0556640625,157.92245379448266
O18,14,MITO,106656.390625,3198.3258020393037
O18,14,PHAandWGA,41071.3046875,1302.7745629563215
O18,14,SYTO,28144.2109375,722.8025604223851
O18,15,CONC,6923.5068359375,101.76929255866534
O18,15,HOECHST,6397.173828125,152.9889652004639
O18,15,MITO,106796.375,3066.152805218122
O18,15,PHAandWGA,42117.4375,1265.4248364667912
O18,15,SYTO,28486.58203125,692.498989107328
O19,0,CONC,2926.2060546875,77.42758293173378
O19,0,HOECHST,2460.23095703125,82.52390339783376
O19,0,MITO,57843.2734375,3813.2315989184444
O19,0,PHAandWGA,13690.7060546875,791.353025610741
O19,0,SYTO,6378.720703125,377.73761964832465
O19,1,CONC,3173.536865234375,96.46951974790936
O19,1,HOECHST,2699.082275390625,107.7807887942577
O19,1,MITO,61878.46484375,4424.300785088629
O19,1,PHAandWGA,15418.564453125,952.1369422889305
O19,1,SYTO,7113.166015625,470.6072405696231
O19,2,CONC,3404.39453125,110.12846703637474
O19,2,HOECHST,2928.998046875,128.4842069609978
O19,2,MITO,66262.546875,4848.530115805039
O19,2,PHAandWGA,16877.2265625,1065.755107207073
O19,2,SYTO,7939.6201171875,536.287725650374
O19,3,CONC,3568.46533203125,117.58479174468117
O19,3,HOECHST,3125.790283203125,141.07581880010966
O19,3,MITO,68394.625,5012.001474740696
O19,3,PHAandWGA,18297.341796875,1135.0535446449273
O19,3,SYTO,8429.8310546875,573.1392062564867
O19,4,CONC,3704.40625,121.72116368862797
O19,4,HOECHST,3269.8154296875,147.17425710843563
O19,4,MITO,70594.5234375,5119.474814561494
O19,4,PHAandWGA,19194.125,1190.129675224958
O19,4,SYTO,8857.279296875,589.5144254723405
O19,5,CONC,3814.36474609375,124.13016075881167
O19,5,HOECHST,3364.078857421875,148.1620953977957
O19,5,MITO,71876.359375,5115.433837925667
O19,5,PHAandWGA,20279.58203125,1223.9359855508565
O19,5,SYTO,9202.537109375,596.3741533511165
O19,6,CONC,3887.542724609375,125.32959858841558
O19,6,HOECHST,3428.846923828125,147.40397949711908
O19,6,MITO,73094.90625,5123.159113123525
O19,6,PHAandWGA,20544.5546875,1248.0575596276447
O19,6,SYTO,9370.3125,596.9691769256419
O19,7,CONC,3951.994140625,125.07503096107251
O19,7,HOECHST,3478.64208984375,145.9078769568417
O19,7,MITO,73728.0234375,5071.721196077243
O19,7,PHAandWGA,21391.8203125,1251.7473230787164
O19,7,SYTO,9451.443359375,585.9157611485825
O19,8,CONC,3997.049560546875,123.69901146075323
O19,8,HOECHST,3526.3359375,142.8559043525419
O19,8,MITO,74530.640625,5035.605368386359
O19,8,PHAandWGA,21478.703125,1237.920150168082
O19,8,SYTO,9495.1474609375,573.2223553414998
O19,9,CONC,4018.2001953125,121.3990064762302
O19,9,HOECHST,3552.748779296875,138.81724060549837
O19,9,MITO,75372.5625,4956.351385962169
O19,9,PHAandWGA,21524.09375,1223.8809266251376
O19,9,SYTO,9540.388671875,562.4182900663286
O19,10,CONC,4055.7216796875,118.08440423300614
O19,10,HOECHST,3594.554931640625,134.19771316309738
O19,10,MITO,76100.15625,4839.008540743343
O19,10,PHAandWGA,21693.83203125,1192.766599036678
O19,10,SYTO,9522.078125,541.3572322156308
O19,11,CONC,4104.58984375,114.60634461826446
O19,11,HOECHST,3640.154052734375,128.70652930479727
O19,11,MITO,76844.8125,4695.763058274132
O19,11,PHAandWGA,21760.376953125,1144.9509633368968
O19,11,SYTO,9464.71484375,519.2156406021718
O19,12,CONC,4126.9453125,110.58982105268097
O19,12,HOECHST,3653.84375,122.73964160683786
O19,12,MITO,77813.671875,4528.430475121004
O19,12,PHAandWGA,21604.390625,1104.0076339133254
O19,12,SYTO,9509.9140625,497.1786524251474
O19,13,CONC,4136.48681640625,106.24792991084993
O19,13,HOECHST,3698.210693359375,117.05926449627876
O19,13,MITO,78760.46875,4344.629520888295
O19,13,PHAandWGA,21479.7109375,1055.0700961439147
O19,13,SYTO,9556.5,472.7843661298326
O19,14,CONC,4166.658203125,101.80999437447113
O19,14,HOECHST,3736.4482421875,111.70956398606424
O19,14,MITO,78817.328125,4146.990310552131
O19,14,PHAandWGA,21813.365234375,1004.7223929049168
O19,14,SYTO,9619.388671875,449.25959903629257
O19,15,CONC,4253.947265625,97.10358886763028
O19,15,HOECHST,3790.90478515625,105.90322601623343
O19,15,MITO,79778.265625,3936.3608942332453
O19,15,PHAandWGA,21728.625,945.5953464739487
O19,15,SYTO,9716.6533203125,423.4628825958439
O20,0,CONC,3658.412109375,35.03726613428121
O20,0,HOECHST,3067.796630859375,54.68924535229133
O20,0,MITO,74645.640625,2025.4965142888843
O20,0,PHAandWGA,22182.15234375,642.0532271110199
O20,0,SYTO,10477.7392578125,317.90350298937
O20,1,CONC,3832.012451171875,43.71638431533966
O20,1,HOECHST,3229.44775390625,64.71909943173432
O20,1,MITO,76300.359375,2300.5532933437685
O20,1,PHAandWGA,23269.892578125,747.8133560253672
O20,1,SYTO,11503.736328125,382.4604317969956
O20,2,CONC,4096.4189453125,55.14747694168166
O20,2,HOECHST,3461.3916015625,80.78054737221971
O20,2,MITO,80574.9765625,2665.219824250703
O20,2,PHAandWGA,24781.599609375,887.3049859157798
O20,2,SYTO,13426.830078125,478.6329433193001
O20,3,CONC,4339.21826171875,64.65122870611128
O20,3,HOECHST,3691.577880859375,96.6633898225017
O20,3,MITO,84448.6328125,2954.6853261599063
O20,3,PHAandWGA,26831.9140625,1014.0850537004169
O20,3,SYTO,15426.8291015625,561.4785506892069
O20,4,CONC,4563.4326171875,70.58954993241261
O20,4,HOECHST,3921.32177734375,108.41785587844903
O20,4,MITO,87754.578125,3159.4284634053834
O20,4,PHAandWGA,28170.109375,1103.5157968276926
O20,4,SYTO,17243.732421875,614.8181402922916
O20,5,CONC,4755.19140625,73.06843738475764
O20,5,HOECHST,4134.7666015625,114.0201340478254
O20,5,MITO,91559.53125,3264.7493987007406
O20,5,PHAandWGA,30012.00390625,1156.0619658943083
O20,5,SYTO,18518.1640625,634.6795974714157
O20,6,CONC,4915.7041015625,73.58604936778966
O20,6,HOECHST,4234.4609375,116.18830927119731
O20,6,MITO,93437.625,3326.259927591077
O20,6,PHAandWGA,31669.138671875,1184.047811001795
O20,6,SYTO,19191.78515625,634.2859059517604
O20,7,CONC,5013.869140625,72.85619760161946
O20,7,HOECHST,4374.822265625,117.08465968642591
O20,7,MITO,96087.84375,3362.2744067897634
O20,7,PHAandWGA,32981.2421875,1196.86844795812
O20,7,SYTO,19528.12109375,622.8106864868857
O20,8,CONC,5109.2724609375,71.9996928444494
O20,8,HOECHST,4476.56005859375,116.83837066812856
O20,8,MITO,97974.484375,3388.206094583695
O20,8,PHAandWGA,34300.109375,1196.3056704342982
O20,8,SYTO,19421.775390625,607.3987455782956
O20,9,CONC,5164.4033203125,71.04791789963866
O20,9,HOECHST,4571.2294921875,116.00914371444983
O20,9,MITO,99439.5234375,3396.936254076102
O20,9,PHAandWGA,35360.7421875,1187.3458647882064
O20,9,SYTO,19547.08203125,592.1350130849645
O20,10,CONC,5257.302734375,69.9403117176463
O20,10,HOECHST,4680.9765625,114.8086770699418
O20,10,MITO,101291.75,3398.8213976278394
O20,10,PHAandWGA,36289.296875,1176.2254733630305
O20,10,SYTO,19484.05078125,577.6026871504221
O20,11,CONC,5301.5341796875,68.43737319125498
O20,11,HOECHST,4720.2060546875,112.49415217232817
O20,11,MITO,102241.25,3378.923602106852
O20,11,PHAandWGA,37086.3125,1160.585162310738
O20,11,SYTO,19366.771484375,560.7072448874322
O20,12,CONC,5354.5595703125,66.69314679351295
O20,12,HOECHST,4801.603515625,110.20697059598791
O20,12,MITO,104421.5078125,3334.083258908373
O20,12,PHAandWGA,36988.14453125,1140.2601802093027
O20,12,SYTO,19228.138671875,541.5363259857368
O20,13,CONC,5372.732421875,64.84888316889719
O20,13,HOECHST,4856.89404296875,107.34048387330911
O20,13,MITO,105241.34375,3264.165372689368
O20,13,PHAandWGA,37877.82421875,1115.2345707961317
O20,13,SYTO,19181.6015625,521.3617023200188
O20,14,CONC,5417.6171875,63.03027597070953
O20,14,HOECHST,4903.7275390625,104.02858589955159
O20,14,MITO,105569.84375,3184.968004637696
O20,14,PHAandWGA,37677.5625,1088.475023313342
O20,14,SYTO,18997.578125,499.72138989398076
O20,15,CONC,5515.12744140625,61.097335087815516
O20,15,HOECHST,4957.86474609375,100.54584305787007
O20,15,MITO,107113.5546875,3096.5781819446047
O20,15,PHAandWGA,38468.078125,1057.29281816091
O20,15,SYTO,19032.3125,479.2210333707248
O21,0,CONC,1213.4852294921875,39.08805981938788
O21,0,HOECHST,1460.3817138671875,75.76838094135404
O21,0,MITO,25120.146484375,3755.3041276559434
O21,0,PHAandWGA,5352.2060546875,473.4489928325548
O21,0,SYTO,2709.94140625,249.77492570453217
O21,1,CONC,1295.871826171875,48.68013022903217
O21,1,HOECHST,1558.303466796875,94.89789200612104
O21,1,MITO,25888.18359375,4228.739412047942
O21,1,PHAandWGA,6005.326171875,583.1853638490943
O21,1,SYTO,2937.7607421875,307.09752318948483
O21,2,CONC,1382.44921875,58.96234057526973
O21,2,HOECHST,1673.757568359375,116.68235857789603
O21,2,MITO,27652.24609375,4735.895651211608
O21,2,PHAandWGA,6777.41455078125,704.184890281839
O21,2,SYTO,3218.340576171875,368.9136623500149
O21,3,CONC,1456.5296630859375,67.0928430848191
O21,3,HOECHST,1788.3502197265625,136.19396625548086
O21,3,MITO,28298.34765625,5049.432106707531
O21,3,PHAandWGA,7404.85302734375,778.2394599250716
O21,3,SYTO,3453.05517578125,416.21160691749975
O21,4,CONC,1500.72509765625,71.81109063796583
O21,4,HOECHST,1863.157470703125,147.64091196849523
O21,4,MITO,29473.953125,5282.8135766045925
O21,4,PHAandWGA,7929.94189453125,810.4120660041613
O21,4,SYTO,3596.88037109375,441.5695671543259
O21,5,CONC,1549.6695556640625,74.16323823768968
O21,5,HOECHST,1920.633544921875,153.51802191957714
O21,5,MITO,30061.80859375,5346.357478783947
O21,5,PHAandWGA,8147.2294921875,831.2904538074151
O21,5,SYTO,3715.50439453125,453.1726834019363
O21,6,CONC,1576.988525390625,75.38025601136806
O21,6,HOECHST,1947.7237548828125,154.63532713827226
O21,6,MITO,31030.578125,5418.859394268267
O21,6,PHAandWGA,8425.7900390625,848.4862268261512
O21,6,SYTO,3746.58203125,457.19972730205177
O21,7,CONC,1602.0941162109375,75.80944853638306
O21,7,HOECHST,1963.206787109375,152.16271857368358
O21,7,MITO,31328.40234375,5399.883068747744
O21,7,PHAandWGA,8474.095703125,855.5368338298996
O21,7,SYTO,3817.29052734375,454.60704878788
O21,8,CONC,1615.724365234375,75.20939582690711
O21,8,HOECHST,1971.6619873046875,148.53398777752975
O21,8,MITO,31239.796875,5293.658638947565
O21,8,PHAandWGA,8386.85546875,848.8433511437161
O21,8,SYTO,3872.83935546875,445.1472337995763
O21,9,CONC,1624.8074951171875,73.85315840835399
O21,9,HOECHST,1998.9329833984375,143.51239640836343
O21,9,MITO,31723.91015625,5210.362475978394
O21,9,PHAandWGA,8409.62890625,831.2122956163663
O21,9,SYTO,3847.48486328125,430.8867264794588
O21,10,CONC,1644.1588134765625,71.82353782995362
O21,10,HOECHST,2013.6865234375,137.65832495503926
O21,10,MITO,32308.46484375,5053.854816971859
O21,10,PHAandWGA,8301.265625,802.9645119856851
O21,10,SYTO,3850.130615234375,412.27323264479486
O21,11,CONC,1663.1728515625,69.19773648673925
O21,11,HOECHST,2031.6923828125,131.53012070579126
O21,11,MITO,32110.2109375,4818.308691013176
O21,11,PHAandWGA,8251.728515625,760.5613644379112
O21,11,SYTO,3846.791748046875,391.27588629429385
O21,12,CONC,1664.7529296875,66.03583840961186
O21,12,HOECHST,2053.4248046875,124.30642280375851
O21,12,MITO,32948.40625,4585.212998755725
O21,12,PHAandWGA,8176.03173828125,712.3030436469962
O21,12,SYTO,3881.095703125,368.3232563837425
O21,13,CONC,1668.72119140625,62.57273687940906
O21,13,HOECHST,2075.6357421875,116.29205544418585
O21,13,MITO,32859.61328125,4265.781795193216
O21,13,PHAandWGA,8002.40771484375,657.3172404724221
O21,13,SYTO,3851.734375,341.5957945771218
O21,14,CONC,1689.787353515625,59.034103926678405
O21,14,HOECHST,2091.177734375,108.46890595764965
O21,14,MITO,33299.98046875,3988.578762076944
O21,14,PHAandWGA,7993.75830078125,605.209402958919
O21,14,SYTO,3912.284423828125,317.0811974036583
O21,15,CONC,1707.2158203125,55.46328341485578
O21,15,HOECHST,2114.3818359375,100.77486656085067
O21,15,MITO,33658.7734375,3671.8438857209903
O21,15,PHAandWGA,7869.3505859375,549.8480369736711
O21,15,SYTO,3933.18505859375,291.3167236715274
O22,0,CONC,3874.03759765625,81.24117539529547
O22,0,HOECHST,3807.353515625,124.27601756886907
O22,0,MITO,79629.390625,3542.2232201947822
O22,0,PHAandWGA,25501.876953125,1043.80703959084
O22,0,SYTO,14069.7822265625,612.2138753443503
O22,1,CONC,4244.447265625,103.69408550119125
O22,1,HOECHST,4248.55517578125,168.11850123392347
O22,1,MITO,84753.28125,4141.034938540255
O22,1,PHAandWGA,27518.234375,1268.9095935778073
O22,1,SYTO,16734.71484375,798.3560594706906
O22,2,CONC,4524.93017578125,115.5624211790539
O22,2,HOECHST,4617.576171875,193.9281466177957
O22,2,MITO,89906.34375,4471.411811372482
O22,2,PHAandWGA,29580.892578125,1440.821436504032
O22,2,SYTO,19276.13671875,911.3106803857713
O22,3,CONC,4761.71044921875,120.4319772744354
O22,3,HOECHST,4879.541015625,203.60213702251255
O22,3,MITO,94390.3203125,4603.561466423247
O22,3,PHAandWGA,31769.6875,1544.5445386249564
O22,3,SYTO,20703.953125,959.3609855631502
O22,4,CONC,4941.537109375,121.46655311987126
O22,4,HOECHST,5112.26171875,207.35964988536657
O22,4,MITO,96606.84375,4616.313072527974
O22,4,PHAandWGA,33344.25,1602.267208982024
O22,4,SYTO,22394.919921875,971.5256757653136
O22,5,CONC,5093.8759765625,120.40784372552409
O22,5,HOECHST,5326.09912109375,206.92574325429447
O22,5,MITO,100652.671875,4602.76335102384
O22,5,PHAandWGA,35246.453125,1619.3524626162493
O22,5,SYTO,23837.74609375,957.3929587417941
O22,6,CONC,5213.6923828125,117.95625463514152
O22,6,HOECHST,5454.43896484375,203.92426709561454
O22,6,MITO,101981.421875,4545.113849152414
O22,6,PHAandWGA,37005.953125,1613.7109765118746
O22,6,SYTO,24876.5390625,928.7616766262297
O22,7,CONC,5315.15869140625,114.59947127862924
O22,7,HOECHST,5571.91796875,197.52068485832015
O22,7,MITO,104907.0390625,4442.22466815409
O22,7,PHAandWGA,38230.79296875,1605.656540709803
O22,7,SYTO,25557.54296875,894.0100774832257
O22,8,CONC,5374.4140625,111.1252366759139
O22,8,HOECHST,5660.88671875,191.85451528752245
O22,8,MITO,106151.828125,4373.252697424127
O22,8,PHAandWGA,38573.64453125,1575.9344447152696
O22,8,SYTO,25974.6953125,863.659603190903
O22,9,CONC,5379.05029296875,107.34435562648808
O22,9,HOECHST,5676.8515625,184.17890293163552
O22,9,MITO,106782.359375,4276.592533953288
O22,9,PHAandWGA,38939.46875,1515.0441561361333
O22,9,SYTO,25770.93359375,828.6510848007543
O22,10,CONC,5428.2587890625,103.51413833187873
O22,10,HOECHST,5716.02294921875,177.30580704139606
O22,10,MITO,108495.640625,4182.7518926837065
O22,10,PHAandWGA,39828.88671875,1474.4724453173421
O22,10,SYTO,25980.1640625,796.6525633666046
O22,11,CONC,5444.1318359375,99.42893516616442
O22,11,HOECHST,5775.6796875,170.0525233349881
O22,11,MITO,108807.078125,4041.1923709488806
O22,11,PHAandWGA,40264.4921875,1430.6739944142698
O22,11,SYTO,25815.85546875,762.9479292819009
O22,12,CONC,5476.94189453125,95.65893330514162
O22,12,HOECHST,5806.10888671875,163.30525471461635
O22,12,MITO,108300.9375,3914.4232896175145
O22,12,PHAandWGA,40477.421875,1388.5046587147622
O22,12,SYTO,25561.609375,730.7228154986738
O22,13,CONC,5501.0390625,91.71384498836588
O22,13,HOECHST,5834.568359375,155.53379174209104
O22,13,MITO,109576.4609375,3749.734638769398
O22,13,PHAandWGA,40021.171875,1345.6960505911557
O22,13,SYTO,25562.587890625,694.6977989192198
O22,14,CONC,5527.00341796875,87.81219027204688
O22,14,HOECHST,5910.5869140625,148.71998333051758
O22,14,MITO,110069.390625,3584.117344133871
O22,14,PHAandWGA,40000.44140625,1295.5698800543194
O22,14,SYTO,25188.65234375,660.1200248597207
O22,15,CONC,5585.681640625,84.18436521159173
O22,15,HOECHST,6016.71484375,142.15159587897432
O22,15,MITO,111041.765625,3424.2552349527555
O22,15,PHAandWGA,40848.8671875,1250.4557030080493
O22,15,SYTO,25208.361328125,626.5111810008282
O23,0,CONC,2357.31640625,57.130576113130246
O23,0,HOECHST,1980.8173828125,65.41981166456482
O23,0,MITO,42028.28125,3326.6598779937485
O23,0,PHAandWGA,12607.15625,743.872967248965
O23,0,SYTO,5637.86474609375,379.8469616256936
O23,1,CONC,2476.119140625,66.963903208538
O23,1,HOECHST,2082.3994140625,77.3248590547837
O23,1,MITO,43416.18359375,3656.6098312785093
O23,1,PHAandWGA,13336.8359375,849.2367719747059
O23,1,SYTO,6005.4736328125,441.3314537118551
O23,2,CONC,2615.963623046875,77.17130481083512
O23,2,HOECHST,2190.95166015625,90.20688767705475
O23,2,MITO,44978.20703125,4002.4850473442275
O23,2,PHAandWGA,14061.09765625,959.6870141573953
O23,2,SYTO,6474.02001953125,502.22681317399804
O23,3,CONC,2743.507080078125,86.32853238356104
O23,3,HOECHST,2327.462646484375,103.50778835837787
O23,3,MITO,46976.6953125,4298.407100984304
O23,3,PHAandWGA,14992.5478515625,1055.2786115543852
O23,3,SYTO,7018.255859375,557.9076449337588
O23,4,CONC,2842.27294921875,93.12791100600907
O23,4,HOECHST,2419.695068359375,113.36982468734085
O23,4,MITO,48452.296875,4526.740310476294
O23,4,PHAandWGA,15808.3837890625,1128.3238607256526
O23,4,SYTO,7403.6240234375,593.6632307168982
O23,5,CONC,2938.0146484375,97.70197330882789
O23,5,HOECHST,2510.3828125,119.72009499948064
O23,5,MITO,49715.40625,4654.826330045549
O23,5,PHAandWGA,16553.34375,1182.9499487062267
O23,5,SYTO,7741.669921875,616.6628461334559
O23,6,CONC,3007.267822265625,100.50339460386907
O23,6,HOECHST,2591.564453125,124.08772783704231
O23,6,MITO,51283.078125,4804.438922404177
O23,6,PHAandWGA,17182.16796875,1223.1157302137265
O23,6,SYTO,7957.50830078125,631.101516714126
O23,7,CONC,3060.6943359375,101.96914058798863
O23,7,HOECHST,2661.77392578125,126.95891064154691
O23,7,MITO,51878.9921875,4855.377221175628
O23,7,PHAandWGA,17946.458984375,1248.2446398219586
O23,7,SYTO,8090.3125,635.1901736821325
O23,8,CONC,3132.78271484375,102.53236512745168
O23,8,HOECHST,2691.43994140625,127.95362598809491
O23,8,MITO,53246.51171875,4887.488245014168
O23,8,PHAandWGA,18368.43359375,1251.9632419139332
O23,8,SYTO,8203.408203125,631.5039688563832
O23,9,CONC,3187.731689453125,102.58668915472585
O23,9,HOECHST,2748.19677734375,127.41154622473485
O23,9,MITO,54375.0,4874.192060453224
O23,9,PHAandWGA,18675.734375,1239.9946856273339
O23,9,SYTO,8196.0888671875,620.3357760526675
O23,10,CONC,3232.47265625,101.77245664266705
O23,10,HOECHST,2796.30224609375,125.51757542180616
O23,10,MITO,54818.765625,4815.729281724791
O23,10,PHAandWGA,18733.44140625,1227.9225261190998
O23,10,SYTO,8284.0712890625,605.687213861682
O23,11,CONC,3294.373291015625,100.41684475799174
O23,11,HOECHST,2825.98876953125,123.29817674928424
O23,11,MITO,55589.41015625,4752.905719215705
O23,11,PHAandWGA,19200.2265625,1203.2190452442262
O23,11,SYTO,8360.6875,588.6211252969576
O23,12,CONC,3329.5322265625,98.49910933338967
O23,12,HOECHST,2877.591552734375,120.65205889903442
O23,12,MITO,57177.953125,4642.383544184259
O23,12,PHAandWGA,19520.76171875,1177.1016793018357
O23,12,SYTO,8381.748046875,569.4794708585722
O23,13,CONC,3391.583984375,96.2221018198962
O23,13,HOECHST,2921.25830078125,117.28389251687258
O23,13,MITO,58128.95703125,4512.689535303864
O23,13,PHAandWGA,19483.603515625,1142.3677269468324
O23,13,SYTO,8518.771484375,547.3065950651214
O23,14,CONC,3419.63818359375,93.40496233873215
O23,14,HOECHST,2975.58203125,113.48613969095196
O23,14,MITO,58140.08203125,4358.56566978277
O23,14,PHAandWGA,19632.005859375,1104.3208692098583
O23,14,SYTO,8661.111328125,525.54709283116
O23,15,CONC,3490.10302734375,90.19855589731428
O23,15,HOECHST,3017.013916015625,108.91501382777884
O23,15,MITO,59274.05078125,4162.125740113402
O23,15,PHAandWGA,19844.80078125,1056.1052330996695
O23,15,SYTO,8722.2041015625,499.3245766488923
