layout_id,well_id,image_id,cp_id,barcode,plate_well,cmpd_code,cmpdname,solvent,cmpd_conc,cmpd_conc_unit,stock_conc,stock_conc_unit,cmpd_vol,cmpd_vol_unit,well_vol,well_vol_unit,pert_type,article_id,target,pathway,pubchemID,smiles,inkey,target_type,clinical_status,cell_line,target_class
spher-colo52-v1-ULA-PB000137-HCT116-48h-P1-L1,B02,4185,5532,PB000137,PB000137_B02,colo-006,PD0325901,dmso,3.0,µM,10.0,mM,30.0,nl,40.0,µl,trt,S1036,MEK,MAPK,9826528.0,OCC(O)CONC(=O)C1=C(NC2=CC=C(I)C=C2F)C(=C(F)C=C1)F,SUDAHWBOROXANE-SECBINFHSA-N,Targeted,Phase 2,HCT116,
spher-colo52-v1-ULA-PB000137-HCT116-48h-P1-L1,B03,4185,5532,PB000137,PB000137_B03,colo-018,Paclitaxel,dmso,0.1,µM,0.1,mM,100.0,nl,40.0,µl,trt,S1150,"Autophagy,Microtubule Associated",Cytoskeletal Signaling,441276.0,CC(=O)OC1C(=O)C2(C)C(O)CC3OCC3(OC(C)=O)C2C(OC(=O)C4=CC=CC=C4)C5(O)CC(OC(=O)C(O)C(NC(=O)C6=CC=CC=C6)C7=CC=CC=C7)C(=C1C5(C)C)C,RCINICONZNJXQF-VAZQATRQSA-N,Cytotoxic,Preclinical,HCT116,
spher-colo52-v1-ULA-PB000137-HCT116-48h-P1-L1,B04,4185,5532,PB000137,PB000137_B04,colo-009,"Olaparib (AZD2281, Ku-0059436)",dmso,3.0,µM,10.0,mM,30.0,nl,40.0,µl,trt,S1060,PARP,DNA Damage,23725625.0,FC1=C(C=C(CC2=NNC(=O)C3=C2C=CC=C3)C=C1)C(=O)N4CCN(CC4)C(=O)C5CC5,FDLYAMZZIXQODN-UHFFFAOYSA-N,Targeted,Launched,HCT116,PARPi
spher-colo52-v1-ULA-PB000137-HCT116-48h-P1-L1,B05,4185,5532,PB000137,PB000137_B05,colo-012,SB216763,dmso,10.0,µM,10.0,mM,100.0,nl,40.0,µl,trt,S1075,GSK-3,PI3K/Akt/mTOR,176158.0,C[N]1C=C(C2=C1C=CC=C2)C3=C(C(=O)NC3=O)C4=CC=C(Cl)C=C4Cl,JCSGFHVFHSKIJH-UHFFFAOYSA-N,Targeted,Preclinical,HCT116,
spher-colo52-v1-ULA-PB000137-HCT116-48h-P1-L1,B06,4185,5532,PB000137,PB000137_B06,colo-008,"Vorinostat (SAHA, MK0683)",dmso,3.0,µM,10.0,mM,30.0,nl,40.0,µl,trt,S1047,"Autophagy,HDAC",Epigenetics,5311.0,ONC(=O)CCCCCCC(=O)NC1=CC=CC=C1,WAEXFXRVDQXREF-UHFFFAOYSA-N,Targeted,Launched,HCT116,
spher-colo52-v1-ULA-PB000137-HCT116-48h-P1-L1,B07,4185,5532,PB000137,PB000137_B07,colo-025,AZD7762,dmso,10.0,µM,10.0,mM,100.0,nl,40.0,µl,trt,S1532,Chk,Cell Cycle,11152667.0,NC(=O)NC1=C(SC(=C1)C2=CC(=CC=C2)F)C(=O)NC3CCCNC3,IAYGCINLNONXHY-LBPRGKRZSA-N,Targeted,Phase 1,HCT116,
spher-colo52-v1-ULA-PB000137-HCT116-48h-P1-L1,B08,4185,5532,PB000137,PB000137_B08,sorb,sorb,dmso,10.0,µM,10.0,mM,100.0,nl,40.0,µl,pos_con,S1876,inert,,5780.0,C(C(C(C(C(CO)O)O)O)O)O,FBPFZTCFMRRESA-JGWLITMVSA-N,,,HCT116,
spher-colo52-v1-ULA-PB000137-HCT116-48h-P1-L1,B09,4185,5532,PB000137,PB000137_B09,colo-015,Triciribine,dmso,0.3,µM,1.0,mM,30.0,nl,40.0,µl,trt,S1117,Akt,PI3K/Akt/mTOR,65399.0,CN1N=C(N)C2=C[N](C3OC(CO)C(O)C3O)C4=C2C1=NC=N4,HOGVTUZUJGHKPL-HTVVRFAVSA-N,Targeted,Phase 1/Phase 2,HCT116,
spher-colo52-v1-ULA-PB000137-HCT116-48h-P1-L1,B10,4185,5532,PB000137,PB000137_B10,colo-027,Doramapimod (BIRB 796),dmso,10.0,µM,10.0,mM,100.0,nl,40.0,µl,trt,S1574,p38 MAPK,MAPK,156422.0,CC1=CC=C(C=C1)[N]2N=C(C=C2NC(=O)NC3=CC=C(OCCN4CCOCC4)C5=C3C=CC=C5)C(C)(C)C,MVCOAUNKQVWQHZ-UHFFFAOYSA-N,Targeted,Phase 2,HCT116,
spher-colo52-v1-ULA-PB000137-HCT116-48h-P1-L1,B11,4185,5532,PB000137,PB000137_B11,colo-032,Phenformin HCl,dmso,10.0,µM,10.0,mM,100.0,nl,40.0,µl,trt,S2542,AMPK,PI3K/Akt/mTOR,13266.0,Cl.NC(=N)NC(=N)NCCC1=CC=CC=C1,YSUCWSWKRIOILX-UHFFFAOYSA-N,,Launched,HCT116,
spher-colo52-v1-ULA-PB000137-HCT116-48h-P1-L1,B12,4185,5532,PB000137,PB000137_B12,colo-003,Afatinib (BIBW2992),dmso,0.3,µM,1.0,mM,30.0,nl,40.0,µl,trt,S1011,"EGFR,HER2",Protein Tyrosine Kinase,10184653.0,CN(C)C/C=C/C(=O)NC1=CC2=C(NC3=CC=C(F)C(=C3)Cl)N=CN=C2C=C1OC4CCOC4,ULXXDDBFHOBEHA-CWDCEQMOSA-N,Targeted,Launched,HCT116,
spher-colo52-v1-ULA-PB000137-HCT116-48h-P1-L1,B13,4185,5532,PB000137,PB000137_B13,colo-012,SB216763,dmso,0.3,µM,1.0,mM,30.0,nl,40.0,µl,trt,S1075,GSK-3,PI3K/Akt/mTOR,176158.0,C[N]1C=C(C2=C1C=CC=C2)C3=C(C(=O)NC3=O)C4=CC=C(Cl)C=C4Cl,JCSGFHVFHSKIJH-UHFFFAOYSA-N,Targeted,Preclinical,HCT116,
spher-colo52-v1-ULA-PB000137-HCT116-48h-P1-L1,B14,4185,5532,PB000137,PB000137_B14,colo-010,Nutlin-3,dmso,10.0,µM,10.0,mM,100.0,nl,40.0,µl,trt,S1061,"E3 Ligase ,Mdm2",Apoptosis,216345.0,COC1=CC(=C(C=C1)C2=NC(C(N2C(=O)N3CCNC(=O)C3)C4=CC=C(Cl)C=C4)C5=CC=C(Cl)C=C5)OC(C)C,BDUHCSBCVGXTJM-UHFFFAOYSA-N,Targeted,Preclinical,HCT116,
spher-colo52-v1-ULA-PB000137-HCT116-48h-P1-L1,B15,4185,5532,PB000137,PB000137_B15,colo-029,Trifluridine,dmso,1.0,µM,1.0,mM,100.0,nl,40.0,µl,trt,S1778,DNA/RNA Synthesis,DNA Damage,6256.0,OCC1OC(CC1O)N2C=C(C(=O)NC2=O)C(F)(F)F,VSQQQLOSPVPRAZ-RRKCRQDMSA-N,Cytotoxic,Launched,HCT116,Antimetabolite
spher-colo52-v1-ULA-PB000137-HCT116-48h-P1-L1,B16,4185,5532,PB000137,PB000137_B16,colo-013,MK-2206 2HCl,dmso,3.0,µM,10.0,mM,30.0,nl,40.0,µl,trt,S1078,Akt,PI3K/Akt/mTOR,46930998.0,Cl.Cl.NC1(CCC1)C2=CC=C(C=C2)C3=C(C=C4C(=N3)C=CN5C(=O)NN=C45)C6=CC=CC=C6,HWUHTJIKQZZBRA-UHFFFAOYSA-N,Targeted,Preclinical,HCT116,
spher-colo52-v1-ULA-PB000137-HCT116-48h-P1-L1,B17,4185,5532,PB000137,PB000137_B17,colo-006,PD0325901,dmso,1.0,µM,1.0,mM,100.0,nl,40.0,µl,trt,S1036,MEK,MAPK,9826528.0,OCC(O)CONC(=O)C1=C(NC2=CC=C(I)C=C2F)C(=C(F)C=C1)F,SUDAHWBOROXANE-SECBINFHSA-N,Targeted,Phase 2,HCT116,
spher-colo52-v1-ULA-PB000137-HCT116-48h-P1-L1,B18,4185,5532,PB000137,PB000137_B18,colo-013,MK-2206 2HCl,dmso,0.3,µM,1.0,mM,30.0,nl,40.0,µl,trt,S1078,Akt,PI3K/Akt/mTOR,46930998.0,Cl.Cl.NC1(CCC1)C2=CC=C(C=C2)C3=C(C=C4C(=N3)C=CN5C(=O)NN=C45)C6=CC=CC=C6,HWUHTJIKQZZBRA-UHFFFAOYSA-N,Targeted,Preclinical,HCT116,
spher-colo52-v1-ULA-PB000137-HCT116-48h-P1-L1,B19,4185,5532,PB000137,PB000137_B19,colo-029,Trifluridine,dmso,10.0,µM,10.0,mM,100.0,nl,40.0,µl,trt,S1778,DNA/RNA Synthesis,DNA Damage,6256.0,OCC1OC(CC1O)N2C=C(C(=O)NC2=O)C(F)(F)F,VSQQQLOSPVPRAZ-RRKCRQDMSA-N,Cytotoxic,Launched,HCT116,Antimetabolite
spher-colo52-v1-ULA-PB000137-HCT116-48h-P1-L1,B20,4185,5532,PB000137,PB000137_B20,colo-012,SB216763,dmso,0.3,µM,1.0,mM,30.0,nl,40.0,µl,trt,S1075,GSK-3,PI3K/Akt/mTOR,176158.0,C[N]1C=C(C2=C1C=CC=C2)C3=C(C(=O)NC3=O)C4=CC=C(Cl)C=C4Cl,JCSGFHVFHSKIJH-UHFFFAOYSA-N,Targeted,Preclinical,HCT116,
spher-colo52-v1-ULA-PB000137-HCT116-48h-P1-L1,B21,4185,5532,PB000137,PB000137_B21,colo-035,Trametinib (GSK1120212),dmso,0.1,µM,0.1,mM,100.0,nl,40.0,µl,trt,S2673,MEK,MAPK,11707110.0,CN1C(=O)C(=C2N(C(=O)N(C3CC3)C(=O)C2=C1NC4=CC=C(I)C=C4F)C5=CC(=CC=C5)NC(C)=O)C,LIRYPHYGHXZJBZ-UHFFFAOYSA-N,Targeted,Launched,HCT116,
spher-colo52-v1-ULA-PB000137-HCT116-48h-P1-L1,B22,4185,5532,PB000137,PB000137_B22,dmso,dmso,dmso,0.1,µM,100.0,%,100.0,nl,40.0,µl,neg_con,D2438,control,,679.0,CS(=O)C,IAZDPXIOMUYVGZ-UHFFFAOYSA-N,,,HCT116,
spher-colo52-v1-ULA-PB000137-HCT116-48h-P1-L1,B23,4185,5532,PB000137,PB000137_B23,colo-023,Ruxolitinib (INCB018424),dmso,1.0,µM,1.0,mM,100.0,nl,40.0,µl,trt,S1378,JAK,JAK/STAT,25126798.0,N#CCC(C1CCCC1)[N]2C=C(C=N2)C3=NC=NC4=C3C=C[NH]4,HFNKQEVNSGCOJV-OAHLLOKOSA-N,Targeted,Launched,HCT116,
spher-colo52-v1-ULA-PB000137-HCT116-48h-P1-L1,C02,4185,5532,PB000137,PB000137_C02,colo-026,AZD8055,dmso,10.0,µM,10.0,mM,100.0,nl,40.0,µl,trt,S1555,mTOR,PI3K/Akt/mTOR,25262965.0,COC1=C(CO)C=C(C=C1)C2=NC3=C(C=C2)C(=NC(=N3)N4CCOCC4C)N5CCOCC5C,KVLFRAWTRWDEDF-IRXDYDNUSA-N,Targeted,Phase 1,HCT116,
spher-colo52-v1-ULA-PB000137-HCT116-48h-P1-L1,C03,4185,5532,PB000137,PB000137_C03,colo-004,Bortezomib (PS-341),dmso,0.03,µM,0.1,mM,30.0,nl,40.0,µl,trt,S1013,Proteasome,Proteases,387447.0,CC(C)CC(NC(=O)C(CC1=CC=CC=C1)NC(=O)C2=NC=CN=C2)B(O)O,GXJABQQUPOEUTA-RDJZCZTQSA-N,Targeted,Launched,HCT116,
spher-colo52-v1-ULA-PB000137-HCT116-48h-P1-L1,C04,4185,5532,PB000137,PB000137_C04,colo-035,Trametinib (GSK1120212),dmso,0.3,µM,1.0,mM,30.0,nl,40.0,µl,trt,S2673,MEK,MAPK,11707110.0,CN1C(=O)C(=C2N(C(=O)N(C3CC3)C(=O)C2=C1NC4=CC=C(I)C=C4F)C5=CC(=CC=C5)NC(C)=O)C,LIRYPHYGHXZJBZ-UHFFFAOYSA-N,Targeted,Launched,HCT116,
spher-colo52-v1-ULA-PB000137-HCT116-48h-P1-L1,C05,4185,5532,PB000137,PB000137_C05,dmso,dmso,dmso,0.1,µM,100.0,%,100.0,nl,40.0,µl,neg_con,D2438,control,,679.0,CS(=O)C,IAZDPXIOMUYVGZ-UHFFFAOYSA-N,,,HCT116,
spher-colo52-v1-ULA-PB000137-HCT116-48h-P1-L1,C06,4185,5532,PB000137,PB000137_C06,colo-017,Tanespimycin (17-AAG),dmso,0.1,µM,0.1,mM,100.0,nl,40.0,µl,trt,S1141,HSP (e.g. HSP90),Cytoskeletal Signaling,6505803.0,COC1CC(C)CC2=C(NCC=C)C(=O)C=C(NC(=O)C(=C\C=C/C(OC)C(OC(N)=O)/C(=C/C(C)C1O)C)\C)C2=O,AYUNIORJHRXIBJ-TXHRRWQRSA-N,Targeted,Phase 3,HCT116,
spher-colo52-v1-ULA-PB000137-HCT116-48h-P1-L1,C07,4185,5532,PB000137,PB000137_C07,colo-014,Linsitinib (OSI-906),dmso,3.0,µM,10.0,mM,30.0,nl,40.0,µl,trt,S1091,IGF-1R,Protein Tyrosine Kinase,11640390.0,CC1(O)CC(C1)C2=NC(=C3[N]2C=CN=C3N)C4=CC=C5C=CC(=NC5=C4)C6=CC=CC=C6,PKCDDUHJAFVJJB-UHFFFAOYSA-N,Targeted,Preclinical,HCT116,
spher-colo52-v1-ULA-PB000137-HCT116-48h-P1-L1,C08,4185,5532,PB000137,PB000137_C08,colo-019,Regorafenib (BAY 73-4506),dmso,10.0,µM,10.0,mM,100.0,nl,40.0,µl,trt,S1178,"c-RET,VEGFR",Protein Tyrosine Kinase,11167602.0,CNC(=O)C1=CC(=CC=N1)OC2=CC(=C(NC(=O)NC3=CC=C(Cl)C(=C3)C(F)(F)F)C=C2)F,FNHKPVJBJVTLMP-UHFFFAOYSA-N,Targeted,Launched,HCT116,
spher-colo52-v1-ULA-PB000137-HCT116-48h-P1-L1,C09,4185,5532,PB000137,PB000137_C09,colo-024,Adavosertib （MK-1775）,dmso,1.0,µM,1.0,mM,100.0,nl,40.0,µl,trt,S1525,Wee1,Cell Cycle,24856436.0,CN1CCN(CC1)C2=CC=C(NC3=NC4=C(C=N3)C(=O)N(CC=C)N4C5=NC(=CC=C5)C(C)(C)O)C=C2,BKWJAKQVGHWELA-UHFFFAOYSA-N,Targeted,Phase 2,HCT116,
spher-colo52-v1-ULA-PB000137-HCT116-48h-P1-L1,C10,4185,5532,PB000137,PB000137_C10,colo-025,AZD7762,dmso,3.0,µM,10.0,mM,30.0,nl,40.0,µl,trt,S1532,Chk,Cell Cycle,11152667.0,NC(=O)NC1=C(SC(=C1)C2=CC(=CC=C2)F)C(=O)NC3CCCNC3,IAYGCINLNONXHY-LBPRGKRZSA-N,Targeted,Phase 1,HCT116,
spher-colo52-v1-ULA-PB000137-HCT116-48h-P1-L1,C11,4185,5532,PB000137,PB000137_C11,colo-019,Regorafenib (BAY 73-4506),dmso,1.0,µM,1.0,mM,100.0,nl,40.0,µl,trt,S1178,"c-RET,VEGFR",Protein Tyrosine Kinase,11167602.0,CNC(=O)C1=CC(=CC=N1)OC2=CC(=C(NC(=O)NC3=CC=C(Cl)C(=C3)C(F)(F)F)C=C2)F,FNHKPVJBJVTLMP-UHFFFAOYSA-N,Targeted,Launched,HCT116,
spher-colo52-v1-ULA-PB000137-HCT116-48h-P1-L1,C12,4185,5532,PB000137,PB000137_C12,colo-018,Paclitaxel,dmso,0.003,µM,0.01,mM,30.0,nl,40.0,µl,trt,S1150,"Autophagy,Microtubule Associated",Cytoskeletal Signaling,441276.0,CC(=O)OC1C(=O)C2(C)C(O)CC3OCC3(OC(C)=O)C2C(OC(=O)C4=CC=CC=C4)C5(O)CC(OC(=O)C(O)C(NC(=O)C6=CC=CC=C6)C7=CC=CC=C7)C(=C1C5(C)C)C,RCINICONZNJXQF-VAZQATRQSA-N,Cytotoxic,Preclinical,HCT116,
spher-colo52-v1-ULA-PB000137-HCT116-48h-P1-L1,C13,4185,5532,PB000137,PB000137_C13,colo-025,AZD7762,dmso,0.3,µM,1.0,mM,30.0,nl,40.0,µl,trt,S1532,Chk,Cell Cycle,11152667.0,NC(=O)NC1=C(SC(=C1)C2=CC(=CC=C2)F)C(=O)NC3CCCNC3,IAYGCINLNONXHY-LBPRGKRZSA-N,Targeted,Phase 1,HCT116,
spher-colo52-v1-ULA-PB000137-HCT116-48h-P1-L1,C14,4185,5532,PB000137,PB000137_C14,colo-003,Afatinib (BIBW2992),dmso,0.3,µM,1.0,mM,30.0,nl,40.0,µl,trt,S1011,"EGFR,HER2",Protein Tyrosine Kinase,10184653.0,CN(C)C/C=C/C(=O)NC1=CC2=C(NC3=CC=C(F)C(=C3)Cl)N=CN=C2C=C1OC4CCOC4,ULXXDDBFHOBEHA-CWDCEQMOSA-N,Targeted,Launched,HCT116,
spher-colo52-v1-ULA-PB000137-HCT116-48h-P1-L1,C15,4185,5532,PB000137,PB000137_C15,colo-009,"Olaparib (AZD2281, Ku-0059436)",dmso,1.0,µM,1.0,mM,100.0,nl,40.0,µl,trt,S1060,PARP,DNA Damage,23725625.0,FC1=C(C=C(CC2=NNC(=O)C3=C2C=CC=C3)C=C1)C(=O)N4CCN(CC4)C(=O)C5CC5,FDLYAMZZIXQODN-UHFFFAOYSA-N,Targeted,Launched,HCT116,PARPi
spher-colo52-v1-ULA-PB000137-HCT116-48h-P1-L1,C16,4185,5532,PB000137,PB000137_C16,colo-002,Veliparib (ABT-888),dmso,1.0,µM,1.0,mM,100.0,nl,40.0,µl,trt,S1004,PARP,DNA Damage,11960529.0,CC1(CCCN1)C2=NC3=C(C=CC=C3[NH]2)C(N)=O,JNAHVYVRKWKWKQ-CYBMUJFWSA-N,Targeted,Phase 3,HCT116,PARPi
spher-colo52-v1-ULA-PB000137-HCT116-48h-P1-L1,C17,4185,5532,PB000137,PB000137_C17,colo-030,SB505124,dmso,10.0,µM,10.0,mM,100.0,nl,40.0,µl,trt,S2186,TGF-beta/Smad,TGF-beta/Smad,9858940.0,CC1=CC=CC(=N1)C2=C(N=C([NH]2)C(C)(C)C)C3=CC4=C(OCO4)C=C3,WGZOTBUYUFBEPZ-UHFFFAOYSA-N,Targeted,Preclinical,HCT116,
spher-colo52-v1-ULA-PB000137-HCT116-48h-P1-L1,C18,4185,5532,PB000137,PB000137_C18,colo-011,Crizotinib (PF-02341066),dmso,10.0,µM,10.0,mM,100.0,nl,40.0,µl,trt,S1068,"ALK,c-Met",Protein Tyrosine Kinase,11626560.0,CC(OC1=C(N)N=CC(=C1)C2=C[N](N=C2)C3CCNCC3)C4=C(Cl)C=CC(=C4Cl)F,KTEIFNKAUNYNJU-GFCCVEGCSA-N,Targeted,Launched,HCT116,
spher-colo52-v1-ULA-PB000137-HCT116-48h-P1-L1,C19,4185,5532,PB000137,PB000137_C19,fenb,fenb,dmso,2.5,µM,10.0,mM,25.0,nl,40.0,µl,pos_con,F0040000,tubulin beta chain,,3334.0,COC(=O)NC1=NC2=C(N1)C=C(C=C2)SC3=CC=CC=C3,HDDSHPAODJUKPD-UHFFFAOYSA-N,,,HCT116,
spher-colo52-v1-ULA-PB000137-HCT116-48h-P1-L1,C20,4185,5532,PB000137,PB000137_C20,colo-006,PD0325901,dmso,0.3,µM,1.0,mM,30.0,nl,40.0,µl,trt,S1036,MEK,MAPK,9826528.0,OCC(O)CONC(=O)C1=C(NC2=CC=C(I)C=C2F)C(=C(F)C=C1)F,SUDAHWBOROXANE-SECBINFHSA-N,Targeted,Phase 2,HCT116,
spher-colo52-v1-ULA-PB000137-HCT116-48h-P1-L1,C21,4185,5532,PB000137,PB000137_C21,colo-010,Nutlin-3,dmso,1.0,µM,1.0,mM,100.0,nl,40.0,µl,trt,S1061,"E3 Ligase ,Mdm2",Apoptosis,216345.0,COC1=CC(=C(C=C1)C2=NC(C(N2C(=O)N3CCNC(=O)C3)C4=CC=C(Cl)C=C4)C5=CC=C(Cl)C=C5)OC(C)C,BDUHCSBCVGXTJM-UHFFFAOYSA-N,Targeted,Preclinical,HCT116,
spher-colo52-v1-ULA-PB000137-HCT116-48h-P1-L1,C22,4185,5532,PB000137,PB000137_C22,colo-022,"Vemurafenib (PLX4032, RG7204)",dmso,3.0,µM,10.0,mM,30.0,nl,40.0,µl,trt,S1267,Raf,MAPK,42611257.0,CCC[S](=O)(=O)NC1=CC=C(F)C(=C1F)C(=O)C2=C[NH]C3=NC=C(C=C23)C4=CC=C(Cl)C=C4,GPXBXXGIAQBQNI-UHFFFAOYSA-N,Targeted,Launched,HCT116,
spher-colo52-v1-ULA-PB000137-HCT116-48h-P1-L1,C23,4185,5532,PB000137,PB000137_C23,colo-033,Miglitol,dmso,10.0,µM,10.0,mM,100.0,nl,40.0,µl,trt,S2589,Others,Others,441314.0,OCCN1CC(O)C(O)C(O)C1CO,IBAQFPQHRJAVAV-ULAWRXDQSA-N,,Launched,HCT116,
spher-colo52-v1-ULA-PB000137-HCT116-48h-P1-L1,D02,4185,5532,PB000137,PB000137_D02,colo-030,SB505124,dmso,10.0,µM,10.0,mM,100.0,nl,40.0,µl,trt,S2186,TGF-beta/Smad,TGF-beta/Smad,9858940.0,CC1=CC=CC(=N1)C2=C(N=C([NH]2)C(C)(C)C)C3=CC4=C(OCO4)C=C3,WGZOTBUYUFBEPZ-UHFFFAOYSA-N,Targeted,Preclinical,HCT116,
spher-colo52-v1-ULA-PB000137-HCT116-48h-P1-L1,D03,4185,5532,PB000137,PB000137_D03,colo-032,Phenformin HCl,dmso,0.3,µM,1.0,mM,30.0,nl,40.0,µl,trt,S2542,AMPK,PI3K/Akt/mTOR,13266.0,Cl.NC(=N)NC(=N)NCCC1=CC=CC=C1,YSUCWSWKRIOILX-UHFFFAOYSA-N,,Launched,HCT116,
spher-colo52-v1-ULA-PB000137-HCT116-48h-P1-L1,D04,4185,5532,PB000137,PB000137_D04,colo-024,Adavosertib （MK-1775）,dmso,10.0,µM,10.0,mM,100.0,nl,40.0,µl,trt,S1525,Wee1,Cell Cycle,24856436.0,CN1CCN(CC1)C2=CC=C(NC3=NC4=C(C=N3)C(=O)N(CC=C)N4C5=NC(=CC=C5)C(C)(C)O)C=C2,BKWJAKQVGHWELA-UHFFFAOYSA-N,Targeted,Phase 2,HCT116,
spher-colo52-v1-ULA-PB000137-HCT116-48h-P1-L1,D05,4185,5532,PB000137,PB000137_D05,colo-033,Miglitol,dmso,0.3,µM,1.0,mM,30.0,nl,40.0,µl,trt,S2589,Others,Others,441314.0,OCCN1CC(O)C(O)C(O)C1CO,IBAQFPQHRJAVAV-ULAWRXDQSA-N,,Launched,HCT116,
spher-colo52-v1-ULA-PB000137-HCT116-48h-P1-L1,D06,4185,5532,PB000137,PB000137_D06,colo-019,Regorafenib (BAY 73-4506),dmso,3.0,µM,10.0,mM,30.0,nl,40.0,µl,trt,S1178,"c-RET,VEGFR",Protein Tyrosine Kinase,11167602.0,CNC(=O)C1=CC(=CC=N1)OC2=CC(=C(NC(=O)NC3=CC=C(Cl)C(=C3)C(F)(F)F)C=C2)F,FNHKPVJBJVTLMP-UHFFFAOYSA-N,Targeted,Launched,HCT116,
spher-colo52-v1-ULA-PB000137-HCT116-48h-P1-L1,D07,4185,5532,PB000137,PB000137_D07,colo-011,Crizotinib (PF-02341066),dmso,1.0,µM,1.0,mM,100.0,nl,40.0,µl,trt,S1068,"ALK,c-Met",Protein Tyrosine Kinase,11626560.0,CC(OC1=C(N)N=CC(=C1)C2=C[N](N=C2)C3CCNCC3)C4=C(Cl)C=CC(=C4Cl)F,KTEIFNKAUNYNJU-GFCCVEGCSA-N,Targeted,Launched,HCT116,
spher-colo52-v1-ULA-PB000137-HCT116-48h-P1-L1,D08,4185,5532,PB000137,PB000137_D08,colo-034,Rabusertib (LY2603618),dmso,0.3,µM,1.0,mM,30.0,nl,40.0,µl,trt,S2626,Chk,Cell Cycle,11955855.0,CC1=NC=C(NC(=O)NC2=C(OCC3CNCCO3)C=C(C)C(=C2)Br)N=C1,SYYBDNPGDKKJDU-ZDUSSCGKSA-N,Targeted,Phase 2,HCT116,
spher-colo52-v1-ULA-PB000137-HCT116-48h-P1-L1,D09,4185,5532,PB000137,PB000137_D09,colo-032,Phenformin HCl,dmso,3.0,µM,10.0,mM,30.0,nl,40.0,µl,trt,S2542,AMPK,PI3K/Akt/mTOR,13266.0,Cl.NC(=N)NC(=N)NCCC1=CC=CC=C1,YSUCWSWKRIOILX-UHFFFAOYSA-N,,Launched,HCT116,
spher-colo52-v1-ULA-PB000137-HCT116-48h-P1-L1,D10,4185,5532,PB000137,PB000137_D10,colo-020,"Fluorouracil (5-Fluoracil, 5-FU)",dmso,1.0,µM,1.0,mM,100.0,nl,40.0,µl,trt,S1209,DNA/RNA Synthesis,DNA Damage,3385.0,FC1=CNC(=O)NC1=O,GHASVSINZRGABV-UHFFFAOYSA-N,Cytotoxic,Launched,HCT116,Antimetabolite
spher-colo52-v1-ULA-PB000137-HCT116-48h-P1-L1,D11,4185,5532,PB000137,PB000137_D11,colo-033,Miglitol,dmso,3.0,µM,10.0,mM,30.0,nl,40.0,µl,trt,S2589,Others,Others,441314.0,OCCN1CC(O)C(O)C(O)C1CO,IBAQFPQHRJAVAV-ULAWRXDQSA-N,,Launched,HCT116,
spher-colo52-v1-ULA-PB000137-HCT116-48h-P1-L1,D12,4185,5532,PB000137,PB000137_D12,dmso,dmso,dmso,0.1,µM,100.0,%,100.0,nl,40.0,µl,neg_con,D2438,control,,679.0,CS(=O)C,IAZDPXIOMUYVGZ-UHFFFAOYSA-N,,,HCT116,
spher-colo52-v1-ULA-PB000137-HCT116-48h-P1-L1,D13,4185,5532,PB000137,PB000137_D13,colo-023,Ruxolitinib (INCB018424),dmso,3.0,µM,10.0,mM,30.0,nl,40.0,µl,trt,S1378,JAK,JAK/STAT,25126798.0,N#CCC(C1CCCC1)[N]2C=C(C=N2)C3=NC=NC4=C3C=C[NH]4,HFNKQEVNSGCOJV-OAHLLOKOSA-N,Targeted,Launched,HCT116,
spher-colo52-v1-ULA-PB000137-HCT116-48h-P1-L1,D14,4185,5532,PB000137,PB000137_D14,colo-032,Phenformin HCl,dmso,10.0,µM,10.0,mM,100.0,nl,40.0,µl,trt,S2542,AMPK,PI3K/Akt/mTOR,13266.0,Cl.NC(=N)NC(=N)NCCC1=CC=CC=C1,YSUCWSWKRIOILX-UHFFFAOYSA-N,,Launched,HCT116,
spher-colo52-v1-ULA-PB000137-HCT116-48h-P1-L1,D15,4185,5532,PB000137,PB000137_D15,colo-007,PI-103,dmso,0.3,µM,1.0,mM,30.0,nl,40.0,µl,trt,S1038,"Autophagy,DNA-PK,mTOR,PI3K",PI3K/Akt/mTOR,9884685.0,OC1=CC(=CC=C1)C2=NC3=C(OC4=C3C=CC=N4)C(=N2)N5CCOCC5,TUVCWJQQGGETHL-UHFFFAOYSA-N,Targeted,Preclinical,HCT116,
spher-colo52-v1-ULA-PB000137-HCT116-48h-P1-L1,D16,4185,5532,PB000137,PB000137_D16,colo-032,Phenformin HCl,dmso,3.0,µM,10.0,mM,30.0,nl,40.0,µl,trt,S2542,AMPK,PI3K/Akt/mTOR,13266.0,Cl.NC(=N)NC(=N)NCCC1=CC=CC=C1,YSUCWSWKRIOILX-UHFFFAOYSA-N,,Launched,HCT116,
spher-colo52-v1-ULA-PB000137-HCT116-48h-P1-L1,D17,4185,5532,PB000137,PB000137_D17,colo-031,Sapitinib (AZD8931),dmso,3.0,µM,10.0,mM,30.0,nl,40.0,µl,trt,S2192,"EGFR,HER2",Protein Tyrosine Kinase,11488320.0,CNC(=O)CN1CCC(CC1)OC2=C(OC)C=C3N=CN=C(NC4=C(F)C(=CC=C4)Cl)C3=C2,DFJSJLGUIXFDJP-UHFFFAOYSA-N,Targeted,Phase 2,HCT116,
spher-colo52-v1-ULA-PB000137-HCT116-48h-P1-L1,D18,4185,5532,PB000137,PB000137_D18,colo-017,Tanespimycin (17-AAG),dmso,0.1,µM,0.1,mM,100.0,nl,40.0,µl,trt,S1141,HSP (e.g. HSP90),Cytoskeletal Signaling,6505803.0,COC1CC(C)CC2=C(NCC=C)C(=O)C=C(NC(=O)C(=C\C=C/C(OC)C(OC(N)=O)/C(=C/C(C)C1O)C)\C)C2=O,AYUNIORJHRXIBJ-TXHRRWQRSA-N,Targeted,Phase 3,HCT116,
spher-colo52-v1-ULA-PB000137-HCT116-48h-P1-L1,D19,4185,5532,PB000137,PB000137_D19,colo-002,Veliparib (ABT-888),dmso,10.0,µM,10.0,mM,100.0,nl,40.0,µl,trt,S1004,PARP,DNA Damage,11960529.0,CC1(CCCN1)C2=NC3=C(C=CC=C3[NH]2)C(N)=O,JNAHVYVRKWKWKQ-CYBMUJFWSA-N,Targeted,Phase 3,HCT116,PARPi
spher-colo52-v1-ULA-PB000137-HCT116-48h-P1-L1,D20,4185,5532,PB000137,PB000137_D20,colo-031,Sapitinib (AZD8931),dmso,0.3,µM,1.0,mM,30.0,nl,40.0,µl,trt,S2192,"EGFR,HER2",Protein Tyrosine Kinase,11488320.0,CNC(=O)CN1CCC(CC1)OC2=C(OC)C=C3N=CN=C(NC4=C(F)C(=CC=C4)Cl)C3=C2,DFJSJLGUIXFDJP-UHFFFAOYSA-N,Targeted,Phase 2,HCT116,
spher-colo52-v1-ULA-PB000137-HCT116-48h-P1-L1,D21,4185,5532,PB000137,PB000137_D21,colo-015,Triciribine,dmso,10.0,µM,10.0,mM,100.0,nl,40.0,µl,trt,S1117,Akt,PI3K/Akt/mTOR,65399.0,CN1N=C(N)C2=C[N](C3OC(CO)C(O)C3O)C4=C2C1=NC=N4,HOGVTUZUJGHKPL-HTVVRFAVSA-N,Targeted,Phase 1/Phase 2,HCT116,
spher-colo52-v1-ULA-PB000137-HCT116-48h-P1-L1,D22,4185,5532,PB000137,PB000137_D22,colo-034,Rabusertib (LY2603618),dmso,1.0,µM,1.0,mM,100.0,nl,40.0,µl,trt,S2626,Chk,Cell Cycle,11955855.0,CC1=NC=C(NC(=O)NC2=C(OCC3CNCCO3)C=C(C)C(=C2)Br)N=C1,SYYBDNPGDKKJDU-ZDUSSCGKSA-N,Targeted,Phase 2,HCT116,
spher-colo52-v1-ULA-PB000137-HCT116-48h-P1-L1,D23,4185,5532,PB000137,PB000137_D23,etop,etop,dmso,2.5,µM,10.0,mM,25.0,nl,40.0,µl,pos_con,E2600000,DNA topoisomerase 2-alpha & DNA topoisomerase 2-beta,,36462.0,CC1OCC2C(O1)C(C(C(O2)OC3C4COC(=O)C4C(C5=CC6=C(C=C35)OCO6)C7=CC(=C(C(=C7)OC)O)OC)O)O,VJJPUSNTGOMMGY-MRVIYFEKSA-N,,,HCT116,
spher-colo52-v1-ULA-PB000137-HCT116-48h-P1-L1,E02,4185,5532,PB000137,PB000137_E02,colo-010,Nutlin-3,dmso,3.0,µM,10.0,mM,30.0,nl,40.0,µl,trt,S1061,"E3 Ligase ,Mdm2",Apoptosis,216345.0,COC1=CC(=C(C=C1)C2=NC(C(N2C(=O)N3CCNC(=O)C3)C4=CC=C(Cl)C=C4)C5=CC=C(Cl)C=C5)OC(C)C,BDUHCSBCVGXTJM-UHFFFAOYSA-N,Targeted,Preclinical,HCT116,
spher-colo52-v1-ULA-PB000137-HCT116-48h-P1-L1,E03,4185,5532,PB000137,PB000137_E03,colo-006,PD0325901,dmso,3.0,µM,10.0,mM,30.0,nl,40.0,µl,trt,S1036,MEK,MAPK,9826528.0,OCC(O)CONC(=O)C1=C(NC2=CC=C(I)C=C2F)C(=C(F)C=C1)F,SUDAHWBOROXANE-SECBINFHSA-N,Targeted,Phase 2,HCT116,
spher-colo52-v1-ULA-PB000137-HCT116-48h-P1-L1,E04,4185,5532,PB000137,PB000137_E04,colo-034,Rabusertib (LY2603618),dmso,10.0,µM,10.0,mM,100.0,nl,40.0,µl,trt,S2626,Chk,Cell Cycle,11955855.0,CC1=NC=C(NC(=O)NC2=C(OCC3CNCCO3)C=C(C)C(=C2)Br)N=C1,SYYBDNPGDKKJDU-ZDUSSCGKSA-N,Targeted,Phase 2,HCT116,
spher-colo52-v1-ULA-PB000137-HCT116-48h-P1-L1,E05,4185,5532,PB000137,PB000137_E05,colo-007,PI-103,dmso,1.0,µM,1.0,mM,100.0,nl,40.0,µl,trt,S1038,"Autophagy,DNA-PK,mTOR,PI3K",PI3K/Akt/mTOR,9884685.0,OC1=CC(=CC=C1)C2=NC3=C(OC4=C3C=CC=N4)C(=N2)N5CCOCC5,TUVCWJQQGGETHL-UHFFFAOYSA-N,Targeted,Preclinical,HCT116,
spher-colo52-v1-ULA-PB000137-HCT116-48h-P1-L1,E06,4185,5532,PB000137,PB000137_E06,colo-009,"Olaparib (AZD2281, Ku-0059436)",dmso,0.3,µM,1.0,mM,30.0,nl,40.0,µl,trt,S1060,PARP,DNA Damage,23725625.0,FC1=C(C=C(CC2=NNC(=O)C3=C2C=CC=C3)C=C1)C(=O)N4CCN(CC4)C(=O)C5CC5,FDLYAMZZIXQODN-UHFFFAOYSA-N,Targeted,Launched,HCT116,PARPi
spher-colo52-v1-ULA-PB000137-HCT116-48h-P1-L1,E07,4185,5532,PB000137,PB000137_E07,colo-020,"Fluorouracil (5-Fluoracil, 5-FU)",dmso,1.0,µM,1.0,mM,100.0,nl,40.0,µl,trt,S1209,DNA/RNA Synthesis,DNA Damage,3385.0,FC1=CNC(=O)NC1=O,GHASVSINZRGABV-UHFFFAOYSA-N,Cytotoxic,Launched,HCT116,Antimetabolite
spher-colo52-v1-ULA-PB000137-HCT116-48h-P1-L1,E08,4185,5532,PB000137,PB000137_E08,colo-029,Trifluridine,dmso,0.3,µM,1.0,mM,30.0,nl,40.0,µl,trt,S1778,DNA/RNA Synthesis,DNA Damage,6256.0,OCC1OC(CC1O)N2C=C(C(=O)NC2=O)C(F)(F)F,VSQQQLOSPVPRAZ-RRKCRQDMSA-N,Cytotoxic,Launched,HCT116,Antimetabolite
spher-colo52-v1-ULA-PB000137-HCT116-48h-P1-L1,E09,4185,5532,PB000137,PB000137_E09,stau,stau,dmso,0.1,µM,0.1,mM,100.0,nl,40.0,µl,pos_con,HY-15141,pan protein inhibitor,,44259.0,CC12C(C(CC(O1)N3C4=CC=CC=C4C5=C6C(=C7C8=CC=CC=C8N2C7=C53)CNC6=O)NC)OC,HKSZLNNOFSGOKW-FYTWVXJKSA-N,,,HCT116,
spher-colo52-v1-ULA-PB000137-HCT116-48h-P1-L1,E10,4185,5532,PB000137,PB000137_E10,colo-002,Veliparib (ABT-888),dmso,1.0,µM,1.0,mM,100.0,nl,40.0,µl,trt,S1004,PARP,DNA Damage,11960529.0,CC1(CCCN1)C2=NC3=C(C=CC=C3[NH]2)C(N)=O,JNAHVYVRKWKWKQ-CYBMUJFWSA-N,Targeted,Phase 3,HCT116,PARPi
spher-colo52-v1-ULA-PB000137-HCT116-48h-P1-L1,E11,4185,5532,PB000137,PB000137_E11,colo-004,Bortezomib (PS-341),dmso,0.03,µM,0.1,mM,30.0,nl,40.0,µl,trt,S1013,Proteasome,Proteases,387447.0,CC(C)CC(NC(=O)C(CC1=CC=CC=C1)NC(=O)C2=NC=CN=C2)B(O)O,GXJABQQUPOEUTA-RDJZCZTQSA-N,Targeted,Launched,HCT116,
spher-colo52-v1-ULA-PB000137-HCT116-48h-P1-L1,E12,4185,5532,PB000137,PB000137_E12,colo-016,BMS-754807,dmso,3.0,µM,10.0,mM,30.0,nl,40.0,µl,trt,S1124,"c-Met,IGF-1R,Trk receptor",Protein Tyrosine Kinase,24785538.0,CC1(CCCN1C2=N[N]3C=CC=C3C(=N2)NC4=N[NH]C(=C4)C5CC5)C(=O)NC6=CC=C(F)N=C6,LQVXSNNAFNGRAH-QHCPKHFHSA-N,Targeted,Phase 2,HCT116,
spher-colo52-v1-ULA-PB000137-HCT116-48h-P1-L1,E13,4185,5532,PB000137,PB000137_E13,colo-030,SB505124,dmso,1.0,µM,1.0,mM,100.0,nl,40.0,µl,trt,S2186,TGF-beta/Smad,TGF-beta/Smad,9858940.0,CC1=CC=CC(=N1)C2=C(N=C([NH]2)C(C)(C)C)C3=CC4=C(OCO4)C=C3,WGZOTBUYUFBEPZ-UHFFFAOYSA-N,Targeted,Preclinical,HCT116,
spher-colo52-v1-ULA-PB000137-HCT116-48h-P1-L1,E14,4185,5532,PB000137,PB000137_E14,colo-011,Crizotinib (PF-02341066),dmso,0.3,µM,1.0,mM,30.0,nl,40.0,µl,trt,S1068,"ALK,c-Met",Protein Tyrosine Kinase,11626560.0,CC(OC1=C(N)N=CC(=C1)C2=C[N](N=C2)C3CCNCC3)C4=C(Cl)C=CC(=C4Cl)F,KTEIFNKAUNYNJU-GFCCVEGCSA-N,Targeted,Launched,HCT116,
spher-colo52-v1-ULA-PB000137-HCT116-48h-P1-L1,E15,4185,5532,PB000137,PB000137_E15,colo-033,Miglitol,dmso,3.0,µM,10.0,mM,30.0,nl,40.0,µl,trt,S2589,Others,Others,441314.0,OCCN1CC(O)C(O)C(O)C1CO,IBAQFPQHRJAVAV-ULAWRXDQSA-N,,Launched,HCT116,
spher-colo52-v1-ULA-PB000137-HCT116-48h-P1-L1,E16,4185,5532,PB000137,PB000137_E16,dmso,dmso,dmso,0.1,µM,100.0,%,100.0,nl,40.0,µl,neg_con,D2438,control,,679.0,CS(=O)C,IAZDPXIOMUYVGZ-UHFFFAOYSA-N,,,HCT116,
spher-colo52-v1-ULA-PB000137-HCT116-48h-P1-L1,E17,4185,5532,PB000137,PB000137_E17,colo-020,"Fluorouracil (5-Fluoracil, 5-FU)",dmso,0.3,µM,1.0,mM,30.0,nl,40.0,µl,trt,S1209,DNA/RNA Synthesis,DNA Damage,3385.0,FC1=CNC(=O)NC1=O,GHASVSINZRGABV-UHFFFAOYSA-N,Cytotoxic,Launched,HCT116,Antimetabolite
spher-colo52-v1-ULA-PB000137-HCT116-48h-P1-L1,E18,4185,5532,PB000137,PB000137_E18,colo-010,Nutlin-3,dmso,3.0,µM,10.0,mM,30.0,nl,40.0,µl,trt,S1061,"E3 Ligase ,Mdm2",Apoptosis,216345.0,COC1=CC(=C(C=C1)C2=NC(C(N2C(=O)N3CCNC(=O)C3)C4=CC=C(Cl)C=C4)C5=CC=C(Cl)C=C5)OC(C)C,BDUHCSBCVGXTJM-UHFFFAOYSA-N,Targeted,Preclinical,HCT116,
spher-colo52-v1-ULA-PB000137-HCT116-48h-P1-L1,E19,4185,5532,PB000137,PB000137_E19,colo-014,Linsitinib (OSI-906),dmso,1.0,µM,1.0,mM,100.0,nl,40.0,µl,trt,S1091,IGF-1R,Protein Tyrosine Kinase,11640390.0,CC1(O)CC(C1)C2=NC(=C3[N]2C=CN=C3N)C4=CC=C5C=CC(=NC5=C4)C6=CC=CC=C6,PKCDDUHJAFVJJB-UHFFFAOYSA-N,Targeted,Preclinical,HCT116,
spher-colo52-v1-ULA-PB000137-HCT116-48h-P1-L1,E20,4185,5532,PB000137,PB000137_E20,colo-007,PI-103,dmso,10.0,µM,10.0,mM,100.0,nl,40.0,µl,trt,S1038,"Autophagy,DNA-PK,mTOR,PI3K",PI3K/Akt/mTOR,9884685.0,OC1=CC(=CC=C1)C2=NC3=C(OC4=C3C=CC=N4)C(=N2)N5CCOCC5,TUVCWJQQGGETHL-UHFFFAOYSA-N,Targeted,Preclinical,HCT116,
spher-colo52-v1-ULA-PB000137-HCT116-48h-P1-L1,E21,4185,5532,PB000137,PB000137_E21,colo-017,Tanespimycin (17-AAG),dmso,0.03,µM,0.1,mM,30.0,nl,40.0,µl,trt,S1141,HSP (e.g. HSP90),Cytoskeletal Signaling,6505803.0,COC1CC(C)CC2=C(NCC=C)C(=O)C=C(NC(=O)C(=C\C=C/C(OC)C(OC(N)=O)/C(=C/C(C)C1O)C)\C)C2=O,AYUNIORJHRXIBJ-TXHRRWQRSA-N,Targeted,Phase 3,HCT116,
spher-colo52-v1-ULA-PB000137-HCT116-48h-P1-L1,E22,4185,5532,PB000137,PB000137_E22,colo-013,MK-2206 2HCl,dmso,3.0,µM,10.0,mM,30.0,nl,40.0,µl,trt,S1078,Akt,PI3K/Akt/mTOR,46930998.0,Cl.Cl.NC1(CCC1)C2=CC=C(C=C2)C3=C(C=C4C(=N3)C=CN5C(=O)NN=C45)C6=CC=CC=C6,HWUHTJIKQZZBRA-UHFFFAOYSA-N,Targeted,Preclinical,HCT116,
spher-colo52-v1-ULA-PB000137-HCT116-48h-P1-L1,E23,4185,5532,PB000137,PB000137_E23,colo-026,AZD8055,dmso,3.0,µM,10.0,mM,30.0,nl,40.0,µl,trt,S1555,mTOR,PI3K/Akt/mTOR,25262965.0,COC1=C(CO)C=C(C=C1)C2=NC3=C(C=C2)C(=NC(=N3)N4CCOCC4C)N5CCOCC5C,KVLFRAWTRWDEDF-IRXDYDNUSA-N,Targeted,Phase 1,HCT116,
spher-colo52-v1-ULA-PB000137-HCT116-48h-P1-L1,F02,4185,5532,PB000137,PB000137_F02,colo-021,Temozolomide,dmso,1.0,µM,1.0,mM,100.0,nl,40.0,µl,trt,S1237,"DNA/RNA Synthesis,Autophagy",DNA Damage,5394.0,CN1N=NC2=C(N=C[N]2C1=O)C(N)=O,BPEGJWRSRHCHSN-UHFFFAOYSA-N,Cytotoxic,Launched,HCT116,Alkylator
spher-colo52-v1-ULA-PB000137-HCT116-48h-P1-L1,F03,4185,5532,PB000137,PB000137_F03,colo-003,Afatinib (BIBW2992),dmso,10.0,µM,10.0,mM,100.0,nl,40.0,µl,trt,S1011,"EGFR,HER2",Protein Tyrosine Kinase,10184653.0,CN(C)C/C=C/C(=O)NC1=CC2=C(NC3=CC=C(F)C(=C3)Cl)N=CN=C2C=C1OC4CCOC4,ULXXDDBFHOBEHA-CWDCEQMOSA-N,Targeted,Launched,HCT116,
spher-colo52-v1-ULA-PB000137-HCT116-48h-P1-L1,F04,4185,5532,PB000137,PB000137_F04,colo-027,Doramapimod (BIRB 796),dmso,3.0,µM,10.0,mM,30.0,nl,40.0,µl,trt,S1574,p38 MAPK,MAPK,156422.0,CC1=CC=C(C=C1)[N]2N=C(C=C2NC(=O)NC3=CC=C(OCCN4CCOCC4)C5=C3C=CC=C5)C(C)(C)C,MVCOAUNKQVWQHZ-UHFFFAOYSA-N,Targeted,Phase 2,HCT116,
spher-colo52-v1-ULA-PB000137-HCT116-48h-P1-L1,F05,4185,5532,PB000137,PB000137_F05,colo-020,"Fluorouracil (5-Fluoracil, 5-FU)",dmso,10.0,µM,10.0,mM,100.0,nl,40.0,µl,trt,S1209,DNA/RNA Synthesis,DNA Damage,3385.0,FC1=CNC(=O)NC1=O,GHASVSINZRGABV-UHFFFAOYSA-N,Cytotoxic,Launched,HCT116,Antimetabolite
spher-colo52-v1-ULA-PB000137-HCT116-48h-P1-L1,F06,4185,5532,PB000137,PB000137_F06,dmso,dmso,dmso,0.1,µM,100.0,%,100.0,nl,40.0,µl,neg_con,D2438,control,,679.0,CS(=O)C,IAZDPXIOMUYVGZ-UHFFFAOYSA-N,,,HCT116,
spher-colo52-v1-ULA-PB000137-HCT116-48h-P1-L1,F07,4185,5532,PB000137,PB000137_F07,colo-026,AZD8055,dmso,10.0,µM,10.0,mM,100.0,nl,40.0,µl,trt,S1555,mTOR,PI3K/Akt/mTOR,25262965.0,COC1=C(CO)C=C(C=C1)C2=NC3=C(C=C2)C(=NC(=N3)N4CCOCC4C)N5CCOCC5C,KVLFRAWTRWDEDF-IRXDYDNUSA-N,Targeted,Phase 1,HCT116,
spher-colo52-v1-ULA-PB000137-HCT116-48h-P1-L1,F08,4185,5532,PB000137,PB000137_F08,colo-005,Gefitinib (ZD1839),dmso,3.0,µM,10.0,mM,30.0,nl,40.0,µl,trt,S1025,EGFR,Protein Tyrosine Kinase,123631.0,COC1=C(OCCCN2CCOCC2)C=C3C(=NC=NC3=C1)NC4=CC=C(F)C(=C4)Cl,XGALLCVXEZPNRQ-UHFFFAOYSA-N,Targeted,Launched,HCT116,
spher-colo52-v1-ULA-PB000137-HCT116-48h-P1-L1,F09,4185,5532,PB000137,PB000137_F09,colo-027,Doramapimod (BIRB 796),dmso,0.3,µM,1.0,mM,30.0,nl,40.0,µl,trt,S1574,p38 MAPK,MAPK,156422.0,CC1=CC=C(C=C1)[N]2N=C(C=C2NC(=O)NC3=CC=C(OCCN4CCOCC4)C5=C3C=CC=C5)C(C)(C)C,MVCOAUNKQVWQHZ-UHFFFAOYSA-N,Targeted,Phase 2,HCT116,
spher-colo52-v1-ULA-PB000137-HCT116-48h-P1-L1,F10,4185,5532,PB000137,PB000137_F10,colo-010,Nutlin-3,dmso,0.3,µM,1.0,mM,30.0,nl,40.0,µl,trt,S1061,"E3 Ligase ,Mdm2",Apoptosis,216345.0,COC1=CC(=C(C=C1)C2=NC(C(N2C(=O)N3CCNC(=O)C3)C4=CC=C(Cl)C=C4)C5=CC=C(Cl)C=C5)OC(C)C,BDUHCSBCVGXTJM-UHFFFAOYSA-N,Targeted,Preclinical,HCT116,
spher-colo52-v1-ULA-PB000137-HCT116-48h-P1-L1,F11,4185,5532,PB000137,PB000137_F11,colo-018,Paclitaxel,dmso,0.01,µM,0.01,mM,100.0,nl,40.0,µl,trt,S1150,"Autophagy,Microtubule Associated",Cytoskeletal Signaling,441276.0,CC(=O)OC1C(=O)C2(C)C(O)CC3OCC3(OC(C)=O)C2C(OC(=O)C4=CC=CC=C4)C5(O)CC(OC(=O)C(O)C(NC(=O)C6=CC=CC=C6)C7=CC=CC=C7)C(=C1C5(C)C)C,RCINICONZNJXQF-VAZQATRQSA-N,Cytotoxic,Preclinical,HCT116,
spher-colo52-v1-ULA-PB000137-HCT116-48h-P1-L1,F12,4185,5532,PB000137,PB000137_F12,colo-028,Gemcitabine,dmso,1.0,µM,1.0,mM,100.0,nl,40.0,µl,trt,S1714,"Autophagy,DNA/RNA Synthesis",DNA Damage,60750.0,NC1=NC(=O)N(C=C1)C2OC(CO)C(O)C2(F)F,SDUQYLNIPVEERB-QPPQHZFASA-N,Cytotoxic,Launched,HCT116,Antimetabolite
spher-colo52-v1-ULA-PB000137-HCT116-48h-P1-L1,F13,4185,5532,PB000137,PB000137_F13,colo-023,Ruxolitinib (INCB018424),dmso,3.0,µM,10.0,mM,30.0,nl,40.0,µl,trt,S1378,JAK,JAK/STAT,25126798.0,N#CCC(C1CCCC1)[N]2C=C(C=N2)C3=NC=NC4=C3C=C[NH]4,HFNKQEVNSGCOJV-OAHLLOKOSA-N,Targeted,Launched,HCT116,
spher-colo52-v1-ULA-PB000137-HCT116-48h-P1-L1,F14,4185,5532,PB000137,PB000137_F14,colo-014,Linsitinib (OSI-906),dmso,0.3,µM,1.0,mM,30.0,nl,40.0,µl,trt,S1091,IGF-1R,Protein Tyrosine Kinase,11640390.0,CC1(O)CC(C1)C2=NC(=C3[N]2C=CN=C3N)C4=CC=C5C=CC(=NC5=C4)C6=CC=CC=C6,PKCDDUHJAFVJJB-UHFFFAOYSA-N,Targeted,Preclinical,HCT116,
spher-colo52-v1-ULA-PB000137-HCT116-48h-P1-L1,F15,4185,5532,PB000137,PB000137_F15,colo-019,Regorafenib (BAY 73-4506),dmso,3.0,µM,10.0,mM,30.0,nl,40.0,µl,trt,S1178,"c-RET,VEGFR",Protein Tyrosine Kinase,11167602.0,CNC(=O)C1=CC(=CC=N1)OC2=CC(=C(NC(=O)NC3=CC=C(Cl)C(=C3)C(F)(F)F)C=C2)F,FNHKPVJBJVTLMP-UHFFFAOYSA-N,Targeted,Launched,HCT116,
spher-colo52-v1-ULA-PB000137-HCT116-48h-P1-L1,F16,4185,5532,PB000137,PB000137_F16,colo-002,Veliparib (ABT-888),dmso,0.3,µM,1.0,mM,30.0,nl,40.0,µl,trt,S1004,PARP,DNA Damage,11960529.0,CC1(CCCN1)C2=NC3=C(C=CC=C3[NH]2)C(N)=O,JNAHVYVRKWKWKQ-CYBMUJFWSA-N,Targeted,Phase 3,HCT116,PARPi
spher-colo52-v1-ULA-PB000137-HCT116-48h-P1-L1,F17,4185,5532,PB000137,PB000137_F17,colo-013,MK-2206 2HCl,dmso,0.3,µM,1.0,mM,30.0,nl,40.0,µl,trt,S1078,Akt,PI3K/Akt/mTOR,46930998.0,Cl.Cl.NC1(CCC1)C2=CC=C(C=C2)C3=C(C=C4C(=N3)C=CN5C(=O)NN=C45)C6=CC=CC=C6,HWUHTJIKQZZBRA-UHFFFAOYSA-N,Targeted,Preclinical,HCT116,
spher-colo52-v1-ULA-PB000137-HCT116-48h-P1-L1,F18,4185,5532,PB000137,PB000137_F18,colo-006,PD0325901,dmso,10.0,µM,10.0,mM,100.0,nl,40.0,µl,trt,S1036,MEK,MAPK,9826528.0,OCC(O)CONC(=O)C1=C(NC2=CC=C(I)C=C2F)C(=C(F)C=C1)F,SUDAHWBOROXANE-SECBINFHSA-N,Targeted,Phase 2,HCT116,
spher-colo52-v1-ULA-PB000137-HCT116-48h-P1-L1,F19,4185,5532,PB000137,PB000137_F19,colo-035,Trametinib (GSK1120212),dmso,0.03,µM,0.1,mM,30.0,nl,40.0,µl,trt,S2673,MEK,MAPK,11707110.0,CN1C(=O)C(=C2N(C(=O)N(C3CC3)C(=O)C2=C1NC4=CC=C(I)C=C4F)C5=CC(=CC=C5)NC(C)=O)C,LIRYPHYGHXZJBZ-UHFFFAOYSA-N,Targeted,Launched,HCT116,
spher-colo52-v1-ULA-PB000137-HCT116-48h-P1-L1,F20,4185,5532,PB000137,PB000137_F20,dmso,dmso,dmso,0.1,µM,100.0,%,100.0,nl,40.0,µl,neg_con,D2438,control,,679.0,CS(=O)C,IAZDPXIOMUYVGZ-UHFFFAOYSA-N,,,HCT116,
spher-colo52-v1-ULA-PB000137-HCT116-48h-P1-L1,F21,4185,5532,PB000137,PB000137_F21,colo-031,Sapitinib (AZD8931),dmso,0.3,µM,1.0,mM,30.0,nl,40.0,µl,trt,S2192,"EGFR,HER2",Protein Tyrosine Kinase,11488320.0,CNC(=O)CN1CCC(CC1)OC2=C(OC)C=C3N=CN=C(NC4=C(F)C(=CC=C4)Cl)C3=C2,DFJSJLGUIXFDJP-UHFFFAOYSA-N,Targeted,Phase 2,HCT116,
spher-colo52-v1-ULA-PB000137-HCT116-48h-P1-L1,F22,4185,5532,PB000137,PB000137_F22,colo-018,Paclitaxel,dmso,0.03,µM,0.1,mM,30.0,nl,40.0,µl,trt,S1150,"Autophagy,Microtubule Associated",Cytoskeletal Signaling,441276.0,CC(=O)OC1C(=O)C2(C)C(O)CC3OCC3(OC(C)=O)C2C(OC(=O)C4=CC=CC=C4)C5(O)CC(OC(=O)C(O)C(NC(=O)C6=CC=CC=C6)C7=CC=CC=C7)C(=C1C5(C)C)C,RCINICONZNJXQF-VAZQATRQSA-N,Cytotoxic,Preclinical,HCT116,
spher-colo52-v1-ULA-PB000137-HCT116-48h-P1-L1,F23,4185,5532,PB000137,PB000137_F23,colo-027,Doramapimod (BIRB 796),dmso,1.0,µM,1.0,mM,100.0,nl,40.0,µl,trt,S1574,p38 MAPK,MAPK,156422.0,CC1=CC=C(C=C1)[N]2N=C(C=C2NC(=O)NC3=CC=C(OCCN4CCOCC4)C5=C3C=CC=C5)C(C)(C)C,MVCOAUNKQVWQHZ-UHFFFAOYSA-N,Targeted,Phase 2,HCT116,
spher-colo52-v1-ULA-PB000137-HCT116-48h-P1-L1,G02,4185,5532,PB000137,PB000137_G02,dmso,dmso,dmso,0.1,µM,100.0,%,100.0,nl,40.0,µl,neg_con,D2438,control,,679.0,CS(=O)C,IAZDPXIOMUYVGZ-UHFFFAOYSA-N,,,HCT116,
spher-colo52-v1-ULA-PB000137-HCT116-48h-P1-L1,G03,4185,5532,PB000137,PB000137_G03,colo-006,PD0325901,dmso,10.0,µM,10.0,mM,100.0,nl,40.0,µl,trt,S1036,MEK,MAPK,9826528.0,OCC(O)CONC(=O)C1=C(NC2=CC=C(I)C=C2F)C(=C(F)C=C1)F,SUDAHWBOROXANE-SECBINFHSA-N,Targeted,Phase 2,HCT116,
spher-colo52-v1-ULA-PB000137-HCT116-48h-P1-L1,G04,4185,5532,PB000137,PB000137_G04,colo-011,Crizotinib (PF-02341066),dmso,10.0,µM,10.0,mM,100.0,nl,40.0,µl,trt,S1068,"ALK,c-Met",Protein Tyrosine Kinase,11626560.0,CC(OC1=C(N)N=CC(=C1)C2=C[N](N=C2)C3CCNCC3)C4=C(Cl)C=CC(=C4Cl)F,KTEIFNKAUNYNJU-GFCCVEGCSA-N,Targeted,Launched,HCT116,
spher-colo52-v1-ULA-PB000137-HCT116-48h-P1-L1,G05,4185,5532,PB000137,PB000137_G05,colo-015,Triciribine,dmso,1.0,µM,1.0,mM,100.0,nl,40.0,µl,trt,S1117,Akt,PI3K/Akt/mTOR,65399.0,CN1N=C(N)C2=C[N](C3OC(CO)C(O)C3O)C4=C2C1=NC=N4,HOGVTUZUJGHKPL-HTVVRFAVSA-N,Targeted,Phase 1/Phase 2,HCT116,
spher-colo52-v1-ULA-PB000137-HCT116-48h-P1-L1,G06,4185,5532,PB000137,PB000137_G06,colo-023,Ruxolitinib (INCB018424),dmso,10.0,µM,10.0,mM,100.0,nl,40.0,µl,trt,S1378,JAK,JAK/STAT,25126798.0,N#CCC(C1CCCC1)[N]2C=C(C=N2)C3=NC=NC4=C3C=C[NH]4,HFNKQEVNSGCOJV-OAHLLOKOSA-N,Targeted,Launched,HCT116,
spher-colo52-v1-ULA-PB000137-HCT116-48h-P1-L1,G07,4185,5532,PB000137,PB000137_G07,colo-012,SB216763,dmso,10.0,µM,10.0,mM,100.0,nl,40.0,µl,trt,S1075,GSK-3,PI3K/Akt/mTOR,176158.0,C[N]1C=C(C2=C1C=CC=C2)C3=C(C(=O)NC3=O)C4=CC=C(Cl)C=C4Cl,JCSGFHVFHSKIJH-UHFFFAOYSA-N,Targeted,Preclinical,HCT116,
spher-colo52-v1-ULA-PB000137-HCT116-48h-P1-L1,G08,4185,5532,PB000137,PB000137_G08,colo-032,Phenformin HCl,dmso,1.0,µM,1.0,mM,100.0,nl,40.0,µl,trt,S2542,AMPK,PI3K/Akt/mTOR,13266.0,Cl.NC(=N)NC(=N)NCCC1=CC=CC=C1,YSUCWSWKRIOILX-UHFFFAOYSA-N,,Launched,HCT116,
spher-colo52-v1-ULA-PB000137-HCT116-48h-P1-L1,G09,4185,5532,PB000137,PB000137_G09,colo-028,Gemcitabine,dmso,0.1,µM,0.1,mM,100.0,nl,40.0,µl,trt,S1714,"Autophagy,DNA/RNA Synthesis",DNA Damage,60750.0,NC1=NC(=O)N(C=C1)C2OC(CO)C(O)C2(F)F,SDUQYLNIPVEERB-QPPQHZFASA-N,Cytotoxic,Launched,HCT116,Antimetabolite
spher-colo52-v1-ULA-PB000137-HCT116-48h-P1-L1,G10,4185,5532,PB000137,PB000137_G10,colo-034,Rabusertib (LY2603618),dmso,3.0,µM,10.0,mM,30.0,nl,40.0,µl,trt,S2626,Chk,Cell Cycle,11955855.0,CC1=NC=C(NC(=O)NC2=C(OCC3CNCCO3)C=C(C)C(=C2)Br)N=C1,SYYBDNPGDKKJDU-ZDUSSCGKSA-N,Targeted,Phase 2,HCT116,
spher-colo52-v1-ULA-PB000137-HCT116-48h-P1-L1,G11,4185,5532,PB000137,PB000137_G11,colo-015,Triciribine,dmso,0.3,µM,1.0,mM,30.0,nl,40.0,µl,trt,S1117,Akt,PI3K/Akt/mTOR,65399.0,CN1N=C(N)C2=C[N](C3OC(CO)C(O)C3O)C4=C2C1=NC=N4,HOGVTUZUJGHKPL-HTVVRFAVSA-N,Targeted,Phase 1/Phase 2,HCT116,
spher-colo52-v1-ULA-PB000137-HCT116-48h-P1-L1,G12,4185,5532,PB000137,PB000137_G12,colo-031,Sapitinib (AZD8931),dmso,1.0,µM,1.0,mM,100.0,nl,40.0,µl,trt,S2192,"EGFR,HER2",Protein Tyrosine Kinase,11488320.0,CNC(=O)CN1CCC(CC1)OC2=C(OC)C=C3N=CN=C(NC4=C(F)C(=CC=C4)Cl)C3=C2,DFJSJLGUIXFDJP-UHFFFAOYSA-N,Targeted,Phase 2,HCT116,
spher-colo52-v1-ULA-PB000137-HCT116-48h-P1-L1,G13,4185,5532,PB000137,PB000137_G13,dmso,dmso,dmso,0.1,µM,100.0,%,100.0,nl,40.0,µl,neg_con,D2438,control,,679.0,CS(=O)C,IAZDPXIOMUYVGZ-UHFFFAOYSA-N,,,HCT116,
spher-colo52-v1-ULA-PB000137-HCT116-48h-P1-L1,G14,4185,5532,PB000137,PB000137_G14,colo-017,Tanespimycin (17-AAG),dmso,1.0,µM,1.0,mM,100.0,nl,40.0,µl,trt,S1141,HSP (e.g. HSP90),Cytoskeletal Signaling,6505803.0,COC1CC(C)CC2=C(NCC=C)C(=O)C=C(NC(=O)C(=C\C=C/C(OC)C(OC(N)=O)/C(=C/C(C)C1O)C)\C)C2=O,AYUNIORJHRXIBJ-TXHRRWQRSA-N,Targeted,Phase 3,HCT116,
spher-colo52-v1-ULA-PB000137-HCT116-48h-P1-L1,G15,4185,5532,PB000137,PB000137_G15,colo-009,"Olaparib (AZD2281, Ku-0059436)",dmso,3.0,µM,10.0,mM,30.0,nl,40.0,µl,trt,S1060,PARP,DNA Damage,23725625.0,FC1=C(C=C(CC2=NNC(=O)C3=C2C=CC=C3)C=C1)C(=O)N4CCN(CC4)C(=O)C5CC5,FDLYAMZZIXQODN-UHFFFAOYSA-N,Targeted,Launched,HCT116,PARPi
spher-colo52-v1-ULA-PB000137-HCT116-48h-P1-L1,G16,4185,5532,PB000137,PB000137_G16,colo-007,PI-103,dmso,3.0,µM,10.0,mM,30.0,nl,40.0,µl,trt,S1038,"Autophagy,DNA-PK,mTOR,PI3K",PI3K/Akt/mTOR,9884685.0,OC1=CC(=CC=C1)C2=NC3=C(OC4=C3C=CC=N4)C(=N2)N5CCOCC5,TUVCWJQQGGETHL-UHFFFAOYSA-N,Targeted,Preclinical,HCT116,
spher-colo52-v1-ULA-PB000137-HCT116-48h-P1-L1,G17,4185,5532,PB000137,PB000137_G17,colo-004,Bortezomib (PS-341),dmso,0.01,µM,0.01,mM,100.0,nl,40.0,µl,trt,S1013,Proteasome,Proteases,387447.0,CC(C)CC(NC(=O)C(CC1=CC=CC=C1)NC(=O)C2=NC=CN=C2)B(O)O,GXJABQQUPOEUTA-RDJZCZTQSA-N,Targeted,Launched,HCT116,
spher-colo52-v1-ULA-PB000137-HCT116-48h-P1-L1,G18,4185,5532,PB000137,PB000137_G18,colo-015,Triciribine,dmso,3.0,µM,10.0,mM,30.0,nl,40.0,µl,trt,S1117,Akt,PI3K/Akt/mTOR,65399.0,CN1N=C(N)C2=C[N](C3OC(CO)C(O)C3O)C4=C2C1=NC=N4,HOGVTUZUJGHKPL-HTVVRFAVSA-N,Targeted,Phase 1/Phase 2,HCT116,
spher-colo52-v1-ULA-PB000137-HCT116-48h-P1-L1,G19,4185,5532,PB000137,PB000137_G19,colo-002,Veliparib (ABT-888),dmso,10.0,µM,10.0,mM,100.0,nl,40.0,µl,trt,S1004,PARP,DNA Damage,11960529.0,CC1(CCCN1)C2=NC3=C(C=CC=C3[NH]2)C(N)=O,JNAHVYVRKWKWKQ-CYBMUJFWSA-N,Targeted,Phase 3,HCT116,PARPi
spher-colo52-v1-ULA-PB000137-HCT116-48h-P1-L1,G20,4185,5532,PB000137,PB000137_G20,colo-005,Gefitinib (ZD1839),dmso,3.0,µM,10.0,mM,30.0,nl,40.0,µl,trt,S1025,EGFR,Protein Tyrosine Kinase,123631.0,COC1=C(OCCCN2CCOCC2)C=C3C(=NC=NC3=C1)NC4=CC=C(F)C(=C4)Cl,XGALLCVXEZPNRQ-UHFFFAOYSA-N,Targeted,Launched,HCT116,
spher-colo52-v1-ULA-PB000137-HCT116-48h-P1-L1,G21,4185,5532,PB000137,PB000137_G21,colo-017,Tanespimycin (17-AAG),dmso,0.3,µM,1.0,mM,30.0,nl,40.0,µl,trt,S1141,HSP (e.g. HSP90),Cytoskeletal Signaling,6505803.0,COC1CC(C)CC2=C(NCC=C)C(=O)C=C(NC(=O)C(=C\C=C/C(OC)C(OC(N)=O)/C(=C/C(C)C1O)C)\C)C2=O,AYUNIORJHRXIBJ-TXHRRWQRSA-N,Targeted,Phase 3,HCT116,
spher-colo52-v1-ULA-PB000137-HCT116-48h-P1-L1,G22,4185,5532,PB000137,PB000137_G22,colo-001,ABT-737,dmso,0.03,µM,0.1,mM,30.0,nl,40.0,µl,trt,S1002,"Bcl-2,Autophagy",Apoptosis,11228183.0,CN(C)CCC(CSC1=CC=CC=C1)NC2=CC=C(C=C2[N+]([O-])=O)[S](=O)(=O)NC(=O)C3=CC=C(C=C3)N4CCN(CC4)CC5=C(C=CC=C5)C6=CC=C(Cl)C=C6,HPLNQCPCUACXLM-PGUFJCEWSA-N,Targeted,Phase 1/Phase 2,HCT116,
spher-colo52-v1-ULA-PB000137-HCT116-48h-P1-L1,G23,4185,5532,PB000137,PB000137_G23,colo-022,"Vemurafenib (PLX4032, RG7204)",dmso,3.0,µM,10.0,mM,30.0,nl,40.0,µl,trt,S1267,Raf,MAPK,42611257.0,CCC[S](=O)(=O)NC1=CC=C(F)C(=C1F)C(=O)C2=C[NH]C3=NC=C(C=C23)C4=CC=C(Cl)C=C4,GPXBXXGIAQBQNI-UHFFFAOYSA-N,Targeted,Launched,HCT116,
spher-colo52-v1-ULA-PB000137-HCT116-48h-P1-L1,H02,4185,5532,PB000137,PB000137_H02,colo-020,"Fluorouracil (5-Fluoracil, 5-FU)",dmso,3.0,µM,10.0,mM,30.0,nl,40.0,µl,trt,S1209,DNA/RNA Synthesis,DNA Damage,3385.0,FC1=CNC(=O)NC1=O,GHASVSINZRGABV-UHFFFAOYSA-N,Cytotoxic,Launched,HCT116,Antimetabolite
spher-colo52-v1-ULA-PB000137-HCT116-48h-P1-L1,H03,4185,5532,PB000137,PB000137_H03,colo-016,BMS-754807,dmso,1.0,µM,1.0,mM,100.0,nl,40.0,µl,trt,S1124,"c-Met,IGF-1R,Trk receptor",Protein Tyrosine Kinase,24785538.0,CC1(CCCN1C2=N[N]3C=CC=C3C(=N2)NC4=N[NH]C(=C4)C5CC5)C(=O)NC6=CC=C(F)N=C6,LQVXSNNAFNGRAH-QHCPKHFHSA-N,Targeted,Phase 2,HCT116,
spher-colo52-v1-ULA-PB000137-HCT116-48h-P1-L1,H04,4185,5532,PB000137,PB000137_H04,colo-029,Trifluridine,dmso,10.0,µM,10.0,mM,100.0,nl,40.0,µl,trt,S1778,DNA/RNA Synthesis,DNA Damage,6256.0,OCC1OC(CC1O)N2C=C(C(=O)NC2=O)C(F)(F)F,VSQQQLOSPVPRAZ-RRKCRQDMSA-N,Cytotoxic,Launched,HCT116,Antimetabolite
spher-colo52-v1-ULA-PB000137-HCT116-48h-P1-L1,H05,4185,5532,PB000137,PB000137_H05,colo-021,Temozolomide,dmso,0.3,µM,1.0,mM,30.0,nl,40.0,µl,trt,S1237,"DNA/RNA Synthesis,Autophagy",DNA Damage,5394.0,CN1N=NC2=C(N=C[N]2C1=O)C(N)=O,BPEGJWRSRHCHSN-UHFFFAOYSA-N,Cytotoxic,Launched,HCT116,Alkylator
spher-colo52-v1-ULA-PB000137-HCT116-48h-P1-L1,H06,4185,5532,PB000137,PB000137_H06,colo-018,Paclitaxel,dmso,0.03,µM,0.1,mM,30.0,nl,40.0,µl,trt,S1150,"Autophagy,Microtubule Associated",Cytoskeletal Signaling,441276.0,CC(=O)OC1C(=O)C2(C)C(O)CC3OCC3(OC(C)=O)C2C(OC(=O)C4=CC=CC=C4)C5(O)CC(OC(=O)C(O)C(NC(=O)C6=CC=CC=C6)C7=CC=CC=C7)C(=C1C5(C)C)C,RCINICONZNJXQF-VAZQATRQSA-N,Cytotoxic,Preclinical,HCT116,
spher-colo52-v1-ULA-PB000137-HCT116-48h-P1-L1,H07,4185,5532,PB000137,PB000137_H07,colo-019,Regorafenib (BAY 73-4506),dmso,1.0,µM,1.0,mM,100.0,nl,40.0,µl,trt,S1178,"c-RET,VEGFR",Protein Tyrosine Kinase,11167602.0,CNC(=O)C1=CC(=CC=N1)OC2=CC(=C(NC(=O)NC3=CC=C(Cl)C(=C3)C(F)(F)F)C=C2)F,FNHKPVJBJVTLMP-UHFFFAOYSA-N,Targeted,Launched,HCT116,
spher-colo52-v1-ULA-PB000137-HCT116-48h-P1-L1,H08,4185,5532,PB000137,PB000137_H08,colo-029,Trifluridine,dmso,3.0,µM,10.0,mM,30.0,nl,40.0,µl,trt,S1778,DNA/RNA Synthesis,DNA Damage,6256.0,OCC1OC(CC1O)N2C=C(C(=O)NC2=O)C(F)(F)F,VSQQQLOSPVPRAZ-RRKCRQDMSA-N,Cytotoxic,Launched,HCT116,Antimetabolite
spher-colo52-v1-ULA-PB000137-HCT116-48h-P1-L1,H09,4185,5532,PB000137,PB000137_H09,colo-025,AZD7762,dmso,3.0,µM,10.0,mM,30.0,nl,40.0,µl,trt,S1532,Chk,Cell Cycle,11152667.0,NC(=O)NC1=C(SC(=C1)C2=CC(=CC=C2)F)C(=O)NC3CCCNC3,IAYGCINLNONXHY-LBPRGKRZSA-N,Targeted,Phase 1,HCT116,
spher-colo52-v1-ULA-PB000137-HCT116-48h-P1-L1,H10,4185,5532,PB000137,PB000137_H10,dmso,dmso,dmso,0.1,µM,100.0,%,100.0,nl,40.0,µl,neg_con,D2438,control,,679.0,CS(=O)C,IAZDPXIOMUYVGZ-UHFFFAOYSA-N,,,HCT116,
spher-colo52-v1-ULA-PB000137-HCT116-48h-P1-L1,H11,4185,5532,PB000137,PB000137_H11,colo-017,Tanespimycin (17-AAG),dmso,0.3,µM,1.0,mM,30.0,nl,40.0,µl,trt,S1141,HSP (e.g. HSP90),Cytoskeletal Signaling,6505803.0,COC1CC(C)CC2=C(NCC=C)C(=O)C=C(NC(=O)C(=C\C=C/C(OC)C(OC(N)=O)/C(=C/C(C)C1O)C)\C)C2=O,AYUNIORJHRXIBJ-TXHRRWQRSA-N,Targeted,Phase 3,HCT116,
spher-colo52-v1-ULA-PB000137-HCT116-48h-P1-L1,H12,4185,5532,PB000137,PB000137_H12,colo-002,Veliparib (ABT-888),dmso,0.3,µM,1.0,mM,30.0,nl,40.0,µl,trt,S1004,PARP,DNA Damage,11960529.0,CC1(CCCN1)C2=NC3=C(C=CC=C3[NH]2)C(N)=O,JNAHVYVRKWKWKQ-CYBMUJFWSA-N,Targeted,Phase 3,HCT116,PARPi
spher-colo52-v1-ULA-PB000137-HCT116-48h-P1-L1,H13,4185,5532,PB000137,PB000137_H13,colo-014,Linsitinib (OSI-906),dmso,10.0,µM,10.0,mM,100.0,nl,40.0,µl,trt,S1091,IGF-1R,Protein Tyrosine Kinase,11640390.0,CC1(O)CC(C1)C2=NC(=C3[N]2C=CN=C3N)C4=CC=C5C=CC(=NC5=C4)C6=CC=CC=C6,PKCDDUHJAFVJJB-UHFFFAOYSA-N,Targeted,Preclinical,HCT116,
spher-colo52-v1-ULA-PB000137-HCT116-48h-P1-L1,H14,4185,5532,PB000137,PB000137_H14,colo-032,Phenformin HCl,dmso,0.3,µM,1.0,mM,30.0,nl,40.0,µl,trt,S2542,AMPK,PI3K/Akt/mTOR,13266.0,Cl.NC(=N)NC(=N)NCCC1=CC=CC=C1,YSUCWSWKRIOILX-UHFFFAOYSA-N,,Launched,HCT116,
spher-colo52-v1-ULA-PB000137-HCT116-48h-P1-L1,H15,4185,5532,PB000137,PB000137_H15,colo-010,Nutlin-3,dmso,0.3,µM,1.0,mM,30.0,nl,40.0,µl,trt,S1061,"E3 Ligase ,Mdm2",Apoptosis,216345.0,COC1=CC(=C(C=C1)C2=NC(C(N2C(=O)N3CCNC(=O)C3)C4=CC=C(Cl)C=C4)C5=CC=C(Cl)C=C5)OC(C)C,BDUHCSBCVGXTJM-UHFFFAOYSA-N,Targeted,Preclinical,HCT116,
spher-colo52-v1-ULA-PB000137-HCT116-48h-P1-L1,H16,4185,5532,PB000137,PB000137_H16,colo-026,AZD8055,dmso,0.3,µM,1.0,mM,30.0,nl,40.0,µl,trt,S1555,mTOR,PI3K/Akt/mTOR,25262965.0,COC1=C(CO)C=C(C=C1)C2=NC3=C(C=C2)C(=NC(=N3)N4CCOCC4C)N5CCOCC5C,KVLFRAWTRWDEDF-IRXDYDNUSA-N,Targeted,Phase 1,HCT116,
spher-colo52-v1-ULA-PB000137-HCT116-48h-P1-L1,H17,4185,5532,PB000137,PB000137_H17,dmso,dmso,dmso,0.1,µM,100.0,%,100.0,nl,40.0,µl,neg_con,D2438,control,,679.0,CS(=O)C,IAZDPXIOMUYVGZ-UHFFFAOYSA-N,,,HCT116,
spher-colo52-v1-ULA-PB000137-HCT116-48h-P1-L1,H18,4185,5532,PB000137,PB000137_H18,colo-030,SB505124,dmso,1.0,µM,1.0,mM,100.0,nl,40.0,µl,trt,S2186,TGF-beta/Smad,TGF-beta/Smad,9858940.0,CC1=CC=CC(=N1)C2=C(N=C([NH]2)C(C)(C)C)C3=CC4=C(OCO4)C=C3,WGZOTBUYUFBEPZ-UHFFFAOYSA-N,Targeted,Preclinical,HCT116,
spher-colo52-v1-ULA-PB000137-HCT116-48h-P1-L1,H19,4185,5532,PB000137,PB000137_H19,colo-021,Temozolomide,dmso,3.0,µM,10.0,mM,30.0,nl,40.0,µl,trt,S1237,"DNA/RNA Synthesis,Autophagy",DNA Damage,5394.0,CN1N=NC2=C(N=C[N]2C1=O)C(N)=O,BPEGJWRSRHCHSN-UHFFFAOYSA-N,Cytotoxic,Launched,HCT116,Alkylator
spher-colo52-v1-ULA-PB000137-HCT116-48h-P1-L1,H20,4185,5532,PB000137,PB000137_H20,colo-030,SB505124,dmso,0.3,µM,1.0,mM,30.0,nl,40.0,µl,trt,S2186,TGF-beta/Smad,TGF-beta/Smad,9858940.0,CC1=CC=CC(=N1)C2=C(N=C([NH]2)C(C)(C)C)C3=CC4=C(OCO4)C=C3,WGZOTBUYUFBEPZ-UHFFFAOYSA-N,Targeted,Preclinical,HCT116,
spher-colo52-v1-ULA-PB000137-HCT116-48h-P1-L1,H21,4185,5532,PB000137,PB000137_H21,colo-021,Temozolomide,dmso,0.3,µM,1.0,mM,30.0,nl,40.0,µl,trt,S1237,"DNA/RNA Synthesis,Autophagy",DNA Damage,5394.0,CN1N=NC2=C(N=C[N]2C1=O)C(N)=O,BPEGJWRSRHCHSN-UHFFFAOYSA-N,Cytotoxic,Launched,HCT116,Alkylator
spher-colo52-v1-ULA-PB000137-HCT116-48h-P1-L1,H22,4185,5532,PB000137,PB000137_H22,colo-008,"Vorinostat (SAHA, MK0683)",dmso,1.0,µM,1.0,mM,100.0,nl,40.0,µl,trt,S1047,"Autophagy,HDAC",Epigenetics,5311.0,ONC(=O)CCCCCCC(=O)NC1=CC=CC=C1,WAEXFXRVDQXREF-UHFFFAOYSA-N,Targeted,Launched,HCT116,
spher-colo52-v1-ULA-PB000137-HCT116-48h-P1-L1,H23,4185,5532,PB000137,PB000137_H23,colo-015,Triciribine,dmso,3.0,µM,10.0,mM,30.0,nl,40.0,µl,trt,S1117,Akt,PI3K/Akt/mTOR,65399.0,CN1N=C(N)C2=C[N](C3OC(CO)C(O)C3O)C4=C2C1=NC=N4,HOGVTUZUJGHKPL-HTVVRFAVSA-N,Targeted,Phase 1/Phase 2,HCT116,
spher-colo52-v1-ULA-PB000137-HCT116-48h-P1-L1,I02,4185,5532,PB000137,PB000137_I02,colo-023,Ruxolitinib (INCB018424),dmso,10.0,µM,10.0,mM,100.0,nl,40.0,µl,trt,S1378,JAK,JAK/STAT,25126798.0,N#CCC(C1CCCC1)[N]2C=C(C=N2)C3=NC=NC4=C3C=C[NH]4,HFNKQEVNSGCOJV-OAHLLOKOSA-N,Targeted,Launched,HCT116,
spher-colo52-v1-ULA-PB000137-HCT116-48h-P1-L1,I03,4185,5532,PB000137,PB000137_I03,colo-024,Adavosertib （MK-1775）,dmso,0.3,µM,1.0,mM,30.0,nl,40.0,µl,trt,S1525,Wee1,Cell Cycle,24856436.0,CN1CCN(CC1)C2=CC=C(NC3=NC4=C(C=N3)C(=O)N(CC=C)N4C5=NC(=CC=C5)C(C)(C)O)C=C2,BKWJAKQVGHWELA-UHFFFAOYSA-N,Targeted,Phase 2,HCT116,
spher-colo52-v1-ULA-PB000137-HCT116-48h-P1-L1,I04,4185,5532,PB000137,PB000137_I04,colo-026,AZD8055,dmso,1.0,µM,1.0,mM,100.0,nl,40.0,µl,trt,S1555,mTOR,PI3K/Akt/mTOR,25262965.0,COC1=C(CO)C=C(C=C1)C2=NC3=C(C=C2)C(=NC(=N3)N4CCOCC4C)N5CCOCC5C,KVLFRAWTRWDEDF-IRXDYDNUSA-N,Targeted,Phase 1,HCT116,
spher-colo52-v1-ULA-PB000137-HCT116-48h-P1-L1,I05,4185,5532,PB000137,PB000137_I05,colo-019,Regorafenib (BAY 73-4506),dmso,0.3,µM,1.0,mM,30.0,nl,40.0,µl,trt,S1178,"c-RET,VEGFR",Protein Tyrosine Kinase,11167602.0,CNC(=O)C1=CC(=CC=N1)OC2=CC(=C(NC(=O)NC3=CC=C(Cl)C(=C3)C(F)(F)F)C=C2)F,FNHKPVJBJVTLMP-UHFFFAOYSA-N,Targeted,Launched,HCT116,
spher-colo52-v1-ULA-PB000137-HCT116-48h-P1-L1,I06,4185,5532,PB000137,PB000137_I06,fenb,fenb,dmso,2.5,µM,10.0,mM,25.0,nl,40.0,µl,pos_con,F0040000,tubulin beta chain,,3334.0,COC(=O)NC1=NC2=C(N1)C=C(C=C2)SC3=CC=CC=C3,HDDSHPAODJUKPD-UHFFFAOYSA-N,,,HCT116,
spher-colo52-v1-ULA-PB000137-HCT116-48h-P1-L1,I07,4185,5532,PB000137,PB000137_I07,colo-031,Sapitinib (AZD8931),dmso,10.0,µM,10.0,mM,100.0,nl,40.0,µl,trt,S2192,"EGFR,HER2",Protein Tyrosine Kinase,11488320.0,CNC(=O)CN1CCC(CC1)OC2=C(OC)C=C3N=CN=C(NC4=C(F)C(=CC=C4)Cl)C3=C2,DFJSJLGUIXFDJP-UHFFFAOYSA-N,Targeted,Phase 2,HCT116,
spher-colo52-v1-ULA-PB000137-HCT116-48h-P1-L1,I08,4185,5532,PB000137,PB000137_I08,colo-028,Gemcitabine,dmso,0.03,µM,0.1,mM,30.0,nl,40.0,µl,trt,S1714,"Autophagy,DNA/RNA Synthesis",DNA Damage,60750.0,NC1=NC(=O)N(C=C1)C2OC(CO)C(O)C2(F)F,SDUQYLNIPVEERB-QPPQHZFASA-N,Cytotoxic,Launched,HCT116,Antimetabolite
spher-colo52-v1-ULA-PB000137-HCT116-48h-P1-L1,I09,4185,5532,PB000137,PB000137_I09,colo-001,ABT-737,dmso,1.0,µM,1.0,mM,100.0,nl,40.0,µl,trt,S1002,"Bcl-2,Autophagy",Apoptosis,11228183.0,CN(C)CCC(CSC1=CC=CC=C1)NC2=CC=C(C=C2[N+]([O-])=O)[S](=O)(=O)NC(=O)C3=CC=C(C=C3)N4CCN(CC4)CC5=C(C=CC=C5)C6=CC=C(Cl)C=C6,HPLNQCPCUACXLM-PGUFJCEWSA-N,Targeted,Phase 1/Phase 2,HCT116,
spher-colo52-v1-ULA-PB000137-HCT116-48h-P1-L1,I10,4185,5532,PB000137,PB000137_I10,colo-022,"Vemurafenib (PLX4032, RG7204)",dmso,10.0,µM,10.0,mM,100.0,nl,40.0,µl,trt,S1267,Raf,MAPK,42611257.0,CCC[S](=O)(=O)NC1=CC=C(F)C(=C1F)C(=O)C2=C[NH]C3=NC=C(C=C23)C4=CC=C(Cl)C=C4,GPXBXXGIAQBQNI-UHFFFAOYSA-N,Targeted,Launched,HCT116,
spher-colo52-v1-ULA-PB000137-HCT116-48h-P1-L1,I11,4185,5532,PB000137,PB000137_I11,colo-008,"Vorinostat (SAHA, MK0683)",dmso,3.0,µM,10.0,mM,30.0,nl,40.0,µl,trt,S1047,"Autophagy,HDAC",Epigenetics,5311.0,ONC(=O)CCCCCCC(=O)NC1=CC=CC=C1,WAEXFXRVDQXREF-UHFFFAOYSA-N,Targeted,Launched,HCT116,
spher-colo52-v1-ULA-PB000137-HCT116-48h-P1-L1,I12,4185,5532,PB000137,PB000137_I12,colo-031,Sapitinib (AZD8931),dmso,10.0,µM,10.0,mM,100.0,nl,40.0,µl,trt,S2192,"EGFR,HER2",Protein Tyrosine Kinase,11488320.0,CNC(=O)CN1CCC(CC1)OC2=C(OC)C=C3N=CN=C(NC4=C(F)C(=CC=C4)Cl)C3=C2,DFJSJLGUIXFDJP-UHFFFAOYSA-N,Targeted,Phase 2,HCT116,
spher-colo52-v1-ULA-PB000137-HCT116-48h-P1-L1,I13,4185,5532,PB000137,PB000137_I13,colo-013,MK-2206 2HCl,dmso,10.0,µM,10.0,mM,100.0,nl,40.0,µl,trt,S1078,Akt,PI3K/Akt/mTOR,46930998.0,Cl.Cl.NC1(CCC1)C2=CC=C(C=C2)C3=C(C=C4C(=N3)C=CN5C(=O)NN=C45)C6=CC=CC=C6,HWUHTJIKQZZBRA-UHFFFAOYSA-N,Targeted,Preclinical,HCT116,
spher-colo52-v1-ULA-PB000137-HCT116-48h-P1-L1,I14,4185,5532,PB000137,PB000137_I14,colo-008,"Vorinostat (SAHA, MK0683)",dmso,1.0,µM,1.0,mM,100.0,nl,40.0,µl,trt,S1047,"Autophagy,HDAC",Epigenetics,5311.0,ONC(=O)CCCCCCC(=O)NC1=CC=CC=C1,WAEXFXRVDQXREF-UHFFFAOYSA-N,Targeted,Launched,HCT116,
spher-colo52-v1-ULA-PB000137-HCT116-48h-P1-L1,I15,4185,5532,PB000137,PB000137_I15,colo-001,ABT-737,dmso,0.3,µM,1.0,mM,30.0,nl,40.0,µl,trt,S1002,"Bcl-2,Autophagy",Apoptosis,11228183.0,CN(C)CCC(CSC1=CC=CC=C1)NC2=CC=C(C=C2[N+]([O-])=O)[S](=O)(=O)NC(=O)C3=CC=C(C=C3)N4CCN(CC4)CC5=C(C=CC=C5)C6=CC=C(Cl)C=C6,HPLNQCPCUACXLM-PGUFJCEWSA-N,Targeted,Phase 1/Phase 2,HCT116,
spher-colo52-v1-ULA-PB000137-HCT116-48h-P1-L1,I16,4185,5532,PB000137,PB000137_I16,colo-014,Linsitinib (OSI-906),dmso,10.0,µM,10.0,mM,100.0,nl,40.0,µl,trt,S1091,IGF-1R,Protein Tyrosine Kinase,11640390.0,CC1(O)CC(C1)C2=NC(=C3[N]2C=CN=C3N)C4=CC=C5C=CC(=NC5=C4)C6=CC=CC=C6,PKCDDUHJAFVJJB-UHFFFAOYSA-N,Targeted,Preclinical,HCT116,
spher-colo52-v1-ULA-PB000137-HCT116-48h-P1-L1,I17,4185,5532,PB000137,PB000137_I17,colo-029,Trifluridine,dmso,1.0,µM,1.0,mM,100.0,nl,40.0,µl,trt,S1778,DNA/RNA Synthesis,DNA Damage,6256.0,OCC1OC(CC1O)N2C=C(C(=O)NC2=O)C(F)(F)F,VSQQQLOSPVPRAZ-RRKCRQDMSA-N,Cytotoxic,Launched,HCT116,Antimetabolite
spher-colo52-v1-ULA-PB000137-HCT116-48h-P1-L1,I18,4185,5532,PB000137,PB000137_I18,colo-028,Gemcitabine,dmso,0.03,µM,0.1,mM,30.0,nl,40.0,µl,trt,S1714,"Autophagy,DNA/RNA Synthesis",DNA Damage,60750.0,NC1=NC(=O)N(C=C1)C2OC(CO)C(O)C2(F)F,SDUQYLNIPVEERB-QPPQHZFASA-N,Cytotoxic,Launched,HCT116,Antimetabolite
spher-colo52-v1-ULA-PB000137-HCT116-48h-P1-L1,I19,4185,5532,PB000137,PB000137_I19,colo-025,AZD7762,dmso,1.0,µM,1.0,mM,100.0,nl,40.0,µl,trt,S1532,Chk,Cell Cycle,11152667.0,NC(=O)NC1=C(SC(=C1)C2=CC(=CC=C2)F)C(=O)NC3CCCNC3,IAYGCINLNONXHY-LBPRGKRZSA-N,Targeted,Phase 1,HCT116,
spher-colo52-v1-ULA-PB000137-HCT116-48h-P1-L1,I20,4185,5532,PB000137,PB000137_I20,colo-032,Phenformin HCl,dmso,1.0,µM,1.0,mM,100.0,nl,40.0,µl,trt,S2542,AMPK,PI3K/Akt/mTOR,13266.0,Cl.NC(=N)NC(=N)NCCC1=CC=CC=C1,YSUCWSWKRIOILX-UHFFFAOYSA-N,,Launched,HCT116,
spher-colo52-v1-ULA-PB000137-HCT116-48h-P1-L1,I21,4185,5532,PB000137,PB000137_I21,dmso,dmso,dmso,0.1,µM,100.0,%,100.0,nl,40.0,µl,neg_con,D2438,control,,679.0,CS(=O)C,IAZDPXIOMUYVGZ-UHFFFAOYSA-N,,,HCT116,
spher-colo52-v1-ULA-PB000137-HCT116-48h-P1-L1,I22,4185,5532,PB000137,PB000137_I22,colo-016,BMS-754807,dmso,3.0,µM,10.0,mM,30.0,nl,40.0,µl,trt,S1124,"c-Met,IGF-1R,Trk receptor",Protein Tyrosine Kinase,24785538.0,CC1(CCCN1C2=N[N]3C=CC=C3C(=N2)NC4=N[NH]C(=C4)C5CC5)C(=O)NC6=CC=C(F)N=C6,LQVXSNNAFNGRAH-QHCPKHFHSA-N,Targeted,Phase 2,HCT116,
spher-colo52-v1-ULA-PB000137-HCT116-48h-P1-L1,I23,4185,5532,PB000137,PB000137_I23,colo-034,Rabusertib (LY2603618),dmso,10.0,µM,10.0,mM,100.0,nl,40.0,µl,trt,S2626,Chk,Cell Cycle,11955855.0,CC1=NC=C(NC(=O)NC2=C(OCC3CNCCO3)C=C(C)C(=C2)Br)N=C1,SYYBDNPGDKKJDU-ZDUSSCGKSA-N,Targeted,Phase 2,HCT116,
spher-colo52-v1-ULA-PB000137-HCT116-48h-P1-L1,J02,4185,5532,PB000137,PB000137_J02,colo-021,Temozolomide,dmso,3.0,µM,10.0,mM,30.0,nl,40.0,µl,trt,S1237,"DNA/RNA Synthesis,Autophagy",DNA Damage,5394.0,CN1N=NC2=C(N=C[N]2C1=O)C(N)=O,BPEGJWRSRHCHSN-UHFFFAOYSA-N,Cytotoxic,Launched,HCT116,Alkylator
spher-colo52-v1-ULA-PB000137-HCT116-48h-P1-L1,J03,4185,5532,PB000137,PB000137_J03,dmso,dmso,dmso,0.1,µM,100.0,%,100.0,nl,40.0,µl,neg_con,D2438,control,,679.0,CS(=O)C,IAZDPXIOMUYVGZ-UHFFFAOYSA-N,,,HCT116,
spher-colo52-v1-ULA-PB000137-HCT116-48h-P1-L1,J04,4185,5532,PB000137,PB000137_J04,colo-017,Tanespimycin (17-AAG),dmso,1.0,µM,1.0,mM,100.0,nl,40.0,µl,trt,S1141,HSP (e.g. HSP90),Cytoskeletal Signaling,6505803.0,COC1CC(C)CC2=C(NCC=C)C(=O)C=C(NC(=O)C(=C\C=C/C(OC)C(OC(N)=O)/C(=C/C(C)C1O)C)\C)C2=O,AYUNIORJHRXIBJ-TXHRRWQRSA-N,Targeted,Phase 3,HCT116,
spher-colo52-v1-ULA-PB000137-HCT116-48h-P1-L1,J05,4185,5532,PB000137,PB000137_J05,colo-028,Gemcitabine,dmso,0.3,µM,1.0,mM,30.0,nl,40.0,µl,trt,S1714,"Autophagy,DNA/RNA Synthesis",DNA Damage,60750.0,NC1=NC(=O)N(C=C1)C2OC(CO)C(O)C2(F)F,SDUQYLNIPVEERB-QPPQHZFASA-N,Cytotoxic,Launched,HCT116,Antimetabolite
spher-colo52-v1-ULA-PB000137-HCT116-48h-P1-L1,J06,4185,5532,PB000137,PB000137_J06,colo-035,Trametinib (GSK1120212),dmso,1.0,µM,1.0,mM,100.0,nl,40.0,µl,trt,S2673,MEK,MAPK,11707110.0,CN1C(=O)C(=C2N(C(=O)N(C3CC3)C(=O)C2=C1NC4=CC=C(I)C=C4F)C5=CC(=CC=C5)NC(C)=O)C,LIRYPHYGHXZJBZ-UHFFFAOYSA-N,Targeted,Launched,HCT116,
spher-colo52-v1-ULA-PB000137-HCT116-48h-P1-L1,J07,4185,5532,PB000137,PB000137_J07,colo-024,Adavosertib （MK-1775）,dmso,10.0,µM,10.0,mM,100.0,nl,40.0,µl,trt,S1525,Wee1,Cell Cycle,24856436.0,CN1CCN(CC1)C2=CC=C(NC3=NC4=C(C=N3)C(=O)N(CC=C)N4C5=NC(=CC=C5)C(C)(C)O)C=C2,BKWJAKQVGHWELA-UHFFFAOYSA-N,Targeted,Phase 2,HCT116,
spher-colo52-v1-ULA-PB000137-HCT116-48h-P1-L1,J08,4185,5532,PB000137,PB000137_J08,colo-005,Gefitinib (ZD1839),dmso,1.0,µM,1.0,mM,100.0,nl,40.0,µl,trt,S1025,EGFR,Protein Tyrosine Kinase,123631.0,COC1=C(OCCCN2CCOCC2)C=C3C(=NC=NC3=C1)NC4=CC=C(F)C(=C4)Cl,XGALLCVXEZPNRQ-UHFFFAOYSA-N,Targeted,Launched,HCT116,
spher-colo52-v1-ULA-PB000137-HCT116-48h-P1-L1,J09,4185,5532,PB000137,PB000137_J09,colo-003,Afatinib (BIBW2992),dmso,3.0,µM,10.0,mM,30.0,nl,40.0,µl,trt,S1011,"EGFR,HER2",Protein Tyrosine Kinase,10184653.0,CN(C)C/C=C/C(=O)NC1=CC2=C(NC3=CC=C(F)C(=C3)Cl)N=CN=C2C=C1OC4CCOC4,ULXXDDBFHOBEHA-CWDCEQMOSA-N,Targeted,Launched,HCT116,
spher-colo52-v1-ULA-PB000137-HCT116-48h-P1-L1,J10,4185,5532,PB000137,PB000137_J10,colo-018,Paclitaxel,dmso,0.1,µM,0.1,mM,100.0,nl,40.0,µl,trt,S1150,"Autophagy,Microtubule Associated",Cytoskeletal Signaling,441276.0,CC(=O)OC1C(=O)C2(C)C(O)CC3OCC3(OC(C)=O)C2C(OC(=O)C4=CC=CC=C4)C5(O)CC(OC(=O)C(O)C(NC(=O)C6=CC=CC=C6)C7=CC=CC=C7)C(=C1C5(C)C)C,RCINICONZNJXQF-VAZQATRQSA-N,Cytotoxic,Preclinical,HCT116,
spher-colo52-v1-ULA-PB000137-HCT116-48h-P1-L1,J11,4185,5532,PB000137,PB000137_J11,colo-024,Adavosertib （MK-1775）,dmso,0.3,µM,1.0,mM,30.0,nl,40.0,µl,trt,S1525,Wee1,Cell Cycle,24856436.0,CN1CCN(CC1)C2=CC=C(NC3=NC4=C(C=N3)C(=O)N(CC=C)N4C5=NC(=CC=C5)C(C)(C)O)C=C2,BKWJAKQVGHWELA-UHFFFAOYSA-N,Targeted,Phase 2,HCT116,
spher-colo52-v1-ULA-PB000137-HCT116-48h-P1-L1,J12,4185,5532,PB000137,PB000137_J12,colo-019,Regorafenib (BAY 73-4506),dmso,10.0,µM,10.0,mM,100.0,nl,40.0,µl,trt,S1178,"c-RET,VEGFR",Protein Tyrosine Kinase,11167602.0,CNC(=O)C1=CC(=CC=N1)OC2=CC(=C(NC(=O)NC3=CC=C(Cl)C(=C3)C(F)(F)F)C=C2)F,FNHKPVJBJVTLMP-UHFFFAOYSA-N,Targeted,Launched,HCT116,
spher-colo52-v1-ULA-PB000137-HCT116-48h-P1-L1,J13,4185,5532,PB000137,PB000137_J13,colo-025,AZD7762,dmso,1.0,µM,1.0,mM,100.0,nl,40.0,µl,trt,S1532,Chk,Cell Cycle,11152667.0,NC(=O)NC1=C(SC(=C1)C2=CC(=CC=C2)F)C(=O)NC3CCCNC3,IAYGCINLNONXHY-LBPRGKRZSA-N,Targeted,Phase 1,HCT116,
spher-colo52-v1-ULA-PB000137-HCT116-48h-P1-L1,J14,4185,5532,PB000137,PB000137_J14,dmso,dmso,dmso,0.1,µM,100.0,%,100.0,nl,40.0,µl,neg_con,D2438,control,,679.0,CS(=O)C,IAZDPXIOMUYVGZ-UHFFFAOYSA-N,,,HCT116,
spher-colo52-v1-ULA-PB000137-HCT116-48h-P1-L1,J15,4185,5532,PB000137,PB000137_J15,colo-022,"Vemurafenib (PLX4032, RG7204)",dmso,1.0,µM,1.0,mM,100.0,nl,40.0,µl,trt,S1267,Raf,MAPK,42611257.0,CCC[S](=O)(=O)NC1=CC=C(F)C(=C1F)C(=O)C2=C[NH]C3=NC=C(C=C23)C4=CC=C(Cl)C=C4,GPXBXXGIAQBQNI-UHFFFAOYSA-N,Targeted,Launched,HCT116,
spher-colo52-v1-ULA-PB000137-HCT116-48h-P1-L1,J16,4185,5532,PB000137,PB000137_J16,colo-013,MK-2206 2HCl,dmso,1.0,µM,1.0,mM,100.0,nl,40.0,µl,trt,S1078,Akt,PI3K/Akt/mTOR,46930998.0,Cl.Cl.NC1(CCC1)C2=CC=C(C=C2)C3=C(C=C4C(=N3)C=CN5C(=O)NN=C45)C6=CC=CC=C6,HWUHTJIKQZZBRA-UHFFFAOYSA-N,Targeted,Preclinical,HCT116,
spher-colo52-v1-ULA-PB000137-HCT116-48h-P1-L1,J17,4185,5532,PB000137,PB000137_J17,colo-003,Afatinib (BIBW2992),dmso,1.0,µM,1.0,mM,100.0,nl,40.0,µl,trt,S1011,"EGFR,HER2",Protein Tyrosine Kinase,10184653.0,CN(C)C/C=C/C(=O)NC1=CC2=C(NC3=CC=C(F)C(=C3)Cl)N=CN=C2C=C1OC4CCOC4,ULXXDDBFHOBEHA-CWDCEQMOSA-N,Targeted,Launched,HCT116,
spher-colo52-v1-ULA-PB000137-HCT116-48h-P1-L1,J18,4185,5532,PB000137,PB000137_J18,colo-013,MK-2206 2HCl,dmso,10.0,µM,10.0,mM,100.0,nl,40.0,µl,trt,S1078,Akt,PI3K/Akt/mTOR,46930998.0,Cl.Cl.NC1(CCC1)C2=CC=C(C=C2)C3=C(C=C4C(=N3)C=CN5C(=O)NN=C45)C6=CC=CC=C6,HWUHTJIKQZZBRA-UHFFFAOYSA-N,Targeted,Preclinical,HCT116,
spher-colo52-v1-ULA-PB000137-HCT116-48h-P1-L1,J19,4185,5532,PB000137,PB000137_J19,colo-004,Bortezomib (PS-341),dmso,0.003,µM,0.01,mM,30.0,nl,40.0,µl,trt,S1013,Proteasome,Proteases,387447.0,CC(C)CC(NC(=O)C(CC1=CC=CC=C1)NC(=O)C2=NC=CN=C2)B(O)O,GXJABQQUPOEUTA-RDJZCZTQSA-N,Targeted,Launched,HCT116,
spher-colo52-v1-ULA-PB000137-HCT116-48h-P1-L1,J20,4185,5532,PB000137,PB000137_J20,colo-005,Gefitinib (ZD1839),dmso,0.3,µM,1.0,mM,30.0,nl,40.0,µl,trt,S1025,EGFR,Protein Tyrosine Kinase,123631.0,COC1=C(OCCCN2CCOCC2)C=C3C(=NC=NC3=C1)NC4=CC=C(F)C(=C4)Cl,XGALLCVXEZPNRQ-UHFFFAOYSA-N,Targeted,Launched,HCT116,
spher-colo52-v1-ULA-PB000137-HCT116-48h-P1-L1,J21,4185,5532,PB000137,PB000137_J21,colo-001,ABT-737,dmso,0.3,µM,1.0,mM,30.0,nl,40.0,µl,trt,S1002,"Bcl-2,Autophagy",Apoptosis,11228183.0,CN(C)CCC(CSC1=CC=CC=C1)NC2=CC=C(C=C2[N+]([O-])=O)[S](=O)(=O)NC(=O)C3=CC=C(C=C3)N4CCN(CC4)CC5=C(C=CC=C5)C6=CC=C(Cl)C=C6,HPLNQCPCUACXLM-PGUFJCEWSA-N,Targeted,Phase 1/Phase 2,HCT116,
spher-colo52-v1-ULA-PB000137-HCT116-48h-P1-L1,J22,4185,5532,PB000137,PB000137_J22,colo-011,Crizotinib (PF-02341066),dmso,3.0,µM,10.0,mM,30.0,nl,40.0,µl,trt,S1068,"ALK,c-Met",Protein Tyrosine Kinase,11626560.0,CC(OC1=C(N)N=CC(=C1)C2=C[N](N=C2)C3CCNCC3)C4=C(Cl)C=CC(=C4Cl)F,KTEIFNKAUNYNJU-GFCCVEGCSA-N,Targeted,Launched,HCT116,
spher-colo52-v1-ULA-PB000137-HCT116-48h-P1-L1,J23,4185,5532,PB000137,PB000137_J23,colo-022,"Vemurafenib (PLX4032, RG7204)",dmso,0.3,µM,1.0,mM,30.0,nl,40.0,µl,trt,S1267,Raf,MAPK,42611257.0,CCC[S](=O)(=O)NC1=CC=C(F)C(=C1F)C(=O)C2=C[NH]C3=NC=C(C=C23)C4=CC=C(Cl)C=C4,GPXBXXGIAQBQNI-UHFFFAOYSA-N,Targeted,Launched,HCT116,
spher-colo52-v1-ULA-PB000137-HCT116-48h-P1-L1,K02,4185,5532,PB000137,PB000137_K02,colo-004,Bortezomib (PS-341),dmso,0.01,µM,0.01,mM,100.0,nl,40.0,µl,trt,S1013,Proteasome,Proteases,387447.0,CC(C)CC(NC(=O)C(CC1=CC=CC=C1)NC(=O)C2=NC=CN=C2)B(O)O,GXJABQQUPOEUTA-RDJZCZTQSA-N,Targeted,Launched,HCT116,
spher-colo52-v1-ULA-PB000137-HCT116-48h-P1-L1,K03,4185,5532,PB000137,PB000137_K03,colo-006,PD0325901,dmso,1.0,µM,1.0,mM,100.0,nl,40.0,µl,trt,S1036,MEK,MAPK,9826528.0,OCC(O)CONC(=O)C1=C(NC2=CC=C(I)C=C2F)C(=C(F)C=C1)F,SUDAHWBOROXANE-SECBINFHSA-N,Targeted,Phase 2,HCT116,
spher-colo52-v1-ULA-PB000137-HCT116-48h-P1-L1,K04,4185,5532,PB000137,PB000137_K04,colo-022,"Vemurafenib (PLX4032, RG7204)",dmso,10.0,µM,10.0,mM,100.0,nl,40.0,µl,trt,S1267,Raf,MAPK,42611257.0,CCC[S](=O)(=O)NC1=CC=C(F)C(=C1F)C(=O)C2=C[NH]C3=NC=C(C=C23)C4=CC=C(Cl)C=C4,GPXBXXGIAQBQNI-UHFFFAOYSA-N,Targeted,Launched,HCT116,
spher-colo52-v1-ULA-PB000137-HCT116-48h-P1-L1,K05,4185,5532,PB000137,PB000137_K05,colo-021,Temozolomide,dmso,10.0,µM,10.0,mM,100.0,nl,40.0,µl,trt,S1237,"DNA/RNA Synthesis,Autophagy",DNA Damage,5394.0,CN1N=NC2=C(N=C[N]2C1=O)C(N)=O,BPEGJWRSRHCHSN-UHFFFAOYSA-N,Cytotoxic,Launched,HCT116,Alkylator
spher-colo52-v1-ULA-PB000137-HCT116-48h-P1-L1,K06,4185,5532,PB000137,PB000137_K06,colo-010,Nutlin-3,dmso,1.0,µM,1.0,mM,100.0,nl,40.0,µl,trt,S1061,"E3 Ligase ,Mdm2",Apoptosis,216345.0,COC1=CC(=C(C=C1)C2=NC(C(N2C(=O)N3CCNC(=O)C3)C4=CC=C(Cl)C=C4)C5=CC=C(Cl)C=C5)OC(C)C,BDUHCSBCVGXTJM-UHFFFAOYSA-N,Targeted,Preclinical,HCT116,
spher-colo52-v1-ULA-PB000137-HCT116-48h-P1-L1,K07,4185,5532,PB000137,PB000137_K07,colo-001,ABT-737,dmso,1.0,µM,1.0,mM,100.0,nl,40.0,µl,trt,S1002,"Bcl-2,Autophagy",Apoptosis,11228183.0,CN(C)CCC(CSC1=CC=CC=C1)NC2=CC=C(C=C2[N+]([O-])=O)[S](=O)(=O)NC(=O)C3=CC=C(C=C3)N4CCN(CC4)CC5=C(C=CC=C5)C6=CC=C(Cl)C=C6,HPLNQCPCUACXLM-PGUFJCEWSA-N,Targeted,Phase 1/Phase 2,HCT116,
spher-colo52-v1-ULA-PB000137-HCT116-48h-P1-L1,K08,4185,5532,PB000137,PB000137_K08,colo-031,Sapitinib (AZD8931),dmso,3.0,µM,10.0,mM,30.0,nl,40.0,µl,trt,S2192,"EGFR,HER2",Protein Tyrosine Kinase,11488320.0,CNC(=O)CN1CCC(CC1)OC2=C(OC)C=C3N=CN=C(NC4=C(F)C(=CC=C4)Cl)C3=C2,DFJSJLGUIXFDJP-UHFFFAOYSA-N,Targeted,Phase 2,HCT116,
spher-colo52-v1-ULA-PB000137-HCT116-48h-P1-L1,K09,4185,5532,PB000137,PB000137_K09,colo-022,"Vemurafenib (PLX4032, RG7204)",dmso,1.0,µM,1.0,mM,100.0,nl,40.0,µl,trt,S1267,Raf,MAPK,42611257.0,CCC[S](=O)(=O)NC1=CC=C(F)C(=C1F)C(=O)C2=C[NH]C3=NC=C(C=C23)C4=CC=C(Cl)C=C4,GPXBXXGIAQBQNI-UHFFFAOYSA-N,Targeted,Launched,HCT116,
spher-colo52-v1-ULA-PB000137-HCT116-48h-P1-L1,K10,4185,5532,PB000137,PB000137_K10,colo-015,Triciribine,dmso,10.0,µM,10.0,mM,100.0,nl,40.0,µl,trt,S1117,Akt,PI3K/Akt/mTOR,65399.0,CN1N=C(N)C2=C[N](C3OC(CO)C(O)C3O)C4=C2C1=NC=N4,HOGVTUZUJGHKPL-HTVVRFAVSA-N,Targeted,Phase 1/Phase 2,HCT116,
spher-colo52-v1-ULA-PB000137-HCT116-48h-P1-L1,K11,4185,5532,PB000137,PB000137_K11,dmso,dmso,dmso,0.1,µM,100.0,%,100.0,nl,40.0,µl,neg_con,D2438,control,,679.0,CS(=O)C,IAZDPXIOMUYVGZ-UHFFFAOYSA-N,,,HCT116,
spher-colo52-v1-ULA-PB000137-HCT116-48h-P1-L1,K12,4185,5532,PB000137,PB000137_K12,colo-022,"Vemurafenib (PLX4032, RG7204)",dmso,0.3,µM,1.0,mM,30.0,nl,40.0,µl,trt,S1267,Raf,MAPK,42611257.0,CCC[S](=O)(=O)NC1=CC=C(F)C(=C1F)C(=O)C2=C[NH]C3=NC=C(C=C23)C4=CC=C(Cl)C=C4,GPXBXXGIAQBQNI-UHFFFAOYSA-N,Targeted,Launched,HCT116,
spher-colo52-v1-ULA-PB000137-HCT116-48h-P1-L1,K13,4185,5532,PB000137,PB000137_K13,colo-006,PD0325901,dmso,0.3,µM,1.0,mM,30.0,nl,40.0,µl,trt,S1036,MEK,MAPK,9826528.0,OCC(O)CONC(=O)C1=C(NC2=CC=C(I)C=C2F)C(=C(F)C=C1)F,SUDAHWBOROXANE-SECBINFHSA-N,Targeted,Phase 2,HCT116,
spher-colo52-v1-ULA-PB000137-HCT116-48h-P1-L1,K14,4185,5532,PB000137,PB000137_K14,colo-020,"Fluorouracil (5-Fluoracil, 5-FU)",dmso,3.0,µM,10.0,mM,30.0,nl,40.0,µl,trt,S1209,DNA/RNA Synthesis,DNA Damage,3385.0,FC1=CNC(=O)NC1=O,GHASVSINZRGABV-UHFFFAOYSA-N,Cytotoxic,Launched,HCT116,Antimetabolite
spher-colo52-v1-ULA-PB000137-HCT116-48h-P1-L1,K15,4185,5532,PB000137,PB000137_K15,colo-012,SB216763,dmso,3.0,µM,10.0,mM,30.0,nl,40.0,µl,trt,S1075,GSK-3,PI3K/Akt/mTOR,176158.0,C[N]1C=C(C2=C1C=CC=C2)C3=C(C(=O)NC3=O)C4=CC=C(Cl)C=C4Cl,JCSGFHVFHSKIJH-UHFFFAOYSA-N,Targeted,Preclinical,HCT116,
spher-colo52-v1-ULA-PB000137-HCT116-48h-P1-L1,K16,4185,5532,PB000137,PB000137_K16,colo-001,ABT-737,dmso,0.1,µM,0.1,mM,100.0,nl,40.0,µl,trt,S1002,"Bcl-2,Autophagy",Apoptosis,11228183.0,CN(C)CCC(CSC1=CC=CC=C1)NC2=CC=C(C=C2[N+]([O-])=O)[S](=O)(=O)NC(=O)C3=CC=C(C=C3)N4CCN(CC4)CC5=C(C=CC=C5)C6=CC=C(Cl)C=C6,HPLNQCPCUACXLM-PGUFJCEWSA-N,Targeted,Phase 1/Phase 2,HCT116,
spher-colo52-v1-ULA-PB000137-HCT116-48h-P1-L1,K17,4185,5532,PB000137,PB000137_K17,colo-007,PI-103,dmso,10.0,µM,10.0,mM,100.0,nl,40.0,µl,trt,S1038,"Autophagy,DNA-PK,mTOR,PI3K",PI3K/Akt/mTOR,9884685.0,OC1=CC(=CC=C1)C2=NC3=C(OC4=C3C=CC=N4)C(=N2)N5CCOCC5,TUVCWJQQGGETHL-UHFFFAOYSA-N,Targeted,Preclinical,HCT116,
spher-colo52-v1-ULA-PB000137-HCT116-48h-P1-L1,K18,4185,5532,PB000137,PB000137_K18,colo-021,Temozolomide,dmso,10.0,µM,10.0,mM,100.0,nl,40.0,µl,trt,S1237,"DNA/RNA Synthesis,Autophagy",DNA Damage,5394.0,CN1N=NC2=C(N=C[N]2C1=O)C(N)=O,BPEGJWRSRHCHSN-UHFFFAOYSA-N,Cytotoxic,Launched,HCT116,Alkylator
spher-colo52-v1-ULA-PB000137-HCT116-48h-P1-L1,K19,4185,5532,PB000137,PB000137_K19,colo-018,Paclitaxel,dmso,0.01,µM,0.01,mM,100.0,nl,40.0,µl,trt,S1150,"Autophagy,Microtubule Associated",Cytoskeletal Signaling,441276.0,CC(=O)OC1C(=O)C2(C)C(O)CC3OCC3(OC(C)=O)C2C(OC(=O)C4=CC=CC=C4)C5(O)CC(OC(=O)C(O)C(NC(=O)C6=CC=CC=C6)C7=CC=CC=C7)C(=C1C5(C)C)C,RCINICONZNJXQF-VAZQATRQSA-N,Cytotoxic,Preclinical,HCT116,
spher-colo52-v1-ULA-PB000137-HCT116-48h-P1-L1,K20,4185,5532,PB000137,PB000137_K20,colo-027,Doramapimod (BIRB 796),dmso,3.0,µM,10.0,mM,30.0,nl,40.0,µl,trt,S1574,p38 MAPK,MAPK,156422.0,CC1=CC=C(C=C1)[N]2N=C(C=C2NC(=O)NC3=CC=C(OCCN4CCOCC4)C5=C3C=CC=C5)C(C)(C)C,MVCOAUNKQVWQHZ-UHFFFAOYSA-N,Targeted,Phase 2,HCT116,
spher-colo52-v1-ULA-PB000137-HCT116-48h-P1-L1,K21,4185,5532,PB000137,PB000137_K21,colo-030,SB505124,dmso,0.3,µM,1.0,mM,30.0,nl,40.0,µl,trt,S2186,TGF-beta/Smad,TGF-beta/Smad,9858940.0,CC1=CC=CC(=N1)C2=C(N=C([NH]2)C(C)(C)C)C3=CC4=C(OCO4)C=C3,WGZOTBUYUFBEPZ-UHFFFAOYSA-N,Targeted,Preclinical,HCT116,
spher-colo52-v1-ULA-PB000137-HCT116-48h-P1-L1,K22,4185,5532,PB000137,PB000137_K22,stau,stau,dmso,0.1,µM,0.1,mM,100.0,nl,40.0,µl,pos_con,HY-15141,pan protein inhibitor,,44259.0,CC12C(C(CC(O1)N3C4=CC=CC=C4C5=C6C(=C7C8=CC=CC=C8N2C7=C53)CNC6=O)NC)OC,HKSZLNNOFSGOKW-FYTWVXJKSA-N,,,HCT116,
spher-colo52-v1-ULA-PB000137-HCT116-48h-P1-L1,K23,4185,5532,PB000137,PB000137_K23,colo-004,Bortezomib (PS-341),dmso,0.1,µM,0.1,mM,100.0,nl,40.0,µl,trt,S1013,Proteasome,Proteases,387447.0,CC(C)CC(NC(=O)C(CC1=CC=CC=C1)NC(=O)C2=NC=CN=C2)B(O)O,GXJABQQUPOEUTA-RDJZCZTQSA-N,Targeted,Launched,HCT116,
spher-colo52-v1-ULA-PB000137-HCT116-48h-P1-L1,L02,4185,5532,PB000137,PB000137_L02,colo-002,Veliparib (ABT-888),dmso,3.0,µM,10.0,mM,30.0,nl,40.0,µl,trt,S1004,PARP,DNA Damage,11960529.0,CC1(CCCN1)C2=NC3=C(C=CC=C3[NH]2)C(N)=O,JNAHVYVRKWKWKQ-CYBMUJFWSA-N,Targeted,Phase 3,HCT116,PARPi
spher-colo52-v1-ULA-PB000137-HCT116-48h-P1-L1,L03,4185,5532,PB000137,PB000137_L03,colo-035,Trametinib (GSK1120212),dmso,0.3,µM,1.0,mM,30.0,nl,40.0,µl,trt,S2673,MEK,MAPK,11707110.0,CN1C(=O)C(=C2N(C(=O)N(C3CC3)C(=O)C2=C1NC4=CC=C(I)C=C4F)C5=CC(=CC=C5)NC(C)=O)C,LIRYPHYGHXZJBZ-UHFFFAOYSA-N,Targeted,Launched,HCT116,
spher-colo52-v1-ULA-PB000137-HCT116-48h-P1-L1,L04,4185,5532,PB000137,PB000137_L04,colo-030,SB505124,dmso,3.0,µM,10.0,mM,30.0,nl,40.0,µl,trt,S2186,TGF-beta/Smad,TGF-beta/Smad,9858940.0,CC1=CC=CC(=N1)C2=C(N=C([NH]2)C(C)(C)C)C3=CC4=C(OCO4)C=C3,WGZOTBUYUFBEPZ-UHFFFAOYSA-N,Targeted,Preclinical,HCT116,
spher-colo52-v1-ULA-PB000137-HCT116-48h-P1-L1,L05,4185,5532,PB000137,PB000137_L05,colo-031,Sapitinib (AZD8931),dmso,1.0,µM,1.0,mM,100.0,nl,40.0,µl,trt,S2192,"EGFR,HER2",Protein Tyrosine Kinase,11488320.0,CNC(=O)CN1CCC(CC1)OC2=C(OC)C=C3N=CN=C(NC4=C(F)C(=CC=C4)Cl)C3=C2,DFJSJLGUIXFDJP-UHFFFAOYSA-N,Targeted,Phase 2,HCT116,
spher-colo52-v1-ULA-PB000137-HCT116-48h-P1-L1,L06,4185,5532,PB000137,PB000137_L06,colo-035,Trametinib (GSK1120212),dmso,1.0,µM,1.0,mM,100.0,nl,40.0,µl,trt,S2673,MEK,MAPK,11707110.0,CN1C(=O)C(=C2N(C(=O)N(C3CC3)C(=O)C2=C1NC4=CC=C(I)C=C4F)C5=CC(=CC=C5)NC(C)=O)C,LIRYPHYGHXZJBZ-UHFFFAOYSA-N,Targeted,Launched,HCT116,
spher-colo52-v1-ULA-PB000137-HCT116-48h-P1-L1,L07,4185,5532,PB000137,PB000137_L07,dmso,dmso,dmso,0.1,µM,100.0,%,100.0,nl,40.0,µl,neg_con,D2438,control,,679.0,CS(=O)C,IAZDPXIOMUYVGZ-UHFFFAOYSA-N,,,HCT116,
spher-colo52-v1-ULA-PB000137-HCT116-48h-P1-L1,L08,4185,5532,PB000137,PB000137_L08,colo-012,SB216763,dmso,1.0,µM,1.0,mM,100.0,nl,40.0,µl,trt,S1075,GSK-3,PI3K/Akt/mTOR,176158.0,C[N]1C=C(C2=C1C=CC=C2)C3=C(C(=O)NC3=O)C4=CC=C(Cl)C=C4Cl,JCSGFHVFHSKIJH-UHFFFAOYSA-N,Targeted,Preclinical,HCT116,
spher-colo52-v1-ULA-PB000137-HCT116-48h-P1-L1,L09,4185,5532,PB000137,PB000137_L09,colo-003,Afatinib (BIBW2992),dmso,3.0,µM,10.0,mM,30.0,nl,40.0,µl,trt,S1011,"EGFR,HER2",Protein Tyrosine Kinase,10184653.0,CN(C)C/C=C/C(=O)NC1=CC2=C(NC3=CC=C(F)C(=C3)Cl)N=CN=C2C=C1OC4CCOC4,ULXXDDBFHOBEHA-CWDCEQMOSA-N,Targeted,Launched,HCT116,
spher-colo52-v1-ULA-PB000137-HCT116-48h-P1-L1,L10,4185,5532,PB000137,PB000137_L10,colo-020,"Fluorouracil (5-Fluoracil, 5-FU)",dmso,10.0,µM,10.0,mM,100.0,nl,40.0,µl,trt,S1209,DNA/RNA Synthesis,DNA Damage,3385.0,FC1=CNC(=O)NC1=O,GHASVSINZRGABV-UHFFFAOYSA-N,Cytotoxic,Launched,HCT116,Antimetabolite
spher-colo52-v1-ULA-PB000137-HCT116-48h-P1-L1,L11,4185,5532,PB000137,PB000137_L11,colo-012,SB216763,dmso,3.0,µM,10.0,mM,30.0,nl,40.0,µl,trt,S1075,GSK-3,PI3K/Akt/mTOR,176158.0,C[N]1C=C(C2=C1C=CC=C2)C3=C(C(=O)NC3=O)C4=CC=C(Cl)C=C4Cl,JCSGFHVFHSKIJH-UHFFFAOYSA-N,Targeted,Preclinical,HCT116,
spher-colo52-v1-ULA-PB000137-HCT116-48h-P1-L1,L12,4185,5532,PB000137,PB000137_L12,colo-007,PI-103,dmso,1.0,µM,1.0,mM,100.0,nl,40.0,µl,trt,S1038,"Autophagy,DNA-PK,mTOR,PI3K",PI3K/Akt/mTOR,9884685.0,OC1=CC(=CC=C1)C2=NC3=C(OC4=C3C=CC=N4)C(=N2)N5CCOCC5,TUVCWJQQGGETHL-UHFFFAOYSA-N,Targeted,Preclinical,HCT116,
spher-colo52-v1-ULA-PB000137-HCT116-48h-P1-L1,L13,4185,5532,PB000137,PB000137_L13,colo-016,BMS-754807,dmso,10.0,µM,10.0,mM,100.0,nl,40.0,µl,trt,S1124,"c-Met,IGF-1R,Trk receptor",Protein Tyrosine Kinase,24785538.0,CC1(CCCN1C2=N[N]3C=CC=C3C(=N2)NC4=N[NH]C(=C4)C5CC5)C(=O)NC6=CC=C(F)N=C6,LQVXSNNAFNGRAH-QHCPKHFHSA-N,Targeted,Phase 2,HCT116,
spher-colo52-v1-ULA-PB000137-HCT116-48h-P1-L1,L14,4185,5532,PB000137,PB000137_L14,colo-003,Afatinib (BIBW2992),dmso,10.0,µM,10.0,mM,100.0,nl,40.0,µl,trt,S1011,"EGFR,HER2",Protein Tyrosine Kinase,10184653.0,CN(C)C/C=C/C(=O)NC1=CC2=C(NC3=CC=C(F)C(=C3)Cl)N=CN=C2C=C1OC4CCOC4,ULXXDDBFHOBEHA-CWDCEQMOSA-N,Targeted,Launched,HCT116,
spher-colo52-v1-ULA-PB000137-HCT116-48h-P1-L1,L15,4185,5532,PB000137,PB000137_L15,colo-011,Crizotinib (PF-02341066),dmso,1.0,µM,1.0,mM,100.0,nl,40.0,µl,trt,S1068,"ALK,c-Met",Protein Tyrosine Kinase,11626560.0,CC(OC1=C(N)N=CC(=C1)C2=C[N](N=C2)C3CCNCC3)C4=C(Cl)C=CC(=C4Cl)F,KTEIFNKAUNYNJU-GFCCVEGCSA-N,Targeted,Launched,HCT116,
spher-colo52-v1-ULA-PB000137-HCT116-48h-P1-L1,L16,4185,5532,PB000137,PB000137_L16,colo-016,BMS-754807,dmso,1.0,µM,1.0,mM,100.0,nl,40.0,µl,trt,S1124,"c-Met,IGF-1R,Trk receptor",Protein Tyrosine Kinase,24785538.0,CC1(CCCN1C2=N[N]3C=CC=C3C(=N2)NC4=N[NH]C(=C4)C5CC5)C(=O)NC6=CC=C(F)N=C6,LQVXSNNAFNGRAH-QHCPKHFHSA-N,Targeted,Phase 2,HCT116,
spher-colo52-v1-ULA-PB000137-HCT116-48h-P1-L1,L17,4185,5532,PB000137,PB000137_L17,colo-034,Rabusertib (LY2603618),dmso,0.3,µM,1.0,mM,30.0,nl,40.0,µl,trt,S2626,Chk,Cell Cycle,11955855.0,CC1=NC=C(NC(=O)NC2=C(OCC3CNCCO3)C=C(C)C(=C2)Br)N=C1,SYYBDNPGDKKJDU-ZDUSSCGKSA-N,Targeted,Phase 2,HCT116,
spher-colo52-v1-ULA-PB000137-HCT116-48h-P1-L1,L18,4185,5532,PB000137,PB000137_L18,dmso,dmso,dmso,0.1,µM,100.0,%,100.0,nl,40.0,µl,neg_con,D2438,control,,679.0,CS(=O)C,IAZDPXIOMUYVGZ-UHFFFAOYSA-N,,,HCT116,
spher-colo52-v1-ULA-PB000137-HCT116-48h-P1-L1,L19,4185,5532,PB000137,PB000137_L19,colo-033,Miglitol,dmso,0.3,µM,1.0,mM,30.0,nl,40.0,µl,trt,S2589,Others,Others,441314.0,OCCN1CC(O)C(O)C(O)C1CO,IBAQFPQHRJAVAV-ULAWRXDQSA-N,,Launched,HCT116,
spher-colo52-v1-ULA-PB000137-HCT116-48h-P1-L1,L20,4185,5532,PB000137,PB000137_L20,colo-023,Ruxolitinib (INCB018424),dmso,1.0,µM,1.0,mM,100.0,nl,40.0,µl,trt,S1378,JAK,JAK/STAT,25126798.0,N#CCC(C1CCCC1)[N]2C=C(C=N2)C3=NC=NC4=C3C=C[NH]4,HFNKQEVNSGCOJV-OAHLLOKOSA-N,Targeted,Launched,HCT116,
spher-colo52-v1-ULA-PB000137-HCT116-48h-P1-L1,L21,4185,5532,PB000137,PB000137_L21,colo-035,Trametinib (GSK1120212),dmso,0.03,µM,0.1,mM,30.0,nl,40.0,µl,trt,S2673,MEK,MAPK,11707110.0,CN1C(=O)C(=C2N(C(=O)N(C3CC3)C(=O)C2=C1NC4=CC=C(I)C=C4F)C5=CC(=CC=C5)NC(C)=O)C,LIRYPHYGHXZJBZ-UHFFFAOYSA-N,Targeted,Launched,HCT116,
spher-colo52-v1-ULA-PB000137-HCT116-48h-P1-L1,L22,4185,5532,PB000137,PB000137_L22,colo-027,Doramapimod (BIRB 796),dmso,1.0,µM,1.0,mM,100.0,nl,40.0,µl,trt,S1574,p38 MAPK,MAPK,156422.0,CC1=CC=C(C=C1)[N]2N=C(C=C2NC(=O)NC3=CC=C(OCCN4CCOCC4)C5=C3C=CC=C5)C(C)(C)C,MVCOAUNKQVWQHZ-UHFFFAOYSA-N,Targeted,Phase 2,HCT116,
spher-colo52-v1-ULA-PB000137-HCT116-48h-P1-L1,L23,4185,5532,PB000137,PB000137_L23,colo-011,Crizotinib (PF-02341066),dmso,3.0,µM,10.0,mM,30.0,nl,40.0,µl,trt,S1068,"ALK,c-Met",Protein Tyrosine Kinase,11626560.0,CC(OC1=C(N)N=CC(=C1)C2=C[N](N=C2)C3CCNCC3)C4=C(Cl)C=CC(=C4Cl)F,KTEIFNKAUNYNJU-GFCCVEGCSA-N,Targeted,Launched,HCT116,
spher-colo52-v1-ULA-PB000137-HCT116-48h-P1-L1,M02,4185,5532,PB000137,PB000137_M02,etop,etop,dmso,2.5,µM,10.0,mM,25.0,nl,40.0,µl,pos_con,E2600000,DNA topoisomerase 2-alpha & DNA topoisomerase 2-beta,,36462.0,CC1OCC2C(O1)C(C(C(O2)OC3C4COC(=O)C4C(C5=CC6=C(C=C35)OCO6)C7=CC(=C(C(=C7)OC)O)OC)O)O,VJJPUSNTGOMMGY-MRVIYFEKSA-N,,,HCT116,
spher-colo52-v1-ULA-PB000137-HCT116-48h-P1-L1,M03,4185,5532,PB000137,PB000137_M03,colo-024,Adavosertib （MK-1775）,dmso,3.0,µM,10.0,mM,30.0,nl,40.0,µl,trt,S1525,Wee1,Cell Cycle,24856436.0,CN1CCN(CC1)C2=CC=C(NC3=NC4=C(C=N3)C(=O)N(CC=C)N4C5=NC(=CC=C5)C(C)(C)O)C=C2,BKWJAKQVGHWELA-UHFFFAOYSA-N,Targeted,Phase 2,HCT116,
spher-colo52-v1-ULA-PB000137-HCT116-48h-P1-L1,M04,4185,5532,PB000137,PB000137_M04,colo-014,Linsitinib (OSI-906),dmso,1.0,µM,1.0,mM,100.0,nl,40.0,µl,trt,S1091,IGF-1R,Protein Tyrosine Kinase,11640390.0,CC1(O)CC(C1)C2=NC(=C3[N]2C=CN=C3N)C4=CC=C5C=CC(=NC5=C4)C6=CC=CC=C6,PKCDDUHJAFVJJB-UHFFFAOYSA-N,Targeted,Preclinical,HCT116,
spher-colo52-v1-ULA-PB000137-HCT116-48h-P1-L1,M05,4185,5532,PB000137,PB000137_M05,colo-009,"Olaparib (AZD2281, Ku-0059436)",dmso,0.3,µM,1.0,mM,30.0,nl,40.0,µl,trt,S1060,PARP,DNA Damage,23725625.0,FC1=C(C=C(CC2=NNC(=O)C3=C2C=CC=C3)C=C1)C(=O)N4CCN(CC4)C(=O)C5CC5,FDLYAMZZIXQODN-UHFFFAOYSA-N,Targeted,Launched,HCT116,PARPi
spher-colo52-v1-ULA-PB000137-HCT116-48h-P1-L1,M06,4185,5532,PB000137,PB000137_M06,colo-003,Afatinib (BIBW2992),dmso,1.0,µM,1.0,mM,100.0,nl,40.0,µl,trt,S1011,"EGFR,HER2",Protein Tyrosine Kinase,10184653.0,CN(C)C/C=C/C(=O)NC1=CC2=C(NC3=CC=C(F)C(=C3)Cl)N=CN=C2C=C1OC4CCOC4,ULXXDDBFHOBEHA-CWDCEQMOSA-N,Targeted,Launched,HCT116,
spher-colo52-v1-ULA-PB000137-HCT116-48h-P1-L1,M07,4185,5532,PB000137,PB000137_M07,colo-004,Bortezomib (PS-341),dmso,0.003,µM,0.01,mM,30.0,nl,40.0,µl,trt,S1013,Proteasome,Proteases,387447.0,CC(C)CC(NC(=O)C(CC1=CC=CC=C1)NC(=O)C2=NC=CN=C2)B(O)O,GXJABQQUPOEUTA-RDJZCZTQSA-N,Targeted,Launched,HCT116,
spher-colo52-v1-ULA-PB000137-HCT116-48h-P1-L1,M08,4185,5532,PB000137,PB000137_M08,colo-028,Gemcitabine,dmso,1.0,µM,1.0,mM,100.0,nl,40.0,µl,trt,S1714,"Autophagy,DNA/RNA Synthesis",DNA Damage,60750.0,NC1=NC(=O)N(C=C1)C2OC(CO)C(O)C2(F)F,SDUQYLNIPVEERB-QPPQHZFASA-N,Cytotoxic,Launched,HCT116,Antimetabolite
spher-colo52-v1-ULA-PB000137-HCT116-48h-P1-L1,M09,4185,5532,PB000137,PB000137_M09,colo-030,SB505124,dmso,3.0,µM,10.0,mM,30.0,nl,40.0,µl,trt,S2186,TGF-beta/Smad,TGF-beta/Smad,9858940.0,CC1=CC=CC(=N1)C2=C(N=C([NH]2)C(C)(C)C)C3=CC4=C(OCO4)C=C3,WGZOTBUYUFBEPZ-UHFFFAOYSA-N,Targeted,Preclinical,HCT116,
spher-colo52-v1-ULA-PB000137-HCT116-48h-P1-L1,M10,4185,5532,PB000137,PB000137_M10,colo-026,AZD8055,dmso,1.0,µM,1.0,mM,100.0,nl,40.0,µl,trt,S1555,mTOR,PI3K/Akt/mTOR,25262965.0,COC1=C(CO)C=C(C=C1)C2=NC3=C(C=C2)C(=NC(=N3)N4CCOCC4C)N5CCOCC5C,KVLFRAWTRWDEDF-IRXDYDNUSA-N,Targeted,Phase 1,HCT116,
spher-colo52-v1-ULA-PB000137-HCT116-48h-P1-L1,M11,4185,5532,PB000137,PB000137_M11,colo-001,ABT-737,dmso,0.1,µM,0.1,mM,100.0,nl,40.0,µl,trt,S1002,"Bcl-2,Autophagy",Apoptosis,11228183.0,CN(C)CCC(CSC1=CC=CC=C1)NC2=CC=C(C=C2[N+]([O-])=O)[S](=O)(=O)NC(=O)C3=CC=C(C=C3)N4CCN(CC4)CC5=C(C=CC=C5)C6=CC=C(Cl)C=C6,HPLNQCPCUACXLM-PGUFJCEWSA-N,Targeted,Phase 1/Phase 2,HCT116,
spher-colo52-v1-ULA-PB000137-HCT116-48h-P1-L1,M12,4185,5532,PB000137,PB000137_M12,colo-034,Rabusertib (LY2603618),dmso,1.0,µM,1.0,mM,100.0,nl,40.0,µl,trt,S2626,Chk,Cell Cycle,11955855.0,CC1=NC=C(NC(=O)NC2=C(OCC3CNCCO3)C=C(C)C(=C2)Br)N=C1,SYYBDNPGDKKJDU-ZDUSSCGKSA-N,Targeted,Phase 2,HCT116,
spher-colo52-v1-ULA-PB000137-HCT116-48h-P1-L1,M13,4185,5532,PB000137,PB000137_M13,colo-025,AZD7762,dmso,10.0,µM,10.0,mM,100.0,nl,40.0,µl,trt,S1532,Chk,Cell Cycle,11152667.0,NC(=O)NC1=C(SC(=C1)C2=CC(=CC=C2)F)C(=O)NC3CCCNC3,IAYGCINLNONXHY-LBPRGKRZSA-N,Targeted,Phase 1,HCT116,
spher-colo52-v1-ULA-PB000137-HCT116-48h-P1-L1,M14,4185,5532,PB000137,PB000137_M14,colo-007,PI-103,dmso,0.3,µM,1.0,mM,30.0,nl,40.0,µl,trt,S1038,"Autophagy,DNA-PK,mTOR,PI3K",PI3K/Akt/mTOR,9884685.0,OC1=CC(=CC=C1)C2=NC3=C(OC4=C3C=CC=N4)C(=N2)N5CCOCC5,TUVCWJQQGGETHL-UHFFFAOYSA-N,Targeted,Preclinical,HCT116,
spher-colo52-v1-ULA-PB000137-HCT116-48h-P1-L1,M15,4185,5532,PB000137,PB000137_M15,colo-009,"Olaparib (AZD2281, Ku-0059436)",dmso,1.0,µM,1.0,mM,100.0,nl,40.0,µl,trt,S1060,PARP,DNA Damage,23725625.0,FC1=C(C=C(CC2=NNC(=O)C3=C2C=CC=C3)C=C1)C(=O)N4CCN(CC4)C(=O)C5CC5,FDLYAMZZIXQODN-UHFFFAOYSA-N,Targeted,Launched,HCT116,PARPi
spher-colo52-v1-ULA-PB000137-HCT116-48h-P1-L1,M16,4185,5532,PB000137,PB000137_M16,colo-015,Triciribine,dmso,1.0,µM,1.0,mM,100.0,nl,40.0,µl,trt,S1117,Akt,PI3K/Akt/mTOR,65399.0,CN1N=C(N)C2=C[N](C3OC(CO)C(O)C3O)C4=C2C1=NC=N4,HOGVTUZUJGHKPL-HTVVRFAVSA-N,Targeted,Phase 1/Phase 2,HCT116,
spher-colo52-v1-ULA-PB000137-HCT116-48h-P1-L1,M17,4185,5532,PB000137,PB000137_M17,colo-014,Linsitinib (OSI-906),dmso,0.3,µM,1.0,mM,30.0,nl,40.0,µl,trt,S1091,IGF-1R,Protein Tyrosine Kinase,11640390.0,CC1(O)CC(C1)C2=NC(=C3[N]2C=CN=C3N)C4=CC=C5C=CC(=NC5=C4)C6=CC=CC=C6,PKCDDUHJAFVJJB-UHFFFAOYSA-N,Targeted,Preclinical,HCT116,
spher-colo52-v1-ULA-PB000137-HCT116-48h-P1-L1,M18,4185,5532,PB000137,PB000137_M18,colo-023,Ruxolitinib (INCB018424),dmso,0.3,µM,1.0,mM,30.0,nl,40.0,µl,trt,S1378,JAK,JAK/STAT,25126798.0,N#CCC(C1CCCC1)[N]2C=C(C=N2)C3=NC=NC4=C3C=C[NH]4,HFNKQEVNSGCOJV-OAHLLOKOSA-N,Targeted,Launched,HCT116,
spher-colo52-v1-ULA-PB000137-HCT116-48h-P1-L1,M19,4185,5532,PB000137,PB000137_M19,colo-025,AZD7762,dmso,0.3,µM,1.0,mM,30.0,nl,40.0,µl,trt,S1532,Chk,Cell Cycle,11152667.0,NC(=O)NC1=C(SC(=C1)C2=CC(=CC=C2)F)C(=O)NC3CCCNC3,IAYGCINLNONXHY-LBPRGKRZSA-N,Targeted,Phase 1,HCT116,
spher-colo52-v1-ULA-PB000137-HCT116-48h-P1-L1,M20,4185,5532,PB000137,PB000137_M20,colo-013,MK-2206 2HCl,dmso,1.0,µM,1.0,mM,100.0,nl,40.0,µl,trt,S1078,Akt,PI3K/Akt/mTOR,46930998.0,Cl.Cl.NC1(CCC1)C2=CC=C(C=C2)C3=C(C=C4C(=N3)C=CN5C(=O)NN=C45)C6=CC=CC=C6,HWUHTJIKQZZBRA-UHFFFAOYSA-N,Targeted,Preclinical,HCT116,
spher-colo52-v1-ULA-PB000137-HCT116-48h-P1-L1,M21,4185,5532,PB000137,PB000137_M21,colo-007,PI-103,dmso,3.0,µM,10.0,mM,30.0,nl,40.0,µl,trt,S1038,"Autophagy,DNA-PK,mTOR,PI3K",PI3K/Akt/mTOR,9884685.0,OC1=CC(=CC=C1)C2=NC3=C(OC4=C3C=CC=N4)C(=N2)N5CCOCC5,TUVCWJQQGGETHL-UHFFFAOYSA-N,Targeted,Preclinical,HCT116,
spher-colo52-v1-ULA-PB000137-HCT116-48h-P1-L1,M22,4185,5532,PB000137,PB000137_M22,colo-020,"Fluorouracil (5-Fluoracil, 5-FU)",dmso,0.3,µM,1.0,mM,30.0,nl,40.0,µl,trt,S1209,DNA/RNA Synthesis,DNA Damage,3385.0,FC1=CNC(=O)NC1=O,GHASVSINZRGABV-UHFFFAOYSA-N,Cytotoxic,Launched,HCT116,Antimetabolite
spher-colo52-v1-ULA-PB000137-HCT116-48h-P1-L1,M23,4185,5532,PB000137,PB000137_M23,dmso,dmso,dmso,0.1,µM,100.0,%,100.0,nl,40.0,µl,neg_con,D2438,control,,679.0,CS(=O)C,IAZDPXIOMUYVGZ-UHFFFAOYSA-N,,,HCT116,
spher-colo52-v1-ULA-PB000137-HCT116-48h-P1-L1,N02,4185,5532,PB000137,PB000137_N02,colo-033,Miglitol,dmso,1.0,µM,1.0,mM,100.0,nl,40.0,µl,trt,S2589,Others,Others,441314.0,OCCN1CC(O)C(O)C(O)C1CO,IBAQFPQHRJAVAV-ULAWRXDQSA-N,,Launched,HCT116,
spher-colo52-v1-ULA-PB000137-HCT116-48h-P1-L1,N03,4185,5532,PB000137,PB000137_N03,colo-012,SB216763,dmso,1.0,µM,1.0,mM,100.0,nl,40.0,µl,trt,S1075,GSK-3,PI3K/Akt/mTOR,176158.0,C[N]1C=C(C2=C1C=CC=C2)C3=C(C(=O)NC3=O)C4=CC=C(Cl)C=C4Cl,JCSGFHVFHSKIJH-UHFFFAOYSA-N,Targeted,Preclinical,HCT116,
spher-colo52-v1-ULA-PB000137-HCT116-48h-P1-L1,N04,4185,5532,PB000137,PB000137_N04,dmso,dmso,dmso,0.1,µM,100.0,%,100.0,nl,40.0,µl,neg_con,D2438,control,,679.0,CS(=O)C,IAZDPXIOMUYVGZ-UHFFFAOYSA-N,,,HCT116,
spher-colo52-v1-ULA-PB000137-HCT116-48h-P1-L1,N05,4185,5532,PB000137,PB000137_N05,colo-002,Veliparib (ABT-888),dmso,3.0,µM,10.0,mM,30.0,nl,40.0,µl,trt,S1004,PARP,DNA Damage,11960529.0,CC1(CCCN1)C2=NC3=C(C=CC=C3[NH]2)C(N)=O,JNAHVYVRKWKWKQ-CYBMUJFWSA-N,Targeted,Phase 3,HCT116,PARPi
spher-colo52-v1-ULA-PB000137-HCT116-48h-P1-L1,N06,4185,5532,PB000137,PB000137_N06,colo-014,Linsitinib (OSI-906),dmso,3.0,µM,10.0,mM,30.0,nl,40.0,µl,trt,S1091,IGF-1R,Protein Tyrosine Kinase,11640390.0,CC1(O)CC(C1)C2=NC(=C3[N]2C=CN=C3N)C4=CC=C5C=CC(=NC5=C4)C6=CC=CC=C6,PKCDDUHJAFVJJB-UHFFFAOYSA-N,Targeted,Preclinical,HCT116,
spher-colo52-v1-ULA-PB000137-HCT116-48h-P1-L1,N07,4185,5532,PB000137,PB000137_N07,colo-005,Gefitinib (ZD1839),dmso,0.3,µM,1.0,mM,30.0,nl,40.0,µl,trt,S1025,EGFR,Protein Tyrosine Kinase,123631.0,COC1=C(OCCCN2CCOCC2)C=C3C(=NC=NC3=C1)NC4=CC=C(F)C(=C4)Cl,XGALLCVXEZPNRQ-UHFFFAOYSA-N,Targeted,Launched,HCT116,
spher-colo52-v1-ULA-PB000137-HCT116-48h-P1-L1,N08,4185,5532,PB000137,PB000137_N08,colo-023,Ruxolitinib (INCB018424),dmso,0.3,µM,1.0,mM,30.0,nl,40.0,µl,trt,S1378,JAK,JAK/STAT,25126798.0,N#CCC(C1CCCC1)[N]2C=C(C=N2)C3=NC=NC4=C3C=C[NH]4,HFNKQEVNSGCOJV-OAHLLOKOSA-N,Targeted,Launched,HCT116,
spher-colo52-v1-ULA-PB000137-HCT116-48h-P1-L1,N09,4185,5532,PB000137,PB000137_N09,colo-019,Regorafenib (BAY 73-4506),dmso,0.3,µM,1.0,mM,30.0,nl,40.0,µl,trt,S1178,"c-RET,VEGFR",Protein Tyrosine Kinase,11167602.0,CNC(=O)C1=CC(=CC=N1)OC2=CC(=C(NC(=O)NC3=CC=C(Cl)C(=C3)C(F)(F)F)C=C2)F,FNHKPVJBJVTLMP-UHFFFAOYSA-N,Targeted,Launched,HCT116,
spher-colo52-v1-ULA-PB000137-HCT116-48h-P1-L1,N10,4185,5532,PB000137,PB000137_N10,colo-011,Crizotinib (PF-02341066),dmso,0.3,µM,1.0,mM,30.0,nl,40.0,µl,trt,S1068,"ALK,c-Met",Protein Tyrosine Kinase,11626560.0,CC(OC1=C(N)N=CC(=C1)C2=C[N](N=C2)C3CCNCC3)C4=C(Cl)C=CC(=C4Cl)F,KTEIFNKAUNYNJU-GFCCVEGCSA-N,Targeted,Launched,HCT116,
spher-colo52-v1-ULA-PB000137-HCT116-48h-P1-L1,N11,4185,5532,PB000137,PB000137_N11,colo-008,"Vorinostat (SAHA, MK0683)",dmso,10.0,µM,10.0,mM,100.0,nl,40.0,µl,trt,S1047,"Autophagy,HDAC",Epigenetics,5311.0,ONC(=O)CCCCCCC(=O)NC1=CC=CC=C1,WAEXFXRVDQXREF-UHFFFAOYSA-N,Targeted,Launched,HCT116,
spher-colo52-v1-ULA-PB000137-HCT116-48h-P1-L1,N12,4185,5532,PB000137,PB000137_N12,colo-021,Temozolomide,dmso,1.0,µM,1.0,mM,100.0,nl,40.0,µl,trt,S1237,"DNA/RNA Synthesis,Autophagy",DNA Damage,5394.0,CN1N=NC2=C(N=C[N]2C1=O)C(N)=O,BPEGJWRSRHCHSN-UHFFFAOYSA-N,Cytotoxic,Launched,HCT116,Alkylator
spher-colo52-v1-ULA-PB000137-HCT116-48h-P1-L1,N13,4185,5532,PB000137,PB000137_N13,colo-008,"Vorinostat (SAHA, MK0683)",dmso,10.0,µM,10.0,mM,100.0,nl,40.0,µl,trt,S1047,"Autophagy,HDAC",Epigenetics,5311.0,ONC(=O)CCCCCCC(=O)NC1=CC=CC=C1,WAEXFXRVDQXREF-UHFFFAOYSA-N,Targeted,Launched,HCT116,
spher-colo52-v1-ULA-PB000137-HCT116-48h-P1-L1,N14,4185,5532,PB000137,PB000137_N14,colo-005,Gefitinib (ZD1839),dmso,1.0,µM,1.0,mM,100.0,nl,40.0,µl,trt,S1025,EGFR,Protein Tyrosine Kinase,123631.0,COC1=C(OCCCN2CCOCC2)C=C3C(=NC=NC3=C1)NC4=CC=C(F)C(=C4)Cl,XGALLCVXEZPNRQ-UHFFFAOYSA-N,Targeted,Launched,HCT116,
spher-colo52-v1-ULA-PB000137-HCT116-48h-P1-L1,N15,4185,5532,PB000137,PB000137_N15,dmso,dmso,dmso,0.1,µM,100.0,%,100.0,nl,40.0,µl,neg_con,D2438,control,,679.0,CS(=O)C,IAZDPXIOMUYVGZ-UHFFFAOYSA-N,,,HCT116,
spher-colo52-v1-ULA-PB000137-HCT116-48h-P1-L1,N16,4185,5532,PB000137,PB000137_N16,colo-008,"Vorinostat (SAHA, MK0683)",dmso,0.3,µM,1.0,mM,30.0,nl,40.0,µl,trt,S1047,"Autophagy,HDAC",Epigenetics,5311.0,ONC(=O)CCCCCCC(=O)NC1=CC=CC=C1,WAEXFXRVDQXREF-UHFFFAOYSA-N,Targeted,Launched,HCT116,
spher-colo52-v1-ULA-PB000137-HCT116-48h-P1-L1,N17,4185,5532,PB000137,PB000137_N17,colo-005,Gefitinib (ZD1839),dmso,10.0,µM,10.0,mM,100.0,nl,40.0,µl,trt,S1025,EGFR,Protein Tyrosine Kinase,123631.0,COC1=C(OCCCN2CCOCC2)C=C3C(=NC=NC3=C1)NC4=CC=C(F)C(=C4)Cl,XGALLCVXEZPNRQ-UHFFFAOYSA-N,Targeted,Launched,HCT116,
spher-colo52-v1-ULA-PB000137-HCT116-48h-P1-L1,N18,4185,5532,PB000137,PB000137_N18,colo-024,Adavosertib （MK-1775）,dmso,3.0,µM,10.0,mM,30.0,nl,40.0,µl,trt,S1525,Wee1,Cell Cycle,24856436.0,CN1CCN(CC1)C2=CC=C(NC3=NC4=C(C=N3)C(=O)N(CC=C)N4C5=NC(=CC=C5)C(C)(C)O)C=C2,BKWJAKQVGHWELA-UHFFFAOYSA-N,Targeted,Phase 2,HCT116,
spher-colo52-v1-ULA-PB000137-HCT116-48h-P1-L1,N19,4185,5532,PB000137,PB000137_N19,colo-016,BMS-754807,dmso,0.3,µM,1.0,mM,30.0,nl,40.0,µl,trt,S1124,"c-Met,IGF-1R,Trk receptor",Protein Tyrosine Kinase,24785538.0,CC1(CCCN1C2=N[N]3C=CC=C3C(=N2)NC4=N[NH]C(=C4)C5CC5)C(=O)NC6=CC=C(F)N=C6,LQVXSNNAFNGRAH-QHCPKHFHSA-N,Targeted,Phase 2,HCT116,
spher-colo52-v1-ULA-PB000137-HCT116-48h-P1-L1,N20,4185,5532,PB000137,PB000137_N20,colo-008,"Vorinostat (SAHA, MK0683)",dmso,0.3,µM,1.0,mM,30.0,nl,40.0,µl,trt,S1047,"Autophagy,HDAC",Epigenetics,5311.0,ONC(=O)CCCCCCC(=O)NC1=CC=CC=C1,WAEXFXRVDQXREF-UHFFFAOYSA-N,Targeted,Launched,HCT116,
spher-colo52-v1-ULA-PB000137-HCT116-48h-P1-L1,N21,4185,5532,PB000137,PB000137_N21,colo-009,"Olaparib (AZD2281, Ku-0059436)",dmso,10.0,µM,10.0,mM,100.0,nl,40.0,µl,trt,S1060,PARP,DNA Damage,23725625.0,FC1=C(C=C(CC2=NNC(=O)C3=C2C=CC=C3)C=C1)C(=O)N4CCN(CC4)C(=O)C5CC5,FDLYAMZZIXQODN-UHFFFAOYSA-N,Targeted,Launched,HCT116,PARPi
spher-colo52-v1-ULA-PB000137-HCT116-48h-P1-L1,N22,4185,5532,PB000137,PB000137_N22,colo-026,AZD8055,dmso,0.3,µM,1.0,mM,30.0,nl,40.0,µl,trt,S1555,mTOR,PI3K/Akt/mTOR,25262965.0,COC1=C(CO)C=C(C=C1)C2=NC3=C(C=C2)C(=NC(=N3)N4CCOCC4C)N5CCOCC5C,KVLFRAWTRWDEDF-IRXDYDNUSA-N,Targeted,Phase 1,HCT116,
spher-colo52-v1-ULA-PB000137-HCT116-48h-P1-L1,N23,4185,5532,PB000137,PB000137_N23,colo-001,ABT-737,dmso,0.03,µM,0.1,mM,30.0,nl,40.0,µl,trt,S1002,"Bcl-2,Autophagy",Apoptosis,11228183.0,CN(C)CCC(CSC1=CC=CC=C1)NC2=CC=C(C=C2[N+]([O-])=O)[S](=O)(=O)NC(=O)C3=CC=C(C=C3)N4CCN(CC4)CC5=C(C=CC=C5)C6=CC=C(Cl)C=C6,HPLNQCPCUACXLM-PGUFJCEWSA-N,Targeted,Phase 1/Phase 2,HCT116,
spher-colo52-v1-ULA-PB000137-HCT116-48h-P1-L1,O02,4185,5532,PB000137,PB000137_O02,colo-028,Gemcitabine,dmso,0.1,µM,0.1,mM,100.0,nl,40.0,µl,trt,S1714,"Autophagy,DNA/RNA Synthesis",DNA Damage,60750.0,NC1=NC(=O)N(C=C1)C2OC(CO)C(O)C2(F)F,SDUQYLNIPVEERB-QPPQHZFASA-N,Cytotoxic,Launched,HCT116,Antimetabolite
spher-colo52-v1-ULA-PB000137-HCT116-48h-P1-L1,O03,4185,5532,PB000137,PB000137_O03,colo-016,BMS-754807,dmso,0.3,µM,1.0,mM,30.0,nl,40.0,µl,trt,S1124,"c-Met,IGF-1R,Trk receptor",Protein Tyrosine Kinase,24785538.0,CC1(CCCN1C2=N[N]3C=CC=C3C(=N2)NC4=N[NH]C(=C4)C5CC5)C(=O)NC6=CC=C(F)N=C6,LQVXSNNAFNGRAH-QHCPKHFHSA-N,Targeted,Phase 2,HCT116,
spher-colo52-v1-ULA-PB000137-HCT116-48h-P1-L1,O04,4185,5532,PB000137,PB000137_O04,colo-029,Trifluridine,dmso,0.3,µM,1.0,mM,30.0,nl,40.0,µl,trt,S1778,DNA/RNA Synthesis,DNA Damage,6256.0,OCC1OC(CC1O)N2C=C(C(=O)NC2=O)C(F)(F)F,VSQQQLOSPVPRAZ-RRKCRQDMSA-N,Cytotoxic,Launched,HCT116,Antimetabolite
spher-colo52-v1-ULA-PB000137-HCT116-48h-P1-L1,O05,4185,5532,PB000137,PB000137_O05,colo-005,Gefitinib (ZD1839),dmso,10.0,µM,10.0,mM,100.0,nl,40.0,µl,trt,S1025,EGFR,Protein Tyrosine Kinase,123631.0,COC1=C(OCCCN2CCOCC2)C=C3C(=NC=NC3=C1)NC4=CC=C(F)C(=C4)Cl,XGALLCVXEZPNRQ-UHFFFAOYSA-N,Targeted,Launched,HCT116,
spher-colo52-v1-ULA-PB000137-HCT116-48h-P1-L1,O06,4185,5532,PB000137,PB000137_O06,colo-016,BMS-754807,dmso,10.0,µM,10.0,mM,100.0,nl,40.0,µl,trt,S1124,"c-Met,IGF-1R,Trk receptor",Protein Tyrosine Kinase,24785538.0,CC1(CCCN1C2=N[N]3C=CC=C3C(=N2)NC4=N[NH]C(=C4)C5CC5)C(=O)NC6=CC=C(F)N=C6,LQVXSNNAFNGRAH-QHCPKHFHSA-N,Targeted,Phase 2,HCT116,
spher-colo52-v1-ULA-PB000137-HCT116-48h-P1-L1,O07,4185,5532,PB000137,PB000137_O07,colo-027,Doramapimod (BIRB 796),dmso,10.0,µM,10.0,mM,100.0,nl,40.0,µl,trt,S1574,p38 MAPK,MAPK,156422.0,CC1=CC=C(C=C1)[N]2N=C(C=C2NC(=O)NC3=CC=C(OCCN4CCOCC4)C5=C3C=CC=C5)C(C)(C)C,MVCOAUNKQVWQHZ-UHFFFAOYSA-N,Targeted,Phase 2,HCT116,
spher-colo52-v1-ULA-PB000137-HCT116-48h-P1-L1,O08,4185,5532,PB000137,PB000137_O08,colo-033,Miglitol,dmso,1.0,µM,1.0,mM,100.0,nl,40.0,µl,trt,S2589,Others,Others,441314.0,OCCN1CC(O)C(O)C(O)C1CO,IBAQFPQHRJAVAV-ULAWRXDQSA-N,,Launched,HCT116,
spher-colo52-v1-ULA-PB000137-HCT116-48h-P1-L1,O09,4185,5532,PB000137,PB000137_O09,dmso,dmso,dmso,0.1,µM,100.0,%,100.0,nl,40.0,µl,neg_con,D2438,control,,679.0,CS(=O)C,IAZDPXIOMUYVGZ-UHFFFAOYSA-N,,,HCT116,
spher-colo52-v1-ULA-PB000137-HCT116-48h-P1-L1,O10,4185,5532,PB000137,PB000137_O10,colo-018,Paclitaxel,dmso,0.003,µM,0.01,mM,30.0,nl,40.0,µl,trt,S1150,"Autophagy,Microtubule Associated",Cytoskeletal Signaling,441276.0,CC(=O)OC1C(=O)C2(C)C(O)CC3OCC3(OC(C)=O)C2C(OC(=O)C4=CC=CC=C4)C5(O)CC(OC(=O)C(O)C(NC(=O)C6=CC=CC=C6)C7=CC=CC=C7)C(=C1C5(C)C)C,RCINICONZNJXQF-VAZQATRQSA-N,Cytotoxic,Preclinical,HCT116,
spher-colo52-v1-ULA-PB000137-HCT116-48h-P1-L1,O11,4185,5532,PB000137,PB000137_O11,colo-009,"Olaparib (AZD2281, Ku-0059436)",dmso,10.0,µM,10.0,mM,100.0,nl,40.0,µl,trt,S1060,PARP,DNA Damage,23725625.0,FC1=C(C=C(CC2=NNC(=O)C3=C2C=CC=C3)C=C1)C(=O)N4CCN(CC4)C(=O)C5CC5,FDLYAMZZIXQODN-UHFFFAOYSA-N,Targeted,Launched,HCT116,PARPi
spher-colo52-v1-ULA-PB000137-HCT116-48h-P1-L1,O12,4185,5532,PB000137,PB000137_O12,colo-026,AZD8055,dmso,3.0,µM,10.0,mM,30.0,nl,40.0,µl,trt,S1555,mTOR,PI3K/Akt/mTOR,25262965.0,COC1=C(CO)C=C(C=C1)C2=NC3=C(C=C2)C(=NC(=N3)N4CCOCC4C)N5CCOCC5C,KVLFRAWTRWDEDF-IRXDYDNUSA-N,Targeted,Phase 1,HCT116,
spher-colo52-v1-ULA-PB000137-HCT116-48h-P1-L1,O13,4185,5532,PB000137,PB000137_O13,colo-017,Tanespimycin (17-AAG),dmso,0.03,µM,0.1,mM,30.0,nl,40.0,µl,trt,S1141,HSP (e.g. HSP90),Cytoskeletal Signaling,6505803.0,COC1CC(C)CC2=C(NCC=C)C(=O)C=C(NC(=O)C(=C\C=C/C(OC)C(OC(N)=O)/C(=C/C(C)C1O)C)\C)C2=O,AYUNIORJHRXIBJ-TXHRRWQRSA-N,Targeted,Phase 3,HCT116,
spher-colo52-v1-ULA-PB000137-HCT116-48h-P1-L1,O14,4185,5532,PB000137,PB000137_O14,colo-004,Bortezomib (PS-341),dmso,0.1,µM,0.1,mM,100.0,nl,40.0,µl,trt,S1013,Proteasome,Proteases,387447.0,CC(C)CC(NC(=O)C(CC1=CC=CC=C1)NC(=O)C2=NC=CN=C2)B(O)O,GXJABQQUPOEUTA-RDJZCZTQSA-N,Targeted,Launched,HCT116,
spher-colo52-v1-ULA-PB000137-HCT116-48h-P1-L1,O15,4185,5532,PB000137,PB000137_O15,colo-010,Nutlin-3,dmso,10.0,µM,10.0,mM,100.0,nl,40.0,µl,trt,S1061,"E3 Ligase ,Mdm2",Apoptosis,216345.0,COC1=CC(=C(C=C1)C2=NC(C(N2C(=O)N3CCNC(=O)C3)C4=CC=C(Cl)C=C4)C5=CC=C(Cl)C=C5)OC(C)C,BDUHCSBCVGXTJM-UHFFFAOYSA-N,Targeted,Preclinical,HCT116,
spher-colo52-v1-ULA-PB000137-HCT116-48h-P1-L1,O16,4185,5532,PB000137,PB000137_O16,colo-027,Doramapimod (BIRB 796),dmso,0.3,µM,1.0,mM,30.0,nl,40.0,µl,trt,S1574,p38 MAPK,MAPK,156422.0,CC1=CC=C(C=C1)[N]2N=C(C=C2NC(=O)NC3=CC=C(OCCN4CCOCC4)C5=C3C=CC=C5)C(C)(C)C,MVCOAUNKQVWQHZ-UHFFFAOYSA-N,Targeted,Phase 2,HCT116,
spher-colo52-v1-ULA-PB000137-HCT116-48h-P1-L1,O17,4185,5532,PB000137,PB000137_O17,colo-034,Rabusertib (LY2603618),dmso,3.0,µM,10.0,mM,30.0,nl,40.0,µl,trt,S2626,Chk,Cell Cycle,11955855.0,CC1=NC=C(NC(=O)NC2=C(OCC3CNCCO3)C=C(C)C(=C2)Br)N=C1,SYYBDNPGDKKJDU-ZDUSSCGKSA-N,Targeted,Phase 2,HCT116,
spher-colo52-v1-ULA-PB000137-HCT116-48h-P1-L1,O18,4185,5532,PB000137,PB000137_O18,colo-029,Trifluridine,dmso,3.0,µM,10.0,mM,30.0,nl,40.0,µl,trt,S1778,DNA/RNA Synthesis,DNA Damage,6256.0,OCC1OC(CC1O)N2C=C(C(=O)NC2=O)C(F)(F)F,VSQQQLOSPVPRAZ-RRKCRQDMSA-N,Cytotoxic,Launched,HCT116,Antimetabolite
spher-colo52-v1-ULA-PB000137-HCT116-48h-P1-L1,O19,4185,5532,PB000137,PB000137_O19,colo-033,Miglitol,dmso,10.0,µM,10.0,mM,100.0,nl,40.0,µl,trt,S2589,Others,Others,441314.0,OCCN1CC(O)C(O)C(O)C1CO,IBAQFPQHRJAVAV-ULAWRXDQSA-N,,Launched,HCT116,
spher-colo52-v1-ULA-PB000137-HCT116-48h-P1-L1,O20,4185,5532,PB000137,PB000137_O20,sorb,sorb,dmso,10.0,µM,10.0,mM,100.0,nl,40.0,µl,pos_con,S1876,inert,,5780.0,C(C(C(C(C(CO)O)O)O)O)O,FBPFZTCFMRRESA-JGWLITMVSA-N,,,HCT116,
spher-colo52-v1-ULA-PB000137-HCT116-48h-P1-L1,O21,4185,5532,PB000137,PB000137_O21,colo-024,Adavosertib （MK-1775）,dmso,1.0,µM,1.0,mM,100.0,nl,40.0,µl,trt,S1525,Wee1,Cell Cycle,24856436.0,CN1CCN(CC1)C2=CC=C(NC3=NC4=C(C=N3)C(=O)N(CC=C)N4C5=NC(=CC=C5)C(C)(C)O)C=C2,BKWJAKQVGHWELA-UHFFFAOYSA-N,Targeted,Phase 2,HCT116,
spher-colo52-v1-ULA-PB000137-HCT116-48h-P1-L1,O22,4185,5532,PB000137,PB000137_O22,colo-028,Gemcitabine,dmso,0.3,µM,1.0,mM,30.0,nl,40.0,µl,trt,S1714,"Autophagy,DNA/RNA Synthesis",DNA Damage,60750.0,NC1=NC(=O)N(C=C1)C2OC(CO)C(O)C2(F)F,SDUQYLNIPVEERB-QPPQHZFASA-N,Cytotoxic,Launched,HCT116,Antimetabolite
spher-colo52-v1-ULA-PB000137-HCT116-48h-P1-L1,O23,4185,5532,PB000137,PB000137_O23,colo-035,Trametinib (GSK1120212),dmso,0.1,µM,0.1,mM,100.0,nl,40.0,µl,trt,S2673,MEK,MAPK,11707110.0,CN1C(=O)C(=C2N(C(=O)N(C3CC3)C(=O)C2=C1NC4=CC=C(I)C=C4F)C5=CC(=CC=C5)NC(C)=O)C,LIRYPHYGHXZJBZ-UHFFFAOYSA-N,Targeted,Launched,HCT116,
spher-colo52-v1-ULA-PB000139-HCT116-HT29-48h-P1-L2,B02,4186,5533,PB000139,PB000139_B02,colo-050,Encorafenib (LGX818),dmso,1.0,µM,1.0,mM,100.0,nl,40.0,µl,trt,S7108,Raf,MAPK,50922675.0,CC(C)N1C=C(C(=N1)C2=C(C(=CC(=C2)Cl)NS(=O)(=O)C)F)C3=NC(=NC=C3)NCC(C)NC(=O)OC,CMJCXYNUCSMDBY-ZDUSSCGKSA-N,Targeted,Launched,HCT116,
spher-colo52-v1-ULA-PB000139-HCT116-HT29-48h-P1-L2,B03,4186,5533,PB000139,PB000139_B03,colo-044,abemaciclib (LY2835219),dmso,3.0,µM,10.0,mM,30.0,nl,40.0,µl,trt,S7158,CDK,Cell Cycle,71576678.0,CCN1CCN(CC1)CC2=CC=C(NC3=NC(=C(F)C=N3)C4=CC(=C5N=C(C)[N](C(C)C)C5=C4)F)N=C2.C[S](O)(=O)=O,NCJPFQPEVDHJAZ-UHFFFAOYSA-N,Targeted,Preclinical,HCT116,
spher-colo52-v1-ULA-PB000139-HCT116-HT29-48h-P1-L2,B04,4186,5533,PB000139,PB000139_B04,dmso,dmso,dmso,0.1,µM,100.0,%,100.0,nl,40.0,µl,neg_con,D2438,control,,679.0,CS(=O)C,IAZDPXIOMUYVGZ-UHFFFAOYSA-N,,,HCT116,
spher-colo52-v1-ULA-PB000139-HCT116-HT29-48h-P1-L2,B05,4186,5533,PB000139,PB000139_B05,colo-042,Taselisib (GDC 0032),dmso,0.3,µM,1.0,mM,30.0,nl,40.0,µl,trt,S7103,PI3K,PI3K/Akt/mTOR,51001932.0,CC(C)[N]1N=C(C)N=C1C2=C[N]3CCOC4=CC(=CC=C4C3=N2)C5=C[N](N=C5)C(C)(C)C(N)=O,BEUQXVWXFDOSAQ-UHFFFAOYSA-N,Targeted,Phase 3,HCT116,
spher-colo52-v1-ULA-PB000139-HCT116-HT29-48h-P1-L2,B06,4186,5533,PB000139,PB000139_B06,colo-037,Dabrafenib (GSK2118436),dmso,10.0,µM,10.0,mM,100.0,nl,40.0,µl,trt,S2807,Raf,MAPK,44462760.0,CC(C)(C)C1=NC(=C(S1)C2=NC(=NC=C2)N)C3=C(F)C(=CC=C3)N[S](=O)(=O)C4=C(F)C=CC=C4F,BFSMGDJOXZAERB-UHFFFAOYSA-N,Targeted,Launched,HCT116,
spher-colo52-v1-ULA-PB000139-HCT116-HT29-48h-P1-L2,B07,4186,5533,PB000139,PB000139_B07,colo-049,Oxaliplatin,water,10.0,µM,2.0,mM,500.0,nl,40.0,µl,trt,S1224,DNA/RNA Synthesis,DNA Damage,9887054.0,[Pt++].NC1CCCCC1N.[O-]C(=O)C([O-])=O,ZROHGHOFXNOHSO-BNTLRKBRSA-L,Cytotoxic,Launched,HCT116,Platinum
spher-colo52-v1-ULA-PB000139-HCT116-HT29-48h-P1-L2,B08,4186,5533,PB000139,PB000139_B08,colo-043,LGK-974,dmso,0.3,µM,1.0,mM,30.0,nl,40.0,µl,trt,S7143,Wnt/beta-catenin,Stem Cells & Wnt,46926973.0,CC1=CC(=CC=N1)C2=C(C)C=C(CC(=O)NC3=CC=C(C=N3)C4=CN=CC=N4)C=N2,XXYGTCZJJLTAGH-UHFFFAOYSA-N,Targeted,Phase 2,HCT116,
spher-colo52-v1-ULA-PB000139-HCT116-HT29-48h-P1-L2,B09,4186,5533,PB000139,PB000139_B09,colo-036,AZD4547,dmso,3.0,µM,10.0,mM,30.0,nl,40.0,µl,trt,S2801,FGFR,Angiogenesis,51039095.0,COC1=CC(=CC(=C1)OC)CCC2=CC(=N[NH]2)NC(=O)C3=CC=C(C=C3)N4CC(C)NC(C)C4,VRQMAABPASPXMW-HDICACEKSA-N,Targeted,Phase 2/Phase 3,HCT116,
spher-colo52-v1-ULA-PB000139-HCT116-HT29-48h-P1-L2,B10,4186,5533,PB000139,PB000139_B10,colo-050,Encorafenib (LGX818),dmso,3.0,µM,10.0,mM,30.0,nl,40.0,µl,trt,S7108,Raf,MAPK,50922675.0,CC(C)N1C=C(C(=N1)C2=C(C(=CC(=C2)Cl)NS(=O)(=O)C)F)C3=NC(=NC=C3)NCC(C)NC(=O)OC,CMJCXYNUCSMDBY-ZDUSSCGKSA-N,Targeted,Launched,HCT116,
spher-colo52-v1-ULA-PB000139-HCT116-HT29-48h-P1-L2,B11,4186,5533,PB000139,PB000139_B11,colo-041,"Binimetinib (MEK162, ARRY-162, ARRY-438162)",dmso,0.3,µM,1.0,mM,30.0,nl,40.0,µl,trt,S7007,MEK,MAPK,10288191.0,C[N]1C=NC2=C1C=C(C(=O)NOCCO)C(=C2F)NC3=C(F)C=C(Br)C=C3,ACWZRVQXLIRSDF-UHFFFAOYSA-N,Targeted,Launched,HCT116,
spher-colo52-v1-ULA-PB000139-HCT116-HT29-48h-P1-L2,B12,4186,5533,PB000139,PB000139_B12,colo-050,Encorafenib (LGX818),dmso,0.3,µM,1.0,mM,30.0,nl,40.0,µl,trt,S7108,Raf,MAPK,50922675.0,CC(C)N1C=C(C(=N1)C2=C(C(=CC(=C2)Cl)NS(=O)(=O)C)F)C3=NC(=NC=C3)NCC(C)NC(=O)OC,CMJCXYNUCSMDBY-ZDUSSCGKSA-N,Targeted,Launched,HCT116,
spher-colo52-v1-ULA-PB000139-HCT116-HT29-48h-P1-L2,B13,4186,5533,PB000139,PB000139_B13,colo-050,Encorafenib (LGX818),dmso,1.0,µM,1.0,mM,100.0,nl,40.0,µl,trt,S7108,Raf,MAPK,50922675.0,CC(C)N1C=C(C(=N1)C2=C(C(=CC(=C2)Cl)NS(=O)(=O)C)F)C3=NC(=NC=C3)NCC(C)NC(=O)OC,CMJCXYNUCSMDBY-ZDUSSCGKSA-N,Targeted,Launched,HT29,
spher-colo52-v1-ULA-PB000139-HCT116-HT29-48h-P1-L2,B14,4186,5533,PB000139,PB000139_B14,colo-044,abemaciclib (LY2835219),dmso,3.0,µM,10.0,mM,30.0,nl,40.0,µl,trt,S7158,CDK,Cell Cycle,71576678.0,CCN1CCN(CC1)CC2=CC=C(NC3=NC(=C(F)C=N3)C4=CC(=C5N=C(C)[N](C(C)C)C5=C4)F)N=C2.C[S](O)(=O)=O,NCJPFQPEVDHJAZ-UHFFFAOYSA-N,Targeted,Preclinical,HT29,
spher-colo52-v1-ULA-PB000139-HCT116-HT29-48h-P1-L2,B15,4186,5533,PB000139,PB000139_B15,dmso,dmso,dmso,0.1,µM,100.0,%,100.0,nl,40.0,µl,neg_con,D2438,control,,679.0,CS(=O)C,IAZDPXIOMUYVGZ-UHFFFAOYSA-N,,,HT29,
spher-colo52-v1-ULA-PB000139-HCT116-HT29-48h-P1-L2,B16,4186,5533,PB000139,PB000139_B16,colo-042,Taselisib (GDC 0032),dmso,0.3,µM,1.0,mM,30.0,nl,40.0,µl,trt,S7103,PI3K,PI3K/Akt/mTOR,51001932.0,CC(C)[N]1N=C(C)N=C1C2=C[N]3CCOC4=CC(=CC=C4C3=N2)C5=C[N](N=C5)C(C)(C)C(N)=O,BEUQXVWXFDOSAQ-UHFFFAOYSA-N,Targeted,Phase 3,HT29,
spher-colo52-v1-ULA-PB000139-HCT116-HT29-48h-P1-L2,B17,4186,5533,PB000139,PB000139_B17,colo-037,Dabrafenib (GSK2118436),dmso,10.0,µM,10.0,mM,100.0,nl,40.0,µl,trt,S2807,Raf,MAPK,44462760.0,CC(C)(C)C1=NC(=C(S1)C2=NC(=NC=C2)N)C3=C(F)C(=CC=C3)N[S](=O)(=O)C4=C(F)C=CC=C4F,BFSMGDJOXZAERB-UHFFFAOYSA-N,Targeted,Launched,HT29,
spher-colo52-v1-ULA-PB000139-HCT116-HT29-48h-P1-L2,B18,4186,5533,PB000139,PB000139_B18,colo-049,Oxaliplatin,water,10.0,µM,2.0,mM,500.0,nl,40.0,µl,trt,S1224,DNA/RNA Synthesis,DNA Damage,9887054.0,[Pt++].NC1CCCCC1N.[O-]C(=O)C([O-])=O,ZROHGHOFXNOHSO-BNTLRKBRSA-L,Cytotoxic,Launched,HT29,Platinum
spher-colo52-v1-ULA-PB000139-HCT116-HT29-48h-P1-L2,B19,4186,5533,PB000139,PB000139_B19,colo-043,LGK-974,dmso,0.3,µM,1.0,mM,30.0,nl,40.0,µl,trt,S7143,Wnt/beta-catenin,Stem Cells & Wnt,46926973.0,CC1=CC(=CC=N1)C2=C(C)C=C(CC(=O)NC3=CC=C(C=N3)C4=CN=CC=N4)C=N2,XXYGTCZJJLTAGH-UHFFFAOYSA-N,Targeted,Phase 2,HT29,
spher-colo52-v1-ULA-PB000139-HCT116-HT29-48h-P1-L2,B20,4186,5533,PB000139,PB000139_B20,colo-036,AZD4547,dmso,3.0,µM,10.0,mM,30.0,nl,40.0,µl,trt,S2801,FGFR,Angiogenesis,51039095.0,COC1=CC(=CC(=C1)OC)CCC2=CC(=N[NH]2)NC(=O)C3=CC=C(C=C3)N4CC(C)NC(C)C4,VRQMAABPASPXMW-HDICACEKSA-N,Targeted,Phase 2/Phase 3,HT29,
spher-colo52-v1-ULA-PB000139-HCT116-HT29-48h-P1-L2,B21,4186,5533,PB000139,PB000139_B21,colo-050,Encorafenib (LGX818),dmso,3.0,µM,10.0,mM,30.0,nl,40.0,µl,trt,S7108,Raf,MAPK,50922675.0,CC(C)N1C=C(C(=N1)C2=C(C(=CC(=C2)Cl)NS(=O)(=O)C)F)C3=NC(=NC=C3)NCC(C)NC(=O)OC,CMJCXYNUCSMDBY-ZDUSSCGKSA-N,Targeted,Launched,HT29,
spher-colo52-v1-ULA-PB000139-HCT116-HT29-48h-P1-L2,B22,4186,5533,PB000139,PB000139_B22,colo-041,"Binimetinib (MEK162, ARRY-162, ARRY-438162)",dmso,0.3,µM,1.0,mM,30.0,nl,40.0,µl,trt,S7007,MEK,MAPK,10288191.0,C[N]1C=NC2=C1C=C(C(=O)NOCCO)C(=C2F)NC3=C(F)C=C(Br)C=C3,ACWZRVQXLIRSDF-UHFFFAOYSA-N,Targeted,Launched,HT29,
spher-colo52-v1-ULA-PB000139-HCT116-HT29-48h-P1-L2,B23,4186,5533,PB000139,PB000139_B23,colo-050,Encorafenib (LGX818),dmso,0.3,µM,1.0,mM,30.0,nl,40.0,µl,trt,S7108,Raf,MAPK,50922675.0,CC(C)N1C=C(C(=N1)C2=C(C(=CC(=C2)Cl)NS(=O)(=O)C)F)C3=NC(=NC=C3)NCC(C)NC(=O)OC,CMJCXYNUCSMDBY-ZDUSSCGKSA-N,Targeted,Launched,HT29,
spher-colo52-v1-ULA-PB000139-HCT116-HT29-48h-P1-L2,C02,4186,5533,PB000139,PB000139_C02,colo-048,Palbociclib (PD-0332991) HCl,water,0.3,µM,1.0,mM,30.0,nl,40.0,µl,trt,S1116,CDK,Cell Cycle,11431660.0,Cl.CC(=O)C1=C(C)C2=CN=C(NC3=NC=C(C=C3)N4CCNCC4)N=C2N(C5CCCC5)C1=O,STEQOHNDWONVIF-UHFFFAOYSA-N,Targeted / Cytotoxic,Preclinical,HCT116,
spher-colo52-v1-ULA-PB000139-HCT116-HT29-48h-P1-L2,C03,4186,5533,PB000139,PB000139_C03,colo-041,"Binimetinib (MEK162, ARRY-162, ARRY-438162)",dmso,10.0,µM,10.0,mM,100.0,nl,40.0,µl,trt,S7007,MEK,MAPK,10288191.0,C[N]1C=NC2=C1C=C(C(=O)NOCCO)C(=C2F)NC3=C(F)C=C(Br)C=C3,ACWZRVQXLIRSDF-UHFFFAOYSA-N,Targeted,Launched,HCT116,
spher-colo52-v1-ULA-PB000139-HCT116-HT29-48h-P1-L2,C04,4186,5533,PB000139,PB000139_C04,colo-039,Vinorelbine Tartrate,dmso,0.01,µM,0.01,mM,100.0,nl,40.0,µl,trt,S4269,Microtubule Associated,Cytoskeletal Signaling,60779.0,CCC1=CC2CN(C1)CC3=C([NH]C4=C3C=CC=C4)C(C2)(C(=O)OC)C5=C(OC)C=C6N(C)C7C(O)(C(OC(C)=O)C8(CC)C=CCN9CCC7(C89)C6=C5)C(=O)OC.OC(C(O)C(O)=O)C(O)=O.OC(C(O)C(O)=O)C(O)=O,CILBMBUYJCWATM-NPJYPKOYSA-N,Cytotoxic,Phase 1/Phase 2,HCT116,
spher-colo52-v1-ULA-PB000139-HCT116-HT29-48h-P1-L2,C05,4186,5533,PB000139,PB000139_C05,colo-041,"Binimetinib (MEK162, ARRY-162, ARRY-438162)",dmso,1.0,µM,1.0,mM,100.0,nl,40.0,µl,trt,S7007,MEK,MAPK,10288191.0,C[N]1C=NC2=C1C=C(C(=O)NOCCO)C(=C2F)NC3=C(F)C=C(Br)C=C3,ACWZRVQXLIRSDF-UHFFFAOYSA-N,Targeted,Launched,HCT116,
spher-colo52-v1-ULA-PB000139-HCT116-HT29-48h-P1-L2,C06,4186,5533,PB000139,PB000139_C06,colo-048,Palbociclib (PD-0332991) HCl,water,10.0,µM,10.0,mM,100.0,nl,40.0,µl,trt,S1116,CDK,Cell Cycle,11431660.0,Cl.CC(=O)C1=C(C)C2=CN=C(NC3=NC=C(C=C3)N4CCNCC4)N=C2N(C5CCCC5)C1=O,STEQOHNDWONVIF-UHFFFAOYSA-N,Targeted / Cytotoxic,Preclinical,HCT116,
spher-colo52-v1-ULA-PB000139-HCT116-HT29-48h-P1-L2,C07,4186,5533,PB000139,PB000139_C07,water,water,water,0.5,µM,100.0,%,500.0,nl,40.0,µl,neg_con,,control,,,,,,,HCT116,
spher-colo52-v1-ULA-PB000139-HCT116-HT29-48h-P1-L2,C08,4186,5533,PB000139,PB000139_C08,colo-045,Sorafenib,dmso,0.3,µM,1.0,mM,30.0,nl,40.0,µl,trt,S7397,Raf,MAPK,216239.0,CNC(=O)C1=CC(=CC=N1)OC2=CC=C(NC(=O)NC3=CC=C(Cl)C(=C3)C(F)(F)F)C=C2,MLDQJTXFUGDVEO-UHFFFAOYSA-N,Targeted,Launched,HCT116,
spher-colo52-v1-ULA-PB000139-HCT116-HT29-48h-P1-L2,C09,4186,5533,PB000139,PB000139_C09,colo-048,Palbociclib (PD-0332991) HCl,water,3.0,µM,10.0,mM,30.0,nl,40.0,µl,trt,S1116,CDK,Cell Cycle,11431660.0,Cl.CC(=O)C1=C(C)C2=CN=C(NC3=NC=C(C=C3)N4CCNCC4)N=C2N(C5CCCC5)C1=O,STEQOHNDWONVIF-UHFFFAOYSA-N,Targeted / Cytotoxic,Preclinical,HCT116,
spher-colo52-v1-ULA-PB000139-HCT116-HT29-48h-P1-L2,C10,4186,5533,PB000139,PB000139_C10,dmso,dmso,dmso,0.1,µM,100.0,%,100.0,nl,40.0,µl,neg_con,D2438,control,,679.0,CS(=O)C,IAZDPXIOMUYVGZ-UHFFFAOYSA-N,,,HCT116,
spher-colo52-v1-ULA-PB000139-HCT116-HT29-48h-P1-L2,C11,4186,5533,PB000139,PB000139_C11,colo-046,"Cobimetinib (GDC-0973, RG7420)",dmso,1.0,µM,1.0,mM,100.0,nl,40.0,µl,trt,S8041,MEK,MAPK,16222096.0,OC1(CN(C1)C(=O)C2=C(NC3=CC=C(I)C=C3F)C(=C(F)C=C2)F)C4CCCCN4,BSMCAPRUBJMWDF-KRWDZBQOSA-N,Targeted,Launched,HCT116,
spher-colo52-v1-ULA-PB000139-HCT116-HT29-48h-P1-L2,C12,4186,5533,PB000139,PB000139_C12,colo-040,SN-38,dmso,0.1,µM,0.1,mM,100.0,nl,40.0,µl,trt,S4908,Topoisomerase,DNA Damage,104842.0,CCC1=C2CN3C(=O)C4=C(C=C3C2=NC5=C1C=C(O)C=C5)C(O)(CC)C(=O)OC4,FJHBVJOVLFPMQE-QFIPXVFZSA-N,Cytotoxic,Launched,HCT116,Topoisomerase I
spher-colo52-v1-ULA-PB000139-HCT116-HT29-48h-P1-L2,C13,4186,5533,PB000139,PB000139_C13,colo-048,Palbociclib (PD-0332991) HCl,water,0.3,µM,1.0,mM,30.0,nl,40.0,µl,trt,S1116,CDK,Cell Cycle,11431660.0,Cl.CC(=O)C1=C(C)C2=CN=C(NC3=NC=C(C=C3)N4CCNCC4)N=C2N(C5CCCC5)C1=O,STEQOHNDWONVIF-UHFFFAOYSA-N,Targeted / Cytotoxic,Preclinical,HT29,
spher-colo52-v1-ULA-PB000139-HCT116-HT29-48h-P1-L2,C14,4186,5533,PB000139,PB000139_C14,colo-041,"Binimetinib (MEK162, ARRY-162, ARRY-438162)",dmso,10.0,µM,10.0,mM,100.0,nl,40.0,µl,trt,S7007,MEK,MAPK,10288191.0,C[N]1C=NC2=C1C=C(C(=O)NOCCO)C(=C2F)NC3=C(F)C=C(Br)C=C3,ACWZRVQXLIRSDF-UHFFFAOYSA-N,Targeted,Launched,HT29,
spher-colo52-v1-ULA-PB000139-HCT116-HT29-48h-P1-L2,C15,4186,5533,PB000139,PB000139_C15,colo-039,Vinorelbine Tartrate,dmso,0.01,µM,0.01,mM,100.0,nl,40.0,µl,trt,S4269,Microtubule Associated,Cytoskeletal Signaling,60779.0,CCC1=CC2CN(C1)CC3=C([NH]C4=C3C=CC=C4)C(C2)(C(=O)OC)C5=C(OC)C=C6N(C)C7C(O)(C(OC(C)=O)C8(CC)C=CCN9CCC7(C89)C6=C5)C(=O)OC.OC(C(O)C(O)=O)C(O)=O.OC(C(O)C(O)=O)C(O)=O,CILBMBUYJCWATM-NPJYPKOYSA-N,Cytotoxic,Phase 1/Phase 2,HT29,
spher-colo52-v1-ULA-PB000139-HCT116-HT29-48h-P1-L2,C16,4186,5533,PB000139,PB000139_C16,colo-041,"Binimetinib (MEK162, ARRY-162, ARRY-438162)",dmso,1.0,µM,1.0,mM,100.0,nl,40.0,µl,trt,S7007,MEK,MAPK,10288191.0,C[N]1C=NC2=C1C=C(C(=O)NOCCO)C(=C2F)NC3=C(F)C=C(Br)C=C3,ACWZRVQXLIRSDF-UHFFFAOYSA-N,Targeted,Launched,HT29,
spher-colo52-v1-ULA-PB000139-HCT116-HT29-48h-P1-L2,C17,4186,5533,PB000139,PB000139_C17,colo-048,Palbociclib (PD-0332991) HCl,water,10.0,µM,10.0,mM,100.0,nl,40.0,µl,trt,S1116,CDK,Cell Cycle,11431660.0,Cl.CC(=O)C1=C(C)C2=CN=C(NC3=NC=C(C=C3)N4CCNCC4)N=C2N(C5CCCC5)C1=O,STEQOHNDWONVIF-UHFFFAOYSA-N,Targeted / Cytotoxic,Preclinical,HT29,
spher-colo52-v1-ULA-PB000139-HCT116-HT29-48h-P1-L2,C18,4186,5533,PB000139,PB000139_C18,water,water,water,0.5,µM,100.0,%,500.0,nl,40.0,µl,neg_con,,control,,,,,,,HT29,
spher-colo52-v1-ULA-PB000139-HCT116-HT29-48h-P1-L2,C19,4186,5533,PB000139,PB000139_C19,colo-045,Sorafenib,dmso,0.3,µM,1.0,mM,30.0,nl,40.0,µl,trt,S7397,Raf,MAPK,216239.0,CNC(=O)C1=CC(=CC=N1)OC2=CC=C(NC(=O)NC3=CC=C(Cl)C(=C3)C(F)(F)F)C=C2,MLDQJTXFUGDVEO-UHFFFAOYSA-N,Targeted,Launched,HT29,
spher-colo52-v1-ULA-PB000139-HCT116-HT29-48h-P1-L2,C20,4186,5533,PB000139,PB000139_C20,colo-048,Palbociclib (PD-0332991) HCl,water,3.0,µM,10.0,mM,30.0,nl,40.0,µl,trt,S1116,CDK,Cell Cycle,11431660.0,Cl.CC(=O)C1=C(C)C2=CN=C(NC3=NC=C(C=C3)N4CCNCC4)N=C2N(C5CCCC5)C1=O,STEQOHNDWONVIF-UHFFFAOYSA-N,Targeted / Cytotoxic,Preclinical,HT29,
spher-colo52-v1-ULA-PB000139-HCT116-HT29-48h-P1-L2,C21,4186,5533,PB000139,PB000139_C21,dmso,dmso,dmso,0.1,µM,100.0,%,100.0,nl,40.0,µl,neg_con,D2438,control,,679.0,CS(=O)C,IAZDPXIOMUYVGZ-UHFFFAOYSA-N,,,HT29,
spher-colo52-v1-ULA-PB000139-HCT116-HT29-48h-P1-L2,C22,4186,5533,PB000139,PB000139_C22,colo-046,"Cobimetinib (GDC-0973, RG7420)",dmso,1.0,µM,1.0,mM,100.0,nl,40.0,µl,trt,S8041,MEK,MAPK,16222096.0,OC1(CN(C1)C(=O)C2=C(NC3=CC=C(I)C=C3F)C(=C(F)C=C2)F)C4CCCCN4,BSMCAPRUBJMWDF-KRWDZBQOSA-N,Targeted,Launched,HT29,
spher-colo52-v1-ULA-PB000139-HCT116-HT29-48h-P1-L2,C23,4186,5533,PB000139,PB000139_C23,colo-040,SN-38,dmso,0.1,µM,0.1,mM,100.0,nl,40.0,µl,trt,S4908,Topoisomerase,DNA Damage,104842.0,CCC1=C2CN3C(=O)C4=C(C=C3C2=NC5=C1C=C(O)C=C5)C(O)(CC)C(=O)OC4,FJHBVJOVLFPMQE-QFIPXVFZSA-N,Cytotoxic,Launched,HT29,Topoisomerase I
spher-colo52-v1-ULA-PB000139-HCT116-HT29-48h-P1-L2,D02,4186,5533,PB000139,PB000139_D02,colo-043,LGK-974,dmso,3.0,µM,10.0,mM,30.0,nl,40.0,µl,trt,S7143,Wnt/beta-catenin,Stem Cells & Wnt,46926973.0,CC1=CC(=CC=N1)C2=C(C)C=C(CC(=O)NC3=CC=C(C=N3)C4=CN=CC=N4)C=N2,XXYGTCZJJLTAGH-UHFFFAOYSA-N,Targeted,Phase 2,HCT116,
spher-colo52-v1-ULA-PB000139-HCT116-HT29-48h-P1-L2,D03,4186,5533,PB000139,PB000139_D03,colo-040,SN-38,dmso,0.3,µM,1.0,mM,30.0,nl,40.0,µl,trt,S4908,Topoisomerase,DNA Damage,104842.0,CCC1=C2CN3C(=O)C4=C(C=C3C2=NC5=C1C=C(O)C=C5)C(O)(CC)C(=O)OC4,FJHBVJOVLFPMQE-QFIPXVFZSA-N,Cytotoxic,Launched,HCT116,Topoisomerase I
spher-colo52-v1-ULA-PB000139-HCT116-HT29-48h-P1-L2,D04,4186,5533,PB000139,PB000139_D04,colo-036,AZD4547,dmso,3.0,µM,10.0,mM,30.0,nl,40.0,µl,trt,S2801,FGFR,Angiogenesis,51039095.0,COC1=CC(=CC(=C1)OC)CCC2=CC(=N[NH]2)NC(=O)C3=CC=C(C=C3)N4CC(C)NC(C)C4,VRQMAABPASPXMW-HDICACEKSA-N,Targeted,Phase 2/Phase 3,HCT116,
spher-colo52-v1-ULA-PB000139-HCT116-HT29-48h-P1-L2,D05,4186,5533,PB000139,PB000139_D05,colo-046,"Cobimetinib (GDC-0973, RG7420)",dmso,10.0,µM,10.0,mM,100.0,nl,40.0,µl,trt,S8041,MEK,MAPK,16222096.0,OC1(CN(C1)C(=O)C2=C(NC3=CC=C(I)C=C3F)C(=C(F)C=C2)F)C4CCCCN4,BSMCAPRUBJMWDF-KRWDZBQOSA-N,Targeted,Launched,HCT116,
spher-colo52-v1-ULA-PB000139-HCT116-HT29-48h-P1-L2,D06,4186,5533,PB000139,PB000139_D06,colo-040,SN-38,dmso,0.03,µM,0.1,mM,30.0,nl,40.0,µl,trt,S4908,Topoisomerase,DNA Damage,104842.0,CCC1=C2CN3C(=O)C4=C(C=C3C2=NC5=C1C=C(O)C=C5)C(O)(CC)C(=O)OC4,FJHBVJOVLFPMQE-QFIPXVFZSA-N,Cytotoxic,Launched,HCT116,Topoisomerase I
spher-colo52-v1-ULA-PB000139-HCT116-HT29-48h-P1-L2,D07,4186,5533,PB000139,PB000139_D07,colo-039,Vinorelbine Tartrate,dmso,0.01,µM,0.01,mM,100.0,nl,40.0,µl,trt,S4269,Microtubule Associated,Cytoskeletal Signaling,60779.0,CCC1=CC2CN(C1)CC3=C([NH]C4=C3C=CC=C4)C(C2)(C(=O)OC)C5=C(OC)C=C6N(C)C7C(O)(C(OC(C)=O)C8(CC)C=CCN9CCC7(C89)C6=C5)C(=O)OC.OC(C(O)C(O)=O)C(O)=O.OC(C(O)C(O)=O)C(O)=O,CILBMBUYJCWATM-NPJYPKOYSA-N,Cytotoxic,Phase 1/Phase 2,HCT116,
spher-colo52-v1-ULA-PB000139-HCT116-HT29-48h-P1-L2,D08,4186,5533,PB000139,PB000139_D08,colo-040,SN-38,dmso,0.3,µM,1.0,mM,30.0,nl,40.0,µl,trt,S4908,Topoisomerase,DNA Damage,104842.0,CCC1=C2CN3C(=O)C4=C(C=C3C2=NC5=C1C=C(O)C=C5)C(O)(CC)C(=O)OC4,FJHBVJOVLFPMQE-QFIPXVFZSA-N,Cytotoxic,Launched,HCT116,Topoisomerase I
spher-colo52-v1-ULA-PB000139-HCT116-HT29-48h-P1-L2,D09,4186,5533,PB000139,PB000139_D09,colo-044,abemaciclib (LY2835219),dmso,10.0,µM,10.0,mM,100.0,nl,40.0,µl,trt,S7158,CDK,Cell Cycle,71576678.0,CCN1CCN(CC1)CC2=CC=C(NC3=NC(=C(F)C=N3)C4=CC(=C5N=C(C)[N](C(C)C)C5=C4)F)N=C2.C[S](O)(=O)=O,NCJPFQPEVDHJAZ-UHFFFAOYSA-N,Targeted,Preclinical,HCT116,
spher-colo52-v1-ULA-PB000139-HCT116-HT29-48h-P1-L2,D10,4186,5533,PB000139,PB000139_D10,colo-052,5Z-7-OXOZEAENOL,dmso,1.0,µM,1.0,mM,100.0,nl,40.0,µl,trt,E0002,Tak1,MAPK,329818946.0,COc1cc(O)c2C(=O)O[C@@H](C)CC=CC(=O)[C@@H](O)[C@@H](O)C\C=C\c2c1,NEQZWEXWOFPKOT-BYRRXHGESA-N,Targeted,Preclinical,HCT116,
spher-colo52-v1-ULA-PB000139-HCT116-HT29-48h-P1-L2,D11,4186,5533,PB000139,PB000139_D11,colo-041,"Binimetinib (MEK162, ARRY-162, ARRY-438162)",dmso,10.0,µM,10.0,mM,100.0,nl,40.0,µl,trt,S7007,MEK,MAPK,10288191.0,C[N]1C=NC2=C1C=C(C(=O)NOCCO)C(=C2F)NC3=C(F)C=C(Br)C=C3,ACWZRVQXLIRSDF-UHFFFAOYSA-N,Targeted,Launched,HCT116,
spher-colo52-v1-ULA-PB000139-HCT116-HT29-48h-P1-L2,D12,4186,5533,PB000139,PB000139_D12,colo-050,Encorafenib (LGX818),dmso,1.0,µM,1.0,mM,100.0,nl,40.0,µl,trt,S7108,Raf,MAPK,50922675.0,CC(C)N1C=C(C(=N1)C2=C(C(=CC(=C2)Cl)NS(=O)(=O)C)F)C3=NC(=NC=C3)NCC(C)NC(=O)OC,CMJCXYNUCSMDBY-ZDUSSCGKSA-N,Targeted,Launched,HCT116,
spher-colo52-v1-ULA-PB000139-HCT116-HT29-48h-P1-L2,D13,4186,5533,PB000139,PB000139_D13,colo-043,LGK-974,dmso,3.0,µM,10.0,mM,30.0,nl,40.0,µl,trt,S7143,Wnt/beta-catenin,Stem Cells & Wnt,46926973.0,CC1=CC(=CC=N1)C2=C(C)C=C(CC(=O)NC3=CC=C(C=N3)C4=CN=CC=N4)C=N2,XXYGTCZJJLTAGH-UHFFFAOYSA-N,Targeted,Phase 2,HT29,
spher-colo52-v1-ULA-PB000139-HCT116-HT29-48h-P1-L2,D14,4186,5533,PB000139,PB000139_D14,colo-040,SN-38,dmso,0.3,µM,1.0,mM,30.0,nl,40.0,µl,trt,S4908,Topoisomerase,DNA Damage,104842.0,CCC1=C2CN3C(=O)C4=C(C=C3C2=NC5=C1C=C(O)C=C5)C(O)(CC)C(=O)OC4,FJHBVJOVLFPMQE-QFIPXVFZSA-N,Cytotoxic,Launched,HT29,Topoisomerase I
spher-colo52-v1-ULA-PB000139-HCT116-HT29-48h-P1-L2,D15,4186,5533,PB000139,PB000139_D15,colo-036,AZD4547,dmso,3.0,µM,10.0,mM,30.0,nl,40.0,µl,trt,S2801,FGFR,Angiogenesis,51039095.0,COC1=CC(=CC(=C1)OC)CCC2=CC(=N[NH]2)NC(=O)C3=CC=C(C=C3)N4CC(C)NC(C)C4,VRQMAABPASPXMW-HDICACEKSA-N,Targeted,Phase 2/Phase 3,HT29,
spher-colo52-v1-ULA-PB000139-HCT116-HT29-48h-P1-L2,D16,4186,5533,PB000139,PB000139_D16,colo-046,"Cobimetinib (GDC-0973, RG7420)",dmso,10.0,µM,10.0,mM,100.0,nl,40.0,µl,trt,S8041,MEK,MAPK,16222096.0,OC1(CN(C1)C(=O)C2=C(NC3=CC=C(I)C=C3F)C(=C(F)C=C2)F)C4CCCCN4,BSMCAPRUBJMWDF-KRWDZBQOSA-N,Targeted,Launched,HT29,
spher-colo52-v1-ULA-PB000139-HCT116-HT29-48h-P1-L2,D17,4186,5533,PB000139,PB000139_D17,colo-040,SN-38,dmso,0.03,µM,0.1,mM,30.0,nl,40.0,µl,trt,S4908,Topoisomerase,DNA Damage,104842.0,CCC1=C2CN3C(=O)C4=C(C=C3C2=NC5=C1C=C(O)C=C5)C(O)(CC)C(=O)OC4,FJHBVJOVLFPMQE-QFIPXVFZSA-N,Cytotoxic,Launched,HT29,Topoisomerase I
spher-colo52-v1-ULA-PB000139-HCT116-HT29-48h-P1-L2,D18,4186,5533,PB000139,PB000139_D18,colo-039,Vinorelbine Tartrate,dmso,0.01,µM,0.01,mM,100.0,nl,40.0,µl,trt,S4269,Microtubule Associated,Cytoskeletal Signaling,60779.0,CCC1=CC2CN(C1)CC3=C([NH]C4=C3C=CC=C4)C(C2)(C(=O)OC)C5=C(OC)C=C6N(C)C7C(O)(C(OC(C)=O)C8(CC)C=CCN9CCC7(C89)C6=C5)C(=O)OC.OC(C(O)C(O)=O)C(O)=O.OC(C(O)C(O)=O)C(O)=O,CILBMBUYJCWATM-NPJYPKOYSA-N,Cytotoxic,Phase 1/Phase 2,HT29,
spher-colo52-v1-ULA-PB000139-HCT116-HT29-48h-P1-L2,D19,4186,5533,PB000139,PB000139_D19,colo-040,SN-38,dmso,0.3,µM,1.0,mM,30.0,nl,40.0,µl,trt,S4908,Topoisomerase,DNA Damage,104842.0,CCC1=C2CN3C(=O)C4=C(C=C3C2=NC5=C1C=C(O)C=C5)C(O)(CC)C(=O)OC4,FJHBVJOVLFPMQE-QFIPXVFZSA-N,Cytotoxic,Launched,HT29,Topoisomerase I
spher-colo52-v1-ULA-PB000139-HCT116-HT29-48h-P1-L2,D20,4186,5533,PB000139,PB000139_D20,colo-044,abemaciclib (LY2835219),dmso,10.0,µM,10.0,mM,100.0,nl,40.0,µl,trt,S7158,CDK,Cell Cycle,71576678.0,CCN1CCN(CC1)CC2=CC=C(NC3=NC(=C(F)C=N3)C4=CC(=C5N=C(C)[N](C(C)C)C5=C4)F)N=C2.C[S](O)(=O)=O,NCJPFQPEVDHJAZ-UHFFFAOYSA-N,Targeted,Preclinical,HT29,
spher-colo52-v1-ULA-PB000139-HCT116-HT29-48h-P1-L2,D21,4186,5533,PB000139,PB000139_D21,colo-052,5Z-7-OXOZEAENOL,dmso,1.0,µM,1.0,mM,100.0,nl,40.0,µl,trt,E0002,Tak1,MAPK,329818946.0,COc1cc(O)c2C(=O)O[C@@H](C)CC=CC(=O)[C@@H](O)[C@@H](O)C\C=C\c2c1,NEQZWEXWOFPKOT-BYRRXHGESA-N,Targeted,Preclinical,HT29,
spher-colo52-v1-ULA-PB000139-HCT116-HT29-48h-P1-L2,D22,4186,5533,PB000139,PB000139_D22,colo-041,"Binimetinib (MEK162, ARRY-162, ARRY-438162)",dmso,10.0,µM,10.0,mM,100.0,nl,40.0,µl,trt,S7007,MEK,MAPK,10288191.0,C[N]1C=NC2=C1C=C(C(=O)NOCCO)C(=C2F)NC3=C(F)C=C(Br)C=C3,ACWZRVQXLIRSDF-UHFFFAOYSA-N,Targeted,Launched,HT29,
spher-colo52-v1-ULA-PB000139-HCT116-HT29-48h-P1-L2,D23,4186,5533,PB000139,PB000139_D23,colo-050,Encorafenib (LGX818),dmso,1.0,µM,1.0,mM,100.0,nl,40.0,µl,trt,S7108,Raf,MAPK,50922675.0,CC(C)N1C=C(C(=N1)C2=C(C(=CC(=C2)Cl)NS(=O)(=O)C)F)C3=NC(=NC=C3)NCC(C)NC(=O)OC,CMJCXYNUCSMDBY-ZDUSSCGKSA-N,Targeted,Launched,HT29,
spher-colo52-v1-ULA-PB000139-HCT116-HT29-48h-P1-L2,E02,4186,5533,PB000139,PB000139_E02,dmso,dmso,dmso,0.1,µM,100.0,%,100.0,nl,40.0,µl,neg_con,D2438,control,,679.0,CS(=O)C,IAZDPXIOMUYVGZ-UHFFFAOYSA-N,,,HCT116,
spher-colo52-v1-ULA-PB000139-HCT116-HT29-48h-P1-L2,E03,4186,5533,PB000139,PB000139_E03,colo-039,Vinorelbine Tartrate,dmso,0.1,µM,0.1,mM,100.0,nl,40.0,µl,trt,S4269,Microtubule Associated,Cytoskeletal Signaling,60779.0,CCC1=CC2CN(C1)CC3=C([NH]C4=C3C=CC=C4)C(C2)(C(=O)OC)C5=C(OC)C=C6N(C)C7C(O)(C(OC(C)=O)C8(CC)C=CCN9CCC7(C89)C6=C5)C(=O)OC.OC(C(O)C(O)=O)C(O)=O.OC(C(O)C(O)=O)C(O)=O,CILBMBUYJCWATM-NPJYPKOYSA-N,Cytotoxic,Phase 1/Phase 2,HCT116,
spher-colo52-v1-ULA-PB000139-HCT116-HT29-48h-P1-L2,E04,4186,5533,PB000139,PB000139_E04,colo-043,LGK-974,dmso,1.0,µM,1.0,mM,100.0,nl,40.0,µl,trt,S7143,Wnt/beta-catenin,Stem Cells & Wnt,46926973.0,CC1=CC(=CC=N1)C2=C(C)C=C(CC(=O)NC3=CC=C(C=N3)C4=CN=CC=N4)C=N2,XXYGTCZJJLTAGH-UHFFFAOYSA-N,Targeted,Phase 2,HCT116,
spher-colo52-v1-ULA-PB000139-HCT116-HT29-48h-P1-L2,E05,4186,5533,PB000139,PB000139_E05,colo-049,Oxaliplatin,water,0.3,µM,1.0,mM,30.0,nl,40.0,µl,trt,S1224,DNA/RNA Synthesis,DNA Damage,9887054.0,[Pt++].NC1CCCCC1N.[O-]C(=O)C([O-])=O,ZROHGHOFXNOHSO-BNTLRKBRSA-L,Cytotoxic,Launched,HCT116,Platinum
spher-colo52-v1-ULA-PB000139-HCT116-HT29-48h-P1-L2,E06,4186,5533,PB000139,PB000139_E06,colo-043,LGK-974,dmso,10.0,µM,10.0,mM,100.0,nl,40.0,µl,trt,S7143,Wnt/beta-catenin,Stem Cells & Wnt,46926973.0,CC1=CC(=CC=N1)C2=C(C)C=C(CC(=O)NC3=CC=C(C=N3)C4=CN=CC=N4)C=N2,XXYGTCZJJLTAGH-UHFFFAOYSA-N,Targeted,Phase 2,HCT116,
spher-colo52-v1-ULA-PB000139-HCT116-HT29-48h-P1-L2,E07,4186,5533,PB000139,PB000139_E07,colo-047,Navitoclax (ABT-263),dmso,1.0,µM,1.0,mM,100.0,nl,40.0,µl,trt,S1001,Bcl-2,Apoptosis,24978538.0,CC1(C)CCC(=C(CN2CCN(CC2)C3=CC=C(C=C3)C(=O)N[S](=O)(=O)C4=CC(=C(NC(CCN5CCOCC5)CSC6=CC=CC=C6)C=C4)[S](=O)(=O)C(F)(F)F)C1)C7=CC=C(Cl)C=C7,JLYAXFNOILIKPP-KXQOOQHDSA-N,Targeted,Phase 2,HCT116,
spher-colo52-v1-ULA-PB000139-HCT116-HT29-48h-P1-L2,E08,4186,5533,PB000139,PB000139_E08,colo-052,5Z-7-OXOZEAENOL,dmso,3.0,µM,10.0,mM,30.0,nl,40.0,µl,trt,E0002,Tak1,MAPK,329818946.0,COc1cc(O)c2C(=O)O[C@@H](C)CC=CC(=O)[C@@H](O)[C@@H](O)C\C=C\c2c1,NEQZWEXWOFPKOT-BYRRXHGESA-N,Targeted,Preclinical,HCT116,
spher-colo52-v1-ULA-PB000139-HCT116-HT29-48h-P1-L2,E09,4186,5533,PB000139,PB000139_E09,colo-048,Palbociclib (PD-0332991) HCl,water,0.3,µM,1.0,mM,30.0,nl,40.0,µl,trt,S1116,CDK,Cell Cycle,11431660.0,Cl.CC(=O)C1=C(C)C2=CN=C(NC3=NC=C(C=C3)N4CCNCC4)N=C2N(C5CCCC5)C1=O,STEQOHNDWONVIF-UHFFFAOYSA-N,Targeted / Cytotoxic,Preclinical,HCT116,
spher-colo52-v1-ULA-PB000139-HCT116-HT29-48h-P1-L2,E10,4186,5533,PB000139,PB000139_E10,colo-040,SN-38,dmso,0.1,µM,0.1,mM,100.0,nl,40.0,µl,trt,S4908,Topoisomerase,DNA Damage,104842.0,CCC1=C2CN3C(=O)C4=C(C=C3C2=NC5=C1C=C(O)C=C5)C(O)(CC)C(=O)OC4,FJHBVJOVLFPMQE-QFIPXVFZSA-N,Cytotoxic,Launched,HCT116,Topoisomerase I
spher-colo52-v1-ULA-PB000139-HCT116-HT29-48h-P1-L2,E11,4186,5533,PB000139,PB000139_E11,colo-044,abemaciclib (LY2835219),dmso,1.0,µM,1.0,mM,100.0,nl,40.0,µl,trt,S7158,CDK,Cell Cycle,71576678.0,CCN1CCN(CC1)CC2=CC=C(NC3=NC(=C(F)C=N3)C4=CC(=C5N=C(C)[N](C(C)C)C5=C4)F)N=C2.C[S](O)(=O)=O,NCJPFQPEVDHJAZ-UHFFFAOYSA-N,Targeted,Preclinical,HCT116,
spher-colo52-v1-ULA-PB000139-HCT116-HT29-48h-P1-L2,E12,4186,5533,PB000139,PB000139_E12,colo-045,Sorafenib,dmso,3.0,µM,10.0,mM,30.0,nl,40.0,µl,trt,S7397,Raf,MAPK,216239.0,CNC(=O)C1=CC(=CC=N1)OC2=CC=C(NC(=O)NC3=CC=C(Cl)C(=C3)C(F)(F)F)C=C2,MLDQJTXFUGDVEO-UHFFFAOYSA-N,Targeted,Launched,HCT116,
spher-colo52-v1-ULA-PB000139-HCT116-HT29-48h-P1-L2,E13,4186,5533,PB000139,PB000139_E13,dmso,dmso,dmso,0.1,µM,100.0,%,100.0,nl,40.0,µl,neg_con,D2438,control,,679.0,CS(=O)C,IAZDPXIOMUYVGZ-UHFFFAOYSA-N,,,HT29,
spher-colo52-v1-ULA-PB000139-HCT116-HT29-48h-P1-L2,E14,4186,5533,PB000139,PB000139_E14,colo-039,Vinorelbine Tartrate,dmso,0.1,µM,0.1,mM,100.0,nl,40.0,µl,trt,S4269,Microtubule Associated,Cytoskeletal Signaling,60779.0,CCC1=CC2CN(C1)CC3=C([NH]C4=C3C=CC=C4)C(C2)(C(=O)OC)C5=C(OC)C=C6N(C)C7C(O)(C(OC(C)=O)C8(CC)C=CCN9CCC7(C89)C6=C5)C(=O)OC.OC(C(O)C(O)=O)C(O)=O.OC(C(O)C(O)=O)C(O)=O,CILBMBUYJCWATM-NPJYPKOYSA-N,Cytotoxic,Phase 1/Phase 2,HT29,
spher-colo52-v1-ULA-PB000139-HCT116-HT29-48h-P1-L2,E15,4186,5533,PB000139,PB000139_E15,colo-043,LGK-974,dmso,1.0,µM,1.0,mM,100.0,nl,40.0,µl,trt,S7143,Wnt/beta-catenin,Stem Cells & Wnt,46926973.0,CC1=CC(=CC=N1)C2=C(C)C=C(CC(=O)NC3=CC=C(C=N3)C4=CN=CC=N4)C=N2,XXYGTCZJJLTAGH-UHFFFAOYSA-N,Targeted,Phase 2,HT29,
spher-colo52-v1-ULA-PB000139-HCT116-HT29-48h-P1-L2,E16,4186,5533,PB000139,PB000139_E16,colo-049,Oxaliplatin,water,0.3,µM,1.0,mM,30.0,nl,40.0,µl,trt,S1224,DNA/RNA Synthesis,DNA Damage,9887054.0,[Pt++].NC1CCCCC1N.[O-]C(=O)C([O-])=O,ZROHGHOFXNOHSO-BNTLRKBRSA-L,Cytotoxic,Launched,HT29,Platinum
spher-colo52-v1-ULA-PB000139-HCT116-HT29-48h-P1-L2,E17,4186,5533,PB000139,PB000139_E17,colo-043,LGK-974,dmso,10.0,µM,10.0,mM,100.0,nl,40.0,µl,trt,S7143,Wnt/beta-catenin,Stem Cells & Wnt,46926973.0,CC1=CC(=CC=N1)C2=C(C)C=C(CC(=O)NC3=CC=C(C=N3)C4=CN=CC=N4)C=N2,XXYGTCZJJLTAGH-UHFFFAOYSA-N,Targeted,Phase 2,HT29,
spher-colo52-v1-ULA-PB000139-HCT116-HT29-48h-P1-L2,E18,4186,5533,PB000139,PB000139_E18,colo-047,Navitoclax (ABT-263),dmso,1.0,µM,1.0,mM,100.0,nl,40.0,µl,trt,S1001,Bcl-2,Apoptosis,24978538.0,CC1(C)CCC(=C(CN2CCN(CC2)C3=CC=C(C=C3)C(=O)N[S](=O)(=O)C4=CC(=C(NC(CCN5CCOCC5)CSC6=CC=CC=C6)C=C4)[S](=O)(=O)C(F)(F)F)C1)C7=CC=C(Cl)C=C7,JLYAXFNOILIKPP-KXQOOQHDSA-N,Targeted,Phase 2,HT29,
spher-colo52-v1-ULA-PB000139-HCT116-HT29-48h-P1-L2,E19,4186,5533,PB000139,PB000139_E19,colo-052,5Z-7-OXOZEAENOL,dmso,3.0,µM,10.0,mM,30.0,nl,40.0,µl,trt,E0002,Tak1,MAPK,329818946.0,COc1cc(O)c2C(=O)O[C@@H](C)CC=CC(=O)[C@@H](O)[C@@H](O)C\C=C\c2c1,NEQZWEXWOFPKOT-BYRRXHGESA-N,Targeted,Preclinical,HT29,
spher-colo52-v1-ULA-PB000139-HCT116-HT29-48h-P1-L2,E20,4186,5533,PB000139,PB000139_E20,colo-048,Palbociclib (PD-0332991) HCl,water,0.3,µM,1.0,mM,30.0,nl,40.0,µl,trt,S1116,CDK,Cell Cycle,11431660.0,Cl.CC(=O)C1=C(C)C2=CN=C(NC3=NC=C(C=C3)N4CCNCC4)N=C2N(C5CCCC5)C1=O,STEQOHNDWONVIF-UHFFFAOYSA-N,Targeted / Cytotoxic,Preclinical,HT29,
spher-colo52-v1-ULA-PB000139-HCT116-HT29-48h-P1-L2,E21,4186,5533,PB000139,PB000139_E21,colo-040,SN-38,dmso,0.1,µM,0.1,mM,100.0,nl,40.0,µl,trt,S4908,Topoisomerase,DNA Damage,104842.0,CCC1=C2CN3C(=O)C4=C(C=C3C2=NC5=C1C=C(O)C=C5)C(O)(CC)C(=O)OC4,FJHBVJOVLFPMQE-QFIPXVFZSA-N,Cytotoxic,Launched,HT29,Topoisomerase I
spher-colo52-v1-ULA-PB000139-HCT116-HT29-48h-P1-L2,E22,4186,5533,PB000139,PB000139_E22,colo-044,abemaciclib (LY2835219),dmso,1.0,µM,1.0,mM,100.0,nl,40.0,µl,trt,S7158,CDK,Cell Cycle,71576678.0,CCN1CCN(CC1)CC2=CC=C(NC3=NC(=C(F)C=N3)C4=CC(=C5N=C(C)[N](C(C)C)C5=C4)F)N=C2.C[S](O)(=O)=O,NCJPFQPEVDHJAZ-UHFFFAOYSA-N,Targeted,Preclinical,HT29,
spher-colo52-v1-ULA-PB000139-HCT116-HT29-48h-P1-L2,E23,4186,5533,PB000139,PB000139_E23,colo-045,Sorafenib,dmso,3.0,µM,10.0,mM,30.0,nl,40.0,µl,trt,S7397,Raf,MAPK,216239.0,CNC(=O)C1=CC(=CC=N1)OC2=CC=C(NC(=O)NC3=CC=C(Cl)C(=C3)C(F)(F)F)C=C2,MLDQJTXFUGDVEO-UHFFFAOYSA-N,Targeted,Launched,HT29,
spher-colo52-v1-ULA-PB000139-HCT116-HT29-48h-P1-L2,F02,4186,5533,PB000139,PB000139_F02,colo-049,Oxaliplatin,water,3.0,µM,2.0,mM,150.0,nl,40.0,µl,trt,S1224,DNA/RNA Synthesis,DNA Damage,9887054.0,[Pt++].NC1CCCCC1N.[O-]C(=O)C([O-])=O,ZROHGHOFXNOHSO-BNTLRKBRSA-L,Cytotoxic,Launched,HCT116,Platinum
spher-colo52-v1-ULA-PB000139-HCT116-HT29-48h-P1-L2,F03,4186,5533,PB000139,PB000139_F03,colo-048,Palbociclib (PD-0332991) HCl,water,1.0,µM,1.0,mM,100.0,nl,40.0,µl,trt,S1116,CDK,Cell Cycle,11431660.0,Cl.CC(=O)C1=C(C)C2=CN=C(NC3=NC=C(C=C3)N4CCNCC4)N=C2N(C5CCCC5)C1=O,STEQOHNDWONVIF-UHFFFAOYSA-N,Targeted / Cytotoxic,Preclinical,HCT116,
spher-colo52-v1-ULA-PB000139-HCT116-HT29-48h-P1-L2,F04,4186,5533,PB000139,PB000139_F04,colo-046,"Cobimetinib (GDC-0973, RG7420)",dmso,3.0,µM,10.0,mM,30.0,nl,40.0,µl,trt,S8041,MEK,MAPK,16222096.0,OC1(CN(C1)C(=O)C2=C(NC3=CC=C(I)C=C3F)C(=C(F)C=C2)F)C4CCCCN4,BSMCAPRUBJMWDF-KRWDZBQOSA-N,Targeted,Launched,HCT116,
spher-colo52-v1-ULA-PB000139-HCT116-HT29-48h-P1-L2,F05,4186,5533,PB000139,PB000139_F05,colo-038,Alpelisib (BYL719),dmso,10.0,µM,10.0,mM,100.0,nl,40.0,µl,trt,S2814,PI3K,PI3K/Akt/mTOR,56649450.0,CC1=C(SC(=N1)NC(=O)N2CCCC2C(N)=O)C3=CC(=NC=C3)C(C)(C)C(F)(F)F,STUWGJZDJHPWGZ-LBPRGKRZSA-N,Targeted,Launched,HCT116,
spher-colo52-v1-ULA-PB000139-HCT116-HT29-48h-P1-L2,F06,4186,5533,PB000139,PB000139_F06,etop,etop,dmso,2.5,µM,10.0,mM,25.0,nl,40.0,µl,pos_con,E2600000,DNA topoisomerase 2-alpha & DNA topoisomerase 2-beta,,36462.0,CC1OCC2C(O1)C(C(C(O2)OC3C4COC(=O)C4C(C5=CC6=C(C=C35)OCO6)C7=CC(=C(C(=C7)OC)O)OC)O)O,VJJPUSNTGOMMGY-MRVIYFEKSA-N,,,HCT116,
spher-colo52-v1-ULA-PB000139-HCT116-HT29-48h-P1-L2,F07,4186,5533,PB000139,PB000139_F07,colo-038,Alpelisib (BYL719),dmso,0.3,µM,1.0,mM,30.0,nl,40.0,µl,trt,S2814,PI3K,PI3K/Akt/mTOR,56649450.0,CC1=C(SC(=N1)NC(=O)N2CCCC2C(N)=O)C3=CC(=NC=C3)C(C)(C)C(F)(F)F,STUWGJZDJHPWGZ-LBPRGKRZSA-N,Targeted,Launched,HCT116,
spher-colo52-v1-ULA-PB000139-HCT116-HT29-48h-P1-L2,F08,4186,5533,PB000139,PB000139_F08,colo-040,SN-38,dmso,1.0,µM,1.0,mM,100.0,nl,40.0,µl,trt,S4908,Topoisomerase,DNA Damage,104842.0,CCC1=C2CN3C(=O)C4=C(C=C3C2=NC5=C1C=C(O)C=C5)C(O)(CC)C(=O)OC4,FJHBVJOVLFPMQE-QFIPXVFZSA-N,Cytotoxic,Launched,HCT116,Topoisomerase I
spher-colo52-v1-ULA-PB000139-HCT116-HT29-48h-P1-L2,F09,4186,5533,PB000139,PB000139_F09,colo-047,Navitoclax (ABT-263),dmso,3.0,µM,10.0,mM,30.0,nl,40.0,µl,trt,S1001,Bcl-2,Apoptosis,24978538.0,CC1(C)CCC(=C(CN2CCN(CC2)C3=CC=C(C=C3)C(=O)N[S](=O)(=O)C4=CC(=C(NC(CCN5CCOCC5)CSC6=CC=CC=C6)C=C4)[S](=O)(=O)C(F)(F)F)C1)C7=CC=C(Cl)C=C7,JLYAXFNOILIKPP-KXQOOQHDSA-N,Targeted,Phase 2,HCT116,
spher-colo52-v1-ULA-PB000139-HCT116-HT29-48h-P1-L2,F10,4186,5533,PB000139,PB000139_F10,colo-043,LGK-974,dmso,3.0,µM,10.0,mM,30.0,nl,40.0,µl,trt,S7143,Wnt/beta-catenin,Stem Cells & Wnt,46926973.0,CC1=CC(=CC=N1)C2=C(C)C=C(CC(=O)NC3=CC=C(C=N3)C4=CN=CC=N4)C=N2,XXYGTCZJJLTAGH-UHFFFAOYSA-N,Targeted,Phase 2,HCT116,
spher-colo52-v1-ULA-PB000139-HCT116-HT29-48h-P1-L2,F11,4186,5533,PB000139,PB000139_F11,water,water,water,0.5,µM,100.0,%,500.0,nl,40.0,µl,neg_con,,control,,,,,,,HCT116,
spher-colo52-v1-ULA-PB000139-HCT116-HT29-48h-P1-L2,F12,4186,5533,PB000139,PB000139_F12,colo-043,LGK-974,dmso,1.0,µM,1.0,mM,100.0,nl,40.0,µl,trt,S7143,Wnt/beta-catenin,Stem Cells & Wnt,46926973.0,CC1=CC(=CC=N1)C2=C(C)C=C(CC(=O)NC3=CC=C(C=N3)C4=CN=CC=N4)C=N2,XXYGTCZJJLTAGH-UHFFFAOYSA-N,Targeted,Phase 2,HCT116,
spher-colo52-v1-ULA-PB000139-HCT116-HT29-48h-P1-L2,F13,4186,5533,PB000139,PB000139_F13,colo-049,Oxaliplatin,water,3.0,µM,2.0,mM,150.0,nl,40.0,µl,trt,S1224,DNA/RNA Synthesis,DNA Damage,9887054.0,[Pt++].NC1CCCCC1N.[O-]C(=O)C([O-])=O,ZROHGHOFXNOHSO-BNTLRKBRSA-L,Cytotoxic,Launched,HT29,Platinum
spher-colo52-v1-ULA-PB000139-HCT116-HT29-48h-P1-L2,F14,4186,5533,PB000139,PB000139_F14,colo-048,Palbociclib (PD-0332991) HCl,water,1.0,µM,1.0,mM,100.0,nl,40.0,µl,trt,S1116,CDK,Cell Cycle,11431660.0,Cl.CC(=O)C1=C(C)C2=CN=C(NC3=NC=C(C=C3)N4CCNCC4)N=C2N(C5CCCC5)C1=O,STEQOHNDWONVIF-UHFFFAOYSA-N,Targeted / Cytotoxic,Preclinical,HT29,
spher-colo52-v1-ULA-PB000139-HCT116-HT29-48h-P1-L2,F15,4186,5533,PB000139,PB000139_F15,colo-046,"Cobimetinib (GDC-0973, RG7420)",dmso,3.0,µM,10.0,mM,30.0,nl,40.0,µl,trt,S8041,MEK,MAPK,16222096.0,OC1(CN(C1)C(=O)C2=C(NC3=CC=C(I)C=C3F)C(=C(F)C=C2)F)C4CCCCN4,BSMCAPRUBJMWDF-KRWDZBQOSA-N,Targeted,Launched,HT29,
spher-colo52-v1-ULA-PB000139-HCT116-HT29-48h-P1-L2,F16,4186,5533,PB000139,PB000139_F16,colo-038,Alpelisib (BYL719),dmso,10.0,µM,10.0,mM,100.0,nl,40.0,µl,trt,S2814,PI3K,PI3K/Akt/mTOR,56649450.0,CC1=C(SC(=N1)NC(=O)N2CCCC2C(N)=O)C3=CC(=NC=C3)C(C)(C)C(F)(F)F,STUWGJZDJHPWGZ-LBPRGKRZSA-N,Targeted,Launched,HT29,
spher-colo52-v1-ULA-PB000139-HCT116-HT29-48h-P1-L2,F17,4186,5533,PB000139,PB000139_F17,etop,etop,dmso,2.5,µM,10.0,mM,25.0,nl,40.0,µl,pos_con,E2600000,DNA topoisomerase 2-alpha & DNA topoisomerase 2-beta,,36462.0,CC1OCC2C(O1)C(C(C(O2)OC3C4COC(=O)C4C(C5=CC6=C(C=C35)OCO6)C7=CC(=C(C(=C7)OC)O)OC)O)O,VJJPUSNTGOMMGY-MRVIYFEKSA-N,,,HT29,
spher-colo52-v1-ULA-PB000139-HCT116-HT29-48h-P1-L2,F18,4186,5533,PB000139,PB000139_F18,colo-038,Alpelisib (BYL719),dmso,0.3,µM,1.0,mM,30.0,nl,40.0,µl,trt,S2814,PI3K,PI3K/Akt/mTOR,56649450.0,CC1=C(SC(=N1)NC(=O)N2CCCC2C(N)=O)C3=CC(=NC=C3)C(C)(C)C(F)(F)F,STUWGJZDJHPWGZ-LBPRGKRZSA-N,Targeted,Launched,HT29,
spher-colo52-v1-ULA-PB000139-HCT116-HT29-48h-P1-L2,F19,4186,5533,PB000139,PB000139_F19,colo-040,SN-38,dmso,1.0,µM,1.0,mM,100.0,nl,40.0,µl,trt,S4908,Topoisomerase,DNA Damage,104842.0,CCC1=C2CN3C(=O)C4=C(C=C3C2=NC5=C1C=C(O)C=C5)C(O)(CC)C(=O)OC4,FJHBVJOVLFPMQE-QFIPXVFZSA-N,Cytotoxic,Launched,HT29,Topoisomerase I
spher-colo52-v1-ULA-PB000139-HCT116-HT29-48h-P1-L2,F20,4186,5533,PB000139,PB000139_F20,colo-047,Navitoclax (ABT-263),dmso,3.0,µM,10.0,mM,30.0,nl,40.0,µl,trt,S1001,Bcl-2,Apoptosis,24978538.0,CC1(C)CCC(=C(CN2CCN(CC2)C3=CC=C(C=C3)C(=O)N[S](=O)(=O)C4=CC(=C(NC(CCN5CCOCC5)CSC6=CC=CC=C6)C=C4)[S](=O)(=O)C(F)(F)F)C1)C7=CC=C(Cl)C=C7,JLYAXFNOILIKPP-KXQOOQHDSA-N,Targeted,Phase 2,HT29,
spher-colo52-v1-ULA-PB000139-HCT116-HT29-48h-P1-L2,F21,4186,5533,PB000139,PB000139_F21,colo-043,LGK-974,dmso,3.0,µM,10.0,mM,30.0,nl,40.0,µl,trt,S7143,Wnt/beta-catenin,Stem Cells & Wnt,46926973.0,CC1=CC(=CC=N1)C2=C(C)C=C(CC(=O)NC3=CC=C(C=N3)C4=CN=CC=N4)C=N2,XXYGTCZJJLTAGH-UHFFFAOYSA-N,Targeted,Phase 2,HT29,
spher-colo52-v1-ULA-PB000139-HCT116-HT29-48h-P1-L2,F22,4186,5533,PB000139,PB000139_F22,water,water,water,0.5,µM,100.0,%,500.0,nl,40.0,µl,neg_con,,control,,,,,,,HT29,
spher-colo52-v1-ULA-PB000139-HCT116-HT29-48h-P1-L2,F23,4186,5533,PB000139,PB000139_F23,colo-043,LGK-974,dmso,1.0,µM,1.0,mM,100.0,nl,40.0,µl,trt,S7143,Wnt/beta-catenin,Stem Cells & Wnt,46926973.0,CC1=CC(=CC=N1)C2=C(C)C=C(CC(=O)NC3=CC=C(C=N3)C4=CN=CC=N4)C=N2,XXYGTCZJJLTAGH-UHFFFAOYSA-N,Targeted,Phase 2,HT29,
spher-colo52-v1-ULA-PB000139-HCT116-HT29-48h-P1-L2,G02,4186,5533,PB000139,PB000139_G02,colo-038,Alpelisib (BYL719),dmso,10.0,µM,10.0,mM,100.0,nl,40.0,µl,trt,S2814,PI3K,PI3K/Akt/mTOR,56649450.0,CC1=C(SC(=N1)NC(=O)N2CCCC2C(N)=O)C3=CC(=NC=C3)C(C)(C)C(F)(F)F,STUWGJZDJHPWGZ-LBPRGKRZSA-N,Targeted,Launched,HCT116,
spher-colo52-v1-ULA-PB000139-HCT116-HT29-48h-P1-L2,G03,4186,5533,PB000139,PB000139_G03,dmso,dmso,dmso,0.1,µM,100.0,%,100.0,nl,40.0,µl,neg_con,D2438,control,,679.0,CS(=O)C,IAZDPXIOMUYVGZ-UHFFFAOYSA-N,,,HCT116,
spher-colo52-v1-ULA-PB000139-HCT116-HT29-48h-P1-L2,G04,4186,5533,PB000139,PB000139_G04,colo-042,Taselisib (GDC 0032),dmso,1.0,µM,1.0,mM,100.0,nl,40.0,µl,trt,S7103,PI3K,PI3K/Akt/mTOR,51001932.0,CC(C)[N]1N=C(C)N=C1C2=C[N]3CCOC4=CC(=CC=C4C3=N2)C5=C[N](N=C5)C(C)(C)C(N)=O,BEUQXVWXFDOSAQ-UHFFFAOYSA-N,Targeted,Phase 3,HCT116,
spher-colo52-v1-ULA-PB000139-HCT116-HT29-48h-P1-L2,G05,4186,5533,PB000139,PB000139_G05,colo-041,"Binimetinib (MEK162, ARRY-162, ARRY-438162)",dmso,3.0,µM,10.0,mM,30.0,nl,40.0,µl,trt,S7007,MEK,MAPK,10288191.0,C[N]1C=NC2=C1C=C(C(=O)NOCCO)C(=C2F)NC3=C(F)C=C(Br)C=C3,ACWZRVQXLIRSDF-UHFFFAOYSA-N,Targeted,Launched,HCT116,
spher-colo52-v1-ULA-PB000139-HCT116-HT29-48h-P1-L2,G06,4186,5533,PB000139,PB000139_G06,colo-050,Encorafenib (LGX818),dmso,0.3,µM,1.0,mM,30.0,nl,40.0,µl,trt,S7108,Raf,MAPK,50922675.0,CC(C)N1C=C(C(=N1)C2=C(C(=CC(=C2)Cl)NS(=O)(=O)C)F)C3=NC(=NC=C3)NCC(C)NC(=O)OC,CMJCXYNUCSMDBY-ZDUSSCGKSA-N,Targeted,Launched,HCT116,
spher-colo52-v1-ULA-PB000139-HCT116-HT29-48h-P1-L2,G07,4186,5533,PB000139,PB000139_G07,colo-042,Taselisib (GDC 0032),dmso,3.0,µM,10.0,mM,30.0,nl,40.0,µl,trt,S7103,PI3K,PI3K/Akt/mTOR,51001932.0,CC(C)[N]1N=C(C)N=C1C2=C[N]3CCOC4=CC(=CC=C4C3=N2)C5=C[N](N=C5)C(C)(C)C(N)=O,BEUQXVWXFDOSAQ-UHFFFAOYSA-N,Targeted,Phase 3,HCT116,
spher-colo52-v1-ULA-PB000139-HCT116-HT29-48h-P1-L2,G08,4186,5533,PB000139,PB000139_G08,colo-044,abemaciclib (LY2835219),dmso,3.0,µM,10.0,mM,30.0,nl,40.0,µl,trt,S7158,CDK,Cell Cycle,71576678.0,CCN1CCN(CC1)CC2=CC=C(NC3=NC(=C(F)C=N3)C4=CC(=C5N=C(C)[N](C(C)C)C5=C4)F)N=C2.C[S](O)(=O)=O,NCJPFQPEVDHJAZ-UHFFFAOYSA-N,Targeted,Preclinical,HCT116,
spher-colo52-v1-ULA-PB000139-HCT116-HT29-48h-P1-L2,G09,4186,5533,PB000139,PB000139_G09,fenb,fenb,dmso,2.5,µM,10.0,mM,25.0,nl,40.0,µl,pos_con,F0040000,tubulin beta chain,,3334.0,COC(=O)NC1=NC2=C(N1)C=C(C=C2)SC3=CC=CC=C3,HDDSHPAODJUKPD-UHFFFAOYSA-N,,,HCT116,
spher-colo52-v1-ULA-PB000139-HCT116-HT29-48h-P1-L2,G10,4186,5533,PB000139,PB000139_G10,colo-049,Oxaliplatin,water,3.0,µM,2.0,mM,150.0,nl,40.0,µl,trt,S1224,DNA/RNA Synthesis,DNA Damage,9887054.0,[Pt++].NC1CCCCC1N.[O-]C(=O)C([O-])=O,ZROHGHOFXNOHSO-BNTLRKBRSA-L,Cytotoxic,Launched,HCT116,Platinum
spher-colo52-v1-ULA-PB000139-HCT116-HT29-48h-P1-L2,G11,4186,5533,PB000139,PB000139_G11,colo-041,"Binimetinib (MEK162, ARRY-162, ARRY-438162)",dmso,1.0,µM,1.0,mM,100.0,nl,40.0,µl,trt,S7007,MEK,MAPK,10288191.0,C[N]1C=NC2=C1C=C(C(=O)NOCCO)C(=C2F)NC3=C(F)C=C(Br)C=C3,ACWZRVQXLIRSDF-UHFFFAOYSA-N,Targeted,Launched,HCT116,
spher-colo52-v1-ULA-PB000139-HCT116-HT29-48h-P1-L2,G12,4186,5533,PB000139,PB000139_G12,colo-051,AMG232 (Navtemadlin),dmso,0.3,µM,1.0,mM,30.0,nl,40.0,µl,trt,E0001,Mdm2,Apoptosis,58573469.0,CC(C)C(CS(=O)(=O)C(C)C)N1C(C(CC(C1=O)(C)CC(=O)O)C2=CC(=CC=C2)Cl)C3=CC=C(C=C3)Cl,DRLCSJFKKILATL-YWCVFVGNSA-N,Targeted,Phase 2,HCT116,
spher-colo52-v1-ULA-PB000139-HCT116-HT29-48h-P1-L2,G13,4186,5533,PB000139,PB000139_G13,colo-038,Alpelisib (BYL719),dmso,10.0,µM,10.0,mM,100.0,nl,40.0,µl,trt,S2814,PI3K,PI3K/Akt/mTOR,56649450.0,CC1=C(SC(=N1)NC(=O)N2CCCC2C(N)=O)C3=CC(=NC=C3)C(C)(C)C(F)(F)F,STUWGJZDJHPWGZ-LBPRGKRZSA-N,Targeted,Launched,HT29,
spher-colo52-v1-ULA-PB000139-HCT116-HT29-48h-P1-L2,G14,4186,5533,PB000139,PB000139_G14,dmso,dmso,dmso,0.1,µM,100.0,%,100.0,nl,40.0,µl,neg_con,D2438,control,,679.0,CS(=O)C,IAZDPXIOMUYVGZ-UHFFFAOYSA-N,,,HT29,
spher-colo52-v1-ULA-PB000139-HCT116-HT29-48h-P1-L2,G15,4186,5533,PB000139,PB000139_G15,colo-042,Taselisib (GDC 0032),dmso,1.0,µM,1.0,mM,100.0,nl,40.0,µl,trt,S7103,PI3K,PI3K/Akt/mTOR,51001932.0,CC(C)[N]1N=C(C)N=C1C2=C[N]3CCOC4=CC(=CC=C4C3=N2)C5=C[N](N=C5)C(C)(C)C(N)=O,BEUQXVWXFDOSAQ-UHFFFAOYSA-N,Targeted,Phase 3,HT29,
spher-colo52-v1-ULA-PB000139-HCT116-HT29-48h-P1-L2,G16,4186,5533,PB000139,PB000139_G16,colo-041,"Binimetinib (MEK162, ARRY-162, ARRY-438162)",dmso,3.0,µM,10.0,mM,30.0,nl,40.0,µl,trt,S7007,MEK,MAPK,10288191.0,C[N]1C=NC2=C1C=C(C(=O)NOCCO)C(=C2F)NC3=C(F)C=C(Br)C=C3,ACWZRVQXLIRSDF-UHFFFAOYSA-N,Targeted,Launched,HT29,
spher-colo52-v1-ULA-PB000139-HCT116-HT29-48h-P1-L2,G17,4186,5533,PB000139,PB000139_G17,colo-050,Encorafenib (LGX818),dmso,0.3,µM,1.0,mM,30.0,nl,40.0,µl,trt,S7108,Raf,MAPK,50922675.0,CC(C)N1C=C(C(=N1)C2=C(C(=CC(=C2)Cl)NS(=O)(=O)C)F)C3=NC(=NC=C3)NCC(C)NC(=O)OC,CMJCXYNUCSMDBY-ZDUSSCGKSA-N,Targeted,Launched,HT29,
spher-colo52-v1-ULA-PB000139-HCT116-HT29-48h-P1-L2,G18,4186,5533,PB000139,PB000139_G18,colo-042,Taselisib (GDC 0032),dmso,3.0,µM,10.0,mM,30.0,nl,40.0,µl,trt,S7103,PI3K,PI3K/Akt/mTOR,51001932.0,CC(C)[N]1N=C(C)N=C1C2=C[N]3CCOC4=CC(=CC=C4C3=N2)C5=C[N](N=C5)C(C)(C)C(N)=O,BEUQXVWXFDOSAQ-UHFFFAOYSA-N,Targeted,Phase 3,HT29,
spher-colo52-v1-ULA-PB000139-HCT116-HT29-48h-P1-L2,G19,4186,5533,PB000139,PB000139_G19,colo-044,abemaciclib (LY2835219),dmso,3.0,µM,10.0,mM,30.0,nl,40.0,µl,trt,S7158,CDK,Cell Cycle,71576678.0,CCN1CCN(CC1)CC2=CC=C(NC3=NC(=C(F)C=N3)C4=CC(=C5N=C(C)[N](C(C)C)C5=C4)F)N=C2.C[S](O)(=O)=O,NCJPFQPEVDHJAZ-UHFFFAOYSA-N,Targeted,Preclinical,HT29,
spher-colo52-v1-ULA-PB000139-HCT116-HT29-48h-P1-L2,G20,4186,5533,PB000139,PB000139_G20,fenb,fenb,dmso,2.5,µM,10.0,mM,25.0,nl,40.0,µl,pos_con,F0040000,tubulin beta chain,,3334.0,COC(=O)NC1=NC2=C(N1)C=C(C=C2)SC3=CC=CC=C3,HDDSHPAODJUKPD-UHFFFAOYSA-N,,,HT29,
spher-colo52-v1-ULA-PB000139-HCT116-HT29-48h-P1-L2,G21,4186,5533,PB000139,PB000139_G21,colo-049,Oxaliplatin,water,3.0,µM,2.0,mM,150.0,nl,40.0,µl,trt,S1224,DNA/RNA Synthesis,DNA Damage,9887054.0,[Pt++].NC1CCCCC1N.[O-]C(=O)C([O-])=O,ZROHGHOFXNOHSO-BNTLRKBRSA-L,Cytotoxic,Launched,HT29,Platinum
spher-colo52-v1-ULA-PB000139-HCT116-HT29-48h-P1-L2,G22,4186,5533,PB000139,PB000139_G22,colo-041,"Binimetinib (MEK162, ARRY-162, ARRY-438162)",dmso,1.0,µM,1.0,mM,100.0,nl,40.0,µl,trt,S7007,MEK,MAPK,10288191.0,C[N]1C=NC2=C1C=C(C(=O)NOCCO)C(=C2F)NC3=C(F)C=C(Br)C=C3,ACWZRVQXLIRSDF-UHFFFAOYSA-N,Targeted,Launched,HT29,
spher-colo52-v1-ULA-PB000139-HCT116-HT29-48h-P1-L2,G23,4186,5533,PB000139,PB000139_G23,colo-051,AMG232 (Navtemadlin),dmso,0.3,µM,1.0,mM,30.0,nl,40.0,µl,trt,E0001,Mdm2,Apoptosis,58573469.0,CC(C)C(CS(=O)(=O)C(C)C)N1C(C(CC(C1=O)(C)CC(=O)O)C2=CC(=CC=C2)Cl)C3=CC=C(C=C3)Cl,DRLCSJFKKILATL-YWCVFVGNSA-N,Targeted,Phase 2,HT29,
spher-colo52-v1-ULA-PB000139-HCT116-HT29-48h-P1-L2,H02,4186,5533,PB000139,PB000139_H02,colo-045,Sorafenib,dmso,10.0,µM,10.0,mM,100.0,nl,40.0,µl,trt,S7397,Raf,MAPK,216239.0,CNC(=O)C1=CC(=CC=N1)OC2=CC=C(NC(=O)NC3=CC=C(Cl)C(=C3)C(F)(F)F)C=C2,MLDQJTXFUGDVEO-UHFFFAOYSA-N,Targeted,Launched,HCT116,
spher-colo52-v1-ULA-PB000139-HCT116-HT29-48h-P1-L2,H03,4186,5533,PB000139,PB000139_H03,colo-047,Navitoclax (ABT-263),dmso,0.3,µM,1.0,mM,30.0,nl,40.0,µl,trt,S1001,Bcl-2,Apoptosis,24978538.0,CC1(C)CCC(=C(CN2CCN(CC2)C3=CC=C(C=C3)C(=O)N[S](=O)(=O)C4=CC(=C(NC(CCN5CCOCC5)CSC6=CC=CC=C6)C=C4)[S](=O)(=O)C(F)(F)F)C1)C7=CC=C(Cl)C=C7,JLYAXFNOILIKPP-KXQOOQHDSA-N,Targeted,Phase 2,HCT116,
spher-colo52-v1-ULA-PB000139-HCT116-HT29-48h-P1-L2,H04,4186,5533,PB000139,PB000139_H04,colo-039,Vinorelbine Tartrate,dmso,0.03,µM,0.1,mM,30.0,nl,40.0,µl,trt,S4269,Microtubule Associated,Cytoskeletal Signaling,60779.0,CCC1=CC2CN(C1)CC3=C([NH]C4=C3C=CC=C4)C(C2)(C(=O)OC)C5=C(OC)C=C6N(C)C7C(O)(C(OC(C)=O)C8(CC)C=CCN9CCC7(C89)C6=C5)C(=O)OC.OC(C(O)C(O)=O)C(O)=O.OC(C(O)C(O)=O)C(O)=O,CILBMBUYJCWATM-NPJYPKOYSA-N,Cytotoxic,Phase 1/Phase 2,HCT116,
spher-colo52-v1-ULA-PB000139-HCT116-HT29-48h-P1-L2,H05,4186,5533,PB000139,PB000139_H05,colo-043,LGK-974,dmso,0.3,µM,1.0,mM,30.0,nl,40.0,µl,trt,S7143,Wnt/beta-catenin,Stem Cells & Wnt,46926973.0,CC1=CC(=CC=N1)C2=C(C)C=C(CC(=O)NC3=CC=C(C=N3)C4=CN=CC=N4)C=N2,XXYGTCZJJLTAGH-UHFFFAOYSA-N,Targeted,Phase 2,HCT116,
spher-colo52-v1-ULA-PB000139-HCT116-HT29-48h-P1-L2,H06,4186,5533,PB000139,PB000139_H06,colo-047,Navitoclax (ABT-263),dmso,3.0,µM,10.0,mM,30.0,nl,40.0,µl,trt,S1001,Bcl-2,Apoptosis,24978538.0,CC1(C)CCC(=C(CN2CCN(CC2)C3=CC=C(C=C3)C(=O)N[S](=O)(=O)C4=CC(=C(NC(CCN5CCOCC5)CSC6=CC=CC=C6)C=C4)[S](=O)(=O)C(F)(F)F)C1)C7=CC=C(Cl)C=C7,JLYAXFNOILIKPP-KXQOOQHDSA-N,Targeted,Phase 2,HCT116,
spher-colo52-v1-ULA-PB000139-HCT116-HT29-48h-P1-L2,H07,4186,5533,PB000139,PB000139_H07,colo-036,AZD4547,dmso,1.0,µM,1.0,mM,100.0,nl,40.0,µl,trt,S2801,FGFR,Angiogenesis,51039095.0,COC1=CC(=CC(=C1)OC)CCC2=CC(=N[NH]2)NC(=O)C3=CC=C(C=C3)N4CC(C)NC(C)C4,VRQMAABPASPXMW-HDICACEKSA-N,Targeted,Phase 2/Phase 3,HCT116,
spher-colo52-v1-ULA-PB000139-HCT116-HT29-48h-P1-L2,H08,4186,5533,PB000139,PB000139_H08,colo-038,Alpelisib (BYL719),dmso,1.0,µM,1.0,mM,100.0,nl,40.0,µl,trt,S2814,PI3K,PI3K/Akt/mTOR,56649450.0,CC1=C(SC(=N1)NC(=O)N2CCCC2C(N)=O)C3=CC(=NC=C3)C(C)(C)C(F)(F)F,STUWGJZDJHPWGZ-LBPRGKRZSA-N,Targeted,Launched,HCT116,
spher-colo52-v1-ULA-PB000139-HCT116-HT29-48h-P1-L2,H09,4186,5533,PB000139,PB000139_H09,colo-042,Taselisib (GDC 0032),dmso,0.3,µM,1.0,mM,30.0,nl,40.0,µl,trt,S7103,PI3K,PI3K/Akt/mTOR,51001932.0,CC(C)[N]1N=C(C)N=C1C2=C[N]3CCOC4=CC(=CC=C4C3=N2)C5=C[N](N=C5)C(C)(C)C(N)=O,BEUQXVWXFDOSAQ-UHFFFAOYSA-N,Targeted,Phase 3,HCT116,
spher-colo52-v1-ULA-PB000139-HCT116-HT29-48h-P1-L2,H10,4186,5533,PB000139,PB000139_H10,colo-047,Navitoclax (ABT-263),dmso,1.0,µM,1.0,mM,100.0,nl,40.0,µl,trt,S1001,Bcl-2,Apoptosis,24978538.0,CC1(C)CCC(=C(CN2CCN(CC2)C3=CC=C(C=C3)C(=O)N[S](=O)(=O)C4=CC(=C(NC(CCN5CCOCC5)CSC6=CC=CC=C6)C=C4)[S](=O)(=O)C(F)(F)F)C1)C7=CC=C(Cl)C=C7,JLYAXFNOILIKPP-KXQOOQHDSA-N,Targeted,Phase 2,HCT116,
spher-colo52-v1-ULA-PB000139-HCT116-HT29-48h-P1-L2,H11,4186,5533,PB000139,PB000139_H11,colo-045,Sorafenib,dmso,3.0,µM,10.0,mM,30.0,nl,40.0,µl,trt,S7397,Raf,MAPK,216239.0,CNC(=O)C1=CC(=CC=N1)OC2=CC=C(NC(=O)NC3=CC=C(Cl)C(=C3)C(F)(F)F)C=C2,MLDQJTXFUGDVEO-UHFFFAOYSA-N,Targeted,Launched,HCT116,
spher-colo52-v1-ULA-PB000139-HCT116-HT29-48h-P1-L2,H12,4186,5533,PB000139,PB000139_H12,dmso,dmso,dmso,0.1,µM,100.0,%,100.0,nl,40.0,µl,neg_con,D2438,control,,679.0,CS(=O)C,IAZDPXIOMUYVGZ-UHFFFAOYSA-N,,,HCT116,
spher-colo52-v1-ULA-PB000139-HCT116-HT29-48h-P1-L2,H13,4186,5533,PB000139,PB000139_H13,colo-045,Sorafenib,dmso,10.0,µM,10.0,mM,100.0,nl,40.0,µl,trt,S7397,Raf,MAPK,216239.0,CNC(=O)C1=CC(=CC=N1)OC2=CC=C(NC(=O)NC3=CC=C(Cl)C(=C3)C(F)(F)F)C=C2,MLDQJTXFUGDVEO-UHFFFAOYSA-N,Targeted,Launched,HT29,
spher-colo52-v1-ULA-PB000139-HCT116-HT29-48h-P1-L2,H14,4186,5533,PB000139,PB000139_H14,colo-047,Navitoclax (ABT-263),dmso,0.3,µM,1.0,mM,30.0,nl,40.0,µl,trt,S1001,Bcl-2,Apoptosis,24978538.0,CC1(C)CCC(=C(CN2CCN(CC2)C3=CC=C(C=C3)C(=O)N[S](=O)(=O)C4=CC(=C(NC(CCN5CCOCC5)CSC6=CC=CC=C6)C=C4)[S](=O)(=O)C(F)(F)F)C1)C7=CC=C(Cl)C=C7,JLYAXFNOILIKPP-KXQOOQHDSA-N,Targeted,Phase 2,HT29,
spher-colo52-v1-ULA-PB000139-HCT116-HT29-48h-P1-L2,H15,4186,5533,PB000139,PB000139_H15,colo-039,Vinorelbine Tartrate,dmso,0.03,µM,0.1,mM,30.0,nl,40.0,µl,trt,S4269,Microtubule Associated,Cytoskeletal Signaling,60779.0,CCC1=CC2CN(C1)CC3=C([NH]C4=C3C=CC=C4)C(C2)(C(=O)OC)C5=C(OC)C=C6N(C)C7C(O)(C(OC(C)=O)C8(CC)C=CCN9CCC7(C89)C6=C5)C(=O)OC.OC(C(O)C(O)=O)C(O)=O.OC(C(O)C(O)=O)C(O)=O,CILBMBUYJCWATM-NPJYPKOYSA-N,Cytotoxic,Phase 1/Phase 2,HT29,
spher-colo52-v1-ULA-PB000139-HCT116-HT29-48h-P1-L2,H16,4186,5533,PB000139,PB000139_H16,colo-043,LGK-974,dmso,0.3,µM,1.0,mM,30.0,nl,40.0,µl,trt,S7143,Wnt/beta-catenin,Stem Cells & Wnt,46926973.0,CC1=CC(=CC=N1)C2=C(C)C=C(CC(=O)NC3=CC=C(C=N3)C4=CN=CC=N4)C=N2,XXYGTCZJJLTAGH-UHFFFAOYSA-N,Targeted,Phase 2,HT29,
spher-colo52-v1-ULA-PB000139-HCT116-HT29-48h-P1-L2,H17,4186,5533,PB000139,PB000139_H17,colo-047,Navitoclax (ABT-263),dmso,3.0,µM,10.0,mM,30.0,nl,40.0,µl,trt,S1001,Bcl-2,Apoptosis,24978538.0,CC1(C)CCC(=C(CN2CCN(CC2)C3=CC=C(C=C3)C(=O)N[S](=O)(=O)C4=CC(=C(NC(CCN5CCOCC5)CSC6=CC=CC=C6)C=C4)[S](=O)(=O)C(F)(F)F)C1)C7=CC=C(Cl)C=C7,JLYAXFNOILIKPP-KXQOOQHDSA-N,Targeted,Phase 2,HT29,
spher-colo52-v1-ULA-PB000139-HCT116-HT29-48h-P1-L2,H18,4186,5533,PB000139,PB000139_H18,colo-036,AZD4547,dmso,1.0,µM,1.0,mM,100.0,nl,40.0,µl,trt,S2801,FGFR,Angiogenesis,51039095.0,COC1=CC(=CC(=C1)OC)CCC2=CC(=N[NH]2)NC(=O)C3=CC=C(C=C3)N4CC(C)NC(C)C4,VRQMAABPASPXMW-HDICACEKSA-N,Targeted,Phase 2/Phase 3,HT29,
spher-colo52-v1-ULA-PB000139-HCT116-HT29-48h-P1-L2,H19,4186,5533,PB000139,PB000139_H19,colo-038,Alpelisib (BYL719),dmso,1.0,µM,1.0,mM,100.0,nl,40.0,µl,trt,S2814,PI3K,PI3K/Akt/mTOR,56649450.0,CC1=C(SC(=N1)NC(=O)N2CCCC2C(N)=O)C3=CC(=NC=C3)C(C)(C)C(F)(F)F,STUWGJZDJHPWGZ-LBPRGKRZSA-N,Targeted,Launched,HT29,
spher-colo52-v1-ULA-PB000139-HCT116-HT29-48h-P1-L2,H20,4186,5533,PB000139,PB000139_H20,colo-042,Taselisib (GDC 0032),dmso,0.3,µM,1.0,mM,30.0,nl,40.0,µl,trt,S7103,PI3K,PI3K/Akt/mTOR,51001932.0,CC(C)[N]1N=C(C)N=C1C2=C[N]3CCOC4=CC(=CC=C4C3=N2)C5=C[N](N=C5)C(C)(C)C(N)=O,BEUQXVWXFDOSAQ-UHFFFAOYSA-N,Targeted,Phase 3,HT29,
spher-colo52-v1-ULA-PB000139-HCT116-HT29-48h-P1-L2,H21,4186,5533,PB000139,PB000139_H21,colo-047,Navitoclax (ABT-263),dmso,1.0,µM,1.0,mM,100.0,nl,40.0,µl,trt,S1001,Bcl-2,Apoptosis,24978538.0,CC1(C)CCC(=C(CN2CCN(CC2)C3=CC=C(C=C3)C(=O)N[S](=O)(=O)C4=CC(=C(NC(CCN5CCOCC5)CSC6=CC=CC=C6)C=C4)[S](=O)(=O)C(F)(F)F)C1)C7=CC=C(Cl)C=C7,JLYAXFNOILIKPP-KXQOOQHDSA-N,Targeted,Phase 2,HT29,
spher-colo52-v1-ULA-PB000139-HCT116-HT29-48h-P1-L2,H22,4186,5533,PB000139,PB000139_H22,colo-045,Sorafenib,dmso,3.0,µM,10.0,mM,30.0,nl,40.0,µl,trt,S7397,Raf,MAPK,216239.0,CNC(=O)C1=CC(=CC=N1)OC2=CC=C(NC(=O)NC3=CC=C(Cl)C(=C3)C(F)(F)F)C=C2,MLDQJTXFUGDVEO-UHFFFAOYSA-N,Targeted,Launched,HT29,
spher-colo52-v1-ULA-PB000139-HCT116-HT29-48h-P1-L2,H23,4186,5533,PB000139,PB000139_H23,dmso,dmso,dmso,0.1,µM,100.0,%,100.0,nl,40.0,µl,neg_con,D2438,control,,679.0,CS(=O)C,IAZDPXIOMUYVGZ-UHFFFAOYSA-N,,,HT29,
spher-colo52-v1-ULA-PB000139-HCT116-HT29-48h-P1-L2,I02,4186,5533,PB000139,PB000139_I02,colo-041,"Binimetinib (MEK162, ARRY-162, ARRY-438162)",dmso,3.0,µM,10.0,mM,30.0,nl,40.0,µl,trt,S7007,MEK,MAPK,10288191.0,C[N]1C=NC2=C1C=C(C(=O)NOCCO)C(=C2F)NC3=C(F)C=C(Br)C=C3,ACWZRVQXLIRSDF-UHFFFAOYSA-N,Targeted,Launched,HCT116,
spher-colo52-v1-ULA-PB000139-HCT116-HT29-48h-P1-L2,I03,4186,5533,PB000139,PB000139_I03,colo-038,Alpelisib (BYL719),dmso,1.0,µM,1.0,mM,100.0,nl,40.0,µl,trt,S2814,PI3K,PI3K/Akt/mTOR,56649450.0,CC1=C(SC(=N1)NC(=O)N2CCCC2C(N)=O)C3=CC(=NC=C3)C(C)(C)C(F)(F)F,STUWGJZDJHPWGZ-LBPRGKRZSA-N,Targeted,Launched,HCT116,
spher-colo52-v1-ULA-PB000139-HCT116-HT29-48h-P1-L2,I04,4186,5533,PB000139,PB000139_I04,colo-046,"Cobimetinib (GDC-0973, RG7420)",dmso,10.0,µM,10.0,mM,100.0,nl,40.0,µl,trt,S8041,MEK,MAPK,16222096.0,OC1(CN(C1)C(=O)C2=C(NC3=CC=C(I)C=C3F)C(=C(F)C=C2)F)C4CCCCN4,BSMCAPRUBJMWDF-KRWDZBQOSA-N,Targeted,Launched,HCT116,
spher-colo52-v1-ULA-PB000139-HCT116-HT29-48h-P1-L2,I05,4186,5533,PB000139,PB000139_I05,colo-038,Alpelisib (BYL719),dmso,3.0,µM,10.0,mM,30.0,nl,40.0,µl,trt,S2814,PI3K,PI3K/Akt/mTOR,56649450.0,CC1=C(SC(=N1)NC(=O)N2CCCC2C(N)=O)C3=CC(=NC=C3)C(C)(C)C(F)(F)F,STUWGJZDJHPWGZ-LBPRGKRZSA-N,Targeted,Launched,HCT116,
spher-colo52-v1-ULA-PB000139-HCT116-HT29-48h-P1-L2,I06,4186,5533,PB000139,PB000139_I06,dmso,dmso,dmso,0.1,µM,100.0,%,100.0,nl,40.0,µl,neg_con,D2438,control,,679.0,CS(=O)C,IAZDPXIOMUYVGZ-UHFFFAOYSA-N,,,HCT116,
spher-colo52-v1-ULA-PB000139-HCT116-HT29-48h-P1-L2,I07,4186,5533,PB000139,PB000139_I07,colo-051,AMG232 (Navtemadlin),dmso,3.0,µM,10.0,mM,30.0,nl,40.0,µl,trt,E0001,Mdm2,Apoptosis,58573469.0,CC(C)C(CS(=O)(=O)C(C)C)N1C(C(CC(C1=O)(C)CC(=O)O)C2=CC(=CC=C2)Cl)C3=CC=C(C=C3)Cl,DRLCSJFKKILATL-YWCVFVGNSA-N,Targeted,Phase 2,HCT116,
spher-colo52-v1-ULA-PB000139-HCT116-HT29-48h-P1-L2,I08,4186,5533,PB000139,PB000139_I08,colo-052,5Z-7-OXOZEAENOL,dmso,10.0,µM,10.0,mM,100.0,nl,40.0,µl,trt,E0002,Tak1,MAPK,329818946.0,COc1cc(O)c2C(=O)O[C@@H](C)CC=CC(=O)[C@@H](O)[C@@H](O)C\C=C\c2c1,NEQZWEXWOFPKOT-BYRRXHGESA-N,Targeted,Preclinical,HCT116,
spher-colo52-v1-ULA-PB000139-HCT116-HT29-48h-P1-L2,I09,4186,5533,PB000139,PB000139_I09,colo-046,"Cobimetinib (GDC-0973, RG7420)",dmso,0.3,µM,1.0,mM,30.0,nl,40.0,µl,trt,S8041,MEK,MAPK,16222096.0,OC1(CN(C1)C(=O)C2=C(NC3=CC=C(I)C=C3F)C(=C(F)C=C2)F)C4CCCCN4,BSMCAPRUBJMWDF-KRWDZBQOSA-N,Targeted,Launched,HCT116,
spher-colo52-v1-ULA-PB000139-HCT116-HT29-48h-P1-L2,I10,4186,5533,PB000139,PB000139_I10,colo-039,Vinorelbine Tartrate,dmso,0.1,µM,0.1,mM,100.0,nl,40.0,µl,trt,S4269,Microtubule Associated,Cytoskeletal Signaling,60779.0,CCC1=CC2CN(C1)CC3=C([NH]C4=C3C=CC=C4)C(C2)(C(=O)OC)C5=C(OC)C=C6N(C)C7C(O)(C(OC(C)=O)C8(CC)C=CCN9CCC7(C89)C6=C5)C(=O)OC.OC(C(O)C(O)=O)C(O)=O.OC(C(O)C(O)=O)C(O)=O,CILBMBUYJCWATM-NPJYPKOYSA-N,Cytotoxic,Phase 1/Phase 2,HCT116,
spher-colo52-v1-ULA-PB000139-HCT116-HT29-48h-P1-L2,I11,4186,5533,PB000139,PB000139_I11,colo-047,Navitoclax (ABT-263),dmso,10.0,µM,10.0,mM,100.0,nl,40.0,µl,trt,S1001,Bcl-2,Apoptosis,24978538.0,CC1(C)CCC(=C(CN2CCN(CC2)C3=CC=C(C=C3)C(=O)N[S](=O)(=O)C4=CC(=C(NC(CCN5CCOCC5)CSC6=CC=CC=C6)C=C4)[S](=O)(=O)C(F)(F)F)C1)C7=CC=C(Cl)C=C7,JLYAXFNOILIKPP-KXQOOQHDSA-N,Targeted,Phase 2,HCT116,
spher-colo52-v1-ULA-PB000139-HCT116-HT29-48h-P1-L2,I12,4186,5533,PB000139,PB000139_I12,colo-039,Vinorelbine Tartrate,dmso,0.003,µM,0.01,mM,30.0,nl,40.0,µl,trt,S4269,Microtubule Associated,Cytoskeletal Signaling,60779.0,CCC1=CC2CN(C1)CC3=C([NH]C4=C3C=CC=C4)C(C2)(C(=O)OC)C5=C(OC)C=C6N(C)C7C(O)(C(OC(C)=O)C8(CC)C=CCN9CCC7(C89)C6=C5)C(=O)OC.OC(C(O)C(O)=O)C(O)=O.OC(C(O)C(O)=O)C(O)=O,CILBMBUYJCWATM-NPJYPKOYSA-N,Cytotoxic,Phase 1/Phase 2,HCT116,
spher-colo52-v1-ULA-PB000139-HCT116-HT29-48h-P1-L2,I13,4186,5533,PB000139,PB000139_I13,colo-041,"Binimetinib (MEK162, ARRY-162, ARRY-438162)",dmso,3.0,µM,10.0,mM,30.0,nl,40.0,µl,trt,S7007,MEK,MAPK,10288191.0,C[N]1C=NC2=C1C=C(C(=O)NOCCO)C(=C2F)NC3=C(F)C=C(Br)C=C3,ACWZRVQXLIRSDF-UHFFFAOYSA-N,Targeted,Launched,HT29,
spher-colo52-v1-ULA-PB000139-HCT116-HT29-48h-P1-L2,I14,4186,5533,PB000139,PB000139_I14,colo-038,Alpelisib (BYL719),dmso,1.0,µM,1.0,mM,100.0,nl,40.0,µl,trt,S2814,PI3K,PI3K/Akt/mTOR,56649450.0,CC1=C(SC(=N1)NC(=O)N2CCCC2C(N)=O)C3=CC(=NC=C3)C(C)(C)C(F)(F)F,STUWGJZDJHPWGZ-LBPRGKRZSA-N,Targeted,Launched,HT29,
spher-colo52-v1-ULA-PB000139-HCT116-HT29-48h-P1-L2,I15,4186,5533,PB000139,PB000139_I15,colo-046,"Cobimetinib (GDC-0973, RG7420)",dmso,10.0,µM,10.0,mM,100.0,nl,40.0,µl,trt,S8041,MEK,MAPK,16222096.0,OC1(CN(C1)C(=O)C2=C(NC3=CC=C(I)C=C3F)C(=C(F)C=C2)F)C4CCCCN4,BSMCAPRUBJMWDF-KRWDZBQOSA-N,Targeted,Launched,HT29,
spher-colo52-v1-ULA-PB000139-HCT116-HT29-48h-P1-L2,I16,4186,5533,PB000139,PB000139_I16,colo-038,Alpelisib (BYL719),dmso,3.0,µM,10.0,mM,30.0,nl,40.0,µl,trt,S2814,PI3K,PI3K/Akt/mTOR,56649450.0,CC1=C(SC(=N1)NC(=O)N2CCCC2C(N)=O)C3=CC(=NC=C3)C(C)(C)C(F)(F)F,STUWGJZDJHPWGZ-LBPRGKRZSA-N,Targeted,Launched,HT29,
spher-colo52-v1-ULA-PB000139-HCT116-HT29-48h-P1-L2,I17,4186,5533,PB000139,PB000139_I17,dmso,dmso,dmso,0.1,µM,100.0,%,100.0,nl,40.0,µl,neg_con,D2438,control,,679.0,CS(=O)C,IAZDPXIOMUYVGZ-UHFFFAOYSA-N,,,HT29,
spher-colo52-v1-ULA-PB000139-HCT116-HT29-48h-P1-L2,I18,4186,5533,PB000139,PB000139_I18,colo-051,AMG232 (Navtemadlin),dmso,3.0,µM,10.0,mM,30.0,nl,40.0,µl,trt,E0001,Mdm2,Apoptosis,58573469.0,CC(C)C(CS(=O)(=O)C(C)C)N1C(C(CC(C1=O)(C)CC(=O)O)C2=CC(=CC=C2)Cl)C3=CC=C(C=C3)Cl,DRLCSJFKKILATL-YWCVFVGNSA-N,Targeted,Phase 2,HT29,
spher-colo52-v1-ULA-PB000139-HCT116-HT29-48h-P1-L2,I19,4186,5533,PB000139,PB000139_I19,colo-052,5Z-7-OXOZEAENOL,dmso,10.0,µM,10.0,mM,100.0,nl,40.0,µl,trt,E0002,Tak1,MAPK,329818946.0,COc1cc(O)c2C(=O)O[C@@H](C)CC=CC(=O)[C@@H](O)[C@@H](O)C\C=C\c2c1,NEQZWEXWOFPKOT-BYRRXHGESA-N,Targeted,Preclinical,HT29,
spher-colo52-v1-ULA-PB000139-HCT116-HT29-48h-P1-L2,I20,4186,5533,PB000139,PB000139_I20,colo-046,"Cobimetinib (GDC-0973, RG7420)",dmso,0.3,µM,1.0,mM,30.0,nl,40.0,µl,trt,S8041,MEK,MAPK,16222096.0,OC1(CN(C1)C(=O)C2=C(NC3=CC=C(I)C=C3F)C(=C(F)C=C2)F)C4CCCCN4,BSMCAPRUBJMWDF-KRWDZBQOSA-N,Targeted,Launched,HT29,
spher-colo52-v1-ULA-PB000139-HCT116-HT29-48h-P1-L2,I21,4186,5533,PB000139,PB000139_I21,colo-039,Vinorelbine Tartrate,dmso,0.1,µM,0.1,mM,100.0,nl,40.0,µl,trt,S4269,Microtubule Associated,Cytoskeletal Signaling,60779.0,CCC1=CC2CN(C1)CC3=C([NH]C4=C3C=CC=C4)C(C2)(C(=O)OC)C5=C(OC)C=C6N(C)C7C(O)(C(OC(C)=O)C8(CC)C=CCN9CCC7(C89)C6=C5)C(=O)OC.OC(C(O)C(O)=O)C(O)=O.OC(C(O)C(O)=O)C(O)=O,CILBMBUYJCWATM-NPJYPKOYSA-N,Cytotoxic,Phase 1/Phase 2,HT29,
spher-colo52-v1-ULA-PB000139-HCT116-HT29-48h-P1-L2,I22,4186,5533,PB000139,PB000139_I22,colo-047,Navitoclax (ABT-263),dmso,10.0,µM,10.0,mM,100.0,nl,40.0,µl,trt,S1001,Bcl-2,Apoptosis,24978538.0,CC1(C)CCC(=C(CN2CCN(CC2)C3=CC=C(C=C3)C(=O)N[S](=O)(=O)C4=CC(=C(NC(CCN5CCOCC5)CSC6=CC=CC=C6)C=C4)[S](=O)(=O)C(F)(F)F)C1)C7=CC=C(Cl)C=C7,JLYAXFNOILIKPP-KXQOOQHDSA-N,Targeted,Phase 2,HT29,
spher-colo52-v1-ULA-PB000139-HCT116-HT29-48h-P1-L2,I23,4186,5533,PB000139,PB000139_I23,colo-039,Vinorelbine Tartrate,dmso,0.003,µM,0.01,mM,30.0,nl,40.0,µl,trt,S4269,Microtubule Associated,Cytoskeletal Signaling,60779.0,CCC1=CC2CN(C1)CC3=C([NH]C4=C3C=CC=C4)C(C2)(C(=O)OC)C5=C(OC)C=C6N(C)C7C(O)(C(OC(C)=O)C8(CC)C=CCN9CCC7(C89)C6=C5)C(=O)OC.OC(C(O)C(O)=O)C(O)=O.OC(C(O)C(O)=O)C(O)=O,CILBMBUYJCWATM-NPJYPKOYSA-N,Cytotoxic,Phase 1/Phase 2,HT29,
spher-colo52-v1-ULA-PB000139-HCT116-HT29-48h-P1-L2,J02,4186,5533,PB000139,PB000139_J02,colo-045,Sorafenib,dmso,0.3,µM,1.0,mM,30.0,nl,40.0,µl,trt,S7397,Raf,MAPK,216239.0,CNC(=O)C1=CC(=CC=N1)OC2=CC=C(NC(=O)NC3=CC=C(Cl)C(=C3)C(F)(F)F)C=C2,MLDQJTXFUGDVEO-UHFFFAOYSA-N,Targeted,Launched,HCT116,
spher-colo52-v1-ULA-PB000139-HCT116-HT29-48h-P1-L2,J03,4186,5533,PB000139,PB000139_J03,colo-037,Dabrafenib (GSK2118436),dmso,3.0,µM,10.0,mM,30.0,nl,40.0,µl,trt,S2807,Raf,MAPK,44462760.0,CC(C)(C)C1=NC(=C(S1)C2=NC(=NC=C2)N)C3=C(F)C(=CC=C3)N[S](=O)(=O)C4=C(F)C=CC=C4F,BFSMGDJOXZAERB-UHFFFAOYSA-N,Targeted,Launched,HCT116,
spher-colo52-v1-ULA-PB000139-HCT116-HT29-48h-P1-L2,J04,4186,5533,PB000139,PB000139_J04,colo-044,abemaciclib (LY2835219),dmso,10.0,µM,10.0,mM,100.0,nl,40.0,µl,trt,S7158,CDK,Cell Cycle,71576678.0,CCN1CCN(CC1)CC2=CC=C(NC3=NC(=C(F)C=N3)C4=CC(=C5N=C(C)[N](C(C)C)C5=C4)F)N=C2.C[S](O)(=O)=O,NCJPFQPEVDHJAZ-UHFFFAOYSA-N,Targeted,Preclinical,HCT116,
spher-colo52-v1-ULA-PB000139-HCT116-HT29-48h-P1-L2,J05,4186,5533,PB000139,PB000139_J05,colo-052,5Z-7-OXOZEAENOL,dmso,0.3,µM,1.0,mM,30.0,nl,40.0,µl,trt,E0002,Tak1,MAPK,329818946.0,COc1cc(O)c2C(=O)O[C@@H](C)CC=CC(=O)[C@@H](O)[C@@H](O)C\C=C\c2c1,NEQZWEXWOFPKOT-BYRRXHGESA-N,Targeted,Preclinical,HCT116,
spher-colo52-v1-ULA-PB000139-HCT116-HT29-48h-P1-L2,J06,4186,5533,PB000139,PB000139_J06,colo-040,SN-38,dmso,0.03,µM,0.1,mM,30.0,nl,40.0,µl,trt,S4908,Topoisomerase,DNA Damage,104842.0,CCC1=C2CN3C(=O)C4=C(C=C3C2=NC5=C1C=C(O)C=C5)C(O)(CC)C(=O)OC4,FJHBVJOVLFPMQE-QFIPXVFZSA-N,Cytotoxic,Launched,HCT116,Topoisomerase I
spher-colo52-v1-ULA-PB000139-HCT116-HT29-48h-P1-L2,J07,4186,5533,PB000139,PB000139_J07,colo-045,Sorafenib,dmso,1.0,µM,1.0,mM,100.0,nl,40.0,µl,trt,S7397,Raf,MAPK,216239.0,CNC(=O)C1=CC(=CC=N1)OC2=CC=C(NC(=O)NC3=CC=C(Cl)C(=C3)C(F)(F)F)C=C2,MLDQJTXFUGDVEO-UHFFFAOYSA-N,Targeted,Launched,HCT116,
spher-colo52-v1-ULA-PB000139-HCT116-HT29-48h-P1-L2,J08,4186,5533,PB000139,PB000139_J08,colo-037,Dabrafenib (GSK2118436),dmso,1.0,µM,1.0,mM,100.0,nl,40.0,µl,trt,S2807,Raf,MAPK,44462760.0,CC(C)(C)C1=NC(=C(S1)C2=NC(=NC=C2)N)C3=C(F)C(=CC=C3)N[S](=O)(=O)C4=C(F)C=CC=C4F,BFSMGDJOXZAERB-UHFFFAOYSA-N,Targeted,Launched,HCT116,
spher-colo52-v1-ULA-PB000139-HCT116-HT29-48h-P1-L2,J09,4186,5533,PB000139,PB000139_J09,colo-042,Taselisib (GDC 0032),dmso,1.0,µM,1.0,mM,100.0,nl,40.0,µl,trt,S7103,PI3K,PI3K/Akt/mTOR,51001932.0,CC(C)[N]1N=C(C)N=C1C2=C[N]3CCOC4=CC(=CC=C4C3=N2)C5=C[N](N=C5)C(C)(C)C(N)=O,BEUQXVWXFDOSAQ-UHFFFAOYSA-N,Targeted,Phase 3,HCT116,
spher-colo52-v1-ULA-PB000139-HCT116-HT29-48h-P1-L2,J10,4186,5533,PB000139,PB000139_J10,colo-051,AMG232 (Navtemadlin),dmso,1.0,µM,1.0,mM,100.0,nl,40.0,µl,trt,E0001,Mdm2,Apoptosis,58573469.0,CC(C)C(CS(=O)(=O)C(C)C)N1C(C(CC(C1=O)(C)CC(=O)O)C2=CC(=CC=C2)Cl)C3=CC=C(C=C3)Cl,DRLCSJFKKILATL-YWCVFVGNSA-N,Targeted,Phase 2,HCT116,
spher-colo52-v1-ULA-PB000139-HCT116-HT29-48h-P1-L2,J11,4186,5533,PB000139,PB000139_J11,colo-046,"Cobimetinib (GDC-0973, RG7420)",dmso,3.0,µM,10.0,mM,30.0,nl,40.0,µl,trt,S8041,MEK,MAPK,16222096.0,OC1(CN(C1)C(=O)C2=C(NC3=CC=C(I)C=C3F)C(=C(F)C=C2)F)C4CCCCN4,BSMCAPRUBJMWDF-KRWDZBQOSA-N,Targeted,Launched,HCT116,
spher-colo52-v1-ULA-PB000139-HCT116-HT29-48h-P1-L2,J12,4186,5533,PB000139,PB000139_J12,colo-048,Palbociclib (PD-0332991) HCl,water,1.0,µM,1.0,mM,100.0,nl,40.0,µl,trt,S1116,CDK,Cell Cycle,11431660.0,Cl.CC(=O)C1=C(C)C2=CN=C(NC3=NC=C(C=C3)N4CCNCC4)N=C2N(C5CCCC5)C1=O,STEQOHNDWONVIF-UHFFFAOYSA-N,Targeted / Cytotoxic,Preclinical,HCT116,
spher-colo52-v1-ULA-PB000139-HCT116-HT29-48h-P1-L2,J13,4186,5533,PB000139,PB000139_J13,colo-045,Sorafenib,dmso,0.3,µM,1.0,mM,30.0,nl,40.0,µl,trt,S7397,Raf,MAPK,216239.0,CNC(=O)C1=CC(=CC=N1)OC2=CC=C(NC(=O)NC3=CC=C(Cl)C(=C3)C(F)(F)F)C=C2,MLDQJTXFUGDVEO-UHFFFAOYSA-N,Targeted,Launched,HT29,
spher-colo52-v1-ULA-PB000139-HCT116-HT29-48h-P1-L2,J14,4186,5533,PB000139,PB000139_J14,colo-037,Dabrafenib (GSK2118436),dmso,3.0,µM,10.0,mM,30.0,nl,40.0,µl,trt,S2807,Raf,MAPK,44462760.0,CC(C)(C)C1=NC(=C(S1)C2=NC(=NC=C2)N)C3=C(F)C(=CC=C3)N[S](=O)(=O)C4=C(F)C=CC=C4F,BFSMGDJOXZAERB-UHFFFAOYSA-N,Targeted,Launched,HT29,
spher-colo52-v1-ULA-PB000139-HCT116-HT29-48h-P1-L2,J15,4186,5533,PB000139,PB000139_J15,colo-044,abemaciclib (LY2835219),dmso,10.0,µM,10.0,mM,100.0,nl,40.0,µl,trt,S7158,CDK,Cell Cycle,71576678.0,CCN1CCN(CC1)CC2=CC=C(NC3=NC(=C(F)C=N3)C4=CC(=C5N=C(C)[N](C(C)C)C5=C4)F)N=C2.C[S](O)(=O)=O,NCJPFQPEVDHJAZ-UHFFFAOYSA-N,Targeted,Preclinical,HT29,
spher-colo52-v1-ULA-PB000139-HCT116-HT29-48h-P1-L2,J16,4186,5533,PB000139,PB000139_J16,colo-052,5Z-7-OXOZEAENOL,dmso,0.3,µM,1.0,mM,30.0,nl,40.0,µl,trt,E0002,Tak1,MAPK,329818946.0,COc1cc(O)c2C(=O)O[C@@H](C)CC=CC(=O)[C@@H](O)[C@@H](O)C\C=C\c2c1,NEQZWEXWOFPKOT-BYRRXHGESA-N,Targeted,Preclinical,HT29,
spher-colo52-v1-ULA-PB000139-HCT116-HT29-48h-P1-L2,J17,4186,5533,PB000139,PB000139_J17,colo-040,SN-38,dmso,0.03,µM,0.1,mM,30.0,nl,40.0,µl,trt,S4908,Topoisomerase,DNA Damage,104842.0,CCC1=C2CN3C(=O)C4=C(C=C3C2=NC5=C1C=C(O)C=C5)C(O)(CC)C(=O)OC4,FJHBVJOVLFPMQE-QFIPXVFZSA-N,Cytotoxic,Launched,HT29,Topoisomerase I
spher-colo52-v1-ULA-PB000139-HCT116-HT29-48h-P1-L2,J18,4186,5533,PB000139,PB000139_J18,colo-045,Sorafenib,dmso,1.0,µM,1.0,mM,100.0,nl,40.0,µl,trt,S7397,Raf,MAPK,216239.0,CNC(=O)C1=CC(=CC=N1)OC2=CC=C(NC(=O)NC3=CC=C(Cl)C(=C3)C(F)(F)F)C=C2,MLDQJTXFUGDVEO-UHFFFAOYSA-N,Targeted,Launched,HT29,
spher-colo52-v1-ULA-PB000139-HCT116-HT29-48h-P1-L2,J19,4186,5533,PB000139,PB000139_J19,colo-037,Dabrafenib (GSK2118436),dmso,1.0,µM,1.0,mM,100.0,nl,40.0,µl,trt,S2807,Raf,MAPK,44462760.0,CC(C)(C)C1=NC(=C(S1)C2=NC(=NC=C2)N)C3=C(F)C(=CC=C3)N[S](=O)(=O)C4=C(F)C=CC=C4F,BFSMGDJOXZAERB-UHFFFAOYSA-N,Targeted,Launched,HT29,
spher-colo52-v1-ULA-PB000139-HCT116-HT29-48h-P1-L2,J20,4186,5533,PB000139,PB000139_J20,colo-042,Taselisib (GDC 0032),dmso,1.0,µM,1.0,mM,100.0,nl,40.0,µl,trt,S7103,PI3K,PI3K/Akt/mTOR,51001932.0,CC(C)[N]1N=C(C)N=C1C2=C[N]3CCOC4=CC(=CC=C4C3=N2)C5=C[N](N=C5)C(C)(C)C(N)=O,BEUQXVWXFDOSAQ-UHFFFAOYSA-N,Targeted,Phase 3,HT29,
spher-colo52-v1-ULA-PB000139-HCT116-HT29-48h-P1-L2,J21,4186,5533,PB000139,PB000139_J21,colo-051,AMG232 (Navtemadlin),dmso,1.0,µM,1.0,mM,100.0,nl,40.0,µl,trt,E0001,Mdm2,Apoptosis,58573469.0,CC(C)C(CS(=O)(=O)C(C)C)N1C(C(CC(C1=O)(C)CC(=O)O)C2=CC(=CC=C2)Cl)C3=CC=C(C=C3)Cl,DRLCSJFKKILATL-YWCVFVGNSA-N,Targeted,Phase 2,HT29,
spher-colo52-v1-ULA-PB000139-HCT116-HT29-48h-P1-L2,J22,4186,5533,PB000139,PB000139_J22,colo-046,"Cobimetinib (GDC-0973, RG7420)",dmso,3.0,µM,10.0,mM,30.0,nl,40.0,µl,trt,S8041,MEK,MAPK,16222096.0,OC1(CN(C1)C(=O)C2=C(NC3=CC=C(I)C=C3F)C(=C(F)C=C2)F)C4CCCCN4,BSMCAPRUBJMWDF-KRWDZBQOSA-N,Targeted,Launched,HT29,
spher-colo52-v1-ULA-PB000139-HCT116-HT29-48h-P1-L2,J23,4186,5533,PB000139,PB000139_J23,colo-048,Palbociclib (PD-0332991) HCl,water,1.0,µM,1.0,mM,100.0,nl,40.0,µl,trt,S1116,CDK,Cell Cycle,11431660.0,Cl.CC(=O)C1=C(C)C2=CN=C(NC3=NC=C(C=C3)N4CCNCC4)N=C2N(C5CCCC5)C1=O,STEQOHNDWONVIF-UHFFFAOYSA-N,Targeted / Cytotoxic,Preclinical,HT29,
spher-colo52-v1-ULA-PB000139-HCT116-HT29-48h-P1-L2,K02,4186,5533,PB000139,PB000139_K02,colo-042,Taselisib (GDC 0032),dmso,3.0,µM,10.0,mM,30.0,nl,40.0,µl,trt,S7103,PI3K,PI3K/Akt/mTOR,51001932.0,CC(C)[N]1N=C(C)N=C1C2=C[N]3CCOC4=CC(=CC=C4C3=N2)C5=C[N](N=C5)C(C)(C)C(N)=O,BEUQXVWXFDOSAQ-UHFFFAOYSA-N,Targeted,Phase 3,HCT116,
spher-colo52-v1-ULA-PB000139-HCT116-HT29-48h-P1-L2,K03,4186,5533,PB000139,PB000139_K03,sorb,sorb,dmso,10.0,µM,10.0,mM,100.0,nl,40.0,µl,pos_con,S1876,inert,,5780.0,C(C(C(C(C(CO)O)O)O)O)O,FBPFZTCFMRRESA-JGWLITMVSA-N,,,HCT116,
spher-colo52-v1-ULA-PB000139-HCT116-HT29-48h-P1-L2,K04,4186,5533,PB000139,PB000139_K04,colo-036,AZD4547,dmso,10.0,µM,10.0,mM,100.0,nl,40.0,µl,trt,S2801,FGFR,Angiogenesis,51039095.0,COC1=CC(=CC(=C1)OC)CCC2=CC(=N[NH]2)NC(=O)C3=CC=C(C=C3)N4CC(C)NC(C)C4,VRQMAABPASPXMW-HDICACEKSA-N,Targeted,Phase 2/Phase 3,HCT116,
spher-colo52-v1-ULA-PB000139-HCT116-HT29-48h-P1-L2,K05,4186,5533,PB000139,PB000139_K05,colo-037,Dabrafenib (GSK2118436),dmso,0.3,µM,1.0,mM,30.0,nl,40.0,µl,trt,S2807,Raf,MAPK,44462760.0,CC(C)(C)C1=NC(=C(S1)C2=NC(=NC=C2)N)C3=C(F)C(=CC=C3)N[S](=O)(=O)C4=C(F)C=CC=C4F,BFSMGDJOXZAERB-UHFFFAOYSA-N,Targeted,Launched,HCT116,
spher-colo52-v1-ULA-PB000139-HCT116-HT29-48h-P1-L2,K06,4186,5533,PB000139,PB000139_K06,colo-051,AMG232 (Navtemadlin),dmso,0.3,µM,1.0,mM,30.0,nl,40.0,µl,trt,E0001,Mdm2,Apoptosis,58573469.0,CC(C)C(CS(=O)(=O)C(C)C)N1C(C(CC(C1=O)(C)CC(=O)O)C2=CC(=CC=C2)Cl)C3=CC=C(C=C3)Cl,DRLCSJFKKILATL-YWCVFVGNSA-N,Targeted,Phase 2,HCT116,
spher-colo52-v1-ULA-PB000139-HCT116-HT29-48h-P1-L2,K07,4186,5533,PB000139,PB000139_K07,colo-052,5Z-7-OXOZEAENOL,dmso,1.0,µM,1.0,mM,100.0,nl,40.0,µl,trt,E0002,Tak1,MAPK,329818946.0,COc1cc(O)c2C(=O)O[C@@H](C)CC=CC(=O)[C@@H](O)[C@@H](O)C\C=C\c2c1,NEQZWEXWOFPKOT-BYRRXHGESA-N,Targeted,Preclinical,HCT116,
spher-colo52-v1-ULA-PB000139-HCT116-HT29-48h-P1-L2,K08,4186,5533,PB000139,PB000139_K08,colo-036,AZD4547,dmso,10.0,µM,10.0,mM,100.0,nl,40.0,µl,trt,S2801,FGFR,Angiogenesis,51039095.0,COC1=CC(=CC(=C1)OC)CCC2=CC(=N[NH]2)NC(=O)C3=CC=C(C=C3)N4CC(C)NC(C)C4,VRQMAABPASPXMW-HDICACEKSA-N,Targeted,Phase 2/Phase 3,HCT116,
spher-colo52-v1-ULA-PB000139-HCT116-HT29-48h-P1-L2,K09,4186,5533,PB000139,PB000139_K09,dmso,dmso,dmso,0.1,µM,100.0,%,100.0,nl,40.0,µl,neg_con,D2438,control,,679.0,CS(=O)C,IAZDPXIOMUYVGZ-UHFFFAOYSA-N,,,HCT116,
spher-colo52-v1-ULA-PB000139-HCT116-HT29-48h-P1-L2,K10,4186,5533,PB000139,PB000139_K10,colo-037,Dabrafenib (GSK2118436),dmso,0.3,µM,1.0,mM,30.0,nl,40.0,µl,trt,S2807,Raf,MAPK,44462760.0,CC(C)(C)C1=NC(=C(S1)C2=NC(=NC=C2)N)C3=C(F)C(=CC=C3)N[S](=O)(=O)C4=C(F)C=CC=C4F,BFSMGDJOXZAERB-UHFFFAOYSA-N,Targeted,Launched,HCT116,
spher-colo52-v1-ULA-PB000139-HCT116-HT29-48h-P1-L2,K11,4186,5533,PB000139,PB000139_K11,colo-040,SN-38,dmso,1.0,µM,1.0,mM,100.0,nl,40.0,µl,trt,S4908,Topoisomerase,DNA Damage,104842.0,CCC1=C2CN3C(=O)C4=C(C=C3C2=NC5=C1C=C(O)C=C5)C(O)(CC)C(=O)OC4,FJHBVJOVLFPMQE-QFIPXVFZSA-N,Cytotoxic,Launched,HCT116,Topoisomerase I
spher-colo52-v1-ULA-PB000139-HCT116-HT29-48h-P1-L2,K12,4186,5533,PB000139,PB000139_K12,colo-047,Navitoclax (ABT-263),dmso,10.0,µM,10.0,mM,100.0,nl,40.0,µl,trt,S1001,Bcl-2,Apoptosis,24978538.0,CC1(C)CCC(=C(CN2CCN(CC2)C3=CC=C(C=C3)C(=O)N[S](=O)(=O)C4=CC(=C(NC(CCN5CCOCC5)CSC6=CC=CC=C6)C=C4)[S](=O)(=O)C(F)(F)F)C1)C7=CC=C(Cl)C=C7,JLYAXFNOILIKPP-KXQOOQHDSA-N,Targeted,Phase 2,HCT116,
spher-colo52-v1-ULA-PB000139-HCT116-HT29-48h-P1-L2,K13,4186,5533,PB000139,PB000139_K13,colo-042,Taselisib (GDC 0032),dmso,3.0,µM,10.0,mM,30.0,nl,40.0,µl,trt,S7103,PI3K,PI3K/Akt/mTOR,51001932.0,CC(C)[N]1N=C(C)N=C1C2=C[N]3CCOC4=CC(=CC=C4C3=N2)C5=C[N](N=C5)C(C)(C)C(N)=O,BEUQXVWXFDOSAQ-UHFFFAOYSA-N,Targeted,Phase 3,HT29,
spher-colo52-v1-ULA-PB000139-HCT116-HT29-48h-P1-L2,K14,4186,5533,PB000139,PB000139_K14,sorb,sorb,dmso,10.0,µM,10.0,mM,100.0,nl,40.0,µl,pos_con,S1876,inert,,5780.0,C(C(C(C(C(CO)O)O)O)O)O,FBPFZTCFMRRESA-JGWLITMVSA-N,,,HT29,
spher-colo52-v1-ULA-PB000139-HCT116-HT29-48h-P1-L2,K15,4186,5533,PB000139,PB000139_K15,colo-036,AZD4547,dmso,10.0,µM,10.0,mM,100.0,nl,40.0,µl,trt,S2801,FGFR,Angiogenesis,51039095.0,COC1=CC(=CC(=C1)OC)CCC2=CC(=N[NH]2)NC(=O)C3=CC=C(C=C3)N4CC(C)NC(C)C4,VRQMAABPASPXMW-HDICACEKSA-N,Targeted,Phase 2/Phase 3,HT29,
spher-colo52-v1-ULA-PB000139-HCT116-HT29-48h-P1-L2,K16,4186,5533,PB000139,PB000139_K16,colo-037,Dabrafenib (GSK2118436),dmso,0.3,µM,1.0,mM,30.0,nl,40.0,µl,trt,S2807,Raf,MAPK,44462760.0,CC(C)(C)C1=NC(=C(S1)C2=NC(=NC=C2)N)C3=C(F)C(=CC=C3)N[S](=O)(=O)C4=C(F)C=CC=C4F,BFSMGDJOXZAERB-UHFFFAOYSA-N,Targeted,Launched,HT29,
spher-colo52-v1-ULA-PB000139-HCT116-HT29-48h-P1-L2,K17,4186,5533,PB000139,PB000139_K17,colo-051,AMG232 (Navtemadlin),dmso,0.3,µM,1.0,mM,30.0,nl,40.0,µl,trt,E0001,Mdm2,Apoptosis,58573469.0,CC(C)C(CS(=O)(=O)C(C)C)N1C(C(CC(C1=O)(C)CC(=O)O)C2=CC(=CC=C2)Cl)C3=CC=C(C=C3)Cl,DRLCSJFKKILATL-YWCVFVGNSA-N,Targeted,Phase 2,HT29,
spher-colo52-v1-ULA-PB000139-HCT116-HT29-48h-P1-L2,K18,4186,5533,PB000139,PB000139_K18,colo-052,5Z-7-OXOZEAENOL,dmso,1.0,µM,1.0,mM,100.0,nl,40.0,µl,trt,E0002,Tak1,MAPK,329818946.0,COc1cc(O)c2C(=O)O[C@@H](C)CC=CC(=O)[C@@H](O)[C@@H](O)C\C=C\c2c1,NEQZWEXWOFPKOT-BYRRXHGESA-N,Targeted,Preclinical,HT29,
spher-colo52-v1-ULA-PB000139-HCT116-HT29-48h-P1-L2,K19,4186,5533,PB000139,PB000139_K19,colo-036,AZD4547,dmso,10.0,µM,10.0,mM,100.0,nl,40.0,µl,trt,S2801,FGFR,Angiogenesis,51039095.0,COC1=CC(=CC(=C1)OC)CCC2=CC(=N[NH]2)NC(=O)C3=CC=C(C=C3)N4CC(C)NC(C)C4,VRQMAABPASPXMW-HDICACEKSA-N,Targeted,Phase 2/Phase 3,HT29,
spher-colo52-v1-ULA-PB000139-HCT116-HT29-48h-P1-L2,K20,4186,5533,PB000139,PB000139_K20,dmso,dmso,dmso,0.1,µM,100.0,%,100.0,nl,40.0,µl,neg_con,D2438,control,,679.0,CS(=O)C,IAZDPXIOMUYVGZ-UHFFFAOYSA-N,,,HT29,
spher-colo52-v1-ULA-PB000139-HCT116-HT29-48h-P1-L2,K21,4186,5533,PB000139,PB000139_K21,colo-037,Dabrafenib (GSK2118436),dmso,0.3,µM,1.0,mM,30.0,nl,40.0,µl,trt,S2807,Raf,MAPK,44462760.0,CC(C)(C)C1=NC(=C(S1)C2=NC(=NC=C2)N)C3=C(F)C(=CC=C3)N[S](=O)(=O)C4=C(F)C=CC=C4F,BFSMGDJOXZAERB-UHFFFAOYSA-N,Targeted,Launched,HT29,
spher-colo52-v1-ULA-PB000139-HCT116-HT29-48h-P1-L2,K22,4186,5533,PB000139,PB000139_K22,colo-040,SN-38,dmso,1.0,µM,1.0,mM,100.0,nl,40.0,µl,trt,S4908,Topoisomerase,DNA Damage,104842.0,CCC1=C2CN3C(=O)C4=C(C=C3C2=NC5=C1C=C(O)C=C5)C(O)(CC)C(=O)OC4,FJHBVJOVLFPMQE-QFIPXVFZSA-N,Cytotoxic,Launched,HT29,Topoisomerase I
spher-colo52-v1-ULA-PB000139-HCT116-HT29-48h-P1-L2,K23,4186,5533,PB000139,PB000139_K23,colo-047,Navitoclax (ABT-263),dmso,10.0,µM,10.0,mM,100.0,nl,40.0,µl,trt,S1001,Bcl-2,Apoptosis,24978538.0,CC1(C)CCC(=C(CN2CCN(CC2)C3=CC=C(C=C3)C(=O)N[S](=O)(=O)C4=CC(=C(NC(CCN5CCOCC5)CSC6=CC=CC=C6)C=C4)[S](=O)(=O)C(F)(F)F)C1)C7=CC=C(Cl)C=C7,JLYAXFNOILIKPP-KXQOOQHDSA-N,Targeted,Phase 2,HT29,
spher-colo52-v1-ULA-PB000139-HCT116-HT29-48h-P1-L2,L02,4186,5533,PB000139,PB000139_L02,colo-046,"Cobimetinib (GDC-0973, RG7420)",dmso,1.0,µM,1.0,mM,100.0,nl,40.0,µl,trt,S8041,MEK,MAPK,16222096.0,OC1(CN(C1)C(=O)C2=C(NC3=CC=C(I)C=C3F)C(=C(F)C=C2)F)C4CCCCN4,BSMCAPRUBJMWDF-KRWDZBQOSA-N,Targeted,Launched,HCT116,
spher-colo52-v1-ULA-PB000139-HCT116-HT29-48h-P1-L2,L03,4186,5533,PB000139,PB000139_L03,colo-037,Dabrafenib (GSK2118436),dmso,10.0,µM,10.0,mM,100.0,nl,40.0,µl,trt,S2807,Raf,MAPK,44462760.0,CC(C)(C)C1=NC(=C(S1)C2=NC(=NC=C2)N)C3=C(F)C(=CC=C3)N[S](=O)(=O)C4=C(F)C=CC=C4F,BFSMGDJOXZAERB-UHFFFAOYSA-N,Targeted,Launched,HCT116,
spher-colo52-v1-ULA-PB000139-HCT116-HT29-48h-P1-L2,L04,4186,5533,PB000139,PB000139_L04,colo-050,Encorafenib (LGX818),dmso,3.0,µM,10.0,mM,30.0,nl,40.0,µl,trt,S7108,Raf,MAPK,50922675.0,CC(C)N1C=C(C(=N1)C2=C(C(=CC(=C2)Cl)NS(=O)(=O)C)F)C3=NC(=NC=C3)NCC(C)NC(=O)OC,CMJCXYNUCSMDBY-ZDUSSCGKSA-N,Targeted,Launched,HCT116,
spher-colo52-v1-ULA-PB000139-HCT116-HT29-48h-P1-L2,L05,4186,5533,PB000139,PB000139_L05,colo-048,Palbociclib (PD-0332991) HCl,water,10.0,µM,10.0,mM,100.0,nl,40.0,µl,trt,S1116,CDK,Cell Cycle,11431660.0,Cl.CC(=O)C1=C(C)C2=CN=C(NC3=NC=C(C=C3)N4CCNCC4)N=C2N(C5CCCC5)C1=O,STEQOHNDWONVIF-UHFFFAOYSA-N,Targeted / Cytotoxic,Preclinical,HCT116,
spher-colo52-v1-ULA-PB000139-HCT116-HT29-48h-P1-L2,L06,4186,5533,PB000139,PB000139_L06,colo-044,abemaciclib (LY2835219),dmso,0.3,µM,1.0,mM,30.0,nl,40.0,µl,trt,S7158,CDK,Cell Cycle,71576678.0,CCN1CCN(CC1)CC2=CC=C(NC3=NC(=C(F)C=N3)C4=CC(=C5N=C(C)[N](C(C)C)C5=C4)F)N=C2.C[S](O)(=O)=O,NCJPFQPEVDHJAZ-UHFFFAOYSA-N,Targeted,Preclinical,HCT116,
spher-colo52-v1-ULA-PB000139-HCT116-HT29-48h-P1-L2,L07,4186,5533,PB000139,PB000139_L07,colo-049,Oxaliplatin,water,1.0,µM,2.0,mM,50.0,nl,40.0,µl,trt,S1224,DNA/RNA Synthesis,DNA Damage,9887054.0,[Pt++].NC1CCCCC1N.[O-]C(=O)C([O-])=O,ZROHGHOFXNOHSO-BNTLRKBRSA-L,Cytotoxic,Launched,HCT116,Platinum
spher-colo52-v1-ULA-PB000139-HCT116-HT29-48h-P1-L2,L08,4186,5533,PB000139,PB000139_L08,colo-046,"Cobimetinib (GDC-0973, RG7420)",dmso,0.3,µM,1.0,mM,30.0,nl,40.0,µl,trt,S8041,MEK,MAPK,16222096.0,OC1(CN(C1)C(=O)C2=C(NC3=CC=C(I)C=C3F)C(=C(F)C=C2)F)C4CCCCN4,BSMCAPRUBJMWDF-KRWDZBQOSA-N,Targeted,Launched,HCT116,
spher-colo52-v1-ULA-PB000139-HCT116-HT29-48h-P1-L2,L09,4186,5533,PB000139,PB000139_L09,colo-052,5Z-7-OXOZEAENOL,dmso,3.0,µM,10.0,mM,30.0,nl,40.0,µl,trt,E0002,Tak1,MAPK,329818946.0,COc1cc(O)c2C(=O)O[C@@H](C)CC=CC(=O)[C@@H](O)[C@@H](O)C\C=C\c2c1,NEQZWEXWOFPKOT-BYRRXHGESA-N,Targeted,Preclinical,HCT116,
spher-colo52-v1-ULA-PB000139-HCT116-HT29-48h-P1-L2,L10,4186,5533,PB000139,PB000139_L10,colo-036,AZD4547,dmso,0.3,µM,1.0,mM,30.0,nl,40.0,µl,trt,S2801,FGFR,Angiogenesis,51039095.0,COC1=CC(=CC(=C1)OC)CCC2=CC(=N[NH]2)NC(=O)C3=CC=C(C=C3)N4CC(C)NC(C)C4,VRQMAABPASPXMW-HDICACEKSA-N,Targeted,Phase 2/Phase 3,HCT116,
spher-colo52-v1-ULA-PB000139-HCT116-HT29-48h-P1-L2,L11,4186,5533,PB000139,PB000139_L11,colo-050,Encorafenib (LGX818),dmso,10.0,µM,10.0,mM,100.0,nl,40.0,µl,trt,S7108,Raf,MAPK,50922675.0,CC(C)N1C=C(C(=N1)C2=C(C(=CC(=C2)Cl)NS(=O)(=O)C)F)C3=NC(=NC=C3)NCC(C)NC(=O)OC,CMJCXYNUCSMDBY-ZDUSSCGKSA-N,Targeted,Launched,HCT116,
spher-colo52-v1-ULA-PB000139-HCT116-HT29-48h-P1-L2,L12,4186,5533,PB000139,PB000139_L12,stau,stau,dmso,0.1,µM,0.1,mM,100.0,nl,40.0,µl,pos_con,HY-15141,pan protein inhibitor,,44259.0,CC12C(C(CC(O1)N3C4=CC=CC=C4C5=C6C(=C7C8=CC=CC=C8N2C7=C53)CNC6=O)NC)OC,HKSZLNNOFSGOKW-FYTWVXJKSA-N,,,HCT116,
spher-colo52-v1-ULA-PB000139-HCT116-HT29-48h-P1-L2,L13,4186,5533,PB000139,PB000139_L13,colo-046,"Cobimetinib (GDC-0973, RG7420)",dmso,1.0,µM,1.0,mM,100.0,nl,40.0,µl,trt,S8041,MEK,MAPK,16222096.0,OC1(CN(C1)C(=O)C2=C(NC3=CC=C(I)C=C3F)C(=C(F)C=C2)F)C4CCCCN4,BSMCAPRUBJMWDF-KRWDZBQOSA-N,Targeted,Launched,HT29,
spher-colo52-v1-ULA-PB000139-HCT116-HT29-48h-P1-L2,L14,4186,5533,PB000139,PB000139_L14,colo-037,Dabrafenib (GSK2118436),dmso,10.0,µM,10.0,mM,100.0,nl,40.0,µl,trt,S2807,Raf,MAPK,44462760.0,CC(C)(C)C1=NC(=C(S1)C2=NC(=NC=C2)N)C3=C(F)C(=CC=C3)N[S](=O)(=O)C4=C(F)C=CC=C4F,BFSMGDJOXZAERB-UHFFFAOYSA-N,Targeted,Launched,HT29,
spher-colo52-v1-ULA-PB000139-HCT116-HT29-48h-P1-L2,L15,4186,5533,PB000139,PB000139_L15,colo-050,Encorafenib (LGX818),dmso,3.0,µM,10.0,mM,30.0,nl,40.0,µl,trt,S7108,Raf,MAPK,50922675.0,CC(C)N1C=C(C(=N1)C2=C(C(=CC(=C2)Cl)NS(=O)(=O)C)F)C3=NC(=NC=C3)NCC(C)NC(=O)OC,CMJCXYNUCSMDBY-ZDUSSCGKSA-N,Targeted,Launched,HT29,
spher-colo52-v1-ULA-PB000139-HCT116-HT29-48h-P1-L2,L16,4186,5533,PB000139,PB000139_L16,colo-048,Palbociclib (PD-0332991) HCl,water,10.0,µM,10.0,mM,100.0,nl,40.0,µl,trt,S1116,CDK,Cell Cycle,11431660.0,Cl.CC(=O)C1=C(C)C2=CN=C(NC3=NC=C(C=C3)N4CCNCC4)N=C2N(C5CCCC5)C1=O,STEQOHNDWONVIF-UHFFFAOYSA-N,Targeted / Cytotoxic,Preclinical,HT29,
spher-colo52-v1-ULA-PB000139-HCT116-HT29-48h-P1-L2,L17,4186,5533,PB000139,PB000139_L17,colo-044,abemaciclib (LY2835219),dmso,0.3,µM,1.0,mM,30.0,nl,40.0,µl,trt,S7158,CDK,Cell Cycle,71576678.0,CCN1CCN(CC1)CC2=CC=C(NC3=NC(=C(F)C=N3)C4=CC(=C5N=C(C)[N](C(C)C)C5=C4)F)N=C2.C[S](O)(=O)=O,NCJPFQPEVDHJAZ-UHFFFAOYSA-N,Targeted,Preclinical,HT29,
spher-colo52-v1-ULA-PB000139-HCT116-HT29-48h-P1-L2,L18,4186,5533,PB000139,PB000139_L18,colo-049,Oxaliplatin,water,1.0,µM,2.0,mM,50.0,nl,40.0,µl,trt,S1224,DNA/RNA Synthesis,DNA Damage,9887054.0,[Pt++].NC1CCCCC1N.[O-]C(=O)C([O-])=O,ZROHGHOFXNOHSO-BNTLRKBRSA-L,Cytotoxic,Launched,HT29,Platinum
spher-colo52-v1-ULA-PB000139-HCT116-HT29-48h-P1-L2,L19,4186,5533,PB000139,PB000139_L19,colo-046,"Cobimetinib (GDC-0973, RG7420)",dmso,0.3,µM,1.0,mM,30.0,nl,40.0,µl,trt,S8041,MEK,MAPK,16222096.0,OC1(CN(C1)C(=O)C2=C(NC3=CC=C(I)C=C3F)C(=C(F)C=C2)F)C4CCCCN4,BSMCAPRUBJMWDF-KRWDZBQOSA-N,Targeted,Launched,HT29,
spher-colo52-v1-ULA-PB000139-HCT116-HT29-48h-P1-L2,L20,4186,5533,PB000139,PB000139_L20,colo-052,5Z-7-OXOZEAENOL,dmso,3.0,µM,10.0,mM,30.0,nl,40.0,µl,trt,E0002,Tak1,MAPK,329818946.0,COc1cc(O)c2C(=O)O[C@@H](C)CC=CC(=O)[C@@H](O)[C@@H](O)C\C=C\c2c1,NEQZWEXWOFPKOT-BYRRXHGESA-N,Targeted,Preclinical,HT29,
spher-colo52-v1-ULA-PB000139-HCT116-HT29-48h-P1-L2,L21,4186,5533,PB000139,PB000139_L21,colo-036,AZD4547,dmso,0.3,µM,1.0,mM,30.0,nl,40.0,µl,trt,S2801,FGFR,Angiogenesis,51039095.0,COC1=CC(=CC(=C1)OC)CCC2=CC(=N[NH]2)NC(=O)C3=CC=C(C=C3)N4CC(C)NC(C)C4,VRQMAABPASPXMW-HDICACEKSA-N,Targeted,Phase 2/Phase 3,HT29,
spher-colo52-v1-ULA-PB000139-HCT116-HT29-48h-P1-L2,L22,4186,5533,PB000139,PB000139_L22,colo-050,Encorafenib (LGX818),dmso,10.0,µM,10.0,mM,100.0,nl,40.0,µl,trt,S7108,Raf,MAPK,50922675.0,CC(C)N1C=C(C(=N1)C2=C(C(=CC(=C2)Cl)NS(=O)(=O)C)F)C3=NC(=NC=C3)NCC(C)NC(=O)OC,CMJCXYNUCSMDBY-ZDUSSCGKSA-N,Targeted,Launched,HT29,
spher-colo52-v1-ULA-PB000139-HCT116-HT29-48h-P1-L2,L23,4186,5533,PB000139,PB000139_L23,stau,stau,dmso,0.1,µM,0.1,mM,100.0,nl,40.0,µl,pos_con,HY-15141,pan protein inhibitor,,44259.0,CC12C(C(CC(O1)N3C4=CC=CC=C4C5=C6C(=C7C8=CC=CC=C8N2C7=C53)CNC6=O)NC)OC,HKSZLNNOFSGOKW-FYTWVXJKSA-N,,,HT29,
spher-colo52-v1-ULA-PB000139-HCT116-HT29-48h-P1-L2,M02,4186,5533,PB000139,PB000139_M02,water,water,water,0.5,µM,100.0,%,500.0,nl,40.0,µl,neg_con,,control,,,,,,,HCT116,
spher-colo52-v1-ULA-PB000139-HCT116-HT29-48h-P1-L2,M03,4186,5533,PB000139,PB000139_M03,colo-047,Navitoclax (ABT-263),dmso,0.3,µM,1.0,mM,30.0,nl,40.0,µl,trt,S1001,Bcl-2,Apoptosis,24978538.0,CC1(C)CCC(=C(CN2CCN(CC2)C3=CC=C(C=C3)C(=O)N[S](=O)(=O)C4=CC(=C(NC(CCN5CCOCC5)CSC6=CC=CC=C6)C=C4)[S](=O)(=O)C(F)(F)F)C1)C7=CC=C(Cl)C=C7,JLYAXFNOILIKPP-KXQOOQHDSA-N,Targeted,Phase 2,HCT116,
spher-colo52-v1-ULA-PB000139-HCT116-HT29-48h-P1-L2,M04,4186,5533,PB000139,PB000139_M04,colo-039,Vinorelbine Tartrate,dmso,0.003,µM,0.01,mM,30.0,nl,40.0,µl,trt,S4269,Microtubule Associated,Cytoskeletal Signaling,60779.0,CCC1=CC2CN(C1)CC3=C([NH]C4=C3C=CC=C4)C(C2)(C(=O)OC)C5=C(OC)C=C6N(C)C7C(O)(C(OC(C)=O)C8(CC)C=CCN9CCC7(C89)C6=C5)C(=O)OC.OC(C(O)C(O)=O)C(O)=O.OC(C(O)C(O)=O)C(O)=O,CILBMBUYJCWATM-NPJYPKOYSA-N,Cytotoxic,Phase 1/Phase 2,HCT116,
spher-colo52-v1-ULA-PB000139-HCT116-HT29-48h-P1-L2,M05,4186,5533,PB000139,PB000139_M05,colo-038,Alpelisib (BYL719),dmso,3.0,µM,10.0,mM,30.0,nl,40.0,µl,trt,S2814,PI3K,PI3K/Akt/mTOR,56649450.0,CC1=C(SC(=N1)NC(=O)N2CCCC2C(N)=O)C3=CC(=NC=C3)C(C)(C)C(F)(F)F,STUWGJZDJHPWGZ-LBPRGKRZSA-N,Targeted,Launched,HCT116,
spher-colo52-v1-ULA-PB000139-HCT116-HT29-48h-P1-L2,M06,4186,5533,PB000139,PB000139_M06,colo-045,Sorafenib,dmso,1.0,µM,1.0,mM,100.0,nl,40.0,µl,trt,S7397,Raf,MAPK,216239.0,CNC(=O)C1=CC(=CC=N1)OC2=CC=C(NC(=O)NC3=CC=C(Cl)C(=C3)C(F)(F)F)C=C2,MLDQJTXFUGDVEO-UHFFFAOYSA-N,Targeted,Launched,HCT116,
spher-colo52-v1-ULA-PB000139-HCT116-HT29-48h-P1-L2,M07,4186,5533,PB000139,PB000139_M07,colo-036,AZD4547,dmso,1.0,µM,1.0,mM,100.0,nl,40.0,µl,trt,S2801,FGFR,Angiogenesis,51039095.0,COC1=CC(=CC(=C1)OC)CCC2=CC(=N[NH]2)NC(=O)C3=CC=C(C=C3)N4CC(C)NC(C)C4,VRQMAABPASPXMW-HDICACEKSA-N,Targeted,Phase 2/Phase 3,HCT116,
spher-colo52-v1-ULA-PB000139-HCT116-HT29-48h-P1-L2,M08,4186,5533,PB000139,PB000139_M08,colo-039,Vinorelbine Tartrate,dmso,0.03,µM,0.1,mM,30.0,nl,40.0,µl,trt,S4269,Microtubule Associated,Cytoskeletal Signaling,60779.0,CCC1=CC2CN(C1)CC3=C([NH]C4=C3C=CC=C4)C(C2)(C(=O)OC)C5=C(OC)C=C6N(C)C7C(O)(C(OC(C)=O)C8(CC)C=CCN9CCC7(C89)C6=C5)C(=O)OC.OC(C(O)C(O)=O)C(O)=O.OC(C(O)C(O)=O)C(O)=O,CILBMBUYJCWATM-NPJYPKOYSA-N,Cytotoxic,Phase 1/Phase 2,HCT116,
spher-colo52-v1-ULA-PB000139-HCT116-HT29-48h-P1-L2,M09,4186,5533,PB000139,PB000139_M09,colo-044,abemaciclib (LY2835219),dmso,1.0,µM,1.0,mM,100.0,nl,40.0,µl,trt,S7158,CDK,Cell Cycle,71576678.0,CCN1CCN(CC1)CC2=CC=C(NC3=NC(=C(F)C=N3)C4=CC(=C5N=C(C)[N](C(C)C)C5=C4)F)N=C2.C[S](O)(=O)=O,NCJPFQPEVDHJAZ-UHFFFAOYSA-N,Targeted,Preclinical,HCT116,
spher-colo52-v1-ULA-PB000139-HCT116-HT29-48h-P1-L2,M10,4186,5533,PB000139,PB000139_M10,colo-048,Palbociclib (PD-0332991) HCl,water,3.0,µM,10.0,mM,30.0,nl,40.0,µl,trt,S1116,CDK,Cell Cycle,11431660.0,Cl.CC(=O)C1=C(C)C2=CN=C(NC3=NC=C(C=C3)N4CCNCC4)N=C2N(C5CCCC5)C1=O,STEQOHNDWONVIF-UHFFFAOYSA-N,Targeted / Cytotoxic,Preclinical,HCT116,
spher-colo52-v1-ULA-PB000139-HCT116-HT29-48h-P1-L2,M11,4186,5533,PB000139,PB000139_M11,colo-037,Dabrafenib (GSK2118436),dmso,3.0,µM,10.0,mM,30.0,nl,40.0,µl,trt,S2807,Raf,MAPK,44462760.0,CC(C)(C)C1=NC(=C(S1)C2=NC(=NC=C2)N)C3=C(F)C(=CC=C3)N[S](=O)(=O)C4=C(F)C=CC=C4F,BFSMGDJOXZAERB-UHFFFAOYSA-N,Targeted,Launched,HCT116,
spher-colo52-v1-ULA-PB000139-HCT116-HT29-48h-P1-L2,M12,4186,5533,PB000139,PB000139_M12,colo-038,Alpelisib (BYL719),dmso,0.3,µM,1.0,mM,30.0,nl,40.0,µl,trt,S2814,PI3K,PI3K/Akt/mTOR,56649450.0,CC1=C(SC(=N1)NC(=O)N2CCCC2C(N)=O)C3=CC(=NC=C3)C(C)(C)C(F)(F)F,STUWGJZDJHPWGZ-LBPRGKRZSA-N,Targeted,Launched,HCT116,
spher-colo52-v1-ULA-PB000139-HCT116-HT29-48h-P1-L2,M13,4186,5533,PB000139,PB000139_M13,water,water,water,0.5,µM,100.0,%,500.0,nl,40.0,µl,neg_con,,control,,,,,,,HT29,
spher-colo52-v1-ULA-PB000139-HCT116-HT29-48h-P1-L2,M14,4186,5533,PB000139,PB000139_M14,colo-047,Navitoclax (ABT-263),dmso,0.3,µM,1.0,mM,30.0,nl,40.0,µl,trt,S1001,Bcl-2,Apoptosis,24978538.0,CC1(C)CCC(=C(CN2CCN(CC2)C3=CC=C(C=C3)C(=O)N[S](=O)(=O)C4=CC(=C(NC(CCN5CCOCC5)CSC6=CC=CC=C6)C=C4)[S](=O)(=O)C(F)(F)F)C1)C7=CC=C(Cl)C=C7,JLYAXFNOILIKPP-KXQOOQHDSA-N,Targeted,Phase 2,HT29,
spher-colo52-v1-ULA-PB000139-HCT116-HT29-48h-P1-L2,M15,4186,5533,PB000139,PB000139_M15,colo-039,Vinorelbine Tartrate,dmso,0.003,µM,0.01,mM,30.0,nl,40.0,µl,trt,S4269,Microtubule Associated,Cytoskeletal Signaling,60779.0,CCC1=CC2CN(C1)CC3=C([NH]C4=C3C=CC=C4)C(C2)(C(=O)OC)C5=C(OC)C=C6N(C)C7C(O)(C(OC(C)=O)C8(CC)C=CCN9CCC7(C89)C6=C5)C(=O)OC.OC(C(O)C(O)=O)C(O)=O.OC(C(O)C(O)=O)C(O)=O,CILBMBUYJCWATM-NPJYPKOYSA-N,Cytotoxic,Phase 1/Phase 2,HT29,
spher-colo52-v1-ULA-PB000139-HCT116-HT29-48h-P1-L2,M16,4186,5533,PB000139,PB000139_M16,colo-038,Alpelisib (BYL719),dmso,3.0,µM,10.0,mM,30.0,nl,40.0,µl,trt,S2814,PI3K,PI3K/Akt/mTOR,56649450.0,CC1=C(SC(=N1)NC(=O)N2CCCC2C(N)=O)C3=CC(=NC=C3)C(C)(C)C(F)(F)F,STUWGJZDJHPWGZ-LBPRGKRZSA-N,Targeted,Launched,HT29,
spher-colo52-v1-ULA-PB000139-HCT116-HT29-48h-P1-L2,M17,4186,5533,PB000139,PB000139_M17,colo-045,Sorafenib,dmso,1.0,µM,1.0,mM,100.0,nl,40.0,µl,trt,S7397,Raf,MAPK,216239.0,CNC(=O)C1=CC(=CC=N1)OC2=CC=C(NC(=O)NC3=CC=C(Cl)C(=C3)C(F)(F)F)C=C2,MLDQJTXFUGDVEO-UHFFFAOYSA-N,Targeted,Launched,HT29,
spher-colo52-v1-ULA-PB000139-HCT116-HT29-48h-P1-L2,M18,4186,5533,PB000139,PB000139_M18,colo-036,AZD4547,dmso,1.0,µM,1.0,mM,100.0,nl,40.0,µl,trt,S2801,FGFR,Angiogenesis,51039095.0,COC1=CC(=CC(=C1)OC)CCC2=CC(=N[NH]2)NC(=O)C3=CC=C(C=C3)N4CC(C)NC(C)C4,VRQMAABPASPXMW-HDICACEKSA-N,Targeted,Phase 2/Phase 3,HT29,
spher-colo52-v1-ULA-PB000139-HCT116-HT29-48h-P1-L2,M19,4186,5533,PB000139,PB000139_M19,colo-039,Vinorelbine Tartrate,dmso,0.03,µM,0.1,mM,30.0,nl,40.0,µl,trt,S4269,Microtubule Associated,Cytoskeletal Signaling,60779.0,CCC1=CC2CN(C1)CC3=C([NH]C4=C3C=CC=C4)C(C2)(C(=O)OC)C5=C(OC)C=C6N(C)C7C(O)(C(OC(C)=O)C8(CC)C=CCN9CCC7(C89)C6=C5)C(=O)OC.OC(C(O)C(O)=O)C(O)=O.OC(C(O)C(O)=O)C(O)=O,CILBMBUYJCWATM-NPJYPKOYSA-N,Cytotoxic,Phase 1/Phase 2,HT29,
spher-colo52-v1-ULA-PB000139-HCT116-HT29-48h-P1-L2,M20,4186,5533,PB000139,PB000139_M20,colo-044,abemaciclib (LY2835219),dmso,1.0,µM,1.0,mM,100.0,nl,40.0,µl,trt,S7158,CDK,Cell Cycle,71576678.0,CCN1CCN(CC1)CC2=CC=C(NC3=NC(=C(F)C=N3)C4=CC(=C5N=C(C)[N](C(C)C)C5=C4)F)N=C2.C[S](O)(=O)=O,NCJPFQPEVDHJAZ-UHFFFAOYSA-N,Targeted,Preclinical,HT29,
spher-colo52-v1-ULA-PB000139-HCT116-HT29-48h-P1-L2,M21,4186,5533,PB000139,PB000139_M21,colo-048,Palbociclib (PD-0332991) HCl,water,3.0,µM,10.0,mM,30.0,nl,40.0,µl,trt,S1116,CDK,Cell Cycle,11431660.0,Cl.CC(=O)C1=C(C)C2=CN=C(NC3=NC=C(C=C3)N4CCNCC4)N=C2N(C5CCCC5)C1=O,STEQOHNDWONVIF-UHFFFAOYSA-N,Targeted / Cytotoxic,Preclinical,HT29,
spher-colo52-v1-ULA-PB000139-HCT116-HT29-48h-P1-L2,M22,4186,5533,PB000139,PB000139_M22,colo-037,Dabrafenib (GSK2118436),dmso,3.0,µM,10.0,mM,30.0,nl,40.0,µl,trt,S2807,Raf,MAPK,44462760.0,CC(C)(C)C1=NC(=C(S1)C2=NC(=NC=C2)N)C3=C(F)C(=CC=C3)N[S](=O)(=O)C4=C(F)C=CC=C4F,BFSMGDJOXZAERB-UHFFFAOYSA-N,Targeted,Launched,HT29,
spher-colo52-v1-ULA-PB000139-HCT116-HT29-48h-P1-L2,M23,4186,5533,PB000139,PB000139_M23,colo-038,Alpelisib (BYL719),dmso,0.3,µM,1.0,mM,30.0,nl,40.0,µl,trt,S2814,PI3K,PI3K/Akt/mTOR,56649450.0,CC1=C(SC(=N1)NC(=O)N2CCCC2C(N)=O)C3=CC(=NC=C3)C(C)(C)C(F)(F)F,STUWGJZDJHPWGZ-LBPRGKRZSA-N,Targeted,Launched,HT29,
spher-colo52-v1-ULA-PB000139-HCT116-HT29-48h-P1-L2,N02,4186,5533,PB000139,PB000139_N02,colo-043,LGK-974,dmso,10.0,µM,10.0,mM,100.0,nl,40.0,µl,trt,S7143,Wnt/beta-catenin,Stem Cells & Wnt,46926973.0,CC1=CC(=CC=N1)C2=C(C)C=C(CC(=O)NC3=CC=C(C=N3)C4=CN=CC=N4)C=N2,XXYGTCZJJLTAGH-UHFFFAOYSA-N,Targeted,Phase 2,HCT116,
spher-colo52-v1-ULA-PB000139-HCT116-HT29-48h-P1-L2,N03,4186,5533,PB000139,PB000139_N03,colo-044,abemaciclib (LY2835219),dmso,0.3,µM,1.0,mM,30.0,nl,40.0,µl,trt,S7158,CDK,Cell Cycle,71576678.0,CCN1CCN(CC1)CC2=CC=C(NC3=NC(=C(F)C=N3)C4=CC(=C5N=C(C)[N](C(C)C)C5=C4)F)N=C2.C[S](O)(=O)=O,NCJPFQPEVDHJAZ-UHFFFAOYSA-N,Targeted,Preclinical,HCT116,
spher-colo52-v1-ULA-PB000139-HCT116-HT29-48h-P1-L2,N04,4186,5533,PB000139,PB000139_N04,colo-050,Encorafenib (LGX818),dmso,10.0,µM,10.0,mM,100.0,nl,40.0,µl,trt,S7108,Raf,MAPK,50922675.0,CC(C)N1C=C(C(=N1)C2=C(C(=CC(=C2)Cl)NS(=O)(=O)C)F)C3=NC(=NC=C3)NCC(C)NC(=O)OC,CMJCXYNUCSMDBY-ZDUSSCGKSA-N,Targeted,Launched,HCT116,
spher-colo52-v1-ULA-PB000139-HCT116-HT29-48h-P1-L2,N05,4186,5533,PB000139,PB000139_N05,dmso,dmso,dmso,0.1,µM,100.0,%,100.0,nl,40.0,µl,neg_con,D2438,control,,679.0,CS(=O)C,IAZDPXIOMUYVGZ-UHFFFAOYSA-N,,,HCT116,
spher-colo52-v1-ULA-PB000139-HCT116-HT29-48h-P1-L2,N06,4186,5533,PB000139,PB000139_N06,colo-051,AMG232 (Navtemadlin),dmso,10.0,µM,10.0,mM,100.0,nl,40.0,µl,trt,E0001,Mdm2,Apoptosis,58573469.0,CC(C)C(CS(=O)(=O)C(C)C)N1C(C(CC(C1=O)(C)CC(=O)O)C2=CC(=CC=C2)Cl)C3=CC=C(C=C3)Cl,DRLCSJFKKILATL-YWCVFVGNSA-N,Targeted,Phase 2,HCT116,
spher-colo52-v1-ULA-PB000139-HCT116-HT29-48h-P1-L2,N07,4186,5533,PB000139,PB000139_N07,colo-042,Taselisib (GDC 0032),dmso,10.0,µM,10.0,mM,100.0,nl,40.0,µl,trt,S7103,PI3K,PI3K/Akt/mTOR,51001932.0,CC(C)[N]1N=C(C)N=C1C2=C[N]3CCOC4=CC(=CC=C4C3=N2)C5=C[N](N=C5)C(C)(C)C(N)=O,BEUQXVWXFDOSAQ-UHFFFAOYSA-N,Targeted,Phase 3,HCT116,
spher-colo52-v1-ULA-PB000139-HCT116-HT29-48h-P1-L2,N08,4186,5533,PB000139,PB000139_N08,water,water,water,0.5,µM,100.0,%,500.0,nl,40.0,µl,neg_con,,control,,,,,,,HCT116,
spher-colo52-v1-ULA-PB000139-HCT116-HT29-48h-P1-L2,N09,4186,5533,PB000139,PB000139_N09,colo-052,5Z-7-OXOZEAENOL,dmso,0.3,µM,1.0,mM,30.0,nl,40.0,µl,trt,E0002,Tak1,MAPK,329818946.0,COc1cc(O)c2C(=O)O[C@@H](C)CC=CC(=O)[C@@H](O)[C@@H](O)C\C=C\c2c1,NEQZWEXWOFPKOT-BYRRXHGESA-N,Targeted,Preclinical,HCT116,
spher-colo52-v1-ULA-PB000139-HCT116-HT29-48h-P1-L2,N10,4186,5533,PB000139,PB000139_N10,colo-036,AZD4547,dmso,0.3,µM,1.0,mM,30.0,nl,40.0,µl,trt,S2801,FGFR,Angiogenesis,51039095.0,COC1=CC(=CC(=C1)OC)CCC2=CC(=N[NH]2)NC(=O)C3=CC=C(C=C3)N4CC(C)NC(C)C4,VRQMAABPASPXMW-HDICACEKSA-N,Targeted,Phase 2/Phase 3,HCT116,
spher-colo52-v1-ULA-PB000139-HCT116-HT29-48h-P1-L2,N11,4186,5533,PB000139,PB000139_N11,colo-049,Oxaliplatin,water,0.3,µM,1.0,mM,30.0,nl,40.0,µl,trt,S1224,DNA/RNA Synthesis,DNA Damage,9887054.0,[Pt++].NC1CCCCC1N.[O-]C(=O)C([O-])=O,ZROHGHOFXNOHSO-BNTLRKBRSA-L,Cytotoxic,Launched,HCT116,Platinum
spher-colo52-v1-ULA-PB000139-HCT116-HT29-48h-P1-L2,N12,4186,5533,PB000139,PB000139_N12,colo-051,AMG232 (Navtemadlin),dmso,1.0,µM,1.0,mM,100.0,nl,40.0,µl,trt,E0001,Mdm2,Apoptosis,58573469.0,CC(C)C(CS(=O)(=O)C(C)C)N1C(C(CC(C1=O)(C)CC(=O)O)C2=CC(=CC=C2)Cl)C3=CC=C(C=C3)Cl,DRLCSJFKKILATL-YWCVFVGNSA-N,Targeted,Phase 2,HCT116,
spher-colo52-v1-ULA-PB000139-HCT116-HT29-48h-P1-L2,N13,4186,5533,PB000139,PB000139_N13,colo-043,LGK-974,dmso,10.0,µM,10.0,mM,100.0,nl,40.0,µl,trt,S7143,Wnt/beta-catenin,Stem Cells & Wnt,46926973.0,CC1=CC(=CC=N1)C2=C(C)C=C(CC(=O)NC3=CC=C(C=N3)C4=CN=CC=N4)C=N2,XXYGTCZJJLTAGH-UHFFFAOYSA-N,Targeted,Phase 2,HT29,
spher-colo52-v1-ULA-PB000139-HCT116-HT29-48h-P1-L2,N14,4186,5533,PB000139,PB000139_N14,colo-044,abemaciclib (LY2835219),dmso,0.3,µM,1.0,mM,30.0,nl,40.0,µl,trt,S7158,CDK,Cell Cycle,71576678.0,CCN1CCN(CC1)CC2=CC=C(NC3=NC(=C(F)C=N3)C4=CC(=C5N=C(C)[N](C(C)C)C5=C4)F)N=C2.C[S](O)(=O)=O,NCJPFQPEVDHJAZ-UHFFFAOYSA-N,Targeted,Preclinical,HT29,
spher-colo52-v1-ULA-PB000139-HCT116-HT29-48h-P1-L2,N15,4186,5533,PB000139,PB000139_N15,colo-050,Encorafenib (LGX818),dmso,10.0,µM,10.0,mM,100.0,nl,40.0,µl,trt,S7108,Raf,MAPK,50922675.0,CC(C)N1C=C(C(=N1)C2=C(C(=CC(=C2)Cl)NS(=O)(=O)C)F)C3=NC(=NC=C3)NCC(C)NC(=O)OC,CMJCXYNUCSMDBY-ZDUSSCGKSA-N,Targeted,Launched,HT29,
spher-colo52-v1-ULA-PB000139-HCT116-HT29-48h-P1-L2,N16,4186,5533,PB000139,PB000139_N16,dmso,dmso,dmso,0.1,µM,100.0,%,100.0,nl,40.0,µl,neg_con,D2438,control,,679.0,CS(=O)C,IAZDPXIOMUYVGZ-UHFFFAOYSA-N,,,HT29,
spher-colo52-v1-ULA-PB000139-HCT116-HT29-48h-P1-L2,N17,4186,5533,PB000139,PB000139_N17,colo-051,AMG232 (Navtemadlin),dmso,10.0,µM,10.0,mM,100.0,nl,40.0,µl,trt,E0001,Mdm2,Apoptosis,58573469.0,CC(C)C(CS(=O)(=O)C(C)C)N1C(C(CC(C1=O)(C)CC(=O)O)C2=CC(=CC=C2)Cl)C3=CC=C(C=C3)Cl,DRLCSJFKKILATL-YWCVFVGNSA-N,Targeted,Phase 2,HT29,
spher-colo52-v1-ULA-PB000139-HCT116-HT29-48h-P1-L2,N18,4186,5533,PB000139,PB000139_N18,colo-042,Taselisib (GDC 0032),dmso,10.0,µM,10.0,mM,100.0,nl,40.0,µl,trt,S7103,PI3K,PI3K/Akt/mTOR,51001932.0,CC(C)[N]1N=C(C)N=C1C2=C[N]3CCOC4=CC(=CC=C4C3=N2)C5=C[N](N=C5)C(C)(C)C(N)=O,BEUQXVWXFDOSAQ-UHFFFAOYSA-N,Targeted,Phase 3,HT29,
spher-colo52-v1-ULA-PB000139-HCT116-HT29-48h-P1-L2,N19,4186,5533,PB000139,PB000139_N19,water,water,water,0.5,µM,100.0,%,500.0,nl,40.0,µl,neg_con,,control,,,,,,,HT29,
spher-colo52-v1-ULA-PB000139-HCT116-HT29-48h-P1-L2,N20,4186,5533,PB000139,PB000139_N20,colo-052,5Z-7-OXOZEAENOL,dmso,0.3,µM,1.0,mM,30.0,nl,40.0,µl,trt,E0002,Tak1,MAPK,329818946.0,COc1cc(O)c2C(=O)O[C@@H](C)CC=CC(=O)[C@@H](O)[C@@H](O)C\C=C\c2c1,NEQZWEXWOFPKOT-BYRRXHGESA-N,Targeted,Preclinical,HT29,
spher-colo52-v1-ULA-PB000139-HCT116-HT29-48h-P1-L2,N21,4186,5533,PB000139,PB000139_N21,colo-036,AZD4547,dmso,0.3,µM,1.0,mM,30.0,nl,40.0,µl,trt,S2801,FGFR,Angiogenesis,51039095.0,COC1=CC(=CC(=C1)OC)CCC2=CC(=N[NH]2)NC(=O)C3=CC=C(C=C3)N4CC(C)NC(C)C4,VRQMAABPASPXMW-HDICACEKSA-N,Targeted,Phase 2/Phase 3,HT29,
spher-colo52-v1-ULA-PB000139-HCT116-HT29-48h-P1-L2,N22,4186,5533,PB000139,PB000139_N22,colo-049,Oxaliplatin,water,0.3,µM,1.0,mM,30.0,nl,40.0,µl,trt,S1224,DNA/RNA Synthesis,DNA Damage,9887054.0,[Pt++].NC1CCCCC1N.[O-]C(=O)C([O-])=O,ZROHGHOFXNOHSO-BNTLRKBRSA-L,Cytotoxic,Launched,HT29,Platinum
spher-colo52-v1-ULA-PB000139-HCT116-HT29-48h-P1-L2,N23,4186,5533,PB000139,PB000139_N23,colo-051,AMG232 (Navtemadlin),dmso,1.0,µM,1.0,mM,100.0,nl,40.0,µl,trt,E0001,Mdm2,Apoptosis,58573469.0,CC(C)C(CS(=O)(=O)C(C)C)N1C(C(CC(C1=O)(C)CC(=O)O)C2=CC(=CC=C2)Cl)C3=CC=C(C=C3)Cl,DRLCSJFKKILATL-YWCVFVGNSA-N,Targeted,Phase 2,HT29,
spher-colo52-v1-ULA-PB000139-HCT116-HT29-48h-P1-L2,O02,4186,5533,PB000139,PB000139_O02,colo-042,Taselisib (GDC 0032),dmso,10.0,µM,10.0,mM,100.0,nl,40.0,µl,trt,S7103,PI3K,PI3K/Akt/mTOR,51001932.0,CC(C)[N]1N=C(C)N=C1C2=C[N]3CCOC4=CC(=CC=C4C3=N2)C5=C[N](N=C5)C(C)(C)C(N)=O,BEUQXVWXFDOSAQ-UHFFFAOYSA-N,Targeted,Phase 3,HCT116,
spher-colo52-v1-ULA-PB000139-HCT116-HT29-48h-P1-L2,O03,4186,5533,PB000139,PB000139_O03,colo-051,AMG232 (Navtemadlin),dmso,3.0,µM,10.0,mM,30.0,nl,40.0,µl,trt,E0001,Mdm2,Apoptosis,58573469.0,CC(C)C(CS(=O)(=O)C(C)C)N1C(C(CC(C1=O)(C)CC(=O)O)C2=CC(=CC=C2)Cl)C3=CC=C(C=C3)Cl,DRLCSJFKKILATL-YWCVFVGNSA-N,Targeted,Phase 2,HCT116,
spher-colo52-v1-ULA-PB000139-HCT116-HT29-48h-P1-L2,O04,4186,5533,PB000139,PB000139_O04,colo-049,Oxaliplatin,water,1.0,µM,2.0,mM,50.0,nl,40.0,µl,trt,S1224,DNA/RNA Synthesis,DNA Damage,9887054.0,[Pt++].NC1CCCCC1N.[O-]C(=O)C([O-])=O,ZROHGHOFXNOHSO-BNTLRKBRSA-L,Cytotoxic,Launched,HCT116,Platinum
spher-colo52-v1-ULA-PB000139-HCT116-HT29-48h-P1-L2,O05,4186,5533,PB000139,PB000139_O05,colo-037,Dabrafenib (GSK2118436),dmso,1.0,µM,1.0,mM,100.0,nl,40.0,µl,trt,S2807,Raf,MAPK,44462760.0,CC(C)(C)C1=NC(=C(S1)C2=NC(=NC=C2)N)C3=C(F)C(=CC=C3)N[S](=O)(=O)C4=C(F)C=CC=C4F,BFSMGDJOXZAERB-UHFFFAOYSA-N,Targeted,Launched,HCT116,
spher-colo52-v1-ULA-PB000139-HCT116-HT29-48h-P1-L2,O06,4186,5533,PB000139,PB000139_O06,colo-052,5Z-7-OXOZEAENOL,dmso,10.0,µM,10.0,mM,100.0,nl,40.0,µl,trt,E0002,Tak1,MAPK,329818946.0,COc1cc(O)c2C(=O)O[C@@H](C)CC=CC(=O)[C@@H](O)[C@@H](O)C\C=C\c2c1,NEQZWEXWOFPKOT-BYRRXHGESA-N,Targeted,Preclinical,HCT116,
spher-colo52-v1-ULA-PB000139-HCT116-HT29-48h-P1-L2,O07,4186,5533,PB000139,PB000139_O07,dmso,dmso,dmso,0.1,µM,100.0,%,100.0,nl,40.0,µl,neg_con,D2438,control,,679.0,CS(=O)C,IAZDPXIOMUYVGZ-UHFFFAOYSA-N,,,HCT116,
spher-colo52-v1-ULA-PB000139-HCT116-HT29-48h-P1-L2,O08,4186,5533,PB000139,PB000139_O08,colo-049,Oxaliplatin,water,10.0,µM,2.0,mM,500.0,nl,40.0,µl,trt,S1224,DNA/RNA Synthesis,DNA Damage,9887054.0,[Pt++].NC1CCCCC1N.[O-]C(=O)C([O-])=O,ZROHGHOFXNOHSO-BNTLRKBRSA-L,Cytotoxic,Launched,HCT116,Platinum
spher-colo52-v1-ULA-PB000139-HCT116-HT29-48h-P1-L2,O09,4186,5533,PB000139,PB000139_O09,colo-051,AMG232 (Navtemadlin),dmso,10.0,µM,10.0,mM,100.0,nl,40.0,µl,trt,E0001,Mdm2,Apoptosis,58573469.0,CC(C)C(CS(=O)(=O)C(C)C)N1C(C(CC(C1=O)(C)CC(=O)O)C2=CC(=CC=C2)Cl)C3=CC=C(C=C3)Cl,DRLCSJFKKILATL-YWCVFVGNSA-N,Targeted,Phase 2,HCT116,
spher-colo52-v1-ULA-PB000139-HCT116-HT29-48h-P1-L2,O10,4186,5533,PB000139,PB000139_O10,colo-041,"Binimetinib (MEK162, ARRY-162, ARRY-438162)",dmso,0.3,µM,1.0,mM,30.0,nl,40.0,µl,trt,S7007,MEK,MAPK,10288191.0,C[N]1C=NC2=C1C=C(C(=O)NOCCO)C(=C2F)NC3=C(F)C=C(Br)C=C3,ACWZRVQXLIRSDF-UHFFFAOYSA-N,Targeted,Launched,HCT116,
spher-colo52-v1-ULA-PB000139-HCT116-HT29-48h-P1-L2,O11,4186,5533,PB000139,PB000139_O11,dmso,dmso,dmso,0.1,µM,100.0,%,100.0,nl,40.0,µl,neg_con,D2438,control,,679.0,CS(=O)C,IAZDPXIOMUYVGZ-UHFFFAOYSA-N,,,HCT116,
spher-colo52-v1-ULA-PB000139-HCT116-HT29-48h-P1-L2,O12,4186,5533,PB000139,PB000139_O12,colo-045,Sorafenib,dmso,10.0,µM,10.0,mM,100.0,nl,40.0,µl,trt,S7397,Raf,MAPK,216239.0,CNC(=O)C1=CC(=CC=N1)OC2=CC=C(NC(=O)NC3=CC=C(Cl)C(=C3)C(F)(F)F)C=C2,MLDQJTXFUGDVEO-UHFFFAOYSA-N,Targeted,Launched,HCT116,
spher-colo52-v1-ULA-PB000139-HCT116-HT29-48h-P1-L2,O13,4186,5533,PB000139,PB000139_O13,colo-042,Taselisib (GDC 0032),dmso,10.0,µM,10.0,mM,100.0,nl,40.0,µl,trt,S7103,PI3K,PI3K/Akt/mTOR,51001932.0,CC(C)[N]1N=C(C)N=C1C2=C[N]3CCOC4=CC(=CC=C4C3=N2)C5=C[N](N=C5)C(C)(C)C(N)=O,BEUQXVWXFDOSAQ-UHFFFAOYSA-N,Targeted,Phase 3,HT29,
spher-colo52-v1-ULA-PB000139-HCT116-HT29-48h-P1-L2,O14,4186,5533,PB000139,PB000139_O14,colo-051,AMG232 (Navtemadlin),dmso,3.0,µM,10.0,mM,30.0,nl,40.0,µl,trt,E0001,Mdm2,Apoptosis,58573469.0,CC(C)C(CS(=O)(=O)C(C)C)N1C(C(CC(C1=O)(C)CC(=O)O)C2=CC(=CC=C2)Cl)C3=CC=C(C=C3)Cl,DRLCSJFKKILATL-YWCVFVGNSA-N,Targeted,Phase 2,HT29,
spher-colo52-v1-ULA-PB000139-HCT116-HT29-48h-P1-L2,O15,4186,5533,PB000139,PB000139_O15,colo-049,Oxaliplatin,water,1.0,µM,2.0,mM,50.0,nl,40.0,µl,trt,S1224,DNA/RNA Synthesis,DNA Damage,9887054.0,[Pt++].NC1CCCCC1N.[O-]C(=O)C([O-])=O,ZROHGHOFXNOHSO-BNTLRKBRSA-L,Cytotoxic,Launched,HT29,Platinum
spher-colo52-v1-ULA-PB000139-HCT116-HT29-48h-P1-L2,O16,4186,5533,PB000139,PB000139_O16,colo-037,Dabrafenib (GSK2118436),dmso,1.0,µM,1.0,mM,100.0,nl,40.0,µl,trt,S2807,Raf,MAPK,44462760.0,CC(C)(C)C1=NC(=C(S1)C2=NC(=NC=C2)N)C3=C(F)C(=CC=C3)N[S](=O)(=O)C4=C(F)C=CC=C4F,BFSMGDJOXZAERB-UHFFFAOYSA-N,Targeted,Launched,HT29,
spher-colo52-v1-ULA-PB000139-HCT116-HT29-48h-P1-L2,O17,4186,5533,PB000139,PB000139_O17,colo-052,5Z-7-OXOZEAENOL,dmso,10.0,µM,10.0,mM,100.0,nl,40.0,µl,trt,E0002,Tak1,MAPK,329818946.0,COc1cc(O)c2C(=O)O[C@@H](C)CC=CC(=O)[C@@H](O)[C@@H](O)C\C=C\c2c1,NEQZWEXWOFPKOT-BYRRXHGESA-N,Targeted,Preclinical,HT29,
spher-colo52-v1-ULA-PB000139-HCT116-HT29-48h-P1-L2,O18,4186,5533,PB000139,PB000139_O18,dmso,dmso,dmso,0.1,µM,100.0,%,100.0,nl,40.0,µl,neg_con,D2438,control,,679.0,CS(=O)C,IAZDPXIOMUYVGZ-UHFFFAOYSA-N,,,HT29,
spher-colo52-v1-ULA-PB000139-HCT116-HT29-48h-P1-L2,O19,4186,5533,PB000139,PB000139_O19,colo-049,Oxaliplatin,water,10.0,µM,2.0,mM,500.0,nl,40.0,µl,trt,S1224,DNA/RNA Synthesis,DNA Damage,9887054.0,[Pt++].NC1CCCCC1N.[O-]C(=O)C([O-])=O,ZROHGHOFXNOHSO-BNTLRKBRSA-L,Cytotoxic,Launched,HT29,Platinum
spher-colo52-v1-ULA-PB000139-HCT116-HT29-48h-P1-L2,O20,4186,5533,PB000139,PB000139_O20,colo-051,AMG232 (Navtemadlin),dmso,10.0,µM,10.0,mM,100.0,nl,40.0,µl,trt,E0001,Mdm2,Apoptosis,58573469.0,CC(C)C(CS(=O)(=O)C(C)C)N1C(C(CC(C1=O)(C)CC(=O)O)C2=CC(=CC=C2)Cl)C3=CC=C(C=C3)Cl,DRLCSJFKKILATL-YWCVFVGNSA-N,Targeted,Phase 2,HT29,
spher-colo52-v1-ULA-PB000139-HCT116-HT29-48h-P1-L2,O21,4186,5533,PB000139,PB000139_O21,colo-041,"Binimetinib (MEK162, ARRY-162, ARRY-438162)",dmso,0.3,µM,1.0,mM,30.0,nl,40.0,µl,trt,S7007,MEK,MAPK,10288191.0,C[N]1C=NC2=C1C=C(C(=O)NOCCO)C(=C2F)NC3=C(F)C=C(Br)C=C3,ACWZRVQXLIRSDF-UHFFFAOYSA-N,Targeted,Launched,HT29,
spher-colo52-v1-ULA-PB000139-HCT116-HT29-48h-P1-L2,O22,4186,5533,PB000139,PB000139_O22,dmso,dmso,dmso,0.1,µM,100.0,%,100.0,nl,40.0,µl,neg_con,D2438,control,,679.0,CS(=O)C,IAZDPXIOMUYVGZ-UHFFFAOYSA-N,,,HT29,
spher-colo52-v1-ULA-PB000139-HCT116-HT29-48h-P1-L2,O23,4186,5533,PB000139,PB000139_O23,colo-045,Sorafenib,dmso,10.0,µM,10.0,mM,100.0,nl,40.0,µl,trt,S7397,Raf,MAPK,216239.0,CNC(=O)C1=CC(=CC=N1)OC2=CC=C(NC(=O)NC3=CC=C(Cl)C(=C3)C(F)(F)F)C=C2,MLDQJTXFUGDVEO-UHFFFAOYSA-N,Targeted,Launched,HT29,
spher-colo52-v1-ULA-PB000141-HT29-48h-P1-L1,B02,4187,5546,PB000141,PB000141_B02,colo-006,PD0325901,dmso,3.0,µM,10.0,mM,30.0,nl,40.0,µl,trt,S1036,MEK,MAPK,9826528.0,OCC(O)CONC(=O)C1=C(NC2=CC=C(I)C=C2F)C(=C(F)C=C1)F,SUDAHWBOROXANE-SECBINFHSA-N,Targeted,Phase 2,HT29,
spher-colo52-v1-ULA-PB000141-HT29-48h-P1-L1,B03,4187,5546,PB000141,PB000141_B03,colo-018,Paclitaxel,dmso,0.1,µM,0.1,mM,100.0,nl,40.0,µl,trt,S1150,"Autophagy,Microtubule Associated",Cytoskeletal Signaling,441276.0,CC(=O)OC1C(=O)C2(C)C(O)CC3OCC3(OC(C)=O)C2C(OC(=O)C4=CC=CC=C4)C5(O)CC(OC(=O)C(O)C(NC(=O)C6=CC=CC=C6)C7=CC=CC=C7)C(=C1C5(C)C)C,RCINICONZNJXQF-VAZQATRQSA-N,Cytotoxic,Preclinical,HT29,
spher-colo52-v1-ULA-PB000141-HT29-48h-P1-L1,B04,4187,5546,PB000141,PB000141_B04,colo-009,"Olaparib (AZD2281, Ku-0059436)",dmso,3.0,µM,10.0,mM,30.0,nl,40.0,µl,trt,S1060,PARP,DNA Damage,23725625.0,FC1=C(C=C(CC2=NNC(=O)C3=C2C=CC=C3)C=C1)C(=O)N4CCN(CC4)C(=O)C5CC5,FDLYAMZZIXQODN-UHFFFAOYSA-N,Targeted,Launched,HT29,PARPi
spher-colo52-v1-ULA-PB000141-HT29-48h-P1-L1,B05,4187,5546,PB000141,PB000141_B05,colo-012,SB216763,dmso,10.0,µM,10.0,mM,100.0,nl,40.0,µl,trt,S1075,GSK-3,PI3K/Akt/mTOR,176158.0,C[N]1C=C(C2=C1C=CC=C2)C3=C(C(=O)NC3=O)C4=CC=C(Cl)C=C4Cl,JCSGFHVFHSKIJH-UHFFFAOYSA-N,Targeted,Preclinical,HT29,
spher-colo52-v1-ULA-PB000141-HT29-48h-P1-L1,B06,4187,5546,PB000141,PB000141_B06,colo-008,"Vorinostat (SAHA, MK0683)",dmso,3.0,µM,10.0,mM,30.0,nl,40.0,µl,trt,S1047,"Autophagy,HDAC",Epigenetics,5311.0,ONC(=O)CCCCCCC(=O)NC1=CC=CC=C1,WAEXFXRVDQXREF-UHFFFAOYSA-N,Targeted,Launched,HT29,
spher-colo52-v1-ULA-PB000141-HT29-48h-P1-L1,B07,4187,5546,PB000141,PB000141_B07,colo-025,AZD7762,dmso,10.0,µM,10.0,mM,100.0,nl,40.0,µl,trt,S1532,Chk,Cell Cycle,11152667.0,NC(=O)NC1=C(SC(=C1)C2=CC(=CC=C2)F)C(=O)NC3CCCNC3,IAYGCINLNONXHY-LBPRGKRZSA-N,Targeted,Phase 1,HT29,
spher-colo52-v1-ULA-PB000141-HT29-48h-P1-L1,B08,4187,5546,PB000141,PB000141_B08,sorb,sorb,dmso,10.0,µM,10.0,mM,100.0,nl,40.0,µl,pos_con,S1876,inert,,5780.0,C(C(C(C(C(CO)O)O)O)O)O,FBPFZTCFMRRESA-JGWLITMVSA-N,,,HT29,
spher-colo52-v1-ULA-PB000141-HT29-48h-P1-L1,B09,4187,5546,PB000141,PB000141_B09,colo-015,Triciribine,dmso,0.3,µM,1.0,mM,30.0,nl,40.0,µl,trt,S1117,Akt,PI3K/Akt/mTOR,65399.0,CN1N=C(N)C2=C[N](C3OC(CO)C(O)C3O)C4=C2C1=NC=N4,HOGVTUZUJGHKPL-HTVVRFAVSA-N,Targeted,Phase 1/Phase 2,HT29,
spher-colo52-v1-ULA-PB000141-HT29-48h-P1-L1,B10,4187,5546,PB000141,PB000141_B10,colo-027,Doramapimod (BIRB 796),dmso,10.0,µM,10.0,mM,100.0,nl,40.0,µl,trt,S1574,p38 MAPK,MAPK,156422.0,CC1=CC=C(C=C1)[N]2N=C(C=C2NC(=O)NC3=CC=C(OCCN4CCOCC4)C5=C3C=CC=C5)C(C)(C)C,MVCOAUNKQVWQHZ-UHFFFAOYSA-N,Targeted,Phase 2,HT29,
spher-colo52-v1-ULA-PB000141-HT29-48h-P1-L1,B11,4187,5546,PB000141,PB000141_B11,colo-032,Phenformin HCl,dmso,10.0,µM,10.0,mM,100.0,nl,40.0,µl,trt,S2542,AMPK,PI3K/Akt/mTOR,13266.0,Cl.NC(=N)NC(=N)NCCC1=CC=CC=C1,YSUCWSWKRIOILX-UHFFFAOYSA-N,,Launched,HT29,
spher-colo52-v1-ULA-PB000141-HT29-48h-P1-L1,B12,4187,5546,PB000141,PB000141_B12,colo-003,Afatinib (BIBW2992),dmso,0.3,µM,1.0,mM,30.0,nl,40.0,µl,trt,S1011,"EGFR,HER2",Protein Tyrosine Kinase,10184653.0,CN(C)C/C=C/C(=O)NC1=CC2=C(NC3=CC=C(F)C(=C3)Cl)N=CN=C2C=C1OC4CCOC4,ULXXDDBFHOBEHA-CWDCEQMOSA-N,Targeted,Launched,HT29,
spher-colo52-v1-ULA-PB000141-HT29-48h-P1-L1,B13,4187,5546,PB000141,PB000141_B13,colo-012,SB216763,dmso,0.3,µM,1.0,mM,30.0,nl,40.0,µl,trt,S1075,GSK-3,PI3K/Akt/mTOR,176158.0,C[N]1C=C(C2=C1C=CC=C2)C3=C(C(=O)NC3=O)C4=CC=C(Cl)C=C4Cl,JCSGFHVFHSKIJH-UHFFFAOYSA-N,Targeted,Preclinical,HT29,
spher-colo52-v1-ULA-PB000141-HT29-48h-P1-L1,B14,4187,5546,PB000141,PB000141_B14,colo-010,Nutlin-3,dmso,10.0,µM,10.0,mM,100.0,nl,40.0,µl,trt,S1061,"E3 Ligase ,Mdm2",Apoptosis,216345.0,COC1=CC(=C(C=C1)C2=NC(C(N2C(=O)N3CCNC(=O)C3)C4=CC=C(Cl)C=C4)C5=CC=C(Cl)C=C5)OC(C)C,BDUHCSBCVGXTJM-UHFFFAOYSA-N,Targeted,Preclinical,HT29,
spher-colo52-v1-ULA-PB000141-HT29-48h-P1-L1,B15,4187,5546,PB000141,PB000141_B15,colo-029,Trifluridine,dmso,1.0,µM,1.0,mM,100.0,nl,40.0,µl,trt,S1778,DNA/RNA Synthesis,DNA Damage,6256.0,OCC1OC(CC1O)N2C=C(C(=O)NC2=O)C(F)(F)F,VSQQQLOSPVPRAZ-RRKCRQDMSA-N,Cytotoxic,Launched,HT29,Antimetabolite
spher-colo52-v1-ULA-PB000141-HT29-48h-P1-L1,B16,4187,5546,PB000141,PB000141_B16,colo-013,MK-2206 2HCl,dmso,3.0,µM,10.0,mM,30.0,nl,40.0,µl,trt,S1078,Akt,PI3K/Akt/mTOR,46930998.0,Cl.Cl.NC1(CCC1)C2=CC=C(C=C2)C3=C(C=C4C(=N3)C=CN5C(=O)NN=C45)C6=CC=CC=C6,HWUHTJIKQZZBRA-UHFFFAOYSA-N,Targeted,Preclinical,HT29,
spher-colo52-v1-ULA-PB000141-HT29-48h-P1-L1,B17,4187,5546,PB000141,PB000141_B17,colo-006,PD0325901,dmso,1.0,µM,1.0,mM,100.0,nl,40.0,µl,trt,S1036,MEK,MAPK,9826528.0,OCC(O)CONC(=O)C1=C(NC2=CC=C(I)C=C2F)C(=C(F)C=C1)F,SUDAHWBOROXANE-SECBINFHSA-N,Targeted,Phase 2,HT29,
spher-colo52-v1-ULA-PB000141-HT29-48h-P1-L1,B18,4187,5546,PB000141,PB000141_B18,colo-013,MK-2206 2HCl,dmso,0.3,µM,1.0,mM,30.0,nl,40.0,µl,trt,S1078,Akt,PI3K/Akt/mTOR,46930998.0,Cl.Cl.NC1(CCC1)C2=CC=C(C=C2)C3=C(C=C4C(=N3)C=CN5C(=O)NN=C45)C6=CC=CC=C6,HWUHTJIKQZZBRA-UHFFFAOYSA-N,Targeted,Preclinical,HT29,
spher-colo52-v1-ULA-PB000141-HT29-48h-P1-L1,B19,4187,5546,PB000141,PB000141_B19,colo-029,Trifluridine,dmso,10.0,µM,10.0,mM,100.0,nl,40.0,µl,trt,S1778,DNA/RNA Synthesis,DNA Damage,6256.0,OCC1OC(CC1O)N2C=C(C(=O)NC2=O)C(F)(F)F,VSQQQLOSPVPRAZ-RRKCRQDMSA-N,Cytotoxic,Launched,HT29,Antimetabolite
spher-colo52-v1-ULA-PB000141-HT29-48h-P1-L1,B20,4187,5546,PB000141,PB000141_B20,colo-012,SB216763,dmso,0.3,µM,1.0,mM,30.0,nl,40.0,µl,trt,S1075,GSK-3,PI3K/Akt/mTOR,176158.0,C[N]1C=C(C2=C1C=CC=C2)C3=C(C(=O)NC3=O)C4=CC=C(Cl)C=C4Cl,JCSGFHVFHSKIJH-UHFFFAOYSA-N,Targeted,Preclinical,HT29,
spher-colo52-v1-ULA-PB000141-HT29-48h-P1-L1,B21,4187,5546,PB000141,PB000141_B21,colo-035,Trametinib (GSK1120212),dmso,0.1,µM,0.1,mM,100.0,nl,40.0,µl,trt,S2673,MEK,MAPK,11707110.0,CN1C(=O)C(=C2N(C(=O)N(C3CC3)C(=O)C2=C1NC4=CC=C(I)C=C4F)C5=CC(=CC=C5)NC(C)=O)C,LIRYPHYGHXZJBZ-UHFFFAOYSA-N,Targeted,Launched,HT29,
spher-colo52-v1-ULA-PB000141-HT29-48h-P1-L1,B22,4187,5546,PB000141,PB000141_B22,dmso,dmso,dmso,0.1,µM,100.0,%,100.0,nl,40.0,µl,neg_con,D2438,control,,679.0,CS(=O)C,IAZDPXIOMUYVGZ-UHFFFAOYSA-N,,,HT29,
spher-colo52-v1-ULA-PB000141-HT29-48h-P1-L1,B23,4187,5546,PB000141,PB000141_B23,colo-023,Ruxolitinib (INCB018424),dmso,1.0,µM,1.0,mM,100.0,nl,40.0,µl,trt,S1378,JAK,JAK/STAT,25126798.0,N#CCC(C1CCCC1)[N]2C=C(C=N2)C3=NC=NC4=C3C=C[NH]4,HFNKQEVNSGCOJV-OAHLLOKOSA-N,Targeted,Launched,HT29,
spher-colo52-v1-ULA-PB000141-HT29-48h-P1-L1,C02,4187,5546,PB000141,PB000141_C02,colo-026,AZD8055,dmso,10.0,µM,10.0,mM,100.0,nl,40.0,µl,trt,S1555,mTOR,PI3K/Akt/mTOR,25262965.0,COC1=C(CO)C=C(C=C1)C2=NC3=C(C=C2)C(=NC(=N3)N4CCOCC4C)N5CCOCC5C,KVLFRAWTRWDEDF-IRXDYDNUSA-N,Targeted,Phase 1,HT29,
spher-colo52-v1-ULA-PB000141-HT29-48h-P1-L1,C03,4187,5546,PB000141,PB000141_C03,colo-004,Bortezomib (PS-341),dmso,0.03,µM,0.1,mM,30.0,nl,40.0,µl,trt,S1013,Proteasome,Proteases,387447.0,CC(C)CC(NC(=O)C(CC1=CC=CC=C1)NC(=O)C2=NC=CN=C2)B(O)O,GXJABQQUPOEUTA-RDJZCZTQSA-N,Targeted,Launched,HT29,
spher-colo52-v1-ULA-PB000141-HT29-48h-P1-L1,C04,4187,5546,PB000141,PB000141_C04,colo-035,Trametinib (GSK1120212),dmso,0.3,µM,1.0,mM,30.0,nl,40.0,µl,trt,S2673,MEK,MAPK,11707110.0,CN1C(=O)C(=C2N(C(=O)N(C3CC3)C(=O)C2=C1NC4=CC=C(I)C=C4F)C5=CC(=CC=C5)NC(C)=O)C,LIRYPHYGHXZJBZ-UHFFFAOYSA-N,Targeted,Launched,HT29,
spher-colo52-v1-ULA-PB000141-HT29-48h-P1-L1,C05,4187,5546,PB000141,PB000141_C05,dmso,dmso,dmso,0.1,µM,100.0,%,100.0,nl,40.0,µl,neg_con,D2438,control,,679.0,CS(=O)C,IAZDPXIOMUYVGZ-UHFFFAOYSA-N,,,HT29,
spher-colo52-v1-ULA-PB000141-HT29-48h-P1-L1,C06,4187,5546,PB000141,PB000141_C06,colo-017,Tanespimycin (17-AAG),dmso,0.1,µM,0.1,mM,100.0,nl,40.0,µl,trt,S1141,HSP (e.g. HSP90),Cytoskeletal Signaling,6505803.0,COC1CC(C)CC2=C(NCC=C)C(=O)C=C(NC(=O)C(=C\C=C/C(OC)C(OC(N)=O)/C(=C/C(C)C1O)C)\C)C2=O,AYUNIORJHRXIBJ-TXHRRWQRSA-N,Targeted,Phase 3,HT29,
spher-colo52-v1-ULA-PB000141-HT29-48h-P1-L1,C07,4187,5546,PB000141,PB000141_C07,colo-014,Linsitinib (OSI-906),dmso,3.0,µM,10.0,mM,30.0,nl,40.0,µl,trt,S1091,IGF-1R,Protein Tyrosine Kinase,11640390.0,CC1(O)CC(C1)C2=NC(=C3[N]2C=CN=C3N)C4=CC=C5C=CC(=NC5=C4)C6=CC=CC=C6,PKCDDUHJAFVJJB-UHFFFAOYSA-N,Targeted,Preclinical,HT29,
spher-colo52-v1-ULA-PB000141-HT29-48h-P1-L1,C08,4187,5546,PB000141,PB000141_C08,colo-019,Regorafenib (BAY 73-4506),dmso,10.0,µM,10.0,mM,100.0,nl,40.0,µl,trt,S1178,"c-RET,VEGFR",Protein Tyrosine Kinase,11167602.0,CNC(=O)C1=CC(=CC=N1)OC2=CC(=C(NC(=O)NC3=CC=C(Cl)C(=C3)C(F)(F)F)C=C2)F,FNHKPVJBJVTLMP-UHFFFAOYSA-N,Targeted,Launched,HT29,
spher-colo52-v1-ULA-PB000141-HT29-48h-P1-L1,C09,4187,5546,PB000141,PB000141_C09,colo-024,Adavosertib （MK-1775）,dmso,1.0,µM,1.0,mM,100.0,nl,40.0,µl,trt,S1525,Wee1,Cell Cycle,24856436.0,CN1CCN(CC1)C2=CC=C(NC3=NC4=C(C=N3)C(=O)N(CC=C)N4C5=NC(=CC=C5)C(C)(C)O)C=C2,BKWJAKQVGHWELA-UHFFFAOYSA-N,Targeted,Phase 2,HT29,
spher-colo52-v1-ULA-PB000141-HT29-48h-P1-L1,C10,4187,5546,PB000141,PB000141_C10,colo-025,AZD7762,dmso,3.0,µM,10.0,mM,30.0,nl,40.0,µl,trt,S1532,Chk,Cell Cycle,11152667.0,NC(=O)NC1=C(SC(=C1)C2=CC(=CC=C2)F)C(=O)NC3CCCNC3,IAYGCINLNONXHY-LBPRGKRZSA-N,Targeted,Phase 1,HT29,
spher-colo52-v1-ULA-PB000141-HT29-48h-P1-L1,C11,4187,5546,PB000141,PB000141_C11,colo-019,Regorafenib (BAY 73-4506),dmso,1.0,µM,1.0,mM,100.0,nl,40.0,µl,trt,S1178,"c-RET,VEGFR",Protein Tyrosine Kinase,11167602.0,CNC(=O)C1=CC(=CC=N1)OC2=CC(=C(NC(=O)NC3=CC=C(Cl)C(=C3)C(F)(F)F)C=C2)F,FNHKPVJBJVTLMP-UHFFFAOYSA-N,Targeted,Launched,HT29,
spher-colo52-v1-ULA-PB000141-HT29-48h-P1-L1,C12,4187,5546,PB000141,PB000141_C12,colo-018,Paclitaxel,dmso,0.003,µM,0.01,mM,30.0,nl,40.0,µl,trt,S1150,"Autophagy,Microtubule Associated",Cytoskeletal Signaling,441276.0,CC(=O)OC1C(=O)C2(C)C(O)CC3OCC3(OC(C)=O)C2C(OC(=O)C4=CC=CC=C4)C5(O)CC(OC(=O)C(O)C(NC(=O)C6=CC=CC=C6)C7=CC=CC=C7)C(=C1C5(C)C)C,RCINICONZNJXQF-VAZQATRQSA-N,Cytotoxic,Preclinical,HT29,
spher-colo52-v1-ULA-PB000141-HT29-48h-P1-L1,C13,4187,5546,PB000141,PB000141_C13,colo-025,AZD7762,dmso,0.3,µM,1.0,mM,30.0,nl,40.0,µl,trt,S1532,Chk,Cell Cycle,11152667.0,NC(=O)NC1=C(SC(=C1)C2=CC(=CC=C2)F)C(=O)NC3CCCNC3,IAYGCINLNONXHY-LBPRGKRZSA-N,Targeted,Phase 1,HT29,
spher-colo52-v1-ULA-PB000141-HT29-48h-P1-L1,C14,4187,5546,PB000141,PB000141_C14,colo-003,Afatinib (BIBW2992),dmso,0.3,µM,1.0,mM,30.0,nl,40.0,µl,trt,S1011,"EGFR,HER2",Protein Tyrosine Kinase,10184653.0,CN(C)C/C=C/C(=O)NC1=CC2=C(NC3=CC=C(F)C(=C3)Cl)N=CN=C2C=C1OC4CCOC4,ULXXDDBFHOBEHA-CWDCEQMOSA-N,Targeted,Launched,HT29,
spher-colo52-v1-ULA-PB000141-HT29-48h-P1-L1,C15,4187,5546,PB000141,PB000141_C15,colo-009,"Olaparib (AZD2281, Ku-0059436)",dmso,1.0,µM,1.0,mM,100.0,nl,40.0,µl,trt,S1060,PARP,DNA Damage,23725625.0,FC1=C(C=C(CC2=NNC(=O)C3=C2C=CC=C3)C=C1)C(=O)N4CCN(CC4)C(=O)C5CC5,FDLYAMZZIXQODN-UHFFFAOYSA-N,Targeted,Launched,HT29,PARPi
spher-colo52-v1-ULA-PB000141-HT29-48h-P1-L1,C16,4187,5546,PB000141,PB000141_C16,colo-002,Veliparib (ABT-888),dmso,1.0,µM,1.0,mM,100.0,nl,40.0,µl,trt,S1004,PARP,DNA Damage,11960529.0,CC1(CCCN1)C2=NC3=C(C=CC=C3[NH]2)C(N)=O,JNAHVYVRKWKWKQ-CYBMUJFWSA-N,Targeted,Phase 3,HT29,PARPi
spher-colo52-v1-ULA-PB000141-HT29-48h-P1-L1,C17,4187,5546,PB000141,PB000141_C17,colo-030,SB505124,dmso,10.0,µM,10.0,mM,100.0,nl,40.0,µl,trt,S2186,TGF-beta/Smad,TGF-beta/Smad,9858940.0,CC1=CC=CC(=N1)C2=C(N=C([NH]2)C(C)(C)C)C3=CC4=C(OCO4)C=C3,WGZOTBUYUFBEPZ-UHFFFAOYSA-N,Targeted,Preclinical,HT29,
spher-colo52-v1-ULA-PB000141-HT29-48h-P1-L1,C18,4187,5546,PB000141,PB000141_C18,colo-011,Crizotinib (PF-02341066),dmso,10.0,µM,10.0,mM,100.0,nl,40.0,µl,trt,S1068,"ALK,c-Met",Protein Tyrosine Kinase,11626560.0,CC(OC1=C(N)N=CC(=C1)C2=C[N](N=C2)C3CCNCC3)C4=C(Cl)C=CC(=C4Cl)F,KTEIFNKAUNYNJU-GFCCVEGCSA-N,Targeted,Launched,HT29,
spher-colo52-v1-ULA-PB000141-HT29-48h-P1-L1,C19,4187,5546,PB000141,PB000141_C19,fenb,fenb,dmso,2.5,µM,10.0,mM,25.0,nl,40.0,µl,pos_con,F0040000,tubulin beta chain,,3334.0,COC(=O)NC1=NC2=C(N1)C=C(C=C2)SC3=CC=CC=C3,HDDSHPAODJUKPD-UHFFFAOYSA-N,,,HT29,
spher-colo52-v1-ULA-PB000141-HT29-48h-P1-L1,C20,4187,5546,PB000141,PB000141_C20,colo-006,PD0325901,dmso,0.3,µM,1.0,mM,30.0,nl,40.0,µl,trt,S1036,MEK,MAPK,9826528.0,OCC(O)CONC(=O)C1=C(NC2=CC=C(I)C=C2F)C(=C(F)C=C1)F,SUDAHWBOROXANE-SECBINFHSA-N,Targeted,Phase 2,HT29,
spher-colo52-v1-ULA-PB000141-HT29-48h-P1-L1,C21,4187,5546,PB000141,PB000141_C21,colo-010,Nutlin-3,dmso,1.0,µM,1.0,mM,100.0,nl,40.0,µl,trt,S1061,"E3 Ligase ,Mdm2",Apoptosis,216345.0,COC1=CC(=C(C=C1)C2=NC(C(N2C(=O)N3CCNC(=O)C3)C4=CC=C(Cl)C=C4)C5=CC=C(Cl)C=C5)OC(C)C,BDUHCSBCVGXTJM-UHFFFAOYSA-N,Targeted,Preclinical,HT29,
spher-colo52-v1-ULA-PB000141-HT29-48h-P1-L1,C22,4187,5546,PB000141,PB000141_C22,colo-022,"Vemurafenib (PLX4032, RG7204)",dmso,3.0,µM,10.0,mM,30.0,nl,40.0,µl,trt,S1267,Raf,MAPK,42611257.0,CCC[S](=O)(=O)NC1=CC=C(F)C(=C1F)C(=O)C2=C[NH]C3=NC=C(C=C23)C4=CC=C(Cl)C=C4,GPXBXXGIAQBQNI-UHFFFAOYSA-N,Targeted,Launched,HT29,
spher-colo52-v1-ULA-PB000141-HT29-48h-P1-L1,C23,4187,5546,PB000141,PB000141_C23,colo-033,Miglitol,dmso,10.0,µM,10.0,mM,100.0,nl,40.0,µl,trt,S2589,Others,Others,441314.0,OCCN1CC(O)C(O)C(O)C1CO,IBAQFPQHRJAVAV-ULAWRXDQSA-N,,Launched,HT29,
spher-colo52-v1-ULA-PB000141-HT29-48h-P1-L1,D02,4187,5546,PB000141,PB000141_D02,colo-030,SB505124,dmso,10.0,µM,10.0,mM,100.0,nl,40.0,µl,trt,S2186,TGF-beta/Smad,TGF-beta/Smad,9858940.0,CC1=CC=CC(=N1)C2=C(N=C([NH]2)C(C)(C)C)C3=CC4=C(OCO4)C=C3,WGZOTBUYUFBEPZ-UHFFFAOYSA-N,Targeted,Preclinical,HT29,
spher-colo52-v1-ULA-PB000141-HT29-48h-P1-L1,D03,4187,5546,PB000141,PB000141_D03,colo-032,Phenformin HCl,dmso,0.3,µM,1.0,mM,30.0,nl,40.0,µl,trt,S2542,AMPK,PI3K/Akt/mTOR,13266.0,Cl.NC(=N)NC(=N)NCCC1=CC=CC=C1,YSUCWSWKRIOILX-UHFFFAOYSA-N,,Launched,HT29,
spher-colo52-v1-ULA-PB000141-HT29-48h-P1-L1,D04,4187,5546,PB000141,PB000141_D04,colo-024,Adavosertib （MK-1775）,dmso,10.0,µM,10.0,mM,100.0,nl,40.0,µl,trt,S1525,Wee1,Cell Cycle,24856436.0,CN1CCN(CC1)C2=CC=C(NC3=NC4=C(C=N3)C(=O)N(CC=C)N4C5=NC(=CC=C5)C(C)(C)O)C=C2,BKWJAKQVGHWELA-UHFFFAOYSA-N,Targeted,Phase 2,HT29,
spher-colo52-v1-ULA-PB000141-HT29-48h-P1-L1,D05,4187,5546,PB000141,PB000141_D05,colo-033,Miglitol,dmso,0.3,µM,1.0,mM,30.0,nl,40.0,µl,trt,S2589,Others,Others,441314.0,OCCN1CC(O)C(O)C(O)C1CO,IBAQFPQHRJAVAV-ULAWRXDQSA-N,,Launched,HT29,
spher-colo52-v1-ULA-PB000141-HT29-48h-P1-L1,D06,4187,5546,PB000141,PB000141_D06,colo-019,Regorafenib (BAY 73-4506),dmso,3.0,µM,10.0,mM,30.0,nl,40.0,µl,trt,S1178,"c-RET,VEGFR",Protein Tyrosine Kinase,11167602.0,CNC(=O)C1=CC(=CC=N1)OC2=CC(=C(NC(=O)NC3=CC=C(Cl)C(=C3)C(F)(F)F)C=C2)F,FNHKPVJBJVTLMP-UHFFFAOYSA-N,Targeted,Launched,HT29,
spher-colo52-v1-ULA-PB000141-HT29-48h-P1-L1,D07,4187,5546,PB000141,PB000141_D07,colo-011,Crizotinib (PF-02341066),dmso,1.0,µM,1.0,mM,100.0,nl,40.0,µl,trt,S1068,"ALK,c-Met",Protein Tyrosine Kinase,11626560.0,CC(OC1=C(N)N=CC(=C1)C2=C[N](N=C2)C3CCNCC3)C4=C(Cl)C=CC(=C4Cl)F,KTEIFNKAUNYNJU-GFCCVEGCSA-N,Targeted,Launched,HT29,
spher-colo52-v1-ULA-PB000141-HT29-48h-P1-L1,D08,4187,5546,PB000141,PB000141_D08,colo-034,Rabusertib (LY2603618),dmso,0.3,µM,1.0,mM,30.0,nl,40.0,µl,trt,S2626,Chk,Cell Cycle,11955855.0,CC1=NC=C(NC(=O)NC2=C(OCC3CNCCO3)C=C(C)C(=C2)Br)N=C1,SYYBDNPGDKKJDU-ZDUSSCGKSA-N,Targeted,Phase 2,HT29,
spher-colo52-v1-ULA-PB000141-HT29-48h-P1-L1,D09,4187,5546,PB000141,PB000141_D09,colo-032,Phenformin HCl,dmso,3.0,µM,10.0,mM,30.0,nl,40.0,µl,trt,S2542,AMPK,PI3K/Akt/mTOR,13266.0,Cl.NC(=N)NC(=N)NCCC1=CC=CC=C1,YSUCWSWKRIOILX-UHFFFAOYSA-N,,Launched,HT29,
spher-colo52-v1-ULA-PB000141-HT29-48h-P1-L1,D10,4187,5546,PB000141,PB000141_D10,colo-020,"Fluorouracil (5-Fluoracil, 5-FU)",dmso,1.0,µM,1.0,mM,100.0,nl,40.0,µl,trt,S1209,DNA/RNA Synthesis,DNA Damage,3385.0,FC1=CNC(=O)NC1=O,GHASVSINZRGABV-UHFFFAOYSA-N,Cytotoxic,Launched,HT29,Antimetabolite
spher-colo52-v1-ULA-PB000141-HT29-48h-P1-L1,D11,4187,5546,PB000141,PB000141_D11,colo-033,Miglitol,dmso,3.0,µM,10.0,mM,30.0,nl,40.0,µl,trt,S2589,Others,Others,441314.0,OCCN1CC(O)C(O)C(O)C1CO,IBAQFPQHRJAVAV-ULAWRXDQSA-N,,Launched,HT29,
spher-colo52-v1-ULA-PB000141-HT29-48h-P1-L1,D12,4187,5546,PB000141,PB000141_D12,dmso,dmso,dmso,0.1,µM,100.0,%,100.0,nl,40.0,µl,neg_con,D2438,control,,679.0,CS(=O)C,IAZDPXIOMUYVGZ-UHFFFAOYSA-N,,,HT29,
spher-colo52-v1-ULA-PB000141-HT29-48h-P1-L1,D13,4187,5546,PB000141,PB000141_D13,colo-023,Ruxolitinib (INCB018424),dmso,3.0,µM,10.0,mM,30.0,nl,40.0,µl,trt,S1378,JAK,JAK/STAT,25126798.0,N#CCC(C1CCCC1)[N]2C=C(C=N2)C3=NC=NC4=C3C=C[NH]4,HFNKQEVNSGCOJV-OAHLLOKOSA-N,Targeted,Launched,HT29,
spher-colo52-v1-ULA-PB000141-HT29-48h-P1-L1,D14,4187,5546,PB000141,PB000141_D14,colo-032,Phenformin HCl,dmso,10.0,µM,10.0,mM,100.0,nl,40.0,µl,trt,S2542,AMPK,PI3K/Akt/mTOR,13266.0,Cl.NC(=N)NC(=N)NCCC1=CC=CC=C1,YSUCWSWKRIOILX-UHFFFAOYSA-N,,Launched,HT29,
spher-colo52-v1-ULA-PB000141-HT29-48h-P1-L1,D15,4187,5546,PB000141,PB000141_D15,colo-007,PI-103,dmso,0.3,µM,1.0,mM,30.0,nl,40.0,µl,trt,S1038,"Autophagy,DNA-PK,mTOR,PI3K",PI3K/Akt/mTOR,9884685.0,OC1=CC(=CC=C1)C2=NC3=C(OC4=C3C=CC=N4)C(=N2)N5CCOCC5,TUVCWJQQGGETHL-UHFFFAOYSA-N,Targeted,Preclinical,HT29,
spher-colo52-v1-ULA-PB000141-HT29-48h-P1-L1,D16,4187,5546,PB000141,PB000141_D16,colo-032,Phenformin HCl,dmso,3.0,µM,10.0,mM,30.0,nl,40.0,µl,trt,S2542,AMPK,PI3K/Akt/mTOR,13266.0,Cl.NC(=N)NC(=N)NCCC1=CC=CC=C1,YSUCWSWKRIOILX-UHFFFAOYSA-N,,Launched,HT29,
spher-colo52-v1-ULA-PB000141-HT29-48h-P1-L1,D17,4187,5546,PB000141,PB000141_D17,colo-031,Sapitinib (AZD8931),dmso,3.0,µM,10.0,mM,30.0,nl,40.0,µl,trt,S2192,"EGFR,HER2",Protein Tyrosine Kinase,11488320.0,CNC(=O)CN1CCC(CC1)OC2=C(OC)C=C3N=CN=C(NC4=C(F)C(=CC=C4)Cl)C3=C2,DFJSJLGUIXFDJP-UHFFFAOYSA-N,Targeted,Phase 2,HT29,
spher-colo52-v1-ULA-PB000141-HT29-48h-P1-L1,D18,4187,5546,PB000141,PB000141_D18,colo-017,Tanespimycin (17-AAG),dmso,0.1,µM,0.1,mM,100.0,nl,40.0,µl,trt,S1141,HSP (e.g. HSP90),Cytoskeletal Signaling,6505803.0,COC1CC(C)CC2=C(NCC=C)C(=O)C=C(NC(=O)C(=C\C=C/C(OC)C(OC(N)=O)/C(=C/C(C)C1O)C)\C)C2=O,AYUNIORJHRXIBJ-TXHRRWQRSA-N,Targeted,Phase 3,HT29,
spher-colo52-v1-ULA-PB000141-HT29-48h-P1-L1,D19,4187,5546,PB000141,PB000141_D19,colo-002,Veliparib (ABT-888),dmso,10.0,µM,10.0,mM,100.0,nl,40.0,µl,trt,S1004,PARP,DNA Damage,11960529.0,CC1(CCCN1)C2=NC3=C(C=CC=C3[NH]2)C(N)=O,JNAHVYVRKWKWKQ-CYBMUJFWSA-N,Targeted,Phase 3,HT29,PARPi
spher-colo52-v1-ULA-PB000141-HT29-48h-P1-L1,D20,4187,5546,PB000141,PB000141_D20,colo-031,Sapitinib (AZD8931),dmso,0.3,µM,1.0,mM,30.0,nl,40.0,µl,trt,S2192,"EGFR,HER2",Protein Tyrosine Kinase,11488320.0,CNC(=O)CN1CCC(CC1)OC2=C(OC)C=C3N=CN=C(NC4=C(F)C(=CC=C4)Cl)C3=C2,DFJSJLGUIXFDJP-UHFFFAOYSA-N,Targeted,Phase 2,HT29,
spher-colo52-v1-ULA-PB000141-HT29-48h-P1-L1,D21,4187,5546,PB000141,PB000141_D21,colo-015,Triciribine,dmso,10.0,µM,10.0,mM,100.0,nl,40.0,µl,trt,S1117,Akt,PI3K/Akt/mTOR,65399.0,CN1N=C(N)C2=C[N](C3OC(CO)C(O)C3O)C4=C2C1=NC=N4,HOGVTUZUJGHKPL-HTVVRFAVSA-N,Targeted,Phase 1/Phase 2,HT29,
spher-colo52-v1-ULA-PB000141-HT29-48h-P1-L1,D22,4187,5546,PB000141,PB000141_D22,colo-034,Rabusertib (LY2603618),dmso,1.0,µM,1.0,mM,100.0,nl,40.0,µl,trt,S2626,Chk,Cell Cycle,11955855.0,CC1=NC=C(NC(=O)NC2=C(OCC3CNCCO3)C=C(C)C(=C2)Br)N=C1,SYYBDNPGDKKJDU-ZDUSSCGKSA-N,Targeted,Phase 2,HT29,
spher-colo52-v1-ULA-PB000141-HT29-48h-P1-L1,D23,4187,5546,PB000141,PB000141_D23,etop,etop,dmso,2.5,µM,10.0,mM,25.0,nl,40.0,µl,pos_con,E2600000,DNA topoisomerase 2-alpha & DNA topoisomerase 2-beta,,36462.0,CC1OCC2C(O1)C(C(C(O2)OC3C4COC(=O)C4C(C5=CC6=C(C=C35)OCO6)C7=CC(=C(C(=C7)OC)O)OC)O)O,VJJPUSNTGOMMGY-MRVIYFEKSA-N,,,HT29,
spher-colo52-v1-ULA-PB000141-HT29-48h-P1-L1,E02,4187,5546,PB000141,PB000141_E02,colo-010,Nutlin-3,dmso,3.0,µM,10.0,mM,30.0,nl,40.0,µl,trt,S1061,"E3 Ligase ,Mdm2",Apoptosis,216345.0,COC1=CC(=C(C=C1)C2=NC(C(N2C(=O)N3CCNC(=O)C3)C4=CC=C(Cl)C=C4)C5=CC=C(Cl)C=C5)OC(C)C,BDUHCSBCVGXTJM-UHFFFAOYSA-N,Targeted,Preclinical,HT29,
spher-colo52-v1-ULA-PB000141-HT29-48h-P1-L1,E03,4187,5546,PB000141,PB000141_E03,colo-006,PD0325901,dmso,3.0,µM,10.0,mM,30.0,nl,40.0,µl,trt,S1036,MEK,MAPK,9826528.0,OCC(O)CONC(=O)C1=C(NC2=CC=C(I)C=C2F)C(=C(F)C=C1)F,SUDAHWBOROXANE-SECBINFHSA-N,Targeted,Phase 2,HT29,
spher-colo52-v1-ULA-PB000141-HT29-48h-P1-L1,E04,4187,5546,PB000141,PB000141_E04,colo-034,Rabusertib (LY2603618),dmso,10.0,µM,10.0,mM,100.0,nl,40.0,µl,trt,S2626,Chk,Cell Cycle,11955855.0,CC1=NC=C(NC(=O)NC2=C(OCC3CNCCO3)C=C(C)C(=C2)Br)N=C1,SYYBDNPGDKKJDU-ZDUSSCGKSA-N,Targeted,Phase 2,HT29,
spher-colo52-v1-ULA-PB000141-HT29-48h-P1-L1,E05,4187,5546,PB000141,PB000141_E05,colo-007,PI-103,dmso,1.0,µM,1.0,mM,100.0,nl,40.0,µl,trt,S1038,"Autophagy,DNA-PK,mTOR,PI3K",PI3K/Akt/mTOR,9884685.0,OC1=CC(=CC=C1)C2=NC3=C(OC4=C3C=CC=N4)C(=N2)N5CCOCC5,TUVCWJQQGGETHL-UHFFFAOYSA-N,Targeted,Preclinical,HT29,
spher-colo52-v1-ULA-PB000141-HT29-48h-P1-L1,E06,4187,5546,PB000141,PB000141_E06,colo-009,"Olaparib (AZD2281, Ku-0059436)",dmso,0.3,µM,1.0,mM,30.0,nl,40.0,µl,trt,S1060,PARP,DNA Damage,23725625.0,FC1=C(C=C(CC2=NNC(=O)C3=C2C=CC=C3)C=C1)C(=O)N4CCN(CC4)C(=O)C5CC5,FDLYAMZZIXQODN-UHFFFAOYSA-N,Targeted,Launched,HT29,PARPi
spher-colo52-v1-ULA-PB000141-HT29-48h-P1-L1,E07,4187,5546,PB000141,PB000141_E07,colo-020,"Fluorouracil (5-Fluoracil, 5-FU)",dmso,1.0,µM,1.0,mM,100.0,nl,40.0,µl,trt,S1209,DNA/RNA Synthesis,DNA Damage,3385.0,FC1=CNC(=O)NC1=O,GHASVSINZRGABV-UHFFFAOYSA-N,Cytotoxic,Launched,HT29,Antimetabolite
spher-colo52-v1-ULA-PB000141-HT29-48h-P1-L1,E08,4187,5546,PB000141,PB000141_E08,colo-029,Trifluridine,dmso,0.3,µM,1.0,mM,30.0,nl,40.0,µl,trt,S1778,DNA/RNA Synthesis,DNA Damage,6256.0,OCC1OC(CC1O)N2C=C(C(=O)NC2=O)C(F)(F)F,VSQQQLOSPVPRAZ-RRKCRQDMSA-N,Cytotoxic,Launched,HT29,Antimetabolite
spher-colo52-v1-ULA-PB000141-HT29-48h-P1-L1,E09,4187,5546,PB000141,PB000141_E09,stau,stau,dmso,0.1,µM,0.1,mM,100.0,nl,40.0,µl,pos_con,HY-15141,pan protein inhibitor,,44259.0,CC12C(C(CC(O1)N3C4=CC=CC=C4C5=C6C(=C7C8=CC=CC=C8N2C7=C53)CNC6=O)NC)OC,HKSZLNNOFSGOKW-FYTWVXJKSA-N,,,HT29,
spher-colo52-v1-ULA-PB000141-HT29-48h-P1-L1,E10,4187,5546,PB000141,PB000141_E10,colo-002,Veliparib (ABT-888),dmso,1.0,µM,1.0,mM,100.0,nl,40.0,µl,trt,S1004,PARP,DNA Damage,11960529.0,CC1(CCCN1)C2=NC3=C(C=CC=C3[NH]2)C(N)=O,JNAHVYVRKWKWKQ-CYBMUJFWSA-N,Targeted,Phase 3,HT29,PARPi
spher-colo52-v1-ULA-PB000141-HT29-48h-P1-L1,E11,4187,5546,PB000141,PB000141_E11,colo-004,Bortezomib (PS-341),dmso,0.03,µM,0.1,mM,30.0,nl,40.0,µl,trt,S1013,Proteasome,Proteases,387447.0,CC(C)CC(NC(=O)C(CC1=CC=CC=C1)NC(=O)C2=NC=CN=C2)B(O)O,GXJABQQUPOEUTA-RDJZCZTQSA-N,Targeted,Launched,HT29,
spher-colo52-v1-ULA-PB000141-HT29-48h-P1-L1,E12,4187,5546,PB000141,PB000141_E12,colo-016,BMS-754807,dmso,3.0,µM,10.0,mM,30.0,nl,40.0,µl,trt,S1124,"c-Met,IGF-1R,Trk receptor",Protein Tyrosine Kinase,24785538.0,CC1(CCCN1C2=N[N]3C=CC=C3C(=N2)NC4=N[NH]C(=C4)C5CC5)C(=O)NC6=CC=C(F)N=C6,LQVXSNNAFNGRAH-QHCPKHFHSA-N,Targeted,Phase 2,HT29,
spher-colo52-v1-ULA-PB000141-HT29-48h-P1-L1,E13,4187,5546,PB000141,PB000141_E13,colo-030,SB505124,dmso,1.0,µM,1.0,mM,100.0,nl,40.0,µl,trt,S2186,TGF-beta/Smad,TGF-beta/Smad,9858940.0,CC1=CC=CC(=N1)C2=C(N=C([NH]2)C(C)(C)C)C3=CC4=C(OCO4)C=C3,WGZOTBUYUFBEPZ-UHFFFAOYSA-N,Targeted,Preclinical,HT29,
spher-colo52-v1-ULA-PB000141-HT29-48h-P1-L1,E14,4187,5546,PB000141,PB000141_E14,colo-011,Crizotinib (PF-02341066),dmso,0.3,µM,1.0,mM,30.0,nl,40.0,µl,trt,S1068,"ALK,c-Met",Protein Tyrosine Kinase,11626560.0,CC(OC1=C(N)N=CC(=C1)C2=C[N](N=C2)C3CCNCC3)C4=C(Cl)C=CC(=C4Cl)F,KTEIFNKAUNYNJU-GFCCVEGCSA-N,Targeted,Launched,HT29,
spher-colo52-v1-ULA-PB000141-HT29-48h-P1-L1,E15,4187,5546,PB000141,PB000141_E15,colo-033,Miglitol,dmso,3.0,µM,10.0,mM,30.0,nl,40.0,µl,trt,S2589,Others,Others,441314.0,OCCN1CC(O)C(O)C(O)C1CO,IBAQFPQHRJAVAV-ULAWRXDQSA-N,,Launched,HT29,
spher-colo52-v1-ULA-PB000141-HT29-48h-P1-L1,E16,4187,5546,PB000141,PB000141_E16,dmso,dmso,dmso,0.1,µM,100.0,%,100.0,nl,40.0,µl,neg_con,D2438,control,,679.0,CS(=O)C,IAZDPXIOMUYVGZ-UHFFFAOYSA-N,,,HT29,
spher-colo52-v1-ULA-PB000141-HT29-48h-P1-L1,E17,4187,5546,PB000141,PB000141_E17,colo-020,"Fluorouracil (5-Fluoracil, 5-FU)",dmso,0.3,µM,1.0,mM,30.0,nl,40.0,µl,trt,S1209,DNA/RNA Synthesis,DNA Damage,3385.0,FC1=CNC(=O)NC1=O,GHASVSINZRGABV-UHFFFAOYSA-N,Cytotoxic,Launched,HT29,Antimetabolite
spher-colo52-v1-ULA-PB000141-HT29-48h-P1-L1,E18,4187,5546,PB000141,PB000141_E18,colo-010,Nutlin-3,dmso,3.0,µM,10.0,mM,30.0,nl,40.0,µl,trt,S1061,"E3 Ligase ,Mdm2",Apoptosis,216345.0,COC1=CC(=C(C=C1)C2=NC(C(N2C(=O)N3CCNC(=O)C3)C4=CC=C(Cl)C=C4)C5=CC=C(Cl)C=C5)OC(C)C,BDUHCSBCVGXTJM-UHFFFAOYSA-N,Targeted,Preclinical,HT29,
spher-colo52-v1-ULA-PB000141-HT29-48h-P1-L1,E19,4187,5546,PB000141,PB000141_E19,colo-014,Linsitinib (OSI-906),dmso,1.0,µM,1.0,mM,100.0,nl,40.0,µl,trt,S1091,IGF-1R,Protein Tyrosine Kinase,11640390.0,CC1(O)CC(C1)C2=NC(=C3[N]2C=CN=C3N)C4=CC=C5C=CC(=NC5=C4)C6=CC=CC=C6,PKCDDUHJAFVJJB-UHFFFAOYSA-N,Targeted,Preclinical,HT29,
spher-colo52-v1-ULA-PB000141-HT29-48h-P1-L1,E20,4187,5546,PB000141,PB000141_E20,colo-007,PI-103,dmso,10.0,µM,10.0,mM,100.0,nl,40.0,µl,trt,S1038,"Autophagy,DNA-PK,mTOR,PI3K",PI3K/Akt/mTOR,9884685.0,OC1=CC(=CC=C1)C2=NC3=C(OC4=C3C=CC=N4)C(=N2)N5CCOCC5,TUVCWJQQGGETHL-UHFFFAOYSA-N,Targeted,Preclinical,HT29,
spher-colo52-v1-ULA-PB000141-HT29-48h-P1-L1,E21,4187,5546,PB000141,PB000141_E21,colo-017,Tanespimycin (17-AAG),dmso,0.03,µM,0.1,mM,30.0,nl,40.0,µl,trt,S1141,HSP (e.g. HSP90),Cytoskeletal Signaling,6505803.0,COC1CC(C)CC2=C(NCC=C)C(=O)C=C(NC(=O)C(=C\C=C/C(OC)C(OC(N)=O)/C(=C/C(C)C1O)C)\C)C2=O,AYUNIORJHRXIBJ-TXHRRWQRSA-N,Targeted,Phase 3,HT29,
spher-colo52-v1-ULA-PB000141-HT29-48h-P1-L1,E22,4187,5546,PB000141,PB000141_E22,colo-013,MK-2206 2HCl,dmso,3.0,µM,10.0,mM,30.0,nl,40.0,µl,trt,S1078,Akt,PI3K/Akt/mTOR,46930998.0,Cl.Cl.NC1(CCC1)C2=CC=C(C=C2)C3=C(C=C4C(=N3)C=CN5C(=O)NN=C45)C6=CC=CC=C6,HWUHTJIKQZZBRA-UHFFFAOYSA-N,Targeted,Preclinical,HT29,
spher-colo52-v1-ULA-PB000141-HT29-48h-P1-L1,E23,4187,5546,PB000141,PB000141_E23,colo-026,AZD8055,dmso,3.0,µM,10.0,mM,30.0,nl,40.0,µl,trt,S1555,mTOR,PI3K/Akt/mTOR,25262965.0,COC1=C(CO)C=C(C=C1)C2=NC3=C(C=C2)C(=NC(=N3)N4CCOCC4C)N5CCOCC5C,KVLFRAWTRWDEDF-IRXDYDNUSA-N,Targeted,Phase 1,HT29,
spher-colo52-v1-ULA-PB000141-HT29-48h-P1-L1,F02,4187,5546,PB000141,PB000141_F02,colo-021,Temozolomide,dmso,1.0,µM,1.0,mM,100.0,nl,40.0,µl,trt,S1237,"DNA/RNA Synthesis,Autophagy",DNA Damage,5394.0,CN1N=NC2=C(N=C[N]2C1=O)C(N)=O,BPEGJWRSRHCHSN-UHFFFAOYSA-N,Cytotoxic,Launched,HT29,Alkylator
spher-colo52-v1-ULA-PB000141-HT29-48h-P1-L1,F03,4187,5546,PB000141,PB000141_F03,colo-003,Afatinib (BIBW2992),dmso,10.0,µM,10.0,mM,100.0,nl,40.0,µl,trt,S1011,"EGFR,HER2",Protein Tyrosine Kinase,10184653.0,CN(C)C/C=C/C(=O)NC1=CC2=C(NC3=CC=C(F)C(=C3)Cl)N=CN=C2C=C1OC4CCOC4,ULXXDDBFHOBEHA-CWDCEQMOSA-N,Targeted,Launched,HT29,
spher-colo52-v1-ULA-PB000141-HT29-48h-P1-L1,F04,4187,5546,PB000141,PB000141_F04,colo-027,Doramapimod (BIRB 796),dmso,3.0,µM,10.0,mM,30.0,nl,40.0,µl,trt,S1574,p38 MAPK,MAPK,156422.0,CC1=CC=C(C=C1)[N]2N=C(C=C2NC(=O)NC3=CC=C(OCCN4CCOCC4)C5=C3C=CC=C5)C(C)(C)C,MVCOAUNKQVWQHZ-UHFFFAOYSA-N,Targeted,Phase 2,HT29,
spher-colo52-v1-ULA-PB000141-HT29-48h-P1-L1,F05,4187,5546,PB000141,PB000141_F05,colo-020,"Fluorouracil (5-Fluoracil, 5-FU)",dmso,10.0,µM,10.0,mM,100.0,nl,40.0,µl,trt,S1209,DNA/RNA Synthesis,DNA Damage,3385.0,FC1=CNC(=O)NC1=O,GHASVSINZRGABV-UHFFFAOYSA-N,Cytotoxic,Launched,HT29,Antimetabolite
spher-colo52-v1-ULA-PB000141-HT29-48h-P1-L1,F06,4187,5546,PB000141,PB000141_F06,dmso,dmso,dmso,0.1,µM,100.0,%,100.0,nl,40.0,µl,neg_con,D2438,control,,679.0,CS(=O)C,IAZDPXIOMUYVGZ-UHFFFAOYSA-N,,,HT29,
spher-colo52-v1-ULA-PB000141-HT29-48h-P1-L1,F07,4187,5546,PB000141,PB000141_F07,colo-026,AZD8055,dmso,10.0,µM,10.0,mM,100.0,nl,40.0,µl,trt,S1555,mTOR,PI3K/Akt/mTOR,25262965.0,COC1=C(CO)C=C(C=C1)C2=NC3=C(C=C2)C(=NC(=N3)N4CCOCC4C)N5CCOCC5C,KVLFRAWTRWDEDF-IRXDYDNUSA-N,Targeted,Phase 1,HT29,
spher-colo52-v1-ULA-PB000141-HT29-48h-P1-L1,F08,4187,5546,PB000141,PB000141_F08,colo-005,Gefitinib (ZD1839),dmso,3.0,µM,10.0,mM,30.0,nl,40.0,µl,trt,S1025,EGFR,Protein Tyrosine Kinase,123631.0,COC1=C(OCCCN2CCOCC2)C=C3C(=NC=NC3=C1)NC4=CC=C(F)C(=C4)Cl,XGALLCVXEZPNRQ-UHFFFAOYSA-N,Targeted,Launched,HT29,
spher-colo52-v1-ULA-PB000141-HT29-48h-P1-L1,F09,4187,5546,PB000141,PB000141_F09,colo-027,Doramapimod (BIRB 796),dmso,0.3,µM,1.0,mM,30.0,nl,40.0,µl,trt,S1574,p38 MAPK,MAPK,156422.0,CC1=CC=C(C=C1)[N]2N=C(C=C2NC(=O)NC3=CC=C(OCCN4CCOCC4)C5=C3C=CC=C5)C(C)(C)C,MVCOAUNKQVWQHZ-UHFFFAOYSA-N,Targeted,Phase 2,HT29,
spher-colo52-v1-ULA-PB000141-HT29-48h-P1-L1,F10,4187,5546,PB000141,PB000141_F10,colo-010,Nutlin-3,dmso,0.3,µM,1.0,mM,30.0,nl,40.0,µl,trt,S1061,"E3 Ligase ,Mdm2",Apoptosis,216345.0,COC1=CC(=C(C=C1)C2=NC(C(N2C(=O)N3CCNC(=O)C3)C4=CC=C(Cl)C=C4)C5=CC=C(Cl)C=C5)OC(C)C,BDUHCSBCVGXTJM-UHFFFAOYSA-N,Targeted,Preclinical,HT29,
spher-colo52-v1-ULA-PB000141-HT29-48h-P1-L1,F11,4187,5546,PB000141,PB000141_F11,colo-018,Paclitaxel,dmso,0.01,µM,0.01,mM,100.0,nl,40.0,µl,trt,S1150,"Autophagy,Microtubule Associated",Cytoskeletal Signaling,441276.0,CC(=O)OC1C(=O)C2(C)C(O)CC3OCC3(OC(C)=O)C2C(OC(=O)C4=CC=CC=C4)C5(O)CC(OC(=O)C(O)C(NC(=O)C6=CC=CC=C6)C7=CC=CC=C7)C(=C1C5(C)C)C,RCINICONZNJXQF-VAZQATRQSA-N,Cytotoxic,Preclinical,HT29,
spher-colo52-v1-ULA-PB000141-HT29-48h-P1-L1,F12,4187,5546,PB000141,PB000141_F12,colo-028,Gemcitabine,dmso,1.0,µM,1.0,mM,100.0,nl,40.0,µl,trt,S1714,"Autophagy,DNA/RNA Synthesis",DNA Damage,60750.0,NC1=NC(=O)N(C=C1)C2OC(CO)C(O)C2(F)F,SDUQYLNIPVEERB-QPPQHZFASA-N,Cytotoxic,Launched,HT29,Antimetabolite
spher-colo52-v1-ULA-PB000141-HT29-48h-P1-L1,F13,4187,5546,PB000141,PB000141_F13,colo-023,Ruxolitinib (INCB018424),dmso,3.0,µM,10.0,mM,30.0,nl,40.0,µl,trt,S1378,JAK,JAK/STAT,25126798.0,N#CCC(C1CCCC1)[N]2C=C(C=N2)C3=NC=NC4=C3C=C[NH]4,HFNKQEVNSGCOJV-OAHLLOKOSA-N,Targeted,Launched,HT29,
spher-colo52-v1-ULA-PB000141-HT29-48h-P1-L1,F14,4187,5546,PB000141,PB000141_F14,colo-014,Linsitinib (OSI-906),dmso,0.3,µM,1.0,mM,30.0,nl,40.0,µl,trt,S1091,IGF-1R,Protein Tyrosine Kinase,11640390.0,CC1(O)CC(C1)C2=NC(=C3[N]2C=CN=C3N)C4=CC=C5C=CC(=NC5=C4)C6=CC=CC=C6,PKCDDUHJAFVJJB-UHFFFAOYSA-N,Targeted,Preclinical,HT29,
spher-colo52-v1-ULA-PB000141-HT29-48h-P1-L1,F15,4187,5546,PB000141,PB000141_F15,colo-019,Regorafenib (BAY 73-4506),dmso,3.0,µM,10.0,mM,30.0,nl,40.0,µl,trt,S1178,"c-RET,VEGFR",Protein Tyrosine Kinase,11167602.0,CNC(=O)C1=CC(=CC=N1)OC2=CC(=C(NC(=O)NC3=CC=C(Cl)C(=C3)C(F)(F)F)C=C2)F,FNHKPVJBJVTLMP-UHFFFAOYSA-N,Targeted,Launched,HT29,
spher-colo52-v1-ULA-PB000141-HT29-48h-P1-L1,F16,4187,5546,PB000141,PB000141_F16,colo-002,Veliparib (ABT-888),dmso,0.3,µM,1.0,mM,30.0,nl,40.0,µl,trt,S1004,PARP,DNA Damage,11960529.0,CC1(CCCN1)C2=NC3=C(C=CC=C3[NH]2)C(N)=O,JNAHVYVRKWKWKQ-CYBMUJFWSA-N,Targeted,Phase 3,HT29,PARPi
spher-colo52-v1-ULA-PB000141-HT29-48h-P1-L1,F17,4187,5546,PB000141,PB000141_F17,colo-013,MK-2206 2HCl,dmso,0.3,µM,1.0,mM,30.0,nl,40.0,µl,trt,S1078,Akt,PI3K/Akt/mTOR,46930998.0,Cl.Cl.NC1(CCC1)C2=CC=C(C=C2)C3=C(C=C4C(=N3)C=CN5C(=O)NN=C45)C6=CC=CC=C6,HWUHTJIKQZZBRA-UHFFFAOYSA-N,Targeted,Preclinical,HT29,
spher-colo52-v1-ULA-PB000141-HT29-48h-P1-L1,F18,4187,5546,PB000141,PB000141_F18,colo-006,PD0325901,dmso,10.0,µM,10.0,mM,100.0,nl,40.0,µl,trt,S1036,MEK,MAPK,9826528.0,OCC(O)CONC(=O)C1=C(NC2=CC=C(I)C=C2F)C(=C(F)C=C1)F,SUDAHWBOROXANE-SECBINFHSA-N,Targeted,Phase 2,HT29,
spher-colo52-v1-ULA-PB000141-HT29-48h-P1-L1,F19,4187,5546,PB000141,PB000141_F19,colo-035,Trametinib (GSK1120212),dmso,0.03,µM,0.1,mM,30.0,nl,40.0,µl,trt,S2673,MEK,MAPK,11707110.0,CN1C(=O)C(=C2N(C(=O)N(C3CC3)C(=O)C2=C1NC4=CC=C(I)C=C4F)C5=CC(=CC=C5)NC(C)=O)C,LIRYPHYGHXZJBZ-UHFFFAOYSA-N,Targeted,Launched,HT29,
spher-colo52-v1-ULA-PB000141-HT29-48h-P1-L1,F20,4187,5546,PB000141,PB000141_F20,dmso,dmso,dmso,0.1,µM,100.0,%,100.0,nl,40.0,µl,neg_con,D2438,control,,679.0,CS(=O)C,IAZDPXIOMUYVGZ-UHFFFAOYSA-N,,,HT29,
spher-colo52-v1-ULA-PB000141-HT29-48h-P1-L1,F21,4187,5546,PB000141,PB000141_F21,colo-031,Sapitinib (AZD8931),dmso,0.3,µM,1.0,mM,30.0,nl,40.0,µl,trt,S2192,"EGFR,HER2",Protein Tyrosine Kinase,11488320.0,CNC(=O)CN1CCC(CC1)OC2=C(OC)C=C3N=CN=C(NC4=C(F)C(=CC=C4)Cl)C3=C2,DFJSJLGUIXFDJP-UHFFFAOYSA-N,Targeted,Phase 2,HT29,
spher-colo52-v1-ULA-PB000141-HT29-48h-P1-L1,F22,4187,5546,PB000141,PB000141_F22,colo-018,Paclitaxel,dmso,0.03,µM,0.1,mM,30.0,nl,40.0,µl,trt,S1150,"Autophagy,Microtubule Associated",Cytoskeletal Signaling,441276.0,CC(=O)OC1C(=O)C2(C)C(O)CC3OCC3(OC(C)=O)C2C(OC(=O)C4=CC=CC=C4)C5(O)CC(OC(=O)C(O)C(NC(=O)C6=CC=CC=C6)C7=CC=CC=C7)C(=C1C5(C)C)C,RCINICONZNJXQF-VAZQATRQSA-N,Cytotoxic,Preclinical,HT29,
spher-colo52-v1-ULA-PB000141-HT29-48h-P1-L1,F23,4187,5546,PB000141,PB000141_F23,colo-027,Doramapimod (BIRB 796),dmso,1.0,µM,1.0,mM,100.0,nl,40.0,µl,trt,S1574,p38 MAPK,MAPK,156422.0,CC1=CC=C(C=C1)[N]2N=C(C=C2NC(=O)NC3=CC=C(OCCN4CCOCC4)C5=C3C=CC=C5)C(C)(C)C,MVCOAUNKQVWQHZ-UHFFFAOYSA-N,Targeted,Phase 2,HT29,
spher-colo52-v1-ULA-PB000141-HT29-48h-P1-L1,G02,4187,5546,PB000141,PB000141_G02,dmso,dmso,dmso,0.1,µM,100.0,%,100.0,nl,40.0,µl,neg_con,D2438,control,,679.0,CS(=O)C,IAZDPXIOMUYVGZ-UHFFFAOYSA-N,,,HT29,
spher-colo52-v1-ULA-PB000141-HT29-48h-P1-L1,G03,4187,5546,PB000141,PB000141_G03,colo-006,PD0325901,dmso,10.0,µM,10.0,mM,100.0,nl,40.0,µl,trt,S1036,MEK,MAPK,9826528.0,OCC(O)CONC(=O)C1=C(NC2=CC=C(I)C=C2F)C(=C(F)C=C1)F,SUDAHWBOROXANE-SECBINFHSA-N,Targeted,Phase 2,HT29,
spher-colo52-v1-ULA-PB000141-HT29-48h-P1-L1,G04,4187,5546,PB000141,PB000141_G04,colo-011,Crizotinib (PF-02341066),dmso,10.0,µM,10.0,mM,100.0,nl,40.0,µl,trt,S1068,"ALK,c-Met",Protein Tyrosine Kinase,11626560.0,CC(OC1=C(N)N=CC(=C1)C2=C[N](N=C2)C3CCNCC3)C4=C(Cl)C=CC(=C4Cl)F,KTEIFNKAUNYNJU-GFCCVEGCSA-N,Targeted,Launched,HT29,
spher-colo52-v1-ULA-PB000141-HT29-48h-P1-L1,G05,4187,5546,PB000141,PB000141_G05,colo-015,Triciribine,dmso,1.0,µM,1.0,mM,100.0,nl,40.0,µl,trt,S1117,Akt,PI3K/Akt/mTOR,65399.0,CN1N=C(N)C2=C[N](C3OC(CO)C(O)C3O)C4=C2C1=NC=N4,HOGVTUZUJGHKPL-HTVVRFAVSA-N,Targeted,Phase 1/Phase 2,HT29,
spher-colo52-v1-ULA-PB000141-HT29-48h-P1-L1,G06,4187,5546,PB000141,PB000141_G06,colo-023,Ruxolitinib (INCB018424),dmso,10.0,µM,10.0,mM,100.0,nl,40.0,µl,trt,S1378,JAK,JAK/STAT,25126798.0,N#CCC(C1CCCC1)[N]2C=C(C=N2)C3=NC=NC4=C3C=C[NH]4,HFNKQEVNSGCOJV-OAHLLOKOSA-N,Targeted,Launched,HT29,
spher-colo52-v1-ULA-PB000141-HT29-48h-P1-L1,G07,4187,5546,PB000141,PB000141_G07,colo-012,SB216763,dmso,10.0,µM,10.0,mM,100.0,nl,40.0,µl,trt,S1075,GSK-3,PI3K/Akt/mTOR,176158.0,C[N]1C=C(C2=C1C=CC=C2)C3=C(C(=O)NC3=O)C4=CC=C(Cl)C=C4Cl,JCSGFHVFHSKIJH-UHFFFAOYSA-N,Targeted,Preclinical,HT29,
spher-colo52-v1-ULA-PB000141-HT29-48h-P1-L1,G08,4187,5546,PB000141,PB000141_G08,colo-032,Phenformin HCl,dmso,1.0,µM,1.0,mM,100.0,nl,40.0,µl,trt,S2542,AMPK,PI3K/Akt/mTOR,13266.0,Cl.NC(=N)NC(=N)NCCC1=CC=CC=C1,YSUCWSWKRIOILX-UHFFFAOYSA-N,,Launched,HT29,
spher-colo52-v1-ULA-PB000141-HT29-48h-P1-L1,G09,4187,5546,PB000141,PB000141_G09,colo-028,Gemcitabine,dmso,0.1,µM,0.1,mM,100.0,nl,40.0,µl,trt,S1714,"Autophagy,DNA/RNA Synthesis",DNA Damage,60750.0,NC1=NC(=O)N(C=C1)C2OC(CO)C(O)C2(F)F,SDUQYLNIPVEERB-QPPQHZFASA-N,Cytotoxic,Launched,HT29,Antimetabolite
spher-colo52-v1-ULA-PB000141-HT29-48h-P1-L1,G10,4187,5546,PB000141,PB000141_G10,colo-034,Rabusertib (LY2603618),dmso,3.0,µM,10.0,mM,30.0,nl,40.0,µl,trt,S2626,Chk,Cell Cycle,11955855.0,CC1=NC=C(NC(=O)NC2=C(OCC3CNCCO3)C=C(C)C(=C2)Br)N=C1,SYYBDNPGDKKJDU-ZDUSSCGKSA-N,Targeted,Phase 2,HT29,
spher-colo52-v1-ULA-PB000141-HT29-48h-P1-L1,G11,4187,5546,PB000141,PB000141_G11,colo-015,Triciribine,dmso,0.3,µM,1.0,mM,30.0,nl,40.0,µl,trt,S1117,Akt,PI3K/Akt/mTOR,65399.0,CN1N=C(N)C2=C[N](C3OC(CO)C(O)C3O)C4=C2C1=NC=N4,HOGVTUZUJGHKPL-HTVVRFAVSA-N,Targeted,Phase 1/Phase 2,HT29,
spher-colo52-v1-ULA-PB000141-HT29-48h-P1-L1,G12,4187,5546,PB000141,PB000141_G12,colo-031,Sapitinib (AZD8931),dmso,1.0,µM,1.0,mM,100.0,nl,40.0,µl,trt,S2192,"EGFR,HER2",Protein Tyrosine Kinase,11488320.0,CNC(=O)CN1CCC(CC1)OC2=C(OC)C=C3N=CN=C(NC4=C(F)C(=CC=C4)Cl)C3=C2,DFJSJLGUIXFDJP-UHFFFAOYSA-N,Targeted,Phase 2,HT29,
spher-colo52-v1-ULA-PB000141-HT29-48h-P1-L1,G13,4187,5546,PB000141,PB000141_G13,dmso,dmso,dmso,0.1,µM,100.0,%,100.0,nl,40.0,µl,neg_con,D2438,control,,679.0,CS(=O)C,IAZDPXIOMUYVGZ-UHFFFAOYSA-N,,,HT29,
spher-colo52-v1-ULA-PB000141-HT29-48h-P1-L1,G14,4187,5546,PB000141,PB000141_G14,colo-017,Tanespimycin (17-AAG),dmso,1.0,µM,1.0,mM,100.0,nl,40.0,µl,trt,S1141,HSP (e.g. HSP90),Cytoskeletal Signaling,6505803.0,COC1CC(C)CC2=C(NCC=C)C(=O)C=C(NC(=O)C(=C\C=C/C(OC)C(OC(N)=O)/C(=C/C(C)C1O)C)\C)C2=O,AYUNIORJHRXIBJ-TXHRRWQRSA-N,Targeted,Phase 3,HT29,
spher-colo52-v1-ULA-PB000141-HT29-48h-P1-L1,G15,4187,5546,PB000141,PB000141_G15,colo-009,"Olaparib (AZD2281, Ku-0059436)",dmso,3.0,µM,10.0,mM,30.0,nl,40.0,µl,trt,S1060,PARP,DNA Damage,23725625.0,FC1=C(C=C(CC2=NNC(=O)C3=C2C=CC=C3)C=C1)C(=O)N4CCN(CC4)C(=O)C5CC5,FDLYAMZZIXQODN-UHFFFAOYSA-N,Targeted,Launched,HT29,PARPi
spher-colo52-v1-ULA-PB000141-HT29-48h-P1-L1,G16,4187,5546,PB000141,PB000141_G16,colo-007,PI-103,dmso,3.0,µM,10.0,mM,30.0,nl,40.0,µl,trt,S1038,"Autophagy,DNA-PK,mTOR,PI3K",PI3K/Akt/mTOR,9884685.0,OC1=CC(=CC=C1)C2=NC3=C(OC4=C3C=CC=N4)C(=N2)N5CCOCC5,TUVCWJQQGGETHL-UHFFFAOYSA-N,Targeted,Preclinical,HT29,
spher-colo52-v1-ULA-PB000141-HT29-48h-P1-L1,G17,4187,5546,PB000141,PB000141_G17,colo-004,Bortezomib (PS-341),dmso,0.01,µM,0.01,mM,100.0,nl,40.0,µl,trt,S1013,Proteasome,Proteases,387447.0,CC(C)CC(NC(=O)C(CC1=CC=CC=C1)NC(=O)C2=NC=CN=C2)B(O)O,GXJABQQUPOEUTA-RDJZCZTQSA-N,Targeted,Launched,HT29,
spher-colo52-v1-ULA-PB000141-HT29-48h-P1-L1,G18,4187,5546,PB000141,PB000141_G18,colo-015,Triciribine,dmso,3.0,µM,10.0,mM,30.0,nl,40.0,µl,trt,S1117,Akt,PI3K/Akt/mTOR,65399.0,CN1N=C(N)C2=C[N](C3OC(CO)C(O)C3O)C4=C2C1=NC=N4,HOGVTUZUJGHKPL-HTVVRFAVSA-N,Targeted,Phase 1/Phase 2,HT29,
spher-colo52-v1-ULA-PB000141-HT29-48h-P1-L1,G19,4187,5546,PB000141,PB000141_G19,colo-002,Veliparib (ABT-888),dmso,10.0,µM,10.0,mM,100.0,nl,40.0,µl,trt,S1004,PARP,DNA Damage,11960529.0,CC1(CCCN1)C2=NC3=C(C=CC=C3[NH]2)C(N)=O,JNAHVYVRKWKWKQ-CYBMUJFWSA-N,Targeted,Phase 3,HT29,PARPi
spher-colo52-v1-ULA-PB000141-HT29-48h-P1-L1,G20,4187,5546,PB000141,PB000141_G20,colo-005,Gefitinib (ZD1839),dmso,3.0,µM,10.0,mM,30.0,nl,40.0,µl,trt,S1025,EGFR,Protein Tyrosine Kinase,123631.0,COC1=C(OCCCN2CCOCC2)C=C3C(=NC=NC3=C1)NC4=CC=C(F)C(=C4)Cl,XGALLCVXEZPNRQ-UHFFFAOYSA-N,Targeted,Launched,HT29,
spher-colo52-v1-ULA-PB000141-HT29-48h-P1-L1,G21,4187,5546,PB000141,PB000141_G21,colo-017,Tanespimycin (17-AAG),dmso,0.3,µM,1.0,mM,30.0,nl,40.0,µl,trt,S1141,HSP (e.g. HSP90),Cytoskeletal Signaling,6505803.0,COC1CC(C)CC2=C(NCC=C)C(=O)C=C(NC(=O)C(=C\C=C/C(OC)C(OC(N)=O)/C(=C/C(C)C1O)C)\C)C2=O,AYUNIORJHRXIBJ-TXHRRWQRSA-N,Targeted,Phase 3,HT29,
spher-colo52-v1-ULA-PB000141-HT29-48h-P1-L1,G22,4187,5546,PB000141,PB000141_G22,colo-001,ABT-737,dmso,0.03,µM,0.1,mM,30.0,nl,40.0,µl,trt,S1002,"Bcl-2,Autophagy",Apoptosis,11228183.0,CN(C)CCC(CSC1=CC=CC=C1)NC2=CC=C(C=C2[N+]([O-])=O)[S](=O)(=O)NC(=O)C3=CC=C(C=C3)N4CCN(CC4)CC5=C(C=CC=C5)C6=CC=C(Cl)C=C6,HPLNQCPCUACXLM-PGUFJCEWSA-N,Targeted,Phase 1/Phase 2,HT29,
spher-colo52-v1-ULA-PB000141-HT29-48h-P1-L1,G23,4187,5546,PB000141,PB000141_G23,colo-022,"Vemurafenib (PLX4032, RG7204)",dmso,3.0,µM,10.0,mM,30.0,nl,40.0,µl,trt,S1267,Raf,MAPK,42611257.0,CCC[S](=O)(=O)NC1=CC=C(F)C(=C1F)C(=O)C2=C[NH]C3=NC=C(C=C23)C4=CC=C(Cl)C=C4,GPXBXXGIAQBQNI-UHFFFAOYSA-N,Targeted,Launched,HT29,
spher-colo52-v1-ULA-PB000141-HT29-48h-P1-L1,H02,4187,5546,PB000141,PB000141_H02,colo-020,"Fluorouracil (5-Fluoracil, 5-FU)",dmso,3.0,µM,10.0,mM,30.0,nl,40.0,µl,trt,S1209,DNA/RNA Synthesis,DNA Damage,3385.0,FC1=CNC(=O)NC1=O,GHASVSINZRGABV-UHFFFAOYSA-N,Cytotoxic,Launched,HT29,Antimetabolite
spher-colo52-v1-ULA-PB000141-HT29-48h-P1-L1,H03,4187,5546,PB000141,PB000141_H03,colo-016,BMS-754807,dmso,1.0,µM,1.0,mM,100.0,nl,40.0,µl,trt,S1124,"c-Met,IGF-1R,Trk receptor",Protein Tyrosine Kinase,24785538.0,CC1(CCCN1C2=N[N]3C=CC=C3C(=N2)NC4=N[NH]C(=C4)C5CC5)C(=O)NC6=CC=C(F)N=C6,LQVXSNNAFNGRAH-QHCPKHFHSA-N,Targeted,Phase 2,HT29,
spher-colo52-v1-ULA-PB000141-HT29-48h-P1-L1,H04,4187,5546,PB000141,PB000141_H04,colo-029,Trifluridine,dmso,10.0,µM,10.0,mM,100.0,nl,40.0,µl,trt,S1778,DNA/RNA Synthesis,DNA Damage,6256.0,OCC1OC(CC1O)N2C=C(C(=O)NC2=O)C(F)(F)F,VSQQQLOSPVPRAZ-RRKCRQDMSA-N,Cytotoxic,Launched,HT29,Antimetabolite
spher-colo52-v1-ULA-PB000141-HT29-48h-P1-L1,H05,4187,5546,PB000141,PB000141_H05,colo-021,Temozolomide,dmso,0.3,µM,1.0,mM,30.0,nl,40.0,µl,trt,S1237,"DNA/RNA Synthesis,Autophagy",DNA Damage,5394.0,CN1N=NC2=C(N=C[N]2C1=O)C(N)=O,BPEGJWRSRHCHSN-UHFFFAOYSA-N,Cytotoxic,Launched,HT29,Alkylator
spher-colo52-v1-ULA-PB000141-HT29-48h-P1-L1,H06,4187,5546,PB000141,PB000141_H06,colo-018,Paclitaxel,dmso,0.03,µM,0.1,mM,30.0,nl,40.0,µl,trt,S1150,"Autophagy,Microtubule Associated",Cytoskeletal Signaling,441276.0,CC(=O)OC1C(=O)C2(C)C(O)CC3OCC3(OC(C)=O)C2C(OC(=O)C4=CC=CC=C4)C5(O)CC(OC(=O)C(O)C(NC(=O)C6=CC=CC=C6)C7=CC=CC=C7)C(=C1C5(C)C)C,RCINICONZNJXQF-VAZQATRQSA-N,Cytotoxic,Preclinical,HT29,
spher-colo52-v1-ULA-PB000141-HT29-48h-P1-L1,H07,4187,5546,PB000141,PB000141_H07,colo-019,Regorafenib (BAY 73-4506),dmso,1.0,µM,1.0,mM,100.0,nl,40.0,µl,trt,S1178,"c-RET,VEGFR",Protein Tyrosine Kinase,11167602.0,CNC(=O)C1=CC(=CC=N1)OC2=CC(=C(NC(=O)NC3=CC=C(Cl)C(=C3)C(F)(F)F)C=C2)F,FNHKPVJBJVTLMP-UHFFFAOYSA-N,Targeted,Launched,HT29,
spher-colo52-v1-ULA-PB000141-HT29-48h-P1-L1,H08,4187,5546,PB000141,PB000141_H08,colo-029,Trifluridine,dmso,3.0,µM,10.0,mM,30.0,nl,40.0,µl,trt,S1778,DNA/RNA Synthesis,DNA Damage,6256.0,OCC1OC(CC1O)N2C=C(C(=O)NC2=O)C(F)(F)F,VSQQQLOSPVPRAZ-RRKCRQDMSA-N,Cytotoxic,Launched,HT29,Antimetabolite
spher-colo52-v1-ULA-PB000141-HT29-48h-P1-L1,H09,4187,5546,PB000141,PB000141_H09,colo-025,AZD7762,dmso,3.0,µM,10.0,mM,30.0,nl,40.0,µl,trt,S1532,Chk,Cell Cycle,11152667.0,NC(=O)NC1=C(SC(=C1)C2=CC(=CC=C2)F)C(=O)NC3CCCNC3,IAYGCINLNONXHY-LBPRGKRZSA-N,Targeted,Phase 1,HT29,
spher-colo52-v1-ULA-PB000141-HT29-48h-P1-L1,H10,4187,5546,PB000141,PB000141_H10,dmso,dmso,dmso,0.1,µM,100.0,%,100.0,nl,40.0,µl,neg_con,D2438,control,,679.0,CS(=O)C,IAZDPXIOMUYVGZ-UHFFFAOYSA-N,,,HT29,
spher-colo52-v1-ULA-PB000141-HT29-48h-P1-L1,H11,4187,5546,PB000141,PB000141_H11,colo-017,Tanespimycin (17-AAG),dmso,0.3,µM,1.0,mM,30.0,nl,40.0,µl,trt,S1141,HSP (e.g. HSP90),Cytoskeletal Signaling,6505803.0,COC1CC(C)CC2=C(NCC=C)C(=O)C=C(NC(=O)C(=C\C=C/C(OC)C(OC(N)=O)/C(=C/C(C)C1O)C)\C)C2=O,AYUNIORJHRXIBJ-TXHRRWQRSA-N,Targeted,Phase 3,HT29,
spher-colo52-v1-ULA-PB000141-HT29-48h-P1-L1,H12,4187,5546,PB000141,PB000141_H12,colo-002,Veliparib (ABT-888),dmso,0.3,µM,1.0,mM,30.0,nl,40.0,µl,trt,S1004,PARP,DNA Damage,11960529.0,CC1(CCCN1)C2=NC3=C(C=CC=C3[NH]2)C(N)=O,JNAHVYVRKWKWKQ-CYBMUJFWSA-N,Targeted,Phase 3,HT29,PARPi
spher-colo52-v1-ULA-PB000141-HT29-48h-P1-L1,H13,4187,5546,PB000141,PB000141_H13,colo-014,Linsitinib (OSI-906),dmso,10.0,µM,10.0,mM,100.0,nl,40.0,µl,trt,S1091,IGF-1R,Protein Tyrosine Kinase,11640390.0,CC1(O)CC(C1)C2=NC(=C3[N]2C=CN=C3N)C4=CC=C5C=CC(=NC5=C4)C6=CC=CC=C6,PKCDDUHJAFVJJB-UHFFFAOYSA-N,Targeted,Preclinical,HT29,
spher-colo52-v1-ULA-PB000141-HT29-48h-P1-L1,H14,4187,5546,PB000141,PB000141_H14,colo-032,Phenformin HCl,dmso,0.3,µM,1.0,mM,30.0,nl,40.0,µl,trt,S2542,AMPK,PI3K/Akt/mTOR,13266.0,Cl.NC(=N)NC(=N)NCCC1=CC=CC=C1,YSUCWSWKRIOILX-UHFFFAOYSA-N,,Launched,HT29,
spher-colo52-v1-ULA-PB000141-HT29-48h-P1-L1,H15,4187,5546,PB000141,PB000141_H15,colo-010,Nutlin-3,dmso,0.3,µM,1.0,mM,30.0,nl,40.0,µl,trt,S1061,"E3 Ligase ,Mdm2",Apoptosis,216345.0,COC1=CC(=C(C=C1)C2=NC(C(N2C(=O)N3CCNC(=O)C3)C4=CC=C(Cl)C=C4)C5=CC=C(Cl)C=C5)OC(C)C,BDUHCSBCVGXTJM-UHFFFAOYSA-N,Targeted,Preclinical,HT29,
spher-colo52-v1-ULA-PB000141-HT29-48h-P1-L1,H16,4187,5546,PB000141,PB000141_H16,colo-026,AZD8055,dmso,0.3,µM,1.0,mM,30.0,nl,40.0,µl,trt,S1555,mTOR,PI3K/Akt/mTOR,25262965.0,COC1=C(CO)C=C(C=C1)C2=NC3=C(C=C2)C(=NC(=N3)N4CCOCC4C)N5CCOCC5C,KVLFRAWTRWDEDF-IRXDYDNUSA-N,Targeted,Phase 1,HT29,
spher-colo52-v1-ULA-PB000141-HT29-48h-P1-L1,H17,4187,5546,PB000141,PB000141_H17,dmso,dmso,dmso,0.1,µM,100.0,%,100.0,nl,40.0,µl,neg_con,D2438,control,,679.0,CS(=O)C,IAZDPXIOMUYVGZ-UHFFFAOYSA-N,,,HT29,
spher-colo52-v1-ULA-PB000141-HT29-48h-P1-L1,H18,4187,5546,PB000141,PB000141_H18,colo-030,SB505124,dmso,1.0,µM,1.0,mM,100.0,nl,40.0,µl,trt,S2186,TGF-beta/Smad,TGF-beta/Smad,9858940.0,CC1=CC=CC(=N1)C2=C(N=C([NH]2)C(C)(C)C)C3=CC4=C(OCO4)C=C3,WGZOTBUYUFBEPZ-UHFFFAOYSA-N,Targeted,Preclinical,HT29,
spher-colo52-v1-ULA-PB000141-HT29-48h-P1-L1,H19,4187,5546,PB000141,PB000141_H19,colo-021,Temozolomide,dmso,3.0,µM,10.0,mM,30.0,nl,40.0,µl,trt,S1237,"DNA/RNA Synthesis,Autophagy",DNA Damage,5394.0,CN1N=NC2=C(N=C[N]2C1=O)C(N)=O,BPEGJWRSRHCHSN-UHFFFAOYSA-N,Cytotoxic,Launched,HT29,Alkylator
spher-colo52-v1-ULA-PB000141-HT29-48h-P1-L1,H20,4187,5546,PB000141,PB000141_H20,colo-030,SB505124,dmso,0.3,µM,1.0,mM,30.0,nl,40.0,µl,trt,S2186,TGF-beta/Smad,TGF-beta/Smad,9858940.0,CC1=CC=CC(=N1)C2=C(N=C([NH]2)C(C)(C)C)C3=CC4=C(OCO4)C=C3,WGZOTBUYUFBEPZ-UHFFFAOYSA-N,Targeted,Preclinical,HT29,
spher-colo52-v1-ULA-PB000141-HT29-48h-P1-L1,H21,4187,5546,PB000141,PB000141_H21,colo-021,Temozolomide,dmso,0.3,µM,1.0,mM,30.0,nl,40.0,µl,trt,S1237,"DNA/RNA Synthesis,Autophagy",DNA Damage,5394.0,CN1N=NC2=C(N=C[N]2C1=O)C(N)=O,BPEGJWRSRHCHSN-UHFFFAOYSA-N,Cytotoxic,Launched,HT29,Alkylator
spher-colo52-v1-ULA-PB000141-HT29-48h-P1-L1,H22,4187,5546,PB000141,PB000141_H22,colo-008,"Vorinostat (SAHA, MK0683)",dmso,1.0,µM,1.0,mM,100.0,nl,40.0,µl,trt,S1047,"Autophagy,HDAC",Epigenetics,5311.0,ONC(=O)CCCCCCC(=O)NC1=CC=CC=C1,WAEXFXRVDQXREF-UHFFFAOYSA-N,Targeted,Launched,HT29,
spher-colo52-v1-ULA-PB000141-HT29-48h-P1-L1,H23,4187,5546,PB000141,PB000141_H23,colo-015,Triciribine,dmso,3.0,µM,10.0,mM,30.0,nl,40.0,µl,trt,S1117,Akt,PI3K/Akt/mTOR,65399.0,CN1N=C(N)C2=C[N](C3OC(CO)C(O)C3O)C4=C2C1=NC=N4,HOGVTUZUJGHKPL-HTVVRFAVSA-N,Targeted,Phase 1/Phase 2,HT29,
spher-colo52-v1-ULA-PB000141-HT29-48h-P1-L1,I02,4187,5546,PB000141,PB000141_I02,colo-023,Ruxolitinib (INCB018424),dmso,10.0,µM,10.0,mM,100.0,nl,40.0,µl,trt,S1378,JAK,JAK/STAT,25126798.0,N#CCC(C1CCCC1)[N]2C=C(C=N2)C3=NC=NC4=C3C=C[NH]4,HFNKQEVNSGCOJV-OAHLLOKOSA-N,Targeted,Launched,HT29,
spher-colo52-v1-ULA-PB000141-HT29-48h-P1-L1,I03,4187,5546,PB000141,PB000141_I03,colo-024,Adavosertib （MK-1775）,dmso,0.3,µM,1.0,mM,30.0,nl,40.0,µl,trt,S1525,Wee1,Cell Cycle,24856436.0,CN1CCN(CC1)C2=CC=C(NC3=NC4=C(C=N3)C(=O)N(CC=C)N4C5=NC(=CC=C5)C(C)(C)O)C=C2,BKWJAKQVGHWELA-UHFFFAOYSA-N,Targeted,Phase 2,HT29,
spher-colo52-v1-ULA-PB000141-HT29-48h-P1-L1,I04,4187,5546,PB000141,PB000141_I04,colo-026,AZD8055,dmso,1.0,µM,1.0,mM,100.0,nl,40.0,µl,trt,S1555,mTOR,PI3K/Akt/mTOR,25262965.0,COC1=C(CO)C=C(C=C1)C2=NC3=C(C=C2)C(=NC(=N3)N4CCOCC4C)N5CCOCC5C,KVLFRAWTRWDEDF-IRXDYDNUSA-N,Targeted,Phase 1,HT29,
spher-colo52-v1-ULA-PB000141-HT29-48h-P1-L1,I05,4187,5546,PB000141,PB000141_I05,colo-019,Regorafenib (BAY 73-4506),dmso,0.3,µM,1.0,mM,30.0,nl,40.0,µl,trt,S1178,"c-RET,VEGFR",Protein Tyrosine Kinase,11167602.0,CNC(=O)C1=CC(=CC=N1)OC2=CC(=C(NC(=O)NC3=CC=C(Cl)C(=C3)C(F)(F)F)C=C2)F,FNHKPVJBJVTLMP-UHFFFAOYSA-N,Targeted,Launched,HT29,
spher-colo52-v1-ULA-PB000141-HT29-48h-P1-L1,I06,4187,5546,PB000141,PB000141_I06,fenb,fenb,dmso,2.5,µM,10.0,mM,25.0,nl,40.0,µl,pos_con,F0040000,tubulin beta chain,,3334.0,COC(=O)NC1=NC2=C(N1)C=C(C=C2)SC3=CC=CC=C3,HDDSHPAODJUKPD-UHFFFAOYSA-N,,,HT29,
spher-colo52-v1-ULA-PB000141-HT29-48h-P1-L1,I07,4187,5546,PB000141,PB000141_I07,colo-031,Sapitinib (AZD8931),dmso,10.0,µM,10.0,mM,100.0,nl,40.0,µl,trt,S2192,"EGFR,HER2",Protein Tyrosine Kinase,11488320.0,CNC(=O)CN1CCC(CC1)OC2=C(OC)C=C3N=CN=C(NC4=C(F)C(=CC=C4)Cl)C3=C2,DFJSJLGUIXFDJP-UHFFFAOYSA-N,Targeted,Phase 2,HT29,
spher-colo52-v1-ULA-PB000141-HT29-48h-P1-L1,I08,4187,5546,PB000141,PB000141_I08,colo-028,Gemcitabine,dmso,0.03,µM,0.1,mM,30.0,nl,40.0,µl,trt,S1714,"Autophagy,DNA/RNA Synthesis",DNA Damage,60750.0,NC1=NC(=O)N(C=C1)C2OC(CO)C(O)C2(F)F,SDUQYLNIPVEERB-QPPQHZFASA-N,Cytotoxic,Launched,HT29,Antimetabolite
spher-colo52-v1-ULA-PB000141-HT29-48h-P1-L1,I09,4187,5546,PB000141,PB000141_I09,colo-001,ABT-737,dmso,1.0,µM,1.0,mM,100.0,nl,40.0,µl,trt,S1002,"Bcl-2,Autophagy",Apoptosis,11228183.0,CN(C)CCC(CSC1=CC=CC=C1)NC2=CC=C(C=C2[N+]([O-])=O)[S](=O)(=O)NC(=O)C3=CC=C(C=C3)N4CCN(CC4)CC5=C(C=CC=C5)C6=CC=C(Cl)C=C6,HPLNQCPCUACXLM-PGUFJCEWSA-N,Targeted,Phase 1/Phase 2,HT29,
spher-colo52-v1-ULA-PB000141-HT29-48h-P1-L1,I10,4187,5546,PB000141,PB000141_I10,colo-022,"Vemurafenib (PLX4032, RG7204)",dmso,10.0,µM,10.0,mM,100.0,nl,40.0,µl,trt,S1267,Raf,MAPK,42611257.0,CCC[S](=O)(=O)NC1=CC=C(F)C(=C1F)C(=O)C2=C[NH]C3=NC=C(C=C23)C4=CC=C(Cl)C=C4,GPXBXXGIAQBQNI-UHFFFAOYSA-N,Targeted,Launched,HT29,
spher-colo52-v1-ULA-PB000141-HT29-48h-P1-L1,I11,4187,5546,PB000141,PB000141_I11,colo-008,"Vorinostat (SAHA, MK0683)",dmso,3.0,µM,10.0,mM,30.0,nl,40.0,µl,trt,S1047,"Autophagy,HDAC",Epigenetics,5311.0,ONC(=O)CCCCCCC(=O)NC1=CC=CC=C1,WAEXFXRVDQXREF-UHFFFAOYSA-N,Targeted,Launched,HT29,
spher-colo52-v1-ULA-PB000141-HT29-48h-P1-L1,I12,4187,5546,PB000141,PB000141_I12,colo-031,Sapitinib (AZD8931),dmso,10.0,µM,10.0,mM,100.0,nl,40.0,µl,trt,S2192,"EGFR,HER2",Protein Tyrosine Kinase,11488320.0,CNC(=O)CN1CCC(CC1)OC2=C(OC)C=C3N=CN=C(NC4=C(F)C(=CC=C4)Cl)C3=C2,DFJSJLGUIXFDJP-UHFFFAOYSA-N,Targeted,Phase 2,HT29,
spher-colo52-v1-ULA-PB000141-HT29-48h-P1-L1,I13,4187,5546,PB000141,PB000141_I13,colo-013,MK-2206 2HCl,dmso,10.0,µM,10.0,mM,100.0,nl,40.0,µl,trt,S1078,Akt,PI3K/Akt/mTOR,46930998.0,Cl.Cl.NC1(CCC1)C2=CC=C(C=C2)C3=C(C=C4C(=N3)C=CN5C(=O)NN=C45)C6=CC=CC=C6,HWUHTJIKQZZBRA-UHFFFAOYSA-N,Targeted,Preclinical,HT29,
spher-colo52-v1-ULA-PB000141-HT29-48h-P1-L1,I14,4187,5546,PB000141,PB000141_I14,colo-008,"Vorinostat (SAHA, MK0683)",dmso,1.0,µM,1.0,mM,100.0,nl,40.0,µl,trt,S1047,"Autophagy,HDAC",Epigenetics,5311.0,ONC(=O)CCCCCCC(=O)NC1=CC=CC=C1,WAEXFXRVDQXREF-UHFFFAOYSA-N,Targeted,Launched,HT29,
spher-colo52-v1-ULA-PB000141-HT29-48h-P1-L1,I15,4187,5546,PB000141,PB000141_I15,colo-001,ABT-737,dmso,0.3,µM,1.0,mM,30.0,nl,40.0,µl,trt,S1002,"Bcl-2,Autophagy",Apoptosis,11228183.0,CN(C)CCC(CSC1=CC=CC=C1)NC2=CC=C(C=C2[N+]([O-])=O)[S](=O)(=O)NC(=O)C3=CC=C(C=C3)N4CCN(CC4)CC5=C(C=CC=C5)C6=CC=C(Cl)C=C6,HPLNQCPCUACXLM-PGUFJCEWSA-N,Targeted,Phase 1/Phase 2,HT29,
spher-colo52-v1-ULA-PB000141-HT29-48h-P1-L1,I16,4187,5546,PB000141,PB000141_I16,colo-014,Linsitinib (OSI-906),dmso,10.0,µM,10.0,mM,100.0,nl,40.0,µl,trt,S1091,IGF-1R,Protein Tyrosine Kinase,11640390.0,CC1(O)CC(C1)C2=NC(=C3[N]2C=CN=C3N)C4=CC=C5C=CC(=NC5=C4)C6=CC=CC=C6,PKCDDUHJAFVJJB-UHFFFAOYSA-N,Targeted,Preclinical,HT29,
spher-colo52-v1-ULA-PB000141-HT29-48h-P1-L1,I17,4187,5546,PB000141,PB000141_I17,colo-029,Trifluridine,dmso,1.0,µM,1.0,mM,100.0,nl,40.0,µl,trt,S1778,DNA/RNA Synthesis,DNA Damage,6256.0,OCC1OC(CC1O)N2C=C(C(=O)NC2=O)C(F)(F)F,VSQQQLOSPVPRAZ-RRKCRQDMSA-N,Cytotoxic,Launched,HT29,Antimetabolite
spher-colo52-v1-ULA-PB000141-HT29-48h-P1-L1,I18,4187,5546,PB000141,PB000141_I18,colo-028,Gemcitabine,dmso,0.03,µM,0.1,mM,30.0,nl,40.0,µl,trt,S1714,"Autophagy,DNA/RNA Synthesis",DNA Damage,60750.0,NC1=NC(=O)N(C=C1)C2OC(CO)C(O)C2(F)F,SDUQYLNIPVEERB-QPPQHZFASA-N,Cytotoxic,Launched,HT29,Antimetabolite
spher-colo52-v1-ULA-PB000141-HT29-48h-P1-L1,I19,4187,5546,PB000141,PB000141_I19,colo-025,AZD7762,dmso,1.0,µM,1.0,mM,100.0,nl,40.0,µl,trt,S1532,Chk,Cell Cycle,11152667.0,NC(=O)NC1=C(SC(=C1)C2=CC(=CC=C2)F)C(=O)NC3CCCNC3,IAYGCINLNONXHY-LBPRGKRZSA-N,Targeted,Phase 1,HT29,
spher-colo52-v1-ULA-PB000141-HT29-48h-P1-L1,I20,4187,5546,PB000141,PB000141_I20,colo-032,Phenformin HCl,dmso,1.0,µM,1.0,mM,100.0,nl,40.0,µl,trt,S2542,AMPK,PI3K/Akt/mTOR,13266.0,Cl.NC(=N)NC(=N)NCCC1=CC=CC=C1,YSUCWSWKRIOILX-UHFFFAOYSA-N,,Launched,HT29,
spher-colo52-v1-ULA-PB000141-HT29-48h-P1-L1,I21,4187,5546,PB000141,PB000141_I21,dmso,dmso,dmso,0.1,µM,100.0,%,100.0,nl,40.0,µl,neg_con,D2438,control,,679.0,CS(=O)C,IAZDPXIOMUYVGZ-UHFFFAOYSA-N,,,HT29,
spher-colo52-v1-ULA-PB000141-HT29-48h-P1-L1,I22,4187,5546,PB000141,PB000141_I22,colo-016,BMS-754807,dmso,3.0,µM,10.0,mM,30.0,nl,40.0,µl,trt,S1124,"c-Met,IGF-1R,Trk receptor",Protein Tyrosine Kinase,24785538.0,CC1(CCCN1C2=N[N]3C=CC=C3C(=N2)NC4=N[NH]C(=C4)C5CC5)C(=O)NC6=CC=C(F)N=C6,LQVXSNNAFNGRAH-QHCPKHFHSA-N,Targeted,Phase 2,HT29,
spher-colo52-v1-ULA-PB000141-HT29-48h-P1-L1,I23,4187,5546,PB000141,PB000141_I23,colo-034,Rabusertib (LY2603618),dmso,10.0,µM,10.0,mM,100.0,nl,40.0,µl,trt,S2626,Chk,Cell Cycle,11955855.0,CC1=NC=C(NC(=O)NC2=C(OCC3CNCCO3)C=C(C)C(=C2)Br)N=C1,SYYBDNPGDKKJDU-ZDUSSCGKSA-N,Targeted,Phase 2,HT29,
spher-colo52-v1-ULA-PB000141-HT29-48h-P1-L1,J02,4187,5546,PB000141,PB000141_J02,colo-021,Temozolomide,dmso,3.0,µM,10.0,mM,30.0,nl,40.0,µl,trt,S1237,"DNA/RNA Synthesis,Autophagy",DNA Damage,5394.0,CN1N=NC2=C(N=C[N]2C1=O)C(N)=O,BPEGJWRSRHCHSN-UHFFFAOYSA-N,Cytotoxic,Launched,HT29,Alkylator
spher-colo52-v1-ULA-PB000141-HT29-48h-P1-L1,J03,4187,5546,PB000141,PB000141_J03,dmso,dmso,dmso,0.1,µM,100.0,%,100.0,nl,40.0,µl,neg_con,D2438,control,,679.0,CS(=O)C,IAZDPXIOMUYVGZ-UHFFFAOYSA-N,,,HT29,
spher-colo52-v1-ULA-PB000141-HT29-48h-P1-L1,J04,4187,5546,PB000141,PB000141_J04,colo-017,Tanespimycin (17-AAG),dmso,1.0,µM,1.0,mM,100.0,nl,40.0,µl,trt,S1141,HSP (e.g. HSP90),Cytoskeletal Signaling,6505803.0,COC1CC(C)CC2=C(NCC=C)C(=O)C=C(NC(=O)C(=C\C=C/C(OC)C(OC(N)=O)/C(=C/C(C)C1O)C)\C)C2=O,AYUNIORJHRXIBJ-TXHRRWQRSA-N,Targeted,Phase 3,HT29,
spher-colo52-v1-ULA-PB000141-HT29-48h-P1-L1,J05,4187,5546,PB000141,PB000141_J05,colo-028,Gemcitabine,dmso,0.3,µM,1.0,mM,30.0,nl,40.0,µl,trt,S1714,"Autophagy,DNA/RNA Synthesis",DNA Damage,60750.0,NC1=NC(=O)N(C=C1)C2OC(CO)C(O)C2(F)F,SDUQYLNIPVEERB-QPPQHZFASA-N,Cytotoxic,Launched,HT29,Antimetabolite
spher-colo52-v1-ULA-PB000141-HT29-48h-P1-L1,J06,4187,5546,PB000141,PB000141_J06,colo-035,Trametinib (GSK1120212),dmso,1.0,µM,1.0,mM,100.0,nl,40.0,µl,trt,S2673,MEK,MAPK,11707110.0,CN1C(=O)C(=C2N(C(=O)N(C3CC3)C(=O)C2=C1NC4=CC=C(I)C=C4F)C5=CC(=CC=C5)NC(C)=O)C,LIRYPHYGHXZJBZ-UHFFFAOYSA-N,Targeted,Launched,HT29,
spher-colo52-v1-ULA-PB000141-HT29-48h-P1-L1,J07,4187,5546,PB000141,PB000141_J07,colo-024,Adavosertib （MK-1775）,dmso,10.0,µM,10.0,mM,100.0,nl,40.0,µl,trt,S1525,Wee1,Cell Cycle,24856436.0,CN1CCN(CC1)C2=CC=C(NC3=NC4=C(C=N3)C(=O)N(CC=C)N4C5=NC(=CC=C5)C(C)(C)O)C=C2,BKWJAKQVGHWELA-UHFFFAOYSA-N,Targeted,Phase 2,HT29,
spher-colo52-v1-ULA-PB000141-HT29-48h-P1-L1,J08,4187,5546,PB000141,PB000141_J08,colo-005,Gefitinib (ZD1839),dmso,1.0,µM,1.0,mM,100.0,nl,40.0,µl,trt,S1025,EGFR,Protein Tyrosine Kinase,123631.0,COC1=C(OCCCN2CCOCC2)C=C3C(=NC=NC3=C1)NC4=CC=C(F)C(=C4)Cl,XGALLCVXEZPNRQ-UHFFFAOYSA-N,Targeted,Launched,HT29,
spher-colo52-v1-ULA-PB000141-HT29-48h-P1-L1,J09,4187,5546,PB000141,PB000141_J09,colo-003,Afatinib (BIBW2992),dmso,3.0,µM,10.0,mM,30.0,nl,40.0,µl,trt,S1011,"EGFR,HER2",Protein Tyrosine Kinase,10184653.0,CN(C)C/C=C/C(=O)NC1=CC2=C(NC3=CC=C(F)C(=C3)Cl)N=CN=C2C=C1OC4CCOC4,ULXXDDBFHOBEHA-CWDCEQMOSA-N,Targeted,Launched,HT29,
spher-colo52-v1-ULA-PB000141-HT29-48h-P1-L1,J10,4187,5546,PB000141,PB000141_J10,colo-018,Paclitaxel,dmso,0.1,µM,0.1,mM,100.0,nl,40.0,µl,trt,S1150,"Autophagy,Microtubule Associated",Cytoskeletal Signaling,441276.0,CC(=O)OC1C(=O)C2(C)C(O)CC3OCC3(OC(C)=O)C2C(OC(=O)C4=CC=CC=C4)C5(O)CC(OC(=O)C(O)C(NC(=O)C6=CC=CC=C6)C7=CC=CC=C7)C(=C1C5(C)C)C,RCINICONZNJXQF-VAZQATRQSA-N,Cytotoxic,Preclinical,HT29,
spher-colo52-v1-ULA-PB000141-HT29-48h-P1-L1,J11,4187,5546,PB000141,PB000141_J11,colo-024,Adavosertib （MK-1775）,dmso,0.3,µM,1.0,mM,30.0,nl,40.0,µl,trt,S1525,Wee1,Cell Cycle,24856436.0,CN1CCN(CC1)C2=CC=C(NC3=NC4=C(C=N3)C(=O)N(CC=C)N4C5=NC(=CC=C5)C(C)(C)O)C=C2,BKWJAKQVGHWELA-UHFFFAOYSA-N,Targeted,Phase 2,HT29,
spher-colo52-v1-ULA-PB000141-HT29-48h-P1-L1,J12,4187,5546,PB000141,PB000141_J12,colo-019,Regorafenib (BAY 73-4506),dmso,10.0,µM,10.0,mM,100.0,nl,40.0,µl,trt,S1178,"c-RET,VEGFR",Protein Tyrosine Kinase,11167602.0,CNC(=O)C1=CC(=CC=N1)OC2=CC(=C(NC(=O)NC3=CC=C(Cl)C(=C3)C(F)(F)F)C=C2)F,FNHKPVJBJVTLMP-UHFFFAOYSA-N,Targeted,Launched,HT29,
spher-colo52-v1-ULA-PB000141-HT29-48h-P1-L1,J13,4187,5546,PB000141,PB000141_J13,colo-025,AZD7762,dmso,1.0,µM,1.0,mM,100.0,nl,40.0,µl,trt,S1532,Chk,Cell Cycle,11152667.0,NC(=O)NC1=C(SC(=C1)C2=CC(=CC=C2)F)C(=O)NC3CCCNC3,IAYGCINLNONXHY-LBPRGKRZSA-N,Targeted,Phase 1,HT29,
spher-colo52-v1-ULA-PB000141-HT29-48h-P1-L1,J14,4187,5546,PB000141,PB000141_J14,dmso,dmso,dmso,0.1,µM,100.0,%,100.0,nl,40.0,µl,neg_con,D2438,control,,679.0,CS(=O)C,IAZDPXIOMUYVGZ-UHFFFAOYSA-N,,,HT29,
spher-colo52-v1-ULA-PB000141-HT29-48h-P1-L1,J15,4187,5546,PB000141,PB000141_J15,colo-022,"Vemurafenib (PLX4032, RG7204)",dmso,1.0,µM,1.0,mM,100.0,nl,40.0,µl,trt,S1267,Raf,MAPK,42611257.0,CCC[S](=O)(=O)NC1=CC=C(F)C(=C1F)C(=O)C2=C[NH]C3=NC=C(C=C23)C4=CC=C(Cl)C=C4,GPXBXXGIAQBQNI-UHFFFAOYSA-N,Targeted,Launched,HT29,
spher-colo52-v1-ULA-PB000141-HT29-48h-P1-L1,J16,4187,5546,PB000141,PB000141_J16,colo-013,MK-2206 2HCl,dmso,1.0,µM,1.0,mM,100.0,nl,40.0,µl,trt,S1078,Akt,PI3K/Akt/mTOR,46930998.0,Cl.Cl.NC1(CCC1)C2=CC=C(C=C2)C3=C(C=C4C(=N3)C=CN5C(=O)NN=C45)C6=CC=CC=C6,HWUHTJIKQZZBRA-UHFFFAOYSA-N,Targeted,Preclinical,HT29,
spher-colo52-v1-ULA-PB000141-HT29-48h-P1-L1,J17,4187,5546,PB000141,PB000141_J17,colo-003,Afatinib (BIBW2992),dmso,1.0,µM,1.0,mM,100.0,nl,40.0,µl,trt,S1011,"EGFR,HER2",Protein Tyrosine Kinase,10184653.0,CN(C)C/C=C/C(=O)NC1=CC2=C(NC3=CC=C(F)C(=C3)Cl)N=CN=C2C=C1OC4CCOC4,ULXXDDBFHOBEHA-CWDCEQMOSA-N,Targeted,Launched,HT29,
spher-colo52-v1-ULA-PB000141-HT29-48h-P1-L1,J18,4187,5546,PB000141,PB000141_J18,colo-013,MK-2206 2HCl,dmso,10.0,µM,10.0,mM,100.0,nl,40.0,µl,trt,S1078,Akt,PI3K/Akt/mTOR,46930998.0,Cl.Cl.NC1(CCC1)C2=CC=C(C=C2)C3=C(C=C4C(=N3)C=CN5C(=O)NN=C45)C6=CC=CC=C6,HWUHTJIKQZZBRA-UHFFFAOYSA-N,Targeted,Preclinical,HT29,
spher-colo52-v1-ULA-PB000141-HT29-48h-P1-L1,J19,4187,5546,PB000141,PB000141_J19,colo-004,Bortezomib (PS-341),dmso,0.003,µM,0.01,mM,30.0,nl,40.0,µl,trt,S1013,Proteasome,Proteases,387447.0,CC(C)CC(NC(=O)C(CC1=CC=CC=C1)NC(=O)C2=NC=CN=C2)B(O)O,GXJABQQUPOEUTA-RDJZCZTQSA-N,Targeted,Launched,HT29,
spher-colo52-v1-ULA-PB000141-HT29-48h-P1-L1,J20,4187,5546,PB000141,PB000141_J20,colo-005,Gefitinib (ZD1839),dmso,0.3,µM,1.0,mM,30.0,nl,40.0,µl,trt,S1025,EGFR,Protein Tyrosine Kinase,123631.0,COC1=C(OCCCN2CCOCC2)C=C3C(=NC=NC3=C1)NC4=CC=C(F)C(=C4)Cl,XGALLCVXEZPNRQ-UHFFFAOYSA-N,Targeted,Launched,HT29,
spher-colo52-v1-ULA-PB000141-HT29-48h-P1-L1,J21,4187,5546,PB000141,PB000141_J21,colo-001,ABT-737,dmso,0.3,µM,1.0,mM,30.0,nl,40.0,µl,trt,S1002,"Bcl-2,Autophagy",Apoptosis,11228183.0,CN(C)CCC(CSC1=CC=CC=C1)NC2=CC=C(C=C2[N+]([O-])=O)[S](=O)(=O)NC(=O)C3=CC=C(C=C3)N4CCN(CC4)CC5=C(C=CC=C5)C6=CC=C(Cl)C=C6,HPLNQCPCUACXLM-PGUFJCEWSA-N,Targeted,Phase 1/Phase 2,HT29,
spher-colo52-v1-ULA-PB000141-HT29-48h-P1-L1,J22,4187,5546,PB000141,PB000141_J22,colo-011,Crizotinib (PF-02341066),dmso,3.0,µM,10.0,mM,30.0,nl,40.0,µl,trt,S1068,"ALK,c-Met",Protein Tyrosine Kinase,11626560.0,CC(OC1=C(N)N=CC(=C1)C2=C[N](N=C2)C3CCNCC3)C4=C(Cl)C=CC(=C4Cl)F,KTEIFNKAUNYNJU-GFCCVEGCSA-N,Targeted,Launched,HT29,
spher-colo52-v1-ULA-PB000141-HT29-48h-P1-L1,J23,4187,5546,PB000141,PB000141_J23,colo-022,"Vemurafenib (PLX4032, RG7204)",dmso,0.3,µM,1.0,mM,30.0,nl,40.0,µl,trt,S1267,Raf,MAPK,42611257.0,CCC[S](=O)(=O)NC1=CC=C(F)C(=C1F)C(=O)C2=C[NH]C3=NC=C(C=C23)C4=CC=C(Cl)C=C4,GPXBXXGIAQBQNI-UHFFFAOYSA-N,Targeted,Launched,HT29,
spher-colo52-v1-ULA-PB000141-HT29-48h-P1-L1,K02,4187,5546,PB000141,PB000141_K02,colo-004,Bortezomib (PS-341),dmso,0.01,µM,0.01,mM,100.0,nl,40.0,µl,trt,S1013,Proteasome,Proteases,387447.0,CC(C)CC(NC(=O)C(CC1=CC=CC=C1)NC(=O)C2=NC=CN=C2)B(O)O,GXJABQQUPOEUTA-RDJZCZTQSA-N,Targeted,Launched,HT29,
spher-colo52-v1-ULA-PB000141-HT29-48h-P1-L1,K03,4187,5546,PB000141,PB000141_K03,colo-006,PD0325901,dmso,1.0,µM,1.0,mM,100.0,nl,40.0,µl,trt,S1036,MEK,MAPK,9826528.0,OCC(O)CONC(=O)C1=C(NC2=CC=C(I)C=C2F)C(=C(F)C=C1)F,SUDAHWBOROXANE-SECBINFHSA-N,Targeted,Phase 2,HT29,
spher-colo52-v1-ULA-PB000141-HT29-48h-P1-L1,K04,4187,5546,PB000141,PB000141_K04,colo-022,"Vemurafenib (PLX4032, RG7204)",dmso,10.0,µM,10.0,mM,100.0,nl,40.0,µl,trt,S1267,Raf,MAPK,42611257.0,CCC[S](=O)(=O)NC1=CC=C(F)C(=C1F)C(=O)C2=C[NH]C3=NC=C(C=C23)C4=CC=C(Cl)C=C4,GPXBXXGIAQBQNI-UHFFFAOYSA-N,Targeted,Launched,HT29,
spher-colo52-v1-ULA-PB000141-HT29-48h-P1-L1,K05,4187,5546,PB000141,PB000141_K05,colo-021,Temozolomide,dmso,10.0,µM,10.0,mM,100.0,nl,40.0,µl,trt,S1237,"DNA/RNA Synthesis,Autophagy",DNA Damage,5394.0,CN1N=NC2=C(N=C[N]2C1=O)C(N)=O,BPEGJWRSRHCHSN-UHFFFAOYSA-N,Cytotoxic,Launched,HT29,Alkylator
spher-colo52-v1-ULA-PB000141-HT29-48h-P1-L1,K06,4187,5546,PB000141,PB000141_K06,colo-010,Nutlin-3,dmso,1.0,µM,1.0,mM,100.0,nl,40.0,µl,trt,S1061,"E3 Ligase ,Mdm2",Apoptosis,216345.0,COC1=CC(=C(C=C1)C2=NC(C(N2C(=O)N3CCNC(=O)C3)C4=CC=C(Cl)C=C4)C5=CC=C(Cl)C=C5)OC(C)C,BDUHCSBCVGXTJM-UHFFFAOYSA-N,Targeted,Preclinical,HT29,
spher-colo52-v1-ULA-PB000141-HT29-48h-P1-L1,K07,4187,5546,PB000141,PB000141_K07,colo-001,ABT-737,dmso,1.0,µM,1.0,mM,100.0,nl,40.0,µl,trt,S1002,"Bcl-2,Autophagy",Apoptosis,11228183.0,CN(C)CCC(CSC1=CC=CC=C1)NC2=CC=C(C=C2[N+]([O-])=O)[S](=O)(=O)NC(=O)C3=CC=C(C=C3)N4CCN(CC4)CC5=C(C=CC=C5)C6=CC=C(Cl)C=C6,HPLNQCPCUACXLM-PGUFJCEWSA-N,Targeted,Phase 1/Phase 2,HT29,
spher-colo52-v1-ULA-PB000141-HT29-48h-P1-L1,K08,4187,5546,PB000141,PB000141_K08,colo-031,Sapitinib (AZD8931),dmso,3.0,µM,10.0,mM,30.0,nl,40.0,µl,trt,S2192,"EGFR,HER2",Protein Tyrosine Kinase,11488320.0,CNC(=O)CN1CCC(CC1)OC2=C(OC)C=C3N=CN=C(NC4=C(F)C(=CC=C4)Cl)C3=C2,DFJSJLGUIXFDJP-UHFFFAOYSA-N,Targeted,Phase 2,HT29,
spher-colo52-v1-ULA-PB000141-HT29-48h-P1-L1,K09,4187,5546,PB000141,PB000141_K09,colo-022,"Vemurafenib (PLX4032, RG7204)",dmso,1.0,µM,1.0,mM,100.0,nl,40.0,µl,trt,S1267,Raf,MAPK,42611257.0,CCC[S](=O)(=O)NC1=CC=C(F)C(=C1F)C(=O)C2=C[NH]C3=NC=C(C=C23)C4=CC=C(Cl)C=C4,GPXBXXGIAQBQNI-UHFFFAOYSA-N,Targeted,Launched,HT29,
spher-colo52-v1-ULA-PB000141-HT29-48h-P1-L1,K10,4187,5546,PB000141,PB000141_K10,colo-015,Triciribine,dmso,10.0,µM,10.0,mM,100.0,nl,40.0,µl,trt,S1117,Akt,PI3K/Akt/mTOR,65399.0,CN1N=C(N)C2=C[N](C3OC(CO)C(O)C3O)C4=C2C1=NC=N4,HOGVTUZUJGHKPL-HTVVRFAVSA-N,Targeted,Phase 1/Phase 2,HT29,
spher-colo52-v1-ULA-PB000141-HT29-48h-P1-L1,K11,4187,5546,PB000141,PB000141_K11,dmso,dmso,dmso,0.1,µM,100.0,%,100.0,nl,40.0,µl,neg_con,D2438,control,,679.0,CS(=O)C,IAZDPXIOMUYVGZ-UHFFFAOYSA-N,,,HT29,
spher-colo52-v1-ULA-PB000141-HT29-48h-P1-L1,K12,4187,5546,PB000141,PB000141_K12,colo-022,"Vemurafenib (PLX4032, RG7204)",dmso,0.3,µM,1.0,mM,30.0,nl,40.0,µl,trt,S1267,Raf,MAPK,42611257.0,CCC[S](=O)(=O)NC1=CC=C(F)C(=C1F)C(=O)C2=C[NH]C3=NC=C(C=C23)C4=CC=C(Cl)C=C4,GPXBXXGIAQBQNI-UHFFFAOYSA-N,Targeted,Launched,HT29,
spher-colo52-v1-ULA-PB000141-HT29-48h-P1-L1,K13,4187,5546,PB000141,PB000141_K13,colo-006,PD0325901,dmso,0.3,µM,1.0,mM,30.0,nl,40.0,µl,trt,S1036,MEK,MAPK,9826528.0,OCC(O)CONC(=O)C1=C(NC2=CC=C(I)C=C2F)C(=C(F)C=C1)F,SUDAHWBOROXANE-SECBINFHSA-N,Targeted,Phase 2,HT29,
spher-colo52-v1-ULA-PB000141-HT29-48h-P1-L1,K14,4187,5546,PB000141,PB000141_K14,colo-020,"Fluorouracil (5-Fluoracil, 5-FU)",dmso,3.0,µM,10.0,mM,30.0,nl,40.0,µl,trt,S1209,DNA/RNA Synthesis,DNA Damage,3385.0,FC1=CNC(=O)NC1=O,GHASVSINZRGABV-UHFFFAOYSA-N,Cytotoxic,Launched,HT29,Antimetabolite
spher-colo52-v1-ULA-PB000141-HT29-48h-P1-L1,K15,4187,5546,PB000141,PB000141_K15,colo-012,SB216763,dmso,3.0,µM,10.0,mM,30.0,nl,40.0,µl,trt,S1075,GSK-3,PI3K/Akt/mTOR,176158.0,C[N]1C=C(C2=C1C=CC=C2)C3=C(C(=O)NC3=O)C4=CC=C(Cl)C=C4Cl,JCSGFHVFHSKIJH-UHFFFAOYSA-N,Targeted,Preclinical,HT29,
spher-colo52-v1-ULA-PB000141-HT29-48h-P1-L1,K16,4187,5546,PB000141,PB000141_K16,colo-001,ABT-737,dmso,0.1,µM,0.1,mM,100.0,nl,40.0,µl,trt,S1002,"Bcl-2,Autophagy",Apoptosis,11228183.0,CN(C)CCC(CSC1=CC=CC=C1)NC2=CC=C(C=C2[N+]([O-])=O)[S](=O)(=O)NC(=O)C3=CC=C(C=C3)N4CCN(CC4)CC5=C(C=CC=C5)C6=CC=C(Cl)C=C6,HPLNQCPCUACXLM-PGUFJCEWSA-N,Targeted,Phase 1/Phase 2,HT29,
spher-colo52-v1-ULA-PB000141-HT29-48h-P1-L1,K17,4187,5546,PB000141,PB000141_K17,colo-007,PI-103,dmso,10.0,µM,10.0,mM,100.0,nl,40.0,µl,trt,S1038,"Autophagy,DNA-PK,mTOR,PI3K",PI3K/Akt/mTOR,9884685.0,OC1=CC(=CC=C1)C2=NC3=C(OC4=C3C=CC=N4)C(=N2)N5CCOCC5,TUVCWJQQGGETHL-UHFFFAOYSA-N,Targeted,Preclinical,HT29,
spher-colo52-v1-ULA-PB000141-HT29-48h-P1-L1,K18,4187,5546,PB000141,PB000141_K18,colo-021,Temozolomide,dmso,10.0,µM,10.0,mM,100.0,nl,40.0,µl,trt,S1237,"DNA/RNA Synthesis,Autophagy",DNA Damage,5394.0,CN1N=NC2=C(N=C[N]2C1=O)C(N)=O,BPEGJWRSRHCHSN-UHFFFAOYSA-N,Cytotoxic,Launched,HT29,Alkylator
spher-colo52-v1-ULA-PB000141-HT29-48h-P1-L1,K19,4187,5546,PB000141,PB000141_K19,colo-018,Paclitaxel,dmso,0.01,µM,0.01,mM,100.0,nl,40.0,µl,trt,S1150,"Autophagy,Microtubule Associated",Cytoskeletal Signaling,441276.0,CC(=O)OC1C(=O)C2(C)C(O)CC3OCC3(OC(C)=O)C2C(OC(=O)C4=CC=CC=C4)C5(O)CC(OC(=O)C(O)C(NC(=O)C6=CC=CC=C6)C7=CC=CC=C7)C(=C1C5(C)C)C,RCINICONZNJXQF-VAZQATRQSA-N,Cytotoxic,Preclinical,HT29,
spher-colo52-v1-ULA-PB000141-HT29-48h-P1-L1,K20,4187,5546,PB000141,PB000141_K20,colo-027,Doramapimod (BIRB 796),dmso,3.0,µM,10.0,mM,30.0,nl,40.0,µl,trt,S1574,p38 MAPK,MAPK,156422.0,CC1=CC=C(C=C1)[N]2N=C(C=C2NC(=O)NC3=CC=C(OCCN4CCOCC4)C5=C3C=CC=C5)C(C)(C)C,MVCOAUNKQVWQHZ-UHFFFAOYSA-N,Targeted,Phase 2,HT29,
spher-colo52-v1-ULA-PB000141-HT29-48h-P1-L1,K21,4187,5546,PB000141,PB000141_K21,colo-030,SB505124,dmso,0.3,µM,1.0,mM,30.0,nl,40.0,µl,trt,S2186,TGF-beta/Smad,TGF-beta/Smad,9858940.0,CC1=CC=CC(=N1)C2=C(N=C([NH]2)C(C)(C)C)C3=CC4=C(OCO4)C=C3,WGZOTBUYUFBEPZ-UHFFFAOYSA-N,Targeted,Preclinical,HT29,
spher-colo52-v1-ULA-PB000141-HT29-48h-P1-L1,K22,4187,5546,PB000141,PB000141_K22,stau,stau,dmso,0.1,µM,0.1,mM,100.0,nl,40.0,µl,pos_con,HY-15141,pan protein inhibitor,,44259.0,CC12C(C(CC(O1)N3C4=CC=CC=C4C5=C6C(=C7C8=CC=CC=C8N2C7=C53)CNC6=O)NC)OC,HKSZLNNOFSGOKW-FYTWVXJKSA-N,,,HT29,
spher-colo52-v1-ULA-PB000141-HT29-48h-P1-L1,K23,4187,5546,PB000141,PB000141_K23,colo-004,Bortezomib (PS-341),dmso,0.1,µM,0.1,mM,100.0,nl,40.0,µl,trt,S1013,Proteasome,Proteases,387447.0,CC(C)CC(NC(=O)C(CC1=CC=CC=C1)NC(=O)C2=NC=CN=C2)B(O)O,GXJABQQUPOEUTA-RDJZCZTQSA-N,Targeted,Launched,HT29,
spher-colo52-v1-ULA-PB000141-HT29-48h-P1-L1,L02,4187,5546,PB000141,PB000141_L02,colo-002,Veliparib (ABT-888),dmso,3.0,µM,10.0,mM,30.0,nl,40.0,µl,trt,S1004,PARP,DNA Damage,11960529.0,CC1(CCCN1)C2=NC3=C(C=CC=C3[NH]2)C(N)=O,JNAHVYVRKWKWKQ-CYBMUJFWSA-N,Targeted,Phase 3,HT29,PARPi
spher-colo52-v1-ULA-PB000141-HT29-48h-P1-L1,L03,4187,5546,PB000141,PB000141_L03,colo-035,Trametinib (GSK1120212),dmso,0.3,µM,1.0,mM,30.0,nl,40.0,µl,trt,S2673,MEK,MAPK,11707110.0,CN1C(=O)C(=C2N(C(=O)N(C3CC3)C(=O)C2=C1NC4=CC=C(I)C=C4F)C5=CC(=CC=C5)NC(C)=O)C,LIRYPHYGHXZJBZ-UHFFFAOYSA-N,Targeted,Launched,HT29,
spher-colo52-v1-ULA-PB000141-HT29-48h-P1-L1,L04,4187,5546,PB000141,PB000141_L04,colo-030,SB505124,dmso,3.0,µM,10.0,mM,30.0,nl,40.0,µl,trt,S2186,TGF-beta/Smad,TGF-beta/Smad,9858940.0,CC1=CC=CC(=N1)C2=C(N=C([NH]2)C(C)(C)C)C3=CC4=C(OCO4)C=C3,WGZOTBUYUFBEPZ-UHFFFAOYSA-N,Targeted,Preclinical,HT29,
spher-colo52-v1-ULA-PB000141-HT29-48h-P1-L1,L05,4187,5546,PB000141,PB000141_L05,colo-031,Sapitinib (AZD8931),dmso,1.0,µM,1.0,mM,100.0,nl,40.0,µl,trt,S2192,"EGFR,HER2",Protein Tyrosine Kinase,11488320.0,CNC(=O)CN1CCC(CC1)OC2=C(OC)C=C3N=CN=C(NC4=C(F)C(=CC=C4)Cl)C3=C2,DFJSJLGUIXFDJP-UHFFFAOYSA-N,Targeted,Phase 2,HT29,
spher-colo52-v1-ULA-PB000141-HT29-48h-P1-L1,L06,4187,5546,PB000141,PB000141_L06,colo-035,Trametinib (GSK1120212),dmso,1.0,µM,1.0,mM,100.0,nl,40.0,µl,trt,S2673,MEK,MAPK,11707110.0,CN1C(=O)C(=C2N(C(=O)N(C3CC3)C(=O)C2=C1NC4=CC=C(I)C=C4F)C5=CC(=CC=C5)NC(C)=O)C,LIRYPHYGHXZJBZ-UHFFFAOYSA-N,Targeted,Launched,HT29,
spher-colo52-v1-ULA-PB000141-HT29-48h-P1-L1,L07,4187,5546,PB000141,PB000141_L07,dmso,dmso,dmso,0.1,µM,100.0,%,100.0,nl,40.0,µl,neg_con,D2438,control,,679.0,CS(=O)C,IAZDPXIOMUYVGZ-UHFFFAOYSA-N,,,HT29,
spher-colo52-v1-ULA-PB000141-HT29-48h-P1-L1,L08,4187,5546,PB000141,PB000141_L08,colo-012,SB216763,dmso,1.0,µM,1.0,mM,100.0,nl,40.0,µl,trt,S1075,GSK-3,PI3K/Akt/mTOR,176158.0,C[N]1C=C(C2=C1C=CC=C2)C3=C(C(=O)NC3=O)C4=CC=C(Cl)C=C4Cl,JCSGFHVFHSKIJH-UHFFFAOYSA-N,Targeted,Preclinical,HT29,
spher-colo52-v1-ULA-PB000141-HT29-48h-P1-L1,L09,4187,5546,PB000141,PB000141_L09,colo-003,Afatinib (BIBW2992),dmso,3.0,µM,10.0,mM,30.0,nl,40.0,µl,trt,S1011,"EGFR,HER2",Protein Tyrosine Kinase,10184653.0,CN(C)C/C=C/C(=O)NC1=CC2=C(NC3=CC=C(F)C(=C3)Cl)N=CN=C2C=C1OC4CCOC4,ULXXDDBFHOBEHA-CWDCEQMOSA-N,Targeted,Launched,HT29,
spher-colo52-v1-ULA-PB000141-HT29-48h-P1-L1,L10,4187,5546,PB000141,PB000141_L10,colo-020,"Fluorouracil (5-Fluoracil, 5-FU)",dmso,10.0,µM,10.0,mM,100.0,nl,40.0,µl,trt,S1209,DNA/RNA Synthesis,DNA Damage,3385.0,FC1=CNC(=O)NC1=O,GHASVSINZRGABV-UHFFFAOYSA-N,Cytotoxic,Launched,HT29,Antimetabolite
spher-colo52-v1-ULA-PB000141-HT29-48h-P1-L1,L11,4187,5546,PB000141,PB000141_L11,colo-012,SB216763,dmso,3.0,µM,10.0,mM,30.0,nl,40.0,µl,trt,S1075,GSK-3,PI3K/Akt/mTOR,176158.0,C[N]1C=C(C2=C1C=CC=C2)C3=C(C(=O)NC3=O)C4=CC=C(Cl)C=C4Cl,JCSGFHVFHSKIJH-UHFFFAOYSA-N,Targeted,Preclinical,HT29,
spher-colo52-v1-ULA-PB000141-HT29-48h-P1-L1,L12,4187,5546,PB000141,PB000141_L12,colo-007,PI-103,dmso,1.0,µM,1.0,mM,100.0,nl,40.0,µl,trt,S1038,"Autophagy,DNA-PK,mTOR,PI3K",PI3K/Akt/mTOR,9884685.0,OC1=CC(=CC=C1)C2=NC3=C(OC4=C3C=CC=N4)C(=N2)N5CCOCC5,TUVCWJQQGGETHL-UHFFFAOYSA-N,Targeted,Preclinical,HT29,
spher-colo52-v1-ULA-PB000141-HT29-48h-P1-L1,L13,4187,5546,PB000141,PB000141_L13,colo-016,BMS-754807,dmso,10.0,µM,10.0,mM,100.0,nl,40.0,µl,trt,S1124,"c-Met,IGF-1R,Trk receptor",Protein Tyrosine Kinase,24785538.0,CC1(CCCN1C2=N[N]3C=CC=C3C(=N2)NC4=N[NH]C(=C4)C5CC5)C(=O)NC6=CC=C(F)N=C6,LQVXSNNAFNGRAH-QHCPKHFHSA-N,Targeted,Phase 2,HT29,
spher-colo52-v1-ULA-PB000141-HT29-48h-P1-L1,L14,4187,5546,PB000141,PB000141_L14,colo-003,Afatinib (BIBW2992),dmso,10.0,µM,10.0,mM,100.0,nl,40.0,µl,trt,S1011,"EGFR,HER2",Protein Tyrosine Kinase,10184653.0,CN(C)C/C=C/C(=O)NC1=CC2=C(NC3=CC=C(F)C(=C3)Cl)N=CN=C2C=C1OC4CCOC4,ULXXDDBFHOBEHA-CWDCEQMOSA-N,Targeted,Launched,HT29,
spher-colo52-v1-ULA-PB000141-HT29-48h-P1-L1,L15,4187,5546,PB000141,PB000141_L15,colo-011,Crizotinib (PF-02341066),dmso,1.0,µM,1.0,mM,100.0,nl,40.0,µl,trt,S1068,"ALK,c-Met",Protein Tyrosine Kinase,11626560.0,CC(OC1=C(N)N=CC(=C1)C2=C[N](N=C2)C3CCNCC3)C4=C(Cl)C=CC(=C4Cl)F,KTEIFNKAUNYNJU-GFCCVEGCSA-N,Targeted,Launched,HT29,
spher-colo52-v1-ULA-PB000141-HT29-48h-P1-L1,L16,4187,5546,PB000141,PB000141_L16,colo-016,BMS-754807,dmso,1.0,µM,1.0,mM,100.0,nl,40.0,µl,trt,S1124,"c-Met,IGF-1R,Trk receptor",Protein Tyrosine Kinase,24785538.0,CC1(CCCN1C2=N[N]3C=CC=C3C(=N2)NC4=N[NH]C(=C4)C5CC5)C(=O)NC6=CC=C(F)N=C6,LQVXSNNAFNGRAH-QHCPKHFHSA-N,Targeted,Phase 2,HT29,
spher-colo52-v1-ULA-PB000141-HT29-48h-P1-L1,L17,4187,5546,PB000141,PB000141_L17,colo-034,Rabusertib (LY2603618),dmso,0.3,µM,1.0,mM,30.0,nl,40.0,µl,trt,S2626,Chk,Cell Cycle,11955855.0,CC1=NC=C(NC(=O)NC2=C(OCC3CNCCO3)C=C(C)C(=C2)Br)N=C1,SYYBDNPGDKKJDU-ZDUSSCGKSA-N,Targeted,Phase 2,HT29,
spher-colo52-v1-ULA-PB000141-HT29-48h-P1-L1,L18,4187,5546,PB000141,PB000141_L18,dmso,dmso,dmso,0.1,µM,100.0,%,100.0,nl,40.0,µl,neg_con,D2438,control,,679.0,CS(=O)C,IAZDPXIOMUYVGZ-UHFFFAOYSA-N,,,HT29,
spher-colo52-v1-ULA-PB000141-HT29-48h-P1-L1,L19,4187,5546,PB000141,PB000141_L19,colo-033,Miglitol,dmso,0.3,µM,1.0,mM,30.0,nl,40.0,µl,trt,S2589,Others,Others,441314.0,OCCN1CC(O)C(O)C(O)C1CO,IBAQFPQHRJAVAV-ULAWRXDQSA-N,,Launched,HT29,
spher-colo52-v1-ULA-PB000141-HT29-48h-P1-L1,L20,4187,5546,PB000141,PB000141_L20,colo-023,Ruxolitinib (INCB018424),dmso,1.0,µM,1.0,mM,100.0,nl,40.0,µl,trt,S1378,JAK,JAK/STAT,25126798.0,N#CCC(C1CCCC1)[N]2C=C(C=N2)C3=NC=NC4=C3C=C[NH]4,HFNKQEVNSGCOJV-OAHLLOKOSA-N,Targeted,Launched,HT29,
spher-colo52-v1-ULA-PB000141-HT29-48h-P1-L1,L21,4187,5546,PB000141,PB000141_L21,colo-035,Trametinib (GSK1120212),dmso,0.03,µM,0.1,mM,30.0,nl,40.0,µl,trt,S2673,MEK,MAPK,11707110.0,CN1C(=O)C(=C2N(C(=O)N(C3CC3)C(=O)C2=C1NC4=CC=C(I)C=C4F)C5=CC(=CC=C5)NC(C)=O)C,LIRYPHYGHXZJBZ-UHFFFAOYSA-N,Targeted,Launched,HT29,
spher-colo52-v1-ULA-PB000141-HT29-48h-P1-L1,L22,4187,5546,PB000141,PB000141_L22,colo-027,Doramapimod (BIRB 796),dmso,1.0,µM,1.0,mM,100.0,nl,40.0,µl,trt,S1574,p38 MAPK,MAPK,156422.0,CC1=CC=C(C=C1)[N]2N=C(C=C2NC(=O)NC3=CC=C(OCCN4CCOCC4)C5=C3C=CC=C5)C(C)(C)C,MVCOAUNKQVWQHZ-UHFFFAOYSA-N,Targeted,Phase 2,HT29,
spher-colo52-v1-ULA-PB000141-HT29-48h-P1-L1,L23,4187,5546,PB000141,PB000141_L23,colo-011,Crizotinib (PF-02341066),dmso,3.0,µM,10.0,mM,30.0,nl,40.0,µl,trt,S1068,"ALK,c-Met",Protein Tyrosine Kinase,11626560.0,CC(OC1=C(N)N=CC(=C1)C2=C[N](N=C2)C3CCNCC3)C4=C(Cl)C=CC(=C4Cl)F,KTEIFNKAUNYNJU-GFCCVEGCSA-N,Targeted,Launched,HT29,
spher-colo52-v1-ULA-PB000141-HT29-48h-P1-L1,M02,4187,5546,PB000141,PB000141_M02,etop,etop,dmso,2.5,µM,10.0,mM,25.0,nl,40.0,µl,pos_con,E2600000,DNA topoisomerase 2-alpha & DNA topoisomerase 2-beta,,36462.0,CC1OCC2C(O1)C(C(C(O2)OC3C4COC(=O)C4C(C5=CC6=C(C=C35)OCO6)C7=CC(=C(C(=C7)OC)O)OC)O)O,VJJPUSNTGOMMGY-MRVIYFEKSA-N,,,HT29,
spher-colo52-v1-ULA-PB000141-HT29-48h-P1-L1,M03,4187,5546,PB000141,PB000141_M03,colo-024,Adavosertib （MK-1775）,dmso,3.0,µM,10.0,mM,30.0,nl,40.0,µl,trt,S1525,Wee1,Cell Cycle,24856436.0,CN1CCN(CC1)C2=CC=C(NC3=NC4=C(C=N3)C(=O)N(CC=C)N4C5=NC(=CC=C5)C(C)(C)O)C=C2,BKWJAKQVGHWELA-UHFFFAOYSA-N,Targeted,Phase 2,HT29,
spher-colo52-v1-ULA-PB000141-HT29-48h-P1-L1,M04,4187,5546,PB000141,PB000141_M04,colo-014,Linsitinib (OSI-906),dmso,1.0,µM,1.0,mM,100.0,nl,40.0,µl,trt,S1091,IGF-1R,Protein Tyrosine Kinase,11640390.0,CC1(O)CC(C1)C2=NC(=C3[N]2C=CN=C3N)C4=CC=C5C=CC(=NC5=C4)C6=CC=CC=C6,PKCDDUHJAFVJJB-UHFFFAOYSA-N,Targeted,Preclinical,HT29,
spher-colo52-v1-ULA-PB000141-HT29-48h-P1-L1,M05,4187,5546,PB000141,PB000141_M05,colo-009,"Olaparib (AZD2281, Ku-0059436)",dmso,0.3,µM,1.0,mM,30.0,nl,40.0,µl,trt,S1060,PARP,DNA Damage,23725625.0,FC1=C(C=C(CC2=NNC(=O)C3=C2C=CC=C3)C=C1)C(=O)N4CCN(CC4)C(=O)C5CC5,FDLYAMZZIXQODN-UHFFFAOYSA-N,Targeted,Launched,HT29,PARPi
spher-colo52-v1-ULA-PB000141-HT29-48h-P1-L1,M06,4187,5546,PB000141,PB000141_M06,colo-003,Afatinib (BIBW2992),dmso,1.0,µM,1.0,mM,100.0,nl,40.0,µl,trt,S1011,"EGFR,HER2",Protein Tyrosine Kinase,10184653.0,CN(C)C/C=C/C(=O)NC1=CC2=C(NC3=CC=C(F)C(=C3)Cl)N=CN=C2C=C1OC4CCOC4,ULXXDDBFHOBEHA-CWDCEQMOSA-N,Targeted,Launched,HT29,
spher-colo52-v1-ULA-PB000141-HT29-48h-P1-L1,M07,4187,5546,PB000141,PB000141_M07,colo-004,Bortezomib (PS-341),dmso,0.003,µM,0.01,mM,30.0,nl,40.0,µl,trt,S1013,Proteasome,Proteases,387447.0,CC(C)CC(NC(=O)C(CC1=CC=CC=C1)NC(=O)C2=NC=CN=C2)B(O)O,GXJABQQUPOEUTA-RDJZCZTQSA-N,Targeted,Launched,HT29,
spher-colo52-v1-ULA-PB000141-HT29-48h-P1-L1,M08,4187,5546,PB000141,PB000141_M08,colo-028,Gemcitabine,dmso,1.0,µM,1.0,mM,100.0,nl,40.0,µl,trt,S1714,"Autophagy,DNA/RNA Synthesis",DNA Damage,60750.0,NC1=NC(=O)N(C=C1)C2OC(CO)C(O)C2(F)F,SDUQYLNIPVEERB-QPPQHZFASA-N,Cytotoxic,Launched,HT29,Antimetabolite
spher-colo52-v1-ULA-PB000141-HT29-48h-P1-L1,M09,4187,5546,PB000141,PB000141_M09,colo-030,SB505124,dmso,3.0,µM,10.0,mM,30.0,nl,40.0,µl,trt,S2186,TGF-beta/Smad,TGF-beta/Smad,9858940.0,CC1=CC=CC(=N1)C2=C(N=C([NH]2)C(C)(C)C)C3=CC4=C(OCO4)C=C3,WGZOTBUYUFBEPZ-UHFFFAOYSA-N,Targeted,Preclinical,HT29,
spher-colo52-v1-ULA-PB000141-HT29-48h-P1-L1,M10,4187,5546,PB000141,PB000141_M10,colo-026,AZD8055,dmso,1.0,µM,1.0,mM,100.0,nl,40.0,µl,trt,S1555,mTOR,PI3K/Akt/mTOR,25262965.0,COC1=C(CO)C=C(C=C1)C2=NC3=C(C=C2)C(=NC(=N3)N4CCOCC4C)N5CCOCC5C,KVLFRAWTRWDEDF-IRXDYDNUSA-N,Targeted,Phase 1,HT29,
spher-colo52-v1-ULA-PB000141-HT29-48h-P1-L1,M11,4187,5546,PB000141,PB000141_M11,colo-001,ABT-737,dmso,0.1,µM,0.1,mM,100.0,nl,40.0,µl,trt,S1002,"Bcl-2,Autophagy",Apoptosis,11228183.0,CN(C)CCC(CSC1=CC=CC=C1)NC2=CC=C(C=C2[N+]([O-])=O)[S](=O)(=O)NC(=O)C3=CC=C(C=C3)N4CCN(CC4)CC5=C(C=CC=C5)C6=CC=C(Cl)C=C6,HPLNQCPCUACXLM-PGUFJCEWSA-N,Targeted,Phase 1/Phase 2,HT29,
spher-colo52-v1-ULA-PB000141-HT29-48h-P1-L1,M12,4187,5546,PB000141,PB000141_M12,colo-034,Rabusertib (LY2603618),dmso,1.0,µM,1.0,mM,100.0,nl,40.0,µl,trt,S2626,Chk,Cell Cycle,11955855.0,CC1=NC=C(NC(=O)NC2=C(OCC3CNCCO3)C=C(C)C(=C2)Br)N=C1,SYYBDNPGDKKJDU-ZDUSSCGKSA-N,Targeted,Phase 2,HT29,
spher-colo52-v1-ULA-PB000141-HT29-48h-P1-L1,M13,4187,5546,PB000141,PB000141_M13,colo-025,AZD7762,dmso,10.0,µM,10.0,mM,100.0,nl,40.0,µl,trt,S1532,Chk,Cell Cycle,11152667.0,NC(=O)NC1=C(SC(=C1)C2=CC(=CC=C2)F)C(=O)NC3CCCNC3,IAYGCINLNONXHY-LBPRGKRZSA-N,Targeted,Phase 1,HT29,
spher-colo52-v1-ULA-PB000141-HT29-48h-P1-L1,M14,4187,5546,PB000141,PB000141_M14,colo-007,PI-103,dmso,0.3,µM,1.0,mM,30.0,nl,40.0,µl,trt,S1038,"Autophagy,DNA-PK,mTOR,PI3K",PI3K/Akt/mTOR,9884685.0,OC1=CC(=CC=C1)C2=NC3=C(OC4=C3C=CC=N4)C(=N2)N5CCOCC5,TUVCWJQQGGETHL-UHFFFAOYSA-N,Targeted,Preclinical,HT29,
spher-colo52-v1-ULA-PB000141-HT29-48h-P1-L1,M15,4187,5546,PB000141,PB000141_M15,colo-009,"Olaparib (AZD2281, Ku-0059436)",dmso,1.0,µM,1.0,mM,100.0,nl,40.0,µl,trt,S1060,PARP,DNA Damage,23725625.0,FC1=C(C=C(CC2=NNC(=O)C3=C2C=CC=C3)C=C1)C(=O)N4CCN(CC4)C(=O)C5CC5,FDLYAMZZIXQODN-UHFFFAOYSA-N,Targeted,Launched,HT29,PARPi
spher-colo52-v1-ULA-PB000141-HT29-48h-P1-L1,M16,4187,5546,PB000141,PB000141_M16,colo-015,Triciribine,dmso,1.0,µM,1.0,mM,100.0,nl,40.0,µl,trt,S1117,Akt,PI3K/Akt/mTOR,65399.0,CN1N=C(N)C2=C[N](C3OC(CO)C(O)C3O)C4=C2C1=NC=N4,HOGVTUZUJGHKPL-HTVVRFAVSA-N,Targeted,Phase 1/Phase 2,HT29,
spher-colo52-v1-ULA-PB000141-HT29-48h-P1-L1,M17,4187,5546,PB000141,PB000141_M17,colo-014,Linsitinib (OSI-906),dmso,0.3,µM,1.0,mM,30.0,nl,40.0,µl,trt,S1091,IGF-1R,Protein Tyrosine Kinase,11640390.0,CC1(O)CC(C1)C2=NC(=C3[N]2C=CN=C3N)C4=CC=C5C=CC(=NC5=C4)C6=CC=CC=C6,PKCDDUHJAFVJJB-UHFFFAOYSA-N,Targeted,Preclinical,HT29,
spher-colo52-v1-ULA-PB000141-HT29-48h-P1-L1,M18,4187,5546,PB000141,PB000141_M18,colo-023,Ruxolitinib (INCB018424),dmso,0.3,µM,1.0,mM,30.0,nl,40.0,µl,trt,S1378,JAK,JAK/STAT,25126798.0,N#CCC(C1CCCC1)[N]2C=C(C=N2)C3=NC=NC4=C3C=C[NH]4,HFNKQEVNSGCOJV-OAHLLOKOSA-N,Targeted,Launched,HT29,
spher-colo52-v1-ULA-PB000141-HT29-48h-P1-L1,M19,4187,5546,PB000141,PB000141_M19,colo-025,AZD7762,dmso,0.3,µM,1.0,mM,30.0,nl,40.0,µl,trt,S1532,Chk,Cell Cycle,11152667.0,NC(=O)NC1=C(SC(=C1)C2=CC(=CC=C2)F)C(=O)NC3CCCNC3,IAYGCINLNONXHY-LBPRGKRZSA-N,Targeted,Phase 1,HT29,
spher-colo52-v1-ULA-PB000141-HT29-48h-P1-L1,M20,4187,5546,PB000141,PB000141_M20,colo-013,MK-2206 2HCl,dmso,1.0,µM,1.0,mM,100.0,nl,40.0,µl,trt,S1078,Akt,PI3K/Akt/mTOR,46930998.0,Cl.Cl.NC1(CCC1)C2=CC=C(C=C2)C3=C(C=C4C(=N3)C=CN5C(=O)NN=C45)C6=CC=CC=C6,HWUHTJIKQZZBRA-UHFFFAOYSA-N,Targeted,Preclinical,HT29,
spher-colo52-v1-ULA-PB000141-HT29-48h-P1-L1,M21,4187,5546,PB000141,PB000141_M21,colo-007,PI-103,dmso,3.0,µM,10.0,mM,30.0,nl,40.0,µl,trt,S1038,"Autophagy,DNA-PK,mTOR,PI3K",PI3K/Akt/mTOR,9884685.0,OC1=CC(=CC=C1)C2=NC3=C(OC4=C3C=CC=N4)C(=N2)N5CCOCC5,TUVCWJQQGGETHL-UHFFFAOYSA-N,Targeted,Preclinical,HT29,
spher-colo52-v1-ULA-PB000141-HT29-48h-P1-L1,M22,4187,5546,PB000141,PB000141_M22,colo-020,"Fluorouracil (5-Fluoracil, 5-FU)",dmso,0.3,µM,1.0,mM,30.0,nl,40.0,µl,trt,S1209,DNA/RNA Synthesis,DNA Damage,3385.0,FC1=CNC(=O)NC1=O,GHASVSINZRGABV-UHFFFAOYSA-N,Cytotoxic,Launched,HT29,Antimetabolite
spher-colo52-v1-ULA-PB000141-HT29-48h-P1-L1,M23,4187,5546,PB000141,PB000141_M23,dmso,dmso,dmso,0.1,µM,100.0,%,100.0,nl,40.0,µl,neg_con,D2438,control,,679.0,CS(=O)C,IAZDPXIOMUYVGZ-UHFFFAOYSA-N,,,HT29,
spher-colo52-v1-ULA-PB000141-HT29-48h-P1-L1,N02,4187,5546,PB000141,PB000141_N02,colo-033,Miglitol,dmso,1.0,µM,1.0,mM,100.0,nl,40.0,µl,trt,S2589,Others,Others,441314.0,OCCN1CC(O)C(O)C(O)C1CO,IBAQFPQHRJAVAV-ULAWRXDQSA-N,,Launched,HT29,
spher-colo52-v1-ULA-PB000141-HT29-48h-P1-L1,N03,4187,5546,PB000141,PB000141_N03,colo-012,SB216763,dmso,1.0,µM,1.0,mM,100.0,nl,40.0,µl,trt,S1075,GSK-3,PI3K/Akt/mTOR,176158.0,C[N]1C=C(C2=C1C=CC=C2)C3=C(C(=O)NC3=O)C4=CC=C(Cl)C=C4Cl,JCSGFHVFHSKIJH-UHFFFAOYSA-N,Targeted,Preclinical,HT29,
spher-colo52-v1-ULA-PB000141-HT29-48h-P1-L1,N04,4187,5546,PB000141,PB000141_N04,dmso,dmso,dmso,0.1,µM,100.0,%,100.0,nl,40.0,µl,neg_con,D2438,control,,679.0,CS(=O)C,IAZDPXIOMUYVGZ-UHFFFAOYSA-N,,,HT29,
spher-colo52-v1-ULA-PB000141-HT29-48h-P1-L1,N05,4187,5546,PB000141,PB000141_N05,colo-002,Veliparib (ABT-888),dmso,3.0,µM,10.0,mM,30.0,nl,40.0,µl,trt,S1004,PARP,DNA Damage,11960529.0,CC1(CCCN1)C2=NC3=C(C=CC=C3[NH]2)C(N)=O,JNAHVYVRKWKWKQ-CYBMUJFWSA-N,Targeted,Phase 3,HT29,PARPi
spher-colo52-v1-ULA-PB000141-HT29-48h-P1-L1,N06,4187,5546,PB000141,PB000141_N06,colo-014,Linsitinib (OSI-906),dmso,3.0,µM,10.0,mM,30.0,nl,40.0,µl,trt,S1091,IGF-1R,Protein Tyrosine Kinase,11640390.0,CC1(O)CC(C1)C2=NC(=C3[N]2C=CN=C3N)C4=CC=C5C=CC(=NC5=C4)C6=CC=CC=C6,PKCDDUHJAFVJJB-UHFFFAOYSA-N,Targeted,Preclinical,HT29,
spher-colo52-v1-ULA-PB000141-HT29-48h-P1-L1,N07,4187,5546,PB000141,PB000141_N07,colo-005,Gefitinib (ZD1839),dmso,0.3,µM,1.0,mM,30.0,nl,40.0,µl,trt,S1025,EGFR,Protein Tyrosine Kinase,123631.0,COC1=C(OCCCN2CCOCC2)C=C3C(=NC=NC3=C1)NC4=CC=C(F)C(=C4)Cl,XGALLCVXEZPNRQ-UHFFFAOYSA-N,Targeted,Launched,HT29,
spher-colo52-v1-ULA-PB000141-HT29-48h-P1-L1,N08,4187,5546,PB000141,PB000141_N08,colo-023,Ruxolitinib (INCB018424),dmso,0.3,µM,1.0,mM,30.0,nl,40.0,µl,trt,S1378,JAK,JAK/STAT,25126798.0,N#CCC(C1CCCC1)[N]2C=C(C=N2)C3=NC=NC4=C3C=C[NH]4,HFNKQEVNSGCOJV-OAHLLOKOSA-N,Targeted,Launched,HT29,
spher-colo52-v1-ULA-PB000141-HT29-48h-P1-L1,N09,4187,5546,PB000141,PB000141_N09,colo-019,Regorafenib (BAY 73-4506),dmso,0.3,µM,1.0,mM,30.0,nl,40.0,µl,trt,S1178,"c-RET,VEGFR",Protein Tyrosine Kinase,11167602.0,CNC(=O)C1=CC(=CC=N1)OC2=CC(=C(NC(=O)NC3=CC=C(Cl)C(=C3)C(F)(F)F)C=C2)F,FNHKPVJBJVTLMP-UHFFFAOYSA-N,Targeted,Launched,HT29,
spher-colo52-v1-ULA-PB000141-HT29-48h-P1-L1,N10,4187,5546,PB000141,PB000141_N10,colo-011,Crizotinib (PF-02341066),dmso,0.3,µM,1.0,mM,30.0,nl,40.0,µl,trt,S1068,"ALK,c-Met",Protein Tyrosine Kinase,11626560.0,CC(OC1=C(N)N=CC(=C1)C2=C[N](N=C2)C3CCNCC3)C4=C(Cl)C=CC(=C4Cl)F,KTEIFNKAUNYNJU-GFCCVEGCSA-N,Targeted,Launched,HT29,
spher-colo52-v1-ULA-PB000141-HT29-48h-P1-L1,N11,4187,5546,PB000141,PB000141_N11,colo-008,"Vorinostat (SAHA, MK0683)",dmso,10.0,µM,10.0,mM,100.0,nl,40.0,µl,trt,S1047,"Autophagy,HDAC",Epigenetics,5311.0,ONC(=O)CCCCCCC(=O)NC1=CC=CC=C1,WAEXFXRVDQXREF-UHFFFAOYSA-N,Targeted,Launched,HT29,
spher-colo52-v1-ULA-PB000141-HT29-48h-P1-L1,N12,4187,5546,PB000141,PB000141_N12,colo-021,Temozolomide,dmso,1.0,µM,1.0,mM,100.0,nl,40.0,µl,trt,S1237,"DNA/RNA Synthesis,Autophagy",DNA Damage,5394.0,CN1N=NC2=C(N=C[N]2C1=O)C(N)=O,BPEGJWRSRHCHSN-UHFFFAOYSA-N,Cytotoxic,Launched,HT29,Alkylator
spher-colo52-v1-ULA-PB000141-HT29-48h-P1-L1,N13,4187,5546,PB000141,PB000141_N13,colo-008,"Vorinostat (SAHA, MK0683)",dmso,10.0,µM,10.0,mM,100.0,nl,40.0,µl,trt,S1047,"Autophagy,HDAC",Epigenetics,5311.0,ONC(=O)CCCCCCC(=O)NC1=CC=CC=C1,WAEXFXRVDQXREF-UHFFFAOYSA-N,Targeted,Launched,HT29,
spher-colo52-v1-ULA-PB000141-HT29-48h-P1-L1,N14,4187,5546,PB000141,PB000141_N14,colo-005,Gefitinib (ZD1839),dmso,1.0,µM,1.0,mM,100.0,nl,40.0,µl,trt,S1025,EGFR,Protein Tyrosine Kinase,123631.0,COC1=C(OCCCN2CCOCC2)C=C3C(=NC=NC3=C1)NC4=CC=C(F)C(=C4)Cl,XGALLCVXEZPNRQ-UHFFFAOYSA-N,Targeted,Launched,HT29,
spher-colo52-v1-ULA-PB000141-HT29-48h-P1-L1,N15,4187,5546,PB000141,PB000141_N15,dmso,dmso,dmso,0.1,µM,100.0,%,100.0,nl,40.0,µl,neg_con,D2438,control,,679.0,CS(=O)C,IAZDPXIOMUYVGZ-UHFFFAOYSA-N,,,HT29,
spher-colo52-v1-ULA-PB000141-HT29-48h-P1-L1,N16,4187,5546,PB000141,PB000141_N16,colo-008,"Vorinostat (SAHA, MK0683)",dmso,0.3,µM,1.0,mM,30.0,nl,40.0,µl,trt,S1047,"Autophagy,HDAC",Epigenetics,5311.0,ONC(=O)CCCCCCC(=O)NC1=CC=CC=C1,WAEXFXRVDQXREF-UHFFFAOYSA-N,Targeted,Launched,HT29,
spher-colo52-v1-ULA-PB000141-HT29-48h-P1-L1,N17,4187,5546,PB000141,PB000141_N17,colo-005,Gefitinib (ZD1839),dmso,10.0,µM,10.0,mM,100.0,nl,40.0,µl,trt,S1025,EGFR,Protein Tyrosine Kinase,123631.0,COC1=C(OCCCN2CCOCC2)C=C3C(=NC=NC3=C1)NC4=CC=C(F)C(=C4)Cl,XGALLCVXEZPNRQ-UHFFFAOYSA-N,Targeted,Launched,HT29,
spher-colo52-v1-ULA-PB000141-HT29-48h-P1-L1,N18,4187,5546,PB000141,PB000141_N18,colo-024,Adavosertib （MK-1775）,dmso,3.0,µM,10.0,mM,30.0,nl,40.0,µl,trt,S1525,Wee1,Cell Cycle,24856436.0,CN1CCN(CC1)C2=CC=C(NC3=NC4=C(C=N3)C(=O)N(CC=C)N4C5=NC(=CC=C5)C(C)(C)O)C=C2,BKWJAKQVGHWELA-UHFFFAOYSA-N,Targeted,Phase 2,HT29,
spher-colo52-v1-ULA-PB000141-HT29-48h-P1-L1,N19,4187,5546,PB000141,PB000141_N19,colo-016,BMS-754807,dmso,0.3,µM,1.0,mM,30.0,nl,40.0,µl,trt,S1124,"c-Met,IGF-1R,Trk receptor",Protein Tyrosine Kinase,24785538.0,CC1(CCCN1C2=N[N]3C=CC=C3C(=N2)NC4=N[NH]C(=C4)C5CC5)C(=O)NC6=CC=C(F)N=C6,LQVXSNNAFNGRAH-QHCPKHFHSA-N,Targeted,Phase 2,HT29,
spher-colo52-v1-ULA-PB000141-HT29-48h-P1-L1,N20,4187,5546,PB000141,PB000141_N20,colo-008,"Vorinostat (SAHA, MK0683)",dmso,0.3,µM,1.0,mM,30.0,nl,40.0,µl,trt,S1047,"Autophagy,HDAC",Epigenetics,5311.0,ONC(=O)CCCCCCC(=O)NC1=CC=CC=C1,WAEXFXRVDQXREF-UHFFFAOYSA-N,Targeted,Launched,HT29,
spher-colo52-v1-ULA-PB000141-HT29-48h-P1-L1,N21,4187,5546,PB000141,PB000141_N21,colo-009,"Olaparib (AZD2281, Ku-0059436)",dmso,10.0,µM,10.0,mM,100.0,nl,40.0,µl,trt,S1060,PARP,DNA Damage,23725625.0,FC1=C(C=C(CC2=NNC(=O)C3=C2C=CC=C3)C=C1)C(=O)N4CCN(CC4)C(=O)C5CC5,FDLYAMZZIXQODN-UHFFFAOYSA-N,Targeted,Launched,HT29,PARPi
spher-colo52-v1-ULA-PB000141-HT29-48h-P1-L1,N22,4187,5546,PB000141,PB000141_N22,colo-026,AZD8055,dmso,0.3,µM,1.0,mM,30.0,nl,40.0,µl,trt,S1555,mTOR,PI3K/Akt/mTOR,25262965.0,COC1=C(CO)C=C(C=C1)C2=NC3=C(C=C2)C(=NC(=N3)N4CCOCC4C)N5CCOCC5C,KVLFRAWTRWDEDF-IRXDYDNUSA-N,Targeted,Phase 1,HT29,
spher-colo52-v1-ULA-PB000141-HT29-48h-P1-L1,N23,4187,5546,PB000141,PB000141_N23,colo-001,ABT-737,dmso,0.03,µM,0.1,mM,30.0,nl,40.0,µl,trt,S1002,"Bcl-2,Autophagy",Apoptosis,11228183.0,CN(C)CCC(CSC1=CC=CC=C1)NC2=CC=C(C=C2[N+]([O-])=O)[S](=O)(=O)NC(=O)C3=CC=C(C=C3)N4CCN(CC4)CC5=C(C=CC=C5)C6=CC=C(Cl)C=C6,HPLNQCPCUACXLM-PGUFJCEWSA-N,Targeted,Phase 1/Phase 2,HT29,
spher-colo52-v1-ULA-PB000141-HT29-48h-P1-L1,O02,4187,5546,PB000141,PB000141_O02,colo-028,Gemcitabine,dmso,0.1,µM,0.1,mM,100.0,nl,40.0,µl,trt,S1714,"Autophagy,DNA/RNA Synthesis",DNA Damage,60750.0,NC1=NC(=O)N(C=C1)C2OC(CO)C(O)C2(F)F,SDUQYLNIPVEERB-QPPQHZFASA-N,Cytotoxic,Launched,HT29,Antimetabolite
spher-colo52-v1-ULA-PB000141-HT29-48h-P1-L1,O03,4187,5546,PB000141,PB000141_O03,colo-016,BMS-754807,dmso,0.3,µM,1.0,mM,30.0,nl,40.0,µl,trt,S1124,"c-Met,IGF-1R,Trk receptor",Protein Tyrosine Kinase,24785538.0,CC1(CCCN1C2=N[N]3C=CC=C3C(=N2)NC4=N[NH]C(=C4)C5CC5)C(=O)NC6=CC=C(F)N=C6,LQVXSNNAFNGRAH-QHCPKHFHSA-N,Targeted,Phase 2,HT29,
spher-colo52-v1-ULA-PB000141-HT29-48h-P1-L1,O04,4187,5546,PB000141,PB000141_O04,colo-029,Trifluridine,dmso,0.3,µM,1.0,mM,30.0,nl,40.0,µl,trt,S1778,DNA/RNA Synthesis,DNA Damage,6256.0,OCC1OC(CC1O)N2C=C(C(=O)NC2=O)C(F)(F)F,VSQQQLOSPVPRAZ-RRKCRQDMSA-N,Cytotoxic,Launched,HT29,Antimetabolite
spher-colo52-v1-ULA-PB000141-HT29-48h-P1-L1,O05,4187,5546,PB000141,PB000141_O05,colo-005,Gefitinib (ZD1839),dmso,10.0,µM,10.0,mM,100.0,nl,40.0,µl,trt,S1025,EGFR,Protein Tyrosine Kinase,123631.0,COC1=C(OCCCN2CCOCC2)C=C3C(=NC=NC3=C1)NC4=CC=C(F)C(=C4)Cl,XGALLCVXEZPNRQ-UHFFFAOYSA-N,Targeted,Launched,HT29,
spher-colo52-v1-ULA-PB000141-HT29-48h-P1-L1,O06,4187,5546,PB000141,PB000141_O06,colo-016,BMS-754807,dmso,10.0,µM,10.0,mM,100.0,nl,40.0,µl,trt,S1124,"c-Met,IGF-1R,Trk receptor",Protein Tyrosine Kinase,24785538.0,CC1(CCCN1C2=N[N]3C=CC=C3C(=N2)NC4=N[NH]C(=C4)C5CC5)C(=O)NC6=CC=C(F)N=C6,LQVXSNNAFNGRAH-QHCPKHFHSA-N,Targeted,Phase 2,HT29,
spher-colo52-v1-ULA-PB000141-HT29-48h-P1-L1,O07,4187,5546,PB000141,PB000141_O07,colo-027,Doramapimod (BIRB 796),dmso,10.0,µM,10.0,mM,100.0,nl,40.0,µl,trt,S1574,p38 MAPK,MAPK,156422.0,CC1=CC=C(C=C1)[N]2N=C(C=C2NC(=O)NC3=CC=C(OCCN4CCOCC4)C5=C3C=CC=C5)C(C)(C)C,MVCOAUNKQVWQHZ-UHFFFAOYSA-N,Targeted,Phase 2,HT29,
spher-colo52-v1-ULA-PB000141-HT29-48h-P1-L1,O08,4187,5546,PB000141,PB000141_O08,colo-033,Miglitol,dmso,1.0,µM,1.0,mM,100.0,nl,40.0,µl,trt,S2589,Others,Others,441314.0,OCCN1CC(O)C(O)C(O)C1CO,IBAQFPQHRJAVAV-ULAWRXDQSA-N,,Launched,HT29,
spher-colo52-v1-ULA-PB000141-HT29-48h-P1-L1,O09,4187,5546,PB000141,PB000141_O09,dmso,dmso,dmso,0.1,µM,100.0,%,100.0,nl,40.0,µl,neg_con,D2438,control,,679.0,CS(=O)C,IAZDPXIOMUYVGZ-UHFFFAOYSA-N,,,HT29,
spher-colo52-v1-ULA-PB000141-HT29-48h-P1-L1,O10,4187,5546,PB000141,PB000141_O10,colo-018,Paclitaxel,dmso,0.003,µM,0.01,mM,30.0,nl,40.0,µl,trt,S1150,"Autophagy,Microtubule Associated",Cytoskeletal Signaling,441276.0,CC(=O)OC1C(=O)C2(C)C(O)CC3OCC3(OC(C)=O)C2C(OC(=O)C4=CC=CC=C4)C5(O)CC(OC(=O)C(O)C(NC(=O)C6=CC=CC=C6)C7=CC=CC=C7)C(=C1C5(C)C)C,RCINICONZNJXQF-VAZQATRQSA-N,Cytotoxic,Preclinical,HT29,
spher-colo52-v1-ULA-PB000141-HT29-48h-P1-L1,O11,4187,5546,PB000141,PB000141_O11,colo-009,"Olaparib (AZD2281, Ku-0059436)",dmso,10.0,µM,10.0,mM,100.0,nl,40.0,µl,trt,S1060,PARP,DNA Damage,23725625.0,FC1=C(C=C(CC2=NNC(=O)C3=C2C=CC=C3)C=C1)C(=O)N4CCN(CC4)C(=O)C5CC5,FDLYAMZZIXQODN-UHFFFAOYSA-N,Targeted,Launched,HT29,PARPi
spher-colo52-v1-ULA-PB000141-HT29-48h-P1-L1,O12,4187,5546,PB000141,PB000141_O12,colo-026,AZD8055,dmso,3.0,µM,10.0,mM,30.0,nl,40.0,µl,trt,S1555,mTOR,PI3K/Akt/mTOR,25262965.0,COC1=C(CO)C=C(C=C1)C2=NC3=C(C=C2)C(=NC(=N3)N4CCOCC4C)N5CCOCC5C,KVLFRAWTRWDEDF-IRXDYDNUSA-N,Targeted,Phase 1,HT29,
spher-colo52-v1-ULA-PB000141-HT29-48h-P1-L1,O13,4187,5546,PB000141,PB000141_O13,colo-017,Tanespimycin (17-AAG),dmso,0.03,µM,0.1,mM,30.0,nl,40.0,µl,trt,S1141,HSP (e.g. HSP90),Cytoskeletal Signaling,6505803.0,COC1CC(C)CC2=C(NCC=C)C(=O)C=C(NC(=O)C(=C\C=C/C(OC)C(OC(N)=O)/C(=C/C(C)C1O)C)\C)C2=O,AYUNIORJHRXIBJ-TXHRRWQRSA-N,Targeted,Phase 3,HT29,
spher-colo52-v1-ULA-PB000141-HT29-48h-P1-L1,O14,4187,5546,PB000141,PB000141_O14,colo-004,Bortezomib (PS-341),dmso,0.1,µM,0.1,mM,100.0,nl,40.0,µl,trt,S1013,Proteasome,Proteases,387447.0,CC(C)CC(NC(=O)C(CC1=CC=CC=C1)NC(=O)C2=NC=CN=C2)B(O)O,GXJABQQUPOEUTA-RDJZCZTQSA-N,Targeted,Launched,HT29,
spher-colo52-v1-ULA-PB000141-HT29-48h-P1-L1,O15,4187,5546,PB000141,PB000141_O15,colo-010,Nutlin-3,dmso,10.0,µM,10.0,mM,100.0,nl,40.0,µl,trt,S1061,"E3 Ligase ,Mdm2",Apoptosis,216345.0,COC1=CC(=C(C=C1)C2=NC(C(N2C(=O)N3CCNC(=O)C3)C4=CC=C(Cl)C=C4)C5=CC=C(Cl)C=C5)OC(C)C,BDUHCSBCVGXTJM-UHFFFAOYSA-N,Targeted,Preclinical,HT29,
spher-colo52-v1-ULA-PB000141-HT29-48h-P1-L1,O16,4187,5546,PB000141,PB000141_O16,colo-027,Doramapimod (BIRB 796),dmso,0.3,µM,1.0,mM,30.0,nl,40.0,µl,trt,S1574,p38 MAPK,MAPK,156422.0,CC1=CC=C(C=C1)[N]2N=C(C=C2NC(=O)NC3=CC=C(OCCN4CCOCC4)C5=C3C=CC=C5)C(C)(C)C,MVCOAUNKQVWQHZ-UHFFFAOYSA-N,Targeted,Phase 2,HT29,
spher-colo52-v1-ULA-PB000141-HT29-48h-P1-L1,O17,4187,5546,PB000141,PB000141_O17,colo-034,Rabusertib (LY2603618),dmso,3.0,µM,10.0,mM,30.0,nl,40.0,µl,trt,S2626,Chk,Cell Cycle,11955855.0,CC1=NC=C(NC(=O)NC2=C(OCC3CNCCO3)C=C(C)C(=C2)Br)N=C1,SYYBDNPGDKKJDU-ZDUSSCGKSA-N,Targeted,Phase 2,HT29,
spher-colo52-v1-ULA-PB000141-HT29-48h-P1-L1,O18,4187,5546,PB000141,PB000141_O18,colo-029,Trifluridine,dmso,3.0,µM,10.0,mM,30.0,nl,40.0,µl,trt,S1778,DNA/RNA Synthesis,DNA Damage,6256.0,OCC1OC(CC1O)N2C=C(C(=O)NC2=O)C(F)(F)F,VSQQQLOSPVPRAZ-RRKCRQDMSA-N,Cytotoxic,Launched,HT29,Antimetabolite
spher-colo52-v1-ULA-PB000141-HT29-48h-P1-L1,O19,4187,5546,PB000141,PB000141_O19,colo-033,Miglitol,dmso,10.0,µM,10.0,mM,100.0,nl,40.0,µl,trt,S2589,Others,Others,441314.0,OCCN1CC(O)C(O)C(O)C1CO,IBAQFPQHRJAVAV-ULAWRXDQSA-N,,Launched,HT29,
spher-colo52-v1-ULA-PB000141-HT29-48h-P1-L1,O20,4187,5546,PB000141,PB000141_O20,sorb,sorb,dmso,10.0,µM,10.0,mM,100.0,nl,40.0,µl,pos_con,S1876,inert,,5780.0,C(C(C(C(C(CO)O)O)O)O)O,FBPFZTCFMRRESA-JGWLITMVSA-N,,,HT29,
spher-colo52-v1-ULA-PB000141-HT29-48h-P1-L1,O21,4187,5546,PB000141,PB000141_O21,colo-024,Adavosertib （MK-1775）,dmso,1.0,µM,1.0,mM,100.0,nl,40.0,µl,trt,S1525,Wee1,Cell Cycle,24856436.0,CN1CCN(CC1)C2=CC=C(NC3=NC4=C(C=N3)C(=O)N(CC=C)N4C5=NC(=CC=C5)C(C)(C)O)C=C2,BKWJAKQVGHWELA-UHFFFAOYSA-N,Targeted,Phase 2,HT29,
spher-colo52-v1-ULA-PB000141-HT29-48h-P1-L1,O22,4187,5546,PB000141,PB000141_O22,colo-028,Gemcitabine,dmso,0.3,µM,1.0,mM,30.0,nl,40.0,µl,trt,S1714,"Autophagy,DNA/RNA Synthesis",DNA Damage,60750.0,NC1=NC(=O)N(C=C1)C2OC(CO)C(O)C2(F)F,SDUQYLNIPVEERB-QPPQHZFASA-N,Cytotoxic,Launched,HT29,Antimetabolite
spher-colo52-v1-ULA-PB000141-HT29-48h-P1-L1,O23,4187,5546,PB000141,PB000141_O23,colo-035,Trametinib (GSK1120212),dmso,0.1,µM,0.1,mM,100.0,nl,40.0,µl,trt,S2673,MEK,MAPK,11707110.0,CN1C(=O)C(=C2N(C(=O)N(C3CC3)C(=O)C2=C1NC4=CC=C(I)C=C4F)C5=CC(=CC=C5)NC(C)=O)C,LIRYPHYGHXZJBZ-UHFFFAOYSA-N,Targeted,Launched,HT29,
spher-colo52-v1-ULA-PB000138-HCT116-48h-P2-L1,B02,4188,5547,PB000138,PB000138_B02,colo-006,PD0325901,dmso,3.0,µM,10.0,mM,30.0,nl,40.0,µl,trt,S1036,MEK,MAPK,9826528.0,OCC(O)CONC(=O)C1=C(NC2=CC=C(I)C=C2F)C(=C(F)C=C1)F,SUDAHWBOROXANE-SECBINFHSA-N,Targeted,Phase 2,HCT116,
spher-colo52-v1-ULA-PB000138-HCT116-48h-P2-L1,B03,4188,5547,PB000138,PB000138_B03,colo-018,Paclitaxel,dmso,0.1,µM,0.1,mM,100.0,nl,40.0,µl,trt,S1150,"Autophagy,Microtubule Associated",Cytoskeletal Signaling,441276.0,CC(=O)OC1C(=O)C2(C)C(O)CC3OCC3(OC(C)=O)C2C(OC(=O)C4=CC=CC=C4)C5(O)CC(OC(=O)C(O)C(NC(=O)C6=CC=CC=C6)C7=CC=CC=C7)C(=C1C5(C)C)C,RCINICONZNJXQF-VAZQATRQSA-N,Cytotoxic,Preclinical,HCT116,
spher-colo52-v1-ULA-PB000138-HCT116-48h-P2-L1,B04,4188,5547,PB000138,PB000138_B04,colo-009,"Olaparib (AZD2281, Ku-0059436)",dmso,3.0,µM,10.0,mM,30.0,nl,40.0,µl,trt,S1060,PARP,DNA Damage,23725625.0,FC1=C(C=C(CC2=NNC(=O)C3=C2C=CC=C3)C=C1)C(=O)N4CCN(CC4)C(=O)C5CC5,FDLYAMZZIXQODN-UHFFFAOYSA-N,Targeted,Launched,HCT116,PARPi
spher-colo52-v1-ULA-PB000138-HCT116-48h-P2-L1,B05,4188,5547,PB000138,PB000138_B05,colo-012,SB216763,dmso,10.0,µM,10.0,mM,100.0,nl,40.0,µl,trt,S1075,GSK-3,PI3K/Akt/mTOR,176158.0,C[N]1C=C(C2=C1C=CC=C2)C3=C(C(=O)NC3=O)C4=CC=C(Cl)C=C4Cl,JCSGFHVFHSKIJH-UHFFFAOYSA-N,Targeted,Preclinical,HCT116,
spher-colo52-v1-ULA-PB000138-HCT116-48h-P2-L1,B06,4188,5547,PB000138,PB000138_B06,colo-008,"Vorinostat (SAHA, MK0683)",dmso,3.0,µM,10.0,mM,30.0,nl,40.0,µl,trt,S1047,"Autophagy,HDAC",Epigenetics,5311.0,ONC(=O)CCCCCCC(=O)NC1=CC=CC=C1,WAEXFXRVDQXREF-UHFFFAOYSA-N,Targeted,Launched,HCT116,
spher-colo52-v1-ULA-PB000138-HCT116-48h-P2-L1,B07,4188,5547,PB000138,PB000138_B07,colo-025,AZD7762,dmso,10.0,µM,10.0,mM,100.0,nl,40.0,µl,trt,S1532,Chk,Cell Cycle,11152667.0,NC(=O)NC1=C(SC(=C1)C2=CC(=CC=C2)F)C(=O)NC3CCCNC3,IAYGCINLNONXHY-LBPRGKRZSA-N,Targeted,Phase 1,HCT116,
spher-colo52-v1-ULA-PB000138-HCT116-48h-P2-L1,B08,4188,5547,PB000138,PB000138_B08,sorb,sorb,dmso,10.0,µM,10.0,mM,100.0,nl,40.0,µl,pos_con,S1876,inert,,5780.0,C(C(C(C(C(CO)O)O)O)O)O,FBPFZTCFMRRESA-JGWLITMVSA-N,,,HCT116,
spher-colo52-v1-ULA-PB000138-HCT116-48h-P2-L1,B09,4188,5547,PB000138,PB000138_B09,colo-015,Triciribine,dmso,0.3,µM,1.0,mM,30.0,nl,40.0,µl,trt,S1117,Akt,PI3K/Akt/mTOR,65399.0,CN1N=C(N)C2=C[N](C3OC(CO)C(O)C3O)C4=C2C1=NC=N4,HOGVTUZUJGHKPL-HTVVRFAVSA-N,Targeted,Phase 1/Phase 2,HCT116,
spher-colo52-v1-ULA-PB000138-HCT116-48h-P2-L1,B10,4188,5547,PB000138,PB000138_B10,colo-027,Doramapimod (BIRB 796),dmso,10.0,µM,10.0,mM,100.0,nl,40.0,µl,trt,S1574,p38 MAPK,MAPK,156422.0,CC1=CC=C(C=C1)[N]2N=C(C=C2NC(=O)NC3=CC=C(OCCN4CCOCC4)C5=C3C=CC=C5)C(C)(C)C,MVCOAUNKQVWQHZ-UHFFFAOYSA-N,Targeted,Phase 2,HCT116,
spher-colo52-v1-ULA-PB000138-HCT116-48h-P2-L1,B11,4188,5547,PB000138,PB000138_B11,colo-032,Phenformin HCl,dmso,10.0,µM,10.0,mM,100.0,nl,40.0,µl,trt,S2542,AMPK,PI3K/Akt/mTOR,13266.0,Cl.NC(=N)NC(=N)NCCC1=CC=CC=C1,YSUCWSWKRIOILX-UHFFFAOYSA-N,,Launched,HCT116,
spher-colo52-v1-ULA-PB000138-HCT116-48h-P2-L1,B12,4188,5547,PB000138,PB000138_B12,colo-003,Afatinib (BIBW2992),dmso,0.3,µM,1.0,mM,30.0,nl,40.0,µl,trt,S1011,"EGFR,HER2",Protein Tyrosine Kinase,10184653.0,CN(C)C/C=C/C(=O)NC1=CC2=C(NC3=CC=C(F)C(=C3)Cl)N=CN=C2C=C1OC4CCOC4,ULXXDDBFHOBEHA-CWDCEQMOSA-N,Targeted,Launched,HCT116,
spher-colo52-v1-ULA-PB000138-HCT116-48h-P2-L1,B13,4188,5547,PB000138,PB000138_B13,colo-012,SB216763,dmso,0.3,µM,1.0,mM,30.0,nl,40.0,µl,trt,S1075,GSK-3,PI3K/Akt/mTOR,176158.0,C[N]1C=C(C2=C1C=CC=C2)C3=C(C(=O)NC3=O)C4=CC=C(Cl)C=C4Cl,JCSGFHVFHSKIJH-UHFFFAOYSA-N,Targeted,Preclinical,HCT116,
spher-colo52-v1-ULA-PB000138-HCT116-48h-P2-L1,B14,4188,5547,PB000138,PB000138_B14,colo-010,Nutlin-3,dmso,10.0,µM,10.0,mM,100.0,nl,40.0,µl,trt,S1061,"E3 Ligase ,Mdm2",Apoptosis,216345.0,COC1=CC(=C(C=C1)C2=NC(C(N2C(=O)N3CCNC(=O)C3)C4=CC=C(Cl)C=C4)C5=CC=C(Cl)C=C5)OC(C)C,BDUHCSBCVGXTJM-UHFFFAOYSA-N,Targeted,Preclinical,HCT116,
spher-colo52-v1-ULA-PB000138-HCT116-48h-P2-L1,B15,4188,5547,PB000138,PB000138_B15,colo-029,Trifluridine,dmso,1.0,µM,1.0,mM,100.0,nl,40.0,µl,trt,S1778,DNA/RNA Synthesis,DNA Damage,6256.0,OCC1OC(CC1O)N2C=C(C(=O)NC2=O)C(F)(F)F,VSQQQLOSPVPRAZ-RRKCRQDMSA-N,Cytotoxic,Launched,HCT116,Antimetabolite
spher-colo52-v1-ULA-PB000138-HCT116-48h-P2-L1,B16,4188,5547,PB000138,PB000138_B16,colo-013,MK-2206 2HCl,dmso,3.0,µM,10.0,mM,30.0,nl,40.0,µl,trt,S1078,Akt,PI3K/Akt/mTOR,46930998.0,Cl.Cl.NC1(CCC1)C2=CC=C(C=C2)C3=C(C=C4C(=N3)C=CN5C(=O)NN=C45)C6=CC=CC=C6,HWUHTJIKQZZBRA-UHFFFAOYSA-N,Targeted,Preclinical,HCT116,
spher-colo52-v1-ULA-PB000138-HCT116-48h-P2-L1,B17,4188,5547,PB000138,PB000138_B17,colo-006,PD0325901,dmso,1.0,µM,1.0,mM,100.0,nl,40.0,µl,trt,S1036,MEK,MAPK,9826528.0,OCC(O)CONC(=O)C1=C(NC2=CC=C(I)C=C2F)C(=C(F)C=C1)F,SUDAHWBOROXANE-SECBINFHSA-N,Targeted,Phase 2,HCT116,
spher-colo52-v1-ULA-PB000138-HCT116-48h-P2-L1,B18,4188,5547,PB000138,PB000138_B18,colo-013,MK-2206 2HCl,dmso,0.3,µM,1.0,mM,30.0,nl,40.0,µl,trt,S1078,Akt,PI3K/Akt/mTOR,46930998.0,Cl.Cl.NC1(CCC1)C2=CC=C(C=C2)C3=C(C=C4C(=N3)C=CN5C(=O)NN=C45)C6=CC=CC=C6,HWUHTJIKQZZBRA-UHFFFAOYSA-N,Targeted,Preclinical,HCT116,
spher-colo52-v1-ULA-PB000138-HCT116-48h-P2-L1,B19,4188,5547,PB000138,PB000138_B19,colo-029,Trifluridine,dmso,10.0,µM,10.0,mM,100.0,nl,40.0,µl,trt,S1778,DNA/RNA Synthesis,DNA Damage,6256.0,OCC1OC(CC1O)N2C=C(C(=O)NC2=O)C(F)(F)F,VSQQQLOSPVPRAZ-RRKCRQDMSA-N,Cytotoxic,Launched,HCT116,Antimetabolite
spher-colo52-v1-ULA-PB000138-HCT116-48h-P2-L1,B20,4188,5547,PB000138,PB000138_B20,colo-012,SB216763,dmso,0.3,µM,1.0,mM,30.0,nl,40.0,µl,trt,S1075,GSK-3,PI3K/Akt/mTOR,176158.0,C[N]1C=C(C2=C1C=CC=C2)C3=C(C(=O)NC3=O)C4=CC=C(Cl)C=C4Cl,JCSGFHVFHSKIJH-UHFFFAOYSA-N,Targeted,Preclinical,HCT116,
spher-colo52-v1-ULA-PB000138-HCT116-48h-P2-L1,B21,4188,5547,PB000138,PB000138_B21,colo-035,Trametinib (GSK1120212),dmso,0.1,µM,0.1,mM,100.0,nl,40.0,µl,trt,S2673,MEK,MAPK,11707110.0,CN1C(=O)C(=C2N(C(=O)N(C3CC3)C(=O)C2=C1NC4=CC=C(I)C=C4F)C5=CC(=CC=C5)NC(C)=O)C,LIRYPHYGHXZJBZ-UHFFFAOYSA-N,Targeted,Launched,HCT116,
spher-colo52-v1-ULA-PB000138-HCT116-48h-P2-L1,B22,4188,5547,PB000138,PB000138_B22,dmso,dmso,dmso,0.1,µM,100.0,%,100.0,nl,40.0,µl,neg_con,D2438,control,,679.0,CS(=O)C,IAZDPXIOMUYVGZ-UHFFFAOYSA-N,,,HCT116,
spher-colo52-v1-ULA-PB000138-HCT116-48h-P2-L1,B23,4188,5547,PB000138,PB000138_B23,colo-023,Ruxolitinib (INCB018424),dmso,1.0,µM,1.0,mM,100.0,nl,40.0,µl,trt,S1378,JAK,JAK/STAT,25126798.0,N#CCC(C1CCCC1)[N]2C=C(C=N2)C3=NC=NC4=C3C=C[NH]4,HFNKQEVNSGCOJV-OAHLLOKOSA-N,Targeted,Launched,HCT116,
spher-colo52-v1-ULA-PB000138-HCT116-48h-P2-L1,C02,4188,5547,PB000138,PB000138_C02,colo-026,AZD8055,dmso,10.0,µM,10.0,mM,100.0,nl,40.0,µl,trt,S1555,mTOR,PI3K/Akt/mTOR,25262965.0,COC1=C(CO)C=C(C=C1)C2=NC3=C(C=C2)C(=NC(=N3)N4CCOCC4C)N5CCOCC5C,KVLFRAWTRWDEDF-IRXDYDNUSA-N,Targeted,Phase 1,HCT116,
spher-colo52-v1-ULA-PB000138-HCT116-48h-P2-L1,C03,4188,5547,PB000138,PB000138_C03,colo-004,Bortezomib (PS-341),dmso,0.03,µM,0.1,mM,30.0,nl,40.0,µl,trt,S1013,Proteasome,Proteases,387447.0,CC(C)CC(NC(=O)C(CC1=CC=CC=C1)NC(=O)C2=NC=CN=C2)B(O)O,GXJABQQUPOEUTA-RDJZCZTQSA-N,Targeted,Launched,HCT116,
spher-colo52-v1-ULA-PB000138-HCT116-48h-P2-L1,C04,4188,5547,PB000138,PB000138_C04,colo-035,Trametinib (GSK1120212),dmso,0.3,µM,1.0,mM,30.0,nl,40.0,µl,trt,S2673,MEK,MAPK,11707110.0,CN1C(=O)C(=C2N(C(=O)N(C3CC3)C(=O)C2=C1NC4=CC=C(I)C=C4F)C5=CC(=CC=C5)NC(C)=O)C,LIRYPHYGHXZJBZ-UHFFFAOYSA-N,Targeted,Launched,HCT116,
spher-colo52-v1-ULA-PB000138-HCT116-48h-P2-L1,C05,4188,5547,PB000138,PB000138_C05,dmso,dmso,dmso,0.1,µM,100.0,%,100.0,nl,40.0,µl,neg_con,D2438,control,,679.0,CS(=O)C,IAZDPXIOMUYVGZ-UHFFFAOYSA-N,,,HCT116,
spher-colo52-v1-ULA-PB000138-HCT116-48h-P2-L1,C06,4188,5547,PB000138,PB000138_C06,colo-017,Tanespimycin (17-AAG),dmso,0.1,µM,0.1,mM,100.0,nl,40.0,µl,trt,S1141,HSP (e.g. HSP90),Cytoskeletal Signaling,6505803.0,COC1CC(C)CC2=C(NCC=C)C(=O)C=C(NC(=O)C(=C\C=C/C(OC)C(OC(N)=O)/C(=C/C(C)C1O)C)\C)C2=O,AYUNIORJHRXIBJ-TXHRRWQRSA-N,Targeted,Phase 3,HCT116,
spher-colo52-v1-ULA-PB000138-HCT116-48h-P2-L1,C07,4188,5547,PB000138,PB000138_C07,colo-014,Linsitinib (OSI-906),dmso,3.0,µM,10.0,mM,30.0,nl,40.0,µl,trt,S1091,IGF-1R,Protein Tyrosine Kinase,11640390.0,CC1(O)CC(C1)C2=NC(=C3[N]2C=CN=C3N)C4=CC=C5C=CC(=NC5=C4)C6=CC=CC=C6,PKCDDUHJAFVJJB-UHFFFAOYSA-N,Targeted,Preclinical,HCT116,
spher-colo52-v1-ULA-PB000138-HCT116-48h-P2-L1,C08,4188,5547,PB000138,PB000138_C08,colo-019,Regorafenib (BAY 73-4506),dmso,10.0,µM,10.0,mM,100.0,nl,40.0,µl,trt,S1178,"c-RET,VEGFR",Protein Tyrosine Kinase,11167602.0,CNC(=O)C1=CC(=CC=N1)OC2=CC(=C(NC(=O)NC3=CC=C(Cl)C(=C3)C(F)(F)F)C=C2)F,FNHKPVJBJVTLMP-UHFFFAOYSA-N,Targeted,Launched,HCT116,
spher-colo52-v1-ULA-PB000138-HCT116-48h-P2-L1,C09,4188,5547,PB000138,PB000138_C09,colo-024,Adavosertib （MK-1775）,dmso,1.0,µM,1.0,mM,100.0,nl,40.0,µl,trt,S1525,Wee1,Cell Cycle,24856436.0,CN1CCN(CC1)C2=CC=C(NC3=NC4=C(C=N3)C(=O)N(CC=C)N4C5=NC(=CC=C5)C(C)(C)O)C=C2,BKWJAKQVGHWELA-UHFFFAOYSA-N,Targeted,Phase 2,HCT116,
spher-colo52-v1-ULA-PB000138-HCT116-48h-P2-L1,C10,4188,5547,PB000138,PB000138_C10,colo-025,AZD7762,dmso,3.0,µM,10.0,mM,30.0,nl,40.0,µl,trt,S1532,Chk,Cell Cycle,11152667.0,NC(=O)NC1=C(SC(=C1)C2=CC(=CC=C2)F)C(=O)NC3CCCNC3,IAYGCINLNONXHY-LBPRGKRZSA-N,Targeted,Phase 1,HCT116,
spher-colo52-v1-ULA-PB000138-HCT116-48h-P2-L1,C11,4188,5547,PB000138,PB000138_C11,colo-019,Regorafenib (BAY 73-4506),dmso,1.0,µM,1.0,mM,100.0,nl,40.0,µl,trt,S1178,"c-RET,VEGFR",Protein Tyrosine Kinase,11167602.0,CNC(=O)C1=CC(=CC=N1)OC2=CC(=C(NC(=O)NC3=CC=C(Cl)C(=C3)C(F)(F)F)C=C2)F,FNHKPVJBJVTLMP-UHFFFAOYSA-N,Targeted,Launched,HCT116,
spher-colo52-v1-ULA-PB000138-HCT116-48h-P2-L1,C12,4188,5547,PB000138,PB000138_C12,colo-018,Paclitaxel,dmso,0.003,µM,0.01,mM,30.0,nl,40.0,µl,trt,S1150,"Autophagy,Microtubule Associated",Cytoskeletal Signaling,441276.0,CC(=O)OC1C(=O)C2(C)C(O)CC3OCC3(OC(C)=O)C2C(OC(=O)C4=CC=CC=C4)C5(O)CC(OC(=O)C(O)C(NC(=O)C6=CC=CC=C6)C7=CC=CC=C7)C(=C1C5(C)C)C,RCINICONZNJXQF-VAZQATRQSA-N,Cytotoxic,Preclinical,HCT116,
spher-colo52-v1-ULA-PB000138-HCT116-48h-P2-L1,C13,4188,5547,PB000138,PB000138_C13,colo-025,AZD7762,dmso,0.3,µM,1.0,mM,30.0,nl,40.0,µl,trt,S1532,Chk,Cell Cycle,11152667.0,NC(=O)NC1=C(SC(=C1)C2=CC(=CC=C2)F)C(=O)NC3CCCNC3,IAYGCINLNONXHY-LBPRGKRZSA-N,Targeted,Phase 1,HCT116,
spher-colo52-v1-ULA-PB000138-HCT116-48h-P2-L1,C14,4188,5547,PB000138,PB000138_C14,colo-003,Afatinib (BIBW2992),dmso,0.3,µM,1.0,mM,30.0,nl,40.0,µl,trt,S1011,"EGFR,HER2",Protein Tyrosine Kinase,10184653.0,CN(C)C/C=C/C(=O)NC1=CC2=C(NC3=CC=C(F)C(=C3)Cl)N=CN=C2C=C1OC4CCOC4,ULXXDDBFHOBEHA-CWDCEQMOSA-N,Targeted,Launched,HCT116,
spher-colo52-v1-ULA-PB000138-HCT116-48h-P2-L1,C15,4188,5547,PB000138,PB000138_C15,colo-009,"Olaparib (AZD2281, Ku-0059436)",dmso,1.0,µM,1.0,mM,100.0,nl,40.0,µl,trt,S1060,PARP,DNA Damage,23725625.0,FC1=C(C=C(CC2=NNC(=O)C3=C2C=CC=C3)C=C1)C(=O)N4CCN(CC4)C(=O)C5CC5,FDLYAMZZIXQODN-UHFFFAOYSA-N,Targeted,Launched,HCT116,PARPi
spher-colo52-v1-ULA-PB000138-HCT116-48h-P2-L1,C16,4188,5547,PB000138,PB000138_C16,colo-002,Veliparib (ABT-888),dmso,1.0,µM,1.0,mM,100.0,nl,40.0,µl,trt,S1004,PARP,DNA Damage,11960529.0,CC1(CCCN1)C2=NC3=C(C=CC=C3[NH]2)C(N)=O,JNAHVYVRKWKWKQ-CYBMUJFWSA-N,Targeted,Phase 3,HCT116,PARPi
spher-colo52-v1-ULA-PB000138-HCT116-48h-P2-L1,C17,4188,5547,PB000138,PB000138_C17,colo-030,SB505124,dmso,10.0,µM,10.0,mM,100.0,nl,40.0,µl,trt,S2186,TGF-beta/Smad,TGF-beta/Smad,9858940.0,CC1=CC=CC(=N1)C2=C(N=C([NH]2)C(C)(C)C)C3=CC4=C(OCO4)C=C3,WGZOTBUYUFBEPZ-UHFFFAOYSA-N,Targeted,Preclinical,HCT116,
spher-colo52-v1-ULA-PB000138-HCT116-48h-P2-L1,C18,4188,5547,PB000138,PB000138_C18,colo-011,Crizotinib (PF-02341066),dmso,10.0,µM,10.0,mM,100.0,nl,40.0,µl,trt,S1068,"ALK,c-Met",Protein Tyrosine Kinase,11626560.0,CC(OC1=C(N)N=CC(=C1)C2=C[N](N=C2)C3CCNCC3)C4=C(Cl)C=CC(=C4Cl)F,KTEIFNKAUNYNJU-GFCCVEGCSA-N,Targeted,Launched,HCT116,
spher-colo52-v1-ULA-PB000138-HCT116-48h-P2-L1,C19,4188,5547,PB000138,PB000138_C19,fenb,fenb,dmso,2.5,µM,10.0,mM,25.0,nl,40.0,µl,pos_con,F0040000,tubulin beta chain,,3334.0,COC(=O)NC1=NC2=C(N1)C=C(C=C2)SC3=CC=CC=C3,HDDSHPAODJUKPD-UHFFFAOYSA-N,,,HCT116,
spher-colo52-v1-ULA-PB000138-HCT116-48h-P2-L1,C20,4188,5547,PB000138,PB000138_C20,colo-006,PD0325901,dmso,0.3,µM,1.0,mM,30.0,nl,40.0,µl,trt,S1036,MEK,MAPK,9826528.0,OCC(O)CONC(=O)C1=C(NC2=CC=C(I)C=C2F)C(=C(F)C=C1)F,SUDAHWBOROXANE-SECBINFHSA-N,Targeted,Phase 2,HCT116,
spher-colo52-v1-ULA-PB000138-HCT116-48h-P2-L1,C21,4188,5547,PB000138,PB000138_C21,colo-010,Nutlin-3,dmso,1.0,µM,1.0,mM,100.0,nl,40.0,µl,trt,S1061,"E3 Ligase ,Mdm2",Apoptosis,216345.0,COC1=CC(=C(C=C1)C2=NC(C(N2C(=O)N3CCNC(=O)C3)C4=CC=C(Cl)C=C4)C5=CC=C(Cl)C=C5)OC(C)C,BDUHCSBCVGXTJM-UHFFFAOYSA-N,Targeted,Preclinical,HCT116,
spher-colo52-v1-ULA-PB000138-HCT116-48h-P2-L1,C22,4188,5547,PB000138,PB000138_C22,colo-022,"Vemurafenib (PLX4032, RG7204)",dmso,3.0,µM,10.0,mM,30.0,nl,40.0,µl,trt,S1267,Raf,MAPK,42611257.0,CCC[S](=O)(=O)NC1=CC=C(F)C(=C1F)C(=O)C2=C[NH]C3=NC=C(C=C23)C4=CC=C(Cl)C=C4,GPXBXXGIAQBQNI-UHFFFAOYSA-N,Targeted,Launched,HCT116,
spher-colo52-v1-ULA-PB000138-HCT116-48h-P2-L1,C23,4188,5547,PB000138,PB000138_C23,colo-033,Miglitol,dmso,10.0,µM,10.0,mM,100.0,nl,40.0,µl,trt,S2589,Others,Others,441314.0,OCCN1CC(O)C(O)C(O)C1CO,IBAQFPQHRJAVAV-ULAWRXDQSA-N,,Launched,HCT116,
spher-colo52-v1-ULA-PB000138-HCT116-48h-P2-L1,D02,4188,5547,PB000138,PB000138_D02,colo-030,SB505124,dmso,10.0,µM,10.0,mM,100.0,nl,40.0,µl,trt,S2186,TGF-beta/Smad,TGF-beta/Smad,9858940.0,CC1=CC=CC(=N1)C2=C(N=C([NH]2)C(C)(C)C)C3=CC4=C(OCO4)C=C3,WGZOTBUYUFBEPZ-UHFFFAOYSA-N,Targeted,Preclinical,HCT116,
spher-colo52-v1-ULA-PB000138-HCT116-48h-P2-L1,D03,4188,5547,PB000138,PB000138_D03,colo-032,Phenformin HCl,dmso,0.3,µM,1.0,mM,30.0,nl,40.0,µl,trt,S2542,AMPK,PI3K/Akt/mTOR,13266.0,Cl.NC(=N)NC(=N)NCCC1=CC=CC=C1,YSUCWSWKRIOILX-UHFFFAOYSA-N,,Launched,HCT116,
spher-colo52-v1-ULA-PB000138-HCT116-48h-P2-L1,D04,4188,5547,PB000138,PB000138_D04,colo-024,Adavosertib （MK-1775）,dmso,10.0,µM,10.0,mM,100.0,nl,40.0,µl,trt,S1525,Wee1,Cell Cycle,24856436.0,CN1CCN(CC1)C2=CC=C(NC3=NC4=C(C=N3)C(=O)N(CC=C)N4C5=NC(=CC=C5)C(C)(C)O)C=C2,BKWJAKQVGHWELA-UHFFFAOYSA-N,Targeted,Phase 2,HCT116,
spher-colo52-v1-ULA-PB000138-HCT116-48h-P2-L1,D05,4188,5547,PB000138,PB000138_D05,colo-033,Miglitol,dmso,0.3,µM,1.0,mM,30.0,nl,40.0,µl,trt,S2589,Others,Others,441314.0,OCCN1CC(O)C(O)C(O)C1CO,IBAQFPQHRJAVAV-ULAWRXDQSA-N,,Launched,HCT116,
spher-colo52-v1-ULA-PB000138-HCT116-48h-P2-L1,D06,4188,5547,PB000138,PB000138_D06,colo-019,Regorafenib (BAY 73-4506),dmso,3.0,µM,10.0,mM,30.0,nl,40.0,µl,trt,S1178,"c-RET,VEGFR",Protein Tyrosine Kinase,11167602.0,CNC(=O)C1=CC(=CC=N1)OC2=CC(=C(NC(=O)NC3=CC=C(Cl)C(=C3)C(F)(F)F)C=C2)F,FNHKPVJBJVTLMP-UHFFFAOYSA-N,Targeted,Launched,HCT116,
spher-colo52-v1-ULA-PB000138-HCT116-48h-P2-L1,D07,4188,5547,PB000138,PB000138_D07,colo-011,Crizotinib (PF-02341066),dmso,1.0,µM,1.0,mM,100.0,nl,40.0,µl,trt,S1068,"ALK,c-Met",Protein Tyrosine Kinase,11626560.0,CC(OC1=C(N)N=CC(=C1)C2=C[N](N=C2)C3CCNCC3)C4=C(Cl)C=CC(=C4Cl)F,KTEIFNKAUNYNJU-GFCCVEGCSA-N,Targeted,Launched,HCT116,
spher-colo52-v1-ULA-PB000138-HCT116-48h-P2-L1,D08,4188,5547,PB000138,PB000138_D08,colo-034,Rabusertib (LY2603618),dmso,0.3,µM,1.0,mM,30.0,nl,40.0,µl,trt,S2626,Chk,Cell Cycle,11955855.0,CC1=NC=C(NC(=O)NC2=C(OCC3CNCCO3)C=C(C)C(=C2)Br)N=C1,SYYBDNPGDKKJDU-ZDUSSCGKSA-N,Targeted,Phase 2,HCT116,
spher-colo52-v1-ULA-PB000138-HCT116-48h-P2-L1,D09,4188,5547,PB000138,PB000138_D09,colo-032,Phenformin HCl,dmso,3.0,µM,10.0,mM,30.0,nl,40.0,µl,trt,S2542,AMPK,PI3K/Akt/mTOR,13266.0,Cl.NC(=N)NC(=N)NCCC1=CC=CC=C1,YSUCWSWKRIOILX-UHFFFAOYSA-N,,Launched,HCT116,
spher-colo52-v1-ULA-PB000138-HCT116-48h-P2-L1,D10,4188,5547,PB000138,PB000138_D10,colo-020,"Fluorouracil (5-Fluoracil, 5-FU)",dmso,1.0,µM,1.0,mM,100.0,nl,40.0,µl,trt,S1209,DNA/RNA Synthesis,DNA Damage,3385.0,FC1=CNC(=O)NC1=O,GHASVSINZRGABV-UHFFFAOYSA-N,Cytotoxic,Launched,HCT116,Antimetabolite
spher-colo52-v1-ULA-PB000138-HCT116-48h-P2-L1,D11,4188,5547,PB000138,PB000138_D11,colo-033,Miglitol,dmso,3.0,µM,10.0,mM,30.0,nl,40.0,µl,trt,S2589,Others,Others,441314.0,OCCN1CC(O)C(O)C(O)C1CO,IBAQFPQHRJAVAV-ULAWRXDQSA-N,,Launched,HCT116,
spher-colo52-v1-ULA-PB000138-HCT116-48h-P2-L1,D12,4188,5547,PB000138,PB000138_D12,dmso,dmso,dmso,0.1,µM,100.0,%,100.0,nl,40.0,µl,neg_con,D2438,control,,679.0,CS(=O)C,IAZDPXIOMUYVGZ-UHFFFAOYSA-N,,,HCT116,
spher-colo52-v1-ULA-PB000138-HCT116-48h-P2-L1,D13,4188,5547,PB000138,PB000138_D13,colo-023,Ruxolitinib (INCB018424),dmso,3.0,µM,10.0,mM,30.0,nl,40.0,µl,trt,S1378,JAK,JAK/STAT,25126798.0,N#CCC(C1CCCC1)[N]2C=C(C=N2)C3=NC=NC4=C3C=C[NH]4,HFNKQEVNSGCOJV-OAHLLOKOSA-N,Targeted,Launched,HCT116,
spher-colo52-v1-ULA-PB000138-HCT116-48h-P2-L1,D14,4188,5547,PB000138,PB000138_D14,colo-032,Phenformin HCl,dmso,10.0,µM,10.0,mM,100.0,nl,40.0,µl,trt,S2542,AMPK,PI3K/Akt/mTOR,13266.0,Cl.NC(=N)NC(=N)NCCC1=CC=CC=C1,YSUCWSWKRIOILX-UHFFFAOYSA-N,,Launched,HCT116,
spher-colo52-v1-ULA-PB000138-HCT116-48h-P2-L1,D15,4188,5547,PB000138,PB000138_D15,colo-007,PI-103,dmso,0.3,µM,1.0,mM,30.0,nl,40.0,µl,trt,S1038,"Autophagy,DNA-PK,mTOR,PI3K",PI3K/Akt/mTOR,9884685.0,OC1=CC(=CC=C1)C2=NC3=C(OC4=C3C=CC=N4)C(=N2)N5CCOCC5,TUVCWJQQGGETHL-UHFFFAOYSA-N,Targeted,Preclinical,HCT116,
spher-colo52-v1-ULA-PB000138-HCT116-48h-P2-L1,D16,4188,5547,PB000138,PB000138_D16,colo-032,Phenformin HCl,dmso,3.0,µM,10.0,mM,30.0,nl,40.0,µl,trt,S2542,AMPK,PI3K/Akt/mTOR,13266.0,Cl.NC(=N)NC(=N)NCCC1=CC=CC=C1,YSUCWSWKRIOILX-UHFFFAOYSA-N,,Launched,HCT116,
spher-colo52-v1-ULA-PB000138-HCT116-48h-P2-L1,D17,4188,5547,PB000138,PB000138_D17,colo-031,Sapitinib (AZD8931),dmso,3.0,µM,10.0,mM,30.0,nl,40.0,µl,trt,S2192,"EGFR,HER2",Protein Tyrosine Kinase,11488320.0,CNC(=O)CN1CCC(CC1)OC2=C(OC)C=C3N=CN=C(NC4=C(F)C(=CC=C4)Cl)C3=C2,DFJSJLGUIXFDJP-UHFFFAOYSA-N,Targeted,Phase 2,HCT116,
spher-colo52-v1-ULA-PB000138-HCT116-48h-P2-L1,D18,4188,5547,PB000138,PB000138_D18,colo-017,Tanespimycin (17-AAG),dmso,0.1,µM,0.1,mM,100.0,nl,40.0,µl,trt,S1141,HSP (e.g. HSP90),Cytoskeletal Signaling,6505803.0,COC1CC(C)CC2=C(NCC=C)C(=O)C=C(NC(=O)C(=C\C=C/C(OC)C(OC(N)=O)/C(=C/C(C)C1O)C)\C)C2=O,AYUNIORJHRXIBJ-TXHRRWQRSA-N,Targeted,Phase 3,HCT116,
spher-colo52-v1-ULA-PB000138-HCT116-48h-P2-L1,D19,4188,5547,PB000138,PB000138_D19,colo-002,Veliparib (ABT-888),dmso,10.0,µM,10.0,mM,100.0,nl,40.0,µl,trt,S1004,PARP,DNA Damage,11960529.0,CC1(CCCN1)C2=NC3=C(C=CC=C3[NH]2)C(N)=O,JNAHVYVRKWKWKQ-CYBMUJFWSA-N,Targeted,Phase 3,HCT116,PARPi
spher-colo52-v1-ULA-PB000138-HCT116-48h-P2-L1,D20,4188,5547,PB000138,PB000138_D20,colo-031,Sapitinib (AZD8931),dmso,0.3,µM,1.0,mM,30.0,nl,40.0,µl,trt,S2192,"EGFR,HER2",Protein Tyrosine Kinase,11488320.0,CNC(=O)CN1CCC(CC1)OC2=C(OC)C=C3N=CN=C(NC4=C(F)C(=CC=C4)Cl)C3=C2,DFJSJLGUIXFDJP-UHFFFAOYSA-N,Targeted,Phase 2,HCT116,
spher-colo52-v1-ULA-PB000138-HCT116-48h-P2-L1,D21,4188,5547,PB000138,PB000138_D21,colo-015,Triciribine,dmso,10.0,µM,10.0,mM,100.0,nl,40.0,µl,trt,S1117,Akt,PI3K/Akt/mTOR,65399.0,CN1N=C(N)C2=C[N](C3OC(CO)C(O)C3O)C4=C2C1=NC=N4,HOGVTUZUJGHKPL-HTVVRFAVSA-N,Targeted,Phase 1/Phase 2,HCT116,
spher-colo52-v1-ULA-PB000138-HCT116-48h-P2-L1,D22,4188,5547,PB000138,PB000138_D22,colo-034,Rabusertib (LY2603618),dmso,1.0,µM,1.0,mM,100.0,nl,40.0,µl,trt,S2626,Chk,Cell Cycle,11955855.0,CC1=NC=C(NC(=O)NC2=C(OCC3CNCCO3)C=C(C)C(=C2)Br)N=C1,SYYBDNPGDKKJDU-ZDUSSCGKSA-N,Targeted,Phase 2,HCT116,
spher-colo52-v1-ULA-PB000138-HCT116-48h-P2-L1,D23,4188,5547,PB000138,PB000138_D23,etop,etop,dmso,2.5,µM,10.0,mM,25.0,nl,40.0,µl,pos_con,E2600000,DNA topoisomerase 2-alpha & DNA topoisomerase 2-beta,,36462.0,CC1OCC2C(O1)C(C(C(O2)OC3C4COC(=O)C4C(C5=CC6=C(C=C35)OCO6)C7=CC(=C(C(=C7)OC)O)OC)O)O,VJJPUSNTGOMMGY-MRVIYFEKSA-N,,,HCT116,
spher-colo52-v1-ULA-PB000138-HCT116-48h-P2-L1,E02,4188,5547,PB000138,PB000138_E02,colo-010,Nutlin-3,dmso,3.0,µM,10.0,mM,30.0,nl,40.0,µl,trt,S1061,"E3 Ligase ,Mdm2",Apoptosis,216345.0,COC1=CC(=C(C=C1)C2=NC(C(N2C(=O)N3CCNC(=O)C3)C4=CC=C(Cl)C=C4)C5=CC=C(Cl)C=C5)OC(C)C,BDUHCSBCVGXTJM-UHFFFAOYSA-N,Targeted,Preclinical,HCT116,
spher-colo52-v1-ULA-PB000138-HCT116-48h-P2-L1,E03,4188,5547,PB000138,PB000138_E03,colo-006,PD0325901,dmso,3.0,µM,10.0,mM,30.0,nl,40.0,µl,trt,S1036,MEK,MAPK,9826528.0,OCC(O)CONC(=O)C1=C(NC2=CC=C(I)C=C2F)C(=C(F)C=C1)F,SUDAHWBOROXANE-SECBINFHSA-N,Targeted,Phase 2,HCT116,
spher-colo52-v1-ULA-PB000138-HCT116-48h-P2-L1,E04,4188,5547,PB000138,PB000138_E04,colo-034,Rabusertib (LY2603618),dmso,10.0,µM,10.0,mM,100.0,nl,40.0,µl,trt,S2626,Chk,Cell Cycle,11955855.0,CC1=NC=C(NC(=O)NC2=C(OCC3CNCCO3)C=C(C)C(=C2)Br)N=C1,SYYBDNPGDKKJDU-ZDUSSCGKSA-N,Targeted,Phase 2,HCT116,
spher-colo52-v1-ULA-PB000138-HCT116-48h-P2-L1,E05,4188,5547,PB000138,PB000138_E05,colo-007,PI-103,dmso,1.0,µM,1.0,mM,100.0,nl,40.0,µl,trt,S1038,"Autophagy,DNA-PK,mTOR,PI3K",PI3K/Akt/mTOR,9884685.0,OC1=CC(=CC=C1)C2=NC3=C(OC4=C3C=CC=N4)C(=N2)N5CCOCC5,TUVCWJQQGGETHL-UHFFFAOYSA-N,Targeted,Preclinical,HCT116,
spher-colo52-v1-ULA-PB000138-HCT116-48h-P2-L1,E06,4188,5547,PB000138,PB000138_E06,colo-009,"Olaparib (AZD2281, Ku-0059436)",dmso,0.3,µM,1.0,mM,30.0,nl,40.0,µl,trt,S1060,PARP,DNA Damage,23725625.0,FC1=C(C=C(CC2=NNC(=O)C3=C2C=CC=C3)C=C1)C(=O)N4CCN(CC4)C(=O)C5CC5,FDLYAMZZIXQODN-UHFFFAOYSA-N,Targeted,Launched,HCT116,PARPi
spher-colo52-v1-ULA-PB000138-HCT116-48h-P2-L1,E07,4188,5547,PB000138,PB000138_E07,colo-020,"Fluorouracil (5-Fluoracil, 5-FU)",dmso,1.0,µM,1.0,mM,100.0,nl,40.0,µl,trt,S1209,DNA/RNA Synthesis,DNA Damage,3385.0,FC1=CNC(=O)NC1=O,GHASVSINZRGABV-UHFFFAOYSA-N,Cytotoxic,Launched,HCT116,Antimetabolite
spher-colo52-v1-ULA-PB000138-HCT116-48h-P2-L1,E08,4188,5547,PB000138,PB000138_E08,colo-029,Trifluridine,dmso,0.3,µM,1.0,mM,30.0,nl,40.0,µl,trt,S1778,DNA/RNA Synthesis,DNA Damage,6256.0,OCC1OC(CC1O)N2C=C(C(=O)NC2=O)C(F)(F)F,VSQQQLOSPVPRAZ-RRKCRQDMSA-N,Cytotoxic,Launched,HCT116,Antimetabolite
spher-colo52-v1-ULA-PB000138-HCT116-48h-P2-L1,E09,4188,5547,PB000138,PB000138_E09,stau,stau,dmso,0.1,µM,0.1,mM,100.0,nl,40.0,µl,pos_con,HY-15141,pan protein inhibitor,,44259.0,CC12C(C(CC(O1)N3C4=CC=CC=C4C5=C6C(=C7C8=CC=CC=C8N2C7=C53)CNC6=O)NC)OC,HKSZLNNOFSGOKW-FYTWVXJKSA-N,,,HCT116,
spher-colo52-v1-ULA-PB000138-HCT116-48h-P2-L1,E10,4188,5547,PB000138,PB000138_E10,colo-002,Veliparib (ABT-888),dmso,1.0,µM,1.0,mM,100.0,nl,40.0,µl,trt,S1004,PARP,DNA Damage,11960529.0,CC1(CCCN1)C2=NC3=C(C=CC=C3[NH]2)C(N)=O,JNAHVYVRKWKWKQ-CYBMUJFWSA-N,Targeted,Phase 3,HCT116,PARPi
spher-colo52-v1-ULA-PB000138-HCT116-48h-P2-L1,E11,4188,5547,PB000138,PB000138_E11,colo-004,Bortezomib (PS-341),dmso,0.03,µM,0.1,mM,30.0,nl,40.0,µl,trt,S1013,Proteasome,Proteases,387447.0,CC(C)CC(NC(=O)C(CC1=CC=CC=C1)NC(=O)C2=NC=CN=C2)B(O)O,GXJABQQUPOEUTA-RDJZCZTQSA-N,Targeted,Launched,HCT116,
spher-colo52-v1-ULA-PB000138-HCT116-48h-P2-L1,E12,4188,5547,PB000138,PB000138_E12,colo-016,BMS-754807,dmso,3.0,µM,10.0,mM,30.0,nl,40.0,µl,trt,S1124,"c-Met,IGF-1R,Trk receptor",Protein Tyrosine Kinase,24785538.0,CC1(CCCN1C2=N[N]3C=CC=C3C(=N2)NC4=N[NH]C(=C4)C5CC5)C(=O)NC6=CC=C(F)N=C6,LQVXSNNAFNGRAH-QHCPKHFHSA-N,Targeted,Phase 2,HCT116,
spher-colo52-v1-ULA-PB000138-HCT116-48h-P2-L1,E13,4188,5547,PB000138,PB000138_E13,colo-030,SB505124,dmso,1.0,µM,1.0,mM,100.0,nl,40.0,µl,trt,S2186,TGF-beta/Smad,TGF-beta/Smad,9858940.0,CC1=CC=CC(=N1)C2=C(N=C([NH]2)C(C)(C)C)C3=CC4=C(OCO4)C=C3,WGZOTBUYUFBEPZ-UHFFFAOYSA-N,Targeted,Preclinical,HCT116,
spher-colo52-v1-ULA-PB000138-HCT116-48h-P2-L1,E14,4188,5547,PB000138,PB000138_E14,colo-011,Crizotinib (PF-02341066),dmso,0.3,µM,1.0,mM,30.0,nl,40.0,µl,trt,S1068,"ALK,c-Met",Protein Tyrosine Kinase,11626560.0,CC(OC1=C(N)N=CC(=C1)C2=C[N](N=C2)C3CCNCC3)C4=C(Cl)C=CC(=C4Cl)F,KTEIFNKAUNYNJU-GFCCVEGCSA-N,Targeted,Launched,HCT116,
spher-colo52-v1-ULA-PB000138-HCT116-48h-P2-L1,E15,4188,5547,PB000138,PB000138_E15,colo-033,Miglitol,dmso,3.0,µM,10.0,mM,30.0,nl,40.0,µl,trt,S2589,Others,Others,441314.0,OCCN1CC(O)C(O)C(O)C1CO,IBAQFPQHRJAVAV-ULAWRXDQSA-N,,Launched,HCT116,
spher-colo52-v1-ULA-PB000138-HCT116-48h-P2-L1,E16,4188,5547,PB000138,PB000138_E16,dmso,dmso,dmso,0.1,µM,100.0,%,100.0,nl,40.0,µl,neg_con,D2438,control,,679.0,CS(=O)C,IAZDPXIOMUYVGZ-UHFFFAOYSA-N,,,HCT116,
spher-colo52-v1-ULA-PB000138-HCT116-48h-P2-L1,E17,4188,5547,PB000138,PB000138_E17,colo-020,"Fluorouracil (5-Fluoracil, 5-FU)",dmso,0.3,µM,1.0,mM,30.0,nl,40.0,µl,trt,S1209,DNA/RNA Synthesis,DNA Damage,3385.0,FC1=CNC(=O)NC1=O,GHASVSINZRGABV-UHFFFAOYSA-N,Cytotoxic,Launched,HCT116,Antimetabolite
spher-colo52-v1-ULA-PB000138-HCT116-48h-P2-L1,E18,4188,5547,PB000138,PB000138_E18,colo-010,Nutlin-3,dmso,3.0,µM,10.0,mM,30.0,nl,40.0,µl,trt,S1061,"E3 Ligase ,Mdm2",Apoptosis,216345.0,COC1=CC(=C(C=C1)C2=NC(C(N2C(=O)N3CCNC(=O)C3)C4=CC=C(Cl)C=C4)C5=CC=C(Cl)C=C5)OC(C)C,BDUHCSBCVGXTJM-UHFFFAOYSA-N,Targeted,Preclinical,HCT116,
spher-colo52-v1-ULA-PB000138-HCT116-48h-P2-L1,E19,4188,5547,PB000138,PB000138_E19,colo-014,Linsitinib (OSI-906),dmso,1.0,µM,1.0,mM,100.0,nl,40.0,µl,trt,S1091,IGF-1R,Protein Tyrosine Kinase,11640390.0,CC1(O)CC(C1)C2=NC(=C3[N]2C=CN=C3N)C4=CC=C5C=CC(=NC5=C4)C6=CC=CC=C6,PKCDDUHJAFVJJB-UHFFFAOYSA-N,Targeted,Preclinical,HCT116,
spher-colo52-v1-ULA-PB000138-HCT116-48h-P2-L1,E20,4188,5547,PB000138,PB000138_E20,colo-007,PI-103,dmso,10.0,µM,10.0,mM,100.0,nl,40.0,µl,trt,S1038,"Autophagy,DNA-PK,mTOR,PI3K",PI3K/Akt/mTOR,9884685.0,OC1=CC(=CC=C1)C2=NC3=C(OC4=C3C=CC=N4)C(=N2)N5CCOCC5,TUVCWJQQGGETHL-UHFFFAOYSA-N,Targeted,Preclinical,HCT116,
spher-colo52-v1-ULA-PB000138-HCT116-48h-P2-L1,E21,4188,5547,PB000138,PB000138_E21,colo-017,Tanespimycin (17-AAG),dmso,0.03,µM,0.1,mM,30.0,nl,40.0,µl,trt,S1141,HSP (e.g. HSP90),Cytoskeletal Signaling,6505803.0,COC1CC(C)CC2=C(NCC=C)C(=O)C=C(NC(=O)C(=C\C=C/C(OC)C(OC(N)=O)/C(=C/C(C)C1O)C)\C)C2=O,AYUNIORJHRXIBJ-TXHRRWQRSA-N,Targeted,Phase 3,HCT116,
spher-colo52-v1-ULA-PB000138-HCT116-48h-P2-L1,E22,4188,5547,PB000138,PB000138_E22,colo-013,MK-2206 2HCl,dmso,3.0,µM,10.0,mM,30.0,nl,40.0,µl,trt,S1078,Akt,PI3K/Akt/mTOR,46930998.0,Cl.Cl.NC1(CCC1)C2=CC=C(C=C2)C3=C(C=C4C(=N3)C=CN5C(=O)NN=C45)C6=CC=CC=C6,HWUHTJIKQZZBRA-UHFFFAOYSA-N,Targeted,Preclinical,HCT116,
spher-colo52-v1-ULA-PB000138-HCT116-48h-P2-L1,E23,4188,5547,PB000138,PB000138_E23,colo-026,AZD8055,dmso,3.0,µM,10.0,mM,30.0,nl,40.0,µl,trt,S1555,mTOR,PI3K/Akt/mTOR,25262965.0,COC1=C(CO)C=C(C=C1)C2=NC3=C(C=C2)C(=NC(=N3)N4CCOCC4C)N5CCOCC5C,KVLFRAWTRWDEDF-IRXDYDNUSA-N,Targeted,Phase 1,HCT116,
spher-colo52-v1-ULA-PB000138-HCT116-48h-P2-L1,F02,4188,5547,PB000138,PB000138_F02,colo-021,Temozolomide,dmso,1.0,µM,1.0,mM,100.0,nl,40.0,µl,trt,S1237,"DNA/RNA Synthesis,Autophagy",DNA Damage,5394.0,CN1N=NC2=C(N=C[N]2C1=O)C(N)=O,BPEGJWRSRHCHSN-UHFFFAOYSA-N,Cytotoxic,Launched,HCT116,Alkylator
spher-colo52-v1-ULA-PB000138-HCT116-48h-P2-L1,F03,4188,5547,PB000138,PB000138_F03,colo-003,Afatinib (BIBW2992),dmso,10.0,µM,10.0,mM,100.0,nl,40.0,µl,trt,S1011,"EGFR,HER2",Protein Tyrosine Kinase,10184653.0,CN(C)C/C=C/C(=O)NC1=CC2=C(NC3=CC=C(F)C(=C3)Cl)N=CN=C2C=C1OC4CCOC4,ULXXDDBFHOBEHA-CWDCEQMOSA-N,Targeted,Launched,HCT116,
spher-colo52-v1-ULA-PB000138-HCT116-48h-P2-L1,F04,4188,5547,PB000138,PB000138_F04,colo-027,Doramapimod (BIRB 796),dmso,3.0,µM,10.0,mM,30.0,nl,40.0,µl,trt,S1574,p38 MAPK,MAPK,156422.0,CC1=CC=C(C=C1)[N]2N=C(C=C2NC(=O)NC3=CC=C(OCCN4CCOCC4)C5=C3C=CC=C5)C(C)(C)C,MVCOAUNKQVWQHZ-UHFFFAOYSA-N,Targeted,Phase 2,HCT116,
spher-colo52-v1-ULA-PB000138-HCT116-48h-P2-L1,F05,4188,5547,PB000138,PB000138_F05,colo-020,"Fluorouracil (5-Fluoracil, 5-FU)",dmso,10.0,µM,10.0,mM,100.0,nl,40.0,µl,trt,S1209,DNA/RNA Synthesis,DNA Damage,3385.0,FC1=CNC(=O)NC1=O,GHASVSINZRGABV-UHFFFAOYSA-N,Cytotoxic,Launched,HCT116,Antimetabolite
spher-colo52-v1-ULA-PB000138-HCT116-48h-P2-L1,F06,4188,5547,PB000138,PB000138_F06,dmso,dmso,dmso,0.1,µM,100.0,%,100.0,nl,40.0,µl,neg_con,D2438,control,,679.0,CS(=O)C,IAZDPXIOMUYVGZ-UHFFFAOYSA-N,,,HCT116,
spher-colo52-v1-ULA-PB000138-HCT116-48h-P2-L1,F07,4188,5547,PB000138,PB000138_F07,colo-026,AZD8055,dmso,10.0,µM,10.0,mM,100.0,nl,40.0,µl,trt,S1555,mTOR,PI3K/Akt/mTOR,25262965.0,COC1=C(CO)C=C(C=C1)C2=NC3=C(C=C2)C(=NC(=N3)N4CCOCC4C)N5CCOCC5C,KVLFRAWTRWDEDF-IRXDYDNUSA-N,Targeted,Phase 1,HCT116,
spher-colo52-v1-ULA-PB000138-HCT116-48h-P2-L1,F08,4188,5547,PB000138,PB000138_F08,colo-005,Gefitinib (ZD1839),dmso,3.0,µM,10.0,mM,30.0,nl,40.0,µl,trt,S1025,EGFR,Protein Tyrosine Kinase,123631.0,COC1=C(OCCCN2CCOCC2)C=C3C(=NC=NC3=C1)NC4=CC=C(F)C(=C4)Cl,XGALLCVXEZPNRQ-UHFFFAOYSA-N,Targeted,Launched,HCT116,
spher-colo52-v1-ULA-PB000138-HCT116-48h-P2-L1,F09,4188,5547,PB000138,PB000138_F09,colo-027,Doramapimod (BIRB 796),dmso,0.3,µM,1.0,mM,30.0,nl,40.0,µl,trt,S1574,p38 MAPK,MAPK,156422.0,CC1=CC=C(C=C1)[N]2N=C(C=C2NC(=O)NC3=CC=C(OCCN4CCOCC4)C5=C3C=CC=C5)C(C)(C)C,MVCOAUNKQVWQHZ-UHFFFAOYSA-N,Targeted,Phase 2,HCT116,
spher-colo52-v1-ULA-PB000138-HCT116-48h-P2-L1,F10,4188,5547,PB000138,PB000138_F10,colo-010,Nutlin-3,dmso,0.3,µM,1.0,mM,30.0,nl,40.0,µl,trt,S1061,"E3 Ligase ,Mdm2",Apoptosis,216345.0,COC1=CC(=C(C=C1)C2=NC(C(N2C(=O)N3CCNC(=O)C3)C4=CC=C(Cl)C=C4)C5=CC=C(Cl)C=C5)OC(C)C,BDUHCSBCVGXTJM-UHFFFAOYSA-N,Targeted,Preclinical,HCT116,
spher-colo52-v1-ULA-PB000138-HCT116-48h-P2-L1,F11,4188,5547,PB000138,PB000138_F11,colo-018,Paclitaxel,dmso,0.01,µM,0.01,mM,100.0,nl,40.0,µl,trt,S1150,"Autophagy,Microtubule Associated",Cytoskeletal Signaling,441276.0,CC(=O)OC1C(=O)C2(C)C(O)CC3OCC3(OC(C)=O)C2C(OC(=O)C4=CC=CC=C4)C5(O)CC(OC(=O)C(O)C(NC(=O)C6=CC=CC=C6)C7=CC=CC=C7)C(=C1C5(C)C)C,RCINICONZNJXQF-VAZQATRQSA-N,Cytotoxic,Preclinical,HCT116,
spher-colo52-v1-ULA-PB000138-HCT116-48h-P2-L1,F12,4188,5547,PB000138,PB000138_F12,colo-028,Gemcitabine,dmso,1.0,µM,1.0,mM,100.0,nl,40.0,µl,trt,S1714,"Autophagy,DNA/RNA Synthesis",DNA Damage,60750.0,NC1=NC(=O)N(C=C1)C2OC(CO)C(O)C2(F)F,SDUQYLNIPVEERB-QPPQHZFASA-N,Cytotoxic,Launched,HCT116,Antimetabolite
spher-colo52-v1-ULA-PB000138-HCT116-48h-P2-L1,F13,4188,5547,PB000138,PB000138_F13,colo-023,Ruxolitinib (INCB018424),dmso,3.0,µM,10.0,mM,30.0,nl,40.0,µl,trt,S1378,JAK,JAK/STAT,25126798.0,N#CCC(C1CCCC1)[N]2C=C(C=N2)C3=NC=NC4=C3C=C[NH]4,HFNKQEVNSGCOJV-OAHLLOKOSA-N,Targeted,Launched,HCT116,
spher-colo52-v1-ULA-PB000138-HCT116-48h-P2-L1,F14,4188,5547,PB000138,PB000138_F14,colo-014,Linsitinib (OSI-906),dmso,0.3,µM,1.0,mM,30.0,nl,40.0,µl,trt,S1091,IGF-1R,Protein Tyrosine Kinase,11640390.0,CC1(O)CC(C1)C2=NC(=C3[N]2C=CN=C3N)C4=CC=C5C=CC(=NC5=C4)C6=CC=CC=C6,PKCDDUHJAFVJJB-UHFFFAOYSA-N,Targeted,Preclinical,HCT116,
spher-colo52-v1-ULA-PB000138-HCT116-48h-P2-L1,F15,4188,5547,PB000138,PB000138_F15,colo-019,Regorafenib (BAY 73-4506),dmso,3.0,µM,10.0,mM,30.0,nl,40.0,µl,trt,S1178,"c-RET,VEGFR",Protein Tyrosine Kinase,11167602.0,CNC(=O)C1=CC(=CC=N1)OC2=CC(=C(NC(=O)NC3=CC=C(Cl)C(=C3)C(F)(F)F)C=C2)F,FNHKPVJBJVTLMP-UHFFFAOYSA-N,Targeted,Launched,HCT116,
spher-colo52-v1-ULA-PB000138-HCT116-48h-P2-L1,F16,4188,5547,PB000138,PB000138_F16,colo-002,Veliparib (ABT-888),dmso,0.3,µM,1.0,mM,30.0,nl,40.0,µl,trt,S1004,PARP,DNA Damage,11960529.0,CC1(CCCN1)C2=NC3=C(C=CC=C3[NH]2)C(N)=O,JNAHVYVRKWKWKQ-CYBMUJFWSA-N,Targeted,Phase 3,HCT116,PARPi
spher-colo52-v1-ULA-PB000138-HCT116-48h-P2-L1,F17,4188,5547,PB000138,PB000138_F17,colo-013,MK-2206 2HCl,dmso,0.3,µM,1.0,mM,30.0,nl,40.0,µl,trt,S1078,Akt,PI3K/Akt/mTOR,46930998.0,Cl.Cl.NC1(CCC1)C2=CC=C(C=C2)C3=C(C=C4C(=N3)C=CN5C(=O)NN=C45)C6=CC=CC=C6,HWUHTJIKQZZBRA-UHFFFAOYSA-N,Targeted,Preclinical,HCT116,
spher-colo52-v1-ULA-PB000138-HCT116-48h-P2-L1,F18,4188,5547,PB000138,PB000138_F18,colo-006,PD0325901,dmso,10.0,µM,10.0,mM,100.0,nl,40.0,µl,trt,S1036,MEK,MAPK,9826528.0,OCC(O)CONC(=O)C1=C(NC2=CC=C(I)C=C2F)C(=C(F)C=C1)F,SUDAHWBOROXANE-SECBINFHSA-N,Targeted,Phase 2,HCT116,
spher-colo52-v1-ULA-PB000138-HCT116-48h-P2-L1,F19,4188,5547,PB000138,PB000138_F19,colo-035,Trametinib (GSK1120212),dmso,0.03,µM,0.1,mM,30.0,nl,40.0,µl,trt,S2673,MEK,MAPK,11707110.0,CN1C(=O)C(=C2N(C(=O)N(C3CC3)C(=O)C2=C1NC4=CC=C(I)C=C4F)C5=CC(=CC=C5)NC(C)=O)C,LIRYPHYGHXZJBZ-UHFFFAOYSA-N,Targeted,Launched,HCT116,
spher-colo52-v1-ULA-PB000138-HCT116-48h-P2-L1,F20,4188,5547,PB000138,PB000138_F20,dmso,dmso,dmso,0.1,µM,100.0,%,100.0,nl,40.0,µl,neg_con,D2438,control,,679.0,CS(=O)C,IAZDPXIOMUYVGZ-UHFFFAOYSA-N,,,HCT116,
spher-colo52-v1-ULA-PB000138-HCT116-48h-P2-L1,F21,4188,5547,PB000138,PB000138_F21,colo-031,Sapitinib (AZD8931),dmso,0.3,µM,1.0,mM,30.0,nl,40.0,µl,trt,S2192,"EGFR,HER2",Protein Tyrosine Kinase,11488320.0,CNC(=O)CN1CCC(CC1)OC2=C(OC)C=C3N=CN=C(NC4=C(F)C(=CC=C4)Cl)C3=C2,DFJSJLGUIXFDJP-UHFFFAOYSA-N,Targeted,Phase 2,HCT116,
spher-colo52-v1-ULA-PB000138-HCT116-48h-P2-L1,F22,4188,5547,PB000138,PB000138_F22,colo-018,Paclitaxel,dmso,0.03,µM,0.1,mM,30.0,nl,40.0,µl,trt,S1150,"Autophagy,Microtubule Associated",Cytoskeletal Signaling,441276.0,CC(=O)OC1C(=O)C2(C)C(O)CC3OCC3(OC(C)=O)C2C(OC(=O)C4=CC=CC=C4)C5(O)CC(OC(=O)C(O)C(NC(=O)C6=CC=CC=C6)C7=CC=CC=C7)C(=C1C5(C)C)C,RCINICONZNJXQF-VAZQATRQSA-N,Cytotoxic,Preclinical,HCT116,
spher-colo52-v1-ULA-PB000138-HCT116-48h-P2-L1,F23,4188,5547,PB000138,PB000138_F23,colo-027,Doramapimod (BIRB 796),dmso,1.0,µM,1.0,mM,100.0,nl,40.0,µl,trt,S1574,p38 MAPK,MAPK,156422.0,CC1=CC=C(C=C1)[N]2N=C(C=C2NC(=O)NC3=CC=C(OCCN4CCOCC4)C5=C3C=CC=C5)C(C)(C)C,MVCOAUNKQVWQHZ-UHFFFAOYSA-N,Targeted,Phase 2,HCT116,
spher-colo52-v1-ULA-PB000138-HCT116-48h-P2-L1,G02,4188,5547,PB000138,PB000138_G02,dmso,dmso,dmso,0.1,µM,100.0,%,100.0,nl,40.0,µl,neg_con,D2438,control,,679.0,CS(=O)C,IAZDPXIOMUYVGZ-UHFFFAOYSA-N,,,HCT116,
spher-colo52-v1-ULA-PB000138-HCT116-48h-P2-L1,G03,4188,5547,PB000138,PB000138_G03,colo-006,PD0325901,dmso,10.0,µM,10.0,mM,100.0,nl,40.0,µl,trt,S1036,MEK,MAPK,9826528.0,OCC(O)CONC(=O)C1=C(NC2=CC=C(I)C=C2F)C(=C(F)C=C1)F,SUDAHWBOROXANE-SECBINFHSA-N,Targeted,Phase 2,HCT116,
spher-colo52-v1-ULA-PB000138-HCT116-48h-P2-L1,G04,4188,5547,PB000138,PB000138_G04,colo-011,Crizotinib (PF-02341066),dmso,10.0,µM,10.0,mM,100.0,nl,40.0,µl,trt,S1068,"ALK,c-Met",Protein Tyrosine Kinase,11626560.0,CC(OC1=C(N)N=CC(=C1)C2=C[N](N=C2)C3CCNCC3)C4=C(Cl)C=CC(=C4Cl)F,KTEIFNKAUNYNJU-GFCCVEGCSA-N,Targeted,Launched,HCT116,
spher-colo52-v1-ULA-PB000138-HCT116-48h-P2-L1,G05,4188,5547,PB000138,PB000138_G05,colo-015,Triciribine,dmso,1.0,µM,1.0,mM,100.0,nl,40.0,µl,trt,S1117,Akt,PI3K/Akt/mTOR,65399.0,CN1N=C(N)C2=C[N](C3OC(CO)C(O)C3O)C4=C2C1=NC=N4,HOGVTUZUJGHKPL-HTVVRFAVSA-N,Targeted,Phase 1/Phase 2,HCT116,
spher-colo52-v1-ULA-PB000138-HCT116-48h-P2-L1,G06,4188,5547,PB000138,PB000138_G06,colo-023,Ruxolitinib (INCB018424),dmso,10.0,µM,10.0,mM,100.0,nl,40.0,µl,trt,S1378,JAK,JAK/STAT,25126798.0,N#CCC(C1CCCC1)[N]2C=C(C=N2)C3=NC=NC4=C3C=C[NH]4,HFNKQEVNSGCOJV-OAHLLOKOSA-N,Targeted,Launched,HCT116,
spher-colo52-v1-ULA-PB000138-HCT116-48h-P2-L1,G07,4188,5547,PB000138,PB000138_G07,colo-012,SB216763,dmso,10.0,µM,10.0,mM,100.0,nl,40.0,µl,trt,S1075,GSK-3,PI3K/Akt/mTOR,176158.0,C[N]1C=C(C2=C1C=CC=C2)C3=C(C(=O)NC3=O)C4=CC=C(Cl)C=C4Cl,JCSGFHVFHSKIJH-UHFFFAOYSA-N,Targeted,Preclinical,HCT116,
spher-colo52-v1-ULA-PB000138-HCT116-48h-P2-L1,G08,4188,5547,PB000138,PB000138_G08,colo-032,Phenformin HCl,dmso,1.0,µM,1.0,mM,100.0,nl,40.0,µl,trt,S2542,AMPK,PI3K/Akt/mTOR,13266.0,Cl.NC(=N)NC(=N)NCCC1=CC=CC=C1,YSUCWSWKRIOILX-UHFFFAOYSA-N,,Launched,HCT116,
spher-colo52-v1-ULA-PB000138-HCT116-48h-P2-L1,G09,4188,5547,PB000138,PB000138_G09,colo-028,Gemcitabine,dmso,0.1,µM,0.1,mM,100.0,nl,40.0,µl,trt,S1714,"Autophagy,DNA/RNA Synthesis",DNA Damage,60750.0,NC1=NC(=O)N(C=C1)C2OC(CO)C(O)C2(F)F,SDUQYLNIPVEERB-QPPQHZFASA-N,Cytotoxic,Launched,HCT116,Antimetabolite
spher-colo52-v1-ULA-PB000138-HCT116-48h-P2-L1,G10,4188,5547,PB000138,PB000138_G10,colo-034,Rabusertib (LY2603618),dmso,3.0,µM,10.0,mM,30.0,nl,40.0,µl,trt,S2626,Chk,Cell Cycle,11955855.0,CC1=NC=C(NC(=O)NC2=C(OCC3CNCCO3)C=C(C)C(=C2)Br)N=C1,SYYBDNPGDKKJDU-ZDUSSCGKSA-N,Targeted,Phase 2,HCT116,
spher-colo52-v1-ULA-PB000138-HCT116-48h-P2-L1,G11,4188,5547,PB000138,PB000138_G11,colo-015,Triciribine,dmso,0.3,µM,1.0,mM,30.0,nl,40.0,µl,trt,S1117,Akt,PI3K/Akt/mTOR,65399.0,CN1N=C(N)C2=C[N](C3OC(CO)C(O)C3O)C4=C2C1=NC=N4,HOGVTUZUJGHKPL-HTVVRFAVSA-N,Targeted,Phase 1/Phase 2,HCT116,
spher-colo52-v1-ULA-PB000138-HCT116-48h-P2-L1,G12,4188,5547,PB000138,PB000138_G12,colo-031,Sapitinib (AZD8931),dmso,1.0,µM,1.0,mM,100.0,nl,40.0,µl,trt,S2192,"EGFR,HER2",Protein Tyrosine Kinase,11488320.0,CNC(=O)CN1CCC(CC1)OC2=C(OC)C=C3N=CN=C(NC4=C(F)C(=CC=C4)Cl)C3=C2,DFJSJLGUIXFDJP-UHFFFAOYSA-N,Targeted,Phase 2,HCT116,
spher-colo52-v1-ULA-PB000138-HCT116-48h-P2-L1,G13,4188,5547,PB000138,PB000138_G13,dmso,dmso,dmso,0.1,µM,100.0,%,100.0,nl,40.0,µl,neg_con,D2438,control,,679.0,CS(=O)C,IAZDPXIOMUYVGZ-UHFFFAOYSA-N,,,HCT116,
spher-colo52-v1-ULA-PB000138-HCT116-48h-P2-L1,G14,4188,5547,PB000138,PB000138_G14,colo-017,Tanespimycin (17-AAG),dmso,1.0,µM,1.0,mM,100.0,nl,40.0,µl,trt,S1141,HSP (e.g. HSP90),Cytoskeletal Signaling,6505803.0,COC1CC(C)CC2=C(NCC=C)C(=O)C=C(NC(=O)C(=C\C=C/C(OC)C(OC(N)=O)/C(=C/C(C)C1O)C)\C)C2=O,AYUNIORJHRXIBJ-TXHRRWQRSA-N,Targeted,Phase 3,HCT116,
spher-colo52-v1-ULA-PB000138-HCT116-48h-P2-L1,G15,4188,5547,PB000138,PB000138_G15,colo-009,"Olaparib (AZD2281, Ku-0059436)",dmso,3.0,µM,10.0,mM,30.0,nl,40.0,µl,trt,S1060,PARP,DNA Damage,23725625.0,FC1=C(C=C(CC2=NNC(=O)C3=C2C=CC=C3)C=C1)C(=O)N4CCN(CC4)C(=O)C5CC5,FDLYAMZZIXQODN-UHFFFAOYSA-N,Targeted,Launched,HCT116,PARPi
spher-colo52-v1-ULA-PB000138-HCT116-48h-P2-L1,G16,4188,5547,PB000138,PB000138_G16,colo-007,PI-103,dmso,3.0,µM,10.0,mM,30.0,nl,40.0,µl,trt,S1038,"Autophagy,DNA-PK,mTOR,PI3K",PI3K/Akt/mTOR,9884685.0,OC1=CC(=CC=C1)C2=NC3=C(OC4=C3C=CC=N4)C(=N2)N5CCOCC5,TUVCWJQQGGETHL-UHFFFAOYSA-N,Targeted,Preclinical,HCT116,
spher-colo52-v1-ULA-PB000138-HCT116-48h-P2-L1,G17,4188,5547,PB000138,PB000138_G17,colo-004,Bortezomib (PS-341),dmso,0.01,µM,0.01,mM,100.0,nl,40.0,µl,trt,S1013,Proteasome,Proteases,387447.0,CC(C)CC(NC(=O)C(CC1=CC=CC=C1)NC(=O)C2=NC=CN=C2)B(O)O,GXJABQQUPOEUTA-RDJZCZTQSA-N,Targeted,Launched,HCT116,
spher-colo52-v1-ULA-PB000138-HCT116-48h-P2-L1,G18,4188,5547,PB000138,PB000138_G18,colo-015,Triciribine,dmso,3.0,µM,10.0,mM,30.0,nl,40.0,µl,trt,S1117,Akt,PI3K/Akt/mTOR,65399.0,CN1N=C(N)C2=C[N](C3OC(CO)C(O)C3O)C4=C2C1=NC=N4,HOGVTUZUJGHKPL-HTVVRFAVSA-N,Targeted,Phase 1/Phase 2,HCT116,
spher-colo52-v1-ULA-PB000138-HCT116-48h-P2-L1,G19,4188,5547,PB000138,PB000138_G19,colo-002,Veliparib (ABT-888),dmso,10.0,µM,10.0,mM,100.0,nl,40.0,µl,trt,S1004,PARP,DNA Damage,11960529.0,CC1(CCCN1)C2=NC3=C(C=CC=C3[NH]2)C(N)=O,JNAHVYVRKWKWKQ-CYBMUJFWSA-N,Targeted,Phase 3,HCT116,PARPi
spher-colo52-v1-ULA-PB000138-HCT116-48h-P2-L1,G20,4188,5547,PB000138,PB000138_G20,colo-005,Gefitinib (ZD1839),dmso,3.0,µM,10.0,mM,30.0,nl,40.0,µl,trt,S1025,EGFR,Protein Tyrosine Kinase,123631.0,COC1=C(OCCCN2CCOCC2)C=C3C(=NC=NC3=C1)NC4=CC=C(F)C(=C4)Cl,XGALLCVXEZPNRQ-UHFFFAOYSA-N,Targeted,Launched,HCT116,
spher-colo52-v1-ULA-PB000138-HCT116-48h-P2-L1,G21,4188,5547,PB000138,PB000138_G21,colo-017,Tanespimycin (17-AAG),dmso,0.3,µM,1.0,mM,30.0,nl,40.0,µl,trt,S1141,HSP (e.g. HSP90),Cytoskeletal Signaling,6505803.0,COC1CC(C)CC2=C(NCC=C)C(=O)C=C(NC(=O)C(=C\C=C/C(OC)C(OC(N)=O)/C(=C/C(C)C1O)C)\C)C2=O,AYUNIORJHRXIBJ-TXHRRWQRSA-N,Targeted,Phase 3,HCT116,
spher-colo52-v1-ULA-PB000138-HCT116-48h-P2-L1,G22,4188,5547,PB000138,PB000138_G22,colo-001,ABT-737,dmso,0.03,µM,0.1,mM,30.0,nl,40.0,µl,trt,S1002,"Bcl-2,Autophagy",Apoptosis,11228183.0,CN(C)CCC(CSC1=CC=CC=C1)NC2=CC=C(C=C2[N+]([O-])=O)[S](=O)(=O)NC(=O)C3=CC=C(C=C3)N4CCN(CC4)CC5=C(C=CC=C5)C6=CC=C(Cl)C=C6,HPLNQCPCUACXLM-PGUFJCEWSA-N,Targeted,Phase 1/Phase 2,HCT116,
spher-colo52-v1-ULA-PB000138-HCT116-48h-P2-L1,G23,4188,5547,PB000138,PB000138_G23,colo-022,"Vemurafenib (PLX4032, RG7204)",dmso,3.0,µM,10.0,mM,30.0,nl,40.0,µl,trt,S1267,Raf,MAPK,42611257.0,CCC[S](=O)(=O)NC1=CC=C(F)C(=C1F)C(=O)C2=C[NH]C3=NC=C(C=C23)C4=CC=C(Cl)C=C4,GPXBXXGIAQBQNI-UHFFFAOYSA-N,Targeted,Launched,HCT116,
spher-colo52-v1-ULA-PB000138-HCT116-48h-P2-L1,H02,4188,5547,PB000138,PB000138_H02,colo-020,"Fluorouracil (5-Fluoracil, 5-FU)",dmso,3.0,µM,10.0,mM,30.0,nl,40.0,µl,trt,S1209,DNA/RNA Synthesis,DNA Damage,3385.0,FC1=CNC(=O)NC1=O,GHASVSINZRGABV-UHFFFAOYSA-N,Cytotoxic,Launched,HCT116,Antimetabolite
spher-colo52-v1-ULA-PB000138-HCT116-48h-P2-L1,H03,4188,5547,PB000138,PB000138_H03,colo-016,BMS-754807,dmso,1.0,µM,1.0,mM,100.0,nl,40.0,µl,trt,S1124,"c-Met,IGF-1R,Trk receptor",Protein Tyrosine Kinase,24785538.0,CC1(CCCN1C2=N[N]3C=CC=C3C(=N2)NC4=N[NH]C(=C4)C5CC5)C(=O)NC6=CC=C(F)N=C6,LQVXSNNAFNGRAH-QHCPKHFHSA-N,Targeted,Phase 2,HCT116,
spher-colo52-v1-ULA-PB000138-HCT116-48h-P2-L1,H04,4188,5547,PB000138,PB000138_H04,colo-029,Trifluridine,dmso,10.0,µM,10.0,mM,100.0,nl,40.0,µl,trt,S1778,DNA/RNA Synthesis,DNA Damage,6256.0,OCC1OC(CC1O)N2C=C(C(=O)NC2=O)C(F)(F)F,VSQQQLOSPVPRAZ-RRKCRQDMSA-N,Cytotoxic,Launched,HCT116,Antimetabolite
spher-colo52-v1-ULA-PB000138-HCT116-48h-P2-L1,H05,4188,5547,PB000138,PB000138_H05,colo-021,Temozolomide,dmso,0.3,µM,1.0,mM,30.0,nl,40.0,µl,trt,S1237,"DNA/RNA Synthesis,Autophagy",DNA Damage,5394.0,CN1N=NC2=C(N=C[N]2C1=O)C(N)=O,BPEGJWRSRHCHSN-UHFFFAOYSA-N,Cytotoxic,Launched,HCT116,Alkylator
spher-colo52-v1-ULA-PB000138-HCT116-48h-P2-L1,H06,4188,5547,PB000138,PB000138_H06,colo-018,Paclitaxel,dmso,0.03,µM,0.1,mM,30.0,nl,40.0,µl,trt,S1150,"Autophagy,Microtubule Associated",Cytoskeletal Signaling,441276.0,CC(=O)OC1C(=O)C2(C)C(O)CC3OCC3(OC(C)=O)C2C(OC(=O)C4=CC=CC=C4)C5(O)CC(OC(=O)C(O)C(NC(=O)C6=CC=CC=C6)C7=CC=CC=C7)C(=C1C5(C)C)C,RCINICONZNJXQF-VAZQATRQSA-N,Cytotoxic,Preclinical,HCT116,
spher-colo52-v1-ULA-PB000138-HCT116-48h-P2-L1,H07,4188,5547,PB000138,PB000138_H07,colo-019,Regorafenib (BAY 73-4506),dmso,1.0,µM,1.0,mM,100.0,nl,40.0,µl,trt,S1178,"c-RET,VEGFR",Protein Tyrosine Kinase,11167602.0,CNC(=O)C1=CC(=CC=N1)OC2=CC(=C(NC(=O)NC3=CC=C(Cl)C(=C3)C(F)(F)F)C=C2)F,FNHKPVJBJVTLMP-UHFFFAOYSA-N,Targeted,Launched,HCT116,
spher-colo52-v1-ULA-PB000138-HCT116-48h-P2-L1,H08,4188,5547,PB000138,PB000138_H08,colo-029,Trifluridine,dmso,3.0,µM,10.0,mM,30.0,nl,40.0,µl,trt,S1778,DNA/RNA Synthesis,DNA Damage,6256.0,OCC1OC(CC1O)N2C=C(C(=O)NC2=O)C(F)(F)F,VSQQQLOSPVPRAZ-RRKCRQDMSA-N,Cytotoxic,Launched,HCT116,Antimetabolite
spher-colo52-v1-ULA-PB000138-HCT116-48h-P2-L1,H09,4188,5547,PB000138,PB000138_H09,colo-025,AZD7762,dmso,3.0,µM,10.0,mM,30.0,nl,40.0,µl,trt,S1532,Chk,Cell Cycle,11152667.0,NC(=O)NC1=C(SC(=C1)C2=CC(=CC=C2)F)C(=O)NC3CCCNC3,IAYGCINLNONXHY-LBPRGKRZSA-N,Targeted,Phase 1,HCT116,
spher-colo52-v1-ULA-PB000138-HCT116-48h-P2-L1,H10,4188,5547,PB000138,PB000138_H10,dmso,dmso,dmso,0.1,µM,100.0,%,100.0,nl,40.0,µl,neg_con,D2438,control,,679.0,CS(=O)C,IAZDPXIOMUYVGZ-UHFFFAOYSA-N,,,HCT116,
spher-colo52-v1-ULA-PB000138-HCT116-48h-P2-L1,H11,4188,5547,PB000138,PB000138_H11,colo-017,Tanespimycin (17-AAG),dmso,0.3,µM,1.0,mM,30.0,nl,40.0,µl,trt,S1141,HSP (e.g. HSP90),Cytoskeletal Signaling,6505803.0,COC1CC(C)CC2=C(NCC=C)C(=O)C=C(NC(=O)C(=C\C=C/C(OC)C(OC(N)=O)/C(=C/C(C)C1O)C)\C)C2=O,AYUNIORJHRXIBJ-TXHRRWQRSA-N,Targeted,Phase 3,HCT116,
spher-colo52-v1-ULA-PB000138-HCT116-48h-P2-L1,H12,4188,5547,PB000138,PB000138_H12,colo-002,Veliparib (ABT-888),dmso,0.3,µM,1.0,mM,30.0,nl,40.0,µl,trt,S1004,PARP,DNA Damage,11960529.0,CC1(CCCN1)C2=NC3=C(C=CC=C3[NH]2)C(N)=O,JNAHVYVRKWKWKQ-CYBMUJFWSA-N,Targeted,Phase 3,HCT116,PARPi
spher-colo52-v1-ULA-PB000138-HCT116-48h-P2-L1,H13,4188,5547,PB000138,PB000138_H13,colo-014,Linsitinib (OSI-906),dmso,10.0,µM,10.0,mM,100.0,nl,40.0,µl,trt,S1091,IGF-1R,Protein Tyrosine Kinase,11640390.0,CC1(O)CC(C1)C2=NC(=C3[N]2C=CN=C3N)C4=CC=C5C=CC(=NC5=C4)C6=CC=CC=C6,PKCDDUHJAFVJJB-UHFFFAOYSA-N,Targeted,Preclinical,HCT116,
spher-colo52-v1-ULA-PB000138-HCT116-48h-P2-L1,H14,4188,5547,PB000138,PB000138_H14,colo-032,Phenformin HCl,dmso,0.3,µM,1.0,mM,30.0,nl,40.0,µl,trt,S2542,AMPK,PI3K/Akt/mTOR,13266.0,Cl.NC(=N)NC(=N)NCCC1=CC=CC=C1,YSUCWSWKRIOILX-UHFFFAOYSA-N,,Launched,HCT116,
spher-colo52-v1-ULA-PB000138-HCT116-48h-P2-L1,H15,4188,5547,PB000138,PB000138_H15,colo-010,Nutlin-3,dmso,0.3,µM,1.0,mM,30.0,nl,40.0,µl,trt,S1061,"E3 Ligase ,Mdm2",Apoptosis,216345.0,COC1=CC(=C(C=C1)C2=NC(C(N2C(=O)N3CCNC(=O)C3)C4=CC=C(Cl)C=C4)C5=CC=C(Cl)C=C5)OC(C)C,BDUHCSBCVGXTJM-UHFFFAOYSA-N,Targeted,Preclinical,HCT116,
spher-colo52-v1-ULA-PB000138-HCT116-48h-P2-L1,H16,4188,5547,PB000138,PB000138_H16,colo-026,AZD8055,dmso,0.3,µM,1.0,mM,30.0,nl,40.0,µl,trt,S1555,mTOR,PI3K/Akt/mTOR,25262965.0,COC1=C(CO)C=C(C=C1)C2=NC3=C(C=C2)C(=NC(=N3)N4CCOCC4C)N5CCOCC5C,KVLFRAWTRWDEDF-IRXDYDNUSA-N,Targeted,Phase 1,HCT116,
spher-colo52-v1-ULA-PB000138-HCT116-48h-P2-L1,H17,4188,5547,PB000138,PB000138_H17,dmso,dmso,dmso,0.1,µM,100.0,%,100.0,nl,40.0,µl,neg_con,D2438,control,,679.0,CS(=O)C,IAZDPXIOMUYVGZ-UHFFFAOYSA-N,,,HCT116,
spher-colo52-v1-ULA-PB000138-HCT116-48h-P2-L1,H18,4188,5547,PB000138,PB000138_H18,colo-030,SB505124,dmso,1.0,µM,1.0,mM,100.0,nl,40.0,µl,trt,S2186,TGF-beta/Smad,TGF-beta/Smad,9858940.0,CC1=CC=CC(=N1)C2=C(N=C([NH]2)C(C)(C)C)C3=CC4=C(OCO4)C=C3,WGZOTBUYUFBEPZ-UHFFFAOYSA-N,Targeted,Preclinical,HCT116,
spher-colo52-v1-ULA-PB000138-HCT116-48h-P2-L1,H19,4188,5547,PB000138,PB000138_H19,colo-021,Temozolomide,dmso,3.0,µM,10.0,mM,30.0,nl,40.0,µl,trt,S1237,"DNA/RNA Synthesis,Autophagy",DNA Damage,5394.0,CN1N=NC2=C(N=C[N]2C1=O)C(N)=O,BPEGJWRSRHCHSN-UHFFFAOYSA-N,Cytotoxic,Launched,HCT116,Alkylator
spher-colo52-v1-ULA-PB000138-HCT116-48h-P2-L1,H20,4188,5547,PB000138,PB000138_H20,colo-030,SB505124,dmso,0.3,µM,1.0,mM,30.0,nl,40.0,µl,trt,S2186,TGF-beta/Smad,TGF-beta/Smad,9858940.0,CC1=CC=CC(=N1)C2=C(N=C([NH]2)C(C)(C)C)C3=CC4=C(OCO4)C=C3,WGZOTBUYUFBEPZ-UHFFFAOYSA-N,Targeted,Preclinical,HCT116,
spher-colo52-v1-ULA-PB000138-HCT116-48h-P2-L1,H21,4188,5547,PB000138,PB000138_H21,colo-021,Temozolomide,dmso,0.3,µM,1.0,mM,30.0,nl,40.0,µl,trt,S1237,"DNA/RNA Synthesis,Autophagy",DNA Damage,5394.0,CN1N=NC2=C(N=C[N]2C1=O)C(N)=O,BPEGJWRSRHCHSN-UHFFFAOYSA-N,Cytotoxic,Launched,HCT116,Alkylator
spher-colo52-v1-ULA-PB000138-HCT116-48h-P2-L1,H22,4188,5547,PB000138,PB000138_H22,colo-008,"Vorinostat (SAHA, MK0683)",dmso,1.0,µM,1.0,mM,100.0,nl,40.0,µl,trt,S1047,"Autophagy,HDAC",Epigenetics,5311.0,ONC(=O)CCCCCCC(=O)NC1=CC=CC=C1,WAEXFXRVDQXREF-UHFFFAOYSA-N,Targeted,Launched,HCT116,
spher-colo52-v1-ULA-PB000138-HCT116-48h-P2-L1,H23,4188,5547,PB000138,PB000138_H23,colo-015,Triciribine,dmso,3.0,µM,10.0,mM,30.0,nl,40.0,µl,trt,S1117,Akt,PI3K/Akt/mTOR,65399.0,CN1N=C(N)C2=C[N](C3OC(CO)C(O)C3O)C4=C2C1=NC=N4,HOGVTUZUJGHKPL-HTVVRFAVSA-N,Targeted,Phase 1/Phase 2,HCT116,
spher-colo52-v1-ULA-PB000138-HCT116-48h-P2-L1,I02,4188,5547,PB000138,PB000138_I02,colo-023,Ruxolitinib (INCB018424),dmso,10.0,µM,10.0,mM,100.0,nl,40.0,µl,trt,S1378,JAK,JAK/STAT,25126798.0,N#CCC(C1CCCC1)[N]2C=C(C=N2)C3=NC=NC4=C3C=C[NH]4,HFNKQEVNSGCOJV-OAHLLOKOSA-N,Targeted,Launched,HCT116,
spher-colo52-v1-ULA-PB000138-HCT116-48h-P2-L1,I03,4188,5547,PB000138,PB000138_I03,colo-024,Adavosertib （MK-1775）,dmso,0.3,µM,1.0,mM,30.0,nl,40.0,µl,trt,S1525,Wee1,Cell Cycle,24856436.0,CN1CCN(CC1)C2=CC=C(NC3=NC4=C(C=N3)C(=O)N(CC=C)N4C5=NC(=CC=C5)C(C)(C)O)C=C2,BKWJAKQVGHWELA-UHFFFAOYSA-N,Targeted,Phase 2,HCT116,
spher-colo52-v1-ULA-PB000138-HCT116-48h-P2-L1,I04,4188,5547,PB000138,PB000138_I04,colo-026,AZD8055,dmso,1.0,µM,1.0,mM,100.0,nl,40.0,µl,trt,S1555,mTOR,PI3K/Akt/mTOR,25262965.0,COC1=C(CO)C=C(C=C1)C2=NC3=C(C=C2)C(=NC(=N3)N4CCOCC4C)N5CCOCC5C,KVLFRAWTRWDEDF-IRXDYDNUSA-N,Targeted,Phase 1,HCT116,
spher-colo52-v1-ULA-PB000138-HCT116-48h-P2-L1,I05,4188,5547,PB000138,PB000138_I05,colo-019,Regorafenib (BAY 73-4506),dmso,0.3,µM,1.0,mM,30.0,nl,40.0,µl,trt,S1178,"c-RET,VEGFR",Protein Tyrosine Kinase,11167602.0,CNC(=O)C1=CC(=CC=N1)OC2=CC(=C(NC(=O)NC3=CC=C(Cl)C(=C3)C(F)(F)F)C=C2)F,FNHKPVJBJVTLMP-UHFFFAOYSA-N,Targeted,Launched,HCT116,
spher-colo52-v1-ULA-PB000138-HCT116-48h-P2-L1,I06,4188,5547,PB000138,PB000138_I06,fenb,fenb,dmso,2.5,µM,10.0,mM,25.0,nl,40.0,µl,pos_con,F0040000,tubulin beta chain,,3334.0,COC(=O)NC1=NC2=C(N1)C=C(C=C2)SC3=CC=CC=C3,HDDSHPAODJUKPD-UHFFFAOYSA-N,,,HCT116,
spher-colo52-v1-ULA-PB000138-HCT116-48h-P2-L1,I07,4188,5547,PB000138,PB000138_I07,colo-031,Sapitinib (AZD8931),dmso,10.0,µM,10.0,mM,100.0,nl,40.0,µl,trt,S2192,"EGFR,HER2",Protein Tyrosine Kinase,11488320.0,CNC(=O)CN1CCC(CC1)OC2=C(OC)C=C3N=CN=C(NC4=C(F)C(=CC=C4)Cl)C3=C2,DFJSJLGUIXFDJP-UHFFFAOYSA-N,Targeted,Phase 2,HCT116,
spher-colo52-v1-ULA-PB000138-HCT116-48h-P2-L1,I08,4188,5547,PB000138,PB000138_I08,colo-028,Gemcitabine,dmso,0.03,µM,0.1,mM,30.0,nl,40.0,µl,trt,S1714,"Autophagy,DNA/RNA Synthesis",DNA Damage,60750.0,NC1=NC(=O)N(C=C1)C2OC(CO)C(O)C2(F)F,SDUQYLNIPVEERB-QPPQHZFASA-N,Cytotoxic,Launched,HCT116,Antimetabolite
spher-colo52-v1-ULA-PB000138-HCT116-48h-P2-L1,I09,4188,5547,PB000138,PB000138_I09,colo-001,ABT-737,dmso,1.0,µM,1.0,mM,100.0,nl,40.0,µl,trt,S1002,"Bcl-2,Autophagy",Apoptosis,11228183.0,CN(C)CCC(CSC1=CC=CC=C1)NC2=CC=C(C=C2[N+]([O-])=O)[S](=O)(=O)NC(=O)C3=CC=C(C=C3)N4CCN(CC4)CC5=C(C=CC=C5)C6=CC=C(Cl)C=C6,HPLNQCPCUACXLM-PGUFJCEWSA-N,Targeted,Phase 1/Phase 2,HCT116,
spher-colo52-v1-ULA-PB000138-HCT116-48h-P2-L1,I10,4188,5547,PB000138,PB000138_I10,colo-022,"Vemurafenib (PLX4032, RG7204)",dmso,10.0,µM,10.0,mM,100.0,nl,40.0,µl,trt,S1267,Raf,MAPK,42611257.0,CCC[S](=O)(=O)NC1=CC=C(F)C(=C1F)C(=O)C2=C[NH]C3=NC=C(C=C23)C4=CC=C(Cl)C=C4,GPXBXXGIAQBQNI-UHFFFAOYSA-N,Targeted,Launched,HCT116,
spher-colo52-v1-ULA-PB000138-HCT116-48h-P2-L1,I11,4188,5547,PB000138,PB000138_I11,colo-008,"Vorinostat (SAHA, MK0683)",dmso,3.0,µM,10.0,mM,30.0,nl,40.0,µl,trt,S1047,"Autophagy,HDAC",Epigenetics,5311.0,ONC(=O)CCCCCCC(=O)NC1=CC=CC=C1,WAEXFXRVDQXREF-UHFFFAOYSA-N,Targeted,Launched,HCT116,
spher-colo52-v1-ULA-PB000138-HCT116-48h-P2-L1,I12,4188,5547,PB000138,PB000138_I12,colo-031,Sapitinib (AZD8931),dmso,10.0,µM,10.0,mM,100.0,nl,40.0,µl,trt,S2192,"EGFR,HER2",Protein Tyrosine Kinase,11488320.0,CNC(=O)CN1CCC(CC1)OC2=C(OC)C=C3N=CN=C(NC4=C(F)C(=CC=C4)Cl)C3=C2,DFJSJLGUIXFDJP-UHFFFAOYSA-N,Targeted,Phase 2,HCT116,
spher-colo52-v1-ULA-PB000138-HCT116-48h-P2-L1,I13,4188,5547,PB000138,PB000138_I13,colo-013,MK-2206 2HCl,dmso,10.0,µM,10.0,mM,100.0,nl,40.0,µl,trt,S1078,Akt,PI3K/Akt/mTOR,46930998.0,Cl.Cl.NC1(CCC1)C2=CC=C(C=C2)C3=C(C=C4C(=N3)C=CN5C(=O)NN=C45)C6=CC=CC=C6,HWUHTJIKQZZBRA-UHFFFAOYSA-N,Targeted,Preclinical,HCT116,
spher-colo52-v1-ULA-PB000138-HCT116-48h-P2-L1,I14,4188,5547,PB000138,PB000138_I14,colo-008,"Vorinostat (SAHA, MK0683)",dmso,1.0,µM,1.0,mM,100.0,nl,40.0,µl,trt,S1047,"Autophagy,HDAC",Epigenetics,5311.0,ONC(=O)CCCCCCC(=O)NC1=CC=CC=C1,WAEXFXRVDQXREF-UHFFFAOYSA-N,Targeted,Launched,HCT116,
spher-colo52-v1-ULA-PB000138-HCT116-48h-P2-L1,I15,4188,5547,PB000138,PB000138_I15,colo-001,ABT-737,dmso,0.3,µM,1.0,mM,30.0,nl,40.0,µl,trt,S1002,"Bcl-2,Autophagy",Apoptosis,11228183.0,CN(C)CCC(CSC1=CC=CC=C1)NC2=CC=C(C=C2[N+]([O-])=O)[S](=O)(=O)NC(=O)C3=CC=C(C=C3)N4CCN(CC4)CC5=C(C=CC=C5)C6=CC=C(Cl)C=C6,HPLNQCPCUACXLM-PGUFJCEWSA-N,Targeted,Phase 1/Phase 2,HCT116,
spher-colo52-v1-ULA-PB000138-HCT116-48h-P2-L1,I16,4188,5547,PB000138,PB000138_I16,colo-014,Linsitinib (OSI-906),dmso,10.0,µM,10.0,mM,100.0,nl,40.0,µl,trt,S1091,IGF-1R,Protein Tyrosine Kinase,11640390.0,CC1(O)CC(C1)C2=NC(=C3[N]2C=CN=C3N)C4=CC=C5C=CC(=NC5=C4)C6=CC=CC=C6,PKCDDUHJAFVJJB-UHFFFAOYSA-N,Targeted,Preclinical,HCT116,
spher-colo52-v1-ULA-PB000138-HCT116-48h-P2-L1,I17,4188,5547,PB000138,PB000138_I17,colo-029,Trifluridine,dmso,1.0,µM,1.0,mM,100.0,nl,40.0,µl,trt,S1778,DNA/RNA Synthesis,DNA Damage,6256.0,OCC1OC(CC1O)N2C=C(C(=O)NC2=O)C(F)(F)F,VSQQQLOSPVPRAZ-RRKCRQDMSA-N,Cytotoxic,Launched,HCT116,Antimetabolite
spher-colo52-v1-ULA-PB000138-HCT116-48h-P2-L1,I18,4188,5547,PB000138,PB000138_I18,colo-028,Gemcitabine,dmso,0.03,µM,0.1,mM,30.0,nl,40.0,µl,trt,S1714,"Autophagy,DNA/RNA Synthesis",DNA Damage,60750.0,NC1=NC(=O)N(C=C1)C2OC(CO)C(O)C2(F)F,SDUQYLNIPVEERB-QPPQHZFASA-N,Cytotoxic,Launched,HCT116,Antimetabolite
spher-colo52-v1-ULA-PB000138-HCT116-48h-P2-L1,I19,4188,5547,PB000138,PB000138_I19,colo-025,AZD7762,dmso,1.0,µM,1.0,mM,100.0,nl,40.0,µl,trt,S1532,Chk,Cell Cycle,11152667.0,NC(=O)NC1=C(SC(=C1)C2=CC(=CC=C2)F)C(=O)NC3CCCNC3,IAYGCINLNONXHY-LBPRGKRZSA-N,Targeted,Phase 1,HCT116,
spher-colo52-v1-ULA-PB000138-HCT116-48h-P2-L1,I20,4188,5547,PB000138,PB000138_I20,colo-032,Phenformin HCl,dmso,1.0,µM,1.0,mM,100.0,nl,40.0,µl,trt,S2542,AMPK,PI3K/Akt/mTOR,13266.0,Cl.NC(=N)NC(=N)NCCC1=CC=CC=C1,YSUCWSWKRIOILX-UHFFFAOYSA-N,,Launched,HCT116,
spher-colo52-v1-ULA-PB000138-HCT116-48h-P2-L1,I21,4188,5547,PB000138,PB000138_I21,dmso,dmso,dmso,0.1,µM,100.0,%,100.0,nl,40.0,µl,neg_con,D2438,control,,679.0,CS(=O)C,IAZDPXIOMUYVGZ-UHFFFAOYSA-N,,,HCT116,
spher-colo52-v1-ULA-PB000138-HCT116-48h-P2-L1,I22,4188,5547,PB000138,PB000138_I22,colo-016,BMS-754807,dmso,3.0,µM,10.0,mM,30.0,nl,40.0,µl,trt,S1124,"c-Met,IGF-1R,Trk receptor",Protein Tyrosine Kinase,24785538.0,CC1(CCCN1C2=N[N]3C=CC=C3C(=N2)NC4=N[NH]C(=C4)C5CC5)C(=O)NC6=CC=C(F)N=C6,LQVXSNNAFNGRAH-QHCPKHFHSA-N,Targeted,Phase 2,HCT116,
spher-colo52-v1-ULA-PB000138-HCT116-48h-P2-L1,I23,4188,5547,PB000138,PB000138_I23,colo-034,Rabusertib (LY2603618),dmso,10.0,µM,10.0,mM,100.0,nl,40.0,µl,trt,S2626,Chk,Cell Cycle,11955855.0,CC1=NC=C(NC(=O)NC2=C(OCC3CNCCO3)C=C(C)C(=C2)Br)N=C1,SYYBDNPGDKKJDU-ZDUSSCGKSA-N,Targeted,Phase 2,HCT116,
spher-colo52-v1-ULA-PB000138-HCT116-48h-P2-L1,J02,4188,5547,PB000138,PB000138_J02,colo-021,Temozolomide,dmso,3.0,µM,10.0,mM,30.0,nl,40.0,µl,trt,S1237,"DNA/RNA Synthesis,Autophagy",DNA Damage,5394.0,CN1N=NC2=C(N=C[N]2C1=O)C(N)=O,BPEGJWRSRHCHSN-UHFFFAOYSA-N,Cytotoxic,Launched,HCT116,Alkylator
spher-colo52-v1-ULA-PB000138-HCT116-48h-P2-L1,J03,4188,5547,PB000138,PB000138_J03,dmso,dmso,dmso,0.1,µM,100.0,%,100.0,nl,40.0,µl,neg_con,D2438,control,,679.0,CS(=O)C,IAZDPXIOMUYVGZ-UHFFFAOYSA-N,,,HCT116,
spher-colo52-v1-ULA-PB000138-HCT116-48h-P2-L1,J04,4188,5547,PB000138,PB000138_J04,colo-017,Tanespimycin (17-AAG),dmso,1.0,µM,1.0,mM,100.0,nl,40.0,µl,trt,S1141,HSP (e.g. HSP90),Cytoskeletal Signaling,6505803.0,COC1CC(C)CC2=C(NCC=C)C(=O)C=C(NC(=O)C(=C\C=C/C(OC)C(OC(N)=O)/C(=C/C(C)C1O)C)\C)C2=O,AYUNIORJHRXIBJ-TXHRRWQRSA-N,Targeted,Phase 3,HCT116,
spher-colo52-v1-ULA-PB000138-HCT116-48h-P2-L1,J05,4188,5547,PB000138,PB000138_J05,colo-028,Gemcitabine,dmso,0.3,µM,1.0,mM,30.0,nl,40.0,µl,trt,S1714,"Autophagy,DNA/RNA Synthesis",DNA Damage,60750.0,NC1=NC(=O)N(C=C1)C2OC(CO)C(O)C2(F)F,SDUQYLNIPVEERB-QPPQHZFASA-N,Cytotoxic,Launched,HCT116,Antimetabolite
spher-colo52-v1-ULA-PB000138-HCT116-48h-P2-L1,J06,4188,5547,PB000138,PB000138_J06,colo-035,Trametinib (GSK1120212),dmso,1.0,µM,1.0,mM,100.0,nl,40.0,µl,trt,S2673,MEK,MAPK,11707110.0,CN1C(=O)C(=C2N(C(=O)N(C3CC3)C(=O)C2=C1NC4=CC=C(I)C=C4F)C5=CC(=CC=C5)NC(C)=O)C,LIRYPHYGHXZJBZ-UHFFFAOYSA-N,Targeted,Launched,HCT116,
spher-colo52-v1-ULA-PB000138-HCT116-48h-P2-L1,J07,4188,5547,PB000138,PB000138_J07,colo-024,Adavosertib （MK-1775）,dmso,10.0,µM,10.0,mM,100.0,nl,40.0,µl,trt,S1525,Wee1,Cell Cycle,24856436.0,CN1CCN(CC1)C2=CC=C(NC3=NC4=C(C=N3)C(=O)N(CC=C)N4C5=NC(=CC=C5)C(C)(C)O)C=C2,BKWJAKQVGHWELA-UHFFFAOYSA-N,Targeted,Phase 2,HCT116,
spher-colo52-v1-ULA-PB000138-HCT116-48h-P2-L1,J08,4188,5547,PB000138,PB000138_J08,colo-005,Gefitinib (ZD1839),dmso,1.0,µM,1.0,mM,100.0,nl,40.0,µl,trt,S1025,EGFR,Protein Tyrosine Kinase,123631.0,COC1=C(OCCCN2CCOCC2)C=C3C(=NC=NC3=C1)NC4=CC=C(F)C(=C4)Cl,XGALLCVXEZPNRQ-UHFFFAOYSA-N,Targeted,Launched,HCT116,
spher-colo52-v1-ULA-PB000138-HCT116-48h-P2-L1,J09,4188,5547,PB000138,PB000138_J09,colo-003,Afatinib (BIBW2992),dmso,3.0,µM,10.0,mM,30.0,nl,40.0,µl,trt,S1011,"EGFR,HER2",Protein Tyrosine Kinase,10184653.0,CN(C)C/C=C/C(=O)NC1=CC2=C(NC3=CC=C(F)C(=C3)Cl)N=CN=C2C=C1OC4CCOC4,ULXXDDBFHOBEHA-CWDCEQMOSA-N,Targeted,Launched,HCT116,
spher-colo52-v1-ULA-PB000138-HCT116-48h-P2-L1,J10,4188,5547,PB000138,PB000138_J10,colo-018,Paclitaxel,dmso,0.1,µM,0.1,mM,100.0,nl,40.0,µl,trt,S1150,"Autophagy,Microtubule Associated",Cytoskeletal Signaling,441276.0,CC(=O)OC1C(=O)C2(C)C(O)CC3OCC3(OC(C)=O)C2C(OC(=O)C4=CC=CC=C4)C5(O)CC(OC(=O)C(O)C(NC(=O)C6=CC=CC=C6)C7=CC=CC=C7)C(=C1C5(C)C)C,RCINICONZNJXQF-VAZQATRQSA-N,Cytotoxic,Preclinical,HCT116,
spher-colo52-v1-ULA-PB000138-HCT116-48h-P2-L1,J11,4188,5547,PB000138,PB000138_J11,colo-024,Adavosertib （MK-1775）,dmso,0.3,µM,1.0,mM,30.0,nl,40.0,µl,trt,S1525,Wee1,Cell Cycle,24856436.0,CN1CCN(CC1)C2=CC=C(NC3=NC4=C(C=N3)C(=O)N(CC=C)N4C5=NC(=CC=C5)C(C)(C)O)C=C2,BKWJAKQVGHWELA-UHFFFAOYSA-N,Targeted,Phase 2,HCT116,
spher-colo52-v1-ULA-PB000138-HCT116-48h-P2-L1,J12,4188,5547,PB000138,PB000138_J12,colo-019,Regorafenib (BAY 73-4506),dmso,10.0,µM,10.0,mM,100.0,nl,40.0,µl,trt,S1178,"c-RET,VEGFR",Protein Tyrosine Kinase,11167602.0,CNC(=O)C1=CC(=CC=N1)OC2=CC(=C(NC(=O)NC3=CC=C(Cl)C(=C3)C(F)(F)F)C=C2)F,FNHKPVJBJVTLMP-UHFFFAOYSA-N,Targeted,Launched,HCT116,
spher-colo52-v1-ULA-PB000138-HCT116-48h-P2-L1,J13,4188,5547,PB000138,PB000138_J13,colo-025,AZD7762,dmso,1.0,µM,1.0,mM,100.0,nl,40.0,µl,trt,S1532,Chk,Cell Cycle,11152667.0,NC(=O)NC1=C(SC(=C1)C2=CC(=CC=C2)F)C(=O)NC3CCCNC3,IAYGCINLNONXHY-LBPRGKRZSA-N,Targeted,Phase 1,HCT116,
spher-colo52-v1-ULA-PB000138-HCT116-48h-P2-L1,J14,4188,5547,PB000138,PB000138_J14,dmso,dmso,dmso,0.1,µM,100.0,%,100.0,nl,40.0,µl,neg_con,D2438,control,,679.0,CS(=O)C,IAZDPXIOMUYVGZ-UHFFFAOYSA-N,,,HCT116,
spher-colo52-v1-ULA-PB000138-HCT116-48h-P2-L1,J15,4188,5547,PB000138,PB000138_J15,colo-022,"Vemurafenib (PLX4032, RG7204)",dmso,1.0,µM,1.0,mM,100.0,nl,40.0,µl,trt,S1267,Raf,MAPK,42611257.0,CCC[S](=O)(=O)NC1=CC=C(F)C(=C1F)C(=O)C2=C[NH]C3=NC=C(C=C23)C4=CC=C(Cl)C=C4,GPXBXXGIAQBQNI-UHFFFAOYSA-N,Targeted,Launched,HCT116,
spher-colo52-v1-ULA-PB000138-HCT116-48h-P2-L1,J16,4188,5547,PB000138,PB000138_J16,colo-013,MK-2206 2HCl,dmso,1.0,µM,1.0,mM,100.0,nl,40.0,µl,trt,S1078,Akt,PI3K/Akt/mTOR,46930998.0,Cl.Cl.NC1(CCC1)C2=CC=C(C=C2)C3=C(C=C4C(=N3)C=CN5C(=O)NN=C45)C6=CC=CC=C6,HWUHTJIKQZZBRA-UHFFFAOYSA-N,Targeted,Preclinical,HCT116,
spher-colo52-v1-ULA-PB000138-HCT116-48h-P2-L1,J17,4188,5547,PB000138,PB000138_J17,colo-003,Afatinib (BIBW2992),dmso,1.0,µM,1.0,mM,100.0,nl,40.0,µl,trt,S1011,"EGFR,HER2",Protein Tyrosine Kinase,10184653.0,CN(C)C/C=C/C(=O)NC1=CC2=C(NC3=CC=C(F)C(=C3)Cl)N=CN=C2C=C1OC4CCOC4,ULXXDDBFHOBEHA-CWDCEQMOSA-N,Targeted,Launched,HCT116,
spher-colo52-v1-ULA-PB000138-HCT116-48h-P2-L1,J18,4188,5547,PB000138,PB000138_J18,colo-013,MK-2206 2HCl,dmso,10.0,µM,10.0,mM,100.0,nl,40.0,µl,trt,S1078,Akt,PI3K/Akt/mTOR,46930998.0,Cl.Cl.NC1(CCC1)C2=CC=C(C=C2)C3=C(C=C4C(=N3)C=CN5C(=O)NN=C45)C6=CC=CC=C6,HWUHTJIKQZZBRA-UHFFFAOYSA-N,Targeted,Preclinical,HCT116,
spher-colo52-v1-ULA-PB000138-HCT116-48h-P2-L1,J19,4188,5547,PB000138,PB000138_J19,colo-004,Bortezomib (PS-341),dmso,0.003,µM,0.01,mM,30.0,nl,40.0,µl,trt,S1013,Proteasome,Proteases,387447.0,CC(C)CC(NC(=O)C(CC1=CC=CC=C1)NC(=O)C2=NC=CN=C2)B(O)O,GXJABQQUPOEUTA-RDJZCZTQSA-N,Targeted,Launched,HCT116,
spher-colo52-v1-ULA-PB000138-HCT116-48h-P2-L1,J20,4188,5547,PB000138,PB000138_J20,colo-005,Gefitinib (ZD1839),dmso,0.3,µM,1.0,mM,30.0,nl,40.0,µl,trt,S1025,EGFR,Protein Tyrosine Kinase,123631.0,COC1=C(OCCCN2CCOCC2)C=C3C(=NC=NC3=C1)NC4=CC=C(F)C(=C4)Cl,XGALLCVXEZPNRQ-UHFFFAOYSA-N,Targeted,Launched,HCT116,
spher-colo52-v1-ULA-PB000138-HCT116-48h-P2-L1,J21,4188,5547,PB000138,PB000138_J21,colo-001,ABT-737,dmso,0.3,µM,1.0,mM,30.0,nl,40.0,µl,trt,S1002,"Bcl-2,Autophagy",Apoptosis,11228183.0,CN(C)CCC(CSC1=CC=CC=C1)NC2=CC=C(C=C2[N+]([O-])=O)[S](=O)(=O)NC(=O)C3=CC=C(C=C3)N4CCN(CC4)CC5=C(C=CC=C5)C6=CC=C(Cl)C=C6,HPLNQCPCUACXLM-PGUFJCEWSA-N,Targeted,Phase 1/Phase 2,HCT116,
spher-colo52-v1-ULA-PB000138-HCT116-48h-P2-L1,J22,4188,5547,PB000138,PB000138_J22,colo-011,Crizotinib (PF-02341066),dmso,3.0,µM,10.0,mM,30.0,nl,40.0,µl,trt,S1068,"ALK,c-Met",Protein Tyrosine Kinase,11626560.0,CC(OC1=C(N)N=CC(=C1)C2=C[N](N=C2)C3CCNCC3)C4=C(Cl)C=CC(=C4Cl)F,KTEIFNKAUNYNJU-GFCCVEGCSA-N,Targeted,Launched,HCT116,
spher-colo52-v1-ULA-PB000138-HCT116-48h-P2-L1,J23,4188,5547,PB000138,PB000138_J23,colo-022,"Vemurafenib (PLX4032, RG7204)",dmso,0.3,µM,1.0,mM,30.0,nl,40.0,µl,trt,S1267,Raf,MAPK,42611257.0,CCC[S](=O)(=O)NC1=CC=C(F)C(=C1F)C(=O)C2=C[NH]C3=NC=C(C=C23)C4=CC=C(Cl)C=C4,GPXBXXGIAQBQNI-UHFFFAOYSA-N,Targeted,Launched,HCT116,
spher-colo52-v1-ULA-PB000138-HCT116-48h-P2-L1,K02,4188,5547,PB000138,PB000138_K02,colo-004,Bortezomib (PS-341),dmso,0.01,µM,0.01,mM,100.0,nl,40.0,µl,trt,S1013,Proteasome,Proteases,387447.0,CC(C)CC(NC(=O)C(CC1=CC=CC=C1)NC(=O)C2=NC=CN=C2)B(O)O,GXJABQQUPOEUTA-RDJZCZTQSA-N,Targeted,Launched,HCT116,
spher-colo52-v1-ULA-PB000138-HCT116-48h-P2-L1,K03,4188,5547,PB000138,PB000138_K03,colo-006,PD0325901,dmso,1.0,µM,1.0,mM,100.0,nl,40.0,µl,trt,S1036,MEK,MAPK,9826528.0,OCC(O)CONC(=O)C1=C(NC2=CC=C(I)C=C2F)C(=C(F)C=C1)F,SUDAHWBOROXANE-SECBINFHSA-N,Targeted,Phase 2,HCT116,
spher-colo52-v1-ULA-PB000138-HCT116-48h-P2-L1,K04,4188,5547,PB000138,PB000138_K04,colo-022,"Vemurafenib (PLX4032, RG7204)",dmso,10.0,µM,10.0,mM,100.0,nl,40.0,µl,trt,S1267,Raf,MAPK,42611257.0,CCC[S](=O)(=O)NC1=CC=C(F)C(=C1F)C(=O)C2=C[NH]C3=NC=C(C=C23)C4=CC=C(Cl)C=C4,GPXBXXGIAQBQNI-UHFFFAOYSA-N,Targeted,Launched,HCT116,
spher-colo52-v1-ULA-PB000138-HCT116-48h-P2-L1,K05,4188,5547,PB000138,PB000138_K05,colo-021,Temozolomide,dmso,10.0,µM,10.0,mM,100.0,nl,40.0,µl,trt,S1237,"DNA/RNA Synthesis,Autophagy",DNA Damage,5394.0,CN1N=NC2=C(N=C[N]2C1=O)C(N)=O,BPEGJWRSRHCHSN-UHFFFAOYSA-N,Cytotoxic,Launched,HCT116,Alkylator
spher-colo52-v1-ULA-PB000138-HCT116-48h-P2-L1,K06,4188,5547,PB000138,PB000138_K06,colo-010,Nutlin-3,dmso,1.0,µM,1.0,mM,100.0,nl,40.0,µl,trt,S1061,"E3 Ligase ,Mdm2",Apoptosis,216345.0,COC1=CC(=C(C=C1)C2=NC(C(N2C(=O)N3CCNC(=O)C3)C4=CC=C(Cl)C=C4)C5=CC=C(Cl)C=C5)OC(C)C,BDUHCSBCVGXTJM-UHFFFAOYSA-N,Targeted,Preclinical,HCT116,
spher-colo52-v1-ULA-PB000138-HCT116-48h-P2-L1,K07,4188,5547,PB000138,PB000138_K07,colo-001,ABT-737,dmso,1.0,µM,1.0,mM,100.0,nl,40.0,µl,trt,S1002,"Bcl-2,Autophagy",Apoptosis,11228183.0,CN(C)CCC(CSC1=CC=CC=C1)NC2=CC=C(C=C2[N+]([O-])=O)[S](=O)(=O)NC(=O)C3=CC=C(C=C3)N4CCN(CC4)CC5=C(C=CC=C5)C6=CC=C(Cl)C=C6,HPLNQCPCUACXLM-PGUFJCEWSA-N,Targeted,Phase 1/Phase 2,HCT116,
spher-colo52-v1-ULA-PB000138-HCT116-48h-P2-L1,K08,4188,5547,PB000138,PB000138_K08,colo-031,Sapitinib (AZD8931),dmso,3.0,µM,10.0,mM,30.0,nl,40.0,µl,trt,S2192,"EGFR,HER2",Protein Tyrosine Kinase,11488320.0,CNC(=O)CN1CCC(CC1)OC2=C(OC)C=C3N=CN=C(NC4=C(F)C(=CC=C4)Cl)C3=C2,DFJSJLGUIXFDJP-UHFFFAOYSA-N,Targeted,Phase 2,HCT116,
spher-colo52-v1-ULA-PB000138-HCT116-48h-P2-L1,K09,4188,5547,PB000138,PB000138_K09,colo-022,"Vemurafenib (PLX4032, RG7204)",dmso,1.0,µM,1.0,mM,100.0,nl,40.0,µl,trt,S1267,Raf,MAPK,42611257.0,CCC[S](=O)(=O)NC1=CC=C(F)C(=C1F)C(=O)C2=C[NH]C3=NC=C(C=C23)C4=CC=C(Cl)C=C4,GPXBXXGIAQBQNI-UHFFFAOYSA-N,Targeted,Launched,HCT116,
spher-colo52-v1-ULA-PB000138-HCT116-48h-P2-L1,K10,4188,5547,PB000138,PB000138_K10,colo-015,Triciribine,dmso,10.0,µM,10.0,mM,100.0,nl,40.0,µl,trt,S1117,Akt,PI3K/Akt/mTOR,65399.0,CN1N=C(N)C2=C[N](C3OC(CO)C(O)C3O)C4=C2C1=NC=N4,HOGVTUZUJGHKPL-HTVVRFAVSA-N,Targeted,Phase 1/Phase 2,HCT116,
spher-colo52-v1-ULA-PB000138-HCT116-48h-P2-L1,K11,4188,5547,PB000138,PB000138_K11,dmso,dmso,dmso,0.1,µM,100.0,%,100.0,nl,40.0,µl,neg_con,D2438,control,,679.0,CS(=O)C,IAZDPXIOMUYVGZ-UHFFFAOYSA-N,,,HCT116,
spher-colo52-v1-ULA-PB000138-HCT116-48h-P2-L1,K12,4188,5547,PB000138,PB000138_K12,colo-022,"Vemurafenib (PLX4032, RG7204)",dmso,0.3,µM,1.0,mM,30.0,nl,40.0,µl,trt,S1267,Raf,MAPK,42611257.0,CCC[S](=O)(=O)NC1=CC=C(F)C(=C1F)C(=O)C2=C[NH]C3=NC=C(C=C23)C4=CC=C(Cl)C=C4,GPXBXXGIAQBQNI-UHFFFAOYSA-N,Targeted,Launched,HCT116,
spher-colo52-v1-ULA-PB000138-HCT116-48h-P2-L1,K13,4188,5547,PB000138,PB000138_K13,colo-006,PD0325901,dmso,0.3,µM,1.0,mM,30.0,nl,40.0,µl,trt,S1036,MEK,MAPK,9826528.0,OCC(O)CONC(=O)C1=C(NC2=CC=C(I)C=C2F)C(=C(F)C=C1)F,SUDAHWBOROXANE-SECBINFHSA-N,Targeted,Phase 2,HCT116,
spher-colo52-v1-ULA-PB000138-HCT116-48h-P2-L1,K14,4188,5547,PB000138,PB000138_K14,colo-020,"Fluorouracil (5-Fluoracil, 5-FU)",dmso,3.0,µM,10.0,mM,30.0,nl,40.0,µl,trt,S1209,DNA/RNA Synthesis,DNA Damage,3385.0,FC1=CNC(=O)NC1=O,GHASVSINZRGABV-UHFFFAOYSA-N,Cytotoxic,Launched,HCT116,Antimetabolite
spher-colo52-v1-ULA-PB000138-HCT116-48h-P2-L1,K15,4188,5547,PB000138,PB000138_K15,colo-012,SB216763,dmso,3.0,µM,10.0,mM,30.0,nl,40.0,µl,trt,S1075,GSK-3,PI3K/Akt/mTOR,176158.0,C[N]1C=C(C2=C1C=CC=C2)C3=C(C(=O)NC3=O)C4=CC=C(Cl)C=C4Cl,JCSGFHVFHSKIJH-UHFFFAOYSA-N,Targeted,Preclinical,HCT116,
spher-colo52-v1-ULA-PB000138-HCT116-48h-P2-L1,K16,4188,5547,PB000138,PB000138_K16,colo-001,ABT-737,dmso,0.1,µM,0.1,mM,100.0,nl,40.0,µl,trt,S1002,"Bcl-2,Autophagy",Apoptosis,11228183.0,CN(C)CCC(CSC1=CC=CC=C1)NC2=CC=C(C=C2[N+]([O-])=O)[S](=O)(=O)NC(=O)C3=CC=C(C=C3)N4CCN(CC4)CC5=C(C=CC=C5)C6=CC=C(Cl)C=C6,HPLNQCPCUACXLM-PGUFJCEWSA-N,Targeted,Phase 1/Phase 2,HCT116,
spher-colo52-v1-ULA-PB000138-HCT116-48h-P2-L1,K17,4188,5547,PB000138,PB000138_K17,colo-007,PI-103,dmso,10.0,µM,10.0,mM,100.0,nl,40.0,µl,trt,S1038,"Autophagy,DNA-PK,mTOR,PI3K",PI3K/Akt/mTOR,9884685.0,OC1=CC(=CC=C1)C2=NC3=C(OC4=C3C=CC=N4)C(=N2)N5CCOCC5,TUVCWJQQGGETHL-UHFFFAOYSA-N,Targeted,Preclinical,HCT116,
spher-colo52-v1-ULA-PB000138-HCT116-48h-P2-L1,K18,4188,5547,PB000138,PB000138_K18,colo-021,Temozolomide,dmso,10.0,µM,10.0,mM,100.0,nl,40.0,µl,trt,S1237,"DNA/RNA Synthesis,Autophagy",DNA Damage,5394.0,CN1N=NC2=C(N=C[N]2C1=O)C(N)=O,BPEGJWRSRHCHSN-UHFFFAOYSA-N,Cytotoxic,Launched,HCT116,Alkylator
spher-colo52-v1-ULA-PB000138-HCT116-48h-P2-L1,K19,4188,5547,PB000138,PB000138_K19,colo-018,Paclitaxel,dmso,0.01,µM,0.01,mM,100.0,nl,40.0,µl,trt,S1150,"Autophagy,Microtubule Associated",Cytoskeletal Signaling,441276.0,CC(=O)OC1C(=O)C2(C)C(O)CC3OCC3(OC(C)=O)C2C(OC(=O)C4=CC=CC=C4)C5(O)CC(OC(=O)C(O)C(NC(=O)C6=CC=CC=C6)C7=CC=CC=C7)C(=C1C5(C)C)C,RCINICONZNJXQF-VAZQATRQSA-N,Cytotoxic,Preclinical,HCT116,
spher-colo52-v1-ULA-PB000138-HCT116-48h-P2-L1,K20,4188,5547,PB000138,PB000138_K20,colo-027,Doramapimod (BIRB 796),dmso,3.0,µM,10.0,mM,30.0,nl,40.0,µl,trt,S1574,p38 MAPK,MAPK,156422.0,CC1=CC=C(C=C1)[N]2N=C(C=C2NC(=O)NC3=CC=C(OCCN4CCOCC4)C5=C3C=CC=C5)C(C)(C)C,MVCOAUNKQVWQHZ-UHFFFAOYSA-N,Targeted,Phase 2,HCT116,
spher-colo52-v1-ULA-PB000138-HCT116-48h-P2-L1,K21,4188,5547,PB000138,PB000138_K21,colo-030,SB505124,dmso,0.3,µM,1.0,mM,30.0,nl,40.0,µl,trt,S2186,TGF-beta/Smad,TGF-beta/Smad,9858940.0,CC1=CC=CC(=N1)C2=C(N=C([NH]2)C(C)(C)C)C3=CC4=C(OCO4)C=C3,WGZOTBUYUFBEPZ-UHFFFAOYSA-N,Targeted,Preclinical,HCT116,
spher-colo52-v1-ULA-PB000138-HCT116-48h-P2-L1,K22,4188,5547,PB000138,PB000138_K22,stau,stau,dmso,0.1,µM,0.1,mM,100.0,nl,40.0,µl,pos_con,HY-15141,pan protein inhibitor,,44259.0,CC12C(C(CC(O1)N3C4=CC=CC=C4C5=C6C(=C7C8=CC=CC=C8N2C7=C53)CNC6=O)NC)OC,HKSZLNNOFSGOKW-FYTWVXJKSA-N,,,HCT116,
spher-colo52-v1-ULA-PB000138-HCT116-48h-P2-L1,K23,4188,5547,PB000138,PB000138_K23,colo-004,Bortezomib (PS-341),dmso,0.1,µM,0.1,mM,100.0,nl,40.0,µl,trt,S1013,Proteasome,Proteases,387447.0,CC(C)CC(NC(=O)C(CC1=CC=CC=C1)NC(=O)C2=NC=CN=C2)B(O)O,GXJABQQUPOEUTA-RDJZCZTQSA-N,Targeted,Launched,HCT116,
spher-colo52-v1-ULA-PB000138-HCT116-48h-P2-L1,L02,4188,5547,PB000138,PB000138_L02,colo-002,Veliparib (ABT-888),dmso,3.0,µM,10.0,mM,30.0,nl,40.0,µl,trt,S1004,PARP,DNA Damage,11960529.0,CC1(CCCN1)C2=NC3=C(C=CC=C3[NH]2)C(N)=O,JNAHVYVRKWKWKQ-CYBMUJFWSA-N,Targeted,Phase 3,HCT116,PARPi
spher-colo52-v1-ULA-PB000138-HCT116-48h-P2-L1,L03,4188,5547,PB000138,PB000138_L03,colo-035,Trametinib (GSK1120212),dmso,0.3,µM,1.0,mM,30.0,nl,40.0,µl,trt,S2673,MEK,MAPK,11707110.0,CN1C(=O)C(=C2N(C(=O)N(C3CC3)C(=O)C2=C1NC4=CC=C(I)C=C4F)C5=CC(=CC=C5)NC(C)=O)C,LIRYPHYGHXZJBZ-UHFFFAOYSA-N,Targeted,Launched,HCT116,
spher-colo52-v1-ULA-PB000138-HCT116-48h-P2-L1,L04,4188,5547,PB000138,PB000138_L04,colo-030,SB505124,dmso,3.0,µM,10.0,mM,30.0,nl,40.0,µl,trt,S2186,TGF-beta/Smad,TGF-beta/Smad,9858940.0,CC1=CC=CC(=N1)C2=C(N=C([NH]2)C(C)(C)C)C3=CC4=C(OCO4)C=C3,WGZOTBUYUFBEPZ-UHFFFAOYSA-N,Targeted,Preclinical,HCT116,
spher-colo52-v1-ULA-PB000138-HCT116-48h-P2-L1,L05,4188,5547,PB000138,PB000138_L05,colo-031,Sapitinib (AZD8931),dmso,1.0,µM,1.0,mM,100.0,nl,40.0,µl,trt,S2192,"EGFR,HER2",Protein Tyrosine Kinase,11488320.0,CNC(=O)CN1CCC(CC1)OC2=C(OC)C=C3N=CN=C(NC4=C(F)C(=CC=C4)Cl)C3=C2,DFJSJLGUIXFDJP-UHFFFAOYSA-N,Targeted,Phase 2,HCT116,
spher-colo52-v1-ULA-PB000138-HCT116-48h-P2-L1,L06,4188,5547,PB000138,PB000138_L06,colo-035,Trametinib (GSK1120212),dmso,1.0,µM,1.0,mM,100.0,nl,40.0,µl,trt,S2673,MEK,MAPK,11707110.0,CN1C(=O)C(=C2N(C(=O)N(C3CC3)C(=O)C2=C1NC4=CC=C(I)C=C4F)C5=CC(=CC=C5)NC(C)=O)C,LIRYPHYGHXZJBZ-UHFFFAOYSA-N,Targeted,Launched,HCT116,
spher-colo52-v1-ULA-PB000138-HCT116-48h-P2-L1,L07,4188,5547,PB000138,PB000138_L07,dmso,dmso,dmso,0.1,µM,100.0,%,100.0,nl,40.0,µl,neg_con,D2438,control,,679.0,CS(=O)C,IAZDPXIOMUYVGZ-UHFFFAOYSA-N,,,HCT116,
spher-colo52-v1-ULA-PB000138-HCT116-48h-P2-L1,L08,4188,5547,PB000138,PB000138_L08,colo-012,SB216763,dmso,1.0,µM,1.0,mM,100.0,nl,40.0,µl,trt,S1075,GSK-3,PI3K/Akt/mTOR,176158.0,C[N]1C=C(C2=C1C=CC=C2)C3=C(C(=O)NC3=O)C4=CC=C(Cl)C=C4Cl,JCSGFHVFHSKIJH-UHFFFAOYSA-N,Targeted,Preclinical,HCT116,
spher-colo52-v1-ULA-PB000138-HCT116-48h-P2-L1,L09,4188,5547,PB000138,PB000138_L09,colo-003,Afatinib (BIBW2992),dmso,3.0,µM,10.0,mM,30.0,nl,40.0,µl,trt,S1011,"EGFR,HER2",Protein Tyrosine Kinase,10184653.0,CN(C)C/C=C/C(=O)NC1=CC2=C(NC3=CC=C(F)C(=C3)Cl)N=CN=C2C=C1OC4CCOC4,ULXXDDBFHOBEHA-CWDCEQMOSA-N,Targeted,Launched,HCT116,
spher-colo52-v1-ULA-PB000138-HCT116-48h-P2-L1,L10,4188,5547,PB000138,PB000138_L10,colo-020,"Fluorouracil (5-Fluoracil, 5-FU)",dmso,10.0,µM,10.0,mM,100.0,nl,40.0,µl,trt,S1209,DNA/RNA Synthesis,DNA Damage,3385.0,FC1=CNC(=O)NC1=O,GHASVSINZRGABV-UHFFFAOYSA-N,Cytotoxic,Launched,HCT116,Antimetabolite
spher-colo52-v1-ULA-PB000138-HCT116-48h-P2-L1,L11,4188,5547,PB000138,PB000138_L11,colo-012,SB216763,dmso,3.0,µM,10.0,mM,30.0,nl,40.0,µl,trt,S1075,GSK-3,PI3K/Akt/mTOR,176158.0,C[N]1C=C(C2=C1C=CC=C2)C3=C(C(=O)NC3=O)C4=CC=C(Cl)C=C4Cl,JCSGFHVFHSKIJH-UHFFFAOYSA-N,Targeted,Preclinical,HCT116,
spher-colo52-v1-ULA-PB000138-HCT116-48h-P2-L1,L12,4188,5547,PB000138,PB000138_L12,colo-007,PI-103,dmso,1.0,µM,1.0,mM,100.0,nl,40.0,µl,trt,S1038,"Autophagy,DNA-PK,mTOR,PI3K",PI3K/Akt/mTOR,9884685.0,OC1=CC(=CC=C1)C2=NC3=C(OC4=C3C=CC=N4)C(=N2)N5CCOCC5,TUVCWJQQGGETHL-UHFFFAOYSA-N,Targeted,Preclinical,HCT116,
spher-colo52-v1-ULA-PB000138-HCT116-48h-P2-L1,L13,4188,5547,PB000138,PB000138_L13,colo-016,BMS-754807,dmso,10.0,µM,10.0,mM,100.0,nl,40.0,µl,trt,S1124,"c-Met,IGF-1R,Trk receptor",Protein Tyrosine Kinase,24785538.0,CC1(CCCN1C2=N[N]3C=CC=C3C(=N2)NC4=N[NH]C(=C4)C5CC5)C(=O)NC6=CC=C(F)N=C6,LQVXSNNAFNGRAH-QHCPKHFHSA-N,Targeted,Phase 2,HCT116,
spher-colo52-v1-ULA-PB000138-HCT116-48h-P2-L1,L14,4188,5547,PB000138,PB000138_L14,colo-003,Afatinib (BIBW2992),dmso,10.0,µM,10.0,mM,100.0,nl,40.0,µl,trt,S1011,"EGFR,HER2",Protein Tyrosine Kinase,10184653.0,CN(C)C/C=C/C(=O)NC1=CC2=C(NC3=CC=C(F)C(=C3)Cl)N=CN=C2C=C1OC4CCOC4,ULXXDDBFHOBEHA-CWDCEQMOSA-N,Targeted,Launched,HCT116,
spher-colo52-v1-ULA-PB000138-HCT116-48h-P2-L1,L15,4188,5547,PB000138,PB000138_L15,colo-011,Crizotinib (PF-02341066),dmso,1.0,µM,1.0,mM,100.0,nl,40.0,µl,trt,S1068,"ALK,c-Met",Protein Tyrosine Kinase,11626560.0,CC(OC1=C(N)N=CC(=C1)C2=C[N](N=C2)C3CCNCC3)C4=C(Cl)C=CC(=C4Cl)F,KTEIFNKAUNYNJU-GFCCVEGCSA-N,Targeted,Launched,HCT116,
spher-colo52-v1-ULA-PB000138-HCT116-48h-P2-L1,L16,4188,5547,PB000138,PB000138_L16,colo-016,BMS-754807,dmso,1.0,µM,1.0,mM,100.0,nl,40.0,µl,trt,S1124,"c-Met,IGF-1R,Trk receptor",Protein Tyrosine Kinase,24785538.0,CC1(CCCN1C2=N[N]3C=CC=C3C(=N2)NC4=N[NH]C(=C4)C5CC5)C(=O)NC6=CC=C(F)N=C6,LQVXSNNAFNGRAH-QHCPKHFHSA-N,Targeted,Phase 2,HCT116,
spher-colo52-v1-ULA-PB000138-HCT116-48h-P2-L1,L17,4188,5547,PB000138,PB000138_L17,colo-034,Rabusertib (LY2603618),dmso,0.3,µM,1.0,mM,30.0,nl,40.0,µl,trt,S2626,Chk,Cell Cycle,11955855.0,CC1=NC=C(NC(=O)NC2=C(OCC3CNCCO3)C=C(C)C(=C2)Br)N=C1,SYYBDNPGDKKJDU-ZDUSSCGKSA-N,Targeted,Phase 2,HCT116,
spher-colo52-v1-ULA-PB000138-HCT116-48h-P2-L1,L18,4188,5547,PB000138,PB000138_L18,dmso,dmso,dmso,0.1,µM,100.0,%,100.0,nl,40.0,µl,neg_con,D2438,control,,679.0,CS(=O)C,IAZDPXIOMUYVGZ-UHFFFAOYSA-N,,,HCT116,
spher-colo52-v1-ULA-PB000138-HCT116-48h-P2-L1,L19,4188,5547,PB000138,PB000138_L19,colo-033,Miglitol,dmso,0.3,µM,1.0,mM,30.0,nl,40.0,µl,trt,S2589,Others,Others,441314.0,OCCN1CC(O)C(O)C(O)C1CO,IBAQFPQHRJAVAV-ULAWRXDQSA-N,,Launched,HCT116,
spher-colo52-v1-ULA-PB000138-HCT116-48h-P2-L1,L20,4188,5547,PB000138,PB000138_L20,colo-023,Ruxolitinib (INCB018424),dmso,1.0,µM,1.0,mM,100.0,nl,40.0,µl,trt,S1378,JAK,JAK/STAT,25126798.0,N#CCC(C1CCCC1)[N]2C=C(C=N2)C3=NC=NC4=C3C=C[NH]4,HFNKQEVNSGCOJV-OAHLLOKOSA-N,Targeted,Launched,HCT116,
spher-colo52-v1-ULA-PB000138-HCT116-48h-P2-L1,L21,4188,5547,PB000138,PB000138_L21,colo-035,Trametinib (GSK1120212),dmso,0.03,µM,0.1,mM,30.0,nl,40.0,µl,trt,S2673,MEK,MAPK,11707110.0,CN1C(=O)C(=C2N(C(=O)N(C3CC3)C(=O)C2=C1NC4=CC=C(I)C=C4F)C5=CC(=CC=C5)NC(C)=O)C,LIRYPHYGHXZJBZ-UHFFFAOYSA-N,Targeted,Launched,HCT116,
spher-colo52-v1-ULA-PB000138-HCT116-48h-P2-L1,L22,4188,5547,PB000138,PB000138_L22,colo-027,Doramapimod (BIRB 796),dmso,1.0,µM,1.0,mM,100.0,nl,40.0,µl,trt,S1574,p38 MAPK,MAPK,156422.0,CC1=CC=C(C=C1)[N]2N=C(C=C2NC(=O)NC3=CC=C(OCCN4CCOCC4)C5=C3C=CC=C5)C(C)(C)C,MVCOAUNKQVWQHZ-UHFFFAOYSA-N,Targeted,Phase 2,HCT116,
spher-colo52-v1-ULA-PB000138-HCT116-48h-P2-L1,L23,4188,5547,PB000138,PB000138_L23,colo-011,Crizotinib (PF-02341066),dmso,3.0,µM,10.0,mM,30.0,nl,40.0,µl,trt,S1068,"ALK,c-Met",Protein Tyrosine Kinase,11626560.0,CC(OC1=C(N)N=CC(=C1)C2=C[N](N=C2)C3CCNCC3)C4=C(Cl)C=CC(=C4Cl)F,KTEIFNKAUNYNJU-GFCCVEGCSA-N,Targeted,Launched,HCT116,
spher-colo52-v1-ULA-PB000138-HCT116-48h-P2-L1,M02,4188,5547,PB000138,PB000138_M02,etop,etop,dmso,2.5,µM,10.0,mM,25.0,nl,40.0,µl,pos_con,E2600000,DNA topoisomerase 2-alpha & DNA topoisomerase 2-beta,,36462.0,CC1OCC2C(O1)C(C(C(O2)OC3C4COC(=O)C4C(C5=CC6=C(C=C35)OCO6)C7=CC(=C(C(=C7)OC)O)OC)O)O,VJJPUSNTGOMMGY-MRVIYFEKSA-N,,,HCT116,
spher-colo52-v1-ULA-PB000138-HCT116-48h-P2-L1,M03,4188,5547,PB000138,PB000138_M03,colo-024,Adavosertib （MK-1775）,dmso,3.0,µM,10.0,mM,30.0,nl,40.0,µl,trt,S1525,Wee1,Cell Cycle,24856436.0,CN1CCN(CC1)C2=CC=C(NC3=NC4=C(C=N3)C(=O)N(CC=C)N4C5=NC(=CC=C5)C(C)(C)O)C=C2,BKWJAKQVGHWELA-UHFFFAOYSA-N,Targeted,Phase 2,HCT116,
spher-colo52-v1-ULA-PB000138-HCT116-48h-P2-L1,M04,4188,5547,PB000138,PB000138_M04,colo-014,Linsitinib (OSI-906),dmso,1.0,µM,1.0,mM,100.0,nl,40.0,µl,trt,S1091,IGF-1R,Protein Tyrosine Kinase,11640390.0,CC1(O)CC(C1)C2=NC(=C3[N]2C=CN=C3N)C4=CC=C5C=CC(=NC5=C4)C6=CC=CC=C6,PKCDDUHJAFVJJB-UHFFFAOYSA-N,Targeted,Preclinical,HCT116,
spher-colo52-v1-ULA-PB000138-HCT116-48h-P2-L1,M05,4188,5547,PB000138,PB000138_M05,colo-009,"Olaparib (AZD2281, Ku-0059436)",dmso,0.3,µM,1.0,mM,30.0,nl,40.0,µl,trt,S1060,PARP,DNA Damage,23725625.0,FC1=C(C=C(CC2=NNC(=O)C3=C2C=CC=C3)C=C1)C(=O)N4CCN(CC4)C(=O)C5CC5,FDLYAMZZIXQODN-UHFFFAOYSA-N,Targeted,Launched,HCT116,PARPi
spher-colo52-v1-ULA-PB000138-HCT116-48h-P2-L1,M06,4188,5547,PB000138,PB000138_M06,colo-003,Afatinib (BIBW2992),dmso,1.0,µM,1.0,mM,100.0,nl,40.0,µl,trt,S1011,"EGFR,HER2",Protein Tyrosine Kinase,10184653.0,CN(C)C/C=C/C(=O)NC1=CC2=C(NC3=CC=C(F)C(=C3)Cl)N=CN=C2C=C1OC4CCOC4,ULXXDDBFHOBEHA-CWDCEQMOSA-N,Targeted,Launched,HCT116,
spher-colo52-v1-ULA-PB000138-HCT116-48h-P2-L1,M07,4188,5547,PB000138,PB000138_M07,colo-004,Bortezomib (PS-341),dmso,0.003,µM,0.01,mM,30.0,nl,40.0,µl,trt,S1013,Proteasome,Proteases,387447.0,CC(C)CC(NC(=O)C(CC1=CC=CC=C1)NC(=O)C2=NC=CN=C2)B(O)O,GXJABQQUPOEUTA-RDJZCZTQSA-N,Targeted,Launched,HCT116,
spher-colo52-v1-ULA-PB000138-HCT116-48h-P2-L1,M08,4188,5547,PB000138,PB000138_M08,colo-028,Gemcitabine,dmso,1.0,µM,1.0,mM,100.0,nl,40.0,µl,trt,S1714,"Autophagy,DNA/RNA Synthesis",DNA Damage,60750.0,NC1=NC(=O)N(C=C1)C2OC(CO)C(O)C2(F)F,SDUQYLNIPVEERB-QPPQHZFASA-N,Cytotoxic,Launched,HCT116,Antimetabolite
spher-colo52-v1-ULA-PB000138-HCT116-48h-P2-L1,M09,4188,5547,PB000138,PB000138_M09,colo-030,SB505124,dmso,3.0,µM,10.0,mM,30.0,nl,40.0,µl,trt,S2186,TGF-beta/Smad,TGF-beta/Smad,9858940.0,CC1=CC=CC(=N1)C2=C(N=C([NH]2)C(C)(C)C)C3=CC4=C(OCO4)C=C3,WGZOTBUYUFBEPZ-UHFFFAOYSA-N,Targeted,Preclinical,HCT116,
spher-colo52-v1-ULA-PB000138-HCT116-48h-P2-L1,M10,4188,5547,PB000138,PB000138_M10,colo-026,AZD8055,dmso,1.0,µM,1.0,mM,100.0,nl,40.0,µl,trt,S1555,mTOR,PI3K/Akt/mTOR,25262965.0,COC1=C(CO)C=C(C=C1)C2=NC3=C(C=C2)C(=NC(=N3)N4CCOCC4C)N5CCOCC5C,KVLFRAWTRWDEDF-IRXDYDNUSA-N,Targeted,Phase 1,HCT116,
spher-colo52-v1-ULA-PB000138-HCT116-48h-P2-L1,M11,4188,5547,PB000138,PB000138_M11,colo-001,ABT-737,dmso,0.1,µM,0.1,mM,100.0,nl,40.0,µl,trt,S1002,"Bcl-2,Autophagy",Apoptosis,11228183.0,CN(C)CCC(CSC1=CC=CC=C1)NC2=CC=C(C=C2[N+]([O-])=O)[S](=O)(=O)NC(=O)C3=CC=C(C=C3)N4CCN(CC4)CC5=C(C=CC=C5)C6=CC=C(Cl)C=C6,HPLNQCPCUACXLM-PGUFJCEWSA-N,Targeted,Phase 1/Phase 2,HCT116,
spher-colo52-v1-ULA-PB000138-HCT116-48h-P2-L1,M12,4188,5547,PB000138,PB000138_M12,colo-034,Rabusertib (LY2603618),dmso,1.0,µM,1.0,mM,100.0,nl,40.0,µl,trt,S2626,Chk,Cell Cycle,11955855.0,CC1=NC=C(NC(=O)NC2=C(OCC3CNCCO3)C=C(C)C(=C2)Br)N=C1,SYYBDNPGDKKJDU-ZDUSSCGKSA-N,Targeted,Phase 2,HCT116,
spher-colo52-v1-ULA-PB000138-HCT116-48h-P2-L1,M13,4188,5547,PB000138,PB000138_M13,colo-025,AZD7762,dmso,10.0,µM,10.0,mM,100.0,nl,40.0,µl,trt,S1532,Chk,Cell Cycle,11152667.0,NC(=O)NC1=C(SC(=C1)C2=CC(=CC=C2)F)C(=O)NC3CCCNC3,IAYGCINLNONXHY-LBPRGKRZSA-N,Targeted,Phase 1,HCT116,
spher-colo52-v1-ULA-PB000138-HCT116-48h-P2-L1,M14,4188,5547,PB000138,PB000138_M14,colo-007,PI-103,dmso,0.3,µM,1.0,mM,30.0,nl,40.0,µl,trt,S1038,"Autophagy,DNA-PK,mTOR,PI3K",PI3K/Akt/mTOR,9884685.0,OC1=CC(=CC=C1)C2=NC3=C(OC4=C3C=CC=N4)C(=N2)N5CCOCC5,TUVCWJQQGGETHL-UHFFFAOYSA-N,Targeted,Preclinical,HCT116,
spher-colo52-v1-ULA-PB000138-HCT116-48h-P2-L1,M15,4188,5547,PB000138,PB000138_M15,colo-009,"Olaparib (AZD2281, Ku-0059436)",dmso,1.0,µM,1.0,mM,100.0,nl,40.0,µl,trt,S1060,PARP,DNA Damage,23725625.0,FC1=C(C=C(CC2=NNC(=O)C3=C2C=CC=C3)C=C1)C(=O)N4CCN(CC4)C(=O)C5CC5,FDLYAMZZIXQODN-UHFFFAOYSA-N,Targeted,Launched,HCT116,PARPi
spher-colo52-v1-ULA-PB000138-HCT116-48h-P2-L1,M16,4188,5547,PB000138,PB000138_M16,colo-015,Triciribine,dmso,1.0,µM,1.0,mM,100.0,nl,40.0,µl,trt,S1117,Akt,PI3K/Akt/mTOR,65399.0,CN1N=C(N)C2=C[N](C3OC(CO)C(O)C3O)C4=C2C1=NC=N4,HOGVTUZUJGHKPL-HTVVRFAVSA-N,Targeted,Phase 1/Phase 2,HCT116,
spher-colo52-v1-ULA-PB000138-HCT116-48h-P2-L1,M17,4188,5547,PB000138,PB000138_M17,colo-014,Linsitinib (OSI-906),dmso,0.3,µM,1.0,mM,30.0,nl,40.0,µl,trt,S1091,IGF-1R,Protein Tyrosine Kinase,11640390.0,CC1(O)CC(C1)C2=NC(=C3[N]2C=CN=C3N)C4=CC=C5C=CC(=NC5=C4)C6=CC=CC=C6,PKCDDUHJAFVJJB-UHFFFAOYSA-N,Targeted,Preclinical,HCT116,
spher-colo52-v1-ULA-PB000138-HCT116-48h-P2-L1,M18,4188,5547,PB000138,PB000138_M18,colo-023,Ruxolitinib (INCB018424),dmso,0.3,µM,1.0,mM,30.0,nl,40.0,µl,trt,S1378,JAK,JAK/STAT,25126798.0,N#CCC(C1CCCC1)[N]2C=C(C=N2)C3=NC=NC4=C3C=C[NH]4,HFNKQEVNSGCOJV-OAHLLOKOSA-N,Targeted,Launched,HCT116,
spher-colo52-v1-ULA-PB000138-HCT116-48h-P2-L1,M19,4188,5547,PB000138,PB000138_M19,colo-025,AZD7762,dmso,0.3,µM,1.0,mM,30.0,nl,40.0,µl,trt,S1532,Chk,Cell Cycle,11152667.0,NC(=O)NC1=C(SC(=C1)C2=CC(=CC=C2)F)C(=O)NC3CCCNC3,IAYGCINLNONXHY-LBPRGKRZSA-N,Targeted,Phase 1,HCT116,
spher-colo52-v1-ULA-PB000138-HCT116-48h-P2-L1,M20,4188,5547,PB000138,PB000138_M20,colo-013,MK-2206 2HCl,dmso,1.0,µM,1.0,mM,100.0,nl,40.0,µl,trt,S1078,Akt,PI3K/Akt/mTOR,46930998.0,Cl.Cl.NC1(CCC1)C2=CC=C(C=C2)C3=C(C=C4C(=N3)C=CN5C(=O)NN=C45)C6=CC=CC=C6,HWUHTJIKQZZBRA-UHFFFAOYSA-N,Targeted,Preclinical,HCT116,
spher-colo52-v1-ULA-PB000138-HCT116-48h-P2-L1,M21,4188,5547,PB000138,PB000138_M21,colo-007,PI-103,dmso,3.0,µM,10.0,mM,30.0,nl,40.0,µl,trt,S1038,"Autophagy,DNA-PK,mTOR,PI3K",PI3K/Akt/mTOR,9884685.0,OC1=CC(=CC=C1)C2=NC3=C(OC4=C3C=CC=N4)C(=N2)N5CCOCC5,TUVCWJQQGGETHL-UHFFFAOYSA-N,Targeted,Preclinical,HCT116,
spher-colo52-v1-ULA-PB000138-HCT116-48h-P2-L1,M22,4188,5547,PB000138,PB000138_M22,colo-020,"Fluorouracil (5-Fluoracil, 5-FU)",dmso,0.3,µM,1.0,mM,30.0,nl,40.0,µl,trt,S1209,DNA/RNA Synthesis,DNA Damage,3385.0,FC1=CNC(=O)NC1=O,GHASVSINZRGABV-UHFFFAOYSA-N,Cytotoxic,Launched,HCT116,Antimetabolite
spher-colo52-v1-ULA-PB000138-HCT116-48h-P2-L1,M23,4188,5547,PB000138,PB000138_M23,dmso,dmso,dmso,0.1,µM,100.0,%,100.0,nl,40.0,µl,neg_con,D2438,control,,679.0,CS(=O)C,IAZDPXIOMUYVGZ-UHFFFAOYSA-N,,,HCT116,
spher-colo52-v1-ULA-PB000138-HCT116-48h-P2-L1,N02,4188,5547,PB000138,PB000138_N02,colo-033,Miglitol,dmso,1.0,µM,1.0,mM,100.0,nl,40.0,µl,trt,S2589,Others,Others,441314.0,OCCN1CC(O)C(O)C(O)C1CO,IBAQFPQHRJAVAV-ULAWRXDQSA-N,,Launched,HCT116,
spher-colo52-v1-ULA-PB000138-HCT116-48h-P2-L1,N03,4188,5547,PB000138,PB000138_N03,colo-012,SB216763,dmso,1.0,µM,1.0,mM,100.0,nl,40.0,µl,trt,S1075,GSK-3,PI3K/Akt/mTOR,176158.0,C[N]1C=C(C2=C1C=CC=C2)C3=C(C(=O)NC3=O)C4=CC=C(Cl)C=C4Cl,JCSGFHVFHSKIJH-UHFFFAOYSA-N,Targeted,Preclinical,HCT116,
spher-colo52-v1-ULA-PB000138-HCT116-48h-P2-L1,N04,4188,5547,PB000138,PB000138_N04,dmso,dmso,dmso,0.1,µM,100.0,%,100.0,nl,40.0,µl,neg_con,D2438,control,,679.0,CS(=O)C,IAZDPXIOMUYVGZ-UHFFFAOYSA-N,,,HCT116,
spher-colo52-v1-ULA-PB000138-HCT116-48h-P2-L1,N05,4188,5547,PB000138,PB000138_N05,colo-002,Veliparib (ABT-888),dmso,3.0,µM,10.0,mM,30.0,nl,40.0,µl,trt,S1004,PARP,DNA Damage,11960529.0,CC1(CCCN1)C2=NC3=C(C=CC=C3[NH]2)C(N)=O,JNAHVYVRKWKWKQ-CYBMUJFWSA-N,Targeted,Phase 3,HCT116,PARPi
spher-colo52-v1-ULA-PB000138-HCT116-48h-P2-L1,N06,4188,5547,PB000138,PB000138_N06,colo-014,Linsitinib (OSI-906),dmso,3.0,µM,10.0,mM,30.0,nl,40.0,µl,trt,S1091,IGF-1R,Protein Tyrosine Kinase,11640390.0,CC1(O)CC(C1)C2=NC(=C3[N]2C=CN=C3N)C4=CC=C5C=CC(=NC5=C4)C6=CC=CC=C6,PKCDDUHJAFVJJB-UHFFFAOYSA-N,Targeted,Preclinical,HCT116,
spher-colo52-v1-ULA-PB000138-HCT116-48h-P2-L1,N07,4188,5547,PB000138,PB000138_N07,colo-005,Gefitinib (ZD1839),dmso,0.3,µM,1.0,mM,30.0,nl,40.0,µl,trt,S1025,EGFR,Protein Tyrosine Kinase,123631.0,COC1=C(OCCCN2CCOCC2)C=C3C(=NC=NC3=C1)NC4=CC=C(F)C(=C4)Cl,XGALLCVXEZPNRQ-UHFFFAOYSA-N,Targeted,Launched,HCT116,
spher-colo52-v1-ULA-PB000138-HCT116-48h-P2-L1,N08,4188,5547,PB000138,PB000138_N08,colo-023,Ruxolitinib (INCB018424),dmso,0.3,µM,1.0,mM,30.0,nl,40.0,µl,trt,S1378,JAK,JAK/STAT,25126798.0,N#CCC(C1CCCC1)[N]2C=C(C=N2)C3=NC=NC4=C3C=C[NH]4,HFNKQEVNSGCOJV-OAHLLOKOSA-N,Targeted,Launched,HCT116,
spher-colo52-v1-ULA-PB000138-HCT116-48h-P2-L1,N09,4188,5547,PB000138,PB000138_N09,colo-019,Regorafenib (BAY 73-4506),dmso,0.3,µM,1.0,mM,30.0,nl,40.0,µl,trt,S1178,"c-RET,VEGFR",Protein Tyrosine Kinase,11167602.0,CNC(=O)C1=CC(=CC=N1)OC2=CC(=C(NC(=O)NC3=CC=C(Cl)C(=C3)C(F)(F)F)C=C2)F,FNHKPVJBJVTLMP-UHFFFAOYSA-N,Targeted,Launched,HCT116,
spher-colo52-v1-ULA-PB000138-HCT116-48h-P2-L1,N10,4188,5547,PB000138,PB000138_N10,colo-011,Crizotinib (PF-02341066),dmso,0.3,µM,1.0,mM,30.0,nl,40.0,µl,trt,S1068,"ALK,c-Met",Protein Tyrosine Kinase,11626560.0,CC(OC1=C(N)N=CC(=C1)C2=C[N](N=C2)C3CCNCC3)C4=C(Cl)C=CC(=C4Cl)F,KTEIFNKAUNYNJU-GFCCVEGCSA-N,Targeted,Launched,HCT116,
spher-colo52-v1-ULA-PB000138-HCT116-48h-P2-L1,N11,4188,5547,PB000138,PB000138_N11,colo-008,"Vorinostat (SAHA, MK0683)",dmso,10.0,µM,10.0,mM,100.0,nl,40.0,µl,trt,S1047,"Autophagy,HDAC",Epigenetics,5311.0,ONC(=O)CCCCCCC(=O)NC1=CC=CC=C1,WAEXFXRVDQXREF-UHFFFAOYSA-N,Targeted,Launched,HCT116,
spher-colo52-v1-ULA-PB000138-HCT116-48h-P2-L1,N12,4188,5547,PB000138,PB000138_N12,colo-021,Temozolomide,dmso,1.0,µM,1.0,mM,100.0,nl,40.0,µl,trt,S1237,"DNA/RNA Synthesis,Autophagy",DNA Damage,5394.0,CN1N=NC2=C(N=C[N]2C1=O)C(N)=O,BPEGJWRSRHCHSN-UHFFFAOYSA-N,Cytotoxic,Launched,HCT116,Alkylator
spher-colo52-v1-ULA-PB000138-HCT116-48h-P2-L1,N13,4188,5547,PB000138,PB000138_N13,colo-008,"Vorinostat (SAHA, MK0683)",dmso,10.0,µM,10.0,mM,100.0,nl,40.0,µl,trt,S1047,"Autophagy,HDAC",Epigenetics,5311.0,ONC(=O)CCCCCCC(=O)NC1=CC=CC=C1,WAEXFXRVDQXREF-UHFFFAOYSA-N,Targeted,Launched,HCT116,
spher-colo52-v1-ULA-PB000138-HCT116-48h-P2-L1,N14,4188,5547,PB000138,PB000138_N14,colo-005,Gefitinib (ZD1839),dmso,1.0,µM,1.0,mM,100.0,nl,40.0,µl,trt,S1025,EGFR,Protein Tyrosine Kinase,123631.0,COC1=C(OCCCN2CCOCC2)C=C3C(=NC=NC3=C1)NC4=CC=C(F)C(=C4)Cl,XGALLCVXEZPNRQ-UHFFFAOYSA-N,Targeted,Launched,HCT116,
spher-colo52-v1-ULA-PB000138-HCT116-48h-P2-L1,N15,4188,5547,PB000138,PB000138_N15,dmso,dmso,dmso,0.1,µM,100.0,%,100.0,nl,40.0,µl,neg_con,D2438,control,,679.0,CS(=O)C,IAZDPXIOMUYVGZ-UHFFFAOYSA-N,,,HCT116,
spher-colo52-v1-ULA-PB000138-HCT116-48h-P2-L1,N16,4188,5547,PB000138,PB000138_N16,colo-008,"Vorinostat (SAHA, MK0683)",dmso,0.3,µM,1.0,mM,30.0,nl,40.0,µl,trt,S1047,"Autophagy,HDAC",Epigenetics,5311.0,ONC(=O)CCCCCCC(=O)NC1=CC=CC=C1,WAEXFXRVDQXREF-UHFFFAOYSA-N,Targeted,Launched,HCT116,
spher-colo52-v1-ULA-PB000138-HCT116-48h-P2-L1,N17,4188,5547,PB000138,PB000138_N17,colo-005,Gefitinib (ZD1839),dmso,10.0,µM,10.0,mM,100.0,nl,40.0,µl,trt,S1025,EGFR,Protein Tyrosine Kinase,123631.0,COC1=C(OCCCN2CCOCC2)C=C3C(=NC=NC3=C1)NC4=CC=C(F)C(=C4)Cl,XGALLCVXEZPNRQ-UHFFFAOYSA-N,Targeted,Launched,HCT116,
spher-colo52-v1-ULA-PB000138-HCT116-48h-P2-L1,N18,4188,5547,PB000138,PB000138_N18,colo-024,Adavosertib （MK-1775）,dmso,3.0,µM,10.0,mM,30.0,nl,40.0,µl,trt,S1525,Wee1,Cell Cycle,24856436.0,CN1CCN(CC1)C2=CC=C(NC3=NC4=C(C=N3)C(=O)N(CC=C)N4C5=NC(=CC=C5)C(C)(C)O)C=C2,BKWJAKQVGHWELA-UHFFFAOYSA-N,Targeted,Phase 2,HCT116,
spher-colo52-v1-ULA-PB000138-HCT116-48h-P2-L1,N19,4188,5547,PB000138,PB000138_N19,colo-016,BMS-754807,dmso,0.3,µM,1.0,mM,30.0,nl,40.0,µl,trt,S1124,"c-Met,IGF-1R,Trk receptor",Protein Tyrosine Kinase,24785538.0,CC1(CCCN1C2=N[N]3C=CC=C3C(=N2)NC4=N[NH]C(=C4)C5CC5)C(=O)NC6=CC=C(F)N=C6,LQVXSNNAFNGRAH-QHCPKHFHSA-N,Targeted,Phase 2,HCT116,
spher-colo52-v1-ULA-PB000138-HCT116-48h-P2-L1,N20,4188,5547,PB000138,PB000138_N20,colo-008,"Vorinostat (SAHA, MK0683)",dmso,0.3,µM,1.0,mM,30.0,nl,40.0,µl,trt,S1047,"Autophagy,HDAC",Epigenetics,5311.0,ONC(=O)CCCCCCC(=O)NC1=CC=CC=C1,WAEXFXRVDQXREF-UHFFFAOYSA-N,Targeted,Launched,HCT116,
spher-colo52-v1-ULA-PB000138-HCT116-48h-P2-L1,N21,4188,5547,PB000138,PB000138_N21,colo-009,"Olaparib (AZD2281, Ku-0059436)",dmso,10.0,µM,10.0,mM,100.0,nl,40.0,µl,trt,S1060,PARP,DNA Damage,23725625.0,FC1=C(C=C(CC2=NNC(=O)C3=C2C=CC=C3)C=C1)C(=O)N4CCN(CC4)C(=O)C5CC5,FDLYAMZZIXQODN-UHFFFAOYSA-N,Targeted,Launched,HCT116,PARPi
spher-colo52-v1-ULA-PB000138-HCT116-48h-P2-L1,N22,4188,5547,PB000138,PB000138_N22,colo-026,AZD8055,dmso,0.3,µM,1.0,mM,30.0,nl,40.0,µl,trt,S1555,mTOR,PI3K/Akt/mTOR,25262965.0,COC1=C(CO)C=C(C=C1)C2=NC3=C(C=C2)C(=NC(=N3)N4CCOCC4C)N5CCOCC5C,KVLFRAWTRWDEDF-IRXDYDNUSA-N,Targeted,Phase 1,HCT116,
spher-colo52-v1-ULA-PB000138-HCT116-48h-P2-L1,N23,4188,5547,PB000138,PB000138_N23,colo-001,ABT-737,dmso,0.03,µM,0.1,mM,30.0,nl,40.0,µl,trt,S1002,"Bcl-2,Autophagy",Apoptosis,11228183.0,CN(C)CCC(CSC1=CC=CC=C1)NC2=CC=C(C=C2[N+]([O-])=O)[S](=O)(=O)NC(=O)C3=CC=C(C=C3)N4CCN(CC4)CC5=C(C=CC=C5)C6=CC=C(Cl)C=C6,HPLNQCPCUACXLM-PGUFJCEWSA-N,Targeted,Phase 1/Phase 2,HCT116,
spher-colo52-v1-ULA-PB000138-HCT116-48h-P2-L1,O02,4188,5547,PB000138,PB000138_O02,colo-028,Gemcitabine,dmso,0.1,µM,0.1,mM,100.0,nl,40.0,µl,trt,S1714,"Autophagy,DNA/RNA Synthesis",DNA Damage,60750.0,NC1=NC(=O)N(C=C1)C2OC(CO)C(O)C2(F)F,SDUQYLNIPVEERB-QPPQHZFASA-N,Cytotoxic,Launched,HCT116,Antimetabolite
spher-colo52-v1-ULA-PB000138-HCT116-48h-P2-L1,O03,4188,5547,PB000138,PB000138_O03,colo-016,BMS-754807,dmso,0.3,µM,1.0,mM,30.0,nl,40.0,µl,trt,S1124,"c-Met,IGF-1R,Trk receptor",Protein Tyrosine Kinase,24785538.0,CC1(CCCN1C2=N[N]3C=CC=C3C(=N2)NC4=N[NH]C(=C4)C5CC5)C(=O)NC6=CC=C(F)N=C6,LQVXSNNAFNGRAH-QHCPKHFHSA-N,Targeted,Phase 2,HCT116,
spher-colo52-v1-ULA-PB000138-HCT116-48h-P2-L1,O04,4188,5547,PB000138,PB000138_O04,colo-029,Trifluridine,dmso,0.3,µM,1.0,mM,30.0,nl,40.0,µl,trt,S1778,DNA/RNA Synthesis,DNA Damage,6256.0,OCC1OC(CC1O)N2C=C(C(=O)NC2=O)C(F)(F)F,VSQQQLOSPVPRAZ-RRKCRQDMSA-N,Cytotoxic,Launched,HCT116,Antimetabolite
spher-colo52-v1-ULA-PB000138-HCT116-48h-P2-L1,O05,4188,5547,PB000138,PB000138_O05,colo-005,Gefitinib (ZD1839),dmso,10.0,µM,10.0,mM,100.0,nl,40.0,µl,trt,S1025,EGFR,Protein Tyrosine Kinase,123631.0,COC1=C(OCCCN2CCOCC2)C=C3C(=NC=NC3=C1)NC4=CC=C(F)C(=C4)Cl,XGALLCVXEZPNRQ-UHFFFAOYSA-N,Targeted,Launched,HCT116,
spher-colo52-v1-ULA-PB000138-HCT116-48h-P2-L1,O06,4188,5547,PB000138,PB000138_O06,colo-016,BMS-754807,dmso,10.0,µM,10.0,mM,100.0,nl,40.0,µl,trt,S1124,"c-Met,IGF-1R,Trk receptor",Protein Tyrosine Kinase,24785538.0,CC1(CCCN1C2=N[N]3C=CC=C3C(=N2)NC4=N[NH]C(=C4)C5CC5)C(=O)NC6=CC=C(F)N=C6,LQVXSNNAFNGRAH-QHCPKHFHSA-N,Targeted,Phase 2,HCT116,
spher-colo52-v1-ULA-PB000138-HCT116-48h-P2-L1,O07,4188,5547,PB000138,PB000138_O07,colo-027,Doramapimod (BIRB 796),dmso,10.0,µM,10.0,mM,100.0,nl,40.0,µl,trt,S1574,p38 MAPK,MAPK,156422.0,CC1=CC=C(C=C1)[N]2N=C(C=C2NC(=O)NC3=CC=C(OCCN4CCOCC4)C5=C3C=CC=C5)C(C)(C)C,MVCOAUNKQVWQHZ-UHFFFAOYSA-N,Targeted,Phase 2,HCT116,
spher-colo52-v1-ULA-PB000138-HCT116-48h-P2-L1,O08,4188,5547,PB000138,PB000138_O08,colo-033,Miglitol,dmso,1.0,µM,1.0,mM,100.0,nl,40.0,µl,trt,S2589,Others,Others,441314.0,OCCN1CC(O)C(O)C(O)C1CO,IBAQFPQHRJAVAV-ULAWRXDQSA-N,,Launched,HCT116,
spher-colo52-v1-ULA-PB000138-HCT116-48h-P2-L1,O09,4188,5547,PB000138,PB000138_O09,dmso,dmso,dmso,0.1,µM,100.0,%,100.0,nl,40.0,µl,neg_con,D2438,control,,679.0,CS(=O)C,IAZDPXIOMUYVGZ-UHFFFAOYSA-N,,,HCT116,
spher-colo52-v1-ULA-PB000138-HCT116-48h-P2-L1,O10,4188,5547,PB000138,PB000138_O10,colo-018,Paclitaxel,dmso,0.003,µM,0.01,mM,30.0,nl,40.0,µl,trt,S1150,"Autophagy,Microtubule Associated",Cytoskeletal Signaling,441276.0,CC(=O)OC1C(=O)C2(C)C(O)CC3OCC3(OC(C)=O)C2C(OC(=O)C4=CC=CC=C4)C5(O)CC(OC(=O)C(O)C(NC(=O)C6=CC=CC=C6)C7=CC=CC=C7)C(=C1C5(C)C)C,RCINICONZNJXQF-VAZQATRQSA-N,Cytotoxic,Preclinical,HCT116,
spher-colo52-v1-ULA-PB000138-HCT116-48h-P2-L1,O11,4188,5547,PB000138,PB000138_O11,colo-009,"Olaparib (AZD2281, Ku-0059436)",dmso,10.0,µM,10.0,mM,100.0,nl,40.0,µl,trt,S1060,PARP,DNA Damage,23725625.0,FC1=C(C=C(CC2=NNC(=O)C3=C2C=CC=C3)C=C1)C(=O)N4CCN(CC4)C(=O)C5CC5,FDLYAMZZIXQODN-UHFFFAOYSA-N,Targeted,Launched,HCT116,PARPi
spher-colo52-v1-ULA-PB000138-HCT116-48h-P2-L1,O12,4188,5547,PB000138,PB000138_O12,colo-026,AZD8055,dmso,3.0,µM,10.0,mM,30.0,nl,40.0,µl,trt,S1555,mTOR,PI3K/Akt/mTOR,25262965.0,COC1=C(CO)C=C(C=C1)C2=NC3=C(C=C2)C(=NC(=N3)N4CCOCC4C)N5CCOCC5C,KVLFRAWTRWDEDF-IRXDYDNUSA-N,Targeted,Phase 1,HCT116,
spher-colo52-v1-ULA-PB000138-HCT116-48h-P2-L1,O13,4188,5547,PB000138,PB000138_O13,colo-017,Tanespimycin (17-AAG),dmso,0.03,µM,0.1,mM,30.0,nl,40.0,µl,trt,S1141,HSP (e.g. HSP90),Cytoskeletal Signaling,6505803.0,COC1CC(C)CC2=C(NCC=C)C(=O)C=C(NC(=O)C(=C\C=C/C(OC)C(OC(N)=O)/C(=C/C(C)C1O)C)\C)C2=O,AYUNIORJHRXIBJ-TXHRRWQRSA-N,Targeted,Phase 3,HCT116,
spher-colo52-v1-ULA-PB000138-HCT116-48h-P2-L1,O14,4188,5547,PB000138,PB000138_O14,colo-004,Bortezomib (PS-341),dmso,0.1,µM,0.1,mM,100.0,nl,40.0,µl,trt,S1013,Proteasome,Proteases,387447.0,CC(C)CC(NC(=O)C(CC1=CC=CC=C1)NC(=O)C2=NC=CN=C2)B(O)O,GXJABQQUPOEUTA-RDJZCZTQSA-N,Targeted,Launched,HCT116,
spher-colo52-v1-ULA-PB000138-HCT116-48h-P2-L1,O15,4188,5547,PB000138,PB000138_O15,colo-010,Nutlin-3,dmso,10.0,µM,10.0,mM,100.0,nl,40.0,µl,trt,S1061,"E3 Ligase ,Mdm2",Apoptosis,216345.0,COC1=CC(=C(C=C1)C2=NC(C(N2C(=O)N3CCNC(=O)C3)C4=CC=C(Cl)C=C4)C5=CC=C(Cl)C=C5)OC(C)C,BDUHCSBCVGXTJM-UHFFFAOYSA-N,Targeted,Preclinical,HCT116,
spher-colo52-v1-ULA-PB000138-HCT116-48h-P2-L1,O16,4188,5547,PB000138,PB000138_O16,colo-027,Doramapimod (BIRB 796),dmso,0.3,µM,1.0,mM,30.0,nl,40.0,µl,trt,S1574,p38 MAPK,MAPK,156422.0,CC1=CC=C(C=C1)[N]2N=C(C=C2NC(=O)NC3=CC=C(OCCN4CCOCC4)C5=C3C=CC=C5)C(C)(C)C,MVCOAUNKQVWQHZ-UHFFFAOYSA-N,Targeted,Phase 2,HCT116,
spher-colo52-v1-ULA-PB000138-HCT116-48h-P2-L1,O17,4188,5547,PB000138,PB000138_O17,colo-034,Rabusertib (LY2603618),dmso,3.0,µM,10.0,mM,30.0,nl,40.0,µl,trt,S2626,Chk,Cell Cycle,11955855.0,CC1=NC=C(NC(=O)NC2=C(OCC3CNCCO3)C=C(C)C(=C2)Br)N=C1,SYYBDNPGDKKJDU-ZDUSSCGKSA-N,Targeted,Phase 2,HCT116,
spher-colo52-v1-ULA-PB000138-HCT116-48h-P2-L1,O18,4188,5547,PB000138,PB000138_O18,colo-029,Trifluridine,dmso,3.0,µM,10.0,mM,30.0,nl,40.0,µl,trt,S1778,DNA/RNA Synthesis,DNA Damage,6256.0,OCC1OC(CC1O)N2C=C(C(=O)NC2=O)C(F)(F)F,VSQQQLOSPVPRAZ-RRKCRQDMSA-N,Cytotoxic,Launched,HCT116,Antimetabolite
spher-colo52-v1-ULA-PB000138-HCT116-48h-P2-L1,O19,4188,5547,PB000138,PB000138_O19,colo-033,Miglitol,dmso,10.0,µM,10.0,mM,100.0,nl,40.0,µl,trt,S2589,Others,Others,441314.0,OCCN1CC(O)C(O)C(O)C1CO,IBAQFPQHRJAVAV-ULAWRXDQSA-N,,Launched,HCT116,
spher-colo52-v1-ULA-PB000138-HCT116-48h-P2-L1,O20,4188,5547,PB000138,PB000138_O20,sorb,sorb,dmso,10.0,µM,10.0,mM,100.0,nl,40.0,µl,pos_con,S1876,inert,,5780.0,C(C(C(C(C(CO)O)O)O)O)O,FBPFZTCFMRRESA-JGWLITMVSA-N,,,HCT116,
spher-colo52-v1-ULA-PB000138-HCT116-48h-P2-L1,O21,4188,5547,PB000138,PB000138_O21,colo-024,Adavosertib （MK-1775）,dmso,1.0,µM,1.0,mM,100.0,nl,40.0,µl,trt,S1525,Wee1,Cell Cycle,24856436.0,CN1CCN(CC1)C2=CC=C(NC3=NC4=C(C=N3)C(=O)N(CC=C)N4C5=NC(=CC=C5)C(C)(C)O)C=C2,BKWJAKQVGHWELA-UHFFFAOYSA-N,Targeted,Phase 2,HCT116,
spher-colo52-v1-ULA-PB000138-HCT116-48h-P2-L1,O22,4188,5547,PB000138,PB000138_O22,colo-028,Gemcitabine,dmso,0.3,µM,1.0,mM,30.0,nl,40.0,µl,trt,S1714,"Autophagy,DNA/RNA Synthesis",DNA Damage,60750.0,NC1=NC(=O)N(C=C1)C2OC(CO)C(O)C2(F)F,SDUQYLNIPVEERB-QPPQHZFASA-N,Cytotoxic,Launched,HCT116,Antimetabolite
spher-colo52-v1-ULA-PB000138-HCT116-48h-P2-L1,O23,4188,5547,PB000138,PB000138_O23,colo-035,Trametinib (GSK1120212),dmso,0.1,µM,0.1,mM,100.0,nl,40.0,µl,trt,S2673,MEK,MAPK,11707110.0,CN1C(=O)C(=C2N(C(=O)N(C3CC3)C(=O)C2=C1NC4=CC=C(I)C=C4F)C5=CC(=CC=C5)NC(C)=O)C,LIRYPHYGHXZJBZ-UHFFFAOYSA-N,Targeted,Launched,HCT116,
spher-colo52-v1-ULA-PB000140-HCT116-HT29-48h-P2-L2,B02,4189,5573,PB000140,PB000140_B02,colo-050,Encorafenib (LGX818),dmso,1.0,µM,1.0,mM,100.0,nl,40.0,µl,trt,S7108,Raf,MAPK,50922675.0,CC(C)N1C=C(C(=N1)C2=C(C(=CC(=C2)Cl)NS(=O)(=O)C)F)C3=NC(=NC=C3)NCC(C)NC(=O)OC,CMJCXYNUCSMDBY-ZDUSSCGKSA-N,Targeted,Launched,HCT116,
spher-colo52-v1-ULA-PB000140-HCT116-HT29-48h-P2-L2,B03,4189,5573,PB000140,PB000140_B03,colo-044,abemaciclib (LY2835219),dmso,3.0,µM,10.0,mM,30.0,nl,40.0,µl,trt,S7158,CDK,Cell Cycle,71576678.0,CCN1CCN(CC1)CC2=CC=C(NC3=NC(=C(F)C=N3)C4=CC(=C5N=C(C)[N](C(C)C)C5=C4)F)N=C2.C[S](O)(=O)=O,NCJPFQPEVDHJAZ-UHFFFAOYSA-N,Targeted,Preclinical,HCT116,
spher-colo52-v1-ULA-PB000140-HCT116-HT29-48h-P2-L2,B04,4189,5573,PB000140,PB000140_B04,dmso,dmso,dmso,0.1,µM,100.0,%,100.0,nl,40.0,µl,neg_con,D2438,control,,679.0,CS(=O)C,IAZDPXIOMUYVGZ-UHFFFAOYSA-N,,,HCT116,
spher-colo52-v1-ULA-PB000140-HCT116-HT29-48h-P2-L2,B05,4189,5573,PB000140,PB000140_B05,colo-042,Taselisib (GDC 0032),dmso,0.3,µM,1.0,mM,30.0,nl,40.0,µl,trt,S7103,PI3K,PI3K/Akt/mTOR,51001932.0,CC(C)[N]1N=C(C)N=C1C2=C[N]3CCOC4=CC(=CC=C4C3=N2)C5=C[N](N=C5)C(C)(C)C(N)=O,BEUQXVWXFDOSAQ-UHFFFAOYSA-N,Targeted,Phase 3,HCT116,
spher-colo52-v1-ULA-PB000140-HCT116-HT29-48h-P2-L2,B06,4189,5573,PB000140,PB000140_B06,colo-037,Dabrafenib (GSK2118436),dmso,10.0,µM,10.0,mM,100.0,nl,40.0,µl,trt,S2807,Raf,MAPK,44462760.0,CC(C)(C)C1=NC(=C(S1)C2=NC(=NC=C2)N)C3=C(F)C(=CC=C3)N[S](=O)(=O)C4=C(F)C=CC=C4F,BFSMGDJOXZAERB-UHFFFAOYSA-N,Targeted,Launched,HCT116,
spher-colo52-v1-ULA-PB000140-HCT116-HT29-48h-P2-L2,B07,4189,5573,PB000140,PB000140_B07,colo-049,Oxaliplatin,water,10.0,µM,2.0,mM,500.0,nl,40.0,µl,trt,S1224,DNA/RNA Synthesis,DNA Damage,9887054.0,[Pt++].NC1CCCCC1N.[O-]C(=O)C([O-])=O,ZROHGHOFXNOHSO-BNTLRKBRSA-L,Cytotoxic,Launched,HCT116,Platinum
spher-colo52-v1-ULA-PB000140-HCT116-HT29-48h-P2-L2,B08,4189,5573,PB000140,PB000140_B08,colo-043,LGK-974,dmso,0.3,µM,1.0,mM,30.0,nl,40.0,µl,trt,S7143,Wnt/beta-catenin,Stem Cells & Wnt,46926973.0,CC1=CC(=CC=N1)C2=C(C)C=C(CC(=O)NC3=CC=C(C=N3)C4=CN=CC=N4)C=N2,XXYGTCZJJLTAGH-UHFFFAOYSA-N,Targeted,Phase 2,HCT116,
spher-colo52-v1-ULA-PB000140-HCT116-HT29-48h-P2-L2,B09,4189,5573,PB000140,PB000140_B09,colo-036,AZD4547,dmso,3.0,µM,10.0,mM,30.0,nl,40.0,µl,trt,S2801,FGFR,Angiogenesis,51039095.0,COC1=CC(=CC(=C1)OC)CCC2=CC(=N[NH]2)NC(=O)C3=CC=C(C=C3)N4CC(C)NC(C)C4,VRQMAABPASPXMW-HDICACEKSA-N,Targeted,Phase 2/Phase 3,HCT116,
spher-colo52-v1-ULA-PB000140-HCT116-HT29-48h-P2-L2,B10,4189,5573,PB000140,PB000140_B10,colo-050,Encorafenib (LGX818),dmso,3.0,µM,10.0,mM,30.0,nl,40.0,µl,trt,S7108,Raf,MAPK,50922675.0,CC(C)N1C=C(C(=N1)C2=C(C(=CC(=C2)Cl)NS(=O)(=O)C)F)C3=NC(=NC=C3)NCC(C)NC(=O)OC,CMJCXYNUCSMDBY-ZDUSSCGKSA-N,Targeted,Launched,HCT116,
spher-colo52-v1-ULA-PB000140-HCT116-HT29-48h-P2-L2,B11,4189,5573,PB000140,PB000140_B11,colo-041,"Binimetinib (MEK162, ARRY-162, ARRY-438162)",dmso,0.3,µM,1.0,mM,30.0,nl,40.0,µl,trt,S7007,MEK,MAPK,10288191.0,C[N]1C=NC2=C1C=C(C(=O)NOCCO)C(=C2F)NC3=C(F)C=C(Br)C=C3,ACWZRVQXLIRSDF-UHFFFAOYSA-N,Targeted,Launched,HCT116,
spher-colo52-v1-ULA-PB000140-HCT116-HT29-48h-P2-L2,B12,4189,5573,PB000140,PB000140_B12,colo-050,Encorafenib (LGX818),dmso,0.3,µM,1.0,mM,30.0,nl,40.0,µl,trt,S7108,Raf,MAPK,50922675.0,CC(C)N1C=C(C(=N1)C2=C(C(=CC(=C2)Cl)NS(=O)(=O)C)F)C3=NC(=NC=C3)NCC(C)NC(=O)OC,CMJCXYNUCSMDBY-ZDUSSCGKSA-N,Targeted,Launched,HCT116,
spher-colo52-v1-ULA-PB000140-HCT116-HT29-48h-P2-L2,B13,4189,5573,PB000140,PB000140_B13,colo-050,Encorafenib (LGX818),dmso,1.0,µM,1.0,mM,100.0,nl,40.0,µl,trt,S7108,Raf,MAPK,50922675.0,CC(C)N1C=C(C(=N1)C2=C(C(=CC(=C2)Cl)NS(=O)(=O)C)F)C3=NC(=NC=C3)NCC(C)NC(=O)OC,CMJCXYNUCSMDBY-ZDUSSCGKSA-N,Targeted,Launched,HT29,
spher-colo52-v1-ULA-PB000140-HCT116-HT29-48h-P2-L2,B14,4189,5573,PB000140,PB000140_B14,colo-044,abemaciclib (LY2835219),dmso,3.0,µM,10.0,mM,30.0,nl,40.0,µl,trt,S7158,CDK,Cell Cycle,71576678.0,CCN1CCN(CC1)CC2=CC=C(NC3=NC(=C(F)C=N3)C4=CC(=C5N=C(C)[N](C(C)C)C5=C4)F)N=C2.C[S](O)(=O)=O,NCJPFQPEVDHJAZ-UHFFFAOYSA-N,Targeted,Preclinical,HT29,
spher-colo52-v1-ULA-PB000140-HCT116-HT29-48h-P2-L2,B15,4189,5573,PB000140,PB000140_B15,dmso,dmso,dmso,0.1,µM,100.0,%,100.0,nl,40.0,µl,neg_con,D2438,control,,679.0,CS(=O)C,IAZDPXIOMUYVGZ-UHFFFAOYSA-N,,,HT29,
spher-colo52-v1-ULA-PB000140-HCT116-HT29-48h-P2-L2,B16,4189,5573,PB000140,PB000140_B16,colo-042,Taselisib (GDC 0032),dmso,0.3,µM,1.0,mM,30.0,nl,40.0,µl,trt,S7103,PI3K,PI3K/Akt/mTOR,51001932.0,CC(C)[N]1N=C(C)N=C1C2=C[N]3CCOC4=CC(=CC=C4C3=N2)C5=C[N](N=C5)C(C)(C)C(N)=O,BEUQXVWXFDOSAQ-UHFFFAOYSA-N,Targeted,Phase 3,HT29,
spher-colo52-v1-ULA-PB000140-HCT116-HT29-48h-P2-L2,B17,4189,5573,PB000140,PB000140_B17,colo-037,Dabrafenib (GSK2118436),dmso,10.0,µM,10.0,mM,100.0,nl,40.0,µl,trt,S2807,Raf,MAPK,44462760.0,CC(C)(C)C1=NC(=C(S1)C2=NC(=NC=C2)N)C3=C(F)C(=CC=C3)N[S](=O)(=O)C4=C(F)C=CC=C4F,BFSMGDJOXZAERB-UHFFFAOYSA-N,Targeted,Launched,HT29,
spher-colo52-v1-ULA-PB000140-HCT116-HT29-48h-P2-L2,B18,4189,5573,PB000140,PB000140_B18,colo-049,Oxaliplatin,water,10.0,µM,2.0,mM,500.0,nl,40.0,µl,trt,S1224,DNA/RNA Synthesis,DNA Damage,9887054.0,[Pt++].NC1CCCCC1N.[O-]C(=O)C([O-])=O,ZROHGHOFXNOHSO-BNTLRKBRSA-L,Cytotoxic,Launched,HT29,Platinum
spher-colo52-v1-ULA-PB000140-HCT116-HT29-48h-P2-L2,B19,4189,5573,PB000140,PB000140_B19,colo-043,LGK-974,dmso,0.3,µM,1.0,mM,30.0,nl,40.0,µl,trt,S7143,Wnt/beta-catenin,Stem Cells & Wnt,46926973.0,CC1=CC(=CC=N1)C2=C(C)C=C(CC(=O)NC3=CC=C(C=N3)C4=CN=CC=N4)C=N2,XXYGTCZJJLTAGH-UHFFFAOYSA-N,Targeted,Phase 2,HT29,
spher-colo52-v1-ULA-PB000140-HCT116-HT29-48h-P2-L2,B20,4189,5573,PB000140,PB000140_B20,colo-036,AZD4547,dmso,3.0,µM,10.0,mM,30.0,nl,40.0,µl,trt,S2801,FGFR,Angiogenesis,51039095.0,COC1=CC(=CC(=C1)OC)CCC2=CC(=N[NH]2)NC(=O)C3=CC=C(C=C3)N4CC(C)NC(C)C4,VRQMAABPASPXMW-HDICACEKSA-N,Targeted,Phase 2/Phase 3,HT29,
spher-colo52-v1-ULA-PB000140-HCT116-HT29-48h-P2-L2,B21,4189,5573,PB000140,PB000140_B21,colo-050,Encorafenib (LGX818),dmso,3.0,µM,10.0,mM,30.0,nl,40.0,µl,trt,S7108,Raf,MAPK,50922675.0,CC(C)N1C=C(C(=N1)C2=C(C(=CC(=C2)Cl)NS(=O)(=O)C)F)C3=NC(=NC=C3)NCC(C)NC(=O)OC,CMJCXYNUCSMDBY-ZDUSSCGKSA-N,Targeted,Launched,HT29,
spher-colo52-v1-ULA-PB000140-HCT116-HT29-48h-P2-L2,B22,4189,5573,PB000140,PB000140_B22,colo-041,"Binimetinib (MEK162, ARRY-162, ARRY-438162)",dmso,0.3,µM,1.0,mM,30.0,nl,40.0,µl,trt,S7007,MEK,MAPK,10288191.0,C[N]1C=NC2=C1C=C(C(=O)NOCCO)C(=C2F)NC3=C(F)C=C(Br)C=C3,ACWZRVQXLIRSDF-UHFFFAOYSA-N,Targeted,Launched,HT29,
spher-colo52-v1-ULA-PB000140-HCT116-HT29-48h-P2-L2,B23,4189,5573,PB000140,PB000140_B23,colo-050,Encorafenib (LGX818),dmso,0.3,µM,1.0,mM,30.0,nl,40.0,µl,trt,S7108,Raf,MAPK,50922675.0,CC(C)N1C=C(C(=N1)C2=C(C(=CC(=C2)Cl)NS(=O)(=O)C)F)C3=NC(=NC=C3)NCC(C)NC(=O)OC,CMJCXYNUCSMDBY-ZDUSSCGKSA-N,Targeted,Launched,HT29,
spher-colo52-v1-ULA-PB000140-HCT116-HT29-48h-P2-L2,C02,4189,5573,PB000140,PB000140_C02,colo-048,Palbociclib (PD-0332991) HCl,water,0.3,µM,1.0,mM,30.0,nl,40.0,µl,trt,S1116,CDK,Cell Cycle,11431660.0,Cl.CC(=O)C1=C(C)C2=CN=C(NC3=NC=C(C=C3)N4CCNCC4)N=C2N(C5CCCC5)C1=O,STEQOHNDWONVIF-UHFFFAOYSA-N,Targeted / Cytotoxic,Preclinical,HCT116,
spher-colo52-v1-ULA-PB000140-HCT116-HT29-48h-P2-L2,C03,4189,5573,PB000140,PB000140_C03,colo-041,"Binimetinib (MEK162, ARRY-162, ARRY-438162)",dmso,10.0,µM,10.0,mM,100.0,nl,40.0,µl,trt,S7007,MEK,MAPK,10288191.0,C[N]1C=NC2=C1C=C(C(=O)NOCCO)C(=C2F)NC3=C(F)C=C(Br)C=C3,ACWZRVQXLIRSDF-UHFFFAOYSA-N,Targeted,Launched,HCT116,
spher-colo52-v1-ULA-PB000140-HCT116-HT29-48h-P2-L2,C04,4189,5573,PB000140,PB000140_C04,colo-039,Vinorelbine Tartrate,dmso,0.01,µM,0.01,mM,100.0,nl,40.0,µl,trt,S4269,Microtubule Associated,Cytoskeletal Signaling,60779.0,CCC1=CC2CN(C1)CC3=C([NH]C4=C3C=CC=C4)C(C2)(C(=O)OC)C5=C(OC)C=C6N(C)C7C(O)(C(OC(C)=O)C8(CC)C=CCN9CCC7(C89)C6=C5)C(=O)OC.OC(C(O)C(O)=O)C(O)=O.OC(C(O)C(O)=O)C(O)=O,CILBMBUYJCWATM-NPJYPKOYSA-N,Cytotoxic,Phase 1/Phase 2,HCT116,
spher-colo52-v1-ULA-PB000140-HCT116-HT29-48h-P2-L2,C05,4189,5573,PB000140,PB000140_C05,colo-041,"Binimetinib (MEK162, ARRY-162, ARRY-438162)",dmso,1.0,µM,1.0,mM,100.0,nl,40.0,µl,trt,S7007,MEK,MAPK,10288191.0,C[N]1C=NC2=C1C=C(C(=O)NOCCO)C(=C2F)NC3=C(F)C=C(Br)C=C3,ACWZRVQXLIRSDF-UHFFFAOYSA-N,Targeted,Launched,HCT116,
spher-colo52-v1-ULA-PB000140-HCT116-HT29-48h-P2-L2,C06,4189,5573,PB000140,PB000140_C06,colo-048,Palbociclib (PD-0332991) HCl,water,10.0,µM,10.0,mM,100.0,nl,40.0,µl,trt,S1116,CDK,Cell Cycle,11431660.0,Cl.CC(=O)C1=C(C)C2=CN=C(NC3=NC=C(C=C3)N4CCNCC4)N=C2N(C5CCCC5)C1=O,STEQOHNDWONVIF-UHFFFAOYSA-N,Targeted / Cytotoxic,Preclinical,HCT116,
spher-colo52-v1-ULA-PB000140-HCT116-HT29-48h-P2-L2,C07,4189,5573,PB000140,PB000140_C07,water,water,water,0.5,µM,100.0,%,500.0,nl,40.0,µl,neg_con,,control,,,,,,,HCT116,
spher-colo52-v1-ULA-PB000140-HCT116-HT29-48h-P2-L2,C08,4189,5573,PB000140,PB000140_C08,colo-045,Sorafenib,dmso,0.3,µM,1.0,mM,30.0,nl,40.0,µl,trt,S7397,Raf,MAPK,216239.0,CNC(=O)C1=CC(=CC=N1)OC2=CC=C(NC(=O)NC3=CC=C(Cl)C(=C3)C(F)(F)F)C=C2,MLDQJTXFUGDVEO-UHFFFAOYSA-N,Targeted,Launched,HCT116,
spher-colo52-v1-ULA-PB000140-HCT116-HT29-48h-P2-L2,C09,4189,5573,PB000140,PB000140_C09,colo-048,Palbociclib (PD-0332991) HCl,water,3.0,µM,10.0,mM,30.0,nl,40.0,µl,trt,S1116,CDK,Cell Cycle,11431660.0,Cl.CC(=O)C1=C(C)C2=CN=C(NC3=NC=C(C=C3)N4CCNCC4)N=C2N(C5CCCC5)C1=O,STEQOHNDWONVIF-UHFFFAOYSA-N,Targeted / Cytotoxic,Preclinical,HCT116,
spher-colo52-v1-ULA-PB000140-HCT116-HT29-48h-P2-L2,C10,4189,5573,PB000140,PB000140_C10,dmso,dmso,dmso,0.1,µM,100.0,%,100.0,nl,40.0,µl,neg_con,D2438,control,,679.0,CS(=O)C,IAZDPXIOMUYVGZ-UHFFFAOYSA-N,,,HCT116,
spher-colo52-v1-ULA-PB000140-HCT116-HT29-48h-P2-L2,C11,4189,5573,PB000140,PB000140_C11,colo-046,"Cobimetinib (GDC-0973, RG7420)",dmso,1.0,µM,1.0,mM,100.0,nl,40.0,µl,trt,S8041,MEK,MAPK,16222096.0,OC1(CN(C1)C(=O)C2=C(NC3=CC=C(I)C=C3F)C(=C(F)C=C2)F)C4CCCCN4,BSMCAPRUBJMWDF-KRWDZBQOSA-N,Targeted,Launched,HCT116,
spher-colo52-v1-ULA-PB000140-HCT116-HT29-48h-P2-L2,C12,4189,5573,PB000140,PB000140_C12,colo-040,SN-38,dmso,0.1,µM,0.1,mM,100.0,nl,40.0,µl,trt,S4908,Topoisomerase,DNA Damage,104842.0,CCC1=C2CN3C(=O)C4=C(C=C3C2=NC5=C1C=C(O)C=C5)C(O)(CC)C(=O)OC4,FJHBVJOVLFPMQE-QFIPXVFZSA-N,Cytotoxic,Launched,HCT116,Topoisomerase I
spher-colo52-v1-ULA-PB000140-HCT116-HT29-48h-P2-L2,C13,4189,5573,PB000140,PB000140_C13,colo-048,Palbociclib (PD-0332991) HCl,water,0.3,µM,1.0,mM,30.0,nl,40.0,µl,trt,S1116,CDK,Cell Cycle,11431660.0,Cl.CC(=O)C1=C(C)C2=CN=C(NC3=NC=C(C=C3)N4CCNCC4)N=C2N(C5CCCC5)C1=O,STEQOHNDWONVIF-UHFFFAOYSA-N,Targeted / Cytotoxic,Preclinical,HT29,
spher-colo52-v1-ULA-PB000140-HCT116-HT29-48h-P2-L2,C14,4189,5573,PB000140,PB000140_C14,colo-041,"Binimetinib (MEK162, ARRY-162, ARRY-438162)",dmso,10.0,µM,10.0,mM,100.0,nl,40.0,µl,trt,S7007,MEK,MAPK,10288191.0,C[N]1C=NC2=C1C=C(C(=O)NOCCO)C(=C2F)NC3=C(F)C=C(Br)C=C3,ACWZRVQXLIRSDF-UHFFFAOYSA-N,Targeted,Launched,HT29,
spher-colo52-v1-ULA-PB000140-HCT116-HT29-48h-P2-L2,C15,4189,5573,PB000140,PB000140_C15,colo-039,Vinorelbine Tartrate,dmso,0.01,µM,0.01,mM,100.0,nl,40.0,µl,trt,S4269,Microtubule Associated,Cytoskeletal Signaling,60779.0,CCC1=CC2CN(C1)CC3=C([NH]C4=C3C=CC=C4)C(C2)(C(=O)OC)C5=C(OC)C=C6N(C)C7C(O)(C(OC(C)=O)C8(CC)C=CCN9CCC7(C89)C6=C5)C(=O)OC.OC(C(O)C(O)=O)C(O)=O.OC(C(O)C(O)=O)C(O)=O,CILBMBUYJCWATM-NPJYPKOYSA-N,Cytotoxic,Phase 1/Phase 2,HT29,
spher-colo52-v1-ULA-PB000140-HCT116-HT29-48h-P2-L2,C16,4189,5573,PB000140,PB000140_C16,colo-041,"Binimetinib (MEK162, ARRY-162, ARRY-438162)",dmso,1.0,µM,1.0,mM,100.0,nl,40.0,µl,trt,S7007,MEK,MAPK,10288191.0,C[N]1C=NC2=C1C=C(C(=O)NOCCO)C(=C2F)NC3=C(F)C=C(Br)C=C3,ACWZRVQXLIRSDF-UHFFFAOYSA-N,Targeted,Launched,HT29,
spher-colo52-v1-ULA-PB000140-HCT116-HT29-48h-P2-L2,C17,4189,5573,PB000140,PB000140_C17,colo-048,Palbociclib (PD-0332991) HCl,water,10.0,µM,10.0,mM,100.0,nl,40.0,µl,trt,S1116,CDK,Cell Cycle,11431660.0,Cl.CC(=O)C1=C(C)C2=CN=C(NC3=NC=C(C=C3)N4CCNCC4)N=C2N(C5CCCC5)C1=O,STEQOHNDWONVIF-UHFFFAOYSA-N,Targeted / Cytotoxic,Preclinical,HT29,
spher-colo52-v1-ULA-PB000140-HCT116-HT29-48h-P2-L2,C18,4189,5573,PB000140,PB000140_C18,water,water,water,0.5,µM,100.0,%,500.0,nl,40.0,µl,neg_con,,control,,,,,,,HT29,
spher-colo52-v1-ULA-PB000140-HCT116-HT29-48h-P2-L2,C19,4189,5573,PB000140,PB000140_C19,colo-045,Sorafenib,dmso,0.3,µM,1.0,mM,30.0,nl,40.0,µl,trt,S7397,Raf,MAPK,216239.0,CNC(=O)C1=CC(=CC=N1)OC2=CC=C(NC(=O)NC3=CC=C(Cl)C(=C3)C(F)(F)F)C=C2,MLDQJTXFUGDVEO-UHFFFAOYSA-N,Targeted,Launched,HT29,
spher-colo52-v1-ULA-PB000140-HCT116-HT29-48h-P2-L2,C20,4189,5573,PB000140,PB000140_C20,colo-048,Palbociclib (PD-0332991) HCl,water,3.0,µM,10.0,mM,30.0,nl,40.0,µl,trt,S1116,CDK,Cell Cycle,11431660.0,Cl.CC(=O)C1=C(C)C2=CN=C(NC3=NC=C(C=C3)N4CCNCC4)N=C2N(C5CCCC5)C1=O,STEQOHNDWONVIF-UHFFFAOYSA-N,Targeted / Cytotoxic,Preclinical,HT29,
spher-colo52-v1-ULA-PB000140-HCT116-HT29-48h-P2-L2,C21,4189,5573,PB000140,PB000140_C21,dmso,dmso,dmso,0.1,µM,100.0,%,100.0,nl,40.0,µl,neg_con,D2438,control,,679.0,CS(=O)C,IAZDPXIOMUYVGZ-UHFFFAOYSA-N,,,HT29,
spher-colo52-v1-ULA-PB000140-HCT116-HT29-48h-P2-L2,C22,4189,5573,PB000140,PB000140_C22,colo-046,"Cobimetinib (GDC-0973, RG7420)",dmso,1.0,µM,1.0,mM,100.0,nl,40.0,µl,trt,S8041,MEK,MAPK,16222096.0,OC1(CN(C1)C(=O)C2=C(NC3=CC=C(I)C=C3F)C(=C(F)C=C2)F)C4CCCCN4,BSMCAPRUBJMWDF-KRWDZBQOSA-N,Targeted,Launched,HT29,
spher-colo52-v1-ULA-PB000140-HCT116-HT29-48h-P2-L2,C23,4189,5573,PB000140,PB000140_C23,colo-040,SN-38,dmso,0.1,µM,0.1,mM,100.0,nl,40.0,µl,trt,S4908,Topoisomerase,DNA Damage,104842.0,CCC1=C2CN3C(=O)C4=C(C=C3C2=NC5=C1C=C(O)C=C5)C(O)(CC)C(=O)OC4,FJHBVJOVLFPMQE-QFIPXVFZSA-N,Cytotoxic,Launched,HT29,Topoisomerase I
spher-colo52-v1-ULA-PB000140-HCT116-HT29-48h-P2-L2,D02,4189,5573,PB000140,PB000140_D02,colo-043,LGK-974,dmso,3.0,µM,10.0,mM,30.0,nl,40.0,µl,trt,S7143,Wnt/beta-catenin,Stem Cells & Wnt,46926973.0,CC1=CC(=CC=N1)C2=C(C)C=C(CC(=O)NC3=CC=C(C=N3)C4=CN=CC=N4)C=N2,XXYGTCZJJLTAGH-UHFFFAOYSA-N,Targeted,Phase 2,HCT116,
spher-colo52-v1-ULA-PB000140-HCT116-HT29-48h-P2-L2,D03,4189,5573,PB000140,PB000140_D03,colo-040,SN-38,dmso,0.3,µM,1.0,mM,30.0,nl,40.0,µl,trt,S4908,Topoisomerase,DNA Damage,104842.0,CCC1=C2CN3C(=O)C4=C(C=C3C2=NC5=C1C=C(O)C=C5)C(O)(CC)C(=O)OC4,FJHBVJOVLFPMQE-QFIPXVFZSA-N,Cytotoxic,Launched,HCT116,Topoisomerase I
spher-colo52-v1-ULA-PB000140-HCT116-HT29-48h-P2-L2,D04,4189,5573,PB000140,PB000140_D04,colo-036,AZD4547,dmso,3.0,µM,10.0,mM,30.0,nl,40.0,µl,trt,S2801,FGFR,Angiogenesis,51039095.0,COC1=CC(=CC(=C1)OC)CCC2=CC(=N[NH]2)NC(=O)C3=CC=C(C=C3)N4CC(C)NC(C)C4,VRQMAABPASPXMW-HDICACEKSA-N,Targeted,Phase 2/Phase 3,HCT116,
spher-colo52-v1-ULA-PB000140-HCT116-HT29-48h-P2-L2,D05,4189,5573,PB000140,PB000140_D05,colo-046,"Cobimetinib (GDC-0973, RG7420)",dmso,10.0,µM,10.0,mM,100.0,nl,40.0,µl,trt,S8041,MEK,MAPK,16222096.0,OC1(CN(C1)C(=O)C2=C(NC3=CC=C(I)C=C3F)C(=C(F)C=C2)F)C4CCCCN4,BSMCAPRUBJMWDF-KRWDZBQOSA-N,Targeted,Launched,HCT116,
spher-colo52-v1-ULA-PB000140-HCT116-HT29-48h-P2-L2,D06,4189,5573,PB000140,PB000140_D06,colo-040,SN-38,dmso,0.03,µM,0.1,mM,30.0,nl,40.0,µl,trt,S4908,Topoisomerase,DNA Damage,104842.0,CCC1=C2CN3C(=O)C4=C(C=C3C2=NC5=C1C=C(O)C=C5)C(O)(CC)C(=O)OC4,FJHBVJOVLFPMQE-QFIPXVFZSA-N,Cytotoxic,Launched,HCT116,Topoisomerase I
spher-colo52-v1-ULA-PB000140-HCT116-HT29-48h-P2-L2,D07,4189,5573,PB000140,PB000140_D07,colo-039,Vinorelbine Tartrate,dmso,0.01,µM,0.01,mM,100.0,nl,40.0,µl,trt,S4269,Microtubule Associated,Cytoskeletal Signaling,60779.0,CCC1=CC2CN(C1)CC3=C([NH]C4=C3C=CC=C4)C(C2)(C(=O)OC)C5=C(OC)C=C6N(C)C7C(O)(C(OC(C)=O)C8(CC)C=CCN9CCC7(C89)C6=C5)C(=O)OC.OC(C(O)C(O)=O)C(O)=O.OC(C(O)C(O)=O)C(O)=O,CILBMBUYJCWATM-NPJYPKOYSA-N,Cytotoxic,Phase 1/Phase 2,HCT116,
spher-colo52-v1-ULA-PB000140-HCT116-HT29-48h-P2-L2,D08,4189,5573,PB000140,PB000140_D08,colo-040,SN-38,dmso,0.3,µM,1.0,mM,30.0,nl,40.0,µl,trt,S4908,Topoisomerase,DNA Damage,104842.0,CCC1=C2CN3C(=O)C4=C(C=C3C2=NC5=C1C=C(O)C=C5)C(O)(CC)C(=O)OC4,FJHBVJOVLFPMQE-QFIPXVFZSA-N,Cytotoxic,Launched,HCT116,Topoisomerase I
spher-colo52-v1-ULA-PB000140-HCT116-HT29-48h-P2-L2,D09,4189,5573,PB000140,PB000140_D09,colo-044,abemaciclib (LY2835219),dmso,10.0,µM,10.0,mM,100.0,nl,40.0,µl,trt,S7158,CDK,Cell Cycle,71576678.0,CCN1CCN(CC1)CC2=CC=C(NC3=NC(=C(F)C=N3)C4=CC(=C5N=C(C)[N](C(C)C)C5=C4)F)N=C2.C[S](O)(=O)=O,NCJPFQPEVDHJAZ-UHFFFAOYSA-N,Targeted,Preclinical,HCT116,
spher-colo52-v1-ULA-PB000140-HCT116-HT29-48h-P2-L2,D10,4189,5573,PB000140,PB000140_D10,colo-052,5Z-7-OXOZEAENOL,dmso,1.0,µM,1.0,mM,100.0,nl,40.0,µl,trt,E0002,Tak1,MAPK,329818946.0,COc1cc(O)c2C(=O)O[C@@H](C)CC=CC(=O)[C@@H](O)[C@@H](O)C\C=C\c2c1,NEQZWEXWOFPKOT-BYRRXHGESA-N,Targeted,Preclinical,HCT116,
spher-colo52-v1-ULA-PB000140-HCT116-HT29-48h-P2-L2,D11,4189,5573,PB000140,PB000140_D11,colo-041,"Binimetinib (MEK162, ARRY-162, ARRY-438162)",dmso,10.0,µM,10.0,mM,100.0,nl,40.0,µl,trt,S7007,MEK,MAPK,10288191.0,C[N]1C=NC2=C1C=C(C(=O)NOCCO)C(=C2F)NC3=C(F)C=C(Br)C=C3,ACWZRVQXLIRSDF-UHFFFAOYSA-N,Targeted,Launched,HCT116,
spher-colo52-v1-ULA-PB000140-HCT116-HT29-48h-P2-L2,D12,4189,5573,PB000140,PB000140_D12,colo-050,Encorafenib (LGX818),dmso,1.0,µM,1.0,mM,100.0,nl,40.0,µl,trt,S7108,Raf,MAPK,50922675.0,CC(C)N1C=C(C(=N1)C2=C(C(=CC(=C2)Cl)NS(=O)(=O)C)F)C3=NC(=NC=C3)NCC(C)NC(=O)OC,CMJCXYNUCSMDBY-ZDUSSCGKSA-N,Targeted,Launched,HCT116,
spher-colo52-v1-ULA-PB000140-HCT116-HT29-48h-P2-L2,D13,4189,5573,PB000140,PB000140_D13,colo-043,LGK-974,dmso,3.0,µM,10.0,mM,30.0,nl,40.0,µl,trt,S7143,Wnt/beta-catenin,Stem Cells & Wnt,46926973.0,CC1=CC(=CC=N1)C2=C(C)C=C(CC(=O)NC3=CC=C(C=N3)C4=CN=CC=N4)C=N2,XXYGTCZJJLTAGH-UHFFFAOYSA-N,Targeted,Phase 2,HT29,
spher-colo52-v1-ULA-PB000140-HCT116-HT29-48h-P2-L2,D14,4189,5573,PB000140,PB000140_D14,colo-040,SN-38,dmso,0.3,µM,1.0,mM,30.0,nl,40.0,µl,trt,S4908,Topoisomerase,DNA Damage,104842.0,CCC1=C2CN3C(=O)C4=C(C=C3C2=NC5=C1C=C(O)C=C5)C(O)(CC)C(=O)OC4,FJHBVJOVLFPMQE-QFIPXVFZSA-N,Cytotoxic,Launched,HT29,Topoisomerase I
spher-colo52-v1-ULA-PB000140-HCT116-HT29-48h-P2-L2,D15,4189,5573,PB000140,PB000140_D15,colo-036,AZD4547,dmso,3.0,µM,10.0,mM,30.0,nl,40.0,µl,trt,S2801,FGFR,Angiogenesis,51039095.0,COC1=CC(=CC(=C1)OC)CCC2=CC(=N[NH]2)NC(=O)C3=CC=C(C=C3)N4CC(C)NC(C)C4,VRQMAABPASPXMW-HDICACEKSA-N,Targeted,Phase 2/Phase 3,HT29,
spher-colo52-v1-ULA-PB000140-HCT116-HT29-48h-P2-L2,D16,4189,5573,PB000140,PB000140_D16,colo-046,"Cobimetinib (GDC-0973, RG7420)",dmso,10.0,µM,10.0,mM,100.0,nl,40.0,µl,trt,S8041,MEK,MAPK,16222096.0,OC1(CN(C1)C(=O)C2=C(NC3=CC=C(I)C=C3F)C(=C(F)C=C2)F)C4CCCCN4,BSMCAPRUBJMWDF-KRWDZBQOSA-N,Targeted,Launched,HT29,
spher-colo52-v1-ULA-PB000140-HCT116-HT29-48h-P2-L2,D17,4189,5573,PB000140,PB000140_D17,colo-040,SN-38,dmso,0.03,µM,0.1,mM,30.0,nl,40.0,µl,trt,S4908,Topoisomerase,DNA Damage,104842.0,CCC1=C2CN3C(=O)C4=C(C=C3C2=NC5=C1C=C(O)C=C5)C(O)(CC)C(=O)OC4,FJHBVJOVLFPMQE-QFIPXVFZSA-N,Cytotoxic,Launched,HT29,Topoisomerase I
spher-colo52-v1-ULA-PB000140-HCT116-HT29-48h-P2-L2,D18,4189,5573,PB000140,PB000140_D18,colo-039,Vinorelbine Tartrate,dmso,0.01,µM,0.01,mM,100.0,nl,40.0,µl,trt,S4269,Microtubule Associated,Cytoskeletal Signaling,60779.0,CCC1=CC2CN(C1)CC3=C([NH]C4=C3C=CC=C4)C(C2)(C(=O)OC)C5=C(OC)C=C6N(C)C7C(O)(C(OC(C)=O)C8(CC)C=CCN9CCC7(C89)C6=C5)C(=O)OC.OC(C(O)C(O)=O)C(O)=O.OC(C(O)C(O)=O)C(O)=O,CILBMBUYJCWATM-NPJYPKOYSA-N,Cytotoxic,Phase 1/Phase 2,HT29,
spher-colo52-v1-ULA-PB000140-HCT116-HT29-48h-P2-L2,D19,4189,5573,PB000140,PB000140_D19,colo-040,SN-38,dmso,0.3,µM,1.0,mM,30.0,nl,40.0,µl,trt,S4908,Topoisomerase,DNA Damage,104842.0,CCC1=C2CN3C(=O)C4=C(C=C3C2=NC5=C1C=C(O)C=C5)C(O)(CC)C(=O)OC4,FJHBVJOVLFPMQE-QFIPXVFZSA-N,Cytotoxic,Launched,HT29,Topoisomerase I
spher-colo52-v1-ULA-PB000140-HCT116-HT29-48h-P2-L2,D20,4189,5573,PB000140,PB000140_D20,colo-044,abemaciclib (LY2835219),dmso,10.0,µM,10.0,mM,100.0,nl,40.0,µl,trt,S7158,CDK,Cell Cycle,71576678.0,CCN1CCN(CC1)CC2=CC=C(NC3=NC(=C(F)C=N3)C4=CC(=C5N=C(C)[N](C(C)C)C5=C4)F)N=C2.C[S](O)(=O)=O,NCJPFQPEVDHJAZ-UHFFFAOYSA-N,Targeted,Preclinical,HT29,
spher-colo52-v1-ULA-PB000140-HCT116-HT29-48h-P2-L2,D21,4189,5573,PB000140,PB000140_D21,colo-052,5Z-7-OXOZEAENOL,dmso,1.0,µM,1.0,mM,100.0,nl,40.0,µl,trt,E0002,Tak1,MAPK,329818946.0,COc1cc(O)c2C(=O)O[C@@H](C)CC=CC(=O)[C@@H](O)[C@@H](O)C\C=C\c2c1,NEQZWEXWOFPKOT-BYRRXHGESA-N,Targeted,Preclinical,HT29,
spher-colo52-v1-ULA-PB000140-HCT116-HT29-48h-P2-L2,D22,4189,5573,PB000140,PB000140_D22,colo-041,"Binimetinib (MEK162, ARRY-162, ARRY-438162)",dmso,10.0,µM,10.0,mM,100.0,nl,40.0,µl,trt,S7007,MEK,MAPK,10288191.0,C[N]1C=NC2=C1C=C(C(=O)NOCCO)C(=C2F)NC3=C(F)C=C(Br)C=C3,ACWZRVQXLIRSDF-UHFFFAOYSA-N,Targeted,Launched,HT29,
spher-colo52-v1-ULA-PB000140-HCT116-HT29-48h-P2-L2,D23,4189,5573,PB000140,PB000140_D23,colo-050,Encorafenib (LGX818),dmso,1.0,µM,1.0,mM,100.0,nl,40.0,µl,trt,S7108,Raf,MAPK,50922675.0,CC(C)N1C=C(C(=N1)C2=C(C(=CC(=C2)Cl)NS(=O)(=O)C)F)C3=NC(=NC=C3)NCC(C)NC(=O)OC,CMJCXYNUCSMDBY-ZDUSSCGKSA-N,Targeted,Launched,HT29,
spher-colo52-v1-ULA-PB000140-HCT116-HT29-48h-P2-L2,E02,4189,5573,PB000140,PB000140_E02,dmso,dmso,dmso,0.1,µM,100.0,%,100.0,nl,40.0,µl,neg_con,D2438,control,,679.0,CS(=O)C,IAZDPXIOMUYVGZ-UHFFFAOYSA-N,,,HCT116,
spher-colo52-v1-ULA-PB000140-HCT116-HT29-48h-P2-L2,E03,4189,5573,PB000140,PB000140_E03,colo-039,Vinorelbine Tartrate,dmso,0.1,µM,0.1,mM,100.0,nl,40.0,µl,trt,S4269,Microtubule Associated,Cytoskeletal Signaling,60779.0,CCC1=CC2CN(C1)CC3=C([NH]C4=C3C=CC=C4)C(C2)(C(=O)OC)C5=C(OC)C=C6N(C)C7C(O)(C(OC(C)=O)C8(CC)C=CCN9CCC7(C89)C6=C5)C(=O)OC.OC(C(O)C(O)=O)C(O)=O.OC(C(O)C(O)=O)C(O)=O,CILBMBUYJCWATM-NPJYPKOYSA-N,Cytotoxic,Phase 1/Phase 2,HCT116,
spher-colo52-v1-ULA-PB000140-HCT116-HT29-48h-P2-L2,E04,4189,5573,PB000140,PB000140_E04,colo-043,LGK-974,dmso,1.0,µM,1.0,mM,100.0,nl,40.0,µl,trt,S7143,Wnt/beta-catenin,Stem Cells & Wnt,46926973.0,CC1=CC(=CC=N1)C2=C(C)C=C(CC(=O)NC3=CC=C(C=N3)C4=CN=CC=N4)C=N2,XXYGTCZJJLTAGH-UHFFFAOYSA-N,Targeted,Phase 2,HCT116,
spher-colo52-v1-ULA-PB000140-HCT116-HT29-48h-P2-L2,E05,4189,5573,PB000140,PB000140_E05,colo-049,Oxaliplatin,water,0.3,µM,1.0,mM,30.0,nl,40.0,µl,trt,S1224,DNA/RNA Synthesis,DNA Damage,9887054.0,[Pt++].NC1CCCCC1N.[O-]C(=O)C([O-])=O,ZROHGHOFXNOHSO-BNTLRKBRSA-L,Cytotoxic,Launched,HCT116,Platinum
spher-colo52-v1-ULA-PB000140-HCT116-HT29-48h-P2-L2,E06,4189,5573,PB000140,PB000140_E06,colo-043,LGK-974,dmso,10.0,µM,10.0,mM,100.0,nl,40.0,µl,trt,S7143,Wnt/beta-catenin,Stem Cells & Wnt,46926973.0,CC1=CC(=CC=N1)C2=C(C)C=C(CC(=O)NC3=CC=C(C=N3)C4=CN=CC=N4)C=N2,XXYGTCZJJLTAGH-UHFFFAOYSA-N,Targeted,Phase 2,HCT116,
spher-colo52-v1-ULA-PB000140-HCT116-HT29-48h-P2-L2,E07,4189,5573,PB000140,PB000140_E07,colo-047,Navitoclax (ABT-263),dmso,1.0,µM,1.0,mM,100.0,nl,40.0,µl,trt,S1001,Bcl-2,Apoptosis,24978538.0,CC1(C)CCC(=C(CN2CCN(CC2)C3=CC=C(C=C3)C(=O)N[S](=O)(=O)C4=CC(=C(NC(CCN5CCOCC5)CSC6=CC=CC=C6)C=C4)[S](=O)(=O)C(F)(F)F)C1)C7=CC=C(Cl)C=C7,JLYAXFNOILIKPP-KXQOOQHDSA-N,Targeted,Phase 2,HCT116,
spher-colo52-v1-ULA-PB000140-HCT116-HT29-48h-P2-L2,E08,4189,5573,PB000140,PB000140_E08,colo-052,5Z-7-OXOZEAENOL,dmso,3.0,µM,10.0,mM,30.0,nl,40.0,µl,trt,E0002,Tak1,MAPK,329818946.0,COc1cc(O)c2C(=O)O[C@@H](C)CC=CC(=O)[C@@H](O)[C@@H](O)C\C=C\c2c1,NEQZWEXWOFPKOT-BYRRXHGESA-N,Targeted,Preclinical,HCT116,
spher-colo52-v1-ULA-PB000140-HCT116-HT29-48h-P2-L2,E09,4189,5573,PB000140,PB000140_E09,colo-048,Palbociclib (PD-0332991) HCl,water,0.3,µM,1.0,mM,30.0,nl,40.0,µl,trt,S1116,CDK,Cell Cycle,11431660.0,Cl.CC(=O)C1=C(C)C2=CN=C(NC3=NC=C(C=C3)N4CCNCC4)N=C2N(C5CCCC5)C1=O,STEQOHNDWONVIF-UHFFFAOYSA-N,Targeted / Cytotoxic,Preclinical,HCT116,
spher-colo52-v1-ULA-PB000140-HCT116-HT29-48h-P2-L2,E10,4189,5573,PB000140,PB000140_E10,colo-040,SN-38,dmso,0.1,µM,0.1,mM,100.0,nl,40.0,µl,trt,S4908,Topoisomerase,DNA Damage,104842.0,CCC1=C2CN3C(=O)C4=C(C=C3C2=NC5=C1C=C(O)C=C5)C(O)(CC)C(=O)OC4,FJHBVJOVLFPMQE-QFIPXVFZSA-N,Cytotoxic,Launched,HCT116,Topoisomerase I
spher-colo52-v1-ULA-PB000140-HCT116-HT29-48h-P2-L2,E11,4189,5573,PB000140,PB000140_E11,colo-044,abemaciclib (LY2835219),dmso,1.0,µM,1.0,mM,100.0,nl,40.0,µl,trt,S7158,CDK,Cell Cycle,71576678.0,CCN1CCN(CC1)CC2=CC=C(NC3=NC(=C(F)C=N3)C4=CC(=C5N=C(C)[N](C(C)C)C5=C4)F)N=C2.C[S](O)(=O)=O,NCJPFQPEVDHJAZ-UHFFFAOYSA-N,Targeted,Preclinical,HCT116,
spher-colo52-v1-ULA-PB000140-HCT116-HT29-48h-P2-L2,E12,4189,5573,PB000140,PB000140_E12,colo-045,Sorafenib,dmso,3.0,µM,10.0,mM,30.0,nl,40.0,µl,trt,S7397,Raf,MAPK,216239.0,CNC(=O)C1=CC(=CC=N1)OC2=CC=C(NC(=O)NC3=CC=C(Cl)C(=C3)C(F)(F)F)C=C2,MLDQJTXFUGDVEO-UHFFFAOYSA-N,Targeted,Launched,HCT116,
spher-colo52-v1-ULA-PB000140-HCT116-HT29-48h-P2-L2,E13,4189,5573,PB000140,PB000140_E13,dmso,dmso,dmso,0.1,µM,100.0,%,100.0,nl,40.0,µl,neg_con,D2438,control,,679.0,CS(=O)C,IAZDPXIOMUYVGZ-UHFFFAOYSA-N,,,HT29,
spher-colo52-v1-ULA-PB000140-HCT116-HT29-48h-P2-L2,E14,4189,5573,PB000140,PB000140_E14,colo-039,Vinorelbine Tartrate,dmso,0.1,µM,0.1,mM,100.0,nl,40.0,µl,trt,S4269,Microtubule Associated,Cytoskeletal Signaling,60779.0,CCC1=CC2CN(C1)CC3=C([NH]C4=C3C=CC=C4)C(C2)(C(=O)OC)C5=C(OC)C=C6N(C)C7C(O)(C(OC(C)=O)C8(CC)C=CCN9CCC7(C89)C6=C5)C(=O)OC.OC(C(O)C(O)=O)C(O)=O.OC(C(O)C(O)=O)C(O)=O,CILBMBUYJCWATM-NPJYPKOYSA-N,Cytotoxic,Phase 1/Phase 2,HT29,
spher-colo52-v1-ULA-PB000140-HCT116-HT29-48h-P2-L2,E15,4189,5573,PB000140,PB000140_E15,colo-043,LGK-974,dmso,1.0,µM,1.0,mM,100.0,nl,40.0,µl,trt,S7143,Wnt/beta-catenin,Stem Cells & Wnt,46926973.0,CC1=CC(=CC=N1)C2=C(C)C=C(CC(=O)NC3=CC=C(C=N3)C4=CN=CC=N4)C=N2,XXYGTCZJJLTAGH-UHFFFAOYSA-N,Targeted,Phase 2,HT29,
spher-colo52-v1-ULA-PB000140-HCT116-HT29-48h-P2-L2,E16,4189,5573,PB000140,PB000140_E16,colo-049,Oxaliplatin,water,0.3,µM,1.0,mM,30.0,nl,40.0,µl,trt,S1224,DNA/RNA Synthesis,DNA Damage,9887054.0,[Pt++].NC1CCCCC1N.[O-]C(=O)C([O-])=O,ZROHGHOFXNOHSO-BNTLRKBRSA-L,Cytotoxic,Launched,HT29,Platinum
spher-colo52-v1-ULA-PB000140-HCT116-HT29-48h-P2-L2,E17,4189,5573,PB000140,PB000140_E17,colo-043,LGK-974,dmso,10.0,µM,10.0,mM,100.0,nl,40.0,µl,trt,S7143,Wnt/beta-catenin,Stem Cells & Wnt,46926973.0,CC1=CC(=CC=N1)C2=C(C)C=C(CC(=O)NC3=CC=C(C=N3)C4=CN=CC=N4)C=N2,XXYGTCZJJLTAGH-UHFFFAOYSA-N,Targeted,Phase 2,HT29,
spher-colo52-v1-ULA-PB000140-HCT116-HT29-48h-P2-L2,E18,4189,5573,PB000140,PB000140_E18,colo-047,Navitoclax (ABT-263),dmso,1.0,µM,1.0,mM,100.0,nl,40.0,µl,trt,S1001,Bcl-2,Apoptosis,24978538.0,CC1(C)CCC(=C(CN2CCN(CC2)C3=CC=C(C=C3)C(=O)N[S](=O)(=O)C4=CC(=C(NC(CCN5CCOCC5)CSC6=CC=CC=C6)C=C4)[S](=O)(=O)C(F)(F)F)C1)C7=CC=C(Cl)C=C7,JLYAXFNOILIKPP-KXQOOQHDSA-N,Targeted,Phase 2,HT29,
spher-colo52-v1-ULA-PB000140-HCT116-HT29-48h-P2-L2,E19,4189,5573,PB000140,PB000140_E19,colo-052,5Z-7-OXOZEAENOL,dmso,3.0,µM,10.0,mM,30.0,nl,40.0,µl,trt,E0002,Tak1,MAPK,329818946.0,COc1cc(O)c2C(=O)O[C@@H](C)CC=CC(=O)[C@@H](O)[C@@H](O)C\C=C\c2c1,NEQZWEXWOFPKOT-BYRRXHGESA-N,Targeted,Preclinical,HT29,
spher-colo52-v1-ULA-PB000140-HCT116-HT29-48h-P2-L2,E20,4189,5573,PB000140,PB000140_E20,colo-048,Palbociclib (PD-0332991) HCl,water,0.3,µM,1.0,mM,30.0,nl,40.0,µl,trt,S1116,CDK,Cell Cycle,11431660.0,Cl.CC(=O)C1=C(C)C2=CN=C(NC3=NC=C(C=C3)N4CCNCC4)N=C2N(C5CCCC5)C1=O,STEQOHNDWONVIF-UHFFFAOYSA-N,Targeted / Cytotoxic,Preclinical,HT29,
spher-colo52-v1-ULA-PB000140-HCT116-HT29-48h-P2-L2,E21,4189,5573,PB000140,PB000140_E21,colo-040,SN-38,dmso,0.1,µM,0.1,mM,100.0,nl,40.0,µl,trt,S4908,Topoisomerase,DNA Damage,104842.0,CCC1=C2CN3C(=O)C4=C(C=C3C2=NC5=C1C=C(O)C=C5)C(O)(CC)C(=O)OC4,FJHBVJOVLFPMQE-QFIPXVFZSA-N,Cytotoxic,Launched,HT29,Topoisomerase I
spher-colo52-v1-ULA-PB000140-HCT116-HT29-48h-P2-L2,E22,4189,5573,PB000140,PB000140_E22,colo-044,abemaciclib (LY2835219),dmso,1.0,µM,1.0,mM,100.0,nl,40.0,µl,trt,S7158,CDK,Cell Cycle,71576678.0,CCN1CCN(CC1)CC2=CC=C(NC3=NC(=C(F)C=N3)C4=CC(=C5N=C(C)[N](C(C)C)C5=C4)F)N=C2.C[S](O)(=O)=O,NCJPFQPEVDHJAZ-UHFFFAOYSA-N,Targeted,Preclinical,HT29,
spher-colo52-v1-ULA-PB000140-HCT116-HT29-48h-P2-L2,E23,4189,5573,PB000140,PB000140_E23,colo-045,Sorafenib,dmso,3.0,µM,10.0,mM,30.0,nl,40.0,µl,trt,S7397,Raf,MAPK,216239.0,CNC(=O)C1=CC(=CC=N1)OC2=CC=C(NC(=O)NC3=CC=C(Cl)C(=C3)C(F)(F)F)C=C2,MLDQJTXFUGDVEO-UHFFFAOYSA-N,Targeted,Launched,HT29,
spher-colo52-v1-ULA-PB000140-HCT116-HT29-48h-P2-L2,F02,4189,5573,PB000140,PB000140_F02,colo-049,Oxaliplatin,water,3.0,µM,2.0,mM,150.0,nl,40.0,µl,trt,S1224,DNA/RNA Synthesis,DNA Damage,9887054.0,[Pt++].NC1CCCCC1N.[O-]C(=O)C([O-])=O,ZROHGHOFXNOHSO-BNTLRKBRSA-L,Cytotoxic,Launched,HCT116,Platinum
spher-colo52-v1-ULA-PB000140-HCT116-HT29-48h-P2-L2,F03,4189,5573,PB000140,PB000140_F03,colo-048,Palbociclib (PD-0332991) HCl,water,1.0,µM,1.0,mM,100.0,nl,40.0,µl,trt,S1116,CDK,Cell Cycle,11431660.0,Cl.CC(=O)C1=C(C)C2=CN=C(NC3=NC=C(C=C3)N4CCNCC4)N=C2N(C5CCCC5)C1=O,STEQOHNDWONVIF-UHFFFAOYSA-N,Targeted / Cytotoxic,Preclinical,HCT116,
spher-colo52-v1-ULA-PB000140-HCT116-HT29-48h-P2-L2,F04,4189,5573,PB000140,PB000140_F04,colo-046,"Cobimetinib (GDC-0973, RG7420)",dmso,3.0,µM,10.0,mM,30.0,nl,40.0,µl,trt,S8041,MEK,MAPK,16222096.0,OC1(CN(C1)C(=O)C2=C(NC3=CC=C(I)C=C3F)C(=C(F)C=C2)F)C4CCCCN4,BSMCAPRUBJMWDF-KRWDZBQOSA-N,Targeted,Launched,HCT116,
spher-colo52-v1-ULA-PB000140-HCT116-HT29-48h-P2-L2,F05,4189,5573,PB000140,PB000140_F05,colo-038,Alpelisib (BYL719),dmso,10.0,µM,10.0,mM,100.0,nl,40.0,µl,trt,S2814,PI3K,PI3K/Akt/mTOR,56649450.0,CC1=C(SC(=N1)NC(=O)N2CCCC2C(N)=O)C3=CC(=NC=C3)C(C)(C)C(F)(F)F,STUWGJZDJHPWGZ-LBPRGKRZSA-N,Targeted,Launched,HCT116,
spher-colo52-v1-ULA-PB000140-HCT116-HT29-48h-P2-L2,F06,4189,5573,PB000140,PB000140_F06,etop,etop,dmso,2.5,µM,10.0,mM,25.0,nl,40.0,µl,pos_con,E2600000,DNA topoisomerase 2-alpha & DNA topoisomerase 2-beta,,36462.0,CC1OCC2C(O1)C(C(C(O2)OC3C4COC(=O)C4C(C5=CC6=C(C=C35)OCO6)C7=CC(=C(C(=C7)OC)O)OC)O)O,VJJPUSNTGOMMGY-MRVIYFEKSA-N,,,HCT116,
spher-colo52-v1-ULA-PB000140-HCT116-HT29-48h-P2-L2,F07,4189,5573,PB000140,PB000140_F07,colo-038,Alpelisib (BYL719),dmso,0.3,µM,1.0,mM,30.0,nl,40.0,µl,trt,S2814,PI3K,PI3K/Akt/mTOR,56649450.0,CC1=C(SC(=N1)NC(=O)N2CCCC2C(N)=O)C3=CC(=NC=C3)C(C)(C)C(F)(F)F,STUWGJZDJHPWGZ-LBPRGKRZSA-N,Targeted,Launched,HCT116,
spher-colo52-v1-ULA-PB000140-HCT116-HT29-48h-P2-L2,F08,4189,5573,PB000140,PB000140_F08,colo-040,SN-38,dmso,1.0,µM,1.0,mM,100.0,nl,40.0,µl,trt,S4908,Topoisomerase,DNA Damage,104842.0,CCC1=C2CN3C(=O)C4=C(C=C3C2=NC5=C1C=C(O)C=C5)C(O)(CC)C(=O)OC4,FJHBVJOVLFPMQE-QFIPXVFZSA-N,Cytotoxic,Launched,HCT116,Topoisomerase I
spher-colo52-v1-ULA-PB000140-HCT116-HT29-48h-P2-L2,F09,4189,5573,PB000140,PB000140_F09,colo-047,Navitoclax (ABT-263),dmso,3.0,µM,10.0,mM,30.0,nl,40.0,µl,trt,S1001,Bcl-2,Apoptosis,24978538.0,CC1(C)CCC(=C(CN2CCN(CC2)C3=CC=C(C=C3)C(=O)N[S](=O)(=O)C4=CC(=C(NC(CCN5CCOCC5)CSC6=CC=CC=C6)C=C4)[S](=O)(=O)C(F)(F)F)C1)C7=CC=C(Cl)C=C7,JLYAXFNOILIKPP-KXQOOQHDSA-N,Targeted,Phase 2,HCT116,
spher-colo52-v1-ULA-PB000140-HCT116-HT29-48h-P2-L2,F10,4189,5573,PB000140,PB000140_F10,colo-043,LGK-974,dmso,3.0,µM,10.0,mM,30.0,nl,40.0,µl,trt,S7143,Wnt/beta-catenin,Stem Cells & Wnt,46926973.0,CC1=CC(=CC=N1)C2=C(C)C=C(CC(=O)NC3=CC=C(C=N3)C4=CN=CC=N4)C=N2,XXYGTCZJJLTAGH-UHFFFAOYSA-N,Targeted,Phase 2,HCT116,
spher-colo52-v1-ULA-PB000140-HCT116-HT29-48h-P2-L2,F11,4189,5573,PB000140,PB000140_F11,water,water,water,0.5,µM,100.0,%,500.0,nl,40.0,µl,neg_con,,control,,,,,,,HCT116,
spher-colo52-v1-ULA-PB000140-HCT116-HT29-48h-P2-L2,F12,4189,5573,PB000140,PB000140_F12,colo-043,LGK-974,dmso,1.0,µM,1.0,mM,100.0,nl,40.0,µl,trt,S7143,Wnt/beta-catenin,Stem Cells & Wnt,46926973.0,CC1=CC(=CC=N1)C2=C(C)C=C(CC(=O)NC3=CC=C(C=N3)C4=CN=CC=N4)C=N2,XXYGTCZJJLTAGH-UHFFFAOYSA-N,Targeted,Phase 2,HCT116,
spher-colo52-v1-ULA-PB000140-HCT116-HT29-48h-P2-L2,F13,4189,5573,PB000140,PB000140_F13,colo-049,Oxaliplatin,water,3.0,µM,2.0,mM,150.0,nl,40.0,µl,trt,S1224,DNA/RNA Synthesis,DNA Damage,9887054.0,[Pt++].NC1CCCCC1N.[O-]C(=O)C([O-])=O,ZROHGHOFXNOHSO-BNTLRKBRSA-L,Cytotoxic,Launched,HT29,Platinum
spher-colo52-v1-ULA-PB000140-HCT116-HT29-48h-P2-L2,F14,4189,5573,PB000140,PB000140_F14,colo-048,Palbociclib (PD-0332991) HCl,water,1.0,µM,1.0,mM,100.0,nl,40.0,µl,trt,S1116,CDK,Cell Cycle,11431660.0,Cl.CC(=O)C1=C(C)C2=CN=C(NC3=NC=C(C=C3)N4CCNCC4)N=C2N(C5CCCC5)C1=O,STEQOHNDWONVIF-UHFFFAOYSA-N,Targeted / Cytotoxic,Preclinical,HT29,
spher-colo52-v1-ULA-PB000140-HCT116-HT29-48h-P2-L2,F15,4189,5573,PB000140,PB000140_F15,colo-046,"Cobimetinib (GDC-0973, RG7420)",dmso,3.0,µM,10.0,mM,30.0,nl,40.0,µl,trt,S8041,MEK,MAPK,16222096.0,OC1(CN(C1)C(=O)C2=C(NC3=CC=C(I)C=C3F)C(=C(F)C=C2)F)C4CCCCN4,BSMCAPRUBJMWDF-KRWDZBQOSA-N,Targeted,Launched,HT29,
spher-colo52-v1-ULA-PB000140-HCT116-HT29-48h-P2-L2,F16,4189,5573,PB000140,PB000140_F16,colo-038,Alpelisib (BYL719),dmso,10.0,µM,10.0,mM,100.0,nl,40.0,µl,trt,S2814,PI3K,PI3K/Akt/mTOR,56649450.0,CC1=C(SC(=N1)NC(=O)N2CCCC2C(N)=O)C3=CC(=NC=C3)C(C)(C)C(F)(F)F,STUWGJZDJHPWGZ-LBPRGKRZSA-N,Targeted,Launched,HT29,
spher-colo52-v1-ULA-PB000140-HCT116-HT29-48h-P2-L2,F17,4189,5573,PB000140,PB000140_F17,etop,etop,dmso,2.5,µM,10.0,mM,25.0,nl,40.0,µl,pos_con,E2600000,DNA topoisomerase 2-alpha & DNA topoisomerase 2-beta,,36462.0,CC1OCC2C(O1)C(C(C(O2)OC3C4COC(=O)C4C(C5=CC6=C(C=C35)OCO6)C7=CC(=C(C(=C7)OC)O)OC)O)O,VJJPUSNTGOMMGY-MRVIYFEKSA-N,,,HT29,
spher-colo52-v1-ULA-PB000140-HCT116-HT29-48h-P2-L2,F18,4189,5573,PB000140,PB000140_F18,colo-038,Alpelisib (BYL719),dmso,0.3,µM,1.0,mM,30.0,nl,40.0,µl,trt,S2814,PI3K,PI3K/Akt/mTOR,56649450.0,CC1=C(SC(=N1)NC(=O)N2CCCC2C(N)=O)C3=CC(=NC=C3)C(C)(C)C(F)(F)F,STUWGJZDJHPWGZ-LBPRGKRZSA-N,Targeted,Launched,HT29,
spher-colo52-v1-ULA-PB000140-HCT116-HT29-48h-P2-L2,F19,4189,5573,PB000140,PB000140_F19,colo-040,SN-38,dmso,1.0,µM,1.0,mM,100.0,nl,40.0,µl,trt,S4908,Topoisomerase,DNA Damage,104842.0,CCC1=C2CN3C(=O)C4=C(C=C3C2=NC5=C1C=C(O)C=C5)C(O)(CC)C(=O)OC4,FJHBVJOVLFPMQE-QFIPXVFZSA-N,Cytotoxic,Launched,HT29,Topoisomerase I
spher-colo52-v1-ULA-PB000140-HCT116-HT29-48h-P2-L2,F20,4189,5573,PB000140,PB000140_F20,colo-047,Navitoclax (ABT-263),dmso,3.0,µM,10.0,mM,30.0,nl,40.0,µl,trt,S1001,Bcl-2,Apoptosis,24978538.0,CC1(C)CCC(=C(CN2CCN(CC2)C3=CC=C(C=C3)C(=O)N[S](=O)(=O)C4=CC(=C(NC(CCN5CCOCC5)CSC6=CC=CC=C6)C=C4)[S](=O)(=O)C(F)(F)F)C1)C7=CC=C(Cl)C=C7,JLYAXFNOILIKPP-KXQOOQHDSA-N,Targeted,Phase 2,HT29,
spher-colo52-v1-ULA-PB000140-HCT116-HT29-48h-P2-L2,F21,4189,5573,PB000140,PB000140_F21,colo-043,LGK-974,dmso,3.0,µM,10.0,mM,30.0,nl,40.0,µl,trt,S7143,Wnt/beta-catenin,Stem Cells & Wnt,46926973.0,CC1=CC(=CC=N1)C2=C(C)C=C(CC(=O)NC3=CC=C(C=N3)C4=CN=CC=N4)C=N2,XXYGTCZJJLTAGH-UHFFFAOYSA-N,Targeted,Phase 2,HT29,
spher-colo52-v1-ULA-PB000140-HCT116-HT29-48h-P2-L2,F22,4189,5573,PB000140,PB000140_F22,water,water,water,0.5,µM,100.0,%,500.0,nl,40.0,µl,neg_con,,control,,,,,,,HT29,
spher-colo52-v1-ULA-PB000140-HCT116-HT29-48h-P2-L2,F23,4189,5573,PB000140,PB000140_F23,colo-043,LGK-974,dmso,1.0,µM,1.0,mM,100.0,nl,40.0,µl,trt,S7143,Wnt/beta-catenin,Stem Cells & Wnt,46926973.0,CC1=CC(=CC=N1)C2=C(C)C=C(CC(=O)NC3=CC=C(C=N3)C4=CN=CC=N4)C=N2,XXYGTCZJJLTAGH-UHFFFAOYSA-N,Targeted,Phase 2,HT29,
spher-colo52-v1-ULA-PB000140-HCT116-HT29-48h-P2-L2,G02,4189,5573,PB000140,PB000140_G02,colo-038,Alpelisib (BYL719),dmso,10.0,µM,10.0,mM,100.0,nl,40.0,µl,trt,S2814,PI3K,PI3K/Akt/mTOR,56649450.0,CC1=C(SC(=N1)NC(=O)N2CCCC2C(N)=O)C3=CC(=NC=C3)C(C)(C)C(F)(F)F,STUWGJZDJHPWGZ-LBPRGKRZSA-N,Targeted,Launched,HCT116,
spher-colo52-v1-ULA-PB000140-HCT116-HT29-48h-P2-L2,G03,4189,5573,PB000140,PB000140_G03,dmso,dmso,dmso,0.1,µM,100.0,%,100.0,nl,40.0,µl,neg_con,D2438,control,,679.0,CS(=O)C,IAZDPXIOMUYVGZ-UHFFFAOYSA-N,,,HCT116,
spher-colo52-v1-ULA-PB000140-HCT116-HT29-48h-P2-L2,G04,4189,5573,PB000140,PB000140_G04,colo-042,Taselisib (GDC 0032),dmso,1.0,µM,1.0,mM,100.0,nl,40.0,µl,trt,S7103,PI3K,PI3K/Akt/mTOR,51001932.0,CC(C)[N]1N=C(C)N=C1C2=C[N]3CCOC4=CC(=CC=C4C3=N2)C5=C[N](N=C5)C(C)(C)C(N)=O,BEUQXVWXFDOSAQ-UHFFFAOYSA-N,Targeted,Phase 3,HCT116,
spher-colo52-v1-ULA-PB000140-HCT116-HT29-48h-P2-L2,G05,4189,5573,PB000140,PB000140_G05,colo-041,"Binimetinib (MEK162, ARRY-162, ARRY-438162)",dmso,3.0,µM,10.0,mM,30.0,nl,40.0,µl,trt,S7007,MEK,MAPK,10288191.0,C[N]1C=NC2=C1C=C(C(=O)NOCCO)C(=C2F)NC3=C(F)C=C(Br)C=C3,ACWZRVQXLIRSDF-UHFFFAOYSA-N,Targeted,Launched,HCT116,
spher-colo52-v1-ULA-PB000140-HCT116-HT29-48h-P2-L2,G06,4189,5573,PB000140,PB000140_G06,colo-050,Encorafenib (LGX818),dmso,0.3,µM,1.0,mM,30.0,nl,40.0,µl,trt,S7108,Raf,MAPK,50922675.0,CC(C)N1C=C(C(=N1)C2=C(C(=CC(=C2)Cl)NS(=O)(=O)C)F)C3=NC(=NC=C3)NCC(C)NC(=O)OC,CMJCXYNUCSMDBY-ZDUSSCGKSA-N,Targeted,Launched,HCT116,
spher-colo52-v1-ULA-PB000140-HCT116-HT29-48h-P2-L2,G07,4189,5573,PB000140,PB000140_G07,colo-042,Taselisib (GDC 0032),dmso,3.0,µM,10.0,mM,30.0,nl,40.0,µl,trt,S7103,PI3K,PI3K/Akt/mTOR,51001932.0,CC(C)[N]1N=C(C)N=C1C2=C[N]3CCOC4=CC(=CC=C4C3=N2)C5=C[N](N=C5)C(C)(C)C(N)=O,BEUQXVWXFDOSAQ-UHFFFAOYSA-N,Targeted,Phase 3,HCT116,
spher-colo52-v1-ULA-PB000140-HCT116-HT29-48h-P2-L2,G08,4189,5573,PB000140,PB000140_G08,colo-044,abemaciclib (LY2835219),dmso,3.0,µM,10.0,mM,30.0,nl,40.0,µl,trt,S7158,CDK,Cell Cycle,71576678.0,CCN1CCN(CC1)CC2=CC=C(NC3=NC(=C(F)C=N3)C4=CC(=C5N=C(C)[N](C(C)C)C5=C4)F)N=C2.C[S](O)(=O)=O,NCJPFQPEVDHJAZ-UHFFFAOYSA-N,Targeted,Preclinical,HCT116,
spher-colo52-v1-ULA-PB000140-HCT116-HT29-48h-P2-L2,G09,4189,5573,PB000140,PB000140_G09,fenb,fenb,dmso,2.5,µM,10.0,mM,25.0,nl,40.0,µl,pos_con,F0040000,tubulin beta chain,,3334.0,COC(=O)NC1=NC2=C(N1)C=C(C=C2)SC3=CC=CC=C3,HDDSHPAODJUKPD-UHFFFAOYSA-N,,,HCT116,
spher-colo52-v1-ULA-PB000140-HCT116-HT29-48h-P2-L2,G10,4189,5573,PB000140,PB000140_G10,colo-049,Oxaliplatin,water,3.0,µM,2.0,mM,150.0,nl,40.0,µl,trt,S1224,DNA/RNA Synthesis,DNA Damage,9887054.0,[Pt++].NC1CCCCC1N.[O-]C(=O)C([O-])=O,ZROHGHOFXNOHSO-BNTLRKBRSA-L,Cytotoxic,Launched,HCT116,Platinum
spher-colo52-v1-ULA-PB000140-HCT116-HT29-48h-P2-L2,G11,4189,5573,PB000140,PB000140_G11,colo-041,"Binimetinib (MEK162, ARRY-162, ARRY-438162)",dmso,1.0,µM,1.0,mM,100.0,nl,40.0,µl,trt,S7007,MEK,MAPK,10288191.0,C[N]1C=NC2=C1C=C(C(=O)NOCCO)C(=C2F)NC3=C(F)C=C(Br)C=C3,ACWZRVQXLIRSDF-UHFFFAOYSA-N,Targeted,Launched,HCT116,
spher-colo52-v1-ULA-PB000140-HCT116-HT29-48h-P2-L2,G12,4189,5573,PB000140,PB000140_G12,colo-051,AMG232 (Navtemadlin),dmso,0.3,µM,1.0,mM,30.0,nl,40.0,µl,trt,E0001,Mdm2,Apoptosis,58573469.0,CC(C)C(CS(=O)(=O)C(C)C)N1C(C(CC(C1=O)(C)CC(=O)O)C2=CC(=CC=C2)Cl)C3=CC=C(C=C3)Cl,DRLCSJFKKILATL-YWCVFVGNSA-N,Targeted,Phase 2,HCT116,
spher-colo52-v1-ULA-PB000140-HCT116-HT29-48h-P2-L2,G13,4189,5573,PB000140,PB000140_G13,colo-038,Alpelisib (BYL719),dmso,10.0,µM,10.0,mM,100.0,nl,40.0,µl,trt,S2814,PI3K,PI3K/Akt/mTOR,56649450.0,CC1=C(SC(=N1)NC(=O)N2CCCC2C(N)=O)C3=CC(=NC=C3)C(C)(C)C(F)(F)F,STUWGJZDJHPWGZ-LBPRGKRZSA-N,Targeted,Launched,HT29,
spher-colo52-v1-ULA-PB000140-HCT116-HT29-48h-P2-L2,G14,4189,5573,PB000140,PB000140_G14,dmso,dmso,dmso,0.1,µM,100.0,%,100.0,nl,40.0,µl,neg_con,D2438,control,,679.0,CS(=O)C,IAZDPXIOMUYVGZ-UHFFFAOYSA-N,,,HT29,
spher-colo52-v1-ULA-PB000140-HCT116-HT29-48h-P2-L2,G15,4189,5573,PB000140,PB000140_G15,colo-042,Taselisib (GDC 0032),dmso,1.0,µM,1.0,mM,100.0,nl,40.0,µl,trt,S7103,PI3K,PI3K/Akt/mTOR,51001932.0,CC(C)[N]1N=C(C)N=C1C2=C[N]3CCOC4=CC(=CC=C4C3=N2)C5=C[N](N=C5)C(C)(C)C(N)=O,BEUQXVWXFDOSAQ-UHFFFAOYSA-N,Targeted,Phase 3,HT29,
spher-colo52-v1-ULA-PB000140-HCT116-HT29-48h-P2-L2,G16,4189,5573,PB000140,PB000140_G16,colo-041,"Binimetinib (MEK162, ARRY-162, ARRY-438162)",dmso,3.0,µM,10.0,mM,30.0,nl,40.0,µl,trt,S7007,MEK,MAPK,10288191.0,C[N]1C=NC2=C1C=C(C(=O)NOCCO)C(=C2F)NC3=C(F)C=C(Br)C=C3,ACWZRVQXLIRSDF-UHFFFAOYSA-N,Targeted,Launched,HT29,
spher-colo52-v1-ULA-PB000140-HCT116-HT29-48h-P2-L2,G17,4189,5573,PB000140,PB000140_G17,colo-050,Encorafenib (LGX818),dmso,0.3,µM,1.0,mM,30.0,nl,40.0,µl,trt,S7108,Raf,MAPK,50922675.0,CC(C)N1C=C(C(=N1)C2=C(C(=CC(=C2)Cl)NS(=O)(=O)C)F)C3=NC(=NC=C3)NCC(C)NC(=O)OC,CMJCXYNUCSMDBY-ZDUSSCGKSA-N,Targeted,Launched,HT29,
spher-colo52-v1-ULA-PB000140-HCT116-HT29-48h-P2-L2,G18,4189,5573,PB000140,PB000140_G18,colo-042,Taselisib (GDC 0032),dmso,3.0,µM,10.0,mM,30.0,nl,40.0,µl,trt,S7103,PI3K,PI3K/Akt/mTOR,51001932.0,CC(C)[N]1N=C(C)N=C1C2=C[N]3CCOC4=CC(=CC=C4C3=N2)C5=C[N](N=C5)C(C)(C)C(N)=O,BEUQXVWXFDOSAQ-UHFFFAOYSA-N,Targeted,Phase 3,HT29,
spher-colo52-v1-ULA-PB000140-HCT116-HT29-48h-P2-L2,G19,4189,5573,PB000140,PB000140_G19,colo-044,abemaciclib (LY2835219),dmso,3.0,µM,10.0,mM,30.0,nl,40.0,µl,trt,S7158,CDK,Cell Cycle,71576678.0,CCN1CCN(CC1)CC2=CC=C(NC3=NC(=C(F)C=N3)C4=CC(=C5N=C(C)[N](C(C)C)C5=C4)F)N=C2.C[S](O)(=O)=O,NCJPFQPEVDHJAZ-UHFFFAOYSA-N,Targeted,Preclinical,HT29,
spher-colo52-v1-ULA-PB000140-HCT116-HT29-48h-P2-L2,G20,4189,5573,PB000140,PB000140_G20,fenb,fenb,dmso,2.5,µM,10.0,mM,25.0,nl,40.0,µl,pos_con,F0040000,tubulin beta chain,,3334.0,COC(=O)NC1=NC2=C(N1)C=C(C=C2)SC3=CC=CC=C3,HDDSHPAODJUKPD-UHFFFAOYSA-N,,,HT29,
spher-colo52-v1-ULA-PB000140-HCT116-HT29-48h-P2-L2,G21,4189,5573,PB000140,PB000140_G21,colo-049,Oxaliplatin,water,3.0,µM,2.0,mM,150.0,nl,40.0,µl,trt,S1224,DNA/RNA Synthesis,DNA Damage,9887054.0,[Pt++].NC1CCCCC1N.[O-]C(=O)C([O-])=O,ZROHGHOFXNOHSO-BNTLRKBRSA-L,Cytotoxic,Launched,HT29,Platinum
spher-colo52-v1-ULA-PB000140-HCT116-HT29-48h-P2-L2,G22,4189,5573,PB000140,PB000140_G22,colo-041,"Binimetinib (MEK162, ARRY-162, ARRY-438162)",dmso,1.0,µM,1.0,mM,100.0,nl,40.0,µl,trt,S7007,MEK,MAPK,10288191.0,C[N]1C=NC2=C1C=C(C(=O)NOCCO)C(=C2F)NC3=C(F)C=C(Br)C=C3,ACWZRVQXLIRSDF-UHFFFAOYSA-N,Targeted,Launched,HT29,
spher-colo52-v1-ULA-PB000140-HCT116-HT29-48h-P2-L2,G23,4189,5573,PB000140,PB000140_G23,colo-051,AMG232 (Navtemadlin),dmso,0.3,µM,1.0,mM,30.0,nl,40.0,µl,trt,E0001,Mdm2,Apoptosis,58573469.0,CC(C)C(CS(=O)(=O)C(C)C)N1C(C(CC(C1=O)(C)CC(=O)O)C2=CC(=CC=C2)Cl)C3=CC=C(C=C3)Cl,DRLCSJFKKILATL-YWCVFVGNSA-N,Targeted,Phase 2,HT29,
spher-colo52-v1-ULA-PB000140-HCT116-HT29-48h-P2-L2,H02,4189,5573,PB000140,PB000140_H02,colo-045,Sorafenib,dmso,10.0,µM,10.0,mM,100.0,nl,40.0,µl,trt,S7397,Raf,MAPK,216239.0,CNC(=O)C1=CC(=CC=N1)OC2=CC=C(NC(=O)NC3=CC=C(Cl)C(=C3)C(F)(F)F)C=C2,MLDQJTXFUGDVEO-UHFFFAOYSA-N,Targeted,Launched,HCT116,
spher-colo52-v1-ULA-PB000140-HCT116-HT29-48h-P2-L2,H03,4189,5573,PB000140,PB000140_H03,colo-047,Navitoclax (ABT-263),dmso,0.3,µM,1.0,mM,30.0,nl,40.0,µl,trt,S1001,Bcl-2,Apoptosis,24978538.0,CC1(C)CCC(=C(CN2CCN(CC2)C3=CC=C(C=C3)C(=O)N[S](=O)(=O)C4=CC(=C(NC(CCN5CCOCC5)CSC6=CC=CC=C6)C=C4)[S](=O)(=O)C(F)(F)F)C1)C7=CC=C(Cl)C=C7,JLYAXFNOILIKPP-KXQOOQHDSA-N,Targeted,Phase 2,HCT116,
spher-colo52-v1-ULA-PB000140-HCT116-HT29-48h-P2-L2,H04,4189,5573,PB000140,PB000140_H04,colo-039,Vinorelbine Tartrate,dmso,0.03,µM,0.1,mM,30.0,nl,40.0,µl,trt,S4269,Microtubule Associated,Cytoskeletal Signaling,60779.0,CCC1=CC2CN(C1)CC3=C([NH]C4=C3C=CC=C4)C(C2)(C(=O)OC)C5=C(OC)C=C6N(C)C7C(O)(C(OC(C)=O)C8(CC)C=CCN9CCC7(C89)C6=C5)C(=O)OC.OC(C(O)C(O)=O)C(O)=O.OC(C(O)C(O)=O)C(O)=O,CILBMBUYJCWATM-NPJYPKOYSA-N,Cytotoxic,Phase 1/Phase 2,HCT116,
spher-colo52-v1-ULA-PB000140-HCT116-HT29-48h-P2-L2,H05,4189,5573,PB000140,PB000140_H05,colo-043,LGK-974,dmso,0.3,µM,1.0,mM,30.0,nl,40.0,µl,trt,S7143,Wnt/beta-catenin,Stem Cells & Wnt,46926973.0,CC1=CC(=CC=N1)C2=C(C)C=C(CC(=O)NC3=CC=C(C=N3)C4=CN=CC=N4)C=N2,XXYGTCZJJLTAGH-UHFFFAOYSA-N,Targeted,Phase 2,HCT116,
spher-colo52-v1-ULA-PB000140-HCT116-HT29-48h-P2-L2,H06,4189,5573,PB000140,PB000140_H06,colo-047,Navitoclax (ABT-263),dmso,3.0,µM,10.0,mM,30.0,nl,40.0,µl,trt,S1001,Bcl-2,Apoptosis,24978538.0,CC1(C)CCC(=C(CN2CCN(CC2)C3=CC=C(C=C3)C(=O)N[S](=O)(=O)C4=CC(=C(NC(CCN5CCOCC5)CSC6=CC=CC=C6)C=C4)[S](=O)(=O)C(F)(F)F)C1)C7=CC=C(Cl)C=C7,JLYAXFNOILIKPP-KXQOOQHDSA-N,Targeted,Phase 2,HCT116,
spher-colo52-v1-ULA-PB000140-HCT116-HT29-48h-P2-L2,H07,4189,5573,PB000140,PB000140_H07,colo-036,AZD4547,dmso,1.0,µM,1.0,mM,100.0,nl,40.0,µl,trt,S2801,FGFR,Angiogenesis,51039095.0,COC1=CC(=CC(=C1)OC)CCC2=CC(=N[NH]2)NC(=O)C3=CC=C(C=C3)N4CC(C)NC(C)C4,VRQMAABPASPXMW-HDICACEKSA-N,Targeted,Phase 2/Phase 3,HCT116,
spher-colo52-v1-ULA-PB000140-HCT116-HT29-48h-P2-L2,H08,4189,5573,PB000140,PB000140_H08,colo-038,Alpelisib (BYL719),dmso,1.0,µM,1.0,mM,100.0,nl,40.0,µl,trt,S2814,PI3K,PI3K/Akt/mTOR,56649450.0,CC1=C(SC(=N1)NC(=O)N2CCCC2C(N)=O)C3=CC(=NC=C3)C(C)(C)C(F)(F)F,STUWGJZDJHPWGZ-LBPRGKRZSA-N,Targeted,Launched,HCT116,
spher-colo52-v1-ULA-PB000140-HCT116-HT29-48h-P2-L2,H09,4189,5573,PB000140,PB000140_H09,colo-042,Taselisib (GDC 0032),dmso,0.3,µM,1.0,mM,30.0,nl,40.0,µl,trt,S7103,PI3K,PI3K/Akt/mTOR,51001932.0,CC(C)[N]1N=C(C)N=C1C2=C[N]3CCOC4=CC(=CC=C4C3=N2)C5=C[N](N=C5)C(C)(C)C(N)=O,BEUQXVWXFDOSAQ-UHFFFAOYSA-N,Targeted,Phase 3,HCT116,
spher-colo52-v1-ULA-PB000140-HCT116-HT29-48h-P2-L2,H10,4189,5573,PB000140,PB000140_H10,colo-047,Navitoclax (ABT-263),dmso,1.0,µM,1.0,mM,100.0,nl,40.0,µl,trt,S1001,Bcl-2,Apoptosis,24978538.0,CC1(C)CCC(=C(CN2CCN(CC2)C3=CC=C(C=C3)C(=O)N[S](=O)(=O)C4=CC(=C(NC(CCN5CCOCC5)CSC6=CC=CC=C6)C=C4)[S](=O)(=O)C(F)(F)F)C1)C7=CC=C(Cl)C=C7,JLYAXFNOILIKPP-KXQOOQHDSA-N,Targeted,Phase 2,HCT116,
spher-colo52-v1-ULA-PB000140-HCT116-HT29-48h-P2-L2,H11,4189,5573,PB000140,PB000140_H11,colo-045,Sorafenib,dmso,3.0,µM,10.0,mM,30.0,nl,40.0,µl,trt,S7397,Raf,MAPK,216239.0,CNC(=O)C1=CC(=CC=N1)OC2=CC=C(NC(=O)NC3=CC=C(Cl)C(=C3)C(F)(F)F)C=C2,MLDQJTXFUGDVEO-UHFFFAOYSA-N,Targeted,Launched,HCT116,
spher-colo52-v1-ULA-PB000140-HCT116-HT29-48h-P2-L2,H12,4189,5573,PB000140,PB000140_H12,dmso,dmso,dmso,0.1,µM,100.0,%,100.0,nl,40.0,µl,neg_con,D2438,control,,679.0,CS(=O)C,IAZDPXIOMUYVGZ-UHFFFAOYSA-N,,,HCT116,
spher-colo52-v1-ULA-PB000140-HCT116-HT29-48h-P2-L2,H13,4189,5573,PB000140,PB000140_H13,colo-045,Sorafenib,dmso,10.0,µM,10.0,mM,100.0,nl,40.0,µl,trt,S7397,Raf,MAPK,216239.0,CNC(=O)C1=CC(=CC=N1)OC2=CC=C(NC(=O)NC3=CC=C(Cl)C(=C3)C(F)(F)F)C=C2,MLDQJTXFUGDVEO-UHFFFAOYSA-N,Targeted,Launched,HT29,
spher-colo52-v1-ULA-PB000140-HCT116-HT29-48h-P2-L2,H14,4189,5573,PB000140,PB000140_H14,colo-047,Navitoclax (ABT-263),dmso,0.3,µM,1.0,mM,30.0,nl,40.0,µl,trt,S1001,Bcl-2,Apoptosis,24978538.0,CC1(C)CCC(=C(CN2CCN(CC2)C3=CC=C(C=C3)C(=O)N[S](=O)(=O)C4=CC(=C(NC(CCN5CCOCC5)CSC6=CC=CC=C6)C=C4)[S](=O)(=O)C(F)(F)F)C1)C7=CC=C(Cl)C=C7,JLYAXFNOILIKPP-KXQOOQHDSA-N,Targeted,Phase 2,HT29,
spher-colo52-v1-ULA-PB000140-HCT116-HT29-48h-P2-L2,H15,4189,5573,PB000140,PB000140_H15,colo-039,Vinorelbine Tartrate,dmso,0.03,µM,0.1,mM,30.0,nl,40.0,µl,trt,S4269,Microtubule Associated,Cytoskeletal Signaling,60779.0,CCC1=CC2CN(C1)CC3=C([NH]C4=C3C=CC=C4)C(C2)(C(=O)OC)C5=C(OC)C=C6N(C)C7C(O)(C(OC(C)=O)C8(CC)C=CCN9CCC7(C89)C6=C5)C(=O)OC.OC(C(O)C(O)=O)C(O)=O.OC(C(O)C(O)=O)C(O)=O,CILBMBUYJCWATM-NPJYPKOYSA-N,Cytotoxic,Phase 1/Phase 2,HT29,
spher-colo52-v1-ULA-PB000140-HCT116-HT29-48h-P2-L2,H16,4189,5573,PB000140,PB000140_H16,colo-043,LGK-974,dmso,0.3,µM,1.0,mM,30.0,nl,40.0,µl,trt,S7143,Wnt/beta-catenin,Stem Cells & Wnt,46926973.0,CC1=CC(=CC=N1)C2=C(C)C=C(CC(=O)NC3=CC=C(C=N3)C4=CN=CC=N4)C=N2,XXYGTCZJJLTAGH-UHFFFAOYSA-N,Targeted,Phase 2,HT29,
spher-colo52-v1-ULA-PB000140-HCT116-HT29-48h-P2-L2,H17,4189,5573,PB000140,PB000140_H17,colo-047,Navitoclax (ABT-263),dmso,3.0,µM,10.0,mM,30.0,nl,40.0,µl,trt,S1001,Bcl-2,Apoptosis,24978538.0,CC1(C)CCC(=C(CN2CCN(CC2)C3=CC=C(C=C3)C(=O)N[S](=O)(=O)C4=CC(=C(NC(CCN5CCOCC5)CSC6=CC=CC=C6)C=C4)[S](=O)(=O)C(F)(F)F)C1)C7=CC=C(Cl)C=C7,JLYAXFNOILIKPP-KXQOOQHDSA-N,Targeted,Phase 2,HT29,
spher-colo52-v1-ULA-PB000140-HCT116-HT29-48h-P2-L2,H18,4189,5573,PB000140,PB000140_H18,colo-036,AZD4547,dmso,1.0,µM,1.0,mM,100.0,nl,40.0,µl,trt,S2801,FGFR,Angiogenesis,51039095.0,COC1=CC(=CC(=C1)OC)CCC2=CC(=N[NH]2)NC(=O)C3=CC=C(C=C3)N4CC(C)NC(C)C4,VRQMAABPASPXMW-HDICACEKSA-N,Targeted,Phase 2/Phase 3,HT29,
spher-colo52-v1-ULA-PB000140-HCT116-HT29-48h-P2-L2,H19,4189,5573,PB000140,PB000140_H19,colo-038,Alpelisib (BYL719),dmso,1.0,µM,1.0,mM,100.0,nl,40.0,µl,trt,S2814,PI3K,PI3K/Akt/mTOR,56649450.0,CC1=C(SC(=N1)NC(=O)N2CCCC2C(N)=O)C3=CC(=NC=C3)C(C)(C)C(F)(F)F,STUWGJZDJHPWGZ-LBPRGKRZSA-N,Targeted,Launched,HT29,
spher-colo52-v1-ULA-PB000140-HCT116-HT29-48h-P2-L2,H20,4189,5573,PB000140,PB000140_H20,colo-042,Taselisib (GDC 0032),dmso,0.3,µM,1.0,mM,30.0,nl,40.0,µl,trt,S7103,PI3K,PI3K/Akt/mTOR,51001932.0,CC(C)[N]1N=C(C)N=C1C2=C[N]3CCOC4=CC(=CC=C4C3=N2)C5=C[N](N=C5)C(C)(C)C(N)=O,BEUQXVWXFDOSAQ-UHFFFAOYSA-N,Targeted,Phase 3,HT29,
spher-colo52-v1-ULA-PB000140-HCT116-HT29-48h-P2-L2,H21,4189,5573,PB000140,PB000140_H21,colo-047,Navitoclax (ABT-263),dmso,1.0,µM,1.0,mM,100.0,nl,40.0,µl,trt,S1001,Bcl-2,Apoptosis,24978538.0,CC1(C)CCC(=C(CN2CCN(CC2)C3=CC=C(C=C3)C(=O)N[S](=O)(=O)C4=CC(=C(NC(CCN5CCOCC5)CSC6=CC=CC=C6)C=C4)[S](=O)(=O)C(F)(F)F)C1)C7=CC=C(Cl)C=C7,JLYAXFNOILIKPP-KXQOOQHDSA-N,Targeted,Phase 2,HT29,
spher-colo52-v1-ULA-PB000140-HCT116-HT29-48h-P2-L2,H22,4189,5573,PB000140,PB000140_H22,colo-045,Sorafenib,dmso,3.0,µM,10.0,mM,30.0,nl,40.0,µl,trt,S7397,Raf,MAPK,216239.0,CNC(=O)C1=CC(=CC=N1)OC2=CC=C(NC(=O)NC3=CC=C(Cl)C(=C3)C(F)(F)F)C=C2,MLDQJTXFUGDVEO-UHFFFAOYSA-N,Targeted,Launched,HT29,
spher-colo52-v1-ULA-PB000140-HCT116-HT29-48h-P2-L2,H23,4189,5573,PB000140,PB000140_H23,dmso,dmso,dmso,0.1,µM,100.0,%,100.0,nl,40.0,µl,neg_con,D2438,control,,679.0,CS(=O)C,IAZDPXIOMUYVGZ-UHFFFAOYSA-N,,,HT29,
spher-colo52-v1-ULA-PB000140-HCT116-HT29-48h-P2-L2,I02,4189,5573,PB000140,PB000140_I02,colo-041,"Binimetinib (MEK162, ARRY-162, ARRY-438162)",dmso,3.0,µM,10.0,mM,30.0,nl,40.0,µl,trt,S7007,MEK,MAPK,10288191.0,C[N]1C=NC2=C1C=C(C(=O)NOCCO)C(=C2F)NC3=C(F)C=C(Br)C=C3,ACWZRVQXLIRSDF-UHFFFAOYSA-N,Targeted,Launched,HCT116,
spher-colo52-v1-ULA-PB000140-HCT116-HT29-48h-P2-L2,I03,4189,5573,PB000140,PB000140_I03,colo-038,Alpelisib (BYL719),dmso,1.0,µM,1.0,mM,100.0,nl,40.0,µl,trt,S2814,PI3K,PI3K/Akt/mTOR,56649450.0,CC1=C(SC(=N1)NC(=O)N2CCCC2C(N)=O)C3=CC(=NC=C3)C(C)(C)C(F)(F)F,STUWGJZDJHPWGZ-LBPRGKRZSA-N,Targeted,Launched,HCT116,
spher-colo52-v1-ULA-PB000140-HCT116-HT29-48h-P2-L2,I04,4189,5573,PB000140,PB000140_I04,colo-046,"Cobimetinib (GDC-0973, RG7420)",dmso,10.0,µM,10.0,mM,100.0,nl,40.0,µl,trt,S8041,MEK,MAPK,16222096.0,OC1(CN(C1)C(=O)C2=C(NC3=CC=C(I)C=C3F)C(=C(F)C=C2)F)C4CCCCN4,BSMCAPRUBJMWDF-KRWDZBQOSA-N,Targeted,Launched,HCT116,
spher-colo52-v1-ULA-PB000140-HCT116-HT29-48h-P2-L2,I05,4189,5573,PB000140,PB000140_I05,colo-038,Alpelisib (BYL719),dmso,3.0,µM,10.0,mM,30.0,nl,40.0,µl,trt,S2814,PI3K,PI3K/Akt/mTOR,56649450.0,CC1=C(SC(=N1)NC(=O)N2CCCC2C(N)=O)C3=CC(=NC=C3)C(C)(C)C(F)(F)F,STUWGJZDJHPWGZ-LBPRGKRZSA-N,Targeted,Launched,HCT116,
spher-colo52-v1-ULA-PB000140-HCT116-HT29-48h-P2-L2,I06,4189,5573,PB000140,PB000140_I06,dmso,dmso,dmso,0.1,µM,100.0,%,100.0,nl,40.0,µl,neg_con,D2438,control,,679.0,CS(=O)C,IAZDPXIOMUYVGZ-UHFFFAOYSA-N,,,HCT116,
spher-colo52-v1-ULA-PB000140-HCT116-HT29-48h-P2-L2,I07,4189,5573,PB000140,PB000140_I07,colo-051,AMG232 (Navtemadlin),dmso,3.0,µM,10.0,mM,30.0,nl,40.0,µl,trt,E0001,Mdm2,Apoptosis,58573469.0,CC(C)C(CS(=O)(=O)C(C)C)N1C(C(CC(C1=O)(C)CC(=O)O)C2=CC(=CC=C2)Cl)C3=CC=C(C=C3)Cl,DRLCSJFKKILATL-YWCVFVGNSA-N,Targeted,Phase 2,HCT116,
spher-colo52-v1-ULA-PB000140-HCT116-HT29-48h-P2-L2,I08,4189,5573,PB000140,PB000140_I08,colo-052,5Z-7-OXOZEAENOL,dmso,10.0,µM,10.0,mM,100.0,nl,40.0,µl,trt,E0002,Tak1,MAPK,329818946.0,COc1cc(O)c2C(=O)O[C@@H](C)CC=CC(=O)[C@@H](O)[C@@H](O)C\C=C\c2c1,NEQZWEXWOFPKOT-BYRRXHGESA-N,Targeted,Preclinical,HCT116,
spher-colo52-v1-ULA-PB000140-HCT116-HT29-48h-P2-L2,I09,4189,5573,PB000140,PB000140_I09,colo-046,"Cobimetinib (GDC-0973, RG7420)",dmso,0.3,µM,1.0,mM,30.0,nl,40.0,µl,trt,S8041,MEK,MAPK,16222096.0,OC1(CN(C1)C(=O)C2=C(NC3=CC=C(I)C=C3F)C(=C(F)C=C2)F)C4CCCCN4,BSMCAPRUBJMWDF-KRWDZBQOSA-N,Targeted,Launched,HCT116,
spher-colo52-v1-ULA-PB000140-HCT116-HT29-48h-P2-L2,I10,4189,5573,PB000140,PB000140_I10,colo-039,Vinorelbine Tartrate,dmso,0.1,µM,0.1,mM,100.0,nl,40.0,µl,trt,S4269,Microtubule Associated,Cytoskeletal Signaling,60779.0,CCC1=CC2CN(C1)CC3=C([NH]C4=C3C=CC=C4)C(C2)(C(=O)OC)C5=C(OC)C=C6N(C)C7C(O)(C(OC(C)=O)C8(CC)C=CCN9CCC7(C89)C6=C5)C(=O)OC.OC(C(O)C(O)=O)C(O)=O.OC(C(O)C(O)=O)C(O)=O,CILBMBUYJCWATM-NPJYPKOYSA-N,Cytotoxic,Phase 1/Phase 2,HCT116,
spher-colo52-v1-ULA-PB000140-HCT116-HT29-48h-P2-L2,I11,4189,5573,PB000140,PB000140_I11,colo-047,Navitoclax (ABT-263),dmso,10.0,µM,10.0,mM,100.0,nl,40.0,µl,trt,S1001,Bcl-2,Apoptosis,24978538.0,CC1(C)CCC(=C(CN2CCN(CC2)C3=CC=C(C=C3)C(=O)N[S](=O)(=O)C4=CC(=C(NC(CCN5CCOCC5)CSC6=CC=CC=C6)C=C4)[S](=O)(=O)C(F)(F)F)C1)C7=CC=C(Cl)C=C7,JLYAXFNOILIKPP-KXQOOQHDSA-N,Targeted,Phase 2,HCT116,
spher-colo52-v1-ULA-PB000140-HCT116-HT29-48h-P2-L2,I12,4189,5573,PB000140,PB000140_I12,colo-039,Vinorelbine Tartrate,dmso,0.003,µM,0.01,mM,30.0,nl,40.0,µl,trt,S4269,Microtubule Associated,Cytoskeletal Signaling,60779.0,CCC1=CC2CN(C1)CC3=C([NH]C4=C3C=CC=C4)C(C2)(C(=O)OC)C5=C(OC)C=C6N(C)C7C(O)(C(OC(C)=O)C8(CC)C=CCN9CCC7(C89)C6=C5)C(=O)OC.OC(C(O)C(O)=O)C(O)=O.OC(C(O)C(O)=O)C(O)=O,CILBMBUYJCWATM-NPJYPKOYSA-N,Cytotoxic,Phase 1/Phase 2,HCT116,
spher-colo52-v1-ULA-PB000140-HCT116-HT29-48h-P2-L2,I13,4189,5573,PB000140,PB000140_I13,colo-041,"Binimetinib (MEK162, ARRY-162, ARRY-438162)",dmso,3.0,µM,10.0,mM,30.0,nl,40.0,µl,trt,S7007,MEK,MAPK,10288191.0,C[N]1C=NC2=C1C=C(C(=O)NOCCO)C(=C2F)NC3=C(F)C=C(Br)C=C3,ACWZRVQXLIRSDF-UHFFFAOYSA-N,Targeted,Launched,HT29,
spher-colo52-v1-ULA-PB000140-HCT116-HT29-48h-P2-L2,I14,4189,5573,PB000140,PB000140_I14,colo-038,Alpelisib (BYL719),dmso,1.0,µM,1.0,mM,100.0,nl,40.0,µl,trt,S2814,PI3K,PI3K/Akt/mTOR,56649450.0,CC1=C(SC(=N1)NC(=O)N2CCCC2C(N)=O)C3=CC(=NC=C3)C(C)(C)C(F)(F)F,STUWGJZDJHPWGZ-LBPRGKRZSA-N,Targeted,Launched,HT29,
spher-colo52-v1-ULA-PB000140-HCT116-HT29-48h-P2-L2,I15,4189,5573,PB000140,PB000140_I15,colo-046,"Cobimetinib (GDC-0973, RG7420)",dmso,10.0,µM,10.0,mM,100.0,nl,40.0,µl,trt,S8041,MEK,MAPK,16222096.0,OC1(CN(C1)C(=O)C2=C(NC3=CC=C(I)C=C3F)C(=C(F)C=C2)F)C4CCCCN4,BSMCAPRUBJMWDF-KRWDZBQOSA-N,Targeted,Launched,HT29,
spher-colo52-v1-ULA-PB000140-HCT116-HT29-48h-P2-L2,I16,4189,5573,PB000140,PB000140_I16,colo-038,Alpelisib (BYL719),dmso,3.0,µM,10.0,mM,30.0,nl,40.0,µl,trt,S2814,PI3K,PI3K/Akt/mTOR,56649450.0,CC1=C(SC(=N1)NC(=O)N2CCCC2C(N)=O)C3=CC(=NC=C3)C(C)(C)C(F)(F)F,STUWGJZDJHPWGZ-LBPRGKRZSA-N,Targeted,Launched,HT29,
spher-colo52-v1-ULA-PB000140-HCT116-HT29-48h-P2-L2,I17,4189,5573,PB000140,PB000140_I17,dmso,dmso,dmso,0.1,µM,100.0,%,100.0,nl,40.0,µl,neg_con,D2438,control,,679.0,CS(=O)C,IAZDPXIOMUYVGZ-UHFFFAOYSA-N,,,HT29,
spher-colo52-v1-ULA-PB000140-HCT116-HT29-48h-P2-L2,I18,4189,5573,PB000140,PB000140_I18,colo-051,AMG232 (Navtemadlin),dmso,3.0,µM,10.0,mM,30.0,nl,40.0,µl,trt,E0001,Mdm2,Apoptosis,58573469.0,CC(C)C(CS(=O)(=O)C(C)C)N1C(C(CC(C1=O)(C)CC(=O)O)C2=CC(=CC=C2)Cl)C3=CC=C(C=C3)Cl,DRLCSJFKKILATL-YWCVFVGNSA-N,Targeted,Phase 2,HT29,
spher-colo52-v1-ULA-PB000140-HCT116-HT29-48h-P2-L2,I19,4189,5573,PB000140,PB000140_I19,colo-052,5Z-7-OXOZEAENOL,dmso,10.0,µM,10.0,mM,100.0,nl,40.0,µl,trt,E0002,Tak1,MAPK,329818946.0,COc1cc(O)c2C(=O)O[C@@H](C)CC=CC(=O)[C@@H](O)[C@@H](O)C\C=C\c2c1,NEQZWEXWOFPKOT-BYRRXHGESA-N,Targeted,Preclinical,HT29,
spher-colo52-v1-ULA-PB000140-HCT116-HT29-48h-P2-L2,I20,4189,5573,PB000140,PB000140_I20,colo-046,"Cobimetinib (GDC-0973, RG7420)",dmso,0.3,µM,1.0,mM,30.0,nl,40.0,µl,trt,S8041,MEK,MAPK,16222096.0,OC1(CN(C1)C(=O)C2=C(NC3=CC=C(I)C=C3F)C(=C(F)C=C2)F)C4CCCCN4,BSMCAPRUBJMWDF-KRWDZBQOSA-N,Targeted,Launched,HT29,
spher-colo52-v1-ULA-PB000140-HCT116-HT29-48h-P2-L2,I21,4189,5573,PB000140,PB000140_I21,colo-039,Vinorelbine Tartrate,dmso,0.1,µM,0.1,mM,100.0,nl,40.0,µl,trt,S4269,Microtubule Associated,Cytoskeletal Signaling,60779.0,CCC1=CC2CN(C1)CC3=C([NH]C4=C3C=CC=C4)C(C2)(C(=O)OC)C5=C(OC)C=C6N(C)C7C(O)(C(OC(C)=O)C8(CC)C=CCN9CCC7(C89)C6=C5)C(=O)OC.OC(C(O)C(O)=O)C(O)=O.OC(C(O)C(O)=O)C(O)=O,CILBMBUYJCWATM-NPJYPKOYSA-N,Cytotoxic,Phase 1/Phase 2,HT29,
spher-colo52-v1-ULA-PB000140-HCT116-HT29-48h-P2-L2,I22,4189,5573,PB000140,PB000140_I22,colo-047,Navitoclax (ABT-263),dmso,10.0,µM,10.0,mM,100.0,nl,40.0,µl,trt,S1001,Bcl-2,Apoptosis,24978538.0,CC1(C)CCC(=C(CN2CCN(CC2)C3=CC=C(C=C3)C(=O)N[S](=O)(=O)C4=CC(=C(NC(CCN5CCOCC5)CSC6=CC=CC=C6)C=C4)[S](=O)(=O)C(F)(F)F)C1)C7=CC=C(Cl)C=C7,JLYAXFNOILIKPP-KXQOOQHDSA-N,Targeted,Phase 2,HT29,
spher-colo52-v1-ULA-PB000140-HCT116-HT29-48h-P2-L2,I23,4189,5573,PB000140,PB000140_I23,colo-039,Vinorelbine Tartrate,dmso,0.003,µM,0.01,mM,30.0,nl,40.0,µl,trt,S4269,Microtubule Associated,Cytoskeletal Signaling,60779.0,CCC1=CC2CN(C1)CC3=C([NH]C4=C3C=CC=C4)C(C2)(C(=O)OC)C5=C(OC)C=C6N(C)C7C(O)(C(OC(C)=O)C8(CC)C=CCN9CCC7(C89)C6=C5)C(=O)OC.OC(C(O)C(O)=O)C(O)=O.OC(C(O)C(O)=O)C(O)=O,CILBMBUYJCWATM-NPJYPKOYSA-N,Cytotoxic,Phase 1/Phase 2,HT29,
spher-colo52-v1-ULA-PB000140-HCT116-HT29-48h-P2-L2,J02,4189,5573,PB000140,PB000140_J02,colo-045,Sorafenib,dmso,0.3,µM,1.0,mM,30.0,nl,40.0,µl,trt,S7397,Raf,MAPK,216239.0,CNC(=O)C1=CC(=CC=N1)OC2=CC=C(NC(=O)NC3=CC=C(Cl)C(=C3)C(F)(F)F)C=C2,MLDQJTXFUGDVEO-UHFFFAOYSA-N,Targeted,Launched,HCT116,
spher-colo52-v1-ULA-PB000140-HCT116-HT29-48h-P2-L2,J03,4189,5573,PB000140,PB000140_J03,colo-037,Dabrafenib (GSK2118436),dmso,3.0,µM,10.0,mM,30.0,nl,40.0,µl,trt,S2807,Raf,MAPK,44462760.0,CC(C)(C)C1=NC(=C(S1)C2=NC(=NC=C2)N)C3=C(F)C(=CC=C3)N[S](=O)(=O)C4=C(F)C=CC=C4F,BFSMGDJOXZAERB-UHFFFAOYSA-N,Targeted,Launched,HCT116,
spher-colo52-v1-ULA-PB000140-HCT116-HT29-48h-P2-L2,J04,4189,5573,PB000140,PB000140_J04,colo-044,abemaciclib (LY2835219),dmso,10.0,µM,10.0,mM,100.0,nl,40.0,µl,trt,S7158,CDK,Cell Cycle,71576678.0,CCN1CCN(CC1)CC2=CC=C(NC3=NC(=C(F)C=N3)C4=CC(=C5N=C(C)[N](C(C)C)C5=C4)F)N=C2.C[S](O)(=O)=O,NCJPFQPEVDHJAZ-UHFFFAOYSA-N,Targeted,Preclinical,HCT116,
spher-colo52-v1-ULA-PB000140-HCT116-HT29-48h-P2-L2,J05,4189,5573,PB000140,PB000140_J05,colo-052,5Z-7-OXOZEAENOL,dmso,0.3,µM,1.0,mM,30.0,nl,40.0,µl,trt,E0002,Tak1,MAPK,329818946.0,COc1cc(O)c2C(=O)O[C@@H](C)CC=CC(=O)[C@@H](O)[C@@H](O)C\C=C\c2c1,NEQZWEXWOFPKOT-BYRRXHGESA-N,Targeted,Preclinical,HCT116,
spher-colo52-v1-ULA-PB000140-HCT116-HT29-48h-P2-L2,J06,4189,5573,PB000140,PB000140_J06,colo-040,SN-38,dmso,0.03,µM,0.1,mM,30.0,nl,40.0,µl,trt,S4908,Topoisomerase,DNA Damage,104842.0,CCC1=C2CN3C(=O)C4=C(C=C3C2=NC5=C1C=C(O)C=C5)C(O)(CC)C(=O)OC4,FJHBVJOVLFPMQE-QFIPXVFZSA-N,Cytotoxic,Launched,HCT116,Topoisomerase I
spher-colo52-v1-ULA-PB000140-HCT116-HT29-48h-P2-L2,J07,4189,5573,PB000140,PB000140_J07,colo-045,Sorafenib,dmso,1.0,µM,1.0,mM,100.0,nl,40.0,µl,trt,S7397,Raf,MAPK,216239.0,CNC(=O)C1=CC(=CC=N1)OC2=CC=C(NC(=O)NC3=CC=C(Cl)C(=C3)C(F)(F)F)C=C2,MLDQJTXFUGDVEO-UHFFFAOYSA-N,Targeted,Launched,HCT116,
spher-colo52-v1-ULA-PB000140-HCT116-HT29-48h-P2-L2,J08,4189,5573,PB000140,PB000140_J08,colo-037,Dabrafenib (GSK2118436),dmso,1.0,µM,1.0,mM,100.0,nl,40.0,µl,trt,S2807,Raf,MAPK,44462760.0,CC(C)(C)C1=NC(=C(S1)C2=NC(=NC=C2)N)C3=C(F)C(=CC=C3)N[S](=O)(=O)C4=C(F)C=CC=C4F,BFSMGDJOXZAERB-UHFFFAOYSA-N,Targeted,Launched,HCT116,
spher-colo52-v1-ULA-PB000140-HCT116-HT29-48h-P2-L2,J09,4189,5573,PB000140,PB000140_J09,colo-042,Taselisib (GDC 0032),dmso,1.0,µM,1.0,mM,100.0,nl,40.0,µl,trt,S7103,PI3K,PI3K/Akt/mTOR,51001932.0,CC(C)[N]1N=C(C)N=C1C2=C[N]3CCOC4=CC(=CC=C4C3=N2)C5=C[N](N=C5)C(C)(C)C(N)=O,BEUQXVWXFDOSAQ-UHFFFAOYSA-N,Targeted,Phase 3,HCT116,
spher-colo52-v1-ULA-PB000140-HCT116-HT29-48h-P2-L2,J10,4189,5573,PB000140,PB000140_J10,colo-051,AMG232 (Navtemadlin),dmso,1.0,µM,1.0,mM,100.0,nl,40.0,µl,trt,E0001,Mdm2,Apoptosis,58573469.0,CC(C)C(CS(=O)(=O)C(C)C)N1C(C(CC(C1=O)(C)CC(=O)O)C2=CC(=CC=C2)Cl)C3=CC=C(C=C3)Cl,DRLCSJFKKILATL-YWCVFVGNSA-N,Targeted,Phase 2,HCT116,
spher-colo52-v1-ULA-PB000140-HCT116-HT29-48h-P2-L2,J11,4189,5573,PB000140,PB000140_J11,colo-046,"Cobimetinib (GDC-0973, RG7420)",dmso,3.0,µM,10.0,mM,30.0,nl,40.0,µl,trt,S8041,MEK,MAPK,16222096.0,OC1(CN(C1)C(=O)C2=C(NC3=CC=C(I)C=C3F)C(=C(F)C=C2)F)C4CCCCN4,BSMCAPRUBJMWDF-KRWDZBQOSA-N,Targeted,Launched,HCT116,
spher-colo52-v1-ULA-PB000140-HCT116-HT29-48h-P2-L2,J12,4189,5573,PB000140,PB000140_J12,colo-048,Palbociclib (PD-0332991) HCl,water,1.0,µM,1.0,mM,100.0,nl,40.0,µl,trt,S1116,CDK,Cell Cycle,11431660.0,Cl.CC(=O)C1=C(C)C2=CN=C(NC3=NC=C(C=C3)N4CCNCC4)N=C2N(C5CCCC5)C1=O,STEQOHNDWONVIF-UHFFFAOYSA-N,Targeted / Cytotoxic,Preclinical,HCT116,
spher-colo52-v1-ULA-PB000140-HCT116-HT29-48h-P2-L2,J13,4189,5573,PB000140,PB000140_J13,colo-045,Sorafenib,dmso,0.3,µM,1.0,mM,30.0,nl,40.0,µl,trt,S7397,Raf,MAPK,216239.0,CNC(=O)C1=CC(=CC=N1)OC2=CC=C(NC(=O)NC3=CC=C(Cl)C(=C3)C(F)(F)F)C=C2,MLDQJTXFUGDVEO-UHFFFAOYSA-N,Targeted,Launched,HT29,
spher-colo52-v1-ULA-PB000140-HCT116-HT29-48h-P2-L2,J14,4189,5573,PB000140,PB000140_J14,colo-037,Dabrafenib (GSK2118436),dmso,3.0,µM,10.0,mM,30.0,nl,40.0,µl,trt,S2807,Raf,MAPK,44462760.0,CC(C)(C)C1=NC(=C(S1)C2=NC(=NC=C2)N)C3=C(F)C(=CC=C3)N[S](=O)(=O)C4=C(F)C=CC=C4F,BFSMGDJOXZAERB-UHFFFAOYSA-N,Targeted,Launched,HT29,
spher-colo52-v1-ULA-PB000140-HCT116-HT29-48h-P2-L2,J15,4189,5573,PB000140,PB000140_J15,colo-044,abemaciclib (LY2835219),dmso,10.0,µM,10.0,mM,100.0,nl,40.0,µl,trt,S7158,CDK,Cell Cycle,71576678.0,CCN1CCN(CC1)CC2=CC=C(NC3=NC(=C(F)C=N3)C4=CC(=C5N=C(C)[N](C(C)C)C5=C4)F)N=C2.C[S](O)(=O)=O,NCJPFQPEVDHJAZ-UHFFFAOYSA-N,Targeted,Preclinical,HT29,
spher-colo52-v1-ULA-PB000140-HCT116-HT29-48h-P2-L2,J16,4189,5573,PB000140,PB000140_J16,colo-052,5Z-7-OXOZEAENOL,dmso,0.3,µM,1.0,mM,30.0,nl,40.0,µl,trt,E0002,Tak1,MAPK,329818946.0,COc1cc(O)c2C(=O)O[C@@H](C)CC=CC(=O)[C@@H](O)[C@@H](O)C\C=C\c2c1,NEQZWEXWOFPKOT-BYRRXHGESA-N,Targeted,Preclinical,HT29,
spher-colo52-v1-ULA-PB000140-HCT116-HT29-48h-P2-L2,J17,4189,5573,PB000140,PB000140_J17,colo-040,SN-38,dmso,0.03,µM,0.1,mM,30.0,nl,40.0,µl,trt,S4908,Topoisomerase,DNA Damage,104842.0,CCC1=C2CN3C(=O)C4=C(C=C3C2=NC5=C1C=C(O)C=C5)C(O)(CC)C(=O)OC4,FJHBVJOVLFPMQE-QFIPXVFZSA-N,Cytotoxic,Launched,HT29,Topoisomerase I
spher-colo52-v1-ULA-PB000140-HCT116-HT29-48h-P2-L2,J18,4189,5573,PB000140,PB000140_J18,colo-045,Sorafenib,dmso,1.0,µM,1.0,mM,100.0,nl,40.0,µl,trt,S7397,Raf,MAPK,216239.0,CNC(=O)C1=CC(=CC=N1)OC2=CC=C(NC(=O)NC3=CC=C(Cl)C(=C3)C(F)(F)F)C=C2,MLDQJTXFUGDVEO-UHFFFAOYSA-N,Targeted,Launched,HT29,
spher-colo52-v1-ULA-PB000140-HCT116-HT29-48h-P2-L2,J19,4189,5573,PB000140,PB000140_J19,colo-037,Dabrafenib (GSK2118436),dmso,1.0,µM,1.0,mM,100.0,nl,40.0,µl,trt,S2807,Raf,MAPK,44462760.0,CC(C)(C)C1=NC(=C(S1)C2=NC(=NC=C2)N)C3=C(F)C(=CC=C3)N[S](=O)(=O)C4=C(F)C=CC=C4F,BFSMGDJOXZAERB-UHFFFAOYSA-N,Targeted,Launched,HT29,
spher-colo52-v1-ULA-PB000140-HCT116-HT29-48h-P2-L2,J20,4189,5573,PB000140,PB000140_J20,colo-042,Taselisib (GDC 0032),dmso,1.0,µM,1.0,mM,100.0,nl,40.0,µl,trt,S7103,PI3K,PI3K/Akt/mTOR,51001932.0,CC(C)[N]1N=C(C)N=C1C2=C[N]3CCOC4=CC(=CC=C4C3=N2)C5=C[N](N=C5)C(C)(C)C(N)=O,BEUQXVWXFDOSAQ-UHFFFAOYSA-N,Targeted,Phase 3,HT29,
spher-colo52-v1-ULA-PB000140-HCT116-HT29-48h-P2-L2,J21,4189,5573,PB000140,PB000140_J21,colo-051,AMG232 (Navtemadlin),dmso,1.0,µM,1.0,mM,100.0,nl,40.0,µl,trt,E0001,Mdm2,Apoptosis,58573469.0,CC(C)C(CS(=O)(=O)C(C)C)N1C(C(CC(C1=O)(C)CC(=O)O)C2=CC(=CC=C2)Cl)C3=CC=C(C=C3)Cl,DRLCSJFKKILATL-YWCVFVGNSA-N,Targeted,Phase 2,HT29,
spher-colo52-v1-ULA-PB000140-HCT116-HT29-48h-P2-L2,J22,4189,5573,PB000140,PB000140_J22,colo-046,"Cobimetinib (GDC-0973, RG7420)",dmso,3.0,µM,10.0,mM,30.0,nl,40.0,µl,trt,S8041,MEK,MAPK,16222096.0,OC1(CN(C1)C(=O)C2=C(NC3=CC=C(I)C=C3F)C(=C(F)C=C2)F)C4CCCCN4,BSMCAPRUBJMWDF-KRWDZBQOSA-N,Targeted,Launched,HT29,
spher-colo52-v1-ULA-PB000140-HCT116-HT29-48h-P2-L2,J23,4189,5573,PB000140,PB000140_J23,colo-048,Palbociclib (PD-0332991) HCl,water,1.0,µM,1.0,mM,100.0,nl,40.0,µl,trt,S1116,CDK,Cell Cycle,11431660.0,Cl.CC(=O)C1=C(C)C2=CN=C(NC3=NC=C(C=C3)N4CCNCC4)N=C2N(C5CCCC5)C1=O,STEQOHNDWONVIF-UHFFFAOYSA-N,Targeted / Cytotoxic,Preclinical,HT29,
spher-colo52-v1-ULA-PB000140-HCT116-HT29-48h-P2-L2,K02,4189,5573,PB000140,PB000140_K02,colo-042,Taselisib (GDC 0032),dmso,3.0,µM,10.0,mM,30.0,nl,40.0,µl,trt,S7103,PI3K,PI3K/Akt/mTOR,51001932.0,CC(C)[N]1N=C(C)N=C1C2=C[N]3CCOC4=CC(=CC=C4C3=N2)C5=C[N](N=C5)C(C)(C)C(N)=O,BEUQXVWXFDOSAQ-UHFFFAOYSA-N,Targeted,Phase 3,HCT116,
spher-colo52-v1-ULA-PB000140-HCT116-HT29-48h-P2-L2,K03,4189,5573,PB000140,PB000140_K03,sorb,sorb,dmso,10.0,µM,10.0,mM,100.0,nl,40.0,µl,pos_con,S1876,inert,,5780.0,C(C(C(C(C(CO)O)O)O)O)O,FBPFZTCFMRRESA-JGWLITMVSA-N,,,HCT116,
spher-colo52-v1-ULA-PB000140-HCT116-HT29-48h-P2-L2,K04,4189,5573,PB000140,PB000140_K04,colo-036,AZD4547,dmso,10.0,µM,10.0,mM,100.0,nl,40.0,µl,trt,S2801,FGFR,Angiogenesis,51039095.0,COC1=CC(=CC(=C1)OC)CCC2=CC(=N[NH]2)NC(=O)C3=CC=C(C=C3)N4CC(C)NC(C)C4,VRQMAABPASPXMW-HDICACEKSA-N,Targeted,Phase 2/Phase 3,HCT116,
spher-colo52-v1-ULA-PB000140-HCT116-HT29-48h-P2-L2,K05,4189,5573,PB000140,PB000140_K05,colo-037,Dabrafenib (GSK2118436),dmso,0.3,µM,1.0,mM,30.0,nl,40.0,µl,trt,S2807,Raf,MAPK,44462760.0,CC(C)(C)C1=NC(=C(S1)C2=NC(=NC=C2)N)C3=C(F)C(=CC=C3)N[S](=O)(=O)C4=C(F)C=CC=C4F,BFSMGDJOXZAERB-UHFFFAOYSA-N,Targeted,Launched,HCT116,
spher-colo52-v1-ULA-PB000140-HCT116-HT29-48h-P2-L2,K06,4189,5573,PB000140,PB000140_K06,colo-051,AMG232 (Navtemadlin),dmso,0.3,µM,1.0,mM,30.0,nl,40.0,µl,trt,E0001,Mdm2,Apoptosis,58573469.0,CC(C)C(CS(=O)(=O)C(C)C)N1C(C(CC(C1=O)(C)CC(=O)O)C2=CC(=CC=C2)Cl)C3=CC=C(C=C3)Cl,DRLCSJFKKILATL-YWCVFVGNSA-N,Targeted,Phase 2,HCT116,
spher-colo52-v1-ULA-PB000140-HCT116-HT29-48h-P2-L2,K07,4189,5573,PB000140,PB000140_K07,colo-052,5Z-7-OXOZEAENOL,dmso,1.0,µM,1.0,mM,100.0,nl,40.0,µl,trt,E0002,Tak1,MAPK,329818946.0,COc1cc(O)c2C(=O)O[C@@H](C)CC=CC(=O)[C@@H](O)[C@@H](O)C\C=C\c2c1,NEQZWEXWOFPKOT-BYRRXHGESA-N,Targeted,Preclinical,HCT116,
spher-colo52-v1-ULA-PB000140-HCT116-HT29-48h-P2-L2,K08,4189,5573,PB000140,PB000140_K08,colo-036,AZD4547,dmso,10.0,µM,10.0,mM,100.0,nl,40.0,µl,trt,S2801,FGFR,Angiogenesis,51039095.0,COC1=CC(=CC(=C1)OC)CCC2=CC(=N[NH]2)NC(=O)C3=CC=C(C=C3)N4CC(C)NC(C)C4,VRQMAABPASPXMW-HDICACEKSA-N,Targeted,Phase 2/Phase 3,HCT116,
spher-colo52-v1-ULA-PB000140-HCT116-HT29-48h-P2-L2,K09,4189,5573,PB000140,PB000140_K09,dmso,dmso,dmso,0.1,µM,100.0,%,100.0,nl,40.0,µl,neg_con,D2438,control,,679.0,CS(=O)C,IAZDPXIOMUYVGZ-UHFFFAOYSA-N,,,HCT116,
spher-colo52-v1-ULA-PB000140-HCT116-HT29-48h-P2-L2,K10,4189,5573,PB000140,PB000140_K10,colo-037,Dabrafenib (GSK2118436),dmso,0.3,µM,1.0,mM,30.0,nl,40.0,µl,trt,S2807,Raf,MAPK,44462760.0,CC(C)(C)C1=NC(=C(S1)C2=NC(=NC=C2)N)C3=C(F)C(=CC=C3)N[S](=O)(=O)C4=C(F)C=CC=C4F,BFSMGDJOXZAERB-UHFFFAOYSA-N,Targeted,Launched,HCT116,
spher-colo52-v1-ULA-PB000140-HCT116-HT29-48h-P2-L2,K11,4189,5573,PB000140,PB000140_K11,colo-040,SN-38,dmso,1.0,µM,1.0,mM,100.0,nl,40.0,µl,trt,S4908,Topoisomerase,DNA Damage,104842.0,CCC1=C2CN3C(=O)C4=C(C=C3C2=NC5=C1C=C(O)C=C5)C(O)(CC)C(=O)OC4,FJHBVJOVLFPMQE-QFIPXVFZSA-N,Cytotoxic,Launched,HCT116,Topoisomerase I
spher-colo52-v1-ULA-PB000140-HCT116-HT29-48h-P2-L2,K12,4189,5573,PB000140,PB000140_K12,colo-047,Navitoclax (ABT-263),dmso,10.0,µM,10.0,mM,100.0,nl,40.0,µl,trt,S1001,Bcl-2,Apoptosis,24978538.0,CC1(C)CCC(=C(CN2CCN(CC2)C3=CC=C(C=C3)C(=O)N[S](=O)(=O)C4=CC(=C(NC(CCN5CCOCC5)CSC6=CC=CC=C6)C=C4)[S](=O)(=O)C(F)(F)F)C1)C7=CC=C(Cl)C=C7,JLYAXFNOILIKPP-KXQOOQHDSA-N,Targeted,Phase 2,HCT116,
spher-colo52-v1-ULA-PB000140-HCT116-HT29-48h-P2-L2,K13,4189,5573,PB000140,PB000140_K13,colo-042,Taselisib (GDC 0032),dmso,3.0,µM,10.0,mM,30.0,nl,40.0,µl,trt,S7103,PI3K,PI3K/Akt/mTOR,51001932.0,CC(C)[N]1N=C(C)N=C1C2=C[N]3CCOC4=CC(=CC=C4C3=N2)C5=C[N](N=C5)C(C)(C)C(N)=O,BEUQXVWXFDOSAQ-UHFFFAOYSA-N,Targeted,Phase 3,HT29,
spher-colo52-v1-ULA-PB000140-HCT116-HT29-48h-P2-L2,K14,4189,5573,PB000140,PB000140_K14,sorb,sorb,dmso,10.0,µM,10.0,mM,100.0,nl,40.0,µl,pos_con,S1876,inert,,5780.0,C(C(C(C(C(CO)O)O)O)O)O,FBPFZTCFMRRESA-JGWLITMVSA-N,,,HT29,
spher-colo52-v1-ULA-PB000140-HCT116-HT29-48h-P2-L2,K15,4189,5573,PB000140,PB000140_K15,colo-036,AZD4547,dmso,10.0,µM,10.0,mM,100.0,nl,40.0,µl,trt,S2801,FGFR,Angiogenesis,51039095.0,COC1=CC(=CC(=C1)OC)CCC2=CC(=N[NH]2)NC(=O)C3=CC=C(C=C3)N4CC(C)NC(C)C4,VRQMAABPASPXMW-HDICACEKSA-N,Targeted,Phase 2/Phase 3,HT29,
spher-colo52-v1-ULA-PB000140-HCT116-HT29-48h-P2-L2,K16,4189,5573,PB000140,PB000140_K16,colo-037,Dabrafenib (GSK2118436),dmso,0.3,µM,1.0,mM,30.0,nl,40.0,µl,trt,S2807,Raf,MAPK,44462760.0,CC(C)(C)C1=NC(=C(S1)C2=NC(=NC=C2)N)C3=C(F)C(=CC=C3)N[S](=O)(=O)C4=C(F)C=CC=C4F,BFSMGDJOXZAERB-UHFFFAOYSA-N,Targeted,Launched,HT29,
spher-colo52-v1-ULA-PB000140-HCT116-HT29-48h-P2-L2,K17,4189,5573,PB000140,PB000140_K17,colo-051,AMG232 (Navtemadlin),dmso,0.3,µM,1.0,mM,30.0,nl,40.0,µl,trt,E0001,Mdm2,Apoptosis,58573469.0,CC(C)C(CS(=O)(=O)C(C)C)N1C(C(CC(C1=O)(C)CC(=O)O)C2=CC(=CC=C2)Cl)C3=CC=C(C=C3)Cl,DRLCSJFKKILATL-YWCVFVGNSA-N,Targeted,Phase 2,HT29,
spher-colo52-v1-ULA-PB000140-HCT116-HT29-48h-P2-L2,K18,4189,5573,PB000140,PB000140_K18,colo-052,5Z-7-OXOZEAENOL,dmso,1.0,µM,1.0,mM,100.0,nl,40.0,µl,trt,E0002,Tak1,MAPK,329818946.0,COc1cc(O)c2C(=O)O[C@@H](C)CC=CC(=O)[C@@H](O)[C@@H](O)C\C=C\c2c1,NEQZWEXWOFPKOT-BYRRXHGESA-N,Targeted,Preclinical,HT29,
spher-colo52-v1-ULA-PB000140-HCT116-HT29-48h-P2-L2,K19,4189,5573,PB000140,PB000140_K19,colo-036,AZD4547,dmso,10.0,µM,10.0,mM,100.0,nl,40.0,µl,trt,S2801,FGFR,Angiogenesis,51039095.0,COC1=CC(=CC(=C1)OC)CCC2=CC(=N[NH]2)NC(=O)C3=CC=C(C=C3)N4CC(C)NC(C)C4,VRQMAABPASPXMW-HDICACEKSA-N,Targeted,Phase 2/Phase 3,HT29,
spher-colo52-v1-ULA-PB000140-HCT116-HT29-48h-P2-L2,K20,4189,5573,PB000140,PB000140_K20,dmso,dmso,dmso,0.1,µM,100.0,%,100.0,nl,40.0,µl,neg_con,D2438,control,,679.0,CS(=O)C,IAZDPXIOMUYVGZ-UHFFFAOYSA-N,,,HT29,
spher-colo52-v1-ULA-PB000140-HCT116-HT29-48h-P2-L2,K21,4189,5573,PB000140,PB000140_K21,colo-037,Dabrafenib (GSK2118436),dmso,0.3,µM,1.0,mM,30.0,nl,40.0,µl,trt,S2807,Raf,MAPK,44462760.0,CC(C)(C)C1=NC(=C(S1)C2=NC(=NC=C2)N)C3=C(F)C(=CC=C3)N[S](=O)(=O)C4=C(F)C=CC=C4F,BFSMGDJOXZAERB-UHFFFAOYSA-N,Targeted,Launched,HT29,
spher-colo52-v1-ULA-PB000140-HCT116-HT29-48h-P2-L2,K22,4189,5573,PB000140,PB000140_K22,colo-040,SN-38,dmso,1.0,µM,1.0,mM,100.0,nl,40.0,µl,trt,S4908,Topoisomerase,DNA Damage,104842.0,CCC1=C2CN3C(=O)C4=C(C=C3C2=NC5=C1C=C(O)C=C5)C(O)(CC)C(=O)OC4,FJHBVJOVLFPMQE-QFIPXVFZSA-N,Cytotoxic,Launched,HT29,Topoisomerase I
spher-colo52-v1-ULA-PB000140-HCT116-HT29-48h-P2-L2,K23,4189,5573,PB000140,PB000140_K23,colo-047,Navitoclax (ABT-263),dmso,10.0,µM,10.0,mM,100.0,nl,40.0,µl,trt,S1001,Bcl-2,Apoptosis,24978538.0,CC1(C)CCC(=C(CN2CCN(CC2)C3=CC=C(C=C3)C(=O)N[S](=O)(=O)C4=CC(=C(NC(CCN5CCOCC5)CSC6=CC=CC=C6)C=C4)[S](=O)(=O)C(F)(F)F)C1)C7=CC=C(Cl)C=C7,JLYAXFNOILIKPP-KXQOOQHDSA-N,Targeted,Phase 2,HT29,
spher-colo52-v1-ULA-PB000140-HCT116-HT29-48h-P2-L2,L02,4189,5573,PB000140,PB000140_L02,colo-046,"Cobimetinib (GDC-0973, RG7420)",dmso,1.0,µM,1.0,mM,100.0,nl,40.0,µl,trt,S8041,MEK,MAPK,16222096.0,OC1(CN(C1)C(=O)C2=C(NC3=CC=C(I)C=C3F)C(=C(F)C=C2)F)C4CCCCN4,BSMCAPRUBJMWDF-KRWDZBQOSA-N,Targeted,Launched,HCT116,
spher-colo52-v1-ULA-PB000140-HCT116-HT29-48h-P2-L2,L03,4189,5573,PB000140,PB000140_L03,colo-037,Dabrafenib (GSK2118436),dmso,10.0,µM,10.0,mM,100.0,nl,40.0,µl,trt,S2807,Raf,MAPK,44462760.0,CC(C)(C)C1=NC(=C(S1)C2=NC(=NC=C2)N)C3=C(F)C(=CC=C3)N[S](=O)(=O)C4=C(F)C=CC=C4F,BFSMGDJOXZAERB-UHFFFAOYSA-N,Targeted,Launched,HCT116,
spher-colo52-v1-ULA-PB000140-HCT116-HT29-48h-P2-L2,L04,4189,5573,PB000140,PB000140_L04,colo-050,Encorafenib (LGX818),dmso,3.0,µM,10.0,mM,30.0,nl,40.0,µl,trt,S7108,Raf,MAPK,50922675.0,CC(C)N1C=C(C(=N1)C2=C(C(=CC(=C2)Cl)NS(=O)(=O)C)F)C3=NC(=NC=C3)NCC(C)NC(=O)OC,CMJCXYNUCSMDBY-ZDUSSCGKSA-N,Targeted,Launched,HCT116,
spher-colo52-v1-ULA-PB000140-HCT116-HT29-48h-P2-L2,L05,4189,5573,PB000140,PB000140_L05,colo-048,Palbociclib (PD-0332991) HCl,water,10.0,µM,10.0,mM,100.0,nl,40.0,µl,trt,S1116,CDK,Cell Cycle,11431660.0,Cl.CC(=O)C1=C(C)C2=CN=C(NC3=NC=C(C=C3)N4CCNCC4)N=C2N(C5CCCC5)C1=O,STEQOHNDWONVIF-UHFFFAOYSA-N,Targeted / Cytotoxic,Preclinical,HCT116,
spher-colo52-v1-ULA-PB000140-HCT116-HT29-48h-P2-L2,L06,4189,5573,PB000140,PB000140_L06,colo-044,abemaciclib (LY2835219),dmso,0.3,µM,1.0,mM,30.0,nl,40.0,µl,trt,S7158,CDK,Cell Cycle,71576678.0,CCN1CCN(CC1)CC2=CC=C(NC3=NC(=C(F)C=N3)C4=CC(=C5N=C(C)[N](C(C)C)C5=C4)F)N=C2.C[S](O)(=O)=O,NCJPFQPEVDHJAZ-UHFFFAOYSA-N,Targeted,Preclinical,HCT116,
spher-colo52-v1-ULA-PB000140-HCT116-HT29-48h-P2-L2,L07,4189,5573,PB000140,PB000140_L07,colo-049,Oxaliplatin,water,1.0,µM,2.0,mM,50.0,nl,40.0,µl,trt,S1224,DNA/RNA Synthesis,DNA Damage,9887054.0,[Pt++].NC1CCCCC1N.[O-]C(=O)C([O-])=O,ZROHGHOFXNOHSO-BNTLRKBRSA-L,Cytotoxic,Launched,HCT116,Platinum
spher-colo52-v1-ULA-PB000140-HCT116-HT29-48h-P2-L2,L08,4189,5573,PB000140,PB000140_L08,colo-046,"Cobimetinib (GDC-0973, RG7420)",dmso,0.3,µM,1.0,mM,30.0,nl,40.0,µl,trt,S8041,MEK,MAPK,16222096.0,OC1(CN(C1)C(=O)C2=C(NC3=CC=C(I)C=C3F)C(=C(F)C=C2)F)C4CCCCN4,BSMCAPRUBJMWDF-KRWDZBQOSA-N,Targeted,Launched,HCT116,
spher-colo52-v1-ULA-PB000140-HCT116-HT29-48h-P2-L2,L09,4189,5573,PB000140,PB000140_L09,colo-052,5Z-7-OXOZEAENOL,dmso,3.0,µM,10.0,mM,30.0,nl,40.0,µl,trt,E0002,Tak1,MAPK,329818946.0,COc1cc(O)c2C(=O)O[C@@H](C)CC=CC(=O)[C@@H](O)[C@@H](O)C\C=C\c2c1,NEQZWEXWOFPKOT-BYRRXHGESA-N,Targeted,Preclinical,HCT116,
spher-colo52-v1-ULA-PB000140-HCT116-HT29-48h-P2-L2,L10,4189,5573,PB000140,PB000140_L10,colo-036,AZD4547,dmso,0.3,µM,1.0,mM,30.0,nl,40.0,µl,trt,S2801,FGFR,Angiogenesis,51039095.0,COC1=CC(=CC(=C1)OC)CCC2=CC(=N[NH]2)NC(=O)C3=CC=C(C=C3)N4CC(C)NC(C)C4,VRQMAABPASPXMW-HDICACEKSA-N,Targeted,Phase 2/Phase 3,HCT116,
spher-colo52-v1-ULA-PB000140-HCT116-HT29-48h-P2-L2,L11,4189,5573,PB000140,PB000140_L11,colo-050,Encorafenib (LGX818),dmso,10.0,µM,10.0,mM,100.0,nl,40.0,µl,trt,S7108,Raf,MAPK,50922675.0,CC(C)N1C=C(C(=N1)C2=C(C(=CC(=C2)Cl)NS(=O)(=O)C)F)C3=NC(=NC=C3)NCC(C)NC(=O)OC,CMJCXYNUCSMDBY-ZDUSSCGKSA-N,Targeted,Launched,HCT116,
spher-colo52-v1-ULA-PB000140-HCT116-HT29-48h-P2-L2,L12,4189,5573,PB000140,PB000140_L12,stau,stau,dmso,0.1,µM,0.1,mM,100.0,nl,40.0,µl,pos_con,HY-15141,pan protein inhibitor,,44259.0,CC12C(C(CC(O1)N3C4=CC=CC=C4C5=C6C(=C7C8=CC=CC=C8N2C7=C53)CNC6=O)NC)OC,HKSZLNNOFSGOKW-FYTWVXJKSA-N,,,HCT116,
spher-colo52-v1-ULA-PB000140-HCT116-HT29-48h-P2-L2,L13,4189,5573,PB000140,PB000140_L13,colo-046,"Cobimetinib (GDC-0973, RG7420)",dmso,1.0,µM,1.0,mM,100.0,nl,40.0,µl,trt,S8041,MEK,MAPK,16222096.0,OC1(CN(C1)C(=O)C2=C(NC3=CC=C(I)C=C3F)C(=C(F)C=C2)F)C4CCCCN4,BSMCAPRUBJMWDF-KRWDZBQOSA-N,Targeted,Launched,HT29,
spher-colo52-v1-ULA-PB000140-HCT116-HT29-48h-P2-L2,L14,4189,5573,PB000140,PB000140_L14,colo-037,Dabrafenib (GSK2118436),dmso,10.0,µM,10.0,mM,100.0,nl,40.0,µl,trt,S2807,Raf,MAPK,44462760.0,CC(C)(C)C1=NC(=C(S1)C2=NC(=NC=C2)N)C3=C(F)C(=CC=C3)N[S](=O)(=O)C4=C(F)C=CC=C4F,BFSMGDJOXZAERB-UHFFFAOYSA-N,Targeted,Launched,HT29,
spher-colo52-v1-ULA-PB000140-HCT116-HT29-48h-P2-L2,L15,4189,5573,PB000140,PB000140_L15,colo-050,Encorafenib (LGX818),dmso,3.0,µM,10.0,mM,30.0,nl,40.0,µl,trt,S7108,Raf,MAPK,50922675.0,CC(C)N1C=C(C(=N1)C2=C(C(=CC(=C2)Cl)NS(=O)(=O)C)F)C3=NC(=NC=C3)NCC(C)NC(=O)OC,CMJCXYNUCSMDBY-ZDUSSCGKSA-N,Targeted,Launched,HT29,
spher-colo52-v1-ULA-PB000140-HCT116-HT29-48h-P2-L2,L16,4189,5573,PB000140,PB000140_L16,colo-048,Palbociclib (PD-0332991) HCl,water,10.0,µM,10.0,mM,100.0,nl,40.0,µl,trt,S1116,CDK,Cell Cycle,11431660.0,Cl.CC(=O)C1=C(C)C2=CN=C(NC3=NC=C(C=C3)N4CCNCC4)N=C2N(C5CCCC5)C1=O,STEQOHNDWONVIF-UHFFFAOYSA-N,Targeted / Cytotoxic,Preclinical,HT29,
spher-colo52-v1-ULA-PB000140-HCT116-HT29-48h-P2-L2,L17,4189,5573,PB000140,PB000140_L17,colo-044,abemaciclib (LY2835219),dmso,0.3,µM,1.0,mM,30.0,nl,40.0,µl,trt,S7158,CDK,Cell Cycle,71576678.0,CCN1CCN(CC1)CC2=CC=C(NC3=NC(=C(F)C=N3)C4=CC(=C5N=C(C)[N](C(C)C)C5=C4)F)N=C2.C[S](O)(=O)=O,NCJPFQPEVDHJAZ-UHFFFAOYSA-N,Targeted,Preclinical,HT29,
spher-colo52-v1-ULA-PB000140-HCT116-HT29-48h-P2-L2,L18,4189,5573,PB000140,PB000140_L18,colo-049,Oxaliplatin,water,1.0,µM,2.0,mM,50.0,nl,40.0,µl,trt,S1224,DNA/RNA Synthesis,DNA Damage,9887054.0,[Pt++].NC1CCCCC1N.[O-]C(=O)C([O-])=O,ZROHGHOFXNOHSO-BNTLRKBRSA-L,Cytotoxic,Launched,HT29,Platinum
spher-colo52-v1-ULA-PB000140-HCT116-HT29-48h-P2-L2,L19,4189,5573,PB000140,PB000140_L19,colo-046,"Cobimetinib (GDC-0973, RG7420)",dmso,0.3,µM,1.0,mM,30.0,nl,40.0,µl,trt,S8041,MEK,MAPK,16222096.0,OC1(CN(C1)C(=O)C2=C(NC3=CC=C(I)C=C3F)C(=C(F)C=C2)F)C4CCCCN4,BSMCAPRUBJMWDF-KRWDZBQOSA-N,Targeted,Launched,HT29,
spher-colo52-v1-ULA-PB000140-HCT116-HT29-48h-P2-L2,L20,4189,5573,PB000140,PB000140_L20,colo-052,5Z-7-OXOZEAENOL,dmso,3.0,µM,10.0,mM,30.0,nl,40.0,µl,trt,E0002,Tak1,MAPK,329818946.0,COc1cc(O)c2C(=O)O[C@@H](C)CC=CC(=O)[C@@H](O)[C@@H](O)C\C=C\c2c1,NEQZWEXWOFPKOT-BYRRXHGESA-N,Targeted,Preclinical,HT29,
spher-colo52-v1-ULA-PB000140-HCT116-HT29-48h-P2-L2,L21,4189,5573,PB000140,PB000140_L21,colo-036,AZD4547,dmso,0.3,µM,1.0,mM,30.0,nl,40.0,µl,trt,S2801,FGFR,Angiogenesis,51039095.0,COC1=CC(=CC(=C1)OC)CCC2=CC(=N[NH]2)NC(=O)C3=CC=C(C=C3)N4CC(C)NC(C)C4,VRQMAABPASPXMW-HDICACEKSA-N,Targeted,Phase 2/Phase 3,HT29,
spher-colo52-v1-ULA-PB000140-HCT116-HT29-48h-P2-L2,L22,4189,5573,PB000140,PB000140_L22,colo-050,Encorafenib (LGX818),dmso,10.0,µM,10.0,mM,100.0,nl,40.0,µl,trt,S7108,Raf,MAPK,50922675.0,CC(C)N1C=C(C(=N1)C2=C(C(=CC(=C2)Cl)NS(=O)(=O)C)F)C3=NC(=NC=C3)NCC(C)NC(=O)OC,CMJCXYNUCSMDBY-ZDUSSCGKSA-N,Targeted,Launched,HT29,
spher-colo52-v1-ULA-PB000140-HCT116-HT29-48h-P2-L2,L23,4189,5573,PB000140,PB000140_L23,stau,stau,dmso,0.1,µM,0.1,mM,100.0,nl,40.0,µl,pos_con,HY-15141,pan protein inhibitor,,44259.0,CC12C(C(CC(O1)N3C4=CC=CC=C4C5=C6C(=C7C8=CC=CC=C8N2C7=C53)CNC6=O)NC)OC,HKSZLNNOFSGOKW-FYTWVXJKSA-N,,,HT29,
spher-colo52-v1-ULA-PB000140-HCT116-HT29-48h-P2-L2,M02,4189,5573,PB000140,PB000140_M02,water,water,water,0.5,µM,100.0,%,500.0,nl,40.0,µl,neg_con,,control,,,,,,,HCT116,
spher-colo52-v1-ULA-PB000140-HCT116-HT29-48h-P2-L2,M03,4189,5573,PB000140,PB000140_M03,colo-047,Navitoclax (ABT-263),dmso,0.3,µM,1.0,mM,30.0,nl,40.0,µl,trt,S1001,Bcl-2,Apoptosis,24978538.0,CC1(C)CCC(=C(CN2CCN(CC2)C3=CC=C(C=C3)C(=O)N[S](=O)(=O)C4=CC(=C(NC(CCN5CCOCC5)CSC6=CC=CC=C6)C=C4)[S](=O)(=O)C(F)(F)F)C1)C7=CC=C(Cl)C=C7,JLYAXFNOILIKPP-KXQOOQHDSA-N,Targeted,Phase 2,HCT116,
spher-colo52-v1-ULA-PB000140-HCT116-HT29-48h-P2-L2,M04,4189,5573,PB000140,PB000140_M04,colo-039,Vinorelbine Tartrate,dmso,0.003,µM,0.01,mM,30.0,nl,40.0,µl,trt,S4269,Microtubule Associated,Cytoskeletal Signaling,60779.0,CCC1=CC2CN(C1)CC3=C([NH]C4=C3C=CC=C4)C(C2)(C(=O)OC)C5=C(OC)C=C6N(C)C7C(O)(C(OC(C)=O)C8(CC)C=CCN9CCC7(C89)C6=C5)C(=O)OC.OC(C(O)C(O)=O)C(O)=O.OC(C(O)C(O)=O)C(O)=O,CILBMBUYJCWATM-NPJYPKOYSA-N,Cytotoxic,Phase 1/Phase 2,HCT116,
spher-colo52-v1-ULA-PB000140-HCT116-HT29-48h-P2-L2,M05,4189,5573,PB000140,PB000140_M05,colo-038,Alpelisib (BYL719),dmso,3.0,µM,10.0,mM,30.0,nl,40.0,µl,trt,S2814,PI3K,PI3K/Akt/mTOR,56649450.0,CC1=C(SC(=N1)NC(=O)N2CCCC2C(N)=O)C3=CC(=NC=C3)C(C)(C)C(F)(F)F,STUWGJZDJHPWGZ-LBPRGKRZSA-N,Targeted,Launched,HCT116,
spher-colo52-v1-ULA-PB000140-HCT116-HT29-48h-P2-L2,M06,4189,5573,PB000140,PB000140_M06,colo-045,Sorafenib,dmso,1.0,µM,1.0,mM,100.0,nl,40.0,µl,trt,S7397,Raf,MAPK,216239.0,CNC(=O)C1=CC(=CC=N1)OC2=CC=C(NC(=O)NC3=CC=C(Cl)C(=C3)C(F)(F)F)C=C2,MLDQJTXFUGDVEO-UHFFFAOYSA-N,Targeted,Launched,HCT116,
spher-colo52-v1-ULA-PB000140-HCT116-HT29-48h-P2-L2,M07,4189,5573,PB000140,PB000140_M07,colo-036,AZD4547,dmso,1.0,µM,1.0,mM,100.0,nl,40.0,µl,trt,S2801,FGFR,Angiogenesis,51039095.0,COC1=CC(=CC(=C1)OC)CCC2=CC(=N[NH]2)NC(=O)C3=CC=C(C=C3)N4CC(C)NC(C)C4,VRQMAABPASPXMW-HDICACEKSA-N,Targeted,Phase 2/Phase 3,HCT116,
spher-colo52-v1-ULA-PB000140-HCT116-HT29-48h-P2-L2,M08,4189,5573,PB000140,PB000140_M08,colo-039,Vinorelbine Tartrate,dmso,0.03,µM,0.1,mM,30.0,nl,40.0,µl,trt,S4269,Microtubule Associated,Cytoskeletal Signaling,60779.0,CCC1=CC2CN(C1)CC3=C([NH]C4=C3C=CC=C4)C(C2)(C(=O)OC)C5=C(OC)C=C6N(C)C7C(O)(C(OC(C)=O)C8(CC)C=CCN9CCC7(C89)C6=C5)C(=O)OC.OC(C(O)C(O)=O)C(O)=O.OC(C(O)C(O)=O)C(O)=O,CILBMBUYJCWATM-NPJYPKOYSA-N,Cytotoxic,Phase 1/Phase 2,HCT116,
spher-colo52-v1-ULA-PB000140-HCT116-HT29-48h-P2-L2,M09,4189,5573,PB000140,PB000140_M09,colo-044,abemaciclib (LY2835219),dmso,1.0,µM,1.0,mM,100.0,nl,40.0,µl,trt,S7158,CDK,Cell Cycle,71576678.0,CCN1CCN(CC1)CC2=CC=C(NC3=NC(=C(F)C=N3)C4=CC(=C5N=C(C)[N](C(C)C)C5=C4)F)N=C2.C[S](O)(=O)=O,NCJPFQPEVDHJAZ-UHFFFAOYSA-N,Targeted,Preclinical,HCT116,
spher-colo52-v1-ULA-PB000140-HCT116-HT29-48h-P2-L2,M10,4189,5573,PB000140,PB000140_M10,colo-048,Palbociclib (PD-0332991) HCl,water,3.0,µM,10.0,mM,30.0,nl,40.0,µl,trt,S1116,CDK,Cell Cycle,11431660.0,Cl.CC(=O)C1=C(C)C2=CN=C(NC3=NC=C(C=C3)N4CCNCC4)N=C2N(C5CCCC5)C1=O,STEQOHNDWONVIF-UHFFFAOYSA-N,Targeted / Cytotoxic,Preclinical,HCT116,
spher-colo52-v1-ULA-PB000140-HCT116-HT29-48h-P2-L2,M11,4189,5573,PB000140,PB000140_M11,colo-037,Dabrafenib (GSK2118436),dmso,3.0,µM,10.0,mM,30.0,nl,40.0,µl,trt,S2807,Raf,MAPK,44462760.0,CC(C)(C)C1=NC(=C(S1)C2=NC(=NC=C2)N)C3=C(F)C(=CC=C3)N[S](=O)(=O)C4=C(F)C=CC=C4F,BFSMGDJOXZAERB-UHFFFAOYSA-N,Targeted,Launched,HCT116,
spher-colo52-v1-ULA-PB000140-HCT116-HT29-48h-P2-L2,M12,4189,5573,PB000140,PB000140_M12,colo-038,Alpelisib (BYL719),dmso,0.3,µM,1.0,mM,30.0,nl,40.0,µl,trt,S2814,PI3K,PI3K/Akt/mTOR,56649450.0,CC1=C(SC(=N1)NC(=O)N2CCCC2C(N)=O)C3=CC(=NC=C3)C(C)(C)C(F)(F)F,STUWGJZDJHPWGZ-LBPRGKRZSA-N,Targeted,Launched,HCT116,
spher-colo52-v1-ULA-PB000140-HCT116-HT29-48h-P2-L2,M13,4189,5573,PB000140,PB000140_M13,water,water,water,0.5,µM,100.0,%,500.0,nl,40.0,µl,neg_con,,control,,,,,,,HT29,
spher-colo52-v1-ULA-PB000140-HCT116-HT29-48h-P2-L2,M14,4189,5573,PB000140,PB000140_M14,colo-047,Navitoclax (ABT-263),dmso,0.3,µM,1.0,mM,30.0,nl,40.0,µl,trt,S1001,Bcl-2,Apoptosis,24978538.0,CC1(C)CCC(=C(CN2CCN(CC2)C3=CC=C(C=C3)C(=O)N[S](=O)(=O)C4=CC(=C(NC(CCN5CCOCC5)CSC6=CC=CC=C6)C=C4)[S](=O)(=O)C(F)(F)F)C1)C7=CC=C(Cl)C=C7,JLYAXFNOILIKPP-KXQOOQHDSA-N,Targeted,Phase 2,HT29,
spher-colo52-v1-ULA-PB000140-HCT116-HT29-48h-P2-L2,M15,4189,5573,PB000140,PB000140_M15,colo-039,Vinorelbine Tartrate,dmso,0.003,µM,0.01,mM,30.0,nl,40.0,µl,trt,S4269,Microtubule Associated,Cytoskeletal Signaling,60779.0,CCC1=CC2CN(C1)CC3=C([NH]C4=C3C=CC=C4)C(C2)(C(=O)OC)C5=C(OC)C=C6N(C)C7C(O)(C(OC(C)=O)C8(CC)C=CCN9CCC7(C89)C6=C5)C(=O)OC.OC(C(O)C(O)=O)C(O)=O.OC(C(O)C(O)=O)C(O)=O,CILBMBUYJCWATM-NPJYPKOYSA-N,Cytotoxic,Phase 1/Phase 2,HT29,
spher-colo52-v1-ULA-PB000140-HCT116-HT29-48h-P2-L2,M16,4189,5573,PB000140,PB000140_M16,colo-038,Alpelisib (BYL719),dmso,3.0,µM,10.0,mM,30.0,nl,40.0,µl,trt,S2814,PI3K,PI3K/Akt/mTOR,56649450.0,CC1=C(SC(=N1)NC(=O)N2CCCC2C(N)=O)C3=CC(=NC=C3)C(C)(C)C(F)(F)F,STUWGJZDJHPWGZ-LBPRGKRZSA-N,Targeted,Launched,HT29,
spher-colo52-v1-ULA-PB000140-HCT116-HT29-48h-P2-L2,M17,4189,5573,PB000140,PB000140_M17,colo-045,Sorafenib,dmso,1.0,µM,1.0,mM,100.0,nl,40.0,µl,trt,S7397,Raf,MAPK,216239.0,CNC(=O)C1=CC(=CC=N1)OC2=CC=C(NC(=O)NC3=CC=C(Cl)C(=C3)C(F)(F)F)C=C2,MLDQJTXFUGDVEO-UHFFFAOYSA-N,Targeted,Launched,HT29,
spher-colo52-v1-ULA-PB000140-HCT116-HT29-48h-P2-L2,M18,4189,5573,PB000140,PB000140_M18,colo-036,AZD4547,dmso,1.0,µM,1.0,mM,100.0,nl,40.0,µl,trt,S2801,FGFR,Angiogenesis,51039095.0,COC1=CC(=CC(=C1)OC)CCC2=CC(=N[NH]2)NC(=O)C3=CC=C(C=C3)N4CC(C)NC(C)C4,VRQMAABPASPXMW-HDICACEKSA-N,Targeted,Phase 2/Phase 3,HT29,
spher-colo52-v1-ULA-PB000140-HCT116-HT29-48h-P2-L2,M19,4189,5573,PB000140,PB000140_M19,colo-039,Vinorelbine Tartrate,dmso,0.03,µM,0.1,mM,30.0,nl,40.0,µl,trt,S4269,Microtubule Associated,Cytoskeletal Signaling,60779.0,CCC1=CC2CN(C1)CC3=C([NH]C4=C3C=CC=C4)C(C2)(C(=O)OC)C5=C(OC)C=C6N(C)C7C(O)(C(OC(C)=O)C8(CC)C=CCN9CCC7(C89)C6=C5)C(=O)OC.OC(C(O)C(O)=O)C(O)=O.OC(C(O)C(O)=O)C(O)=O,CILBMBUYJCWATM-NPJYPKOYSA-N,Cytotoxic,Phase 1/Phase 2,HT29,
spher-colo52-v1-ULA-PB000140-HCT116-HT29-48h-P2-L2,M20,4189,5573,PB000140,PB000140_M20,colo-044,abemaciclib (LY2835219),dmso,1.0,µM,1.0,mM,100.0,nl,40.0,µl,trt,S7158,CDK,Cell Cycle,71576678.0,CCN1CCN(CC1)CC2=CC=C(NC3=NC(=C(F)C=N3)C4=CC(=C5N=C(C)[N](C(C)C)C5=C4)F)N=C2.C[S](O)(=O)=O,NCJPFQPEVDHJAZ-UHFFFAOYSA-N,Targeted,Preclinical,HT29,
spher-colo52-v1-ULA-PB000140-HCT116-HT29-48h-P2-L2,M21,4189,5573,PB000140,PB000140_M21,colo-048,Palbociclib (PD-0332991) HCl,water,3.0,µM,10.0,mM,30.0,nl,40.0,µl,trt,S1116,CDK,Cell Cycle,11431660.0,Cl.CC(=O)C1=C(C)C2=CN=C(NC3=NC=C(C=C3)N4CCNCC4)N=C2N(C5CCCC5)C1=O,STEQOHNDWONVIF-UHFFFAOYSA-N,Targeted / Cytotoxic,Preclinical,HT29,
spher-colo52-v1-ULA-PB000140-HCT116-HT29-48h-P2-L2,M22,4189,5573,PB000140,PB000140_M22,colo-037,Dabrafenib (GSK2118436),dmso,3.0,µM,10.0,mM,30.0,nl,40.0,µl,trt,S2807,Raf,MAPK,44462760.0,CC(C)(C)C1=NC(=C(S1)C2=NC(=NC=C2)N)C3=C(F)C(=CC=C3)N[S](=O)(=O)C4=C(F)C=CC=C4F,BFSMGDJOXZAERB-UHFFFAOYSA-N,Targeted,Launched,HT29,
spher-colo52-v1-ULA-PB000140-HCT116-HT29-48h-P2-L2,M23,4189,5573,PB000140,PB000140_M23,colo-038,Alpelisib (BYL719),dmso,0.3,µM,1.0,mM,30.0,nl,40.0,µl,trt,S2814,PI3K,PI3K/Akt/mTOR,56649450.0,CC1=C(SC(=N1)NC(=O)N2CCCC2C(N)=O)C3=CC(=NC=C3)C(C)(C)C(F)(F)F,STUWGJZDJHPWGZ-LBPRGKRZSA-N,Targeted,Launched,HT29,
spher-colo52-v1-ULA-PB000140-HCT116-HT29-48h-P2-L2,N02,4189,5573,PB000140,PB000140_N02,colo-043,LGK-974,dmso,10.0,µM,10.0,mM,100.0,nl,40.0,µl,trt,S7143,Wnt/beta-catenin,Stem Cells & Wnt,46926973.0,CC1=CC(=CC=N1)C2=C(C)C=C(CC(=O)NC3=CC=C(C=N3)C4=CN=CC=N4)C=N2,XXYGTCZJJLTAGH-UHFFFAOYSA-N,Targeted,Phase 2,HCT116,
spher-colo52-v1-ULA-PB000140-HCT116-HT29-48h-P2-L2,N03,4189,5573,PB000140,PB000140_N03,colo-044,abemaciclib (LY2835219),dmso,0.3,µM,1.0,mM,30.0,nl,40.0,µl,trt,S7158,CDK,Cell Cycle,71576678.0,CCN1CCN(CC1)CC2=CC=C(NC3=NC(=C(F)C=N3)C4=CC(=C5N=C(C)[N](C(C)C)C5=C4)F)N=C2.C[S](O)(=O)=O,NCJPFQPEVDHJAZ-UHFFFAOYSA-N,Targeted,Preclinical,HCT116,
spher-colo52-v1-ULA-PB000140-HCT116-HT29-48h-P2-L2,N04,4189,5573,PB000140,PB000140_N04,colo-050,Encorafenib (LGX818),dmso,10.0,µM,10.0,mM,100.0,nl,40.0,µl,trt,S7108,Raf,MAPK,50922675.0,CC(C)N1C=C(C(=N1)C2=C(C(=CC(=C2)Cl)NS(=O)(=O)C)F)C3=NC(=NC=C3)NCC(C)NC(=O)OC,CMJCXYNUCSMDBY-ZDUSSCGKSA-N,Targeted,Launched,HCT116,
spher-colo52-v1-ULA-PB000140-HCT116-HT29-48h-P2-L2,N05,4189,5573,PB000140,PB000140_N05,dmso,dmso,dmso,0.1,µM,100.0,%,100.0,nl,40.0,µl,neg_con,D2438,control,,679.0,CS(=O)C,IAZDPXIOMUYVGZ-UHFFFAOYSA-N,,,HCT116,
spher-colo52-v1-ULA-PB000140-HCT116-HT29-48h-P2-L2,N06,4189,5573,PB000140,PB000140_N06,colo-051,AMG232 (Navtemadlin),dmso,10.0,µM,10.0,mM,100.0,nl,40.0,µl,trt,E0001,Mdm2,Apoptosis,58573469.0,CC(C)C(CS(=O)(=O)C(C)C)N1C(C(CC(C1=O)(C)CC(=O)O)C2=CC(=CC=C2)Cl)C3=CC=C(C=C3)Cl,DRLCSJFKKILATL-YWCVFVGNSA-N,Targeted,Phase 2,HCT116,
spher-colo52-v1-ULA-PB000140-HCT116-HT29-48h-P2-L2,N07,4189,5573,PB000140,PB000140_N07,colo-042,Taselisib (GDC 0032),dmso,10.0,µM,10.0,mM,100.0,nl,40.0,µl,trt,S7103,PI3K,PI3K/Akt/mTOR,51001932.0,CC(C)[N]1N=C(C)N=C1C2=C[N]3CCOC4=CC(=CC=C4C3=N2)C5=C[N](N=C5)C(C)(C)C(N)=O,BEUQXVWXFDOSAQ-UHFFFAOYSA-N,Targeted,Phase 3,HCT116,
spher-colo52-v1-ULA-PB000140-HCT116-HT29-48h-P2-L2,N08,4189,5573,PB000140,PB000140_N08,water,water,water,0.5,µM,100.0,%,500.0,nl,40.0,µl,neg_con,,control,,,,,,,HCT116,
spher-colo52-v1-ULA-PB000140-HCT116-HT29-48h-P2-L2,N09,4189,5573,PB000140,PB000140_N09,colo-052,5Z-7-OXOZEAENOL,dmso,0.3,µM,1.0,mM,30.0,nl,40.0,µl,trt,E0002,Tak1,MAPK,329818946.0,COc1cc(O)c2C(=O)O[C@@H](C)CC=CC(=O)[C@@H](O)[C@@H](O)C\C=C\c2c1,NEQZWEXWOFPKOT-BYRRXHGESA-N,Targeted,Preclinical,HCT116,
spher-colo52-v1-ULA-PB000140-HCT116-HT29-48h-P2-L2,N10,4189,5573,PB000140,PB000140_N10,colo-036,AZD4547,dmso,0.3,µM,1.0,mM,30.0,nl,40.0,µl,trt,S2801,FGFR,Angiogenesis,51039095.0,COC1=CC(=CC(=C1)OC)CCC2=CC(=N[NH]2)NC(=O)C3=CC=C(C=C3)N4CC(C)NC(C)C4,VRQMAABPASPXMW-HDICACEKSA-N,Targeted,Phase 2/Phase 3,HCT116,
spher-colo52-v1-ULA-PB000140-HCT116-HT29-48h-P2-L2,N11,4189,5573,PB000140,PB000140_N11,colo-049,Oxaliplatin,water,0.3,µM,1.0,mM,30.0,nl,40.0,µl,trt,S1224,DNA/RNA Synthesis,DNA Damage,9887054.0,[Pt++].NC1CCCCC1N.[O-]C(=O)C([O-])=O,ZROHGHOFXNOHSO-BNTLRKBRSA-L,Cytotoxic,Launched,HCT116,Platinum
spher-colo52-v1-ULA-PB000140-HCT116-HT29-48h-P2-L2,N12,4189,5573,PB000140,PB000140_N12,colo-051,AMG232 (Navtemadlin),dmso,1.0,µM,1.0,mM,100.0,nl,40.0,µl,trt,E0001,Mdm2,Apoptosis,58573469.0,CC(C)C(CS(=O)(=O)C(C)C)N1C(C(CC(C1=O)(C)CC(=O)O)C2=CC(=CC=C2)Cl)C3=CC=C(C=C3)Cl,DRLCSJFKKILATL-YWCVFVGNSA-N,Targeted,Phase 2,HCT116,
spher-colo52-v1-ULA-PB000140-HCT116-HT29-48h-P2-L2,N13,4189,5573,PB000140,PB000140_N13,colo-043,LGK-974,dmso,10.0,µM,10.0,mM,100.0,nl,40.0,µl,trt,S7143,Wnt/beta-catenin,Stem Cells & Wnt,46926973.0,CC1=CC(=CC=N1)C2=C(C)C=C(CC(=O)NC3=CC=C(C=N3)C4=CN=CC=N4)C=N2,XXYGTCZJJLTAGH-UHFFFAOYSA-N,Targeted,Phase 2,HT29,
spher-colo52-v1-ULA-PB000140-HCT116-HT29-48h-P2-L2,N14,4189,5573,PB000140,PB000140_N14,colo-044,abemaciclib (LY2835219),dmso,0.3,µM,1.0,mM,30.0,nl,40.0,µl,trt,S7158,CDK,Cell Cycle,71576678.0,CCN1CCN(CC1)CC2=CC=C(NC3=NC(=C(F)C=N3)C4=CC(=C5N=C(C)[N](C(C)C)C5=C4)F)N=C2.C[S](O)(=O)=O,NCJPFQPEVDHJAZ-UHFFFAOYSA-N,Targeted,Preclinical,HT29,
spher-colo52-v1-ULA-PB000140-HCT116-HT29-48h-P2-L2,N15,4189,5573,PB000140,PB000140_N15,colo-050,Encorafenib (LGX818),dmso,10.0,µM,10.0,mM,100.0,nl,40.0,µl,trt,S7108,Raf,MAPK,50922675.0,CC(C)N1C=C(C(=N1)C2=C(C(=CC(=C2)Cl)NS(=O)(=O)C)F)C3=NC(=NC=C3)NCC(C)NC(=O)OC,CMJCXYNUCSMDBY-ZDUSSCGKSA-N,Targeted,Launched,HT29,
spher-colo52-v1-ULA-PB000140-HCT116-HT29-48h-P2-L2,N16,4189,5573,PB000140,PB000140_N16,dmso,dmso,dmso,0.1,µM,100.0,%,100.0,nl,40.0,µl,neg_con,D2438,control,,679.0,CS(=O)C,IAZDPXIOMUYVGZ-UHFFFAOYSA-N,,,HT29,
spher-colo52-v1-ULA-PB000140-HCT116-HT29-48h-P2-L2,N17,4189,5573,PB000140,PB000140_N17,colo-051,AMG232 (Navtemadlin),dmso,10.0,µM,10.0,mM,100.0,nl,40.0,µl,trt,E0001,Mdm2,Apoptosis,58573469.0,CC(C)C(CS(=O)(=O)C(C)C)N1C(C(CC(C1=O)(C)CC(=O)O)C2=CC(=CC=C2)Cl)C3=CC=C(C=C3)Cl,DRLCSJFKKILATL-YWCVFVGNSA-N,Targeted,Phase 2,HT29,
spher-colo52-v1-ULA-PB000140-HCT116-HT29-48h-P2-L2,N18,4189,5573,PB000140,PB000140_N18,colo-042,Taselisib (GDC 0032),dmso,10.0,µM,10.0,mM,100.0,nl,40.0,µl,trt,S7103,PI3K,PI3K/Akt/mTOR,51001932.0,CC(C)[N]1N=C(C)N=C1C2=C[N]3CCOC4=CC(=CC=C4C3=N2)C5=C[N](N=C5)C(C)(C)C(N)=O,BEUQXVWXFDOSAQ-UHFFFAOYSA-N,Targeted,Phase 3,HT29,
spher-colo52-v1-ULA-PB000140-HCT116-HT29-48h-P2-L2,N19,4189,5573,PB000140,PB000140_N19,water,water,water,0.5,µM,100.0,%,500.0,nl,40.0,µl,neg_con,,control,,,,,,,HT29,
spher-colo52-v1-ULA-PB000140-HCT116-HT29-48h-P2-L2,N20,4189,5573,PB000140,PB000140_N20,colo-052,5Z-7-OXOZEAENOL,dmso,0.3,µM,1.0,mM,30.0,nl,40.0,µl,trt,E0002,Tak1,MAPK,329818946.0,COc1cc(O)c2C(=O)O[C@@H](C)CC=CC(=O)[C@@H](O)[C@@H](O)C\C=C\c2c1,NEQZWEXWOFPKOT-BYRRXHGESA-N,Targeted,Preclinical,HT29,
spher-colo52-v1-ULA-PB000140-HCT116-HT29-48h-P2-L2,N21,4189,5573,PB000140,PB000140_N21,colo-036,AZD4547,dmso,0.3,µM,1.0,mM,30.0,nl,40.0,µl,trt,S2801,FGFR,Angiogenesis,51039095.0,COC1=CC(=CC(=C1)OC)CCC2=CC(=N[NH]2)NC(=O)C3=CC=C(C=C3)N4CC(C)NC(C)C4,VRQMAABPASPXMW-HDICACEKSA-N,Targeted,Phase 2/Phase 3,HT29,
spher-colo52-v1-ULA-PB000140-HCT116-HT29-48h-P2-L2,N22,4189,5573,PB000140,PB000140_N22,colo-049,Oxaliplatin,water,0.3,µM,1.0,mM,30.0,nl,40.0,µl,trt,S1224,DNA/RNA Synthesis,DNA Damage,9887054.0,[Pt++].NC1CCCCC1N.[O-]C(=O)C([O-])=O,ZROHGHOFXNOHSO-BNTLRKBRSA-L,Cytotoxic,Launched,HT29,Platinum
spher-colo52-v1-ULA-PB000140-HCT116-HT29-48h-P2-L2,N23,4189,5573,PB000140,PB000140_N23,colo-051,AMG232 (Navtemadlin),dmso,1.0,µM,1.0,mM,100.0,nl,40.0,µl,trt,E0001,Mdm2,Apoptosis,58573469.0,CC(C)C(CS(=O)(=O)C(C)C)N1C(C(CC(C1=O)(C)CC(=O)O)C2=CC(=CC=C2)Cl)C3=CC=C(C=C3)Cl,DRLCSJFKKILATL-YWCVFVGNSA-N,Targeted,Phase 2,HT29,
spher-colo52-v1-ULA-PB000140-HCT116-HT29-48h-P2-L2,O02,4189,5573,PB000140,PB000140_O02,colo-042,Taselisib (GDC 0032),dmso,10.0,µM,10.0,mM,100.0,nl,40.0,µl,trt,S7103,PI3K,PI3K/Akt/mTOR,51001932.0,CC(C)[N]1N=C(C)N=C1C2=C[N]3CCOC4=CC(=CC=C4C3=N2)C5=C[N](N=C5)C(C)(C)C(N)=O,BEUQXVWXFDOSAQ-UHFFFAOYSA-N,Targeted,Phase 3,HCT116,
spher-colo52-v1-ULA-PB000140-HCT116-HT29-48h-P2-L2,O03,4189,5573,PB000140,PB000140_O03,colo-051,AMG232 (Navtemadlin),dmso,3.0,µM,10.0,mM,30.0,nl,40.0,µl,trt,E0001,Mdm2,Apoptosis,58573469.0,CC(C)C(CS(=O)(=O)C(C)C)N1C(C(CC(C1=O)(C)CC(=O)O)C2=CC(=CC=C2)Cl)C3=CC=C(C=C3)Cl,DRLCSJFKKILATL-YWCVFVGNSA-N,Targeted,Phase 2,HCT116,
spher-colo52-v1-ULA-PB000140-HCT116-HT29-48h-P2-L2,O04,4189,5573,PB000140,PB000140_O04,colo-049,Oxaliplatin,water,1.0,µM,2.0,mM,50.0,nl,40.0,µl,trt,S1224,DNA/RNA Synthesis,DNA Damage,9887054.0,[Pt++].NC1CCCCC1N.[O-]C(=O)C([O-])=O,ZROHGHOFXNOHSO-BNTLRKBRSA-L,Cytotoxic,Launched,HCT116,Platinum
spher-colo52-v1-ULA-PB000140-HCT116-HT29-48h-P2-L2,O05,4189,5573,PB000140,PB000140_O05,colo-037,Dabrafenib (GSK2118436),dmso,1.0,µM,1.0,mM,100.0,nl,40.0,µl,trt,S2807,Raf,MAPK,44462760.0,CC(C)(C)C1=NC(=C(S1)C2=NC(=NC=C2)N)C3=C(F)C(=CC=C3)N[S](=O)(=O)C4=C(F)C=CC=C4F,BFSMGDJOXZAERB-UHFFFAOYSA-N,Targeted,Launched,HCT116,
spher-colo52-v1-ULA-PB000140-HCT116-HT29-48h-P2-L2,O06,4189,5573,PB000140,PB000140_O06,colo-052,5Z-7-OXOZEAENOL,dmso,10.0,µM,10.0,mM,100.0,nl,40.0,µl,trt,E0002,Tak1,MAPK,329818946.0,COc1cc(O)c2C(=O)O[C@@H](C)CC=CC(=O)[C@@H](O)[C@@H](O)C\C=C\c2c1,NEQZWEXWOFPKOT-BYRRXHGESA-N,Targeted,Preclinical,HCT116,
spher-colo52-v1-ULA-PB000140-HCT116-HT29-48h-P2-L2,O07,4189,5573,PB000140,PB000140_O07,dmso,dmso,dmso,0.1,µM,100.0,%,100.0,nl,40.0,µl,neg_con,D2438,control,,679.0,CS(=O)C,IAZDPXIOMUYVGZ-UHFFFAOYSA-N,,,HCT116,
spher-colo52-v1-ULA-PB000140-HCT116-HT29-48h-P2-L2,O08,4189,5573,PB000140,PB000140_O08,colo-049,Oxaliplatin,water,10.0,µM,2.0,mM,500.0,nl,40.0,µl,trt,S1224,DNA/RNA Synthesis,DNA Damage,9887054.0,[Pt++].NC1CCCCC1N.[O-]C(=O)C([O-])=O,ZROHGHOFXNOHSO-BNTLRKBRSA-L,Cytotoxic,Launched,HCT116,Platinum
spher-colo52-v1-ULA-PB000140-HCT116-HT29-48h-P2-L2,O09,4189,5573,PB000140,PB000140_O09,colo-051,AMG232 (Navtemadlin),dmso,10.0,µM,10.0,mM,100.0,nl,40.0,µl,trt,E0001,Mdm2,Apoptosis,58573469.0,CC(C)C(CS(=O)(=O)C(C)C)N1C(C(CC(C1=O)(C)CC(=O)O)C2=CC(=CC=C2)Cl)C3=CC=C(C=C3)Cl,DRLCSJFKKILATL-YWCVFVGNSA-N,Targeted,Phase 2,HCT116,
spher-colo52-v1-ULA-PB000140-HCT116-HT29-48h-P2-L2,O10,4189,5573,PB000140,PB000140_O10,colo-041,"Binimetinib (MEK162, ARRY-162, ARRY-438162)",dmso,0.3,µM,1.0,mM,30.0,nl,40.0,µl,trt,S7007,MEK,MAPK,10288191.0,C[N]1C=NC2=C1C=C(C(=O)NOCCO)C(=C2F)NC3=C(F)C=C(Br)C=C3,ACWZRVQXLIRSDF-UHFFFAOYSA-N,Targeted,Launched,HCT116,
spher-colo52-v1-ULA-PB000140-HCT116-HT29-48h-P2-L2,O11,4189,5573,PB000140,PB000140_O11,dmso,dmso,dmso,0.1,µM,100.0,%,100.0,nl,40.0,µl,neg_con,D2438,control,,679.0,CS(=O)C,IAZDPXIOMUYVGZ-UHFFFAOYSA-N,,,HCT116,
spher-colo52-v1-ULA-PB000140-HCT116-HT29-48h-P2-L2,O12,4189,5573,PB000140,PB000140_O12,colo-045,Sorafenib,dmso,10.0,µM,10.0,mM,100.0,nl,40.0,µl,trt,S7397,Raf,MAPK,216239.0,CNC(=O)C1=CC(=CC=N1)OC2=CC=C(NC(=O)NC3=CC=C(Cl)C(=C3)C(F)(F)F)C=C2,MLDQJTXFUGDVEO-UHFFFAOYSA-N,Targeted,Launched,HCT116,
spher-colo52-v1-ULA-PB000140-HCT116-HT29-48h-P2-L2,O13,4189,5573,PB000140,PB000140_O13,colo-042,Taselisib (GDC 0032),dmso,10.0,µM,10.0,mM,100.0,nl,40.0,µl,trt,S7103,PI3K,PI3K/Akt/mTOR,51001932.0,CC(C)[N]1N=C(C)N=C1C2=C[N]3CCOC4=CC(=CC=C4C3=N2)C5=C[N](N=C5)C(C)(C)C(N)=O,BEUQXVWXFDOSAQ-UHFFFAOYSA-N,Targeted,Phase 3,HT29,
spher-colo52-v1-ULA-PB000140-HCT116-HT29-48h-P2-L2,O14,4189,5573,PB000140,PB000140_O14,colo-051,AMG232 (Navtemadlin),dmso,3.0,µM,10.0,mM,30.0,nl,40.0,µl,trt,E0001,Mdm2,Apoptosis,58573469.0,CC(C)C(CS(=O)(=O)C(C)C)N1C(C(CC(C1=O)(C)CC(=O)O)C2=CC(=CC=C2)Cl)C3=CC=C(C=C3)Cl,DRLCSJFKKILATL-YWCVFVGNSA-N,Targeted,Phase 2,HT29,
spher-colo52-v1-ULA-PB000140-HCT116-HT29-48h-P2-L2,O15,4189,5573,PB000140,PB000140_O15,colo-049,Oxaliplatin,water,1.0,µM,2.0,mM,50.0,nl,40.0,µl,trt,S1224,DNA/RNA Synthesis,DNA Damage,9887054.0,[Pt++].NC1CCCCC1N.[O-]C(=O)C([O-])=O,ZROHGHOFXNOHSO-BNTLRKBRSA-L,Cytotoxic,Launched,HT29,Platinum
spher-colo52-v1-ULA-PB000140-HCT116-HT29-48h-P2-L2,O16,4189,5573,PB000140,PB000140_O16,colo-037,Dabrafenib (GSK2118436),dmso,1.0,µM,1.0,mM,100.0,nl,40.0,µl,trt,S2807,Raf,MAPK,44462760.0,CC(C)(C)C1=NC(=C(S1)C2=NC(=NC=C2)N)C3=C(F)C(=CC=C3)N[S](=O)(=O)C4=C(F)C=CC=C4F,BFSMGDJOXZAERB-UHFFFAOYSA-N,Targeted,Launched,HT29,
spher-colo52-v1-ULA-PB000140-HCT116-HT29-48h-P2-L2,O17,4189,5573,PB000140,PB000140_O17,colo-052,5Z-7-OXOZEAENOL,dmso,10.0,µM,10.0,mM,100.0,nl,40.0,µl,trt,E0002,Tak1,MAPK,329818946.0,COc1cc(O)c2C(=O)O[C@@H](C)CC=CC(=O)[C@@H](O)[C@@H](O)C\C=C\c2c1,NEQZWEXWOFPKOT-BYRRXHGESA-N,Targeted,Preclinical,HT29,
spher-colo52-v1-ULA-PB000140-HCT116-HT29-48h-P2-L2,O18,4189,5573,PB000140,PB000140_O18,dmso,dmso,dmso,0.1,µM,100.0,%,100.0,nl,40.0,µl,neg_con,D2438,control,,679.0,CS(=O)C,IAZDPXIOMUYVGZ-UHFFFAOYSA-N,,,HT29,
spher-colo52-v1-ULA-PB000140-HCT116-HT29-48h-P2-L2,O19,4189,5573,PB000140,PB000140_O19,colo-049,Oxaliplatin,water,10.0,µM,2.0,mM,500.0,nl,40.0,µl,trt,S1224,DNA/RNA Synthesis,DNA Damage,9887054.0,[Pt++].NC1CCCCC1N.[O-]C(=O)C([O-])=O,ZROHGHOFXNOHSO-BNTLRKBRSA-L,Cytotoxic,Launched,HT29,Platinum
spher-colo52-v1-ULA-PB000140-HCT116-HT29-48h-P2-L2,O20,4189,5573,PB000140,PB000140_O20,colo-051,AMG232 (Navtemadlin),dmso,10.0,µM,10.0,mM,100.0,nl,40.0,µl,trt,E0001,Mdm2,Apoptosis,58573469.0,CC(C)C(CS(=O)(=O)C(C)C)N1C(C(CC(C1=O)(C)CC(=O)O)C2=CC(=CC=C2)Cl)C3=CC=C(C=C3)Cl,DRLCSJFKKILATL-YWCVFVGNSA-N,Targeted,Phase 2,HT29,
spher-colo52-v1-ULA-PB000140-HCT116-HT29-48h-P2-L2,O21,4189,5573,PB000140,PB000140_O21,colo-041,"Binimetinib (MEK162, ARRY-162, ARRY-438162)",dmso,0.3,µM,1.0,mM,30.0,nl,40.0,µl,trt,S7007,MEK,MAPK,10288191.0,C[N]1C=NC2=C1C=C(C(=O)NOCCO)C(=C2F)NC3=C(F)C=C(Br)C=C3,ACWZRVQXLIRSDF-UHFFFAOYSA-N,Targeted,Launched,HT29,
spher-colo52-v1-ULA-PB000140-HCT116-HT29-48h-P2-L2,O22,4189,5573,PB000140,PB000140_O22,dmso,dmso,dmso,0.1,µM,100.0,%,100.0,nl,40.0,µl,neg_con,D2438,control,,679.0,CS(=O)C,IAZDPXIOMUYVGZ-UHFFFAOYSA-N,,,HT29,
spher-colo52-v1-ULA-PB000140-HCT116-HT29-48h-P2-L2,O23,4189,5573,PB000140,PB000140_O23,colo-045,Sorafenib,dmso,10.0,µM,10.0,mM,100.0,nl,40.0,µl,trt,S7397,Raf,MAPK,216239.0,CNC(=O)C1=CC(=CC=N1)OC2=CC=C(NC(=O)NC3=CC=C(Cl)C(=C3)C(F)(F)F)C=C2,MLDQJTXFUGDVEO-UHFFFAOYSA-N,Targeted,Launched,HT29,
spher-colo52-v1-ULA-PB000142-HT29-48h-P2-L1,B02,4191,5574,PB000142,PB000142_B02,colo-006,PD0325901,dmso,3.0,µM,10.0,mM,30.0,nl,40.0,µl,trt,S1036,MEK,MAPK,9826528.0,OCC(O)CONC(=O)C1=C(NC2=CC=C(I)C=C2F)C(=C(F)C=C1)F,SUDAHWBOROXANE-SECBINFHSA-N,Targeted,Phase 2,HT29,
spher-colo52-v1-ULA-PB000142-HT29-48h-P2-L1,B03,4191,5574,PB000142,PB000142_B03,colo-018,Paclitaxel,dmso,0.1,µM,0.1,mM,100.0,nl,40.0,µl,trt,S1150,"Autophagy,Microtubule Associated",Cytoskeletal Signaling,441276.0,CC(=O)OC1C(=O)C2(C)C(O)CC3OCC3(OC(C)=O)C2C(OC(=O)C4=CC=CC=C4)C5(O)CC(OC(=O)C(O)C(NC(=O)C6=CC=CC=C6)C7=CC=CC=C7)C(=C1C5(C)C)C,RCINICONZNJXQF-VAZQATRQSA-N,Cytotoxic,Preclinical,HT29,
spher-colo52-v1-ULA-PB000142-HT29-48h-P2-L1,B04,4191,5574,PB000142,PB000142_B04,colo-009,"Olaparib (AZD2281, Ku-0059436)",dmso,3.0,µM,10.0,mM,30.0,nl,40.0,µl,trt,S1060,PARP,DNA Damage,23725625.0,FC1=C(C=C(CC2=NNC(=O)C3=C2C=CC=C3)C=C1)C(=O)N4CCN(CC4)C(=O)C5CC5,FDLYAMZZIXQODN-UHFFFAOYSA-N,Targeted,Launched,HT29,PARPi
spher-colo52-v1-ULA-PB000142-HT29-48h-P2-L1,B05,4191,5574,PB000142,PB000142_B05,colo-012,SB216763,dmso,10.0,µM,10.0,mM,100.0,nl,40.0,µl,trt,S1075,GSK-3,PI3K/Akt/mTOR,176158.0,C[N]1C=C(C2=C1C=CC=C2)C3=C(C(=O)NC3=O)C4=CC=C(Cl)C=C4Cl,JCSGFHVFHSKIJH-UHFFFAOYSA-N,Targeted,Preclinical,HT29,
spher-colo52-v1-ULA-PB000142-HT29-48h-P2-L1,B06,4191,5574,PB000142,PB000142_B06,colo-008,"Vorinostat (SAHA, MK0683)",dmso,3.0,µM,10.0,mM,30.0,nl,40.0,µl,trt,S1047,"Autophagy,HDAC",Epigenetics,5311.0,ONC(=O)CCCCCCC(=O)NC1=CC=CC=C1,WAEXFXRVDQXREF-UHFFFAOYSA-N,Targeted,Launched,HT29,
spher-colo52-v1-ULA-PB000142-HT29-48h-P2-L1,B07,4191,5574,PB000142,PB000142_B07,colo-025,AZD7762,dmso,10.0,µM,10.0,mM,100.0,nl,40.0,µl,trt,S1532,Chk,Cell Cycle,11152667.0,NC(=O)NC1=C(SC(=C1)C2=CC(=CC=C2)F)C(=O)NC3CCCNC3,IAYGCINLNONXHY-LBPRGKRZSA-N,Targeted,Phase 1,HT29,
spher-colo52-v1-ULA-PB000142-HT29-48h-P2-L1,B08,4191,5574,PB000142,PB000142_B08,sorb,sorb,dmso,10.0,µM,10.0,mM,100.0,nl,40.0,µl,pos_con,S1876,inert,,5780.0,C(C(C(C(C(CO)O)O)O)O)O,FBPFZTCFMRRESA-JGWLITMVSA-N,,,HT29,
spher-colo52-v1-ULA-PB000142-HT29-48h-P2-L1,B09,4191,5574,PB000142,PB000142_B09,colo-015,Triciribine,dmso,0.3,µM,1.0,mM,30.0,nl,40.0,µl,trt,S1117,Akt,PI3K/Akt/mTOR,65399.0,CN1N=C(N)C2=C[N](C3OC(CO)C(O)C3O)C4=C2C1=NC=N4,HOGVTUZUJGHKPL-HTVVRFAVSA-N,Targeted,Phase 1/Phase 2,HT29,
spher-colo52-v1-ULA-PB000142-HT29-48h-P2-L1,B10,4191,5574,PB000142,PB000142_B10,colo-027,Doramapimod (BIRB 796),dmso,10.0,µM,10.0,mM,100.0,nl,40.0,µl,trt,S1574,p38 MAPK,MAPK,156422.0,CC1=CC=C(C=C1)[N]2N=C(C=C2NC(=O)NC3=CC=C(OCCN4CCOCC4)C5=C3C=CC=C5)C(C)(C)C,MVCOAUNKQVWQHZ-UHFFFAOYSA-N,Targeted,Phase 2,HT29,
spher-colo52-v1-ULA-PB000142-HT29-48h-P2-L1,B11,4191,5574,PB000142,PB000142_B11,colo-032,Phenformin HCl,dmso,10.0,µM,10.0,mM,100.0,nl,40.0,µl,trt,S2542,AMPK,PI3K/Akt/mTOR,13266.0,Cl.NC(=N)NC(=N)NCCC1=CC=CC=C1,YSUCWSWKRIOILX-UHFFFAOYSA-N,,Launched,HT29,
spher-colo52-v1-ULA-PB000142-HT29-48h-P2-L1,B12,4191,5574,PB000142,PB000142_B12,colo-003,Afatinib (BIBW2992),dmso,0.3,µM,1.0,mM,30.0,nl,40.0,µl,trt,S1011,"EGFR,HER2",Protein Tyrosine Kinase,10184653.0,CN(C)C/C=C/C(=O)NC1=CC2=C(NC3=CC=C(F)C(=C3)Cl)N=CN=C2C=C1OC4CCOC4,ULXXDDBFHOBEHA-CWDCEQMOSA-N,Targeted,Launched,HT29,
spher-colo52-v1-ULA-PB000142-HT29-48h-P2-L1,B13,4191,5574,PB000142,PB000142_B13,colo-012,SB216763,dmso,0.3,µM,1.0,mM,30.0,nl,40.0,µl,trt,S1075,GSK-3,PI3K/Akt/mTOR,176158.0,C[N]1C=C(C2=C1C=CC=C2)C3=C(C(=O)NC3=O)C4=CC=C(Cl)C=C4Cl,JCSGFHVFHSKIJH-UHFFFAOYSA-N,Targeted,Preclinical,HT29,
spher-colo52-v1-ULA-PB000142-HT29-48h-P2-L1,B14,4191,5574,PB000142,PB000142_B14,colo-010,Nutlin-3,dmso,10.0,µM,10.0,mM,100.0,nl,40.0,µl,trt,S1061,"E3 Ligase ,Mdm2",Apoptosis,216345.0,COC1=CC(=C(C=C1)C2=NC(C(N2C(=O)N3CCNC(=O)C3)C4=CC=C(Cl)C=C4)C5=CC=C(Cl)C=C5)OC(C)C,BDUHCSBCVGXTJM-UHFFFAOYSA-N,Targeted,Preclinical,HT29,
spher-colo52-v1-ULA-PB000142-HT29-48h-P2-L1,B15,4191,5574,PB000142,PB000142_B15,colo-029,Trifluridine,dmso,1.0,µM,1.0,mM,100.0,nl,40.0,µl,trt,S1778,DNA/RNA Synthesis,DNA Damage,6256.0,OCC1OC(CC1O)N2C=C(C(=O)NC2=O)C(F)(F)F,VSQQQLOSPVPRAZ-RRKCRQDMSA-N,Cytotoxic,Launched,HT29,Antimetabolite
spher-colo52-v1-ULA-PB000142-HT29-48h-P2-L1,B16,4191,5574,PB000142,PB000142_B16,colo-013,MK-2206 2HCl,dmso,3.0,µM,10.0,mM,30.0,nl,40.0,µl,trt,S1078,Akt,PI3K/Akt/mTOR,46930998.0,Cl.Cl.NC1(CCC1)C2=CC=C(C=C2)C3=C(C=C4C(=N3)C=CN5C(=O)NN=C45)C6=CC=CC=C6,HWUHTJIKQZZBRA-UHFFFAOYSA-N,Targeted,Preclinical,HT29,
spher-colo52-v1-ULA-PB000142-HT29-48h-P2-L1,B17,4191,5574,PB000142,PB000142_B17,colo-006,PD0325901,dmso,1.0,µM,1.0,mM,100.0,nl,40.0,µl,trt,S1036,MEK,MAPK,9826528.0,OCC(O)CONC(=O)C1=C(NC2=CC=C(I)C=C2F)C(=C(F)C=C1)F,SUDAHWBOROXANE-SECBINFHSA-N,Targeted,Phase 2,HT29,
spher-colo52-v1-ULA-PB000142-HT29-48h-P2-L1,B18,4191,5574,PB000142,PB000142_B18,colo-013,MK-2206 2HCl,dmso,0.3,µM,1.0,mM,30.0,nl,40.0,µl,trt,S1078,Akt,PI3K/Akt/mTOR,46930998.0,Cl.Cl.NC1(CCC1)C2=CC=C(C=C2)C3=C(C=C4C(=N3)C=CN5C(=O)NN=C45)C6=CC=CC=C6,HWUHTJIKQZZBRA-UHFFFAOYSA-N,Targeted,Preclinical,HT29,
spher-colo52-v1-ULA-PB000142-HT29-48h-P2-L1,B19,4191,5574,PB000142,PB000142_B19,colo-029,Trifluridine,dmso,10.0,µM,10.0,mM,100.0,nl,40.0,µl,trt,S1778,DNA/RNA Synthesis,DNA Damage,6256.0,OCC1OC(CC1O)N2C=C(C(=O)NC2=O)C(F)(F)F,VSQQQLOSPVPRAZ-RRKCRQDMSA-N,Cytotoxic,Launched,HT29,Antimetabolite
spher-colo52-v1-ULA-PB000142-HT29-48h-P2-L1,B20,4191,5574,PB000142,PB000142_B20,colo-012,SB216763,dmso,0.3,µM,1.0,mM,30.0,nl,40.0,µl,trt,S1075,GSK-3,PI3K/Akt/mTOR,176158.0,C[N]1C=C(C2=C1C=CC=C2)C3=C(C(=O)NC3=O)C4=CC=C(Cl)C=C4Cl,JCSGFHVFHSKIJH-UHFFFAOYSA-N,Targeted,Preclinical,HT29,
spher-colo52-v1-ULA-PB000142-HT29-48h-P2-L1,B21,4191,5574,PB000142,PB000142_B21,colo-035,Trametinib (GSK1120212),dmso,0.1,µM,0.1,mM,100.0,nl,40.0,µl,trt,S2673,MEK,MAPK,11707110.0,CN1C(=O)C(=C2N(C(=O)N(C3CC3)C(=O)C2=C1NC4=CC=C(I)C=C4F)C5=CC(=CC=C5)NC(C)=O)C,LIRYPHYGHXZJBZ-UHFFFAOYSA-N,Targeted,Launched,HT29,
spher-colo52-v1-ULA-PB000142-HT29-48h-P2-L1,B22,4191,5574,PB000142,PB000142_B22,dmso,dmso,dmso,0.1,µM,100.0,%,100.0,nl,40.0,µl,neg_con,D2438,control,,679.0,CS(=O)C,IAZDPXIOMUYVGZ-UHFFFAOYSA-N,,,HT29,
spher-colo52-v1-ULA-PB000142-HT29-48h-P2-L1,B23,4191,5574,PB000142,PB000142_B23,colo-023,Ruxolitinib (INCB018424),dmso,1.0,µM,1.0,mM,100.0,nl,40.0,µl,trt,S1378,JAK,JAK/STAT,25126798.0,N#CCC(C1CCCC1)[N]2C=C(C=N2)C3=NC=NC4=C3C=C[NH]4,HFNKQEVNSGCOJV-OAHLLOKOSA-N,Targeted,Launched,HT29,
spher-colo52-v1-ULA-PB000142-HT29-48h-P2-L1,C02,4191,5574,PB000142,PB000142_C02,colo-026,AZD8055,dmso,10.0,µM,10.0,mM,100.0,nl,40.0,µl,trt,S1555,mTOR,PI3K/Akt/mTOR,25262965.0,COC1=C(CO)C=C(C=C1)C2=NC3=C(C=C2)C(=NC(=N3)N4CCOCC4C)N5CCOCC5C,KVLFRAWTRWDEDF-IRXDYDNUSA-N,Targeted,Phase 1,HT29,
spher-colo52-v1-ULA-PB000142-HT29-48h-P2-L1,C03,4191,5574,PB000142,PB000142_C03,colo-004,Bortezomib (PS-341),dmso,0.03,µM,0.1,mM,30.0,nl,40.0,µl,trt,S1013,Proteasome,Proteases,387447.0,CC(C)CC(NC(=O)C(CC1=CC=CC=C1)NC(=O)C2=NC=CN=C2)B(O)O,GXJABQQUPOEUTA-RDJZCZTQSA-N,Targeted,Launched,HT29,
spher-colo52-v1-ULA-PB000142-HT29-48h-P2-L1,C04,4191,5574,PB000142,PB000142_C04,colo-035,Trametinib (GSK1120212),dmso,0.3,µM,1.0,mM,30.0,nl,40.0,µl,trt,S2673,MEK,MAPK,11707110.0,CN1C(=O)C(=C2N(C(=O)N(C3CC3)C(=O)C2=C1NC4=CC=C(I)C=C4F)C5=CC(=CC=C5)NC(C)=O)C,LIRYPHYGHXZJBZ-UHFFFAOYSA-N,Targeted,Launched,HT29,
spher-colo52-v1-ULA-PB000142-HT29-48h-P2-L1,C05,4191,5574,PB000142,PB000142_C05,dmso,dmso,dmso,0.1,µM,100.0,%,100.0,nl,40.0,µl,neg_con,D2438,control,,679.0,CS(=O)C,IAZDPXIOMUYVGZ-UHFFFAOYSA-N,,,HT29,
spher-colo52-v1-ULA-PB000142-HT29-48h-P2-L1,C06,4191,5574,PB000142,PB000142_C06,colo-017,Tanespimycin (17-AAG),dmso,0.1,µM,0.1,mM,100.0,nl,40.0,µl,trt,S1141,HSP (e.g. HSP90),Cytoskeletal Signaling,6505803.0,COC1CC(C)CC2=C(NCC=C)C(=O)C=C(NC(=O)C(=C\C=C/C(OC)C(OC(N)=O)/C(=C/C(C)C1O)C)\C)C2=O,AYUNIORJHRXIBJ-TXHRRWQRSA-N,Targeted,Phase 3,HT29,
spher-colo52-v1-ULA-PB000142-HT29-48h-P2-L1,C07,4191,5574,PB000142,PB000142_C07,colo-014,Linsitinib (OSI-906),dmso,3.0,µM,10.0,mM,30.0,nl,40.0,µl,trt,S1091,IGF-1R,Protein Tyrosine Kinase,11640390.0,CC1(O)CC(C1)C2=NC(=C3[N]2C=CN=C3N)C4=CC=C5C=CC(=NC5=C4)C6=CC=CC=C6,PKCDDUHJAFVJJB-UHFFFAOYSA-N,Targeted,Preclinical,HT29,
spher-colo52-v1-ULA-PB000142-HT29-48h-P2-L1,C08,4191,5574,PB000142,PB000142_C08,colo-019,Regorafenib (BAY 73-4506),dmso,10.0,µM,10.0,mM,100.0,nl,40.0,µl,trt,S1178,"c-RET,VEGFR",Protein Tyrosine Kinase,11167602.0,CNC(=O)C1=CC(=CC=N1)OC2=CC(=C(NC(=O)NC3=CC=C(Cl)C(=C3)C(F)(F)F)C=C2)F,FNHKPVJBJVTLMP-UHFFFAOYSA-N,Targeted,Launched,HT29,
spher-colo52-v1-ULA-PB000142-HT29-48h-P2-L1,C09,4191,5574,PB000142,PB000142_C09,colo-024,Adavosertib （MK-1775）,dmso,1.0,µM,1.0,mM,100.0,nl,40.0,µl,trt,S1525,Wee1,Cell Cycle,24856436.0,CN1CCN(CC1)C2=CC=C(NC3=NC4=C(C=N3)C(=O)N(CC=C)N4C5=NC(=CC=C5)C(C)(C)O)C=C2,BKWJAKQVGHWELA-UHFFFAOYSA-N,Targeted,Phase 2,HT29,
spher-colo52-v1-ULA-PB000142-HT29-48h-P2-L1,C10,4191,5574,PB000142,PB000142_C10,colo-025,AZD7762,dmso,3.0,µM,10.0,mM,30.0,nl,40.0,µl,trt,S1532,Chk,Cell Cycle,11152667.0,NC(=O)NC1=C(SC(=C1)C2=CC(=CC=C2)F)C(=O)NC3CCCNC3,IAYGCINLNONXHY-LBPRGKRZSA-N,Targeted,Phase 1,HT29,
spher-colo52-v1-ULA-PB000142-HT29-48h-P2-L1,C11,4191,5574,PB000142,PB000142_C11,colo-019,Regorafenib (BAY 73-4506),dmso,1.0,µM,1.0,mM,100.0,nl,40.0,µl,trt,S1178,"c-RET,VEGFR",Protein Tyrosine Kinase,11167602.0,CNC(=O)C1=CC(=CC=N1)OC2=CC(=C(NC(=O)NC3=CC=C(Cl)C(=C3)C(F)(F)F)C=C2)F,FNHKPVJBJVTLMP-UHFFFAOYSA-N,Targeted,Launched,HT29,
spher-colo52-v1-ULA-PB000142-HT29-48h-P2-L1,C12,4191,5574,PB000142,PB000142_C12,colo-018,Paclitaxel,dmso,0.003,µM,0.01,mM,30.0,nl,40.0,µl,trt,S1150,"Autophagy,Microtubule Associated",Cytoskeletal Signaling,441276.0,CC(=O)OC1C(=O)C2(C)C(O)CC3OCC3(OC(C)=O)C2C(OC(=O)C4=CC=CC=C4)C5(O)CC(OC(=O)C(O)C(NC(=O)C6=CC=CC=C6)C7=CC=CC=C7)C(=C1C5(C)C)C,RCINICONZNJXQF-VAZQATRQSA-N,Cytotoxic,Preclinical,HT29,
spher-colo52-v1-ULA-PB000142-HT29-48h-P2-L1,C13,4191,5574,PB000142,PB000142_C13,colo-025,AZD7762,dmso,0.3,µM,1.0,mM,30.0,nl,40.0,µl,trt,S1532,Chk,Cell Cycle,11152667.0,NC(=O)NC1=C(SC(=C1)C2=CC(=CC=C2)F)C(=O)NC3CCCNC3,IAYGCINLNONXHY-LBPRGKRZSA-N,Targeted,Phase 1,HT29,
spher-colo52-v1-ULA-PB000142-HT29-48h-P2-L1,C14,4191,5574,PB000142,PB000142_C14,colo-003,Afatinib (BIBW2992),dmso,0.3,µM,1.0,mM,30.0,nl,40.0,µl,trt,S1011,"EGFR,HER2",Protein Tyrosine Kinase,10184653.0,CN(C)C/C=C/C(=O)NC1=CC2=C(NC3=CC=C(F)C(=C3)Cl)N=CN=C2C=C1OC4CCOC4,ULXXDDBFHOBEHA-CWDCEQMOSA-N,Targeted,Launched,HT29,
spher-colo52-v1-ULA-PB000142-HT29-48h-P2-L1,C15,4191,5574,PB000142,PB000142_C15,colo-009,"Olaparib (AZD2281, Ku-0059436)",dmso,1.0,µM,1.0,mM,100.0,nl,40.0,µl,trt,S1060,PARP,DNA Damage,23725625.0,FC1=C(C=C(CC2=NNC(=O)C3=C2C=CC=C3)C=C1)C(=O)N4CCN(CC4)C(=O)C5CC5,FDLYAMZZIXQODN-UHFFFAOYSA-N,Targeted,Launched,HT29,PARPi
spher-colo52-v1-ULA-PB000142-HT29-48h-P2-L1,C16,4191,5574,PB000142,PB000142_C16,colo-002,Veliparib (ABT-888),dmso,1.0,µM,1.0,mM,100.0,nl,40.0,µl,trt,S1004,PARP,DNA Damage,11960529.0,CC1(CCCN1)C2=NC3=C(C=CC=C3[NH]2)C(N)=O,JNAHVYVRKWKWKQ-CYBMUJFWSA-N,Targeted,Phase 3,HT29,PARPi
spher-colo52-v1-ULA-PB000142-HT29-48h-P2-L1,C17,4191,5574,PB000142,PB000142_C17,colo-030,SB505124,dmso,10.0,µM,10.0,mM,100.0,nl,40.0,µl,trt,S2186,TGF-beta/Smad,TGF-beta/Smad,9858940.0,CC1=CC=CC(=N1)C2=C(N=C([NH]2)C(C)(C)C)C3=CC4=C(OCO4)C=C3,WGZOTBUYUFBEPZ-UHFFFAOYSA-N,Targeted,Preclinical,HT29,
spher-colo52-v1-ULA-PB000142-HT29-48h-P2-L1,C18,4191,5574,PB000142,PB000142_C18,colo-011,Crizotinib (PF-02341066),dmso,10.0,µM,10.0,mM,100.0,nl,40.0,µl,trt,S1068,"ALK,c-Met",Protein Tyrosine Kinase,11626560.0,CC(OC1=C(N)N=CC(=C1)C2=C[N](N=C2)C3CCNCC3)C4=C(Cl)C=CC(=C4Cl)F,KTEIFNKAUNYNJU-GFCCVEGCSA-N,Targeted,Launched,HT29,
spher-colo52-v1-ULA-PB000142-HT29-48h-P2-L1,C19,4191,5574,PB000142,PB000142_C19,fenb,fenb,dmso,2.5,µM,10.0,mM,25.0,nl,40.0,µl,pos_con,F0040000,tubulin beta chain,,3334.0,COC(=O)NC1=NC2=C(N1)C=C(C=C2)SC3=CC=CC=C3,HDDSHPAODJUKPD-UHFFFAOYSA-N,,,HT29,
spher-colo52-v1-ULA-PB000142-HT29-48h-P2-L1,C20,4191,5574,PB000142,PB000142_C20,colo-006,PD0325901,dmso,0.3,µM,1.0,mM,30.0,nl,40.0,µl,trt,S1036,MEK,MAPK,9826528.0,OCC(O)CONC(=O)C1=C(NC2=CC=C(I)C=C2F)C(=C(F)C=C1)F,SUDAHWBOROXANE-SECBINFHSA-N,Targeted,Phase 2,HT29,
spher-colo52-v1-ULA-PB000142-HT29-48h-P2-L1,C21,4191,5574,PB000142,PB000142_C21,colo-010,Nutlin-3,dmso,1.0,µM,1.0,mM,100.0,nl,40.0,µl,trt,S1061,"E3 Ligase ,Mdm2",Apoptosis,216345.0,COC1=CC(=C(C=C1)C2=NC(C(N2C(=O)N3CCNC(=O)C3)C4=CC=C(Cl)C=C4)C5=CC=C(Cl)C=C5)OC(C)C,BDUHCSBCVGXTJM-UHFFFAOYSA-N,Targeted,Preclinical,HT29,
spher-colo52-v1-ULA-PB000142-HT29-48h-P2-L1,C22,4191,5574,PB000142,PB000142_C22,colo-022,"Vemurafenib (PLX4032, RG7204)",dmso,3.0,µM,10.0,mM,30.0,nl,40.0,µl,trt,S1267,Raf,MAPK,42611257.0,CCC[S](=O)(=O)NC1=CC=C(F)C(=C1F)C(=O)C2=C[NH]C3=NC=C(C=C23)C4=CC=C(Cl)C=C4,GPXBXXGIAQBQNI-UHFFFAOYSA-N,Targeted,Launched,HT29,
spher-colo52-v1-ULA-PB000142-HT29-48h-P2-L1,C23,4191,5574,PB000142,PB000142_C23,colo-033,Miglitol,dmso,10.0,µM,10.0,mM,100.0,nl,40.0,µl,trt,S2589,Others,Others,441314.0,OCCN1CC(O)C(O)C(O)C1CO,IBAQFPQHRJAVAV-ULAWRXDQSA-N,,Launched,HT29,
spher-colo52-v1-ULA-PB000142-HT29-48h-P2-L1,D02,4191,5574,PB000142,PB000142_D02,colo-030,SB505124,dmso,10.0,µM,10.0,mM,100.0,nl,40.0,µl,trt,S2186,TGF-beta/Smad,TGF-beta/Smad,9858940.0,CC1=CC=CC(=N1)C2=C(N=C([NH]2)C(C)(C)C)C3=CC4=C(OCO4)C=C3,WGZOTBUYUFBEPZ-UHFFFAOYSA-N,Targeted,Preclinical,HT29,
spher-colo52-v1-ULA-PB000142-HT29-48h-P2-L1,D03,4191,5574,PB000142,PB000142_D03,colo-032,Phenformin HCl,dmso,0.3,µM,1.0,mM,30.0,nl,40.0,µl,trt,S2542,AMPK,PI3K/Akt/mTOR,13266.0,Cl.NC(=N)NC(=N)NCCC1=CC=CC=C1,YSUCWSWKRIOILX-UHFFFAOYSA-N,,Launched,HT29,
spher-colo52-v1-ULA-PB000142-HT29-48h-P2-L1,D04,4191,5574,PB000142,PB000142_D04,colo-024,Adavosertib （MK-1775）,dmso,10.0,µM,10.0,mM,100.0,nl,40.0,µl,trt,S1525,Wee1,Cell Cycle,24856436.0,CN1CCN(CC1)C2=CC=C(NC3=NC4=C(C=N3)C(=O)N(CC=C)N4C5=NC(=CC=C5)C(C)(C)O)C=C2,BKWJAKQVGHWELA-UHFFFAOYSA-N,Targeted,Phase 2,HT29,
spher-colo52-v1-ULA-PB000142-HT29-48h-P2-L1,D05,4191,5574,PB000142,PB000142_D05,colo-033,Miglitol,dmso,0.3,µM,1.0,mM,30.0,nl,40.0,µl,trt,S2589,Others,Others,441314.0,OCCN1CC(O)C(O)C(O)C1CO,IBAQFPQHRJAVAV-ULAWRXDQSA-N,,Launched,HT29,
spher-colo52-v1-ULA-PB000142-HT29-48h-P2-L1,D06,4191,5574,PB000142,PB000142_D06,colo-019,Regorafenib (BAY 73-4506),dmso,3.0,µM,10.0,mM,30.0,nl,40.0,µl,trt,S1178,"c-RET,VEGFR",Protein Tyrosine Kinase,11167602.0,CNC(=O)C1=CC(=CC=N1)OC2=CC(=C(NC(=O)NC3=CC=C(Cl)C(=C3)C(F)(F)F)C=C2)F,FNHKPVJBJVTLMP-UHFFFAOYSA-N,Targeted,Launched,HT29,
spher-colo52-v1-ULA-PB000142-HT29-48h-P2-L1,D07,4191,5574,PB000142,PB000142_D07,colo-011,Crizotinib (PF-02341066),dmso,1.0,µM,1.0,mM,100.0,nl,40.0,µl,trt,S1068,"ALK,c-Met",Protein Tyrosine Kinase,11626560.0,CC(OC1=C(N)N=CC(=C1)C2=C[N](N=C2)C3CCNCC3)C4=C(Cl)C=CC(=C4Cl)F,KTEIFNKAUNYNJU-GFCCVEGCSA-N,Targeted,Launched,HT29,
spher-colo52-v1-ULA-PB000142-HT29-48h-P2-L1,D08,4191,5574,PB000142,PB000142_D08,colo-034,Rabusertib (LY2603618),dmso,0.3,µM,1.0,mM,30.0,nl,40.0,µl,trt,S2626,Chk,Cell Cycle,11955855.0,CC1=NC=C(NC(=O)NC2=C(OCC3CNCCO3)C=C(C)C(=C2)Br)N=C1,SYYBDNPGDKKJDU-ZDUSSCGKSA-N,Targeted,Phase 2,HT29,
spher-colo52-v1-ULA-PB000142-HT29-48h-P2-L1,D09,4191,5574,PB000142,PB000142_D09,colo-032,Phenformin HCl,dmso,3.0,µM,10.0,mM,30.0,nl,40.0,µl,trt,S2542,AMPK,PI3K/Akt/mTOR,13266.0,Cl.NC(=N)NC(=N)NCCC1=CC=CC=C1,YSUCWSWKRIOILX-UHFFFAOYSA-N,,Launched,HT29,
spher-colo52-v1-ULA-PB000142-HT29-48h-P2-L1,D10,4191,5574,PB000142,PB000142_D10,colo-020,"Fluorouracil (5-Fluoracil, 5-FU)",dmso,1.0,µM,1.0,mM,100.0,nl,40.0,µl,trt,S1209,DNA/RNA Synthesis,DNA Damage,3385.0,FC1=CNC(=O)NC1=O,GHASVSINZRGABV-UHFFFAOYSA-N,Cytotoxic,Launched,HT29,Antimetabolite
spher-colo52-v1-ULA-PB000142-HT29-48h-P2-L1,D11,4191,5574,PB000142,PB000142_D11,colo-033,Miglitol,dmso,3.0,µM,10.0,mM,30.0,nl,40.0,µl,trt,S2589,Others,Others,441314.0,OCCN1CC(O)C(O)C(O)C1CO,IBAQFPQHRJAVAV-ULAWRXDQSA-N,,Launched,HT29,
spher-colo52-v1-ULA-PB000142-HT29-48h-P2-L1,D12,4191,5574,PB000142,PB000142_D12,dmso,dmso,dmso,0.1,µM,100.0,%,100.0,nl,40.0,µl,neg_con,D2438,control,,679.0,CS(=O)C,IAZDPXIOMUYVGZ-UHFFFAOYSA-N,,,HT29,
spher-colo52-v1-ULA-PB000142-HT29-48h-P2-L1,D13,4191,5574,PB000142,PB000142_D13,colo-023,Ruxolitinib (INCB018424),dmso,3.0,µM,10.0,mM,30.0,nl,40.0,µl,trt,S1378,JAK,JAK/STAT,25126798.0,N#CCC(C1CCCC1)[N]2C=C(C=N2)C3=NC=NC4=C3C=C[NH]4,HFNKQEVNSGCOJV-OAHLLOKOSA-N,Targeted,Launched,HT29,
spher-colo52-v1-ULA-PB000142-HT29-48h-P2-L1,D14,4191,5574,PB000142,PB000142_D14,colo-032,Phenformin HCl,dmso,10.0,µM,10.0,mM,100.0,nl,40.0,µl,trt,S2542,AMPK,PI3K/Akt/mTOR,13266.0,Cl.NC(=N)NC(=N)NCCC1=CC=CC=C1,YSUCWSWKRIOILX-UHFFFAOYSA-N,,Launched,HT29,
spher-colo52-v1-ULA-PB000142-HT29-48h-P2-L1,D15,4191,5574,PB000142,PB000142_D15,colo-007,PI-103,dmso,0.3,µM,1.0,mM,30.0,nl,40.0,µl,trt,S1038,"Autophagy,DNA-PK,mTOR,PI3K",PI3K/Akt/mTOR,9884685.0,OC1=CC(=CC=C1)C2=NC3=C(OC4=C3C=CC=N4)C(=N2)N5CCOCC5,TUVCWJQQGGETHL-UHFFFAOYSA-N,Targeted,Preclinical,HT29,
spher-colo52-v1-ULA-PB000142-HT29-48h-P2-L1,D16,4191,5574,PB000142,PB000142_D16,colo-032,Phenformin HCl,dmso,3.0,µM,10.0,mM,30.0,nl,40.0,µl,trt,S2542,AMPK,PI3K/Akt/mTOR,13266.0,Cl.NC(=N)NC(=N)NCCC1=CC=CC=C1,YSUCWSWKRIOILX-UHFFFAOYSA-N,,Launched,HT29,
spher-colo52-v1-ULA-PB000142-HT29-48h-P2-L1,D17,4191,5574,PB000142,PB000142_D17,colo-031,Sapitinib (AZD8931),dmso,3.0,µM,10.0,mM,30.0,nl,40.0,µl,trt,S2192,"EGFR,HER2",Protein Tyrosine Kinase,11488320.0,CNC(=O)CN1CCC(CC1)OC2=C(OC)C=C3N=CN=C(NC4=C(F)C(=CC=C4)Cl)C3=C2,DFJSJLGUIXFDJP-UHFFFAOYSA-N,Targeted,Phase 2,HT29,
spher-colo52-v1-ULA-PB000142-HT29-48h-P2-L1,D18,4191,5574,PB000142,PB000142_D18,colo-017,Tanespimycin (17-AAG),dmso,0.1,µM,0.1,mM,100.0,nl,40.0,µl,trt,S1141,HSP (e.g. HSP90),Cytoskeletal Signaling,6505803.0,COC1CC(C)CC2=C(NCC=C)C(=O)C=C(NC(=O)C(=C\C=C/C(OC)C(OC(N)=O)/C(=C/C(C)C1O)C)\C)C2=O,AYUNIORJHRXIBJ-TXHRRWQRSA-N,Targeted,Phase 3,HT29,
spher-colo52-v1-ULA-PB000142-HT29-48h-P2-L1,D19,4191,5574,PB000142,PB000142_D19,colo-002,Veliparib (ABT-888),dmso,10.0,µM,10.0,mM,100.0,nl,40.0,µl,trt,S1004,PARP,DNA Damage,11960529.0,CC1(CCCN1)C2=NC3=C(C=CC=C3[NH]2)C(N)=O,JNAHVYVRKWKWKQ-CYBMUJFWSA-N,Targeted,Phase 3,HT29,PARPi
spher-colo52-v1-ULA-PB000142-HT29-48h-P2-L1,D20,4191,5574,PB000142,PB000142_D20,colo-031,Sapitinib (AZD8931),dmso,0.3,µM,1.0,mM,30.0,nl,40.0,µl,trt,S2192,"EGFR,HER2",Protein Tyrosine Kinase,11488320.0,CNC(=O)CN1CCC(CC1)OC2=C(OC)C=C3N=CN=C(NC4=C(F)C(=CC=C4)Cl)C3=C2,DFJSJLGUIXFDJP-UHFFFAOYSA-N,Targeted,Phase 2,HT29,
spher-colo52-v1-ULA-PB000142-HT29-48h-P2-L1,D21,4191,5574,PB000142,PB000142_D21,colo-015,Triciribine,dmso,10.0,µM,10.0,mM,100.0,nl,40.0,µl,trt,S1117,Akt,PI3K/Akt/mTOR,65399.0,CN1N=C(N)C2=C[N](C3OC(CO)C(O)C3O)C4=C2C1=NC=N4,HOGVTUZUJGHKPL-HTVVRFAVSA-N,Targeted,Phase 1/Phase 2,HT29,
spher-colo52-v1-ULA-PB000142-HT29-48h-P2-L1,D22,4191,5574,PB000142,PB000142_D22,colo-034,Rabusertib (LY2603618),dmso,1.0,µM,1.0,mM,100.0,nl,40.0,µl,trt,S2626,Chk,Cell Cycle,11955855.0,CC1=NC=C(NC(=O)NC2=C(OCC3CNCCO3)C=C(C)C(=C2)Br)N=C1,SYYBDNPGDKKJDU-ZDUSSCGKSA-N,Targeted,Phase 2,HT29,
spher-colo52-v1-ULA-PB000142-HT29-48h-P2-L1,D23,4191,5574,PB000142,PB000142_D23,etop,etop,dmso,2.5,µM,10.0,mM,25.0,nl,40.0,µl,pos_con,E2600000,DNA topoisomerase 2-alpha & DNA topoisomerase 2-beta,,36462.0,CC1OCC2C(O1)C(C(C(O2)OC3C4COC(=O)C4C(C5=CC6=C(C=C35)OCO6)C7=CC(=C(C(=C7)OC)O)OC)O)O,VJJPUSNTGOMMGY-MRVIYFEKSA-N,,,HT29,
spher-colo52-v1-ULA-PB000142-HT29-48h-P2-L1,E02,4191,5574,PB000142,PB000142_E02,colo-010,Nutlin-3,dmso,3.0,µM,10.0,mM,30.0,nl,40.0,µl,trt,S1061,"E3 Ligase ,Mdm2",Apoptosis,216345.0,COC1=CC(=C(C=C1)C2=NC(C(N2C(=O)N3CCNC(=O)C3)C4=CC=C(Cl)C=C4)C5=CC=C(Cl)C=C5)OC(C)C,BDUHCSBCVGXTJM-UHFFFAOYSA-N,Targeted,Preclinical,HT29,
spher-colo52-v1-ULA-PB000142-HT29-48h-P2-L1,E03,4191,5574,PB000142,PB000142_E03,colo-006,PD0325901,dmso,3.0,µM,10.0,mM,30.0,nl,40.0,µl,trt,S1036,MEK,MAPK,9826528.0,OCC(O)CONC(=O)C1=C(NC2=CC=C(I)C=C2F)C(=C(F)C=C1)F,SUDAHWBOROXANE-SECBINFHSA-N,Targeted,Phase 2,HT29,
spher-colo52-v1-ULA-PB000142-HT29-48h-P2-L1,E04,4191,5574,PB000142,PB000142_E04,colo-034,Rabusertib (LY2603618),dmso,10.0,µM,10.0,mM,100.0,nl,40.0,µl,trt,S2626,Chk,Cell Cycle,11955855.0,CC1=NC=C(NC(=O)NC2=C(OCC3CNCCO3)C=C(C)C(=C2)Br)N=C1,SYYBDNPGDKKJDU-ZDUSSCGKSA-N,Targeted,Phase 2,HT29,
spher-colo52-v1-ULA-PB000142-HT29-48h-P2-L1,E05,4191,5574,PB000142,PB000142_E05,colo-007,PI-103,dmso,1.0,µM,1.0,mM,100.0,nl,40.0,µl,trt,S1038,"Autophagy,DNA-PK,mTOR,PI3K",PI3K/Akt/mTOR,9884685.0,OC1=CC(=CC=C1)C2=NC3=C(OC4=C3C=CC=N4)C(=N2)N5CCOCC5,TUVCWJQQGGETHL-UHFFFAOYSA-N,Targeted,Preclinical,HT29,
spher-colo52-v1-ULA-PB000142-HT29-48h-P2-L1,E06,4191,5574,PB000142,PB000142_E06,colo-009,"Olaparib (AZD2281, Ku-0059436)",dmso,0.3,µM,1.0,mM,30.0,nl,40.0,µl,trt,S1060,PARP,DNA Damage,23725625.0,FC1=C(C=C(CC2=NNC(=O)C3=C2C=CC=C3)C=C1)C(=O)N4CCN(CC4)C(=O)C5CC5,FDLYAMZZIXQODN-UHFFFAOYSA-N,Targeted,Launched,HT29,PARPi
spher-colo52-v1-ULA-PB000142-HT29-48h-P2-L1,E07,4191,5574,PB000142,PB000142_E07,colo-020,"Fluorouracil (5-Fluoracil, 5-FU)",dmso,1.0,µM,1.0,mM,100.0,nl,40.0,µl,trt,S1209,DNA/RNA Synthesis,DNA Damage,3385.0,FC1=CNC(=O)NC1=O,GHASVSINZRGABV-UHFFFAOYSA-N,Cytotoxic,Launched,HT29,Antimetabolite
spher-colo52-v1-ULA-PB000142-HT29-48h-P2-L1,E08,4191,5574,PB000142,PB000142_E08,colo-029,Trifluridine,dmso,0.3,µM,1.0,mM,30.0,nl,40.0,µl,trt,S1778,DNA/RNA Synthesis,DNA Damage,6256.0,OCC1OC(CC1O)N2C=C(C(=O)NC2=O)C(F)(F)F,VSQQQLOSPVPRAZ-RRKCRQDMSA-N,Cytotoxic,Launched,HT29,Antimetabolite
spher-colo52-v1-ULA-PB000142-HT29-48h-P2-L1,E09,4191,5574,PB000142,PB000142_E09,stau,stau,dmso,0.1,µM,0.1,mM,100.0,nl,40.0,µl,pos_con,HY-15141,pan protein inhibitor,,44259.0,CC12C(C(CC(O1)N3C4=CC=CC=C4C5=C6C(=C7C8=CC=CC=C8N2C7=C53)CNC6=O)NC)OC,HKSZLNNOFSGOKW-FYTWVXJKSA-N,,,HT29,
spher-colo52-v1-ULA-PB000142-HT29-48h-P2-L1,E10,4191,5574,PB000142,PB000142_E10,colo-002,Veliparib (ABT-888),dmso,1.0,µM,1.0,mM,100.0,nl,40.0,µl,trt,S1004,PARP,DNA Damage,11960529.0,CC1(CCCN1)C2=NC3=C(C=CC=C3[NH]2)C(N)=O,JNAHVYVRKWKWKQ-CYBMUJFWSA-N,Targeted,Phase 3,HT29,PARPi
spher-colo52-v1-ULA-PB000142-HT29-48h-P2-L1,E11,4191,5574,PB000142,PB000142_E11,colo-004,Bortezomib (PS-341),dmso,0.03,µM,0.1,mM,30.0,nl,40.0,µl,trt,S1013,Proteasome,Proteases,387447.0,CC(C)CC(NC(=O)C(CC1=CC=CC=C1)NC(=O)C2=NC=CN=C2)B(O)O,GXJABQQUPOEUTA-RDJZCZTQSA-N,Targeted,Launched,HT29,
spher-colo52-v1-ULA-PB000142-HT29-48h-P2-L1,E12,4191,5574,PB000142,PB000142_E12,colo-016,BMS-754807,dmso,3.0,µM,10.0,mM,30.0,nl,40.0,µl,trt,S1124,"c-Met,IGF-1R,Trk receptor",Protein Tyrosine Kinase,24785538.0,CC1(CCCN1C2=N[N]3C=CC=C3C(=N2)NC4=N[NH]C(=C4)C5CC5)C(=O)NC6=CC=C(F)N=C6,LQVXSNNAFNGRAH-QHCPKHFHSA-N,Targeted,Phase 2,HT29,
spher-colo52-v1-ULA-PB000142-HT29-48h-P2-L1,E13,4191,5574,PB000142,PB000142_E13,colo-030,SB505124,dmso,1.0,µM,1.0,mM,100.0,nl,40.0,µl,trt,S2186,TGF-beta/Smad,TGF-beta/Smad,9858940.0,CC1=CC=CC(=N1)C2=C(N=C([NH]2)C(C)(C)C)C3=CC4=C(OCO4)C=C3,WGZOTBUYUFBEPZ-UHFFFAOYSA-N,Targeted,Preclinical,HT29,
spher-colo52-v1-ULA-PB000142-HT29-48h-P2-L1,E14,4191,5574,PB000142,PB000142_E14,colo-011,Crizotinib (PF-02341066),dmso,0.3,µM,1.0,mM,30.0,nl,40.0,µl,trt,S1068,"ALK,c-Met",Protein Tyrosine Kinase,11626560.0,CC(OC1=C(N)N=CC(=C1)C2=C[N](N=C2)C3CCNCC3)C4=C(Cl)C=CC(=C4Cl)F,KTEIFNKAUNYNJU-GFCCVEGCSA-N,Targeted,Launched,HT29,
spher-colo52-v1-ULA-PB000142-HT29-48h-P2-L1,E15,4191,5574,PB000142,PB000142_E15,colo-033,Miglitol,dmso,3.0,µM,10.0,mM,30.0,nl,40.0,µl,trt,S2589,Others,Others,441314.0,OCCN1CC(O)C(O)C(O)C1CO,IBAQFPQHRJAVAV-ULAWRXDQSA-N,,Launched,HT29,
spher-colo52-v1-ULA-PB000142-HT29-48h-P2-L1,E16,4191,5574,PB000142,PB000142_E16,dmso,dmso,dmso,0.1,µM,100.0,%,100.0,nl,40.0,µl,neg_con,D2438,control,,679.0,CS(=O)C,IAZDPXIOMUYVGZ-UHFFFAOYSA-N,,,HT29,
spher-colo52-v1-ULA-PB000142-HT29-48h-P2-L1,E17,4191,5574,PB000142,PB000142_E17,colo-020,"Fluorouracil (5-Fluoracil, 5-FU)",dmso,0.3,µM,1.0,mM,30.0,nl,40.0,µl,trt,S1209,DNA/RNA Synthesis,DNA Damage,3385.0,FC1=CNC(=O)NC1=O,GHASVSINZRGABV-UHFFFAOYSA-N,Cytotoxic,Launched,HT29,Antimetabolite
spher-colo52-v1-ULA-PB000142-HT29-48h-P2-L1,E18,4191,5574,PB000142,PB000142_E18,colo-010,Nutlin-3,dmso,3.0,µM,10.0,mM,30.0,nl,40.0,µl,trt,S1061,"E3 Ligase ,Mdm2",Apoptosis,216345.0,COC1=CC(=C(C=C1)C2=NC(C(N2C(=O)N3CCNC(=O)C3)C4=CC=C(Cl)C=C4)C5=CC=C(Cl)C=C5)OC(C)C,BDUHCSBCVGXTJM-UHFFFAOYSA-N,Targeted,Preclinical,HT29,
spher-colo52-v1-ULA-PB000142-HT29-48h-P2-L1,E19,4191,5574,PB000142,PB000142_E19,colo-014,Linsitinib (OSI-906),dmso,1.0,µM,1.0,mM,100.0,nl,40.0,µl,trt,S1091,IGF-1R,Protein Tyrosine Kinase,11640390.0,CC1(O)CC(C1)C2=NC(=C3[N]2C=CN=C3N)C4=CC=C5C=CC(=NC5=C4)C6=CC=CC=C6,PKCDDUHJAFVJJB-UHFFFAOYSA-N,Targeted,Preclinical,HT29,
spher-colo52-v1-ULA-PB000142-HT29-48h-P2-L1,E20,4191,5574,PB000142,PB000142_E20,colo-007,PI-103,dmso,10.0,µM,10.0,mM,100.0,nl,40.0,µl,trt,S1038,"Autophagy,DNA-PK,mTOR,PI3K",PI3K/Akt/mTOR,9884685.0,OC1=CC(=CC=C1)C2=NC3=C(OC4=C3C=CC=N4)C(=N2)N5CCOCC5,TUVCWJQQGGETHL-UHFFFAOYSA-N,Targeted,Preclinical,HT29,
spher-colo52-v1-ULA-PB000142-HT29-48h-P2-L1,E21,4191,5574,PB000142,PB000142_E21,colo-017,Tanespimycin (17-AAG),dmso,0.03,µM,0.1,mM,30.0,nl,40.0,µl,trt,S1141,HSP (e.g. HSP90),Cytoskeletal Signaling,6505803.0,COC1CC(C)CC2=C(NCC=C)C(=O)C=C(NC(=O)C(=C\C=C/C(OC)C(OC(N)=O)/C(=C/C(C)C1O)C)\C)C2=O,AYUNIORJHRXIBJ-TXHRRWQRSA-N,Targeted,Phase 3,HT29,
spher-colo52-v1-ULA-PB000142-HT29-48h-P2-L1,E22,4191,5574,PB000142,PB000142_E22,colo-013,MK-2206 2HCl,dmso,3.0,µM,10.0,mM,30.0,nl,40.0,µl,trt,S1078,Akt,PI3K/Akt/mTOR,46930998.0,Cl.Cl.NC1(CCC1)C2=CC=C(C=C2)C3=C(C=C4C(=N3)C=CN5C(=O)NN=C45)C6=CC=CC=C6,HWUHTJIKQZZBRA-UHFFFAOYSA-N,Targeted,Preclinical,HT29,
spher-colo52-v1-ULA-PB000142-HT29-48h-P2-L1,E23,4191,5574,PB000142,PB000142_E23,colo-026,AZD8055,dmso,3.0,µM,10.0,mM,30.0,nl,40.0,µl,trt,S1555,mTOR,PI3K/Akt/mTOR,25262965.0,COC1=C(CO)C=C(C=C1)C2=NC3=C(C=C2)C(=NC(=N3)N4CCOCC4C)N5CCOCC5C,KVLFRAWTRWDEDF-IRXDYDNUSA-N,Targeted,Phase 1,HT29,
spher-colo52-v1-ULA-PB000142-HT29-48h-P2-L1,F02,4191,5574,PB000142,PB000142_F02,colo-021,Temozolomide,dmso,1.0,µM,1.0,mM,100.0,nl,40.0,µl,trt,S1237,"DNA/RNA Synthesis,Autophagy",DNA Damage,5394.0,CN1N=NC2=C(N=C[N]2C1=O)C(N)=O,BPEGJWRSRHCHSN-UHFFFAOYSA-N,Cytotoxic,Launched,HT29,Alkylator
spher-colo52-v1-ULA-PB000142-HT29-48h-P2-L1,F03,4191,5574,PB000142,PB000142_F03,colo-003,Afatinib (BIBW2992),dmso,10.0,µM,10.0,mM,100.0,nl,40.0,µl,trt,S1011,"EGFR,HER2",Protein Tyrosine Kinase,10184653.0,CN(C)C/C=C/C(=O)NC1=CC2=C(NC3=CC=C(F)C(=C3)Cl)N=CN=C2C=C1OC4CCOC4,ULXXDDBFHOBEHA-CWDCEQMOSA-N,Targeted,Launched,HT29,
spher-colo52-v1-ULA-PB000142-HT29-48h-P2-L1,F04,4191,5574,PB000142,PB000142_F04,colo-027,Doramapimod (BIRB 796),dmso,3.0,µM,10.0,mM,30.0,nl,40.0,µl,trt,S1574,p38 MAPK,MAPK,156422.0,CC1=CC=C(C=C1)[N]2N=C(C=C2NC(=O)NC3=CC=C(OCCN4CCOCC4)C5=C3C=CC=C5)C(C)(C)C,MVCOAUNKQVWQHZ-UHFFFAOYSA-N,Targeted,Phase 2,HT29,
spher-colo52-v1-ULA-PB000142-HT29-48h-P2-L1,F05,4191,5574,PB000142,PB000142_F05,colo-020,"Fluorouracil (5-Fluoracil, 5-FU)",dmso,10.0,µM,10.0,mM,100.0,nl,40.0,µl,trt,S1209,DNA/RNA Synthesis,DNA Damage,3385.0,FC1=CNC(=O)NC1=O,GHASVSINZRGABV-UHFFFAOYSA-N,Cytotoxic,Launched,HT29,Antimetabolite
spher-colo52-v1-ULA-PB000142-HT29-48h-P2-L1,F06,4191,5574,PB000142,PB000142_F06,dmso,dmso,dmso,0.1,µM,100.0,%,100.0,nl,40.0,µl,neg_con,D2438,control,,679.0,CS(=O)C,IAZDPXIOMUYVGZ-UHFFFAOYSA-N,,,HT29,
spher-colo52-v1-ULA-PB000142-HT29-48h-P2-L1,F07,4191,5574,PB000142,PB000142_F07,colo-026,AZD8055,dmso,10.0,µM,10.0,mM,100.0,nl,40.0,µl,trt,S1555,mTOR,PI3K/Akt/mTOR,25262965.0,COC1=C(CO)C=C(C=C1)C2=NC3=C(C=C2)C(=NC(=N3)N4CCOCC4C)N5CCOCC5C,KVLFRAWTRWDEDF-IRXDYDNUSA-N,Targeted,Phase 1,HT29,
spher-colo52-v1-ULA-PB000142-HT29-48h-P2-L1,F08,4191,5574,PB000142,PB000142_F08,colo-005,Gefitinib (ZD1839),dmso,3.0,µM,10.0,mM,30.0,nl,40.0,µl,trt,S1025,EGFR,Protein Tyrosine Kinase,123631.0,COC1=C(OCCCN2CCOCC2)C=C3C(=NC=NC3=C1)NC4=CC=C(F)C(=C4)Cl,XGALLCVXEZPNRQ-UHFFFAOYSA-N,Targeted,Launched,HT29,
spher-colo52-v1-ULA-PB000142-HT29-48h-P2-L1,F09,4191,5574,PB000142,PB000142_F09,colo-027,Doramapimod (BIRB 796),dmso,0.3,µM,1.0,mM,30.0,nl,40.0,µl,trt,S1574,p38 MAPK,MAPK,156422.0,CC1=CC=C(C=C1)[N]2N=C(C=C2NC(=O)NC3=CC=C(OCCN4CCOCC4)C5=C3C=CC=C5)C(C)(C)C,MVCOAUNKQVWQHZ-UHFFFAOYSA-N,Targeted,Phase 2,HT29,
spher-colo52-v1-ULA-PB000142-HT29-48h-P2-L1,F10,4191,5574,PB000142,PB000142_F10,colo-010,Nutlin-3,dmso,0.3,µM,1.0,mM,30.0,nl,40.0,µl,trt,S1061,"E3 Ligase ,Mdm2",Apoptosis,216345.0,COC1=CC(=C(C=C1)C2=NC(C(N2C(=O)N3CCNC(=O)C3)C4=CC=C(Cl)C=C4)C5=CC=C(Cl)C=C5)OC(C)C,BDUHCSBCVGXTJM-UHFFFAOYSA-N,Targeted,Preclinical,HT29,
spher-colo52-v1-ULA-PB000142-HT29-48h-P2-L1,F11,4191,5574,PB000142,PB000142_F11,colo-018,Paclitaxel,dmso,0.01,µM,0.01,mM,100.0,nl,40.0,µl,trt,S1150,"Autophagy,Microtubule Associated",Cytoskeletal Signaling,441276.0,CC(=O)OC1C(=O)C2(C)C(O)CC3OCC3(OC(C)=O)C2C(OC(=O)C4=CC=CC=C4)C5(O)CC(OC(=O)C(O)C(NC(=O)C6=CC=CC=C6)C7=CC=CC=C7)C(=C1C5(C)C)C,RCINICONZNJXQF-VAZQATRQSA-N,Cytotoxic,Preclinical,HT29,
spher-colo52-v1-ULA-PB000142-HT29-48h-P2-L1,F12,4191,5574,PB000142,PB000142_F12,colo-028,Gemcitabine,dmso,1.0,µM,1.0,mM,100.0,nl,40.0,µl,trt,S1714,"Autophagy,DNA/RNA Synthesis",DNA Damage,60750.0,NC1=NC(=O)N(C=C1)C2OC(CO)C(O)C2(F)F,SDUQYLNIPVEERB-QPPQHZFASA-N,Cytotoxic,Launched,HT29,Antimetabolite
spher-colo52-v1-ULA-PB000142-HT29-48h-P2-L1,F13,4191,5574,PB000142,PB000142_F13,colo-023,Ruxolitinib (INCB018424),dmso,3.0,µM,10.0,mM,30.0,nl,40.0,µl,trt,S1378,JAK,JAK/STAT,25126798.0,N#CCC(C1CCCC1)[N]2C=C(C=N2)C3=NC=NC4=C3C=C[NH]4,HFNKQEVNSGCOJV-OAHLLOKOSA-N,Targeted,Launched,HT29,
spher-colo52-v1-ULA-PB000142-HT29-48h-P2-L1,F14,4191,5574,PB000142,PB000142_F14,colo-014,Linsitinib (OSI-906),dmso,0.3,µM,1.0,mM,30.0,nl,40.0,µl,trt,S1091,IGF-1R,Protein Tyrosine Kinase,11640390.0,CC1(O)CC(C1)C2=NC(=C3[N]2C=CN=C3N)C4=CC=C5C=CC(=NC5=C4)C6=CC=CC=C6,PKCDDUHJAFVJJB-UHFFFAOYSA-N,Targeted,Preclinical,HT29,
spher-colo52-v1-ULA-PB000142-HT29-48h-P2-L1,F15,4191,5574,PB000142,PB000142_F15,colo-019,Regorafenib (BAY 73-4506),dmso,3.0,µM,10.0,mM,30.0,nl,40.0,µl,trt,S1178,"c-RET,VEGFR",Protein Tyrosine Kinase,11167602.0,CNC(=O)C1=CC(=CC=N1)OC2=CC(=C(NC(=O)NC3=CC=C(Cl)C(=C3)C(F)(F)F)C=C2)F,FNHKPVJBJVTLMP-UHFFFAOYSA-N,Targeted,Launched,HT29,
spher-colo52-v1-ULA-PB000142-HT29-48h-P2-L1,F16,4191,5574,PB000142,PB000142_F16,colo-002,Veliparib (ABT-888),dmso,0.3,µM,1.0,mM,30.0,nl,40.0,µl,trt,S1004,PARP,DNA Damage,11960529.0,CC1(CCCN1)C2=NC3=C(C=CC=C3[NH]2)C(N)=O,JNAHVYVRKWKWKQ-CYBMUJFWSA-N,Targeted,Phase 3,HT29,PARPi
spher-colo52-v1-ULA-PB000142-HT29-48h-P2-L1,F17,4191,5574,PB000142,PB000142_F17,colo-013,MK-2206 2HCl,dmso,0.3,µM,1.0,mM,30.0,nl,40.0,µl,trt,S1078,Akt,PI3K/Akt/mTOR,46930998.0,Cl.Cl.NC1(CCC1)C2=CC=C(C=C2)C3=C(C=C4C(=N3)C=CN5C(=O)NN=C45)C6=CC=CC=C6,HWUHTJIKQZZBRA-UHFFFAOYSA-N,Targeted,Preclinical,HT29,
spher-colo52-v1-ULA-PB000142-HT29-48h-P2-L1,F18,4191,5574,PB000142,PB000142_F18,colo-006,PD0325901,dmso,10.0,µM,10.0,mM,100.0,nl,40.0,µl,trt,S1036,MEK,MAPK,9826528.0,OCC(O)CONC(=O)C1=C(NC2=CC=C(I)C=C2F)C(=C(F)C=C1)F,SUDAHWBOROXANE-SECBINFHSA-N,Targeted,Phase 2,HT29,
spher-colo52-v1-ULA-PB000142-HT29-48h-P2-L1,F19,4191,5574,PB000142,PB000142_F19,colo-035,Trametinib (GSK1120212),dmso,0.03,µM,0.1,mM,30.0,nl,40.0,µl,trt,S2673,MEK,MAPK,11707110.0,CN1C(=O)C(=C2N(C(=O)N(C3CC3)C(=O)C2=C1NC4=CC=C(I)C=C4F)C5=CC(=CC=C5)NC(C)=O)C,LIRYPHYGHXZJBZ-UHFFFAOYSA-N,Targeted,Launched,HT29,
spher-colo52-v1-ULA-PB000142-HT29-48h-P2-L1,F20,4191,5574,PB000142,PB000142_F20,dmso,dmso,dmso,0.1,µM,100.0,%,100.0,nl,40.0,µl,neg_con,D2438,control,,679.0,CS(=O)C,IAZDPXIOMUYVGZ-UHFFFAOYSA-N,,,HT29,
spher-colo52-v1-ULA-PB000142-HT29-48h-P2-L1,F21,4191,5574,PB000142,PB000142_F21,colo-031,Sapitinib (AZD8931),dmso,0.3,µM,1.0,mM,30.0,nl,40.0,µl,trt,S2192,"EGFR,HER2",Protein Tyrosine Kinase,11488320.0,CNC(=O)CN1CCC(CC1)OC2=C(OC)C=C3N=CN=C(NC4=C(F)C(=CC=C4)Cl)C3=C2,DFJSJLGUIXFDJP-UHFFFAOYSA-N,Targeted,Phase 2,HT29,
spher-colo52-v1-ULA-PB000142-HT29-48h-P2-L1,F22,4191,5574,PB000142,PB000142_F22,colo-018,Paclitaxel,dmso,0.03,µM,0.1,mM,30.0,nl,40.0,µl,trt,S1150,"Autophagy,Microtubule Associated",Cytoskeletal Signaling,441276.0,CC(=O)OC1C(=O)C2(C)C(O)CC3OCC3(OC(C)=O)C2C(OC(=O)C4=CC=CC=C4)C5(O)CC(OC(=O)C(O)C(NC(=O)C6=CC=CC=C6)C7=CC=CC=C7)C(=C1C5(C)C)C,RCINICONZNJXQF-VAZQATRQSA-N,Cytotoxic,Preclinical,HT29,
spher-colo52-v1-ULA-PB000142-HT29-48h-P2-L1,F23,4191,5574,PB000142,PB000142_F23,colo-027,Doramapimod (BIRB 796),dmso,1.0,µM,1.0,mM,100.0,nl,40.0,µl,trt,S1574,p38 MAPK,MAPK,156422.0,CC1=CC=C(C=C1)[N]2N=C(C=C2NC(=O)NC3=CC=C(OCCN4CCOCC4)C5=C3C=CC=C5)C(C)(C)C,MVCOAUNKQVWQHZ-UHFFFAOYSA-N,Targeted,Phase 2,HT29,
spher-colo52-v1-ULA-PB000142-HT29-48h-P2-L1,G02,4191,5574,PB000142,PB000142_G02,dmso,dmso,dmso,0.1,µM,100.0,%,100.0,nl,40.0,µl,neg_con,D2438,control,,679.0,CS(=O)C,IAZDPXIOMUYVGZ-UHFFFAOYSA-N,,,HT29,
spher-colo52-v1-ULA-PB000142-HT29-48h-P2-L1,G03,4191,5574,PB000142,PB000142_G03,colo-006,PD0325901,dmso,10.0,µM,10.0,mM,100.0,nl,40.0,µl,trt,S1036,MEK,MAPK,9826528.0,OCC(O)CONC(=O)C1=C(NC2=CC=C(I)C=C2F)C(=C(F)C=C1)F,SUDAHWBOROXANE-SECBINFHSA-N,Targeted,Phase 2,HT29,
spher-colo52-v1-ULA-PB000142-HT29-48h-P2-L1,G04,4191,5574,PB000142,PB000142_G04,colo-011,Crizotinib (PF-02341066),dmso,10.0,µM,10.0,mM,100.0,nl,40.0,µl,trt,S1068,"ALK,c-Met",Protein Tyrosine Kinase,11626560.0,CC(OC1=C(N)N=CC(=C1)C2=C[N](N=C2)C3CCNCC3)C4=C(Cl)C=CC(=C4Cl)F,KTEIFNKAUNYNJU-GFCCVEGCSA-N,Targeted,Launched,HT29,
spher-colo52-v1-ULA-PB000142-HT29-48h-P2-L1,G05,4191,5574,PB000142,PB000142_G05,colo-015,Triciribine,dmso,1.0,µM,1.0,mM,100.0,nl,40.0,µl,trt,S1117,Akt,PI3K/Akt/mTOR,65399.0,CN1N=C(N)C2=C[N](C3OC(CO)C(O)C3O)C4=C2C1=NC=N4,HOGVTUZUJGHKPL-HTVVRFAVSA-N,Targeted,Phase 1/Phase 2,HT29,
spher-colo52-v1-ULA-PB000142-HT29-48h-P2-L1,G06,4191,5574,PB000142,PB000142_G06,colo-023,Ruxolitinib (INCB018424),dmso,10.0,µM,10.0,mM,100.0,nl,40.0,µl,trt,S1378,JAK,JAK/STAT,25126798.0,N#CCC(C1CCCC1)[N]2C=C(C=N2)C3=NC=NC4=C3C=C[NH]4,HFNKQEVNSGCOJV-OAHLLOKOSA-N,Targeted,Launched,HT29,
spher-colo52-v1-ULA-PB000142-HT29-48h-P2-L1,G07,4191,5574,PB000142,PB000142_G07,colo-012,SB216763,dmso,10.0,µM,10.0,mM,100.0,nl,40.0,µl,trt,S1075,GSK-3,PI3K/Akt/mTOR,176158.0,C[N]1C=C(C2=C1C=CC=C2)C3=C(C(=O)NC3=O)C4=CC=C(Cl)C=C4Cl,JCSGFHVFHSKIJH-UHFFFAOYSA-N,Targeted,Preclinical,HT29,
spher-colo52-v1-ULA-PB000142-HT29-48h-P2-L1,G08,4191,5574,PB000142,PB000142_G08,colo-032,Phenformin HCl,dmso,1.0,µM,1.0,mM,100.0,nl,40.0,µl,trt,S2542,AMPK,PI3K/Akt/mTOR,13266.0,Cl.NC(=N)NC(=N)NCCC1=CC=CC=C1,YSUCWSWKRIOILX-UHFFFAOYSA-N,,Launched,HT29,
spher-colo52-v1-ULA-PB000142-HT29-48h-P2-L1,G09,4191,5574,PB000142,PB000142_G09,colo-028,Gemcitabine,dmso,0.1,µM,0.1,mM,100.0,nl,40.0,µl,trt,S1714,"Autophagy,DNA/RNA Synthesis",DNA Damage,60750.0,NC1=NC(=O)N(C=C1)C2OC(CO)C(O)C2(F)F,SDUQYLNIPVEERB-QPPQHZFASA-N,Cytotoxic,Launched,HT29,Antimetabolite
spher-colo52-v1-ULA-PB000142-HT29-48h-P2-L1,G10,4191,5574,PB000142,PB000142_G10,colo-034,Rabusertib (LY2603618),dmso,3.0,µM,10.0,mM,30.0,nl,40.0,µl,trt,S2626,Chk,Cell Cycle,11955855.0,CC1=NC=C(NC(=O)NC2=C(OCC3CNCCO3)C=C(C)C(=C2)Br)N=C1,SYYBDNPGDKKJDU-ZDUSSCGKSA-N,Targeted,Phase 2,HT29,
spher-colo52-v1-ULA-PB000142-HT29-48h-P2-L1,G11,4191,5574,PB000142,PB000142_G11,colo-015,Triciribine,dmso,0.3,µM,1.0,mM,30.0,nl,40.0,µl,trt,S1117,Akt,PI3K/Akt/mTOR,65399.0,CN1N=C(N)C2=C[N](C3OC(CO)C(O)C3O)C4=C2C1=NC=N4,HOGVTUZUJGHKPL-HTVVRFAVSA-N,Targeted,Phase 1/Phase 2,HT29,
spher-colo52-v1-ULA-PB000142-HT29-48h-P2-L1,G12,4191,5574,PB000142,PB000142_G12,colo-031,Sapitinib (AZD8931),dmso,1.0,µM,1.0,mM,100.0,nl,40.0,µl,trt,S2192,"EGFR,HER2",Protein Tyrosine Kinase,11488320.0,CNC(=O)CN1CCC(CC1)OC2=C(OC)C=C3N=CN=C(NC4=C(F)C(=CC=C4)Cl)C3=C2,DFJSJLGUIXFDJP-UHFFFAOYSA-N,Targeted,Phase 2,HT29,
spher-colo52-v1-ULA-PB000142-HT29-48h-P2-L1,G13,4191,5574,PB000142,PB000142_G13,dmso,dmso,dmso,0.1,µM,100.0,%,100.0,nl,40.0,µl,neg_con,D2438,control,,679.0,CS(=O)C,IAZDPXIOMUYVGZ-UHFFFAOYSA-N,,,HT29,
spher-colo52-v1-ULA-PB000142-HT29-48h-P2-L1,G14,4191,5574,PB000142,PB000142_G14,colo-017,Tanespimycin (17-AAG),dmso,1.0,µM,1.0,mM,100.0,nl,40.0,µl,trt,S1141,HSP (e.g. HSP90),Cytoskeletal Signaling,6505803.0,COC1CC(C)CC2=C(NCC=C)C(=O)C=C(NC(=O)C(=C\C=C/C(OC)C(OC(N)=O)/C(=C/C(C)C1O)C)\C)C2=O,AYUNIORJHRXIBJ-TXHRRWQRSA-N,Targeted,Phase 3,HT29,
spher-colo52-v1-ULA-PB000142-HT29-48h-P2-L1,G15,4191,5574,PB000142,PB000142_G15,colo-009,"Olaparib (AZD2281, Ku-0059436)",dmso,3.0,µM,10.0,mM,30.0,nl,40.0,µl,trt,S1060,PARP,DNA Damage,23725625.0,FC1=C(C=C(CC2=NNC(=O)C3=C2C=CC=C3)C=C1)C(=O)N4CCN(CC4)C(=O)C5CC5,FDLYAMZZIXQODN-UHFFFAOYSA-N,Targeted,Launched,HT29,PARPi
spher-colo52-v1-ULA-PB000142-HT29-48h-P2-L1,G16,4191,5574,PB000142,PB000142_G16,colo-007,PI-103,dmso,3.0,µM,10.0,mM,30.0,nl,40.0,µl,trt,S1038,"Autophagy,DNA-PK,mTOR,PI3K",PI3K/Akt/mTOR,9884685.0,OC1=CC(=CC=C1)C2=NC3=C(OC4=C3C=CC=N4)C(=N2)N5CCOCC5,TUVCWJQQGGETHL-UHFFFAOYSA-N,Targeted,Preclinical,HT29,
spher-colo52-v1-ULA-PB000142-HT29-48h-P2-L1,G17,4191,5574,PB000142,PB000142_G17,colo-004,Bortezomib (PS-341),dmso,0.01,µM,0.01,mM,100.0,nl,40.0,µl,trt,S1013,Proteasome,Proteases,387447.0,CC(C)CC(NC(=O)C(CC1=CC=CC=C1)NC(=O)C2=NC=CN=C2)B(O)O,GXJABQQUPOEUTA-RDJZCZTQSA-N,Targeted,Launched,HT29,
spher-colo52-v1-ULA-PB000142-HT29-48h-P2-L1,G18,4191,5574,PB000142,PB000142_G18,colo-015,Triciribine,dmso,3.0,µM,10.0,mM,30.0,nl,40.0,µl,trt,S1117,Akt,PI3K/Akt/mTOR,65399.0,CN1N=C(N)C2=C[N](C3OC(CO)C(O)C3O)C4=C2C1=NC=N4,HOGVTUZUJGHKPL-HTVVRFAVSA-N,Targeted,Phase 1/Phase 2,HT29,
spher-colo52-v1-ULA-PB000142-HT29-48h-P2-L1,G19,4191,5574,PB000142,PB000142_G19,colo-002,Veliparib (ABT-888),dmso,10.0,µM,10.0,mM,100.0,nl,40.0,µl,trt,S1004,PARP,DNA Damage,11960529.0,CC1(CCCN1)C2=NC3=C(C=CC=C3[NH]2)C(N)=O,JNAHVYVRKWKWKQ-CYBMUJFWSA-N,Targeted,Phase 3,HT29,PARPi
spher-colo52-v1-ULA-PB000142-HT29-48h-P2-L1,G20,4191,5574,PB000142,PB000142_G20,colo-005,Gefitinib (ZD1839),dmso,3.0,µM,10.0,mM,30.0,nl,40.0,µl,trt,S1025,EGFR,Protein Tyrosine Kinase,123631.0,COC1=C(OCCCN2CCOCC2)C=C3C(=NC=NC3=C1)NC4=CC=C(F)C(=C4)Cl,XGALLCVXEZPNRQ-UHFFFAOYSA-N,Targeted,Launched,HT29,
spher-colo52-v1-ULA-PB000142-HT29-48h-P2-L1,G21,4191,5574,PB000142,PB000142_G21,colo-017,Tanespimycin (17-AAG),dmso,0.3,µM,1.0,mM,30.0,nl,40.0,µl,trt,S1141,HSP (e.g. HSP90),Cytoskeletal Signaling,6505803.0,COC1CC(C)CC2=C(NCC=C)C(=O)C=C(NC(=O)C(=C\C=C/C(OC)C(OC(N)=O)/C(=C/C(C)C1O)C)\C)C2=O,AYUNIORJHRXIBJ-TXHRRWQRSA-N,Targeted,Phase 3,HT29,
spher-colo52-v1-ULA-PB000142-HT29-48h-P2-L1,G22,4191,5574,PB000142,PB000142_G22,colo-001,ABT-737,dmso,0.03,µM,0.1,mM,30.0,nl,40.0,µl,trt,S1002,"Bcl-2,Autophagy",Apoptosis,11228183.0,CN(C)CCC(CSC1=CC=CC=C1)NC2=CC=C(C=C2[N+]([O-])=O)[S](=O)(=O)NC(=O)C3=CC=C(C=C3)N4CCN(CC4)CC5=C(C=CC=C5)C6=CC=C(Cl)C=C6,HPLNQCPCUACXLM-PGUFJCEWSA-N,Targeted,Phase 1/Phase 2,HT29,
spher-colo52-v1-ULA-PB000142-HT29-48h-P2-L1,G23,4191,5574,PB000142,PB000142_G23,colo-022,"Vemurafenib (PLX4032, RG7204)",dmso,3.0,µM,10.0,mM,30.0,nl,40.0,µl,trt,S1267,Raf,MAPK,42611257.0,CCC[S](=O)(=O)NC1=CC=C(F)C(=C1F)C(=O)C2=C[NH]C3=NC=C(C=C23)C4=CC=C(Cl)C=C4,GPXBXXGIAQBQNI-UHFFFAOYSA-N,Targeted,Launched,HT29,
spher-colo52-v1-ULA-PB000142-HT29-48h-P2-L1,H02,4191,5574,PB000142,PB000142_H02,colo-020,"Fluorouracil (5-Fluoracil, 5-FU)",dmso,3.0,µM,10.0,mM,30.0,nl,40.0,µl,trt,S1209,DNA/RNA Synthesis,DNA Damage,3385.0,FC1=CNC(=O)NC1=O,GHASVSINZRGABV-UHFFFAOYSA-N,Cytotoxic,Launched,HT29,Antimetabolite
spher-colo52-v1-ULA-PB000142-HT29-48h-P2-L1,H03,4191,5574,PB000142,PB000142_H03,colo-016,BMS-754807,dmso,1.0,µM,1.0,mM,100.0,nl,40.0,µl,trt,S1124,"c-Met,IGF-1R,Trk receptor",Protein Tyrosine Kinase,24785538.0,CC1(CCCN1C2=N[N]3C=CC=C3C(=N2)NC4=N[NH]C(=C4)C5CC5)C(=O)NC6=CC=C(F)N=C6,LQVXSNNAFNGRAH-QHCPKHFHSA-N,Targeted,Phase 2,HT29,
spher-colo52-v1-ULA-PB000142-HT29-48h-P2-L1,H04,4191,5574,PB000142,PB000142_H04,colo-029,Trifluridine,dmso,10.0,µM,10.0,mM,100.0,nl,40.0,µl,trt,S1778,DNA/RNA Synthesis,DNA Damage,6256.0,OCC1OC(CC1O)N2C=C(C(=O)NC2=O)C(F)(F)F,VSQQQLOSPVPRAZ-RRKCRQDMSA-N,Cytotoxic,Launched,HT29,Antimetabolite
spher-colo52-v1-ULA-PB000142-HT29-48h-P2-L1,H05,4191,5574,PB000142,PB000142_H05,colo-021,Temozolomide,dmso,0.3,µM,1.0,mM,30.0,nl,40.0,µl,trt,S1237,"DNA/RNA Synthesis,Autophagy",DNA Damage,5394.0,CN1N=NC2=C(N=C[N]2C1=O)C(N)=O,BPEGJWRSRHCHSN-UHFFFAOYSA-N,Cytotoxic,Launched,HT29,Alkylator
spher-colo52-v1-ULA-PB000142-HT29-48h-P2-L1,H06,4191,5574,PB000142,PB000142_H06,colo-018,Paclitaxel,dmso,0.03,µM,0.1,mM,30.0,nl,40.0,µl,trt,S1150,"Autophagy,Microtubule Associated",Cytoskeletal Signaling,441276.0,CC(=O)OC1C(=O)C2(C)C(O)CC3OCC3(OC(C)=O)C2C(OC(=O)C4=CC=CC=C4)C5(O)CC(OC(=O)C(O)C(NC(=O)C6=CC=CC=C6)C7=CC=CC=C7)C(=C1C5(C)C)C,RCINICONZNJXQF-VAZQATRQSA-N,Cytotoxic,Preclinical,HT29,
spher-colo52-v1-ULA-PB000142-HT29-48h-P2-L1,H07,4191,5574,PB000142,PB000142_H07,colo-019,Regorafenib (BAY 73-4506),dmso,1.0,µM,1.0,mM,100.0,nl,40.0,µl,trt,S1178,"c-RET,VEGFR",Protein Tyrosine Kinase,11167602.0,CNC(=O)C1=CC(=CC=N1)OC2=CC(=C(NC(=O)NC3=CC=C(Cl)C(=C3)C(F)(F)F)C=C2)F,FNHKPVJBJVTLMP-UHFFFAOYSA-N,Targeted,Launched,HT29,
spher-colo52-v1-ULA-PB000142-HT29-48h-P2-L1,H08,4191,5574,PB000142,PB000142_H08,colo-029,Trifluridine,dmso,3.0,µM,10.0,mM,30.0,nl,40.0,µl,trt,S1778,DNA/RNA Synthesis,DNA Damage,6256.0,OCC1OC(CC1O)N2C=C(C(=O)NC2=O)C(F)(F)F,VSQQQLOSPVPRAZ-RRKCRQDMSA-N,Cytotoxic,Launched,HT29,Antimetabolite
spher-colo52-v1-ULA-PB000142-HT29-48h-P2-L1,H09,4191,5574,PB000142,PB000142_H09,colo-025,AZD7762,dmso,3.0,µM,10.0,mM,30.0,nl,40.0,µl,trt,S1532,Chk,Cell Cycle,11152667.0,NC(=O)NC1=C(SC(=C1)C2=CC(=CC=C2)F)C(=O)NC3CCCNC3,IAYGCINLNONXHY-LBPRGKRZSA-N,Targeted,Phase 1,HT29,
spher-colo52-v1-ULA-PB000142-HT29-48h-P2-L1,H10,4191,5574,PB000142,PB000142_H10,dmso,dmso,dmso,0.1,µM,100.0,%,100.0,nl,40.0,µl,neg_con,D2438,control,,679.0,CS(=O)C,IAZDPXIOMUYVGZ-UHFFFAOYSA-N,,,HT29,
spher-colo52-v1-ULA-PB000142-HT29-48h-P2-L1,H11,4191,5574,PB000142,PB000142_H11,colo-017,Tanespimycin (17-AAG),dmso,0.3,µM,1.0,mM,30.0,nl,40.0,µl,trt,S1141,HSP (e.g. HSP90),Cytoskeletal Signaling,6505803.0,COC1CC(C)CC2=C(NCC=C)C(=O)C=C(NC(=O)C(=C\C=C/C(OC)C(OC(N)=O)/C(=C/C(C)C1O)C)\C)C2=O,AYUNIORJHRXIBJ-TXHRRWQRSA-N,Targeted,Phase 3,HT29,
spher-colo52-v1-ULA-PB000142-HT29-48h-P2-L1,H12,4191,5574,PB000142,PB000142_H12,colo-002,Veliparib (ABT-888),dmso,0.3,µM,1.0,mM,30.0,nl,40.0,µl,trt,S1004,PARP,DNA Damage,11960529.0,CC1(CCCN1)C2=NC3=C(C=CC=C3[NH]2)C(N)=O,JNAHVYVRKWKWKQ-CYBMUJFWSA-N,Targeted,Phase 3,HT29,PARPi
spher-colo52-v1-ULA-PB000142-HT29-48h-P2-L1,H13,4191,5574,PB000142,PB000142_H13,colo-014,Linsitinib (OSI-906),dmso,10.0,µM,10.0,mM,100.0,nl,40.0,µl,trt,S1091,IGF-1R,Protein Tyrosine Kinase,11640390.0,CC1(O)CC(C1)C2=NC(=C3[N]2C=CN=C3N)C4=CC=C5C=CC(=NC5=C4)C6=CC=CC=C6,PKCDDUHJAFVJJB-UHFFFAOYSA-N,Targeted,Preclinical,HT29,
spher-colo52-v1-ULA-PB000142-HT29-48h-P2-L1,H14,4191,5574,PB000142,PB000142_H14,colo-032,Phenformin HCl,dmso,0.3,µM,1.0,mM,30.0,nl,40.0,µl,trt,S2542,AMPK,PI3K/Akt/mTOR,13266.0,Cl.NC(=N)NC(=N)NCCC1=CC=CC=C1,YSUCWSWKRIOILX-UHFFFAOYSA-N,,Launched,HT29,
spher-colo52-v1-ULA-PB000142-HT29-48h-P2-L1,H15,4191,5574,PB000142,PB000142_H15,colo-010,Nutlin-3,dmso,0.3,µM,1.0,mM,30.0,nl,40.0,µl,trt,S1061,"E3 Ligase ,Mdm2",Apoptosis,216345.0,COC1=CC(=C(C=C1)C2=NC(C(N2C(=O)N3CCNC(=O)C3)C4=CC=C(Cl)C=C4)C5=CC=C(Cl)C=C5)OC(C)C,BDUHCSBCVGXTJM-UHFFFAOYSA-N,Targeted,Preclinical,HT29,
spher-colo52-v1-ULA-PB000142-HT29-48h-P2-L1,H16,4191,5574,PB000142,PB000142_H16,colo-026,AZD8055,dmso,0.3,µM,1.0,mM,30.0,nl,40.0,µl,trt,S1555,mTOR,PI3K/Akt/mTOR,25262965.0,COC1=C(CO)C=C(C=C1)C2=NC3=C(C=C2)C(=NC(=N3)N4CCOCC4C)N5CCOCC5C,KVLFRAWTRWDEDF-IRXDYDNUSA-N,Targeted,Phase 1,HT29,
spher-colo52-v1-ULA-PB000142-HT29-48h-P2-L1,H17,4191,5574,PB000142,PB000142_H17,dmso,dmso,dmso,0.1,µM,100.0,%,100.0,nl,40.0,µl,neg_con,D2438,control,,679.0,CS(=O)C,IAZDPXIOMUYVGZ-UHFFFAOYSA-N,,,HT29,
spher-colo52-v1-ULA-PB000142-HT29-48h-P2-L1,H18,4191,5574,PB000142,PB000142_H18,colo-030,SB505124,dmso,1.0,µM,1.0,mM,100.0,nl,40.0,µl,trt,S2186,TGF-beta/Smad,TGF-beta/Smad,9858940.0,CC1=CC=CC(=N1)C2=C(N=C([NH]2)C(C)(C)C)C3=CC4=C(OCO4)C=C3,WGZOTBUYUFBEPZ-UHFFFAOYSA-N,Targeted,Preclinical,HT29,
spher-colo52-v1-ULA-PB000142-HT29-48h-P2-L1,H19,4191,5574,PB000142,PB000142_H19,colo-021,Temozolomide,dmso,3.0,µM,10.0,mM,30.0,nl,40.0,µl,trt,S1237,"DNA/RNA Synthesis,Autophagy",DNA Damage,5394.0,CN1N=NC2=C(N=C[N]2C1=O)C(N)=O,BPEGJWRSRHCHSN-UHFFFAOYSA-N,Cytotoxic,Launched,HT29,Alkylator
spher-colo52-v1-ULA-PB000142-HT29-48h-P2-L1,H20,4191,5574,PB000142,PB000142_H20,colo-030,SB505124,dmso,0.3,µM,1.0,mM,30.0,nl,40.0,µl,trt,S2186,TGF-beta/Smad,TGF-beta/Smad,9858940.0,CC1=CC=CC(=N1)C2=C(N=C([NH]2)C(C)(C)C)C3=CC4=C(OCO4)C=C3,WGZOTBUYUFBEPZ-UHFFFAOYSA-N,Targeted,Preclinical,HT29,
spher-colo52-v1-ULA-PB000142-HT29-48h-P2-L1,H21,4191,5574,PB000142,PB000142_H21,colo-021,Temozolomide,dmso,0.3,µM,1.0,mM,30.0,nl,40.0,µl,trt,S1237,"DNA/RNA Synthesis,Autophagy",DNA Damage,5394.0,CN1N=NC2=C(N=C[N]2C1=O)C(N)=O,BPEGJWRSRHCHSN-UHFFFAOYSA-N,Cytotoxic,Launched,HT29,Alkylator
spher-colo52-v1-ULA-PB000142-HT29-48h-P2-L1,H22,4191,5574,PB000142,PB000142_H22,colo-008,"Vorinostat (SAHA, MK0683)",dmso,1.0,µM,1.0,mM,100.0,nl,40.0,µl,trt,S1047,"Autophagy,HDAC",Epigenetics,5311.0,ONC(=O)CCCCCCC(=O)NC1=CC=CC=C1,WAEXFXRVDQXREF-UHFFFAOYSA-N,Targeted,Launched,HT29,
spher-colo52-v1-ULA-PB000142-HT29-48h-P2-L1,H23,4191,5574,PB000142,PB000142_H23,colo-015,Triciribine,dmso,3.0,µM,10.0,mM,30.0,nl,40.0,µl,trt,S1117,Akt,PI3K/Akt/mTOR,65399.0,CN1N=C(N)C2=C[N](C3OC(CO)C(O)C3O)C4=C2C1=NC=N4,HOGVTUZUJGHKPL-HTVVRFAVSA-N,Targeted,Phase 1/Phase 2,HT29,
spher-colo52-v1-ULA-PB000142-HT29-48h-P2-L1,I02,4191,5574,PB000142,PB000142_I02,colo-023,Ruxolitinib (INCB018424),dmso,10.0,µM,10.0,mM,100.0,nl,40.0,µl,trt,S1378,JAK,JAK/STAT,25126798.0,N#CCC(C1CCCC1)[N]2C=C(C=N2)C3=NC=NC4=C3C=C[NH]4,HFNKQEVNSGCOJV-OAHLLOKOSA-N,Targeted,Launched,HT29,
spher-colo52-v1-ULA-PB000142-HT29-48h-P2-L1,I03,4191,5574,PB000142,PB000142_I03,colo-024,Adavosertib （MK-1775）,dmso,0.3,µM,1.0,mM,30.0,nl,40.0,µl,trt,S1525,Wee1,Cell Cycle,24856436.0,CN1CCN(CC1)C2=CC=C(NC3=NC4=C(C=N3)C(=O)N(CC=C)N4C5=NC(=CC=C5)C(C)(C)O)C=C2,BKWJAKQVGHWELA-UHFFFAOYSA-N,Targeted,Phase 2,HT29,
spher-colo52-v1-ULA-PB000142-HT29-48h-P2-L1,I04,4191,5574,PB000142,PB000142_I04,colo-026,AZD8055,dmso,1.0,µM,1.0,mM,100.0,nl,40.0,µl,trt,S1555,mTOR,PI3K/Akt/mTOR,25262965.0,COC1=C(CO)C=C(C=C1)C2=NC3=C(C=C2)C(=NC(=N3)N4CCOCC4C)N5CCOCC5C,KVLFRAWTRWDEDF-IRXDYDNUSA-N,Targeted,Phase 1,HT29,
spher-colo52-v1-ULA-PB000142-HT29-48h-P2-L1,I05,4191,5574,PB000142,PB000142_I05,colo-019,Regorafenib (BAY 73-4506),dmso,0.3,µM,1.0,mM,30.0,nl,40.0,µl,trt,S1178,"c-RET,VEGFR",Protein Tyrosine Kinase,11167602.0,CNC(=O)C1=CC(=CC=N1)OC2=CC(=C(NC(=O)NC3=CC=C(Cl)C(=C3)C(F)(F)F)C=C2)F,FNHKPVJBJVTLMP-UHFFFAOYSA-N,Targeted,Launched,HT29,
spher-colo52-v1-ULA-PB000142-HT29-48h-P2-L1,I06,4191,5574,PB000142,PB000142_I06,fenb,fenb,dmso,2.5,µM,10.0,mM,25.0,nl,40.0,µl,pos_con,F0040000,tubulin beta chain,,3334.0,COC(=O)NC1=NC2=C(N1)C=C(C=C2)SC3=CC=CC=C3,HDDSHPAODJUKPD-UHFFFAOYSA-N,,,HT29,
spher-colo52-v1-ULA-PB000142-HT29-48h-P2-L1,I07,4191,5574,PB000142,PB000142_I07,colo-031,Sapitinib (AZD8931),dmso,10.0,µM,10.0,mM,100.0,nl,40.0,µl,trt,S2192,"EGFR,HER2",Protein Tyrosine Kinase,11488320.0,CNC(=O)CN1CCC(CC1)OC2=C(OC)C=C3N=CN=C(NC4=C(F)C(=CC=C4)Cl)C3=C2,DFJSJLGUIXFDJP-UHFFFAOYSA-N,Targeted,Phase 2,HT29,
spher-colo52-v1-ULA-PB000142-HT29-48h-P2-L1,I08,4191,5574,PB000142,PB000142_I08,colo-028,Gemcitabine,dmso,0.03,µM,0.1,mM,30.0,nl,40.0,µl,trt,S1714,"Autophagy,DNA/RNA Synthesis",DNA Damage,60750.0,NC1=NC(=O)N(C=C1)C2OC(CO)C(O)C2(F)F,SDUQYLNIPVEERB-QPPQHZFASA-N,Cytotoxic,Launched,HT29,Antimetabolite
spher-colo52-v1-ULA-PB000142-HT29-48h-P2-L1,I09,4191,5574,PB000142,PB000142_I09,colo-001,ABT-737,dmso,1.0,µM,1.0,mM,100.0,nl,40.0,µl,trt,S1002,"Bcl-2,Autophagy",Apoptosis,11228183.0,CN(C)CCC(CSC1=CC=CC=C1)NC2=CC=C(C=C2[N+]([O-])=O)[S](=O)(=O)NC(=O)C3=CC=C(C=C3)N4CCN(CC4)CC5=C(C=CC=C5)C6=CC=C(Cl)C=C6,HPLNQCPCUACXLM-PGUFJCEWSA-N,Targeted,Phase 1/Phase 2,HT29,
spher-colo52-v1-ULA-PB000142-HT29-48h-P2-L1,I10,4191,5574,PB000142,PB000142_I10,colo-022,"Vemurafenib (PLX4032, RG7204)",dmso,10.0,µM,10.0,mM,100.0,nl,40.0,µl,trt,S1267,Raf,MAPK,42611257.0,CCC[S](=O)(=O)NC1=CC=C(F)C(=C1F)C(=O)C2=C[NH]C3=NC=C(C=C23)C4=CC=C(Cl)C=C4,GPXBXXGIAQBQNI-UHFFFAOYSA-N,Targeted,Launched,HT29,
spher-colo52-v1-ULA-PB000142-HT29-48h-P2-L1,I11,4191,5574,PB000142,PB000142_I11,colo-008,"Vorinostat (SAHA, MK0683)",dmso,3.0,µM,10.0,mM,30.0,nl,40.0,µl,trt,S1047,"Autophagy,HDAC",Epigenetics,5311.0,ONC(=O)CCCCCCC(=O)NC1=CC=CC=C1,WAEXFXRVDQXREF-UHFFFAOYSA-N,Targeted,Launched,HT29,
spher-colo52-v1-ULA-PB000142-HT29-48h-P2-L1,I12,4191,5574,PB000142,PB000142_I12,colo-031,Sapitinib (AZD8931),dmso,10.0,µM,10.0,mM,100.0,nl,40.0,µl,trt,S2192,"EGFR,HER2",Protein Tyrosine Kinase,11488320.0,CNC(=O)CN1CCC(CC1)OC2=C(OC)C=C3N=CN=C(NC4=C(F)C(=CC=C4)Cl)C3=C2,DFJSJLGUIXFDJP-UHFFFAOYSA-N,Targeted,Phase 2,HT29,
spher-colo52-v1-ULA-PB000142-HT29-48h-P2-L1,I13,4191,5574,PB000142,PB000142_I13,colo-013,MK-2206 2HCl,dmso,10.0,µM,10.0,mM,100.0,nl,40.0,µl,trt,S1078,Akt,PI3K/Akt/mTOR,46930998.0,Cl.Cl.NC1(CCC1)C2=CC=C(C=C2)C3=C(C=C4C(=N3)C=CN5C(=O)NN=C45)C6=CC=CC=C6,HWUHTJIKQZZBRA-UHFFFAOYSA-N,Targeted,Preclinical,HT29,
spher-colo52-v1-ULA-PB000142-HT29-48h-P2-L1,I14,4191,5574,PB000142,PB000142_I14,colo-008,"Vorinostat (SAHA, MK0683)",dmso,1.0,µM,1.0,mM,100.0,nl,40.0,µl,trt,S1047,"Autophagy,HDAC",Epigenetics,5311.0,ONC(=O)CCCCCCC(=O)NC1=CC=CC=C1,WAEXFXRVDQXREF-UHFFFAOYSA-N,Targeted,Launched,HT29,
spher-colo52-v1-ULA-PB000142-HT29-48h-P2-L1,I15,4191,5574,PB000142,PB000142_I15,colo-001,ABT-737,dmso,0.3,µM,1.0,mM,30.0,nl,40.0,µl,trt,S1002,"Bcl-2,Autophagy",Apoptosis,11228183.0,CN(C)CCC(CSC1=CC=CC=C1)NC2=CC=C(C=C2[N+]([O-])=O)[S](=O)(=O)NC(=O)C3=CC=C(C=C3)N4CCN(CC4)CC5=C(C=CC=C5)C6=CC=C(Cl)C=C6,HPLNQCPCUACXLM-PGUFJCEWSA-N,Targeted,Phase 1/Phase 2,HT29,
spher-colo52-v1-ULA-PB000142-HT29-48h-P2-L1,I16,4191,5574,PB000142,PB000142_I16,colo-014,Linsitinib (OSI-906),dmso,10.0,µM,10.0,mM,100.0,nl,40.0,µl,trt,S1091,IGF-1R,Protein Tyrosine Kinase,11640390.0,CC1(O)CC(C1)C2=NC(=C3[N]2C=CN=C3N)C4=CC=C5C=CC(=NC5=C4)C6=CC=CC=C6,PKCDDUHJAFVJJB-UHFFFAOYSA-N,Targeted,Preclinical,HT29,
spher-colo52-v1-ULA-PB000142-HT29-48h-P2-L1,I17,4191,5574,PB000142,PB000142_I17,colo-029,Trifluridine,dmso,1.0,µM,1.0,mM,100.0,nl,40.0,µl,trt,S1778,DNA/RNA Synthesis,DNA Damage,6256.0,OCC1OC(CC1O)N2C=C(C(=O)NC2=O)C(F)(F)F,VSQQQLOSPVPRAZ-RRKCRQDMSA-N,Cytotoxic,Launched,HT29,Antimetabolite
spher-colo52-v1-ULA-PB000142-HT29-48h-P2-L1,I18,4191,5574,PB000142,PB000142_I18,colo-028,Gemcitabine,dmso,0.03,µM,0.1,mM,30.0,nl,40.0,µl,trt,S1714,"Autophagy,DNA/RNA Synthesis",DNA Damage,60750.0,NC1=NC(=O)N(C=C1)C2OC(CO)C(O)C2(F)F,SDUQYLNIPVEERB-QPPQHZFASA-N,Cytotoxic,Launched,HT29,Antimetabolite
spher-colo52-v1-ULA-PB000142-HT29-48h-P2-L1,I19,4191,5574,PB000142,PB000142_I19,colo-025,AZD7762,dmso,1.0,µM,1.0,mM,100.0,nl,40.0,µl,trt,S1532,Chk,Cell Cycle,11152667.0,NC(=O)NC1=C(SC(=C1)C2=CC(=CC=C2)F)C(=O)NC3CCCNC3,IAYGCINLNONXHY-LBPRGKRZSA-N,Targeted,Phase 1,HT29,
spher-colo52-v1-ULA-PB000142-HT29-48h-P2-L1,I20,4191,5574,PB000142,PB000142_I20,colo-032,Phenformin HCl,dmso,1.0,µM,1.0,mM,100.0,nl,40.0,µl,trt,S2542,AMPK,PI3K/Akt/mTOR,13266.0,Cl.NC(=N)NC(=N)NCCC1=CC=CC=C1,YSUCWSWKRIOILX-UHFFFAOYSA-N,,Launched,HT29,
spher-colo52-v1-ULA-PB000142-HT29-48h-P2-L1,I21,4191,5574,PB000142,PB000142_I21,dmso,dmso,dmso,0.1,µM,100.0,%,100.0,nl,40.0,µl,neg_con,D2438,control,,679.0,CS(=O)C,IAZDPXIOMUYVGZ-UHFFFAOYSA-N,,,HT29,
spher-colo52-v1-ULA-PB000142-HT29-48h-P2-L1,I22,4191,5574,PB000142,PB000142_I22,colo-016,BMS-754807,dmso,3.0,µM,10.0,mM,30.0,nl,40.0,µl,trt,S1124,"c-Met,IGF-1R,Trk receptor",Protein Tyrosine Kinase,24785538.0,CC1(CCCN1C2=N[N]3C=CC=C3C(=N2)NC4=N[NH]C(=C4)C5CC5)C(=O)NC6=CC=C(F)N=C6,LQVXSNNAFNGRAH-QHCPKHFHSA-N,Targeted,Phase 2,HT29,
spher-colo52-v1-ULA-PB000142-HT29-48h-P2-L1,I23,4191,5574,PB000142,PB000142_I23,colo-034,Rabusertib (LY2603618),dmso,10.0,µM,10.0,mM,100.0,nl,40.0,µl,trt,S2626,Chk,Cell Cycle,11955855.0,CC1=NC=C(NC(=O)NC2=C(OCC3CNCCO3)C=C(C)C(=C2)Br)N=C1,SYYBDNPGDKKJDU-ZDUSSCGKSA-N,Targeted,Phase 2,HT29,
spher-colo52-v1-ULA-PB000142-HT29-48h-P2-L1,J02,4191,5574,PB000142,PB000142_J02,colo-021,Temozolomide,dmso,3.0,µM,10.0,mM,30.0,nl,40.0,µl,trt,S1237,"DNA/RNA Synthesis,Autophagy",DNA Damage,5394.0,CN1N=NC2=C(N=C[N]2C1=O)C(N)=O,BPEGJWRSRHCHSN-UHFFFAOYSA-N,Cytotoxic,Launched,HT29,Alkylator
spher-colo52-v1-ULA-PB000142-HT29-48h-P2-L1,J03,4191,5574,PB000142,PB000142_J03,dmso,dmso,dmso,0.1,µM,100.0,%,100.0,nl,40.0,µl,neg_con,D2438,control,,679.0,CS(=O)C,IAZDPXIOMUYVGZ-UHFFFAOYSA-N,,,HT29,
spher-colo52-v1-ULA-PB000142-HT29-48h-P2-L1,J04,4191,5574,PB000142,PB000142_J04,colo-017,Tanespimycin (17-AAG),dmso,1.0,µM,1.0,mM,100.0,nl,40.0,µl,trt,S1141,HSP (e.g. HSP90),Cytoskeletal Signaling,6505803.0,COC1CC(C)CC2=C(NCC=C)C(=O)C=C(NC(=O)C(=C\C=C/C(OC)C(OC(N)=O)/C(=C/C(C)C1O)C)\C)C2=O,AYUNIORJHRXIBJ-TXHRRWQRSA-N,Targeted,Phase 3,HT29,
spher-colo52-v1-ULA-PB000142-HT29-48h-P2-L1,J05,4191,5574,PB000142,PB000142_J05,colo-028,Gemcitabine,dmso,0.3,µM,1.0,mM,30.0,nl,40.0,µl,trt,S1714,"Autophagy,DNA/RNA Synthesis",DNA Damage,60750.0,NC1=NC(=O)N(C=C1)C2OC(CO)C(O)C2(F)F,SDUQYLNIPVEERB-QPPQHZFASA-N,Cytotoxic,Launched,HT29,Antimetabolite
spher-colo52-v1-ULA-PB000142-HT29-48h-P2-L1,J06,4191,5574,PB000142,PB000142_J06,colo-035,Trametinib (GSK1120212),dmso,1.0,µM,1.0,mM,100.0,nl,40.0,µl,trt,S2673,MEK,MAPK,11707110.0,CN1C(=O)C(=C2N(C(=O)N(C3CC3)C(=O)C2=C1NC4=CC=C(I)C=C4F)C5=CC(=CC=C5)NC(C)=O)C,LIRYPHYGHXZJBZ-UHFFFAOYSA-N,Targeted,Launched,HT29,
spher-colo52-v1-ULA-PB000142-HT29-48h-P2-L1,J07,4191,5574,PB000142,PB000142_J07,colo-024,Adavosertib （MK-1775）,dmso,10.0,µM,10.0,mM,100.0,nl,40.0,µl,trt,S1525,Wee1,Cell Cycle,24856436.0,CN1CCN(CC1)C2=CC=C(NC3=NC4=C(C=N3)C(=O)N(CC=C)N4C5=NC(=CC=C5)C(C)(C)O)C=C2,BKWJAKQVGHWELA-UHFFFAOYSA-N,Targeted,Phase 2,HT29,
spher-colo52-v1-ULA-PB000142-HT29-48h-P2-L1,J08,4191,5574,PB000142,PB000142_J08,colo-005,Gefitinib (ZD1839),dmso,1.0,µM,1.0,mM,100.0,nl,40.0,µl,trt,S1025,EGFR,Protein Tyrosine Kinase,123631.0,COC1=C(OCCCN2CCOCC2)C=C3C(=NC=NC3=C1)NC4=CC=C(F)C(=C4)Cl,XGALLCVXEZPNRQ-UHFFFAOYSA-N,Targeted,Launched,HT29,
spher-colo52-v1-ULA-PB000142-HT29-48h-P2-L1,J09,4191,5574,PB000142,PB000142_J09,colo-003,Afatinib (BIBW2992),dmso,3.0,µM,10.0,mM,30.0,nl,40.0,µl,trt,S1011,"EGFR,HER2",Protein Tyrosine Kinase,10184653.0,CN(C)C/C=C/C(=O)NC1=CC2=C(NC3=CC=C(F)C(=C3)Cl)N=CN=C2C=C1OC4CCOC4,ULXXDDBFHOBEHA-CWDCEQMOSA-N,Targeted,Launched,HT29,
spher-colo52-v1-ULA-PB000142-HT29-48h-P2-L1,J10,4191,5574,PB000142,PB000142_J10,colo-018,Paclitaxel,dmso,0.1,µM,0.1,mM,100.0,nl,40.0,µl,trt,S1150,"Autophagy,Microtubule Associated",Cytoskeletal Signaling,441276.0,CC(=O)OC1C(=O)C2(C)C(O)CC3OCC3(OC(C)=O)C2C(OC(=O)C4=CC=CC=C4)C5(O)CC(OC(=O)C(O)C(NC(=O)C6=CC=CC=C6)C7=CC=CC=C7)C(=C1C5(C)C)C,RCINICONZNJXQF-VAZQATRQSA-N,Cytotoxic,Preclinical,HT29,
spher-colo52-v1-ULA-PB000142-HT29-48h-P2-L1,J11,4191,5574,PB000142,PB000142_J11,colo-024,Adavosertib （MK-1775）,dmso,0.3,µM,1.0,mM,30.0,nl,40.0,µl,trt,S1525,Wee1,Cell Cycle,24856436.0,CN1CCN(CC1)C2=CC=C(NC3=NC4=C(C=N3)C(=O)N(CC=C)N4C5=NC(=CC=C5)C(C)(C)O)C=C2,BKWJAKQVGHWELA-UHFFFAOYSA-N,Targeted,Phase 2,HT29,
spher-colo52-v1-ULA-PB000142-HT29-48h-P2-L1,J12,4191,5574,PB000142,PB000142_J12,colo-019,Regorafenib (BAY 73-4506),dmso,10.0,µM,10.0,mM,100.0,nl,40.0,µl,trt,S1178,"c-RET,VEGFR",Protein Tyrosine Kinase,11167602.0,CNC(=O)C1=CC(=CC=N1)OC2=CC(=C(NC(=O)NC3=CC=C(Cl)C(=C3)C(F)(F)F)C=C2)F,FNHKPVJBJVTLMP-UHFFFAOYSA-N,Targeted,Launched,HT29,
spher-colo52-v1-ULA-PB000142-HT29-48h-P2-L1,J13,4191,5574,PB000142,PB000142_J13,colo-025,AZD7762,dmso,1.0,µM,1.0,mM,100.0,nl,40.0,µl,trt,S1532,Chk,Cell Cycle,11152667.0,NC(=O)NC1=C(SC(=C1)C2=CC(=CC=C2)F)C(=O)NC3CCCNC3,IAYGCINLNONXHY-LBPRGKRZSA-N,Targeted,Phase 1,HT29,
spher-colo52-v1-ULA-PB000142-HT29-48h-P2-L1,J14,4191,5574,PB000142,PB000142_J14,dmso,dmso,dmso,0.1,µM,100.0,%,100.0,nl,40.0,µl,neg_con,D2438,control,,679.0,CS(=O)C,IAZDPXIOMUYVGZ-UHFFFAOYSA-N,,,HT29,
spher-colo52-v1-ULA-PB000142-HT29-48h-P2-L1,J15,4191,5574,PB000142,PB000142_J15,colo-022,"Vemurafenib (PLX4032, RG7204)",dmso,1.0,µM,1.0,mM,100.0,nl,40.0,µl,trt,S1267,Raf,MAPK,42611257.0,CCC[S](=O)(=O)NC1=CC=C(F)C(=C1F)C(=O)C2=C[NH]C3=NC=C(C=C23)C4=CC=C(Cl)C=C4,GPXBXXGIAQBQNI-UHFFFAOYSA-N,Targeted,Launched,HT29,
spher-colo52-v1-ULA-PB000142-HT29-48h-P2-L1,J16,4191,5574,PB000142,PB000142_J16,colo-013,MK-2206 2HCl,dmso,1.0,µM,1.0,mM,100.0,nl,40.0,µl,trt,S1078,Akt,PI3K/Akt/mTOR,46930998.0,Cl.Cl.NC1(CCC1)C2=CC=C(C=C2)C3=C(C=C4C(=N3)C=CN5C(=O)NN=C45)C6=CC=CC=C6,HWUHTJIKQZZBRA-UHFFFAOYSA-N,Targeted,Preclinical,HT29,
spher-colo52-v1-ULA-PB000142-HT29-48h-P2-L1,J17,4191,5574,PB000142,PB000142_J17,colo-003,Afatinib (BIBW2992),dmso,1.0,µM,1.0,mM,100.0,nl,40.0,µl,trt,S1011,"EGFR,HER2",Protein Tyrosine Kinase,10184653.0,CN(C)C/C=C/C(=O)NC1=CC2=C(NC3=CC=C(F)C(=C3)Cl)N=CN=C2C=C1OC4CCOC4,ULXXDDBFHOBEHA-CWDCEQMOSA-N,Targeted,Launched,HT29,
spher-colo52-v1-ULA-PB000142-HT29-48h-P2-L1,J18,4191,5574,PB000142,PB000142_J18,colo-013,MK-2206 2HCl,dmso,10.0,µM,10.0,mM,100.0,nl,40.0,µl,trt,S1078,Akt,PI3K/Akt/mTOR,46930998.0,Cl.Cl.NC1(CCC1)C2=CC=C(C=C2)C3=C(C=C4C(=N3)C=CN5C(=O)NN=C45)C6=CC=CC=C6,HWUHTJIKQZZBRA-UHFFFAOYSA-N,Targeted,Preclinical,HT29,
spher-colo52-v1-ULA-PB000142-HT29-48h-P2-L1,J19,4191,5574,PB000142,PB000142_J19,colo-004,Bortezomib (PS-341),dmso,0.003,µM,0.01,mM,30.0,nl,40.0,µl,trt,S1013,Proteasome,Proteases,387447.0,CC(C)CC(NC(=O)C(CC1=CC=CC=C1)NC(=O)C2=NC=CN=C2)B(O)O,GXJABQQUPOEUTA-RDJZCZTQSA-N,Targeted,Launched,HT29,
spher-colo52-v1-ULA-PB000142-HT29-48h-P2-L1,J20,4191,5574,PB000142,PB000142_J20,colo-005,Gefitinib (ZD1839),dmso,0.3,µM,1.0,mM,30.0,nl,40.0,µl,trt,S1025,EGFR,Protein Tyrosine Kinase,123631.0,COC1=C(OCCCN2CCOCC2)C=C3C(=NC=NC3=C1)NC4=CC=C(F)C(=C4)Cl,XGALLCVXEZPNRQ-UHFFFAOYSA-N,Targeted,Launched,HT29,
spher-colo52-v1-ULA-PB000142-HT29-48h-P2-L1,J21,4191,5574,PB000142,PB000142_J21,colo-001,ABT-737,dmso,0.3,µM,1.0,mM,30.0,nl,40.0,µl,trt,S1002,"Bcl-2,Autophagy",Apoptosis,11228183.0,CN(C)CCC(CSC1=CC=CC=C1)NC2=CC=C(C=C2[N+]([O-])=O)[S](=O)(=O)NC(=O)C3=CC=C(C=C3)N4CCN(CC4)CC5=C(C=CC=C5)C6=CC=C(Cl)C=C6,HPLNQCPCUACXLM-PGUFJCEWSA-N,Targeted,Phase 1/Phase 2,HT29,
spher-colo52-v1-ULA-PB000142-HT29-48h-P2-L1,J22,4191,5574,PB000142,PB000142_J22,colo-011,Crizotinib (PF-02341066),dmso,3.0,µM,10.0,mM,30.0,nl,40.0,µl,trt,S1068,"ALK,c-Met",Protein Tyrosine Kinase,11626560.0,CC(OC1=C(N)N=CC(=C1)C2=C[N](N=C2)C3CCNCC3)C4=C(Cl)C=CC(=C4Cl)F,KTEIFNKAUNYNJU-GFCCVEGCSA-N,Targeted,Launched,HT29,
spher-colo52-v1-ULA-PB000142-HT29-48h-P2-L1,J23,4191,5574,PB000142,PB000142_J23,colo-022,"Vemurafenib (PLX4032, RG7204)",dmso,0.3,µM,1.0,mM,30.0,nl,40.0,µl,trt,S1267,Raf,MAPK,42611257.0,CCC[S](=O)(=O)NC1=CC=C(F)C(=C1F)C(=O)C2=C[NH]C3=NC=C(C=C23)C4=CC=C(Cl)C=C4,GPXBXXGIAQBQNI-UHFFFAOYSA-N,Targeted,Launched,HT29,
spher-colo52-v1-ULA-PB000142-HT29-48h-P2-L1,K02,4191,5574,PB000142,PB000142_K02,colo-004,Bortezomib (PS-341),dmso,0.01,µM,0.01,mM,100.0,nl,40.0,µl,trt,S1013,Proteasome,Proteases,387447.0,CC(C)CC(NC(=O)C(CC1=CC=CC=C1)NC(=O)C2=NC=CN=C2)B(O)O,GXJABQQUPOEUTA-RDJZCZTQSA-N,Targeted,Launched,HT29,
spher-colo52-v1-ULA-PB000142-HT29-48h-P2-L1,K03,4191,5574,PB000142,PB000142_K03,colo-006,PD0325901,dmso,1.0,µM,1.0,mM,100.0,nl,40.0,µl,trt,S1036,MEK,MAPK,9826528.0,OCC(O)CONC(=O)C1=C(NC2=CC=C(I)C=C2F)C(=C(F)C=C1)F,SUDAHWBOROXANE-SECBINFHSA-N,Targeted,Phase 2,HT29,
spher-colo52-v1-ULA-PB000142-HT29-48h-P2-L1,K04,4191,5574,PB000142,PB000142_K04,colo-022,"Vemurafenib (PLX4032, RG7204)",dmso,10.0,µM,10.0,mM,100.0,nl,40.0,µl,trt,S1267,Raf,MAPK,42611257.0,CCC[S](=O)(=O)NC1=CC=C(F)C(=C1F)C(=O)C2=C[NH]C3=NC=C(C=C23)C4=CC=C(Cl)C=C4,GPXBXXGIAQBQNI-UHFFFAOYSA-N,Targeted,Launched,HT29,
spher-colo52-v1-ULA-PB000142-HT29-48h-P2-L1,K05,4191,5574,PB000142,PB000142_K05,colo-021,Temozolomide,dmso,10.0,µM,10.0,mM,100.0,nl,40.0,µl,trt,S1237,"DNA/RNA Synthesis,Autophagy",DNA Damage,5394.0,CN1N=NC2=C(N=C[N]2C1=O)C(N)=O,BPEGJWRSRHCHSN-UHFFFAOYSA-N,Cytotoxic,Launched,HT29,Alkylator
spher-colo52-v1-ULA-PB000142-HT29-48h-P2-L1,K06,4191,5574,PB000142,PB000142_K06,colo-010,Nutlin-3,dmso,1.0,µM,1.0,mM,100.0,nl,40.0,µl,trt,S1061,"E3 Ligase ,Mdm2",Apoptosis,216345.0,COC1=CC(=C(C=C1)C2=NC(C(N2C(=O)N3CCNC(=O)C3)C4=CC=C(Cl)C=C4)C5=CC=C(Cl)C=C5)OC(C)C,BDUHCSBCVGXTJM-UHFFFAOYSA-N,Targeted,Preclinical,HT29,
spher-colo52-v1-ULA-PB000142-HT29-48h-P2-L1,K07,4191,5574,PB000142,PB000142_K07,colo-001,ABT-737,dmso,1.0,µM,1.0,mM,100.0,nl,40.0,µl,trt,S1002,"Bcl-2,Autophagy",Apoptosis,11228183.0,CN(C)CCC(CSC1=CC=CC=C1)NC2=CC=C(C=C2[N+]([O-])=O)[S](=O)(=O)NC(=O)C3=CC=C(C=C3)N4CCN(CC4)CC5=C(C=CC=C5)C6=CC=C(Cl)C=C6,HPLNQCPCUACXLM-PGUFJCEWSA-N,Targeted,Phase 1/Phase 2,HT29,
spher-colo52-v1-ULA-PB000142-HT29-48h-P2-L1,K08,4191,5574,PB000142,PB000142_K08,colo-031,Sapitinib (AZD8931),dmso,3.0,µM,10.0,mM,30.0,nl,40.0,µl,trt,S2192,"EGFR,HER2",Protein Tyrosine Kinase,11488320.0,CNC(=O)CN1CCC(CC1)OC2=C(OC)C=C3N=CN=C(NC4=C(F)C(=CC=C4)Cl)C3=C2,DFJSJLGUIXFDJP-UHFFFAOYSA-N,Targeted,Phase 2,HT29,
spher-colo52-v1-ULA-PB000142-HT29-48h-P2-L1,K09,4191,5574,PB000142,PB000142_K09,colo-022,"Vemurafenib (PLX4032, RG7204)",dmso,1.0,µM,1.0,mM,100.0,nl,40.0,µl,trt,S1267,Raf,MAPK,42611257.0,CCC[S](=O)(=O)NC1=CC=C(F)C(=C1F)C(=O)C2=C[NH]C3=NC=C(C=C23)C4=CC=C(Cl)C=C4,GPXBXXGIAQBQNI-UHFFFAOYSA-N,Targeted,Launched,HT29,
spher-colo52-v1-ULA-PB000142-HT29-48h-P2-L1,K10,4191,5574,PB000142,PB000142_K10,colo-015,Triciribine,dmso,10.0,µM,10.0,mM,100.0,nl,40.0,µl,trt,S1117,Akt,PI3K/Akt/mTOR,65399.0,CN1N=C(N)C2=C[N](C3OC(CO)C(O)C3O)C4=C2C1=NC=N4,HOGVTUZUJGHKPL-HTVVRFAVSA-N,Targeted,Phase 1/Phase 2,HT29,
spher-colo52-v1-ULA-PB000142-HT29-48h-P2-L1,K11,4191,5574,PB000142,PB000142_K11,dmso,dmso,dmso,0.1,µM,100.0,%,100.0,nl,40.0,µl,neg_con,D2438,control,,679.0,CS(=O)C,IAZDPXIOMUYVGZ-UHFFFAOYSA-N,,,HT29,
spher-colo52-v1-ULA-PB000142-HT29-48h-P2-L1,K12,4191,5574,PB000142,PB000142_K12,colo-022,"Vemurafenib (PLX4032, RG7204)",dmso,0.3,µM,1.0,mM,30.0,nl,40.0,µl,trt,S1267,Raf,MAPK,42611257.0,CCC[S](=O)(=O)NC1=CC=C(F)C(=C1F)C(=O)C2=C[NH]C3=NC=C(C=C23)C4=CC=C(Cl)C=C4,GPXBXXGIAQBQNI-UHFFFAOYSA-N,Targeted,Launched,HT29,
spher-colo52-v1-ULA-PB000142-HT29-48h-P2-L1,K13,4191,5574,PB000142,PB000142_K13,colo-006,PD0325901,dmso,0.3,µM,1.0,mM,30.0,nl,40.0,µl,trt,S1036,MEK,MAPK,9826528.0,OCC(O)CONC(=O)C1=C(NC2=CC=C(I)C=C2F)C(=C(F)C=C1)F,SUDAHWBOROXANE-SECBINFHSA-N,Targeted,Phase 2,HT29,
spher-colo52-v1-ULA-PB000142-HT29-48h-P2-L1,K14,4191,5574,PB000142,PB000142_K14,colo-020,"Fluorouracil (5-Fluoracil, 5-FU)",dmso,3.0,µM,10.0,mM,30.0,nl,40.0,µl,trt,S1209,DNA/RNA Synthesis,DNA Damage,3385.0,FC1=CNC(=O)NC1=O,GHASVSINZRGABV-UHFFFAOYSA-N,Cytotoxic,Launched,HT29,Antimetabolite
spher-colo52-v1-ULA-PB000142-HT29-48h-P2-L1,K15,4191,5574,PB000142,PB000142_K15,colo-012,SB216763,dmso,3.0,µM,10.0,mM,30.0,nl,40.0,µl,trt,S1075,GSK-3,PI3K/Akt/mTOR,176158.0,C[N]1C=C(C2=C1C=CC=C2)C3=C(C(=O)NC3=O)C4=CC=C(Cl)C=C4Cl,JCSGFHVFHSKIJH-UHFFFAOYSA-N,Targeted,Preclinical,HT29,
spher-colo52-v1-ULA-PB000142-HT29-48h-P2-L1,K16,4191,5574,PB000142,PB000142_K16,colo-001,ABT-737,dmso,0.1,µM,0.1,mM,100.0,nl,40.0,µl,trt,S1002,"Bcl-2,Autophagy",Apoptosis,11228183.0,CN(C)CCC(CSC1=CC=CC=C1)NC2=CC=C(C=C2[N+]([O-])=O)[S](=O)(=O)NC(=O)C3=CC=C(C=C3)N4CCN(CC4)CC5=C(C=CC=C5)C6=CC=C(Cl)C=C6,HPLNQCPCUACXLM-PGUFJCEWSA-N,Targeted,Phase 1/Phase 2,HT29,
spher-colo52-v1-ULA-PB000142-HT29-48h-P2-L1,K17,4191,5574,PB000142,PB000142_K17,colo-007,PI-103,dmso,10.0,µM,10.0,mM,100.0,nl,40.0,µl,trt,S1038,"Autophagy,DNA-PK,mTOR,PI3K",PI3K/Akt/mTOR,9884685.0,OC1=CC(=CC=C1)C2=NC3=C(OC4=C3C=CC=N4)C(=N2)N5CCOCC5,TUVCWJQQGGETHL-UHFFFAOYSA-N,Targeted,Preclinical,HT29,
spher-colo52-v1-ULA-PB000142-HT29-48h-P2-L1,K18,4191,5574,PB000142,PB000142_K18,colo-021,Temozolomide,dmso,10.0,µM,10.0,mM,100.0,nl,40.0,µl,trt,S1237,"DNA/RNA Synthesis,Autophagy",DNA Damage,5394.0,CN1N=NC2=C(N=C[N]2C1=O)C(N)=O,BPEGJWRSRHCHSN-UHFFFAOYSA-N,Cytotoxic,Launched,HT29,Alkylator
spher-colo52-v1-ULA-PB000142-HT29-48h-P2-L1,K19,4191,5574,PB000142,PB000142_K19,colo-018,Paclitaxel,dmso,0.01,µM,0.01,mM,100.0,nl,40.0,µl,trt,S1150,"Autophagy,Microtubule Associated",Cytoskeletal Signaling,441276.0,CC(=O)OC1C(=O)C2(C)C(O)CC3OCC3(OC(C)=O)C2C(OC(=O)C4=CC=CC=C4)C5(O)CC(OC(=O)C(O)C(NC(=O)C6=CC=CC=C6)C7=CC=CC=C7)C(=C1C5(C)C)C,RCINICONZNJXQF-VAZQATRQSA-N,Cytotoxic,Preclinical,HT29,
spher-colo52-v1-ULA-PB000142-HT29-48h-P2-L1,K20,4191,5574,PB000142,PB000142_K20,colo-027,Doramapimod (BIRB 796),dmso,3.0,µM,10.0,mM,30.0,nl,40.0,µl,trt,S1574,p38 MAPK,MAPK,156422.0,CC1=CC=C(C=C1)[N]2N=C(C=C2NC(=O)NC3=CC=C(OCCN4CCOCC4)C5=C3C=CC=C5)C(C)(C)C,MVCOAUNKQVWQHZ-UHFFFAOYSA-N,Targeted,Phase 2,HT29,
spher-colo52-v1-ULA-PB000142-HT29-48h-P2-L1,K21,4191,5574,PB000142,PB000142_K21,colo-030,SB505124,dmso,0.3,µM,1.0,mM,30.0,nl,40.0,µl,trt,S2186,TGF-beta/Smad,TGF-beta/Smad,9858940.0,CC1=CC=CC(=N1)C2=C(N=C([NH]2)C(C)(C)C)C3=CC4=C(OCO4)C=C3,WGZOTBUYUFBEPZ-UHFFFAOYSA-N,Targeted,Preclinical,HT29,
spher-colo52-v1-ULA-PB000142-HT29-48h-P2-L1,K22,4191,5574,PB000142,PB000142_K22,stau,stau,dmso,0.1,µM,0.1,mM,100.0,nl,40.0,µl,pos_con,HY-15141,pan protein inhibitor,,44259.0,CC12C(C(CC(O1)N3C4=CC=CC=C4C5=C6C(=C7C8=CC=CC=C8N2C7=C53)CNC6=O)NC)OC,HKSZLNNOFSGOKW-FYTWVXJKSA-N,,,HT29,
spher-colo52-v1-ULA-PB000142-HT29-48h-P2-L1,K23,4191,5574,PB000142,PB000142_K23,colo-004,Bortezomib (PS-341),dmso,0.1,µM,0.1,mM,100.0,nl,40.0,µl,trt,S1013,Proteasome,Proteases,387447.0,CC(C)CC(NC(=O)C(CC1=CC=CC=C1)NC(=O)C2=NC=CN=C2)B(O)O,GXJABQQUPOEUTA-RDJZCZTQSA-N,Targeted,Launched,HT29,
spher-colo52-v1-ULA-PB000142-HT29-48h-P2-L1,L02,4191,5574,PB000142,PB000142_L02,colo-002,Veliparib (ABT-888),dmso,3.0,µM,10.0,mM,30.0,nl,40.0,µl,trt,S1004,PARP,DNA Damage,11960529.0,CC1(CCCN1)C2=NC3=C(C=CC=C3[NH]2)C(N)=O,JNAHVYVRKWKWKQ-CYBMUJFWSA-N,Targeted,Phase 3,HT29,PARPi
spher-colo52-v1-ULA-PB000142-HT29-48h-P2-L1,L03,4191,5574,PB000142,PB000142_L03,colo-035,Trametinib (GSK1120212),dmso,0.3,µM,1.0,mM,30.0,nl,40.0,µl,trt,S2673,MEK,MAPK,11707110.0,CN1C(=O)C(=C2N(C(=O)N(C3CC3)C(=O)C2=C1NC4=CC=C(I)C=C4F)C5=CC(=CC=C5)NC(C)=O)C,LIRYPHYGHXZJBZ-UHFFFAOYSA-N,Targeted,Launched,HT29,
spher-colo52-v1-ULA-PB000142-HT29-48h-P2-L1,L04,4191,5574,PB000142,PB000142_L04,colo-030,SB505124,dmso,3.0,µM,10.0,mM,30.0,nl,40.0,µl,trt,S2186,TGF-beta/Smad,TGF-beta/Smad,9858940.0,CC1=CC=CC(=N1)C2=C(N=C([NH]2)C(C)(C)C)C3=CC4=C(OCO4)C=C3,WGZOTBUYUFBEPZ-UHFFFAOYSA-N,Targeted,Preclinical,HT29,
spher-colo52-v1-ULA-PB000142-HT29-48h-P2-L1,L05,4191,5574,PB000142,PB000142_L05,colo-031,Sapitinib (AZD8931),dmso,1.0,µM,1.0,mM,100.0,nl,40.0,µl,trt,S2192,"EGFR,HER2",Protein Tyrosine Kinase,11488320.0,CNC(=O)CN1CCC(CC1)OC2=C(OC)C=C3N=CN=C(NC4=C(F)C(=CC=C4)Cl)C3=C2,DFJSJLGUIXFDJP-UHFFFAOYSA-N,Targeted,Phase 2,HT29,
spher-colo52-v1-ULA-PB000142-HT29-48h-P2-L1,L06,4191,5574,PB000142,PB000142_L06,colo-035,Trametinib (GSK1120212),dmso,1.0,µM,1.0,mM,100.0,nl,40.0,µl,trt,S2673,MEK,MAPK,11707110.0,CN1C(=O)C(=C2N(C(=O)N(C3CC3)C(=O)C2=C1NC4=CC=C(I)C=C4F)C5=CC(=CC=C5)NC(C)=O)C,LIRYPHYGHXZJBZ-UHFFFAOYSA-N,Targeted,Launched,HT29,
spher-colo52-v1-ULA-PB000142-HT29-48h-P2-L1,L07,4191,5574,PB000142,PB000142_L07,dmso,dmso,dmso,0.1,µM,100.0,%,100.0,nl,40.0,µl,neg_con,D2438,control,,679.0,CS(=O)C,IAZDPXIOMUYVGZ-UHFFFAOYSA-N,,,HT29,
spher-colo52-v1-ULA-PB000142-HT29-48h-P2-L1,L08,4191,5574,PB000142,PB000142_L08,colo-012,SB216763,dmso,1.0,µM,1.0,mM,100.0,nl,40.0,µl,trt,S1075,GSK-3,PI3K/Akt/mTOR,176158.0,C[N]1C=C(C2=C1C=CC=C2)C3=C(C(=O)NC3=O)C4=CC=C(Cl)C=C4Cl,JCSGFHVFHSKIJH-UHFFFAOYSA-N,Targeted,Preclinical,HT29,
spher-colo52-v1-ULA-PB000142-HT29-48h-P2-L1,L09,4191,5574,PB000142,PB000142_L09,colo-003,Afatinib (BIBW2992),dmso,3.0,µM,10.0,mM,30.0,nl,40.0,µl,trt,S1011,"EGFR,HER2",Protein Tyrosine Kinase,10184653.0,CN(C)C/C=C/C(=O)NC1=CC2=C(NC3=CC=C(F)C(=C3)Cl)N=CN=C2C=C1OC4CCOC4,ULXXDDBFHOBEHA-CWDCEQMOSA-N,Targeted,Launched,HT29,
spher-colo52-v1-ULA-PB000142-HT29-48h-P2-L1,L10,4191,5574,PB000142,PB000142_L10,colo-020,"Fluorouracil (5-Fluoracil, 5-FU)",dmso,10.0,µM,10.0,mM,100.0,nl,40.0,µl,trt,S1209,DNA/RNA Synthesis,DNA Damage,3385.0,FC1=CNC(=O)NC1=O,GHASVSINZRGABV-UHFFFAOYSA-N,Cytotoxic,Launched,HT29,Antimetabolite
spher-colo52-v1-ULA-PB000142-HT29-48h-P2-L1,L11,4191,5574,PB000142,PB000142_L11,colo-012,SB216763,dmso,3.0,µM,10.0,mM,30.0,nl,40.0,µl,trt,S1075,GSK-3,PI3K/Akt/mTOR,176158.0,C[N]1C=C(C2=C1C=CC=C2)C3=C(C(=O)NC3=O)C4=CC=C(Cl)C=C4Cl,JCSGFHVFHSKIJH-UHFFFAOYSA-N,Targeted,Preclinical,HT29,
spher-colo52-v1-ULA-PB000142-HT29-48h-P2-L1,L12,4191,5574,PB000142,PB000142_L12,colo-007,PI-103,dmso,1.0,µM,1.0,mM,100.0,nl,40.0,µl,trt,S1038,"Autophagy,DNA-PK,mTOR,PI3K",PI3K/Akt/mTOR,9884685.0,OC1=CC(=CC=C1)C2=NC3=C(OC4=C3C=CC=N4)C(=N2)N5CCOCC5,TUVCWJQQGGETHL-UHFFFAOYSA-N,Targeted,Preclinical,HT29,
spher-colo52-v1-ULA-PB000142-HT29-48h-P2-L1,L13,4191,5574,PB000142,PB000142_L13,colo-016,BMS-754807,dmso,10.0,µM,10.0,mM,100.0,nl,40.0,µl,trt,S1124,"c-Met,IGF-1R,Trk receptor",Protein Tyrosine Kinase,24785538.0,CC1(CCCN1C2=N[N]3C=CC=C3C(=N2)NC4=N[NH]C(=C4)C5CC5)C(=O)NC6=CC=C(F)N=C6,LQVXSNNAFNGRAH-QHCPKHFHSA-N,Targeted,Phase 2,HT29,
spher-colo52-v1-ULA-PB000142-HT29-48h-P2-L1,L14,4191,5574,PB000142,PB000142_L14,colo-003,Afatinib (BIBW2992),dmso,10.0,µM,10.0,mM,100.0,nl,40.0,µl,trt,S1011,"EGFR,HER2",Protein Tyrosine Kinase,10184653.0,CN(C)C/C=C/C(=O)NC1=CC2=C(NC3=CC=C(F)C(=C3)Cl)N=CN=C2C=C1OC4CCOC4,ULXXDDBFHOBEHA-CWDCEQMOSA-N,Targeted,Launched,HT29,
spher-colo52-v1-ULA-PB000142-HT29-48h-P2-L1,L15,4191,5574,PB000142,PB000142_L15,colo-011,Crizotinib (PF-02341066),dmso,1.0,µM,1.0,mM,100.0,nl,40.0,µl,trt,S1068,"ALK,c-Met",Protein Tyrosine Kinase,11626560.0,CC(OC1=C(N)N=CC(=C1)C2=C[N](N=C2)C3CCNCC3)C4=C(Cl)C=CC(=C4Cl)F,KTEIFNKAUNYNJU-GFCCVEGCSA-N,Targeted,Launched,HT29,
spher-colo52-v1-ULA-PB000142-HT29-48h-P2-L1,L16,4191,5574,PB000142,PB000142_L16,colo-016,BMS-754807,dmso,1.0,µM,1.0,mM,100.0,nl,40.0,µl,trt,S1124,"c-Met,IGF-1R,Trk receptor",Protein Tyrosine Kinase,24785538.0,CC1(CCCN1C2=N[N]3C=CC=C3C(=N2)NC4=N[NH]C(=C4)C5CC5)C(=O)NC6=CC=C(F)N=C6,LQVXSNNAFNGRAH-QHCPKHFHSA-N,Targeted,Phase 2,HT29,
spher-colo52-v1-ULA-PB000142-HT29-48h-P2-L1,L17,4191,5574,PB000142,PB000142_L17,colo-034,Rabusertib (LY2603618),dmso,0.3,µM,1.0,mM,30.0,nl,40.0,µl,trt,S2626,Chk,Cell Cycle,11955855.0,CC1=NC=C(NC(=O)NC2=C(OCC3CNCCO3)C=C(C)C(=C2)Br)N=C1,SYYBDNPGDKKJDU-ZDUSSCGKSA-N,Targeted,Phase 2,HT29,
spher-colo52-v1-ULA-PB000142-HT29-48h-P2-L1,L18,4191,5574,PB000142,PB000142_L18,dmso,dmso,dmso,0.1,µM,100.0,%,100.0,nl,40.0,µl,neg_con,D2438,control,,679.0,CS(=O)C,IAZDPXIOMUYVGZ-UHFFFAOYSA-N,,,HT29,
spher-colo52-v1-ULA-PB000142-HT29-48h-P2-L1,L19,4191,5574,PB000142,PB000142_L19,colo-033,Miglitol,dmso,0.3,µM,1.0,mM,30.0,nl,40.0,µl,trt,S2589,Others,Others,441314.0,OCCN1CC(O)C(O)C(O)C1CO,IBAQFPQHRJAVAV-ULAWRXDQSA-N,,Launched,HT29,
spher-colo52-v1-ULA-PB000142-HT29-48h-P2-L1,L20,4191,5574,PB000142,PB000142_L20,colo-023,Ruxolitinib (INCB018424),dmso,1.0,µM,1.0,mM,100.0,nl,40.0,µl,trt,S1378,JAK,JAK/STAT,25126798.0,N#CCC(C1CCCC1)[N]2C=C(C=N2)C3=NC=NC4=C3C=C[NH]4,HFNKQEVNSGCOJV-OAHLLOKOSA-N,Targeted,Launched,HT29,
spher-colo52-v1-ULA-PB000142-HT29-48h-P2-L1,L21,4191,5574,PB000142,PB000142_L21,colo-035,Trametinib (GSK1120212),dmso,0.03,µM,0.1,mM,30.0,nl,40.0,µl,trt,S2673,MEK,MAPK,11707110.0,CN1C(=O)C(=C2N(C(=O)N(C3CC3)C(=O)C2=C1NC4=CC=C(I)C=C4F)C5=CC(=CC=C5)NC(C)=O)C,LIRYPHYGHXZJBZ-UHFFFAOYSA-N,Targeted,Launched,HT29,
spher-colo52-v1-ULA-PB000142-HT29-48h-P2-L1,L22,4191,5574,PB000142,PB000142_L22,colo-027,Doramapimod (BIRB 796),dmso,1.0,µM,1.0,mM,100.0,nl,40.0,µl,trt,S1574,p38 MAPK,MAPK,156422.0,CC1=CC=C(C=C1)[N]2N=C(C=C2NC(=O)NC3=CC=C(OCCN4CCOCC4)C5=C3C=CC=C5)C(C)(C)C,MVCOAUNKQVWQHZ-UHFFFAOYSA-N,Targeted,Phase 2,HT29,
spher-colo52-v1-ULA-PB000142-HT29-48h-P2-L1,L23,4191,5574,PB000142,PB000142_L23,colo-011,Crizotinib (PF-02341066),dmso,3.0,µM,10.0,mM,30.0,nl,40.0,µl,trt,S1068,"ALK,c-Met",Protein Tyrosine Kinase,11626560.0,CC(OC1=C(N)N=CC(=C1)C2=C[N](N=C2)C3CCNCC3)C4=C(Cl)C=CC(=C4Cl)F,KTEIFNKAUNYNJU-GFCCVEGCSA-N,Targeted,Launched,HT29,
spher-colo52-v1-ULA-PB000142-HT29-48h-P2-L1,M02,4191,5574,PB000142,PB000142_M02,etop,etop,dmso,2.5,µM,10.0,mM,25.0,nl,40.0,µl,pos_con,E2600000,DNA topoisomerase 2-alpha & DNA topoisomerase 2-beta,,36462.0,CC1OCC2C(O1)C(C(C(O2)OC3C4COC(=O)C4C(C5=CC6=C(C=C35)OCO6)C7=CC(=C(C(=C7)OC)O)OC)O)O,VJJPUSNTGOMMGY-MRVIYFEKSA-N,,,HT29,
spher-colo52-v1-ULA-PB000142-HT29-48h-P2-L1,M03,4191,5574,PB000142,PB000142_M03,colo-024,Adavosertib （MK-1775）,dmso,3.0,µM,10.0,mM,30.0,nl,40.0,µl,trt,S1525,Wee1,Cell Cycle,24856436.0,CN1CCN(CC1)C2=CC=C(NC3=NC4=C(C=N3)C(=O)N(CC=C)N4C5=NC(=CC=C5)C(C)(C)O)C=C2,BKWJAKQVGHWELA-UHFFFAOYSA-N,Targeted,Phase 2,HT29,
spher-colo52-v1-ULA-PB000142-HT29-48h-P2-L1,M04,4191,5574,PB000142,PB000142_M04,colo-014,Linsitinib (OSI-906),dmso,1.0,µM,1.0,mM,100.0,nl,40.0,µl,trt,S1091,IGF-1R,Protein Tyrosine Kinase,11640390.0,CC1(O)CC(C1)C2=NC(=C3[N]2C=CN=C3N)C4=CC=C5C=CC(=NC5=C4)C6=CC=CC=C6,PKCDDUHJAFVJJB-UHFFFAOYSA-N,Targeted,Preclinical,HT29,
spher-colo52-v1-ULA-PB000142-HT29-48h-P2-L1,M05,4191,5574,PB000142,PB000142_M05,colo-009,"Olaparib (AZD2281, Ku-0059436)",dmso,0.3,µM,1.0,mM,30.0,nl,40.0,µl,trt,S1060,PARP,DNA Damage,23725625.0,FC1=C(C=C(CC2=NNC(=O)C3=C2C=CC=C3)C=C1)C(=O)N4CCN(CC4)C(=O)C5CC5,FDLYAMZZIXQODN-UHFFFAOYSA-N,Targeted,Launched,HT29,PARPi
spher-colo52-v1-ULA-PB000142-HT29-48h-P2-L1,M06,4191,5574,PB000142,PB000142_M06,colo-003,Afatinib (BIBW2992),dmso,1.0,µM,1.0,mM,100.0,nl,40.0,µl,trt,S1011,"EGFR,HER2",Protein Tyrosine Kinase,10184653.0,CN(C)C/C=C/C(=O)NC1=CC2=C(NC3=CC=C(F)C(=C3)Cl)N=CN=C2C=C1OC4CCOC4,ULXXDDBFHOBEHA-CWDCEQMOSA-N,Targeted,Launched,HT29,
spher-colo52-v1-ULA-PB000142-HT29-48h-P2-L1,M07,4191,5574,PB000142,PB000142_M07,colo-004,Bortezomib (PS-341),dmso,0.003,µM,0.01,mM,30.0,nl,40.0,µl,trt,S1013,Proteasome,Proteases,387447.0,CC(C)CC(NC(=O)C(CC1=CC=CC=C1)NC(=O)C2=NC=CN=C2)B(O)O,GXJABQQUPOEUTA-RDJZCZTQSA-N,Targeted,Launched,HT29,
spher-colo52-v1-ULA-PB000142-HT29-48h-P2-L1,M08,4191,5574,PB000142,PB000142_M08,colo-028,Gemcitabine,dmso,1.0,µM,1.0,mM,100.0,nl,40.0,µl,trt,S1714,"Autophagy,DNA/RNA Synthesis",DNA Damage,60750.0,NC1=NC(=O)N(C=C1)C2OC(CO)C(O)C2(F)F,SDUQYLNIPVEERB-QPPQHZFASA-N,Cytotoxic,Launched,HT29,Antimetabolite
spher-colo52-v1-ULA-PB000142-HT29-48h-P2-L1,M09,4191,5574,PB000142,PB000142_M09,colo-030,SB505124,dmso,3.0,µM,10.0,mM,30.0,nl,40.0,µl,trt,S2186,TGF-beta/Smad,TGF-beta/Smad,9858940.0,CC1=CC=CC(=N1)C2=C(N=C([NH]2)C(C)(C)C)C3=CC4=C(OCO4)C=C3,WGZOTBUYUFBEPZ-UHFFFAOYSA-N,Targeted,Preclinical,HT29,
spher-colo52-v1-ULA-PB000142-HT29-48h-P2-L1,M10,4191,5574,PB000142,PB000142_M10,colo-026,AZD8055,dmso,1.0,µM,1.0,mM,100.0,nl,40.0,µl,trt,S1555,mTOR,PI3K/Akt/mTOR,25262965.0,COC1=C(CO)C=C(C=C1)C2=NC3=C(C=C2)C(=NC(=N3)N4CCOCC4C)N5CCOCC5C,KVLFRAWTRWDEDF-IRXDYDNUSA-N,Targeted,Phase 1,HT29,
spher-colo52-v1-ULA-PB000142-HT29-48h-P2-L1,M11,4191,5574,PB000142,PB000142_M11,colo-001,ABT-737,dmso,0.1,µM,0.1,mM,100.0,nl,40.0,µl,trt,S1002,"Bcl-2,Autophagy",Apoptosis,11228183.0,CN(C)CCC(CSC1=CC=CC=C1)NC2=CC=C(C=C2[N+]([O-])=O)[S](=O)(=O)NC(=O)C3=CC=C(C=C3)N4CCN(CC4)CC5=C(C=CC=C5)C6=CC=C(Cl)C=C6,HPLNQCPCUACXLM-PGUFJCEWSA-N,Targeted,Phase 1/Phase 2,HT29,
spher-colo52-v1-ULA-PB000142-HT29-48h-P2-L1,M12,4191,5574,PB000142,PB000142_M12,colo-034,Rabusertib (LY2603618),dmso,1.0,µM,1.0,mM,100.0,nl,40.0,µl,trt,S2626,Chk,Cell Cycle,11955855.0,CC1=NC=C(NC(=O)NC2=C(OCC3CNCCO3)C=C(C)C(=C2)Br)N=C1,SYYBDNPGDKKJDU-ZDUSSCGKSA-N,Targeted,Phase 2,HT29,
spher-colo52-v1-ULA-PB000142-HT29-48h-P2-L1,M13,4191,5574,PB000142,PB000142_M13,colo-025,AZD7762,dmso,10.0,µM,10.0,mM,100.0,nl,40.0,µl,trt,S1532,Chk,Cell Cycle,11152667.0,NC(=O)NC1=C(SC(=C1)C2=CC(=CC=C2)F)C(=O)NC3CCCNC3,IAYGCINLNONXHY-LBPRGKRZSA-N,Targeted,Phase 1,HT29,
spher-colo52-v1-ULA-PB000142-HT29-48h-P2-L1,M14,4191,5574,PB000142,PB000142_M14,colo-007,PI-103,dmso,0.3,µM,1.0,mM,30.0,nl,40.0,µl,trt,S1038,"Autophagy,DNA-PK,mTOR,PI3K",PI3K/Akt/mTOR,9884685.0,OC1=CC(=CC=C1)C2=NC3=C(OC4=C3C=CC=N4)C(=N2)N5CCOCC5,TUVCWJQQGGETHL-UHFFFAOYSA-N,Targeted,Preclinical,HT29,
spher-colo52-v1-ULA-PB000142-HT29-48h-P2-L1,M15,4191,5574,PB000142,PB000142_M15,colo-009,"Olaparib (AZD2281, Ku-0059436)",dmso,1.0,µM,1.0,mM,100.0,nl,40.0,µl,trt,S1060,PARP,DNA Damage,23725625.0,FC1=C(C=C(CC2=NNC(=O)C3=C2C=CC=C3)C=C1)C(=O)N4CCN(CC4)C(=O)C5CC5,FDLYAMZZIXQODN-UHFFFAOYSA-N,Targeted,Launched,HT29,PARPi
spher-colo52-v1-ULA-PB000142-HT29-48h-P2-L1,M16,4191,5574,PB000142,PB000142_M16,colo-015,Triciribine,dmso,1.0,µM,1.0,mM,100.0,nl,40.0,µl,trt,S1117,Akt,PI3K/Akt/mTOR,65399.0,CN1N=C(N)C2=C[N](C3OC(CO)C(O)C3O)C4=C2C1=NC=N4,HOGVTUZUJGHKPL-HTVVRFAVSA-N,Targeted,Phase 1/Phase 2,HT29,
spher-colo52-v1-ULA-PB000142-HT29-48h-P2-L1,M17,4191,5574,PB000142,PB000142_M17,colo-014,Linsitinib (OSI-906),dmso,0.3,µM,1.0,mM,30.0,nl,40.0,µl,trt,S1091,IGF-1R,Protein Tyrosine Kinase,11640390.0,CC1(O)CC(C1)C2=NC(=C3[N]2C=CN=C3N)C4=CC=C5C=CC(=NC5=C4)C6=CC=CC=C6,PKCDDUHJAFVJJB-UHFFFAOYSA-N,Targeted,Preclinical,HT29,
spher-colo52-v1-ULA-PB000142-HT29-48h-P2-L1,M18,4191,5574,PB000142,PB000142_M18,colo-023,Ruxolitinib (INCB018424),dmso,0.3,µM,1.0,mM,30.0,nl,40.0,µl,trt,S1378,JAK,JAK/STAT,25126798.0,N#CCC(C1CCCC1)[N]2C=C(C=N2)C3=NC=NC4=C3C=C[NH]4,HFNKQEVNSGCOJV-OAHLLOKOSA-N,Targeted,Launched,HT29,
spher-colo52-v1-ULA-PB000142-HT29-48h-P2-L1,M19,4191,5574,PB000142,PB000142_M19,colo-025,AZD7762,dmso,0.3,µM,1.0,mM,30.0,nl,40.0,µl,trt,S1532,Chk,Cell Cycle,11152667.0,NC(=O)NC1=C(SC(=C1)C2=CC(=CC=C2)F)C(=O)NC3CCCNC3,IAYGCINLNONXHY-LBPRGKRZSA-N,Targeted,Phase 1,HT29,
spher-colo52-v1-ULA-PB000142-HT29-48h-P2-L1,M20,4191,5574,PB000142,PB000142_M20,colo-013,MK-2206 2HCl,dmso,1.0,µM,1.0,mM,100.0,nl,40.0,µl,trt,S1078,Akt,PI3K/Akt/mTOR,46930998.0,Cl.Cl.NC1(CCC1)C2=CC=C(C=C2)C3=C(C=C4C(=N3)C=CN5C(=O)NN=C45)C6=CC=CC=C6,HWUHTJIKQZZBRA-UHFFFAOYSA-N,Targeted,Preclinical,HT29,
spher-colo52-v1-ULA-PB000142-HT29-48h-P2-L1,M21,4191,5574,PB000142,PB000142_M21,colo-007,PI-103,dmso,3.0,µM,10.0,mM,30.0,nl,40.0,µl,trt,S1038,"Autophagy,DNA-PK,mTOR,PI3K",PI3K/Akt/mTOR,9884685.0,OC1=CC(=CC=C1)C2=NC3=C(OC4=C3C=CC=N4)C(=N2)N5CCOCC5,TUVCWJQQGGETHL-UHFFFAOYSA-N,Targeted,Preclinical,HT29,
spher-colo52-v1-ULA-PB000142-HT29-48h-P2-L1,M22,4191,5574,PB000142,PB000142_M22,colo-020,"Fluorouracil (5-Fluoracil, 5-FU)",dmso,0.3,µM,1.0,mM,30.0,nl,40.0,µl,trt,S1209,DNA/RNA Synthesis,DNA Damage,3385.0,FC1=CNC(=O)NC1=O,GHASVSINZRGABV-UHFFFAOYSA-N,Cytotoxic,Launched,HT29,Antimetabolite
spher-colo52-v1-ULA-PB000142-HT29-48h-P2-L1,M23,4191,5574,PB000142,PB000142_M23,dmso,dmso,dmso,0.1,µM,100.0,%,100.0,nl,40.0,µl,neg_con,D2438,control,,679.0,CS(=O)C,IAZDPXIOMUYVGZ-UHFFFAOYSA-N,,,HT29,
spher-colo52-v1-ULA-PB000142-HT29-48h-P2-L1,N02,4191,5574,PB000142,PB000142_N02,colo-033,Miglitol,dmso,1.0,µM,1.0,mM,100.0,nl,40.0,µl,trt,S2589,Others,Others,441314.0,OCCN1CC(O)C(O)C(O)C1CO,IBAQFPQHRJAVAV-ULAWRXDQSA-N,,Launched,HT29,
spher-colo52-v1-ULA-PB000142-HT29-48h-P2-L1,N03,4191,5574,PB000142,PB000142_N03,colo-012,SB216763,dmso,1.0,µM,1.0,mM,100.0,nl,40.0,µl,trt,S1075,GSK-3,PI3K/Akt/mTOR,176158.0,C[N]1C=C(C2=C1C=CC=C2)C3=C(C(=O)NC3=O)C4=CC=C(Cl)C=C4Cl,JCSGFHVFHSKIJH-UHFFFAOYSA-N,Targeted,Preclinical,HT29,
spher-colo52-v1-ULA-PB000142-HT29-48h-P2-L1,N04,4191,5574,PB000142,PB000142_N04,dmso,dmso,dmso,0.1,µM,100.0,%,100.0,nl,40.0,µl,neg_con,D2438,control,,679.0,CS(=O)C,IAZDPXIOMUYVGZ-UHFFFAOYSA-N,,,HT29,
spher-colo52-v1-ULA-PB000142-HT29-48h-P2-L1,N05,4191,5574,PB000142,PB000142_N05,colo-002,Veliparib (ABT-888),dmso,3.0,µM,10.0,mM,30.0,nl,40.0,µl,trt,S1004,PARP,DNA Damage,11960529.0,CC1(CCCN1)C2=NC3=C(C=CC=C3[NH]2)C(N)=O,JNAHVYVRKWKWKQ-CYBMUJFWSA-N,Targeted,Phase 3,HT29,PARPi
spher-colo52-v1-ULA-PB000142-HT29-48h-P2-L1,N06,4191,5574,PB000142,PB000142_N06,colo-014,Linsitinib (OSI-906),dmso,3.0,µM,10.0,mM,30.0,nl,40.0,µl,trt,S1091,IGF-1R,Protein Tyrosine Kinase,11640390.0,CC1(O)CC(C1)C2=NC(=C3[N]2C=CN=C3N)C4=CC=C5C=CC(=NC5=C4)C6=CC=CC=C6,PKCDDUHJAFVJJB-UHFFFAOYSA-N,Targeted,Preclinical,HT29,
spher-colo52-v1-ULA-PB000142-HT29-48h-P2-L1,N07,4191,5574,PB000142,PB000142_N07,colo-005,Gefitinib (ZD1839),dmso,0.3,µM,1.0,mM,30.0,nl,40.0,µl,trt,S1025,EGFR,Protein Tyrosine Kinase,123631.0,COC1=C(OCCCN2CCOCC2)C=C3C(=NC=NC3=C1)NC4=CC=C(F)C(=C4)Cl,XGALLCVXEZPNRQ-UHFFFAOYSA-N,Targeted,Launched,HT29,
spher-colo52-v1-ULA-PB000142-HT29-48h-P2-L1,N08,4191,5574,PB000142,PB000142_N08,colo-023,Ruxolitinib (INCB018424),dmso,0.3,µM,1.0,mM,30.0,nl,40.0,µl,trt,S1378,JAK,JAK/STAT,25126798.0,N#CCC(C1CCCC1)[N]2C=C(C=N2)C3=NC=NC4=C3C=C[NH]4,HFNKQEVNSGCOJV-OAHLLOKOSA-N,Targeted,Launched,HT29,
spher-colo52-v1-ULA-PB000142-HT29-48h-P2-L1,N09,4191,5574,PB000142,PB000142_N09,colo-019,Regorafenib (BAY 73-4506),dmso,0.3,µM,1.0,mM,30.0,nl,40.0,µl,trt,S1178,"c-RET,VEGFR",Protein Tyrosine Kinase,11167602.0,CNC(=O)C1=CC(=CC=N1)OC2=CC(=C(NC(=O)NC3=CC=C(Cl)C(=C3)C(F)(F)F)C=C2)F,FNHKPVJBJVTLMP-UHFFFAOYSA-N,Targeted,Launched,HT29,
spher-colo52-v1-ULA-PB000142-HT29-48h-P2-L1,N10,4191,5574,PB000142,PB000142_N10,colo-011,Crizotinib (PF-02341066),dmso,0.3,µM,1.0,mM,30.0,nl,40.0,µl,trt,S1068,"ALK,c-Met",Protein Tyrosine Kinase,11626560.0,CC(OC1=C(N)N=CC(=C1)C2=C[N](N=C2)C3CCNCC3)C4=C(Cl)C=CC(=C4Cl)F,KTEIFNKAUNYNJU-GFCCVEGCSA-N,Targeted,Launched,HT29,
spher-colo52-v1-ULA-PB000142-HT29-48h-P2-L1,N11,4191,5574,PB000142,PB000142_N11,colo-008,"Vorinostat (SAHA, MK0683)",dmso,10.0,µM,10.0,mM,100.0,nl,40.0,µl,trt,S1047,"Autophagy,HDAC",Epigenetics,5311.0,ONC(=O)CCCCCCC(=O)NC1=CC=CC=C1,WAEXFXRVDQXREF-UHFFFAOYSA-N,Targeted,Launched,HT29,
spher-colo52-v1-ULA-PB000142-HT29-48h-P2-L1,N12,4191,5574,PB000142,PB000142_N12,colo-021,Temozolomide,dmso,1.0,µM,1.0,mM,100.0,nl,40.0,µl,trt,S1237,"DNA/RNA Synthesis,Autophagy",DNA Damage,5394.0,CN1N=NC2=C(N=C[N]2C1=O)C(N)=O,BPEGJWRSRHCHSN-UHFFFAOYSA-N,Cytotoxic,Launched,HT29,Alkylator
spher-colo52-v1-ULA-PB000142-HT29-48h-P2-L1,N13,4191,5574,PB000142,PB000142_N13,colo-008,"Vorinostat (SAHA, MK0683)",dmso,10.0,µM,10.0,mM,100.0,nl,40.0,µl,trt,S1047,"Autophagy,HDAC",Epigenetics,5311.0,ONC(=O)CCCCCCC(=O)NC1=CC=CC=C1,WAEXFXRVDQXREF-UHFFFAOYSA-N,Targeted,Launched,HT29,
spher-colo52-v1-ULA-PB000142-HT29-48h-P2-L1,N14,4191,5574,PB000142,PB000142_N14,colo-005,Gefitinib (ZD1839),dmso,1.0,µM,1.0,mM,100.0,nl,40.0,µl,trt,S1025,EGFR,Protein Tyrosine Kinase,123631.0,COC1=C(OCCCN2CCOCC2)C=C3C(=NC=NC3=C1)NC4=CC=C(F)C(=C4)Cl,XGALLCVXEZPNRQ-UHFFFAOYSA-N,Targeted,Launched,HT29,
spher-colo52-v1-ULA-PB000142-HT29-48h-P2-L1,N15,4191,5574,PB000142,PB000142_N15,dmso,dmso,dmso,0.1,µM,100.0,%,100.0,nl,40.0,µl,neg_con,D2438,control,,679.0,CS(=O)C,IAZDPXIOMUYVGZ-UHFFFAOYSA-N,,,HT29,
spher-colo52-v1-ULA-PB000142-HT29-48h-P2-L1,N16,4191,5574,PB000142,PB000142_N16,colo-008,"Vorinostat (SAHA, MK0683)",dmso,0.3,µM,1.0,mM,30.0,nl,40.0,µl,trt,S1047,"Autophagy,HDAC",Epigenetics,5311.0,ONC(=O)CCCCCCC(=O)NC1=CC=CC=C1,WAEXFXRVDQXREF-UHFFFAOYSA-N,Targeted,Launched,HT29,
spher-colo52-v1-ULA-PB000142-HT29-48h-P2-L1,N17,4191,5574,PB000142,PB000142_N17,colo-005,Gefitinib (ZD1839),dmso,10.0,µM,10.0,mM,100.0,nl,40.0,µl,trt,S1025,EGFR,Protein Tyrosine Kinase,123631.0,COC1=C(OCCCN2CCOCC2)C=C3C(=NC=NC3=C1)NC4=CC=C(F)C(=C4)Cl,XGALLCVXEZPNRQ-UHFFFAOYSA-N,Targeted,Launched,HT29,
spher-colo52-v1-ULA-PB000142-HT29-48h-P2-L1,N18,4191,5574,PB000142,PB000142_N18,colo-024,Adavosertib （MK-1775）,dmso,3.0,µM,10.0,mM,30.0,nl,40.0,µl,trt,S1525,Wee1,Cell Cycle,24856436.0,CN1CCN(CC1)C2=CC=C(NC3=NC4=C(C=N3)C(=O)N(CC=C)N4C5=NC(=CC=C5)C(C)(C)O)C=C2,BKWJAKQVGHWELA-UHFFFAOYSA-N,Targeted,Phase 2,HT29,
spher-colo52-v1-ULA-PB000142-HT29-48h-P2-L1,N19,4191,5574,PB000142,PB000142_N19,colo-016,BMS-754807,dmso,0.3,µM,1.0,mM,30.0,nl,40.0,µl,trt,S1124,"c-Met,IGF-1R,Trk receptor",Protein Tyrosine Kinase,24785538.0,CC1(CCCN1C2=N[N]3C=CC=C3C(=N2)NC4=N[NH]C(=C4)C5CC5)C(=O)NC6=CC=C(F)N=C6,LQVXSNNAFNGRAH-QHCPKHFHSA-N,Targeted,Phase 2,HT29,
spher-colo52-v1-ULA-PB000142-HT29-48h-P2-L1,N20,4191,5574,PB000142,PB000142_N20,colo-008,"Vorinostat (SAHA, MK0683)",dmso,0.3,µM,1.0,mM,30.0,nl,40.0,µl,trt,S1047,"Autophagy,HDAC",Epigenetics,5311.0,ONC(=O)CCCCCCC(=O)NC1=CC=CC=C1,WAEXFXRVDQXREF-UHFFFAOYSA-N,Targeted,Launched,HT29,
spher-colo52-v1-ULA-PB000142-HT29-48h-P2-L1,N21,4191,5574,PB000142,PB000142_N21,colo-009,"Olaparib (AZD2281, Ku-0059436)",dmso,10.0,µM,10.0,mM,100.0,nl,40.0,µl,trt,S1060,PARP,DNA Damage,23725625.0,FC1=C(C=C(CC2=NNC(=O)C3=C2C=CC=C3)C=C1)C(=O)N4CCN(CC4)C(=O)C5CC5,FDLYAMZZIXQODN-UHFFFAOYSA-N,Targeted,Launched,HT29,PARPi
spher-colo52-v1-ULA-PB000142-HT29-48h-P2-L1,N22,4191,5574,PB000142,PB000142_N22,colo-026,AZD8055,dmso,0.3,µM,1.0,mM,30.0,nl,40.0,µl,trt,S1555,mTOR,PI3K/Akt/mTOR,25262965.0,COC1=C(CO)C=C(C=C1)C2=NC3=C(C=C2)C(=NC(=N3)N4CCOCC4C)N5CCOCC5C,KVLFRAWTRWDEDF-IRXDYDNUSA-N,Targeted,Phase 1,HT29,
spher-colo52-v1-ULA-PB000142-HT29-48h-P2-L1,N23,4191,5574,PB000142,PB000142_N23,colo-001,ABT-737,dmso,0.03,µM,0.1,mM,30.0,nl,40.0,µl,trt,S1002,"Bcl-2,Autophagy",Apoptosis,11228183.0,CN(C)CCC(CSC1=CC=CC=C1)NC2=CC=C(C=C2[N+]([O-])=O)[S](=O)(=O)NC(=O)C3=CC=C(C=C3)N4CCN(CC4)CC5=C(C=CC=C5)C6=CC=C(Cl)C=C6,HPLNQCPCUACXLM-PGUFJCEWSA-N,Targeted,Phase 1/Phase 2,HT29,
spher-colo52-v1-ULA-PB000142-HT29-48h-P2-L1,O02,4191,5574,PB000142,PB000142_O02,colo-028,Gemcitabine,dmso,0.1,µM,0.1,mM,100.0,nl,40.0,µl,trt,S1714,"Autophagy,DNA/RNA Synthesis",DNA Damage,60750.0,NC1=NC(=O)N(C=C1)C2OC(CO)C(O)C2(F)F,SDUQYLNIPVEERB-QPPQHZFASA-N,Cytotoxic,Launched,HT29,Antimetabolite
spher-colo52-v1-ULA-PB000142-HT29-48h-P2-L1,O03,4191,5574,PB000142,PB000142_O03,colo-016,BMS-754807,dmso,0.3,µM,1.0,mM,30.0,nl,40.0,µl,trt,S1124,"c-Met,IGF-1R,Trk receptor",Protein Tyrosine Kinase,24785538.0,CC1(CCCN1C2=N[N]3C=CC=C3C(=N2)NC4=N[NH]C(=C4)C5CC5)C(=O)NC6=CC=C(F)N=C6,LQVXSNNAFNGRAH-QHCPKHFHSA-N,Targeted,Phase 2,HT29,
spher-colo52-v1-ULA-PB000142-HT29-48h-P2-L1,O04,4191,5574,PB000142,PB000142_O04,colo-029,Trifluridine,dmso,0.3,µM,1.0,mM,30.0,nl,40.0,µl,trt,S1778,DNA/RNA Synthesis,DNA Damage,6256.0,OCC1OC(CC1O)N2C=C(C(=O)NC2=O)C(F)(F)F,VSQQQLOSPVPRAZ-RRKCRQDMSA-N,Cytotoxic,Launched,HT29,Antimetabolite
spher-colo52-v1-ULA-PB000142-HT29-48h-P2-L1,O05,4191,5574,PB000142,PB000142_O05,colo-005,Gefitinib (ZD1839),dmso,10.0,µM,10.0,mM,100.0,nl,40.0,µl,trt,S1025,EGFR,Protein Tyrosine Kinase,123631.0,COC1=C(OCCCN2CCOCC2)C=C3C(=NC=NC3=C1)NC4=CC=C(F)C(=C4)Cl,XGALLCVXEZPNRQ-UHFFFAOYSA-N,Targeted,Launched,HT29,
spher-colo52-v1-ULA-PB000142-HT29-48h-P2-L1,O06,4191,5574,PB000142,PB000142_O06,colo-016,BMS-754807,dmso,10.0,µM,10.0,mM,100.0,nl,40.0,µl,trt,S1124,"c-Met,IGF-1R,Trk receptor",Protein Tyrosine Kinase,24785538.0,CC1(CCCN1C2=N[N]3C=CC=C3C(=N2)NC4=N[NH]C(=C4)C5CC5)C(=O)NC6=CC=C(F)N=C6,LQVXSNNAFNGRAH-QHCPKHFHSA-N,Targeted,Phase 2,HT29,
spher-colo52-v1-ULA-PB000142-HT29-48h-P2-L1,O07,4191,5574,PB000142,PB000142_O07,colo-027,Doramapimod (BIRB 796),dmso,10.0,µM,10.0,mM,100.0,nl,40.0,µl,trt,S1574,p38 MAPK,MAPK,156422.0,CC1=CC=C(C=C1)[N]2N=C(C=C2NC(=O)NC3=CC=C(OCCN4CCOCC4)C5=C3C=CC=C5)C(C)(C)C,MVCOAUNKQVWQHZ-UHFFFAOYSA-N,Targeted,Phase 2,HT29,
spher-colo52-v1-ULA-PB000142-HT29-48h-P2-L1,O08,4191,5574,PB000142,PB000142_O08,colo-033,Miglitol,dmso,1.0,µM,1.0,mM,100.0,nl,40.0,µl,trt,S2589,Others,Others,441314.0,OCCN1CC(O)C(O)C(O)C1CO,IBAQFPQHRJAVAV-ULAWRXDQSA-N,,Launched,HT29,
spher-colo52-v1-ULA-PB000142-HT29-48h-P2-L1,O09,4191,5574,PB000142,PB000142_O09,dmso,dmso,dmso,0.1,µM,100.0,%,100.0,nl,40.0,µl,neg_con,D2438,control,,679.0,CS(=O)C,IAZDPXIOMUYVGZ-UHFFFAOYSA-N,,,HT29,
spher-colo52-v1-ULA-PB000142-HT29-48h-P2-L1,O10,4191,5574,PB000142,PB000142_O10,colo-018,Paclitaxel,dmso,0.003,µM,0.01,mM,30.0,nl,40.0,µl,trt,S1150,"Autophagy,Microtubule Associated",Cytoskeletal Signaling,441276.0,CC(=O)OC1C(=O)C2(C)C(O)CC3OCC3(OC(C)=O)C2C(OC(=O)C4=CC=CC=C4)C5(O)CC(OC(=O)C(O)C(NC(=O)C6=CC=CC=C6)C7=CC=CC=C7)C(=C1C5(C)C)C,RCINICONZNJXQF-VAZQATRQSA-N,Cytotoxic,Preclinical,HT29,
spher-colo52-v1-ULA-PB000142-HT29-48h-P2-L1,O11,4191,5574,PB000142,PB000142_O11,colo-009,"Olaparib (AZD2281, Ku-0059436)",dmso,10.0,µM,10.0,mM,100.0,nl,40.0,µl,trt,S1060,PARP,DNA Damage,23725625.0,FC1=C(C=C(CC2=NNC(=O)C3=C2C=CC=C3)C=C1)C(=O)N4CCN(CC4)C(=O)C5CC5,FDLYAMZZIXQODN-UHFFFAOYSA-N,Targeted,Launched,HT29,PARPi
spher-colo52-v1-ULA-PB000142-HT29-48h-P2-L1,O12,4191,5574,PB000142,PB000142_O12,colo-026,AZD8055,dmso,3.0,µM,10.0,mM,30.0,nl,40.0,µl,trt,S1555,mTOR,PI3K/Akt/mTOR,25262965.0,COC1=C(CO)C=C(C=C1)C2=NC3=C(C=C2)C(=NC(=N3)N4CCOCC4C)N5CCOCC5C,KVLFRAWTRWDEDF-IRXDYDNUSA-N,Targeted,Phase 1,HT29,
spher-colo52-v1-ULA-PB000142-HT29-48h-P2-L1,O13,4191,5574,PB000142,PB000142_O13,colo-017,Tanespimycin (17-AAG),dmso,0.03,µM,0.1,mM,30.0,nl,40.0,µl,trt,S1141,HSP (e.g. HSP90),Cytoskeletal Signaling,6505803.0,COC1CC(C)CC2=C(NCC=C)C(=O)C=C(NC(=O)C(=C\C=C/C(OC)C(OC(N)=O)/C(=C/C(C)C1O)C)\C)C2=O,AYUNIORJHRXIBJ-TXHRRWQRSA-N,Targeted,Phase 3,HT29,
spher-colo52-v1-ULA-PB000142-HT29-48h-P2-L1,O14,4191,5574,PB000142,PB000142_O14,colo-004,Bortezomib (PS-341),dmso,0.1,µM,0.1,mM,100.0,nl,40.0,µl,trt,S1013,Proteasome,Proteases,387447.0,CC(C)CC(NC(=O)C(CC1=CC=CC=C1)NC(=O)C2=NC=CN=C2)B(O)O,GXJABQQUPOEUTA-RDJZCZTQSA-N,Targeted,Launched,HT29,
spher-colo52-v1-ULA-PB000142-HT29-48h-P2-L1,O15,4191,5574,PB000142,PB000142_O15,colo-010,Nutlin-3,dmso,10.0,µM,10.0,mM,100.0,nl,40.0,µl,trt,S1061,"E3 Ligase ,Mdm2",Apoptosis,216345.0,COC1=CC(=C(C=C1)C2=NC(C(N2C(=O)N3CCNC(=O)C3)C4=CC=C(Cl)C=C4)C5=CC=C(Cl)C=C5)OC(C)C,BDUHCSBCVGXTJM-UHFFFAOYSA-N,Targeted,Preclinical,HT29,
spher-colo52-v1-ULA-PB000142-HT29-48h-P2-L1,O16,4191,5574,PB000142,PB000142_O16,colo-027,Doramapimod (BIRB 796),dmso,0.3,µM,1.0,mM,30.0,nl,40.0,µl,trt,S1574,p38 MAPK,MAPK,156422.0,CC1=CC=C(C=C1)[N]2N=C(C=C2NC(=O)NC3=CC=C(OCCN4CCOCC4)C5=C3C=CC=C5)C(C)(C)C,MVCOAUNKQVWQHZ-UHFFFAOYSA-N,Targeted,Phase 2,HT29,
spher-colo52-v1-ULA-PB000142-HT29-48h-P2-L1,O17,4191,5574,PB000142,PB000142_O17,colo-034,Rabusertib (LY2603618),dmso,3.0,µM,10.0,mM,30.0,nl,40.0,µl,trt,S2626,Chk,Cell Cycle,11955855.0,CC1=NC=C(NC(=O)NC2=C(OCC3CNCCO3)C=C(C)C(=C2)Br)N=C1,SYYBDNPGDKKJDU-ZDUSSCGKSA-N,Targeted,Phase 2,HT29,
spher-colo52-v1-ULA-PB000142-HT29-48h-P2-L1,O18,4191,5574,PB000142,PB000142_O18,colo-029,Trifluridine,dmso,3.0,µM,10.0,mM,30.0,nl,40.0,µl,trt,S1778,DNA/RNA Synthesis,DNA Damage,6256.0,OCC1OC(CC1O)N2C=C(C(=O)NC2=O)C(F)(F)F,VSQQQLOSPVPRAZ-RRKCRQDMSA-N,Cytotoxic,Launched,HT29,Antimetabolite
spher-colo52-v1-ULA-PB000142-HT29-48h-P2-L1,O19,4191,5574,PB000142,PB000142_O19,colo-033,Miglitol,dmso,10.0,µM,10.0,mM,100.0,nl,40.0,µl,trt,S2589,Others,Others,441314.0,OCCN1CC(O)C(O)C(O)C1CO,IBAQFPQHRJAVAV-ULAWRXDQSA-N,,Launched,HT29,
spher-colo52-v1-ULA-PB000142-HT29-48h-P2-L1,O20,4191,5574,PB000142,PB000142_O20,sorb,sorb,dmso,10.0,µM,10.0,mM,100.0,nl,40.0,µl,pos_con,S1876,inert,,5780.0,C(C(C(C(C(CO)O)O)O)O)O,FBPFZTCFMRRESA-JGWLITMVSA-N,,,HT29,
spher-colo52-v1-ULA-PB000142-HT29-48h-P2-L1,O21,4191,5574,PB000142,PB000142_O21,colo-024,Adavosertib （MK-1775）,dmso,1.0,µM,1.0,mM,100.0,nl,40.0,µl,trt,S1525,Wee1,Cell Cycle,24856436.0,CN1CCN(CC1)C2=CC=C(NC3=NC4=C(C=N3)C(=O)N(CC=C)N4C5=NC(=CC=C5)C(C)(C)O)C=C2,BKWJAKQVGHWELA-UHFFFAOYSA-N,Targeted,Phase 2,HT29,
spher-colo52-v1-ULA-PB000142-HT29-48h-P2-L1,O22,4191,5574,PB000142,PB000142_O22,colo-028,Gemcitabine,dmso,0.3,µM,1.0,mM,30.0,nl,40.0,µl,trt,S1714,"Autophagy,DNA/RNA Synthesis",DNA Damage,60750.0,NC1=NC(=O)N(C=C1)C2OC(CO)C(O)C2(F)F,SDUQYLNIPVEERB-QPPQHZFASA-N,Cytotoxic,Launched,HT29,Antimetabolite
spher-colo52-v1-ULA-PB000142-HT29-48h-P2-L1,O23,4191,5574,PB000142,PB000142_O23,colo-035,Trametinib (GSK1120212),dmso,0.1,µM,0.1,mM,100.0,nl,40.0,µl,trt,S2673,MEK,MAPK,11707110.0,CN1C(=O)C(=C2N(C(=O)N(C3CC3)C(=O)C2=C1NC4=CC=C(I)C=C4F)C5=CC(=CC=C5)NC(C)=O)C,LIRYPHYGHXZJBZ-UHFFFAOYSA-N,Targeted,Launched,HT29,
