case,kind,compound,r
nyquist_14planes,replicate,abemaciclib,0.6179930339077496
nyquist_14planes,replicate,binimetinib,0.4115779854995202
nyquist_14planes,replicate,fluorouracil,0.4758798074894584
nyquist_14planes,replicate,gemcitabine,0.41916152876420354
nyquist_14planes,replicate,sn-38,0.34346040670044514
nyquist_14planes,replicate,trifluridine,0.49007112398407626
nyquist_14planes,null,,0.12373680935006783
nyquist_14planes,null,,0.23276309104620024
nyquist_14planes,null,,0.1691975173264088
nyquist_14planes,null,,0.31608047736972206
nyquist_14planes,null,,0.22327785890261584
nyquist_14planes,null,,0.18998205615015012
nyquist_14planes,null,,0.326262191524844
nyquist_14planes,null,,0.3066538307053528
nyquist_14planes,null,,0.2816669729351891
nyquist_14planes,null,,0.25829655018410014
nyquist_14planes,null,,0.3871376386401597
nyquist_14planes,null,,0.35665346321067454
nyquist_14planes,null,,0.3246734965112787
nyquist_14planes,null,,0.21525974030859066
nyquist_14planes,null,,0.3269348794906878
nyquist_14planes,null,,0.25830372795931145
nyquist_14planes,null,,0.25111079791193164
nyquist_14planes,null,,0.35838332668558304
nyquist_14planes,null,,0.32463287659960716
nyquist_14planes,null,,0.2221586375981037
nyquist_14planes,null,,0.29702892768090217
nyquist_14planes,null,,0.30990320062371535
nyquist_14planes,null,,0.2857132965858071
nyquist_14planes,null,,0.28030958067939765
nyquist_14planes,null,,0.3124835852553879
nyquist_14planes,null,,0.17859467437802704
nyquist_14planes,null,,0.20779219294209797
nyquist_14planes,null,,0.3162928521392641
nyquist_14planes,null,,0.12559459919201893
nyquist_14planes,null,,0.2708475661989796
nyquist_14planes,null,,0.3606270789705602
nyquist_14planes,null,,0.2753918892683646
nyquist_14planes,null,,0.2676234415423648
nyquist_14planes,null,,0.19669150257759824
nyquist_14planes,null,,0.1978791826665197
nyquist_14planes,null,,0.3181722576385147
nyquist_14planes,null,,0.20563155545490552
nyquist_14planes,null,,0.16808607052860777
nyquist_14planes,null,,0.25073394455862374
nyquist_14planes,null,,0.29702892768090217
nyquist_14planes,null,,0.2865297451137897
nyquist_14planes,null,,0.27927316502641375
nyquist_14planes,null,,0.14484006053298315
nyquist_14planes,null,,0.15887298061509456
nyquist_14planes,null,,0.17277466125643479
nyquist_14planes,null,,0.3424250065841296
nyquist_14planes,null,,0.2468024662540312
nyquist_14planes,null,,0.3626944472143962
nyquist_14planes,null,,0.2671186990464658
nyquist_14planes,null,,0.2221586375981037
nyquist_14planes,null,,0.22100947068153987
nyquist_14planes,null,,0.2356666791011264
nyquist_14planes,null,,0.3036843492642763
nyquist_14planes,null,,0.16163036577635975
nyquist_14planes,null,,0.2644922384930465
nyquist_14planes,null,,0.22532841778129997
nyquist_14planes,null,,0.4027724632006617
nyquist_14planes,null,,0.322285615638248
nyquist_14planes,null,,0.21107412924810814
nyquist_14planes,null,,0.4406197685717122
nyquist_14planes,null,,0.22100947068153987
nyquist_14planes,null,,0.29430000598317213
nyquist_14planes,null,,0.2644922384930465
nyquist_14planes,null,,0.14484006053298315
nyquist_14planes,null,,0.22532841778129997
nyquist_14planes,null,,0.28344346861086983
nyquist_14planes,null,,0.22052679759179575
nyquist_14planes,null,,0.33177385275718224
nyquist_14planes,null,,0.22532841778129997
nyquist_14planes,null,,0.2627581867332341
nyquist_14planes,null,,0.24053415539347436
nyquist_14planes,null,,0.21610568432056365
nyquist_14planes,null,,0.4343862405273359
nyquist_14planes,null,,0.30503379407938624
nyquist_14planes,null,,0.3617531214104414
nyquist_14planes,null,,0.3288409347067432
nyquist_14planes,null,,0.2851944730635224
nyquist_14planes,null,,0.2865297451137897
nyquist_14planes,null,,0.3102825515320473
nyquist_14planes,null,,0.23077597125704746
nyquist_14planes,null,,0.2579342068080537
nyquist_14planes,null,,0.17859467437802704
nyquist_14planes,null,,0.2675730805407496
nyquist_14planes,null,,0.33552917277822547
nyquist_14planes,null,,0.12002505637139499
nyquist_14planes,null,,0.2753918892683646
nyquist_14planes,null,,0.3254765483087719
nyquist_14planes,null,,0.1263128774670455
nyquist_14planes,null,,0.2660234902639566
nyquist_14planes,null,,0.3222144202706819
nyquist_14planes,null,,0.12922529567099478
nyquist_14planes,null,,0.18584022040754744
nyquist_14planes,null,,0.1859058598383184
nyquist_14planes,null,,0.18553008825171666
nyquist_14planes,null,,0.21610568432056365
nyquist_14planes,null,,0.2586490675101112
nyquist_14planes,null,,0.15488818095784784
nyquist_14planes,null,,0.16533867151696416
nyquist_14planes,null,,0.22729708702897294
nyquist_14planes,null,,0.1614017285685528
nyquist_14planes,null,,0.2851622076419609
nyquist_14planes,null,,0.3521045591305561
nyquist_14planes,null,,0.30077093583912456
nyquist_14planes,null,,0.4310809291384333
nyquist_14planes,null,,0.21255478644997317
nyquist_14planes,null,,0.2435968791715719
nyquist_14planes,null,,0.2468024662540312
nyquist_14planes,null,,0.16728517612789423
nyquist_14planes,null,,0.27506595601950823
nyquist_14planes,null,,0.4209632332253422
nyquist_14planes,null,,0.14484006053298315
nyquist_14planes,null,,0.2804278581596528
nyquist_14planes,null,,0.27091416511660404
nyquist_14planes,null,,0.3373039150484015
nyquist_14planes,null,,0.2728913054039498
nyquist_14planes,null,,0.3508551955226554
nyquist_14planes,null,,0.33968372426020677
nyquist_14planes,null,,0.336477640406565
nyquist_14planes,null,,0.1405712893145224
nyquist_14planes,null,,0.426998211082655
nyquist_14planes,null,,0.21550457938910847
nyquist_14planes,null,,0.32611637133627996
nyquist_14planes,null,,0.25882035543767673
nyquist_14planes,null,,0.4004689929644248
nyquist_14planes,null,,0.2367361477098366
nyquist_14planes,null,,0.06751539891134135
nyquist_14planes,null,,0.24374342739771643
nyquist_14planes,null,,0.35743268166782005
nyquist_14planes,null,,0.28553544303771694
nyquist_14planes,null,,0.15268236799476592
nyquist_14planes,null,,0.27839420815411636
nyquist_14planes,null,,0.14111144377750676
nyquist_14planes,null,,0.2865297451137897
nyquist_14planes,null,,0.28433588755563155
nyquist_14planes,null,,0.2660234902639566
nyquist_14planes,null,,0.2972829693363911
nyquist_14planes,null,,0.2435968791715719
nyquist_14planes,null,,0.25830372795931145
nyquist_14planes,null,,0.20077267640681767
nyquist_14planes,null,,0.1822459329882579
nyquist_14planes,null,,0.2468024662540312
nyquist_14planes,null,,0.3098271767816725
nyquist_14planes,null,,0.2912303600161474
nyquist_14planes,null,,0.2221586375981037
nyquist_14planes,null,,0.21916059336137275
nyquist_14planes,null,,0.28081120769119833
nyquist_14planes,null,,0.2592189161682932
nyquist_14planes,null,,0.2838364024411015
nyquist_14planes,null,,0.3424250065841296
nyquist_14planes,null,,0.2569706703564609
nyquist_14planes,null,,0.17546515669775845
nyquist_14planes,null,,0.35743268166782005
nyquist_14planes,null,,0.36788854143990285
nyquist_14planes,null,,0.20779219294209797
nyquist_14planes,null,,0.29702892768090217
nyquist_14planes,null,,0.2418556243188683
nyquist_14planes,null,,0.2754865477530075
nyquist_14planes,null,,0.17969566108077142
nyquist_14planes,null,,0.32307929208125535
nyquist_14planes,null,,0.134559046635466
nyquist_14planes,null,,0.2367361477098366
nyquist_14planes,null,,0.21610568432056365
nyquist_14planes,null,,0.22327785890261584
nyquist_14planes,null,,0.231438732795942
nyquist_14planes,null,,0.23276309104620024
nyquist_14planes,null,,0.25829655018410014
nyquist_14planes,null,,0.2399087688007487
nyquist_14planes,null,,0.22534091295071793
nyquist_14planes,null,,0.10616244577912906
nyquist_14planes,null,,0.26520474691371076
nyquist_14planes,null,,0.21460754409306676
nyquist_14planes,null,,0.40766837529855965
nyquist_14planes,null,,0.3973942888068361
nyquist_14planes,null,,0.2753918892683646
nyquist_14planes,null,,0.22048118784301718
nyquist_14planes,null,,0.2644922384930465
nyquist_14planes,null,,0.1634733047284248
nyquist_14planes,null,,0.3288409347067432
nyquist_14planes,null,,0.3641130018699568
nyquist_14planes,null,,0.22089269931078745
nyquist_14planes,null,,0.3269923338212967
nyquist_14planes,null,,0.30919853421324267
nyquist_14planes,null,,0.20779219294209797
nyquist_14planes,null,,0.31908898062054875
nyquist_14planes,null,,0.37412087600504257
nyquist_14planes,null,,0.20816316509783728
nyquist_14planes,null,,0.3641130018699568
nyquist_14planes,null,,0.2759266342964958
nyquist_14planes,null,,0.25882035543767673
nyquist_14planes,null,,0.36671323496642666
nyquist_14planes,null,,0.30058410660256285
nyquist_14planes,null,,0.2676234415423648
nyquist_14planes,null,,0.3172023915108682
nyquist_14planes,null,,0.2078130144385731
nyquist_14planes,null,,0.39838031447803435
nyquist_14planes,null,,0.30503379407938624
nyquist_14planes,null,,0.2099718990278646
nyquist_14planes,null,,0.32611637133627996
nyquist_14planes,null,,0.1974020649713317
nyquist_14planes,null,,0.20324295181574278
nyquist_14planes,null,,0.21622185011686187
nyquist_14planes,null,,0.2498253243531899
nyquist_14planes,null,,0.27927316502641375
nyquist_14planes,null,,0.29811395290180287
nyquist_14planes,null,,0.29519542432268614
nyquist_14planes,null,,0.19526121016242
nyquist_14planes,null,,0.2399087688007487
nyquist_14planes,null,,0.368843643663311
nyquist_14planes,null,,0.25052064341543334
nyquist_14planes,null,,0.1974020649713317
nyquist_14planes,null,,0.18584022040754744
nyquist_14planes,null,,0.39551407242796305
nyquist_14planes,null,,0.30919853421324267
nyquist_14planes,null,,0.2652876641848933
nyquist_14planes,null,,0.28211893697137785
nyquist_14planes,null,,0.3262624440263034
nyquist_14planes,null,,0.37497111805243394
nyquist_14planes,null,,0.2924318201497485
nyquist_14planes,null,,0.11281106678038402
nyquist_14planes,null,,0.2759266342964958
nyquist_14planes,null,,0.2671186990464658
nyquist_14planes,null,,0.28344346861086983
nyquist_14planes,null,,0.35207282046963545
nyquist_14planes,null,,0.17486780260390586
nyquist_14planes,null,,0.17486780260390586
nyquist_14planes,null,,0.1623006918400976
nyquist_14planes,null,,0.2676234415423648
nyquist_14planes,null,,0.2418556243188683
nyquist_14planes,null,,0.2418556243188683
nyquist_14planes,null,,0.27927316502641375
nyquist_14planes,null,,0.26871973763422
nyquist_14planes,null,,0.21107412924810814
nyquist_14planes,null,,0.3035486180513732
nyquist_14planes,null,,0.2930833724932948
nyquist_14planes,null,,0.32857053351134724
nyquist_14planes,null,,0.3269348794906878
nyquist_14planes,null,,0.3383946365759606
nyquist_14planes,null,,0.30543919101625605
nyquist_14planes,null,,0.3383946365759606
nyquist_14planes,null,,0.34038813926234174
nyquist_14planes,null,,0.18630600217313042
nyquist_14planes,null,,0.2652876641848933
nyquist_14planes,null,,0.3246734965112787
nyquist_14planes,null,,0.22327785890261584
nyquist_14planes,null,,0.2465122489685449
nyquist_14planes,null,,0.35207282046963545
nyquist_14planes,null,,0.17423788626644318
nyquist_14planes,null,,0.19013278799563776
nyquist_14planes,null,,0.35125697932261735
nyquist_14planes,null,,0.134559046635466
nyquist_14planes,null,,0.2737324724335587
nyquist_14planes,null,,0.1408056416980082
nyquist_14planes,null,,0.21550737707432868
nyquist_14planes,null,,0.17596486224413743
nyquist_14planes,null,,0.1974020649713317
nyquist_14planes,null,,0.30919853421324267
nyquist_14planes,null,,0.3626391941609905
nyquist_14planes,null,,0.13578832586448977
nyquist_14planes,null,,0.32887093737503215
nyquist_14planes,null,,0.3172030462608846
nyquist_14planes,null,,0.3288409347067432
nyquist_14planes,null,,0.25359478960576853
nyquist_14planes,null,,0.4063958183374151
nyquist_14planes,null,,0.18553008825171666
nyquist_14planes,null,,0.29905365819742324
nyquist_14planes,null,,0.322285615638248
nyquist_14planes,null,,0.19882787970511162
nyquist_14planes,null,,0.41276658268551436
nyquist_14planes,null,,0.3134655231339768
nyquist_14planes,null,,0.16688310335024706
nyquist_14planes,null,,0.2588929175984576
nyquist_14planes,null,,0.2192296951743772
nyquist_14planes,null,,0.1700764364337893
nyquist_14planes,null,,0.22532841778129997
nyquist_14planes,null,,0.15973126084205627
nyquist_14planes,null,,0.18630600217313042
nyquist_14planes,null,,0.3481457537693775
nyquist_14planes,null,,0.2579342068080537
nyquist_14planes,null,,0.2314367094670711
nyquist_14planes,null,,0.3269348794906878
nyquist_14planes,null,,0.14484006053298315
nyquist_14planes,null,,0.29811395290180287
nyquist_14planes,null,,0.28211893697137785
nyquist_14planes,null,,0.2367361477098366
nyquist_14planes,null,,0.2708475661989796
nyquist_14planes,null,,0.38856047112844216
nyquist_14planes,null,,0.20779219294209797
nyquist_14planes,null,,0.21550737707432868
nyquist_14planes,null,,0.3373039150484015
nyquist_14planes,null,,0.25829655018410014
nyquist_14planes,null,,0.24298088066336904
nyquist_14planes,null,,0.3129041382371418
nyquist_14planes,null,,0.19494598367914118
nyquist_14planes,null,,0.28211893697137785
nyquist_14planes,null,,0.21610568432056365
nyquist_14planes,null,,0.306599957663743
nyquist_14planes,null,,0.25024354839929297
nyquist_14planes,null,,0.3606270789705602
nyquist_14planes,null,,0.2759266342964958
nyquist_14planes,null,,0.39206840572339263
nyquist_14planes,null,,0.23312510942841447
nyquist_14planes,null,,0.18553008825171666
nyquist_14planes,null,,0.28340018804519845
nyquist_14planes,null,,0.30543919101625605
nyquist_14planes,null,,0.32198653133791005
nyquist_14planes,null,,0.3035486180513732
nyquist_14planes,null,,0.2957356361877704
nyquist_14planes,null,,0.2059319641052508
nyquist_14planes,null,,0.2418556243188683
nyquist_14planes,null,,0.4882337078169988
nyquist_14planes,null,,0.28340018804519845
nyquist_14planes,null,,0.3036843492642763
nyquist_14planes,null,,0.1623006918400976
nyquist_14planes,null,,0.3641130018699568
nyquist_14planes,null,,0.306599957663743
nyquist_14planes,null,,0.3100217374131141
nyquist_14planes,null,,0.3800314553653007
nyquist_14planes,null,,0.1623006918400976
nyquist_14planes,null,,0.23312203624930383
nyquist_14planes,null,,0.3935504701644326
nyquist_14planes,null,,0.3269348794906878
nyquist_14planes,null,,0.3066538307053528
nyquist_14planes,null,,0.17859467437802704
nyquist_14planes,null,,0.24839060610857447
nyquist_14planes,null,,0.1405712893145224
nyquist_14planes,null,,0.3530633755512535
nyquist_14planes,null,,0.3973942888068361
nyquist_14planes,null,,0.35125697932261735
nyquist_14planes,null,,0.15120229985887884
nyquist_14planes,null,,0.32463287659960716
nyquist_14planes,null,,0.2979578910872292
nyquist_14planes,null,,0.25882035543767673
nyquist_14planes,null,,0.40388474803899427
nyquist_14planes,null,,0.2644922384930465
nyquist_14planes,null,,0.20324295181574278
nyquist_14planes,null,,0.28559874467773844
nyquist_14planes,null,,0.39551407242796305
nyquist_14planes,null,,0.19006666043390125
nyquist_14planes,null,,0.19494598367914118
nyquist_14planes,null,,0.22534091295071793
nyquist_14planes,null,,0.24656586179893356
nyquist_14planes,null,,0.25534032586349553
nyquist_14planes,null,,0.07733009308117296
nyquist_14planes,null,,0.33177385275718224
nyquist_14planes,null,,0.24298088066336904
nyquist_14planes,null,,0.4682430656930119
nyquist_14planes,null,,0.21631427607098785
nyquist_14planes,null,,0.23910393450314918
nyquist_14planes,null,,0.2771911480734889
nyquist_14planes,null,,0.33902375791717515
nyquist_14planes,null,,0.39465864148985635
nyquist_14planes,null,,0.4301915297533281
nyquist_14planes,null,,0.17486780260390586
nyquist_14planes,null,,0.28344346861086983
nyquist_14planes,null,,0.3269923338212967
nyquist_14planes,null,,0.203073018878106
nyquist_14planes,null,,0.2660234902639566
nyquist_14planes,null,,0.23312510942841447
nyquist_14planes,null,,0.21550457938910847
nyquist_14planes,null,,0.2671186990464658
nyquist_14planes,null,,0.31994793808739613
nyquist_14planes,null,,0.2240142798712998
nyquist_14planes,null,,0.18608906790570817
nyquist_14planes,null,,0.40503597576315575
nyquist_14planes,null,,0.2959812359864346
nyquist_14planes,null,,0.28553544303771694
nyquist_14planes,null,,0.26520474691371076
nyquist_14planes,null,,0.4693640022664462
nyquist_14planes,null,,0.3269348794906878
nyquist_14planes,null,,0.37497111805243394
nyquist_14planes,null,,0.2586490675101112
nyquist_14planes,null,,0.1700764364337893
nyquist_14planes,null,,0.22089269931078745
nyquist_14planes,null,,0.4281102086349395
nyquist_14planes,null,,0.34984071804236594
nyquist_14planes,null,,0.31162675882647783
nyquist_14planes,null,,0.18831042498745093
nyquist_14planes,null,,0.2516923131197909
nyquist_14planes,null,,0.3814803794281654
nyquist_14planes,null,,0.16533867151696416
nyquist_14planes,null,,0.17463358081744965
nyquist_14planes,null,,0.22823931621436502
nyquist_14planes,null,,0.18630600217313042
nyquist_14planes,null,,0.3606270789705602
nyquist_14planes,null,,0.19146542652838228
nyquist_14planes,null,,0.1765486367214727
nyquist_14planes,null,,0.35480006696917843
nyquist_14planes,null,,0.41276658268551436
nyquist_14planes,null,,0.23263210559313427
nyquist_14planes,null,,0.15971771764140566
nyquist_14planes,null,,0.17546515669775845
nyquist_14planes,null,,0.13230161551489072
nyquist_14planes,null,,0.18034819466278723
nyquist_14planes,null,,0.22048118784301718
nyquist_14planes,null,,0.34754824179494825
nyquist_14planes,null,,0.26291082877613514
nyquist_14planes,null,,0.25550926090013865
nyquist_14planes,null,,0.21100327277646524
nyquist_14planes,null,,0.4541990427733218
nyquist_14planes,null,,0.39838031447803435
nyquist_14planes,null,,0.2418556243188683
nyquist_14planes,null,,0.2930833724932948
nyquist_14planes,null,,0.4004689929644248
nyquist_14planes,null,,0.43255669076522085
nyquist_14planes,null,,0.231438732795942
nyquist_14planes,null,,0.1263128774670455
nyquist_14planes,null,,0.32121035676113835
nyquist_14planes,null,,0.14484006053298315
nyquist_14planes,null,,0.20563155545490552
nyquist_14planes,null,,0.3069092575572474
nyquist_14planes,null,,0.29519542432268614
nyquist_14planes,null,,0.3528518840436564
nyquist_14planes,null,,0.3035486180513732
nyquist_14planes,null,,0.28796071030408454
nyquist_14planes,null,,0.2330850748202204
nyquist_14planes,null,,0.18553008825171666
nyquist_14planes,null,,0.2754865477530075
nyquist_14planes,null,,0.24053415539347436
nyquist_14planes,null,,0.42871812569381734
nyquist_14planes,null,,0.1401011779162456
nyquist_14planes,null,,0.39496120118994343
nyquist_14planes,null,,0.17101222426762516
nyquist_14planes,null,,0.24053415539347436
nyquist_14planes,null,,0.22052679759179575
nyquist_14planes,null,,0.13293439468130838
nyquist_14planes,null,,0.2252728595367838
nyquist_14planes,null,,0.3269348794906878
nyquist_14planes,null,,0.43255669076522085
nyquist_14planes,null,,0.33177385275718224
nyquist_14planes,null,,0.29519542432268614
nyquist_14planes,null,,0.3691562975797562
nyquist_14planes,null,,0.4184572167194634
nyquist_14planes,null,,0.25550926090013865
nyquist_14planes,null,,0.3626267220134242
nyquist_14planes,null,,0.3135620402828685
nyquist_14planes,null,,0.36671323496642666
nyquist_14planes,null,,0.20563155545490552
nyquist_14planes,null,,0.2348792752603658
nyquist_14planes,null,,0.08203016230604278
nyquist_14planes,null,,0.2738338165828313
nyquist_14planes,null,,0.28796071030408454
nyquist_14planes,null,,0.31908898062054875
nyquist_14planes,null,,0.3405159206341169
nyquist_14planes,null,,0.19445340014726173
nyquist_14planes,null,,0.32857053351134724
nyquist_14planes,null,,0.2435968791715719
nyquist_14planes,null,,0.30503379407938624
nyquist_14planes,null,,0.27506595601950823
nyquist_14planes,null,,0.2507086625854687
nyquist_14planes,null,,0.5407109392423547
nyquist_14planes,null,,0.3134655231339768
nyquist_14planes,null,,0.2056409580282397
nyquist_14planes,null,,0.33741544179564076
nyquist_14planes,null,,0.3100217374131141
nyquist_14planes,null,,0.3172023915108682
nyquist_14planes,null,,0.3472562018945975
nyquist_14planes,null,,0.19445340014726173
nyquist_14planes,null,,0.3007355027716482
nyquist_14planes,null,,0.18584022040754744
nyquist_14planes,null,,0.3020697858855349
nyquist_14planes,null,,0.28081120769119833
nyquist_14planes,null,,0.29811395290180287
nyquist_14planes,null,,0.2588929175984576
nyquist_14planes,null,,0.2314367094670711
nyquist_14planes,null,,0.2777124995938097
nyquist_14planes,null,,0.2627581867332341
nyquist_14planes,null,,0.2330850748202204
nyquist_14planes,null,,0.23276309104620024
nyquist_14planes,null,,0.20816316509783728
nyquist_14planes,null,,0.2851622076419609
nyquist_14planes,null,,0.31278293430927434
nyquist_14planes,null,,0.24298088066336904
nyquist_14planes,null,,0.3471929483622617
nyquist_14planes,null,,0.13578832586448977
nyquist_14planes,null,,0.4409107758569076
nyquist_14planes,null,,0.23825554826282083
nyquist_14planes,null,,0.1263128774670455
nyquist_14planes,null,,0.3172030462608846
nyquist_14planes,null,,0.24893939149048008
nyquist_14planes,null,,0.17969566108077142
nyquist_14planes,null,,0.336477640406565
nyquist_14planes,null,,0.16808607052860777
nyquist_14planes,null,,0.2221586375981037
nyquist_14planes,null,,0.2653531754937955
nyquist_14planes,null,,0.3649823875172008
nyquist_14planes,null,,0.22327785890261584
nyquist_14planes,null,,0.20779219294209797
nyquist_14planes,null,,0.3102825515320473
nyquist_14planes,null,,0.3626944472143962
nyquist_14planes,null,,0.31705702813203124
nyquist_14planes,null,,0.25830372795931145
nyquist_14planes,null,,0.40847473318938216
nyquist_14planes,null,,0.45784373590209637
nyquist_14planes,null,,0.22534091295071793
nyquist_14planes,null,,0.19137207742122503
nyquist_14planes,null,,0.2252728595367838
nyquist_14planes,null,,0.19013278799563776
nyquist_14planes,null,,0.230721006173654
nyquist_14planes,null,,0.2719785584093854
nyquist_14planes,null,,0.2078130144385731
nyquist_14planes,null,,0.2777124995938097
nyquist_14planes,null,,0.3973686893949424
nyquist_14planes,null,,0.30077093583912456
nyquist_14planes,null,,0.18998205615015012
nyquist_14planes,null,,0.14837109895275885
nyquist_14planes,null,,0.31162675882647783
nyquist_14planes,null,,0.3134655231339768
nyquist_14planes,null,,0.29622110061632645
nyquist_14planes,null,,0.17503198987401797
nyquist_14planes,null,,0.14837109895275885
nyquist_14planes,null,,0.25550926090013865
nyquist_14planes,null,,0.3472393625827614
nyquist_14planes,null,,0.3102825515320473
nyquist_14planes,null,,0.29519542432268614
nyquist_14planes,null,,0.23165375818432205
nyquist_14planes,null,,0.24656586179893356
nyquist_14planes,null,,0.3020697858855349
nyquist_14planes,null,,0.3564627533711386
nyquist_14planes,null,,0.4151435481569609
nyquist_14planes,null,,0.31964781916209
nyquist_14planes,null,,0.1835072601714971
nyquist_14planes,null,,0.29430000598317213
nyquist_14planes,null,,0.26569334216891505
nyquist_14planes,null,,0.10806376517526646
nyquist_14planes,null,,0.3246734965112787
nyquist_14planes,null,,0.2056409580282397
nyquist_14planes,null,,0.28731849081938743
nyquist_14planes,null,,0.19013278799563776
nyquist_14planes,null,,0.24053415539347436
nyquist_14planes,null,,0.31278293430927434
nyquist_14planes,null,,0.37329801352620545
nyquist_14planes,null,,0.23019450241707914
nyquist_14planes,null,,0.23263210559313427
nyquist_14planes,null,,0.2221586375981037
nyquist_14planes,null,,0.20477541332501883
nyquist_14planes,null,,0.2653531754937955
nyquist_14planes,null,,0.3472562018945975
nyquist_14planes,null,,0.1332755508731041
nyquist_14planes,null,,0.28796071030408454
nyquist_14planes,null,,0.15304138125773445
nyquist_14planes,null,,0.3472393625827614
nyquist_14planes,null,,0.5407109392423547
nyquist_14planes,null,,0.32509098490669747
nyquist_14planes,null,,0.21610568432056365
nyquist_14planes,null,,0.2901768157728655
nyquist_14planes,null,,0.3135620402828685
nyquist_14planes,null,,0.2586490675101112
nyquist_14planes,null,,0.23825554826282083
nyquist_14planes,null,,0.23307233330831362
nyquist_14planes,null,,0.2972829693363911
nyquist_14planes,null,,0.26291082877613514
nyquist_14planes,null,,0.18584022040754744
nyquist_14planes,null,,0.25534032586349553
nyquist_14planes,null,,0.1911673413329282
nyquist_14planes,null,,0.2279313715999831
nyquist_14planes,null,,0.23312510942841447
nyquist_14planes,null,,0.3987425154740392
nyquist_14planes,null,,0.3718549470561142
nyquist_14planes,null,,0.3299345419415655
nyquist_14planes,null,,0.25830372795931145
nyquist_14planes,null,,0.3530633755512535
nyquist_14planes,null,,0.3691562975797562
nyquist_14planes,null,,0.28026861530560027
nyquist_14planes,null,,0.23165375818432205
nyquist_14planes,null,,0.20477541332501883
nyquist_14planes,null,,0.2348792752603658
nyquist_14planes,null,,0.29430000598317213
nyquist_14planes,null,,0.24275066172053358
nyquist_14planes,null,,0.29993463260413367
nyquist_14planes,null,,0.26286486921149077
nyquist_14planes,null,,0.2737763204115555
nyquist_14planes,null,,0.27839420815411636
nyquist_14planes,null,,0.4004689929644248
nyquist_14planes,null,,0.3410136294081374
nyquist_14planes,null,,0.2671186990464658
nyquist_14planes,null,,0.2719785584093854
nyquist_14planes,null,,0.29622110061632645
nyquist_14planes,null,,0.20563155545490552
nyquist_14planes,null,,0.27506595601950823
nyquist_14planes,null,,0.31908898062054875
nyquist_14planes,null,,0.29702892768090217
nyquist_14planes,null,,0.2252728595367838
nyquist_14planes,null,,0.3269348794906878
nyquist_14planes,null,,0.11339271110913623
nyquist_14planes,null,,0.22352570827176602
nyquist_14planes,null,,0.26335859688735747
nyquist_14planes,null,,0.16163036577635975
nyquist_14planes,null,,0.28193259707982593
nyquist_14planes,null,,0.13293439468130838
nyquist_14planes,null,,0.18189114003036347
nyquist_14planes,null,,0.33814656328938314
nyquist_14planes,null,,0.29993463260413367
nyquist_14planes,null,,0.42659616502420605
nyquist_14planes,null,,0.3641130018699568
nyquist_14planes,null,,0.24656586179893356
nyquist_14planes,null,,0.17969566108077142
nyquist_14planes,null,,0.2569706703564609
nyquist_14planes,null,,0.31674658933226535
nyquist_14planes,null,,0.21109297489534454
nyquist_14planes,null,,0.3973686893949424
nyquist_14planes,null,,0.22952286489403295
nyquist_14planes,null,,0.18553008825171666
nyquist_14planes,null,,0.1405712893145224
nyquist_14planes,null,,0.1405712893145224
nyquist_14planes,null,,0.1974020649713317
nyquist_14planes,null,,0.3371834712649984
nyquist_14planes,null,,0.426998211082655
nyquist_14planes,null,,0.2252728595367838
nyquist_14planes,null,,0.22684000181218658
nyquist_14planes,null,,0.10034318201277166
nyquist_14planes,null,,0.1598835912232875
nyquist_14planes,null,,0.2707200952191696
nyquist_14planes,null,,0.35125697932261735
nyquist_14planes,null,,0.20324295181574278
nyquist_14planes,null,,0.28081120769119833
nyquist_14planes,null,,0.29253301878541044
nyquist_14planes,null,,0.2924318201497485
nyquist_14planes,null,,0.2468024662540312
nyquist_14planes,null,,0.30589512476466435
nyquist_14planes,null,,0.26335859688735747
nyquist_14planes,null,,0.29253301878541044
nyquist_14planes,null,,0.20064946134362566
nyquist_14planes,null,,0.32121035676113835
nyquist_14planes,null,,0.3269348794906878
nyquist_14planes,null,,0.34357150939942044
nyquist_14planes,null,,0.26871973763422
nyquist_14planes,null,,0.4185448507240911
nyquist_14planes,null,,0.17224389476040286
nyquist_14planes,null,,0.3181722576385147
nyquist_14planes,null,,0.34795350027832317
nyquist_14planes,null,,0.17820491646773717
nyquist_14planes,null,,0.322285615638248
nyquist_14planes,null,,0.23539551076619802
nyquist_14planes,null,,0.3036843492642763
nyquist_14planes,null,,0.24286189776268563
nyquist_14planes,null,,0.33814656328938314
nyquist_14planes,null,,0.27584364245306137
nyquist_14planes,null,,0.21550457938910847
nyquist_14planes,null,,0.26465639075556313
nyquist_14planes,null,,0.27584364245306137
nyquist_14planes,null,,0.2675730805407496
nyquist_14planes,null,,0.1279074428524757
nyquist_14planes,null,,0.22549998718067832
nyquist_14planes,null,,0.20105813546205184
nyquist_14planes,null,,0.28433588755563155
nyquist_14planes,null,,0.2078130144385731
nyquist_14planes,null,,0.28604535703264106
nyquist_14planes,null,,0.20261511556123335
nyquist_14planes,null,,0.18034819466278723
nyquist_14planes,null,,0.22534091295071793
nyquist_14planes,null,,0.22052679759179575
nyquist_14planes,null,,0.21107412924810814
nyquist_14planes,null,,0.32118974685046603
nyquist_14planes,null,,0.1835072601714971
nyquist_14planes,null,,0.2627581867332341
nyquist_14planes,null,,0.3365054074044991
nyquist_14planes,null,,0.31278293430927434
nyquist_14planes,null,,0.21109297489534454
nyquist_14planes,null,,0.1279074428524757
nyquist_14planes,null,,0.14111144377750676
nyquist_14planes,null,,0.25829655018410014
nyquist_14planes,null,,0.25706719998852895
nyquist_14planes,null,,0.23175375855386784
nyquist_14planes,null,,0.25052064341543334
nyquist_14planes,null,,0.23175375855386784
nyquist_14planes,null,,0.24298088066336904
nyquist_14planes,null,,0.1263128774670455
nyquist_14planes,null,,0.17607031842385984
nyquist_14planes,null,,0.2465122489685449
nyquist_14planes,null,,0.4063958183374151
nyquist_14planes,null,,0.27029554770009373
nyquist_14planes,null,,0.2644922384930465
nyquist_14planes,null,,0.20261511556123335
nyquist_14planes,null,,0.34038813926234174
nyquist_14planes,null,,0.2051113018352108
nyquist_14planes,null,,0.351990226073035
nyquist_14planes,null,,0.14837109895275885
nyquist_14planes,null,,0.3162928521392641
nyquist_14planes,null,,0.23910393450314918
nyquist_14planes,null,,0.17401587315832578
nyquist_14planes,null,,0.22729708702897294
nyquist_14planes,null,,0.1269066324596915
nyquist_14planes,null,,0.29430000598317213
nyquist_14planes,null,,0.23300916966908408
nyquist_14planes,null,,0.21916059336137275
nyquist_14planes,null,,0.18584022040754744
nyquist_14planes,null,,0.19137207742122503
nyquist_14planes,null,,0.2644922384930465
nyquist_14planes,null,,0.20077267640681767
nyquist_14planes,null,,0.3134655231339768
nyquist_14planes,null,,0.1765486367214727
nyquist_14planes,null,,0.21631427607098785
nyquist_14planes,null,,0.37452010724686224
nyquist_14planes,null,,0.4151435481569609
nyquist_14planes,null,,0.33177385275718224
nyquist_14planes,null,,0.2192296951743772
nyquist_14planes,null,,0.21525974030859066
nyquist_14planes,null,,0.4151435481569609
nyquist_14planes,null,,0.4793101704980091
nyquist_14planes,null,,0.37257220587603845
nyquist_14planes,null,,0.2507086625854687
nyquist_14planes,null,,0.26569334216891505
nyquist_14planes,null,,0.11406101394691119
nyquist_14planes,null,,0.21508920416384048
nyquist_14planes,null,,0.42034533327469065
nyquist_14planes,null,,0.22327785890261584
nyquist_14planes,null,,0.21077782452433302
nyquist_14planes,null,,0.30990320062371535
nyquist_14planes,null,,0.29430000598317213
nyquist_14planes,null,,0.19731922874421554
nyquist_14planes,null,,0.23077597125704746
nyquist_14planes,null,,0.2924318201497485
nyquist_14planes,null,,0.31806630905898675
nyquist_14planes,null,,0.24839060610857447
nyquist_14planes,null,,0.2851622076419609
nyquist_14planes,null,,0.2924318201497485
nyquist_14planes,null,,0.3481457537693775
nyquist_14planes,null,,0.10304289854013152
nyquist_14planes,null,,0.1911673413329282
nyquist_14planes,null,,0.30990320062371535
nyquist_14planes,null,,0.28604535703264106
nyquist_14planes,null,,0.4209632332253422
nyquist_14planes,null,,0.37321566246477156
nyquist_14planes,null,,0.4882337078169988
nyquist_14planes,null,,0.3410136294081374
nyquist_14planes,null,,0.35368966268090446
nyquist_14planes,null,,0.15304138125773445
nyquist_14planes,null,,0.33922345854315544
nyquist_14planes,null,,0.23312510942841447
nyquist_14planes,null,,0.41874810448814526
nyquist_14planes,null,,0.3135620402828685
nyquist_14planes,null,,0.3472562018945975
nyquist_14planes,null,,0.1810462150103395
nyquist_14planes,null,,0.17277466125643479
nyquist_14planes,null,,0.21107412924810814
nyquist_14planes,null,,0.30990320062371535
nyquist_14planes,null,,0.22089269931078745
nyquist_14planes,null,,0.4175356287701758
nyquist_14planes,null,,0.21525974030859066
nyquist_14planes,null,,0.22823931621436502
nyquist_14planes,null,,0.26291082877613514
nyquist_14planes,null,,0.2435968791715719
nyquist_14planes,null,,0.23276309104620024
nyquist_14planes,null,,0.3134655231339768
nyquist_14planes,null,,0.22100947068153987
nyquist_14planes,null,,0.2498253243531899
nyquist_14planes,null,,0.3129041382371418
nyquist_14planes,null,,0.2728913054039498
nyquist_14planes,null,,0.17503198987401797
nyquist_14planes,null,,0.20563155545490552
nyquist_14planes,null,,0.34324758577071807
nyquist_14planes,null,,0.20164934278946983
nyquist_14planes,null,,0.2959812359864346
nyquist_14planes,null,,0.12393110045807745
nyquist_14planes,null,,0.29519542432268614
nyquist_14planes,null,,0.4396380030445797
nyquist_14planes,null,,0.2465122489685449
nyquist_14planes,null,,0.2924318201497485
nyquist_14planes,null,,0.26166809585406553
nyquist_14planes,null,,0.3641130018699568
nyquist_14planes,null,,0.33130837717518224
nyquist_14planes,null,,0.2901768157728655
nyquist_14planes,null,,0.17306814938971374
nyquist_14planes,null,,0.3973942888068361
nyquist_14planes,null,,0.25073394455862374
nyquist_14planes,null,,0.2979859381970592
nyquist_14planes,null,,0.22100947068153987
nyquist_14planes,null,,0.33968372426020677
nyquist_14planes,null,,0.33177385275718224
nyquist_14planes,null,,0.21550457938910847
nyquist_14planes,null,,0.18668651516002893
nyquist_14planes,null,,0.2465122489685449
nyquist_14planes,null,,0.3510407052226985
nyquist_14planes,null,,0.21525974030859066
nyquist_14planes,null,,0.2592189161682932
nyquist_14planes,null,,0.4559739606642912
nyquist_14planes,null,,0.17762894578119373
nyquist_14planes,null,,0.2678744195414247
nyquist_14planes,null,,0.33015065832470997
nyquist_14planes,null,,0.31674658933226535
nyquist_14planes,null,,0.2314367094670711
nyquist_14planes,null,,0.34324758577071807
nyquist_14planes,null,,0.22684000181218658
nyquist_14planes,null,,0.18034819466278723
nyquist_14planes,null,,0.21631427607098785
nyquist_14planes,null,,0.15880683156121211
nyquist_14planes,null,,0.29905365819742324
nyquist_14planes,null,,0.34324758577071807
nyquist_14planes,null,,0.28026861530560027
nyquist_14planes,null,,0.18831042498745093
nyquist_14planes,null,,0.2178630443573024
nyquist_14planes,null,,0.2620441351963736
nyquist_14planes,null,,0.3254765483087719
nyquist_14planes,null,,0.2078637438223038
nyquist_14planes,null,,0.3007355027716482
nyquist_14planes,null,,0.31705702813203124
nyquist_14planes,null,,0.32887093737503215
nyquist_14planes,null,,0.2675730805407496
nyquist_14planes,null,,0.27927316502641375
nyquist_14planes,null,,0.4281102086349395
nyquist_14planes,null,,0.3129041382371418
nyquist_14planes,null,,0.35743268166782005
nyquist_14planes,null,,0.22438650974326252
nyquist_14planes,null,,0.22532841778129997
nyquist_14planes,null,,0.3069092575572474
nyquist_14planes,null,,0.18730278905093647
nyquist_14planes,null,,0.40958555740640856
nyquist_14planes,null,,0.3262624440263034
nyquist_14planes,null,,0.4058667907845667
nyquist_14planes,null,,0.23910393450314918
nyquist_14planes,null,,0.21610568432056365
nyquist_14planes,null,,0.22100947068153987
nyquist_14planes,null,,0.34754824179494825
nyquist_14planes,null,,0.2579342068080537
nyquist_14planes,null,,0.18668651516002893
nyquist_14planes,null,,0.18998205615015012
nyquist_14planes,null,,0.2676234415423648
nyquist_14planes,null,,0.3288409347067432
nyquist_14planes,null,,0.4682430656930119
nyquist_14planes,null,,0.4151435481569609
nyquist_14planes,null,,0.29253301878541044
nyquist_14planes,null,,0.18584022040754744
nyquist_14planes,null,,0.21107412924810814
nyquist_14planes,null,,0.3853059770993334
nyquist_14planes,null,,0.40269154419241465
nyquist_14planes,null,,0.22100947068153987
nyquist_14planes,null,,0.3159745005918654
nyquist_14planes,null,,0.2972829693363911
nyquist_14planes,null,,0.17486780260390586
nyquist_14planes,null,,0.4114286102263505
nyquist_14planes,null,,0.16811372775932001
nyquist_14planes,null,,0.11406101394691119
nyquist_14planes,null,,0.18524210920785994
nyquist_14planes,null,,0.29702892768090217
nyquist_14planes,null,,0.3172030462608846
nyquist_14planes,null,,0.28026861530560027
nyquist_14planes,null,,0.2676234415423648
nyquist_14planes,null,,0.32307929208125535
nyquist_14planes,null,,0.30990320062371535
nyquist_14planes,null,,0.21956318839009364
nyquist_14planes,null,,0.22327785890261584
nyquist_14planes,null,,0.27950282803533705
nyquist_14planes,null,,0.2367361477098366
nyquist_14planes,null,,0.1623006918400976
nyquist_14planes,null,,0.17101222426762516
nyquist_14planes,null,,0.3471929483622617
nyquist_14planes,null,,0.21016527196464327
nyquist_14planes,null,,0.20477541332501883
nyquist_14planes,null,,0.17101222426762516
nyquist_14planes,null,,0.25830372795931145
nyquist_14planes,null,,0.11022618426620137
nyquist_14planes,null,,0.2221586375981037
nyquist_14planes,null,,0.17101222426762516
nyquist_14planes,null,,0.2330850748202204
nyquist_14planes,null,,0.22327785890261584
nyquist_14planes,null,,0.28026861530560027
nyquist_14planes,null,,0.2754865477530075
nyquist_14planes,null,,0.28081120769119833
nyquist_14planes,null,,0.26871973763422
nyquist_14planes,null,,0.2676234415423648
nyquist_14planes,null,,0.12373680935006783
nyquist_14planes,null,,0.21016527196464327
nyquist_14planes,null,,0.2221586375981037
nyquist_14planes,null,,0.3172030462608846
nyquist_14planes,null,,0.20779219294209797
nyquist_14planes,null,,0.2753918892683646
nyquist_14planes,null,,0.19184897575588264
nyquist_14planes,null,,0.25359478960576853
nyquist_14planes,null,,0.2468024662540312
nyquist_14planes,null,,0.34357150939942044
nyquist_14planes,null,,0.3626855313178665
nyquist_14planes,null,,0.4485165948707729
nyquist_14planes,null,,0.3840473774393861
nyquist_14planes,null,,0.27950282803533705
nyquist_14planes,null,,0.280183036475479
nyquist_14planes,null,,0.1263128774670455
nyquist_14planes,null,,0.1623006918400976
nyquist_14planes,null,,0.2579342068080537
nyquist_14planes,null,,0.33968372426020677
nyquist_14planes,null,,0.33552917277822547
nyquist_14planes,null,,0.1623006918400976
nyquist_14planes,null,,0.28559874467773844
nyquist_14planes,null,,0.32974469616910845
nyquist_14planes,null,,0.21783376522940268
nyquist_14planes,null,,0.2865297451137897
nyquist_14planes,null,,0.3066538307053528
nyquist_14planes,null,,0.25111079791193164
nyquist_14planes,null,,0.24053415539347436
nyquist_14planes,null,,0.39118283712976337
nyquist_14planes,null,,0.25111079791193164
nyquist_14planes,null,,0.2588380015932565
nyquist_14planes,null,,0.36671323496642666
nyquist_14planes,null,,0.3905000144816854
nyquist_14planes,null,,0.3371834712649984
nyquist_14planes,null,,0.3720187994421516
nyquist_14planes,null,,0.3424250065841296
nyquist_14planes,null,,0.2051113018352108
nyquist_14planes,null,,0.37649156859438415
nyquist_14planes,null,,0.37329801352620545
nyquist_14planes,null,,0.29551903169720567
nyquist_14planes,null,,0.35125697932261735
nyquist_14planes,null,,0.3547768953427539
nyquist_14planes,null,,0.34754824179494825
nyquist_14planes,null,,0.29811395290180287
nyquist_14planes,null,,0.36671323496642666
nyquist_14planes,null,,0.1761989546942338
nyquist_14planes,null,,0.17486780260390586
nyquist_14planes,null,,0.1435357718862734
nyquist_14planes,null,,0.19061769009828236
nyquist_14planes,null,,0.2671186990464658
nyquist_14planes,null,,0.134559046635466
nyquist_14planes,null,,0.17969566108077142
nyquist_14planes,null,,0.22549998718067832
nyquist_14planes,null,,0.3299345419415655
nyquist_14planes,null,,0.23307233330831362
nyquist_14planes,null,,0.2851944730635224
nyquist_14planes,null,,0.21550457938910847
nyquist_14planes,null,,0.4283017087053001
nyquist_14planes,null,,0.2627581867332341
nyquist_14planes,null,,0.25073394455862374
nyquist_14planes,null,,0.30058410660256285
nyquist_14planes,null,,0.3162928521392641
nyquist_14planes,null,,0.21109297489534454
nyquist_14planes,null,,0.228927859212896
nyquist_14planes,null,,0.31908898062054875
nyquist_14planes,null,,0.41921303428455386
nyquist_14planes,null,,0.17582457606877985
nyquist_14planes,null,,0.40564046255257474
nyquist_14planes,null,,0.21703199187160535
nyquist_14planes,null,,0.3471929483622617
nyquist_14planes,null,,0.26796473087816236
nyquist_14planes,null,,0.3108955683752348
nyquist_14planes,null,,0.32198653133791005
nyquist_14planes,null,,0.37497111805243394
nyquist_14planes,null,,0.26481068098527605
nyquist_14planes,null,,0.20324295181574278
nyquist_14planes,null,,0.27927316502641375
nyquist_14planes,null,,0.22534091295071793
nyquist_14planes,null,,0.28796071030408454
nyquist_14planes,null,,0.23263210559313427
nyquist_14planes,null,,0.21622185011686187
nyquist_14planes,null,,0.31964781916209
nyquist_14planes,null,,0.2168588080558139
nyquist_14planes,null,,0.20064946134362566
nyquist_14planes,null,,0.3414881840857167
nyquist_14planes,null,,0.3649823875172008
nyquist_14planes,null,,0.23034733973881888
nyquist_14planes,null,,0.32118974685046603
nyquist_14planes,null,,0.3947420079175853
nyquist_14planes,null,,0.2676234415423648
nyquist_14planes,null,,0.231438732795942
nyquist_14planes,null,,0.19013278799563776
nyquist_14planes,null,,0.41303250843541195
nyquist_14planes,null,,0.21107412924810814
nyquist_14planes,null,,0.28330562513840446
nyquist_14planes,null,,0.2851944730635224
nyquist_14planes,null,,0.28433588755563155
nyquist_14planes,null,,0.3458019231789851
nyquist_14planes,null,,0.2056409580282397
nyquist_14planes,null,,0.21610568432056365
nyquist_14planes,null,,0.28081120769119833
nyquist_14planes,null,,0.2516923131197909
nyquist_14planes,null,,0.4353990490960674
nyquist_14planes,null,,0.1263128774670455
nyquist_14planes,null,,0.18489214947076887
nyquist_14planes,null,,0.17306814938971374
nyquist_14planes,null,,0.3206410239245949
nyquist_14planes,null,,0.3720187994421516
nyquist_14planes,null,,0.2924318201497485
nyquist_14planes,null,,0.2865297451137897
nyquist_14planes,null,,0.19006666043390125
nyquist_14planes,null,,0.34984071804236594
nyquist_14planes,null,,0.2435968791715719
nyquist_14planes,null,,0.33922345854315544
nyquist_14planes,null,,0.26569334216891505
nyquist_14planes,null,,0.31162675882647783
nyquist_14planes,null,,0.27584364245306137
nyquist_14planes,null,,0.21703199187160535
nyquist_14planes,null,,0.2516923131197909
nyquist_14planes,null,,0.3649823875172008
nyquist_14planes,null,,0.3571340814239559
nyquist_14planes,null,,0.3414881840857167
nyquist_14planes,null,,0.2851622076419609
nyquist_14planes,null,,0.1700764364337893
nyquist_14planes,null,,0.36993614693399546
nyquist_14planes,null,,0.336477640406565
nyquist_14planes,null,,0.31608047736972206
nyquist_14planes,null,,0.22327785890261584
nyquist_14planes,null,,0.3720187994421516
nyquist_14planes,null,,0.3269923338212967
nyquist_14planes,null,,0.25024354839929297
nyquist_14planes,null,,0.1405712893145224
nyquist_14planes,null,,0.14111144377750676
nyquist_14planes,null,,0.2096618185105997
nyquist_14planes,null,,0.23312203624930383
nyquist_14planes,null,,0.17101222426762516
nyquist_14planes,null,,0.28731849081938743
nyquist_14planes,null,,0.21525974030859066
nyquist_14planes,null,,0.336477640406565
nyquist_14planes,null,,0.27927316502641375
nyquist_14planes,null,,0.2754865477530075
nyquist_14planes,null,,0.1859058598383184
nyquist_14planes,null,,0.3719478559801412
nyquist_14planes,null,,0.3424250065841296
nyquist_14planes,null,,0.29519542432268614
nyquist_14planes,null,,0.2930833724932948
nyquist_14planes,null,,0.31705702813203124
nyquist_14planes,null,,0.37329801352620545
nyquist_14planes,null,,0.28796071030408454
nyquist_14planes,null,,0.24656586179893356
nyquist_14planes,null,,0.27355571973986925
nyquist_14planes,null,,0.19526121016242
nyquist_14planes,null,,0.3371834712649984
nyquist_14planes,null,,0.32887093737503215
nyquist_14planes,null,,0.2620441351963736
nyquist_14planes,null,,0.36788854143990285
nyquist_14planes,null,,0.35480006696917843
nyquist_14planes,null,,0.20324295181574278
nyquist_14planes,null,,0.29519542432268614
nyquist_14planes,null,,0.19152547759900526
nyquist_14planes,null,,0.26848695012145024
nyquist_14planes,null,,0.3814803794281654
nyquist_14planes,null,,0.3898523246693664
nyquist_14planes,null,,0.21107412924810814
nyquist_14planes,null,,0.2716450413718421
nyquist_14planes,null,,0.3935504701644326
nyquist_14planes,null,,0.1263128774670455
nyquist_14planes,null,,0.23312510942841447
nyquist_14planes,null,,0.40388474803899427
nyquist_14planes,null,,0.21525974030859066
nyquist_14planes,null,,0.18814538339612075
nyquist_14planes,null,,0.34984071804236594
nyquist_14planes,null,,0.12450111683248163
nyquist_14planes,null,,0.13578832586448977
nyquist_14planes,null,,0.21525974030859066
nyquist_14planes,null,,0.27355571973986925
nyquist_14planes,null,,0.4678885552879317
nyquist_14planes,null,,0.2078130144385731
nyquist_14planes,null,,0.18630600217313042
nyquist_14planes,null,,0.3947420079175853
nyquist_14planes,null,,0.1830974859625167
nyquist_14planes,null,,0.40564046255257474
nyquist_14planes,null,,0.3254765483087719
nyquist_14planes,null,,0.3802544440002996
nyquist_14planes,null,,0.19013278799563776
nyquist_14planes,null,,0.28211893697137785
nyquist_14planes,null,,0.2653531754937955
nyquist_14planes,null,,0.3617531214104414
nyquist_14planes,null,,0.31278293430927434
nyquist_14planes,null,,0.2825176817144366
nyquist_14planes,null,,0.30919853421324267
nyquist_14planes,null,,0.25486046634151366
nyquist_14planes,null,,0.2356666791011264
nyquist_14planes,null,,0.36788854143990285
nyquist_14planes,null,,0.23019450241707914
nyquist_14planes,null,,0.22532841778129997
nyquist_14planes,null,,0.16728517612789423
nyquist_14planes,null,,0.27927316502641375
nyquist_14planes,null,,0.3530633755512535
nyquist_14planes,null,,0.21550457938910847
nyquist_14planes,null,,0.19137207742122503
nyquist_14planes,null,,0.41643243317851153
nyquist_14planes,null,,0.3973686893949424
nyquist_14planes,null,,0.11324160574709628
nyquist_14planes,null,,0.28340018804519845
nyquist_14planes,null,,0.38851930237175947
nyquist_14planes,null,,0.26873808142133054
nyquist_14planes,null,,0.1700764364337893
nyquist_14planes,null,,0.30503379407938624
nyquist_14planes,null,,0.23312510942841447
nyquist_14planes,null,,0.2221586375981037
nyquist_14planes,null,,0.2221586375981037
nyquist_14planes,null,,0.19494598367914118
nyquist_14planes,null,,0.17263173039220828
nyquist_14planes,null,,0.41643243317851153
nyquist_14planes,null,,0.19006666043390125
nyquist_14planes,null,,0.3269348794906878
nyquist_14planes,null,,0.33130837717518224
nyquist_14planes,null,,0.3392412984914377
nyquist_14planes,null,,0.31964781916209
nyquist_14planes,null,,0.29078087652507884
nyquist_14planes,null,,0.289857571724334
nyquist_14planes,null,,0.23307233330831362
nyquist_14planes,null,,0.17306814938971374
nyquist_14planes,null,,0.3222144202706819
nyquist_14planes,null,,0.27689268099509495
nyquist_14planes,null,,0.31674658933226535
nyquist_14planes,null,,0.39911494957371824
nyquist_14planes,null,,0.30503379407938624
nyquist_14planes,null,,0.2737763204115555
nyquist_14planes,null,,0.22048118784301718
nyquist_14planes,null,,0.28026861530560027
nyquist_14planes,null,,0.2851622076419609
nyquist_14planes,null,,0.27839420815411636
nyquist_14planes,null,,0.29519542432268614
nyquist_14planes,null,,0.30919853421324267
nyquist_14planes,null,,0.1634733047284248
nyquist_14planes,null,,0.2708475661989796
nyquist_14planes,null,,0.23019450241707914
nyquist_14planes,null,,0.15973126084205627
nyquist_14planes,null,,0.3521045591305561
nyquist_14planes,null,,0.3472393625827614
nyquist_14planes,null,,0.28995951836302825
nyquist_14planes,null,,0.25830372795931145
nyquist_14planes,null,,0.2716450413718421
nyquist_14planes,null,,0.1623006918400976
nyquist_14planes,null,,0.2738338165828313
nyquist_14planes,null,,0.17935795009905606
nyquist_14planes,null,,0.3641130018699568
nyquist_14planes,null,,0.22534091295071793
nyquist_14planes,null,,0.20261511556123335
nyquist_14planes,null,,0.2516923131197909
nyquist_14planes,null,,0.48847775313469854
nyquist_14planes,null,,0.19445340014726173
nyquist_14planes,null,,0.21956318839009364
nyquist_14planes,null,,0.3564627533711386
nyquist_14planes,null,,0.20261511556123335
nyquist_14planes,null,,0.17607031842385984
nyquist_14planes,null,,0.28433588755563155
nyquist_14planes,null,,0.23276309104620024
nyquist_14planes,null,,0.22952286489403295
nyquist_14planes,null,,0.25882035543767673
nyquist_14planes,null,,0.3246734965112787
nyquist_14planes,null,,0.3761129490792095
nyquist_14planes,null,,0.19494598367914118
nyquist_14planes,null,,0.3458019231789851
nyquist_14planes,null,,0.2660234902639566
nyquist_14planes,null,,0.22549998718067832
nyquist_14planes,null,,0.3714673285097446
nyquist_14planes,null,,0.15801896953025954
nyquist_14planes,null,,0.2754865477530075
nyquist_14planes,null,,0.289857571724334
nyquist_14planes,null,,0.4361338257695061
nyquist_14planes,null,,0.1700764364337893
nyquist_14planes,null,,0.20261511556123335
nyquist_14planes,null,,0.2851944730635224
nyquist_14planes,null,,0.34270425538202354
nyquist_14planes,null,,0.2405255247579823
nyquist_14planes,null,,0.35207282046963545
nyquist_14planes,null,,0.17935795009905606
nyquist_14planes,null,,0.23077597125704746
nyquist_14planes,null,,0.228927859212896
nyquist_14planes,null,,0.29430000598317213
nyquist_14planes,null,,0.3069092575572474
nyquist_14planes,null,,0.2838364024411015
nyquist_14planes,null,,0.29905365819742324
nyquist_14planes,null,,0.28211893697137785
nyquist_14planes,null,,0.30543919101625605
nyquist_14planes,null,,0.4409107758569076
nyquist_14planes,null,,0.40503597576315575
nyquist_14planes,null,,0.29724022925891136
nyquist_14planes,null,,0.2930833724932948
nyquist_14planes,null,,0.2912303600161474
nyquist_14planes,null,,0.24893939149048008
nyquist_14planes,null,,0.31994793808739613
nyquist_14planes,null,,0.30058410660256285
nyquist_14planes,null,,0.16728517612789423
nyquist_14planes,null,,0.35838332668558304
nyquist_14planes,null,,0.1822459329882579
nyquist_14planes,null,,0.12800888956408346
nyquist_14planes,null,,0.20278984628288793
nyquist_14planes,null,,0.21703199187160535
nyquist_14planes,null,,0.3288409347067432
nyquist_14planes,null,,0.1810462150103395
nyquist_14planes,null,,0.2969929936957431
nyquist_14planes,null,,0.22534091295071793
nyquist_14planes,null,,0.2059319641052508
nyquist_14planes,null,,0.2972829693363911
nyquist_14planes,null,,0.40958555740640856
nyquist_14planes,null,,0.27950282803533705
nyquist_14planes,null,,0.16512325627142382
nyquist_14planes,null,,0.41673039997640615
nyquist_14planes,null,,0.18608906790570817
nyquist_14planes,null,,0.28553544303771694
nyquist_14planes,null,,0.23175375855386784
nyquist_14planes,null,,0.21255478644997317
nyquist_14planes,null,,0.2545875735861637
nyquist_14planes,null,,0.21492021575564157
nyquist_14planes,null,,0.28796071030408454
nyquist_14planes,null,,0.45143463811881385
nyquist_14planes,null,,0.4048877987002057
nyquist_14planes,null,,0.18584022040754744
nyquist_14planes,null,,0.30503379407938624
nyquist_14planes,null,,0.29519542432268614
nyquist_14planes,null,,0.1589735426665501
nyquist_14planes,null,,0.19436675625844102
nyquist_14planes,null,,0.2678744195414247
nyquist_14planes,null,,0.3802544440002996
nyquist_14planes,null,,0.2549582013799737
nyquist_14planes,null,,0.25550926090013865
nyquist_14planes,null,,0.16728517612789423
nyquist_14planes,null,,0.2753918892683646
nyquist_14planes,null,,0.17859467437802704
nyquist_14planes,null,,0.35607384876879283
nyquist_14planes,null,,0.24478139179150304
nyquist_14planes,null,,0.30990320062371535
nyquist_14planes,null,,0.2516923131197909
nyquist_14planes,null,,0.14484006053298315
nyquist_14planes,null,,0.1765486367214727
nyquist_14planes,null,,0.16688310335024706
nyquist_14planes,null,,0.13578832586448977
nyquist_14planes,null,,0.35319040184348355
nyquist_14planes,null,,0.29905365819742324
nyquist_14planes,null,,0.2252728595367838
nyquist_14planes,null,,0.31608047736972206
nyquist_14planes,null,,0.24478139179150304
nyquist_14planes,null,,0.4862551027037724
nyquist_14planes,null,,0.23019450241707914
nyquist_14planes,null,,0.1859058598383184
nyquist_14planes,null,,0.20278984628288793
nyquist_14planes,null,,0.3299345419415655
nyquist_14planes,null,,0.1700764364337893
nyquist_14planes,null,,0.2168588080558139
nyquist_14planes,null,,0.4209632332253422
nyquist_14planes,null,,0.3129041382371418
nyquist_14planes,null,,0.38851930237175947
nyquist_14planes,null,,0.2841421914219213
nyquist_14planes,null,,0.21525974030859066
nyquist_14planes,null,,0.3987425154740392
nyquist_14planes,null,,0.2777124995938097
nyquist_14planes,null,,0.2078637438223038
nyquist_14planes,null,,0.3530633755512535
nyquist_14planes,null,,0.20064946134362566
nyquist_14planes,null,,0.13230161551489072
nyquist_14planes,null,,0.21255478644997317
nyquist_14planes,null,,0.2979859381970592
nyquist_14planes,null,,0.17306814938971374
nyquist_14planes,null,,0.28026861530560027
nyquist_14planes,null,,0.33814656328938314
nyquist_14planes,null,,0.3351394166468655
nyquist_14planes,null,,0.25024354839929297
nyquist_14planes,null,,0.4048877987002057
nyquist_14planes,null,,0.33015065832470997
nyquist_14planes,null,,0.21610568432056365
nyquist_14planes,null,,0.22327785890261584
nyquist_14planes,null,,0.23307233330831362
nyquist_14planes,null,,0.32509098490669747
nyquist_14planes,null,,0.18524210920785994
nyquist_14planes,null,,0.2719785584093854
nyquist_14planes,null,,0.21016527196464327
nyquist_14planes,null,,0.21255478644997317
nyquist_14planes,null,,0.22823931621436502
nyquist_14planes,null,,0.2660234902639566
nyquist_14planes,null,,0.35965826841327675
nyquist_14planes,null,,0.3718549470561142
nyquist_14planes,null,,0.2588929175984576
nyquist_14planes,null,,0.28796071030408454
nyquist_14planes,null,,0.23077597125704746
nyquist_14planes,null,,0.23312510942841447
nyquist_14planes,null,,0.1401011779162456
nyquist_14planes,null,,0.13256790842009433
nyquist_14planes,null,,0.28434358836283447
nyquist_14planes,null,,0.3100217374131141
nyquist_14planes,null,,0.3641130018699568
nyquist_14planes,null,,0.2579342068080537
nyquist_14planes,null,,0.12851514504907577
nyquist_14planes,null,,0.3649823875172008
nyquist_14planes,null,,0.24275066172053358
nyquist_14planes,null,,0.2405255247579823
nyquist_14planes,null,,0.16811372775932001
nyquist_14planes,null,,0.15925844187512136
nyquist_14planes,null,,0.19061769009828236
nyquist_14planes,null,,0.19731922874421554
nyquist_14planes,null,,0.3124835852553879
nyquist_14planes,null,,0.2865297451137897
nyquist_14planes,null,,0.22549998718067832
nyquist_14planes,null,,0.2652876641848933
nyquist_14planes,null,,0.18831042498745093
nyquist_14planes,null,,0.2771911480734889
nyquist_14planes,null,,0.29078087652507884
nyquist_14planes,null,,0.25486046634151366
nyquist_14planes,null,,0.23300916966908408
nyquist_14planes,null,,0.3410136294081374
nyquist_14planes,null,,0.2549582013799737
nyquist_14planes,null,,0.27839420815411636
nyquist_14planes,null,,0.3288409347067432
nyquist_14planes,null,,0.2713673466997654
nyquist_14planes,null,,0.40096188414801776
nyquist_14planes,null,,0.2620441351963736
nyquist_14planes,null,,0.32107800230996286
nyquist_14planes,null,,0.2675730805407496
nyquist_14planes,null,,0.2653531754937955
nyquist_14planes,null,,0.27927316502641375
nyquist_14planes,null,,0.30990320062371535
nyquist_14planes,null,,0.21077782452433302
nyquist_14planes,null,,0.15973126084205627
nyquist_14planes,null,,0.29622110061632645
nyquist_14planes,null,,0.20077267640681767
nyquist_14planes,null,,0.2221586375981037
nyquist_14planes,null,,0.3506629823179441
nyquist_14planes,null,,0.21622185011686187
nyquist_14planes,null,,0.2771911480734889
nyquist_14planes,null,,0.134559046635466
nyquist_14planes,null,,0.1822459329882579
nyquist_14planes,null,,0.18034819466278723
nyquist_14planes,null,,0.15887298061509456
nyquist_14planes,null,,0.2592189161682932
nyquist_14planes,null,,0.31608047736972206
nyquist_14planes,null,,0.2178630443573024
nyquist_14planes,null,,0.19436675625844102
nyquist_14planes,null,,0.3365054074044991
nyquist_14planes,null,,0.19013278799563776
nyquist_14planes,null,,0.21525974030859066
nyquist_14planes,null,,0.28193259707982593
nyquist_14planes,null,,0.24839060610857447
nyquist_14planes,null,,0.2708475661989796
nyquist_14planes,null,,0.21916059336137275
nyquist_14planes,null,,0.21631427607098785
nyquist_14planes,null,,0.3641130018699568
nyquist_14planes,null,,0.34984071804236594
nyquist_14planes,null,,0.33902375791717515
nyquist_14planes,null,,0.4693640022664462
nyquist_14planes,null,,0.2957356361877704
nyquist_14planes,null,,0.3136819053185133
nyquist_14planes,null,,0.289857571724334
nyquist_14planes,null,,0.21550457938910847
nyquist_14planes,null,,0.1021372335197561
nyquist_14planes,null,,0.3269348794906878
nyquist_14planes,null,,0.2759266342964958
nyquist_14planes,null,,0.40388474803899427
nyquist_14planes,null,,0.4281102086349395
nyquist_14planes,null,,0.3506629823179441
nyquist_14planes,null,,0.20077267640681767
nyquist_14planes,null,,0.11542953522452562
nyquist_14planes,null,,0.2240142798712998
nyquist_14planes,null,,0.21610568432056365
nyquist_14planes,null,,0.32198653133791005
nyquist_14planes,null,,0.2716450413718421
nyquist_14planes,null,,0.40150627140355283
nyquist_14planes,null,,0.22952286489403295
nyquist_14planes,null,,0.2707200952191696
nyquist_14planes,null,,0.21783376522940268
nyquist_14planes,null,,0.31162675882647783
nyquist_14planes,null,,0.2706886959516343
nyquist_14planes,null,,0.2078130144385731
nyquist_14planes,null,,0.2078130144385731
nyquist_14planes,null,,0.20261511556123335
nyquist_14planes,null,,0.2178630443573024
nyquist_14planes,null,,0.37321566246477156
nyquist_14planes,null,,0.26848695012145024
nyquist_14planes,null,,0.1810462150103395
nyquist_14planes,null,,0.11406101394691119
nyquist_14planes,null,,0.40773485481085564
nyquist_14planes,null,,0.31278293430927434
nyquist_14planes,null,,0.1263128774670455
nyquist_14planes,null,,0.21508920416384048
nyquist_14planes,null,,0.25348804065363234
nyquist_14planes,null,,0.2078130144385731
nyquist_14planes,null,,0.3007355027716482
nyquist_14planes,null,,0.18553008825171666
nyquist_14planes,null,,0.2620441351963736
nyquist_14planes,null,,0.4135203419358167
nyquist_14planes,null,,0.2713673466997654
nyquist_14planes,null,,0.30700794473262927
nyquist_14planes,null,,0.17486780260390586
nyquist_14planes,null,,0.4019335262543454
nyquist_14planes,null,,0.3289983783250874
nyquist_14planes,null,,0.4409107758569076
nyquist_14planes,null,,0.29993463260413367
nyquist_14planes,null,,0.31908898062054875
nyquist_14planes,null,,0.33902375791717515
nyquist_14planes,null,,0.17582457606877985
nyquist_14planes,null,,0.2936488118922977
nyquist_14planes,null,,0.3737886361576131
nyquist_14planes,null,,0.1810462150103395
nyquist_14planes,null,,0.2930833724932948
nyquist_14planes,null,,0.18553008825171666
nyquist_14planes,null,,0.4048877987002057
nyquist_14planes,null,,0.30990320062371535
nyquist_14planes,null,,0.33902375791717515
nyquist_14planes,null,,0.24298088066336904
nyquist_14planes,null,,0.24298088066336904
nyquist_14planes,null,,0.2719785584093854
nyquist_14planes,null,,0.34038813926234174
nyquist_14planes,null,,0.19526121016242
nyquist_14planes,null,,0.25052064341543334
nyquist_14planes,null,,0.23836955568665444
nyquist_14planes,null,,0.29519542432268614
nyquist_14planes,null,,0.2418556243188683
nyquist_14planes,null,,0.26873808142133054
nyquist_14planes,null,,0.34754824179494825
nyquist_14planes,null,,0.18831042498745093
nyquist_14planes,null,,0.2545875735861637
nyquist_14planes,null,,0.35743268166782005
nyquist_14planes,null,,0.27355571973986925
nyquist_14planes,null,,0.1940113475396696
nyquist_14planes,null,,0.24298088066336904
nyquist_14planes,null,,0.21508920416384048
nyquist_14planes,null,,0.17503198987401797
nyquist_14planes,null,,0.37452010724686224
nyquist_14planes,null,,0.2418556243188683
nyquist_14planes,null,,0.2728913054039498
nyquist_14planes,null,,0.11406101394691119
nyquist_14planes,null,,0.21525974030859066
nyquist_14planes,null,,0.2753918892683646
nyquist_14planes,null,,0.26848695012145024
nyquist_14planes,null,,0.28193259707982593
nyquist_14planes,null,,0.3098271767816725
nyquist_14planes,null,,0.2738338165828313
nyquist_14planes,null,,0.18831042498745093
nyquist_14planes,null,,0.3704798475132069
nyquist_14planes,null,,0.31162675882647783
nyquist_14planes,null,,0.29702892768090217
nyquist_14planes,null,,0.2078130144385731
nyquist_14planes,null,,0.2865297451137897
nyquist_14planes,null,,0.2728913054039498
nyquist_14planes,null,,0.32198653133791005
nyquist_14planes,null,,0.21109297489534454
nyquist_14planes,null,,0.24374342739771643
nyquist_14planes,null,,0.3528518840436564
nyquist_14planes,null,,0.27410420110092854
nyquist_14planes,null,,0.11324160574709628
nyquist_14planes,null,,0.17306814938971374
nyquist_14planes,null,,0.39118283712976337
nyquist_14planes,null,,0.3669326891094629
nyquist_14planes,null,,0.3405159206341169
nyquist_14planes,null,,0.2740779567522079
nyquist_14planes,null,,0.35876220977318496
nyquist_14planes,null,,0.40144379429497556
nyquist_14planes,null,,0.28559874467773844
nyquist_14planes,null,,0.3134655231339768
nyquist_14planes,null,,0.28796071030408454
nyquist_14planes,null,,0.2754865477530075
nyquist_14planes,null,,0.1835072601714971
nyquist_14planes,null,,0.23300916966908408
nyquist_14planes,null,,0.36788854143990285
nyquist_14planes,null,,0.23034733973881888
nyquist_14planes,null,,0.3134655231339768
nyquist_14planes,null,,0.28030958067939765
nyquist_14planes,null,,0.306599957663743
nyquist_14planes,null,,0.24286189776268563
nyquist_14planes,null,,0.1263128774670455
nyquist_14planes,null,,0.1614017285685528
nyquist_14planes,null,,0.23165375818432205
nyquist_14planes,null,,0.18608906790570817
nyquist_14planes,null,,0.33130837717518224
nyquist_14planes,null,,0.2405255247579823
nyquist_14planes,null,,0.2078130144385731
nyquist_14planes,null,,0.21109297489534454
nyquist_14planes,null,,0.2759266342964958
nyquist_14planes,null,,0.1835072601714971
nyquist_14planes,null,,0.1464467150801614
nyquist_14planes,null,,0.2737763204115555
nyquist_14planes,null,,0.3840473774393861
nyquist_14planes,null,,0.20043080649703746
nyquist_14planes,null,,0.31316057625477944
nyquist_14planes,null,,0.28559874467773844
nyquist_14planes,null,,0.2671186990464658
nyquist_14planes,null,,0.23165375818432205
nyquist_14planes,null,,0.21783376522940268
nyquist_14planes,null,,0.3828597790359059
nyquist_14planes,null,,0.2737324724335587
nyquist_14planes,null,,0.24893939149048008
nyquist_14planes,null,,0.3472393625827614
nyquist_14planes,null,,0.2737324724335587
nyquist_14planes,null,,0.28604535703264106
nyquist_14planes,null,,0.3937422789530654
nyquist_14planes,null,,0.322285615638248
nyquist_14planes,null,,0.37649156859438415
nyquist_14planes,null,,0.20715472553549422
nyquist_14planes,null,,0.13230161551489072
nyquist_14planes,null,,0.2418556243188683
nyquist_14planes,null,,0.25829655018410014
nyquist_14planes,null,,0.30919853421324267
nyquist_14planes,null,,0.25052064341543334
nyquist_14planes,null,,0.33130837717518224
nyquist_14planes,null,,0.29993463260413367
nyquist_14planes,null,,0.3761129490792095
nyquist_14planes,null,,0.2620441351963736
nyquist_14planes,null,,0.27029554770009373
nyquist_14planes,null,,0.2652876641848933
nyquist_14planes,null,,0.15268236799476592
nyquist_14planes,null,,0.33015065832470997
nyquist_14planes,null,,0.28731849081938743
nyquist_14planes,null,,0.28211893697137785
nyquist_14planes,null,,0.13522697230796746
nyquist_14planes,null,,0.15268236799476592
nyquist_14planes,null,,0.1809979246700089
nyquist_14planes,null,,0.23307233330831362
nyquist_14planes,null,,0.2708475661989796
nyquist_14planes,null,,0.20261511556123335
nyquist_14planes,null,,0.33968372426020677
nyquist_14planes,null,,0.30077093583912456
nyquist_14planes,null,,0.230721006173654
nyquist_14planes,null,,0.1405712893145224
nyquist_14planes,null,,0.2851944730635224
nyquist_14planes,null,,0.2468024662540312
nyquist_14planes,null,,0.3626267220134242
nyquist_14planes,null,,0.3162928521392641
nyquist_14planes,null,,0.28796071030408454
nyquist_14planes,null,,0.21255478644997317
nyquist_14planes,null,,0.2516923131197909
nyquist_14planes,null,,0.35838332668558304
nyquist_14planes,null,,0.41673039997640615
nyquist_14planes,null,,0.18831042498745093
nyquist_14planes,null,,0.3626944472143962
nyquist_14planes,null,,0.17969566108077142
nyquist_14planes,null,,0.16512325627142382
nyquist_14planes,null,,0.29519542432268614
nyquist_14planes,null,,0.18608906790570817
nyquist_14planes,null,,0.40096188414801776
nyquist_14planes,null,,0.3894902360756977
nyquist_14planes,null,,0.22534091295071793
nyquist_14planes,null,,0.27506595601950823
nyquist_14planes,null,,0.22952286489403295
nyquist_14planes,null,,0.39496120118994343
nyquist_14planes,null,,0.3458019231789851
nyquist_14planes,null,,0.40096188414801776
nyquist_14planes,null,,0.2936488118922977
nyquist_14planes,null,,0.30990320062371535
nyquist_14planes,null,,0.29622110061632645
nyquist_14planes,null,,0.31964781916209
nyquist_14planes,null,,0.27091416511660404
nyquist_14planes,null,,0.23489959236886
nyquist_14planes,null,,0.466445082114163
nyquist_14planes,null,,0.26465639075556313
nyquist_14planes,null,,0.3129041382371418
nyquist_14planes,null,,0.31278293430927434
nyquist_14planes,null,,0.4402466073875424
nyquist_14planes,null,,0.25534032586349553
nyquist_14planes,null,,0.2851622076419609
nyquist_14planes,null,,0.28026861530560027
nyquist_14planes,null,,0.3617679081732643
nyquist_14planes,null,,0.3691562975797562
nyquist_14planes,null,,0.0931041610305787
nyquist_14planes,null,,0.2059319641052508
nyquist_14planes,null,,0.32887093737503215
nyquist_14planes,null,,0.22352570827176602
nyquist_14planes,null,,0.15933117779674524
nyquist_14planes,null,,0.3510407052226985
nyquist_14planes,null,,0.24656586179893356
nyquist_14planes,null,,0.35838332668558304
nyquist_14planes,null,,0.230721006173654
nyquist_14planes,null,,0.2967001810865654
nyquist_14planes,null,,0.2507086625854687
nyquist_14planes,null,,0.18998205615015012
nyquist_14planes,null,,0.2588929175984576
nyquist_14planes,null,,0.3288409347067432
nyquist_14planes,null,,0.1263128774670455
nyquist_14planes,null,,0.32887093737503215
nyquist_14planes,null,,0.12002505637139499
nyquist_14planes,null,,0.3100217374131141
nyquist_14planes,null,,0.26871973763422
nyquist_14planes,null,,0.22532841778129997
nyquist_14planes,null,,0.3108955683752348
nyquist_14planes,null,,0.23910393450314918
nyquist_14planes,null,,0.19152547759900526
nyquist_14planes,null,,0.18189114003036347
nyquist_14planes,null,,0.2930833724932948
nyquist_14planes,null,,0.11542953522452562
nyquist_14planes,null,,0.34754824179494825
nyquist_14planes,null,,0.3134655231339768
nyquist_14planes,null,,0.2930833724932948
nyquist_14planes,null,,0.25882035543767673
nyquist_14planes,null,,0.1623006918400976
nyquist_14planes,null,,0.4500569659270866
nyquist_14planes,null,,0.21622185011686187
nyquist_14planes,null,,0.2855445551209172
nyquist_14planes,null,,0.2754865477530075
nyquist_14planes,null,,0.1835072601714971
nyquist_14planes,null,,0.2330850748202204
nyquist_14planes,null,,0.3641130018699568
nyquist_14planes,null,,0.2099718990278646
nyquist_14planes,null,,0.38851930237175947
nyquist_14planes,null,,0.24839060610857447
nyquist_14planes,null,,0.24393794863456078
nyquist_14planes,null,,0.28433588755563155
nyquist_14planes,null,,0.23175375855386784
nyquist_14planes,null,,0.18814538339612075
nyquist_14planes,null,,0.27355571973986925
nyquist_14planes,null,,0.12922529567099478
nyquist_14planes,null,,0.2804278581596528
nyquist_14planes,null,,0.2804278581596528
nyquist_14planes,null,,0.36788854143990285
nyquist_14planes,null,,0.06385840411026328
nyquist_14planes,null,,0.44005226964520955
nyquist_14planes,null,,0.21016527196464327
nyquist_14planes,null,,0.23263210559313427
nyquist_14planes,null,,0.30919853421324267
nyquist_14planes,null,,0.2772654467881794
nyquist_14planes,null,,0.18524210920785994
nyquist_14planes,null,,0.18668651516002893
nyquist_14planes,null,,0.1462354062827408
nyquist_14planes,null,,0.17582457606877985
nyquist_14planes,null,,0.24286189776268563
nyquist_14planes,null,,0.22532841778129997
nyquist_14planes,null,,0.3108955683752348
nyquist_14planes,null,,0.51930928109692
nyquist_14planes,null,,0.22100947068153987
nyquist_14planes,null,,0.36671323496642666
nyquist_14planes,null,,0.17935795009905606
nyquist_14planes,null,,0.2367361477098366
nyquist_14planes,null,,0.2719785584093854
nyquist_14planes,null,,0.27410420110092854
nyquist_14planes,null,,0.2588929175984576
nyquist_14planes,null,,0.2841421914219213
nyquist_14planes,null,,0.25534032586349553
nyquist_14planes,null,,0.17486780260390586
nyquist_14planes,null,,0.24053415539347436
nyquist_14planes,null,,0.20462047006464923
nyquist_14planes,null,,0.28081120769119833
nyquist_14planes,null,,0.34357150939942044
nyquist_14planes,null,,0.2924318201497485
nyquist_14planes,null,,0.3254765483087719
nyquist_14planes,null,,0.17306814938971374
nyquist_14planes,null,,0.29430000598317213
nyquist_14planes,null,,0.23263210559313427
nyquist_14planes,null,,0.23165375818432205
nyquist_14planes,null,,0.2435968791715719
nyquist_14planes,null,,0.27839420815411636
nyquist_14planes,null,,0.2930833724932948
nyquist_14planes,null,,0.21107412924810814
nyquist_14planes,null,,0.3172023915108682
nyquist_14planes,null,,0.28193259707982593
nyquist_14planes,null,,0.4861417579755132
nyquist_14planes,null,,0.1614017285685528
nyquist_14planes,null,,0.22089269931078745
nyquist_14planes,null,,0.2330850748202204
nyquist_14planes,null,,0.32611637133627996
nyquist_14planes,null,,0.29993463260413367
nyquist_14planes,null,,0.29253301878541044
nyquist_14planes,null,,0.1332755508731041
nyquist_14planes,null,,0.15933117779674524
nyquist_14planes,null,,0.20077267640681767
nyquist_14planes,null,,0.25073394455862374
nyquist_14planes,null,,0.2549582013799737
nyquist_14planes,null,,0.4406197685717122
nyquist_14planes,null,,0.2851622076419609
nyquist_14planes,null,,0.09885913243151828
nyquist_14planes,null,,0.30503379407938624
nyquist_14planes,null,,0.2740779567522079
nyquist_14planes,null,,0.24656586179893356
nyquist_14planes,null,,0.2592189161682932
nyquist_14planes,null,,0.2330850748202204
nyquist_14planes,null,,0.29811395290180287
nyquist_14planes,null,,0.36993614693399546
nyquist_14planes,null,,0.21610568432056365
nyquist_14planes,null,,0.23165375818432205
nyquist_14planes,null,,0.25024354839929297
nyquist_14planes,null,,0.32107800230996286
nyquist_14planes,null,,0.3124835852553879
nyquist_14planes,null,,0.21508920416384048
nyquist_14planes,null,,0.18608906790570817
nyquist_14planes,null,,0.30700794473262927
nyquist_14planes,null,,0.1405712893145224
nyquist_14planes,null,,0.3007355027716482
nyquist_14planes,null,,0.31414691625740504
nyquist_14planes,null,,0.28731849081938743
nyquist_14planes,null,,0.2957356361877704
nyquist_14planes,null,,0.27355571973986925
nyquist_14planes,null,,0.25829655018410014
nyquist_14planes,null,,0.306599957663743
nyquist_14planes,null,,0.20077267640681767
nyquist_14planes,null,,0.19445340014726173
nyquist_14planes,null,,0.26871973763422
nyquist_14planes,null,,0.21610568432056365
nyquist_14planes,null,,0.19669150257759824
nyquist_14planes,null,,0.3564627533711386
nyquist_14planes,null,,0.25882035543767673
nyquist_14planes,null,,0.2676234415423648
nyquist_14planes,null,,0.17546515669775845
nyquist_14planes,null,,0.2737763204115555
nyquist_14planes,null,,0.27950282803533705
nyquist_14planes,null,,0.1700764364337893
nyquist_14planes,null,,0.17969566108077142
nyquist_14planes,null,,0.25348804065363234
nyquist_14planes,null,,0.32611637133627996
nyquist_14planes,null,,0.289857571724334
nyquist_14planes,null,,0.36671323496642666
nyquist_14planes,null,,0.2168588080558139
nyquist_14planes,null,,0.22684000181218658
nyquist_14planes,null,,0.35876220977318496
nyquist_14planes,null,,0.29993463260413367
nyquist_14planes,null,,0.27355571973986925
nyquist_14planes,null,,0.18553008825171666
nyquist_14planes,null,,0.326262191524844
nyquist_14planes,null,,0.26335859688735747
nyquist_14planes,null,,0.32198653133791005
nyquist_14planes,null,,0.27410420110092854
nyquist_14planes,null,,0.2838364024411015
nyquist_14planes,null,,0.2468024662540312
nyquist_14planes,null,,0.497993467819682
nyquist_14planes,null,,0.2588380015932565
nyquist_14planes,null,,0.3134655231339768
nyquist_14planes,null,,0.3246734965112787
nyquist_14planes,null,,0.2579342068080537
nyquist_14planes,null,,0.26873808142133054
nyquist_14planes,null,,0.21550457938910847
nyquist_14planes,null,,0.3810683950282909
nyquist_14planes,null,,0.20261511556123335
nyquist_14planes,null,,0.27927316502641375
nyquist_14planes,null,,0.3134655231339768
nyquist_14planes,null,,0.21622185011686187
nyquist_14planes,null,,0.4175356287701758
nyquist_14planes,null,,0.231438732795942
nyquist_14planes,null,,0.28193259707982593
nyquist_14planes,null,,0.39838031447803435
nyquist_14planes,null,,0.3269923338212967
nyquist_14planes,null,,0.21703199187160535
nyquist_14planes,null,,0.16533867151696416
nyquist_14planes,null,,0.24275066172053358
nyquist_14planes,null,,0.23175375855386784
nyquist_14planes,null,,0.1417835266716004
nyquist_14planes,null,,0.17503198987401797
nyquist_14planes,null,,0.2588380015932565
nyquist_14planes,null,,0.35480006696917843
nyquist_14planes,null,,0.280183036475479
nyquist_14planes,null,,0.28995951836302825
nyquist_14planes,null,,0.29622110061632645
nyquist_14planes,null,,0.20077267640681767
nyquist_14planes,null,,0.3098271767816725
nyquist_14planes,null,,0.19006666043390125
nyquist_14planes,null,,0.33741544179564076
nyquist_14planes,null,,0.2418556243188683
nyquist_14planes,null,,0.12800888956408346
nyquist_14planes,null,,0.29905365819742324
nyquist_14planes,null,,0.29253301878541044
nyquist_14planes,null,,0.1978791826665197
nyquist_14planes,null,,0.28796071030408454
nyquist_14planes,null,,0.14010236047874297
nyquist_14planes,null,,0.41276658268551436
nyquist_14planes,null,,0.289857571724334
nyquist_14planes,null,,0.4281102086349395
nyquist_14planes,null,,0.41874810448814526
nyquist_14planes,null,,0.29430000598317213
nyquist_14planes,null,,0.33968372426020677
nyquist_14planes,null,,0.3896863964153046
nyquist_14planes,null,,0.33814656328938314
nyquist_14planes,null,,0.3098271767816725
nyquist_14planes,null,,0.1700764364337893
nyquist_14planes,null,,0.22327785890261584
nyquist_14planes,null,,0.21107412924810814
nyquist_14planes,null,,0.30503379407938624
nyquist_14planes,null,,0.27927316502641375
nyquist_14planes,null,,0.32665393540452015
nyquist_14planes,null,,0.2776136462707867
nyquist_14planes,null,,0.26335859688735747
nyquist_14planes,null,,0.25829655018410014
nyquist_14planes,null,,0.1332755508731041
nyquist_14planes,null,,0.19137207742122503
nyquist_14planes,null,,0.2355497362869777
nyquist_14planes,null,,0.33552917277822547
nyquist_14planes,null,,0.31806630905898675
nyquist_14planes,null,,0.17263173039220828
nyquist_14planes,null,,0.28731849081938743
nyquist_14planes,null,,0.3414881840857167
nyquist_14planes,null,,0.18553008825171666
nyquist_14planes,null,,0.2498253243531899
nyquist_14planes,null,,0.2652876641848933
nyquist_14planes,null,,0.17401587315832578
nyquist_14planes,null,,0.4135568271971457
nyquist_14planes,null,,0.22100947068153987
nyquist_14planes,null,,0.3254765483087719
nyquist_14planes,null,,0.18608906790570817
nyquist_14planes,null,,0.4151435481569609
nyquist_14planes,null,,0.3373039150484015
nyquist_14planes,null,,0.28081120769119833
nyquist_14planes,null,,0.38570360587708186
nyquist_14planes,null,,0.44973902891672113
nyquist_14planes,null,,0.3508551955226554
nyquist_14planes,null,,0.3810683950282909
nyquist_14planes,null,,0.28344346861086983
nyquist_14planes,null,,0.21956318839009364
nyquist_14planes,null,,0.4500569659270866
nyquist_14planes,null,,0.23300916966908408
nyquist_14planes,null,,0.1700764364337893
nyquist_14planes,null,,0.3383946365759606
nyquist_14planes,null,,0.26291082877613514
nyquist_14planes,null,,0.2465122489685449
nyquist_14planes,null,,0.28211893697137785
nyquist_14planes,null,,0.23300916966908408
nyquist_14planes,null,,0.16773751391848152
nyquist_14planes,null,,0.31316057625477944
nyquist_14planes,null,,0.3508551955226554
nyquist_14planes,null,,0.2804278581596528
nyquist_14planes,null,,0.3704798475132069
nyquist_14planes,null,,0.39465864148985635
nyquist_14planes,null,,0.3853059770993334
nyquist_14planes,null,,0.22823931621436502
nyquist_14planes,null,,0.28193259707982593
nyquist_14planes,null,,0.19006666043390125
nyquist_14planes,null,,0.22549998718067832
nyquist_14planes,null,,0.1978791826665197
nyquist_14planes,null,,0.23825554826282083
nyquist_14planes,null,,0.2707200952191696
nyquist_14planes,null,,0.20077267640681767
nyquist_14planes,null,,0.28330562513840446
nyquist_14planes,null,,0.23263210559313427
nyquist_14planes,null,,0.21610568432056365
nyquist_14planes,null,,0.12851514504907577
nyquist_14planes,null,,0.3626855313178665
nyquist_14planes,null,,0.31674658933226535
nyquist_14planes,null,,0.2776136462707867
nyquist_14planes,null,,0.2771911480734889
nyquist_14planes,null,,0.2804278581596528
nyquist_14planes,null,,0.18489214947076887
nyquist_14planes,null,,0.2851622076419609
nyquist_14planes,null,,0.2435968791715719
nyquist_14planes,null,,0.10907355593516134
nyquist_14planes,null,,0.20105813546205184
nyquist_14planes,null,,0.21255478644997317
nyquist_14planes,null,,0.2708475661989796
nyquist_14planes,null,,0.19669150257759824
nyquist_14planes,null,,0.3222144202706819
nyquist_14planes,null,,0.10304289854013152
nyquist_14planes,null,,0.29905365819742324
nyquist_14planes,null,,0.3800314553653007
nyquist_14planes,null,,0.3007355027716482
nyquist_14planes,null,,0.2588929175984576
nyquist_14planes,null,,0.2838364024411015
nyquist_14planes,null,,0.17277466125643479
nyquist_14planes,null,,0.38018496624841913
nyquist_14planes,null,,0.20064946134362566
nyquist_14planes,null,,0.31414691625740504
nyquist_14planes,null,,0.34066714554198174
nyquist_14planes,null,,0.3626855313178665
nyquist_14planes,null,,0.23539551076619802
nyquist_14planes,null,,0.22048118784301718
nyquist_14planes,null,,0.1495370767209754
nyquist_14planes,null,,0.25024354839929297
nyquist_14planes,null,,0.12922529567099478
nyquist_14planes,null,,0.18970775147354885
nyquist_14planes,null,,0.1365565528101731
nyquist_14planes,null,,0.3098271767816725
nyquist_14planes,null,,0.26873808142133054
nyquist_14planes,null,,0.19184897575588264
nyquist_14planes,null,,0.23539551076619802
nyquist_14planes,null,,0.3617531214104414
nyquist_14planes,null,,0.30077093583912456
nyquist_14planes,null,,0.21703199187160535
nyquist_14planes,null,,0.27355571973986925
nyquist_14planes,null,,0.3098271767816725
nyquist_14planes,null,,0.29622110061632645
nyquist_14planes,null,,0.37497111805243394
nyquist_14planes,null,,0.17495436816245966
nyquist_14planes,null,,0.22100947068153987
nyquist_14planes,null,,0.26520474691371076
nyquist_14planes,null,,0.231438732795942
nyquist_14planes,null,,0.19436675625844102
nyquist_14planes,null,,0.2348792752603658
nyquist_14planes,null,,0.17596486224413743
nyquist_14planes,null,,0.30589512476466435
nyquist_14planes,null,,0.3510407052226985
nyquist_14planes,null,,0.4184572167194634
nyquist_14planes,null,,0.26532402747748196
nyquist_14planes,null,,0.4151435481569609
nyquist_14planes,null,,0.30589512476466435
nyquist_14planes,null,,0.1263128774670455
nyquist_14planes,null,,0.3513318098363737
nyquist_14planes,null,,0.2051113018352108
nyquist_14planes,null,,0.29519542432268614
nyquist_14planes,null,,0.1589735426665501
nyquist_14planes,null,,0.4635008987576563
nyquist_14planes,null,,0.1691975173264088
nyquist_14planes,null,,0.3937422789530654
nyquist_14planes,null,,0.1263128774670455
nyquist_14planes,null,,0.4602669049875046
nyquist_14planes,null,,0.3506629823179441
nyquist_14planes,null,,0.368843643663311
nyquist_14planes,null,,0.1263128774670455
nyquist_14planes,null,,0.3035486180513732
nyquist_14planes,null,,0.1700764364337893
nyquist_14planes,null,,0.40503597576315575
nyquist_14planes,null,,0.27029554770009373
nyquist_14planes,null,,0.26520474691371076
nyquist_14planes,null,,0.33235449593377614
nyquist_14planes,null,,0.24393794863456078
nyquist_14planes,null,,0.17463358081744965
nyquist_14planes,null,,0.26481068098527605
nyquist_14planes,null,,0.2418556243188683
nyquist_14planes,null,,0.22089269931078745
nyquist_14planes,null,,0.4437660638720037
nyquist_14planes,null,,0.3661974366363176
nyquist_14planes,null,,0.28344346861086983
nyquist_14planes,null,,0.20077267640681767
nyquist_14planes,null,,0.2979859381970592
nyquist_14planes,null,,0.2939926830153351
nyquist_14planes,null,,0.3288409347067432
nyquist_14planes,null,,0.27950282803533705
nyquist_14planes,null,,0.20077267640681767
nyquist_14planes,null,,0.3510407052226985
nyquist_14planes,null,,0.2841421914219213
nyquist_14planes,null,,0.29551903169720567
nyquist_14planes,null,,0.3135620402828685
nyquist_14planes,null,,0.24374342739771643
nyquist_14planes,null,,0.2498253243531899
nyquist_14planes,null,,0.40564046255257474
nyquist_14planes,null,,0.20324295181574278
nyquist_14planes,null,,0.1738567376957035
nyquist_14planes,null,,0.23263210559313427
nyquist_14planes,null,,0.21492021575564157
nyquist_14planes,null,,0.2627581867332341
nyquist_14planes,null,,0.3392412984914377
nyquist_14planes,null,,0.3555525573067133
nyquist_14planes,null,,0.3828597790359059
nyquist_14planes,null,,0.35665346321067454
nyquist_14planes,null,,0.29702892768090217
nyquist_14planes,null,,0.2279313715999831
nyquist_14planes,null,,0.22534091295071793
nyquist_14planes,null,,0.22534091295071793
nyquist_14planes,null,,0.16512325627142382
nyquist_14planes,null,,0.18034819466278723
nyquist_14planes,null,,0.25024354839929297
nyquist_14planes,null,,0.29519542432268614
nyquist_14planes,null,,0.27950282803533705
nyquist_14planes,null,,0.35207282046963545
nyquist_14planes,null,,0.2716450413718421
nyquist_14planes,null,,0.2652876641848933
nyquist_14planes,null,,0.3373039150484015
nyquist_14planes,null,,0.2300467789744138
nyquist_14planes,null,,0.21550737707432868
nyquist_14planes,null,,0.19137207742122503
nyquist_14planes,null,,0.15120229985887884
nyquist_14planes,null,,0.33741544179564076
nyquist_14planes,null,,0.2465122489685449
nyquist_14planes,null,,0.29519542432268614
nyquist_14planes,null,,0.3100217374131141
nyquist_14planes,null,,0.4678885552879317
nyquist_14planes,null,,0.26335859688735747
nyquist_14planes,null,,0.2676234415423648
nyquist_14planes,null,,0.3180761522195793
nyquist_14planes,null,,0.2865297451137897
nyquist_14planes,null,,0.23312203624930383
nyquist_14planes,null,,0.3626267220134242
nyquist_14planes,null,,0.2178630443573024
nyquist_14planes,null,,0.23019450241707914
nyquist_14planes,null,,0.26848695012145024
nyquist_14planes,null,,0.22058277709819207
nyquist_14planes,null,,0.1691975173264088
nyquist_14planes,null,,0.17306814938971374
nyquist_14planes,null,,0.2737763204115555
nyquist_14planes,null,,0.26871973763422
nyquist_14planes,null,,0.2939926830153351
nyquist_14planes,null,,0.28433588755563155
nyquist_14planes,null,,0.3649823875172008
nyquist_14planes,null,,0.2708475661989796
nyquist_14planes,null,,0.2221586375981037
nyquist_14planes,null,,0.18553008825171666
nyquist_14planes,null,,0.3383946365759606
nyquist_14planes,null,,0.26465639075556313
nyquist_14planes,null,,0.2855445551209172
nyquist_14planes,null,,0.2634303482182659
nyquist_14planes,null,,0.28340018804519845
nyquist_14planes,null,,0.3246734965112787
nyquist_14planes,null,,0.22823931621436502
nyquist_14planes,null,,0.21631427607098785
nyquist_14planes,null,,0.20164934278946983
nyquist_14planes,null,,0.27927316502641375
nyquist_14planes,null,,0.15091940328458817
nyquist_14planes,null,,0.25882035543767673
nyquist_14planes,null,,0.2279313715999831
nyquist_14planes,null,,0.23263210559313427
nyquist_14planes,null,,0.3269923338212967
nyquist_14planes,null,,0.2772654467881794
nyquist_14planes,null,,0.17306814938971374
nyquist_14planes,null,,0.28796071030408454
nyquist_14planes,null,,0.26871973763422
nyquist_14planes,null,,0.4527267388766298
nyquist_14planes,null,,0.27584364245306137
nyquist_14planes,null,,0.18524210920785994
nyquist_14planes,null,,0.37412087600504257
nyquist_14planes,null,,0.22438650974326252
nyquist_14planes,null,,0.25830372795931145
nyquist_14planes,null,,0.43255669076522085
nyquist_14planes,null,,0.19146542652838228
nyquist_14planes,null,,0.21550457938910847
nyquist_14planes,null,,0.3947420079175853
nyquist_14planes,null,,0.2678744195414247
nyquist_14planes,null,,0.40958555740640856
nyquist_14planes,null,,0.19669150257759824
nyquist_14planes,null,,0.27355571973986925
nyquist_14planes,null,,0.20261511556123335
nyquist_14planes,null,,0.25882035543767673
nyquist_14planes,null,,0.2627581867332341
nyquist_14planes,null,,0.2855445551209172
nyquist_14planes,null,,0.2192296951743772
nyquist_14planes,null,,0.2708475661989796
nyquist_14planes,null,,0.1263128774670455
nyquist_14planes,null,,0.2367361477098366
nyquist_14planes,null,,0.35480006696917843
nyquist_14planes,null,,0.3135620402828685
nyquist_14planes,null,,0.2930833724932948
nyquist_14planes,null,,0.1401011779162456
nyquist_14planes,null,,0.22549998718067832
nyquist_14planes,null,,0.2851944730635224
nyquist_14planes,null,,0.18189114003036347
nyquist_14planes,null,,0.15801896953025954
nyquist_14planes,null,,0.29905365819742324
nyquist_14planes,null,,0.2644922384930465
nyquist_14planes,null,,0.3410136294081374
nyquist_14planes,null,,0.33552917277822547
nyquist_14planes,null,,0.2078637438223038
nyquist_14planes,null,,0.21492021575564157
nyquist_14planes,null,,0.322285615638248
nyquist_14planes,null,,0.228927859212896
nyquist_14planes,null,,0.21610568432056365
nyquist_14planes,null,,0.29373375010056163
nyquist_14planes,null,,0.27029554770009373
nyquist_14planes,null,,0.322285615638248
nyquist_14planes,null,,0.26569334216891505
20_40,replicate,abemaciclib,0.5499091574808894
20_40,replicate,binimetinib,0.5448579769768405
20_40,replicate,fluorouracil,0.6448268787507345
20_40,replicate,gemcitabine,0.6034039286812175
20_40,replicate,sn-38,0.8379318865242599
20_40,replicate,trifluridine,0.7160212780691402
20_40,null,,0.7397311071210692
20_40,null,,0.27694766006817445
20_40,null,,0.4787892207369459
20_40,null,,0.5914212801722531
20_40,null,,0.3368578843192349
20_40,null,,0.7520238057078699
20_40,null,,0.5444745955314458
20_40,null,,0.2861913488782807
20_40,null,,0.3414899897632485
20_40,null,,0.5155921282107291
20_40,null,,0.4642851456349037
20_40,null,,0.48797264145463054
20_40,null,,0.5785754505305327
20_40,null,,0.17355217878996107
20_40,null,,0.21990706533866178
20_40,null,,0.5353033923264797
20_40,null,,0.3602064880966907
20_40,null,,0.22647667700531296
20_40,null,,0.3477549136401443
20_40,null,,0.162966101647646
20_40,null,,0.7915969325073707
20_40,null,,0.4078895277238154
20_40,null,,0.26190168613988635
20_40,null,,0.5385357773034826
20_40,null,,0.500821607804827
20_40,null,,0.4607886008956
20_40,null,,0.6113224209459306
20_40,null,,0.12122131398232691
20_40,null,,0.2020019649104055
20_40,null,,0.23456522877137584
20_40,null,,0.5616878318716504
20_40,null,,0.5952092438174388
20_40,null,,0.541553008078074
20_40,null,,0.30843405832645965
20_40,null,,0.11472082952028703
20_40,null,,0.6082239328787183
20_40,null,,0.4061898900072198
20_40,null,,0.6765225364080245
20_40,null,,0.36682599869169347
20_40,null,,0.552094277874513
20_40,null,,0.3536554798439522
20_40,null,,0.2526874155084722
20_40,null,,0.37225542923672167
20_40,null,,0.3392261179145903
20_40,null,,0.38310714677948815
20_40,null,,0.7601677583019012
20_40,null,,0.4113924877397783
20_40,null,,0.26213398241537367
20_40,null,,0.18862844892699285
20_40,null,,0.26295536720527496
20_40,null,,0.39072723604402004
20_40,null,,0.39621966884081977
20_40,null,,0.3817532024294256
20_40,null,,0.11515786891966863
20_40,null,,0.6620436907008544
20_40,null,,0.42839499018874166
20_40,null,,0.7665004024944128
20_40,null,,0.5404250371556546
20_40,null,,0.07425871445930288
20_40,null,,0.48771451214784234
20_40,null,,0.5501895691479146
20_40,null,,0.21930376543992913
20_40,null,,0.31947287258795726
20_40,null,,0.3910781908283734
20_40,null,,0.4988251248408997
20_40,null,,0.1203343043385771
20_40,null,,0.4306220917036267
20_40,null,,0.2514873164095318
20_40,null,,0.36628255856752595
20_40,null,,0.5258392656471396
20_40,null,,0.5471678711062004
20_40,null,,0.2620939846091524
20_40,null,,0.5558161924648752
20_40,null,,0.2121384766230321
20_40,null,,0.19826904688235206
20_40,null,,0.22695987651132965
20_40,null,,0.3817532024294256
20_40,null,,0.29829281094813065
20_40,null,,0.6711248956103725
20_40,null,,0.3816479525414715
20_40,null,,0.44028639631967886
20_40,null,,0.19658148865770933
20_40,null,,0.7510473898638569
20_40,null,,0.6329872489529438
20_40,null,,0.3827930172633243
20_40,null,,0.5952460503462427
20_40,null,,0.5177572711105345
20_40,null,,0.5888345480727605
20_40,null,,0.4297351319797802
20_40,null,,0.336625945710881
20_40,null,,0.24247698642775584
20_40,null,,0.304470600991555
20_40,null,,0.24088991344928382
20_40,null,,0.3753008389760718
20_40,null,,0.2848761869666025
20_40,null,,0.5477705856084197
20_40,null,,0.36923304548893865
20_40,null,,0.5179502253462474
20_40,null,,0.4195621824137922
20_40,null,,0.2704186219709982
20_40,null,,0.4798753005456412
20_40,null,,0.323947043659173
20_40,null,,0.42015810537948517
20_40,null,,0.7115647346037807
20_40,null,,0.297192715164111
20_40,null,,0.15350235487065642
20_40,null,,0.5338393128212926
20_40,null,,0.1241579427945552
20_40,null,,0.5839567589857079
20_40,null,,0.4950440557702837
20_40,null,,0.3910781908283734
20_40,null,,0.32975128531519265
20_40,null,,0.24348405062033218
20_40,null,,0.47112476830356215
20_40,null,,0.36682599869169347
20_40,null,,0.17085663245506102
20_40,null,,0.4949223244709531
20_40,null,,0.3846053303255802
20_40,null,,0.17018490940991526
20_40,null,,0.5914212801722531
20_40,null,,0.21930376543992913
20_40,null,,0.4576278641492343
20_40,null,,0.162966101647646
20_40,null,,0.2864325461558298
20_40,null,,0.5641839525445079
20_40,null,,0.48412336264582667
20_40,null,,0.38663800479473565
20_40,null,,0.31024459437489915
20_40,null,,0.3615352084096138
20_40,null,,0.15070202921456066
20_40,null,,0.27528135750210636
20_40,null,,0.28819834257412935
20_40,null,,0.24247698642775584
20_40,null,,0.24518960889540836
20_40,null,,0.6109127644767975
20_40,null,,0.39223144834022167
20_40,null,,0.2142850253758702
20_40,null,,0.560186773426461
20_40,null,,0.30729351092305096
20_40,null,,0.27553132827234356
20_40,null,,0.22755871103533845
20_40,null,,0.24260179891501446
20_40,null,,0.18557114409985995
20_40,null,,0.41688907192569463
20_40,null,,0.30078888917204166
20_40,null,,0.5831904842396921
20_40,null,,0.42210078260911726
20_40,null,,0.4038061814359699
20_40,null,,0.5215261506631845
20_40,null,,0.35433301001378215
20_40,null,,0.37225542923672167
20_40,null,,0.6148689655356377
20_40,null,,0.15070202921456066
20_40,null,,0.5122091845573434
20_40,null,,0.7351201197758471
20_40,null,,0.4192193336473811
20_40,null,,0.7195565358487618
20_40,null,,0.39621966884081977
20_40,null,,0.5511090615447
20_40,null,,0.3120785970046928
20_40,null,,0.30236248262172044
20_40,null,,0.2622749344108776
20_40,null,,0.29236574902708456
20_40,null,,0.6223507066092371
20_40,null,,0.38299269207139025
20_40,null,,0.5561280726118901
20_40,null,,0.19186386701418537
20_40,null,,0.3630255613274013
20_40,null,,0.20083134590682492
20_40,null,,0.3567875307111113
20_40,null,,0.40754705218481213
20_40,null,,0.6450511160487375
20_40,null,,0.32554890329866826
20_40,null,,0.5952460503462427
20_40,null,,0.16226737072486153
20_40,null,,0.27048600305077664
20_40,null,,0.3824614256454525
20_40,null,,0.2302232206367439
20_40,null,,0.3465584245083994
20_40,null,,0.28819834257412935
20_40,null,,0.521374176588494
20_40,null,,0.2505375860391198
20_40,null,,0.6445090770745217
20_40,null,,0.6039948185882865
20_40,null,,0.5386516187144448
20_40,null,,0.2020019649104055
20_40,null,,0.7560811590633953
20_40,null,,0.4191871053305334
20_40,null,,0.2301882570410117
20_40,null,,0.5501895691479146
20_40,null,,0.19091203631428835
20_40,null,,0.548769825877688
20_40,null,,0.2605486345448898
20_40,null,,0.1576861546249087
20_40,null,,0.36923304548893865
20_40,null,,0.2792990227597257
20_40,null,,0.28964336894764503
20_40,null,,0.24518960889540836
20_40,null,,0.6442141088435572
20_40,null,,0.14039555517065463
20_40,null,,0.21107529153283236
20_40,null,,0.3824614256454525
20_40,null,,0.3686143823424922
20_40,null,,0.3954831586294611
20_40,null,,0.4798753005456412
20_40,null,,0.23203919879710733
20_40,null,,0.2774954937341601
20_40,null,,0.5349006878126247
20_40,null,,0.17005831667296573
20_40,null,,0.22841242438109727
20_40,null,,0.2978879600289832
20_40,null,,0.27048600305077664
20_40,null,,0.3629817957616235
20_40,null,,0.6450511160487375
20_40,null,,0.5174479968646442
20_40,null,,0.22841242438109727
20_40,null,,0.25205343980606154
20_40,null,,0.3428263328676411
20_40,null,,0.2848656285114239
20_40,null,,0.45393593997466575
20_40,null,,0.5952092438174388
20_40,null,,0.21470329231177618
20_40,null,,0.22647667700531296
20_40,null,,0.5031419146465231
20_40,null,,0.5122091845573434
20_40,null,,0.31229884465920627
20_40,null,,0.31947287258795726
20_40,null,,0.5699552737152088
20_40,null,,0.5779521826019749
20_40,null,,0.30484434355322054
20_40,null,,0.3392261179145903
20_40,null,,0.4239764476143771
20_40,null,,0.23729782531437296
20_40,null,,0.5380036259672747
20_40,null,,0.5445396372440443
20_40,null,,0.4918037138886466
20_40,null,,0.49449475881986443
20_40,null,,0.1605080066034167
20_40,null,,0.3368578843192349
20_40,null,,0.6039948185882865
20_40,null,,0.17795816895611571
20_40,null,,0.2504978678274703
20_40,null,,0.16874963231638018
20_40,null,,0.3954831586294611
20_40,null,,0.11571306810479279
20_40,null,,0.5380036259672747
20_40,null,,0.3120785970046928
20_40,null,,0.3541279436869143
20_40,null,,0.4140906421027574
20_40,null,,0.313154713582676
20_40,null,,0.24747988239338195
20_40,null,,0.3465584245083994
20_40,null,,0.21043033851228746
20_40,null,,0.24875414531406323
20_40,null,,0.5675623763478913
20_40,null,,0.24348405062033218
20_40,null,,0.3477549136401443
20_40,null,,0.19668242017532575
20_40,null,,0.28992528977214993
20_40,null,,0.32975128531519265
20_40,null,,0.40536561910030255
20_40,null,,0.4988251248408997
20_40,null,,0.5721711161129533
20_40,null,,0.5495434170062112
20_40,null,,0.49502542613580086
20_40,null,,0.31947287258795726
20_40,null,,0.3889629331930891
20_40,null,,0.4655476789488972
20_40,null,,0.45943004703046986
20_40,null,,0.5699552737152088
20_40,null,,0.4176567874066196
20_40,null,,0.1943976165582481
20_40,null,,0.24107388576083127
20_40,null,,0.22856045672989514
20_40,null,,0.07183750008952827
20_40,null,,0.41672811770408347
20_40,null,,0.6223507066092371
20_40,null,,0.5065368749704711
20_40,null,,0.3809062717875001
20_40,null,,0.5404250371556546
20_40,null,,0.35174592486973205
20_40,null,,0.29236574902708456
20_40,null,,0.5065368749704711
20_40,null,,0.39462600484162924
20_40,null,,0.5380036259672747
20_40,null,,0.25286826164629683
20_40,null,,0.1440152035413354
20_40,null,,0.48883600820466877
20_40,null,,0.2952460804554176
20_40,null,,0.26267457133260186
20_40,null,,0.40298869031977913
20_40,null,,0.6070112593453106
20_40,null,,0.2868638518379274
20_40,null,,0.21699827616081718
20_40,null,,0.29635540129442134
20_40,null,,0.23078497830060668
20_40,null,,0.38750343359740685
20_40,null,,0.5807247586159879
20_40,null,,0.6038895509739322
20_40,null,,0.772776873340222
20_40,null,,0.4454947126942655
20_40,null,,0.5841056928032976
20_40,null,,0.5380036259672747
20_40,null,,0.6633630189353399
20_40,null,,0.2826784921632208
20_40,null,,0.30843405832645965
20_40,null,,0.14039555517065463
20_40,null,,0.4251167173460277
20_40,null,,0.4140906421027574
20_40,null,,0.30586470290522516
20_40,null,,0.3817532024294256
20_40,null,,0.3018072495298232
20_40,null,,0.31604777580832494
20_40,null,,0.5314307141777743
20_40,null,,0.3794240234757406
20_40,null,,0.35868485376295417
20_40,null,,0.5214877516248289
20_40,null,,0.30484434355322054
20_40,null,,0.39846524661132526
20_40,null,,0.18243413381488421
20_40,null,,0.17224460990900253
20_40,null,,0.3341274813311607
20_40,null,,0.30670797123054055
20_40,null,,0.37225542923672167
20_40,null,,0.13878201883716482
20_40,null,,0.5309914115065659
20_40,null,,0.4195621824137922
20_40,null,,0.2511868938271158
20_40,null,,0.4787892207369459
20_40,null,,0.47189196466669775
20_40,null,,0.17845514461461476
20_40,null,,0.18134136853206073
20_40,null,,0.3629817957616235
20_40,null,,0.7178434165475304
20_40,null,,0.05477920171696048
20_40,null,,0.3866094758289632
20_40,null,,0.26267457133260186
20_40,null,,0.4655476789488972
20_40,null,,0.42210078260911726
20_40,null,,0.2919426218867389
20_40,null,,0.6038675041695083
20_40,null,,0.1563206142639984
20_40,null,,0.2920477685103792
20_40,null,,0.5043571550767542
20_40,null,,0.2563068680846056
20_40,null,,0.4195621824137922
20_40,null,,0.39072723604402004
20_40,null,,0.37226972642680006
20_40,null,,0.37752384262464606
20_40,null,,0.2712258488367531
20_40,null,,0.5267892170298792
20_40,null,,0.3392261179145903
20_40,null,,0.27820673427743714
20_40,null,,0.28530738728438304
20_40,null,,0.3846053303255802
20_40,null,,0.4239764476143771
20_40,null,,0.3177739349244879
20_40,null,,0.3752826271528244
20_40,null,,0.5920921157436222
20_40,null,,0.4918037138886466
20_40,null,,0.5477705856084197
20_40,null,,0.30729351092305096
20_40,null,,0.1614289733101181
20_40,null,,0.6625239228633825
20_40,null,,0.3633359296872139
20_40,null,,0.2869717953297664
20_40,null,,0.43080980161014926
20_40,null,,0.4678590344386835
20_40,null,,0.4239764476143771
20_40,null,,0.44987283987007753
20_40,null,,0.5153134125578466
20_40,null,,0.3671323506270475
20_40,null,,0.30224807713364366
20_40,null,,0.19873446887014584
20_40,null,,0.25369733240235226
20_40,null,,0.2548787082833912
20_40,null,,0.299687848780496
20_40,null,,0.5568028466747922
20_40,null,,0.4081112654655932
20_40,null,,0.3120785970046928
20_40,null,,0.4072422228626856
20_40,null,,0.29145724143498014
20_40,null,,0.4072422228626856
20_40,null,,0.39462600484162924
20_40,null,,0.2934447282566661
20_40,null,,0.18998628408015186
20_40,null,,0.47112476830356215
20_40,null,,0.7704735033550844
20_40,null,,0.3864841449847464
20_40,null,,0.42075901648541564
20_40,null,,0.2514873164095318
20_40,null,,0.2621655799003072
20_40,null,,0.38299269207139025
20_40,null,,0.17355217878996107
20_40,null,,0.22821055977436971
20_40,null,,0.5511090615447
20_40,null,,0.6004662099140945
20_40,null,,0.25952513598144156
20_40,null,,0.6148689655356377
20_40,null,,0.4048451965084322
20_40,null,,0.7365803313311706
20_40,null,,0.7868208122942394
20_40,null,,0.18597138797248955
20_40,null,,0.624726315072685
20_40,null,,0.40298869031977913
20_40,null,,0.3486470424149654
20_40,null,,0.36218282396572954
20_40,null,,0.41108129683897837
20_40,null,,0.6619181816366283
20_40,null,,0.4916257102888448
20_40,null,,0.35868485376295417
20_40,null,,0.34113616961095844
20_40,null,,0.23793412173946277
20_40,null,,0.17845514461461476
20_40,null,,0.23435221855732682
20_40,null,,0.6359424067605104
20_40,null,,0.4232376165193089
20_40,null,,0.31356602781194315
20_40,null,,0.22695987651132965
20_40,null,,0.11399064746427218
20_40,null,,0.37473201083887886
20_40,null,,0.3413925066892307
20_40,null,,0.5817791351883378
20_40,null,,0.5314307141777743
20_40,null,,0.2826784921632208
20_40,null,,0.3562594852192058
20_40,null,,0.38154570265433446
20_40,null,,0.4195621824137922
20_40,null,,0.3630255613274013
20_40,null,,0.35174592486973205
20_40,null,,0.402958649198353
20_40,null,,0.4199311003923281
20_40,null,,0.6392711478967251
20_40,null,,0.5510498141769743
20_40,null,,0.3590461119942297
20_40,null,,0.37752384262464606
20_40,null,,0.5314307141777743
20_40,null,,0.3244823211522431
20_40,null,,0.26003025588656276
20_40,null,,0.560186773426461
20_40,null,,0.46645902119464866
20_40,null,,0.6329872489529438
20_40,null,,0.2749829710562187
20_40,null,,0.2474841508836624
20_40,null,,0.336625945710881
20_40,null,,0.1314776972276583
20_40,null,,0.31628142075882826
20_40,null,,0.6829120363624761
20_40,null,,0.5314307141777743
20_40,null,,0.6625239228633825
20_40,null,,0.8381780943664322
20_40,null,,0.4140906421027574
20_40,null,,0.11617220571847996
20_40,null,,0.379621355255146
20_40,null,,0.3083738451832641
20_40,null,,0.3763511028996468
20_40,null,,0.5817791351883378
20_40,null,,0.5198364354059098
20_40,null,,0.4100269780216965
20_40,null,,0.548769825877688
20_40,null,,0.28220343115691965
20_40,null,,0.29236574902708456
20_40,null,,0.46591637705960653
20_40,null,,0.2978879600289832
20_40,null,,0.3134053356961332
20_40,null,,0.5817791351883378
20_40,null,,0.3399733570175079
20_40,null,,0.20937506636628805
20_40,null,,0.14339443030934265
20_40,null,,0.47112476830356215
20_40,null,,0.2563068680846056
20_40,null,,0.23325235085708082
20_40,null,,0.19718415864182184
20_40,null,,0.0757132114646214
20_40,null,,0.49620811080351046
20_40,null,,0.2990135476058137
20_40,null,,0.2898814507977897
20_40,null,,0.2637135545961277
20_40,null,,0.6209793096846715
20_40,null,,0.2695921548718586
20_40,null,,0.3846053303255802
20_40,null,,0.3615975665437265
20_40,null,,0.21091663250601395
20_40,null,,0.37051001615167195
20_40,null,,0.48403471575053497
20_40,null,,0.14063514091323812
20_40,null,,0.2898814507977897
20_40,null,,0.7046695217438703
20_40,null,,0.6829120363624761
20_40,null,,0.3562594852192058
20_40,null,,0.172020763399861
20_40,null,,0.33096864788766656
20_40,null,,0.27794777972814444
20_40,null,,0.35433301001378215
20_40,null,,0.2848761869666025
20_40,null,,0.7704735033550844
20_40,null,,0.2952460804554176
20_40,null,,0.7640927101546627
20_40,null,,0.5963689621969674
20_40,null,,0.3866094758289632
20_40,null,,0.4338589347048809
20_40,null,,0.3827930172633243
20_40,null,,0.3954831586294611
20_40,null,,0.5807247586159879
20_40,null,,0.5385357773034826
20_40,null,,0.3278174479535865
20_40,null,,0.5267892170298792
20_40,null,,0.3465584245083994
20_40,null,,0.24107388576083127
20_40,null,,0.44423214409117556
20_40,null,,0.1693341273666934
20_40,null,,0.2020019649104055
20_40,null,,0.5445396372440443
20_40,null,,0.18557114409985995
20_40,null,,0.13863362275053387
20_40,null,,0.2621655799003072
20_40,null,,0.6109127644767975
20_40,null,,0.5641839525445079
20_40,null,,0.5721711161129533
20_40,null,,0.402958649198353
20_40,null,,0.2036092560163425
20_40,null,,0.24579495923187752
20_40,null,,0.3534766665898852
20_40,null,,0.14121047505693166
20_40,null,,0.4643913926447789
20_40,null,,0.33007374776060205
20_40,null,,0.556724316149099
20_40,null,,0.3399733570175079
20_40,null,,0.37225542923672167
20_40,null,,0.37761247780961216
20_40,null,,0.3976489714621995
20_40,null,,0.09787094302136636
20_40,null,,0.20083134590682492
20_40,null,,0.27794777972814444
20_40,null,,0.5941166034408601
20_40,null,,0.5317339220871189
20_40,null,,0.4662757646918831
20_40,null,,0.5614965224719275
20_40,null,,0.7336828137399065
20_40,null,,0.7904261422862913
20_40,null,,0.2020019649104055
20_40,null,,0.5356249547961734
20_40,null,,0.3627835215894126
20_40,null,,0.22755871103533845
20_40,null,,0.12445965087489225
20_40,null,,0.19606877623372565
20_40,null,,0.27553132827234356
20_40,null,,0.3295669625607644
20_40,null,,0.5895880395707662
20_40,null,,0.323947043659173
20_40,null,,0.3134053356961332
20_40,null,,0.14063514091323812
20_40,null,,0.2655457345564192
20_40,null,,0.19044922301368256
20_40,null,,0.19718415864182184
20_40,null,,0.4454947126942655
20_40,null,,0.23456522877137584
20_40,null,,0.4239764476143771
20_40,null,,0.5641839525445079
20_40,null,,0.552094277874513
20_40,null,,0.37492062771427337
20_40,null,,0.49449475881986443
20_40,null,,0.27160143803142694
20_40,null,,0.1376959040023359
20_40,null,,0.5363385825583448
20_40,null,,0.1388745561098397
20_40,null,,0.30224807713364366
20_40,null,,0.4111913184555362
20_40,null,,0.4891753738041137
20_40,null,,0.6620436907008544
20_40,null,,0.7164176076234193
20_40,null,,0.30729351092305096
20_40,null,,0.55838943314845
20_40,null,,0.2637135545961277
20_40,null,,0.39556368346371756
20_40,null,,0.4191871053305334
20_40,null,,0.19044922301368256
20_40,null,,0.500821607804827
20_40,null,,0.3794240234757406
20_40,null,,0.5384724586201401
20_40,null,,0.5198862320543971
20_40,null,,0.33830629621865077
20_40,null,,0.4989036121165662
20_40,null,,0.2698606696201308
20_40,null,,0.2712433552926927
20_40,null,,0.3627835215894126
20_40,null,,0.2020019649104055
20_40,null,,0.3590461119942297
20_40,null,,0.4811600658374986
20_40,null,,0.43321252672903376
20_40,null,,0.2877146099391203
20_40,null,,0.38409847363887156
20_40,null,,0.46768300754233116
20_40,null,,0.5122091845573434
20_40,null,,0.22841242438109727
20_40,null,,0.27794777972814444
20_40,null,,0.3889629331930891
20_40,null,,0.8238995276899066
20_40,null,,0.22058226863112207
20_40,null,,0.3827930172633243
20_40,null,,0.5737513532949666
20_40,null,,0.7382075208622002
20_40,null,,0.18868090984806554
20_40,null,,0.1576669224371479
20_40,null,,0.37225542923672167
20_40,null,,0.27808861401957147
20_40,null,,0.4821946713193529
20_40,null,,0.6282863681030986
20_40,null,,0.21308635377455135
20_40,null,,0.41267913063410855
20_40,null,,0.3497425828597612
20_40,null,,0.1729189458192324
20_40,null,,0.29370016841865304
20_40,null,,0.15193664372834514
20_40,null,,0.43721044110707713
20_40,null,,0.23466892436035583
20_40,null,,0.1563206142639984
20_40,null,,0.2504978678274703
20_40,null,,0.28220343115691965
20_40,null,,0.3414899897632485
20_40,null,,0.29002770321756965
20_40,null,,0.30236248262172044
20_40,null,,0.5161283598474874
20_40,null,,0.39474192307781963
20_40,null,,0.6113224209459306
20_40,null,,0.5187491191049529
20_40,null,,0.17355217878996107
20_40,null,,0.3541279436869143
20_40,null,,0.22841242438109727
20_40,null,,0.2919426218867389
20_40,null,,0.19658148865770933
20_40,null,,0.47850293847811814
20_40,null,,0.468583431011719
20_40,null,,0.27808861401957147
20_40,null,,0.19168045525911828
20_40,null,,0.28992528977214993
20_40,null,,0.27842053370053343
20_40,null,,0.38750343359740685
20_40,null,,0.1314776972276583
20_40,null,,0.38154570265433446
20_40,null,,0.5210681839133576
20_40,null,,0.23695632925215884
20_40,null,,0.46591637705960653
20_40,null,,0.39223144834022167
20_40,null,,0.37540428773410334
20_40,null,,0.3286595218502467
20_40,null,,0.48797264145463054
20_40,null,,0.28530738728438304
20_40,null,,0.36682599869169347
20_40,null,,0.6223507066092371
20_40,null,,0.5056873306197025
20_40,null,,0.3686143823424922
20_40,null,,0.2749829710562187
20_40,null,,0.2078054682315731
20_40,null,,0.2601497789910167
20_40,null,,0.311945727346426
20_40,null,,0.37761247780961216
20_40,null,,0.38750343359740685
20_40,null,,0.21350418342552485
20_40,null,,0.2920477685103792
20_40,null,,0.5641839525445079
20_40,null,,0.39462600484162924
20_40,null,,0.5428956433176886
20_40,null,,0.14568477762023443
20_40,null,,0.47750459096304027
20_40,null,,0.28530738728438304
20_40,null,,0.31356602781194315
20_40,null,,0.30224807713364366
20_40,null,,0.21308635377455135
20_40,null,,0.6442141088435572
20_40,null,,0.4239764476143771
20_40,null,,0.2474841508836624
20_40,null,,0.43080980161014926
20_40,null,,0.6039047225144731
20_40,null,,0.27459029767068127
20_40,null,,0.2712433552926927
20_40,null,,0.4339926158230248
20_40,null,,0.16170142705114446
20_40,null,,0.3244823211522431
20_40,null,,0.2712433552926927
20_40,null,,0.39223144834022167
20_40,null,,0.13907674549800542
20_40,null,,0.3711292677173725
20_40,null,,0.24260179891501446
20_40,null,,0.1892440685049091
20_40,null,,0.3752826271528244
20_40,null,,0.28819834257412935
20_40,null,,0.22043823122610146
20_40,null,,0.45012085590091266
20_40,null,,0.21697305257146482
20_40,null,,0.3399733570175079
20_40,null,,0.6223507066092371
20_40,null,,0.39813552636780164
20_40,null,,0.5888345480727605
20_40,null,,0.4642851456349037
20_40,null,,0.6691577716003103
20_40,null,,0.13198638420954323
20_40,null,,0.3465584245083994
20_40,null,,0.2494931019121561
20_40,null,,0.366656004418076
20_40,null,,0.5363385825583448
20_40,null,,0.42589347593510607
20_40,null,,0.6039402283718108
20_40,null,,0.3602064880966907
20_40,null,,0.18158046723384186
20_40,null,,0.14039555517065463
20_40,null,,0.7251189273376996
20_40,null,,0.5807247586159879
20_40,null,,0.6442141088435572
20_40,null,,0.22043823122610146
20_40,null,,0.2861913488782807
20_40,null,,0.4176567874066196
20_40,null,,0.5561280726118901
20_40,null,,0.26616403686783063
20_40,null,,0.4000031321494285
20_40,null,,0.1428601919147524
20_40,null,,0.7162645795363664
20_40,null,,0.15463047805048366
20_40,null,,0.42075901648541564
20_40,null,,0.27528135750210636
20_40,null,,0.2018505362299321
20_40,null,,0.5371709942589948
20_40,null,,0.5568028466747922
20_40,null,,0.39462600484162924
20_40,null,,0.33096864788766656
20_40,null,,0.5174479968646442
20_40,null,,0.15745176204882882
20_40,null,,0.5618134141131097
20_40,null,,0.32975128531519265
20_40,null,,0.5723269224200692
20_40,null,,0.1869921504464703
20_40,null,,0.4081112654655932
20_40,null,,0.34902055606002885
20_40,null,,0.311945727346426
20_40,null,,0.26656692252770303
20_40,null,,0.5686860925762562
20_40,null,,0.256219376031563
20_40,null,,0.607288140699368
20_40,null,,0.28220343115691965
20_40,null,,0.2920477685103792
20_40,null,,0.44423214409117556
20_40,null,,0.23195961469170742
20_40,null,,0.24260179891501446
20_40,null,,0.3864841449847464
20_40,null,,0.3976489714621995
20_40,null,,0.27048600305077664
20_40,null,,0.6991770433190404
20_40,null,,0.5988012582488943
20_40,null,,0.3278174479535865
20_40,null,,0.4176567874066196
20_40,null,,0.5337380675774401
20_40,null,,0.7131979245633701
20_40,null,,0.1773318247070345
20_40,null,,0.14547341607182213
20_40,null,,0.521374176588494
20_40,null,,0.4949223244709531
20_40,null,,0.16296911316833673
20_40,null,,0.14291899775179884
20_40,null,,0.4100269780216965
20_40,null,,0.648756575213374
20_40,null,,0.3841636504971724
20_40,null,,0.2990135476058137
20_40,null,,0.3541279436869143
20_40,null,,0.5243750811785605
20_40,null,,0.27069199621013845
20_40,null,,0.3486470424149654
20_40,null,,0.7336619503278976
20_40,null,,0.21386749879464245
20_40,null,,0.45497605804116664
20_40,null,,0.47204547456471074
20_40,null,,0.5322751946738238
20_40,null,,0.0880702086855761
20_40,null,,0.46211982821061615
20_40,null,,0.5510498141769743
20_40,null,,0.2795793743821035
20_40,null,,0.6961623268028787
20_40,null,,0.36628255856752595
20_40,null,,0.26224432110747276
20_40,null,,0.47850293847811814
20_40,null,,0.32975128531519265
20_40,null,,0.3184668528781045
20_40,null,,0.46156077672190793
20_40,null,,0.5521240092646351
20_40,null,,0.5721711161129533
20_40,null,,0.500821607804827
20_40,null,,0.2601497789910167
20_40,null,,0.6004662099140945
20_40,null,,0.500821607804827
20_40,null,,0.2622749344108776
20_40,null,,0.42839499018874166
20_40,null,,0.525717562530053
20_40,null,,0.29635540129442134
20_40,null,,0.14451054216390863
20_40,null,,0.14121047505693166
20_40,null,,0.5056873306197025
20_40,null,,0.31024459437489915
20_40,null,,0.3615975665437265
20_40,null,,0.4399419336358018
20_40,null,,0.48797264145463054
20_40,null,,0.5356249547961734
20_40,null,,0.25952513598144156
20_40,null,,0.5385357773034826
20_40,null,,0.5510498141769743
20_40,null,,0.26656692252770303
20_40,null,,0.4000031321494285
20_40,null,,0.39072723604402004
20_40,null,,0.5521240092646351
20_40,null,,0.42500688044084084
20_40,null,,0.55838943314845
20_40,null,,0.4214095481986768
20_40,null,,0.30224807713364366
20_40,null,,0.3627835215894126
20_40,null,,0.28220343115691965
20_40,null,,0.30078888917204166
20_40,null,,0.21990706533866178
20_40,null,,0.6263242992777527
20_40,null,,0.35433301001378215
20_40,null,,0.5090912147883134
20_40,null,,0.7598366573899071
20_40,null,,0.5248240514859698
20_40,null,,0.3488191617054233
20_40,null,,0.2601497789910167
20_40,null,,0.3584140821327444
20_40,null,,0.6676578608703999
20_40,null,,0.36628255856752595
20_40,null,,0.5699552737152088
20_40,null,,0.36090947076725205
20_40,null,,0.15070202921456066
20_40,null,,0.27528135750210636
20_40,null,,0.2654103410616439
20_40,null,,0.23203919879710733
20_40,null,,0.3120785970046928
20_40,null,,0.4576278641492343
20_40,null,,0.6070112593453106
20_40,null,,0.39947852635080816
20_40,null,,0.2342790795732534
20_40,null,,0.17867288405586124
20_40,null,,0.31925997537187156
20_40,null,,0.2869717953297664
20_40,null,,0.2082333014596984
20_40,null,,0.24518960889540836
20_40,null,,0.39621966884081977
20_40,null,,0.48276192831178666
20_40,null,,0.5179502253462474
20_40,null,,0.4480933188517727
20_40,null,,0.18252960897040757
20_40,null,,0.11909175772312769
20_40,null,,0.22034491263123282
20_40,null,,0.611140025567227
20_40,null,,0.2712433552926927
20_40,null,,0.5356249547961734
20_40,null,,0.4078895277238154
20_40,null,,0.2898814507977897
20_40,null,,0.23890623782583556
20_40,null,,0.25369733240235226
20_40,null,,0.42837359972885386
20_40,null,,0.3285516289778562
20_40,null,,0.5376186348089965
20_40,null,,0.30843405832645965
20_40,null,,0.5349006878126247
20_40,null,,0.20875429177743102
20_40,null,,0.4505690683081887
20_40,null,,0.07787141817231431
20_40,null,,0.3562594852192058
20_40,null,,0.6223507066092371
20_40,null,,0.3753008389760718
20_40,null,,0.27160143803142694
20_40,null,,0.48771451214784234
20_40,null,,0.2712433552926927
20_40,null,,0.5411973727240252
20_40,null,,0.5017762710524668
20_40,null,,0.2504978678274703
20_40,null,,0.5198364354059098
20_40,null,,0.11811925751682968
20_40,null,,0.45943004703046986
20_40,null,,0.6176307362713919
20_40,null,,0.18557114409985995
20_40,null,,0.48771451214784234
20_40,null,,0.49449475881986443
20_40,null,,0.16622504177928688
20_40,null,,0.3817532024294256
20_40,null,,0.6821536106942755
20_40,null,,0.23540304363657424
20_40,null,,0.40637952435719804
20_40,null,,0.17355217878996107
20_40,null,,0.2561561096952312
20_40,null,,0.47329166670544814
20_40,null,,0.6469277132575612
20_40,null,,0.41672811770408347
20_40,null,,0.16988134381224948
20_40,null,,0.313154713582676
20_40,null,,0.26213398241537367
20_40,null,,0.5706132649666741
20_40,null,,0.2680217254371268
20_40,null,,0.22856045672989514
20_40,null,,0.5260785342534076
20_40,null,,0.39223144834022167
20_40,null,,0.5616878318716504
20_40,null,,0.2749829710562187
20_40,null,,0.4239764476143771
20_40,null,,0.3220036767653214
20_40,null,,0.18050167703363054
20_40,null,,0.8305231183863655
20_40,null,,0.4000031321494285
20_40,null,,0.18243413381488421
20_40,null,,0.6620436907008544
20_40,null,,0.3413925066892307
20_40,null,,0.5778515395423099
20_40,null,,0.551980437988036
20_40,null,,0.6843230579526877
20_40,null,,0.2943981950825406
20_40,null,,0.2709470294897606
20_40,null,,0.4918037138886466
20_40,null,,0.5215261506631845
20_40,null,,0.5521240092646351
20_40,null,,0.2654103410616439
20_40,null,,0.49351765329314606
20_40,null,,0.5558161924648752
20_40,null,,0.47511696248766166
20_40,null,,0.2936291349399501
20_40,null,,0.10125017467419434
20_40,null,,0.17710654647175708
20_40,null,,0.24247698642775584
20_40,null,,0.3753008389760718
20_40,null,,0.6581188399067458
20_40,null,,0.48771451214784234
20_40,null,,0.24247698642775584
20_40,null,,0.323947043659173
20_40,null,,0.2695921548718586
20_40,null,,0.5384724586201401
20_40,null,,0.3120785970046928
20_40,null,,0.22675577840862243
20_40,null,,0.26190168613988635
20_40,null,,0.47020184756325256
20_40,null,,0.3633359296872139
20_40,null,,0.14039555517065463
20_40,null,,0.2868638518379274
20_40,null,,0.25286826164629683
20_40,null,,0.3102740400291122
20_40,null,,0.521374176588494
20_40,null,,0.45700239280174015
20_40,null,,0.3704365130891021
20_40,null,,0.36513997905810097
20_40,null,,0.13169266410068886
20_40,null,,0.4192193336473811
20_40,null,,0.6148689655356377
20_40,null,,0.39813552636780164
20_40,null,,0.3615352084096138
20_40,null,,0.19222340541619679
20_40,null,,0.4163156632279297
20_40,null,,0.6219619603356276
20_40,null,,0.3627835215894126
20_40,null,,0.2868638518379274
20_40,null,,0.21510636983560083
20_40,null,,0.5153134125578466
20_40,null,,0.26190168613988635
20_40,null,,0.3631881162464193
20_40,null,,0.2494931019121561
20_40,null,,0.39474192307781963
20_40,null,,0.2698606696201308
20_40,null,,0.22675577840862243
20_40,null,,0.4607886008956
20_40,null,,0.172020763399861
20_40,null,,0.47112476830356215
20_40,null,,0.3102320436700507
20_40,null,,0.1203343043385771
20_40,null,,0.5477705856084197
20_40,null,,0.17085663245506102
20_40,null,,0.5652369396870358
20_40,null,,0.3615975665437265
20_40,null,,0.25286826164629683
20_40,null,,0.2020019649104055
20_40,null,,0.10520149401497807
20_40,null,,0.41910457796589307
20_40,null,,0.2816723713512093
20_40,null,,0.427055514828222
20_40,null,,0.3846053303255802
20_40,null,,0.26295536720527496
20_40,null,,0.3567875307111113
20_40,null,,0.47329166670544814
20_40,null,,0.6593127694046608
20_40,null,,0.21308635377455135
20_40,null,,0.23466892436035583
20_40,null,,0.4185641854651115
20_40,null,,0.5511090615447
20_40,null,,0.37051001615167195
20_40,null,,0.5174479968646442
20_40,null,,0.1428601919147524
20_40,null,,0.25952513598144156
20_40,null,,0.5214877516248289
20_40,null,,0.2121384766230321
20_40,null,,0.15643389735899593
20_40,null,,0.36090947076725205
20_40,null,,0.3567875307111113
20_40,null,,0.08554856606917426
20_40,null,,0.38154570265433446
20_40,null,,0.39621966884081977
20_40,null,,0.10174312892442777
20_40,null,,0.20283065649512044
20_40,null,,0.25839885718950006
20_40,null,,0.4304741441803597
20_40,null,,0.3414899897632485
20_40,null,,0.4821946713193529
20_40,null,,0.638958251445196
20_40,null,,0.1428601919147524
20_40,null,,0.6810048840422932
20_40,null,,0.3477549136401443
20_40,null,,0.1420421343445771
20_40,null,,0.6619181816366283
20_40,null,,0.2936291349399501
20_40,null,,0.31925997537187156
20_40,null,,0.11571306810479279
20_40,null,,0.28992528977214993
20_40,null,,0.2877146099391203
20_40,null,,0.48931829327384746
20_40,null,,0.3763511028996468
20_40,null,,0.55838943314845
20_40,null,,0.19668242017532575
20_40,null,,0.37051001615167195
20_40,null,,0.44423214409117556
20_40,null,,0.5530375885063049
20_40,null,,0.4798753005456412
20_40,null,,0.336315084458953
20_40,null,,0.4239764476143771
20_40,null,,0.48771451214784234
20_40,null,,0.22724451484377742
20_40,null,,0.31096510385928955
20_40,null,,0.3763511028996468
20_40,null,,0.47750459096304027
20_40,null,,0.6881912615612643
20_40,null,,0.18954806705898056
20_40,null,,0.2249194044577645
20_40,null,,0.3629817957616235
20_40,null,,0.3270291285317517
20_40,null,,0.2795793743821035
20_40,null,,0.3752826271528244
20_40,null,,0.5043571550767542
20_40,null,,0.2826784921632208
20_40,null,,0.31628142075882826
20_40,null,,0.4000031321494285
20_40,null,,0.3488191617054233
20_40,null,,0.323947043659173
20_40,null,,0.4636258955759738
20_40,null,,0.3954831586294611
20_40,null,,0.3976489714621995
20_40,null,,0.4750467774615585
20_40,null,,0.5568028466747922
20_40,null,,0.3354286465227625
20_40,null,,0.43321252672903376
20_40,null,,0.5215261506631845
20_40,null,,0.5576767441483369
20_40,null,,0.7087110225452594
20_40,null,,0.2936291349399501
20_40,null,,0.2826784921632208
20_40,null,,0.18313869401157287
20_40,null,,0.14093287036608054
20_40,null,,0.15825337111775242
20_40,null,,0.4642851456349037
20_40,null,,0.48797264145463054
20_40,null,,0.3567875307111113
20_40,null,,0.4176567874066196
20_40,null,,0.4199311003923281
20_40,null,,0.43721044110707713
20_40,null,,0.2695921548718586
20_40,null,,0.5802388066758263
20_40,null,,0.16296911316833673
20_40,null,,0.30559551571161603
20_40,null,,0.09316285922066198
20_40,null,,0.28150426678990786
20_40,null,,0.4088796725714235
20_40,null,,0.2809862693740158
20_40,null,,0.2698606696201308
20_40,null,,0.23861256378730922
20_40,null,,0.3562594852192058
20_40,null,,0.374348468344572
20_40,null,,0.43321252672903376
20_40,null,,0.3994113352735116
20_40,null,,0.18277553451340228
20_40,null,,0.2877146099391203
20_40,null,,0.18156854867437355
20_40,null,,0.8403449113153331
20_40,null,,0.6113224209459306
20_40,null,,0.2749829710562187
20_40,null,,0.4989036121165662
20_40,null,,0.7840273085503492
20_40,null,,0.48931829327384746
20_40,null,,0.3846053303255802
20_40,null,,0.28233787543416267
20_40,null,,0.24260179891501446
20_40,null,,0.1203343043385771
20_40,null,,0.22695987651132965
20_40,null,,0.2301882570410117
20_40,null,,0.2249194044577645
20_40,null,,0.43321252672903376
20_40,null,,0.6148689655356377
20_40,null,,0.27160143803142694
20_40,null,,0.21520328637692207
20_40,null,,0.11462141073315567
20_40,null,,0.42015810537948517
20_40,null,,0.3354365906111321
20_40,null,,0.2772831238078948
20_40,null,,0.162966101647646
20_40,null,,0.34902055606002885
20_40,null,,0.4340074428710759
20_40,null,,0.0967061211262229
20_40,null,,0.4480933188517727
20_40,null,,0.28530738728438304
20_40,null,,0.3220036767653214
20_40,null,,0.24348405062033218
20_40,null,,0.3278174479535865
20_40,null,,0.4340074428710759
20_40,null,,0.5314307141777743
20_40,null,,0.5309914115065659
20_40,null,,0.6196283869050188
20_40,null,,0.29635540129442134
20_40,null,,0.2504978678274703
20_40,null,,0.16294040110796995
20_40,null,,0.3278174479535865
20_40,null,,0.2772831238078948
20_40,null,,0.26616403686783063
20_40,null,,0.2936291349399501
20_40,null,,0.2020019649104055
20_40,null,,0.5384724586201401
20_40,null,,0.27820673427743714
20_40,null,,0.4811600658374986
20_40,null,,0.22383844022388347
20_40,null,,0.24260179891501446
20_40,null,,0.24260179891501446
20_40,null,,0.22695987651132965
20_40,null,,0.5174479968646442
20_40,null,,0.6280450656370987
20_40,null,,0.3467996360701582
20_40,null,,0.3615352084096138
20_40,null,,0.3083738451832641
20_40,null,,0.13962429821028371
20_40,null,,0.3794240234757406
20_40,null,,0.22204945905963394
20_40,null,,0.20083134590682492
20_40,null,,0.47112476830356215
20_40,null,,0.2020019649104055
20_40,null,,0.24260179891501446
20_40,null,,0.27528135750210636
20_40,null,,0.5363385825583448
20_40,null,,0.3864841449847464
20_40,null,,0.515270540926431
20_40,null,,0.2637135545961277
20_40,null,,0.2620939846091524
20_40,null,,0.5471678711062004
20_40,null,,0.46768300754233116
20_40,null,,0.5736377918774886
20_40,null,,0.39063777475518857
20_40,null,,0.15643389735899593
20_40,null,,0.3414899897632485
20_40,null,,0.3486470424149654
20_40,null,,0.30843405832645965
20_40,null,,0.7164880108898891
20_40,null,,0.37540428773410334
20_40,null,,0.624726315072685
20_40,null,,0.6183757057464643
20_40,null,,0.3018072495298232
20_40,null,,0.4986100488937785
20_40,null,,0.37226972642680006
20_40,null,,0.3807230592466562
20_40,null,,0.38310714677948815
20_40,null,,0.35433301001378215
20_40,null,,0.3686143823424922
20_40,null,,0.39045375531310134
20_40,null,,0.4536969850069408
20_40,null,,0.4199311003923281
20_40,null,,0.16010524710384166
20_40,null,,0.21697305257146482
20_40,null,,0.3368578843192349
20_40,null,,0.4505690683081887
20_40,null,,0.4081112654655932
20_40,null,,0.21510636983560083
20_40,null,,0.2637135545961277
20_40,null,,0.37540428773410334
20_40,null,,0.7083040218249979
20_40,null,,0.5422078366959744
20_40,null,,0.21510636983560083
20_40,null,,0.6449788601621697
20_40,null,,0.31925997537187156
20_40,null,,0.2772831238078948
20_40,null,,0.5807247586159879
20_40,null,,0.47204547456471074
20_40,null,,0.6283556362814794
20_40,null,,0.6235625295398891
20_40,null,,0.4340074428710759
20_40,null,,0.35174592486973205
20_40,null,,0.3136063647132468
20_40,null,,0.1424795478336989
20_40,null,,0.49647431204993264
20_40,null,,0.5409904918958497
20_40,null,,0.22695987651132965
20_40,null,,0.1781141032391278
20_40,null,,0.37752384262464606
20_40,null,,0.2621655799003072
20_40,null,,0.48412336264582667
20_40,null,,0.3244823211522431
20_40,null,,0.12793432749495195
20_40,null,,0.36923304548893865
20_40,null,,0.5601500437763369
20_40,null,,0.49502542613580086
20_40,null,,0.47112476830356215
20_40,null,,0.43873793680440487
20_40,null,,0.32476707872860505
20_40,null,,0.6210145578086125
20_40,null,,0.24247698642775584
20_40,null,,0.17085663245506102
20_40,null,,0.42210078260911726
20_40,null,,0.49647431204993264
20_40,null,,0.20085646763212497
20_40,null,,0.4741535567215127
20_40,null,,0.4607886008956
20_40,null,,0.7195565358487618
20_40,null,,0.1536914007175666
20_40,null,,0.33096864788766656
20_40,null,,0.07940253219537009
20_40,null,,0.3111027268587317
20_40,null,,0.3134053356961332
20_40,null,,0.10520149401497807
20_40,null,,0.6469277132575612
20_40,null,,0.5043571550767542
20_40,null,,0.2925109001304018
20_40,null,,0.36682599869169347
20_40,null,,0.5471678711062004
20_40,null,,0.3534766665898852
20_40,null,,0.2342790795732534
20_40,null,,0.311945727346426
20_40,null,,0.0940655317845903
20_40,null,,0.24579495923187752
20_40,null,,0.8102248608575167
20_40,null,,0.46557665584408603
20_40,null,,0.1790095966781162
20_40,null,,0.2504978678274703
20_40,null,,0.21990706533866178
20_40,null,,0.14746078434488852
20_40,null,,0.5952460503462427
20_40,null,,0.19716077556730705
20_40,null,,0.36923304548893865
20_40,null,,0.14121047505693166
20_40,null,,0.2561561096952312
20_40,null,,0.10688411214289505
20_40,null,,0.39045375531310134
20_40,null,,0.7863815202677663
20_40,null,,0.3286595218502467
20_40,null,,0.28530738728438304
20_40,null,,0.27694766006817445
20_40,null,,0.24462716427251835
20_40,null,,0.5258392656471396
20_40,null,,0.1436888769946823
20_40,null,,0.43873793680440487
20_40,null,,0.497157550560981
20_40,null,,0.8077249594156625
20_40,null,,0.5349006878126247
20_40,null,,0.17845514461461476
20_40,null,,0.5031419146465231
20_40,null,,0.19975299887513667
20_40,null,,0.41493842710410644
20_40,null,,0.18313869401157287
20_40,null,,0.590215360721719
20_40,null,,0.17839479015397325
20_40,null,,0.3864841449847464
20_40,null,,0.5589594326007113
20_40,null,,0.30236248262172044
20_40,null,,0.46591637705960653
20_40,null,,0.256219376031563
20_40,null,,0.5409904918958497
20_40,null,,0.2601497789910167
20_40,null,,0.46645902119464866
20_40,null,,0.29236574902708456
20_40,null,,0.19873446887014584
20_40,null,,0.2249194044577645
20_40,null,,0.402958649198353
20_40,null,,0.39462600484162924
20_40,null,,0.6453781488144561
20_40,null,,0.31947287258795726
20_40,null,,0.2020019649104055
20_40,null,,0.39556368346371756
20_40,null,,0.37225542923672167
20_40,null,,0.6598692638505629
20_40,null,,0.31604777580832494
20_40,null,,0.4297351319797802
20_40,null,,0.35174592486973205
20_40,null,,0.6223507066092371
20_40,null,,0.23890623782583556
20_40,null,,0.2861913488782807
20_40,null,,0.36923304548893865
20_40,null,,0.3278174479535865
20_40,null,,0.35828119568599653
20_40,null,,0.20085646763212497
20_40,null,,0.4163156632279297
20_40,null,,0.3120785970046928
20_40,null,,0.4338589347048809
20_40,null,,0.444086095321654
20_40,null,,0.36682599869169347
20_40,null,,0.3341274813311607
20_40,null,,0.3170309408910301
20_40,null,,0.5409904918958497
20_40,null,,0.19826904688235206
20_40,null,,0.36218282396572954
20_40,null,,0.4129712099744638
20_40,null,,0.2474841508836624
20_40,null,,0.3465584245083994
20_40,null,,0.5035111956158329
20_40,null,,0.33096864788766656
20_40,null,,0.12361442225808286
20_40,null,,0.46768300754233116
20_40,null,,0.3083738451832641
20_40,null,,0.22204945905963394
20_40,null,,0.24247698642775584
20_40,null,,0.48797264145463054
20_40,null,,0.06784164223848116
20_40,null,,0.08326737054682497
20_40,null,,0.39846524661132526
20_40,null,,0.3497425828597612
20_40,null,,0.3954831586294611
20_40,null,,0.5511090615447
20_40,null,,0.4191871053305334
20_40,null,,0.3807230592466562
20_40,null,,0.3763511028996468
20_40,null,,0.3809062717875001
20_40,null,,0.4304741441803597
20_40,null,,0.44423214409117556
20_40,null,,0.29635540129442134
20_40,null,,0.17548892756563336
20_40,null,,0.500821607804827
20_40,null,,0.2605486345448898
20_40,null,,0.5589594326007113
20_40,null,,0.3567875307111113
20_40,null,,0.14568477762023443
20_40,null,,0.29635540129442134
20_40,null,,0.3631881162464193
20_40,null,,0.5416013299701813
20_40,null,,0.5422078366959744
20_40,null,,0.6399599918102337
20_40,null,,0.4988251248408997
20_40,null,,0.5353033923264797
20_40,null,,0.2990135476058137
20_40,null,,0.5807247586159879
20_40,null,,0.5920921157436222
20_40,null,,0.39621966884081977
20_40,null,,0.30729351092305096
20_40,null,,0.2869717953297664
20_40,null,,0.2772831238078948
20_40,null,,0.3567875307111113
20_40,null,,0.37492062771427337
20_40,null,,0.5043571550767542
20_40,null,,0.47329166670544814
20_40,null,,0.3354286465227625
20_40,null,,0.30717191855601467
20_40,null,,0.28233787543416267
20_40,null,,0.2644358153015519
20_40,null,,0.24318145906989058
20_40,null,,0.48797264145463054
20_40,null,,0.6688346081161679
20_40,null,,0.23695632925215884
20_40,null,,0.6372237687212057
20_40,null,,0.4072422228626856
20_40,null,,0.6070112593453106
20_40,null,,0.1394280253360762
20_40,null,,0.18868090984806554
20_40,null,,0.16170142705114446
20_40,null,,0.5349006878126247
20_40,null,,0.2848761869666025
20_40,null,,0.323947043659173
20_40,null,,0.5495434170062112
20_40,null,,0.32975128531519265
20_40,null,,0.3627835215894126
20_40,null,,0.29002770321756965
20_40,null,,0.24348405062033218
20_40,null,,0.5314307141777743
20_40,null,,0.5371709942589948
20_40,null,,0.26224432110747276
20_40,null,,0.15070202921456066
20_40,null,,0.25369733240235226
20_40,null,,0.22381507466864597
20_40,null,,0.1428601919147524
20_40,null,,0.6459810650411101
20_40,null,,0.6439210834559452
20_40,null,,0.6445090770745217
20_40,null,,0.2405584641398219
20_40,null,,0.32554890329866826
20_40,null,,0.26213398241537367
20_40,null,,0.5073893876654705
20_40,null,,0.3488191617054233
20_40,null,,0.2531399494708272
20_40,null,,0.4801472949148363
20_40,null,,0.47204547456471074
20_40,null,,0.42015810537948517
20_40,null,,0.1854735196033211
20_40,null,,0.39462600484162924
20_40,null,,0.18998628408015186
20_40,null,,0.15463047805048366
20_40,null,,0.4576278641492343
20_40,null,,0.4635011566414978
20_40,null,,0.49647431204993264
20_40,null,,0.34902055606002885
20_40,null,,0.28530738728438304
20_40,null,,0.4635011566414978
20_40,null,,0.4195621824137922
20_40,null,,0.5353033923264797
20_40,null,,0.5604528879219859
20_40,null,,0.4239764476143771
20_40,null,,0.6313959231246601
20_40,null,,0.663031154370955
20_40,null,,0.15643389735899593
20_40,null,,0.8056497408402181
20_40,null,,0.4576278641492343
20_40,null,,0.48771451214784234
20_40,null,,0.05477920171696048
20_40,null,,0.184929382428068
20_40,null,,0.1943976165582481
20_40,null,,0.3633359296872139
20_40,null,,0.6620436907008544
20_40,null,,0.14063514091323812
20_40,null,,0.2474841508836624
20_40,null,,0.37752384262464606
20_40,null,,0.2898814507977897
20_40,null,,0.5213923240742689
20_40,null,,0.6099753266099908
20_40,null,,0.5414577386538417
20_40,null,,0.48771451214784234
20_40,null,,0.1306556973244366
20_40,null,,0.27808861401957147
20_40,null,,0.5807247586159879
20_40,null,,0.5485244034984733
20_40,null,,0.5090912147883134
20_40,null,,0.4744962867678595
20_40,null,,0.2971189032540205
20_40,null,,0.2514873164095318
20_40,null,,0.39340634914898065
20_40,null,,0.18040902327926273
20_40,null,,0.27174369600613113
20_40,null,,0.521374176588494
20_40,null,,0.44028639631967886
20_40,null,,0.36682599869169347
20_40,null,,0.39947852635080816
20_40,null,,0.24875414531406323
20_40,null,,0.42500688044084084
20_40,null,,0.1790095966781162
20_40,null,,0.27459029767068127
20_40,null,,0.7560811590633953
20_40,null,,0.4454947126942655
20_40,null,,0.4035951416577403
20_40,null,,0.45754355740431535
20_40,null,,0.5203021061235246
20_40,null,,0.38750343359740685
20_40,null,,0.20283994106875514
20_40,null,,0.29635540129442134
20_40,null,,0.49749330260469127
20_40,null,,0.30224807713364366
20_40,null,,0.6688853851438177
20_40,null,,0.37492062771427337
20_40,null,,0.29635540129442134
20_40,null,,0.5510498141769743
20_40,null,,0.5941166034408601
20_40,null,,0.18243413381488421
20_40,null,,0.5729210320071617
20_40,null,,0.4636258955759738
20_40,null,,0.48412336264582667
20_40,null,,0.19222340541619679
20_40,null,,0.19606877623372565
20_40,null,,0.22724451484377742
20_40,null,,0.08153917987260785
20_40,null,,0.40754705218481213
20_40,null,,0.3584140821327444
20_40,null,,0.2605486345448898
20_40,null,,0.5338393128212926
20_40,null,,0.21043033851228746
20_40,null,,0.3584140821327444
20_40,null,,0.18021387885202034
20_40,null,,0.49449475881986443
20_40,null,,0.6038895509739322
20_40,null,,0.3954831586294611
20_40,null,,0.31925997537187156
20_40,null,,0.06784164223848116
20_40,null,,0.1165008693238944
20_40,null,,0.34837993433001607
20_40,null,,0.468583431011719
20_40,null,,0.30484434355322054
20_40,null,,0.2714601175819268
20_40,null,,0.4072422228626856
20_40,null,,0.6283556362814794
20_40,null,,0.14039555517065463
20_40,null,,0.26003025588656276
20_40,null,,0.4061898900072198
20_40,null,,0.4338589347048809
20_40,null,,0.1428601919147524
20_40,null,,0.47329166670544814
20_40,null,,0.39045375531310134
20_40,null,,0.5201259023445982
20_40,null,,0.5674945789551235
20_40,null,,0.7355117182839463
20_40,null,,0.525717562530053
20_40,null,,0.187255033412469
20_40,null,,0.1790095966781162
20_40,null,,0.18040902327926273
20_40,null,,0.3541279436869143
20_40,null,,0.12222794212278601
20_40,null,,0.23729782531437296
20_40,null,,0.1436888769946823
20_40,null,,0.2919426218867389
20_40,null,,0.1605080066034167
20_40,null,,0.47204547456471074
20_40,null,,0.44028639631967886
20_40,null,,0.17953523716138298
20_40,null,,0.23195961469170742
20_40,null,,0.30736438302184
20_40,null,,0.2455215410784671
20_40,null,,0.2816723713512093
20_40,null,,0.3567875307111113
20_40,null,,0.22841242438109727
20_40,null,,0.2605486345448898
20_40,null,,0.37225542923672167
20_40,null,,0.19668242017532575
20_40,null,,0.3824614256454525
20_40,null,,0.37761247780961216
20_40,null,,0.336625945710881
20_40,null,,0.13976890775372391
20_40,null,,0.26616403686783063
20_40,null,,0.23466892436035583
20_40,null,,0.374348468344572
20_40,null,,0.3486470424149654
20_40,null,,0.48412336264582667
20_40,null,,0.4635011566414978
20_40,null,,0.39813552636780164
20_40,null,,0.2605486345448898
20_40,null,,0.30670797123054055
20_40,null,,0.49449475881986443
20_40,null,,0.6656070848799949
20_40,null,,0.22647667700531296
20_40,null,,0.6280450656370987
20_40,null,,0.23540304363657424
20_40,null,,0.29635540129442134
20_40,null,,0.35828119568599653
20_40,null,,0.13858032317685143
20_40,null,,0.5248240514859698
20_40,null,,0.4834049072722396
20_40,null,,0.28150426678990786
20_40,null,,0.29635540129442134
20_40,null,,0.48797264145463054
20_40,null,,0.5179502253462474
20_40,null,,0.5338393128212926
20_40,null,,0.2654103410616439
20_40,null,,0.37226972642680006
20_40,null,,0.18313869401157287
20_40,null,,0.448458340546066
20_40,null,,0.1428601919147524
20_40,null,,0.44665394791421287
20_40,null,,0.14568477762023443
20_40,null,,0.45943004703046986
20_40,null,,0.7797096523718693
20_40,null,,0.21091663250601395
20_40,null,,0.44423214409117556
20_40,null,,0.5414577386538417
20_40,null,,0.4576278641492343
20_40,null,,0.7773272715081178
20_40,null,,0.39691467024665467
20_40,null,,0.30843405832645965
20_40,null,,0.20875429177743102
20_40,null,,0.5363385825583448
20_40,null,,0.611140025567227
20_40,null,,0.1923355357244693
20_40,null,,0.5817791351883378
20_40,null,,0.21510636983560083
20_40,null,,0.3615975665437265
20_40,null,,0.6415521124223099
20_40,null,,0.3278174479535865
20_40,null,,0.4251167173460277
20_40,null,,0.3278174479535865
20_40,null,,0.2695921548718586
20_40,null,,0.41996448146062115
20_40,null,,0.5576767441483369
20_40,null,,0.2848656285114239
20_40,null,,0.4314385535485191
20_40,null,,0.4505690683081887
20_40,null,,0.3864841449847464
20_40,null,,0.31628142075882826
20_40,null,,0.23591665670845358
20_40,null,,0.40298869031977913
20_40,null,,0.29236574902708456
20_40,null,,0.715803545127058
20_40,null,,0.22845899198502903
20_40,null,,0.2142850253758702
20_40,null,,0.47081372074576566
20_40,null,,0.30586470290522516
20_40,null,,0.713705010314761
20_40,null,,0.21049382215043277
20_40,null,,0.18243413381488421
20_40,null,,0.1507828187547649
20_40,null,,0.3615352084096138
20_40,null,,0.49351765329314606
20_40,null,,0.1428601919147524
20_40,null,,0.44987283987007753
20_40,null,,0.2494931019121561
20_40,null,,0.1943976165582481
20_40,null,,0.4798753005456412
20_40,null,,0.5198364354059098
20_40,null,,0.5778515395423099
20_40,null,,0.6875780209007132
20_40,null,,0.49502542613580086
20_40,null,,0.27048600305077664
20_40,null,,0.2919426218867389
20_40,null,,0.49449475881986443
20_40,null,,0.7501246437835563
20_40,null,,0.35828119568599653
20_40,null,,0.15463047805048366
20_40,null,,0.23861256378730922
20_40,null,,0.6391284932739816
20_40,null,,0.5416013299701813
20_40,null,,0.3763511028996468
20_40,null,,0.4163156632279297
20_40,null,,0.45754355740431535
20_40,null,,0.22204945905963394
20_40,null,,0.34088596957652983
20_40,null,,0.30224807713364366
20_40,null,,0.16882600851670443
20_40,null,,0.4642851456349037
20_40,null,,0.20937506636628805
20_40,null,,0.162966101647646
20_40,null,,0.3177739349244879
20_40,null,,0.22034491263123282
20_40,null,,0.3295669625607644
20_40,null,,0.3631881162464193
20_40,null,,0.6070112593453106
20_40,null,,0.4048451965084322
20_40,null,,0.259786327251227
20_40,null,,0.4684504184154406
20_40,null,,0.2792990227597257
20_40,null,,0.49351765329314606
20_40,null,,0.4251167173460277
20_40,null,,0.19658148865770933
20_40,null,,0.2826784921632208
20_40,null,,0.2868638518379274
20_40,null,,0.1428601919147524
20_40,null,,0.29145724143498014
20_40,null,,0.24348405062033218
20_40,null,,0.3434726462641559
20_40,null,,0.17670067043715385
20_40,null,,0.2695921548718586
20_40,null,,0.2868638518379274
20_40,null,,0.2405584641398219
20_40,null,,0.1394280253360762
20_40,null,,0.21697305257146482
20_40,null,,0.2936291349399501
20_40,null,,0.2249194044577645
20_40,null,,0.6003509177442816
20_40,null,,0.09956560483663036
20_40,null,,0.42839499018874166
20_40,null,,0.3631881162464193
20_40,null,,0.3841636504971724
20_40,null,,0.2848656285114239
20_40,null,,0.3354286465227625
20_40,null,,0.18040902327926273
20_40,null,,0.47204547456471074
20_40,null,,0.30843405832645965
20_40,null,,0.47764700671966237
20_40,null,,0.18050167703363054
20_40,null,,0.4946986133181184
20_40,null,,0.30236248262172044
20_40,null,,0.6201693647527291
20_40,null,,0.2898814507977897
20_40,null,,0.23456522877137584
20_40,null,,0.22086178944236048
20_40,null,,0.3817532024294256
20_40,null,,0.4655476789488972
20_40,null,,0.6843230579526877
20_40,null,,0.6082239328787183
20_40,null,,0.26078683218870535
20_40,null,,0.3134053356961332
20_40,null,,0.4926007939384004
20_40,null,,0.7195565358487618
20_40,null,,0.5267892170298792
20_40,null,,0.4480933188517727
20_40,null,,0.28233787543416267
20_40,null,,0.48779070476150405
20_40,null,,0.55838943314845
20_40,null,,0.1729189458192324
20_40,null,,0.3333564692933084
20_40,null,,0.6209793096846715
20_40,null,,0.31336827025796987
20_40,null,,0.4684504184154406
20_40,null,,0.3615975665437265
20_40,null,,0.3341274813311607
20_40,null,,0.5829869048723834
20_40,null,,0.3177739349244879
20_40,null,,0.49119446292378194
20_40,null,,0.5802388066758263
20_40,null,,0.3120785970046928
20_40,null,,0.4635011566414978
20_40,null,,0.7593990378454835
20_40,null,,0.468583431011719
20_40,null,,0.4195621824137922
20_40,null,,0.39340634914898065
20_40,null,,0.3487555792764171
20_40,null,,0.3807230592466562
20_40,null,,0.4454947126942655
20_40,null,,0.18868090984806554
20_40,null,,0.1388745561098397
20_40,null,,0.21697305257146482
20_40,null,,0.27808861401957147
20_40,null,,0.5501895691479146
20_40,null,,0.27842053370053343
20_40,null,,0.24462716427251835
20_40,null,,0.4655476789488972
20_40,null,,0.6961623268028787
20_40,null,,0.3923389848268732
20_40,null,,0.42837359972885386
20_40,null,,0.19091203631428835
20_40,null,,0.4095027326152322
20_40,null,,0.25440386675245436
20_40,null,,0.24681363612504872
20_40,null,,0.379621355255146
20_40,null,,0.30717191855601467
20_40,null,,0.30729351092305096
20_40,null,,0.15745176204882882
20_40,null,,0.3018072495298232
20_40,null,,0.5179502253462474
20_40,null,,0.34113616961095844
20_40,null,,0.7520238057078699
20_40,null,,0.3976489714621995
20_40,null,,0.6329872489529438
20_40,null,,0.2494931019121561
20_40,null,,0.5599537241449869
20_40,null,,0.4297351319797802
20_40,null,,0.5511090615447
20_40,null,,0.1895339361347754
20_40,null,,0.3954831586294611
20_40,null,,0.44665394791421287
20_40,null,,0.30586470290522516
20_40,null,,0.2548787082833912
20_40,null,,0.41910457796589307
20_40,null,,0.07940253219537009
20_40,null,,0.39947852635080816
20_40,null,,0.30236248262172044
20_40,null,,0.21990706533866178
20_40,null,,0.28525295104867376
20_40,null,,0.5337380675774401
20_40,null,,0.3567875307111113
20_40,null,,0.5888345480727605
20_40,null,,0.379621355255146
20_40,null,,0.5652369396870358
20_40,null,,0.23695632925215884
20_40,null,,0.48771451214784234
20_40,null,,0.30717191855601467
20_40,null,,0.31096510385928955
20_40,null,,0.5477705856084197
20_40,null,,0.3817532024294256
20_40,null,,0.1614289733101181
20_40,null,,0.37492062771427337
20_40,null,,0.29145724143498014
20_40,null,,0.6263242992777527
20_40,null,,0.18837622031757006
20_40,null,,0.5888345480727605
20_40,null,,0.15745176204882882
20_40,null,,0.6895614382775368
20_40,null,,0.256219376031563
20_40,null,,0.28220343115691965
20_40,null,,0.560186773426461
20_40,null,,0.6942583465750646
20_40,null,,0.08981260501842542
20_40,null,,0.3910781908283734
20_40,null,,0.336625945710881
20_40,null,,0.1389628986375785
20_40,null,,0.23466892436035583
20_40,null,,0.6004662099140945
20_40,null,,0.5176723109231616
20_40,null,,0.23507338744386966
20_40,null,,0.2605486345448898
20_40,null,,0.2301882570410117
20_40,null,,0.22961071000137642
20_40,null,,0.49502542613580086
20_40,null,,0.15643389735899593
20_40,null,,0.3608452541865822
20_40,null,,0.3286595218502467
20_40,null,,0.5736377918774886
20_40,null,,0.3486470424149654
20_40,null,,0.3278174479535865
20_40,null,,0.3220036767653214
20_40,null,,0.3584140821327444
20_40,null,,0.4821946713193529
20_40,null,,0.24462716427251835
20_40,null,,0.4741535567215127
20_40,null,,0.29829281094813065
20_40,null,,0.15825337111775242
20_40,null,,0.3817532024294256
20_40,null,,0.5198862320543971
20_40,null,,0.3923389848268732
20_40,null,,0.3102740400291122
20_40,null,,0.4048451965084322
20_40,null,,0.3295669625607644
20_40,null,,0.541553008078074
20_40,null,,0.4129712099744638
20_40,null,,0.3608452541865822
20_40,null,,0.5349006878126247
20_40,null,,0.5376186348089965
20_40,null,,0.24520187414254618
20_40,null,,0.09809816915823007
20_40,null,,0.39072723604402004
20_40,null,,0.17544189781677358
20_40,null,,0.3807230592466562
20_40,null,,0.256219376031563
20_40,null,,0.6625239228633825
20_40,null,,0.4679393592117468
20_40,null,,0.18868090984806554
20_40,null,,0.2804700425227714
20_40,null,,0.3947787792568421
20_40,null,,0.2898814507977897
20_40,null,,0.336625945710881
20_40,null,,0.336625945710881
20_40,null,,0.49921564017794434
20_40,null,,0.3278174479535865
20_40,null,,0.24088991344928382
20_40,null,,0.47189196466669775
20_40,null,,0.6148689655356377
20_40,null,,0.5174479968646442
20_40,null,,0.22695987651132965
20_40,null,,0.19826904688235206
20_40,null,,0.46591637705960653
20_40,null,,0.16400455292342428
20_40,null,,0.39474192307781963
20_40,null,,0.468583431011719
20_40,null,,0.26003025588656276
20_40,null,,0.47850293847811814
20_40,null,,0.7164176076234193
20_40,null,,0.5568028466747922
20_40,null,,0.20283065649512044
20_40,null,,0.2864325461558298
20_40,null,,0.08554856606917426
20_40,null,,0.46557665584408603
20_40,null,,0.2504978678274703
20_40,null,,0.42015810537948517
20_40,null,,0.4192193336473811
20_40,null,,0.4339926158230248
20_40,null,,0.63187305865874
20_40,null,,0.291989056082946
20_40,null,,0.27694766006817445
20_40,null,,0.16226737072486153
20_40,null,,0.5471678711062004
20_40,null,,0.5384724586201401
20_40,null,,0.2563068680846056
20_40,null,,0.531234362346096
20_40,null,,0.4199311003923281
20_40,null,,0.36682599869169347
20_40,null,,0.5829869048723834
20_40,null,,0.2654103410616439
20_40,null,,0.26330361196924157
20_40,null,,0.5260785342534076
20_40,null,,0.16659862093081926
20_40,null,,0.36143502090263707
20_40,null,,0.47204547456471074
20_40,null,,0.3102320436700507
20_40,null,,0.48412336264582667
20_40,null,,0.5260785342534076
20_40,null,,0.5963689621969674
20_40,null,,0.7160334745885204
20_40,null,,0.32975128531519265
20_40,null,,0.6086216724095224
20_40,null,,0.3541279436869143
20_40,null,,0.30736438302184
20_40,null,,0.299687848780496
20_40,null,,0.5380036259672747
20_40,null,,0.34088596957652983
20_40,null,,0.4741535567215127
20_40,null,,0.26656692252770303
20_40,null,,0.2020019649104055
20_40,null,,0.5950462692699086
20_40,null,,0.2511868938271158
20_40,null,,0.4811600658374986
20_40,null,,0.3910781908283734
20_40,null,,0.1388745561098397
20_40,null,,0.28220343115691965
20_40,null,,0.20937506636628805
20_40,null,,0.39474192307781963
20_40,null,,0.5043571550767542
20_40,null,,0.500821607804827
20_40,null,,0.2712433552926927
20_40,null,,0.17544189781677358
20_40,null,,0.24681363612504872
20_40,null,,0.3434726462641559
20_40,null,,0.2898814507977897
20_40,null,,0.2704186219709982
20_40,null,,0.1794624897566287
20_40,null,,0.25764955843718174
20_40,null,,0.3136063647132468
20_40,null,,0.323947043659173
20_40,null,,0.10420311565016266
20_40,null,,0.2920477685103792
20_40,null,,0.3864841449847464
20_40,null,,0.7598366573899071
20_40,null,,0.4480933188517727
20_40,null,,0.4576278641492343
20_40,null,,0.24348405062033218
20_40,null,,0.4662757646918831
20_40,null,,0.45393593997466575
20_40,null,,0.5601500437763369
20_40,null,,0.21308635377455135
20_40,null,,0.3824614256454525
20_40,null,,0.41000807987349336
20_40,null,,0.09701405489489141
20_40,null,,0.44028639631967886
20_40,null,,0.45943004703046986
20_40,null,,0.3102320436700507
20_40,null,,0.24348405062033218
20_40,null,,0.6082239328787183
20_40,null,,0.3083738451832641
20_40,null,,0.16644972523027818
20_40,null,,0.2020019649104055
20_40,null,,0.5029364669935331
20_40,null,,0.23729782531437296
20_40,null,,0.2920477685103792
20_40,null,,0.14039555517065463
20_40,null,,0.15996790976023242
20_40,null,,0.2869717953297664
20_40,null,,0.6854331952111246
20_40,null,,0.323947043659173
20_40,null,,0.5729210320071617
20_40,null,,0.497157550560981
20_40,null,,0.3354286465227625
20_40,null,,0.27174369600613113
20_40,null,,0.27160143803142694
20_40,null,,0.3630255613274013
20_40,null,,0.336625945710881
20_40,null,,0.5409904918958497
20_40,null,,0.17012595687370316
20_40,null,,0.39462600484162924
20_40,null,,0.5201259023445982
20_40,null,,0.31925997537187156
20_40,null,,0.3807230592466562
20_40,null,,0.6625239228633825
20_40,null,,0.14039555517065463
20_40,null,,0.448458340546066
20_40,null,,0.22675577840862243
20_40,null,,0.3947787792568421
20_40,null,,0.497157550560981
20_40,null,,0.23466892436035583
20_40,null,,0.4199311003923281
20_40,null,,0.5576767441483369
20_40,null,,0.29370016841865304
20_40,null,,0.2622749344108776
20_40,null,,0.3465584245083994
20_40,null,,0.41594804719655704
20_40,null,,0.4072422228626856
20_40,null,,0.29635540129442134
20_40,null,,0.21049382215043277
20_40,null,,0.7131979245633701
20_40,null,,0.16882600851670443
20_40,null,,0.521374176588494
20_40,null,,0.1382119440926776
20_40,null,,0.17469564968596274
20_40,null,,0.6148689655356377
20_40,null,,0.5260785342534076
20_40,null,,0.41688907192569463
20_40,null,,0.5349006878126247
20_40,null,,0.7521413358096856
20_40,null,,0.590215360721719
20_40,null,,0.23540304363657424
20_40,null,,0.6282863681030986
20_40,null,,0.5029364669935331
20_40,null,,0.7351201197758471
20_40,null,,0.366656004418076
20_40,null,,0.444086095321654
20_40,null,,0.6209793096846715
20_40,null,,0.26078683218870535
20_40,null,,0.21822309864823985
20_40,null,,0.5802388066758263
20_40,null,,0.20085646763212497
20_40,null,,0.4642851456349037
20_40,null,,0.14093287036608054
20_40,null,,0.3671323506270475
20_40,null,,0.48276192831178666
20_40,null,,0.2531399494708272
20_40,null,,0.39813552636780164
20_40,null,,0.38409847363887156
20_40,null,,0.37540428773410334
20_40,null,,0.5380036259672747
20_40,null,,0.17355217878996107
20_40,null,,0.5641839525445079
20_40,null,,0.44459079979217647
20_40,null,,0.25286826164629683
20_40,null,,0.6263242992777527
20_40,null,,0.15643389735899593
20_40,null,,0.39072723604402004
20_40,null,,0.37473201083887886
20_40,null,,0.3752826271528244
20_40,null,,0.26295536720527496
20_40,null,,0.5411973727240252
20_40,null,,0.2505375860391198
20_40,null,,0.2964717648921768
20_40,null,,0.39149756722263895
20_40,null,,0.15745176204882882
20_40,null,,0.5301085900273672
20_40,null,,0.47329166670544814
20_40,null,,0.47189196466669775
20_40,null,,0.2514873164095318
20_40,null,,0.24875414531406323
20_40,null,,0.6276800801067927
20_40,null,,0.162966101647646
20_40,null,,0.23325235085708082
noclear,replicate,abemaciclib,0.641089844089028
noclear,replicate,binimetinib,0.4252278589122768
noclear,replicate,fluorouracil,0.6659845947405995
noclear,replicate,gemcitabine,0.580841937843805
noclear,replicate,sn-38,0.7626229368950024
noclear,replicate,trifluridine,0.5306098570870839
noclear,null,,0.3869052809610406
noclear,null,,0.4820310681608045
noclear,null,,0.3986275224308642
noclear,null,,0.39188395999681036
noclear,null,,0.5167953322844213
noclear,null,,0.42074879052708936
noclear,null,,0.30789421742800593
noclear,null,,0.5275967281998405
noclear,null,,0.5465743163402943
noclear,null,,0.44065202945018445
noclear,null,,0.48134574929249613
noclear,null,,0.28769881835460936
noclear,null,,0.33054128073732963
noclear,null,,0.538641484161761
noclear,null,,0.49935387553671035
noclear,null,,0.33878918111349415
noclear,null,,0.31164686817216913
noclear,null,,0.4543097869660427
noclear,null,,0.40265902464363995
noclear,null,,0.3950339750480052
noclear,null,,0.3814270241815144
noclear,null,,0.33007994110354066
noclear,null,,0.288069667610861
noclear,null,,0.5801865765372334
noclear,null,,0.32495376184784525
noclear,null,,0.32398715541297024
noclear,null,,0.38005792863309545
noclear,null,,0.2829103921397953
noclear,null,,0.1958110892962071
noclear,null,,0.6005702045840804
noclear,null,,0.4170327347582735
noclear,null,,0.41326571295077746
noclear,null,,0.3803419028939591
noclear,null,,0.5002654016436248
noclear,null,,0.383257580819267
noclear,null,,0.49806157930424266
noclear,null,,0.2528168346607146
noclear,null,,0.3892501034099357
noclear,null,,0.2540315071629712
noclear,null,,0.3742653994804349
noclear,null,,0.3803419028939591
noclear,null,,0.586669399997508
noclear,null,,0.4189821919032572
noclear,null,,0.3504293850904704
noclear,null,,0.2908804051516647
noclear,null,,0.309169182280149
noclear,null,,0.3950339750480052
noclear,null,,0.4764259876523724
noclear,null,,0.24866396926189327
noclear,null,,0.3688095520314373
noclear,null,,0.3724889743933169
noclear,null,,0.4782891081623979
noclear,null,,0.5832899046714067
noclear,null,,0.5755581158411539
noclear,null,,0.56892112616551
noclear,null,,0.2975191528948422
noclear,null,,0.3193402950577972
noclear,null,,0.33054128073732963
noclear,null,,0.2661206443298332
noclear,null,,0.3375194814508665
noclear,null,,0.5499729589023197
noclear,null,,0.5240889640543395
noclear,null,,0.622728798558268
noclear,null,,0.3937405759736983
noclear,null,,0.32522791858704864
noclear,null,,0.5695062646369213
noclear,null,,0.37669120140279566
noclear,null,,0.5160545925803762
noclear,null,,0.3397041365527225
noclear,null,,0.400250059514889
noclear,null,,0.2233614465449299
noclear,null,,0.4016469825998974
noclear,null,,0.5018980044701082
noclear,null,,0.29336375716585306
noclear,null,,0.3362980708880234
noclear,null,,0.41259111707725205
noclear,null,,0.44308295704821904
noclear,null,,0.41140793589698776
noclear,null,,0.22007194328401963
noclear,null,,0.39844080392876985
noclear,null,,0.2095735582264101
noclear,null,,0.41326571295077746
noclear,null,,0.4652825384480905
noclear,null,,0.41386084829646325
noclear,null,,0.5828064270624808
noclear,null,,0.5240889640543395
noclear,null,,0.37126231116094655
noclear,null,,0.3711252020075645
noclear,null,,0.36767757644037
noclear,null,,0.3237565806142864
noclear,null,,0.46365361368167296
noclear,null,,0.42074879052708936
noclear,null,,0.49935387553671035
noclear,null,,0.5496437999995006
noclear,null,,0.4463271236168651
noclear,null,,0.4132309168978681
noclear,null,,0.3857096758557716
noclear,null,,0.36456517932174654
noclear,null,,0.3141634056012005
noclear,null,,0.4016506351085173
noclear,null,,0.3397132546695699
noclear,null,,0.5174514874179674
noclear,null,,0.33121434214144846
noclear,null,,0.46887776848522716
noclear,null,,0.2870997888409182
noclear,null,,0.26580249041387505
noclear,null,,0.2975191528948422
noclear,null,,0.395304353276494
noclear,null,,0.5822720669111026
noclear,null,,0.2655981183971062
noclear,null,,0.6203992924891304
noclear,null,,0.28481085517650745
noclear,null,,0.296087606927103
noclear,null,,0.26820367533121575
noclear,null,,0.20475355269127402
noclear,null,,0.34476064854425015
noclear,null,,0.4184214841097646
noclear,null,,0.3980091314027936
noclear,null,,0.40980186261780305
noclear,null,,0.33470993549325384
noclear,null,,0.5014995904455126
noclear,null,,0.41623599965829705
noclear,null,,0.20718445272589656
noclear,null,,0.2915631662267202
noclear,null,,0.3920505664658511
noclear,null,,0.3900544549000421
noclear,null,,0.2794378748883043
noclear,null,,0.3775664922063721
noclear,null,,0.46887776848522716
noclear,null,,0.29336375716585306
noclear,null,,0.45047985601043244
noclear,null,,0.5773276333443693
noclear,null,,0.4805791940645182
noclear,null,,0.21126921846783306
noclear,null,,0.3414592611191969
noclear,null,,0.4584156272590839
noclear,null,,0.313443580815016
noclear,null,,0.1958110892962071
noclear,null,,0.40589660643887765
noclear,null,,0.5275967281998405
noclear,null,,0.4805791940645182
noclear,null,,0.34650297525747215
noclear,null,,0.39131813560080664
noclear,null,,0.3059597686351932
noclear,null,,0.400250059514889
noclear,null,,0.400250059514889
noclear,null,,0.22645496249274744
noclear,null,,0.2908594307346496
noclear,null,,0.3419534426628254
noclear,null,,0.3757579059348875
noclear,null,,0.3720822569689135
noclear,null,,0.3724889743933169
noclear,null,,0.5321762589148499
noclear,null,,0.4189821919032572
noclear,null,,0.3920505664658511
noclear,null,,0.48107341825659294
noclear,null,,0.5609401921899795
noclear,null,,0.4444826607766492
noclear,null,,0.405966137373234
noclear,null,,0.3745181719297579
noclear,null,,0.38163510192263
noclear,null,,0.22634678318588256
noclear,null,,0.4939147042614181
noclear,null,,0.5417050482771895
noclear,null,,0.5391931520164398
noclear,null,,0.47208082006967256
noclear,null,,0.5386211539053061
noclear,null,,0.4095791552892313
noclear,null,,0.652983425208893
noclear,null,,0.3887032652405551
noclear,null,,0.4387451936613604
noclear,null,,0.4142813463408633
noclear,null,,0.46524811565958324
noclear,null,,0.46887776848522716
noclear,null,,0.3278619982335977
noclear,null,,0.3486317476783292
noclear,null,,0.2317081028115558
noclear,null,,0.6716208725131165
noclear,null,,0.49275345657441183
noclear,null,,0.37681565116961113
noclear,null,,0.35164635514292125
noclear,null,,0.35856971667757165
noclear,null,,0.3652521934102301
noclear,null,,0.5099282579846918
noclear,null,,0.390538721826914
noclear,null,,0.225339246572833
noclear,null,,0.4400080719284482
noclear,null,,0.4248465451923422
noclear,null,,0.3383877899218245
noclear,null,,0.35164635514292125
noclear,null,,0.1659166011221531
noclear,null,,0.41495992225878314
noclear,null,,0.38978557807200404
noclear,null,,0.5371555260841702
noclear,null,,0.26598841673086904
noclear,null,,0.33680071409219775
noclear,null,,0.3278619982335977
noclear,null,,0.5625350480012177
noclear,null,,0.3598819325831967
noclear,null,,0.3913849537010291
noclear,null,,0.45897519963279937
noclear,null,,0.5960908830544905
noclear,null,,0.3775664922063721
noclear,null,,0.4300834053555451
noclear,null,,0.39156135753298915
noclear,null,,0.2570520230788857
noclear,null,,0.4805791940645182
noclear,null,,0.3937101324576081
noclear,null,,0.36406115443406634
noclear,null,,0.48107341825659294
noclear,null,,0.36706810002430373
noclear,null,,0.4091458891909098
noclear,null,,0.41076959749346525
noclear,null,,0.4553320364915776
noclear,null,,0.31164686817216913
noclear,null,,0.45541162203741226
noclear,null,,0.3545818915672678
noclear,null,,0.20110779682649074
noclear,null,,0.4016506351085173
noclear,null,,0.34484407013349144
noclear,null,,0.5240889640543395
noclear,null,,0.4194970852601613
noclear,null,,0.4599507648863591
noclear,null,,0.3436491173331957
noclear,null,,0.5014995904455126
noclear,null,,0.3986275224308642
noclear,null,,0.395304353276494
noclear,null,,0.4095791552892313
noclear,null,,0.3501128679809651
noclear,null,,0.46795092379374464
noclear,null,,0.39318658826218034
noclear,null,,0.46583651322029135
noclear,null,,0.26820367533121575
noclear,null,,0.3720822569689135
noclear,null,,0.36939263132127564
noclear,null,,0.34161332620239093
noclear,null,,0.27183725306222556
noclear,null,,0.6298016441222858
noclear,null,,0.3964804042093639
noclear,null,,0.32408250080893464
noclear,null,,0.503284508179569
noclear,null,,0.313443580815016
noclear,null,,0.3016735421077365
noclear,null,,0.3975469475499199
noclear,null,,0.3459583732177418
noclear,null,,0.38176141429335986
noclear,null,,0.4385815430746489
noclear,null,,0.3775350494275719
noclear,null,,0.4516264689919627
noclear,null,,0.2628944603747403
noclear,null,,0.3841387231659001
noclear,null,,0.47443198483343574
noclear,null,,0.540599498047965
noclear,null,,0.23832319716130057
noclear,null,,0.3436491173331957
noclear,null,,0.37126231116094655
noclear,null,,0.4280932997580752
noclear,null,,0.21786003949666397
noclear,null,,0.5052889374082569
noclear,null,,0.393538570005334
noclear,null,,0.5795763915716001
noclear,null,,0.4385815430746489
noclear,null,,0.37045923475311804
noclear,null,,0.46524811565958324
noclear,null,,0.30469813756251013
noclear,null,,0.38251428663744697
noclear,null,,0.33730217918114075
noclear,null,,0.28145737868568343
noclear,null,,0.5630692028311283
noclear,null,,0.37774240908525974
noclear,null,,0.30458258109612496
noclear,null,,0.34476064854425015
noclear,null,,0.2659222100301351
noclear,null,,0.3860148421482589
noclear,null,,0.4471098701028996
noclear,null,,0.45355464752264263
noclear,null,,0.5589073115997302
noclear,null,,0.23469809887215204
noclear,null,,0.3504293850904704
noclear,null,,0.2446895223984483
noclear,null,,0.32514819068964873
noclear,null,,0.2868739939102056
noclear,null,,0.33007994110354066
noclear,null,,0.47208082006967256
noclear,null,,0.38741742847576904
noclear,null,,0.43739598651012124
noclear,null,,0.42369785225562073
noclear,null,,0.4948768344159995
noclear,null,,0.24890092097311858
noclear,null,,0.32398715541297024
noclear,null,,0.2317081028115558
noclear,null,,0.4757914447602732
noclear,null,,0.4584156272590839
noclear,null,,0.35320017999053516
noclear,null,,0.22053914200994182
noclear,null,,0.398724759424947
noclear,null,,0.4584156272590839
noclear,null,,0.48570722984120046
noclear,null,,0.38978557807200404
noclear,null,,0.4157896820482593
noclear,null,,0.361022522932958
noclear,null,,0.6346298241748033
noclear,null,,0.4989194565386196
noclear,null,,0.43012944977042533
noclear,null,,0.3397132546695699
noclear,null,,0.2794378748883043
noclear,null,,0.5914181060104716
noclear,null,,0.3473139560073771
noclear,null,,0.3720822569689135
noclear,null,,0.48861785608249847
noclear,null,,0.47668615569151906
noclear,null,,0.4652825384480905
noclear,null,,0.5156064898312923
noclear,null,,0.4683751759307789
noclear,null,,0.35320017999053516
noclear,null,,0.36406115443406634
noclear,null,,0.4194970852601613
noclear,null,,0.6676073015653741
noclear,null,,0.3306589919375799
noclear,null,,0.4912608815512822
noclear,null,,0.48570722984120046
noclear,null,,0.508071754174214
noclear,null,,0.46743707698318626
noclear,null,,0.4764259876523724
noclear,null,,0.40777309434024694
noclear,null,,0.5099282579846918
noclear,null,,0.44308295704821904
noclear,null,,0.2986100147251663
noclear,null,,0.36603562625960306
noclear,null,,0.5373748231542771
noclear,null,,0.3887032652405551
noclear,null,,0.3775350494275719
noclear,null,,0.4097377262332341
noclear,null,,0.394346373844426
noclear,null,,0.39532466395373267
noclear,null,,0.3175674880923466
noclear,null,,0.5192346201575689
noclear,null,,0.4295143108586839
noclear,null,,0.32715677542519817
noclear,null,,0.34135349304382084
noclear,null,,0.5296705270585881
noclear,null,,0.4782891081623979
noclear,null,,0.3869052809610406
noclear,null,,0.4470647881973704
noclear,null,,0.33680071409219775
noclear,null,,0.441920813576402
noclear,null,,0.39131813560080664
noclear,null,,0.4048421677954157
noclear,null,,0.5109501615273521
noclear,null,,0.46061805609163164
noclear,null,,0.3802319547503981
noclear,null,,0.6020783131264066
noclear,null,,0.3900544549000421
noclear,null,,0.44575145063861366
noclear,null,,0.3176845772790866
noclear,null,,0.3814270241815144
noclear,null,,0.33369248535158985
noclear,null,,0.29980874773893806
noclear,null,,0.33878918111349415
noclear,null,,0.4600033441433671
noclear,null,,0.3513652080845148
noclear,null,,0.36436482160924755
noclear,null,,0.35415612329688784
noclear,null,,0.43108760642587257
noclear,null,,0.5323388717508732
noclear,null,,0.3375194814508665
noclear,null,,0.41196811338775824
noclear,null,,0.4478472197681338
noclear,null,,0.28769881835460936
noclear,null,,0.4652825384480905
noclear,null,,0.38741742847576904
noclear,null,,0.5104346788548927
noclear,null,,0.3486317476783292
noclear,null,,0.441920813576402
noclear,null,,0.5981477057778962
noclear,null,,0.49326382100995925
noclear,null,,0.26730919842427875
noclear,null,,0.6203992924891304
noclear,null,,0.36244291967070613
noclear,null,,0.3986275224308642
noclear,null,,0.3643268807029921
noclear,null,,0.37774240908525974
noclear,null,,0.47668615569151906
noclear,null,,0.35960878491033876
noclear,null,,0.5181514329157445
noclear,null,,0.398724759424947
noclear,null,,0.2726953688582565
noclear,null,,0.3986275224308642
noclear,null,,0.3711252020075645
noclear,null,,0.405966137373234
noclear,null,,0.3913849537010291
noclear,null,,0.22007194328401963
noclear,null,,0.39476029533394713
noclear,null,,0.321481209580017
noclear,null,,0.5160545925803762
noclear,null,,0.41108594728921477
noclear,null,,0.5167953322844213
noclear,null,,0.34495351708202865
noclear,null,,0.48107341825659294
noclear,null,,0.36935504427726495
noclear,null,,0.4162079680432137
noclear,null,,0.5014995904455126
noclear,null,,0.6345061500137852
noclear,null,,0.32495376184784525
noclear,null,,0.4162079680432137
noclear,null,,0.3708168201901523
noclear,null,,0.313443580815016
noclear,null,,0.5955497029332005
noclear,null,,0.5296705270585881
noclear,null,,0.33007994110354066
noclear,null,,0.3900544549000421
noclear,null,,0.5104346788548927
noclear,null,,0.3013622124141558
noclear,null,,0.538641484161761
noclear,null,,0.4782891081623979
noclear,null,,0.4757914447602732
noclear,null,,0.19079857698556735
noclear,null,,0.2730198557869823
noclear,null,,0.31622690162169276
noclear,null,,0.5386211539053061
noclear,null,,0.34722843653179775
noclear,null,,0.40856762229635774
noclear,null,,0.36231212942156404
noclear,null,,0.45899803480756135
noclear,null,,0.3913849537010291
noclear,null,,0.33380294386041137
noclear,null,,0.21256400899011366
noclear,null,,0.3598819325831967
noclear,null,,0.4171052197578268
noclear,null,,0.4459891553838512
noclear,null,,0.2726953688582565
noclear,null,,0.5795763915716001
noclear,null,,0.38024966917881076
noclear,null,,0.32636044679920506
noclear,null,,0.35320017999053516
noclear,null,,0.5109501615273521
noclear,null,,0.4516264689919627
noclear,null,,0.29491798076022147
noclear,null,,0.4031463209604772
noclear,null,,0.38978557807200404
noclear,null,,0.32514819068964873
noclear,null,,0.23874465695076177
noclear,null,,0.48382900126100703
noclear,null,,0.41140793589698776
noclear,null,,0.44308295704821904
noclear,null,,0.5134907462105331
noclear,null,,0.36244291967070613
noclear,null,,0.4142813463408633
noclear,null,,0.405966137373234
noclear,null,,0.44308295704821904
noclear,null,,0.5296705270585881
noclear,null,,0.37669120140279566
noclear,null,,0.24715819846904785
noclear,null,,0.34881366640446787
noclear,null,,0.4012387896499935
noclear,null,,0.4363232127928214
noclear,null,,0.5417050482771895
noclear,null,,0.2983957313907904
noclear,null,,0.36767757644037
noclear,null,,0.3414592611191969
noclear,null,,0.44650995232534546
noclear,null,,0.4490496434942233
noclear,null,,0.4516264689919627
noclear,null,,0.44517910388484444
noclear,null,,0.453169212181018
noclear,null,,0.5099282579846918
noclear,null,,0.5755581158411539
noclear,null,,0.3545818915672678
noclear,null,,0.37774240908525974
noclear,null,,0.38158470032215475
noclear,null,,0.45337906071940526
noclear,null,,0.4186834720773697
noclear,null,,0.3708168201901523
noclear,null,,0.3688095520314373
noclear,null,,0.276372376226676
noclear,null,,0.32715677542519817
noclear,null,,0.3937405759736983
noclear,null,,0.2838625147321852
noclear,null,,0.46887776848522716
noclear,null,,0.31736619978085434
noclear,null,,0.4244022304450348
noclear,null,,0.34476064854425015
noclear,null,,0.3913849537010291
noclear,null,,0.6603349612333964
noclear,null,,0.2786561096801041
noclear,null,,0.5847057645523318
noclear,null,,0.3397041365527225
noclear,null,,0.31872521233977946
noclear,null,,0.5373748231542771
noclear,null,,0.34650297525747215
noclear,null,,0.46207243534166387
noclear,null,,0.28145737868568343
noclear,null,,0.3964804042093639
noclear,null,,0.3150535038759795
noclear,null,,0.1644120826432528
noclear,null,,0.3172073766173854
noclear,null,,0.3357212461074378
noclear,null,,0.3284208954519266
noclear,null,,0.4740099594924038
noclear,null,,0.6716208725131165
noclear,null,,0.44065202945018445
noclear,null,,0.2993402856060789
noclear,null,,0.36767757644037
noclear,null,,0.4478472197681338
noclear,null,,0.4624664662455833
noclear,null,,0.3155087676071128
noclear,null,,0.48192638285741635
noclear,null,,0.2688732767680401
noclear,null,,0.34986727329171674
noclear,null,,0.4295143108586839
noclear,null,,0.2908804051516647
noclear,null,,0.4719977689199771
noclear,null,,0.41495992225878314
noclear,null,,0.41076959749346525
noclear,null,,0.3496558534790543
noclear,null,,0.28769881835460936
noclear,null,,0.4599507648863591
noclear,null,,0.46887776848522716
noclear,null,,0.44065202945018445
noclear,null,,0.45047985601043244
noclear,null,,0.41140793589698776
noclear,null,,0.522944147494387
noclear,null,,0.3920505664658511
noclear,null,,0.3459583732177418
noclear,null,,0.26809614707584306
noclear,null,,0.33730217918114075
noclear,null,,0.5755581158411539
noclear,null,,0.3351413553259293
noclear,null,,0.36244291967070613
noclear,null,,0.5085192146077799
noclear,null,,0.28481085517650745
noclear,null,,0.539768334459073
noclear,null,,0.4159442253604377
noclear,null,,0.40419380516328035
noclear,null,,0.38176141429335986
noclear,null,,0.49275345657441183
noclear,null,,0.26809614707584306
noclear,null,,0.3291683911302241
noclear,null,,0.3892501034099357
noclear,null,,0.3869052809610406
noclear,null,,0.3910677113947779
noclear,null,,0.4233524715862101
noclear,null,,0.34881366640446787
noclear,null,,0.622728798558268
noclear,null,,0.3642720038714985
noclear,null,,0.21325917350952375
noclear,null,,0.4471098701028996
noclear,null,,0.29980874773893806
noclear,null,,0.3708168201901523
noclear,null,,0.47438595670299954
noclear,null,,0.38251428663744697
noclear,null,,0.2730198557869823
noclear,null,,0.47438595670299954
noclear,null,,0.39844080392876985
noclear,null,,0.36767757644037
noclear,null,,0.383257580819267
noclear,null,,0.35992009820073223
noclear,null,,0.28004392594603955
noclear,null,,0.33007994110354066
noclear,null,,0.4323918554964224
noclear,null,,0.33680071409219775
noclear,null,,0.27183725306222556
noclear,null,,0.45047985601043244
noclear,null,,0.40980186261780305
noclear,null,,0.4231170394276693
noclear,null,,0.4778583566734322
noclear,null,,0.30687333445644255
noclear,null,,0.44789674737280255
noclear,null,,0.5002654016436248
noclear,null,,0.56892112616551
noclear,null,,0.4805786233829271
noclear,null,,0.3710495908794132
noclear,null,,0.3802319547503981
noclear,null,,0.4458675931157939
noclear,null,,0.4459891553838512
noclear,null,,0.4764259876523724
noclear,null,,0.7204293461669632
noclear,null,,0.5296705270585881
noclear,null,,0.3652521934102301
noclear,null,,0.3486317476783292
noclear,null,,0.4170327347582735
noclear,null,,0.29224599959661
noclear,null,,0.2983957313907904
noclear,null,,0.3947735127148019
noclear,null,,0.22612834305678609
noclear,null,,0.3884888478198412
noclear,null,,0.21126921846783306
noclear,null,,0.33054128073732963
noclear,null,,0.288069667610861
noclear,null,,0.3473139560073771
noclear,null,,0.5709560236181279
noclear,null,,0.3652521934102301
noclear,null,,0.33470993549325384
noclear,null,,0.42369785225562073
noclear,null,,0.44730917148550664
noclear,null,,0.37181300230153125
noclear,null,,0.4157896820482593
noclear,null,,0.27918437888177794
noclear,null,,0.4444826607766492
noclear,null,,0.5828064270624808
noclear,null,,0.4624664662455833
noclear,null,,0.502090945543101
noclear,null,,0.6685450234743145
noclear,null,,0.6445534775260866
noclear,null,,0.4189821919032572
noclear,null,,0.5358227530320266
noclear,null,,0.30905603246966845
noclear,null,,0.28004392594603955
noclear,null,,0.41259111707725205
noclear,null,,0.1839801438887931
noclear,null,,0.3122264407828637
noclear,null,,0.395304353276494
noclear,null,,0.332346392920747
noclear,null,,0.7377712931228656
noclear,null,,0.4132309168978681
noclear,null,,0.16698331527129134
noclear,null,,0.33369248535158985
noclear,null,,0.33474247074313257
noclear,null,,0.40202412559511197
noclear,null,,0.48107341825659294
noclear,null,,0.3835237571587384
noclear,null,,0.48570722984120046
noclear,null,,0.45541162203741226
noclear,null,,0.7372952448279804
noclear,null,,0.390538721826914
noclear,null,,0.3278619982335977
noclear,null,,0.5822720669111026
noclear,null,,0.3857096758557716
noclear,null,,0.4989194565386196
noclear,null,,0.33380294386041137
noclear,null,,0.33878918111349415
noclear,null,,0.3284208954519266
noclear,null,,0.499873622630547
noclear,null,,0.29980874773893806
noclear,null,,0.4363232127928214
noclear,null,,0.6957607107729852
noclear,null,,0.41433869400987056
noclear,null,,0.5625350480012177
noclear,null,,0.5371555260841702
noclear,null,,0.40856762229635774
noclear,null,,0.3176845772790866
noclear,null,,0.26580249041387505
noclear,null,,0.4471098701028996
noclear,null,,0.42397695381791584
noclear,null,,0.303032402038163
noclear,null,,0.2115207938354686
noclear,null,,0.45400405600528043
noclear,null,,0.3887032652405551
noclear,null,,0.20718445272589656
noclear,null,,0.41601295980018466
noclear,null,,0.36456517932174654
noclear,null,,0.32875965942169744
noclear,null,,0.38978557807200404
noclear,null,,0.4471098701028996
noclear,null,,0.30009022592144025
noclear,null,,0.3490812412552217
noclear,null,,0.5085192146077799
noclear,null,,0.3920505664658511
noclear,null,,0.34794733265577604
noclear,null,,0.4323918554964224
noclear,null,,0.3599416622673362
noclear,null,,0.43012944977042533
noclear,null,,0.4939147042614181
noclear,null,,0.43012944977042533
noclear,null,,0.2659222100301351
noclear,null,,0.383257580819267
noclear,null,,0.2528721009868882
noclear,null,,0.3920505664658511
noclear,null,,0.3504293850904704
noclear,null,,0.5469928912017954
noclear,null,,0.3795072694523084
noclear,null,,0.46649085998558665
noclear,null,,0.4719772135063565
noclear,null,,0.2317081028115558
noclear,null,,0.37506654589782223
noclear,null,,0.15583381746545796
noclear,null,,0.4915866604706807
noclear,null,,0.34815973141743667
noclear,null,,0.3545818915672678
noclear,null,,0.24291587923281094
noclear,null,,0.42397695381791584
noclear,null,,0.4363720781982838
noclear,null,,0.321481209580017
noclear,null,,0.5888785207150509
noclear,null,,0.34476064854425015
noclear,null,,0.4165543853704141
noclear,null,,0.5391931520164398
noclear,null,,0.49935387553671035
noclear,null,,0.41433869400987056
noclear,null,,0.5609401921899795
noclear,null,,0.34495351708202865
noclear,null,,0.5034054051118185
noclear,null,,0.40856762229635774
noclear,null,,0.3986275224308642
noclear,null,,0.4733343776795806
noclear,null,,0.33301813953772647
noclear,null,,0.34070110740901594
noclear,null,,0.47443198483343574
noclear,null,,0.5007484268615883
noclear,null,,0.21126921846783306
noclear,null,,0.3345526896489969
noclear,null,,0.4157896820482593
noclear,null,,0.3803419028939591
noclear,null,,0.3775664922063721
noclear,null,,0.5584676159299632
noclear,null,,0.6148150394623181
noclear,null,,0.43739598651012124
noclear,null,,0.29262044747758253
noclear,null,,0.41386084829646325
noclear,null,,0.41140793589698776
noclear,null,,0.4171052197578268
noclear,null,,0.33657571142626824
noclear,null,,0.46524811565958324
noclear,null,,0.2688084947453046
noclear,null,,0.5373748231542771
noclear,null,,0.3803419028939591
noclear,null,,0.5609401921899795
noclear,null,,0.26730919842427875
noclear,null,,0.3745181719297579
noclear,null,,0.3172073766173854
noclear,null,,0.33121434214144846
noclear,null,,0.30687333445644255
noclear,null,,0.5676183831626124
noclear,null,,0.4338150575225822
noclear,null,,0.383257580819267
noclear,null,,0.4624664662455833
noclear,null,,0.2942931228537646
noclear,null,,0.4542177238005239
noclear,null,,0.28481085517650745
noclear,null,,0.3237565806142864
noclear,null,,0.34815973141743667
noclear,null,,0.32527086375119435
noclear,null,,0.4618858752250941
noclear,null,,0.37444809204584056
noclear,null,,0.3368538417702551
noclear,null,,0.4132309168978681
noclear,null,,0.4463271236168651
noclear,null,,0.37181300230153125
noclear,null,,0.5584676159299632
noclear,null,,0.37506654589782223
noclear,null,,0.4463271236168651
noclear,null,,0.3059597686351932
noclear,null,,0.44517910388484444
noclear,null,,0.4097377262332341
noclear,null,,0.35320017999053516
noclear,null,,0.4400080719284482
noclear,null,,0.3937405759736983
noclear,null,,0.4385815430746489
noclear,null,,0.6660995802455297
noclear,null,,0.550386545987669
noclear,null,,0.4142813463408633
noclear,null,,0.3900544549000421
noclear,null,,0.33121434214144846
noclear,null,,0.3617559405496234
noclear,null,,0.32408250080893464
noclear,null,,0.4338150575225822
noclear,null,,0.3397041365527225
noclear,null,,0.3383877899218245
noclear,null,,0.37253832877274595
noclear,null,,0.4757914447602732
noclear,null,,0.35320017999053516
noclear,null,,0.5218142742945807
noclear,null,,0.3937405759736983
noclear,null,,0.538641484161761
noclear,null,,0.2655981183971062
noclear,null,,0.4691923398053215
noclear,null,,0.3986275224308642
noclear,null,,0.3971341628005535
noclear,null,,0.4740099594924038
noclear,null,,0.33054128073732963
noclear,null,,0.5857476102557422
noclear,null,,0.42876130823183695
noclear,null,,0.2942931228537646
noclear,null,,0.36231212942156404
noclear,null,,0.2731772548500826
noclear,null,,0.5007484268615883
noclear,null,,0.4194970852601613
noclear,null,,0.4031463209604772
noclear,null,,0.3513652080845148
noclear,null,,0.28481085517650745
noclear,null,,0.29491798076022147
noclear,null,,0.32495376184784525
noclear,null,,0.4295143108586839
noclear,null,,0.38163510192263
noclear,null,,0.2915631662267202
noclear,null,,0.21786003949666397
noclear,null,,0.42320711035284864
noclear,null,,0.5296705270585881
noclear,null,,0.33825968062598977
noclear,null,,0.26629181465368096
noclear,null,,0.41433869400987056
noclear,null,,0.24998953546661237
noclear,null,,0.44065202945018445
noclear,null,,0.3841387231659001
noclear,null,,0.24866396926189327
noclear,null,,0.39844080392876985
noclear,null,,0.20475355269127402
noclear,null,,0.393538570005334
noclear,null,,0.37181300230153125
noclear,null,,0.4233524715862101
noclear,null,,0.5412104563268214
noclear,null,,0.45563712476969
noclear,null,,0.2591559726486253
noclear,null,,0.34495351708202865
noclear,null,,0.5373748231542771
noclear,null,,0.3155087676071128
noclear,null,,0.4526515741643317
noclear,null,,0.4575865791440983
noclear,null,,0.4526515741643317
noclear,null,,0.4168705088551364
noclear,null,,0.4280932997580752
noclear,null,,0.3742653994804349
noclear,null,,0.5510227718657179
noclear,null,,0.21786003949666397
noclear,null,,0.3155087676071128
noclear,null,,0.44065202945018445
noclear,null,,0.32244415165062584
noclear,null,,0.37045923475311804
noclear,null,,0.43739598651012124
noclear,null,,0.4516264689919627
noclear,null,,0.3905355420730317
noclear,null,,0.2709681069159822
noclear,null,,0.3795072694523084
noclear,null,,0.29262044747758253
noclear,null,,0.4419689497674325
noclear,null,,0.3742653994804349
noclear,null,,0.3358240759071015
noclear,null,,0.522944147494387
noclear,null,,0.2999648747961707
noclear,null,,0.5651746383034826
noclear,null,,0.4778583566734322
noclear,null,,0.40419380516328035
noclear,null,,0.2975191528948422
noclear,null,,0.2942931228537646
noclear,null,,0.35462458312010625
noclear,null,,0.45047985601043244
noclear,null,,0.26583890004391064
noclear,null,,0.37253832877274595
noclear,null,,0.47950887531180875
noclear,null,,0.2688732767680401
noclear,null,,0.46649085998558665
noclear,null,,0.4470647881973704
noclear,null,,0.20443641801353687
noclear,null,,0.36456517932174654
noclear,null,,0.2796168903889476
noclear,null,,0.4543097869660427
noclear,null,,0.5275838963840674
noclear,null,,0.25549192082450445
noclear,null,,0.47950887531180875
noclear,null,,0.39131813560080664
noclear,null,,0.22413979402849576
noclear,null,,0.40265902464363995
noclear,null,,0.41433869400987056
noclear,null,,0.5045764435741497
noclear,null,,0.5301750952190009
noclear,null,,0.5173751990804085
noclear,null,,0.5104346788548927
noclear,null,,0.4132309168978681
noclear,null,,0.39010826990849284
noclear,null,,0.4622851184940741
noclear,null,,0.43763120668075833
noclear,null,,0.4005616384868832
noclear,null,,0.38769818412321394
noclear,null,,0.44215747506283737
noclear,null,,0.40856762229635774
noclear,null,,0.5134907462105331
noclear,null,,0.5529779575022521
noclear,null,,0.33470993549325384
noclear,null,,0.41076959749346525
noclear,null,,0.3237565806142864
noclear,null,,0.32514819068964873
noclear,null,,0.4400080719284482
noclear,null,,0.34135349304382084
noclear,null,,0.36406115443406634
noclear,null,,0.34161332620239093
noclear,null,,0.4458675931157939
noclear,null,,0.3986275224308642
noclear,null,,0.3723051050698331
noclear,null,,0.32667358507382854
noclear,null,,0.4471602983586167
noclear,null,,0.40777309434024694
noclear,null,,0.5924104550437533
noclear,null,,0.43108760642587257
noclear,null,,0.5955497029332005
noclear,null,,0.501343800151441
noclear,null,,0.36603562625960306
noclear,null,,0.28953228225938127
noclear,null,,0.41196811338775824
noclear,null,,0.2576394004515996
noclear,null,,0.3841387231659001
noclear,null,,0.3814270241815144
noclear,null,,0.5471531518140696
noclear,null,,0.3284208954519266
noclear,null,,0.4459891553838512
noclear,null,,0.3860148421482589
noclear,null,,0.3688095520314373
noclear,null,,0.2971649273513676
noclear,null,,0.5447173935973705
noclear,null,,0.43431219492880396
noclear,null,,0.21786003949666397
noclear,null,,0.2731772548500826
noclear,null,,0.4691923398053215
noclear,null,,0.3168046549946385
noclear,null,,0.35462458312010625
noclear,null,,0.4912608815512822
noclear,null,,0.35231447825276885
noclear,null,,0.5181514329157445
noclear,null,,0.41433869400987056
noclear,null,,0.28769881835460936
noclear,null,,0.405966137373234
noclear,null,,0.2993402856060789
noclear,null,,0.41140793589698776
noclear,null,,0.4584156272590839
noclear,null,,0.47627173096834924
noclear,null,,0.3291683911302241
noclear,null,,0.5391519182565173
noclear,null,,0.34161332620239093
noclear,null,,0.3814270241815144
noclear,null,,0.5002654016436248
noclear,null,,0.395304353276494
noclear,null,,0.5471531518140696
noclear,null,,0.4363232127928214
noclear,null,,0.3701840265731528
noclear,null,,0.46772640332058435
noclear,null,,0.3701840265731528
noclear,null,,0.35462458312010625
noclear,null,,0.2317081028115558
noclear,null,,0.4295143108586839
noclear,null,,0.2807770257306618
noclear,null,,0.3905355420730317
noclear,null,,0.4764259876523724
noclear,null,,0.6791523389712237
noclear,null,,0.4899137472697419
noclear,null,,0.48107341825659294
noclear,null,,0.5852808915724662
noclear,null,,0.5426654818128684
noclear,null,,0.5832899046714067
noclear,null,,0.5192346201575689
noclear,null,,0.383257580819267
noclear,null,,0.3414592611191969
noclear,null,,0.3397132546695699
noclear,null,,0.5045764435741497
noclear,null,,0.22007194328401963
noclear,null,,0.6367222950200132
noclear,null,,0.2123028086044583
noclear,null,,0.390538721826914
noclear,null,,0.4624664662455833
noclear,null,,0.41140793589698776
noclear,null,,0.5923201232453521
noclear,null,,0.37576920151365245
noclear,null,,0.38753278306812605
noclear,null,,0.38024966917881076
noclear,null,,0.5103353748091178
noclear,null,,0.29980874773893806
noclear,null,,0.3975469475499199
noclear,null,,0.45897519963279937
noclear,null,,0.6986443270512663
noclear,null,,0.5570188486449498
noclear,null,,0.4171052197578268
noclear,null,,0.2591559726486253
noclear,null,,0.31736619978085434
noclear,null,,0.557773482962968
noclear,null,,0.296087606927103
noclear,null,,0.45047985601043244
noclear,null,,0.4048421677954157
noclear,null,,0.6670826227005583
noclear,null,,0.4184214841097646
noclear,null,,0.4928705800458166
noclear,null,,0.3072389933907247
noclear,null,,0.40579431703405744
noclear,null,,0.5570188486449498
noclear,null,,0.24890092097311858
noclear,null,,0.3513652080845148
noclear,null,,0.29336375716585306
noclear,null,,0.3617559405496234
noclear,null,,0.276372376226676
noclear,null,,0.361022522932958
noclear,null,,0.20238763472246984
noclear,null,,0.33688751685109525
noclear,null,,0.1715561579781164
noclear,null,,0.46072576499218315
noclear,null,,0.3362980708880234
noclear,null,,0.4691923398053215
noclear,null,,0.3947735127148019
noclear,null,,0.4683751759307789
noclear,null,,0.37181300230153125
noclear,null,,0.40202412559511197
noclear,null,,0.3396974123491127
noclear,null,,0.3742653994804349
noclear,null,,0.46649085998558665
noclear,null,,0.3676809059498299
noclear,null,,0.5695062646369213
noclear,null,,0.3723051050698331
noclear,null,,0.41140793589698776
noclear,null,,0.2865491936955769
noclear,null,,0.33680071409219775
noclear,null,,0.44789674737280255
noclear,null,,0.3155087676071128
noclear,null,,0.4130829046862196
noclear,null,,0.2688732767680401
noclear,null,,0.5960908830544905
noclear,null,,0.2591559726486253
noclear,null,,0.5156064898312923
noclear,null,,0.34283022880522285
noclear,null,,0.32527086375119435
noclear,null,,0.4419689497674325
noclear,null,,0.3335895045493511
noclear,null,,0.36603562625960306
noclear,null,,0.32667358507382854
noclear,null,,0.4599507648863591
noclear,null,,0.2659222100301351
noclear,null,,0.40248231072480267
noclear,null,,0.3652521934102301
noclear,null,,0.6020783131264066
noclear,null,,0.24059102900409765
noclear,null,,0.3545818915672678
noclear,null,,0.29262044747758253
noclear,null,,0.5690121845545878
noclear,null,,0.3072389933907247
noclear,null,,0.4157896820482593
noclear,null,,0.4575865791440983
noclear,null,,0.3368833766531909
noclear,null,,0.40777309434024694
noclear,null,,0.32667358507382854
noclear,null,,0.36456517932174654
noclear,null,,0.390538721826914
noclear,null,,0.3459583732177418
noclear,null,,0.28481085517650745
noclear,null,,0.46887776848522716
noclear,null,,0.42074879052708936
noclear,null,,0.39010826990849284
noclear,null,,0.599600460710681
noclear,null,,0.5540099646958259
noclear,null,,0.3969425264021624
noclear,null,,0.2591559726486253
noclear,null,,0.4300834053555451
noclear,null,,0.46524811565958324
noclear,null,,0.6802413984593989
noclear,null,,0.3652521934102301
noclear,null,,0.393538570005334
noclear,null,,0.32514819068964873
noclear,null,,0.35992009820073223
noclear,null,,0.5275967281998405
noclear,null,,0.48192638285741635
noclear,null,,0.41196811338775824
noclear,null,,0.2659222100301351
noclear,null,,0.37045923475311804
noclear,null,,0.4575865791440983
noclear,null,,0.2115207938354686
noclear,null,,0.4542177238005239
noclear,null,,0.39188395999681036
noclear,null,,0.4057995087874882
noclear,null,,0.3335895045493511
noclear,null,,0.6640290736693377
noclear,null,,0.22612834305678609
noclear,null,,0.313443580815016
noclear,null,,0.4016506351085173
noclear,null,,0.4363720781982838
noclear,null,,0.41196811338775824
noclear,null,,0.5790140155788587
noclear,null,,0.22634678318588256
noclear,null,,0.508071754174214
noclear,null,,0.33474247074313257
noclear,null,,0.3149189571442311
noclear,null,,0.3414592611191969
noclear,null,,0.3986275224308642
noclear,null,,0.2532854418061674
noclear,null,,0.4005616384868832
noclear,null,,0.32398715541297024
noclear,null,,0.405966137373234
noclear,null,,0.34722843653179775
noclear,null,,0.49275345657441183
noclear,null,,0.32715677542519817
noclear,null,,0.29980874773893806
noclear,null,,0.5465743163402943
noclear,null,,0.3795072694523084
noclear,null,,0.4016469825998974
noclear,null,,0.34650297525747215
noclear,null,,0.6346298241748033
noclear,null,,0.4338150575225822
noclear,null,,0.5428023442323542
noclear,null,,0.47864866583229504
noclear,null,,0.3291683911302241
noclear,null,,0.2644448026735948
noclear,null,,0.33369248535158985
noclear,null,,0.321481209580017
noclear,null,,0.3176845772790866
noclear,null,,0.3841387231659001
noclear,null,,0.29980874773893806
noclear,null,,0.5296705270585881
noclear,null,,0.39476029533394713
noclear,null,,0.36284920289743766
noclear,null,,0.44517910388484444
noclear,null,,0.3598819325831967
noclear,null,,0.3193402950577972
noclear,null,,0.313443580815016
noclear,null,,0.405966137373234
noclear,null,,0.5923201232453521
noclear,null,,0.32514819068964873
noclear,null,,0.27218862955079476
noclear,null,,0.43739598651012124
noclear,null,,0.4016469825998974
noclear,null,,0.44575145063861366
noclear,null,,0.2628944603747403
noclear,null,,0.4471602983586167
noclear,null,,0.3598819325831967
noclear,null,,0.37181300230153125
noclear,null,,0.4171052197578268
noclear,null,,0.3368833766531909
noclear,null,,0.4157896820482593
noclear,null,,0.2991740804331471
noclear,null,,0.48354090669936256
noclear,null,,0.4668611647151622
noclear,null,,0.5417050482771895
noclear,null,,0.22634678318588256
noclear,null,,0.32514819068964873
noclear,null,,0.5809982343262657
noclear,null,,0.5205723368338252
noclear,null,,0.26583890004391064
noclear,null,,0.34161332620239093
noclear,null,,0.3860148421482589
noclear,null,,0.29908331979623726
noclear,null,,0.3708168201901523
noclear,null,,0.46365361368167296
noclear,null,,0.3724889743933169
noclear,null,,0.3072389933907247
noclear,null,,0.38158470032215475
noclear,null,,0.3775664922063721
noclear,null,,0.2726953688582565
noclear,null,,0.6468145589107496
noclear,null,,0.39156135753298915
noclear,null,,0.2999648747961707
noclear,null,,0.2999648747961707
noclear,null,,0.3168046549946385
noclear,null,,0.24890092097311858
noclear,null,,0.33470993549325384
noclear,null,,0.5085192146077799
noclear,null,,0.2661206443298332
noclear,null,,0.296087606927103
noclear,null,,0.35606706273474675
noclear,null,,0.49935387553671035
noclear,null,,0.3397132546695699
noclear,null,,0.4231170394276693
noclear,null,,0.37669120140279566
noclear,null,,0.4170327347582735
noclear,null,,0.3278619982335977
noclear,null,,0.2659222100301351
noclear,null,,0.38703040321636517
noclear,null,,0.39532466395373267
noclear,null,,0.35415612329688784
noclear,null,,0.453169212181018
noclear,null,,0.4625322510459048
noclear,null,,0.33380294386041137
noclear,null,,0.34881366640446787
noclear,null,,0.2317081028115558
noclear,null,,0.3708168201901523
noclear,null,,0.45899803480756135
noclear,null,,0.35320017999053516
noclear,null,,0.43763120668075833
noclear,null,,0.35937535122036934
noclear,null,,0.4471098701028996
noclear,null,,0.24059102900409765
noclear,null,,0.5630692028311283
noclear,null,,0.4031463209604772
noclear,null,,0.31872521233977946
noclear,null,,0.332346392920747
noclear,null,,0.4363232127928214
noclear,null,,0.3988516871919846
noclear,null,,0.5795763915716001
noclear,null,,0.3802319547503981
noclear,null,,0.3887032652405551
noclear,null,,0.4719772135063565
noclear,null,,0.36706810002430373
noclear,null,,0.4248465451923422
noclear,null,,0.2975191528948422
noclear,null,,0.31622690162169276
noclear,null,,0.33688751685109525
noclear,null,,0.5559357242202291
noclear,null,,0.56892112616551
noclear,null,,0.3341547409281876
noclear,null,,0.4516264689919627
noclear,null,,0.2962312397182569
noclear,null,,0.3368833766531909
noclear,null,,0.35960878491033876
noclear,null,,0.33688751685109525
noclear,null,,0.29271290260337396
noclear,null,,0.37181300230153125
noclear,null,,0.41641265151509566
noclear,null,,0.5428023442323542
noclear,null,,0.4148637477195203
noclear,null,,0.3676809059498299
noclear,null,,0.2999648747961707
noclear,null,,0.3155087676071128
noclear,null,,0.34792037053209635
noclear,null,,0.5584676159299632
noclear,null,,0.3172073766173854
noclear,null,,0.6394445028870328
noclear,null,,0.525522235607713
noclear,null,,0.394371006153114
noclear,null,,0.5646507653369573
noclear,null,,0.23884263397489713
noclear,null,,0.48107341825659294
noclear,null,,0.47668615569151906
noclear,null,,0.26820367533121575
noclear,null,,0.313443580815016
noclear,null,,0.3291683911302241
noclear,null,,0.41912309536804654
noclear,null,,0.4778583566734322
noclear,null,,0.3869052809610406
noclear,null,,0.28210126287728116
noclear,null,,0.5854027716083529
noclear,null,,0.586669399997508
noclear,null,,0.46795092379374464
noclear,null,,0.37463394715819026
noclear,null,,0.43763120668075833
noclear,null,,0.29336375716585306
noclear,null,,0.45897519963279937
noclear,null,,0.551565517392939
noclear,null,,0.5371555260841702
noclear,null,,0.35724764113468
noclear,null,,0.2908594307346496
noclear,null,,0.3892501034099357
noclear,null,,0.4231170394276693
noclear,null,,0.24372448984067127
noclear,null,,0.276372376226676
noclear,null,,0.3116199000214212
noclear,null,,0.4233524715862101
noclear,null,,0.3900157722522035
noclear,null,,0.35992009820073223
noclear,null,,0.3642720038714985
noclear,null,,0.3913849537010291
noclear,null,,0.3920505664658511
noclear,null,,0.43736118006900293
noclear,null,,0.23832319716130057
noclear,null,,0.4719977689199771
noclear,null,,0.26100925949593407
noclear,null,,0.43978312824324206
noclear,null,,0.32408250080893464
noclear,null,,0.494809794934758
noclear,null,,0.22237946527080388
noclear,null,,0.4989194565386196
noclear,null,,0.3643268807029921
noclear,null,,0.3710495908794132
noclear,null,,0.313443580815016
noclear,null,,0.3122264407828637
noclear,null,,0.4387451936613604
noclear,null,,0.45337906071940526
noclear,null,,0.595187286969795
noclear,null,,0.26598841673086904
noclear,null,,0.37576920151365245
noclear,null,,0.21126921846783306
noclear,null,,0.4471098701028996
noclear,null,,0.33688751685109525
noclear,null,,0.4205657578089096
noclear,null,,0.3937101324576081
noclear,null,,0.34161332620239093
noclear,null,,0.36436482160924755
noclear,null,,0.5989348782586738
noclear,null,,0.4095791552892313
noclear,null,,0.4778583566734322
noclear,null,,0.5625350480012177
noclear,null,,0.2730198557869823
noclear,null,,0.2062129952064786
noclear,null,,0.25549192082450445
noclear,null,,0.34881366640446787
noclear,null,,0.24877736257962363
noclear,null,,0.3947735127148019
noclear,null,,0.1958110892962071
noclear,null,,0.45897519963279937
noclear,null,,0.313443580815016
noclear,null,,0.2942931228537646
noclear,null,,0.5791952611642502
noclear,null,,0.441920813576402
noclear,null,,0.39430061643585956
noclear,null,,0.5256740565079103
noclear,null,,0.501186978067926
noclear,null,,0.6611785528419545
noclear,null,,0.2889990216638946
noclear,null,,0.26598841673086904
noclear,null,,0.3964804042093639
noclear,null,,0.42320711035284864
noclear,null,,0.47411458248530525
noclear,null,,0.2999648747961707
noclear,null,,0.3884888478198412
noclear,null,,0.3720822569689135
noclear,null,,0.394346373844426
noclear,null,,0.3419534426628254
noclear,null,,0.5323388717508732
noclear,null,,0.4471098701028996
noclear,null,,0.29262044747758253
noclear,null,,0.4820310681608045
noclear,null,,0.2962312397182569
noclear,null,,0.5079523186040409
noclear,null,,0.3686426730043909
noclear,null,,0.3775664922063721
noclear,null,,0.5584676159299632
noclear,null,,0.34794733265577604
noclear,null,,0.5630692028311283
noclear,null,,0.3155087676071128
noclear,null,,0.5735863777341392
noclear,null,,0.48861785608249847
noclear,null,,0.31294585482863035
noclear,null,,0.499873622630547
noclear,null,,0.5160545925803762
noclear,null,,0.4791154245002165
noclear,null,,0.5358227530320266
noclear,null,,0.34484407013349144
noclear,null,,0.2873556095871513
noclear,null,,0.3358240759071015
noclear,null,,0.47411458248530525
noclear,null,,0.43978312824324206
noclear,null,,0.48107341825659294
noclear,null,,0.35606706273474675
noclear,null,,0.550386545987669
noclear,null,,0.3419534426628254
noclear,null,,0.4295143108586839
noclear,null,,0.394371006153114
noclear,null,,0.43012944977042533
noclear,null,,0.2064638074288461
noclear,null,,0.5003087659206171
noclear,null,,0.3598819325831967
noclear,null,,0.5358764078934435
noclear,null,,0.309169182280149
noclear,null,,0.6440780926785734
noclear,null,,0.2908594307346496
noclear,null,,0.3745181719297579
noclear,null,,0.3686426730043909
noclear,null,,0.4248465451923422
noclear,null,,0.49806157930424266
noclear,null,,0.33688751685109525
noclear,null,,0.6438160147256901
noclear,null,,0.32514819068964873
noclear,null,,0.5174514874179674
noclear,null,,0.38176141429335986
noclear,null,,0.4569043322533679
noclear,null,,0.503699115300802
noclear,null,,0.47411458248530525
noclear,null,,0.33054128073732963
noclear,null,,0.36284920289743766
noclear,null,,0.4458675931157939
noclear,null,,0.4323918554964224
noclear,null,,0.32715677542519817
noclear,null,,0.45897519963279937
noclear,null,,0.2868739939102056
noclear,null,,0.5989348782586738
noclear,null,,0.4280932997580752
noclear,null,,0.23891323327557434
noclear,null,,0.39188395999681036
noclear,null,,0.2942931228537646
noclear,null,,0.4478472197681338
noclear,null,,0.21827551906607334
noclear,null,,0.4194970852601613
noclear,null,,0.39532466395373267
noclear,null,,0.3598819325831967
noclear,null,,0.38703040321636517
noclear,null,,0.46524811565958324
noclear,null,,0.2819976247128816
noclear,null,,0.35462458312010625
noclear,null,,0.35320017999053516
noclear,null,,0.41386084829646325
noclear,null,,0.501343800151441
noclear,null,,0.24877736257962363
noclear,null,,0.3396974123491127
noclear,null,,0.4338150575225822
noclear,null,,0.4618858752250941
noclear,null,,0.19266869125982347
noclear,null,,0.46207243534166387
noclear,null,,0.46772640332058435
noclear,null,,0.361022522932958
noclear,null,,0.5160545925803762
noclear,null,,0.23057945552766806
noclear,null,,0.33688751685109525
noclear,null,,0.40856762229635774
noclear,null,,0.398724759424947
noclear,null,,0.395304353276494
noclear,null,,0.37294512915183875
noclear,null,,0.35992009820073223
noclear,null,,0.36284920289743766
noclear,null,,0.38176141429335986
noclear,null,,0.5014995904455126
noclear,null,,0.5171995784108089
noclear,null,,0.43193856722262763
noclear,null,,0.6226977583620483
noclear,null,,0.501343800151441
noclear,null,,0.3278619982335977
noclear,null,,0.3835237571587384
noclear,null,,0.3116199000214212
noclear,null,,0.4097377262332341
noclear,null,,0.33688751685109525
noclear,null,,0.5003293904214243
noclear,null,,0.46061805609163164
noclear,null,,0.296087606927103
noclear,null,,0.34792037053209635
noclear,null,,0.3513652080845148
noclear,null,,0.46887776848522716
noclear,null,,0.3473139560073771
noclear,null,,0.5181514329157445
noclear,null,,0.29491798076022147
noclear,null,,0.33474247074313257
noclear,null,,0.43193856722262763
noclear,null,,0.33007994110354066
noclear,null,,0.35960878491033876
noclear,null,,0.2644448026735948
noclear,null,,0.3473139560073771
noclear,null,,0.5080232481464743
noclear,null,,0.3269521302565258
noclear,null,,0.41140793589698776
noclear,null,,0.5052889374082569
noclear,null,,0.3436491173331957
noclear,null,,0.394346373844426
noclear,null,,0.3676809059498299
noclear,null,,0.22615810919007662
noclear,null,,0.43012944977042533
noclear,null,,0.47208082006967256
noclear,null,,0.56892112616551
noclear,null,,0.5857476102557422
noclear,null,,0.3351413553259293
noclear,null,,0.40265902464363995
noclear,null,,0.41259111707725205
noclear,null,,0.3711252020075645
noclear,null,,0.43431219492880396
noclear,null,,0.40856762229635774
noclear,null,,0.3141634056012005
noclear,null,,0.44730917148550664
noclear,null,,0.44575145063861366
noclear,null,,0.4600033441433671
noclear,null,,0.36939263132127564
noclear,null,,0.38176141429335986
noclear,null,,0.48134574929249613
noclear,null,,0.2576394004515996
noclear,null,,0.21126921846783306
noclear,null,,0.5391931520164398
noclear,null,,0.40980186261780305
noclear,null,,0.6676176516909287
noclear,null,,0.3172073766173854
noclear,null,,0.37294512915183875
noclear,null,,0.19268113487160954
noclear,null,,0.22007194328401963
noclear,null,,0.38158470032215475
noclear,null,,0.44517910388484444
noclear,null,,0.37669120140279566
noclear,null,,0.3419534426628254
noclear,null,,0.4299752092409115
noclear,null,,0.4186690789352593
noclear,null,,0.4733343776795806
noclear,null,,0.19520714225346625
noclear,null,,0.46207243534166387
noclear,null,,0.4280932997580752
noclear,null,,0.29336375716585306
noclear,null,,0.42306112203856316
noclear,null,,0.3172073766173854
noclear,null,,0.3419534426628254
noclear,null,,0.5701743954700049
noclear,null,,0.3986275224308642
noclear,null,,0.3150850757260647
noclear,null,,0.4805786233829271
noclear,null,,0.38741742847576904
noclear,null,,0.5033634878705223
noclear,null,,0.3116199000214212
noclear,null,,0.3590571219448849
noclear,null,,0.502090945543101
noclear,null,,0.5812577154126989
noclear,null,,0.18480223817643468
noclear,null,,0.5415208598756774
noclear,null,,0.3937405759736983
noclear,null,,0.5812577154126989
noclear,null,,0.4248465451923422
noclear,null,,0.3470433925296775
noclear,null,,0.2062129952064786
noclear,null,,0.5496437999995006
noclear,null,,0.3341547409281876
noclear,null,,0.4622851184940741
noclear,null,,0.3513652080845148
noclear,null,,0.44789674737280255
noclear,null,,0.5167953322844213
noclear,null,,0.40589660643887765
noclear,null,,0.3803419028939591
noclear,null,,0.5646192583593046
noclear,null,,0.22237946527080388
noclear,null,,0.4097377262332341
noclear,null,,0.3016735421077365
noclear,null,,0.2819976247128816
noclear,null,,0.46887776848522716
noclear,null,,0.4132309168978681
noclear,null,,0.46184735868696186
noclear,null,,0.4205657578089096
noclear,null,,0.39532466395373267
noclear,null,,0.4097377262332341
noclear,null,,0.24715819846904785
noclear,null,,0.2528721009868882
noclear,null,,0.22634678318588256
noclear,null,,0.5519128204021411
noclear,null,,0.34283022880522285
noclear,null,,0.4599507648863591
noclear,null,,0.47438595670299954
noclear,null,,0.4805786233829271
noclear,null,,0.48570722984120046
noclear,null,,0.3887032652405551
noclear,null,,0.3745538161281917
noclear,null,,0.3913849537010291
noclear,null,,0.32527086375119435
noclear,null,,0.36935504427726495
noclear,null,,0.5134907462105331
noclear,null,,0.3279724482850471
noclear,null,,0.5391931520164398
noclear,null,,0.32527086375119435
noclear,null,,0.2115207938354686
noclear,null,,0.2731772548500826
noclear,null,,0.3237565806142864
noclear,null,,0.22873878305711604
noclear,null,,0.36603562625960306
noclear,null,,0.35992009820073223
noclear,null,,0.3278619982335977
noclear,null,,0.43431219492880396
noclear,null,,0.44517910388484444
noclear,null,,0.42849883887142204
noclear,null,,0.4385815430746489
noclear,null,,0.4248465451923422
noclear,null,,0.46207243534166387
noclear,null,,0.4299752092409115
noclear,null,,0.48243647031886
noclear,null,,0.33680071409219775
noclear,null,,0.5598184283178761
noclear,null,,0.30275757957266736
noclear,null,,0.33688751685109525
noclear,null,,0.2688084947453046
noclear,null,,0.40856762229635774
noclear,null,,0.22612834305678609
noclear,null,,0.3397041365527225
noclear,null,,0.38251428663744697
noclear,null,,0.3900544549000421
noclear,null,,0.40419380516328035
noclear,null,,0.383257580819267
noclear,null,,0.2540315071629712
noclear,null,,0.2688732767680401
noclear,null,,0.3708168201901523
noclear,null,,0.43012944977042533
noclear,null,,0.4989194565386196
noclear,null,,0.2983957313907904
noclear,null,,0.26583890004391064
noclear,null,,0.34986727329171674
noclear,null,,0.2942931228537646
noclear,null,,0.36935504427726495
noclear,null,,0.20360341574866697
noclear,null,,0.46795092379374464
noclear,null,,0.44730917148550664
noclear,null,,0.39532466395373267
noclear,null,,0.4005616384868832
noclear,null,,0.32527086375119435
noclear,null,,0.24877736257962363
noclear,null,,0.2726953688582565
noclear,null,,0.3708168201901523
noclear,null,,0.4846236635805034
noclear,null,,0.3688095520314373
noclear,null,,0.44650995232534546
noclear,null,,0.46524811565958324
noclear,null,,0.5428023442323542
noclear,null,,0.4757914447602732
noclear,null,,0.48192638285741635
noclear,null,,0.4368498623624093
noclear,null,,0.34590190895621115
noclear,null,,0.36706810002430373
noclear,null,,0.4948768344159995
noclear,null,,0.4782891081623979
noclear,null,,0.45563712476969
noclear,null,,0.3900157722522035
noclear,null,,0.4363720781982838
noclear,null,,0.4385815430746489
noclear,null,,0.38163510192263
noclear,null,,0.2807770257306618
noclear,null,,0.42849883887142204
noclear,null,,0.37506654589782223
noclear,null,,0.4168705088551364
noclear,null,,0.4132309168978681
noclear,null,,0.5540099646958259
noclear,null,,0.37045923475311804
noclear,null,,0.38005792863309545
noclear,null,,0.3414592611191969
noclear,null,,0.3964804042093639
noclear,null,,0.36603562625960306
noclear,null,,0.393538570005334
noclear,null,,0.5904568073417787
noclear,null,,0.33301813953772647
noclear,null,,0.2576394004515996
noclear,null,,0.472252964591939
noclear,null,,0.30458258109612496
noclear,null,,0.5011750487048402
noclear,null,,0.4991835885282998
noclear,null,,0.3887032652405551
noclear,null,,0.501343800151441
noclear,null,,0.4542177238005239
noclear,null,,0.309169182280149
noclear,null,,0.41601295980018466
noclear,null,,0.29491798076022147
noclear,null,,0.3964804042093639
noclear,null,,0.47627173096834924
noclear,null,,0.3237565806142864
noclear,null,,0.4459891553838512
noclear,null,,0.3835237571587384
noclear,null,,0.43431219492880396
noclear,null,,0.34815973141743667
noclear,null,,0.32715677542519817
noclear,null,,0.3237565806142864
noclear,null,,0.34135349304382084
noclear,null,,0.36436482160924755
noclear,null,,0.2829103921397953
noclear,null,,0.4048421677954157
noclear,null,,0.29336375716585306
noclear,null,,0.32715677542519817
noclear,null,,0.5080232481464743
noclear,null,,0.26734740175542643
noclear,null,,0.3964804042093639
noclear,null,,0.49326382100995925
noclear,null,,0.3490812412552217
noclear,null,,0.4622851184940741
noclear,null,,0.4244022304450348
noclear,null,,0.42849883887142204
noclear,null,,0.5584676159299632
noclear,null,,0.4526515741643317
noclear,null,,0.34986727329171674
noclear,null,,0.23469809887215204
noclear,null,,0.36436482160924755
noclear,null,,0.3357212461074378
noclear,null,,0.550386545987669
noclear,null,,0.24890092097311858
noclear,null,,0.42320711035284864
noclear,null,,0.22237946527080388
noclear,null,,0.3835237571587384
noclear,null,,0.383257580819267
noclear,null,,0.2570520230788857
noclear,null,,0.5391931520164398
noclear,null,,0.35937535122036934
noclear,null,,0.40980186261780305
noclear,null,,0.3396974123491127
noclear,null,,0.44517910388484444
noclear,null,,0.34650297525747215
noclear,null,,0.6230013214810202
noclear,null,,0.21126921846783306
noclear,null,,0.39844080392876985
noclear,null,,0.5192346201575689
noclear,null,,0.4194970852601613
noclear,null,,0.4584156272590839
noclear,null,,0.3676809059498299
noclear,null,,0.32894827264986415
noclear,null,,0.3193402950577972
noclear,null,,0.40777309434024694
noclear,null,,0.4820310681608045
noclear,null,,0.41223117212898003
noclear,null,,0.37294512915183875
noclear,null,,0.313443580815016
noclear,null,,0.24890092097311858
noclear,null,,0.35320017999053516
noclear,null,,0.5540099646958259
noclear,null,,0.7024021542943625
noclear,null,,0.4985690551293862
noclear,null,,0.33054128073732963
noclear,null,,0.45897519963279937
noclear,null,,0.3590571219448849
noclear,null,,0.6233835954518354
noclear,null,,0.46743707698318626
noclear,null,,0.29504010310780926
noclear,null,,0.5109501615273521
noclear,null,,0.4142813463408633
noclear,null,,0.34476064854425015
noclear,null,,0.39010826990849284
noclear,null,,0.29980874773893806
noclear,null,,0.41108594728921477
noclear,null,,0.3269521302565258
noclear,null,,0.45563712476969
noclear,null,,0.5464210918724914
noclear,null,,0.30009022592144025
noclear,null,,0.34161332620239093
noclear,null,,0.3419534426628254
noclear,null,,0.3724889743933169
noclear,null,,0.4471098701028996
noclear,null,,0.3278619982335977
noclear,null,,0.5519128204021411
noclear,null,,0.5156064898312923
noclear,null,,0.44065202945018445
noclear,null,,0.38163510192263
noclear,null,,0.3950339750480052
noclear,null,,0.5465743163402943
noclear,null,,0.32408250080893464
noclear,null,,0.1958110892962071
noclear,null,,0.3860148421482589
noclear,null,,0.46524811565958324
noclear,null,,0.4520956845162166
noclear,null,,0.33878918111349415
noclear,null,,0.36706810002430373
noclear,null,,0.4363232127928214
noclear,null,,0.4052965279602836
noclear,null,,0.4458675931157939
noclear,null,,0.4170534738639143
noclear,null,,0.45337906071940526
noclear,null,,0.32408250080893464
noclear,null,,0.288069667610861
noclear,null,,0.7467335317417828
noclear,null,,0.2528721009868882
noclear,null,,0.1644120826432528
noclear,null,,0.46795092379374464
noclear,null,,0.46207243534166387
noclear,null,,0.4764259876523724
noclear,null,,0.5156064898312923
noclear,null,,0.6016940331414005
noclear,null,,0.26598841673086904
noclear,null,,0.22634678318588256
noclear,null,,0.4600033441433671
noclear,null,,0.5231632491239709
noclear,null,,0.5173751990804085
noclear,null,,0.23402262895269707
noclear,null,,0.3841387231659001
noclear,null,,0.4683751759307789
noclear,null,,0.3937101324576081
noclear,null,,0.39318658826218034
noclear,null,,0.4805791940645182
noclear,null,,0.3860148421482589
noclear,null,,0.3362980708880234
noclear,null,,0.5195231547277085
noclear,null,,0.383257580819267
noclear,null,,0.4912608815512822
noclear,null,,0.3598819325831967
noclear,null,,0.2528168346607146
noclear,null,,0.3237565806142864
noclear,null,,0.3724889743933169
noclear,null,,0.2868739939102056
noclear,null,,0.2628944603747403
noclear,null,,0.41108594728921477
noclear,null,,0.398724759424947
noclear,null,,0.33470993549325384
noclear,null,,0.5801865765372334
noclear,null,,0.5002654016436248
noclear,null,,0.34590190895621115
noclear,null,,0.29336375716585306
noclear,null,,0.5946078428092336
noclear,null,,0.3357212461074378
noclear,null,,0.33470993549325384
noclear,null,,0.4280932997580752
noclear,null,,0.32514819068964873
noclear,null,,0.5080232481464743
noclear,null,,0.6478156299810157
noclear,null,,0.39188395999681036
noclear,null,,0.40202412559511197
noclear,null,,0.4516264689919627
noclear,null,,0.22612834305678609
noclear,null,,0.32594603813090606
noclear,null,,0.2436176198030794
noclear,null,,0.4233524715862101
noclear,null,,0.39532466395373267
noclear,null,,0.40856762229635774
noclear,null,,0.395304353276494
noclear,null,,0.30789421742800593
noclear,null,,0.18480223817643468
noclear,null,,0.5469928912017954
noclear,null,,0.38024966917881076
noclear,null,,0.41386084829646325
noclear,null,,0.2730198557869823
noclear,null,,0.5499729589023197
noclear,null,,0.5358764078934435
noclear,null,,0.6756681773410281
noclear,null,,0.3802319547503981
noclear,null,,0.4299752092409115
noclear,null,,0.4031463209604772
noclear,null,,0.6160362174626149
noclear,null,,0.3992999458339507
noclear,null,,0.3513652080845148
noclear,null,,0.4719772135063565
noclear,null,,0.41196811338775824
noclear,null,,0.5598184283178761
noclear,null,,0.3060570695876789
noclear,null,,0.2576394004515996
noclear,null,,0.2999648747961707
noclear,null,,0.4016506351085173
noclear,null,,0.36436482160924755
noclear,null,,0.405966137373234
noclear,null,,0.22873878305711604
noclear,null,,0.4097377262332341
noclear,null,,0.4530084051562688
noclear,null,,0.4691923398053215
noclear,null,,0.47438595670299954
noclear,null,,0.2490319630291483
noclear,null,,0.4248465451923422
noclear,null,,0.3745181719297579
noclear,null,,0.4300834053555451
noclear,null,,0.41196811338775824
noclear,null,,0.6141595658502215
noclear,null,,0.5795763915716001
noclear,null,,0.29980874773893806
noclear,null,,0.3652521934102301
noclear,null,,0.4097377262332341
noclear,null,,0.4016469825998974
noclear,null,,0.29504010310780926
noclear,null,,0.5080232481464743
noclear,null,,0.48570722984120046
noclear,null,,0.41287517315642974
noclear,null,,0.39844080392876985
noclear,null,,0.47208082006967256
noclear,null,,0.4189821919032572
noclear,null,,0.3652521934102301
noclear,null,,0.5035165981386911
noclear,null,,0.2528721009868882
noclear,null,,0.32522791858704864
noclear,null,,0.43108760642587257
noclear,null,,0.4600033441433671
noclear,null,,0.4157896820482593
noclear,null,,0.4599507648863591
noclear,null,,0.5609401921899795
noclear,null,,0.44215747506283737
noclear,null,,0.34792037053209635
noclear,null,,0.4387451936613604
noclear,null,,0.3437016321133303
noclear,null,,0.3397041365527225
noclear,null,,0.31622690162169276
noclear,null,,0.49275345657441183
noclear,null,,0.39476029533394713
noclear,null,,0.35164635514292125
noclear,null,,0.37181300230153125
noclear,null,,0.453169212181018
noclear,null,,0.2819976247128816
noclear,null,,0.4471098701028996
noclear,null,,0.4471098701028996
noclear,null,,0.38163510192263
noclear,null,,0.4300834053555451
noclear,null,,0.4170534738639143
noclear,null,,0.4599507648863591
noclear,null,,0.3513652080845148
noclear,null,,0.5109501615273521
noclear,null,,0.38741742847576904
noclear,null,,0.3066838858780081
noclear,null,,0.2915631662267202
noclear,null,,0.35992009820073223
noclear,null,,0.38024966917881076
noclear,null,,0.2971649273513676
noclear,null,,0.5659049643064099
noclear,null,,0.4031463209604772
noclear,null,,0.2873556095871513
noclear,null,,0.3368538417702551
noclear,null,,0.2233614465449299
noclear,null,,0.42849883887142204
noclear,null,,0.3368538417702551
noclear,null,,0.31074067014930423
noclear,null,,0.3937405759736983
noclear,null,,0.23057945552766806
noclear,null,,0.2528721009868882
noclear,null,,0.5795763915716001
noclear,null,,0.38251428663744697
noclear,null,,0.3986275224308642
noclear,null,,0.24866396926189327
noclear,null,,0.5104346788548927
noclear,null,,0.38024966917881076
noclear,null,,0.21126921846783306
noclear,null,,0.4458675931157939
noclear,null,,0.42849883887142204
noclear,null,,0.7827144017982195
noclear,null,,0.31294585482863035
noclear,null,,0.4400236495566384
noclear,null,,0.4478472197681338
noclear,null,,0.47627173096834924
noclear,null,,0.3397041365527225
noclear,null,,0.46072576499218315
noclear,null,,0.4323918554964224
noclear,null,,0.4387451936613604
noclear,null,,0.5790140155788587
noclear,null,,0.3841387231659001
noclear,null,,0.35703247418599743
noclear,null,,0.31872521233977946
noclear,null,,0.44517910388484444
noclear,null,,0.31736619978085434
noclear,null,,0.5014995904455126
noclear,null,,0.3975469475499199
noclear,null,,0.4722246125044043
noclear,null,,0.3795072694523084
noclear,null,,0.538641484161761
noclear,null,,0.5651746383034826
noclear,null,,0.5904568073417787
noclear,null,,0.36767757644037
noclear,null,,0.5160545925803762
noclear,null,,0.28004392594603955
noclear,null,,0.22612834305678609
noclear,null,,0.30851007787657014
noclear,null,,0.21351552957901185
noclear,null,,0.34792037053209635
noclear,null,,0.4520956845162166
noclear,null,,0.3857096758557716
noclear,null,,0.26583890004391064
noclear,null,,0.33680071409219775
noclear,null,,0.2991740804331471
noclear,null,,0.48134574929249613
noclear,null,,0.5904568073417787
noclear,null,,0.499873622630547
noclear,null,,0.37774240908525974
noclear,null,,0.3172073766173854
noclear,null,,0.42397695381791584
noclear,null,,0.45047985601043244
noclear,null,,0.34722843653179775
noclear,null,,0.27104193424750733
noclear,null,,0.30762057440584945
noclear,null,,0.3652521934102301
noclear,null,,0.34070110740901594
noclear,null,,0.3368538417702551
noclear,null,,0.46772640332058435
noclear,null,,0.3193402950577972
noclear,null,,0.5590460533864718
noclear,null,,0.3708168201901523
noclear,null,,0.5676183831626124
noclear,null,,0.24890092097311858
noclear,null,,0.3345526896489969
noclear,null,,0.3168046549946385
noclear,null,,0.4413715196781248
noclear,null,,0.296087606927103
noclear,null,,0.48192638285741635
noclear,null,,0.3975469475499199
noclear,null,,0.6203992924891304
noclear,null,,0.45899803480756135
noclear,null,,0.3150850757260647
noclear,null,,0.45355464752264263
noclear,null,,0.3900544549000421
noclear,null,,0.551565517392939
noclear,null,,0.42876130823183695
noclear,null,,0.2062129952064786
noclear,null,,0.5104346788548927
noclear,null,,0.634936589999305
noclear,null,,0.38978557807200404
noclear,null,,0.22615810919007662
noclear,null,,0.36603562625960306
noclear,null,,0.20110779682649074
noclear,null,,0.46061805609163164
noclear,null,,0.45355464752264263
noclear,null,,0.49275345657441183
noclear,null,,0.5140185782609482
noclear,null,,0.38569846164749516
noclear,null,,0.33380294386041137
noclear,null,,0.6005702045840804
noclear,null,,0.28481085517650745
noclear,null,,0.5946078428092336
noclear,null,,0.3059597686351932
noclear,null,,0.3396974123491127
noclear,null,,0.3237588845434525
noclear,null,,0.5795763915716001
noclear,null,,0.2908804051516647
noclear,null,,0.41495992225878314
noclear,null,,0.3757579059348875
noclear,null,,0.5391519182565173
noclear,null,,0.5014995904455126
noclear,null,,0.3383877899218245
noclear,null,,0.3947735127148019
noclear,null,,0.26580249041387505
noclear,null,,0.5450523009098905
noclear,null,,0.32527086375119435
noclear,null,,0.43108760642587257
noclear,null,,0.34815973141743667
noclear,null,,0.313443580815016
noclear,null,,0.37181300230153125
noclear,null,,0.39532466395373267
noclear,null,,0.29264249376438833
noclear,null,,0.4618858752250941
noclear,null,,0.3204225202209353
noclear,null,,0.43108760642587257
noclear,null,,0.5790140155788587
noclear,null,,0.5080232481464743
noclear,null,,0.33688751685109525
noclear,null,,0.3745538161281917
noclear,null,,0.4095791552892313
noclear,null,,0.33470993549325384
noclear,null,,0.4277478976538648
noclear,null,,0.4413715196781248
noclear,null,,0.21121852199886287
noclear,null,,0.3802319547503981
noclear,null,,0.501343800151441
noclear,null,,0.44575145063861366
noclear,null,,0.5080232481464743
noclear,null,,0.2628944603747403
noclear,null,,0.321481209580017
noclear,null,,0.4575865791440983
noclear,null,,0.37444809204584056
noclear,null,,0.34495351708202865
noclear,null,,0.4244022304450348
noclear,null,,0.38569846164749516
noclear,null,,0.45400405600528043
noclear,null,,0.39131625335155007
noclear,null,,0.33007994110354066
noclear,null,,0.22615810919007662
noclear,null,,0.46887776848522716
noclear,null,,0.4045261549317393
noclear,null,,0.3988516871919846
noclear,null,,0.3269521302565258
noclear,null,,0.4165543853704141
noclear,null,,0.3155087676071128
noclear,null,,0.44730917148550664
noclear,null,,0.35606706273474675
noclear,null,,0.31736619978085434
noclear,null,,0.4471098701028996
noclear,null,,0.3887032652405551
noclear,null,,0.36767757644037
noclear,null,,0.34590190895621115
noclear,null,,0.2730198557869823
noclear,null,,0.34794733265577604
noclear,null,,0.4471098701028996
noclear,null,,0.32522791858704864
noclear,null,,0.6394445028870328
noclear,null,,0.321481209580017
