case,kind,compound,r
nyquist_14planes,replicate,abemaciclib,0.6195183939352144
nyquist_14planes,replicate,binimetinib,0.4839645988323146
nyquist_14planes,replicate,fluorouracil,0.3351591151921599
nyquist_14planes,replicate,gemcitabine,0.46913644617608774
nyquist_14planes,replicate,sn-38,0.5178981104402617
nyquist_14planes,replicate,trifluridine,0.526910018250332
nyquist_14planes,null,,0.3603285789037313
nyquist_14planes,null,,0.3763602180530228
nyquist_14planes,null,,0.231557558563738
nyquist_14planes,null,,0.39334612020661364
nyquist_14planes,null,,0.29601780042940035
nyquist_14planes,null,,0.2927842605967771
nyquist_14planes,null,,0.40577914237699114
nyquist_14planes,null,,0.4162648332606098
nyquist_14planes,null,,0.3944848285789585
nyquist_14planes,null,,0.33522530888640145
nyquist_14planes,null,,0.453068607991179
nyquist_14planes,null,,0.4147632069280169
nyquist_14planes,null,,0.3094284090830404
nyquist_14planes,null,,0.33332462745656416
nyquist_14planes,null,,0.4469441456069552
nyquist_14planes,null,,0.3644903198436503
nyquist_14planes,null,,0.25259600698949664
nyquist_14planes,null,,0.3211916622922173
nyquist_14planes,null,,0.370608436886351
nyquist_14planes,null,,0.2926203853422706
nyquist_14planes,null,,0.43376127016810645
nyquist_14planes,null,,0.37349488666518804
nyquist_14planes,null,,0.3732249089332134
nyquist_14planes,null,,0.4125070583985116
nyquist_14planes,null,,0.36150033182700736
nyquist_14planes,null,,0.24987356878994893
nyquist_14planes,null,,0.29937166121832876
nyquist_14planes,null,,0.47541895191435635
nyquist_14planes,null,,0.3279520002088112
nyquist_14planes,null,,0.3829848213944571
nyquist_14planes,null,,0.4430788565053925
nyquist_14planes,null,,0.31596228566995777
nyquist_14planes,null,,0.3684286343520556
nyquist_14planes,null,,0.3165920036931906
nyquist_14planes,null,,0.2739821248929017
nyquist_14planes,null,,0.34566609961248396
nyquist_14planes,null,,0.30694192413682725
nyquist_14planes,null,,0.39505974294785134
nyquist_14planes,null,,0.3162100845657832
nyquist_14planes,null,,0.38936346140772643
nyquist_14planes,null,,0.3279520002088112
nyquist_14planes,null,,0.33308298059409225
nyquist_14planes,null,,0.204605390108314
nyquist_14planes,null,,0.256359817256122
nyquist_14planes,null,,0.3094284090830404
nyquist_14planes,null,,0.4065606023746
nyquist_14planes,null,,0.3860702054433495
nyquist_14planes,null,,0.381029898400171
nyquist_14planes,null,,0.3103738245564611
nyquist_14planes,null,,0.3860702054433495
nyquist_14planes,null,,0.33308298059409225
nyquist_14planes,null,,0.3732249089332134
nyquist_14planes,null,,0.46729557552217893
nyquist_14planes,null,,0.3430385087499583
nyquist_14planes,null,,0.29933499128956353
nyquist_14planes,null,,0.2984519996653618
nyquist_14planes,null,,0.4428967960432322
nyquist_14planes,null,,0.4144671128680924
nyquist_14planes,null,,0.39505974294785134
nyquist_14planes,null,,0.3631616992768783
nyquist_14planes,null,,0.3886496293289661
nyquist_14planes,null,,0.4824678003301669
nyquist_14planes,null,,0.3618649528447218
nyquist_14planes,null,,0.2129319910188434
nyquist_14planes,null,,0.4054801837333195
nyquist_14planes,null,,0.32895329617660357
nyquist_14planes,null,,0.3001070578124978
nyquist_14planes,null,,0.2673109600774044
nyquist_14planes,null,,0.3548696625114326
nyquist_14planes,null,,0.3088673164572032
nyquist_14planes,null,,0.3405908354732244
nyquist_14planes,null,,0.35054560324425493
nyquist_14planes,null,,0.42308529277736967
nyquist_14planes,null,,0.3805547994102111
nyquist_14planes,null,,0.4154030425124759
nyquist_14planes,null,,0.3889087780880072
nyquist_14planes,null,,0.27559904597325147
nyquist_14planes,null,,0.30237428784481674
nyquist_14planes,null,,0.3391577366463721
nyquist_14planes,null,,0.35121753819261053
nyquist_14planes,null,,0.36821128865358677
nyquist_14planes,null,,0.29882803045190337
nyquist_14planes,null,,0.4441569506779452
nyquist_14planes,null,,0.3265057550228585
nyquist_14planes,null,,0.2119013836175882
nyquist_14planes,null,,0.3704875532680289
nyquist_14planes,null,,0.36821128865358677
nyquist_14planes,null,,0.23460529220839185
nyquist_14planes,null,,0.3056994074019184
nyquist_14planes,null,,0.39479836236484345
nyquist_14planes,null,,0.21672971413375375
nyquist_14planes,null,,0.25812553151668016
nyquist_14planes,null,,0.33422145318851754
nyquist_14planes,null,,0.231557558563738
nyquist_14planes,null,,0.3529282409239175
nyquist_14planes,null,,0.3592494687867548
nyquist_14planes,null,,0.20753086351642067
nyquist_14planes,null,,0.19441530673378277
nyquist_14planes,null,,0.25761570576678094
nyquist_14planes,null,,0.3685704613369103
nyquist_14planes,null,,0.2620444350708611
nyquist_14planes,null,,0.4763354718855425
nyquist_14planes,null,,0.2974846119949734
nyquist_14planes,null,,0.4359548808258471
nyquist_14planes,null,,0.23357020354795605
nyquist_14planes,null,,0.30276464914714674
nyquist_14planes,null,,0.2926203853422706
nyquist_14planes,null,,0.31952886059481256
nyquist_14planes,null,,0.322565993575837
nyquist_14planes,null,,0.40971003604715994
nyquist_14planes,null,,0.231557558563738
nyquist_14planes,null,,0.31301791753734304
nyquist_14planes,null,,0.34238791656332607
nyquist_14planes,null,,0.3872994840341114
nyquist_14planes,null,,0.3534499304183726
nyquist_14planes,null,,0.31838703922702805
nyquist_14planes,null,,0.3960024271119855
nyquist_14planes,null,,0.46741407483960384
nyquist_14planes,null,,0.2053554072497027
nyquist_14planes,null,,0.365902967661704
nyquist_14planes,null,,0.36821128865358677
nyquist_14planes,null,,0.38448037386115475
nyquist_14planes,null,,0.3385311061223848
nyquist_14planes,null,,0.4065606023746
nyquist_14planes,null,,0.3807050408797681
nyquist_14planes,null,,0.2147100831674556
nyquist_14planes,null,,0.4091697589393117
nyquist_14planes,null,,0.381029898400171
nyquist_14planes,null,,0.2989440578431783
nyquist_14planes,null,,0.24594256509431137
nyquist_14planes,null,,0.3941832671152
nyquist_14planes,null,,0.2740571881657672
nyquist_14planes,null,,0.3683879096390275
nyquist_14planes,null,,0.34238791656332607
nyquist_14planes,null,,0.3940707349728819
nyquist_14planes,null,,0.41733776414069523
nyquist_14planes,null,,0.3376630997280619
nyquist_14planes,null,,0.36821128865358677
nyquist_14planes,null,,0.2974846119949734
nyquist_14planes,null,,0.2360722703000963
nyquist_14planes,null,,0.42382179448751883
nyquist_14planes,null,,0.3872681888545608
nyquist_14planes,null,,0.24935787969500978
nyquist_14planes,null,,0.3860702054433495
nyquist_14planes,null,,0.2974846119949734
nyquist_14planes,null,,0.37383367004282647
nyquist_14planes,null,,0.39210352299031287
nyquist_14planes,null,,0.2429751410964575
nyquist_14planes,null,,0.3701921204400578
nyquist_14planes,null,,0.2754406939725654
nyquist_14planes,null,,0.3684286343520556
nyquist_14planes,null,,0.40909948597833395
nyquist_14planes,null,,0.47827706098042744
nyquist_14planes,null,,0.24594256509431137
nyquist_14planes,null,,0.365902967661704
nyquist_14planes,null,,0.31461477623071205
nyquist_14planes,null,,0.3548696625114326
nyquist_14planes,null,,0.28639356963165385
nyquist_14planes,null,,0.3088346419492111
nyquist_14planes,null,,0.19441530673378277
nyquist_14planes,null,,0.35054560324425493
nyquist_14planes,null,,0.28105378595058367
nyquist_14planes,null,,0.3994271785627447
nyquist_14planes,null,,0.3805547994102111
nyquist_14planes,null,,0.3977331186047437
nyquist_14planes,null,,0.4432247749169241
nyquist_14planes,null,,0.3944848285789585
nyquist_14planes,null,,0.3162100845657832
nyquist_14planes,null,,0.18505094204074624
nyquist_14planes,null,,0.2905388566403109
nyquist_14planes,null,,0.32467139453489696
nyquist_14planes,null,,0.33332462745656416
nyquist_14planes,null,,0.3977331186047437
nyquist_14planes,null,,0.41241881854220225
nyquist_14planes,null,,0.38075265298774275
nyquist_14planes,null,,0.39334612020661364
nyquist_14planes,null,,0.2891790146766318
nyquist_14planes,null,,0.44031857019599646
nyquist_14planes,null,,0.358529967887903
nyquist_14planes,null,,0.31952886059481256
nyquist_14planes,null,,0.3886496293289661
nyquist_14planes,null,,0.30757586804490783
nyquist_14planes,null,,0.3165920036931906
nyquist_14planes,null,,0.38936346140772643
nyquist_14planes,null,,0.5119606433411369
nyquist_14planes,null,,0.36607035673468147
nyquist_14planes,null,,0.3829204106942497
nyquist_14planes,null,,0.2989440578431783
nyquist_14planes,null,,0.3978134280424845
nyquist_14planes,null,,0.4164448095022497
nyquist_14planes,null,,0.3353950373105913
nyquist_14planes,null,,0.3618649528447218
nyquist_14planes,null,,0.3307644630386099
nyquist_14planes,null,,0.2514313938107772
nyquist_14planes,null,,0.3977331186047437
nyquist_14planes,null,,0.2530732406754435
nyquist_14planes,null,,0.231557558563738
nyquist_14planes,null,,0.43976608155546315
nyquist_14planes,null,,0.1774133372459857
nyquist_14planes,null,,0.30276464914714674
nyquist_14planes,null,,0.2916029391850442
nyquist_14planes,null,,0.33308298059409225
nyquist_14planes,null,,0.339501390040577
nyquist_14planes,null,,0.3872994840341114
nyquist_14planes,null,,0.3444648113895323
nyquist_14planes,null,,0.28972237576257487
nyquist_14planes,null,,0.2908107214585898
nyquist_14planes,null,,0.41753807862420994
nyquist_14planes,null,,0.40961925591648546
nyquist_14planes,null,,0.231557558563738
nyquist_14planes,null,,0.35121753819261053
nyquist_14planes,null,,0.4375017486552007
nyquist_14planes,null,,0.29937166121832876
nyquist_14planes,null,,0.4067433420663997
nyquist_14planes,null,,0.3683879096390275
nyquist_14planes,null,,0.2740923299039333
nyquist_14planes,null,,0.4344334529944844
nyquist_14planes,null,,0.3584472693225135
nyquist_14planes,null,,0.23324079890104996
nyquist_14planes,null,,0.35159249408527604
nyquist_14planes,null,,0.3265057550228585
nyquist_14planes,null,,0.3631616992768783
nyquist_14planes,null,,0.35054560324425493
nyquist_14planes,null,,0.3941832671152
nyquist_14planes,null,,0.3941832671152
nyquist_14planes,null,,0.22610792185316653
nyquist_14planes,null,,0.37587960097103473
nyquist_14planes,null,,0.3685704613369103
nyquist_14planes,null,,0.35656285190505926
nyquist_14planes,null,,0.33251331973757914
nyquist_14planes,null,,0.4222084432691251
nyquist_14planes,null,,0.32937338261230587
nyquist_14planes,null,,0.3872681888545608
nyquist_14planes,null,,0.4570357079634416
nyquist_14planes,null,,0.40602333798361134
nyquist_14planes,null,,0.40577914237699114
nyquist_14planes,null,,0.38289002877532036
nyquist_14planes,null,,0.339501390040577
nyquist_14planes,null,,0.4186012239709831
nyquist_14planes,null,,0.3211916622922173
nyquist_14planes,null,,0.32895329617660357
nyquist_14planes,null,,0.34670978281018094
nyquist_14planes,null,,0.3094284090830404
nyquist_14planes,null,,0.33704675165374004
nyquist_14planes,null,,0.2852352666183396
nyquist_14planes,null,,0.37515096222939504
nyquist_14planes,null,,0.20232935968304724
nyquist_14planes,null,,0.36320089967338687
nyquist_14planes,null,,0.39860699906378594
nyquist_14planes,null,,0.19441530673378277
nyquist_14planes,null,,0.36821128865358677
nyquist_14planes,null,,0.20230889679030808
nyquist_14planes,null,,0.21672971413375375
nyquist_14planes,null,,0.30991528340323565
nyquist_14planes,null,,0.24594256509431137
nyquist_14planes,null,,0.3376630997280619
nyquist_14planes,null,,0.44122509303717006
nyquist_14planes,null,,0.20071968665990605
nyquist_14planes,null,,0.32245428097788864
nyquist_14planes,null,,0.36487083295300926
nyquist_14planes,null,,0.40607928561537104
nyquist_14planes,null,,0.2740923299039333
nyquist_14planes,null,,0.3829204106942497
nyquist_14planes,null,,0.24594256509431137
nyquist_14planes,null,,0.3872994840341114
nyquist_14planes,null,,0.36821128865358677
nyquist_14planes,null,,0.29270587164410117
nyquist_14planes,null,,0.38448037386115475
nyquist_14planes,null,,0.30043465947248854
nyquist_14planes,null,,0.2984519996653618
nyquist_14planes,null,,0.32305827493790706
nyquist_14planes,null,,0.36961980069496464
nyquist_14planes,null,,0.36590956066961555
nyquist_14planes,null,,0.40162905090458
nyquist_14planes,null,,0.28972237576257487
nyquist_14planes,null,,0.2606053980527304
nyquist_14planes,null,,0.43656667204078603
nyquist_14planes,null,,0.35010577793429715
nyquist_14planes,null,,0.27960102834814243
nyquist_14planes,null,,0.41487695132960406
nyquist_14planes,null,,0.253958162420087
nyquist_14planes,null,,0.34462199672903115
nyquist_14planes,null,,0.31461477623071205
nyquist_14planes,null,,0.3615062525172109
nyquist_14planes,null,,0.2927842605967771
nyquist_14planes,null,,0.43262112227878907
nyquist_14planes,null,,0.33514480049966683
nyquist_14planes,null,,0.24935787969500978
nyquist_14planes,null,,0.34670978281018094
nyquist_14planes,null,,0.34224630000443623
nyquist_14planes,null,,0.3704875532680289
nyquist_14planes,null,,0.3702310371059168
nyquist_14planes,null,,0.29515544274387995
nyquist_14planes,null,,0.4190374090122627
nyquist_14planes,null,,0.29321214280872177
nyquist_14planes,null,,0.44093508506747603
nyquist_14planes,null,,0.3872994840341114
nyquist_14planes,null,,0.4420792408662651
nyquist_14planes,null,,0.28718290928133
nyquist_14planes,null,,0.4381549129861767
nyquist_14planes,null,,0.2620444350708611
nyquist_14planes,null,,0.231557558563738
nyquist_14planes,null,,0.3940707349728819
nyquist_14planes,null,,0.3960663835509292
nyquist_14planes,null,,0.23690210075103962
nyquist_14planes,null,,0.3872681888545608
nyquist_14planes,null,,0.36030607399266207
nyquist_14planes,null,,0.32937338261230587
nyquist_14planes,null,,0.37663409608643983
nyquist_14planes,null,,0.33332462745656416
nyquist_14planes,null,,0.3445719740968658
nyquist_14planes,null,,0.34566609961248396
nyquist_14planes,null,,0.21594608889420522
nyquist_14planes,null,,0.31572063538793005
nyquist_14planes,null,,0.3012378659328482
nyquist_14planes,null,,0.38936346140772643
nyquist_14planes,null,,0.4266057687581875
nyquist_14planes,null,,0.231557558563738
nyquist_14planes,null,,0.35647470161868344
nyquist_14planes,null,,0.42724435602762273
nyquist_14planes,null,,0.453068607991179
nyquist_14planes,null,,0.370608436886351
nyquist_14planes,null,,0.30694192413682725
nyquist_14planes,null,,0.40909948597833395
nyquist_14planes,null,,0.2053554072497027
nyquist_14planes,null,,0.3709718312378705
nyquist_14planes,null,,0.3977331186047437
nyquist_14planes,null,,0.39735455163594463
nyquist_14planes,null,,0.16904677060454837
nyquist_14planes,null,,0.3423745775626841
nyquist_14planes,null,,0.3714338597037896
nyquist_14planes,null,,0.4192935080691596
nyquist_14planes,null,,0.32937338261230587
nyquist_14planes,null,,0.4432247749169241
nyquist_14planes,null,,0.2842178834553375
nyquist_14planes,null,,0.43976608155546315
nyquist_14planes,null,,0.4314015056241199
nyquist_14planes,null,,0.3658114308615121
nyquist_14planes,null,,0.3527613258816097
nyquist_14planes,null,,0.38447459907586595
nyquist_14planes,null,,0.3684286343520556
nyquist_14planes,null,,0.33153228479734714
nyquist_14planes,null,,0.18505094204074624
nyquist_14planes,null,,0.4012682131721563
nyquist_14planes,null,,0.29601780042940035
nyquist_14planes,null,,0.4698345281197223
nyquist_14planes,null,,0.3328298034027068
nyquist_14planes,null,,0.35647470161868344
nyquist_14planes,null,,0.41876537095570765
nyquist_14planes,null,,0.38936346140772643
nyquist_14planes,null,,0.3709718312378705
nyquist_14planes,null,,0.45501147488436317
nyquist_14planes,null,,0.3831623214654139
nyquist_14planes,null,,0.32895329617660357
nyquist_14planes,null,,0.33332462745656416
nyquist_14planes,null,,0.32937338261230587
nyquist_14planes,null,,0.3989672229919555
nyquist_14planes,null,,0.31461477623071205
nyquist_14planes,null,,0.3405908354732244
nyquist_14planes,null,,0.3103738245564611
nyquist_14planes,null,,0.3328298034027068
nyquist_14planes,null,,0.2620444350708611
nyquist_14planes,null,,0.29189561665111957
nyquist_14planes,null,,0.42490319639108826
nyquist_14planes,null,,0.2977438198932148
nyquist_14planes,null,,0.2740923299039333
nyquist_14planes,null,,0.41487695132960406
nyquist_14planes,null,,0.4386423276022271
nyquist_14planes,null,,0.4430788565053925
nyquist_14planes,null,,0.3709718312378705
nyquist_14planes,null,,0.40607928561537104
nyquist_14planes,null,,0.3831623214654139
nyquist_14planes,null,,0.3529282409239175
nyquist_14planes,null,,0.36990444261479277
nyquist_14planes,null,,0.4427640183748924
nyquist_14planes,null,,0.3889087780880072
nyquist_14planes,null,,0.27710595264451665
nyquist_14planes,null,,0.372359040049059
nyquist_14planes,null,,0.36150033182700736
nyquist_14planes,null,,0.23412035230784223
nyquist_14planes,null,,0.35121753819261053
nyquist_14planes,null,,0.2966372223582178
nyquist_14planes,null,,0.3484325566952835
nyquist_14planes,null,,0.41753807862420994
nyquist_14planes,null,,0.24935787969500978
nyquist_14planes,null,,0.19257729277085786
nyquist_14planes,null,,0.3732249089332134
nyquist_14planes,null,,0.2429751410964575
nyquist_14planes,null,,0.3484325566952835
nyquist_14planes,null,,0.24935787969500978
nyquist_14planes,null,,0.27710595264451665
nyquist_14planes,null,,0.2486417882929197
nyquist_14planes,null,,0.3527613258816097
nyquist_14planes,null,,0.3823872979687001
nyquist_14planes,null,,0.4062579855513774
nyquist_14planes,null,,0.34249701633585666
nyquist_14planes,null,,0.372359040049059
nyquist_14planes,null,,0.3200961683870765
nyquist_14planes,null,,0.4612233037296092
nyquist_14planes,null,,0.3681411126893371
nyquist_14planes,null,,0.3741281846339541
nyquist_14planes,null,,0.4570357079634416
nyquist_14planes,null,,0.4062579855513774
nyquist_14planes,null,,0.4154030425124759
nyquist_14planes,null,,0.39665426342813326
nyquist_14planes,null,,0.18505094204074624
nyquist_14planes,null,,0.3307644630386099
nyquist_14planes,null,,0.20230889679030808
nyquist_14planes,null,,0.2974933903080609
nyquist_14planes,null,,0.4246719647056665
nyquist_14planes,null,,0.3821072484532144
nyquist_14planes,null,,0.3911177931067059
nyquist_14planes,null,,0.33153228479734714
nyquist_14planes,null,,0.33332462745656416
nyquist_14planes,null,,0.3829204106942497
nyquist_14planes,null,,0.21672971413375375
nyquist_14planes,null,,0.30757586804490783
nyquist_14planes,null,,0.3405908354732244
nyquist_14planes,null,,0.40971003604715994
nyquist_14planes,null,,0.32895329617660357
nyquist_14planes,null,,0.3592494687867548
nyquist_14planes,null,,0.31952886059481256
nyquist_14planes,null,,0.3603285789037313
nyquist_14planes,null,,0.3265057550228585
nyquist_14planes,null,,0.256359817256122
nyquist_14planes,null,,0.3534499304183726
nyquist_14planes,null,,0.40607928561537104
nyquist_14planes,null,,0.365902967661704
nyquist_14planes,null,,0.3725255094119832
nyquist_14planes,null,,0.41051693916148474
nyquist_14planes,null,,0.41980834771202546
nyquist_14planes,null,,0.45909088621959
nyquist_14planes,null,,0.3741281846339541
nyquist_14planes,null,,0.3684286343520556
nyquist_14planes,null,,0.34249701633585666
nyquist_14planes,null,,0.41876537095570765
nyquist_14planes,null,,0.3573989676617064
nyquist_14planes,null,,0.39210352299031287
nyquist_14planes,null,,0.2739821248929017
nyquist_14planes,null,,0.2947021114826883
nyquist_14planes,null,,0.3660673113855552
nyquist_14planes,null,,0.37383367004282647
nyquist_14planes,null,,0.43262112227878907
nyquist_14planes,null,,0.2673109600774044
nyquist_14planes,null,,0.3741281846339541
nyquist_14planes,null,,0.2740923299039333
nyquist_14planes,null,,0.32937338261230587
nyquist_14planes,null,,0.3684286343520556
nyquist_14planes,null,,0.3265057550228585
nyquist_14planes,null,,0.3741281846339541
nyquist_14planes,null,,0.4370677922878533
nyquist_14planes,null,,0.39735455163594463
nyquist_14planes,null,,0.31461477623071205
nyquist_14planes,null,,0.38936346140772643
nyquist_14planes,null,,0.25277554114737394
nyquist_14planes,null,,0.4222312772608303
nyquist_14planes,null,,0.231557558563738
nyquist_14planes,null,,0.31988119503441836
nyquist_14planes,null,,0.29601780042940035
nyquist_14planes,null,,0.35159249408527604
nyquist_14planes,null,,0.34992682096858563
nyquist_14planes,null,,0.32981317480097966
nyquist_14planes,null,,0.3246580861969836
nyquist_14planes,null,,0.27960102834814243
nyquist_14planes,null,,0.29259452208415015
nyquist_14planes,null,,0.2974933903080609
nyquist_14planes,null,,0.4006941540890776
nyquist_14planes,null,,0.3094284090830404
nyquist_14planes,null,,0.2289019546864409
nyquist_14planes,null,,0.34478734942966865
nyquist_14planes,null,,0.3704875532680289
nyquist_14planes,null,,0.41241881854220225
nyquist_14planes,null,,0.35959706349551496
nyquist_14planes,null,,0.23586276606951911
nyquist_14planes,null,,0.4566140012622392
nyquist_14planes,null,,0.31766103727276385
nyquist_14planes,null,,0.1877875442580789
nyquist_14planes,null,,0.4702574048975187
nyquist_14planes,null,,0.45501147488436317
nyquist_14planes,null,,0.2421840225603449
nyquist_14planes,null,,0.453974166739481
nyquist_14planes,null,,0.25337117524973995
nyquist_14planes,null,,0.317715476641206
nyquist_14planes,null,,0.40471528653174066
nyquist_14planes,null,,0.4102571550069062
nyquist_14planes,null,,0.2885874947707362
nyquist_14planes,null,,0.24767732129015188
nyquist_14planes,null,,0.32702669620303676
nyquist_14planes,null,,0.4427640183748924
nyquist_14planes,null,,0.4154030425124759
nyquist_14planes,null,,0.35121753819261053
nyquist_14planes,null,,0.44838523270656794
nyquist_14planes,null,,0.31293898843256834
nyquist_14planes,null,,0.2289019546864409
nyquist_14planes,null,,0.33251331973757914
nyquist_14planes,null,,0.1721250281327041
nyquist_14planes,null,,0.3190056274963038
nyquist_14planes,null,,0.37618725965209243
nyquist_14planes,null,,0.3780897748549883
nyquist_14planes,null,,0.30647308165837656
nyquist_14planes,null,,0.24331213743666186
nyquist_14planes,null,,0.3860702054433495
nyquist_14planes,null,,0.3088673164572032
nyquist_14planes,null,,0.20198072032881553
nyquist_14planes,null,,0.28105378595058367
nyquist_14planes,null,,0.3394131063098356
nyquist_14planes,null,,0.3689402789029527
nyquist_14planes,null,,0.29870216527748594
nyquist_14planes,null,,0.23967489252009513
nyquist_14planes,null,,0.23910346332890806
nyquist_14planes,null,,0.3484325566952835
nyquist_14planes,null,,0.2973029571685683
nyquist_14planes,null,,0.32702669620303676
nyquist_14planes,null,,0.3886496293289661
nyquist_14planes,null,,0.3049479493627204
nyquist_14planes,null,,0.3823872979687001
nyquist_14planes,null,,0.3940707349728819
nyquist_14planes,null,,0.40850692356129337
nyquist_14planes,null,,0.3610231870480011
nyquist_14planes,null,,0.4010902763721334
nyquist_14planes,null,,0.2289019546864409
nyquist_14planes,null,,0.42041874066836565
nyquist_14planes,null,,0.2898906441783436
nyquist_14planes,null,,0.26815149353891143
nyquist_14planes,null,,0.43252853868495533
nyquist_14planes,null,,0.2916029391850442
nyquist_14planes,null,,0.3807050408797681
nyquist_14planes,null,,0.3527613258816097
nyquist_14planes,null,,0.35054560324425493
nyquist_14planes,null,,0.3484325566952835
nyquist_14planes,null,,0.3763602180530228
nyquist_14planes,null,,0.31306788038603833
nyquist_14planes,null,,0.3149841827407773
nyquist_14planes,null,,0.35054560324425493
nyquist_14planes,null,,0.4049272504866324
nyquist_14planes,null,,0.3103738245564611
nyquist_14planes,null,,0.3725255094119832
nyquist_14planes,null,,0.21648668554078243
nyquist_14planes,null,,0.2927842605967771
nyquist_14planes,null,,0.253958162420087
nyquist_14planes,null,,0.3343482470902446
nyquist_14planes,null,,0.3709718312378705
nyquist_14planes,null,,0.3702310371059168
nyquist_14planes,null,,0.30991528340323565
nyquist_14planes,null,,0.31306788038603833
nyquist_14planes,null,,0.4154030425124759
nyquist_14planes,null,,0.35647470161868344
nyquist_14planes,null,,0.42041874066836565
nyquist_14planes,null,,0.3610231870480011
nyquist_14planes,null,,0.4763354718855425
nyquist_14planes,null,,0.2620444350708611
nyquist_14planes,null,,0.2383062817263883
nyquist_14planes,null,,0.4420465286981504
nyquist_14planes,null,,0.2158498759816782
nyquist_14planes,null,,0.3001070578124978
nyquist_14planes,null,,0.2814194242051098
nyquist_14planes,null,,0.4147632069280169
nyquist_14planes,null,,0.43068004823942113
nyquist_14planes,null,,0.2989440578431783
nyquist_14planes,null,,0.29924009014007913
nyquist_14planes,null,,0.32813135228325524
nyquist_14planes,null,,0.2992971869043251
nyquist_14planes,null,,0.37587960097103473
nyquist_14planes,null,,0.3376630997280619
nyquist_14planes,null,,0.3190056274963038
nyquist_14planes,null,,0.3618649528447218
nyquist_14planes,null,,0.4057365527974995
nyquist_14planes,null,,0.3714338597037896
nyquist_14planes,null,,0.32937338261230587
nyquist_14planes,null,,0.3960663835509292
nyquist_14planes,null,,0.3655086741248308
nyquist_14planes,null,,0.41193662661836916
nyquist_14planes,null,,0.42657002411578104
nyquist_14planes,null,,0.32015814277051846
nyquist_14planes,null,,0.3011534420023721
nyquist_14planes,null,,0.4222084432691251
nyquist_14planes,null,,0.2973029571685683
nyquist_14planes,null,,0.3684286343520556
nyquist_14planes,null,,0.3763602180530228
nyquist_14planes,null,,0.40909948597833395
nyquist_14planes,null,,0.29259452208415015
nyquist_14planes,null,,0.34462199672903115
nyquist_14planes,null,,0.4144671128680924
nyquist_14planes,null,,0.2360722703000963
nyquist_14planes,null,,0.42382179448751883
nyquist_14planes,null,,0.38447459907586595
nyquist_14planes,null,,0.28920774509190295
nyquist_14planes,null,,0.365902967661704
nyquist_14planes,null,,0.2842178834553375
nyquist_14planes,null,,0.18767822707512302
nyquist_14planes,null,,0.30561230942698675
nyquist_14planes,null,,0.32467139453489696
nyquist_14planes,null,,0.44938289430105566
nyquist_14planes,null,,0.3246580861969836
nyquist_14planes,null,,0.2740923299039333
nyquist_14planes,null,,0.23043222292178916
nyquist_14planes,null,,0.3847298495116728
nyquist_14planes,null,,0.3940707349728819
nyquist_14planes,null,,0.2784371591078613
nyquist_14planes,null,,0.3732249089332134
nyquist_14planes,null,,0.3732249089332134
nyquist_14planes,null,,0.2429751410964575
nyquist_14planes,null,,0.26815149353891143
nyquist_14planes,null,,0.2966372223582178
nyquist_14planes,null,,0.3610231870480011
nyquist_14planes,null,,0.31461477623071205
nyquist_14planes,null,,0.2916029391850442
nyquist_14planes,null,,0.29924009014007913
nyquist_14planes,null,,0.21762359230125874
nyquist_14planes,null,,0.12823817846790175
nyquist_14planes,null,,0.1787052349792402
nyquist_14planes,null,,0.48754424856321493
nyquist_14planes,null,,0.3847298495116728
nyquist_14planes,null,,0.3135134784014624
nyquist_14planes,null,,0.35054560324425493
nyquist_14planes,null,,0.36607035673468147
nyquist_14planes,null,,0.3709718312378705
nyquist_14planes,null,,0.316651278638611
nyquist_14planes,null,,0.38447459907586595
nyquist_14planes,null,,0.29461802493758316
nyquist_14planes,null,,0.4144671128680924
nyquist_14planes,null,,0.3807050408797681
nyquist_14planes,null,,0.3829848213944571
nyquist_14planes,null,,0.36794482940870127
nyquist_14planes,null,,0.4846520188321469
nyquist_14planes,null,,0.3580956188796772
nyquist_14planes,null,,0.31461477623071205
nyquist_14planes,null,,0.22176854457319234
nyquist_14planes,null,,0.3732249089332134
nyquist_14planes,null,,0.448475444521615
nyquist_14planes,null,,0.33522530888640145
nyquist_14planes,null,,0.4144671128680924
nyquist_14planes,null,,0.3573989676617064
nyquist_14planes,null,,0.3445719740968658
nyquist_14planes,null,,0.4381149174048074
nyquist_14planes,null,,0.36487083295300926
nyquist_14planes,null,,0.35054560324425493
nyquist_14planes,null,,0.3162100845657832
nyquist_14planes,null,,0.2514313938107772
nyquist_14planes,null,,0.28892685882519303
nyquist_14planes,null,,0.36739795362839983
nyquist_14planes,null,,0.2984519996653618
nyquist_14planes,null,,0.39735455163594463
nyquist_14planes,null,,0.33565771949357487
nyquist_14planes,null,,0.37515096222939504
nyquist_14planes,null,,0.2974933903080609
nyquist_14planes,null,,0.32813135228325524
nyquist_14planes,null,,0.253958162420087
nyquist_14planes,null,,0.3376630997280619
nyquist_14planes,null,,0.4012682131721563
nyquist_14planes,null,,0.2733297392719365
nyquist_14planes,null,,0.3353950373105913
nyquist_14planes,null,,0.3430385087499583
nyquist_14planes,null,,0.28920774509190295
nyquist_14planes,null,,0.20790518934869384
nyquist_14planes,null,,0.2891790146766318
nyquist_14planes,null,,0.43252853868495533
nyquist_14planes,null,,0.39334612020661364
nyquist_14planes,null,,0.2360722703000963
nyquist_14planes,null,,0.2740571881657672
nyquist_14planes,null,,0.49789302228614624
nyquist_14planes,null,,0.3960024271119855
nyquist_14planes,null,,0.3260736221153745
nyquist_14planes,null,,0.3655086741248308
nyquist_14planes,null,,0.36839989868061584
nyquist_14planes,null,,0.2927842605967771
nyquist_14planes,null,,0.1774133372459857
nyquist_14planes,null,,0.24067347603093275
nyquist_14planes,null,,0.4062579855513774
nyquist_14planes,null,,0.4154030425124759
nyquist_14planes,null,,0.3571966411881388
nyquist_14planes,null,,0.34670978281018094
nyquist_14planes,null,,0.23043222292178916
nyquist_14planes,null,,0.3685704613369103
nyquist_14planes,null,,0.3006650576385699
nyquist_14planes,null,,0.3989672229919555
nyquist_14planes,null,,0.23412035230784223
nyquist_14planes,null,,0.38442316890057654
nyquist_14planes,null,,0.31301791753734304
nyquist_14planes,null,,0.33565771949357487
nyquist_14planes,null,,0.25761570576678094
nyquist_14planes,null,,0.3031554357514483
nyquist_14planes,null,,0.4780413007940677
nyquist_14planes,null,,0.38448037386115475
nyquist_14planes,null,,0.3255715837143824
nyquist_14planes,null,,0.35010577793429715
nyquist_14planes,null,,0.3088673164572032
nyquist_14planes,null,,0.3732249089332134
nyquist_14planes,null,,0.2974846119949734
nyquist_14planes,null,,0.41378546578224906
nyquist_14planes,null,,0.17130585589048766
nyquist_14planes,null,,0.3165920036931906
nyquist_14planes,null,,0.3328298034027068
nyquist_14planes,null,,0.3265057550228585
nyquist_14planes,null,,0.3143769802539382
nyquist_14planes,null,,0.3655086741248308
nyquist_14planes,null,,0.32945006644283975
nyquist_14planes,null,,0.3265057550228585
nyquist_14planes,null,,0.47827706098042744
nyquist_14planes,null,,0.3744555847727273
nyquist_14planes,null,,0.3684286343520556
nyquist_14planes,null,,0.3529282409239175
nyquist_14planes,null,,0.14591700010154232
nyquist_14planes,null,,0.24935787969500978
nyquist_14planes,null,,0.4420792408662651
nyquist_14planes,null,,0.2514313938107772
nyquist_14planes,null,,0.2984519996653618
nyquist_14planes,null,,0.4702574048975187
nyquist_14planes,null,,0.3815244208418792
nyquist_14planes,null,,0.2908107214585898
nyquist_14planes,null,,0.31461477623071205
nyquist_14planes,null,,0.35959706349551496
nyquist_14planes,null,,0.33332462745656416
nyquist_14planes,null,,0.40909948597833395
nyquist_14planes,null,,0.38289002877532036
nyquist_14planes,null,,0.22809720150086038
nyquist_14planes,null,,0.4779652890250789
nyquist_14planes,null,,0.1808976093664681
nyquist_14planes,null,,0.26815149353891143
nyquist_14planes,null,,0.28105378595058367
nyquist_14planes,null,,0.3122456242320952
nyquist_14planes,null,,0.47822180421543525
nyquist_14planes,null,,0.44762259047709885
nyquist_14planes,null,,0.4432247749169241
nyquist_14planes,null,,0.3149841827407773
nyquist_14planes,null,,0.47643272911752593
nyquist_14planes,null,,0.24594256509431137
nyquist_14planes,null,,0.2989440578431783
nyquist_14planes,null,,0.31461477623071205
nyquist_14planes,null,,0.4076585172086788
nyquist_14planes,null,,0.4597514194086096
nyquist_14planes,null,,0.3012378659328482
nyquist_14planes,null,,0.3603285789037313
nyquist_14planes,null,,0.32245428097788864
nyquist_14planes,null,,0.2908107214585898
nyquist_14planes,null,,0.42490319639108826
nyquist_14planes,null,,0.36127028056315835
nyquist_14planes,null,,0.4657084246358974
nyquist_14planes,null,,0.3756331964783152
nyquist_14planes,null,,0.3655086741248308
nyquist_14planes,null,,0.2702086225161305
nyquist_14planes,null,,0.317715476641206
nyquist_14planes,null,,0.3977331186047437
nyquist_14planes,null,,0.3527613258816097
nyquist_14planes,null,,0.2989440578431783
nyquist_14planes,null,,0.2823833108076271
nyquist_14planes,null,,0.3548696625114326
nyquist_14planes,null,,0.2938612102212196
nyquist_14planes,null,,0.21672971413375375
nyquist_14planes,null,,0.3684286343520556
nyquist_14planes,null,,0.2814194242051098
nyquist_14planes,null,,0.3260736221153745
nyquist_14planes,null,,0.3122456242320952
nyquist_14planes,null,,0.2740571881657672
nyquist_14planes,null,,0.3444648113895323
nyquist_14planes,null,,0.36739795362839983
nyquist_14planes,null,,0.3430385087499583
nyquist_14planes,null,,0.316651278638611
nyquist_14planes,null,,0.31461477623071205
nyquist_14planes,null,,0.3610231870480011
nyquist_14planes,null,,0.3484325566952835
nyquist_14planes,null,,0.38936346140772643
nyquist_14planes,null,,0.253958162420087
nyquist_14planes,null,,0.47643272911752593
nyquist_14planes,null,,0.3149841827407773
nyquist_14planes,null,,0.40602333798361134
nyquist_14planes,null,,0.20215125093422567
nyquist_14planes,null,,0.418410717617719
nyquist_14planes,null,,0.4386423276022271
nyquist_14planes,null,,0.28920774509190295
nyquist_14planes,null,,0.3484325566952835
nyquist_14planes,null,,0.3693416095317501
nyquist_14planes,null,,0.26594946659113594
nyquist_14planes,null,,0.33332462745656416
nyquist_14planes,null,,0.36873396272500397
nyquist_14planes,null,,0.44679602304674154
nyquist_14planes,null,,0.21594608889420522
nyquist_14planes,null,,0.3343482470902446
nyquist_14planes,null,,0.313056078498427
nyquist_14planes,null,,0.2927842605967771
nyquist_14planes,null,,0.40602333798361134
nyquist_14planes,null,,0.3631616992768783
nyquist_14planes,null,,0.3143769802539382
nyquist_14planes,null,,0.37383367004282647
nyquist_14planes,null,,0.3190056274963038
nyquist_14planes,null,,0.2359607293074537
nyquist_14planes,null,,0.36739795362839983
nyquist_14planes,null,,0.40577914237699114
nyquist_14planes,null,,0.32245428097788864
nyquist_14planes,null,,0.3720296833507599
nyquist_14planes,null,,0.40607928561537104
nyquist_14planes,null,,0.30869144112379626
nyquist_14planes,null,,0.3304770413760563
nyquist_14planes,null,,0.2739821248929017
nyquist_14planes,null,,0.3940707349728819
nyquist_14planes,null,,0.3527613258816097
nyquist_14planes,null,,0.3821072484532144
nyquist_14planes,null,,0.2965915043636706
nyquist_14planes,null,,0.36127028056315835
nyquist_14planes,null,,0.322565993575837
nyquist_14planes,null,,0.40162905090458
nyquist_14planes,null,,0.4427640183748924
nyquist_14planes,null,,0.43286826457388883
nyquist_14planes,null,,0.3977331186047437
nyquist_14planes,null,,0.3829848213944571
nyquist_14planes,null,,0.23460529220839185
nyquist_14planes,null,,0.4357883376278892
nyquist_14planes,null,,0.32937338261230587
nyquist_14planes,null,,0.3088346419492111
nyquist_14planes,null,,0.3484325566952835
nyquist_14planes,null,,0.3391577366463721
nyquist_14planes,null,,0.36320089967338687
nyquist_14planes,null,,0.4314015056241199
nyquist_14planes,null,,0.38448037386115475
nyquist_14planes,null,,0.4820252915467147
nyquist_14planes,null,,0.2614747371037841
nyquist_14planes,null,,0.29321214280872177
nyquist_14planes,null,,0.3860702054433495
nyquist_14planes,null,,0.4886986941011843
nyquist_14planes,null,,0.46741407483960384
nyquist_14planes,null,,0.3829848213944571
nyquist_14planes,null,,0.27559904597325147
nyquist_14planes,null,,0.3644903198436503
nyquist_14planes,null,,0.3763602180530228
nyquist_14planes,null,,0.3940707349728819
nyquist_14planes,null,,0.21594608889420522
nyquist_14planes,null,,0.36590956066961555
nyquist_14planes,null,,0.4763354718855425
nyquist_14planes,null,,0.3941832671152
nyquist_14planes,null,,0.38448037386115475
nyquist_14planes,null,,0.31306788038603833
nyquist_14planes,null,,0.22610792185316653
nyquist_14planes,null,,0.3307644630386099
nyquist_14planes,null,,0.37383367004282647
nyquist_14planes,null,,0.43976608155546315
nyquist_14planes,null,,0.46505159929305956
nyquist_14planes,null,,0.3618649528447218
nyquist_14planes,null,,0.2977438198932148
nyquist_14planes,null,,0.43262112227878907
nyquist_14planes,null,,0.2360722703000963
nyquist_14planes,null,,0.27701220975956736
nyquist_14planes,null,,0.28718290928133
nyquist_14planes,null,,0.3149841827407773
nyquist_14planes,null,,0.253958162420087
nyquist_14planes,null,,0.1877875442580789
nyquist_14planes,null,,0.33565771949357487
nyquist_14planes,null,,0.23106008915368118
nyquist_14planes,null,,0.3149841827407773
nyquist_14planes,null,,0.24594256509431137
nyquist_14planes,null,,0.27701220975956736
nyquist_14planes,null,,0.24094024104733422
nyquist_14planes,null,,0.33563653252089304
nyquist_14planes,null,,0.253958162420087
nyquist_14planes,null,,0.3255715837143824
nyquist_14planes,null,,0.3259885711053808
nyquist_14planes,null,,0.46741407483960384
nyquist_14planes,null,,0.3025807502664662
nyquist_14planes,null,,0.3829848213944571
nyquist_14planes,null,,0.3029080154564079
nyquist_14planes,null,,0.35159249408527604
nyquist_14planes,null,,0.17130585589048766
nyquist_14planes,null,,0.3423745775626841
nyquist_14planes,null,,0.3548696625114326
nyquist_14planes,null,,0.45109070554512504
nyquist_14planes,null,,0.3165920036931906
nyquist_14planes,null,,0.3580956188796772
nyquist_14planes,null,,0.370608436886351
nyquist_14planes,null,,0.2989440578431783
nyquist_14planes,null,,0.42382179448751883
nyquist_14planes,null,,0.4054801837333195
nyquist_14planes,null,,0.34670978281018094
nyquist_14planes,null,,0.45080484498780765
nyquist_14planes,null,,0.3631616992768783
nyquist_14planes,null,,0.23354626687667762
nyquist_14planes,null,,0.3273445578294914
nyquist_14planes,null,,0.2429751410964575
nyquist_14planes,null,,0.18697923904623392
nyquist_14planes,null,,0.3603285789037313
nyquist_14planes,null,,0.35656285190505926
nyquist_14planes,null,,0.3011534420023721
nyquist_14planes,null,,0.24594256509431137
nyquist_14planes,null,,0.33308298059409225
nyquist_14planes,null,,0.3391577366463721
nyquist_14planes,null,,0.3423745775626841
nyquist_14planes,null,,0.33308298059409225
nyquist_14planes,null,,0.3246580861969836
nyquist_14planes,null,,0.3701921204400578
nyquist_14planes,null,,0.36961980069496464
nyquist_14planes,null,,0.3394131063098356
nyquist_14planes,null,,0.2673109600774044
nyquist_14planes,null,,0.316651278638611
nyquist_14planes,null,,0.41876537095570765
nyquist_14planes,null,,0.4287489255730024
nyquist_14planes,null,,0.4067433420663997
nyquist_14planes,null,,0.38075265298774275
nyquist_14planes,null,,0.3860702054433495
nyquist_14planes,null,,0.3012378659328482
nyquist_14planes,null,,0.4727522286525615
nyquist_14planes,null,,0.43262112227878907
nyquist_14planes,null,,0.3940707349728819
nyquist_14planes,null,,0.3860702054433495
nyquist_14planes,null,,0.43056428146084896
nyquist_14planes,null,,0.34566609961248396
nyquist_14planes,null,,0.2667255571545102
nyquist_14planes,null,,0.41876537095570765
nyquist_14planes,null,,0.3680334696102077
nyquist_14planes,null,,0.231557558563738
nyquist_14planes,null,,0.2383062817263883
nyquist_14planes,null,,0.370608436886351
nyquist_14planes,null,,0.322565993575837
nyquist_14planes,null,,0.21157882912894646
nyquist_14planes,null,,0.24935787969500978
nyquist_14planes,null,,0.34478734942966865
nyquist_14planes,null,,0.5119041633523417
nyquist_14planes,null,,0.3658114308615121
nyquist_14planes,null,,0.31838703922702805
nyquist_14planes,null,,0.4010902763721334
nyquist_14planes,null,,0.42308529277736967
nyquist_14planes,null,,0.32467139453489696
nyquist_14planes,null,,0.3284067612403392
nyquist_14planes,null,,0.2686345563749776
nyquist_14planes,null,,0.4067433420663997
nyquist_14planes,null,,0.28920774509190295
nyquist_14planes,null,,0.3940707349728819
nyquist_14planes,null,,0.3405908354732244
nyquist_14planes,null,,0.40971003604715994
nyquist_14planes,null,,0.31951285077711333
nyquist_14planes,null,,0.3265057550228585
nyquist_14planes,null,,0.33187807262929675
nyquist_14planes,null,,0.35959706349551496
nyquist_14planes,null,,0.30225844894879034
nyquist_14planes,null,,0.36487083295300926
nyquist_14planes,null,,0.3983438444880795
nyquist_14planes,null,,0.4022809072242853
nyquist_14planes,null,,0.33187807262929675
nyquist_14planes,null,,0.30276464914714674
nyquist_14planes,null,,0.3872994840341114
nyquist_14planes,null,,0.32606034750038876
nyquist_14planes,null,,0.2739821248929017
nyquist_14planes,null,,0.3444648113895323
nyquist_14planes,null,,0.4324250462930471
nyquist_14planes,null,,0.2974933903080609
nyquist_14planes,null,,0.2814194242051098
nyquist_14planes,null,,0.3666644141306918
nyquist_14planes,null,,0.45969893904836495
nyquist_14planes,null,,0.40971003604715994
nyquist_14planes,null,,0.24935787969500978
nyquist_14planes,null,,0.3304770413760563
nyquist_14planes,null,,0.4062579855513774
nyquist_14planes,null,,0.2908107214585898
nyquist_14planes,null,,0.3001211464767735
nyquist_14planes,null,,0.30457018028525734
nyquist_14planes,null,,0.4246719647056665
nyquist_14planes,null,,0.23106008915368118
nyquist_14planes,null,,0.44762259047709885
nyquist_14planes,null,,0.30561230942698675
nyquist_14planes,null,,0.3394131063098356
nyquist_14planes,null,,0.45795932106970655
nyquist_14planes,null,,0.3343482470902446
nyquist_14planes,null,,0.3484325566952835
nyquist_14planes,null,,0.30647308165837656
nyquist_14planes,null,,0.372359040049059
nyquist_14planes,null,,0.46039546724194774
nyquist_14planes,null,,0.2412379067545159
nyquist_14planes,null,,0.30991528340323565
nyquist_14planes,null,,0.16858205122989303
nyquist_14planes,null,,0.34249701633585666
nyquist_14planes,null,,0.38075265298774275
nyquist_14planes,null,,0.2689879420405081
nyquist_14planes,null,,0.34992682096858563
nyquist_14planes,null,,0.3658114308615121
nyquist_14planes,null,,0.3385311061223848
nyquist_14planes,null,,0.313056078498427
nyquist_14planes,null,,0.3725255094119832
nyquist_14planes,null,,0.37663409608643983
nyquist_14planes,null,,0.3394131063098356
nyquist_14planes,null,,0.4432247749169241
nyquist_14planes,null,,0.316651278638611
nyquist_14planes,null,,0.3573989676617064
nyquist_14planes,null,,0.35656285190505926
nyquist_14planes,null,,0.4450349945286643
nyquist_14planes,null,,0.4246719647056665
nyquist_14planes,null,,0.34238791656332607
nyquist_14planes,null,,0.3720296833507599
nyquist_14planes,null,,0.4445087258244812
nyquist_14planes,null,,0.4432247749169241
nyquist_14planes,null,,0.3720296833507599
nyquist_14planes,null,,0.2686345563749776
nyquist_14planes,null,,0.38075265298774275
nyquist_14planes,null,,0.2814194242051098
nyquist_14planes,null,,0.317715476641206
nyquist_14planes,null,,0.26815149353891143
nyquist_14planes,null,,0.36590956066961555
nyquist_14planes,null,,0.2822333928197088
nyquist_14planes,null,,0.29870216527748594
nyquist_14planes,null,,0.1877875442580789
nyquist_14planes,null,,0.3592494687867548
nyquist_14planes,null,,0.33332462745656416
nyquist_14planes,null,,0.370608436886351
nyquist_14planes,null,,0.41733776414069523
nyquist_14planes,null,,0.31157653328621543
nyquist_14planes,null,,0.3872994840341114
nyquist_14planes,null,,0.41053642250245265
nyquist_14planes,null,,0.453974166739481
nyquist_14planes,null,,0.3886496293289661
nyquist_14planes,null,,0.4558781089922098
nyquist_14planes,null,,0.36873396272500397
nyquist_14planes,null,,0.4006941540890776
nyquist_14planes,null,,0.33308298059409225
nyquist_14planes,null,,0.28892685882519303
nyquist_14planes,null,,0.31461477623071205
nyquist_14planes,null,,0.22809720150086038
nyquist_14planes,null,,0.3001211464767735
nyquist_14planes,null,,0.38936346140772643
nyquist_14planes,null,,0.316651278638611
nyquist_14planes,null,,0.4222312772608303
nyquist_14planes,null,,0.40471528653174066
nyquist_14planes,null,,0.32895329617660357
nyquist_14planes,null,,0.36556538808501343
nyquist_14planes,null,,0.32981317480097966
nyquist_14planes,null,,0.29937166121832876
nyquist_14planes,null,,0.25277554114737394
nyquist_14planes,null,,0.43252853868495533
nyquist_14planes,null,,0.3001211464767735
nyquist_14planes,null,,0.28718290928133
nyquist_14planes,null,,0.4222312772608303
nyquist_14planes,null,,0.21977304219490373
nyquist_14planes,null,,0.34462199672903115
nyquist_14planes,null,,0.448475444521615
nyquist_14planes,null,,0.25277554114737394
nyquist_14planes,null,,0.28920774509190295
nyquist_14planes,null,,0.3255715837143824
nyquist_14planes,null,,0.19653459554275263
nyquist_14planes,null,,0.25167187028575416
nyquist_14planes,null,,0.3325896351620487
nyquist_14planes,null,,0.36150033182700736
nyquist_14planes,null,,0.4432247749169241
nyquist_14planes,null,,0.28105378595058367
nyquist_14planes,null,,0.32245428097788864
nyquist_14planes,null,,0.41046376162836085
nyquist_14planes,null,,0.34238791656332607
nyquist_14planes,null,,0.46505159929305956
nyquist_14planes,null,,0.33308298059409225
nyquist_14planes,null,,0.4002967948112518
nyquist_14planes,null,,0.25443540950271715
nyquist_14planes,null,,0.4763354718855425
nyquist_14planes,null,,0.3484325566952835
nyquist_14planes,null,,0.3273445578294914
nyquist_14planes,null,,0.3872994840341114
nyquist_14planes,null,,0.4012682131721563
nyquist_14planes,null,,0.3001070578124978
nyquist_14planes,null,,0.33565771949357487
nyquist_14planes,null,,0.3527613258816097
nyquist_14planes,null,,0.42041874066836565
nyquist_14planes,null,,0.39505974294785134
nyquist_14planes,null,,0.2984519996653618
nyquist_14planes,null,,0.36794482940870127
nyquist_14planes,null,,0.38448037386115475
nyquist_14planes,null,,0.4154030425124759
nyquist_14planes,null,,0.38075265298774275
nyquist_14planes,null,,0.30869144112379626
nyquist_14planes,null,,0.32981317480097966
nyquist_14planes,null,,0.3732249089332134
nyquist_14planes,null,,0.24578795026743397
nyquist_14planes,null,,0.36599044382681906
nyquist_14planes,null,,0.43262112227878907
nyquist_14planes,null,,0.428397514472552
nyquist_14planes,null,,0.2612150054525964
nyquist_14planes,null,,0.29601780042940035
nyquist_14planes,null,,0.30694192413682725
nyquist_14planes,null,,0.3001211464767735
nyquist_14planes,null,,0.3684286343520556
nyquist_14planes,null,,0.29882803045190337
nyquist_14planes,null,,0.29601780042940035
nyquist_14planes,null,,0.45909088621959
nyquist_14planes,null,,0.3284067612403392
nyquist_14planes,null,,0.3343482470902446
nyquist_14planes,null,,0.3343482470902446
nyquist_14planes,null,,0.3911177931067059
nyquist_14planes,null,,0.4010902763721334
nyquist_14planes,null,,0.3484325566952835
nyquist_14planes,null,,0.37515096222939504
nyquist_14planes,null,,0.3384968675617126
nyquist_14planes,null,,0.22610792185316653
nyquist_14planes,null,,0.4450349945286643
nyquist_14planes,null,,0.40577914237699114
nyquist_14planes,null,,0.41276617016085115
nyquist_14planes,null,,0.4451133313409311
nyquist_14planes,null,,0.34462199672903115
nyquist_14planes,null,,0.3450887319950332
nyquist_14planes,null,,0.25167187028575416
nyquist_14planes,null,,0.3977331186047437
nyquist_14planes,null,,0.39112116882204645
nyquist_14planes,null,,0.3088346419492111
nyquist_14planes,null,,0.40909948597833395
nyquist_14planes,null,,0.30182747084272654
nyquist_14planes,null,,0.24399791210082716
nyquist_14planes,null,,0.3255715837143824
nyquist_14planes,null,,0.30694192413682725
nyquist_14planes,null,,0.35596923092410715
nyquist_14planes,null,,0.430095214846017
nyquist_14planes,null,,0.30237920629525494
nyquist_14planes,null,,0.2770410562269979
nyquist_14planes,null,,0.38298889266989933
nyquist_14planes,null,,0.2733297392719365
nyquist_14planes,null,,0.16025057495973474
nyquist_14planes,null,,0.29601780042940035
nyquist_14planes,null,,0.35596923092410715
nyquist_14planes,null,,0.3685704613369103
nyquist_14planes,null,,0.3273445578294914
nyquist_14planes,null,,0.27685009956127055
nyquist_14planes,null,,0.3103738245564611
nyquist_14planes,null,,0.46039546724194774
nyquist_14planes,null,,0.2898906441783436
nyquist_14planes,null,,0.2360722703000963
nyquist_14planes,null,,0.3684286343520556
nyquist_14planes,null,,0.25167187028575416
nyquist_14planes,null,,0.21594608889420522
nyquist_14planes,null,,0.34238791656332607
nyquist_14planes,null,,0.3977331186047437
nyquist_14planes,null,,0.3165920036931906
nyquist_14planes,null,,0.45654330724538844
nyquist_14planes,null,,0.41876537095570765
nyquist_14planes,null,,0.4006941540890776
nyquist_14planes,null,,0.29515544274387995
nyquist_14planes,null,,0.3911177931067059
nyquist_14planes,null,,0.2916029391850442
nyquist_14planes,null,,0.3702310371059168
nyquist_14planes,null,,0.41980834771202546
nyquist_14planes,null,,0.22610792185316653
nyquist_14planes,null,,0.3391577366463721
nyquist_14planes,null,,0.4010902763721334
nyquist_14planes,null,,0.4386423276022271
nyquist_14planes,null,,0.36590956066961555
nyquist_14planes,null,,0.28920774509190295
nyquist_14planes,null,,0.2898906441783436
nyquist_14planes,null,,0.32895329617660357
nyquist_14planes,null,,0.32015814277051846
nyquist_14planes,null,,0.3977331186047437
nyquist_14planes,null,,0.26594946659113594
nyquist_14planes,null,,0.3430385087499583
nyquist_14planes,null,,0.38229024486137725
nyquist_14planes,null,,0.3872681888545608
nyquist_14planes,null,,0.2852352666183396
nyquist_14planes,null,,0.3741281846339541
nyquist_14planes,null,,0.3484325566952835
nyquist_14planes,null,,0.3685704613369103
nyquist_14planes,null,,0.4763354718855425
nyquist_14planes,null,,0.4691235768156009
nyquist_14planes,null,,0.4266057687581875
nyquist_14planes,null,,0.4381416767544682
nyquist_14planes,null,,0.4381149174048074
nyquist_14planes,null,,0.36127028056315835
nyquist_14planes,null,,0.41169015403942394
nyquist_14planes,null,,0.3534499304183726
nyquist_14planes,null,,0.4691235768156009
nyquist_14planes,null,,0.3135134784014624
nyquist_14planes,null,,0.3328298034027068
nyquist_14planes,null,,0.23324079890104996
nyquist_14planes,null,,0.20230889679030808
nyquist_14planes,null,,0.39505974294785134
nyquist_14planes,null,,0.3503617865129943
nyquist_14planes,null,,0.4289995561679276
nyquist_14planes,null,,0.35121753819261053
nyquist_14planes,null,,0.40971003604715994
nyquist_14planes,null,,0.3872994840341114
nyquist_14planes,null,,0.35054560324425493
nyquist_14planes,null,,0.4763354718855425
nyquist_14planes,null,,0.3720296833507599
nyquist_14planes,null,,0.28639356963165385
nyquist_14planes,null,,0.2822333928197088
nyquist_14planes,null,,0.4714500670343624
nyquist_14planes,null,,0.29189561665111957
nyquist_14planes,null,,0.28920774509190295
nyquist_14planes,null,,0.3423745775626841
nyquist_14planes,null,,0.2620444350708611
nyquist_14planes,null,,0.4190374090122627
nyquist_14planes,null,,0.38298889266989933
nyquist_14planes,null,,0.4780413007940677
nyquist_14planes,null,,0.36990444261479277
nyquist_14planes,null,,0.28892685882519303
nyquist_14planes,null,,0.2992971869043251
nyquist_14planes,null,,0.3744555847727273
nyquist_14planes,null,,0.41876537095570765
nyquist_14planes,null,,0.28972237576257487
nyquist_14planes,null,,0.28997853684261354
nyquist_14planes,null,,0.26815149353891143
nyquist_14planes,null,,0.4002967948112518
nyquist_14planes,null,,0.4370677922878533
nyquist_14planes,null,,0.3135134784014624
nyquist_14planes,null,,0.3135134784014624
nyquist_14planes,null,,0.2989440578431783
nyquist_14planes,null,,0.2372883085821638
nyquist_14planes,null,,0.3162100845657832
nyquist_14planes,null,,0.3325896351620487
nyquist_14planes,null,,0.3685704613369103
nyquist_14planes,null,,0.3384968675617126
nyquist_14planes,null,,0.16858205122989303
nyquist_14planes,null,,0.16858205122989303
nyquist_14planes,null,,0.23586276606951911
nyquist_14planes,null,,0.2412379067545159
nyquist_14planes,null,,0.41046376162836085
nyquist_14planes,null,,0.45360757355736675
nyquist_14planes,null,,0.29924009014007913
nyquist_14planes,null,,0.34670978281018094
nyquist_14planes,null,,0.39210352299031287
nyquist_14planes,null,,0.4981413390930741
nyquist_14planes,null,,0.3709718312378705
nyquist_14planes,null,,0.1721250281327041
nyquist_14planes,null,,0.36961980069496464
nyquist_14planes,null,,0.35010577793429715
nyquist_14planes,null,,0.36590956066961555
nyquist_14planes,null,,0.2974933903080609
nyquist_14planes,null,,0.46729557552217893
nyquist_14planes,null,,0.43376127016810645
nyquist_14planes,null,,0.3631616992768783
nyquist_14planes,null,,0.32937338261230587
nyquist_14planes,null,,0.33332462745656416
nyquist_14planes,null,,0.42724435602762273
nyquist_14planes,null,,0.24331213743666186
nyquist_14planes,null,,0.22809720150086038
nyquist_14planes,null,,0.3704875532680289
nyquist_14planes,null,,0.3190056274963038
nyquist_14planes,null,,0.21566349758703743
nyquist_14planes,null,,0.33308298059409225
nyquist_14planes,null,,0.43286826457388883
nyquist_14planes,null,,0.20198072032881553
nyquist_14planes,null,,0.3989672229919555
nyquist_14planes,null,,0.36794482940870127
nyquist_14planes,null,,0.31306788038603833
nyquist_14planes,null,,0.36030607399266207
nyquist_14planes,null,,0.44679602304674154
nyquist_14planes,null,,0.40162905090458
nyquist_14planes,null,,0.20786961125742684
nyquist_14planes,null,,0.3484325566952835
nyquist_14planes,null,,0.3527613258816097
nyquist_14planes,null,,0.31951285077711333
nyquist_14planes,null,,0.29924009014007913
nyquist_14planes,null,,0.41241881854220225
nyquist_14planes,null,,0.3872681888545608
nyquist_14planes,null,,0.24935787969500978
nyquist_14planes,null,,0.4162648332606098
nyquist_14planes,null,,0.20786961125742684
nyquist_14planes,null,,0.30225844894879034
nyquist_14planes,null,,0.43068004823942113
nyquist_14planes,null,,0.3548696625114326
nyquist_14planes,null,,0.34574729461670184
nyquist_14planes,null,,0.35121753819261053
nyquist_14planes,null,,0.316651278638611
nyquist_14planes,null,,0.35159249408527604
nyquist_14planes,null,,0.19441530673378277
nyquist_14planes,null,,0.35596923092410715
nyquist_14planes,null,,0.44005633058184135
nyquist_14planes,null,,0.34670978281018094
nyquist_14planes,null,,0.5151186735428422
nyquist_14planes,null,,0.2093423565381347
nyquist_14planes,null,,0.40971003604715994
nyquist_14planes,null,,0.36030607399266207
nyquist_14planes,null,,0.36794482940870127
nyquist_14planes,null,,0.3660673113855552
nyquist_14planes,null,,0.24594256509431137
nyquist_14planes,null,,0.32015814277051846
nyquist_14planes,null,,0.26815149353891143
nyquist_14planes,null,,0.37383367004282647
nyquist_14planes,null,,0.28105378595058367
nyquist_14planes,null,,0.39735455163594463
nyquist_14planes,null,,0.4162648332606098
nyquist_14planes,null,,0.3603285789037313
nyquist_14planes,null,,0.2916029391850442
nyquist_14planes,null,,0.30225844894879034
nyquist_14planes,null,,0.34224630000443623
nyquist_14planes,null,,0.32945006644283975
nyquist_14planes,null,,0.38075265298774275
nyquist_14planes,null,,0.40602333798361134
nyquist_14planes,null,,0.31596228566995777
nyquist_14planes,null,,0.39479836236484345
nyquist_14planes,null,,0.3872994840341114
nyquist_14planes,null,,0.36739795362839983
nyquist_14planes,null,,0.2977438198932148
nyquist_14planes,null,,0.3693416095317501
nyquist_14planes,null,,0.3548696625114326
nyquist_14planes,null,,0.32981317480097966
nyquist_14planes,null,,0.38448037386115475
nyquist_14planes,null,,0.36320089967338687
nyquist_14planes,null,,0.3503617865129943
nyquist_14planes,null,,0.25337117524973995
nyquist_14planes,null,,0.3056994074019184
nyquist_14planes,null,,0.35656285190505926
nyquist_14planes,null,,0.3618649528447218
nyquist_14planes,null,,0.36487083295300926
nyquist_14planes,null,,0.4062579855513774
nyquist_14planes,null,,0.30237428784481674
nyquist_14planes,null,,0.24018561885904607
nyquist_14planes,null,,0.2921871489228735
nyquist_14planes,null,,0.30043465947248854
nyquist_14planes,null,,0.3584472693225135
nyquist_14planes,null,,0.39735455163594463
nyquist_14planes,null,,0.4067433420663997
nyquist_14planes,null,,0.37618725965209243
nyquist_14planes,null,,0.33514480049966683
nyquist_14planes,null,,0.3307644630386099
nyquist_14planes,null,,0.2974933903080609
nyquist_14planes,null,,0.37618725965209243
nyquist_14planes,null,,0.35656285190505926
nyquist_14planes,null,,0.37383367004282647
nyquist_14planes,null,,0.29189561665111957
nyquist_14planes,null,,0.3255715837143824
nyquist_14planes,null,,0.33308298059409225
nyquist_14planes,null,,0.3978134280424845
nyquist_14planes,null,,0.37663409608643983
nyquist_14planes,null,,0.3838690157143683
nyquist_14planes,null,,0.4445087258244812
nyquist_14planes,null,,0.36030607399266207
nyquist_14planes,null,,0.40961925591648546
nyquist_14planes,null,,0.37515096222939504
nyquist_14planes,null,,0.28639356963165385
nyquist_14planes,null,,0.21157882912894646
nyquist_14planes,null,,0.40471528653174066
nyquist_14planes,null,,0.30757586804490783
nyquist_14planes,null,,0.42382179448751883
nyquist_14planes,null,,0.3610231870480011
nyquist_14planes,null,,0.25687787973575243
nyquist_14planes,null,,0.30561230942698675
nyquist_14planes,null,,0.23676962278970343
nyquist_14planes,null,,0.3631616992768783
nyquist_14planes,null,,0.3529282409239175
nyquist_14planes,null,,0.3571966411881388
nyquist_14planes,null,,0.2733297392719365
nyquist_14planes,null,,0.46741407483960384
nyquist_14planes,null,,0.3259885711053808
nyquist_14planes,null,,0.3725255094119832
nyquist_14planes,null,,0.35647470161868344
nyquist_14planes,null,,0.3394131063098356
nyquist_14planes,null,,0.39505974294785134
nyquist_14planes,null,,0.33308298059409225
nyquist_14planes,null,,0.2974933903080609
nyquist_14planes,null,,0.21594608889420522
nyquist_14planes,null,,0.29321214280872177
nyquist_14planes,null,,0.43976608155546315
nyquist_14planes,null,,0.28718290928133
nyquist_14planes,null,,0.36961980069496464
nyquist_14planes,null,,0.14591700010154232
nyquist_14planes,null,,0.38448037386115475
nyquist_14planes,null,,0.3977331186047437
nyquist_14planes,null,,0.23676962278970343
nyquist_14planes,null,,0.259567921287262
nyquist_14planes,null,,0.3094284090830404
nyquist_14planes,null,,0.30225844894879034
nyquist_14planes,null,,0.3045146524717526
nyquist_14planes,null,,0.231557558563738
nyquist_14planes,null,,0.316651278638611
nyquist_14planes,null,,0.41051693916148474
nyquist_14planes,null,,0.39210352299031287
nyquist_14planes,null,,0.2620444350708611
nyquist_14planes,null,,0.3162100845657832
nyquist_14planes,null,,0.4357883376278892
nyquist_14planes,null,,0.41980834771202546
nyquist_14planes,null,,0.47827706098042744
nyquist_14planes,null,,0.3548696625114326
nyquist_14planes,null,,0.4154030425124759
nyquist_14planes,null,,0.3838690157143683
nyquist_14planes,null,,0.3684286343520556
nyquist_14planes,null,,0.39210352299031287
nyquist_14planes,null,,0.41753807862420994
nyquist_14planes,null,,0.31766103727276385
nyquist_14planes,null,,0.46741407483960384
nyquist_14planes,null,,0.2614747371037841
nyquist_14planes,null,,0.3139500306960251
nyquist_14planes,null,,0.42490319639108826
nyquist_14planes,null,,0.3666644141306918
nyquist_14planes,null,,0.38075265298774275
nyquist_14planes,null,,0.3573989676617064
nyquist_14planes,null,,0.44963308986493083
nyquist_14planes,null,,0.3732249089332134
nyquist_14planes,null,,0.29601780042940035
nyquist_14planes,null,,0.3279520002088112
nyquist_14planes,null,,0.3343482470902446
nyquist_14planes,null,,0.3886496293289661
nyquist_14planes,null,,0.3603285789037313
nyquist_14planes,null,,0.3860702054433495
nyquist_14planes,null,,0.40162905090458
nyquist_14planes,null,,0.3714338597037896
nyquist_14planes,null,,0.3135134784014624
nyquist_14planes,null,,0.35010577793429715
nyquist_14planes,null,,0.4756518619505502
nyquist_14planes,null,,0.3756331964783152
nyquist_14planes,null,,0.4132084946269338
nyquist_14planes,null,,0.30225844894879034
nyquist_14planes,null,,0.23967489252009513
nyquist_14planes,null,,0.2974846119949734
nyquist_14planes,null,,0.418410717617719
nyquist_14planes,null,,0.34670978281018094
nyquist_14planes,null,,0.13349163317832397
nyquist_14planes,null,,0.33332462745656416
nyquist_14planes,null,,0.3586352990010571
nyquist_14planes,null,,0.3586352990010571
nyquist_14planes,null,,0.3580956188796772
nyquist_14planes,null,,0.35010577793429715
nyquist_14planes,null,,0.3149841827407773
nyquist_14planes,null,,0.3573989676617064
nyquist_14planes,null,,0.4222312772608303
nyquist_14planes,null,,0.37515096222939504
nyquist_14planes,null,,0.3190056274963038
nyquist_14planes,null,,0.29924009014007913
nyquist_14planes,null,,0.3450887319950332
nyquist_14planes,null,,0.3701921204400578
nyquist_14planes,null,,0.2916029391850442
nyquist_14planes,null,,0.3450887319950332
nyquist_14planes,null,,0.4054801837333195
nyquist_14planes,null,,0.33308298059409225
nyquist_14planes,null,,0.3056994074019184
nyquist_14planes,null,,0.1787052349792402
nyquist_14planes,null,,0.21672971413375375
nyquist_14planes,null,,0.3615062525172109
nyquist_14planes,null,,0.4103142457373004
nyquist_14planes,null,,0.35010577793429715
nyquist_14planes,null,,0.2966372223582178
nyquist_14planes,null,,0.39735455163594463
nyquist_14planes,null,,0.3592494687867548
nyquist_14planes,null,,0.39210352299031287
nyquist_14planes,null,,0.4022809072242853
nyquist_14planes,null,,0.4451133313409311
nyquist_14planes,null,,0.2965915043636706
nyquist_14planes,null,,0.24767732129015188
nyquist_14planes,null,,0.29882803045190337
nyquist_14planes,null,,0.3086453601412822
nyquist_14planes,null,,0.36739795362839983
nyquist_14planes,null,,0.3444648113895323
nyquist_14planes,null,,0.4125070583985116
nyquist_14planes,null,,0.2436143576530819
nyquist_14planes,null,,0.30647308165837656
nyquist_14planes,null,,0.24594256509431137
nyquist_14planes,null,,0.29882803045190337
nyquist_14planes,null,,0.24594256509431137
nyquist_14planes,null,,0.29189561665111957
nyquist_14planes,null,,0.3955203153995051
nyquist_14planes,null,,0.3603285789037313
nyquist_14planes,null,,0.24767732129015188
nyquist_14planes,null,,0.30991528340323565
nyquist_14planes,null,,0.2689879420405081
nyquist_14planes,null,,0.28290466441755496
nyquist_14planes,null,,0.30043465947248854
nyquist_14planes,null,,0.3450887319950332
nyquist_14planes,null,,0.36127028056315835
nyquist_14planes,null,,0.339501390040577
nyquist_14planes,null,,0.3548696625114326
nyquist_14planes,null,,0.3709718312378705
nyquist_14planes,null,,0.3265057550228585
nyquist_14planes,null,,0.36487083295300926
nyquist_14planes,null,,0.31988119503441836
nyquist_14planes,null,,0.3685704613369103
nyquist_14planes,null,,0.3685704613369103
nyquist_14planes,null,,0.3741281846339541
nyquist_14planes,null,,0.2530732406754435
nyquist_14planes,null,,0.2947021114826883
nyquist_14planes,null,,0.30276464914714674
nyquist_14planes,null,,0.4727522286525615
nyquist_14planes,null,,0.41403254701578096
nyquist_14planes,null,,0.4954649685938141
nyquist_14planes,null,,0.370608436886351
nyquist_14planes,null,,0.231557558563738
nyquist_14planes,null,,0.3049479493627204
nyquist_14planes,null,,0.3603285789037313
nyquist_14planes,null,,0.31461477623071205
nyquist_14planes,null,,0.3279520002088112
nyquist_14planes,null,,0.3955203153995051
nyquist_14planes,null,,0.3548696625114326
nyquist_14planes,null,,0.40282069135676957
nyquist_14planes,null,,0.37663409608643983
nyquist_14planes,null,,0.24767732129015188
nyquist_14planes,null,,0.3343482470902446
nyquist_14planes,null,,0.24594256509431137
nyquist_14planes,null,,0.313056078498427
nyquist_14planes,null,,0.41201017636146964
nyquist_14planes,null,,0.3534499304183726
nyquist_14planes,null,,0.23412035230784223
nyquist_14planes,null,,0.22809720150086038
nyquist_14planes,null,,0.3103738245564611
nyquist_14planes,null,,0.3190056274963038
nyquist_14planes,null,,0.3571966411881388
nyquist_14planes,null,,0.23043222292178916
nyquist_14planes,null,,0.36794482940870127
nyquist_14planes,null,,0.2973029571685683
nyquist_14planes,null,,0.4054801837333195
nyquist_14planes,null,,0.30694192413682725
nyquist_14planes,null,,0.28892685882519303
nyquist_14planes,null,,0.33332462745656416
nyquist_14planes,null,,0.3571966411881388
nyquist_14planes,null,,0.43262112227878907
nyquist_14planes,null,,0.2965915043636706
nyquist_14planes,null,,0.25758307653126256
nyquist_14planes,null,,0.3246580861969836
nyquist_14planes,null,,0.4287489255730024
nyquist_14planes,null,,0.44679602304674154
nyquist_14planes,null,,0.35054560324425493
nyquist_14planes,null,,0.3423745775626841
nyquist_14planes,null,,0.3430385087499583
nyquist_14planes,null,,0.2905388566403109
nyquist_14planes,null,,0.4702574048975187
nyquist_14planes,null,,0.256359817256122
nyquist_14planes,null,,0.46741407483960384
nyquist_14planes,null,,0.3709718312378705
nyquist_14planes,null,,0.32606034750038876
nyquist_14planes,null,,0.365902967661704
nyquist_14planes,null,,0.31766103727276385
nyquist_14planes,null,,0.4032100149843009
nyquist_14planes,null,,0.4583689357567628
nyquist_14planes,null,,0.46039546724194774
nyquist_14planes,null,,0.4147632069280169
nyquist_14planes,null,,0.36320089967338687
nyquist_14planes,null,,0.3529282409239175
nyquist_14planes,null,,0.3823872979687001
nyquist_14planes,null,,0.316651278638611
nyquist_14planes,null,,0.3655086741248308
nyquist_14planes,null,,0.41876537095570765
nyquist_14planes,null,,0.2673109600774044
nyquist_14planes,null,,0.313056078498427
nyquist_14planes,null,,0.3978134280424845
nyquist_14planes,null,,0.25102900708525394
nyquist_14planes,null,,0.47541895191435635
nyquist_14planes,null,,0.36320089967338687
nyquist_14planes,null,,0.2973029571685683
nyquist_14planes,null,,0.41876537095570765
nyquist_14planes,null,,0.3763602180530228
nyquist_14planes,null,,0.3603285789037313
nyquist_14planes,null,,0.42657002411578104
nyquist_14planes,null,,0.39496648095750003
nyquist_14planes,null,,0.27701220975956736
nyquist_14planes,null,,0.2158498759816782
nyquist_14planes,null,,0.2372883085821638
nyquist_14planes,null,,0.381029898400171
nyquist_14planes,null,,0.34249701633585666
nyquist_14planes,null,,0.31964324711847536
nyquist_14planes,null,,0.39197600398266325
nyquist_14planes,null,,0.2673109600774044
nyquist_14planes,null,,0.21336584904611303
nyquist_14planes,null,,0.3666644141306918
nyquist_14planes,null,,0.3860702054433495
nyquist_14planes,null,,0.23043222292178916
nyquist_14planes,null,,0.34238791656332607
nyquist_14planes,null,,0.20790518934869384
nyquist_14planes,null,,0.4420465286981504
nyquist_14planes,null,,0.28718290928133
nyquist_14planes,null,,0.3821072484532144
nyquist_14planes,null,,0.3684286343520556
nyquist_14planes,null,,0.3573989676617064
nyquist_14planes,null,,0.24863130173193615
nyquist_14planes,null,,0.33422145318851754
nyquist_14planes,null,,0.5163161457512468
nyquist_14planes,null,,0.3503617865129943
nyquist_14planes,null,,0.36607035673468147
nyquist_14planes,null,,0.3391577366463721
nyquist_14planes,null,,0.49827039088356045
nyquist_14planes,null,,0.4192935080691596
nyquist_14planes,null,,0.23412035230784223
nyquist_14planes,null,,0.3804637217772667
nyquist_14planes,null,,0.41051693916148474
nyquist_14planes,null,,0.3265057550228585
nyquist_14planes,null,,0.30757586804490783
nyquist_14planes,null,,0.256359817256122
nyquist_14planes,null,,0.3259885711053808
nyquist_14planes,null,,0.3872681888545608
nyquist_14planes,null,,0.28920774509190295
nyquist_14planes,null,,0.4657084246358974
nyquist_14planes,null,,0.381029898400171
nyquist_14planes,null,,0.3603285789037313
nyquist_14planes,null,,0.38936346140772643
nyquist_14planes,null,,0.33332462745656416
nyquist_14planes,null,,0.30991528340323565
nyquist_14planes,null,,0.3484325566952835
nyquist_14planes,null,,0.23460529220839185
nyquist_14planes,null,,0.30043465947248854
nyquist_14planes,null,,0.30043465947248854
nyquist_14planes,null,,0.4287489255730024
nyquist_14planes,null,,0.2053554072497027
nyquist_14planes,null,,0.39735455163594463
nyquist_14planes,null,,0.3423745775626841
nyquist_14planes,null,,0.3006650576385699
nyquist_14planes,null,,0.28892685882519303
nyquist_14planes,null,,0.36030607399266207
nyquist_14planes,null,,0.41053642250245265
nyquist_14planes,null,,0.29882803045190337
nyquist_14planes,null,,0.2823833108076271
nyquist_14planes,null,,0.35010577793429715
nyquist_14planes,null,,0.4186012239709831
nyquist_14planes,null,,0.4261358080879292
nyquist_14planes,null,,0.4375017486552007
nyquist_14planes,null,,0.5321132420516929
nyquist_14planes,null,,0.30225844894879034
nyquist_14planes,null,,0.41876537095570765
nyquist_14planes,null,,0.26594946659113594
nyquist_14planes,null,,0.2973029571685683
nyquist_14planes,null,,0.3977331186047437
nyquist_14planes,null,,0.4062579855513774
nyquist_14planes,null,,0.4186012239709831
nyquist_14planes,null,,0.32015814277051846
nyquist_14planes,null,,0.33153228479734714
nyquist_14planes,null,,0.27948485810253687
nyquist_14planes,null,,0.3405908354732244
nyquist_14planes,null,,0.3265057550228585
nyquist_14planes,null,,0.41169015403942394
nyquist_14planes,null,,0.4653695312155906
nyquist_14planes,null,,0.2429751410964575
nyquist_14planes,null,,0.3527613258816097
nyquist_14planes,null,,0.20790518934869384
nyquist_14planes,null,,0.4381416767544682
nyquist_14planes,null,,0.36599044382681906
nyquist_14planes,null,,0.2620444350708611
nyquist_14planes,null,,0.33422145318851754
nyquist_14planes,null,,0.3139500306960251
nyquist_14planes,null,,0.4520385156998907
nyquist_14planes,null,,0.3405908354732244
nyquist_14planes,null,,0.29937166121832876
nyquist_14planes,null,,0.3165920036931906
nyquist_14planes,null,,0.40961925591648546
nyquist_14planes,null,,0.3284067612403392
nyquist_14planes,null,,0.3071494537264247
nyquist_14planes,null,,0.3684286343520556
nyquist_14planes,null,,0.41876537095570765
nyquist_14planes,null,,0.32937338261230587
nyquist_14planes,null,,0.4381149174048074
nyquist_14planes,null,,0.17130585589048766
nyquist_14planes,null,,0.24767732129015188
nyquist_14planes,null,,0.35121753819261053
nyquist_14planes,null,,0.316651278638611
nyquist_14planes,null,,0.33563653252089304
nyquist_14planes,null,,0.3763602180530228
nyquist_14planes,null,,0.3702310371059168
nyquist_14planes,null,,0.28972237576257487
nyquist_14planes,null,,0.3056994074019184
nyquist_14planes,null,,0.3534499304183726
nyquist_14planes,null,,0.3001211464767735
nyquist_14planes,null,,0.317715476641206
nyquist_14planes,null,,0.26471354877190156
nyquist_14planes,null,,0.3955203153995051
nyquist_14planes,null,,0.4062579855513774
nyquist_14planes,null,,0.36599044382681906
nyquist_14planes,null,,0.316651278638611
nyquist_14planes,null,,0.3343482470902446
nyquist_14planes,null,,0.4062579855513774
nyquist_14planes,null,,0.3265057550228585
nyquist_14planes,null,,0.32937338261230587
nyquist_14planes,null,,0.22722867449732456
nyquist_14planes,null,,0.30694192413682725
nyquist_14planes,null,,0.27710595264451665
nyquist_14planes,null,,0.3631616992768783
nyquist_14planes,null,,0.3977331186047437
nyquist_14planes,null,,0.3821072484532144
nyquist_14planes,null,,0.36030607399266207
nyquist_14planes,null,,0.36839989868061584
nyquist_14planes,null,,0.3584472693225135
nyquist_14planes,null,,0.29321214280872177
nyquist_14planes,null,,0.3343482470902446
nyquist_14planes,null,,0.25475516344472326
nyquist_14planes,null,,0.45360757355736675
nyquist_14planes,null,,0.3484325566952835
nyquist_14planes,null,,0.2916029391850442
nyquist_14planes,null,,0.4252910136971435
nyquist_14planes,null,,0.4010902763721334
nyquist_14planes,null,,0.35159249408527604
nyquist_14planes,null,,0.33251331973757914
nyquist_14planes,null,,0.41051693916148474
nyquist_14planes,null,,0.21566349758703743
nyquist_14planes,null,,0.40602333798361134
nyquist_14planes,null,,0.24331213743666186
nyquist_14planes,null,,0.37618725965209243
nyquist_14planes,null,,0.41876537095570765
nyquist_14planes,null,,0.4657084246358974
nyquist_14planes,null,,0.41876537095570765
nyquist_14planes,null,,0.24067347603093275
nyquist_14planes,null,,0.30225844894879034
nyquist_14planes,null,,0.3666644141306918
nyquist_14planes,null,,0.3701921204400578
nyquist_14planes,null,,0.3660673113855552
nyquist_14planes,null,,0.24594256509431137
nyquist_14planes,null,,0.38075265298774275
nyquist_14planes,null,,0.3573989676617064
nyquist_14planes,null,,0.24331213743666186
nyquist_14planes,null,,0.4833737921360736
nyquist_14planes,null,,0.365902967661704
nyquist_14planes,null,,0.4427640183748924
nyquist_14planes,null,,0.49653072558973455
nyquist_14planes,null,,0.3805547994102111
nyquist_14planes,null,,0.39496648095750003
nyquist_14planes,null,,0.31293898843256834
nyquist_14planes,null,,0.33522530888640145
nyquist_14planes,null,,0.28639356963165385
nyquist_14planes,null,,0.27685009956127055
nyquist_14planes,null,,0.49873474359136344
nyquist_14planes,null,,0.27685009956127055
nyquist_14planes,null,,0.4098674395231126
nyquist_14planes,null,,0.3701921204400578
nyquist_14planes,null,,0.38229024486137725
nyquist_14planes,null,,0.4657084246358974
nyquist_14planes,null,,0.28972237576257487
nyquist_14planes,null,,0.3310611930198391
nyquist_14planes,null,,0.4006941540890776
nyquist_14planes,null,,0.2814194242051098
nyquist_14planes,null,,0.316651278638611
nyquist_14planes,null,,0.18697923904623392
nyquist_14planes,null,,0.28718290928133
nyquist_14planes,null,,0.3423745775626841
nyquist_14planes,null,,0.26815149353891143
nyquist_14planes,null,,0.20786961125742684
nyquist_14planes,null,,0.30276464914714674
nyquist_14planes,null,,0.4164448095022497
nyquist_14planes,null,,0.3450887319950332
nyquist_14planes,null,,0.36590956066961555
nyquist_14planes,null,,0.36739795362839983
nyquist_14planes,null,,0.3343482470902446
nyquist_14planes,null,,0.322565993575837
nyquist_14planes,null,,0.30457018028525734
nyquist_14planes,null,,0.453068607991179
nyquist_14planes,null,,0.3615062525172109
nyquist_14planes,null,,0.19441530673378277
nyquist_14planes,null,,0.2984519996653618
nyquist_14planes,null,,0.25102900708525394
nyquist_14planes,null,,0.33514480049966683
nyquist_14planes,null,,0.2965915043636706
nyquist_14planes,null,,0.19441530673378277
nyquist_14planes,null,,0.3265057550228585
nyquist_14planes,null,,0.37349488666518804
nyquist_14planes,null,,0.3265057550228585
nyquist_14planes,null,,0.365902967661704
nyquist_14planes,null,,0.4381416767544682
nyquist_14planes,null,,0.3989672229919555
nyquist_14planes,null,,0.4164448095022497
nyquist_14planes,null,,0.32245428097788864
nyquist_14planes,null,,0.3056994074019184
nyquist_14planes,null,,0.4186012239709831
nyquist_14planes,null,,0.30561230942698675
nyquist_14planes,null,,0.3353950373105913
nyquist_14planes,null,,0.39496648095750003
nyquist_14planes,null,,0.32895329617660357
nyquist_14planes,null,,0.4010902763721334
nyquist_14planes,null,,0.3977331186047437
nyquist_14planes,null,,0.3714338597037896
nyquist_14planes,null,,0.34670978281018094
nyquist_14planes,null,,0.21566349758703743
nyquist_14planes,null,,0.26815149353891143
nyquist_14planes,null,,0.29321214280872177
nyquist_14planes,null,,0.4006941540890776
nyquist_14planes,null,,0.3860702054433495
nyquist_14planes,null,,0.3603285789037313
nyquist_14planes,null,,0.3681411126893371
nyquist_14planes,null,,0.41403254701578096
nyquist_14planes,null,,0.20198072032881553
nyquist_14planes,null,,0.36320089967338687
nyquist_14planes,null,,0.4191739197920201
nyquist_14planes,null,,0.3255715837143824
nyquist_14planes,null,,0.4374290532407202
nyquist_14planes,null,,0.3071494537264247
nyquist_14planes,null,,0.33332462745656416
nyquist_14planes,null,,0.22722867449732456
nyquist_14planes,null,,0.3610231870480011
nyquist_14planes,null,,0.2620444350708611
nyquist_14planes,null,,0.41169015403942394
nyquist_14planes,null,,0.41513028347750214
nyquist_14planes,null,,0.5246789220125796
nyquist_14planes,null,,0.3265057550228585
nyquist_14planes,null,,0.4886986941011843
nyquist_14planes,null,,0.3122456242320952
nyquist_14planes,null,,0.2740571881657672
nyquist_14planes,null,,0.3631616992768783
nyquist_14planes,null,,0.33514480049966683
nyquist_14planes,null,,0.3914003154703944
nyquist_14planes,null,,0.44436563377494565
nyquist_14planes,null,,0.42657002411578104
nyquist_14planes,null,,0.4062579855513774
nyquist_14planes,null,,0.34462199672903115
nyquist_14planes,null,,0.3094284090830404
nyquist_14planes,null,,0.3273445578294914
nyquist_14planes,null,,0.29933499128956353
nyquist_14planes,null,,0.18505094204074624
nyquist_14planes,null,,0.41053642250245265
nyquist_14planes,null,,0.41053642250245265
nyquist_14planes,null,,0.44349256403222154
nyquist_14planes,null,,0.3821072484532144
nyquist_14planes,null,,0.3683879096390275
nyquist_14planes,null,,0.3310611930198391
nyquist_14planes,null,,0.32981317480097966
nyquist_14planes,null,,0.30457018028525734
nyquist_14planes,null,,0.3001070578124978
nyquist_14planes,null,,0.42041874066836565
nyquist_14planes,null,,0.45654330724538844
nyquist_14planes,null,,0.32895329617660357
nyquist_14planes,null,,0.4386423276022271
nyquist_14planes,null,,0.40471528653174066
nyquist_14planes,null,,0.32937338261230587
nyquist_14planes,null,,0.31301791753734304
nyquist_14planes,null,,0.30694192413682725
nyquist_14planes,null,,0.3940707349728819
nyquist_14planes,null,,0.30694192413682725
nyquist_14planes,null,,0.3343482470902446
nyquist_14planes,null,,0.3872994840341114
nyquist_14planes,null,,0.33565771949357487
nyquist_14planes,null,,0.36320089967338687
nyquist_14planes,null,,0.32945006644283975
nyquist_14planes,null,,0.16858205122989303
nyquist_14planes,null,,0.24935787969500978
nyquist_14planes,null,,0.37663409608643983
nyquist_14planes,null,,0.23354626687667762
nyquist_14planes,null,,0.3011534420023721
nyquist_14planes,null,,0.365902967661704
nyquist_14planes,null,,0.23676962278970343
nyquist_14planes,null,,0.3484325566952835
nyquist_14planes,null,,0.4763354718855425
nyquist_14planes,null,,0.34670978281018094
nyquist_14planes,null,,0.3260736221153745
nyquist_14planes,null,,0.3086453601412822
nyquist_14planes,null,,0.2667255571545102
nyquist_14planes,null,,0.40971003604715994
nyquist_14planes,null,,0.30991528340323565
nyquist_14planes,null,,0.42382179448751883
nyquist_14planes,null,,0.38075265298774275
nyquist_14planes,null,,0.40412494033200536
nyquist_14planes,null,,0.41425694535279195
nyquist_14planes,null,,0.29321214280872177
nyquist_14planes,null,,0.22610722933893343
nyquist_14planes,null,,0.3571966411881388
nyquist_14planes,null,,0.34992682096858563
nyquist_14planes,null,,0.3343482470902446
nyquist_14planes,null,,0.31964324711847536
nyquist_14planes,null,,0.2739821248929017
nyquist_14planes,null,,0.29933499128956353
nyquist_14planes,null,,0.3450887319950332
nyquist_14planes,null,,0.40607928561537104
nyquist_14planes,null,,0.4154030425124759
nyquist_14planes,null,,0.2429751410964575
nyquist_14planes,null,,0.3122456242320952
nyquist_14planes,null,,0.2977438198932148
nyquist_14planes,null,,0.3049479493627204
nyquist_14planes,null,,0.3304770413760563
nyquist_14planes,null,,0.35656285190505926
nyquist_14planes,null,,0.3684286343520556
nyquist_14planes,null,,0.3086453601412822
nyquist_14planes,null,,0.316651278638611
nyquist_14planes,null,,0.3615062525172109
nyquist_14planes,null,,0.2421840225603449
nyquist_14planes,null,,0.4098674395231126
nyquist_14planes,null,,0.26594946659113594
nyquist_14planes,null,,0.3744555847727273
nyquist_14planes,null,,0.29707967776643024
nyquist_14planes,null,,0.3088346419492111
nyquist_14planes,null,,0.3872994840341114
nyquist_14planes,null,,0.2689879420405081
nyquist_14planes,null,,0.34238791656332607
nyquist_14planes,null,,0.23676962278970343
nyquist_14planes,null,,0.40249662133553726
nyquist_14planes,null,,0.36607035673468147
nyquist_14planes,null,,0.41051693916148474
nyquist_14planes,null,,0.2740571881657672
nyquist_14planes,null,,0.4213137284984209
nyquist_14planes,null,,0.24935787969500978
nyquist_14planes,null,,0.4727522286525615
nyquist_14planes,null,,0.16333352115605457
nyquist_14planes,null,,0.4653695312155906
nyquist_14planes,null,,0.35121753819261053
nyquist_14planes,null,,0.4469441456069552
nyquist_14planes,null,,0.24594256509431137
nyquist_14planes,null,,0.33153228479734714
nyquist_14planes,null,,0.32937338261230587
nyquist_14planes,null,,0.44679602304674154
nyquist_14planes,null,,0.24331213743666186
nyquist_14planes,null,,0.37515096222939504
nyquist_14planes,null,,0.43976608155546315
nyquist_14planes,null,,0.3603285789037313
nyquist_14planes,null,,0.3680334696102077
nyquist_14planes,null,,0.33187807262929675
nyquist_14planes,null,,0.3872994840341114
nyquist_14planes,null,,0.3685704613369103
nyquist_14planes,null,,0.45080484498780765
nyquist_14planes,null,,0.31838703922702805
nyquist_14planes,null,,0.33514480049966683
nyquist_14planes,null,,0.3343482470902446
nyquist_14planes,null,,0.448475444521615
nyquist_14planes,null,,0.21566349758703743
nyquist_14planes,null,,0.41046376162836085
nyquist_14planes,null,,0.30237428784481674
nyquist_14planes,null,,0.3534499304183726
nyquist_14planes,null,,0.29056257091694077
nyquist_14planes,null,,0.28639356963165385
nyquist_14planes,null,,0.3872994840341114
nyquist_14planes,null,,0.3086453601412822
nyquist_14planes,null,,0.34462199672903115
nyquist_14planes,null,,0.3445719740968658
nyquist_14planes,null,,0.448475444521615
nyquist_14planes,null,,0.30276464914714674
nyquist_14planes,null,,0.31952886059481256
nyquist_14planes,null,,0.36599044382681906
nyquist_14planes,null,,0.39505974294785134
nyquist_14planes,null,,0.20198072032881553
nyquist_14planes,null,,0.3911177931067059
nyquist_14planes,null,,0.38075265298774275
nyquist_14planes,null,,0.3725255094119832
nyquist_14planes,null,,0.40412494033200536
nyquist_14planes,null,,0.31952886059481256
nyquist_14planes,null,,0.3149841827407773
nyquist_14planes,null,,0.32606034750038876
nyquist_14planes,null,,0.3310611930198391
nyquist_14planes,null,,0.2905388566403109
nyquist_14planes,null,,0.3960024271119855
nyquist_14planes,null,,0.3847298495116728
nyquist_14planes,null,,0.2966372223582178
nyquist_14planes,null,,0.32015814277051846
nyquist_14planes,null,,0.43202548836486115
nyquist_14planes,null,,0.31838703922702805
nyquist_14planes,null,,0.37663409608643983
nyquist_14planes,null,,0.3823872979687001
nyquist_14planes,null,,0.372359040049059
nyquist_14planes,null,,0.3056994074019184
nyquist_14planes,null,,0.31766103727276385
nyquist_14planes,null,,0.3384968675617126
nyquist_14planes,null,,0.30182747084272654
nyquist_14planes,null,,0.38289002877532036
nyquist_14planes,null,,0.3886496293289661
nyquist_14planes,null,,0.3860702054433495
nyquist_14planes,null,,0.5031847929485879
nyquist_14planes,null,,0.36821128865358677
nyquist_14planes,null,,0.33251331973757914
nyquist_14planes,null,,0.3683879096390275
nyquist_14planes,null,,0.3279520002088112
nyquist_14planes,null,,0.34566609961248396
nyquist_14planes,null,,0.33332462745656416
nyquist_14planes,null,,0.3860702054433495
nyquist_14planes,null,,0.2916029391850442
nyquist_14planes,null,,0.29270587164410117
nyquist_14planes,null,,0.3088346419492111
nyquist_14planes,null,,0.21594608889420522
nyquist_14planes,null,,0.21672971413375375
nyquist_14planes,null,,0.36127028056315835
nyquist_14planes,null,,0.36030607399266207
nyquist_14planes,null,,0.29321214280872177
nyquist_14planes,null,,0.4002967948112518
nyquist_14planes,null,,0.35054560324425493
nyquist_14planes,null,,0.41753807862420994
nyquist_14planes,null,,0.3548696625114326
nyquist_14planes,null,,0.18799726789592397
nyquist_14planes,null,,0.41487695132960406
nyquist_14planes,null,,0.35656285190505926
nyquist_14planes,null,,0.3886496293289661
nyquist_14planes,null,,0.35656285190505926
nyquist_14planes,null,,0.3829848213944571
nyquist_14planes,null,,0.3094284090830404
nyquist_14planes,null,,0.39665426342813326
nyquist_14planes,null,,0.29321214280872177
nyquist_14planes,null,,0.38447459907586595
nyquist_14planes,null,,0.39210352299031287
nyquist_14planes,null,,0.2908107214585898
nyquist_14planes,null,,0.38442316890057654
nyquist_14planes,null,,0.32945006644283975
nyquist_14planes,null,,0.4067433420663997
nyquist_14planes,null,,0.33332462745656416
nyquist_14planes,null,,0.3860702054433495
nyquist_14planes,null,,0.2614747371037841
nyquist_14planes,null,,0.28892685882519303
nyquist_14planes,null,,0.2689879420405081
nyquist_14planes,null,,0.42716442320252745
nyquist_14planes,null,,0.37349488666518804
nyquist_14planes,null,,0.36150033182700736
nyquist_14planes,null,,0.45654330724538844
nyquist_14planes,null,,0.3744555847727273
nyquist_14planes,null,,0.4386423276022271
nyquist_14planes,null,,0.4154030425124759
nyquist_14planes,null,,0.194353020197749
nyquist_14planes,null,,0.38289002877532036
nyquist_14planes,null,,0.4065606023746
nyquist_14planes,null,,0.24863130173193615
nyquist_14planes,null,,0.3955203153995051
nyquist_14planes,null,,0.33251331973757914
nyquist_14planes,null,,0.36150033182700736
nyquist_14planes,null,,0.22610792185316653
nyquist_14planes,null,,0.4012682131721563
nyquist_14planes,null,,0.4246719647056665
nyquist_14planes,null,,0.3200961683870765
nyquist_14planes,null,,0.3680334696102077
nyquist_14planes,null,,0.3571966411881388
nyquist_14planes,null,,0.23676962278970343
nyquist_14planes,null,,0.3586352990010571
nyquist_14planes,null,,0.3805547994102111
nyquist_14planes,null,,0.3872994840341114
nyquist_14planes,null,,0.47932094137665415
nyquist_14planes,null,,0.3273445578294914
nyquist_14planes,null,,0.30757586804490783
nyquist_14planes,null,,0.3343482470902446
nyquist_14planes,null,,0.3025807502664662
nyquist_14planes,null,,0.22610792185316653
nyquist_14planes,null,,0.3872994840341114
nyquist_14planes,null,,0.4432247749169241
nyquist_14planes,null,,0.34249701633585666
nyquist_14planes,null,,0.36873396272500397
nyquist_14planes,null,,0.21762359230125874
nyquist_14planes,null,,0.29601780042940035
nyquist_14planes,null,,0.4144671128680924
nyquist_14planes,null,,0.3660673113855552
nyquist_14planes,null,,0.3086453601412822
nyquist_14planes,null,,0.39665426342813326
nyquist_14planes,null,,0.24767732129015188
nyquist_14planes,null,,0.4144671128680924
nyquist_14planes,null,,0.3149841827407773
10x,replicate,abemaciclib,0.47466937759751987
10x,replicate,binimetinib,0.5937743225603085
10x,replicate,fluorouracil,0.4277566526692938
10x,replicate,gemcitabine,0.37586677958610293
10x,replicate,sn-38,0.4236943395384997
10x,replicate,trifluridine,0.6379909000200641
10x,null,,0.4182494281279934
10x,null,,0.38802934625421354
10x,null,,0.3117590038815689
10x,null,,0.33187087853474695
10x,null,,0.28013883974808784
10x,null,,0.38942870975585814
10x,null,,0.26419243312210516
10x,null,,0.4612392270736641
10x,null,,0.383575893240672
10x,null,,0.418096979269939
10x,null,,0.3398515986626131
10x,null,,0.4264543833101598
10x,null,,0.22724043928227441
10x,null,,0.4211538550425236
10x,null,,0.4017632627166688
10x,null,,0.3164082279129644
10x,null,,0.4076702042520132
10x,null,,0.3067655994612853
10x,null,,0.3441094630647192
10x,null,,0.35726959112645834
10x,null,,0.359972842461151
10x,null,,0.2846696796095875
10x,null,,0.448611762627344
10x,null,,0.1544483220297137
10x,null,,0.2078467840972601
10x,null,,0.34317498157959936
10x,null,,0.3231200096855674
10x,null,,0.26181563707748307
10x,null,,0.359972842461151
10x,null,,0.35508791355100056
10x,null,,0.3478295279850059
10x,null,,0.272913335229997
10x,null,,0.22446431810467385
10x,null,,0.38284485307104915
10x,null,,0.40282055251186816
10x,null,,0.38942870975585814
10x,null,,0.3101537602589273
10x,null,,0.439775092344384
10x,null,,0.39461952100864883
10x,null,,0.3181060443172864
10x,null,,0.24354600279435035
10x,null,,0.4098060046432576
10x,null,,0.41803517905207616
10x,null,,0.2736755759285163
10x,null,,0.3692562405260908
10x,null,,0.4104474728731386
10x,null,,0.3691811056050196
10x,null,,0.484775785342202
10x,null,,0.3101537602589273
10x,null,,0.4211538550425236
10x,null,,0.2897790776134132
10x,null,,0.30945607027292615
10x,null,,0.4889065048292646
10x,null,,0.3617339267815369
10x,null,,0.2949049625193742
10x,null,,0.26746218659216836
10x,null,,0.4542806103705824
10x,null,,0.3030232270597787
10x,null,,0.33336855875675003
10x,null,,0.29516526408373556
10x,null,,0.4232665025304102
10x,null,,0.3504912319280815
10x,null,,0.44292610086629275
10x,null,,0.41803517905207616
10x,null,,0.36599610469592003
10x,null,,0.44107769940378405
10x,null,,0.2745620549279832
10x,null,,0.18592388144382338
10x,null,,0.3691811056050196
10x,null,,0.33284398483006056
10x,null,,0.36163055616722856
10x,null,,0.2510096364405768
10x,null,,0.33068979214322825
10x,null,,0.3155140910739339
10x,null,,0.391163548089058
10x,null,,0.35910081560503315
10x,null,,0.388130973033895
10x,null,,0.28953180772492687
10x,null,,0.32669057678863167
10x,null,,0.4852124402589083
10x,null,,0.3553255906164613
10x,null,,0.37174227083271694
10x,null,,0.26181563707748307
10x,null,,0.3749942731552203
10x,null,,0.5682381702674697
10x,null,,0.18214459801703614
10x,null,,0.36702250845573453
10x,null,,0.39766604922205423
10x,null,,0.4086661154732215
10x,null,,0.43777892491266673
10x,null,,0.37174015462970733
10x,null,,0.3952766504802183
10x,null,,0.33208226395153323
10x,null,,0.3414067578513863
10x,null,,0.31270098426538795
10x,null,,0.3478295279850059
10x,null,,0.34031157625395636
10x,null,,0.24757132804507753
10x,null,,0.312979156669868
10x,null,,0.37600353816962456
10x,null,,0.3999872029594032
10x,null,,0.2551691349540402
10x,null,,0.3952766504802183
10x,null,,0.19647728381974341
10x,null,,0.25425142362173
10x,null,,0.36165984273631135
10x,null,,0.32564876102533435
10x,null,,0.41542811883919956
10x,null,,0.29496035294482287
10x,null,,0.2486406250290555
10x,null,,0.43705644843046865
10x,null,,0.4012965586158077
10x,null,,0.36431371265215623
10x,null,,0.5096231626108454
10x,null,,0.27677018334492337
10x,null,,0.4233633953340808
10x,null,,0.3876893286553449
10x,null,,0.40114143604502367
10x,null,,0.449570112145695
10x,null,,0.2411631548887723
10x,null,,0.3504912319280815
10x,null,,0.3231200096855674
10x,null,,0.27677018334492337
10x,null,,0.4104474728731386
10x,null,,0.3231200096855674
10x,null,,0.2913998608885875
10x,null,,0.37532556027099306
10x,null,,0.4953541862987407
10x,null,,0.43705644843046865
10x,null,,0.24757132804507753
10x,null,,0.34005770538313584
10x,null,,0.3285998123771272
10x,null,,0.3066662459801796
10x,null,,0.34317498157959936
10x,null,,0.4264543833101598
10x,null,,0.34788589138173903
10x,null,,0.21644674188683538
10x,null,,0.3609857328765111
10x,null,,0.4611806502901322
10x,null,,0.4249227644117895
10x,null,,0.2549240685587796
10x,null,,0.3609857328765111
10x,null,,0.30945607027292615
10x,null,,0.3691811056050196
10x,null,,0.41579435032398787
10x,null,,0.38000735606895764
10x,null,,0.28013883974808784
10x,null,,0.42267271381595756
10x,null,,0.3478295279850059
10x,null,,0.33208226395153323
10x,null,,0.28953180772492687
10x,null,,0.37086348209839903
10x,null,,0.28330203293166656
10x,null,,0.35145007877192663
10x,null,,0.35529325974738885
10x,null,,0.4249227644117895
10x,null,,0.23337029411085422
10x,null,,0.370707984261505
10x,null,,0.39468479285204905
10x,null,,0.5347016258004107
10x,null,,0.24679743384300928
10x,null,,0.2632926822333797
10x,null,,0.38974701005990936
10x,null,,0.22045241970299498
10x,null,,0.4244433274464215
10x,null,,0.3313657295481737
10x,null,,0.2992998037164923
10x,null,,0.4059876617427441
10x,null,,0.4233633953340808
10x,null,,0.2655212702747861
10x,null,,0.4126883347670459
10x,null,,0.4017632627166688
10x,null,,0.38802934625421354
10x,null,,0.2551691349540402
10x,null,,0.3285998123771272
10x,null,,0.45861665594844003
10x,null,,0.31255566487320435
10x,null,,0.3426410323442706
10x,null,,0.43062510181427277
10x,null,,0.3749942731552203
10x,null,,0.3676738013168407
10x,null,,0.3609857328765111
10x,null,,0.29396109237703794
10x,null,,0.4023141780793506
10x,null,,0.304610890509739
10x,null,,0.23067149244108703
10x,null,,0.28330203293166656
10x,null,,0.2972161320882258
10x,null,,0.38572019817451314
10x,null,,0.3878236680435924
10x,null,,0.304531874355462
10x,null,,0.3301287106646827
10x,null,,0.39016679604092397
10x,null,,0.37174227083271694
10x,null,,0.38572019817451314
10x,null,,0.3878236680435924
10x,null,,0.36431371265215623
10x,null,,0.38572019817451314
10x,null,,0.40875916304051285
10x,null,,0.4736534509813711
10x,null,,0.3899096088221789
10x,null,,0.23023851026230216
10x,null,,0.42956457897536465
10x,null,,0.41053070821866017
10x,null,,0.3563712288405941
10x,null,,0.23067149244108703
10x,null,,0.39019406979822496
10x,null,,0.3876893286553449
10x,null,,0.317510273075417
10x,null,,0.3609857328765111
10x,null,,0.38772453674232626
10x,null,,0.4838284927810742
10x,null,,0.3037143366652659
10x,null,,0.32433040251211365
10x,null,,0.31261481856358786
10x,null,,0.25425142362173
10x,null,,0.3350159541449952
10x,null,,0.42093149162494375
10x,null,,0.4126883347670459
10x,null,,0.2517429715878458
10x,null,,0.2785917376661765
10x,null,,0.23525783539812126
10x,null,,0.44116612142868916
10x,null,,0.3285998123771272
10x,null,,0.37174227083271694
10x,null,,0.41453497823227314
10x,null,,0.29653803138406276
10x,null,,0.4067111780354762
10x,null,,0.5008245307215038
10x,null,,0.4410524051245536
10x,null,,0.38802934625421354
10x,null,,0.22820581932934364
10x,null,,0.3893550904375897
10x,null,,0.4282481451951319
10x,null,,0.35079820447803517
10x,null,,0.27757646056768853
10x,null,,0.299260477429702
10x,null,,0.28565643802923113
10x,null,,0.44442379882281324
10x,null,,0.38107707702785426
10x,null,,0.23525783539812126
10x,null,,0.3670910708931074
10x,null,,0.35589784648894784
10x,null,,0.4292233297756669
10x,null,,0.2745620549279832
10x,null,,0.22834322318904451
10x,null,,0.38772453674232626
10x,null,,0.40648706607545754
10x,null,,0.32416488417445655
10x,null,,0.38572019817451314
10x,null,,0.35589784648894784
10x,null,,0.4727391640562965
10x,null,,0.39016679604092397
10x,null,,0.2438166533795642
10x,null,,0.40114143604502367
10x,null,,0.25425142362173
10x,null,,0.4314451132083577
10x,null,,0.4694770900632503
10x,null,,0.362194236270703
10x,null,,0.4314451132083577
10x,null,,0.3968615635119838
10x,null,,0.27282959377280597
10x,null,,0.3691811056050196
10x,null,,0.32564876102533435
10x,null,,0.3617339267815369
10x,null,,0.42267271381595756
10x,null,,0.40181799115508016
10x,null,,0.46029440174941
10x,null,,0.3847726324763805
10x,null,,0.29396109237703794
10x,null,,0.2523114977576162
10x,null,,0.3071567496658045
10x,null,,0.2863740289707696
10x,null,,0.2846696796095875
10x,null,,0.3436461530189428
10x,null,,0.3527308825543486
10x,null,,0.29396109237703794
10x,null,,0.34317498157959936
10x,null,,0.40282055251186816
10x,null,,0.31845463986912753
10x,null,,0.30987881230462044
10x,null,,0.4576786848998427
10x,null,,0.22954274909877836
10x,null,,0.3952766504802183
10x,null,,0.39782933810306703
10x,null,,0.2319587158632468
10x,null,,0.33299152086587297
10x,null,,0.3332731110126552
10x,null,,0.49419009355326987
10x,null,,0.277756690961424
10x,null,,0.18975080837561306
10x,null,,0.35867013611390786
10x,null,,0.457282139368902
10x,null,,0.2995453335711891
10x,null,,0.304531874355462
10x,null,,0.35726959112645834
10x,null,,0.5167156966467317
10x,null,,0.3618337016540529
10x,null,,0.2643247489641808
10x,null,,0.41575240054529633
10x,null,,0.38974701005990936
10x,null,,0.36363234547916395
10x,null,,0.38934165847495844
10x,null,,0.4301318588896762
10x,null,,0.43777892491266673
10x,null,,0.457235071775254
10x,null,,0.4384358593130053
10x,null,,0.2863740289707696
10x,null,,0.27757646056768853
10x,null,,0.42308022476437346
10x,null,,0.4182494281279934
10x,null,,0.39564200837224217
10x,null,,0.41453497823227314
10x,null,,0.2655212702747861
10x,null,,0.333813852189701
10x,null,,0.317510273075417
10x,null,,0.33068979214322825
10x,null,,0.41364261147371184
10x,null,,0.3617339267815369
10x,null,,0.391163548089058
10x,null,,0.420592877460122
10x,null,,0.3253187331103281
10x,null,,0.4215447542574406
10x,null,,0.44884165105499163
10x,null,,0.41145636782804246
10x,null,,0.38087533858338407
10x,null,,0.4496177282345453
10x,null,,0.39625429540672513
10x,null,,0.3676738013168407
10x,null,,0.38441161642485294
10x,null,,0.39625429540672513
10x,null,,0.2992998037164923
10x,null,,0.22700792820330726
10x,null,,0.3876893286553449
10x,null,,0.3459569776243862
10x,null,,0.317510273075417
10x,null,,0.15739721958189096
10x,null,,0.3692562405260908
10x,null,,0.3999872029594032
10x,null,,0.2821361866183451
10x,null,,0.23199030919530544
10x,null,,0.34251954310115623
10x,null,,0.437716838929063
10x,null,,0.4206379484226196
10x,null,,0.23067149244108703
10x,null,,0.3661343552590886
10x,null,,0.36702250845573453
10x,null,,0.377505716668037
10x,null,,0.39421731648179853
10x,null,,0.39787119066295495
10x,null,,0.13782761524770268
10x,null,,0.21644674188683538
10x,null,,0.3285998123771272
10x,null,,0.23171257070229304
10x,null,,0.30113281829387645
10x,null,,0.304531874355462
10x,null,,0.42093149162494375
10x,null,,0.3780129059515448
10x,null,,0.39766604922205423
10x,null,,0.37174227083271694
10x,null,,0.2823050183924069
10x,null,,0.35589784648894784
10x,null,,0.39016679604092397
10x,null,,0.37086348209839903
10x,null,,0.341371795373166
10x,null,,0.40282055251186816
10x,null,,0.3155140910739339
10x,null,,0.31335578798231806
10x,null,,0.39766604922205423
10x,null,,0.16827078922141367
10x,null,,0.5219669681535516
10x,null,,0.38215031339684735
10x,null,,0.32433040251211365
10x,null,,0.2696031180400426
10x,null,,0.4232665025304102
10x,null,,0.4694770900632503
10x,null,,0.36165984273631135
10x,null,,0.29153174811553717
10x,null,,0.23953172258260927
10x,null,,0.36529498411808653
10x,null,,0.36817879423320127
10x,null,,0.4282481451951319
10x,null,,0.33208226395153323
10x,null,,0.3313657295481737
10x,null,,0.3167175822276649
10x,null,,0.314781213822818
10x,null,,0.2992998037164923
10x,null,,0.3187334951233802
10x,null,,0.37600353816962456
10x,null,,0.30757457185222686
10x,null,,0.37296886981425514
10x,null,,0.36431371265215623
10x,null,,0.4301630269735774
10x,null,,0.36431371265215623
10x,null,,0.18592388144382338
10x,null,,0.38000735606895764
10x,null,,0.2992998037164923
10x,null,,0.24354600279435035
10x,null,,0.3358743559479865
10x,null,,0.31821162324654395
10x,null,,0.28083261214126687
10x,null,,0.4282481451951319
10x,null,,0.22514770151840666
10x,null,,0.22979089425014376
10x,null,,0.2837294214421139
10x,null,,0.4104474728731386
10x,null,,0.2523114977576162
10x,null,,0.42956457897536465
10x,null,,0.2862927553274022
10x,null,,0.3478295279850059
10x,null,,0.44809404411557374
10x,null,,0.3661343552590886
10x,null,,0.4308200498525705
10x,null,,0.31871825408527743
10x,null,,0.4206379484226196
10x,null,,0.3414067578513863
10x,null,,0.2722378962199993
10x,null,,0.44751457927933824
10x,null,,0.22724043928227441
10x,null,,0.22446431810467385
10x,null,,0.41325493136579977
10x,null,,0.4249227644117895
10x,null,,0.2949049625193742
10x,null,,0.24855938695290503
10x,null,,0.37296886981425514
10x,null,,0.34158815912890633
10x,null,,0.47500443922986824
10x,null,,0.3418121944374223
10x,null,,0.42956457897536465
10x,null,,0.3676738013168407
10x,null,,0.299260477429702
10x,null,,0.5184450598892903
10x,null,,0.4292233297756669
10x,null,,0.3691811056050196
10x,null,,0.25922435100175145
10x,null,,0.3161803787775871
10x,null,,0.2256447558742797
10x,null,,0.4159398048359561
10x,null,,0.2538258524262602
10x,null,,0.264803036402853
10x,null,,0.29516526408373556
10x,null,,0.42334298700059925
10x,null,,0.38346021818438103
10x,null,,0.4314451132083577
10x,null,,0.5008245307215038
10x,null,,0.26875056800453684
10x,null,,0.4576786848998427
10x,null,,0.22700792820330726
10x,null,,0.40517109410423363
10x,null,,0.312979156669868
10x,null,,0.37600353816962456
10x,null,,0.43169447116956194
10x,null,,0.3864750574545653
10x,null,,0.35079820447803517
10x,null,,0.41664627313815694
10x,null,,0.36193550989654033
10x,null,,0.30987881230462044
10x,null,,0.2725725548299311
10x,null,,0.2696094395637677
10x,null,,0.22724043928227441
10x,null,,0.3749942731552203
10x,null,,0.4838284927810742
10x,null,,0.22954274909877836
10x,null,,0.36423431381904536
10x,null,,0.44099176042378146
10x,null,,0.3117590038815689
10x,null,,0.3037143366652659
10x,null,,0.38572019817451314
10x,null,,0.31216575394270735
10x,null,,0.4098060046432576
10x,null,,0.449570112145695
10x,null,,0.2551691349540402
10x,null,,0.3553255906164613
10x,null,,0.3809238677649416
10x,null,,0.32955917519205996
10x,null,,0.35138825329390333
10x,null,,0.437716838929063
10x,null,,0.4076702042520132
10x,null,,0.33208226395153323
10x,null,,0.3838956571435886
10x,null,,0.43863831619909577
10x,null,,0.4233633953340808
10x,null,,0.3691811056050196
10x,null,,0.4215447542574406
10x,null,,0.43705644843046865
10x,null,,0.34317498157959936
10x,null,,0.2460142144159122
10x,null,,0.33284398483006056
10x,null,,0.38441161642485294
10x,null,,0.40181799115508016
10x,null,,0.2670812043176557
10x,null,,0.5211776514081007
10x,null,,0.38572019817451314
10x,null,,0.29795706801424604
10x,null,,0.38572019817451314
10x,null,,0.41453497823227314
10x,null,,0.35529325974738885
10x,null,,0.359972842461151
10x,null,,0.21089166164177947
10x,null,,0.29209214075135725
10x,null,,0.4384358593130053
10x,null,,0.3691811056050196
10x,null,,0.41579435032398787
10x,null,,0.3035934657537035
10x,null,,0.28408551928666675
10x,null,,0.3071567496658045
10x,null,,0.3402619256354238
10x,null,,0.2886826709797143
10x,null,,0.3117590038815689
10x,null,,0.42145005603308544
10x,null,,0.36926921564128645
10x,null,,0.31335578798231806
10x,null,,0.36702250845573453
10x,null,,0.44809404411557374
10x,null,,0.2682498046660304
10x,null,,0.36431371265215623
10x,null,,0.3899096088221789
10x,null,,0.2783053171078631
10x,null,,0.4732814557721552
10x,null,,0.2655212702747861
10x,null,,0.3332731110126552
10x,null,,0.44107769940378405
10x,null,,0.2981118851463903
10x,null,,0.2682498046660304
10x,null,,0.36817879423320127
10x,null,,0.4850514460532082
10x,null,,0.3173408090209011
10x,null,,0.4249227644117895
10x,null,,0.41053070821866017
10x,null,,0.38572019817451314
10x,null,,0.35079820447803517
10x,null,,0.4380107293789735
10x,null,,0.3856729758338151
10x,null,,0.45582638522143615
10x,null,,0.340446903337831
10x,null,,0.37174227083271694
10x,null,,0.4264543833101598
10x,null,,0.377505716668037
10x,null,,0.31845463986912753
10x,null,,0.4067111780354762
10x,null,,0.34465276915081816
10x,null,,0.28083261214126687
10x,null,,0.3077551922705783
10x,null,,0.34338425578807574
10x,null,,0.43169447116956194
10x,null,,0.2906313772171252
10x,null,,0.4059876617427441
10x,null,,0.2725502984947998
10x,null,,0.42334298700059925
10x,null,,0.34670838715713526
10x,null,,0.4292233297756669
10x,null,,0.3918098386477622
10x,null,,0.4017632627166688
10x,null,,0.4592786162877239
10x,null,,0.46676014483808775
10x,null,,0.28987388710601586
10x,null,,0.2696031180400426
10x,null,,0.259308891471116
10x,null,,0.3876893286553449
10x,null,,0.31216575394270735
10x,null,,0.38772453674232626
10x,null,,0.3350159541449952
10x,null,,0.38802934625421354
10x,null,,0.25425142362173
10x,null,,0.35456290841332877
10x,null,,0.4211538550425236
10x,null,,0.36529498411808653
10x,null,,0.3313657295481737
10x,null,,0.4126883347670459
10x,null,,0.29153174811553717
10x,null,,0.3536580872018446
10x,null,,0.35981446523674904
10x,null,,0.21274620673245406
10x,null,,0.3847726324763805
10x,null,,0.26771517819011104
10x,null,,0.31056151385716146
10x,null,,0.4215447542574406
10x,null,,0.2466964100696142
10x,null,,0.23199030919530544
10x,null,,0.39468479285204905
10x,null,,0.28516073420791477
10x,null,,0.36472527474023575
10x,null,,0.35312555355177183
10x,null,,0.359972842461151
10x,null,,0.43152478154789153
10x,null,,0.3448050503278207
10x,null,,0.2906313772171252
10x,null,,0.25486038327012156
10x,null,,0.4064766546980031
10x,null,,0.45478627759746004
10x,null,,0.3414067578513863
10x,null,,0.2995453335711891
10x,null,,0.2995453335711891
10x,null,,0.21569930667801285
10x,null,,0.26875056800453684
10x,null,,0.48120618913701874
10x,null,,0.31335578798231806
10x,null,,0.38942870975585814
10x,null,,0.4104474728731386
10x,null,,0.26771517819011104
10x,null,,0.37199486221544725
10x,null,,0.3749942731552203
10x,null,,0.37296886981425514
10x,null,,0.4059876617427441
10x,null,,0.4623933894648871
10x,null,,0.2421314446040369
10x,null,,0.31216575394270735
10x,null,,0.31845463986912753
10x,null,,0.4840864222854919
10x,null,,0.3670910708931074
10x,null,,0.4537596365634907
10x,null,,0.41053070821866017
10x,null,,0.4576786848998427
10x,null,,0.35784610335406714
10x,null,,0.38000735606895764
10x,null,,0.30154771327481683
10x,null,,0.2886826709797143
10x,null,,0.3691811056050196
10x,null,,0.2635369947194461
10x,null,,0.36926921564128645
10x,null,,0.29516526408373556
10x,null,,0.29496035294482287
10x,null,,0.2913998608885875
10x,null,,0.5211776514081007
10x,null,,0.3117590038815689
10x,null,,0.30334954102359146
10x,null,,0.3661343552590886
10x,null,,0.4214072566239304
10x,null,,0.36926921564128645
10x,null,,0.31845463986912753
10x,null,,0.3130259794240805
10x,null,,0.37635229481262555
10x,null,,0.40517109410423363
10x,null,,0.36817879423320127
10x,null,,0.484775785342202
10x,null,,0.3878236680435924
10x,null,,0.3952766504802183
10x,null,,0.36926921564128645
10x,null,,0.35312555355177183
10x,null,,0.259308891471116
10x,null,,0.3627332707415564
10x,null,,0.361533975392251
10x,null,,0.41325493136579977
10x,null,,0.38527810957152886
10x,null,,0.39461952100864883
10x,null,,0.2614795577740615
10x,null,,0.44781043220474287
10x,null,,0.45478627759746004
10x,null,,0.3973881510666231
10x,null,,0.36926921564128645
10x,null,,0.2722378962199993
10x,null,,0.31900608190794144
10x,null,,0.2947044841216807
10x,null,,0.3899096088221789
10x,null,,0.2962464878703039
10x,null,,0.38441161642485294
10x,null,,0.43062510181427277
10x,null,,0.4206379484226196
10x,null,,0.35981446523674904
10x,null,,0.2736755759285163
10x,null,,0.3876893286553449
10x,null,,0.3891016513985211
10x,null,,0.3497083335175742
10x,null,,0.21530351121858768
10x,null,,0.2725502984947998
10x,null,,0.2254376023992836
10x,null,,0.30664783038216203
10x,null,,0.39782933810306703
10x,null,,0.3504912319280815
10x,null,,0.40922759029898165
10x,null,,0.2411631548887723
10x,null,,0.3670910708931074
10x,null,,0.4762144682027012
10x,null,,0.33583833807819624
10x,null,,0.4159398048359561
10x,null,,0.36926921564128645
10x,null,,0.41453497823227314
10x,null,,0.2722378962199993
10x,null,,0.4203600005536263
10x,null,,0.39787119066295495
10x,null,,0.3071567496658045
10x,null,,0.4110315036017786
10x,null,,0.39461952100864883
10x,null,,0.5150766296208744
10x,null,,0.2540529609317236
10x,null,,0.484775785342202
10x,null,,0.46267590386583723
10x,null,,0.30334954102359146
10x,null,,0.41040084626892276
10x,null,,0.4615310500476723
10x,null,,0.35867013611390786
10x,null,,0.272913335229997
10x,null,,0.2995453335711891
10x,null,,0.37938968901849757
10x,null,,0.45073333727514
10x,null,,0.3749942731552203
10x,null,,0.42403976061256765
10x,null,,0.37938968901849757
10x,null,,0.3013566221610173
10x,null,,0.4281986167933767
10x,null,,0.3448050503278207
10x,null,,0.31261481856358786
10x,null,,0.3934611739848704
10x,null,,0.37938968901849757
10x,null,,0.277756690961424
10x,null,,0.4380107293789735
10x,null,,0.2722378962199993
10x,null,,0.3934611739848704
10x,null,,0.3448050503278207
10x,null,,0.4101978674498831
10x,null,,0.4852124402589083
10x,null,,0.36423431381904536
10x,null,,0.30945607027292615
10x,null,,0.38441161642485294
10x,null,,0.40584165892356133
10x,null,,0.35145007877192663
10x,null,,0.3358743559479865
10x,null,,0.41542811883919956
10x,null,,0.29795706801424604
10x,null,,0.44809404411557374
10x,null,,0.38772453674232626
10x,null,,0.24538590389284293
10x,null,,0.32955917519205996
10x,null,,0.3617252367787759
10x,null,,0.3918098386477622
10x,null,,0.39421731648179853
10x,null,,0.42403976061256765
10x,null,,0.24855938695290503
10x,null,,0.35456290841332877
10x,null,,0.4104474728731386
10x,null,,0.3527308825543486
10x,null,,0.31056151385716146
10x,null,,0.41579435032398787
10x,null,,0.4384358593130053
10x,null,,0.27282959377280597
10x,null,,0.4496177282345453
10x,null,,0.4208451414420285
10x,null,,0.4729619349129455
10x,null,,0.4623933894648871
10x,null,,0.38527810957152886
10x,null,,0.44985103588797937
10x,null,,0.23021178764954686
10x,null,,0.4623332315173799
10x,null,,0.279548018274852
10x,null,,0.3211304911317738
10x,null,,0.2610788082567969
10x,null,,0.341371795373166
10x,null,,0.3154069029650758
10x,null,,0.2610788082567969
10x,null,,0.317510273075417
10x,null,,0.33284398483006056
10x,null,,0.2862927553274022
10x,null,,0.38772453674232626
10x,null,,0.4580747465565976
10x,null,,0.3067655994612853
10x,null,,0.35508791355100056
10x,null,,0.4206379484226196
10x,null,,0.31415653864640186
10x,null,,0.32955917519205996
10x,null,,0.31255566487320435
10x,null,,0.3968615635119838
10x,null,,0.41664627313815694
10x,null,,0.38000735606895764
10x,null,,0.41325493136579977
10x,null,,0.4463672603938451
10x,null,,0.3876893286553449
10x,null,,0.437716838929063
10x,null,,0.4391765866491345
10x,null,,0.23171257070229304
10x,null,,0.317510273075417
10x,null,,0.29396109237703794
10x,null,,0.33187087853474695
10x,null,,0.299260477429702
10x,null,,0.41325493136579977
10x,null,,0.3683809141060656
10x,null,,0.3402619256354238
10x,null,,0.41040084626892276
10x,null,,0.3005297061071987
10x,null,,0.3527308825543486
10x,null,,0.35456290841332877
10x,null,,0.38572019817451314
10x,null,,0.299260477429702
10x,null,,0.33187087853474695
10x,null,,0.43495824747186196
10x,null,,0.2722378962199993
10x,null,,0.43293958915621483
10x,null,,0.42145005603308544
10x,null,,0.2411631548887723
10x,null,,0.432709775186
10x,null,,0.3999872029594032
10x,null,,0.449570112145695
10x,null,,0.299260477429702
10x,null,,0.42308022476437346
10x,null,,0.412524268883988
10x,null,,0.3670910708931074
10x,null,,0.4852124402589083
10x,null,,0.34465276915081816
10x,null,,0.22045241970299498
10x,null,,0.38087533858338407
10x,null,,0.25425142362173
10x,null,,0.2526400124959718
10x,null,,0.5096801292977794
10x,null,,0.44751457927933824
10x,null,,0.3193465738468536
10x,null,,0.304610890509739
10x,null,,0.29795706801424604
10x,null,,0.35702665104735043
10x,null,,0.23023851026230216
10x,null,,0.3187334951233802
10x,null,,0.25243724939174816
10x,null,,0.3164082279129644
10x,null,,0.2846696796095875
10x,null,,0.39564200837224217
10x,null,,0.3617339267815369
10x,null,,0.4017632627166688
10x,null,,0.39782933810306703
10x,null,,0.22724043928227441
10x,null,,0.37938968901849757
10x,null,,0.3478295279850059
10x,null,,0.3005297061071987
10x,null,,0.25425142362173
10x,null,,0.3227010901699069
10x,null,,0.2949049625193742
10x,null,,0.4187052006159184
10x,null,,0.4017632627166688
10x,null,,0.29396109237703794
10x,null,,0.2856332755126045
10x,null,,0.35726959112645834
10x,null,,0.4244433274464215
10x,null,,0.23005807499314893
10x,null,,0.41542811883919956
10x,null,,0.4889065048292646
10x,null,,0.36926921564128645
10x,null,,0.3749942731552203
10x,null,,0.45859626605169695
10x,null,,0.449570112145695
10x,null,,0.2995453335711891
10x,null,,0.341371795373166
10x,null,,0.3350159541449952
10x,null,,0.39564200837224217
10x,null,,0.4757532793409319
10x,null,,0.40648706607545754
10x,null,,0.2724375155697994
10x,null,,0.34031157625395636
10x,null,,0.5320964982757947
10x,null,,0.39787119066295495
10x,null,,0.439775092344384
10x,null,,0.3448050503278207
10x,null,,0.30987881230462044
10x,null,,0.41664627313815694
10x,null,,0.34031157625395636
10x,null,,0.29396109237703794
10x,null,,0.31821162324654395
10x,null,,0.30154771327481683
10x,null,,0.4064766546980031
10x,null,,0.30154771327481683
10x,null,,0.4098060046432576
10x,null,,0.38000735606895764
10x,null,,0.28013883974808784
10x,null,,0.24538590389284293
10x,null,,0.3398515986626131
10x,null,,0.37267889502819973
10x,null,,0.39027525128667895
10x,null,,0.4211538550425236
10x,null,,0.31255566487320435
10x,null,,0.3436461530189428
10x,null,,0.35726959112645834
10x,null,,0.22834322318904451
10x,null,,0.39421731648179853
10x,null,,0.3590074666561848
10x,null,,0.3071573675737336
10x,null,,0.41664627313815694
10x,null,,0.35589784648894784
10x,null,,0.37532556027099306
10x,null,,0.35981446523674904
10x,null,,0.3847726324763805
10x,null,,0.43169447116956194
10x,null,,0.27757646056768853
10x,null,,0.3332731110126552
10x,null,,0.3414067578513863
10x,null,,0.41040084626892276
10x,null,,0.23023851026230216
10x,null,,0.41145636782804246
10x,null,,0.4537596365634907
10x,null,,0.3173408090209011
10x,null,,0.2995453335711891
10x,null,,0.361533975392251
10x,null,,0.359972842461151
10x,null,,0.23271694472074891
10x,null,,0.38527810957152886
10x,null,,0.2438166533795642
10x,null,,0.27225902738913615
10x,null,,0.41325493136579977
10x,null,,0.36163055616722856
10x,null,,0.38284485307104915
10x,null,,0.39027525128667895
10x,null,,0.32884165244865093
10x,null,,0.3691811056050196
10x,null,,0.2075857585762975
10x,null,,0.4651189553249457
10x,null,,0.4806798221297989
10x,null,,0.4684982633443681
10x,null,,0.2846696796095875
10x,null,,0.398332176605264
10x,null,,0.391163548089058
10x,null,,0.28516073420791477
10x,null,,0.39782933810306703
10x,null,,0.4187052006159184
10x,null,,0.3856729758338151
10x,null,,0.40271906730259166
10x,null,,0.2947044841216807
10x,null,,0.29128122548511537
10x,null,,0.30757457185222686
10x,null,,0.3478295279850059
10x,null,,0.3087442399010319
10x,null,,0.32669057678863167
10x,null,,0.37199486221544725
10x,null,,0.2897790776134132
10x,null,,0.4314451132083577
10x,null,,0.44116612142868916
10x,null,,0.277756690961424
10x,null,,0.277756690961424
10x,null,,0.317510273075417
10x,null,,0.3037143366652659
10x,null,,0.2510096364405768
10x,null,,0.2670812043176557
10x,null,,0.39421731648179853
10x,null,,0.39513386687350455
10x,null,,0.4023141780793506
10x,null,,0.2438166533795642
10x,null,,0.40282055251186816
10x,null,,0.4012965586158077
10x,null,,0.505547419668194
10x,null,,0.39513386687350455
10x,null,,0.3066662459801796
10x,null,,0.35456290841332877
10x,null,,0.44781043220474287
10x,null,,0.25321291640723825
10x,null,,0.24679743384300928
10x,null,,0.35456290841332877
10x,null,,0.2949049625193742
10x,null,,0.3155140910739339
10x,null,,0.28013883974808784
10x,null,,0.3448050503278207
10x,null,,0.3780129059515448
10x,null,,0.32955917519205996
10x,null,,0.4308200498525705
10x,null,,0.4374118601027405
10x,null,,0.3164082279129644
10x,null,,0.2972161320882258
10x,null,,0.2599872272138548
10x,null,,0.41803517905207616
10x,null,,0.44781043220474287
10x,null,,0.3856729758338151
10x,null,,0.4159398048359561
10x,null,,0.31056151385716146
10x,null,,0.31168838689265876
10x,null,,0.2897790776134132
10x,null,,0.5150766296208744
10x,null,,0.4023141780793506
10x,null,,0.4023141780793506
10x,null,,0.2655212702747861
10x,null,,0.35079820447803517
10x,null,,0.42145005603308544
10x,null,,0.4406993720827516
10x,null,,0.37296886981425514
10x,null,,0.3749942731552203
10x,null,,0.41145636782804246
10x,null,,0.3707193598722754
10x,null,,0.3398515986626131
10x,null,,0.3369699822161862
10x,null,,0.3164082279129644
10x,null,,0.36599610469592003
10x,null,,0.2753984406215397
10x,null,,0.4017632627166688
10x,null,,0.304610890509739
10x,null,,0.39421731648179853
10x,null,,0.35275119774576075
10x,null,,0.37174227083271694
10x,null,,0.3670910708931074
10x,null,,0.4023141780793506
10x,null,,0.47500443922986824
10x,null,,0.2502434301266588
10x,null,,0.36363234547916395
10x,null,,0.4046938894523437
10x,null,,0.4017632627166688
10x,null,,0.362194236270703
10x,null,,0.3459569776243862
10x,null,,0.3838956571435886
10x,null,,0.260834085880256
10x,null,,0.3441094630647192
10x,null,,0.39654220732382994
10x,null,,0.30266762921476015
10x,null,,0.3332731110126552
10x,null,,0.22835333895294121
10x,null,,0.4203600005536263
10x,null,,0.39625429540672513
10x,null,,0.28408551928666675
10x,null,,0.39654220732382994
10x,null,,0.42956457897536465
10x,null,,0.36817879423320127
10x,null,,0.3071573675737336
10x,null,,0.35702665104735043
10x,null,,0.44751457927933824
10x,null,,0.3066243922504931
10x,null,,0.44751457927933824
10x,null,,0.3398515986626131
10x,null,,0.3155140910739339
10x,null,,0.2643247489641808
10x,null,,0.3589236677862112
10x,null,,0.3227010901699069
10x,null,,0.24868485068474916
10x,null,,0.3952766504802183
10x,null,,0.3878236680435924
10x,null,,0.23199030919530544
10x,null,,0.2972161320882258
10x,null,,0.3947795722635738
10x,null,,0.3369699822161862
10x,null,,0.3478295279850059
10x,null,,0.4314451132083577
10x,null,,0.2958856773059982
10x,null,,0.33068979214322825
10x,null,,0.3623281314255535
10x,null,,0.26905293238807365
10x,null,,0.23171257070229304
10x,null,,0.33336855875675003
10x,null,,0.35589784648894784
10x,null,,0.3549877927246217
10x,null,,0.24846272477416023
10x,null,,0.40875916304051285
10x,null,,0.26771517819011104
10x,null,,0.3178461519433758
10x,null,,0.38934165847495844
10x,null,,0.4851186120208679
10x,null,,0.45584176614747557
10x,null,,0.38572019817451314
10x,null,,0.34465276915081816
10x,null,,0.3350159541449952
10x,null,,0.29653803138406276
10x,null,,0.33284398483006056
10x,null,,0.22835333895294121
10x,null,,0.3617252367787759
10x,null,,0.3627332707415564
10x,null,,0.33284398483006056
10x,null,,0.36926921564128645
10x,null,,0.2856332755126045
10x,null,,0.41642873751560017
10x,null,,0.2981118851463903
10x,null,,0.4850514460532082
10x,null,,0.3478295279850059
10x,null,,0.2632926822333797
10x,null,,0.3164082279129644
10x,null,,0.44116612142868916
10x,null,,0.4537596365634907
10x,null,,0.43152478154789153
10x,null,,0.31255566487320435
10x,null,,0.3884792964604081
10x,null,,0.48266881898732633
10x,null,,0.20491746013010853
10x,null,,0.39461952100864883
10x,null,,0.25922435100175145
10x,null,,0.44501013131598005
10x,null,,0.42308022476437346
10x,null,,0.4549758615115349
10x,null,,0.31216575394270735
10x,null,,0.3227010901699069
10x,null,,0.439775092344384
10x,null,,0.31845463986912753
10x,null,,0.4203600005536263
10x,null,,0.39513386687350455
10x,null,,0.3332731110126552
10x,null,,0.4732814557721552
10x,null,,0.3999872029594032
10x,null,,0.36472527474023575
10x,null,,0.4314451132083577
10x,null,,0.2736755759285163
10x,null,,0.3549877927246217
10x,null,,0.3918098386477622
10x,null,,0.4098060046432576
10x,null,,0.30154771327481683
10x,null,,0.35456290841332877
10x,null,,0.3152208515991234
10x,null,,0.4580747465565976
10x,null,,0.31168838689265876
10x,null,,0.3035934657537035
10x,null,,0.36163055616722856
10x,null,,0.3077551922705783
10x,null,,0.3893550904375897
10x,null,,0.4840864222854919
10x,null,,0.340446903337831
10x,null,,0.3891016513985211
10x,null,,0.449570112145695
10x,null,,0.4496177282345453
10x,null,,0.3780129059515448
10x,null,,0.44809404411557374
10x,null,,0.23972409550492194
10x,null,,0.25310736375840925
10x,null,,0.264803036402853
10x,null,,0.299260477429702
10x,null,,0.34338425578807574
10x,null,,0.432709775186
10x,null,,0.27225902738913615
10x,null,,0.45982405550682137
10x,null,,0.38934165847495844
10x,null,,0.35356098418874393
10x,null,,0.35981446523674904
10x,null,,0.24846272477416023
10x,null,,0.3146657197924737
10x,null,,0.4651189553249457
10x,null,,0.34338425578807574
10x,null,,0.36599610469592003
10x,null,,0.40517109410423363
10x,null,,0.28953180772492687
10x,null,,0.2549240685587796
10x,null,,0.3332731110126552
10x,null,,0.2438166533795642
10x,null,,0.44107769940378405
10x,null,,0.38527810957152886
10x,null,,0.2995453335711891
10x,null,,0.42956457897536465
10x,null,,0.272913335229997
10x,null,,0.304531874355462
10x,null,,0.42334298700059925
10x,null,,0.37174015462970733
10x,null,,0.2753984406215397
10x,null,,0.3707193598722754
10x,null,,0.457235071775254
10x,null,,0.42956457897536465
10x,null,,0.2438166533795642
10x,null,,0.4727391640562965
10x,null,,0.3973881510666231
10x,null,,0.2992998037164923
10x,null,,0.3478295279850059
10x,null,,0.3146657197924737
10x,null,,0.4793762197164608
10x,null,,0.34317498157959936
10x,null,,0.3414067578513863
10x,null,,0.35275119774576075
10x,null,,0.38572019817451314
10x,null,,0.42308022476437346
10x,null,,0.34670838715713526
10x,null,,0.36472527474023575
10x,null,,0.3358743559479865
10x,null,,0.3847726324763805
10x,null,,0.3418121944374223
10x,null,,0.3670910708931074
10x,null,,0.34670838715713526
10x,null,,0.39027525128667895
10x,null,,0.304610890509739
10x,null,,0.33284398483006056
10x,null,,0.4806798221297989
10x,null,,0.3627332707415564
10x,null,,0.34158815912890633
10x,null,,0.44809404411557374
10x,null,,0.31255566487320435
10x,null,,0.312979156669868
10x,null,,0.36165984273631135
10x,null,,0.2995453335711891
10x,null,,0.5008245307215038
10x,null,,0.3951275085708851
10x,null,,0.5275175864116701
10x,null,,0.27282959377280597
10x,null,,0.38772453674232626
10x,null,,0.4206379484226196
10x,null,,0.32884165244865093
10x,null,,0.5448812182147025
10x,null,,0.36529498411808653
10x,null,,0.4159398048359561
10x,null,,0.4281986167933767
10x,null,,0.3847726324763805
10x,null,,0.37086348209839903
10x,null,,0.46567628860294885
10x,null,,0.46676014483808775
10x,null,,0.26771517819011104
10x,null,,0.439775092344384
10x,null,,0.2722378962199993
10x,null,,0.25486038327012156
10x,null,,0.32433040251211365
10x,null,,0.3589236677862112
10x,null,,0.4104474728731386
10x,null,,0.28330203293166656
10x,null,,0.3961126809165971
10x,null,,0.36702250845573453
10x,null,,0.4232665025304102
10x,null,,0.3285998123771272
10x,null,,0.2610788082567969
10x,null,,0.28408551928666675
10x,null,,0.3609857328765111
10x,null,,0.3536580872018446
10x,null,,0.38934165847495844
10x,null,,0.35784610335406714
10x,null,,0.23836085719637212
10x,null,,0.31261481856358786
10x,null,,0.41664627313815694
10x,null,,0.449570112145695
10x,null,,0.44809404411557374
10x,null,,0.4644914480461454
10x,null,,0.30987881230462044
10x,null,,0.3211304911317738
10x,null,,0.35726959112645834
10x,null,,0.41803517905207616
10x,null,,0.3609857328765111
10x,null,,0.3617339267815369
10x,null,,0.3440667215432483
10x,null,,0.23021178764954686
10x,null,,0.3419192451592556
10x,null,,0.31056151385716146
10x,null,,0.36363234547916395
10x,null,,0.41453497823227314
10x,null,,0.43152478154789153
10x,null,,0.38346021818438103
10x,null,,0.31415653864640186
10x,null,,0.2460142144159122
10x,null,,0.4384358593130053
10x,null,,0.38346021818438103
10x,null,,0.3167175822276649
10x,null,,0.35508791355100056
10x,null,,0.439775092344384
10x,null,,0.4592786162877239
10x,null,,0.46267590386583723
10x,null,,0.412524268883988
10x,null,,0.38087533858338407
10x,null,,0.38942870975585814
10x,null,,0.36431371265215623
10x,null,,0.3670910708931074
10x,null,,0.41325493136579977
10x,null,,0.3414067578513863
10x,null,,0.3459569776243862
10x,null,,0.4623332315173799
10x,null,,0.39563317682030796
10x,null,,0.44107769940378405
10x,null,,0.4214072566239304
10x,null,,0.22045241970299498
10x,null,,0.393072412750768
10x,null,,0.4757532793409319
10x,null,,0.40181799115508016
10x,null,,0.39468479285204905
10x,null,,0.28084892417390217
10x,null,,0.3013566221610173
10x,null,,0.3692562405260908
10x,null,,0.2722378962199993
10x,null,,0.4206379484226196
10x,null,,0.4611806502901322
10x,null,,0.31270098426538795
10x,null,,0.3067655994612853
10x,null,,0.27282959377280597
10x,null,,0.38942870975585814
10x,null,,0.45982405550682137
10x,null,,0.3918098386477622
10x,null,,0.340446903337831
10x,null,,0.24757132804507753
10x,null,,0.39513386687350455
10x,null,,0.3670910708931074
10x,null,,0.3005297061071987
10x,null,,0.36363234547916395
10x,null,,0.2913998608885875
10x,null,,0.35589784648894784
10x,null,,0.35508791355100056
10x,null,,0.4233633953340808
10x,null,,0.37267889502819973
10x,null,,0.33187087853474695
10x,null,,0.2846696796095875
10x,null,,0.29795706801424604
10x,null,,0.42334298700059925
10x,null,,0.3350159541449952
10x,null,,0.4542806103705824
10x,null,,0.40181799115508016
10x,null,,0.41053070821866017
10x,null,,0.2981118851463903
10x,null,,0.35312555355177183
10x,null,,0.40282055251186816
10x,null,,0.40584165892356133
10x,null,,0.38802934625421354
10x,null,,0.505547419668194
10x,null,,0.3589236677862112
10x,null,,0.3167175822276649
10x,null,,0.4233633953340808
10x,null,,0.2707080340765947
10x,null,,0.23953172258260927
10x,null,,0.45093137992788457
10x,null,,0.3230630714302218
10x,null,,0.45982405550682137
10x,null,,0.44884165105499163
10x,null,,0.259308891471116
10x,null,,0.26746218659216836
10x,null,,0.2610788082567969
10x,null,,0.3661343552590886
10x,null,,0.2599872272138548
10x,null,,0.5275175864116701
10x,null,,0.4233633953340808
10x,null,,0.44781043220474287
10x,null,,0.3301287106646827
10x,null,,0.42956457897536465
10x,null,,0.420592877460122
10x,null,,0.3358743559479865
10x,null,,0.39461952100864883
10x,null,,0.4059876617427441
10x,null,,0.4592786162877239
10x,null,,0.4282481451951319
10x,null,,0.3227010901699069
10x,null,,0.3436461530189428
10x,null,,0.301469288302996
10x,null,,0.41325493136579977
10x,null,,0.2655212702747861
10x,null,,0.43495824747186196
10x,null,,0.3929132773726503
10x,null,,0.2610788082567969
10x,null,,0.272913335229997
10x,null,,0.44781043220474287
10x,null,,0.16800541676554842
10x,null,,0.39016679604092397
10x,null,,0.3623281314255535
10x,null,,0.3066243922504931
10x,null,,0.43262850498577515
10x,null,,0.36926921564128645
10x,null,,0.45861665594844003
10x,null,,0.4104474728731386
10x,null,,0.44985103588797937
10x,null,,0.24439228021397752
10x,null,,0.26875056800453684
10x,null,,0.33336855875675003
10x,null,,0.4308200498525705
10x,null,,0.312979156669868
10x,null,,0.4064766546980031
10x,null,,0.3146657197924737
10x,null,,0.4564075003904868
10x,null,,0.2411631548887723
10x,null,,0.43169447116956194
10x,null,,0.39027525128667895
10x,null,,0.23067149244108703
10x,null,,0.3485361203710436
10x,null,,0.4406993720827516
10x,null,,0.4694770900632503
10x,null,,0.3847726324763805
10x,null,,0.3005297061071987
10x,null,,0.22152641594330638
10x,null,,0.38572019817451314
10x,null,,0.2700549812165914
10x,null,,0.39421731648179853
10x,null,,0.32564876102533435
10x,null,,0.22026446565242402
10x,null,,0.27677018334492337
10x,null,,0.2972161320882258
10x,null,,0.42720475209129494
10x,null,,0.5211776514081007
10x,null,,0.4064766546980031
10x,null,,0.2549240685587796
10x,null,,0.23199030919530544
10x,null,,0.29516526408373556
10x,null,,0.25321291640723825
10x,null,,0.22724043928227441
10x,null,,0.37086348209839903
10x,null,,0.36193550989654033
10x,null,,0.25310736375840925
10x,null,,0.4206379484226196
10x,null,,0.30757457185222686
10x,null,,0.20913039166944597
10x,null,,0.4264543833101598
10x,null,,0.2510096364405768
10x,null,,0.38000735606895764
10x,null,,0.36363234547916395
10x,null,,0.3536580872018446
10x,null,,0.3459569776243862
10x,null,,0.3211304911317738
10x,null,,0.39787119066295495
10x,null,,0.4542806103705824
10x,null,,0.32178137450152705
10x,null,,0.18975080837561306
10x,null,,0.44809404411557374
10x,null,,0.24263745902002945
10x,null,,0.21660764016440526
10x,null,,0.34465276915081816
10x,null,,0.22979089425014376
10x,null,,0.36926921564128645
10x,null,,0.26181563707748307
10x,null,,0.277756690961424
10x,null,,0.23175633120513608
10x,null,,0.3527308825543486
10x,null,,0.27757646056768853
10x,null,,0.4427975932805177
10x,null,,0.31335578798231806
10x,null,,0.41542811883919956
10x,null,,0.23555505693930245
10x,null,,0.46813120151392634
10x,null,,0.2753984406215397
10x,null,,0.449570112145695
10x,null,,0.2707080340765947
10x,null,,0.19359034895663715
10x,null,,0.2599872272138548
10x,null,,0.4757532793409319
10x,null,,0.44501013131598005
10x,null,,0.2724375155697994
10x,null,,0.42403976061256765
10x,null,,0.439775092344384
10x,null,,0.2783053171078631
10x,null,,0.34670838715713526
10x,null,,0.25486038327012156
10x,null,,0.34317498157959936
10x,null,,0.38942870975585814
10x,null,,0.292936475001487
10x,null,,0.38572019817451314
10x,null,,0.28565643802923113
10x,null,,0.39468479285204905
10x,null,,0.2736755759285163
10x,null,,0.23150150935725755
10x,null,,0.27677018334492337
10x,null,,0.49153092601261905
10x,null,,0.39766604922205423
10x,null,,0.44884165105499163
10x,null,,0.24439228021397752
10x,null,,0.3459569776243862
10x,null,,0.437716838929063
10x,null,,0.3155140910739339
10x,null,,0.3478295279850059
10x,null,,0.23308522615241628
10x,null,,0.3703410434820214
10x,null,,0.38527810957152886
10x,null,,0.3627332707415564
10x,null,,0.4227942848501556
10x,null,,0.312979156669868
10x,null,,0.26419243312210516
10x,null,,0.32416488417445655
10x,null,,0.22524195030249117
10x,null,,0.42267271381595756
10x,null,,0.44781043220474287
10x,null,,0.3187334951233802
10x,null,,0.43750012088323126
10x,null,,0.3929132773726503
10x,null,,0.34005770538313584
10x,null,,0.31845463986912753
10x,null,,0.2722378962199993
10x,null,,0.45982405550682137
10x,null,,0.3627332707415564
10x,null,,0.34031157625395636
10x,null,,0.2846696796095875
10x,null,,0.3485361203710436
10x,null,,0.3553255906164613
10x,null,,0.2614795577740615
10x,null,,0.3683809141060656
10x,null,,0.2972161320882258
10x,null,,0.43262850498577515
10x,null,,0.35981446523674904
10x,null,,0.2635369947194461
10x,null,,0.2761258595493622
10x,null,,0.2655212702747861
10x,null,,0.3589236677862112
10x,null,,0.3004547389620123
10x,null,,0.35020891107634167
10x,null,,0.391163548089058
10x,null,,0.32433040251211365
10x,null,,0.4764008684546074
10x,null,,0.40181799115508016
10x,null,,0.35529325974738885
10x,null,,0.38772453674232626
10x,null,,0.32884165244865093
10x,null,,0.3497083335175742
10x,null,,0.5295596391622943
10x,null,,0.31216575394270735
10x,null,,0.3618337016540529
10x,null,,0.4017632627166688
10x,null,,0.388130973033895
10x,null,,0.4877833025303833
10x,null,,0.2882759330423212
10x,null,,0.23972409550492194
10x,null,,0.4023141780793506
10x,null,,0.2852572318631505
10x,null,,0.38572019817451314
10x,null,,0.40875916304051285
10x,null,,0.2724375155697994
10x,null,,0.35981446523674904
10x,null,,0.4523610285614771
10x,null,,0.3087442399010319
10x,null,,0.2748784008437562
10x,null,,0.22026446565242402
10x,null,,0.304610890509739
10x,null,,0.2535090318100375
10x,null,,0.2682498046660304
10x,null,,0.2947044841216807
10x,null,,0.39468479285204905
10x,null,,0.26875056800453684
10x,null,,0.4793762197164608
10x,null,,0.31821162324654395
10x,null,,0.22700792820330726
10x,null,,0.38000735606895764
10x,null,,0.33583833807819624
10x,null,,0.3952766504802183
10x,null,,0.39027525128667895
10x,null,,0.17697981255821035
10x,null,,0.3459569776243862
10x,null,,0.3536580872018446
10x,null,,0.2724375155697994
10x,null,,0.2256447558742797
10x,null,,0.37600353816962456
10x,null,,0.38942870975585814
10x,null,,0.4067111780354762
10x,null,,0.44107769940378405
10x,null,,0.2906313772171252
10x,null,,0.37086348209839903
10x,null,,0.37532556027099306
10x,null,,0.39625429540672513
10x,null,,0.43750012088323126
10x,null,,0.24855938695290503
10x,null,,0.34031157625395636
10x,null,,0.38572019817451314
10x,null,,0.4101978674498831
10x,null,,0.3152208515991234
10x,null,,0.2995453335711891
10x,null,,0.25922435100175145
10x,null,,0.2612024266400097
10x,null,,0.3193465738468536
10x,null,,0.3563712288405941
10x,null,,0.36431371265215623
10x,null,,0.36926921564128645
10x,null,,0.43169447116956194
10x,null,,0.4541799292661104
10x,null,,0.3627332707415564
10x,null,,0.35145007877192663
10x,null,,0.38572019817451314
10x,null,,0.2962464878703039
10x,null,,0.2707080340765947
10x,null,,0.4159398048359561
10x,null,,0.38772453674232626
10x,null,,0.3398515986626131
10x,null,,0.3193465738468536
10x,null,,0.3285998123771272
10x,null,,0.3670297351442276
10x,null,,0.4576786848998427
10x,null,,0.304531874355462
10x,null,,0.46267590386583723
10x,null,,0.3414067578513863
10x,null,,0.30757457185222686
10x,null,,0.3440667215432483
10x,null,,0.3332731110126552
10x,null,,0.3670910708931074
10x,null,,0.2886826709797143
10x,null,,0.34251954310115623
10x,null,,0.2947044841216807
10x,null,,0.3929132773726503
10x,null,,0.3077551922705783
10x,null,,0.33336855875675003
10x,null,,0.31270098426538795
10x,null,,0.4391765866491345
10x,null,,0.22341488544225416
10x,null,,0.2846696796095875
10x,null,,0.38572019817451314
10x,null,,0.36431371265215623
10x,null,,0.3587460897273442
10x,null,,0.3402619256354238
10x,null,,0.3414067578513863
10x,null,,0.2523114977576162
10x,null,,0.20491746013010853
10x,null,,0.2897790776134132
10x,null,,0.37635229481262555
10x,null,,0.2707080340765947
10x,null,,0.3707193598722754
10x,null,,0.43750012088323126
10x,null,,0.38974701005990936
10x,null,,0.3590074666561848
10x,null,,0.34317498157959936
10x,null,,0.23199030919530544
10x,null,,0.277756690961424
10x,null,,0.47112745130688727
10x,null,,0.2992998037164923
10x,null,,0.3459569776243862
10x,null,,0.37267889502819973
10x,null,,0.30664783038216203
10x,null,,0.43495824747186196
10x,null,,0.37267889502819973
10x,null,,0.3155140910739339
10x,null,,0.4076702042520132
10x,null,,0.3071567496658045
10x,null,,0.3847726324763805
10x,null,,0.25425142362173
10x,null,,0.35867013611390786
10x,null,,0.4249227644117895
10x,null,,0.3627332707415564
10x,null,,0.4207024379358375
10x,null,,0.383575893240672
10x,null,,0.2863740289707696
10x,null,,0.35784610335406714
10x,null,,0.2460142144159122
10x,null,,0.4064766546980031
10x,null,,0.377505716668037
10x,null,,0.3952766504802183
10x,null,,0.5320964982757947
10x,null,,0.27282959377280597
10x,null,,0.42308022476437346
10x,null,,0.33284398483006056
10x,null,,0.3066243922504931
10x,null,,0.35910081560503315
10x,null,,0.3617252367787759
10x,null,,0.28140349639459883
10x,null,,0.34670838715713526
10x,null,,0.2886826709797143
10x,null,,0.26905293238807365
10x,null,,0.19245430192578541
10x,null,,0.34251954310115623
10x,null,,0.2981118851463903
10x,null,,0.29972465642681617
10x,null,,0.33284398483006056
10x,null,,0.35529325974738885
10x,null,,0.3590074666561848
10x,null,,0.42093149162494375
10x,null,,0.40181799115508016
10x,null,,0.30987881230462044
10x,null,,0.42093149162494375
10x,null,,0.44099176042378146
10x,null,,0.24538590389284293
10x,null,,0.3999872029594032
10x,null,,0.32564876102533435
10x,null,,0.23171257070229304
10x,null,,0.26419243312210516
10x,null,,0.3037143366652659
10x,null,,0.3154069029650758
10x,null,,0.23005807499314893
10x,null,,0.37174227083271694
10x,null,,0.39513386687350455
10x,null,,0.27225902738913615
10x,null,,0.4623332315173799
10x,null,,0.38284485307104915
10x,null,,0.2502434301266588
10x,null,,0.29516526408373556
10x,null,,0.43293958915621483
10x,null,,0.4484084033151579
10x,null,,0.3617339267815369
10x,null,,0.4484084033151579
10x,null,,0.33284398483006056
10x,null,,0.30154771327481683
10x,null,,0.32564876102533435
10x,null,,0.448611762627344
10x,null,,0.32669057678863167
10x,null,,0.2535090318100375
10x,null,,0.3587460897273442
10x,null,,0.3459569776243862
10x,null,,0.36128893689936253
10x,null,,0.3459569776243862
10x,null,,0.33583833807819624
10x,null,,0.292936475001487
10x,null,,0.474294218844606
10x,null,,0.36128893689936253
10x,null,,0.3749942731552203
10x,null,,0.5219669681535516
10x,null,,0.43495824747186196
10x,null,,0.33583833807819624
10x,null,,0.3023847617558275
10x,null,,0.3670910708931074
10x,null,,0.38572019817451314
10x,null,,0.3214360313997032
10x,null,,0.27225902738913615
10x,null,,0.22724043928227441
10x,null,,0.4233633953340808
10x,null,,0.317510273075417
10x,null,,0.37296886981425514
10x,null,,0.40271906730259166
10x,null,,0.3618337016540529
10x,null,,0.31270098426538795
10x,null,,0.415652346012025
10x,null,,0.31168838689265876
10x,null,,0.2438166533795642
10x,null,,0.38934165847495844
10x,null,,0.2785917376661765
10x,null,,0.340446903337831
10x,null,,0.33583833807819624
10x,null,,0.38802934625421354
10x,null,,0.34031157625395636
10x,null,,0.44985103588797937
10x,null,,0.4757606432211817
10x,null,,0.3101537602589273
10x,null,,0.3627332707415564
10x,null,,0.3448050503278207
10x,null,,0.43951315906156324
10x,null,,0.2791530747681376
10x,null,,0.3448050503278207
10x,null,,0.28083261214126687
10x,null,,0.45584176614747557
10x,null,,0.33068979214322825
10x,null,,0.42267271381595756
10x,null,,0.30266762921476015
10x,null,,0.30945607027292615
10x,null,,0.3809238677649416
10x,null,,0.3891016513985211
10x,null,,0.3426410323442706
10x,null,,0.333813852189701
10x,null,,0.3703410434820214
10x,null,,0.45861665594844003
10x,null,,0.2643247489641808
10x,null,,0.420592877460122
10x,null,,0.42267271381595756
10x,null,,0.2599872272138548
10x,null,,0.38572019817451314
10x,null,,0.32433040251211365
10x,null,,0.4104474728731386
10x,null,,0.3301287106646827
10x,null,,0.2726470367009218
10x,null,,0.28987388710601586
10x,null,,0.35981446523674904
10x,null,,0.44799597448453704
10x,null,,0.259308891471116
10x,null,,0.43951315906156324
10x,null,,0.37938968901849757
10x,null,,0.3066243922504931
10x,null,,0.4427975932805177
10x,null,,0.32564876102533435
10x,null,,0.48438569803159776
10x,null,,0.3369699822161862
10x,null,,0.34158815912890633
10x,null,,0.3448050503278207
10x,null,,0.3617252367787759
10x,null,,0.3441094630647192
10x,null,,0.36817879423320127
10x,null,,0.2856332755126045
10x,null,,0.4646239829317002
10x,null,,0.37635229481262555
10x,null,,0.312979156669868
10x,null,,0.33187087853474695
10x,null,,0.28013883974808784
10x,null,,0.3856729758338151
10x,null,,0.36599610469592003
10x,null,,0.19109605911066024
10x,null,,0.3013566221610173
10x,null,,0.3563712288405941
10x,null,,0.2886826709797143
10x,null,,0.41107556607856666
10x,null,,0.31415653864640186
10x,null,,0.3617339267815369
10x,null,,0.4764008684546074
10x,null,,0.3627332707415564
10x,null,,0.4203600005536263
10x,null,,0.2796861724193407
10x,null,,0.2863740289707696
10x,null,,0.4126883347670459
10x,null,,0.44107769940378405
10x,null,,0.3578330101552532
10x,null,,0.39019406979822496
10x,null,,0.33068979214322825
10x,null,,0.2972161320882258
10x,null,,0.4325930182760097
10x,null,,0.43169447116956194
10x,null,,0.35456290841332877
10x,null,,0.28408551928666675
10x,null,,0.24757132804507753
10x,null,,0.3419192451592556
10x,null,,0.3478295279850059
10x,null,,0.35312555355177183
10x,null,,0.2651488567901108
10x,null,,0.2995453335711891
10x,null,,0.3161803787775871
10x,null,,0.3590074666561848
10x,null,,0.4969443891853924
10x,null,,0.32433040251211365
10x,null,,0.24538590389284293
10x,null,,0.31270098426538795
10x,null,,0.304610890509739
10x,null,,0.38772453674232626
10x,null,,0.37938968901849757
10x,null,,0.3999872029594032
10x,null,,0.2753984406215397
10x,null,,0.4756718907939341
10x,null,,0.3661343552590886
10x,null,,0.28330203293166656
10x,null,,0.312979156669868
10x,null,,0.2682498046660304
10x,null,,0.3891016513985211
10x,null,,0.35589784648894784
10x,null,,0.4159398048359561
10x,null,,0.38441161642485294
10x,null,,0.37086348209839903
10x,null,,0.39468479285204905
10x,null,,0.4206379484226196
10x,null,,0.3193465738468536
10x,null,,0.3884792964604081
10x,null,,0.4115417401337015
10x,null,,0.3227010901699069
10x,null,,0.35145007877192663
10x,null,,0.4761010050756682
10x,null,,0.26905293238807365
10x,null,,0.388130973033895
10x,null,,0.4496177282345453
10x,null,,0.4110315036017786
10x,null,,0.35981446523674904
10x,null,,0.34670838715713526
10x,null,,0.484775785342202
10x,null,,0.412524268883988
10x,null,,0.415652346012025
10x,null,,0.2753984406215397
10x,null,,0.35784610335406714
10x,null,,0.35508791355100056
10x,null,,0.3899096088221789
10x,null,,0.37504981728978304
10x,null,,0.26181563707748307
10x,null,,0.30113281829387645
10x,null,,0.2725502984947998
10x,null,,0.2785917376661765
10x,null,,0.4391765866491345
10x,null,,0.45584176614747557
10x,null,,0.2700549812165914
10x,null,,0.3847726324763805
10x,null,,0.24679743384300928
10x,null,,0.437716838929063
10x,null,,0.23023851026230216
10x,null,,0.3838956571435886
10x,null,,0.44799597448453704
10x,null,,0.41579435032398787
10x,null,,0.3035934657537035
10x,null,,0.43951315906156324
10x,null,,0.35275119774576075
10x,null,,0.2707080340765947
10x,null,,0.3005297061071987
10x,null,,0.4126883347670459
10x,null,,0.30334954102359146
10x,null,,0.312979156669868
10x,null,,0.2670812043176557
10x,null,,0.31261481856358786
10x,null,,0.43169447116956194
10x,null,,0.3683809141060656
10x,null,,0.3670910708931074
10x,null,,0.5448812182147025
10x,null,,0.17005914242095102
10x,null,,0.4736534509813711
10x,null,,0.39421731648179853
10x,null,,0.3419192451592556
10x,null,,0.3227010901699069
10x,null,,0.3623281314255535
10x,null,,0.4264543833101598
10x,null,,0.36817879423320127
10x,null,,0.3230630714302218
10x,null,,0.46267590386583723
10x,null,,0.2981118851463903
10x,null,,0.4104474728731386
10x,null,,0.21644674188683538
10x,null,,0.2502434301266588
10x,null,,0.3884792964604081
10x,null,,0.4567177380497211
10x,null,,0.3005297061071987
10x,null,,0.2745620549279832
10x,null,,0.2643247489641808
10x,null,,0.2913998608885875
10x,null,,0.3414067578513863
10x,null,,0.38284485307104915
10x,null,,0.361533975392251
10x,null,,0.40114143604502367
10x,null,,0.31845463986912753
10x,null,,0.3485361203710436
10x,null,,0.2256447558742797
10x,null,,0.3670910708931074
10x,null,,0.31335578798231806
10x,null,,0.3227010901699069
10x,null,,0.49811809507131166
10x,null,,0.5096231626108454
10x,null,,0.277756690961424
10x,null,,0.37086348209839903
10x,null,,0.3285998123771272
10x,null,,0.4244433274464215
10x,null,,0.2722378962199993
10x,null,,0.5750844747769838
10x,null,,0.2897578433714531
10x,null,,0.2753984406215397
10x,null,,0.40282055251186816
10x,null,,0.507950071332348
10x,null,,0.35312555355177183
10x,null,,0.3590074666561848
10x,null,,0.35784610335406714
10x,null,,0.3167175822276649
10x,null,,0.4159398048359561
10x,null,,0.3101537602589273
10x,null,,0.4159398048359561
10x,null,,0.2319587158632468
10x,null,,0.3214360313997032
10x,null,,0.3441094630647192
10x,null,,0.43062510181427277
10x,null,,0.32416488417445655
10x,null,,0.3691811056050196
10x,null,,0.449570112145695
10x,null,,0.27282959377280597
10x,null,,0.34670838715713526
10x,null,,0.28084892417390217
10x,null,,0.3961126809165971
10x,null,,0.41664627313815694
10x,null,,0.43293958915621483
10x,null,,0.2992419762681799
10x,null,,0.2962464878703039
10x,null,,0.3214360313997032
10x,null,,0.4023141780793506
10x,null,,0.36193550989654033
10x,null,,0.26746218659216836
10x,null,,0.3369699822161862
10x,null,,0.24846272477416023
10x,null,,0.4012965586158077
10x,null,,0.3749942731552203
10x,null,,0.17697981255821035
10x,null,,0.4364289852176752
10x,null,,0.437716838929063
10x,null,,0.4953541862987407
10x,null,,0.35726959112645834
10x,null,,0.31168838689265876
10x,null,,0.31168838689265876
10x,null,,0.2981118851463903
10x,null,,0.36431371265215623
10x,null,,0.40114143604502367
10x,null,,0.259308891471116
10x,null,,0.3856729758338151
10x,null,,0.3973881510666231
10x,null,,0.3358743559479865
10x,null,,0.4215447542574406
10x,null,,0.41145636782804246
10x,null,,0.3692562405260908
10x,null,,0.3504912319280815
10x,null,,0.41664627313815694
10x,null,,0.2906313772171252
10x,null,,0.29153174811553717
10x,null,,0.42308022476437346
10x,null,,0.38527810957152886
10x,null,,0.31871825408527743
10x,null,,0.2973775708870339
10x,null,,0.35726959112645834
10x,null,,0.3497083335175742
10x,null,,0.37267889502819973
10x,null,,0.35508791355100056
10x,null,,0.30266762921476015
10x,null,,0.4098060046432576
10x,null,,0.39787119066295495
10x,null,,0.2722378962199993
10x,null,,0.361533975392251
10x,null,,0.43777892491266673
10x,null,,0.362194236270703
10x,null,,0.45861665594844003
10x,null,,0.38772453674232626
10x,null,,0.3187334951233802
10x,null,,0.38772453674232626
10x,null,,0.38029657842853476
10x,null,,0.3402619256354238
10x,null,,0.35508791355100056
10x,null,,0.2411631548887723
10x,null,,0.449570112145695
10x,null,,0.38107707702785426
10x,null,,0.2670812043176557
10x,null,,0.3692562405260908
10x,null,,0.4406993720827516
10x,null,,0.2992998037164923
10x,null,,0.36165984273631135
10x,null,,0.33208226395153323
10x,null,,0.4023141780793506
10x,null,,0.2670812043176557
10x,null,,0.29396109237703794
10x,null,,0.29516526408373556
10x,null,,0.22835333895294121
10x,null,,0.2927122024975751
10x,null,,0.3459569776243862
10x,null,,0.24377179004342692
10x,null,,0.2438166533795642
10x,null,,0.3670910708931074
10x,null,,0.37086348209839903
10x,null,,0.39027525128667895
10x,null,,0.4612392270736641
10x,null,,0.3627332707415564
10x,null,,0.41107556607856666
10x,null,,0.370707984261505
10x,null,,0.42267271381595756
10x,null,,0.3350159541449952
10x,null,,0.2535090318100375
10x,null,,0.3809238677649416
10x,null,,0.4684982633443681
10x,null,,0.35508791355100056
10x,null,,0.43750012088323126
10x,null,,0.3578330101552532
10x,null,,0.35867013611390786
10x,null,,0.3152208515991234
10x,null,,0.4410524051245536
10x,null,,0.3670297351442276
10x,null,,0.37296886981425514
10x,null,,0.3553255906164613
10x,null,,0.36163055616722856
10x,null,,0.25486038327012156
10x,null,,0.42308022476437346
10x,null,,0.22724043928227441
10x,null,,0.362194236270703
10x,null,,0.2655212702747861
10x,null,,0.5770401881574528
10x,null,,0.2783053171078631
10x,null,,0.2988923037719238
10x,null,,0.30154771327481683
10x,null,,0.3398515986626131
10x,null,,0.39468479285204905
10x,null,,0.38346021818438103
10x,null,,0.3881045465327603
10x,null,,0.3418121944374223
10x,null,,0.314781213822818
10x,null,,0.3617339267815369
10x,null,,0.3313657295481737
10x,null,,0.46072214169859044
10x,null,,0.38527810957152886
10x,null,,0.46554359574619636
10x,null,,0.2696094395637677
10x,null,,0.35145007877192663
10x,null,,0.3803211408879999
10x,null,,0.17697981255821035
10x,null,,0.439775092344384
10x,null,,0.2981118851463903
10x,null,,0.2906313772171252
10x,null,,0.36431371265215623
40x,replicate,abemaciclib,0.12509732400152812
40x,replicate,binimetinib,0.17195892350667022
40x,replicate,fluorouracil,0.050526303384261465
40x,replicate,gemcitabine,0.18152390047711123
40x,replicate,sn-38,0.11170526265943968
40x,replicate,trifluridine,0.11388211449708038
40x,null,,0.05288141722289567
40x,null,,0.23759009428340475
40x,null,,0.2880760417481683
40x,null,,0.12422104847147523
40x,null,,0.10453109195258739
40x,null,,0.6951762339474679
40x,null,,0.12101770027106735
40x,null,,0.13676036717795564
40x,null,,0.12009742855346649
40x,null,,-0.12147735322803627
40x,null,,0.5382552481754037
40x,null,,0.054465099265683964
40x,null,,0.07050357892355204
40x,null,,0.08764944148677337
40x,null,,0.15918145763643615
40x,null,,-0.09002454567087123
40x,null,,0.08581246495961782
40x,null,,0.1563656171699248
40x,null,,0.33382054667590677
40x,null,,0.41141871315963774
40x,null,,0.03386874411418037
40x,null,,0.09583987477995723
40x,null,,0.06155871312205755
40x,null,,0.1990540187179557
40x,null,,0.06027066926075348
40x,null,,0.15349533290596684
40x,null,,0.17771351980158184
40x,null,,0.16161885667265305
40x,null,,0.02381071148506932
40x,null,,0.17430129606176445
40x,null,,0.035497138066109095
40x,null,,0.083123452028358
40x,null,,0.12422104847147523
40x,null,,0.1892241171763846
40x,null,,0.251916316352545
40x,null,,0.10575253579282862
40x,null,,0.1563656171699248
40x,null,,0.06991478523955233
40x,null,,0.06804457040475691
40x,null,,0.029068518328343108
40x,null,,0.09847188368756626
40x,null,,0.03802606665549689
40x,null,,0.4392848026335293
40x,null,,0.06674368517403052
40x,null,,0.15349533290596684
40x,null,,0.41555634628985244
40x,null,,0.07896931778127132
40x,null,,0.06837506853725762
40x,null,,0.06150624247313925
40x,null,,0.07273349185438018
40x,null,,0.09438506827819428
40x,null,,0.07996281096130374
40x,null,,0.1283646556758989
40x,null,,0.6978040038465579
40x,null,,0.29184365038659726
40x,null,,0.15679910681895246
40x,null,,0.0553468319509422
40x,null,,0.09865693504167104
40x,null,,0.15761164245988482
40x,null,,0.08295957196205642
40x,null,,0.14455460751852464
40x,null,,0.24337396832914499
40x,null,,0.14196013408225638
40x,null,,0.08161775791262425
40x,null,,0.20466269142624224
40x,null,,0.11341937628378554
40x,null,,0.13229252530957988
40x,null,,-0.00138280245006078
40x,null,,0.7082969356500696
40x,null,,0.08472036127303749
40x,null,,0.061615181015680066
40x,null,,0.09025102232490266
40x,null,,0.08463888543063859
40x,null,,0.0935405800213285
40x,null,,0.26810588416311937
40x,null,,0.17771351980158184
40x,null,,-0.005867442565754869
40x,null,,0.11303376605720862
40x,null,,0.09524847739562936
40x,null,,0.08600942329138969
40x,null,,0.003647367719122725
40x,null,,0.19939425788387297
40x,null,,0.08024633154165745
40x,null,,0.08463888543063859
40x,null,,0.02170007810591358
40x,null,,0.05586720170045546
40x,null,,0.14474858752453432
40x,null,,0.08672383432301516
40x,null,,0.11541804138825149
40x,null,,0.27510816737509597
40x,null,,0.08764944148677337
40x,null,,0.05181864350134923
40x,null,,0.5937397774283599
40x,null,,0.25069955222475115
40x,null,,0.038665102931474966
40x,null,,0.4309782720584366
40x,null,,0.08161775791262425
40x,null,,0.05288141722289567
40x,null,,0.3783938806541447
40x,null,,0.5592710278226524
40x,null,,0.08101512780917158
40x,null,,0.2677150576070314
40x,null,,0.21925939296186778
40x,null,,0.14786713341695287
40x,null,,-0.001820425444238505
40x,null,,0.09979865642506631
40x,null,,0.31777862398842355
40x,null,,0.21178347357776506
40x,null,,0.037845878065227136
40x,null,,0.18456541804142487
40x,null,,0.12020775054614433
40x,null,,-0.04212874209396636
40x,null,,0.5214855086585866
40x,null,,0.06899368167673291
40x,null,,0.35392136964117504
40x,null,,0.49649488710429107
40x,null,,-0.008445978816820287
40x,null,,0.33382054667590677
40x,null,,0.06178263654779753
40x,null,,0.0653453235941911
40x,null,,0.19578512162744513
40x,null,,0.2827703525738868
40x,null,,0.5937397774283599
40x,null,,0.2880760417481683
40x,null,,0.4335074342259821
40x,null,,0.12020775054614433
40x,null,,0.12446662764342657
40x,null,,0.006816662869161234
40x,null,,0.04911754466631029
40x,null,,0.16161885667265305
40x,null,,0.22021534722190872
40x,null,,0.06053959892525638
40x,null,,0.3206057149718162
40x,null,,-0.13890671054614778
40x,null,,0.11494105816507605
40x,null,,0.16193226580299958
40x,null,,0.43677882530365936
40x,null,,0.07786853963383035
40x,null,,0.10569160636930937
40x,null,,0.33382054667590677
40x,null,,0.09847188368756626
40x,null,,0.24337396832914499
40x,null,,0.10373743056110131
40x,null,,0.33382054667590677
40x,null,,0.15349533290596684
40x,null,,0.08256991130108271
40x,null,,0.06672446265405371
40x,null,,0.10736776010848437
40x,null,,0.0887869159091965
40x,null,,0.13198713831675504
40x,null,,0.054465099265683964
40x,null,,0.03566038111817361
40x,null,,0.11704635188684813
40x,null,,0.16921614341739313
40x,null,,0.44031465312212414
40x,null,,0.39559965829514304
40x,null,,0.1423992783330743
40x,null,,0.14804882632468053
40x,null,,-0.049663428383773855
40x,null,,0.019003443282917597
40x,null,,0.09438506827819428
40x,null,,0.09438506827819428
40x,null,,0.06765444235283759
40x,null,,0.10453109195258739
40x,null,,0.08193498267559796
40x,null,,0.07896931778127132
40x,null,,0.13198713831675504
40x,null,,-0.07042884873749782
40x,null,,0.14455460751852464
40x,null,,0.3673607065374833
40x,null,,0.0728514687888992
40x,null,,-0.04750051366794937
40x,null,,-0.16071340903572381
40x,null,,0.07439302276381068
40x,null,,0.12078108569920024
40x,null,,0.04695827640916284
40x,null,,0.6721747674533918
40x,null,,0.39559965829514304
40x,null,,0.006577781564383376
40x,null,,0.02209447292270573
40x,null,,0.12734213360826796
40x,null,,0.07786853963383035
40x,null,,0.09025102232490266
40x,null,,0.08824006548489005
40x,null,,0.1283646556758989
40x,null,,0.07355541947541074
40x,null,,0.1990540187179557
40x,null,,0.035990175015141165
40x,null,,0.16674361662850481
40x,null,,0.17430129606176445
40x,null,,-0.030378973316461874
40x,null,,0.206566181121926
40x,null,,0.25069955222475115
40x,null,,0.2569780904565428
40x,null,,0.2552379585742404
40x,null,,0.02145238079891896
40x,null,,0.49124092237577216
40x,null,,0.03802606665549689
40x,null,,0.02145238079891896
40x,null,,0.19939425788387297
40x,null,,0.221145729329025
40x,null,,0.36238450132253275
40x,null,,0.15713269259222307
40x,null,,0.31777862398842355
40x,null,,0.12734213360826796
40x,null,,0.42381423409085767
40x,null,,0.22691725874935098
40x,null,,0.058381515865142085
40x,null,,0.2569376971620864
40x,null,,0.29184365038659726
40x,null,,0.4257324550444284
40x,null,,0.07262735225810024
40x,null,,0.09730223173989433
40x,null,,0.023797291350649303
40x,null,,0.15806432462079803
40x,null,,0.14359324644244187
40x,null,,0.15137896863193268
40x,null,,0.023851207559115316
40x,null,,0.5592710278226524
40x,null,,-0.009425973107133322
40x,null,,0.1563656171699248
40x,null,,0.19939425788387297
40x,null,,0.8097559874711495
40x,null,,0.14250611117567036
40x,null,,0.07287407564652157
40x,null,,0.07577719349729288
40x,null,,0.09084295453590688
40x,null,,0.1423992783330743
40x,null,,0.1190346441769767
40x,null,,0.014611797784687268
40x,null,,0.15137896863193268
40x,null,,0.06765444235283759
40x,null,,0.09304568126850574
40x,null,,0.20466269142624224
40x,null,,0.15137896863193268
40x,null,,0.03555369422169295
40x,null,,0.14082377698760784
40x,null,,0.047574414535810815
40x,null,,0.22021534722190872
40x,null,,0.08778888068120647
40x,null,,0.2048402736311987
40x,null,,0.03489673300181547
40x,null,,0.2866790157318977
40x,null,,0.11541804138825149
40x,null,,0.2569376971620864
40x,null,,0.10575253579282862
40x,null,,0.08932839824231846
40x,null,,0.06763112100269632
40x,null,,0.13229252530957988
40x,null,,0.2552379585742404
40x,null,,0.11739494016677005
40x,null,,0.2923366600888011
40x,null,,0.2860306693266339
40x,null,,0.04830229870363094
40x,null,,0.12020775054614433
40x,null,,0.590462629177287
40x,null,,-0.06731802046306369
40x,null,,0.2743934298346162
40x,null,,0.09452837115938932
40x,null,,0.36211862061586636
40x,null,,0.44256097763010077
40x,null,,0.40059468051741803
40x,null,,0.232138226157044
40x,null,,0.20739785679455044
40x,null,,0.023217328660384118
40x,null,,0.010396042735211292
40x,null,,0.07089290963264042
40x,null,,0.0961116214693961
40x,null,,0.4480937829465169
40x,null,,0.07260924067731174
40x,null,,0.08710881272439458
40x,null,,0.12702976352256515
40x,null,,0.04706589379484649
40x,null,,0.1254333935872719
40x,null,,0.03292673384400749
40x,null,,0.12290253015832588
40x,null,,0.30921778579059483
40x,null,,0.013402610109077708
40x,null,,0.12290253015832588
40x,null,,0.20538053525137942
40x,null,,0.17325540352807373
40x,null,,0.09304568126850574
40x,null,,0.08737039524541598
40x,null,,0.04942212991425969
40x,null,,0.20466269142624224
40x,null,,0.3086664262176205
40x,null,,0.20739785679455044
40x,null,,0.17767510012720888
40x,null,,0.03416868846025586
40x,null,,-0.1325014422050974
40x,null,,0.06150624247313925
40x,null,,0.08931604371693776
40x,null,,0.24677866525067282
40x,null,,0.3086664262176205
40x,null,,0.005063899169475762
40x,null,,0.6036213332245967
40x,null,,0.15802479584385642
40x,null,,0.023217328660384118
40x,null,,0.054686388300755895
40x,null,,0.08270456909831286
40x,null,,0.10276085559051279
40x,null,,0.3739767251221737
40x,null,,0.06053959892525638
40x,null,,0.021021185939050068
40x,null,,0.20576006748708903
40x,null,,0.20299245310410696
40x,null,,0.5951519884545967
40x,null,,0.09438506827819428
40x,null,,-0.013649464549041057
40x,null,,0.1626542271533251
40x,null,,0.10569160636930937
40x,null,,0.038897298946376696
40x,null,,0.26810588416311937
40x,null,,0.010759097649223791
40x,null,,0.5287463466065286
40x,null,,0.06804457040475691
40x,null,,0.09025102232490266
40x,null,,0.0961116214693961
40x,null,,-0.006803469299436399
40x,null,,0.053075628021837205
40x,null,,0.14196013408225638
40x,null,,0.3464245300994775
40x,null,,0.09452837115938932
40x,null,,0.07400693930343233
40x,null,,0.3673607065374833
40x,null,,0.054465099265683964
40x,null,,0.04942212991425969
40x,null,,-0.1206905900729518
40x,null,,0.2860306693266339
40x,null,,0.42916306405672866
40x,null,,0.04831502790287856
40x,null,,0.15918145763643615
40x,null,,0.019003443282917597
40x,null,,-0.013780939982938818
40x,null,,0.19226426555506387
40x,null,,0.4503534276742884
40x,null,,0.6857094987796998
40x,null,,0.33382054667590677
40x,null,,0.023217328660384118
40x,null,,0.06503917941257979
40x,null,,0.1792245218325179
40x,null,,0.2860306693266339
40x,null,,0.04551429778563824
40x,null,,0.08193498267559796
40x,null,,0.07996281096130374
40x,null,,0.19809218753138677
40x,null,,0.06837506853725762
40x,null,,0.06027066926075348
40x,null,,0.16842864443331837
40x,null,,0.039081389870879515
40x,null,,0.28952556561112397
40x,null,,0.395105597065757
40x,null,,0.16193226580299958
40x,null,,0.1151463158123213
40x,null,,0.33382054667590677
40x,null,,0.11501148248023149
40x,null,,0.44043282178603566
40x,null,,0.14786713341695287
40x,null,,0.08672383432301516
40x,null,,0.01025444964871872
40x,null,,0.15137896863193268
40x,null,,0.09510413109283332
40x,null,,0.41141871315963774
40x,null,,0.0553468319509422
40x,null,,0.10553279456685744
40x,null,,0.3783938806541447
40x,null,,0.07439302276381068
40x,null,,-0.10622267294412964
40x,null,,0.05078666531816292
40x,null,,0.05527425090211442
40x,null,,0.04551429778563824
40x,null,,0.24677866525067282
40x,null,,0.015142823682284614
40x,null,,0.2569780904565428
40x,null,,0.15918145763643615
40x,null,,0.1283646556758989
40x,null,,0.23017291020559735
40x,null,,0.14786713341695287
40x,null,,0.15886047769384332
40x,null,,0.09438506827819428
40x,null,,0.07717436877351261
40x,null,,0.02150953842344057
40x,null,,0.12446662764342657
40x,null,,-0.04750051366794937
40x,null,,0.3783938806541447
40x,null,,0.06052373297513844
40x,null,,0.23759009428340475
40x,null,,0.05601554880419032
40x,null,,0.023217328660384118
40x,null,,0.07577719349729288
40x,null,,0.003201764945576681
40x,null,,0.20299245310410696
40x,null,,0.20538053525137942
40x,null,,0.2569780904565428
40x,null,,0.12009742855346649
40x,null,,0.03069475968564949
40x,null,,0.07439302276381068
40x,null,,0.12446662764342657
40x,null,,0.3241138394112039
40x,null,,0.15679910681895246
40x,null,,0.12551998230673375
40x,null,,0.257636885993338
40x,null,,0.44256097763010077
40x,null,,0.12009742855346649
40x,null,,0.3241138394112039
40x,null,,0.14082377698760784
40x,null,,0.24303201514426387
40x,null,,0.03380999558561311
40x,null,,0.15537504866033794
40x,null,,0.08193498267559796
40x,null,,0.042316592465728595
40x,null,,0.1991253878309751
40x,null,,0.1626542271533251
40x,null,,0.17767510012720888
40x,null,,0.08193498267559796
40x,null,,0.08463888543063859
40x,null,,0.06674368517403052
40x,null,,0.08963542958424366
40x,null,,0.1371269551308916
40x,null,,0.07262735225810024
40x,null,,0.14804882632468053
40x,null,,0.06178263654779753
40x,null,,-0.16619111694149263
40x,null,,0.053265512972833134
40x,null,,0.03380999558561311
40x,null,,-0.4773438249402552
40x,null,,0.041166330605363545
40x,null,,0.10088628430350854
40x,null,,-0.06217349608124454
40x,null,,0.15146173960002599
40x,null,,0.04034980527273865
40x,null,,0.046263066069251235
40x,null,,0.20299245310410696
40x,null,,0.14196013408225638
40x,null,,0.04201883725448798
40x,null,,0.16842864443331837
40x,null,,0.13198713831675504
40x,null,,0.02145238079891896
40x,null,,0.14158940521471713
40x,null,,0.07786853963383035
40x,null,,0.17771351980158184
40x,null,,0.14287055046825503
40x,null,,0.36211862061586636
40x,null,,0.06785320316380984
40x,null,,0.0653453235941911
40x,null,,0.19226426555506387
40x,null,,0.13029420118101878
40x,null,,0.09583081641839411
40x,null,,0.14287055046825503
40x,null,,-0.10622267294412964
40x,null,,0.1537098664146094
40x,null,,0.06837506853725762
40x,null,,0.2759344030491647
40x,null,,0.07717436877351261
40x,null,,0.13029420118101878
40x,null,,0.081360190546445
40x,null,,0.07260924067731174
40x,null,,0.1423992783330743
40x,null,,0.12551998230673375
40x,null,,0.11501148248023149
40x,null,,0.047746598651591775
40x,null,,0.382946893662273
40x,null,,0.24677866525067282
40x,null,,0.1190346441769767
40x,null,,0.07786853963383035
40x,null,,0.21925939296186778
40x,null,,0.17325540352807373
40x,null,,0.08193498267559796
40x,null,,0.07577719349729288
40x,null,,0.20822010372860195
40x,null,,0.06150624247313925
40x,null,,0.03489673300181547
40x,null,,0.126774344499567
40x,null,,0.26810588416311937
40x,null,,0.28095847864981843
40x,null,,0.18456541804142487
40x,null,,0.028771367413075854
40x,null,,0.06991478523955233
40x,null,,0.5331060979894231
40x,null,,0.10508464948844413
40x,null,,0.31049378228413776
40x,null,,0.03386874411418037
40x,null,,0.07896931778127132
40x,null,,0.5382552481754037
40x,null,,0.0553468319509422
40x,null,,0.4080422180322675
40x,null,,0.14230061055166646
40x,null,,0.41555634628985244
40x,null,,0.12009742855346649
40x,null,,0.05626572666625064
40x,null,,-0.08557989955686973
40x,null,,0.035497138066109095
40x,null,,0.054465099265683964
40x,null,,-0.08705841238225658
40x,null,,0.05373906136535155
40x,null,,0.08269638980709872
40x,null,,0.15373018424753954
40x,null,,0.08600942329138969
40x,null,,0.2161506871788741
40x,null,,0.4680416976679307
40x,null,,0.6312105693149506
40x,null,,0.0887869159091965
40x,null,,0.10059183352098254
40x,null,,-0.01721683650085563
40x,null,,0.08710881272439458
40x,null,,0.012280225938571362
40x,null,,0.1725910693944488
40x,null,,0.08600942329138969
40x,null,,0.12551998230673375
40x,null,,0.06155871312205755
40x,null,,0.39348371865484205
40x,null,,0.18957141175889416
40x,null,,-0.013780939982938818
40x,null,,0.1371269551308916
40x,null,,0.20739785679455044
40x,null,,0.08140777906100108
40x,null,,0.09452837115938932
40x,null,,0.4335074342259821
40x,null,,0.24166980874279076
40x,null,,0.3819637512762221
40x,null,,0.07507717294689144
40x,null,,0.03489673300181547
40x,null,,-0.12108509812640106
40x,null,,0.23017291020559735
40x,null,,0.3206057149718162
40x,null,,0.03776356234159406
40x,null,,0.21843799243755976
40x,null,,0.046263066069251235
40x,null,,0.009866336578526246
40x,null,,0.06323325446032102
40x,null,,0.04461031689876568
40x,null,,0.2048402736311987
40x,null,,0.12734213360826796
40x,null,,0.26810588416311937
40x,null,,0.1151463158123213
40x,null,,0.041793563853961144
40x,null,,0.06150624247313925
40x,null,,0.23563194424005546
40x,null,,0.033936138470123084
40x,null,,0.14455460751852464
40x,null,,0.010759097649223791
40x,null,,-0.10622267294412964
40x,null,,0.46761014304650594
40x,null,,0.06323325446032102
40x,null,,0.06837506853725762
40x,null,,-0.5465979849686916
40x,null,,0.03279387905695806
40x,null,,0.14230061055166646
40x,null,,0.021021185939050068
40x,null,,0.40402740786612457
40x,null,,0.037845878065227136
40x,null,,0.14786713341695287
40x,null,,0.7186820895930964
40x,null,,0.1792245218325179
40x,null,,0.35408201245617665
40x,null,,0.12101770027106735
40x,null,,0.278905798303754
40x,null,,0.17201131749506623
40x,null,,0.16674361662850481
40x,null,,0.12020775054614433
40x,null,,0.11541804138825149
40x,null,,0.0033932020457085213
40x,null,,0.2753562436113448
40x,null,,0.19939425788387297
40x,null,,0.33382054667590677
40x,null,,0.08764944148677337
40x,null,,0.24863371534260875
40x,null,,0.11341937628378554
40x,null,,0.16921614341739313
40x,null,,0.6140634312382575
40x,null,,0.232138226157044
40x,null,,-0.030742719665402676
40x,null,,0.48546080091173976
40x,null,,0.4105796000591611
40x,null,,0.035990175015141165
40x,null,,0.11341937628378554
40x,null,,0.5349012113160642
40x,null,,0.09583081641839411
40x,null,,0.146460042325356
40x,null,,0.05390018978811309
40x,null,,0.02381071148506932
40x,null,,-0.032427230652545436
40x,null,,0.06053959892525638
40x,null,,-0.08862115633494652
40x,null,,0.07273349185438018
40x,null,,0.08632899007084631
40x,null,,0.07355541947541074
40x,null,,0.04201883725448798
40x,null,,0.05552286589943566
40x,null,,0.3086664262176205
40x,null,,0.18957141175889416
40x,null,,0.0852220832383758
40x,null,,0.2827703525738868
40x,null,,0.16921614341739313
40x,null,,0.15644863861473965
40x,null,,0.4392848026335293
40x,null,,0.03489673300181547
40x,null,,0.06763112100269632
40x,null,,0.35408201245617665
40x,null,,0.42916306405672866
40x,null,,0.047746598651591775
40x,null,,0.08463888543063859
40x,null,,0.14455460751852464
40x,null,,0.03566038111817361
40x,null,,0.17767510012720888
40x,null,,0.35392136964117504
40x,null,,0.3563138323557699
40x,null,,0.005326624718307533
40x,null,,0.10255071147741479
40x,null,,0.12734213360826796
40x,null,,0.04706589379484649
40x,null,,0.20119190112227833
40x,null,,-0.12108509812640106
40x,null,,0.08193498267559796
40x,null,,0.053265512972833134
40x,null,,0.07572538344716195
40x,null,,0.08600942329138969
40x,null,,0.08764944148677337
40x,null,,0.04911524230075308
40x,null,,0.1892241171763846
40x,null,,0.022128934492804165
40x,null,,0.059940144764175494
40x,null,,0.07439302276381068
40x,null,,0.06672585566287308
40x,null,,0.16465724539293133
40x,null,,0.07439302276381068
40x,null,,0.24166980874279076
40x,null,,0.03380999558561311
40x,null,,0.03347277696016917
40x,null,,0.022989236290680913
40x,null,,0.054686388300755895
40x,null,,0.06672585566287308
40x,null,,0.06597295486265374
40x,null,,0.07275288571343573
40x,null,,0.06466804777559851
40x,null,,0.4884767006503875
40x,null,,0.1207990367546911
40x,null,,0.14287055046825503
40x,null,,0.24677866525067282
40x,null,,0.10059183352098254
40x,null,,0.21925939296186778
40x,null,,0.686499927534269
40x,null,,0.04055656371120495
40x,null,,0.02046576132085934
40x,null,,0.18456541804142487
40x,null,,0.15644863861473965
40x,null,,0.06150624247313925
40x,null,,0.21403591383163925
40x,null,,0.024991341898567953
40x,null,,0.5937397774283599
40x,null,,0.0961116214693961
40x,null,,0.019003443282917597
40x,null,,0.021021185939050068
40x,null,,0.1410304104657991
40x,null,,0.28095847864981843
40x,null,,0.6708947749855095
40x,null,,0.12551998230673375
40x,null,,0.35392136964117504
40x,null,,0.053455426207708184
40x,null,,0.06053959892525638
40x,null,,-0.013780939982938818
40x,null,,0.021021185939050068
40x,null,,-0.009425973107133322
40x,null,,0.021021185939050068
40x,null,,0.16465724539293133
40x,null,,0.006561557340618756
40x,null,,0.12020775054614433
40x,null,,-0.07053006656710814
40x,null,,0.08024633154165745
40x,null,,0.20375808539100762
40x,null,,0.09304568126850574
40x,null,,0.03723292196684921
40x,null,,0.054465099265683964
40x,null,,0.14455460751852464
40x,null,,0.06466804777559851
40x,null,,0.03760438097734533
40x,null,,0.09065668683018253
40x,null,,0.221145729329025
40x,null,,0.01861449439736616
40x,null,,0.020230545516173367
40x,null,,0.06674368517403052
40x,null,,0.19226426555506387
40x,null,,0.1283646556758989
40x,null,,0.06804457040475691
40x,null,,0.15537504866033794
40x,null,,0.17201131749506623
40x,null,,0.11541804138825149
40x,null,,0.1892241171763846
40x,null,,0.10059183352098254
40x,null,,0.1991253878309751
40x,null,,0.12446662764342657
40x,null,,0.15015914753663034
40x,null,,0.10059183352098254
40x,null,,0.34030538698211993
40x,null,,0.0804070977380203
40x,null,,0.028771367413075854
40x,null,,0.35408201245617665
40x,null,,0.0961116214693961
40x,null,,0.16897279209895125
40x,null,,-0.001820425444238505
40x,null,,0.6951762339474679
40x,null,,0.06027066926075348
40x,null,,0.4335074342259821
40x,null,,-0.005867442565754869
40x,null,,0.16601934235416063
40x,null,,0.24677866525067282
40x,null,,0.146460042325356
40x,null,,0.06991478523955233
40x,null,,0.41555634628985244
40x,null,,0.09524847739562936
40x,null,,0.11541804138825149
40x,null,,0.06323325446032102
40x,null,,0.2180350302804784
40x,null,,0.3048835943834404
40x,null,,0.27510816737509597
40x,null,,0.0683043581633269
40x,null,,0.14455460751852464
40x,null,,0.08193498267559796
40x,null,,0.09452837115938932
40x,null,,0.529011766118116
40x,null,,0.6313592739747039
40x,null,,0.3086664262176205
40x,null,,0.11494105816507605
40x,null,,0.04942212991425969
40x,null,,0.10276085559051279
40x,null,,0.20822010372860195
40x,null,,0.06503917941257979
40x,null,,0.011859182570901175
40x,null,,0.09857423099800285
40x,null,,0.31928651073906805
40x,null,,0.7641615644791733
40x,null,,0.061615181015680066
40x,null,,-0.13890671054614778
40x,null,,0.776616626572589
40x,null,,0.09524847739562936
40x,null,,-0.08168174607205468
40x,null,,0.009866336578526246
40x,null,,0.08963542958424366
40x,null,,0.14196013408225638
40x,null,,0.034145737919408774
40x,null,,-0.03083585879707813
40x,null,,-0.08465559112740834
40x,null,,0.15679910681895246
40x,null,,0.0653453235941911
40x,null,,0.09847188368756626
40x,null,,0.12730636409936413
40x,null,,0.06027066926075348
40x,null,,0.43196239177690454
40x,null,,0.039905999055460294
40x,null,,0.08710881272439458
40x,null,,0.5287463466065286
40x,null,,0.15015914753663034
40x,null,,0.6313592739747039
40x,null,,0.1632200538392455
40x,null,,0.0935405800213285
40x,null,,0.013402610109077708
40x,null,,0.7641615644791733
40x,null,,0.0887869159091965
40x,null,,0.11541804138825149
40x,null,,0.0653453235941911
40x,null,,0.1207990367546911
40x,null,,0.16897279209895125
40x,null,,0.15146173960002599
40x,null,,0.257636885993338
40x,null,,0.2743934298346162
40x,null,,0.14250611117567036
40x,null,,0.10373743056110131
40x,null,,0.09065299469735179
40x,null,,0.022702625498321527
40x,null,,0.0738941099918846
40x,null,,0.06907026557230779
40x,null,,0.08024633154165745
40x,null,,0.14359324644244187
40x,null,,0.08963542958424366
40x,null,,0.11739494016677005
40x,null,,0.1423992783330743
40x,null,,0.29917501022566095
40x,null,,0.15349533290596684
40x,null,,0.1364994135448675
40x,null,,-0.005867442565754869
40x,null,,0.11739494016677005
40x,null,,0.14359324644244187
40x,null,,0.04813871550102682
40x,null,,0.06674368517403052
40x,null,,0.04223748016406001
40x,null,,0.4766868883639222
40x,null,,0.14804882632468053
40x,null,,0.08101512780917158
40x,null,,0.15679910681895246
40x,null,,0.06991478523955233
40x,null,,0.06178263654779753
40x,null,,0.083123452028358
40x,null,,0.29917501022566095
40x,null,,0.17579122943924208
40x,null,,0.628640246800432
40x,null,,0.055367595652072644
40x,null,,0.023851207559115316
40x,null,,0.1563656171699248
40x,null,,-0.1377813544399735
40x,null,,0.07830911607859911
40x,null,,0.49649488710429107
40x,null,,-0.016365627202685046
40x,null,,0.2487635036262333
40x,null,,0.14082377698760784
40x,null,,0.35646525162367976
40x,null,,-0.15680442119519783
40x,null,,0.06763112100269632
40x,null,,0.04706589379484649
40x,null,,0.09857423099800285
40x,null,,0.06907026557230779
40x,null,,-0.22004635955437518
40x,null,,0.16842864443331837
40x,null,,-0.04168009944216221
40x,null,,-0.09628502475808315
40x,null,,0.07518367447938949
40x,null,,0.257636885993338
40x,null,,0.04201883725448798
40x,null,,0.15886047769384332
40x,null,,0.10373743056110131
40x,null,,0.20466269142624224
40x,null,,0.2569376971620864
40x,null,,0.1207990367546911
40x,null,,0.06466804777559851
40x,null,,0.024991341898567953
40x,null,,0.40402740786612457
40x,null,,0.16465724539293133
40x,null,,0.02209447292270573
40x,null,,0.32615598254102746
40x,null,,0.05552286589943566
40x,null,,0.1990540187179557
40x,null,,0.21843799243755976
40x,null,,0.42291154483584675
40x,null,,0.08193498267559796
40x,null,,0.08963542958424366
40x,null,,0.11270076024716995
40x,null,,0.06155871312205755
40x,null,,0.21436486576609734
40x,null,,0.14287055046825503
40x,null,,0.14230061055166646
40x,null,,0.039905999055460294
40x,null,,0.028765536661071334
40x,null,,0.3563138323557699
40x,null,,-0.011647048021368005
40x,null,,0.10373743056110131
40x,null,,0.07518367447938949
40x,null,,0.1410304104657991
40x,null,,0.1725910693944488
40x,null,,0.03416868846025586
40x,null,,0.12734213360826796
40x,null,,0.04911754466631029
40x,null,,0.12020775054614433
40x,null,,0.15537504866033794
40x,null,,0.12101770027106735
40x,null,,0.21436486576609734
40x,null,,0.17579122943924208
40x,null,,0.15137896863193268
40x,null,,0.15537504866033794
40x,null,,0.0927153356109373
40x,null,,0.11541804138825149
40x,null,,0.08295957196205642
40x,null,,0.2048402736311987
40x,null,,0.07360539864188921
40x,null,,0.7587294410594778
40x,null,,0.10227315133716057
40x,null,,0.146460042325356
40x,null,,0.03376184144664588
40x,null,,0.33382054667590677
40x,null,,0.0689708984888981
40x,null,,0.19389859890477992
40x,null,,0.09812665375910491
40x,null,,0.5087678498382718
40x,null,,0.16842864443331837
40x,null,,0.06763112100269632
40x,null,,0.0943220427519189
40x,null,,-0.0521617774748063
40x,null,,0.28717749985660335
40x,null,,0.16897279209895125
40x,null,,-0.06975092127322484
40x,null,,0.1190346441769767
40x,null,,0.020230545516173367
40x,null,,0.10276085559051279
40x,null,,0.09979865642506631
40x,null,,0.533567761646432
40x,null,,0.3918646797035828
40x,null,,0.1991253878309751
40x,null,,0.06323325446032102
40x,null,,0.05552286589943566
40x,null,,0.14196013408225638
40x,null,,-0.030378973316461874
40x,null,,0.081360190546445
40x,null,,0.11684419215670908
40x,null,,0.07301418360780196
40x,null,,0.14804882632468053
40x,null,,0.04186052642556317
40x,null,,0.40402740786612457
40x,null,,0.21211335092295985
40x,null,,-0.030742719665402676
40x,null,,0.444750816264448
40x,null,,0.32615598254102746
40x,null,,0.06899368167673291
40x,null,,0.0653453235941911
40x,null,,0.5459470519530848
40x,null,,0.09510413109283332
40x,null,,0.12078108569920024
40x,null,,0.053025149000464705
40x,null,,0.09607950690530578
40x,null,,0.023851207559115316
40x,null,,0.39559965829514304
40x,null,,-0.016583774455606794
40x,null,,0.12101770027106735
40x,null,,0.047574414535810815
40x,null,,0.146460042325356
40x,null,,0.01025444964871872
40x,null,,0.0887869159091965
40x,null,,0.02209447292270573
40x,null,,0.020487974130541896
40x,null,,-0.05012412298397325
40x,null,,0.0887869159091965
40x,null,,0.20611708997961503
40x,null,,0.02992011032475335
40x,null,,0.08672383432301516
40x,null,,0.029737671318278147
40x,null,,0.10227315133716057
40x,null,,0.10575253579282862
40x,null,,0.07262735225810024
40x,null,,0.08472036127303749
40x,null,,0.1410304104657991
40x,null,,-0.04168009944216221
40x,null,,0.06027066926075348
40x,null,,0.09847188368756626
40x,null,,0.6140360139545796
40x,null,,0.05408472329533372
40x,null,,0.023851207559115316
40x,null,,0.44256097763010077
40x,null,,0.24303201514426387
40x,null,,0.6908507623832164
40x,null,,0.44256097763010077
40x,null,,0.06763112100269632
40x,null,,0.12290253015832588
40x,null,,0.06672585566287308
40x,null,,0.035497138066109095
40x,null,,0.14359324644244187
40x,null,,0.09979865642506631
40x,null,,0.10898943468444494
40x,null,,0.31049378228413776
40x,null,,0.14287055046825503
40x,null,,0.09979865642506631
40x,null,,0.13029420118101878
40x,null,,0.2569376971620864
40x,null,,0.03802606665549689
40x,null,,0.12422104847147523
40x,null,,0.08161775791262425
40x,null,,0.14158940521471713
40x,null,,0.06466804777559851
40x,null,,0.09212249536020155
40x,null,,0.0653453235941911
40x,null,,0.18456541804142487
40x,null,,0.11704635188684813
40x,null,,0.05390018978811309
40x,null,,-0.40813860056315143
40x,null,,0.14786713341695287
40x,null,,0.3918646797035828
40x,null,,0.28486515259782036
40x,null,,0.04551429778563824
40x,null,,0.02209447292270573
40x,null,,0.18957141175889416
40x,null,,0.04942212991425969
40x,null,,0.10227315133716057
40x,null,,0.061615181015680066
40x,null,,0.06517707925639427
40x,null,,0.09510413109283332
40x,null,,0.32615598254102746
40x,null,,0.01677935059638776
40x,null,,0.06178263654779753
40x,null,,0.010696340073073466
40x,null,,0.1283646556758989
40x,null,,-0.11428498884585513
40x,null,,0.07813697998120225
40x,null,,0.0961116214693961
40x,null,,0.2666192762940734
40x,null,,0.24166980874279076
40x,null,,0.022989236290680913
40x,null,,0.04201883725448798
40x,null,,0.08193498267559796
40x,null,,0.07275288571343573
40x,null,,0.1792245218325179
40x,null,,-0.001309482282482002
40x,null,,0.40059468051741803
40x,null,,0.11270076024716995
40x,null,,0.12009742855346649
40x,null,,-0.08465559112740834
40x,null,,0.14455460751852464
40x,null,,0.043332378044124834
40x,null,,0.613821208974838
40x,null,,0.15474032110736302
40x,null,,0.25002775617027106
40x,null,,0.14455460751852464
40x,null,,0.08672383432301516
40x,null,,0.18780627716830728
40x,null,,0.05373906136535155
40x,null,,0.20375808539100762
40x,null,,0.4577894021009447
40x,null,,0.38482204958659333
40x,null,,0.39348371865484205
40x,null,,0.756642081811601
40x,null,,0.251916316352545
40x,null,,0.49649488710429107
40x,null,,0.21925939296186778
40x,null,,0.09979865642506631
40x,null,,0.081360190546445
40x,null,,0.31777862398842355
40x,null,,0.22519168498250353
40x,null,,0.10059183352098254
40x,null,,0.046263066069251235
40x,null,,0.0586918332525711
40x,null,,0.07301418360780196
40x,null,,0.06991478523955233
40x,null,,0.40402740786612457
40x,null,,0.07262735225810024
40x,null,,-0.04168009944216221
40x,null,,0.08161775791262425
40x,null,,-0.004269207484272731
40x,null,,0.08270456909831286
40x,null,,0.13029420118101878
40x,null,,0.08472036127303749
40x,null,,0.09583987477995723
40x,null,,-0.030742719665402676
40x,null,,-0.13890671054614778
40x,null,,0.06150624247313925
40x,null,,0.08963542958424366
40x,null,,0.0943220427519189
40x,null,,0.21436486576609734
40x,null,,0.06597295486265374
40x,null,,0.1410304104657991
40x,null,,-0.08862115633494652
40x,null,,0.31777862398842355
40x,null,,-0.013780939982938818
40x,null,,0.3918646797035828
40x,null,,0.12422104847147523
40x,null,,0.35646525162367976
40x,null,,0.16394638521139326
40x,null,,0.40402740786612457
40x,null,,0.37890255735825834
40x,null,,0.42291154483584675
40x,null,,0.31049378228413776
40x,null,,0.15886047769384332
40x,null,,0.44031465312212414
40x,null,,-0.0935196456782453
40x,null,,0.029737671318278147
40x,null,,0.05552286589943566
40x,null,,0.08791561934870759
40x,null,,0.055348469686965523
40x,null,,0.02992011032475335
40x,null,,0.039905999055460294
40x,null,,0.06785320316380984
40x,null,,0.6728139016420693
40x,null,,0.08778888068120647
40x,null,,0.0935405800213285
40x,null,,0.054465099265683964
40x,null,,0.24337396832914499
40x,null,,0.14455460751852464
40x,null,,0.0804070977380203
40x,null,,0.42916306405672866
40x,null,,0.028765536661071334
40x,null,,0.022128934492804165
40x,null,,0.03723292196684921
40x,null,,0.10508464948844413
40x,null,,0.21403591383163925
40x,null,,0.14158940521471713
40x,null,,0.1207990367546911
40x,null,,0.3464245300994775
40x,null,,0.09583081641839411
40x,null,,0.03723292196684921
40x,null,,-0.08124795215907621
40x,null,,0.20412167796850159
40x,null,,0.17104007212038233
40x,null,,0.04223748016406001
40x,null,,0.07275288571343573
40x,null,,0.533019988400079
40x,null,,-0.001309482282482002
40x,null,,0.36238450132253275
40x,null,,0.44914898775851175
40x,null,,0.37890255735825834
40x,null,,0.49124092237577216
40x,null,,0.006816662869161234
40x,null,,0.0586918332525711
40x,null,,0.4079230555994076
40x,null,,0.1151463158123213
40x,null,,0.19837192235418755
40x,null,,0.19226426555506387
40x,null,,0.07275288571343573
40x,null,,0.11739494016677005
40x,null,,0.28486515259782036
40x,null,,0.029737671318278147
40x,null,,0.12446662764342657
40x,null,,0.21436486576609734
40x,null,,0.13229252530957988
40x,null,,0.3663909422690021
40x,null,,0.1371269551308916
40x,null,,0.02381071148506932
40x,null,,0.08270456909831286
40x,null,,0.126774344499567
40x,null,,0.554182203772562
40x,null,,0.10255071147741479
40x,null,,0.23563194424005546
40x,null,,0.034145737919408774
40x,null,,0.0728514687888992
40x,null,,0.06511624332001667
40x,null,,0.08581246495961782
40x,null,,-0.04750051366794937
40x,null,,0.14474858752453432
40x,null,,0.08710881272439458
40x,null,,0.08791561934870759
40x,null,,0.5797655974386086
40x,null,,0.08710881272439458
40x,null,,0.17325540352807373
40x,null,,0.17430129606176445
40x,null,,0.03386874411418037
40x,null,,0.3206057149718162
40x,null,,0.056475741313521885
40x,null,,0.14359324644244187
40x,null,,0.07355541947541074
40x,null,,0.16842864443331837
40x,null,,0.09469149042035424
40x,null,,0.06323325446032102
40x,null,,0.1936673796960115
40x,null,,0.03686142570425943
40x,null,,0.0935405800213285
40x,null,,0.09865693504167104
40x,null,,0.07572538344716195
40x,null,,0.17201131749506623
40x,null,,0.16842864443331837
40x,null,,0.11739494016677005
40x,null,,0.10255071147741479
40x,null,,0.395105597065757
40x,null,,-0.13890671054614778
40x,null,,0.2048402736311987
40x,null,,0.08672383432301516
40x,null,,0.15137896863193268
40x,null,,0.15433916109167026
40x,null,,0.12290253015832588
40x,null,,0.2487635036262333
40x,null,,0.24863371534260875
40x,null,,0.053455426207708184
40x,null,,0.20299245310410696
40x,null,,0.44914898775851175
40x,null,,0.1423992783330743
40x,null,,0.34030538698211993
40x,null,,0.2159754961037669
40x,null,,0.14455460751852464
40x,null,,0.15433916109167026
40x,null,,0.16193226580299958
40x,null,,0.01025444964871872
40x,null,,0.2827703525738868
40x,null,,0.09510413109283332
40x,null,,0.05601554880419032
40x,null,,0.1892241171763846
40x,null,,0.07050357892355204
40x,null,,0.2487635036262333
40x,null,,0.06899368167673291
40x,null,,0.06672585566287308
40x,null,,0.07050357892355204
40x,null,,0.09065668683018253
40x,null,,0.15349533290596684
40x,null,,0.10373743056110131
40x,null,,-0.07042884873749782
40x,null,,0.009866336578526246
40x,null,,0.21843799243755976
40x,null,,-0.013649464549041057
40x,null,,0.1410304104657991
40x,null,,0.3002963016604368
40x,null,,0.10227315133716057
40x,null,,0.35408201245617665
40x,null,,0.13029420118101878
40x,null,,0.12446662764342657
40x,null,,0.43196239177690454
40x,null,,0.04034980527273865
40x,null,,0.10453109195258739
40x,null,,0.1283646556758989
40x,null,,0.08024633154165745
40x,null,,0.04186052642556317
40x,null,,0.07996281096130374
40x,null,,0.022989236290680913
40x,null,,0.10373743056110131
40x,null,,0.07439302276381068
40x,null,,0.10453109195258739
40x,null,,0.14455460751852464
40x,null,,0.42291154483584675
40x,null,,0.17771351980158184
40x,null,,0.07050357892355204
40x,null,,0.08600942329138969
40x,null,,0.05373906136535155
40x,null,,0.023797291350649303
40x,null,,0.06991478523955233
40x,null,,0.06178263654779753
40x,null,,0.06763112100269632
40x,null,,-0.013084007686728474
40x,null,,0.35408201245617665
40x,null,,0.3086664262176205
40x,null,,0.5659731948847412
40x,null,,0.33382054667590677
40x,null,,0.18456541804142487
40x,null,,0.14474858752453432
40x,null,,0.029737671318278147
40x,null,,0.06053959892525638
40x,null,,0.08140777906100108
40x,null,,0.34049235492406865
40x,null,,0.10987773355150766
40x,null,,0.11704635188684813
40x,null,,-0.08862115633494652
40x,null,,0.08295957196205642
40x,null,,0.07577719349729288
40x,null,,0.0961116214693961
40x,null,,0.41534588563910635
40x,null,,0.31165694506783703
40x,null,,-0.006471451809866071
40x,null,,0.03716625665874657
40x,null,,0.5904136260332777
40x,null,,0.035497138066109095
40x,null,,0.3265825008958004
40x,null,,0.19578512162744513
40x,null,,0.08766788183155122
40x,null,,0.07996281096130374
40x,null,,0.2880760417481683
40x,null,,0.31165694506783703
40x,null,,0.08963542958424366
40x,null,,-0.030391657459612524
40x,null,,0.3819637512762221
40x,null,,0.6302127945528407
40x,null,,0.06837506853725762
40x,null,,0.17430129606176445
40x,null,,0.12078108569920024
40x,null,,0.21211335092295985
40x,null,,0.13029420118101878
40x,null,,0.07273349185438018
40x,null,,0.029068518328343108
40x,null,,0.08764944148677337
40x,null,,-0.07042884873749782
40x,null,,0.1991253878309751
40x,null,,0.19809218753138677
40x,null,,0.2730280808240931
40x,null,,0.0804070977380203
40x,null,,0.382946893662273
40x,null,,0.05027227768957267
40x,null,,0.04223748016406001
40x,null,,0.16921614341739313
40x,null,,0.06150624247313925
40x,null,,0.0728514687888992
40x,null,,-0.004269207484272731
40x,null,,0.15644863861473965
40x,null,,0.126774344499567
40x,null,,-0.028597580268648663
40x,null,,0.18456541804142487
40x,null,,0.11704635188684813
40x,null,,0.053455426207708184
40x,null,,0.07577719349729288
40x,null,,0.1423992783330743
40x,null,,0.03566038111817361
40x,null,,-0.001820425444238505
40x,null,,0.16193226580299958
40x,null,,0.08295957196205642
40x,null,,0.08295957196205642
40x,null,,-0.001820425444238505
40x,null,,0.07830911607859911
40x,null,,0.08295957196205642
40x,null,,0.06672585566287308
40x,null,,-0.04750051366794937
40x,null,,0.028783194271776148
40x,null,,0.09304568126850574
40x,null,,-0.15321994282758286
40x,null,,0.08963542958424366
40x,null,,0.19939425788387297
40x,null,,0.12446662764342657
40x,null,,0.042316592465728595
40x,null,,0.011859182570901175
40x,null,,0.15886047769384332
40x,null,,0.053075628021837205
40x,null,,0.16601934235416063
40x,null,,0.1207990367546911
40x,null,,0.0728514687888992
40x,null,,0.05527425090211442
40x,null,,0.02347176064809734
40x,null,,0.15146173960002599
40x,null,,0.08791561934870759
40x,null,,0.12101770027106735
40x,null,,0.5144767872935342
40x,null,,0.3241138394112039
40x,null,,0.14158940521471713
40x,null,,0.07050357892355204
40x,null,,0.05408472329533372
40x,null,,0.14158940521471713
40x,null,,0.1725910693944488
40x,null,,0.06323325446032102
40x,null,,0.14196013408225638
40x,null,,0.06323325446032102
40x,null,,0.041166330605363545
40x,null,,0.36238450132253275
40x,null,,0.06592447072383731
40x,null,,0.06804457040475691
40x,null,,0.5615641128487129
40x,null,,0.08295957196205642
40x,null,,0.08791561934870759
40x,null,,0.04556469024466913
40x,null,,0.0804070977380203
40x,null,,0.12446662764342657
40x,null,,0.0927153356109373
40x,null,,0.07786853963383035
40x,null,,0.09865693504167104
40x,null,,0.06597295486265374
40x,null,,0.09084295453590688
40x,null,,0.18780627716830728
40x,null,,0.532811479018805
40x,null,,0.17430129606176445
40x,null,,0.15373018424753954
40x,null,,0.18456541804142487
40x,null,,0.08193498267559796
40x,null,,0.42291154483584675
40x,null,,0.021021185939050068
40x,null,,0.011859182570901175
40x,null,,0.21843799243755976
40x,null,,0.09857423099800285
40x,null,,0.04461031689876568
40x,null,,0.0586918332525711
40x,null,,0.19226426555506387
40x,null,,0.04055656371120495
40x,null,,0.17430129606176445
40x,null,,0.0653453235941911
40x,null,,0.05193509304273307
40x,null,,0.061615181015680066
40x,null,,0.16601934235416063
40x,null,,0.06511624332001667
40x,null,,0.14250611117567036
40x,null,,0.36211862061586636
40x,null,,0.06785320316380984
40x,null,,0.14359324644244187
40x,null,,0.14359324644244187
40x,null,,0.4944124657036483
40x,null,,0.037845878065227136
40x,null,,0.35392136964117504
40x,null,,0.15679910681895246
40x,null,,0.05586720170045546
40x,null,,0.15802479584385642
40x,null,,0.0653453235941911
40x,null,,0.053025149000464705
40x,null,,0.5591708974911762
40x,null,,-0.15477804271860032
40x,null,,0.10553279456685744
40x,null,,0.037845878065227136
40x,null,,0.09452837115938932
40x,null,,0.09084295453590688
40x,null,,0.10889370017631637
40x,null,,0.644949906865894
40x,null,,0.05408472329533372
40x,null,,0.11704635188684813
40x,null,,0.08193498267559796
40x,null,,0.08101512780917158
40x,null,,0.16161885667265305
40x,null,,0.2677150576070314
40x,null,,0.07260924067731174
40x,null,,0.06818203199628745
40x,null,,0.2732162996778665
40x,null,,0.16394638521139326
40x,null,,0.09084295453590688
40x,null,,0.06053959892525638
40x,null,,0.0653453235941911
40x,null,,0.023851207559115316
40x,null,,0.20739785679455044
40x,null,,0.10575253579282862
40x,null,,0.03376184144664588
40x,null,,0.08024633154165745
40x,null,,0.042316592465728595
40x,null,,0.012280225938571362
40x,null,,0.07262735225810024
40x,null,,0.3857291476360802
40x,null,,0.24166980874279076
40x,null,,-0.04212874209396636
40x,null,,0.0653453235941911
40x,null,,0.15802479584385642
40x,null,,-0.2480552112594243
40x,null,,0.7587294410594778
40x,null,,0.01025444964871872
40x,null,,0.09607950690530578
40x,null,,0.047574414535810815
40x,null,,0.4992106656982735
40x,null,,0.18456541804142487
40x,null,,0.529011766118116
40x,null,,0.09275863268878379
40x,null,,0.021021185939050068
40x,null,,0.04201883725448798
40x,null,,0.22691725874935098
40x,null,,0.06837506853725762
40x,null,,-0.07544857490690225
40x,null,,0.11684419215670908
40x,null,,0.5904136260332777
40x,null,,0.42916306405672866
40x,null,,0.146460042325356
40x,null,,0.054686388300755895
40x,null,,0.11541804138825149
40x,null,,-0.09628502475808315
40x,null,,0.3206057149718162
40x,null,,0.19809218753138677
40x,null,,0.011859182570901175
40x,null,,0.04185796710604338
40x,null,,0.24863371534260875
40x,null,,0.15644863861473965
40x,null,,0.08472036127303749
40x,null,,0.18780627716830728
40x,null,,0.4079230555994076
40x,null,,0.16921614341739313
40x,null,,0.1423992783330743
40x,null,,0.18957141175889416
40x,null,,0.03566038111817361
40x,null,,0.16601934235416063
40x,null,,0.07301418360780196
40x,null,,0.1725910693944488
40x,null,,0.39559965829514304
40x,null,,0.06785320316380984
40x,null,,-0.20874912449225264
40x,null,,0.04695827640916284
40x,null,,0.10736776010848437
40x,null,,0.31928651073906805
40x,null,,0.07400693930343233
40x,null,,0.1423992783330743
40x,null,,0.02992011032475335
40x,null,,0.3002963016604368
40x,null,,0.04461031689876568
40x,null,,0.2753562436113448
40x,null,,0.006561557340618756
40x,null,,0.21925939296186778
40x,null,,0.08932839824231846
40x,null,,0.18957141175889416
40x,null,,0.04551429778563824
40x,null,,0.6177166853877952
40x,null,,0.07518367447938949
40x,null,,0.28095847864981843
40x,null,,0.08295957196205642
40x,null,,0.0728514687888992
40x,null,,0.3663909422690021
40x,null,,0.083123452028358
40x,null,,0.1936673796960115
40x,null,,0.04695827640916284
40x,null,,0.081360190546445
40x,null,,0.16674361662850481
40x,null,,-0.07514141421575261
40x,null,,0.41177555502849383
40x,null,,0.04831502790287856
40x,null,,0.06150624247313925
40x,null,,0.01025444964871872
40x,null,,0.040242435093990635
40x,null,,0.08710881272439458
40x,null,,0.12734213360826796
40x,null,,0.23563194424005546
40x,null,,0.5097242817328287
40x,null,,0.46761014304650594
40x,null,,0.08024633154165745
40x,null,,0.17276303930448134
40x,null,,0.6908507623832164
40x,null,,0.03558546806010419
40x,null,,0.08737039524541598
40x,null,,0.05408472329533372
40x,null,,0.05027227768957267
40x,null,,0.04911754466631029
40x,null,,-0.001820425444238505
40x,null,,0.16674361662850481
40x,null,,0.2569376971620864
40x,null,,0.10569160636930937
40x,null,,0.1936673796960115
40x,null,,0.08764944148677337
40x,null,,0.04520057147265604
40x,null,,-0.036361241147731406
40x,null,,-0.18547510111485616
40x,null,,0.13685888600568702
40x,null,,0.13198713831675504
40x,null,,0.05586720170045546
40x,null,,0.08737039524541598
40x,null,,0.1207990367546911
40x,null,,0.5904136260332777
40x,null,,0.13685888600568702
40x,null,,0.4944124657036483
40x,null,,0.5214855086585866
40x,null,,0.2866790157318977
40x,null,,0.13198713831675504
40x,null,,0.012530574903361803
40x,null,,0.7186820895930964
40x,null,,0.19939425788387297
40x,null,,0.15146173960002599
40x,null,,0.31049378228413776
40x,null,,0.06323325446032102
40x,null,,0.7546567168791661
40x,null,,0.232138226157044
40x,null,,0.13029420118101878
40x,null,,0.1792245218325179
40x,null,,0.17767510012720888
40x,null,,0.06325076807459488
40x,null,,0.13676036717795564
40x,null,,-0.0276293336731989
40x,null,,0.6721747674533918
40x,null,,0.44043282178603566
40x,null,,0.08161775791262425
40x,null,,-0.04212874209396636
40x,null,,0.2923366600888011
40x,null,,0.01025444964871872
40x,null,,-0.016583774455606794
40x,null,,0.0887869159091965
40x,null,,0.1563656171699248
40x,null,,0.09865693504167104
40x,null,,0.3651942849394885
40x,null,,0.15137896863193268
40x,null,,0.08140777906100108
40x,null,,0.03129970633228309
40x,null,,-0.06731802046306369
40x,null,,0.20611708997961503
40x,null,,0.17771351980158184
40x,null,,0.06837506853725762
40x,null,,0.42916306405672866
40x,null,,0.3464245300994775
40x,null,,0.10569160636930937
40x,null,,0.019003443282917597
40x,null,,0.5287463466065286
40x,null,,0.16601934235416063
40x,null,,0.11739494016677005
40x,null,,0.42381423409085767
40x,null,,0.33382054667590677
40x,null,,0.083123452028358
40x,null,,-0.07502195514922838
40x,null,,0.08270456909831286
40x,null,,0.03380999558561311
40x,null,,0.08672383432301516
40x,null,,0.15349533290596684
40x,null,,0.20611708997961503
40x,null,,0.29184365038659726
40x,null,,0.15474032110736302
40x,null,,0.09524847739562936
40x,null,,0.08140777906100108
40x,null,,0.09857423099800285
40x,null,,0.03386874411418037
40x,null,,0.14082377698760784
40x,null,,0.15886047769384332
40x,null,,0.17325540352807373
40x,null,,0.395105597065757
40x,null,,0.4652337553635413
40x,null,,0.08193498267559796
40x,null,,0.054686388300755895
40x,null,,0.09510413109283332
40x,null,,0.047746598651591775
40x,null,,0.06053959892525638
40x,null,,0.11270076024716995
40x,null,,0.17201131749506623
40x,null,,0.15918145763643615
40x,null,,0.09452837115938932
40x,null,,0.04461031689876568
40x,null,,0.05601554880419032
40x,null,,0.08931604371693776
40x,null,,0.1519663893173714
40x,null,,0.08427889430594138
40x,null,,0.28486515259782036
40x,null,,0.2552379585742404
40x,null,,0.16465724539293133
40x,null,,0.5668604414356261
40x,null,,0.03716625665874657
40x,null,,0.09452837115938932
40x,null,,0.6490231707770892
40x,null,,0.11303376605720862
40x,null,,0.08024633154165745
40x,null,,0.31049378228413776
40x,null,,-0.1377813544399735
40x,null,,0.31928651073906805
40x,null,,0.5904136260332777
40x,null,,0.01861449439736616
40x,null,,0.10889370017631637
40x,null,,0.023797291350649303
40x,null,,-0.030742719665402676
40x,null,,0.10453109195258739
40x,null,,0.04813871550102682
40x,null,,0.571710592575154
40x,null,,-0.18547510111485616
40x,null,,0.1151463158123213
40x,null,,0.05193509304273307
40x,null,,0.4680416976679307
40x,null,,0.09583987477995723
40x,null,,0.16193226580299958
40x,null,,0.17579122943924208
40x,null,,0.9583569941036109
40x,null,,0.08996678642269693
40x,null,,0.7528540059785833
40x,null,,0.06466804777559851
40x,null,,0.08101512780917158
40x,null,,0.08269638980709872
40x,null,,0.23017291020559735
40x,null,,-0.0276293336731989
40x,null,,0.25002775617027106
40x,null,,0.07572538344716195
40x,null,,0.16921614341739313
40x,null,,0.09812665375910491
40x,null,,0.5583341784510434
40x,null,,0.15474032110736302
40x,null,,0.16601934235416063
40x,null,,0.12020775054614433
40x,null,,0.4652337553635413
40x,null,,0.04813871550102682
40x,null,,0.6973307608636484
40x,null,,0.08931604371693776
40x,null,,0.3563138323557699
40x,null,,-0.04750051366794937
40x,null,,0.1563656171699248
40x,null,,0.39348371865484205
40x,null,,0.07786853963383035
40x,null,,0.5246803171724216
40x,null,,0.4944124657036483
40x,null,,0.10276085559051279
40x,null,,0.10539013669417888
40x,null,,0.054465099265683964
40x,null,,0.2569780904565428
40x,null,,0.08024633154165745
40x,null,,0.32615598254102746
40x,null,,0.19939425788387297
40x,null,,0.005063899169475762
40x,null,,0.09452837115938932
40x,null,,0.07089290963264042
40x,null,,0.16921614341739313
40x,null,,0.0683043581633269
40x,null,,0.12020775054614433
40x,null,,0.11684419215670908
40x,null,,0.0728514687888992
40x,null,,0.14552864826797096
40x,null,,0.08256991130108271
40x,null,,0.28095847864981843
40x,null,,0.16161885667265305
40x,null,,0.14250611117567036
40x,null,,0.17579122943924208
40x,null,,0.06763112100269632
40x,null,,0.039374915074110235
40x,null,,0.11270076024716995
40x,null,,0.08766788183155122
40x,null,,0.14158940521471713
40x,null,,0.24337396832914499
40x,null,,0.029401543212648373
40x,null,,0.04201883725448798
40x,null,,-0.036361241147731406
40x,null,,0.06150624247313925
40x,null,,-0.004269207484272731
40x,null,,0.023870853299761977
40x,null,,0.2048402736311987
40x,null,,0.13229252530957988
40x,null,,0.2730280808240931
40x,null,,0.12020775054614433
40x,null,,0.09275863268878379
40x,null,,0.364447561147008
40x,null,,0.20739785679455044
40x,null,,0.4559548384823658
40x,null,,-0.030378973316461874
40x,null,,0.07717436877351261
40x,null,,0.34049235492406865
40x,null,,0.03558546806010419
40x,null,,0.023217328660384118
40x,null,,0.07050357892355204
40x,null,,0.03716625665874657
40x,null,,0.23017291020559735
40x,null,,0.24303201514426387
40x,null,,0.04034980527273865
40x,null,,0.08193498267559796
40x,null,,0.19939425788387297
40x,null,,0.3563138323557699
40x,null,,0.2753562436113448
40x,null,,0.07518367447938949
40x,null,,0.03802606665549689
40x,null,,-0.08506540862676111
40x,null,,0.09212249536020155
40x,null,,0.29917501022566095
40x,null,,-0.09483677564318338
40x,null,,0.16394638521139326
40x,null,,0.055348469686965523
40x,null,,0.44914898775851175
40x,null,,0.09847188368756626
40x,null,,-0.08862115633494652
40x,null,,0.11684419215670908
40x,null,,0.06804457040475691
40x,null,,0.4255845629907512
40x,null,,0.21925939296186778
40x,null,,0.5287463466065286
40x,null,,0.20299245310410696
40x,null,,0.2732162996778665
40x,null,,0.628640246800432
40x,null,,0.7641615644791733
40x,null,,0.7211494000743591
40x,null,,0.015142823682284614
40x,null,,0.29917501022566095
40x,null,,0.04025174633461647
40x,null,,0.12551998230673375
40x,null,,0.10553279456685744
40x,null,,0.054465099265683964
40x,null,,0.1423992783330743
40x,null,,0.15644863861473965
40x,null,,-0.01721683650085563
40x,null,,0.19226426555506387
40x,null,,0.01025444964871872
40x,null,,0.3597423401375484
40x,null,,6.697494556545665e-05
40x,null,,-0.001820425444238505
40x,null,,0.09583987477995723
40x,null,,0.146460042325356
40x,null,,0.19226426555506387
40x,null,,0.17771351980158184
40x,null,,0.05078666531816292
40x,null,,0.17430129606176445
40x,null,,0.06763112100269632
40x,null,,-0.12053034750190296
40x,null,,0.21843799243755976
40x,null,,0.12702976352256515
40x,null,,-0.09339739724708555
40x,null,,0.08600942329138969
40x,null,,0.2730280808240931
40x,null,,0.14196013408225638
40x,null,,0.14250611117567036
40x,null,,0.058381515865142085
40x,null,,0.14474858752453432
40x,null,,0.3563138323557699
40x,null,,0.09730223173989433
40x,null,,0.08024633154165745
40x,null,,0.09583987477995723
40x,null,,0.023797291350649303
40x,null,,0.08600942329138969
40x,null,,0.11270076024716995
40x,null,,0.07576758028906216
40x,null,,0.31928651073906805
40x,null,,0.05373906136535155
40x,null,,0.13676036717795564
40x,null,,0.7093903261840279
40x,null,,0.013402610109077708
40x,null,,0.08427889430594138
40x,null,,0.09710269851784731
40x,null,,0.05373906136535155
40x,null,,0.03129970633228309
40x,null,,0.11341937628378554
40x,null,,0.41534588563910635
40x,null,,0.0935405800213285
40x,null,,-0.030742719665402676
40x,null,,0.06837506853725762
40x,null,,0.1423992783330743
40x,null,,0.17771351980158184
40x,null,,0.28952556561112397
40x,null,,0.08463888543063859
40x,null,,0.2180350302804784
40x,null,,0.03760438097734533
40x,null,,0.08256991130108271
40x,null,,0.045356551153455944
40x,null,,0.639284272433007
40x,null,,0.14082377698760784
40x,null,,0.07275288571343573
40x,null,,0.21436486576609734
40x,null,,0.07260924067731174
40x,null,,0.005063899169475762
40x,null,,0.21843799243755976
40x,null,,0.17579122943924208
40x,null,,0.26810588416311937
40x,null,,0.09469149042035424
40x,null,,0.33382054667590677
40x,null,,0.28486515259782036
40x,null,,0.21178347357776506
40x,null,,0.15015914753663034
40x,null,,0.36211862061586636
40x,null,,0.4884767006503875
40x,null,,-0.442285201246762
40x,null,,0.28717749985660335
40x,null,,0.16921614341739313
40x,null,,0.25069955222475115
40x,null,,0.06818203199628745
40x,null,,0.41555634628985244
40x,null,,0.06466804777559851
40x,null,,0.045356551153455944
40x,null,,0.2552379585742404
40x,null,,0.06763112100269632
40x,null,,0.35392136964117504
40x,null,,0.015142823682284614
40x,null,,-0.40425154570349003
40x,null,,0.12009742855346649
40x,null,,0.1254333935872719
40x,null,,0.3265825008958004
40x,null,,0.36211862061586636
40x,null,,0.06150624247313925
40x,null,,0.049924999387406487
40x,null,,0.15713269259222307
40x,null,,0.17579122943924208
40x,null,,0.04055656371120495
40x,null,,0.14250611117567036
40x,null,,0.11341937628378554
40x,null,,-0.14705093599327876
40x,null,,0.06027066926075348
40x,null,,0.06323325446032102
40x,null,,0.12551998230673375
40x,null,,0.14455460751852464
40x,null,,-0.07053006656710814
40x,null,,0.08737039524541598
40x,null,,0.10088628430350854
40x,null,,-0.13890671054614778
40x,null,,0.05586720170045546
40x,null,,0.22519168498250353
40x,null,,0.10373743056110131
40x,null,,0.19939425788387297
40x,null,,0.02992011032475335
40x,null,,0.07260924067731174
40x,null,,0.38482204958659333
40x,null,,0.04055656371120495
40x,null,,-0.01721683650085563
40x,null,,0.11494105816507605
40x,null,,0.16394638521139326
40x,null,,0.3241138394112039
40x,null,,0.12009742855346649
40x,null,,0.3563138323557699
40x,null,,0.03279387905695806
40x,null,,0.41177555502849383
40x,null,,0.09510413109283332
40x,null,,0.13676036717795564
40x,null,,0.06837506853725762
40x,null,,0.4944567957202321
40x,null,,0.04185796710604338
40x,null,,0.2487635036262333
40x,null,,0.13198713831675504
40x,null,,0.17430129606176445
40x,null,,0.04710635377017007
40x,null,,0.10898943468444494
40x,null,,0.35392136964117504
40x,null,,0.41121685609802744
40x,null,,0.3739767251221737
40x,null,,0.35392136964117504
40x,null,,0.17325540352807373
40x,null,,0.048964075281486136
40x,null,,0.07275288571343573
40x,null,,0.5287463466065286
40x,null,,0.019003443282917597
40x,null,,0.15474032110736302
40x,null,,0.16897279209895125
40x,null,,0.02381071148506932
40x,null,,0.7528540059785833
40x,null,,0.1423992783330743
40x,null,,0.09979865642506631
40x,null,,0.3296274515913421
40x,null,,0.5662140620507942
40x,null,,0.15015914753663034
40x,null,,0.05552286589943566
40x,null,,0.12446662764342657
40x,null,,0.08778888068120647
40x,null,,0.0852220832383758
40x,null,,0.04911524230075308
40x,null,,0.31165694506783703
40x,null,,0.0346702559206206
40x,null,,0.06150624247313925
40x,null,,0.1991253878309751
40x,null,,0.2558754830384506
40x,null,,0.11494105816507605
40x,null,,0.0553468319509422
40x,null,,-0.1325014422050974
40x,null,,0.42916306405672866
40x,null,,0.04186052642556317
40x,null,,0.41555634628985244
40x,null,,0.07400693930343233
40x,null,,0.27510816737509597
40x,null,,0.4079230555994076
40x,null,,0.14196013408225638
40x,null,,0.14082377698760784
40x,null,,0.06027066926075348
40x,null,,0.15886047769384332
40x,null,,0.08600942329138969
40x,null,,0.09212249536020155
40x,null,,0.24337396832914499
40x,null,,0.35392136964117504
40x,null,,0.0653453235941911
40x,null,,0.19837192235418755
40x,null,,0.041793563853961144
40x,null,,0.08463888543063859
40x,null,,0.11341937628378554
40x,null,,0.08764944148677337
40x,null,,0.21178347357776506
40x,null,,0.24303201514426387
40x,null,,0.09025102232490266
40x,null,,-0.00138280245006078
40x,null,,0.14196013408225638
40x,null,,0.028765536661071334
40x,null,,0.3068989663620682
40x,null,,-0.09628502475808315
40x,null,,0.3563138323557699
40x,null,,0.08295957196205642
40x,null,,0.10088628430350854
40x,null,,0.7641615644791733
40x,null,,0.20497914437268108
40x,null,,0.04706589379484649
40x,null,,0.29917501022566095
40x,null,,0.07275288571343573
40x,null,,0.050736527876077624
40x,null,,0.04461031689876568
40x,null,,0.083123452028358
40x,null,,0.048964075281486136
40x,null,,0.3819637512762221
40x,null,,0.2743934298346162
40x,null,,0.011859182570901175
40x,null,,0.0553468319509422
40x,null,,0.11773820670170576
40x,null,,0.35408201245617665
40x,null,,0.04831502790287856
40x,null,,-0.00138280245006078
40x,null,,0.19226426555506387
40x,null,,0.19837192235418755
40x,null,,0.03386874411418037
40x,null,,0.19939425788387297
40x,null,,0.14552864826797096
40x,null,,0.4079230555994076
40x,null,,0.24166980874279076
40x,null,,0.03760438097734533
40x,null,,0.14552864826797096
40x,null,,0.35646525162367976
40x,null,,0.17276303930448134
40x,null,,0.07577719349729288
40x,null,,0.29917501022566095
40x,null,,0.07572538344716195
40x,null,,0.14804882632468053
40x,null,,0.15474032110736302
40x,null,,0.2923366600888011
40x,null,,0.013402610109077708
40x,null,,0.055367595652072644
40x,null,,0.08256991130108271
40x,null,,0.4186319593704072
40x,null,,0.1519663893173714
40x,null,,6.697494556545665e-05
40x,null,,0.1626542271533251
40x,null,,0.08427889430594138
40x,null,,0.083123452028358
40x,null,,0.05181864350134923
40x,null,,0.006577781564383376
40x,null,,0.4884767006503875
40x,null,,0.06592447072383731
40x,null,,-0.28474398625111286
40x,null,,0.19939425788387297
40x,null,,0.24303201514426387
40x,null,,0.04556469024466913
40x,null,,0.0316898335687504
40x,null,,0.056475741313521885
40x,null,,0.33382054667590677
40x,null,,-0.013084007686728474
40x,null,,0.06818203199628745
40x,null,,0.496081273201474
40x,null,,0.12446662764342657
40x,null,,-0.10242438158540502
40x,null,,0.06672585566287308
40x,null,,0.09730223173989433
40x,null,,0.08710881272439458
40x,null,,0.23017291020559735
40x,null,,0.059940144764175494
40x,null,,0.09452837115938932
40x,null,,0.15644863861473965
40x,null,,0.09847188368756626
40x,null,,0.4503534276742884
40x,null,,-0.0038828833865622438
40x,null,,0.36238450132253275
40x,null,,0.15433916109167026
40x,null,,-0.14705093599327876
40x,null,,0.17767510012720888
40x,null,,0.023217328660384118
40x,null,,0.6139485214823908
40x,null,,0.12101770027106735
40x,null,,0.07050357892355204
40x,null,,0.39559965829514304
40x,null,,0.02170007810591358
40x,null,,-0.08557989955686973
40x,null,,0.05601554880419032
40x,null,,0.03555369422169295
40x,null,,0.5937397774283599
40x,null,,0.053455426207708184
40x,null,,0.06150624247313925
40x,null,,0.005063899169475762
40x,null,,0.24303201514426387
40x,null,,0.2827703525738868
40x,null,,0.25002775617027106
40x,null,,0.0683043581633269
40x,null,,0.14082377698760784
40x,null,,0.20497914437268108
40x,null,,0.053265512972833134
40x,null,,0.13198713831675504
40x,null,,0.24677866525067282
40x,null,,0.07360539864188921
40x,null,,0.09847188368756626
40x,null,,0.16161885667265305
40x,null,,0.28095847864981843
40x,null,,0.17430129606176445
40x,null,,0.257636885993338
40x,null,,0.10059183352098254
40x,null,,0.42291154483584675
40x,null,,0.03386874411418037
40x,null,,0.06597295486265374
40x,null,,0.02347176064809734
40x,null,,0.09198374392399987
40x,null,,0.07577719349729288
40x,null,,0.2866790157318977
40x,null,,0.22519168498250353
40x,null,,0.11270076024716995
40x,null,,0.31049378228413776
40x,null,,0.06466804777559851
40x,null,,-0.04750051366794937
40x,null,,0.12020775054614433
40x,null,,0.041166330605363545
40x,null,,0.3918646797035828
