drug_a,drug_b,s2,s3,cls_a,cls_b,pair_class
"Fluorouracil (5-Fluoracil, 5-FU)",Gemcitabine,0.8001815362031388,0.6373437335050574,Antimetabolite,Antimetabolite,Antimetabolite × Antimetabolite
"Fluorouracil (5-Fluoracil, 5-FU)",Trifluridine,0.6296608572599031,0.5444421333877846,Antimetabolite,Antimetabolite,Antimetabolite × Antimetabolite
Gemcitabine,Trifluridine,0.6948544920120249,0.8072189920730655,Antimetabolite,Antimetabolite,Antimetabolite × Antimetabolite
AMG232 (Navtemadlin),"Fluorouracil (5-Fluoracil, 5-FU)",0.4719271682535799,0.7662132216262181,MDM2 inhibitor,Antimetabolite,Antimetabolite × MDM2i / Topo I
AMG232 (Navtemadlin),Gemcitabine,0.5463453790579388,0.7465092839841321,MDM2 inhibitor,Antimetabolite,Antimetabolite × MDM2i / Topo I
AMG232 (Navtemadlin),Trifluridine,0.4146067226033577,0.7512701160524943,MDM2 inhibitor,Antimetabolite,Antimetabolite × MDM2i / Topo I
"Fluorouracil (5-Fluoracil, 5-FU)",Nutlin-3,0.5733457364732334,0.6687067823069359,Antimetabolite,MDM2 inhibitor,Antimetabolite × MDM2i / Topo I
"Fluorouracil (5-Fluoracil, 5-FU)",SN-38,0.4693402491408704,0.7649489898772269,Antimetabolite,Topo I inhibitor,Antimetabolite × MDM2i / Topo I
Gemcitabine,Nutlin-3,0.5954901299059515,0.768934134599535,Antimetabolite,MDM2 inhibitor,Antimetabolite × MDM2i / Topo I
Gemcitabine,SN-38,0.5351504902336507,0.8191383732777504,Antimetabolite,Topo I inhibitor,Antimetabolite × MDM2i / Topo I
Nutlin-3,Trifluridine,0.4652616527324595,0.8759892449313673,MDM2 inhibitor,Antimetabolite,Antimetabolite × MDM2i / Topo I
SN-38,Trifluridine,0.2791888141408894,0.701126957857121,Topo I inhibitor,Antimetabolite,Antimetabolite × MDM2i / Topo I
"Fluorouracil (5-Fluoracil, 5-FU)","Olaparib (AZD2281, Ku-0059436)",0.7389671228201696,0.2985221295595948,Antimetabolite,PARP inhibitor,Antimetabolite × PARPi
"Fluorouracil (5-Fluoracil, 5-FU)",Veliparib (ABT-888),0.5142661014727408,0.2941736104736231,Antimetabolite,PARP inhibitor,Antimetabolite × PARPi
Gemcitabine,"Olaparib (AZD2281, Ku-0059436)",0.7672547858857978,0.518320994227156,Antimetabolite,PARP inhibitor,Antimetabolite × PARPi
Gemcitabine,Veliparib (ABT-888),0.5925999598661235,0.5655793872503141,Antimetabolite,PARP inhibitor,Antimetabolite × PARPi
"Olaparib (AZD2281, Ku-0059436)",Trifluridine,0.903119268835494,0.7629610324625619,PARP inhibitor,Antimetabolite,Antimetabolite × PARPi
Trifluridine,Veliparib (ABT-888),0.7846012766064531,0.5501566811881543,Antimetabolite,PARP inhibitor,Antimetabolite × PARPi
5Z-7-OXOZEAENOL,"Binimetinib (MEK162, ARRY-162, ARRY-438162)",0.0545971495850427,0.5889644556730643,MAPK inhibitor,MAPK inhibitor,MAPK × MAPK
5Z-7-OXOZEAENOL,"Cobimetinib (GDC-0973, RG7420)",0.54087882956254,0.7039877478966438,MAPK inhibitor,MAPK inhibitor,MAPK × MAPK
5Z-7-OXOZEAENOL,Dabrafenib (GSK2118436),0.0051178206321671,0.5809463283755423,MAPK inhibitor,MAPK inhibitor,MAPK × MAPK
5Z-7-OXOZEAENOL,Doramapimod (BIRB 796),0.1411112075211389,0.0496322357399282,MAPK inhibitor,MAPK inhibitor,MAPK × MAPK
5Z-7-OXOZEAENOL,Encorafenib (LGX818),0.1107318496412543,0.6427027129633807,MAPK inhibitor,MAPK inhibitor,MAPK × MAPK
5Z-7-OXOZEAENOL,PD0325901,0.3030138341704566,0.7865887289326051,MAPK inhibitor,MAPK inhibitor,MAPK × MAPK
5Z-7-OXOZEAENOL,Sorafenib,0.4137150595011989,0.6307233828670977,MAPK inhibitor,MAPK inhibitor,MAPK × MAPK
5Z-7-OXOZEAENOL,Trametinib (GSK1120212),0.4820216849427076,0.5348176993084381,MAPK inhibitor,MAPK inhibitor,MAPK × MAPK
5Z-7-OXOZEAENOL,"Vemurafenib (PLX4032, RG7204)",0.349862087849225,-0.1985174145953545,MAPK inhibitor,MAPK inhibitor,MAPK × MAPK
"Binimetinib (MEK162, ARRY-162, ARRY-438162)","Cobimetinib (GDC-0973, RG7420)",0.5859110128855519,0.7935445782526441,MAPK inhibitor,MAPK inhibitor,MAPK × MAPK
"Binimetinib (MEK162, ARRY-162, ARRY-438162)",Dabrafenib (GSK2118436),0.8939520348421277,0.4462624239325164,MAPK inhibitor,MAPK inhibitor,MAPK × MAPK
"Binimetinib (MEK162, ARRY-162, ARRY-438162)",Doramapimod (BIRB 796),0.3347042313603368,0.239232746892144,MAPK inhibitor,MAPK inhibitor,MAPK × MAPK
"Binimetinib (MEK162, ARRY-162, ARRY-438162)",Encorafenib (LGX818),0.7152142048544013,0.8565317026886642,MAPK inhibitor,MAPK inhibitor,MAPK × MAPK
"Binimetinib (MEK162, ARRY-162, ARRY-438162)",PD0325901,0.8103171600051489,0.6427790081430252,MAPK inhibitor,MAPK inhibitor,MAPK × MAPK
"Binimetinib (MEK162, ARRY-162, ARRY-438162)",Sorafenib,0.4187465508238143,0.4282445396588694,MAPK inhibitor,MAPK inhibitor,MAPK × MAPK
"Binimetinib (MEK162, ARRY-162, ARRY-438162)",Trametinib (GSK1120212),0.6101448549251062,0.8251831401470575,MAPK inhibitor,MAPK inhibitor,MAPK × MAPK
"Binimetinib (MEK162, ARRY-162, ARRY-438162)","Vemurafenib (PLX4032, RG7204)",0.0149296555994442,-0.1550907514456555,MAPK inhibitor,MAPK inhibitor,MAPK × MAPK
"Cobimetinib (GDC-0973, RG7420)",Dabrafenib (GSK2118436),0.4101776999166261,0.4165243597130826,MAPK inhibitor,MAPK inhibitor,MAPK × MAPK
"Cobimetinib (GDC-0973, RG7420)",Doramapimod (BIRB 796),0.3346315349254747,-0.057408111645394,MAPK inhibitor,MAPK inhibitor,MAPK × MAPK
"Cobimetinib (GDC-0973, RG7420)",Encorafenib (LGX818),0.4773241360131491,0.9146653633249432,MAPK inhibitor,MAPK inhibitor,MAPK × MAPK
"Cobimetinib (GDC-0973, RG7420)",PD0325901,0.8793673114435158,0.7982489731771558,MAPK inhibitor,MAPK inhibitor,MAPK × MAPK
"Cobimetinib (GDC-0973, RG7420)",Sorafenib,0.6888458725916462,0.5660488995723966,MAPK inhibitor,MAPK inhibitor,MAPK × MAPK
"Cobimetinib (GDC-0973, RG7420)",Trametinib (GSK1120212),0.9688056923181309,0.6339526737467062,MAPK inhibitor,MAPK inhibitor,MAPK × MAPK
"Cobimetinib (GDC-0973, RG7420)","Vemurafenib (PLX4032, RG7204)",0.3574428154395654,-0.1120524403006913,MAPK inhibitor,MAPK inhibitor,MAPK × MAPK
Dabrafenib (GSK2118436),Doramapimod (BIRB 796),0.3167670242653847,0.3722460404273162,MAPK inhibitor,MAPK inhibitor,MAPK × MAPK
Dabrafenib (GSK2118436),Encorafenib (LGX818),0.7111404742718429,0.5444256793538633,MAPK inhibitor,MAPK inhibitor,MAPK × MAPK
Dabrafenib (GSK2118436),PD0325901,0.6219281457545933,0.6237774541765579,MAPK inhibitor,MAPK inhibitor,MAPK × MAPK
Dabrafenib (GSK2118436),Sorafenib,0.4149947154126629,0.6344126205822982,MAPK inhibitor,MAPK inhibitor,MAPK × MAPK
Dabrafenib (GSK2118436),Trametinib (GSK1120212),0.4070214277951992,0.5060383621663971,MAPK inhibitor,MAPK inhibitor,MAPK × MAPK
Dabrafenib (GSK2118436),"Vemurafenib (PLX4032, RG7204)",0.0040933768132681,-0.3453543438620793,MAPK inhibitor,MAPK inhibitor,MAPK × MAPK
Doramapimod (BIRB 796),Encorafenib (LGX818),-0.1182233704654631,0.0966094431233502,MAPK inhibitor,MAPK inhibitor,MAPK × MAPK
Doramapimod (BIRB 796),PD0325901,0.3278211480321864,0.1263292643147833,MAPK inhibitor,MAPK inhibitor,MAPK × MAPK
Doramapimod (BIRB 796),Sorafenib,-0.0479403932355801,-0.0581528497428494,MAPK inhibitor,MAPK inhibitor,MAPK × MAPK
Doramapimod (BIRB 796),Trametinib (GSK1120212),0.3242315251696176,0.5084006231803035,MAPK inhibitor,MAPK inhibitor,MAPK × MAPK
Doramapimod (BIRB 796),"Vemurafenib (PLX4032, RG7204)",-0.3257160389779163,0.0683179296551258,MAPK inhibitor,MAPK inhibitor,MAPK × MAPK
Encorafenib (LGX818),PD0325901,0.6362870929179959,0.7665781619165641,MAPK inhibitor,MAPK inhibitor,MAPK × MAPK
Encorafenib (LGX818),Sorafenib,0.6217134568680881,0.6213806892292352,MAPK inhibitor,MAPK inhibitor,MAPK × MAPK
Encorafenib (LGX818),Trametinib (GSK1120212),0.4732049751604134,0.7334744771832146,MAPK inhibitor,MAPK inhibitor,MAPK × MAPK
Encorafenib (LGX818),"Vemurafenib (PLX4032, RG7204)",0.3610033978161232,-0.2287999722352967,MAPK inhibitor,MAPK inhibitor,MAPK × MAPK
PD0325901,Sorafenib,0.6111897837844865,0.7231035863124992,MAPK inhibitor,MAPK inhibitor,MAPK × MAPK
PD0325901,Trametinib (GSK1120212),0.9039377126140724,0.5987343224104773,MAPK inhibitor,MAPK inhibitor,MAPK × MAPK
PD0325901,"Vemurafenib (PLX4032, RG7204)",0.2426005641545097,-0.205305182029549,MAPK inhibitor,MAPK inhibitor,MAPK × MAPK
Sorafenib,Trametinib (GSK1120212),0.6554106269023114,0.3051905814316892,MAPK inhibitor,MAPK inhibitor,MAPK × MAPK
Sorafenib,"Vemurafenib (PLX4032, RG7204)",0.626194491744485,-0.3919828665756241,MAPK inhibitor,MAPK inhibitor,MAPK × MAPK
Trametinib (GSK1120212),"Vemurafenib (PLX4032, RG7204)",0.3049291578613876,-0.076794492872227,MAPK inhibitor,MAPK inhibitor,MAPK × MAPK
5Z-7-OXOZEAENOL,ABT-737,0.0518868340371161,-0.3590748757869527,MAPK inhibitor,Other,Other
5Z-7-OXOZEAENOL,AMG232 (Navtemadlin),0.1978470382325503,0.2613460249113067,MAPK inhibitor,MDM2 inhibitor,Other
5Z-7-OXOZEAENOL,AZD4547,0.3060766766965882,0.6696109479607097,MAPK inhibitor,Other,Other
5Z-7-OXOZEAENOL,AZD7762,0.751304020683129,0.7626190693096234,MAPK inhibitor,Other,Other
5Z-7-OXOZEAENOL,AZD8055,0.1403916314553855,0.5593060109128674,MAPK inhibitor,Other,Other
5Z-7-OXOZEAENOL,Adavosertib （MK-1775）,0.5049390537930307,0.6220969039658045,MAPK inhibitor,Other,Other
5Z-7-OXOZEAENOL,Afatinib (BIBW2992),0.462622430649449,0.569711933149871,MAPK inhibitor,Other,Other
5Z-7-OXOZEAENOL,Alpelisib (BYL719),-0.1217311044880783,0.6881213840235404,MAPK inhibitor,Other,Other
5Z-7-OXOZEAENOL,BMS-754807,0.1433747836753827,0.4462917288491139,MAPK inhibitor,Other,Other
5Z-7-OXOZEAENOL,Crizotinib (PF-02341066),0.4464676545336076,0.5005784636641758,MAPK inhibitor,Other,Other
5Z-7-OXOZEAENOL,"Fluorouracil (5-Fluoracil, 5-FU)",0.281927301152228,0.4367385771132039,MAPK inhibitor,Antimetabolite,Other
5Z-7-OXOZEAENOL,Gefitinib (ZD1839),0.3515845196271526,0.6221468997996735,MAPK inhibitor,Other,Other
5Z-7-OXOZEAENOL,Gemcitabine,0.2928747672703378,0.4685822354435649,MAPK inhibitor,Antimetabolite,Other
5Z-7-OXOZEAENOL,LGK-974,0.26908762938526,0.0461461953515394,MAPK inhibitor,Other,Other
5Z-7-OXOZEAENOL,Linsitinib (OSI-906),-0.13583737995934,0.648954038991497,MAPK inhibitor,Other,Other
5Z-7-OXOZEAENOL,MK-2206 2HCl,0.4031887768338377,0.4135568201041273,MAPK inhibitor,Other,Other
5Z-7-OXOZEAENOL,Miglitol,-0.1894056533511954,-0.1930445742163351,MAPK inhibitor,Other,Other
5Z-7-OXOZEAENOL,Navitoclax (ABT-263),-0.0045757924953165,0.4635056789828843,MAPK inhibitor,Other,Other
5Z-7-OXOZEAENOL,Nutlin-3,0.1805453247534821,0.2244112312834585,MAPK inhibitor,MDM2 inhibitor,Other
5Z-7-OXOZEAENOL,"Olaparib (AZD2281, Ku-0059436)",0.1550484281313403,-0.0356277881635269,MAPK inhibitor,PARP inhibitor,Other
5Z-7-OXOZEAENOL,Oxaliplatin,0.3072156340089986,0.7158497482494727,MAPK inhibitor,Other,Other
5Z-7-OXOZEAENOL,PI-103,0.0217192385288347,0.5566238750151952,MAPK inhibitor,Other,Other
5Z-7-OXOZEAENOL,Paclitaxel,0.3809110527768631,0.4571007761775214,MAPK inhibitor,Other,Other
5Z-7-OXOZEAENOL,Palbociclib (PD-0332991) HCl,0.1948528232031295,0.2298746755116091,MAPK inhibitor,Other,Other
5Z-7-OXOZEAENOL,Phenformin HCl,0.0747881216167285,0.2502757642217026,MAPK inhibitor,Other,Other
5Z-7-OXOZEAENOL,Rabusertib (LY2603618),0.4792927591454374,0.2414458626301724,MAPK inhibitor,Other,Other
5Z-7-OXOZEAENOL,Regorafenib (BAY 73-4506),0.0725617748876811,0.6713599653954966,MAPK inhibitor,Other,Other
5Z-7-OXOZEAENOL,Ruxolitinib (INCB018424),0.2951224220975271,-0.2882118687167077,MAPK inhibitor,Other,Other
5Z-7-OXOZEAENOL,SB216763,0.0814135348242475,0.1548268500151858,MAPK inhibitor,Other,Other
5Z-7-OXOZEAENOL,SB505124,0.6556595032843451,0.3549246852385746,MAPK inhibitor,Other,Other
5Z-7-OXOZEAENOL,SN-38,0.2914387048508296,0.6065599712684525,MAPK inhibitor,Topo I inhibitor,Other
5Z-7-OXOZEAENOL,Sapitinib (AZD8931),-0.1317521045562037,0.0209433264414403,MAPK inhibitor,Other,Other
5Z-7-OXOZEAENOL,Tanespimycin (17-AAG),0.3784772398044842,0.5695851615766158,MAPK inhibitor,Other,Other
5Z-7-OXOZEAENOL,Taselisib (GDC 0032),0.0153570435206695,0.6341396159872721,MAPK inhibitor,Other,Other
5Z-7-OXOZEAENOL,Temozolomide,0.1166418057584748,-0.2576781745424765,MAPK inhibitor,Other,Other
5Z-7-OXOZEAENOL,Triciribine,-0.0258235911154055,0.0027015239081153,MAPK inhibitor,Other,Other
5Z-7-OXOZEAENOL,Trifluridine,0.1470652129208702,0.2032125463108343,MAPK inhibitor,Antimetabolite,Other
5Z-7-OXOZEAENOL,Veliparib (ABT-888),0.009015683442984,0.1335947408358115,MAPK inhibitor,PARP inhibitor,Other
5Z-7-OXOZEAENOL,Vinorelbine Tartrate,0.2808287928408465,0.527902439168291,MAPK inhibitor,Other,Other
5Z-7-OXOZEAENOL,"Vorinostat (SAHA, MK0683)",0.2406696510831124,0.4864521868227284,MAPK inhibitor,Other,Other
5Z-7-OXOZEAENOL,abemaciclib (LY2835219),0.1649795365126161,0.226774024092319,MAPK inhibitor,Other,Other
ABT-737,AMG232 (Navtemadlin),0.0750916275692062,-0.070715890325144,Other,MDM2 inhibitor,Other
ABT-737,AZD4547,0.616689994978497,-0.2352504394432572,Other,Other,Other
ABT-737,AZD7762,0.2686426817620738,-0.3179827212684514,Other,Other,Other
ABT-737,AZD8055,0.6136452607462272,0.0191540122182814,Other,Other,Other
ABT-737,Adavosertib （MK-1775）,0.3908353176527733,-0.1572378859529051,Other,Other,Other
ABT-737,Afatinib (BIBW2992),0.5601436093970549,-0.4286722714424667,Other,Other,Other
ABT-737,Alpelisib (BYL719),0.7420871777899322,-0.2825397400415872,Other,Other,Other
ABT-737,BMS-754807,0.3466959471085788,-0.1698385936848256,Other,Other,Other
ABT-737,"Binimetinib (MEK162, ARRY-162, ARRY-438162)",0.5939272236132991,-0.223368427421906,Other,MAPK inhibitor,Other
ABT-737,"Cobimetinib (GDC-0973, RG7420)",0.2954303516526416,-0.4798188598230886,Other,MAPK inhibitor,Other
ABT-737,Crizotinib (PF-02341066),0.2421146631909112,-0.3897042678805829,Other,Other,Other
ABT-737,Dabrafenib (GSK2118436),0.7259647161039217,0.0127128941311762,Other,MAPK inhibitor,Other
ABT-737,Doramapimod (BIRB 796),-0.1515004342709278,0.5900099706498743,Other,MAPK inhibitor,Other
ABT-737,Encorafenib (LGX818),0.7133447780095706,-0.3473759901531764,Other,MAPK inhibitor,Other
ABT-737,"Fluorouracil (5-Fluoracil, 5-FU)",-0.3529510875223044,-0.2224783044103364,Other,Antimetabolite,Other
ABT-737,Gefitinib (ZD1839),0.6293434720884087,-0.12656545327315,Other,Other,Other
ABT-737,Gemcitabine,-0.3105319939036981,-0.157085638910799,Other,Antimetabolite,Other
ABT-737,LGK-974,-0.150708477695756,-0.466622408049065,Other,Other,Other
ABT-737,Linsitinib (OSI-906),0.0312975659983085,-0.1733640926488364,Other,Other,Other
ABT-737,MK-2206 2HCl,0.4508221383671304,-0.4138989004591284,Other,Other,Other
ABT-737,Miglitol,0.0558962325105444,0.7006666278438569,Other,Other,Other
ABT-737,Navitoclax (ABT-263),0.0800706420226034,-0.0090528396593309,Other,Other,Other
ABT-737,Nutlin-3,0.0193454303866657,0.1228049458852508,Other,MDM2 inhibitor,Other
ABT-737,"Olaparib (AZD2281, Ku-0059436)",-0.3669450546740454,0.4565139903447898,Other,PARP inhibitor,Other
ABT-737,Oxaliplatin,0.184807725625876,-0.2451072406717389,Other,Other,Other
ABT-737,PD0325901,0.4446339597264938,-0.3621946174350262,Other,MAPK inhibitor,Other
ABT-737,PI-103,0.7290859006015926,-0.0341750458609513,Other,Other,Other
ABT-737,Paclitaxel,0.3750391472490247,-0.3767357284301382,Other,Other,Other
ABT-737,Palbociclib (PD-0332991) HCl,-0.1240139891845416,-0.1332114533317928,Other,Other,Other
ABT-737,Phenformin HCl,-0.1918776733534961,0.1749407092454223,Other,Other,Other
ABT-737,Rabusertib (LY2603618),0.1551424733229112,0.2597651048574523,Other,Other,Other
ABT-737,Regorafenib (BAY 73-4506),0.6439000113800913,-0.2918925709881005,Other,Other,Other
ABT-737,Ruxolitinib (INCB018424),0.0411735563889735,0.6770344066605518,Other,Other,Other
ABT-737,SB216763,0.6676510772293468,0.5102656860544331,Other,Other,Other
ABT-737,SB505124,0.231428745146699,0.1903602074746722,Other,Other,Other
ABT-737,SN-38,-0.179558622561143,-0.2701888788439229,Other,Topo I inhibitor,Other
ABT-737,Sapitinib (AZD8931),0.797544500392987,-0.0127650958967196,Other,Other,Other
ABT-737,Sorafenib,0.5698096551361148,-0.4146985944238011,Other,MAPK inhibitor,Other
ABT-737,Tanespimycin (17-AAG),0.3583276249547683,-0.1889754832164481,Other,Other,Other
ABT-737,Taselisib (GDC 0032),0.7430470423541102,-0.2347969915135284,Other,Other,Other
ABT-737,Temozolomide,0.4675469485571561,0.6653365230899776,Other,Other,Other
ABT-737,Trametinib (GSK1120212),0.2911121058930681,-0.0051353651471851,Other,MAPK inhibitor,Other
ABT-737,Triciribine,-0.2893426080493197,0.0230987362782162,Other,Other,Other
ABT-737,Trifluridine,-0.4073549463694971,0.1050420200247871,Other,Antimetabolite,Other
ABT-737,Veliparib (ABT-888),-0.3455145142293529,0.2492339496090509,Other,PARP inhibitor,Other
ABT-737,"Vemurafenib (PLX4032, RG7204)",0.3327942027904729,0.207794707305114,Other,MAPK inhibitor,Other
ABT-737,Vinorelbine Tartrate,0.2071147698092532,-0.1651526999057721,Other,Other,Other
ABT-737,"Vorinostat (SAHA, MK0683)",0.0789892690586351,-0.1357815146066521,Other,Other,Other
ABT-737,abemaciclib (LY2835219),-0.0649442423060894,-0.1539195100924083,Other,Other,Other
AMG232 (Navtemadlin),AZD4547,0.3687252622130689,0.3842004102351946,MDM2 inhibitor,Other,Other
AMG232 (Navtemadlin),AZD7762,0.297561350015015,0.4851558824206068,MDM2 inhibitor,Other,Other
AMG232 (Navtemadlin),AZD8055,-0.0447508186918812,-0.122813793754796,MDM2 inhibitor,Other,Other
AMG232 (Navtemadlin),Adavosertib （MK-1775）,0.5820637039910685,0.3602724543679924,MDM2 inhibitor,Other,Other
AMG232 (Navtemadlin),Afatinib (BIBW2992),0.485694748913386,0.2340713516696203,MDM2 inhibitor,Other,Other
AMG232 (Navtemadlin),Alpelisib (BYL719),0.0483661081849024,-0.0134759295808125,MDM2 inhibitor,Other,Other
AMG232 (Navtemadlin),BMS-754807,0.6478280555919287,0.7224482543362791,MDM2 inhibitor,Other,Other
AMG232 (Navtemadlin),"Binimetinib (MEK162, ARRY-162, ARRY-438162)",0.1343542056303964,-0.0155731778007416,MDM2 inhibitor,MAPK inhibitor,Other
AMG232 (Navtemadlin),"Cobimetinib (GDC-0973, RG7420)",0.430737141952745,-0.0093353105894371,MDM2 inhibitor,MAPK inhibitor,Other
AMG232 (Navtemadlin),Crizotinib (PF-02341066),0.5707537362010628,0.339223758820338,MDM2 inhibitor,Other,Other
AMG232 (Navtemadlin),Dabrafenib (GSK2118436),0.0012809850061703,0.0628086058785266,MDM2 inhibitor,MAPK inhibitor,Other
AMG232 (Navtemadlin),Doramapimod (BIRB 796),-0.1245914370050175,0.0434964721268485,MDM2 inhibitor,MAPK inhibitor,Other
AMG232 (Navtemadlin),Encorafenib (LGX818),0.2479602890886503,-0.109510302978769,MDM2 inhibitor,MAPK inhibitor,Other
AMG232 (Navtemadlin),Gefitinib (ZD1839),0.1219154728849629,0.0743517422174918,MDM2 inhibitor,Other,Other
AMG232 (Navtemadlin),LGK-974,0.2083460124226506,-0.2910512411648505,MDM2 inhibitor,Other,Other
AMG232 (Navtemadlin),Linsitinib (OSI-906),-0.2035339100612338,0.0679632552696588,MDM2 inhibitor,Other,Other
AMG232 (Navtemadlin),MK-2206 2HCl,0.0769097227145605,-0.0781378347541516,MDM2 inhibitor,Other,Other
AMG232 (Navtemadlin),Miglitol,0.0349695025975702,0.0026295428532285,MDM2 inhibitor,Other,Other
AMG232 (Navtemadlin),Navitoclax (ABT-263),-0.4212242221459632,-0.0596821727222559,MDM2 inhibitor,Other,Other
AMG232 (Navtemadlin),Nutlin-3,0.9521784939602986,0.835064814733599,MDM2 inhibitor,MDM2 inhibitor,Other
AMG232 (Navtemadlin),"Olaparib (AZD2281, Ku-0059436)",0.4512288829382545,0.5178504764629765,MDM2 inhibitor,PARP inhibitor,Other
AMG232 (Navtemadlin),Oxaliplatin,0.7591226332210713,0.391074206161943,MDM2 inhibitor,Other,Other
AMG232 (Navtemadlin),PD0325901,0.3171175427625259,0.0954377610366914,MDM2 inhibitor,MAPK inhibitor,Other
AMG232 (Navtemadlin),PI-103,0.0554674949682273,-0.1016687031776204,MDM2 inhibitor,Other,Other
AMG232 (Navtemadlin),Paclitaxel,0.3276509617858475,0.1744211317426396,MDM2 inhibitor,Other,Other
AMG232 (Navtemadlin),Palbociclib (PD-0332991) HCl,0.5733879972767403,0.7139212520225979,MDM2 inhibitor,Other,Other
AMG232 (Navtemadlin),Phenformin HCl,0.1381177394968072,0.1254320100271067,MDM2 inhibitor,Other,Other
AMG232 (Navtemadlin),Rabusertib (LY2603618),0.2488044343576235,0.2581577814045044,MDM2 inhibitor,Other,Other
AMG232 (Navtemadlin),Regorafenib (BAY 73-4506),0.0946681382708025,0.1455431625270632,MDM2 inhibitor,Other,Other
AMG232 (Navtemadlin),Ruxolitinib (INCB018424),0.0927021984095011,-0.0063018307587601,MDM2 inhibitor,Other,Other
AMG232 (Navtemadlin),SB216763,0.436425947502334,0.1415965246314925,MDM2 inhibitor,Other,Other
AMG232 (Navtemadlin),SB505124,0.2479520454933919,0.3753019918344585,MDM2 inhibitor,Other,Other
AMG232 (Navtemadlin),SN-38,0.6473467789440452,0.8364870100536833,MDM2 inhibitor,Topo I inhibitor,Other
AMG232 (Navtemadlin),Sapitinib (AZD8931),0.2260818711909616,-0.1730595224353653,MDM2 inhibitor,Other,Other
AMG232 (Navtemadlin),Sorafenib,0.4528615361933865,-0.0788398454717604,MDM2 inhibitor,MAPK inhibitor,Other
AMG232 (Navtemadlin),Tanespimycin (17-AAG),0.6629091728662376,0.1726884383174368,MDM2 inhibitor,Other,Other
AMG232 (Navtemadlin),Taselisib (GDC 0032),0.2377365737631734,-0.0836140480621858,MDM2 inhibitor,Other,Other
AMG232 (Navtemadlin),Temozolomide,0.2269537318521635,-0.0633824308702221,MDM2 inhibitor,Other,Other
AMG232 (Navtemadlin),Trametinib (GSK1120212),0.3948392124116049,0.0466508764177822,MDM2 inhibitor,MAPK inhibitor,Other
AMG232 (Navtemadlin),Triciribine,0.3955499239126408,0.6374037073144546,MDM2 inhibitor,Other,Other
AMG232 (Navtemadlin),Veliparib (ABT-888),0.3033666495271204,0.3996726459323144,MDM2 inhibitor,PARP inhibitor,Other
AMG232 (Navtemadlin),"Vemurafenib (PLX4032, RG7204)",0.4746566060899956,-0.0304139830794897,MDM2 inhibitor,MAPK inhibitor,Other
AMG232 (Navtemadlin),Vinorelbine Tartrate,0.3113256077021358,0.5316744989362954,MDM2 inhibitor,Other,Other
AMG232 (Navtemadlin),"Vorinostat (SAHA, MK0683)",0.3403840285123066,0.5692700911401775,MDM2 inhibitor,Other,Other
AMG232 (Navtemadlin),abemaciclib (LY2835219),0.5491898472853268,0.6592837696153342,MDM2 inhibitor,Other,Other
AZD4547,AZD7762,0.4732653483925542,0.7072762054812246,Other,Other,Other
AZD4547,AZD8055,0.4730979934423212,0.3798639683423436,Other,Other,Other
AZD4547,Adavosertib （MK-1775）,0.5358378781493256,0.5452899370377261,Other,Other,Other
AZD4547,Afatinib (BIBW2992),0.6839394142252452,0.7045409198869776,Other,Other,Other
AZD4547,Alpelisib (BYL719),0.4822833697154322,0.567948943699023,Other,Other,Other
AZD4547,BMS-754807,0.51901567728645,0.4226903072298427,Other,Other,Other
AZD4547,"Binimetinib (MEK162, ARRY-162, ARRY-438162)",0.4999963734995661,0.4685879962943413,Other,MAPK inhibitor,Other
AZD4547,"Cobimetinib (GDC-0973, RG7420)",0.6189823885124311,0.4950687967923972,Other,MAPK inhibitor,Other
AZD4547,Crizotinib (PF-02341066),0.6669862363089504,0.7349124707541955,Other,Other,Other
AZD4547,Dabrafenib (GSK2118436),0.5327976691828405,0.5791970807730243,Other,MAPK inhibitor,Other
AZD4547,Doramapimod (BIRB 796),0.0568744098391635,0.2059327998958812,Other,MAPK inhibitor,Other
AZD4547,Encorafenib (LGX818),0.5731831388480841,0.4702046451012052,Other,MAPK inhibitor,Other
AZD4547,"Fluorouracil (5-Fluoracil, 5-FU)",-0.0222479678713726,0.4168354831059357,Other,Antimetabolite,Other
AZD4547,Gefitinib (ZD1839),0.802479870877375,0.7681606566021304,Other,Other,Other
AZD4547,Gemcitabine,0.0232794244489648,0.5689347826633582,Other,Antimetabolite,Other
AZD4547,LGK-974,0.1249599608491524,-0.1513535188727552,Other,Other,Other
AZD4547,Linsitinib (OSI-906),-0.042136828164514,0.4664868491081389,Other,Other,Other
AZD4547,MK-2206 2HCl,0.6910137909351316,0.3438420717091348,Other,Other,Other
AZD4547,Miglitol,-0.0540856357586282,-0.0729248228177088,Other,Other,Other
AZD4547,Navitoclax (ABT-263),-0.0769632123730912,0.4127106605832,Other,Other,Other
AZD4547,Nutlin-3,0.341047934800768,0.3572554569306198,Other,MDM2 inhibitor,Other
AZD4547,"Olaparib (AZD2281, Ku-0059436)",-0.1328317208725528,0.1465863028234777,Other,PARP inhibitor,Other
AZD4547,Oxaliplatin,0.425463363792497,0.4332662494163232,Other,Other,Other
AZD4547,PD0325901,0.5766293693641306,0.704914669388278,Other,MAPK inhibitor,Other
AZD4547,PI-103,0.5451993164412358,0.4712638945183201,Other,Other,Other
AZD4547,Paclitaxel,0.4181115516694414,0.260627968817275,Other,Other,Other
AZD4547,Palbociclib (PD-0332991) HCl,0.1040926041930608,0.4255772873008545,Other,Other,Other
AZD4547,Phenformin HCl,-0.1187915667142269,0.1926427420230072,Other,Other,Other
AZD4547,Rabusertib (LY2603618),0.6378544255995635,0.431798409980386,Other,Other,Other
AZD4547,Regorafenib (BAY 73-4506),0.5836560258114606,0.6396988839934568,Other,Other,Other
AZD4547,Ruxolitinib (INCB018424),0.0932343910591193,-0.1544557217155116,Other,Other,Other
AZD4547,SB216763,0.5942904723149215,0.2370787289055064,Other,Other,Other
AZD4547,SB505124,0.4594301548667596,0.4543379849955549,Other,Other,Other
AZD4547,SN-38,0.0515720822932818,0.5769622582984726,Other,Topo I inhibitor,Other
AZD4547,Sapitinib (AZD8931),0.5555942266709839,-0.140518807210525,Other,Other,Other
AZD4547,Sorafenib,0.7276974685684937,0.5526539995947387,Other,MAPK inhibitor,Other
AZD4547,Tanespimycin (17-AAG),0.4831035571079654,0.5785995844380488,Other,Other,Other
AZD4547,Taselisib (GDC 0032),0.5670601749978235,0.4639706914077867,Other,Other,Other
AZD4547,Temozolomide,0.2935078379682851,-0.1478892029150658,Other,Other,Other
AZD4547,Trametinib (GSK1120212),0.5888195789502653,0.455906252932871,Other,MAPK inhibitor,Other
AZD4547,Triciribine,-0.0016019509331577,0.1802385753764914,Other,Other,Other
AZD4547,Trifluridine,-0.1439206857647146,0.3536515307440027,Other,Antimetabolite,Other
AZD4547,Veliparib (ABT-888),-0.2112787892976121,0.3817590928246739,Other,PARP inhibitor,Other
AZD4547,"Vemurafenib (PLX4032, RG7204)",0.4953162551920303,-0.2581127273206148,Other,MAPK inhibitor,Other
AZD4547,Vinorelbine Tartrate,0.2588799379655003,0.3956566786200418,Other,Other,Other
AZD4547,"Vorinostat (SAHA, MK0683)",0.3460964807375959,0.4256433566968202,Other,Other,Other
AZD4547,abemaciclib (LY2835219),0.1258277542162207,0.4228025462964508,Other,Other,Other
AZD7762,AZD8055,0.3493668041299984,0.2838801309666235,Other,Other,Other
AZD7762,Adavosertib （MK-1775）,0.7204717489761087,0.5883668410325831,Other,Other,Other
AZD7762,Afatinib (BIBW2992),0.7287393903331427,0.5798303957385665,Other,Other,Other
AZD7762,Alpelisib (BYL719),0.1591292674524678,0.3834319703346897,Other,Other,Other
AZD7762,BMS-754807,0.4126428949206166,0.7073937942682554,Other,Other,Other
AZD7762,"Binimetinib (MEK162, ARRY-162, ARRY-438162)",0.192469401567498,0.4437792820353503,Other,MAPK inhibitor,Other
AZD7762,"Cobimetinib (GDC-0973, RG7420)",0.5095338405049383,0.5111447727943293,Other,MAPK inhibitor,Other
AZD7762,Crizotinib (PF-02341066),0.55550027325112,0.6991011402905826,Other,Other,Other
AZD7762,Dabrafenib (GSK2118436),0.1319112104749133,0.3662573605959516,Other,MAPK inhibitor,Other
AZD7762,Doramapimod (BIRB 796),-0.0838014297247074,0.0500112965390808,Other,MAPK inhibitor,Other
AZD7762,Encorafenib (LGX818),0.3571897937766052,0.4297720284427257,Other,MAPK inhibitor,Other
AZD7762,"Fluorouracil (5-Fluoracil, 5-FU)",0.2204437647499438,0.4990811494159483,Other,Antimetabolite,Other
AZD7762,Gefitinib (ZD1839),0.3980919103458884,0.5754332797196641,Other,Other,Other
AZD7762,Gemcitabine,0.2561610970612039,0.6884139493811183,Other,Antimetabolite,Other
AZD7762,LGK-974,0.1615648935833313,0.0429589537213611,Other,Other,Other
AZD7762,Linsitinib (OSI-906),-0.2273604983564137,0.383349756209742,Other,Other,Other
AZD7762,MK-2206 2HCl,0.4388967671273172,0.385200067464605,Other,Other,Other
AZD7762,Miglitol,-0.0497806942899192,-0.1608480732760147,Other,Other,Other
AZD7762,Navitoclax (ABT-263),-0.0337065907499912,0.1564470625332395,Other,Other,Other
AZD7762,Nutlin-3,0.2848321028428132,0.4430518790573907,Other,MDM2 inhibitor,Other
AZD7762,"Olaparib (AZD2281, Ku-0059436)",0.147509719757604,0.1831272509890135,Other,PARP inhibitor,Other
AZD7762,Oxaliplatin,0.4068841691450571,0.5973195812475085,Other,Other,Other
AZD7762,PD0325901,0.3939756074981714,0.6146582579922045,Other,MAPK inhibitor,Other
AZD7762,PI-103,0.279715493725249,0.2704687797635898,Other,Other,Other
AZD7762,Paclitaxel,0.619633860258953,0.418481192677157,Other,Other,Other
AZD7762,Palbociclib (PD-0332991) HCl,0.1316575052065615,0.4008452724303479,Other,Other,Other
AZD7762,Phenformin HCl,0.0389125452803563,0.2455875664482104,Other,Other,Other
AZD7762,Rabusertib (LY2603618),0.4063744870990016,0.2547915102792656,Other,Other,Other
AZD7762,Regorafenib (BAY 73-4506),0.1735542776682004,0.5598100589312135,Other,Other,Other
AZD7762,Ruxolitinib (INCB018424),0.1186397750236518,-0.1590633541231838,Other,Other,Other
AZD7762,SB216763,0.2853330295288495,0.0966423083267991,Other,Other,Other
AZD7762,SB505124,0.666064758989473,0.3681576341268802,Other,Other,Other
AZD7762,SN-38,0.2724286672445743,0.7476772088038688,Other,Topo I inhibitor,Other
AZD7762,Sapitinib (AZD8931),0.1819483527807052,0.0021450505201435,Other,Other,Other
AZD7762,Sorafenib,0.5345654108100295,0.4446394321457316,Other,MAPK inhibitor,Other
AZD7762,Tanespimycin (17-AAG),0.5636873813486988,0.5078726370695905,Other,Other,Other
AZD7762,Taselisib (GDC 0032),0.3203240693533785,0.4330579375123732,Other,Other,Other
AZD7762,Temozolomide,0.257559104046407,-0.1950329751554641,Other,Other,Other
AZD7762,Trametinib (GSK1120212),0.4787955624052157,0.4182664670356867,Other,MAPK inhibitor,Other
AZD7762,Triciribine,0.0036212107055,0.2357223061991841,Other,Other,Other
AZD7762,Trifluridine,0.0933495380228472,0.5062680415947263,Other,Antimetabolite,Other
AZD7762,Veliparib (ABT-888),0.0499831618162799,0.2678522021518316,Other,PARP inhibitor,Other
AZD7762,"Vemurafenib (PLX4032, RG7204)",0.4261354655107575,-0.2043459277349117,Other,MAPK inhibitor,Other
AZD7762,Vinorelbine Tartrate,0.396167738034463,0.6038353355459348,Other,Other,Other
AZD7762,"Vorinostat (SAHA, MK0683)",0.1033757461126102,0.5782204056804434,Other,Other,Other
AZD7762,abemaciclib (LY2835219),0.1205505685926606,0.3695701779294986,Other,Other,Other
AZD8055,Adavosertib （MK-1775）,0.3835475181781253,0.4390033184189302,Other,Other,Other
AZD8055,Afatinib (BIBW2992),0.4377641252147988,0.3768281340829384,Other,Other,Other
AZD8055,Alpelisib (BYL719),0.808270897563967,0.7640844855881513,Other,Other,Other
AZD8055,BMS-754807,0.3330353055571159,-0.0948427199042533,Other,Other,Other
AZD8055,"Binimetinib (MEK162, ARRY-162, ARRY-438162)",0.566930615877616,0.5545295417755634,Other,MAPK inhibitor,Other
AZD8055,"Cobimetinib (GDC-0973, RG7420)",0.442491607276085,0.539623693650721,Other,MAPK inhibitor,Other
AZD8055,Crizotinib (PF-02341066),0.1252833084881232,0.0476805700482797,Other,Other,Other
AZD8055,Dabrafenib (GSK2118436),0.5480256994333729,0.6558518824527342,Other,MAPK inhibitor,Other
AZD8055,Doramapimod (BIRB 796),-0.117392640225269,0.3299778544060532,Other,MAPK inhibitor,Other
AZD8055,Encorafenib (LGX818),0.7452297628896495,0.6358613406171023,Other,MAPK inhibitor,Other
AZD8055,"Fluorouracil (5-Fluoracil, 5-FU)",-0.1145423073894111,0.083453704927895,Other,Antimetabolite,Other
AZD8055,Gefitinib (ZD1839),0.4922274997600488,0.5111867840374461,Other,Other,Other
AZD8055,Gemcitabine,-0.1219238823382547,-0.0261762708572515,Other,Antimetabolite,Other
AZD8055,LGK-974,-0.0646489650621807,-0.2467391191314746,Other,Other,Other
AZD8055,Linsitinib (OSI-906),0.1203035074938233,0.6904142043416189,Other,Other,Other
AZD8055,MK-2206 2HCl,0.4019999730617754,0.3968142286615115,Other,Other,Other
AZD8055,Miglitol,-0.0419982869803739,0.2059430073077509,Other,Other,Other
AZD8055,Navitoclax (ABT-263),0.3430019522860527,0.7075534101661389,Other,Other,Other
AZD8055,Nutlin-3,-0.0954024147998469,-0.1332448586659526,Other,MDM2 inhibitor,Other
AZD8055,"Olaparib (AZD2281, Ku-0059436)",-0.2436109029255693,-0.15950865958847,Other,PARP inhibitor,Other
AZD8055,Oxaliplatin,0.2854261377634334,0.3894778807750423,Other,Other,Other
AZD8055,PD0325901,0.5956857852458236,0.562883240104876,Other,MAPK inhibitor,Other
AZD8055,PI-103,0.9243640458385376,0.7891864845034421,Other,Other,Other
AZD8055,Paclitaxel,0.6211471144433179,0.3427547255246412,Other,Other,Other
AZD8055,Palbociclib (PD-0332991) HCl,-0.2022085803812021,-0.213975159945347,Other,Other,Other
AZD8055,Phenformin HCl,-0.2597079254832605,0.1399470710394033,Other,Other,Other
AZD8055,Rabusertib (LY2603618),0.1182045323910711,0.2089703984657107,Other,Other,Other
AZD8055,Regorafenib (BAY 73-4506),0.5620267083809055,0.3482147179870742,Other,Other,Other
AZD8055,Ruxolitinib (INCB018424),-0.167653664215076,0.1766164191865947,Other,Other,Other
AZD8055,SB216763,0.2987158568355927,0.4668501679605027,Other,Other,Other
AZD8055,SB505124,0.4746143271713821,0.1889651046202301,Other,Other,Other
AZD8055,SN-38,-0.0831894728158547,0.0712680326616378,Other,Topo I inhibitor,Other
AZD8055,Sapitinib (AZD8931),0.546302933081262,-0.1816465699825085,Other,Other,Other
AZD8055,Sorafenib,0.5269125712058842,0.3526106591234325,Other,MAPK inhibitor,Other
AZD8055,Tanespimycin (17-AAG),0.3170764169622554,0.5301585263658458,Other,Other,Other
AZD8055,Taselisib (GDC 0032),0.7635842698662761,0.7219103777894308,Other,Other,Other
AZD8055,Temozolomide,0.277734207809334,0.1233634831296774,Other,Other,Other
AZD8055,Trametinib (GSK1120212),0.4983622961560509,0.5954944117262918,Other,MAPK inhibitor,Other
AZD8055,Triciribine,-0.3289219820965404,-0.3715583995854937,Other,Other,Other
AZD8055,Trifluridine,-0.3142802925221652,-0.1748673514833275,Other,Antimetabolite,Other
AZD8055,Veliparib (ABT-888),-0.2137708063526435,-0.1046995469900237,Other,PARP inhibitor,Other
AZD8055,"Vemurafenib (PLX4032, RG7204)",0.2094712343203414,-0.2179878863787123,Other,MAPK inhibitor,Other
AZD8055,Vinorelbine Tartrate,0.5168076592525395,0.2474025274896423,Other,Other,Other
AZD8055,"Vorinostat (SAHA, MK0683)",-0.0460522708469449,0.0922078677329716,Other,Other,Other
AZD8055,abemaciclib (LY2835219),-0.2015792527181689,-0.1820183848474183,Other,Other,Other
Adavosertib （MK-1775）,Afatinib (BIBW2992),0.8003886274037864,0.5716645444112624,Other,Other,Other
Adavosertib （MK-1775）,Alpelisib (BYL719),0.2999967895990163,0.4303918496903669,Other,Other,Other
Adavosertib （MK-1775）,BMS-754807,0.6297048109303838,0.2826626566020215,Other,Other,Other
Adavosertib （MK-1775）,"Binimetinib (MEK162, ARRY-162, ARRY-438162)",0.2718543305920441,0.5705556123975288,Other,MAPK inhibitor,Other
Adavosertib （MK-1775）,"Cobimetinib (GDC-0973, RG7420)",0.5796430226449708,0.5537379522081373,Other,MAPK inhibitor,Other
Adavosertib （MK-1775）,Crizotinib (PF-02341066),0.6318622857352386,0.3677266629927278,Other,Other,Other
Adavosertib （MK-1775）,Dabrafenib (GSK2118436),0.1789620897981308,0.2885757364676342,Other,MAPK inhibitor,Other
Adavosertib （MK-1775）,Doramapimod (BIRB 796),-0.1971765540383526,0.18835315428553,Other,MAPK inhibitor,Other
Adavosertib （MK-1775）,Encorafenib (LGX818),0.5452267139880227,0.4740469097064169,Other,MAPK inhibitor,Other
Adavosertib （MK-1775）,"Fluorouracil (5-Fluoracil, 5-FU)",0.2959419451545357,0.4936901102374615,Other,Antimetabolite,Other
Adavosertib （MK-1775）,Gefitinib (ZD1839),0.3937949165604366,0.3216624658410962,Other,Other,Other
Adavosertib （MK-1775）,Gemcitabine,0.303741273940713,0.4667986287766951,Other,Antimetabolite,Other
Adavosertib （MK-1775）,LGK-974,0.1824970261035902,-0.1746921338108824,Other,Other,Other
Adavosertib （MK-1775）,Linsitinib (OSI-906),-0.2537269315360604,0.4185822064178055,Other,Other,Other
Adavosertib （MK-1775）,MK-2206 2HCl,0.376533867919837,0.3671532594856272,Other,Other,Other
Adavosertib （MK-1775）,Miglitol,0.0272475590272475,0.0971243543351706,Other,Other,Other
Adavosertib （MK-1775）,Navitoclax (ABT-263),-0.18342866120775,0.2719861368774255,Other,Other,Other
Adavosertib （MK-1775）,Nutlin-3,0.5434550535221323,0.4279503582543041,Other,MDM2 inhibitor,Other
Adavosertib （MK-1775）,"Olaparib (AZD2281, Ku-0059436)",0.226899362579677,0.2208042206174237,Other,PARP inhibitor,Other
Adavosertib （MK-1775）,Oxaliplatin,0.6387658543681242,0.7145495221861432,Other,Other,Other
Adavosertib （MK-1775）,PD0325901,0.4773282343135656,0.4707578186054382,Other,MAPK inhibitor,Other
Adavosertib （MK-1775）,PI-103,0.4033719289802486,0.3005873892133569,Other,Other,Other
Adavosertib （MK-1775）,Paclitaxel,0.7545202681626098,0.6539036959381966,Other,Other,Other
Adavosertib （MK-1775）,Palbociclib (PD-0332991) HCl,0.2571210456294741,0.1604467065544398,Other,Other,Other
Adavosertib （MK-1775）,Phenformin HCl,0.0518825296899907,0.1969518422821867,Other,Other,Other
Adavosertib （MK-1775）,Rabusertib (LY2603618),0.3548905244798184,0.4505485493167043,Other,Other,Other
Adavosertib （MK-1775）,Regorafenib (BAY 73-4506),0.2301761248612845,0.1993876235230955,Other,Other,Other
Adavosertib （MK-1775）,Ruxolitinib (INCB018424),0.0849553218770861,-0.0777530214242252,Other,Other,Other
Adavosertib （MK-1775）,SB216763,0.4392790417204344,0.3662805099981007,Other,Other,Other
Adavosertib （MK-1775）,SB505124,0.6382395957775845,0.2334232785689558,Other,Other,Other
Adavosertib （MK-1775）,SN-38,0.4938786944243171,0.60958493561549,Other,Topo I inhibitor,Other
Adavosertib （MK-1775）,Sapitinib (AZD8931),0.3686522628049891,-0.0751959664021927,Other,Other,Other
Adavosertib （MK-1775）,Sorafenib,0.6562606145415044,0.0961032614772778,Other,MAPK inhibitor,Other
Adavosertib （MK-1775）,Tanespimycin (17-AAG),0.8278833883610064,0.5978667968388618,Other,Other,Other
Adavosertib （MK-1775）,Taselisib (GDC 0032),0.5098095906404999,0.4672585963882626,Other,Other,Other
Adavosertib （MK-1775）,Temozolomide,0.3880199157303445,-0.0350303240856595,Other,Other,Other
Adavosertib （MK-1775）,Trametinib (GSK1120212),0.5479650156448541,0.574440712647964,Other,MAPK inhibitor,Other
Adavosertib （MK-1775）,Triciribine,0.1286851358155221,0.0510044849026911,Other,Other,Other
Adavosertib （MK-1775）,Trifluridine,0.1305832518136957,0.3961839103984469,Other,Antimetabolite,Other
Adavosertib （MK-1775）,Veliparib (ABT-888),0.0876732769103231,-0.0205628577950497,Other,PARP inhibitor,Other
Adavosertib （MK-1775）,"Vemurafenib (PLX4032, RG7204)",0.5378401971243981,0.0663019114852794,Other,MAPK inhibitor,Other
Adavosertib （MK-1775）,Vinorelbine Tartrate,0.6419714203002163,0.7614035241161555,Other,Other,Other
Adavosertib （MK-1775）,"Vorinostat (SAHA, MK0683)",0.1686064388491429,0.4738641025678984,Other,Other,Other
Adavosertib （MK-1775）,abemaciclib (LY2835219),0.2364115670393502,0.0571478352701487,Other,Other,Other
Afatinib (BIBW2992),Alpelisib (BYL719),0.423207402423006,0.5564067665767691,Other,Other,Other
Afatinib (BIBW2992),BMS-754807,0.6085873146829353,0.2375433741558969,Other,Other,Other
Afatinib (BIBW2992),"Binimetinib (MEK162, ARRY-162, ARRY-438162)",0.3610010881225916,0.5502847018883642,Other,MAPK inhibitor,Other
Afatinib (BIBW2992),"Cobimetinib (GDC-0973, RG7420)",0.4815785110882533,0.7037867973948195,Other,MAPK inhibitor,Other
Afatinib (BIBW2992),Crizotinib (PF-02341066),0.7053713663553088,0.7230387827995,Other,Other,Other
Afatinib (BIBW2992),Dabrafenib (GSK2118436),0.3588035957745089,0.4078106097577164,Other,MAPK inhibitor,Other
Afatinib (BIBW2992),Doramapimod (BIRB 796),-0.2391737617459834,0.0112743710307086,Other,MAPK inhibitor,Other
Afatinib (BIBW2992),Encorafenib (LGX818),0.6614785290893436,0.6455701070904353,Other,MAPK inhibitor,Other
Afatinib (BIBW2992),"Fluorouracil (5-Fluoracil, 5-FU)",0.0045603434824933,0.4454234817860678,Other,Antimetabolite,Other
Afatinib (BIBW2992),Gefitinib (ZD1839),0.5306782324368323,0.5615445190662418,Other,Other,Other
Afatinib (BIBW2992),Gemcitabine,0.0575069202876897,0.4270119187114924,Other,Antimetabolite,Other
Afatinib (BIBW2992),LGK-974,0.0549392439504788,0.0099377879430453,Other,Other,Other
Afatinib (BIBW2992),Linsitinib (OSI-906),-0.2781474226017807,0.544174197632245,Other,Other,Other
Afatinib (BIBW2992),MK-2206 2HCl,0.5207970335191913,0.6436793134869974,Other,Other,Other
Afatinib (BIBW2992),Miglitol,0.021452018715969,-0.2517730168096775,Other,Other,Other
Afatinib (BIBW2992),Navitoclax (ABT-263),-0.2774863124934978,0.3395031692866668,Other,Other,Other
Afatinib (BIBW2992),Nutlin-3,0.4310059075205991,0.1571395958259029,Other,MDM2 inhibitor,Other
Afatinib (BIBW2992),"Olaparib (AZD2281, Ku-0059436)",-0.0052745334933696,-0.1079984953434313,Other,PARP inhibitor,Other
Afatinib (BIBW2992),Oxaliplatin,0.4461337739115274,0.3311279189076342,Other,Other,Other
Afatinib (BIBW2992),PD0325901,0.4405156877340436,0.7602551004788548,Other,MAPK inhibitor,Other
Afatinib (BIBW2992),PI-103,0.4981626541213926,0.441833695399796,Other,Other,Other
Afatinib (BIBW2992),Paclitaxel,0.6304603780788129,0.5447332014804919,Other,Other,Other
Afatinib (BIBW2992),Palbociclib (PD-0332991) HCl,0.0975862787053989,0.2195744067322182,Other,Other,Other
Afatinib (BIBW2992),Phenformin HCl,-0.0223921736678138,0.095104453257488,Other,Other,Other
Afatinib (BIBW2992),Rabusertib (LY2603618),0.4428659157853227,0.3349085118076974,Other,Other,Other
Afatinib (BIBW2992),Regorafenib (BAY 73-4506),0.3549499419438645,0.5094120443780822,Other,Other,Other
Afatinib (BIBW2992),Ruxolitinib (INCB018424),-0.0016351248826279,-0.3184510935703912,Other,Other,Other
Afatinib (BIBW2992),SB216763,0.596616577478508,0.0766206116693659,Other,Other,Other
Afatinib (BIBW2992),SB505124,0.496351016790976,0.2545845961268108,Other,Other,Other
Afatinib (BIBW2992),SN-38,0.253692723501481,0.4442769149463019,Other,Topo I inhibitor,Other
Afatinib (BIBW2992),Sapitinib (AZD8931),0.5745337279860967,-0.0070854532631903,Other,Other,Other
Afatinib (BIBW2992),Sorafenib,0.7012685104993899,0.4617339732058255,Other,MAPK inhibitor,Other
Afatinib (BIBW2992),Tanespimycin (17-AAG),0.7507457765364647,0.6868551445404986,Other,Other,Other
Afatinib (BIBW2992),Taselisib (GDC 0032),0.6573521495038803,0.591291131801025,Other,Other,Other
Afatinib (BIBW2992),Temozolomide,0.3474318377534827,-0.2601619317415381,Other,Other,Other
Afatinib (BIBW2992),Trametinib (GSK1120212),0.4332497123025328,0.4887500979691546,Other,MAPK inhibitor,Other
Afatinib (BIBW2992),Triciribine,0.0073686836381104,0.0581673306231933,Other,Other,Other
Afatinib (BIBW2992),Trifluridine,-0.0468350224096439,0.1532322103448949,Other,Antimetabolite,Other
Afatinib (BIBW2992),Veliparib (ABT-888),-0.1392917778591197,0.0675525627940863,Other,PARP inhibitor,Other
Afatinib (BIBW2992),"Vemurafenib (PLX4032, RG7204)",0.5951125964505624,-0.1632705110543418,Other,MAPK inhibitor,Other
Afatinib (BIBW2992),Vinorelbine Tartrate,0.4307871928564895,0.3553267264437573,Other,Other,Other
Afatinib (BIBW2992),"Vorinostat (SAHA, MK0683)",0.152280656083832,0.2877616642890823,Other,Other,Other
Afatinib (BIBW2992),abemaciclib (LY2835219),0.1035831745546267,0.2492368795494531,Other,Other,Other
Alpelisib (BYL719),BMS-754807,0.3492250616056265,0.0484054415295754,Other,Other,Other
Alpelisib (BYL719),"Binimetinib (MEK162, ARRY-162, ARRY-438162)",0.686718266207935,0.5419586563843638,Other,MAPK inhibitor,Other
Alpelisib (BYL719),"Cobimetinib (GDC-0973, RG7420)",0.2620120589502725,0.6720091640250304,Other,MAPK inhibitor,Other
Alpelisib (BYL719),Crizotinib (PF-02341066),0.0742224360109434,0.3024407436383667,Other,Other,Other
Alpelisib (BYL719),Dabrafenib (GSK2118436),0.723547959816458,0.7069825566441789,Other,MAPK inhibitor,Other
Alpelisib (BYL719),Doramapimod (BIRB 796),-0.1728991202659396,0.0575755218761038,Other,MAPK inhibitor,Other
Alpelisib (BYL719),Encorafenib (LGX818),0.791535151326475,0.7303947801767948,Other,MAPK inhibitor,Other
Alpelisib (BYL719),"Fluorouracil (5-Fluoracil, 5-FU)",-0.3166660646112607,0.2348080924533061,Other,Antimetabolite,Other
Alpelisib (BYL719),Gefitinib (ZD1839),0.4396121664351191,0.6440850045258166,Other,Other,Other
Alpelisib (BYL719),Gemcitabine,-0.2380120788281046,0.1123739880832992,Other,Antimetabolite,Other
Alpelisib (BYL719),LGK-974,-0.2194763675601199,-0.0713988702404561,Other,Other,Other
Alpelisib (BYL719),Linsitinib (OSI-906),0.1483740520936245,0.7421870163318703,Other,Other,Other
Alpelisib (BYL719),MK-2206 2HCl,0.3095086140990723,0.473404293090609,Other,Other,Other
Alpelisib (BYL719),Miglitol,0.1307408528213173,-0.1594825168189244,Other,Other,Other
Alpelisib (BYL719),Navitoclax (ABT-263),0.2266070536164657,0.8025130420418303,Other,Other,Other
Alpelisib (BYL719),Nutlin-3,0.0004730846082125,-0.1244092423599025,Other,MDM2 inhibitor,Other
Alpelisib (BYL719),"Olaparib (AZD2281, Ku-0059436)",-0.3069304430437316,-0.3404862128059647,Other,PARP inhibitor,Other
Alpelisib (BYL719),Oxaliplatin,0.1811212861016392,0.403665592702498,Other,Other,Other
Alpelisib (BYL719),PD0325901,0.4935181842008964,0.6956853519199447,Other,MAPK inhibitor,Other
Alpelisib (BYL719),PI-103,0.9106172651222624,0.8167652252112654,Other,Other,Other
Alpelisib (BYL719),Paclitaxel,0.432623207689065,0.3748636759467922,Other,Other,Other
Alpelisib (BYL719),Palbociclib (PD-0332991) HCl,-0.1492717348993022,-0.0334952317380116,Other,Other,Other
Alpelisib (BYL719),Phenformin HCl,-0.213080566723645,0.0246554426042551,Other,Other,Other
Alpelisib (BYL719),Rabusertib (LY2603618),-0.0258684247934302,0.1545503544073171,Other,Other,Other
Alpelisib (BYL719),Regorafenib (BAY 73-4506),0.6599992892440817,0.5609788835743375,Other,Other,Other
Alpelisib (BYL719),Ruxolitinib (INCB018424),-0.2157366168792309,-0.1627489948718442,Other,Other,Other
Alpelisib (BYL719),SB216763,0.4585062601420762,0.2104596260797963,Other,Other,Other
Alpelisib (BYL719),SB505124,0.1374757254596192,0.2041810671582875,Other,Other,Other
Alpelisib (BYL719),SN-38,-0.161565184071895,0.2102264877681134,Other,Topo I inhibitor,Other
Alpelisib (BYL719),Sapitinib (AZD8931),0.8261135301091821,-0.0931718329162175,Other,Other,Other
Alpelisib (BYL719),Sorafenib,0.4512836945056775,0.6553952347147907,Other,MAPK inhibitor,Other
Alpelisib (BYL719),Tanespimycin (17-AAG),0.2903943936704413,0.5560090992859994,Other,Other,Other
Alpelisib (BYL719),Taselisib (GDC 0032),0.8585360022286483,0.723034457960434,Other,Other,Other
Alpelisib (BYL719),Temozolomide,0.3342074000270055,-0.2084936384996412,Other,Other,Other
Alpelisib (BYL719),Trametinib (GSK1120212),0.315012767796986,0.4853192630168251,Other,MAPK inhibitor,Other
Alpelisib (BYL719),Triciribine,-0.1862809567871382,-0.2557982116884226,Other,Other,Other
Alpelisib (BYL719),Trifluridine,-0.3524975888865859,-0.1809832788736799,Other,Antimetabolite,Other
Alpelisib (BYL719),Veliparib (ABT-888),-0.2511090442926336,0.0256627285798712,Other,PARP inhibitor,Other
Alpelisib (BYL719),"Vemurafenib (PLX4032, RG7204)",0.0583127381475935,-0.2899359422368092,Other,MAPK inhibitor,Other
Alpelisib (BYL719),Vinorelbine Tartrate,0.3015627890165644,0.2228390589599684,Other,Other,Other
Alpelisib (BYL719),"Vorinostat (SAHA, MK0683)",-0.0607361061853573,0.1641622545869659,Other,Other,Other
Alpelisib (BYL719),abemaciclib (LY2835219),-0.1108120096255575,0.0673549095797873,Other,Other,Other
BMS-754807,"Binimetinib (MEK162, ARRY-162, ARRY-438162)",0.3672280136074851,0.0960976515732355,Other,MAPK inhibitor,Other
BMS-754807,"Cobimetinib (GDC-0973, RG7420)",0.4052378726805606,0.0961991260827349,Other,MAPK inhibitor,Other
BMS-754807,Crizotinib (PF-02341066),0.6420546156094762,0.4978117226076762,Other,Other,Other
BMS-754807,Dabrafenib (GSK2118436),0.2420886104635364,0.0756002362839282,Other,MAPK inhibitor,Other
BMS-754807,Doramapimod (BIRB 796),-0.1492657025876499,-0.0638664086808996,Other,MAPK inhibitor,Other
BMS-754807,Encorafenib (LGX818),0.5740785575478591,0.0063765165628056,Other,MAPK inhibitor,Other
BMS-754807,"Fluorouracil (5-Fluoracil, 5-FU)",0.3053455368154555,0.5835494335425699,Other,Antimetabolite,Other
BMS-754807,Gefitinib (ZD1839),0.2926842266054483,0.2501106202326766,Other,Other,Other
BMS-754807,Gemcitabine,0.304379896989766,0.7285780012327646,Other,Antimetabolite,Other
BMS-754807,LGK-974,0.1442332490886413,0.0097549470477753,Other,Other,Other
BMS-754807,Linsitinib (OSI-906),-0.2018540626862689,0.0482076659663941,Other,Other,Other
BMS-754807,MK-2206 2HCl,0.221685172061319,0.0540987505829112,Other,Other,Other
BMS-754807,Miglitol,0.0570148514686359,-0.1115936289252792,Other,Other,Other
BMS-754807,Navitoclax (ABT-263),-0.1883699606296223,-0.0948307758674381,Other,Other,Other
BMS-754807,Nutlin-3,0.637873212352678,0.6302262072373167,Other,MDM2 inhibitor,Other
BMS-754807,"Olaparib (AZD2281, Ku-0059436)",0.3833182310327619,0.3352554785719051,Other,PARP inhibitor,Other
BMS-754807,Oxaliplatin,0.5862739270133169,0.4183523385708709,Other,Other,Other
BMS-754807,PD0325901,0.4497721859683055,0.2351631365544891,Other,MAPK inhibitor,Other
BMS-754807,PI-103,0.408524873924205,-0.0543592883468604,Other,Other,Other
BMS-754807,Paclitaxel,0.6121401392858924,0.1366014071857723,Other,Other,Other
BMS-754807,Palbociclib (PD-0332991) HCl,0.345284743707183,0.5576739069227524,Other,Other,Other
BMS-754807,Phenformin HCl,-0.0526550911775229,0.0904620286815463,Other,Other,Other
BMS-754807,Rabusertib (LY2603618),0.2165741677849965,0.1007599236992059,Other,Other,Other
BMS-754807,Regorafenib (BAY 73-4506),0.2946096197058261,0.3333599747911762,Other,Other,Other
BMS-754807,Ruxolitinib (INCB018424),0.0068043440311614,-0.0611491887691633,Other,Other,Other
BMS-754807,SB216763,0.5929046332788926,-0.032031039023388,Other,Other,Other
BMS-754807,SB505124,0.4295038264316509,0.2771435549249408,Other,Other,Other
BMS-754807,SN-38,0.237713671873819,0.8176900305891508,Other,Topo I inhibitor,Other
BMS-754807,Sapitinib (AZD8931),0.4663507861526982,-0.055348119129854,Other,Other,Other
BMS-754807,Sorafenib,0.4526292919530515,0.1641552680715102,Other,MAPK inhibitor,Other
BMS-754807,Tanespimycin (17-AAG),0.593490919312253,0.142864180162735,Other,Other,Other
BMS-754807,Taselisib (GDC 0032),0.5730265869455484,0.0227289057671828,Other,Other,Other
BMS-754807,Temozolomide,0.2423504556229557,-0.1530629985191071,Other,Other,Other
BMS-754807,Trametinib (GSK1120212),0.3981579071088958,0.052300752826002,Other,MAPK inhibitor,Other
BMS-754807,Triciribine,0.2203897025586292,0.4986081812191726,Other,Other,Other
BMS-754807,Trifluridine,0.2763309848438189,0.6724250895242009,Other,Antimetabolite,Other
BMS-754807,Veliparib (ABT-888),0.2581513514399811,0.4162228410355931,Other,PARP inhibitor,Other
BMS-754807,"Vemurafenib (PLX4032, RG7204)",0.5116567966577897,-0.1401142794236244,Other,MAPK inhibitor,Other
BMS-754807,Vinorelbine Tartrate,0.5762234650664196,0.451198279933186,Other,Other,Other
BMS-754807,"Vorinostat (SAHA, MK0683)",0.2927438864109223,0.7196082269506591,Other,Other,Other
BMS-754807,abemaciclib (LY2835219),0.3370007080174387,0.559932546911009,Other,Other,Other
"Binimetinib (MEK162, ARRY-162, ARRY-438162)",Crizotinib (PF-02341066),0.1717182937616949,0.3118691731981097,MAPK inhibitor,Other,Other
"Binimetinib (MEK162, ARRY-162, ARRY-438162)","Fluorouracil (5-Fluoracil, 5-FU)",-0.2399110065675158,0.0966954385656651,MAPK inhibitor,Antimetabolite,Other
"Binimetinib (MEK162, ARRY-162, ARRY-438162)",Gefitinib (ZD1839),0.5912195571706677,0.4680032773903294,MAPK inhibitor,Other,Other
"Binimetinib (MEK162, ARRY-162, ARRY-438162)",Gemcitabine,-0.1209694003579133,0.1860460080916452,MAPK inhibitor,Antimetabolite,Other
"Binimetinib (MEK162, ARRY-162, ARRY-438162)",LGK-974,-0.0632049814568222,0.0147747469585462,MAPK inhibitor,Other,Other
"Binimetinib (MEK162, ARRY-162, ARRY-438162)",Linsitinib (OSI-906),0.1566172434375108,0.4561552371278669,MAPK inhibitor,Other,Other
"Binimetinib (MEK162, ARRY-162, ARRY-438162)",MK-2206 2HCl,0.4151678116894952,0.5693423770580645,MAPK inhibitor,Other,Other
"Binimetinib (MEK162, ARRY-162, ARRY-438162)",Miglitol,0.0183368620734127,0.0217281601803618,MAPK inhibitor,Other,Other
"Binimetinib (MEK162, ARRY-162, ARRY-438162)",Navitoclax (ABT-263),0.3879149610639886,0.3944262825176,MAPK inhibitor,Other,Other
"Binimetinib (MEK162, ARRY-162, ARRY-438162)",Nutlin-3,0.1002723149370754,0.0144402933178039,MAPK inhibitor,MDM2 inhibitor,Other
"Binimetinib (MEK162, ARRY-162, ARRY-438162)","Olaparib (AZD2281, Ku-0059436)",-0.1428526409550851,-0.091970162245608,MAPK inhibitor,PARP inhibitor,Other
"Binimetinib (MEK162, ARRY-162, ARRY-438162)",Oxaliplatin,0.176096232774752,0.4648754635535839,MAPK inhibitor,Other,Other
"Binimetinib (MEK162, ARRY-162, ARRY-438162)",PI-103,0.6350695843696013,0.4772448322552881,MAPK inhibitor,Other,Other
"Binimetinib (MEK162, ARRY-162, ARRY-438162)",Paclitaxel,0.3831345833974765,0.3926849114826968,MAPK inhibitor,Other,Other
"Binimetinib (MEK162, ARRY-162, ARRY-438162)",Palbociclib (PD-0332991) HCl,0.1435683872798328,-0.1005312568717558,MAPK inhibitor,Other,Other
"Binimetinib (MEK162, ARRY-162, ARRY-438162)",Phenformin HCl,-0.0404566682460526,0.1219559624456388,MAPK inhibitor,Other,Other
"Binimetinib (MEK162, ARRY-162, ARRY-438162)",Rabusertib (LY2603618),0.1866672691470713,0.2210486395532621,MAPK inhibitor,Other,Other
"Binimetinib (MEK162, ARRY-162, ARRY-438162)",Regorafenib (BAY 73-4506),0.9018490745467422,0.3824341944395378,MAPK inhibitor,Other,Other
"Binimetinib (MEK162, ARRY-162, ARRY-438162)",Ruxolitinib (INCB018424),0.2176322696286669,-0.1232790741212477,MAPK inhibitor,Other,Other
"Binimetinib (MEK162, ARRY-162, ARRY-438162)",SB216763,0.6000103610813091,0.268024402448848,MAPK inhibitor,Other,Other
"Binimetinib (MEK162, ARRY-162, ARRY-438162)",SB505124,0.168059593370194,0.1380025119616483,MAPK inhibitor,Other,Other
"Binimetinib (MEK162, ARRY-162, ARRY-438162)",SN-38,-0.2413905133760856,0.2548562291580825,MAPK inhibitor,Topo I inhibitor,Other
"Binimetinib (MEK162, ARRY-162, ARRY-438162)",Sapitinib (AZD8931),0.5932146966935412,-0.0620831153875324,MAPK inhibitor,Other,Other
"Binimetinib (MEK162, ARRY-162, ARRY-438162)",Tanespimycin (17-AAG),0.2325188422069742,0.795709366246317,MAPK inhibitor,Other,Other
"Binimetinib (MEK162, ARRY-162, ARRY-438162)",Taselisib (GDC 0032),0.6159650196732755,0.8329071529084627,MAPK inhibitor,Other,Other
"Binimetinib (MEK162, ARRY-162, ARRY-438162)",Temozolomide,0.2038354157601067,-0.0818966360930916,MAPK inhibitor,Other,Other
"Binimetinib (MEK162, ARRY-162, ARRY-438162)",Triciribine,-0.0841740954327118,-0.2318663653269349,MAPK inhibitor,Other,Other
"Binimetinib (MEK162, ARRY-162, ARRY-438162)",Trifluridine,-0.0893638942568942,0.0901283431519483,MAPK inhibitor,Antimetabolite,Other
"Binimetinib (MEK162, ARRY-162, ARRY-438162)",Veliparib (ABT-888),-0.0852575986270212,-0.0496715817460696,MAPK inhibitor,PARP inhibitor,Other
"Binimetinib (MEK162, ARRY-162, ARRY-438162)",Vinorelbine Tartrate,0.2035413182142442,0.3867898304614767,MAPK inhibitor,Other,Other
"Binimetinib (MEK162, ARRY-162, ARRY-438162)","Vorinostat (SAHA, MK0683)",0.3514034168472065,0.2946641523348298,MAPK inhibitor,Other,Other
"Binimetinib (MEK162, ARRY-162, ARRY-438162)",abemaciclib (LY2835219),0.2003423759405101,-0.0949318808558143,MAPK inhibitor,Other,Other
"Cobimetinib (GDC-0973, RG7420)",Crizotinib (PF-02341066),0.4969134560929444,0.4612231309404344,MAPK inhibitor,Other,Other
"Cobimetinib (GDC-0973, RG7420)","Fluorouracil (5-Fluoracil, 5-FU)",0.3142825577008813,0.2664098618794541,MAPK inhibitor,Antimetabolite,Other
"Cobimetinib (GDC-0973, RG7420)",Gefitinib (ZD1839),0.64818274902729,0.5008800686351667,MAPK inhibitor,Other,Other
"Cobimetinib (GDC-0973, RG7420)",Gemcitabine,0.3592477220664162,0.2100058679778262,MAPK inhibitor,Antimetabolite,Other
"Cobimetinib (GDC-0973, RG7420)",LGK-974,0.3030079321560244,0.2028889036500755,MAPK inhibitor,Other,Other
"Cobimetinib (GDC-0973, RG7420)",Linsitinib (OSI-906),0.0570841354773674,0.6008683668309158,MAPK inhibitor,Other,Other
"Cobimetinib (GDC-0973, RG7420)",MK-2206 2HCl,0.5218038534445466,0.728729681209025,MAPK inhibitor,Other,Other
"Cobimetinib (GDC-0973, RG7420)",Miglitol,-0.2089292720367004,-0.3049612349637967,MAPK inhibitor,Other,Other
"Cobimetinib (GDC-0973, RG7420)",Navitoclax (ABT-263),0.17629388979538,0.4637995863738669,MAPK inhibitor,Other,Other
"Cobimetinib (GDC-0973, RG7420)",Nutlin-3,0.412491391571305,-0.0678908471455006,MAPK inhibitor,MDM2 inhibitor,Other
"Cobimetinib (GDC-0973, RG7420)","Olaparib (AZD2281, Ku-0059436)",0.1546006418330095,-0.3089775879834178,MAPK inhibitor,PARP inhibitor,Other
"Cobimetinib (GDC-0973, RG7420)",Oxaliplatin,0.6159823132037522,0.5455044945586834,MAPK inhibitor,Other,Other
"Cobimetinib (GDC-0973, RG7420)",PI-103,0.3927049399332508,0.5442814525980556,MAPK inhibitor,Other,Other
"Cobimetinib (GDC-0973, RG7420)",Paclitaxel,0.5317821634297776,0.5721951803724935,MAPK inhibitor,Other,Other
"Cobimetinib (GDC-0973, RG7420)",Palbociclib (PD-0332991) HCl,0.3955328683984533,-0.0259605030346566,MAPK inhibitor,Other,Other
"Cobimetinib (GDC-0973, RG7420)",Phenformin HCl,-0.0159025420163188,0.142104223384213,MAPK inhibitor,Other,Other
"Cobimetinib (GDC-0973, RG7420)",Rabusertib (LY2603618),0.5836949816125044,0.1371414322663404,MAPK inhibitor,Other,Other
"Cobimetinib (GDC-0973, RG7420)",Regorafenib (BAY 73-4506),0.5845374381905947,0.4789116447308366,MAPK inhibitor,Other,Other
"Cobimetinib (GDC-0973, RG7420)",Ruxolitinib (INCB018424),0.351405997763265,-0.4266425793971219,MAPK inhibitor,Other,Other
"Cobimetinib (GDC-0973, RG7420)",SB216763,0.3706402102099655,0.0083165674630173,MAPK inhibitor,Other,Other
"Cobimetinib (GDC-0973, RG7420)",SB505124,0.6357664130878452,0.1215620832865402,MAPK inhibitor,Other,Other
"Cobimetinib (GDC-0973, RG7420)",SN-38,0.2469084659891012,0.3049701669202533,MAPK inhibitor,Topo I inhibitor,Other
"Cobimetinib (GDC-0973, RG7420)",Sapitinib (AZD8931),0.1392268389287135,0.0855085841054824,MAPK inhibitor,Other,Other
"Cobimetinib (GDC-0973, RG7420)",Tanespimycin (17-AAG),0.4976128956243846,0.7619405012516379,MAPK inhibitor,Other,Other
"Cobimetinib (GDC-0973, RG7420)",Taselisib (GDC 0032),0.3237317133251346,0.8273724218662122,MAPK inhibitor,Other,Other
"Cobimetinib (GDC-0973, RG7420)",Temozolomide,0.2063742312565113,-0.3434402521836373,MAPK inhibitor,Other,Other
"Cobimetinib (GDC-0973, RG7420)",Triciribine,0.0734150972881562,-0.1687250766124873,MAPK inhibitor,Other,Other
"Cobimetinib (GDC-0973, RG7420)",Trifluridine,0.1536259332932388,-0.0478258050141904,MAPK inhibitor,Antimetabolite,Other
"Cobimetinib (GDC-0973, RG7420)",Veliparib (ABT-888),0.0586533713560933,-0.1424218829850356,MAPK inhibitor,PARP inhibitor,Other
"Cobimetinib (GDC-0973, RG7420)",Vinorelbine Tartrate,0.4235825606729729,0.3549545519203131,MAPK inhibitor,Other,Other
"Cobimetinib (GDC-0973, RG7420)","Vorinostat (SAHA, MK0683)",0.5851438010130253,0.2300957713724941,MAPK inhibitor,Other,Other
"Cobimetinib (GDC-0973, RG7420)",abemaciclib (LY2835219),0.3776500553900765,-0.0007186927417581,MAPK inhibitor,Other,Other
Crizotinib (PF-02341066),Dabrafenib (GSK2118436),0.109641790178215,0.2193030928576258,Other,MAPK inhibitor,Other
Crizotinib (PF-02341066),Doramapimod (BIRB 796),-0.044829627121659,-0.1031181596440699,Other,MAPK inhibitor,Other
Crizotinib (PF-02341066),Encorafenib (LGX818),0.2875353812580596,0.3653738743852131,Other,MAPK inhibitor,Other
Crizotinib (PF-02341066),"Fluorouracil (5-Fluoracil, 5-FU)",0.2922650397161845,0.3637617396506673,Other,Antimetabolite,Other
Crizotinib (PF-02341066),Gefitinib (ZD1839),0.473985320577584,0.6162470497740928,Other,Other,Other
Crizotinib (PF-02341066),Gemcitabine,0.2904211142894552,0.5897774208922816,Other,Antimetabolite,Other
Crizotinib (PF-02341066),LGK-974,0.2138633734921885,0.1680343254050759,Other,Other,Other
Crizotinib (PF-02341066),Linsitinib (OSI-906),-0.188205753263198,0.2630188862876294,Other,Other,Other
Crizotinib (PF-02341066),MK-2206 2HCl,0.4968921337495953,0.4806279999450054,Other,Other,Other
Crizotinib (PF-02341066),Miglitol,-0.0585983821964276,-0.3128168769416416,Other,Other,Other
Crizotinib (PF-02341066),Navitoclax (ABT-263),-0.2853215162353664,0.0570698649828231,Other,Other,Other
Crizotinib (PF-02341066),Nutlin-3,0.5881159594071976,0.3013466836178459,Other,MDM2 inhibitor,Other
Crizotinib (PF-02341066),"Olaparib (AZD2281, Ku-0059436)",0.2671312397817498,0.038771103277695,Other,PARP inhibitor,Other
Crizotinib (PF-02341066),Oxaliplatin,0.501078760996973,0.245292206524491,Other,Other,Other
Crizotinib (PF-02341066),PD0325901,0.3625833521423391,0.6096950663440712,Other,MAPK inhibitor,Other
Crizotinib (PF-02341066),PI-103,0.1571055194700837,0.1572609421112734,Other,Other,Other
Crizotinib (PF-02341066),Paclitaxel,0.428093566571292,0.2683488047578902,Other,Other,Other
Crizotinib (PF-02341066),Palbociclib (PD-0332991) HCl,0.3720108070015552,0.4325839466524148,Other,Other,Other
Crizotinib (PF-02341066),Phenformin HCl,0.0738107920694062,0.0841556451874113,Other,Other,Other
Crizotinib (PF-02341066),Rabusertib (LY2603618),0.632703629202714,0.297883859050331,Other,Other,Other
Crizotinib (PF-02341066),Regorafenib (BAY 73-4506),0.16517668980749,0.5037701731148719,Other,Other,Other
Crizotinib (PF-02341066),Ruxolitinib (INCB018424),0.1234372682413856,-0.3137076032219223,Other,Other,Other
Crizotinib (PF-02341066),SB216763,0.4804264601653791,-0.1086262611488584,Other,Other,Other
Crizotinib (PF-02341066),SB505124,0.5069094494797783,0.2800222879623261,Other,Other,Other
Crizotinib (PF-02341066),SN-38,0.3412398871631568,0.5278798657737962,Other,Topo I inhibitor,Other
Crizotinib (PF-02341066),Sapitinib (AZD8931),0.2328146684328737,0.0574742124066104,Other,Other,Other
Crizotinib (PF-02341066),Sorafenib,0.529337827007042,0.4634849025240149,Other,MAPK inhibitor,Other
Crizotinib (PF-02341066),Tanespimycin (17-AAG),0.5673070821931755,0.4300081466986462,Other,Other,Other
Crizotinib (PF-02341066),Taselisib (GDC 0032),0.2961054402854994,0.3194021902050529,Other,Other,Other
Crizotinib (PF-02341066),Temozolomide,0.196127122669735,-0.3210588694401887,Other,Other,Other
Crizotinib (PF-02341066),Trametinib (GSK1120212),0.4514772391767648,0.2275091797970494,Other,MAPK inhibitor,Other
Crizotinib (PF-02341066),Triciribine,0.2519811474692238,0.2740460210986716,Other,Other,Other
Crizotinib (PF-02341066),Trifluridine,0.2194395984185503,0.3668615864842269,Other,Antimetabolite,Other
Crizotinib (PF-02341066),Veliparib (ABT-888),0.0902765088511143,0.2649740688249004,Other,PARP inhibitor,Other
Crizotinib (PF-02341066),"Vemurafenib (PLX4032, RG7204)",0.5788809286473124,-0.2059694523945451,Other,MAPK inhibitor,Other
Crizotinib (PF-02341066),Vinorelbine Tartrate,0.3330267271183502,0.2611999730917687,Other,Other,Other
Crizotinib (PF-02341066),"Vorinostat (SAHA, MK0683)",0.375285005964994,0.3994018299938653,Other,Other,Other
Crizotinib (PF-02341066),abemaciclib (LY2835219),0.3413030266682064,0.4279890879110848,Other,Other,Other
Dabrafenib (GSK2118436),"Fluorouracil (5-Fluoracil, 5-FU)",-0.3971760487198364,0.1487218021238404,MAPK inhibitor,Antimetabolite,Other
Dabrafenib (GSK2118436),Gefitinib (ZD1839),0.6429991454123669,0.698237393654172,MAPK inhibitor,Other,Other
Dabrafenib (GSK2118436),Gemcitabine,-0.2958229299881226,0.2731239537336559,MAPK inhibitor,Antimetabolite,Other
Dabrafenib (GSK2118436),LGK-974,-0.1729932912289031,-0.3323920596902383,MAPK inhibitor,Other,Other
Dabrafenib (GSK2118436),Linsitinib (OSI-906),0.1901376695120692,0.6625778359278998,MAPK inhibitor,Other,Other
Dabrafenib (GSK2118436),MK-2206 2HCl,0.4342647117248034,0.1731846794161621,MAPK inhibitor,Other,Other
Dabrafenib (GSK2118436),Miglitol,-0.0191819744120364,0.0365303408382096,MAPK inhibitor,Other,Other
Dabrafenib (GSK2118436),Navitoclax (ABT-263),0.3798670106677961,0.6702229030880967,MAPK inhibitor,Other,Other
Dabrafenib (GSK2118436),Nutlin-3,-0.0413824187354509,0.0380628664969418,MAPK inhibitor,MDM2 inhibitor,Other
Dabrafenib (GSK2118436),"Olaparib (AZD2281, Ku-0059436)",-0.3344770522793439,0.0202500632607283,MAPK inhibitor,PARP inhibitor,Other
Dabrafenib (GSK2118436),Oxaliplatin,0.0217636690943128,0.2249035864643924,MAPK inhibitor,Other,Other
Dabrafenib (GSK2118436),PI-103,0.6453127464920044,0.7751571018610178,MAPK inhibitor,Other,Other
Dabrafenib (GSK2118436),Paclitaxel,0.271776631471809,0.0371780381974359,MAPK inhibitor,Other,Other
Dabrafenib (GSK2118436),Palbociclib (PD-0332991) HCl,-0.0416458143354078,0.2026521141003233,MAPK inhibitor,Other,Other
Dabrafenib (GSK2118436),Phenformin HCl,-0.1382459341090814,0.2526277733464759,MAPK inhibitor,Other,Other
Dabrafenib (GSK2118436),Rabusertib (LY2603618),0.172417309707091,0.2993460464315133,MAPK inhibitor,Other,Other
Dabrafenib (GSK2118436),Regorafenib (BAY 73-4506),0.9122265429342752,0.6823974573214202,MAPK inhibitor,Other,Other
Dabrafenib (GSK2118436),Ruxolitinib (INCB018424),0.1924233653923837,0.0651459245853922,MAPK inhibitor,Other,Other
Dabrafenib (GSK2118436),SB216763,0.5935104621466217,0.4300510449222773,MAPK inhibitor,Other,Other
Dabrafenib (GSK2118436),SB505124,0.0986925234125297,0.5491350656929012,MAPK inhibitor,Other,Other
Dabrafenib (GSK2118436),SN-38,-0.3361718655337519,0.1835502196425366,MAPK inhibitor,Topo I inhibitor,Other
Dabrafenib (GSK2118436),Sapitinib (AZD8931),0.6715224698677185,-0.1675681320707332,MAPK inhibitor,Other,Other
Dabrafenib (GSK2118436),Tanespimycin (17-AAG),0.1913886704962361,0.5620671448523127,MAPK inhibitor,Other,Other
Dabrafenib (GSK2118436),Taselisib (GDC 0032),0.6406719927128033,0.6114185137083888,MAPK inhibitor,Other,Other
Dabrafenib (GSK2118436),Temozolomide,0.2111760552660813,0.0482749775326144,MAPK inhibitor,Other,Other
Dabrafenib (GSK2118436),Triciribine,-0.2845565786686073,-0.0537410360654444,MAPK inhibitor,Other,Other
Dabrafenib (GSK2118436),Trifluridine,-0.2957849880639879,0.0470165516425329,MAPK inhibitor,Antimetabolite,Other
Dabrafenib (GSK2118436),Veliparib (ABT-888),-0.2863694440143279,0.3948182959153212,MAPK inhibitor,PARP inhibitor,Other
Dabrafenib (GSK2118436),Vinorelbine Tartrate,0.0945418409235987,0.0820292894779997,MAPK inhibitor,Other,Other
Dabrafenib (GSK2118436),"Vorinostat (SAHA, MK0683)",0.2625836194690208,0.0954753100890263,MAPK inhibitor,Other,Other
Dabrafenib (GSK2118436),abemaciclib (LY2835219),0.0210972938708779,0.2897978068487218,MAPK inhibitor,Other,Other
Doramapimod (BIRB 796),"Fluorouracil (5-Fluoracil, 5-FU)",0.1547679224589535,-0.0520002816213856,MAPK inhibitor,Antimetabolite,Other
Doramapimod (BIRB 796),Gefitinib (ZD1839),0.2706575050798267,0.2905172407063894,MAPK inhibitor,Other,Other
Doramapimod (BIRB 796),Gemcitabine,0.1056335114494732,0.10097949066864,MAPK inhibitor,Antimetabolite,Other
Doramapimod (BIRB 796),LGK-974,0.1255246203342316,-0.5203584999457038,MAPK inhibitor,Other,Other
Doramapimod (BIRB 796),Linsitinib (OSI-906),0.3307564027606209,0.1270216526194579,MAPK inhibitor,Other,Other
Doramapimod (BIRB 796),MK-2206 2HCl,0.1326975631236062,-0.0823686798581909,MAPK inhibitor,Other,Other
Doramapimod (BIRB 796),Miglitol,-0.2533572760041295,0.7806962445884698,MAPK inhibitor,Other,Other
Doramapimod (BIRB 796),Navitoclax (ABT-263),0.5443900038512607,0.2357410561761173,MAPK inhibitor,Other,Other
Doramapimod (BIRB 796),Nutlin-3,-0.056722860606339,0.2647611640967446,MAPK inhibitor,MDM2 inhibitor,Other
Doramapimod (BIRB 796),"Olaparib (AZD2281, Ku-0059436)",0.1357697310196254,0.5578325045840782,MAPK inhibitor,PARP inhibitor,Other
Doramapimod (BIRB 796),Oxaliplatin,-0.1359927491401505,0.0463334069528649,MAPK inhibitor,Other,Other
Doramapimod (BIRB 796),PI-103,-0.1770083386571556,0.2857533368243319,MAPK inhibitor,Other,Other
Doramapimod (BIRB 796),Paclitaxel,-0.1729511275235387,-0.1688788099544083,MAPK inhibitor,Other,Other
Doramapimod (BIRB 796),Palbociclib (PD-0332991) HCl,0.3444126759892972,-0.0016298622245929,MAPK inhibitor,Other,Other
Doramapimod (BIRB 796),Phenformin HCl,0.0225680590484907,0.3212105959824037,MAPK inhibitor,Other,Other
Doramapimod (BIRB 796),Rabusertib (LY2603618),0.2793473053930558,0.5010120146815851,MAPK inhibitor,Other,Other
Doramapimod (BIRB 796),Regorafenib (BAY 73-4506),0.4274845577368739,0.1191874188586654,MAPK inhibitor,Other,Other
Doramapimod (BIRB 796),Ruxolitinib (INCB018424),0.5484396555939323,0.4905582756991044,MAPK inhibitor,Other,Other
Doramapimod (BIRB 796),SB216763,-0.04319928257367,0.765460727326208,MAPK inhibitor,Other,Other
Doramapimod (BIRB 796),SB505124,-0.0172678685860559,0.4597530607898468,MAPK inhibitor,Other,Other
Doramapimod (BIRB 796),SN-38,-0.2404241449220952,-0.0235308609818926,MAPK inhibitor,Topo I inhibitor,Other
Doramapimod (BIRB 796),Sapitinib (AZD8931),-0.3151442357584854,-0.1684261212469219,MAPK inhibitor,Other,Other
Doramapimod (BIRB 796),Tanespimycin (17-AAG),-0.2377237821888372,0.3473917842059518,MAPK inhibitor,Other,Other
Doramapimod (BIRB 796),Taselisib (GDC 0032),-0.2973477275117428,0.1712921291137837,MAPK inhibitor,Other,Other
Doramapimod (BIRB 796),Temozolomide,-0.2995363114534148,0.6280235558748991,MAPK inhibitor,Other,Other
Doramapimod (BIRB 796),Triciribine,0.0782904903268957,-0.0326082831802777,MAPK inhibitor,Other,Other
Doramapimod (BIRB 796),Trifluridine,0.2544208289182247,0.2998766821931576,MAPK inhibitor,Antimetabolite,Other
Doramapimod (BIRB 796),Veliparib (ABT-888),0.136333062107951,0.3466028334234008,MAPK inhibitor,PARP inhibitor,Other
Doramapimod (BIRB 796),Vinorelbine Tartrate,-0.1227119613515974,0.0750509673833366,MAPK inhibitor,Other,Other
Doramapimod (BIRB 796),"Vorinostat (SAHA, MK0683)",0.5292093268732296,0.0701517321255762,MAPK inhibitor,Other,Other
Doramapimod (BIRB 796),abemaciclib (LY2835219),0.3575777198920149,-0.0464371262410263,MAPK inhibitor,Other,Other
Encorafenib (LGX818),"Fluorouracil (5-Fluoracil, 5-FU)",-0.2155791953159884,0.1052370333192463,MAPK inhibitor,Antimetabolite,Other
Encorafenib (LGX818),Gefitinib (ZD1839),0.5249104572116149,0.55743705109958,MAPK inhibitor,Other,Other
Encorafenib (LGX818),Gemcitabine,-0.1746104227267768,0.1183186385866941,MAPK inhibitor,Antimetabolite,Other
Encorafenib (LGX818),LGK-974,-0.0655054936661928,0.0825314919843989,MAPK inhibitor,Other,Other
Encorafenib (LGX818),Linsitinib (OSI-906),-0.0473918556994714,0.6251571743950074,MAPK inhibitor,Other,Other
Encorafenib (LGX818),MK-2206 2HCl,0.4050843525178019,0.6680810399128317,MAPK inhibitor,Other,Other
Encorafenib (LGX818),Miglitol,0.000560316792102,-0.1695028012615445,MAPK inhibitor,Other,Other
Encorafenib (LGX818),Navitoclax (ABT-263),0.0676288569946781,0.5628933519597706,MAPK inhibitor,Other,Other
Encorafenib (LGX818),Nutlin-3,0.1671633136395156,-0.150166813950815,MAPK inhibitor,MDM2 inhibitor,Other
Encorafenib (LGX818),"Olaparib (AZD2281, Ku-0059436)",-0.1772560932590227,-0.308941129327087,MAPK inhibitor,PARP inhibitor,Other
Encorafenib (LGX818),Oxaliplatin,0.3173248432700456,0.4023388808039334,MAPK inhibitor,Other,Other
Encorafenib (LGX818),PI-103,0.8268509837134179,0.6356460104790661,MAPK inhibitor,Other,Other
Encorafenib (LGX818),Paclitaxel,0.6761854127516443,0.4323903579193607,MAPK inhibitor,Other,Other
Encorafenib (LGX818),Palbociclib (PD-0332991) HCl,-0.0490366548611866,-0.0927423008037907,MAPK inhibitor,Other,Other
Encorafenib (LGX818),Phenformin HCl,-0.1934054473714416,0.0937887835360479,MAPK inhibitor,Other,Other
Encorafenib (LGX818),Rabusertib (LY2603618),0.1792428387651002,0.1428530220985671,MAPK inhibitor,Other,Other
Encorafenib (LGX818),Regorafenib (BAY 73-4506),0.6864618357542349,0.5008442514981808,MAPK inhibitor,Other,Other
Encorafenib (LGX818),Ruxolitinib (INCB018424),0.0065642099923158,-0.2709589060806104,MAPK inhibitor,Other,Other
Encorafenib (LGX818),SB216763,0.609654992676718,0.143437807203008,MAPK inhibitor,Other,Other
Encorafenib (LGX818),SB505124,0.3587955274731648,0.1458568612224784,MAPK inhibitor,Other,Other
Encorafenib (LGX818),SN-38,-0.0588251507799103,0.1704590445427125,MAPK inhibitor,Topo I inhibitor,Other
Encorafenib (LGX818),Sapitinib (AZD8931),0.7598956480367526,0.0127701304711925,MAPK inhibitor,Other,Other
Encorafenib (LGX818),Tanespimycin (17-AAG),0.5518951479194785,0.8070679265007498,MAPK inhibitor,Other,Other
Encorafenib (LGX818),Taselisib (GDC 0032),0.9217133004076778,0.927572406128977,MAPK inhibitor,Other,Other
Encorafenib (LGX818),Temozolomide,0.3094851658581714,-0.2283387809995196,MAPK inhibitor,Other,Other
Encorafenib (LGX818),Triciribine,-0.227520621832611,-0.2906855069506562,MAPK inhibitor,Other,Other
Encorafenib (LGX818),Trifluridine,-0.2228108070736133,-0.1049369203089076,MAPK inhibitor,Antimetabolite,Other
Encorafenib (LGX818),Veliparib (ABT-888),-0.2157253176213173,-0.0999338063091433,MAPK inhibitor,PARP inhibitor,Other
Encorafenib (LGX818),Vinorelbine Tartrate,0.5248339938325361,0.251357919509062,MAPK inhibitor,Other,Other
Encorafenib (LGX818),"Vorinostat (SAHA, MK0683)",0.0916505259705826,0.1547900348699137,MAPK inhibitor,Other,Other
Encorafenib (LGX818),abemaciclib (LY2835219),-0.0325865450443854,-0.0374319632966712,MAPK inhibitor,Other,Other
"Fluorouracil (5-Fluoracil, 5-FU)",Gefitinib (ZD1839),-0.0936666754769201,0.1347175907618371,Antimetabolite,Other,Other
"Fluorouracil (5-Fluoracil, 5-FU)",LGK-974,0.4151584397352346,-0.200986344406806,Antimetabolite,Other,Other
"Fluorouracil (5-Fluoracil, 5-FU)",Linsitinib (OSI-906),0.0102322780436073,0.297714882164816,Antimetabolite,Other,Other
"Fluorouracil (5-Fluoracil, 5-FU)",MK-2206 2HCl,-0.0990590746223815,0.1747369390989003,Antimetabolite,Other,Other
"Fluorouracil (5-Fluoracil, 5-FU)",Miglitol,-0.1478970665626434,-0.1529007036847349,Antimetabolite,Other,Other
"Fluorouracil (5-Fluoracil, 5-FU)",Navitoclax (ABT-263),-0.026025289275766,0.1187024758351743,Antimetabolite,Other,Other
"Fluorouracil (5-Fluoracil, 5-FU)",Oxaliplatin,0.571328166937173,0.5754846796221301,Antimetabolite,Other,Other
"Fluorouracil (5-Fluoracil, 5-FU)",PD0325901,0.1181857489711336,0.3205303837449147,Antimetabolite,MAPK inhibitor,Other
"Fluorouracil (5-Fluoracil, 5-FU)",PI-103,-0.2047637601830501,0.1368455906692756,Antimetabolite,Other,Other
"Fluorouracil (5-Fluoracil, 5-FU)",Paclitaxel,0.2409269720430267,0.426820344890369,Antimetabolite,Other,Other
"Fluorouracil (5-Fluoracil, 5-FU)",Palbociclib (PD-0332991) HCl,0.6100796197014655,0.4962770822392733,Antimetabolite,Other,Other
"Fluorouracil (5-Fluoracil, 5-FU)",Phenformin HCl,0.0185538932791723,0.1613762265459642,Antimetabolite,Other,Other
"Fluorouracil (5-Fluoracil, 5-FU)",Rabusertib (LY2603618),0.1927968529867636,0.2713640228883503,Antimetabolite,Other,Other
"Fluorouracil (5-Fluoracil, 5-FU)",Regorafenib (BAY 73-4506),-0.2292386464450193,0.2372042261093114,Antimetabolite,Other,Other
"Fluorouracil (5-Fluoracil, 5-FU)",Ruxolitinib (INCB018424),0.1498505102209344,-0.2085985859538716,Antimetabolite,Other,Other
"Fluorouracil (5-Fluoracil, 5-FU)",SB216763,-0.1700156648010679,0.10598107750045,Antimetabolite,Other,Other
"Fluorouracil (5-Fluoracil, 5-FU)",SB505124,0.3786552642300587,0.381978422188876,Antimetabolite,Other,Other
"Fluorouracil (5-Fluoracil, 5-FU)",Sapitinib (AZD8931),-0.4205668094628388,-0.0441880193986595,Antimetabolite,Other,Other
"Fluorouracil (5-Fluoracil, 5-FU)",Sorafenib,0.1372785583666512,0.0144018723345867,Antimetabolite,MAPK inhibitor,Other
"Fluorouracil (5-Fluoracil, 5-FU)",Tanespimycin (17-AAG),0.2000076939170911,0.2792842014315505,Antimetabolite,Other,Other
"Fluorouracil (5-Fluoracil, 5-FU)",Taselisib (GDC 0032),-0.2669253302641828,0.0674596461935129,Antimetabolite,Other,Other
"Fluorouracil (5-Fluoracil, 5-FU)",Temozolomide,-0.0380588576087294,-0.2088632234298113,Antimetabolite,Other,Other
"Fluorouracil (5-Fluoracil, 5-FU)",Trametinib (GSK1120212),0.331295943734507,0.1267916868455434,Antimetabolite,MAPK inhibitor,Other
"Fluorouracil (5-Fluoracil, 5-FU)",Triciribine,0.4097748064924104,0.5618591798294285,Antimetabolite,Other,Other
"Fluorouracil (5-Fluoracil, 5-FU)","Vemurafenib (PLX4032, RG7204)",0.1650380587657174,0.0993617688661108,Antimetabolite,MAPK inhibitor,Other
"Fluorouracil (5-Fluoracil, 5-FU)",Vinorelbine Tartrate,0.3304117260416709,0.5265634613050634,Antimetabolite,Other,Other
"Fluorouracil (5-Fluoracil, 5-FU)","Vorinostat (SAHA, MK0683)",0.3235772410192125,0.4876573137741403,Antimetabolite,Other,Other
"Fluorouracil (5-Fluoracil, 5-FU)",abemaciclib (LY2835219),0.5382716448683149,0.47098304746001,Antimetabolite,Other,Other
Gefitinib (ZD1839),Gemcitabine,-0.1005046254803434,0.3518816556700636,Other,Antimetabolite,Other
Gefitinib (ZD1839),LGK-974,0.0437138298817937,-0.0834780772400623,Other,Other,Other
Gefitinib (ZD1839),Linsitinib (OSI-906),0.1221861013285161,0.5270357718498296,Other,Other,Other
Gefitinib (ZD1839),MK-2206 2HCl,0.8070047558720435,0.4009409944719141,Other,Other,Other
Gefitinib (ZD1839),Miglitol,-0.1046122166276414,-0.0024735203762693,Other,Other,Other
Gefitinib (ZD1839),Navitoclax (ABT-263),0.1307253596286068,0.5290256173715963,Other,Other,Other
Gefitinib (ZD1839),Nutlin-3,0.094976166473869,0.0824752260136614,Other,MDM2 inhibitor,Other
Gefitinib (ZD1839),"Olaparib (AZD2281, Ku-0059436)",-0.2574588814762794,0.0023222681870217,Other,PARP inhibitor,Other
Gefitinib (ZD1839),Oxaliplatin,0.2483723894247778,0.2368798497840429,Other,Other,Other
Gefitinib (ZD1839),PD0325901,0.6356723122240305,0.7335588251693799,Other,MAPK inhibitor,Other
Gefitinib (ZD1839),PI-103,0.5379411295736357,0.6296054397565004,Other,Other,Other
Gefitinib (ZD1839),Paclitaxel,0.3476251643052178,0.0930025975053627,Other,Other,Other
Gefitinib (ZD1839),Palbociclib (PD-0332991) HCl,0.0359187473851562,0.2580694796504795,Other,Other,Other
Gefitinib (ZD1839),Phenformin HCl,-0.106226114782339,0.1823386735607352,Other,Other,Other
Gefitinib (ZD1839),Rabusertib (LY2603618),0.5725884321895766,0.330409359767204,Other,Other,Other
Gefitinib (ZD1839),Regorafenib (BAY 73-4506),0.6962174345223402,0.7211464227574023,Other,Other,Other
Gefitinib (ZD1839),Ruxolitinib (INCB018424),0.2266441892300311,-0.0522948192147575,Other,Other,Other
Gefitinib (ZD1839),SB216763,0.5074262695617957,0.2844229035252806,Other,Other,Other
Gefitinib (ZD1839),SB505124,0.414493918495058,0.4147646999574066,Other,Other,Other
Gefitinib (ZD1839),SN-38,-0.0986322933976962,0.2773152615316415,Other,Topo I inhibitor,Other
Gefitinib (ZD1839),Sapitinib (AZD8931),0.445486526720697,-0.121617633017207,Other,Other,Other
Gefitinib (ZD1839),Sorafenib,0.5897816317216705,0.6938999633876166,Other,MAPK inhibitor,Other
Gefitinib (ZD1839),Tanespimycin (17-AAG),0.3415044739551957,0.5466347274114898,Other,Other,Other
Gefitinib (ZD1839),Taselisib (GDC 0032),0.4647339937041473,0.5644186924595015,Other,Other,Other
Gefitinib (ZD1839),Temozolomide,0.1465376801538905,-0.0603179171306724,Other,Other,Other
Gefitinib (ZD1839),Trametinib (GSK1120212),0.6248463254500897,0.4556285507825657,Other,MAPK inhibitor,Other
Gefitinib (ZD1839),Triciribine,-0.1483172034965201,-0.017909707766973,Other,Other,Other
Gefitinib (ZD1839),Trifluridine,-0.225700867492765,0.1376762103954218,Other,Antimetabolite,Other
Gefitinib (ZD1839),Veliparib (ABT-888),-0.2945496120534608,0.3738589220802362,Other,PARP inhibitor,Other
Gefitinib (ZD1839),"Vemurafenib (PLX4032, RG7204)",0.3324935727090283,-0.365494245992946,Other,MAPK inhibitor,Other
Gefitinib (ZD1839),Vinorelbine Tartrate,0.1800454184753632,0.11138352043407,Other,Other,Other
Gefitinib (ZD1839),"Vorinostat (SAHA, MK0683)",0.4043615963646243,0.2668929558443221,Other,Other,Other
Gefitinib (ZD1839),abemaciclib (LY2835219),0.0615553407705299,0.2875940817495665,Other,Other,Other
Gemcitabine,LGK-974,0.3347669846618597,-0.1311090805496009,Antimetabolite,Other,Other
Gemcitabine,Linsitinib (OSI-906),-0.1237448978007037,0.2172110194500775,Antimetabolite,Other,Other
Gemcitabine,MK-2206 2HCl,-0.1034645045633034,0.0980259883780477,Antimetabolite,Other,Other
Gemcitabine,Miglitol,-0.0448053699102029,-0.1177807826033645,Antimetabolite,Other,Other
Gemcitabine,Navitoclax (ABT-263),-0.0295546557211423,-0.0271199135091551,Antimetabolite,Other,Other
Gemcitabine,Oxaliplatin,0.575055040549824,0.4442025425470595,Antimetabolite,Other,Other
Gemcitabine,PD0325901,0.186093248022339,0.4176551649065487,Antimetabolite,MAPK inhibitor,Other
Gemcitabine,PI-103,-0.1895999302724998,0.0442889513444996,Antimetabolite,Other,Other
Gemcitabine,Paclitaxel,0.2289380734988971,0.1790225481573501,Antimetabolite,Other,Other
Gemcitabine,Palbociclib (PD-0332991) HCl,0.622444511519572,0.7783234753218111,Antimetabolite,Other,Other
Gemcitabine,Phenformin HCl,0.1785889039307507,0.3331035216493923,Antimetabolite,Other,Other
Gemcitabine,Rabusertib (LY2603618),0.1875507617306729,0.3701969095997058,Antimetabolite,Other,Other
Gemcitabine,Regorafenib (BAY 73-4506),-0.1508532999846619,0.4642713265925841,Antimetabolite,Other,Other
Gemcitabine,Ruxolitinib (INCB018424),0.103876892186744,-0.1081582766891961,Antimetabolite,Other,Other
Gemcitabine,SB216763,-0.135646606339423,0.1227597216186458,Antimetabolite,Other,Other
Gemcitabine,SB505124,0.3161431313011557,0.5882194798658563,Antimetabolite,Other,Other
Gemcitabine,Sapitinib (AZD8931),-0.295423419880602,-0.0424325629092994,Antimetabolite,Other,Other
Gemcitabine,Sorafenib,0.1740113389588696,0.238146666046817,Antimetabolite,MAPK inhibitor,Other
Gemcitabine,Tanespimycin (17-AAG),0.2281349321380041,0.416739229329612,Antimetabolite,Other,Other
Gemcitabine,Taselisib (GDC 0032),-0.2121880782972079,0.1267455552065222,Antimetabolite,Other,Other
Gemcitabine,Temozolomide,0.0308675556545499,-0.1211134942670084,Antimetabolite,Other,Other
Gemcitabine,Trametinib (GSK1120212),0.3697789796471817,0.2285399946686559,Antimetabolite,MAPK inhibitor,Other
Gemcitabine,Triciribine,0.5014566437765735,0.6609768258084291,Antimetabolite,Other,Other
Gemcitabine,"Vemurafenib (PLX4032, RG7204)",0.0754405349109014,-0.0831391356320871,Antimetabolite,MAPK inhibitor,Other
Gemcitabine,Vinorelbine Tartrate,0.244573120892826,0.4650307379357213,Antimetabolite,Other,Other
Gemcitabine,"Vorinostat (SAHA, MK0683)",0.2552309839221878,0.5506046222236607,Antimetabolite,Other,Other
Gemcitabine,abemaciclib (LY2835219),0.5717405365662038,0.7223446777269825,Antimetabolite,Other,Other
LGK-974,Linsitinib (OSI-906),0.124651858358251,-0.1227775574020117,Other,Other,Other
LGK-974,MK-2206 2HCl,0.0322371826301216,0.2264391978951659,Other,Other,Other
LGK-974,Miglitol,-0.1185387925874753,-0.5155404924248003,Other,Other,Other
LGK-974,Navitoclax (ABT-263),0.0949307380138243,-0.2535135109015576,Other,Other,Other
LGK-974,Nutlin-3,0.2474637310810416,-0.3573278711066946,Other,MDM2 inhibitor,Other
LGK-974,"Olaparib (AZD2281, Ku-0059436)",0.3134442883699259,-0.4475249081699175,Other,PARP inhibitor,Other
LGK-974,Oxaliplatin,0.2833749002418294,-0.0467310310705757,Other,Other,Other
LGK-974,PD0325901,0.1902674465485629,0.0711368270583895,Other,MAPK inhibitor,Other
LGK-974,PI-103,-0.0905016529918563,-0.227398816993224,Other,Other,Other
LGK-974,Paclitaxel,0.160121062644441,0.069906924992108,Other,Other,Other
LGK-974,Palbociclib (PD-0332991) HCl,0.3917343001758585,-0.1281225566099451,Other,Other,Other
LGK-974,Phenformin HCl,0.0821265158021369,-0.0200514832272127,Other,Other,Other
LGK-974,Rabusertib (LY2603618),0.267163180735994,-0.3523618704172201,Other,Other,Other
LGK-974,Regorafenib (BAY 73-4506),-0.0380442069133733,0.0374271915767526,Other,Other,Other
LGK-974,Ruxolitinib (INCB018424),0.23455554684826,-0.4661405747235357,Other,Other,Other
LGK-974,SB216763,0.0384411763308937,-0.6577075031212368,Other,Other,Other
LGK-974,SB505124,0.35538847438482,-0.3652755878291706,Other,Other,Other
LGK-974,SN-38,0.1096175882649951,-0.0977652725437627,Other,Topo I inhibitor,Other
LGK-974,Sapitinib (AZD8931),-0.3007373937166353,0.3665851424333765,Other,Other,Other
LGK-974,Sorafenib,0.2270010596381771,0.2594230099319736,Other,MAPK inhibitor,Other
LGK-974,Tanespimycin (17-AAG),0.0577710902667484,-0.1045687301468019,Other,Other,Other
LGK-974,Taselisib (GDC 0032),-0.1456285328227916,-0.015522554502572,Other,Other,Other
LGK-974,Temozolomide,0.009648878509746,-0.3812268045656141,Other,Other,Other
LGK-974,Trametinib (GSK1120212),0.3138250116427125,-0.2031401714528104,Other,MAPK inhibitor,Other
LGK-974,Triciribine,0.0889733392575337,-0.06135427044664,Other,Other,Other
LGK-974,Trifluridine,0.2354494523032357,-0.3090991803020615,Other,Antimetabolite,Other
LGK-974,Veliparib (ABT-888),0.1891400115167868,-0.2953679370488351,Other,PARP inhibitor,Other
LGK-974,"Vemurafenib (PLX4032, RG7204)",0.2821817534974776,0.0294779067761612,Other,MAPK inhibitor,Other
LGK-974,Vinorelbine Tartrate,0.139267467147203,-0.1754326934014728,Other,Other,Other
LGK-974,"Vorinostat (SAHA, MK0683)",0.2767413676980872,-0.0062266649327446,Other,Other,Other
LGK-974,abemaciclib (LY2835219),0.3423318857341274,-0.07347172170659,Other,Other,Other
Linsitinib (OSI-906),MK-2206 2HCl,-0.0219958947789721,0.3386368843735431,Other,Other,Other
Linsitinib (OSI-906),Miglitol,-0.1081103810326101,-0.1565141579130086,Other,Other,Other
Linsitinib (OSI-906),Navitoclax (ABT-263),0.4358439507035549,0.6306917879841153,Other,Other,Other
Linsitinib (OSI-906),Nutlin-3,-0.1341243986310774,0.0048851796045354,Other,MDM2 inhibitor,Other
Linsitinib (OSI-906),"Olaparib (AZD2281, Ku-0059436)",-0.1592735084783109,-0.1804795151232705,Other,PARP inhibitor,Other
Linsitinib (OSI-906),Oxaliplatin,-0.0179384918383716,0.3582580963482271,Other,Other,Other
Linsitinib (OSI-906),PD0325901,0.1174740759257016,0.7075741824382029,Other,MAPK inhibitor,Other
Linsitinib (OSI-906),PI-103,0.12141606650853,0.7113234418545885,Other,Other,Other
Linsitinib (OSI-906),Paclitaxel,-0.1571880553930132,0.3543151303500848,Other,Other,Other
Linsitinib (OSI-906),Palbociclib (PD-0332991) HCl,0.0399779047379808,0.1564962812357887,Other,Other,Other
Linsitinib (OSI-906),Phenformin HCl,-0.1237377978567916,0.2466710471939298,Other,Other,Other
Linsitinib (OSI-906),Rabusertib (LY2603618),0.0490694964504815,0.3090278677338261,Other,Other,Other
Linsitinib (OSI-906),Regorafenib (BAY 73-4506),0.270159016229834,0.5635353992599307,Other,Other,Other
Linsitinib (OSI-906),Ruxolitinib (INCB018424),0.1659287536038311,-0.1699994359402843,Other,Other,Other
Linsitinib (OSI-906),SB216763,-0.0909372945012863,0.275535078515218,Other,Other,Other
Linsitinib (OSI-906),SB505124,-0.0001027800293904,0.4097723555373865,Other,Other,Other
Linsitinib (OSI-906),SN-38,-0.1461194416407512,0.2687835978124471,Other,Topo I inhibitor,Other
Linsitinib (OSI-906),Sapitinib (AZD8931),-0.1558386776841427,-0.0017504435728178,Other,Other,Other
Linsitinib (OSI-906),Sorafenib,0.012145591133331,0.519339508374207,Other,MAPK inhibitor,Other
Linsitinib (OSI-906),Tanespimycin (17-AAG),-0.2257891106111928,0.5924552606175072,Other,Other,Other
Linsitinib (OSI-906),Taselisib (GDC 0032),-0.0818924156696134,0.6569551987868066,Other,Other,Other
Linsitinib (OSI-906),Temozolomide,-0.0698540803619136,-0.1428408376053484,Other,Other,Other
Linsitinib (OSI-906),Trametinib (GSK1120212),0.0848624970443157,0.4726230299521814,Other,MAPK inhibitor,Other
Linsitinib (OSI-906),Triciribine,-0.2251729584635071,-0.0538339353588432,Other,Other,Other
Linsitinib (OSI-906),Trifluridine,-0.239886799641214,-0.0811456552618663,Other,Antimetabolite,Other
Linsitinib (OSI-906),Veliparib (ABT-888),-0.1440311619021054,0.0474183981355026,Other,PARP inhibitor,Other
Linsitinib (OSI-906),"Vemurafenib (PLX4032, RG7204)",-0.0658183898656928,-0.216193382512679,Other,MAPK inhibitor,Other
Linsitinib (OSI-906),Vinorelbine Tartrate,-0.1298082873660675,0.2158360237739431,Other,Other,Other
Linsitinib (OSI-906),"Vorinostat (SAHA, MK0683)",0.181970556693437,0.1578763016252881,Other,Other,Other
Linsitinib (OSI-906),abemaciclib (LY2835219),-0.0051692777407274,0.1869585065810944,Other,Other,Other
MK-2206 2HCl,Miglitol,-0.1176054413528796,-0.2448497358110154,Other,Other,Other
MK-2206 2HCl,Navitoclax (ABT-263),-0.0376346951194996,0.292523844351264,Other,Other,Other
MK-2206 2HCl,Nutlin-3,0.0501085752658353,-0.1355172791811326,Other,MDM2 inhibitor,Other
MK-2206 2HCl,"Olaparib (AZD2281, Ku-0059436)",-0.2014202587977991,-0.332927298839177,Other,PARP inhibitor,Other
MK-2206 2HCl,Oxaliplatin,0.1382498280123868,0.373610190753084,Other,Other,Other
MK-2206 2HCl,PD0325901,0.4747945302648169,0.5839561522378398,Other,MAPK inhibitor,Other
MK-2206 2HCl,PI-103,0.41017132490303,0.3388287283240306,Other,Other,Other
MK-2206 2HCl,Paclitaxel,0.3800185386489382,0.6324953673712119,Other,Other,Other
MK-2206 2HCl,Palbociclib (PD-0332991) HCl,-0.0146592787420229,-0.1694900446145408,Other,Other,Other
MK-2206 2HCl,Phenformin HCl,-0.0695350003623907,-0.0337078575385406,Other,Other,Other
MK-2206 2HCl,Rabusertib (LY2603618),0.6672467393306488,0.0226198714017059,Other,Other,Other
MK-2206 2HCl,Regorafenib (BAY 73-4506),0.4486728742509912,0.2443969353891188,Other,Other,Other
MK-2206 2HCl,Ruxolitinib (INCB018424),0.1220724909797688,-0.2742983196881245,Other,Other,Other
MK-2206 2HCl,SB216763,0.3807483153839449,-0.060497548839494,Other,Other,Other
MK-2206 2HCl,SB505124,0.3479042544762167,-0.0860355860180074,Other,Other,Other
MK-2206 2HCl,SN-38,-0.0715336873622515,0.1408921134544877,Other,Topo I inhibitor,Other
MK-2206 2HCl,Sapitinib (AZD8931),0.342660317541783,0.0319211202588145,Other,Other,Other
MK-2206 2HCl,Sorafenib,0.4356067983498495,0.3737850492539978,Other,MAPK inhibitor,Other
MK-2206 2HCl,Tanespimycin (17-AAG),0.2822332956446098,0.5265492992113873,Other,Other,Other
MK-2206 2HCl,Taselisib (GDC 0032),0.37658993830818,0.5938632365970565,Other,Other,Other
MK-2206 2HCl,Temozolomide,0.1221159707163375,-0.2860528758614324,Other,Other,Other
MK-2206 2HCl,Trametinib (GSK1120212),0.4996623443651951,0.4650879759185596,Other,MAPK inhibitor,Other
MK-2206 2HCl,Triciribine,-0.0578879096488579,-0.1978087039879981,Other,Other,Other
MK-2206 2HCl,Trifluridine,-0.1668799134416553,-0.0758341950268898,Other,Antimetabolite,Other
MK-2206 2HCl,Veliparib (ABT-888),-0.260954814676897,-0.2198720376972394,Other,PARP inhibitor,Other
MK-2206 2HCl,"Vemurafenib (PLX4032, RG7204)",0.3298098190012393,-0.0293396916977232,Other,MAPK inhibitor,Other
MK-2206 2HCl,Vinorelbine Tartrate,0.2163366779388859,0.2825395740963652,Other,Other,Other
MK-2206 2HCl,"Vorinostat (SAHA, MK0683)",0.273687787819408,0.0627657115196528,Other,Other,Other
MK-2206 2HCl,abemaciclib (LY2835219),0.022844311349574,-0.140634787703191,Other,Other,Other
Miglitol,Navitoclax (ABT-263),-0.0863220434579741,0.0623575106166625,Other,Other,Other
Miglitol,Nutlin-3,0.041059597618562,0.227204802184646,Other,MDM2 inhibitor,Other
Miglitol,"Olaparib (AZD2281, Ku-0059436)",-0.0382354790937894,0.5370782139612588,Other,PARP inhibitor,Other
Miglitol,Oxaliplatin,-0.0961863538259465,-0.0400031410742251,Other,Other,Other
Miglitol,PD0325901,-0.1274010401657007,-0.2391489803704944,Other,MAPK inhibitor,Other
Miglitol,PI-103,0.0465075930447331,0.010124414283882,Other,Other,Other
Miglitol,Paclitaxel,-0.0111487916682354,-0.1559992150506817,Other,Other,Other
Miglitol,Palbociclib (PD-0332991) HCl,0.0038286837200931,-0.1736119918151612,Other,Other,Other
Miglitol,Phenformin HCl,0.2984612547389771,0.1042520933875185,Other,Other,Other
Miglitol,Rabusertib (LY2603618),-0.2979352740097347,0.3420787748561148,Other,Other,Other
Miglitol,Regorafenib (BAY 73-4506),-0.1137463200853931,-0.2815478643201223,Other,Other,Other
Miglitol,Ruxolitinib (INCB018424),-0.202080671318918,0.6825136172049359,Other,Other,Other
Miglitol,SB216763,0.0682372630501355,0.7052093262774143,Other,Other,Other
Miglitol,SB505124,-0.2057183343544026,0.1447136397771467,Other,Other,Other
Miglitol,SN-38,-0.0107804774639007,-0.1292694117750998,Other,Topo I inhibitor,Other
Miglitol,Sapitinib (AZD8931),0.2076453228411515,-0.212265405944813,Other,Other,Other
Miglitol,Sorafenib,-0.1558762180235655,-0.4307945421950017,Other,MAPK inhibitor,Other
Miglitol,Tanespimycin (17-AAG),-0.0524015067606573,0.0128174108138898,Other,Other,Other
Miglitol,Taselisib (GDC 0032),0.0787197907882532,-0.0727068544004753,Other,Other,Other
Miglitol,Temozolomide,0.0104431394657032,0.7622277332330237,Other,Other,Other
Miglitol,Trametinib (GSK1120212),-0.1816356147411132,0.2684172396851044,Other,MAPK inhibitor,Other
Miglitol,Triciribine,0.168298192014021,-0.1218456374925895,Other,Other,Other
Miglitol,Trifluridine,-0.0110568319603261,0.2285023226244091,Other,Antimetabolite,Other
Miglitol,Veliparib (ABT-888),0.0243505441829719,0.126939789665229,Other,PARP inhibitor,Other
Miglitol,"Vemurafenib (PLX4032, RG7204)",-0.0990014756495845,0.1378321700803288,Other,MAPK inhibitor,Other
Miglitol,Vinorelbine Tartrate,-0.0512917270687612,0.1002488086045092,Other,Other,Other
Miglitol,"Vorinostat (SAHA, MK0683)",-0.2658556024924814,0.0483426098871486,Other,Other,Other
Miglitol,abemaciclib (LY2835219),0.028603370089755,-0.2515116686814596,Other,Other,Other
Navitoclax (ABT-263),Nutlin-3,-0.3793403106910724,-0.156995906884735,Other,MDM2 inhibitor,Other
Navitoclax (ABT-263),"Olaparib (AZD2281, Ku-0059436)",-0.0003847140957959,-0.229590401101101,Other,PARP inhibitor,Other
Navitoclax (ABT-263),Oxaliplatin,-0.170546500446256,0.2668743432658486,Other,Other,Other
Navitoclax (ABT-263),PD0325901,0.3195386835704319,0.4943263242631401,Other,MAPK inhibitor,Other
Navitoclax (ABT-263),PI-103,0.2112459989034144,0.7661429781832326,Other,Other,Other
Navitoclax (ABT-263),Paclitaxel,0.0536985787851604,0.1864433726248971,Other,Other,Other
Navitoclax (ABT-263),Palbociclib (PD-0332991) HCl,0.0679888456520758,-0.0831104108064631,Other,Other,Other
Navitoclax (ABT-263),Phenformin HCl,-0.0403810579456105,0.0143883275413548,Other,Other,Other
Navitoclax (ABT-263),Rabusertib (LY2603618),-0.1075034252520036,0.162383468806223,Other,Other,Other
Navitoclax (ABT-263),Regorafenib (BAY 73-4506),0.3985113756101148,0.4069948436202757,Other,Other,Other
Navitoclax (ABT-263),Ruxolitinib (INCB018424),0.2618112196503381,0.0462540424021231,Other,Other,Other
Navitoclax (ABT-263),SB216763,-0.134902153242343,0.3358401639278765,Other,Other,Other
Navitoclax (ABT-263),SB505124,0.1697728197569915,0.196830668862034,Other,Other,Other
Navitoclax (ABT-263),SN-38,-0.3719707391787559,0.0362824941116587,Other,Topo I inhibitor,Other
Navitoclax (ABT-263),Sapitinib (AZD8931),-0.1398512864781334,-0.1603634872832889,Other,Other,Other
Navitoclax (ABT-263),Sorafenib,-0.0535548629180736,0.4888751255815624,Other,MAPK inhibitor,Other
Navitoclax (ABT-263),Tanespimycin (17-AAG),-0.2929884726150485,0.4239916553741164,Other,Other,Other
Navitoclax (ABT-263),Taselisib (GDC 0032),-0.019169220314505,0.5826552411491522,Other,Other,Other
Navitoclax (ABT-263),Temozolomide,-0.0659844949679116,-0.0392693675620593,Other,Other,Other
Navitoclax (ABT-263),Trametinib (GSK1120212),0.2412023906844113,0.3847434800145466,Other,MAPK inhibitor,Other
Navitoclax (ABT-263),Triciribine,-0.2263060328325634,-0.2720178300782092,Other,Other,Other
Navitoclax (ABT-263),Trifluridine,-0.0023471376378702,-0.2160684136484333,Other,Antimetabolite,Other
Navitoclax (ABT-263),Veliparib (ABT-888),0.1404503240821203,0.0312258835948541,Other,PARP inhibitor,Other
Navitoclax (ABT-263),"Vemurafenib (PLX4032, RG7204)",-0.342458916946646,-0.2207315370380301,Other,MAPK inhibitor,Other
Navitoclax (ABT-263),Vinorelbine Tartrate,0.0536017616987741,0.1054790819548207,Other,Other,Other
Navitoclax (ABT-263),"Vorinostat (SAHA, MK0683)",0.0771300968881041,0.0411125320811794,Other,Other,Other
Navitoclax (ABT-263),abemaciclib (LY2835219),0.0799591849645996,0.0070580739029538,Other,Other,Other
Nutlin-3,"Olaparib (AZD2281, Ku-0059436)",0.5302323664165423,0.7505903603593291,MDM2 inhibitor,PARP inhibitor,Other
Nutlin-3,Oxaliplatin,0.7360976195381914,0.4134245276079654,MDM2 inhibitor,Other,Other
Nutlin-3,PD0325901,0.2985484555130396,0.0856666588488807,MDM2 inhibitor,MAPK inhibitor,Other
Nutlin-3,PI-103,0.0016933930317513,-0.1425609588308223,MDM2 inhibitor,Other,Other
Nutlin-3,Paclitaxel,0.2988611864536021,0.0920433583868646,MDM2 inhibitor,Other,Other
Nutlin-3,Palbociclib (PD-0332991) HCl,0.6464546905466672,0.6760424622895699,MDM2 inhibitor,Other,Other
Nutlin-3,Phenformin HCl,0.1463469352079072,0.3172123314025403,MDM2 inhibitor,Other,Other
Nutlin-3,Rabusertib (LY2603618),0.2654475773055876,0.4532282878189897,MDM2 inhibitor,Other,Other
Nutlin-3,Regorafenib (BAY 73-4506),0.0735622346544696,0.1222459160200797,MDM2 inhibitor,Other,Other
Nutlin-3,Ruxolitinib (INCB018424),0.1206041944468421,0.1045009599591463,MDM2 inhibitor,Other,Other
Nutlin-3,SB216763,0.397052664223303,0.3238530158836472,MDM2 inhibitor,Other,Other
Nutlin-3,SB505124,0.2237612469805376,0.5282845601449032,MDM2 inhibitor,Other,Other
Nutlin-3,SN-38,0.6008408197363525,0.7407116300685728,MDM2 inhibitor,Topo I inhibitor,Other
Nutlin-3,Sapitinib (AZD8931),0.1473381933692977,-0.0651961736626484,MDM2 inhibitor,Other,Other
Nutlin-3,Sorafenib,0.4187294494473145,-0.1815356918639172,MDM2 inhibitor,MAPK inhibitor,Other
Nutlin-3,Tanespimycin (17-AAG),0.5896283505462976,0.2101738957868959,MDM2 inhibitor,Other,Other
Nutlin-3,Taselisib (GDC 0032),0.160503156909202,-0.1209522622764368,MDM2 inhibitor,Other,Other
Nutlin-3,Temozolomide,0.1749308932799895,0.1389675570374233,MDM2 inhibitor,Other,Other
Nutlin-3,Trametinib (GSK1120212),0.385728079164822,0.1542471311267947,MDM2 inhibitor,MAPK inhibitor,Other
Nutlin-3,Triciribine,0.4688085511677032,0.6919396625166552,MDM2 inhibitor,Other,Other
Nutlin-3,Veliparib (ABT-888),0.3539902280874799,0.5178327914584175,MDM2 inhibitor,PARP inhibitor,Other
Nutlin-3,"Vemurafenib (PLX4032, RG7204)",0.4338614800635532,0.1278679535547643,MDM2 inhibitor,MAPK inhibitor,Other
Nutlin-3,Vinorelbine Tartrate,0.2598915814507525,0.5165289776178006,MDM2 inhibitor,Other,Other
Nutlin-3,"Vorinostat (SAHA, MK0683)",0.3726381398354222,0.5358255787130479,MDM2 inhibitor,Other,Other
Nutlin-3,abemaciclib (LY2835219),0.6106634419321132,0.5650251366108915,MDM2 inhibitor,Other,Other
"Olaparib (AZD2281, Ku-0059436)",Oxaliplatin,0.3346610597426545,0.1760384956424826,PARP inhibitor,Other,Other
"Olaparib (AZD2281, Ku-0059436)",PD0325901,0.0624641130617313,-0.1266026857889211,PARP inhibitor,MAPK inhibitor,Other
"Olaparib (AZD2281, Ku-0059436)",PI-103,-0.2951928416935223,-0.1889713212821713,PARP inhibitor,Other,Other
"Olaparib (AZD2281, Ku-0059436)",Paclitaxel,0.2255046269953154,-0.1734611240898377,PARP inhibitor,Other,Other
"Olaparib (AZD2281, Ku-0059436)",Palbociclib (PD-0332991) HCl,0.7110909734364661,0.4727524413478938,PARP inhibitor,Other,Other
"Olaparib (AZD2281, Ku-0059436)",Phenformin HCl,0.2120449165477726,0.4257217709765715,PARP inhibitor,Other,Other
"Olaparib (AZD2281, Ku-0059436)",Rabusertib (LY2603618),0.0631453757101366,0.5383114322100578,PARP inhibitor,Other,Other
"Olaparib (AZD2281, Ku-0059436)",Regorafenib (BAY 73-4506),-0.2404332653665329,-0.0142815800289395,PARP inhibitor,Other,Other
"Olaparib (AZD2281, Ku-0059436)",Ruxolitinib (INCB018424),0.1575532196104222,0.3901750774437297,PARP inhibitor,Other,Other
"Olaparib (AZD2281, Ku-0059436)",SB216763,-0.0703935815538995,0.4924017781542004,PARP inhibitor,Other,Other
"Olaparib (AZD2281, Ku-0059436)",SB505124,0.1556506932472582,0.5665029315851852,PARP inhibitor,Other,Other
"Olaparib (AZD2281, Ku-0059436)",SN-38,0.3388692838997997,0.3833994590298494,PARP inhibitor,Topo I inhibitor,Other
"Olaparib (AZD2281, Ku-0059436)",Sapitinib (AZD8931),-0.2991096528883484,0.0110554023152536,PARP inhibitor,Other,Other
"Olaparib (AZD2281, Ku-0059436)",Sorafenib,-0.0642974532394366,-0.3450233455388207,PARP inhibitor,MAPK inhibitor,Other
"Olaparib (AZD2281, Ku-0059436)",Tanespimycin (17-AAG),0.1172059240467972,0.0844368029378216,PARP inhibitor,Other,Other
"Olaparib (AZD2281, Ku-0059436)",Taselisib (GDC 0032),-0.2241195353509748,-0.2446024455938226,PARP inhibitor,Other,Other
"Olaparib (AZD2281, Ku-0059436)",Temozolomide,-0.0421878716852872,0.4914292104621791,PARP inhibitor,Other,Other
"Olaparib (AZD2281, Ku-0059436)",Trametinib (GSK1120212),0.1598014330932869,0.1450700782536734,PARP inhibitor,MAPK inhibitor,Other
"Olaparib (AZD2281, Ku-0059436)",Triciribine,0.6169590926666867,0.5534094309752218,PARP inhibitor,Other,Other
"Olaparib (AZD2281, Ku-0059436)",Veliparib (ABT-888),0.790827572241359,0.5401926691056126,PARP inhibitor,PARP inhibitor,Other
"Olaparib (AZD2281, Ku-0059436)","Vemurafenib (PLX4032, RG7204)",0.0292471748005646,0.2832252709167312,PARP inhibitor,MAPK inhibitor,Other
"Olaparib (AZD2281, Ku-0059436)",Vinorelbine Tartrate,0.309462683248129,0.283223826072239,PARP inhibitor,Other,Other
"Olaparib (AZD2281, Ku-0059436)","Vorinostat (SAHA, MK0683)",0.2341295527423308,0.2964260954885991,PARP inhibitor,Other,Other
"Olaparib (AZD2281, Ku-0059436)",abemaciclib (LY2835219),0.6931995045886414,0.3344007083324304,PARP inhibitor,Other,Other
Oxaliplatin,PD0325901,0.4944024585771345,0.437850721157717,Other,MAPK inhibitor,Other
Oxaliplatin,PI-103,0.2734192012048621,0.2750395817394168,Other,Other,Other
Oxaliplatin,Paclitaxel,0.4985851264532649,0.6054458968350797,Other,Other,Other
Oxaliplatin,Palbociclib (PD-0332991) HCl,0.404495463816985,0.1248651962126103,Other,Other,Other
Oxaliplatin,Phenformin HCl,-0.0072723718306166,0.2484959889159667,Other,Other,Other
Oxaliplatin,Rabusertib (LY2603618),0.3031411010524859,0.2297944939016267,Other,Other,Other
Oxaliplatin,Regorafenib (BAY 73-4506),0.1887500841548327,0.23810153704915,Other,Other,Other
Oxaliplatin,Ruxolitinib (INCB018424),0.090905707465176,-0.1758718197677053,Other,Other,Other
Oxaliplatin,SB216763,0.3015521480484507,0.1935692014969103,Other,Other,Other
Oxaliplatin,SB505124,0.5823634769572189,0.2234843759254033,Other,Other,Other
Oxaliplatin,SN-38,0.6226971487636206,0.6560170391226274,Other,Topo I inhibitor,Other
Oxaliplatin,Sapitinib (AZD8931),0.1549117558916058,0.012050751280178,Other,Other,Other
Oxaliplatin,Sorafenib,0.6277372768198946,0.164285762386981,Other,MAPK inhibitor,Other
Oxaliplatin,Tanespimycin (17-AAG),0.640639204603395,0.4022749675182411,Other,Other,Other
Oxaliplatin,Taselisib (GDC 0032),0.2937327446518633,0.371178189884897,Other,Other,Other
Oxaliplatin,Temozolomide,0.3705590344771526,-0.1835717324585727,Other,Other,Other
Oxaliplatin,Trametinib (GSK1120212),0.6203917288738316,0.4427857868242947,Other,MAPK inhibitor,Other
Oxaliplatin,Triciribine,0.1571010509785821,0.1162881426466703,Other,Other,Other
Oxaliplatin,Trifluridine,0.2204237958980438,0.3742399625317846,Other,Antimetabolite,Other
Oxaliplatin,Veliparib (ABT-888),0.2204933884367829,0.0024901044606037,Other,PARP inhibitor,Other
Oxaliplatin,"Vemurafenib (PLX4032, RG7204)",0.5348482287266616,0.1588677122021752,Other,MAPK inhibitor,Other
Oxaliplatin,Vinorelbine Tartrate,0.4652948652158416,0.7613859543942756,Other,Other,Other
Oxaliplatin,"Vorinostat (SAHA, MK0683)",0.3397402741163696,0.4721870293441518,Other,Other,Other
Oxaliplatin,abemaciclib (LY2835219),0.3467704845113071,0.0242307244484109,Other,Other,Other
PD0325901,PI-103,0.5769097208853634,0.6641910638868074,MAPK inhibitor,Other,Other
PD0325901,Paclitaxel,0.5438348075752147,0.3342098435183271,MAPK inhibitor,Other,Other
PD0325901,Palbociclib (PD-0332991) HCl,0.3094819886949891,0.2235889172557774,MAPK inhibitor,Other,Other
PD0325901,Phenformin HCl,-0.0330938656765696,0.3024992607686809,MAPK inhibitor,Other,Other
PD0325901,Rabusertib (LY2603618),0.4096522782855069,0.326341728322523,MAPK inhibitor,Other,Other
PD0325901,Regorafenib (BAY 73-4506),0.7777902743323516,0.7924758914544728,MAPK inhibitor,Other,Other
PD0325901,Ruxolitinib (INCB018424),0.2991261619859341,-0.3444375984625453,MAPK inhibitor,Other,Other
PD0325901,SB216763,0.5051922657582382,0.1350187632561565,MAPK inhibitor,Other,Other
PD0325901,SB505124,0.479155896947101,0.4272776179473313,MAPK inhibitor,Other,Other
PD0325901,SN-38,0.0380053928907302,0.3917395720814055,MAPK inhibitor,Topo I inhibitor,Other
PD0325901,Sapitinib (AZD8931),0.3352203456018602,0.0603637147294589,MAPK inhibitor,Other,Other
PD0325901,Tanespimycin (17-AAG),0.4133078594408829,0.7539301862902958,MAPK inhibitor,Other,Other
PD0325901,Taselisib (GDC 0032),0.4941926685582091,0.7238841542343714,MAPK inhibitor,Other,Other
PD0325901,Temozolomide,0.2425695059815347,-0.2408807939642641,MAPK inhibitor,Other,Other
PD0325901,Triciribine,0.0125002073743766,0.0297698769034216,MAPK inhibitor,Other,Other
PD0325901,Trifluridine,0.0696404274746223,0.0751630885078633,MAPK inhibitor,Antimetabolite,Other
PD0325901,Veliparib (ABT-888),0.0544685640351413,0.1846591549727785,MAPK inhibitor,PARP inhibitor,Other
PD0325901,Vinorelbine Tartrate,0.3766155815862417,0.2212437438279693,MAPK inhibitor,Other,Other
PD0325901,"Vorinostat (SAHA, MK0683)",0.5057944775536056,0.3035378842043029,MAPK inhibitor,Other,Other
PD0325901,abemaciclib (LY2835219),0.326850350055234,0.272748443789983,MAPK inhibitor,Other,Other
PI-103,Paclitaxel,0.5779968500506738,0.1334854263007302,Other,Other,Other
PI-103,Palbociclib (PD-0332991) HCl,-0.1646767484159536,-0.0699657744805894,Other,Other,Other
PI-103,Phenformin HCl,-0.2575506558204044,0.1706266629307262,Other,Other,Other
PI-103,Rabusertib (LY2603618),0.0835621691972098,0.2544058020066871,Other,Other,Other
PI-103,Regorafenib (BAY 73-4506),0.6279533906213774,0.6098993486552207,Other,Other,Other
PI-103,Ruxolitinib (INCB018424),-0.1997580540952336,-0.0155756497881969,Other,Other,Other
PI-103,SB216763,0.4459941632948596,0.3604679748373462,Other,Other,Other
PI-103,SB505124,0.3327672442847637,0.3773389150456043,Other,Other,Other
PI-103,SN-38,-0.1008060906932931,0.0562262982824317,Other,Topo I inhibitor,Other
PI-103,Sapitinib (AZD8931),0.7282742242683771,-0.0348278172023327,Other,Other,Other
PI-103,Sorafenib,0.5650984102647834,0.5952800171535259,Other,MAPK inhibitor,Other
PI-103,Tanespimycin (17-AAG),0.3673007782100634,0.5471021226464896,Other,Other,Other
PI-103,Taselisib (GDC 0032),0.8787922227621814,0.6441943711985665,Other,Other,Other
PI-103,Temozolomide,0.2944755151581295,-0.031356115418398,Other,Other,Other
PI-103,Trametinib (GSK1120212),0.4395109563516737,0.494686044893676,Other,MAPK inhibitor,Other
PI-103,Triciribine,-0.2745266855734795,-0.2063883817531759,Other,Other,Other
PI-103,Trifluridine,-0.3580653453998233,-0.1962311971809393,Other,Antimetabolite,Other
PI-103,Veliparib (ABT-888),-0.271963067445195,0.1677987780667814,Other,PARP inhibitor,Other
PI-103,"Vemurafenib (PLX4032, RG7204)",0.2205379799619494,-0.1929313557095497,Other,MAPK inhibitor,Other
PI-103,Vinorelbine Tartrate,0.4539734172228691,0.0261876577328105,Other,Other,Other
PI-103,"Vorinostat (SAHA, MK0683)",-0.008202358202232,0.0425224849723962,Other,Other,Other
PI-103,abemaciclib (LY2835219),-0.1545686754670223,0.0524777514990046,Other,Other,Other
Paclitaxel,Palbociclib (PD-0332991) HCl,0.1446387255084765,-0.0921086426617105,Other,Other,Other
Paclitaxel,Phenformin HCl,-0.0670579138145077,-0.0126427802749841,Other,Other,Other
Paclitaxel,Rabusertib (LY2603618),0.2678142824491281,0.0890717767000253,Other,Other,Other
Paclitaxel,Regorafenib (BAY 73-4506),0.2958839619686079,-0.0371794541490473,Other,Other,Other
Paclitaxel,Ruxolitinib (INCB018424),-0.0040067884201772,-0.2137936438895737,Other,Other,Other
Paclitaxel,SB216763,0.334761287194102,0.0422942111215394,Other,Other,Other
Paclitaxel,SB505124,0.6356337466714747,-0.1222151781769407,Other,Other,Other
Paclitaxel,SN-38,0.2095476248844155,0.3883410033265227,Other,Topo I inhibitor,Other
Paclitaxel,Sapitinib (AZD8931),0.3622009080473081,-0.0233111308259584,Other,Other,Other
Paclitaxel,Sorafenib,0.5137533722529773,0.0294708362213344,Other,MAPK inhibitor,Other
Paclitaxel,Tanespimycin (17-AAG),0.5785463510863353,0.3753618263672117,Other,Other,Other
Paclitaxel,Taselisib (GDC 0032),0.6097337767744405,0.4102146364589407,Other,Other,Other
Paclitaxel,Temozolomide,0.2612243183755344,-0.1922723816457583,Other,Other,Other
Paclitaxel,Trametinib (GSK1120212),0.5411558065963257,0.3500580529353349,Other,MAPK inhibitor,Other
Paclitaxel,Triciribine,-0.0177093283398493,-0.1309631255090275,Other,Other,Other
Paclitaxel,Trifluridine,0.0989340438623877,0.0666802673293596,Other,Antimetabolite,Other
Paclitaxel,Veliparib (ABT-888),0.1094573772989062,-0.3707524256263921,Other,PARP inhibitor,Other
Paclitaxel,"Vemurafenib (PLX4032, RG7204)",0.3987455548862621,0.0724816333344722,Other,MAPK inhibitor,Other
Paclitaxel,Vinorelbine Tartrate,0.8040246153849561,0.6797401888194156,Other,Other,Other
Paclitaxel,"Vorinostat (SAHA, MK0683)",0.0339650290822027,0.2030343907800007,Other,Other,Other
Paclitaxel,abemaciclib (LY2835219),0.1190950761727303,-0.15487701249112,Other,Other,Other
Palbociclib (PD-0332991) HCl,Phenformin HCl,0.2715012003739853,0.2946756427656759,Other,Other,Other
Palbociclib (PD-0332991) HCl,Rabusertib (LY2603618),0.2363195962708389,0.2980463877915273,Other,Other,Other
Palbociclib (PD-0332991) HCl,Regorafenib (BAY 73-4506),0.0690974900083549,0.4103520378383857,Other,Other,Other
Palbociclib (PD-0332991) HCl,Ruxolitinib (INCB018424),0.3708427451837648,-0.1635529435874654,Other,Other,Other
Palbociclib (PD-0332991) HCl,SB216763,0.2015481049328262,0.011523068785879,Other,Other,Other
Palbociclib (PD-0332991) HCl,SB505124,0.1171245777346511,0.5791316606489394,Other,Other,Other
Palbociclib (PD-0332991) HCl,SN-38,0.2629511364097268,0.6335243027997006,Other,Topo I inhibitor,Other
Palbociclib (PD-0332991) HCl,Sapitinib (AZD8931),-0.131679671318312,-0.0533606033935873,Other,Other,Other
Palbociclib (PD-0332991) HCl,Sorafenib,0.1237954870174797,0.1954864239658917,Other,MAPK inhibitor,Other
Palbociclib (PD-0332991) HCl,Tanespimycin (17-AAG),0.1522266988030296,0.2016594401222224,Other,Other,Other
Palbociclib (PD-0332991) HCl,Taselisib (GDC 0032),-0.1190893033496988,-0.0678700783870415,Other,Other,Other
Palbociclib (PD-0332991) HCl,Temozolomide,-0.0510983643356679,-0.1470839121680382,Other,Other,Other
Palbociclib (PD-0332991) HCl,Trametinib (GSK1120212),0.3934065995729009,-0.0398449940161097,Other,MAPK inhibitor,Other
Palbociclib (PD-0332991) HCl,Triciribine,0.6032306718745294,0.7483698393162582,Other,Other,Other
Palbociclib (PD-0332991) HCl,Trifluridine,0.7276673503230192,0.6463519491311687,Other,Antimetabolite,Other
Palbociclib (PD-0332991) HCl,Veliparib (ABT-888),0.5608468966408082,0.5847700880712926,Other,PARP inhibitor,Other
Palbociclib (PD-0332991) HCl,"Vemurafenib (PLX4032, RG7204)",0.0764378585180911,-0.1393301641474439,Other,MAPK inhibitor,Other
Palbociclib (PD-0332991) HCl,Vinorelbine Tartrate,0.1889639158539744,0.1818514226267867,Other,Other,Other
Palbociclib (PD-0332991) HCl,"Vorinostat (SAHA, MK0683)",0.517946464827078,0.3984577864987165,Other,Other,Other
Palbociclib (PD-0332991) HCl,abemaciclib (LY2835219),0.9497714386120027,0.9129224334537972,Other,Other,Other
Phenformin HCl,Rabusertib (LY2603618),-0.0484098621239171,0.4736457634370548,Other,Other,Other
Phenformin HCl,Regorafenib (BAY 73-4506),-0.1427705114020979,0.3080886343359142,Other,Other,Other
Phenformin HCl,Ruxolitinib (INCB018424),0.1427484329865808,0.0122989516014949,Other,Other,Other
Phenformin HCl,SB216763,-0.0102586811775555,0.2884061422471866,Other,Other,Other
Phenformin HCl,SB505124,-0.0915778963685487,0.6214160286370657,Other,Other,Other
Phenformin HCl,SN-38,0.2119444702960147,0.2091962883968796,Other,Topo I inhibitor,Other
Phenformin HCl,Sapitinib (AZD8931),-0.073399620563958,0.3619513235409374,Other,Other,Other
Phenformin HCl,Sorafenib,-0.1890232920815173,0.1081727043338802,Other,MAPK inhibitor,Other
Phenformin HCl,Tanespimycin (17-AAG),0.0101748106572245,0.3336708130649433,Other,Other,Other
Phenformin HCl,Taselisib (GDC 0032),-0.1888197165013783,0.1352939407741842,Other,Other,Other
Phenformin HCl,Temozolomide,0.0119120464145065,0.2725397387726782,Other,Other,Other
Phenformin HCl,Trametinib (GSK1120212),-0.0250033208562757,0.2410243272832073,Other,MAPK inhibitor,Other
Phenformin HCl,Triciribine,0.3129096837850915,0.3332860128321757,Other,Other,Other
Phenformin HCl,Trifluridine,0.2979229795821319,0.2664291727418027,Other,Antimetabolite,Other
Phenformin HCl,Veliparib (ABT-888),0.3115347699454928,0.3745677955715347,Other,PARP inhibitor,Other
Phenformin HCl,"Vemurafenib (PLX4032, RG7204)",-0.0534168068625005,0.3238155320095622,Other,MAPK inhibitor,Other
Phenformin HCl,Vinorelbine Tartrate,-0.0783432525703708,0.0514846727856176,Other,Other,Other
Phenformin HCl,"Vorinostat (SAHA, MK0683)",-0.045723169294793,0.1357608178652734,Other,Other,Other
Phenformin HCl,abemaciclib (LY2835219),0.300907917672186,0.2127725009628174,Other,Other,Other
Rabusertib (LY2603618),Regorafenib (BAY 73-4506),0.2607372771670912,0.2710536675721649,Other,Other,Other
Rabusertib (LY2603618),Ruxolitinib (INCB018424),0.3514511560098766,0.1207951356082377,Other,Other,Other
Rabusertib (LY2603618),SB216763,0.2639749587539811,0.5424828011175294,Other,Other,Other
Rabusertib (LY2603618),SB505124,0.4167017667874592,0.6351795381689501,Other,Other,Other
Rabusertib (LY2603618),SN-38,0.1045804155808332,0.2963342702292891,Other,Topo I inhibitor,Other
Rabusertib (LY2603618),Sapitinib (AZD8931),-0.0078299285299991,0.1859867680805539,Other,Other,Other
Rabusertib (LY2603618),Sorafenib,0.548221439166063,0.0088020926206087,Other,MAPK inhibitor,Other
Rabusertib (LY2603618),Tanespimycin (17-AAG),0.2549563155548347,0.4246878072281557,Other,Other,Other
Rabusertib (LY2603618),Taselisib (GDC 0032),0.0764365628166637,0.1817603267013892,Other,Other,Other
Rabusertib (LY2603618),Temozolomide,0.0723394914603369,0.3158656014231088,Other,Other,Other
Rabusertib (LY2603618),Trametinib (GSK1120212),0.5339400069879356,0.3723178431108388,Other,MAPK inhibitor,Other
Rabusertib (LY2603618),Triciribine,0.0207176358876203,0.2916876540610926,Other,Other,Other
Rabusertib (LY2603618),Trifluridine,0.0452448600793711,0.3655304537180739,Other,Antimetabolite,Other
Rabusertib (LY2603618),Veliparib (ABT-888),-0.1177204234685367,0.3333970357826254,Other,PARP inhibitor,Other
Rabusertib (LY2603618),"Vemurafenib (PLX4032, RG7204)",0.4562561453376602,0.2804230418323677,Other,MAPK inhibitor,Other
Rabusertib (LY2603618),Vinorelbine Tartrate,0.1988290270727228,0.2168698622475344,Other,Other,Other
Rabusertib (LY2603618),"Vorinostat (SAHA, MK0683)",0.4900663016353708,0.3158927618677352,Other,Other,Other
Rabusertib (LY2603618),abemaciclib (LY2835219),0.2131475794898507,0.2016849624232612,Other,Other,Other
Regorafenib (BAY 73-4506),Ruxolitinib (INCB018424),0.2658741143803637,-0.3076867562678007,Other,Other,Other
Regorafenib (BAY 73-4506),SB216763,0.5542471369006226,0.0668152052176921,Other,Other,Other
Regorafenib (BAY 73-4506),SB505124,0.1971477839502593,0.5642828075174608,Other,Other,Other
Regorafenib (BAY 73-4506),SN-38,-0.2370763684888981,0.3620346064392352,Other,Topo I inhibitor,Other
Regorafenib (BAY 73-4506),Sapitinib (AZD8931),0.544720592310268,0.0881993736617538,Other,Other,Other
Regorafenib (BAY 73-4506),Sorafenib,0.5158436565015385,0.8257049181791655,Other,MAPK inhibitor,Other
Regorafenib (BAY 73-4506),Tanespimycin (17-AAG),0.2531239537278025,0.5190086988990461,Other,Other,Other
Regorafenib (BAY 73-4506),Taselisib (GDC 0032),0.5730730113914844,0.4800257278259318,Other,Other,Other
Regorafenib (BAY 73-4506),Temozolomide,0.2082061445659783,-0.2606370729509883,Other,Other,Other
Regorafenib (BAY 73-4506),Trametinib (GSK1120212),0.597354799525846,0.3623117774111244,Other,MAPK inhibitor,Other
Regorafenib (BAY 73-4506),Triciribine,-0.2001276922724946,0.1917445845216744,Other,Other,Other
Regorafenib (BAY 73-4506),Trifluridine,-0.2052652679705649,0.1183207730097109,Other,Antimetabolite,Other
Regorafenib (BAY 73-4506),Veliparib (ABT-888),-0.2269929198521622,0.4767416334590098,Other,PARP inhibitor,Other
Regorafenib (BAY 73-4506),"Vemurafenib (PLX4032, RG7204)",0.0753136959620833,-0.2819007679854755,Other,MAPK inhibitor,Other
Regorafenib (BAY 73-4506),Vinorelbine Tartrate,0.1232317628183859,-0.0174886073102353,Other,Other,Other
Regorafenib (BAY 73-4506),"Vorinostat (SAHA, MK0683)",0.3983741007926824,0.3018099710912846,Other,Other,Other
Regorafenib (BAY 73-4506),abemaciclib (LY2835219),0.1124364505044501,0.4982775810208388,Other,Other,Other
Ruxolitinib (INCB018424),SB216763,0.2277963603669773,0.5294072176442015,Other,Other,Other
Ruxolitinib (INCB018424),SB505124,0.1843670166902381,0.0520834981390516,Other,Other,Other
Ruxolitinib (INCB018424),SN-38,-0.0260244939407106,-0.1782824780055426,Other,Topo I inhibitor,Other
Ruxolitinib (INCB018424),Sapitinib (AZD8931),-0.1912905188139985,-0.1963873969741016,Other,Other,Other
Ruxolitinib (INCB018424),Sorafenib,0.1258654365151735,-0.3712125140682379,Other,MAPK inhibitor,Other
Ruxolitinib (INCB018424),Tanespimycin (17-AAG),0.0073437800275858,-0.1346744665486276,Other,Other,Other
Ruxolitinib (INCB018424),Taselisib (GDC 0032),-0.1890742380211335,-0.1037131037751028,Other,Other,Other
Ruxolitinib (INCB018424),Temozolomide,0.0393241912417217,0.6649312571108372,Other,Other,Other
Ruxolitinib (INCB018424),Trametinib (GSK1120212),0.3052901247430654,0.0424333954330594,Other,MAPK inhibitor,Other
Ruxolitinib (INCB018424),Triciribine,0.0002627800369798,-0.0858898838793013,Other,Other,Other
Ruxolitinib (INCB018424),Trifluridine,0.188028416035064,0.1653209244766615,Other,Antimetabolite,Other
Ruxolitinib (INCB018424),Veliparib (ABT-888),0.1271922012919024,0.1328850913441502,Other,PARP inhibitor,Other
Ruxolitinib (INCB018424),"Vemurafenib (PLX4032, RG7204)",0.170282466972855,-0.000503891596889,Other,MAPK inhibitor,Other
Ruxolitinib (INCB018424),Vinorelbine Tartrate,-0.0133773040151695,0.0104452283011494,Other,Other,Other
Ruxolitinib (INCB018424),"Vorinostat (SAHA, MK0683)",0.4254293592147981,-0.1155794928629206,Other,Other,Other
Ruxolitinib (INCB018424),abemaciclib (LY2835219),0.3839937837908204,-0.1843791066422501,Other,Other,Other
SB216763,SB505124,0.1976752536776548,0.448192025437277,Other,Other,Other
SB216763,SN-38,-0.0235372021044251,0.0808688030231017,Other,Topo I inhibitor,Other
SB216763,Sapitinib (AZD8931),0.662850569075291,-0.1842702926546031,Other,Other,Other
SB216763,Sorafenib,0.4905172301293883,-0.1342133828306976,Other,MAPK inhibitor,Other
SB216763,Tanespimycin (17-AAG),0.4447642637730262,0.3717406237259679,Other,Other,Other
SB216763,Taselisib (GDC 0032),0.6052224330064696,0.2367131724540964,Other,Other,Other
SB216763,Temozolomide,0.3376872471244412,0.6186546852062088,Other,Other,Other
SB216763,Trametinib (GSK1120212),0.3428292651530056,0.5136279681415642,Other,MAPK inhibitor,Other
SB216763,Triciribine,-0.0208619744962803,-0.0499253761510366,Other,Other,Other
SB216763,Trifluridine,-0.0846684057932652,0.2850002737295891,Other,Antimetabolite,Other
SB216763,Veliparib (ABT-888),-0.0762727659792308,0.2866874065307329,Other,PARP inhibitor,Other
SB216763,"Vemurafenib (PLX4032, RG7204)",0.4822622196676898,0.0782729319186927,Other,MAPK inhibitor,Other
SB216763,Vinorelbine Tartrate,0.1623307203204868,0.2564703180587662,Other,Other,Other
SB216763,"Vorinostat (SAHA, MK0683)",0.2950517952961937,0.1286286337069493,Other,Other,Other
SB216763,abemaciclib (LY2835219),0.2670767952807267,-0.0651853870227197,Other,Other,Other
SB505124,SN-38,0.3029910111238081,0.3677870756361692,Other,Topo I inhibitor,Other
SB505124,Sapitinib (AZD8931),-0.00055641605969,0.163758716009418,Other,Other,Other
SB505124,Sorafenib,0.6176796776177695,0.2855101580163487,Other,MAPK inhibitor,Other
SB505124,Tanespimycin (17-AAG),0.5104556050443833,0.4252214521331349,Other,Other,Other
SB505124,Taselisib (GDC 0032),0.2791204469752962,0.2023527748213073,Other,Other,Other
SB505124,Temozolomide,0.2676171651426844,0.1991343583327992,Other,Other,Other
SB505124,Trametinib (GSK1120212),0.6190746221998195,0.3144177854399189,Other,MAPK inhibitor,Other
SB505124,Triciribine,-0.1911533322338441,0.5343740675670595,Other,Other,Other
SB505124,Trifluridine,0.0332161726402844,0.483011660430736,Other,Antimetabolite,Other
SB505124,Veliparib (ABT-888),0.0346003932533479,0.6911161276997455,Other,PARP inhibitor,Other
SB505124,"Vemurafenib (PLX4032, RG7204)",0.552631081260693,0.1061963915203589,Other,MAPK inhibitor,Other
SB505124,Vinorelbine Tartrate,0.5755345310210688,0.0750990261963026,Other,Other,Other
SB505124,"Vorinostat (SAHA, MK0683)",0.1962183672057808,0.2244097846750748,Other,Other,Other
SB505124,abemaciclib (LY2835219),0.0588064659915834,0.5426858179851919,Other,Other,Other
SN-38,Sapitinib (AZD8931),-0.1066933475787831,-0.0991539212754186,Topo I inhibitor,Other,Other
SN-38,Sorafenib,0.2733642538399606,0.1603129980905235,Topo I inhibitor,MAPK inhibitor,Other
SN-38,Tanespimycin (17-AAG),0.6322126972816281,0.3587717532418807,Topo I inhibitor,Other,Other
SN-38,Taselisib (GDC 0032),-0.0360462593145672,0.1747012995660294,Topo I inhibitor,Other,Other
SN-38,Temozolomide,0.1896681686451198,-0.207925356252879,Topo I inhibitor,Other,Other
SN-38,Trametinib (GSK1120212),0.2120659067941118,0.238879726283805,Topo I inhibitor,MAPK inhibitor,Other
SN-38,Triciribine,0.3077445162233859,0.5103353724979353,Topo I inhibitor,Other,Other
SN-38,Veliparib (ABT-888),0.2562749846423439,0.3178805696783924,Topo I inhibitor,PARP inhibitor,Other
SN-38,"Vemurafenib (PLX4032, RG7204)",0.3302377386725129,-0.064517609678188,Topo I inhibitor,MAPK inhibitor,Other
SN-38,Vinorelbine Tartrate,0.3179834780602184,0.6957986870121367,Topo I inhibitor,Other,Other
SN-38,"Vorinostat (SAHA, MK0683)",0.0266599944315502,0.7183562919526827,Topo I inhibitor,Other,Other
SN-38,abemaciclib (LY2835219),0.2092844210022618,0.5700655813746207,Topo I inhibitor,Other,Other
Sapitinib (AZD8931),Sorafenib,0.4081427055079958,0.0894091622491115,Other,MAPK inhibitor,Other
Sapitinib (AZD8931),Tanespimycin (17-AAG),0.4078349003957036,-0.033665978203365,Other,Other,Other
Sapitinib (AZD8931),Taselisib (GDC 0032),0.8579237747691619,-0.0327919260015641,Other,Other,Other
Sapitinib (AZD8931),Temozolomide,0.3513815251254069,-0.1114790747428215,Other,Other,Other
Sapitinib (AZD8931),Trametinib (GSK1120212),0.1433617234635281,-0.0607197671956033,Other,MAPK inhibitor,Other
Sapitinib (AZD8931),Triciribine,-0.0798680887121853,0.1461973324452632,Other,Other,Other
Sapitinib (AZD8931),Trifluridine,-0.3097535694401843,-0.1068805390798955,Other,Antimetabolite,Other
Sapitinib (AZD8931),Veliparib (ABT-888),-0.2482234284980727,0.0734859550036107,Other,PARP inhibitor,Other
Sapitinib (AZD8931),"Vemurafenib (PLX4032, RG7204)",0.2044892718107142,0.5377333348719847,Other,MAPK inhibitor,Other
Sapitinib (AZD8931),Vinorelbine Tartrate,0.2032553303689531,-0.1682760381954527,Other,Other,Other
Sapitinib (AZD8931),"Vorinostat (SAHA, MK0683)",-0.085897026080993,-0.0620512624079057,Other,Other,Other
Sapitinib (AZD8931),abemaciclib (LY2835219),-0.0595957049842335,-0.0446567089759021,Other,Other,Other
Sorafenib,Tanespimycin (17-AAG),0.6655673043331232,0.4557232247029043,MAPK inhibitor,Other,Other
Sorafenib,Taselisib (GDC 0032),0.5666205236027361,0.5755383320426375,MAPK inhibitor,Other,Other
Sorafenib,Temozolomide,0.3871621332048431,-0.410561020914098,MAPK inhibitor,Other,Other
Sorafenib,Triciribine,-0.1722608459613674,-0.0847480864354808,MAPK inhibitor,Other,Other
Sorafenib,Trifluridine,-0.1489016488739178,-0.1274072095091524,MAPK inhibitor,Antimetabolite,Other
Sorafenib,Veliparib (ABT-888),-0.2162765236349828,0.2367635702018048,MAPK inhibitor,PARP inhibitor,Other
Sorafenib,Vinorelbine Tartrate,0.3706908068626834,-0.0828197097971602,MAPK inhibitor,Other,Other
Sorafenib,"Vorinostat (SAHA, MK0683)",0.3053282551439961,0.1166116483818428,MAPK inhibitor,Other,Other
Sorafenib,abemaciclib (LY2835219),0.0923948431659587,0.3303423354409807,MAPK inhibitor,Other,Other
Tanespimycin (17-AAG),Taselisib (GDC 0032),0.5295240581645242,0.7805475836091544,Other,Other,Other
Tanespimycin (17-AAG),Temozolomide,0.3695952464701315,-0.0169004455763286,Other,Other,Other
Tanespimycin (17-AAG),Trametinib (GSK1120212),0.4508785173678881,0.8081734043091506,Other,MAPK inhibitor,Other
Tanespimycin (17-AAG),Triciribine,0.0504666442895142,0.0429311142218906,Other,Other,Other
Tanespimycin (17-AAG),Trifluridine,0.0463738710991826,0.2318710595374074,Other,Antimetabolite,Other
Tanespimycin (17-AAG),Veliparib (ABT-888),0.0052585688850778,0.1630958182965497,Other,PARP inhibitor,Other
Tanespimycin (17-AAG),"Vemurafenib (PLX4032, RG7204)",0.571404310241742,-0.11333792422276,Other,MAPK inhibitor,Other
Tanespimycin (17-AAG),Vinorelbine Tartrate,0.5070339303555909,0.3329583741128267,Other,Other,Other
Tanespimycin (17-AAG),"Vorinostat (SAHA, MK0683)",0.1358544750806034,0.2929883831494929,Other,Other,Other
Tanespimycin (17-AAG),abemaciclib (LY2835219),0.1347262942593044,0.2060239504079007,Other,Other,Other
Taselisib (GDC 0032),Temozolomide,0.3331241216480536,-0.1232256658836235,Other,Other,Other
Taselisib (GDC 0032),Trametinib (GSK1120212),0.3344342030903073,0.7479648205147842,Other,MAPK inhibitor,Other
Taselisib (GDC 0032),Triciribine,-0.2138523790718913,-0.2979739296651635,Other,Other,Other
Taselisib (GDC 0032),Trifluridine,-0.2890901703893477,-0.0667839922326738,Other,Antimetabolite,Other
Taselisib (GDC 0032),Veliparib (ABT-888),-0.231303066691965,-0.0773552411628536,Other,PARP inhibitor,Other
Taselisib (GDC 0032),"Vemurafenib (PLX4032, RG7204)",0.3426048568919046,-0.2484288361892389,Other,MAPK inhibitor,Other
Taselisib (GDC 0032),Vinorelbine Tartrate,0.4442600830167367,0.2729829910343458,Other,Other,Other
Taselisib (GDC 0032),"Vorinostat (SAHA, MK0683)",-0.0149159501161514,0.1559249227928613,Other,Other,Other
Taselisib (GDC 0032),abemaciclib (LY2835219),-0.1013176793079854,-0.0271906240779432,Other,Other,Other
Temozolomide,Trametinib (GSK1120212),0.2140589015087815,0.1609392728235036,Other,MAPK inhibitor,Other
Temozolomide,Triciribine,-0.1009136371877332,-0.0445644401156184,Other,Other,Other
Temozolomide,Trifluridine,-0.12350860436937,0.1432206186063087,Other,Antimetabolite,Other
Temozolomide,Veliparib (ABT-888),-0.0107319688930908,0.163763762719571,Other,PARP inhibitor,Other
Temozolomide,"Vemurafenib (PLX4032, RG7204)",0.3457143928443048,0.1478138716720219,Other,MAPK inhibitor,Other
Temozolomide,Vinorelbine Tartrate,0.1715045920507542,-0.0216825768717902,Other,Other,Other
Temozolomide,"Vorinostat (SAHA, MK0683)",0.0233672287425625,-0.0728842001934404,Other,Other,Other
Temozolomide,abemaciclib (LY2835219),0.0157023204922029,-0.1890796419860471,Other,Other,Other
Trametinib (GSK1120212),Triciribine,0.089035591939923,-0.1408235464767872,MAPK inhibitor,Other,Other
Trametinib (GSK1120212),Trifluridine,0.1517189715339783,0.2198148376055208,MAPK inhibitor,Antimetabolite,Other
Trametinib (GSK1120212),Veliparib (ABT-888),0.0884493301656084,0.0641313955907983,MAPK inhibitor,PARP inhibitor,Other
Trametinib (GSK1120212),Vinorelbine Tartrate,0.4205229623048425,0.4213049505128274,MAPK inhibitor,Other,Other
Trametinib (GSK1120212),"Vorinostat (SAHA, MK0683)",0.5596685762094938,0.2198054031793562,MAPK inhibitor,Other,Other
Trametinib (GSK1120212),abemaciclib (LY2835219),0.3780374517328344,-0.0491252221504232,MAPK inhibitor,Other,Other
Triciribine,Trifluridine,0.7134296913345051,0.6318897997423981,Other,Antimetabolite,Other
Triciribine,Veliparib (ABT-888),0.6161969972420971,0.5832114330898068,Other,PARP inhibitor,Other
Triciribine,"Vemurafenib (PLX4032, RG7204)",-0.2011237833429106,0.210289751467797,Other,MAPK inhibitor,Other
Triciribine,Vinorelbine Tartrate,0.0708078385725282,0.1052804996162112,Other,Other,Other
Triciribine,"Vorinostat (SAHA, MK0683)",0.1413912720462797,0.2969622806280531,Other,Other,Other
Triciribine,abemaciclib (LY2835219),0.6517666688633236,0.7085872808808321,Other,Other,Other
Trifluridine,"Vemurafenib (PLX4032, RG7204)",-0.1111544068615104,0.030933808243895,Antimetabolite,MAPK inhibitor,Other
Trifluridine,Vinorelbine Tartrate,0.2173418618857814,0.5124830840350442,Antimetabolite,Other,Other
Trifluridine,"Vorinostat (SAHA, MK0683)",0.2506281529515516,0.4946177082209358,Antimetabolite,Other,Other
Trifluridine,abemaciclib (LY2835219),0.7413942570861641,0.5272275280914375,Antimetabolite,Other,Other
Veliparib (ABT-888),"Vemurafenib (PLX4032, RG7204)",-0.1260224637323084,-0.0152586606729548,PARP inhibitor,MAPK inhibitor,Other
Veliparib (ABT-888),Vinorelbine Tartrate,0.2005365019425402,-0.0779364586789776,PARP inhibitor,Other,Other
Veliparib (ABT-888),"Vorinostat (SAHA, MK0683)",0.0810279260554813,0.1931989389848796,PARP inhibitor,Other,Other
Veliparib (ABT-888),abemaciclib (LY2835219),0.6135275140821603,0.6031145264052603,PARP inhibitor,Other,Other
"Vemurafenib (PLX4032, RG7204)",Vinorelbine Tartrate,0.3233439961450514,0.0467628062897747,MAPK inhibitor,Other,Other
"Vemurafenib (PLX4032, RG7204)","Vorinostat (SAHA, MK0683)",0.1579610032243403,-0.0575072644282908,MAPK inhibitor,Other,Other
"Vemurafenib (PLX4032, RG7204)",abemaciclib (LY2835219),0.0437262080131787,-0.2155239983475443,MAPK inhibitor,Other,Other
Vinorelbine Tartrate,"Vorinostat (SAHA, MK0683)",0.046550267439139,0.4294643784504013,Other,Other,Other
Vinorelbine Tartrate,abemaciclib (LY2835219),0.1520291055938896,0.0476247548398856,Other,Other,Other
"Vorinostat (SAHA, MK0683)",abemaciclib (LY2835219),0.5020119782519341,0.3568108687762721,Other,Other,Other
