# source	/share/data/analyses/christa/colopaint3D
# taken	2026-08-13T17:33:06Z
# files	4554
path	size_bytes	mtime_utc	sha256
.gitignore	326	2026-04-05T11:50:07Z	5198dae15f0e0230c1755c995801ec5595a96f5a6967fa1d6c8f506ab1ede534
LICENSE	1072	2025-07-31T12:34:59Z	2a65e33ce1a59ee23cf424fb7b057ce6eb311e8fe9816e739bd60c7cdccb1e8c
MIP_features/Pycytominer_MIP.ipynb	23765	2025-01-22T09:43:44Z	77fc8840ddd241882e8af0e13fb3b8af921bd8300ce560df9d0cbbf91ff7f15a
README.md	1051	2025-07-31T12:34:59Z	05f5ed4617b7b2ee1a4774e88e6221028f9b00f1fa9dc7cccdd2f80c382fe483
REPRODUCIBILITY_METHODS.md	11186	2026-05-24T09:36:25Z	f0eca39dcd94d6a75edc4e3bba14ef9318c9a485e8d78e3c0806b662c919d7a4
david_revision/focus_by_compound_z.pdf	26864	2026-04-28T19:10:10Z	-
david_revision/focus_by_compound_z.png	251256	2026-04-28T19:10:09Z	-
david_revision/focus_estimates.ipynb	1124572	2026-04-28T20:04:36Z	cbc9af59d6276bd0240fd5cf216184ae6514c81b964daad9f51a053aad921ac3
david_revision/focus_hct116_vs_z.png	1320360	2026-05-01T02:41:47Z	-
david_revision/focus_mean_per_compound_slice.csv	36519	2026-04-28T18:36:10Z	-
david_revision/focus_normalized_var_by_cellline_z.pdf	43193	2026-04-28T18:36:27Z	-
david_revision/focus_normalized_var_by_cellline_z.png	693508	2026-04-28T18:36:24Z	-
david_revision/focus_normalized_var_by_compound_z.pdf	27154	2026-04-28T19:10:21Z	-
david_revision/focus_normalized_var_by_compound_z.png	401181	2026-04-28T19:10:20Z	-
david_revision/spher-colo52/PB000137_spher-colo52_HCT116_L1/segmentation_output/focus_scores.csv	1050231	2026-04-28T18:20:49Z	-
david_revision/spher-colo52/PB000137_spher-colo52_HCT116_L1/segmentation_output/segmentation_summary.csv	4165	2026-04-28T18:20:47Z	-
david_revision/spher-colo52/PB000137_spher-colo52_HCT116_L1/segmentation_output/z_duplicate_analysis_cell.csv	5632	2026-04-28T18:20:47Z	-
david_revision/spher-colo52/PB000138_spher-colo52_HCT116_L1/segmentation_output/focus_scores.csv	1051635	2026-04-28T18:20:49Z	-
david_revision/spher-colo52/PB000138_spher-colo52_HCT116_L1/segmentation_output/segmentation_summary.csv	4111	2026-04-28T18:20:47Z	-
david_revision/spher-colo52/PB000138_spher-colo52_HCT116_L1/segmentation_output/z_duplicate_analysis_cell.csv	6004	2026-04-28T18:20:47Z	-
david_revision/spher-colo52/PB000139_spher-colo52_HCT116-HT29_L2/segmentation_output/focus_scores.csv	977021	2026-04-28T18:20:48Z	-
david_revision/spher-colo52/PB000139_spher-colo52_HCT116-HT29_L2/segmentation_output/segmentation_summary.csv	3731	2026-04-28T18:20:45Z	-
david_revision/spher-colo52/PB000139_spher-colo52_HCT116-HT29_L2/segmentation_output/z_duplicate_analysis_cell.csv	5549	2026-04-28T18:20:45Z	-
david_revision/spher-colo52/PB000140_spher-colo52_HCT116-HT29_L2/segmentation_output/focus_scores.csv	975913	2026-04-28T18:20:48Z	-
david_revision/spher-colo52/PB000140_spher-colo52_HCT116-HT29_L2/segmentation_output/segmentation_summary.csv	3789	2026-04-28T18:20:47Z	-
david_revision/spher-colo52/PB000140_spher-colo52_HCT116-HT29_L2/segmentation_output/z_duplicate_analysis_cell.csv	6161	2026-04-28T18:20:48Z	-
david_revision/spher-colo52/PB000141_spher-colo52_HT29_L1/segmentation_output/focus_scores.csv	941424	2026-04-28T18:20:49Z	-
david_revision/spher-colo52/PB000141_spher-colo52_HT29_L1/segmentation_output/segmentation_summary.csv	3694	2026-04-28T18:20:47Z	-
david_revision/spher-colo52/PB000141_spher-colo52_HT29_L1/segmentation_output/z_duplicate_analysis_cell.csv	5670	2026-04-28T18:20:48Z	-
david_revision/spher-colo52/PB000142_spher-colo52_HT29_L1/segmentation_output/focus_scores.csv	966810	2026-04-28T18:20:48Z	-
david_revision/spher-colo52/PB000142_spher-colo52_HT29_L1/segmentation_output/segmentation_summary.csv	3702	2026-04-28T18:20:47Z	-
david_revision/spher-colo52/PB000142_spher-colo52_HT29_L1/segmentation_output/z_duplicate_analysis_cell.csv	5716	2026-04-28T18:20:47Z	-
expert-annotation/Screenshot 2026-03-25 at 10.41.42.png	57359	2026-03-25T09:41:58Z	-
expert-annotation/TheseWells.txt	269	2026-02-16T09:01:10Z	2fb395e39fd9cb3e58dcafeee1f6584b4105d3d9cd37868f3cf01b69603954d1
expert-annotation/cellpose_npy/PB000137_cell_segmented_D12_1.npy	1048704	2026-02-16T09:18:51Z	-
expert-annotation/cellpose_npy/PB000137_cell_segmented_D12_11.npy	1048704	2026-02-16T09:18:52Z	-
expert-annotation/cellpose_npy/PB000137_cell_segmented_D12_3.npy	1048704	2026-02-16T09:18:51Z	-
expert-annotation/cellpose_npy/PB000137_cell_segmented_D12_5.npy	1048704	2026-02-16T09:18:52Z	-
expert-annotation/cellpose_npy/PB000137_cell_segmented_D12_7.npy	1048704	2026-02-16T09:18:52Z	-
expert-annotation/cellpose_npy/PB000137_cell_segmented_D12_9.npy	1048704	2026-02-16T09:18:52Z	-
expert-annotation/cellpose_npy/PB000137_cell_segmented_F06_1.npy	1048704	2026-02-16T09:18:52Z	-
expert-annotation/cellpose_npy/PB000137_cell_segmented_F06_11.npy	1048704	2026-02-16T09:18:52Z	-
expert-annotation/cellpose_npy/PB000137_cell_segmented_F06_3.npy	1048704	2026-02-16T09:18:52Z	-
expert-annotation/cellpose_npy/PB000137_cell_segmented_F06_5.npy	1048704	2026-02-16T09:18:52Z	-
expert-annotation/cellpose_npy/PB000137_cell_segmented_F06_7.npy	1048704	2026-02-16T09:18:52Z	-
expert-annotation/cellpose_npy/PB000137_cell_segmented_F06_9.npy	1048704	2026-02-16T09:18:52Z	-
expert-annotation/cellpose_npy/PB000137_nuclei_segmented_D12_1.npy	1048704	2026-02-16T09:29:03Z	-
expert-annotation/cellpose_npy/PB000137_nuclei_segmented_D12_11.npy	1048704	2026-02-16T09:29:04Z	-
expert-annotation/cellpose_npy/PB000137_nuclei_segmented_D12_3.npy	1048704	2026-02-16T09:29:04Z	-
expert-annotation/cellpose_npy/PB000137_nuclei_segmented_D12_5.npy	1048704	2026-02-16T09:29:04Z	-
expert-annotation/cellpose_npy/PB000137_nuclei_segmented_D12_7.npy	1048704	2026-02-16T09:29:04Z	-
expert-annotation/cellpose_npy/PB000137_nuclei_segmented_D12_9.npy	1048704	2026-02-16T09:29:04Z	-
expert-annotation/cellpose_npy/PB000137_nuclei_segmented_F06_1.npy	1048704	2026-02-16T09:29:04Z	-
expert-annotation/cellpose_npy/PB000137_nuclei_segmented_F06_11.npy	1048704	2026-02-16T09:29:04Z	-
expert-annotation/cellpose_npy/PB000137_nuclei_segmented_F06_3.npy	1048704	2026-02-16T09:29:04Z	-
expert-annotation/cellpose_npy/PB000137_nuclei_segmented_F06_5.npy	1048704	2026-02-16T09:29:04Z	-
expert-annotation/cellpose_npy/PB000137_nuclei_segmented_F06_7.npy	1048704	2026-02-16T09:29:04Z	-
expert-annotation/cellpose_npy/PB000137_nuclei_segmented_F06_9.npy	1048704	2026-02-16T09:29:04Z	-
expert-annotation/cellpose_npy/PB000139_cell_segmented_C03_1.npy	1048704	2026-02-16T09:18:52Z	-
expert-annotation/cellpose_npy/PB000139_cell_segmented_C03_11.npy	1048704	2026-02-16T09:18:52Z	-
expert-annotation/cellpose_npy/PB000139_cell_segmented_C03_3.npy	1048704	2026-02-16T09:18:52Z	-
expert-annotation/cellpose_npy/PB000139_cell_segmented_C03_5.npy	1048704	2026-02-16T09:18:52Z	-
expert-annotation/cellpose_npy/PB000139_cell_segmented_C03_7.npy	1048704	2026-02-16T09:18:52Z	-
expert-annotation/cellpose_npy/PB000139_cell_segmented_C03_9.npy	1048704	2026-02-16T09:18:52Z	-
expert-annotation/cellpose_npy/PB000139_cell_segmented_C12_1.npy	1048704	2026-02-16T09:18:55Z	-
expert-annotation/cellpose_npy/PB000139_cell_segmented_C12_11.npy	1048704	2026-02-16T09:18:55Z	-
expert-annotation/cellpose_npy/PB000139_cell_segmented_C12_3.npy	1048704	2026-02-16T09:18:55Z	-
expert-annotation/cellpose_npy/PB000139_cell_segmented_C12_5.npy	1048704	2026-02-16T09:18:55Z	-
expert-annotation/cellpose_npy/PB000139_cell_segmented_C12_7.npy	1048704	2026-02-16T09:18:55Z	-
expert-annotation/cellpose_npy/PB000139_cell_segmented_C12_9.npy	1048704	2026-02-16T09:18:55Z	-
expert-annotation/cellpose_npy/PB000139_cell_segmented_C14_1.npy	1048704	2026-02-16T09:18:54Z	-
expert-annotation/cellpose_npy/PB000139_cell_segmented_C14_11.npy	1048704	2026-02-16T09:18:54Z	-
expert-annotation/cellpose_npy/PB000139_cell_segmented_C14_3.npy	1048704	2026-02-16T09:18:54Z	-
expert-annotation/cellpose_npy/PB000139_cell_segmented_C14_5.npy	1048704	2026-02-16T09:18:54Z	-
expert-annotation/cellpose_npy/PB000139_cell_segmented_C14_7.npy	1048704	2026-02-16T09:18:54Z	-
expert-annotation/cellpose_npy/PB000139_cell_segmented_C14_9.npy	1048704	2026-02-16T09:18:54Z	-
expert-annotation/cellpose_npy/PB000139_cell_segmented_C23_1.npy	1048704	2026-02-16T09:18:53Z	-
expert-annotation/cellpose_npy/PB000139_cell_segmented_C23_11.npy	1048704	2026-02-16T09:18:53Z	-
expert-annotation/cellpose_npy/PB000139_cell_segmented_C23_3.npy	1048704	2026-02-16T09:18:53Z	-
expert-annotation/cellpose_npy/PB000139_cell_segmented_C23_5.npy	1048704	2026-02-16T09:18:53Z	-
expert-annotation/cellpose_npy/PB000139_cell_segmented_C23_7.npy	1048704	2026-02-16T09:18:53Z	-
expert-annotation/cellpose_npy/PB000139_cell_segmented_C23_9.npy	1048704	2026-02-16T09:18:53Z	-
expert-annotation/cellpose_npy/PB000139_cell_segmented_D06_1.npy	1048704	2026-02-16T09:18:54Z	-
expert-annotation/cellpose_npy/PB000139_cell_segmented_D06_11.npy	1048704	2026-02-16T09:18:55Z	-
expert-annotation/cellpose_npy/PB000139_cell_segmented_D06_3.npy	1048704	2026-02-16T09:18:54Z	-
expert-annotation/cellpose_npy/PB000139_cell_segmented_D06_5.npy	1048704	2026-02-16T09:18:54Z	-
expert-annotation/cellpose_npy/PB000139_cell_segmented_D06_7.npy	1048704	2026-02-16T09:18:54Z	-
expert-annotation/cellpose_npy/PB000139_cell_segmented_D06_9.npy	1048704	2026-02-16T09:18:55Z	-
expert-annotation/cellpose_npy/PB000139_cell_segmented_D11_1.npy	1048704	2026-02-16T09:18:52Z	-
expert-annotation/cellpose_npy/PB000139_cell_segmented_D11_11.npy	1048704	2026-02-16T09:18:53Z	-
expert-annotation/cellpose_npy/PB000139_cell_segmented_D11_3.npy	1048704	2026-02-16T09:18:52Z	-
expert-annotation/cellpose_npy/PB000139_cell_segmented_D11_5.npy	1048704	2026-02-16T09:18:52Z	-
expert-annotation/cellpose_npy/PB000139_cell_segmented_D11_7.npy	1048704	2026-02-16T09:18:53Z	-
expert-annotation/cellpose_npy/PB000139_cell_segmented_D11_9.npy	1048704	2026-02-16T09:18:53Z	-
expert-annotation/cellpose_npy/PB000139_cell_segmented_G08_1.npy	1048704	2026-02-16T09:18:53Z	-
expert-annotation/cellpose_npy/PB000139_cell_segmented_G08_11.npy	1048704	2026-02-16T09:18:53Z	-
expert-annotation/cellpose_npy/PB000139_cell_segmented_G08_3.npy	1048704	2026-02-16T09:18:53Z	-
expert-annotation/cellpose_npy/PB000139_cell_segmented_G08_5.npy	1048704	2026-02-16T09:18:53Z	-
expert-annotation/cellpose_npy/PB000139_cell_segmented_G08_7.npy	1048704	2026-02-16T09:18:53Z	-
expert-annotation/cellpose_npy/PB000139_cell_segmented_G08_9.npy	1048704	2026-02-16T09:18:53Z	-
expert-annotation/cellpose_npy/PB000139_cell_segmented_J06_1.npy	1048704	2026-02-16T09:18:53Z	-
expert-annotation/cellpose_npy/PB000139_cell_segmented_J06_11.npy	1048704	2026-02-16T09:18:54Z	-
expert-annotation/cellpose_npy/PB000139_cell_segmented_J06_3.npy	1048704	2026-02-16T09:18:53Z	-
expert-annotation/cellpose_npy/PB000139_cell_segmented_J06_5.npy	1048704	2026-02-16T09:18:53Z	-
expert-annotation/cellpose_npy/PB000139_cell_segmented_J06_7.npy	1048704	2026-02-16T09:18:53Z	-
expert-annotation/cellpose_npy/PB000139_cell_segmented_J06_9.npy	1048704	2026-02-16T09:18:53Z	-
expert-annotation/cellpose_npy/PB000139_cell_segmented_J15_1.npy	1048704	2026-02-16T09:18:54Z	-
expert-annotation/cellpose_npy/PB000139_cell_segmented_J15_11.npy	1048704	2026-02-16T09:18:54Z	-
expert-annotation/cellpose_npy/PB000139_cell_segmented_J15_3.npy	1048704	2026-02-16T09:18:54Z	-
expert-annotation/cellpose_npy/PB000139_cell_segmented_J15_5.npy	1048704	2026-02-16T09:18:54Z	-
expert-annotation/cellpose_npy/PB000139_cell_segmented_J15_7.npy	1048704	2026-02-16T09:18:54Z	-
expert-annotation/cellpose_npy/PB000139_cell_segmented_J15_9.npy	1048704	2026-02-16T09:18:54Z	-
expert-annotation/cellpose_npy/PB000139_nuclei_segmented_C03_1.npy	1048704	2026-02-16T09:29:04Z	-
expert-annotation/cellpose_npy/PB000139_nuclei_segmented_C03_11.npy	1048704	2026-02-16T09:29:04Z	-
expert-annotation/cellpose_npy/PB000139_nuclei_segmented_C03_3.npy	1048704	2026-02-16T09:29:04Z	-
expert-annotation/cellpose_npy/PB000139_nuclei_segmented_C03_5.npy	1048704	2026-02-16T09:29:04Z	-
expert-annotation/cellpose_npy/PB000139_nuclei_segmented_C03_7.npy	1048704	2026-02-16T09:29:04Z	-
expert-annotation/cellpose_npy/PB000139_nuclei_segmented_C03_9.npy	1048704	2026-02-16T09:29:04Z	-
expert-annotation/cellpose_npy/PB000139_nuclei_segmented_C12_1.npy	1048704	2026-02-16T09:29:06Z	-
expert-annotation/cellpose_npy/PB000139_nuclei_segmented_C12_11.npy	1048704	2026-02-16T09:29:07Z	-
expert-annotation/cellpose_npy/PB000139_nuclei_segmented_C12_3.npy	1048704	2026-02-16T09:29:07Z	-
expert-annotation/cellpose_npy/PB000139_nuclei_segmented_C12_5.npy	1048704	2026-02-16T09:29:07Z	-
expert-annotation/cellpose_npy/PB000139_nuclei_segmented_C12_7.npy	1048704	2026-02-16T09:29:07Z	-
expert-annotation/cellpose_npy/PB000139_nuclei_segmented_C12_9.npy	1048704	2026-02-16T09:29:07Z	-
expert-annotation/cellpose_npy/PB000139_nuclei_segmented_C14_1.npy	1048704	2026-02-16T09:29:06Z	-
expert-annotation/cellpose_npy/PB000139_nuclei_segmented_C14_11.npy	1048704	2026-02-16T09:29:06Z	-
expert-annotation/cellpose_npy/PB000139_nuclei_segmented_C14_3.npy	1048704	2026-02-16T09:29:06Z	-
expert-annotation/cellpose_npy/PB000139_nuclei_segmented_C14_5.npy	1048704	2026-02-16T09:29:06Z	-
expert-annotation/cellpose_npy/PB000139_nuclei_segmented_C14_7.npy	1048704	2026-02-16T09:29:06Z	-
expert-annotation/cellpose_npy/PB000139_nuclei_segmented_C14_9.npy	1048704	2026-02-16T09:29:06Z	-
expert-annotation/cellpose_npy/PB000139_nuclei_segmented_C23_1.npy	1048704	2026-02-16T09:29:05Z	-
expert-annotation/cellpose_npy/PB000139_nuclei_segmented_C23_11.npy	1048704	2026-02-16T09:29:05Z	-
expert-annotation/cellpose_npy/PB000139_nuclei_segmented_C23_3.npy	1048704	2026-02-16T09:29:05Z	-
expert-annotation/cellpose_npy/PB000139_nuclei_segmented_C23_5.npy	1048704	2026-02-16T09:29:05Z	-
expert-annotation/cellpose_npy/PB000139_nuclei_segmented_C23_7.npy	1048704	2026-02-16T09:29:05Z	-
expert-annotation/cellpose_npy/PB000139_nuclei_segmented_C23_9.npy	1048704	2026-02-16T09:29:05Z	-
expert-annotation/cellpose_npy/PB000139_nuclei_segmented_D06_1.npy	1048704	2026-02-16T09:29:06Z	-
expert-annotation/cellpose_npy/PB000139_nuclei_segmented_D06_11.npy	1048704	2026-02-16T09:29:06Z	-
expert-annotation/cellpose_npy/PB000139_nuclei_segmented_D06_3.npy	1048704	2026-02-16T09:29:06Z	-
expert-annotation/cellpose_npy/PB000139_nuclei_segmented_D06_5.npy	1048704	2026-02-16T09:29:06Z	-
expert-annotation/cellpose_npy/PB000139_nuclei_segmented_D06_7.npy	1048704	2026-02-16T09:29:06Z	-
expert-annotation/cellpose_npy/PB000139_nuclei_segmented_D06_9.npy	1048704	2026-02-16T09:29:06Z	-
expert-annotation/cellpose_npy/PB000139_nuclei_segmented_D11_1.npy	1048704	2026-02-16T09:29:04Z	-
expert-annotation/cellpose_npy/PB000139_nuclei_segmented_D11_11.npy	1048704	2026-02-16T09:29:05Z	-
expert-annotation/cellpose_npy/PB000139_nuclei_segmented_D11_3.npy	1048704	2026-02-16T09:29:04Z	-
expert-annotation/cellpose_npy/PB000139_nuclei_segmented_D11_5.npy	1048704	2026-02-16T09:29:04Z	-
expert-annotation/cellpose_npy/PB000139_nuclei_segmented_D11_7.npy	1048704	2026-02-16T09:29:04Z	-
expert-annotation/cellpose_npy/PB000139_nuclei_segmented_D11_9.npy	1048704	2026-02-16T09:29:05Z	-
expert-annotation/cellpose_npy/PB000139_nuclei_segmented_G08_1.npy	1048704	2026-02-16T09:29:05Z	-
expert-annotation/cellpose_npy/PB000139_nuclei_segmented_G08_11.npy	1048704	2026-02-16T09:29:05Z	-
expert-annotation/cellpose_npy/PB000139_nuclei_segmented_G08_3.npy	1048704	2026-02-16T09:29:05Z	-
expert-annotation/cellpose_npy/PB000139_nuclei_segmented_G08_5.npy	1048704	2026-02-16T09:29:05Z	-
expert-annotation/cellpose_npy/PB000139_nuclei_segmented_G08_7.npy	1048704	2026-02-16T09:29:05Z	-
expert-annotation/cellpose_npy/PB000139_nuclei_segmented_G08_9.npy	1048704	2026-02-16T09:29:05Z	-
expert-annotation/cellpose_npy/PB000139_nuclei_segmented_J06_1.npy	1048704	2026-02-16T09:29:05Z	-
expert-annotation/cellpose_npy/PB000139_nuclei_segmented_J06_11.npy	1048704	2026-02-16T09:29:06Z	-
expert-annotation/cellpose_npy/PB000139_nuclei_segmented_J06_3.npy	1048704	2026-02-16T09:29:05Z	-
expert-annotation/cellpose_npy/PB000139_nuclei_segmented_J06_5.npy	1048704	2026-02-16T09:29:05Z	-
expert-annotation/cellpose_npy/PB000139_nuclei_segmented_J06_7.npy	1048704	2026-02-16T09:29:05Z	-
expert-annotation/cellpose_npy/PB000139_nuclei_segmented_J06_9.npy	1048704	2026-02-16T09:29:05Z	-
expert-annotation/cellpose_npy/PB000139_nuclei_segmented_J15_1.npy	1048704	2026-02-16T09:29:06Z	-
expert-annotation/cellpose_npy/PB000139_nuclei_segmented_J15_11.npy	1048704	2026-02-16T09:29:06Z	-
expert-annotation/cellpose_npy/PB000139_nuclei_segmented_J15_3.npy	1048704	2026-02-16T09:29:06Z	-
expert-annotation/cellpose_npy/PB000139_nuclei_segmented_J15_5.npy	1048704	2026-02-16T09:29:06Z	-
expert-annotation/cellpose_npy/PB000139_nuclei_segmented_J15_7.npy	1048704	2026-02-16T09:29:06Z	-
expert-annotation/cellpose_npy/PB000139_nuclei_segmented_J15_9.npy	1048704	2026-02-16T09:29:06Z	-
expert-annotation/cellpose_npy/PB000140_cell_segmented_B14_1.npy	1048704	2026-02-16T09:18:57Z	-
expert-annotation/cellpose_npy/PB000140_cell_segmented_B14_11.npy	1048704	2026-02-16T09:18:57Z	-
expert-annotation/cellpose_npy/PB000140_cell_segmented_B14_3.npy	1048704	2026-02-16T09:18:57Z	-
expert-annotation/cellpose_npy/PB000140_cell_segmented_B14_5.npy	1048704	2026-02-16T09:18:57Z	-
expert-annotation/cellpose_npy/PB000140_cell_segmented_B14_7.npy	1048704	2026-02-16T09:18:57Z	-
expert-annotation/cellpose_npy/PB000140_cell_segmented_B14_9.npy	1048704	2026-02-16T09:18:57Z	-
expert-annotation/cellpose_npy/PB000140_cell_segmented_C23_1.npy	1048704	2026-02-16T09:18:56Z	-
expert-annotation/cellpose_npy/PB000140_cell_segmented_C23_11.npy	1048704	2026-02-16T09:18:56Z	-
expert-annotation/cellpose_npy/PB000140_cell_segmented_C23_3.npy	1048704	2026-02-16T09:18:56Z	-
expert-annotation/cellpose_npy/PB000140_cell_segmented_C23_5.npy	1048704	2026-02-16T09:18:56Z	-
expert-annotation/cellpose_npy/PB000140_cell_segmented_C23_7.npy	1048704	2026-02-16T09:18:56Z	-
expert-annotation/cellpose_npy/PB000140_cell_segmented_C23_9.npy	1048704	2026-02-16T09:18:56Z	-
expert-annotation/cellpose_npy/PB000140_cell_segmented_D22_1.npy	1048704	2026-02-16T09:18:56Z	-
expert-annotation/cellpose_npy/PB000140_cell_segmented_D22_11.npy	1048704	2026-02-16T09:18:56Z	-
expert-annotation/cellpose_npy/PB000140_cell_segmented_D22_3.npy	1048704	2026-02-16T09:18:56Z	-
expert-annotation/cellpose_npy/PB000140_cell_segmented_D22_5.npy	1048704	2026-02-16T09:18:56Z	-
expert-annotation/cellpose_npy/PB000140_cell_segmented_D22_7.npy	1048704	2026-02-16T09:18:56Z	-
expert-annotation/cellpose_npy/PB000140_cell_segmented_D22_9.npy	1048704	2026-02-16T09:18:56Z	-
expert-annotation/cellpose_npy/PB000140_cell_segmented_G05_1.npy	1048704	2026-02-16T09:18:55Z	-
expert-annotation/cellpose_npy/PB000140_cell_segmented_G05_11.npy	1048704	2026-02-16T09:18:55Z	-
expert-annotation/cellpose_npy/PB000140_cell_segmented_G05_3.npy	1048704	2026-02-16T09:18:55Z	-
expert-annotation/cellpose_npy/PB000140_cell_segmented_G05_5.npy	1048704	2026-02-16T09:18:55Z	-
expert-annotation/cellpose_npy/PB000140_cell_segmented_G05_7.npy	1048704	2026-02-16T09:18:55Z	-
expert-annotation/cellpose_npy/PB000140_cell_segmented_G05_9.npy	1048704	2026-02-16T09:18:55Z	-
expert-annotation/cellpose_npy/PB000140_cell_segmented_G08_1.npy	1048704	2026-02-16T09:18:55Z	-
expert-annotation/cellpose_npy/PB000140_cell_segmented_G08_11.npy	1048704	2026-02-16T09:18:55Z	-
expert-annotation/cellpose_npy/PB000140_cell_segmented_G08_3.npy	1048704	2026-02-16T09:18:55Z	-
expert-annotation/cellpose_npy/PB000140_cell_segmented_G08_5.npy	1048704	2026-02-16T09:18:55Z	-
expert-annotation/cellpose_npy/PB000140_cell_segmented_G08_7.npy	1048704	2026-02-16T09:18:55Z	-
expert-annotation/cellpose_npy/PB000140_cell_segmented_G08_9.npy	1048704	2026-02-16T09:18:55Z	-
expert-annotation/cellpose_npy/PB000140_cell_segmented_G19_1.npy	1048704	2026-02-16T09:18:57Z	-
expert-annotation/cellpose_npy/PB000140_cell_segmented_G19_11.npy	1048704	2026-02-16T09:18:57Z	-
expert-annotation/cellpose_npy/PB000140_cell_segmented_G19_3.npy	1048704	2026-02-16T09:18:57Z	-
expert-annotation/cellpose_npy/PB000140_cell_segmented_G19_5.npy	1048704	2026-02-16T09:18:57Z	-
expert-annotation/cellpose_npy/PB000140_cell_segmented_G19_7.npy	1048704	2026-02-16T09:18:57Z	-
expert-annotation/cellpose_npy/PB000140_cell_segmented_G19_9.npy	1048704	2026-02-16T09:18:57Z	-
expert-annotation/cellpose_npy/PB000140_cell_segmented_H23_1.npy	1048704	2026-02-16T09:18:58Z	-
expert-annotation/cellpose_npy/PB000140_cell_segmented_H23_11.npy	1048704	2026-02-16T09:18:58Z	-
expert-annotation/cellpose_npy/PB000140_cell_segmented_H23_3.npy	1048704	2026-02-16T09:18:58Z	-
expert-annotation/cellpose_npy/PB000140_cell_segmented_H23_5.npy	1048704	2026-02-16T09:18:58Z	-
expert-annotation/cellpose_npy/PB000140_cell_segmented_H23_7.npy	1048704	2026-02-16T09:18:58Z	-
expert-annotation/cellpose_npy/PB000140_cell_segmented_H23_9.npy	1048704	2026-02-16T09:18:58Z	-
expert-annotation/cellpose_npy/PB000140_cell_segmented_I13_1.npy	1048704	2026-02-16T09:18:56Z	-
expert-annotation/cellpose_npy/PB000140_cell_segmented_I13_11.npy	1048704	2026-02-16T09:18:57Z	-
expert-annotation/cellpose_npy/PB000140_cell_segmented_I13_3.npy	1048704	2026-02-16T09:18:56Z	-
expert-annotation/cellpose_npy/PB000140_cell_segmented_I13_5.npy	1048704	2026-02-16T09:18:56Z	-
expert-annotation/cellpose_npy/PB000140_cell_segmented_I13_7.npy	1048704	2026-02-16T09:18:57Z	-
expert-annotation/cellpose_npy/PB000140_cell_segmented_I13_9.npy	1048704	2026-02-16T09:18:57Z	-
expert-annotation/cellpose_npy/PB000140_cell_segmented_J04_1.npy	1048704	2026-02-16T09:18:56Z	-
expert-annotation/cellpose_npy/PB000140_cell_segmented_J04_11.npy	1048704	2026-02-16T09:18:56Z	-
expert-annotation/cellpose_npy/PB000140_cell_segmented_J04_3.npy	1048704	2026-02-16T09:18:56Z	-
expert-annotation/cellpose_npy/PB000140_cell_segmented_J04_5.npy	1048704	2026-02-16T09:18:56Z	-
expert-annotation/cellpose_npy/PB000140_cell_segmented_J04_7.npy	1048704	2026-02-16T09:18:56Z	-
expert-annotation/cellpose_npy/PB000140_cell_segmented_J04_9.npy	1048704	2026-02-16T09:18:56Z	-
expert-annotation/cellpose_npy/PB000140_cell_segmented_J17_1.npy	1048704	2026-02-16T09:18:57Z	-
expert-annotation/cellpose_npy/PB000140_cell_segmented_J17_11.npy	1048704	2026-02-16T09:18:58Z	-
expert-annotation/cellpose_npy/PB000140_cell_segmented_J17_3.npy	1048704	2026-02-16T09:18:57Z	-
expert-annotation/cellpose_npy/PB000140_cell_segmented_J17_5.npy	1048704	2026-02-16T09:18:57Z	-
expert-annotation/cellpose_npy/PB000140_cell_segmented_J17_7.npy	1048704	2026-02-16T09:18:57Z	-
expert-annotation/cellpose_npy/PB000140_cell_segmented_J17_9.npy	1048704	2026-02-16T09:18:58Z	-
expert-annotation/cellpose_npy/PB000140_cell_segmented_N05_1.npy	1048704	2026-02-16T09:36:00Z	-
expert-annotation/cellpose_npy/PB000140_cell_segmented_N05_11.npy	1048704	2026-02-16T09:36:00Z	-
expert-annotation/cellpose_npy/PB000140_cell_segmented_N05_3.npy	1048704	2026-02-16T09:36:00Z	-
expert-annotation/cellpose_npy/PB000140_cell_segmented_N05_5.npy	1048704	2026-02-16T09:36:00Z	-
expert-annotation/cellpose_npy/PB000140_cell_segmented_N05_7.npy	1048704	2026-02-16T09:36:00Z	-
expert-annotation/cellpose_npy/PB000140_cell_segmented_N05_9.npy	1048704	2026-02-16T09:36:00Z	-
expert-annotation/cellpose_npy/PB000140_nuclei_segmented_B14_1.npy	1048704	2026-02-16T09:29:08Z	-
expert-annotation/cellpose_npy/PB000140_nuclei_segmented_B14_11.npy	1048704	2026-02-16T09:29:09Z	-
expert-annotation/cellpose_npy/PB000140_nuclei_segmented_B14_3.npy	1048704	2026-02-16T09:29:08Z	-
expert-annotation/cellpose_npy/PB000140_nuclei_segmented_B14_5.npy	1048704	2026-02-16T09:29:08Z	-
expert-annotation/cellpose_npy/PB000140_nuclei_segmented_B14_7.npy	1048704	2026-02-16T09:29:08Z	-
expert-annotation/cellpose_npy/PB000140_nuclei_segmented_B14_9.npy	1048704	2026-02-16T09:29:09Z	-
expert-annotation/cellpose_npy/PB000140_nuclei_segmented_C23_1.npy	1048704	2026-02-16T09:29:08Z	-
expert-annotation/cellpose_npy/PB000140_nuclei_segmented_C23_11.npy	1048704	2026-02-16T09:29:08Z	-
expert-annotation/cellpose_npy/PB000140_nuclei_segmented_C23_3.npy	1048704	2026-02-16T09:29:08Z	-
expert-annotation/cellpose_npy/PB000140_nuclei_segmented_C23_5.npy	1048704	2026-02-16T09:29:08Z	-
expert-annotation/cellpose_npy/PB000140_nuclei_segmented_C23_7.npy	1048704	2026-02-16T09:29:08Z	-
expert-annotation/cellpose_npy/PB000140_nuclei_segmented_C23_9.npy	1048704	2026-02-16T09:29:08Z	-
expert-annotation/cellpose_npy/PB000140_nuclei_segmented_D22_1.npy	1048704	2026-02-16T09:29:08Z	-
expert-annotation/cellpose_npy/PB000140_nuclei_segmented_D22_11.npy	1048704	2026-02-16T09:29:08Z	-
expert-annotation/cellpose_npy/PB000140_nuclei_segmented_D22_3.npy	1048704	2026-02-16T09:29:08Z	-
expert-annotation/cellpose_npy/PB000140_nuclei_segmented_D22_5.npy	1048704	2026-02-16T09:29:08Z	-
expert-annotation/cellpose_npy/PB000140_nuclei_segmented_D22_7.npy	1048704	2026-02-16T09:29:08Z	-
expert-annotation/cellpose_npy/PB000140_nuclei_segmented_D22_9.npy	1048704	2026-02-16T09:29:08Z	-
expert-annotation/cellpose_npy/PB000140_nuclei_segmented_G05_1.npy	1048704	2026-02-16T09:29:07Z	-
expert-annotation/cellpose_npy/PB000140_nuclei_segmented_G05_11.npy	1048704	2026-02-16T09:29:07Z	-
expert-annotation/cellpose_npy/PB000140_nuclei_segmented_G05_3.npy	1048704	2026-02-16T09:29:07Z	-
expert-annotation/cellpose_npy/PB000140_nuclei_segmented_G05_5.npy	1048704	2026-02-16T09:29:07Z	-
expert-annotation/cellpose_npy/PB000140_nuclei_segmented_G05_7.npy	1048704	2026-02-16T09:29:07Z	-
expert-annotation/cellpose_npy/PB000140_nuclei_segmented_G05_9.npy	1048704	2026-02-16T09:29:07Z	-
expert-annotation/cellpose_npy/PB000140_nuclei_segmented_G08_1.npy	1048704	2026-02-16T09:29:07Z	-
expert-annotation/cellpose_npy/PB000140_nuclei_segmented_G08_11.npy	1048704	2026-02-16T09:29:07Z	-
expert-annotation/cellpose_npy/PB000140_nuclei_segmented_G08_3.npy	1048704	2026-02-16T09:29:07Z	-
expert-annotation/cellpose_npy/PB000140_nuclei_segmented_G08_5.npy	1048704	2026-02-16T09:29:07Z	-
expert-annotation/cellpose_npy/PB000140_nuclei_segmented_G08_7.npy	1048704	2026-02-16T09:29:07Z	-
expert-annotation/cellpose_npy/PB000140_nuclei_segmented_G08_9.npy	1048704	2026-02-16T09:29:07Z	-
expert-annotation/cellpose_npy/PB000140_nuclei_segmented_G19_1.npy	1048704	2026-02-16T09:29:09Z	-
expert-annotation/cellpose_npy/PB000140_nuclei_segmented_G19_11.npy	1048704	2026-02-16T09:29:09Z	-
expert-annotation/cellpose_npy/PB000140_nuclei_segmented_G19_3.npy	1048704	2026-02-16T09:29:09Z	-
expert-annotation/cellpose_npy/PB000140_nuclei_segmented_G19_5.npy	1048704	2026-02-16T09:29:09Z	-
expert-annotation/cellpose_npy/PB000140_nuclei_segmented_G19_7.npy	1048704	2026-02-16T09:29:09Z	-
expert-annotation/cellpose_npy/PB000140_nuclei_segmented_G19_9.npy	1048704	2026-02-16T09:29:09Z	-
expert-annotation/cellpose_npy/PB000140_nuclei_segmented_H23_1.npy	1048704	2026-02-16T09:29:09Z	-
expert-annotation/cellpose_npy/PB000140_nuclei_segmented_H23_11.npy	1048704	2026-02-16T09:29:09Z	-
expert-annotation/cellpose_npy/PB000140_nuclei_segmented_H23_3.npy	1048704	2026-02-16T09:29:09Z	-
expert-annotation/cellpose_npy/PB000140_nuclei_segmented_H23_5.npy	1048704	2026-02-16T09:29:09Z	-
expert-annotation/cellpose_npy/PB000140_nuclei_segmented_H23_7.npy	1048704	2026-02-16T09:29:09Z	-
expert-annotation/cellpose_npy/PB000140_nuclei_segmented_H23_9.npy	1048704	2026-02-16T09:29:09Z	-
expert-annotation/cellpose_npy/PB000140_nuclei_segmented_I13_1.npy	1048704	2026-02-16T09:29:08Z	-
expert-annotation/cellpose_npy/PB000140_nuclei_segmented_I13_11.npy	1048704	2026-02-16T09:29:08Z	-
expert-annotation/cellpose_npy/PB000140_nuclei_segmented_I13_3.npy	1048704	2026-02-16T09:29:08Z	-
expert-annotation/cellpose_npy/PB000140_nuclei_segmented_I13_5.npy	1048704	2026-02-16T09:29:08Z	-
expert-annotation/cellpose_npy/PB000140_nuclei_segmented_I13_7.npy	1048704	2026-02-16T09:29:08Z	-
expert-annotation/cellpose_npy/PB000140_nuclei_segmented_I13_9.npy	1048704	2026-02-16T09:29:08Z	-
expert-annotation/cellpose_npy/PB000140_nuclei_segmented_J04_1.npy	1048704	2026-02-16T09:29:07Z	-
expert-annotation/cellpose_npy/PB000140_nuclei_segmented_J04_11.npy	1048704	2026-02-16T09:29:07Z	-
expert-annotation/cellpose_npy/PB000140_nuclei_segmented_J04_3.npy	1048704	2026-02-16T09:29:07Z	-
expert-annotation/cellpose_npy/PB000140_nuclei_segmented_J04_5.npy	1048704	2026-02-16T09:29:07Z	-
expert-annotation/cellpose_npy/PB000140_nuclei_segmented_J04_7.npy	1048704	2026-02-16T09:29:07Z	-
expert-annotation/cellpose_npy/PB000140_nuclei_segmented_J04_9.npy	1048704	2026-02-16T09:29:07Z	-
expert-annotation/cellpose_npy/PB000140_nuclei_segmented_J17_1.npy	1048704	2026-02-16T09:29:09Z	-
expert-annotation/cellpose_npy/PB000140_nuclei_segmented_J17_11.npy	1048704	2026-02-16T09:29:09Z	-
expert-annotation/cellpose_npy/PB000140_nuclei_segmented_J17_3.npy	1048704	2026-02-16T09:29:09Z	-
expert-annotation/cellpose_npy/PB000140_nuclei_segmented_J17_5.npy	1048704	2026-02-16T09:29:09Z	-
expert-annotation/cellpose_npy/PB000140_nuclei_segmented_J17_7.npy	1048704	2026-02-16T09:29:09Z	-
expert-annotation/cellpose_npy/PB000140_nuclei_segmented_J17_9.npy	1048704	2026-02-16T09:29:09Z	-
expert-annotation/cellpose_npy/PB000140_nuclei_segmented_N05_1.npy	1048704	2026-02-16T09:36:00Z	-
expert-annotation/cellpose_npy/PB000140_nuclei_segmented_N05_11.npy	1048704	2026-02-16T09:36:00Z	-
expert-annotation/cellpose_npy/PB000140_nuclei_segmented_N05_3.npy	1048704	2026-02-16T09:36:00Z	-
expert-annotation/cellpose_npy/PB000140_nuclei_segmented_N05_5.npy	1048704	2026-02-16T09:36:00Z	-
expert-annotation/cellpose_npy/PB000140_nuclei_segmented_N05_7.npy	1048704	2026-02-16T09:36:00Z	-
expert-annotation/cellpose_npy/PB000140_nuclei_segmented_N05_9.npy	1048704	2026-02-16T09:36:00Z	-
expert-annotation/cellpose_npy/PB000141_cell_segmented_G02_1.npy	1048704	2026-02-16T09:18:58Z	-
expert-annotation/cellpose_npy/PB000141_cell_segmented_G02_11.npy	1048704	2026-02-16T09:18:58Z	-
expert-annotation/cellpose_npy/PB000141_cell_segmented_G02_3.npy	1048704	2026-02-16T09:18:58Z	-
expert-annotation/cellpose_npy/PB000141_cell_segmented_G02_5.npy	1048704	2026-02-16T09:18:58Z	-
expert-annotation/cellpose_npy/PB000141_cell_segmented_G02_7.npy	1048704	2026-02-16T09:18:58Z	-
expert-annotation/cellpose_npy/PB000141_cell_segmented_G02_9.npy	1048704	2026-02-16T09:18:58Z	-
expert-annotation/cellpose_npy/PB000141_cell_segmented_M23_1.npy	1048704	2026-02-16T09:18:58Z	-
expert-annotation/cellpose_npy/PB000141_cell_segmented_M23_11.npy	1048704	2026-02-16T09:18:58Z	-
expert-annotation/cellpose_npy/PB000141_cell_segmented_M23_3.npy	1048704	2026-02-16T09:18:58Z	-
expert-annotation/cellpose_npy/PB000141_cell_segmented_M23_5.npy	1048704	2026-02-16T09:18:58Z	-
expert-annotation/cellpose_npy/PB000141_cell_segmented_M23_7.npy	1048704	2026-02-16T09:18:58Z	-
expert-annotation/cellpose_npy/PB000141_cell_segmented_M23_9.npy	1048704	2026-02-16T09:18:58Z	-
expert-annotation/cellpose_npy/PB000141_nuclei_segmented_G02_1.npy	1048704	2026-02-16T09:29:10Z	-
expert-annotation/cellpose_npy/PB000141_nuclei_segmented_G02_11.npy	1048704	2026-02-16T09:29:10Z	-
expert-annotation/cellpose_npy/PB000141_nuclei_segmented_G02_3.npy	1048704	2026-02-16T09:29:10Z	-
expert-annotation/cellpose_npy/PB000141_nuclei_segmented_G02_5.npy	1048704	2026-02-16T09:29:10Z	-
expert-annotation/cellpose_npy/PB000141_nuclei_segmented_G02_7.npy	1048704	2026-02-16T09:29:10Z	-
expert-annotation/cellpose_npy/PB000141_nuclei_segmented_G02_9.npy	1048704	2026-02-16T09:29:10Z	-
expert-annotation/cellpose_npy/PB000141_nuclei_segmented_M23_1.npy	1048704	2026-02-16T09:29:10Z	-
expert-annotation/cellpose_npy/PB000141_nuclei_segmented_M23_11.npy	1048704	2026-02-16T09:29:10Z	-
expert-annotation/cellpose_npy/PB000141_nuclei_segmented_M23_3.npy	1048704	2026-02-16T09:29:10Z	-
expert-annotation/cellpose_npy/PB000141_nuclei_segmented_M23_5.npy	1048704	2026-02-16T09:29:10Z	-
expert-annotation/cellpose_npy/PB000141_nuclei_segmented_M23_7.npy	1048704	2026-02-16T09:29:10Z	-
expert-annotation/cellpose_npy/PB000141_nuclei_segmented_M23_9.npy	1048704	2026-02-16T09:29:10Z	-
expert-annotation/cellpose_npy2/PB000137_cell_segmented_D12_1.npy	24118202	2026-02-16T15:32:21Z	-
expert-annotation/cellpose_npy2/PB000137_cell_segmented_D12_11.npy	24118206	2026-02-16T15:33:11Z	-
expert-annotation/cellpose_npy2/PB000137_cell_segmented_D12_3.npy	24118203	2026-02-16T15:32:31Z	-
expert-annotation/cellpose_npy2/PB000137_cell_segmented_D12_5.npy	24118204	2026-02-16T15:32:40Z	-
expert-annotation/cellpose_npy2/PB000137_cell_segmented_D12_7.npy	24118205	2026-02-16T15:32:50Z	-
expert-annotation/cellpose_npy2/PB000137_cell_segmented_D12_9.npy	24118208	2026-02-16T15:33:00Z	-
expert-annotation/cellpose_npy2/PB000137_cell_segmented_F06_1.npy	24118202	2026-02-16T15:33:22Z	-
expert-annotation/cellpose_npy2/PB000137_cell_segmented_F06_11.npy	24118203	2026-02-16T15:34:13Z	-
expert-annotation/cellpose_npy2/PB000137_cell_segmented_F06_3.npy	24118202	2026-02-16T15:33:32Z	-
expert-annotation/cellpose_npy2/PB000137_cell_segmented_F06_5.npy	24118203	2026-02-16T15:33:42Z	-
expert-annotation/cellpose_npy2/PB000137_cell_segmented_F06_7.npy	24118202	2026-02-16T15:33:52Z	-
expert-annotation/cellpose_npy2/PB000137_cell_segmented_F06_9.npy	24118202	2026-02-16T15:34:03Z	-
expert-annotation/cellpose_npy2/PB000137_nuclei_segmented_D12_1.npy	24118273	2026-02-16T14:44:38Z	-
expert-annotation/cellpose_npy2/PB000137_nuclei_segmented_D12_11.npy	24118477	2026-02-16T14:45:39Z	-
expert-annotation/cellpose_npy2/PB000137_nuclei_segmented_D12_3.npy	24118337	2026-02-16T14:44:50Z	-
expert-annotation/cellpose_npy2/PB000137_nuclei_segmented_D12_5.npy	24118379	2026-02-16T14:45:03Z	-
expert-annotation/cellpose_npy2/PB000137_nuclei_segmented_D12_7.npy	24118429	2026-02-16T14:45:15Z	-
expert-annotation/cellpose_npy2/PB000137_nuclei_segmented_D12_9.npy	24118466	2026-02-16T14:45:27Z	-
expert-annotation/cellpose_npy2/PB000137_nuclei_segmented_F06_1.npy	24118238	2026-02-16T14:45:51Z	-
expert-annotation/cellpose_npy2/PB000137_nuclei_segmented_F06_11.npy	24118390	2026-02-16T14:46:55Z	-
expert-annotation/cellpose_npy2/PB000137_nuclei_segmented_F06_3.npy	24118299	2026-02-16T14:46:05Z	-
expert-annotation/cellpose_npy2/PB000137_nuclei_segmented_F06_5.npy	24118353	2026-02-16T14:46:17Z	-
expert-annotation/cellpose_npy2/PB000137_nuclei_segmented_F06_7.npy	24118401	2026-02-16T14:46:30Z	-
expert-annotation/cellpose_npy2/PB000137_nuclei_segmented_F06_9.npy	24118407	2026-02-16T14:46:42Z	-
expert-annotation/cellpose_npy2/PB000139_cell_segmented_C03_1.npy	24118201	2026-02-16T15:37:23Z	-
expert-annotation/cellpose_npy2/PB000139_cell_segmented_C03_11.npy	24118202	2026-02-16T15:38:16Z	-
expert-annotation/cellpose_npy2/PB000139_cell_segmented_C03_3.npy	24118201	2026-02-16T15:37:33Z	-
expert-annotation/cellpose_npy2/PB000139_cell_segmented_C03_5.npy	24118201	2026-02-16T15:37:45Z	-
expert-annotation/cellpose_npy2/PB000139_cell_segmented_C03_7.npy	24118202	2026-02-16T15:37:56Z	-
expert-annotation/cellpose_npy2/PB000139_cell_segmented_C03_9.npy	24118201	2026-02-16T15:38:06Z	-
expert-annotation/cellpose_npy2/PB000139_cell_segmented_C12_1.npy	24118202	2026-02-16T15:38:26Z	-
expert-annotation/cellpose_npy2/PB000139_cell_segmented_C12_11.npy	24118206	2026-02-16T15:39:15Z	-
expert-annotation/cellpose_npy2/PB000139_cell_segmented_C12_3.npy	24118203	2026-02-16T15:38:36Z	-
expert-annotation/cellpose_npy2/PB000139_cell_segmented_C12_5.npy	24118203	2026-02-16T15:38:46Z	-
expert-annotation/cellpose_npy2/PB000139_cell_segmented_C12_7.npy	24118204	2026-02-16T15:38:55Z	-
expert-annotation/cellpose_npy2/PB000139_cell_segmented_C12_9.npy	24118205	2026-02-16T15:39:05Z	-
expert-annotation/cellpose_npy2/PB000139_cell_segmented_C14_1.npy	24118202	2026-02-16T15:39:25Z	-
expert-annotation/cellpose_npy2/PB000139_cell_segmented_C14_11.npy	24118202	2026-02-16T15:40:16Z	-
expert-annotation/cellpose_npy2/PB000139_cell_segmented_C14_3.npy	24118204	2026-02-16T15:39:35Z	-
expert-annotation/cellpose_npy2/PB000139_cell_segmented_C14_5.npy	24118206	2026-02-16T15:39:45Z	-
expert-annotation/cellpose_npy2/PB000139_cell_segmented_C14_7.npy	24118202	2026-02-16T15:39:56Z	-
expert-annotation/cellpose_npy2/PB000139_cell_segmented_C14_9.npy	24118201	2026-02-16T15:40:06Z	-
expert-annotation/cellpose_npy2/PB000139_cell_segmented_C23_1.npy	24118204	2026-02-16T15:40:26Z	-
expert-annotation/cellpose_npy2/PB000139_cell_segmented_C23_11.npy	24118204	2026-02-16T15:41:12Z	-
expert-annotation/cellpose_npy2/PB000139_cell_segmented_C23_3.npy	24118202	2026-02-16T15:40:36Z	-
expert-annotation/cellpose_npy2/PB000139_cell_segmented_C23_5.npy	24118201	2026-02-16T15:40:45Z	-
expert-annotation/cellpose_npy2/PB000139_cell_segmented_C23_7.npy	24118204	2026-02-16T15:40:54Z	-
expert-annotation/cellpose_npy2/PB000139_cell_segmented_C23_9.npy	24118201	2026-02-16T15:41:03Z	-
expert-annotation/cellpose_npy2/PB000139_cell_segmented_D06_1.npy	24118201	2026-02-16T15:41:22Z	-
expert-annotation/cellpose_npy2/PB000139_cell_segmented_D06_11.npy	24118205	2026-02-16T15:42:16Z	-
expert-annotation/cellpose_npy2/PB000139_cell_segmented_D06_3.npy	24118202	2026-02-16T15:41:32Z	-
expert-annotation/cellpose_npy2/PB000139_cell_segmented_D06_5.npy	24118203	2026-02-16T15:41:43Z	-
expert-annotation/cellpose_npy2/PB000139_cell_segmented_D06_7.npy	24118202	2026-02-16T15:41:54Z	-
expert-annotation/cellpose_npy2/PB000139_cell_segmented_D06_9.npy	24118203	2026-02-16T15:42:05Z	-
expert-annotation/cellpose_npy2/PB000139_cell_segmented_D11_1.npy	24118201	2026-02-16T15:42:27Z	-
expert-annotation/cellpose_npy2/PB000139_cell_segmented_D11_11.npy	24118202	2026-02-16T15:43:19Z	-
expert-annotation/cellpose_npy2/PB000139_cell_segmented_D11_3.npy	24118201	2026-02-16T15:42:37Z	-
expert-annotation/cellpose_npy2/PB000139_cell_segmented_D11_5.npy	24118201	2026-02-16T15:42:49Z	-
expert-annotation/cellpose_npy2/PB000139_cell_segmented_D11_7.npy	24118202	2026-02-16T15:42:59Z	-
expert-annotation/cellpose_npy2/PB000139_cell_segmented_D11_9.npy	24118201	2026-02-16T15:43:09Z	-
expert-annotation/cellpose_npy2/PB000139_cell_segmented_G08_1.npy	24118201	2026-02-16T15:43:29Z	-
expert-annotation/cellpose_npy2/PB000139_cell_segmented_G08_11.npy	24118206	2026-02-16T15:44:21Z	-
expert-annotation/cellpose_npy2/PB000139_cell_segmented_G08_3.npy	24118202	2026-02-16T15:43:40Z	-
expert-annotation/cellpose_npy2/PB000139_cell_segmented_G08_5.npy	24118203	2026-02-16T15:43:50Z	-
expert-annotation/cellpose_npy2/PB000139_cell_segmented_G08_7.npy	24118203	2026-02-16T15:44:01Z	-
expert-annotation/cellpose_npy2/PB000139_cell_segmented_G08_9.npy	24118204	2026-02-16T15:44:10Z	-
expert-annotation/cellpose_npy2/PB000139_cell_segmented_J06_1.npy	24118202	2026-02-16T15:44:31Z	-
expert-annotation/cellpose_npy2/PB000139_cell_segmented_J06_11.npy	24118205	2026-02-16T15:45:19Z	-
expert-annotation/cellpose_npy2/PB000139_cell_segmented_J06_3.npy	24118202	2026-02-16T15:44:40Z	-
expert-annotation/cellpose_npy2/PB000139_cell_segmented_J06_5.npy	24118205	2026-02-16T15:44:50Z	-
expert-annotation/cellpose_npy2/PB000139_cell_segmented_J06_7.npy	24118203	2026-02-16T15:45:00Z	-
expert-annotation/cellpose_npy2/PB000139_cell_segmented_J06_9.npy	24118204	2026-02-16T15:45:10Z	-
expert-annotation/cellpose_npy2/PB000139_cell_segmented_J15_1.npy	24118202	2026-02-16T15:45:30Z	-
expert-annotation/cellpose_npy2/PB000139_cell_segmented_J15_11.npy	24118204	2026-02-16T15:46:21Z	-
expert-annotation/cellpose_npy2/PB000139_cell_segmented_J15_3.npy	24118205	2026-02-16T15:45:40Z	-
expert-annotation/cellpose_npy2/PB000139_cell_segmented_J15_5.npy	24118206	2026-02-16T15:45:50Z	-
expert-annotation/cellpose_npy2/PB000139_cell_segmented_J15_7.npy	24118202	2026-02-16T15:46:01Z	-
expert-annotation/cellpose_npy2/PB000139_cell_segmented_J15_9.npy	24118203	2026-02-16T15:46:11Z	-
expert-annotation/cellpose_npy2/PB000139_nuclei_segmented_C03_1.npy	24118233	2026-02-16T14:47:10Z	-
expert-annotation/cellpose_npy2/PB000139_nuclei_segmented_C03_11.npy	24118231	2026-02-16T14:48:19Z	-
expert-annotation/cellpose_npy2/PB000139_nuclei_segmented_C03_3.npy	24118261	2026-02-16T14:47:25Z	-
expert-annotation/cellpose_npy2/PB000139_nuclei_segmented_C03_5.npy	24118287	2026-02-16T14:47:40Z	-
expert-annotation/cellpose_npy2/PB000139_nuclei_segmented_C03_7.npy	24118276	2026-02-16T14:47:54Z	-
expert-annotation/cellpose_npy2/PB000139_nuclei_segmented_C03_9.npy	24118247	2026-02-16T14:48:06Z	-
expert-annotation/cellpose_npy2/PB000139_nuclei_segmented_C12_1.npy	24118229	2026-02-16T14:48:31Z	-
expert-annotation/cellpose_npy2/PB000139_nuclei_segmented_C12_11.npy	24118262	2026-02-16T14:49:33Z	-
expert-annotation/cellpose_npy2/PB000139_nuclei_segmented_C12_3.npy	24118251	2026-02-16T14:48:43Z	-
expert-annotation/cellpose_npy2/PB000139_nuclei_segmented_C12_5.npy	24118264	2026-02-16T14:48:55Z	-
expert-annotation/cellpose_npy2/PB000139_nuclei_segmented_C12_7.npy	24118288	2026-02-16T14:49:09Z	-
expert-annotation/cellpose_npy2/PB000139_nuclei_segmented_C12_9.npy	24118280	2026-02-16T14:49:21Z	-
expert-annotation/cellpose_npy2/PB000139_nuclei_segmented_C14_1.npy	24118239	2026-02-16T14:49:46Z	-
expert-annotation/cellpose_npy2/PB000139_nuclei_segmented_C14_11.npy	24118209	2026-02-16T14:50:51Z	-
expert-annotation/cellpose_npy2/PB000139_nuclei_segmented_C14_3.npy	24118264	2026-02-16T14:49:59Z	-
expert-annotation/cellpose_npy2/PB000139_nuclei_segmented_C14_5.npy	24118275	2026-02-16T14:50:11Z	-
expert-annotation/cellpose_npy2/PB000139_nuclei_segmented_C14_7.npy	24118256	2026-02-16T14:50:23Z	-
expert-annotation/cellpose_npy2/PB000139_nuclei_segmented_C14_9.npy	24118224	2026-02-16T14:50:38Z	-
expert-annotation/cellpose_npy2/PB000139_nuclei_segmented_C23_1.npy	24118244	2026-02-16T14:51:05Z	-
expert-annotation/cellpose_npy2/PB000139_nuclei_segmented_C23_11.npy	24118260	2026-02-16T14:52:11Z	-
expert-annotation/cellpose_npy2/PB000139_nuclei_segmented_C23_3.npy	24118280	2026-02-16T14:51:18Z	-
expert-annotation/cellpose_npy2/PB000139_nuclei_segmented_C23_5.npy	24118277	2026-02-16T14:51:32Z	-
expert-annotation/cellpose_npy2/PB000139_nuclei_segmented_C23_7.npy	24118283	2026-02-16T14:51:46Z	-
expert-annotation/cellpose_npy2/PB000139_nuclei_segmented_C23_9.npy	24118276	2026-02-16T14:51:58Z	-
expert-annotation/cellpose_npy2/PB000139_nuclei_segmented_D06_1.npy	24118220	2026-02-16T14:52:25Z	-
expert-annotation/cellpose_npy2/PB000139_nuclei_segmented_D06_11.npy	24118274	2026-02-16T14:53:31Z	-
expert-annotation/cellpose_npy2/PB000139_nuclei_segmented_D06_3.npy	24118239	2026-02-16T14:52:39Z	-
expert-annotation/cellpose_npy2/PB000139_nuclei_segmented_D06_5.npy	24118262	2026-02-16T14:52:51Z	-
expert-annotation/cellpose_npy2/PB000139_nuclei_segmented_D06_7.npy	24118282	2026-02-16T14:53:04Z	-
expert-annotation/cellpose_npy2/PB000139_nuclei_segmented_D06_9.npy	24118280	2026-02-16T14:53:17Z	-
expert-annotation/cellpose_npy2/PB000139_nuclei_segmented_D11_1.npy	24118230	2026-02-16T14:53:43Z	-
expert-annotation/cellpose_npy2/PB000139_nuclei_segmented_D11_11.npy	24118227	2026-02-16T14:54:42Z	-
expert-annotation/cellpose_npy2/PB000139_nuclei_segmented_D11_3.npy	24118268	2026-02-16T14:53:55Z	-
expert-annotation/cellpose_npy2/PB000139_nuclei_segmented_D11_5.npy	24118275	2026-02-16T14:54:07Z	-
expert-annotation/cellpose_npy2/PB000139_nuclei_segmented_D11_7.npy	24118283	2026-02-16T14:54:18Z	-
expert-annotation/cellpose_npy2/PB000139_nuclei_segmented_D11_9.npy	24118249	2026-02-16T14:54:30Z	-
expert-annotation/cellpose_npy2/PB000139_nuclei_segmented_G08_1.npy	24118236	2026-02-16T14:54:54Z	-
expert-annotation/cellpose_npy2/PB000139_nuclei_segmented_G08_11.npy	24118329	2026-02-16T14:55:52Z	-
expert-annotation/cellpose_npy2/PB000139_nuclei_segmented_G08_3.npy	24118277	2026-02-16T14:55:06Z	-
expert-annotation/cellpose_npy2/PB000139_nuclei_segmented_G08_5.npy	24118307	2026-02-16T14:55:16Z	-
expert-annotation/cellpose_npy2/PB000139_nuclei_segmented_G08_7.npy	24118333	2026-02-16T14:55:27Z	-
expert-annotation/cellpose_npy2/PB000139_nuclei_segmented_G08_9.npy	24118346	2026-02-16T14:55:40Z	-
expert-annotation/cellpose_npy2/PB000139_nuclei_segmented_J06_1.npy	24118227	2026-02-16T14:56:06Z	-
expert-annotation/cellpose_npy2/PB000139_nuclei_segmented_J06_11.npy	24118268	2026-02-16T14:57:12Z	-
expert-annotation/cellpose_npy2/PB000139_nuclei_segmented_J06_3.npy	24118250	2026-02-16T14:56:19Z	-
expert-annotation/cellpose_npy2/PB000139_nuclei_segmented_J06_5.npy	24118269	2026-02-16T14:56:33Z	-
expert-annotation/cellpose_npy2/PB000139_nuclei_segmented_J06_7.npy	24118282	2026-02-16T14:56:48Z	-
expert-annotation/cellpose_npy2/PB000139_nuclei_segmented_J06_9.npy	24118286	2026-02-16T14:57:01Z	-
expert-annotation/cellpose_npy2/PB000139_nuclei_segmented_J15_1.npy	24118233	2026-02-16T14:57:24Z	-
expert-annotation/cellpose_npy2/PB000139_nuclei_segmented_J15_11.npy	24118242	2026-02-16T14:58:21Z	-
expert-annotation/cellpose_npy2/PB000139_nuclei_segmented_J15_3.npy	24118258	2026-02-16T14:57:36Z	-
expert-annotation/cellpose_npy2/PB000139_nuclei_segmented_J15_5.npy	24118268	2026-02-16T14:57:47Z	-
expert-annotation/cellpose_npy2/PB000139_nuclei_segmented_J15_7.npy	24118290	2026-02-16T14:57:57Z	-
expert-annotation/cellpose_npy2/PB000139_nuclei_segmented_J15_9.npy	24118277	2026-02-16T14:58:09Z	-
expert-annotation/cellpose_npy2/PB000140_cell_segmented_B14_1.npy	24118202	2026-02-16T15:46:31Z	-
expert-annotation/cellpose_npy2/PB000140_cell_segmented_B14_11.npy	24118205	2026-02-16T15:47:21Z	-
expert-annotation/cellpose_npy2/PB000140_cell_segmented_B14_3.npy	24118237	2026-02-16T15:46:41Z	-
expert-annotation/cellpose_npy2/PB000140_cell_segmented_B14_5.npy	24118212	2026-02-16T15:46:51Z	-
expert-annotation/cellpose_npy2/PB000140_cell_segmented_B14_7.npy	24118214	2026-02-16T15:47:02Z	-
expert-annotation/cellpose_npy2/PB000140_cell_segmented_B14_9.npy	24118204	2026-02-16T15:47:11Z	-
expert-annotation/cellpose_npy2/PB000140_cell_segmented_C23_1.npy	24118203	2026-02-16T15:47:32Z	-
expert-annotation/cellpose_npy2/PB000140_cell_segmented_C23_11.npy	24118209	2026-02-16T15:48:24Z	-
expert-annotation/cellpose_npy2/PB000140_cell_segmented_C23_3.npy	24118202	2026-02-16T15:47:42Z	-
expert-annotation/cellpose_npy2/PB000140_cell_segmented_C23_5.npy	24118206	2026-02-16T15:47:53Z	-
expert-annotation/cellpose_npy2/PB000140_cell_segmented_C23_7.npy	24118203	2026-02-16T15:48:03Z	-
expert-annotation/cellpose_npy2/PB000140_cell_segmented_C23_9.npy	24118202	2026-02-16T15:48:13Z	-
expert-annotation/cellpose_npy2/PB000140_cell_segmented_D22_1.npy	24118205	2026-02-16T15:48:36Z	-
expert-annotation/cellpose_npy2/PB000140_cell_segmented_D22_11.npy	24118203	2026-02-16T15:49:26Z	-
expert-annotation/cellpose_npy2/PB000140_cell_segmented_D22_3.npy	24118203	2026-02-16T15:48:45Z	-
expert-annotation/cellpose_npy2/PB000140_cell_segmented_D22_5.npy	24118205	2026-02-16T15:48:56Z	-
expert-annotation/cellpose_npy2/PB000140_cell_segmented_D22_7.npy	24118208	2026-02-16T15:49:06Z	-
expert-annotation/cellpose_npy2/PB000140_cell_segmented_D22_9.npy	24118206	2026-02-16T15:49:16Z	-
expert-annotation/cellpose_npy2/PB000140_cell_segmented_G05_1.npy	24118201	2026-02-16T15:49:37Z	-
expert-annotation/cellpose_npy2/PB000140_cell_segmented_G05_11.npy	24118202	2026-02-16T15:50:29Z	-
expert-annotation/cellpose_npy2/PB000140_cell_segmented_G05_3.npy	24118201	2026-02-16T15:49:47Z	-
expert-annotation/cellpose_npy2/PB000140_cell_segmented_G05_5.npy	24118201	2026-02-16T15:49:58Z	-
expert-annotation/cellpose_npy2/PB000140_cell_segmented_G05_7.npy	24118201	2026-02-16T15:50:08Z	-
expert-annotation/cellpose_npy2/PB000140_cell_segmented_G05_9.npy	24118201	2026-02-16T15:50:18Z	-
expert-annotation/cellpose_npy2/PB000140_cell_segmented_G08_1.npy	24118201	2026-02-16T15:50:39Z	-
expert-annotation/cellpose_npy2/PB000140_cell_segmented_G08_11.npy	24118203	2026-02-16T15:51:30Z	-
expert-annotation/cellpose_npy2/PB000140_cell_segmented_G08_3.npy	24118201	2026-02-16T15:50:49Z	-
expert-annotation/cellpose_npy2/PB000140_cell_segmented_G08_5.npy	24118201	2026-02-16T15:50:59Z	-
expert-annotation/cellpose_npy2/PB000140_cell_segmented_G08_7.npy	24118202	2026-02-16T15:51:10Z	-
expert-annotation/cellpose_npy2/PB000140_cell_segmented_G08_9.npy	24118203	2026-02-16T15:51:20Z	-
expert-annotation/cellpose_npy2/PB000140_cell_segmented_G19_1.npy	24118201	2026-02-16T15:51:41Z	-
expert-annotation/cellpose_npy2/PB000140_cell_segmented_G19_11.npy	24118205	2026-02-16T15:52:33Z	-
expert-annotation/cellpose_npy2/PB000140_cell_segmented_G19_3.npy	24118204	2026-02-16T15:51:51Z	-
expert-annotation/cellpose_npy2/PB000140_cell_segmented_G19_5.npy	24118204	2026-02-16T15:52:01Z	-
expert-annotation/cellpose_npy2/PB000140_cell_segmented_G19_7.npy	24118203	2026-02-16T15:52:11Z	-
expert-annotation/cellpose_npy2/PB000140_cell_segmented_G19_9.npy	24118208	2026-02-16T15:52:21Z	-
expert-annotation/cellpose_npy2/PB000140_cell_segmented_H23_1.npy	24118201	2026-02-16T15:52:45Z	-
expert-annotation/cellpose_npy2/PB000140_cell_segmented_H23_11.npy	24118203	2026-02-16T15:53:37Z	-
expert-annotation/cellpose_npy2/PB000140_cell_segmented_H23_3.npy	24118201	2026-02-16T15:52:55Z	-
expert-annotation/cellpose_npy2/PB000140_cell_segmented_H23_5.npy	24118204	2026-02-16T15:53:06Z	-
expert-annotation/cellpose_npy2/PB000140_cell_segmented_H23_7.npy	24118201	2026-02-16T15:53:17Z	-
expert-annotation/cellpose_npy2/PB000140_cell_segmented_H23_9.npy	24118205	2026-02-16T15:53:27Z	-
expert-annotation/cellpose_npy2/PB000140_cell_segmented_I13_1.npy	24118203	2026-02-16T15:53:47Z	-
expert-annotation/cellpose_npy2/PB000140_cell_segmented_I13_11.npy	24118202	2026-02-16T15:54:39Z	-
expert-annotation/cellpose_npy2/PB000140_cell_segmented_I13_3.npy	24118210	2026-02-16T15:53:58Z	-
expert-annotation/cellpose_npy2/PB000140_cell_segmented_I13_5.npy	24118212	2026-02-16T15:54:08Z	-
expert-annotation/cellpose_npy2/PB000140_cell_segmented_I13_7.npy	24118207	2026-02-16T15:54:18Z	-
expert-annotation/cellpose_npy2/PB000140_cell_segmented_I13_9.npy	24118201	2026-02-16T15:54:29Z	-
expert-annotation/cellpose_npy2/PB000140_cell_segmented_J04_1.npy	24118202	2026-02-16T15:54:50Z	-
expert-annotation/cellpose_npy2/PB000140_cell_segmented_J04_11.npy	24118207	2026-02-16T15:55:41Z	-
expert-annotation/cellpose_npy2/PB000140_cell_segmented_J04_3.npy	24118201	2026-02-16T15:55:00Z	-
expert-annotation/cellpose_npy2/PB000140_cell_segmented_J04_5.npy	24118201	2026-02-16T15:55:10Z	-
expert-annotation/cellpose_npy2/PB000140_cell_segmented_J04_7.npy	24118201	2026-02-16T15:55:21Z	-
expert-annotation/cellpose_npy2/PB000140_cell_segmented_J04_9.npy	24118203	2026-02-16T15:55:31Z	-
expert-annotation/cellpose_npy2/PB000140_cell_segmented_J17_1.npy	24118203	2026-02-16T15:55:52Z	-
expert-annotation/cellpose_npy2/PB000140_cell_segmented_J17_11.npy	24118203	2026-02-16T15:56:44Z	-
expert-annotation/cellpose_npy2/PB000140_cell_segmented_J17_3.npy	24118208	2026-02-16T15:56:02Z	-
expert-annotation/cellpose_npy2/PB000140_cell_segmented_J17_5.npy	24118220	2026-02-16T15:56:12Z	-
expert-annotation/cellpose_npy2/PB000140_cell_segmented_J17_7.npy	24118209	2026-02-16T15:56:23Z	-
expert-annotation/cellpose_npy2/PB000140_cell_segmented_J17_9.npy	24118206	2026-02-16T15:56:33Z	-
expert-annotation/cellpose_npy2/PB000140_cell_segmented_N05_1.npy	24118201	2026-02-16T15:56:55Z	-
expert-annotation/cellpose_npy2/PB000140_cell_segmented_N05_11.npy	24118204	2026-02-16T15:57:48Z	-
expert-annotation/cellpose_npy2/PB000140_cell_segmented_N05_3.npy	24118202	2026-02-16T15:57:06Z	-
expert-annotation/cellpose_npy2/PB000140_cell_segmented_N05_5.npy	24118207	2026-02-16T15:57:17Z	-
expert-annotation/cellpose_npy2/PB000140_cell_segmented_N05_7.npy	24118202	2026-02-16T15:57:27Z	-
expert-annotation/cellpose_npy2/PB000140_cell_segmented_N05_9.npy	24118204	2026-02-16T15:57:38Z	-
expert-annotation/cellpose_npy2/PB000140_nuclei_segmented_B14_1.npy	24118226	2026-02-16T14:58:33Z	-
expert-annotation/cellpose_npy2/PB000140_nuclei_segmented_B14_11.npy	24118280	2026-02-16T14:59:36Z	-
expert-annotation/cellpose_npy2/PB000140_nuclei_segmented_B14_3.npy	24118250	2026-02-16T14:58:44Z	-
expert-annotation/cellpose_npy2/PB000140_nuclei_segmented_B14_5.npy	24118278	2026-02-16T14:58:58Z	-
expert-annotation/cellpose_npy2/PB000140_nuclei_segmented_B14_7.npy	24118297	2026-02-16T14:59:11Z	-
expert-annotation/cellpose_npy2/PB000140_nuclei_segmented_B14_9.npy	24118301	2026-02-16T14:59:23Z	-
expert-annotation/cellpose_npy2/PB000140_nuclei_segmented_C23_1.npy	24118242	2026-02-16T14:59:49Z	-
expert-annotation/cellpose_npy2/PB000140_nuclei_segmented_C23_11.npy	24118273	2026-02-16T15:00:47Z	-
expert-annotation/cellpose_npy2/PB000140_nuclei_segmented_C23_3.npy	24118261	2026-02-16T15:00:00Z	-
expert-annotation/cellpose_npy2/PB000140_nuclei_segmented_C23_5.npy	24118273	2026-02-16T15:00:10Z	-
expert-annotation/cellpose_npy2/PB000140_nuclei_segmented_C23_7.npy	24118283	2026-02-16T15:00:21Z	-
expert-annotation/cellpose_npy2/PB000140_nuclei_segmented_C23_9.npy	24118295	2026-02-16T15:00:34Z	-
expert-annotation/cellpose_npy2/PB000140_nuclei_segmented_D22_1.npy	24118247	2026-02-16T15:00:56Z	-
expert-annotation/cellpose_npy2/PB000140_nuclei_segmented_D22_11.npy	24118220	2026-02-16T15:01:53Z	-
expert-annotation/cellpose_npy2/PB000140_nuclei_segmented_D22_3.npy	24118258	2026-02-16T15:01:08Z	-
expert-annotation/cellpose_npy2/PB000140_nuclei_segmented_D22_5.npy	24118273	2026-02-16T15:01:20Z	-
expert-annotation/cellpose_npy2/PB000140_nuclei_segmented_D22_7.npy	24118268	2026-02-16T15:01:32Z	-
expert-annotation/cellpose_npy2/PB000140_nuclei_segmented_D22_9.npy	24118249	2026-02-16T15:01:43Z	-
expert-annotation/cellpose_npy2/PB000140_nuclei_segmented_G05_1.npy	24118222	2026-02-16T15:02:04Z	-
expert-annotation/cellpose_npy2/PB000140_nuclei_segmented_G05_11.npy	24118260	2026-02-16T15:03:13Z	-
expert-annotation/cellpose_npy2/PB000140_nuclei_segmented_G05_3.npy	24118254	2026-02-16T15:02:15Z	-
expert-annotation/cellpose_npy2/PB000140_nuclei_segmented_G05_5.npy	24118289	2026-02-16T15:02:31Z	-
expert-annotation/cellpose_npy2/PB000140_nuclei_segmented_G05_7.npy	24118294	2026-02-16T15:02:49Z	-
expert-annotation/cellpose_npy2/PB000140_nuclei_segmented_G05_9.npy	24118293	2026-02-16T15:03:01Z	-
expert-annotation/cellpose_npy2/PB000140_nuclei_segmented_G08_1.npy	24118224	2026-02-16T15:03:24Z	-
expert-annotation/cellpose_npy2/PB000140_nuclei_segmented_G08_11.npy	24118304	2026-02-16T15:04:31Z	-
expert-annotation/cellpose_npy2/PB000140_nuclei_segmented_G08_3.npy	24118250	2026-02-16T15:03:35Z	-
expert-annotation/cellpose_npy2/PB000140_nuclei_segmented_G08_5.npy	24118276	2026-02-16T15:03:49Z	-
expert-annotation/cellpose_npy2/PB000140_nuclei_segmented_G08_7.npy	24118301	2026-02-16T15:04:05Z	-
expert-annotation/cellpose_npy2/PB000140_nuclei_segmented_G08_9.npy	24118313	2026-02-16T15:04:19Z	-
expert-annotation/cellpose_npy2/PB000140_nuclei_segmented_G19_1.npy	24118214	2026-02-16T15:04:47Z	-
expert-annotation/cellpose_npy2/PB000140_nuclei_segmented_G19_11.npy	24118297	2026-02-16T15:05:49Z	-
expert-annotation/cellpose_npy2/PB000140_nuclei_segmented_G19_3.npy	24118233	2026-02-16T15:04:58Z	-
expert-annotation/cellpose_npy2/PB000140_nuclei_segmented_G19_5.npy	24118247	2026-02-16T15:05:09Z	-
expert-annotation/cellpose_npy2/PB000140_nuclei_segmented_G19_7.npy	24118267	2026-02-16T15:05:20Z	-
expert-annotation/cellpose_npy2/PB000140_nuclei_segmented_G19_9.npy	24118288	2026-02-16T15:05:35Z	-
expert-annotation/cellpose_npy2/PB000140_nuclei_segmented_H23_1.npy	24118248	2026-02-16T15:06:05Z	-
expert-annotation/cellpose_npy2/PB000140_nuclei_segmented_H23_11.npy	24118359	2026-02-16T15:07:03Z	-
expert-annotation/cellpose_npy2/PB000140_nuclei_segmented_H23_3.npy	24118292	2026-02-16T15:06:18Z	-
expert-annotation/cellpose_npy2/PB000140_nuclei_segmented_H23_5.npy	24118315	2026-02-16T15:06:31Z	-
expert-annotation/cellpose_npy2/PB000140_nuclei_segmented_H23_7.npy	24118337	2026-02-16T15:06:43Z	-
expert-annotation/cellpose_npy2/PB000140_nuclei_segmented_H23_9.npy	24118366	2026-02-16T15:06:53Z	-
expert-annotation/cellpose_npy2/PB000140_nuclei_segmented_I13_1.npy	24118245	2026-02-16T15:07:15Z	-
expert-annotation/cellpose_npy2/PB000140_nuclei_segmented_I13_11.npy	24118228	2026-02-16T15:08:22Z	-
expert-annotation/cellpose_npy2/PB000140_nuclei_segmented_I13_3.npy	24118278	2026-02-16T15:07:26Z	-
expert-annotation/cellpose_npy2/PB000140_nuclei_segmented_I13_5.npy	24118292	2026-02-16T15:07:38Z	-
expert-annotation/cellpose_npy2/PB000140_nuclei_segmented_I13_7.npy	24118284	2026-02-16T15:07:54Z	-
expert-annotation/cellpose_npy2/PB000140_nuclei_segmented_I13_9.npy	24118257	2026-02-16T15:08:08Z	-
expert-annotation/cellpose_npy2/PB000140_nuclei_segmented_J04_1.npy	24118238	2026-02-16T15:08:34Z	-
expert-annotation/cellpose_npy2/PB000140_nuclei_segmented_J04_11.npy	24118281	2026-02-16T15:09:37Z	-
expert-annotation/cellpose_npy2/PB000140_nuclei_segmented_J04_3.npy	24118270	2026-02-16T15:08:45Z	-
expert-annotation/cellpose_npy2/PB000140_nuclei_segmented_J04_5.npy	24118295	2026-02-16T15:08:58Z	-
expert-annotation/cellpose_npy2/PB000140_nuclei_segmented_J04_7.npy	24118301	2026-02-16T15:09:13Z	-
expert-annotation/cellpose_npy2/PB000140_nuclei_segmented_J04_9.npy	24118297	2026-02-16T15:09:26Z	-
expert-annotation/cellpose_npy2/PB000140_nuclei_segmented_J17_1.npy	24118241	2026-02-16T15:09:49Z	-
expert-annotation/cellpose_npy2/PB000140_nuclei_segmented_J17_11.npy	24118278	2026-02-16T15:10:59Z	-
expert-annotation/cellpose_npy2/PB000140_nuclei_segmented_J17_3.npy	24118269	2026-02-16T15:10:02Z	-
expert-annotation/cellpose_npy2/PB000140_nuclei_segmented_J17_5.npy	24118281	2026-02-16T15:10:19Z	-
expert-annotation/cellpose_npy2/PB000140_nuclei_segmented_J17_7.npy	24118301	2026-02-16T15:10:34Z	-
expert-annotation/cellpose_npy2/PB000140_nuclei_segmented_J17_9.npy	24118301	2026-02-16T15:10:46Z	-
expert-annotation/cellpose_npy2/PB000140_nuclei_segmented_N05_1.npy	24118252	2026-02-16T15:11:13Z	-
expert-annotation/cellpose_npy2/PB000140_nuclei_segmented_N05_11.npy	24118421	2026-02-16T15:12:11Z	-
expert-annotation/cellpose_npy2/PB000140_nuclei_segmented_N05_3.npy	24118316	2026-02-16T15:11:25Z	-
expert-annotation/cellpose_npy2/PB000140_nuclei_segmented_N05_5.npy	24118378	2026-02-16T15:11:38Z	-
expert-annotation/cellpose_npy2/PB000140_nuclei_segmented_N05_7.npy	24118425	2026-02-16T15:11:50Z	-
expert-annotation/cellpose_npy2/PB000140_nuclei_segmented_N05_9.npy	24118436	2026-02-16T15:12:00Z	-
expert-annotation/cellpose_npy2/PB000141_cell_segmented_G02_1.npy	24118204	2026-02-16T15:57:58Z	-
expert-annotation/cellpose_npy2/PB000141_cell_segmented_G02_11.npy	24118205	2026-02-16T15:58:51Z	-
expert-annotation/cellpose_npy2/PB000141_cell_segmented_G02_3.npy	24118204	2026-02-16T15:58:09Z	-
expert-annotation/cellpose_npy2/PB000141_cell_segmented_G02_5.npy	24118203	2026-02-16T15:58:18Z	-
expert-annotation/cellpose_npy2/PB000141_cell_segmented_G02_7.npy	24118203	2026-02-16T15:58:28Z	-
expert-annotation/cellpose_npy2/PB000141_cell_segmented_G02_9.npy	24118218	2026-02-16T15:58:40Z	-
expert-annotation/cellpose_npy2/PB000141_cell_segmented_M23_1.npy	24118201	2026-02-16T15:59:01Z	-
expert-annotation/cellpose_npy2/PB000141_cell_segmented_M23_11.npy	24118206	2026-02-16T15:59:52Z	-
expert-annotation/cellpose_npy2/PB000141_cell_segmented_M23_3.npy	24118202	2026-02-16T15:59:10Z	-
expert-annotation/cellpose_npy2/PB000141_cell_segmented_M23_5.npy	24118201	2026-02-16T15:59:21Z	-
expert-annotation/cellpose_npy2/PB000141_cell_segmented_M23_7.npy	24118206	2026-02-16T15:59:32Z	-
expert-annotation/cellpose_npy2/PB000141_cell_segmented_M23_9.npy	24118208	2026-02-16T15:59:42Z	-
expert-annotation/cellpose_npy2/PB000141_nuclei_segmented_G02_1.npy	24118252	2026-02-16T15:12:22Z	-
expert-annotation/cellpose_npy2/PB000141_nuclei_segmented_G02_11.npy	24118365	2026-02-16T15:13:16Z	-
expert-annotation/cellpose_npy2/PB000141_nuclei_segmented_G02_3.npy	24118283	2026-02-16T15:12:33Z	-
expert-annotation/cellpose_npy2/PB000141_nuclei_segmented_G02_5.npy	24118321	2026-02-16T15:12:44Z	-
expert-annotation/cellpose_npy2/PB000141_nuclei_segmented_G02_7.npy	24118338	2026-02-16T15:12:54Z	-
expert-annotation/cellpose_npy2/PB000141_nuclei_segmented_G02_9.npy	24118337	2026-02-16T15:13:05Z	-
expert-annotation/cellpose_npy2/PB000141_nuclei_segmented_M23_1.npy	24118243	2026-02-16T15:13:26Z	-
expert-annotation/cellpose_npy2/PB000141_nuclei_segmented_M23_11.npy	24118340	2026-02-16T15:14:21Z	-
expert-annotation/cellpose_npy2/PB000141_nuclei_segmented_M23_3.npy	24118269	2026-02-16T15:13:36Z	-
expert-annotation/cellpose_npy2/PB000141_nuclei_segmented_M23_5.npy	24118301	2026-02-16T15:13:47Z	-
expert-annotation/cellpose_npy2/PB000141_nuclei_segmented_M23_7.npy	24118327	2026-02-16T15:13:59Z	-
expert-annotation/cellpose_npy2/PB000141_nuclei_segmented_M23_9.npy	24118344	2026-02-16T15:14:10Z	-
expert-annotation/convert_npy_to_tiff.py	339	2026-03-24T15:51:26Z	4aa7786cac31d409d6ebbbfeab51362617e6025c66619eb7e15f77ea09aed370
expert-annotation/error_propagation_depth.svg	66845	2026-04-14T22:55:13Z	-
expert-annotation/error_propagation_heatmap.svg	111251	2026-04-14T22:28:45Z	-
expert-annotation/error_propegation.ipynb	229942	2026-04-14T23:08:49Z	b92fb3e87050426428ccef2ca8d5ea7ba162993ff7b1b5cee2935ae1f7b609c6
expert-annotation/expert_npy/PB000137_cell_segmented_D12_1.npy	9087355	2026-02-16T09:01:12Z	-
expert-annotation/expert_npy/PB000137_cell_segmented_D12_11.npy	11358858	2026-02-16T09:01:44Z	-
expert-annotation/expert_npy/PB000137_cell_segmented_D12_3.npy	8598224	2026-02-16T09:01:18Z	-
expert-annotation/expert_npy/PB000137_cell_segmented_D12_5.npy	9543801	2026-02-16T09:01:24Z	-
expert-annotation/expert_npy/PB000137_cell_segmented_D12_7.npy	9058384	2026-02-16T09:01:30Z	-
expert-annotation/expert_npy/PB000137_cell_segmented_D12_9.npy	10135580	2026-02-16T09:01:37Z	-
expert-annotation/expert_npy/PB000137_cell_segmented_F06_1.npy	5116586	2026-02-16T09:01:48Z	-
expert-annotation/expert_npy/PB000137_cell_segmented_F06_11.npy	12278633	2026-02-16T09:02:30Z	-
expert-annotation/expert_npy/PB000137_cell_segmented_F06_3.npy	10043629	2026-02-16T09:01:57Z	-
expert-annotation/expert_npy/PB000137_cell_segmented_F06_5.npy	10211630	2026-02-16T09:02:04Z	-
expert-annotation/expert_npy/PB000137_cell_segmented_F06_7.npy	10349821	2026-02-16T09:02:12Z	-
expert-annotation/expert_npy/PB000137_cell_segmented_F06_9.npy	12089916	2026-02-16T09:02:21Z	-
expert-annotation/expert_npy/PB000137_nuclei_segmented_D12_1.npy	8864798	2026-02-16T09:00:47Z	-
expert-annotation/expert_npy/PB000137_nuclei_segmented_D12_11.npy	8878781	2026-02-16T09:01:40Z	-
expert-annotation/expert_npy/PB000137_nuclei_segmented_D12_3.npy	8640444	2026-02-16T09:00:56Z	-
expert-annotation/expert_npy/PB000137_nuclei_segmented_D12_5.npy	8711131	2026-02-16T09:01:05Z	-
expert-annotation/expert_npy/PB000137_nuclei_segmented_D12_7.npy	8799557	2026-02-16T09:01:17Z	-
expert-annotation/expert_npy/PB000137_nuclei_segmented_D12_9.npy	8584368	2026-02-16T09:01:28Z	-
expert-annotation/expert_npy/PB000137_nuclei_segmented_F06_1.npy	8527380	2026-02-16T09:01:53Z	-
expert-annotation/expert_npy/PB000137_nuclei_segmented_F06_11.npy	8811887	2026-02-16T09:02:57Z	-
expert-annotation/expert_npy/PB000137_nuclei_segmented_F06_3.npy	8440808	2026-02-16T09:02:06Z	-
expert-annotation/expert_npy/PB000137_nuclei_segmented_F06_5.npy	8494461	2026-02-16T09:02:19Z	-
expert-annotation/expert_npy/PB000137_nuclei_segmented_F06_7.npy	9403037	2026-02-16T09:02:33Z	-
expert-annotation/expert_npy/PB000137_nuclei_segmented_F06_9.npy	8627407	2026-02-16T09:02:45Z	-
expert-annotation/expert_npy/PB000139_cell_segmented_C03_1.npy	5768098	2026-02-16T09:02:34Z	-
expert-annotation/expert_npy/PB000139_cell_segmented_C03_11.npy	4965814	2026-02-16T09:02:55Z	-
expert-annotation/expert_npy/PB000139_cell_segmented_C03_3.npy	6189184	2026-02-16T09:02:38Z	-
expert-annotation/expert_npy/PB000139_cell_segmented_C03_5.npy	6092118	2026-02-16T09:02:43Z	-
expert-annotation/expert_npy/PB000139_cell_segmented_C03_7.npy	5978483	2026-02-16T09:02:48Z	-
expert-annotation/expert_npy/PB000139_cell_segmented_C03_9.npy	5195942	2026-02-16T09:02:52Z	-
expert-annotation/expert_npy/PB000139_cell_segmented_C12_1.npy	5528317	2026-02-16T09:02:59Z	-
expert-annotation/expert_npy/PB000139_cell_segmented_C12_11.npy	5423743	2026-02-16T09:03:24Z	-
expert-annotation/expert_npy/PB000139_cell_segmented_C12_3.npy	6688959	2026-02-16T09:03:04Z	-
expert-annotation/expert_npy/PB000139_cell_segmented_C12_5.npy	7408202	2026-02-16T09:03:10Z	-
expert-annotation/expert_npy/PB000139_cell_segmented_C12_7.npy	7562021	2026-02-16T09:03:16Z	-
expert-annotation/expert_npy/PB000139_cell_segmented_C12_9.npy	6286230	2026-02-16T09:03:20Z	-
expert-annotation/expert_npy/PB000139_cell_segmented_C14_1.npy	5916778	2026-02-16T09:03:29Z	-
expert-annotation/expert_npy/PB000139_cell_segmented_C14_11.npy	4522176	2026-02-16T09:03:49Z	-
expert-annotation/expert_npy/PB000139_cell_segmented_C14_3.npy	6106587	2026-02-16T09:03:34Z	-
expert-annotation/expert_npy/PB000139_cell_segmented_C14_5.npy	6193275	2026-02-16T09:03:39Z	-
expert-annotation/expert_npy/PB000139_cell_segmented_C14_7.npy	5402611	2026-02-16T09:03:42Z	-
expert-annotation/expert_npy/PB000139_cell_segmented_C14_9.npy	5087712	2026-02-16T09:03:46Z	-
expert-annotation/expert_npy/PB000139_cell_segmented_C23_1.npy	7049853	2026-02-16T09:03:54Z	-
expert-annotation/expert_npy/PB000139_cell_segmented_C23_11.npy	5083142	2026-02-16T09:04:17Z	-
expert-annotation/expert_npy/PB000139_cell_segmented_C23_3.npy	8141369	2026-02-16T09:03:59Z	-
expert-annotation/expert_npy/PB000139_cell_segmented_C23_5.npy	6918353	2026-02-16T09:04:04Z	-
expert-annotation/expert_npy/PB000139_cell_segmented_C23_7.npy	6964385	2026-02-16T09:04:09Z	-
expert-annotation/expert_npy/PB000139_cell_segmented_C23_9.npy	6009974	2026-02-16T09:04:14Z	-
expert-annotation/expert_npy/PB000139_cell_segmented_D06_1.npy	5129564	2026-02-16T09:04:21Z	-
expert-annotation/expert_npy/PB000139_cell_segmented_D06_11.npy	6667099	2026-02-16T09:04:45Z	-
expert-annotation/expert_npy/PB000139_cell_segmented_D06_3.npy	6375691	2026-02-16T09:04:26Z	-
expert-annotation/expert_npy/PB000139_cell_segmented_D06_5.npy	7149810	2026-02-16T09:04:31Z	-
expert-annotation/expert_npy/PB000139_cell_segmented_D06_7.npy	7474348	2026-02-16T09:04:36Z	-
expert-annotation/expert_npy/PB000139_cell_segmented_D06_9.npy	6745196	2026-02-16T09:04:40Z	-
expert-annotation/expert_npy/PB000139_cell_segmented_D11_1.npy	4662543	2026-02-16T09:04:48Z	-
expert-annotation/expert_npy/PB000139_cell_segmented_D11_11.npy	4876009	2026-02-16T09:05:08Z	-
expert-annotation/expert_npy/PB000139_cell_segmented_D11_3.npy	5869897	2026-02-16T09:04:52Z	-
expert-annotation/expert_npy/PB000139_cell_segmented_D11_5.npy	5993113	2026-02-16T09:04:56Z	-
expert-annotation/expert_npy/PB000139_cell_segmented_D11_7.npy	5979646	2026-02-16T09:05:00Z	-
expert-annotation/expert_npy/PB000139_cell_segmented_D11_9.npy	5659545	2026-02-16T09:05:04Z	-
expert-annotation/expert_npy/PB000139_cell_segmented_G08_1.npy	6698590	2026-02-16T09:05:13Z	-
expert-annotation/expert_npy/PB000139_cell_segmented_G08_11.npy	9760584	2026-02-16T09:05:46Z	-
expert-annotation/expert_npy/PB000139_cell_segmented_G08_3.npy	8934008	2026-02-16T09:05:19Z	-
expert-annotation/expert_npy/PB000139_cell_segmented_G08_5.npy	9093853	2026-02-16T09:05:25Z	-
expert-annotation/expert_npy/PB000139_cell_segmented_G08_7.npy	10266017	2026-02-16T09:05:32Z	-
expert-annotation/expert_npy/PB000139_cell_segmented_G08_9.npy	10679589	2026-02-16T09:05:39Z	-
expert-annotation/expert_npy/PB000139_cell_segmented_J06_1.npy	5739268	2026-02-16T09:05:50Z	-
expert-annotation/expert_npy/PB000139_cell_segmented_J06_11.npy	7354499	2026-02-16T09:06:14Z	-
expert-annotation/expert_npy/PB000139_cell_segmented_J06_3.npy	6794011	2026-02-16T09:05:55Z	-
expert-annotation/expert_npy/PB000139_cell_segmented_J06_5.npy	8273486	2026-02-16T09:06:01Z	-
expert-annotation/expert_npy/PB000139_cell_segmented_J06_7.npy	7246096	2026-02-16T09:06:05Z	-
expert-annotation/expert_npy/PB000139_cell_segmented_J06_9.npy	6086915	2026-02-16T09:06:10Z	-
expert-annotation/expert_npy/PB000139_cell_segmented_J15_1.npy	6143535	2026-02-16T09:06:18Z	-
expert-annotation/expert_npy/PB000139_cell_segmented_J15_11.npy	5344650	2026-02-16T09:06:41Z	-
expert-annotation/expert_npy/PB000139_cell_segmented_J15_3.npy	8128762	2026-02-16T09:06:24Z	-
expert-annotation/expert_npy/PB000139_cell_segmented_J15_5.npy	8064172	2026-02-16T09:06:29Z	-
expert-annotation/expert_npy/PB000139_cell_segmented_J15_7.npy	9030609	2026-02-16T09:06:34Z	-
expert-annotation/expert_npy/PB000139_cell_segmented_J15_9.npy	5471393	2026-02-16T09:06:37Z	-
expert-annotation/expert_npy/PB000139_nuclei_segmented_C03_1.npy	8698793	2026-02-16T09:03:10Z	-
expert-annotation/expert_npy/PB000139_nuclei_segmented_C03_11.npy	4449050	2026-02-16T09:03:51Z	-
expert-annotation/expert_npy/PB000139_nuclei_segmented_C03_3.npy	5694415	2026-02-16T09:03:18Z	-
expert-annotation/expert_npy/PB000139_nuclei_segmented_C03_5.npy	5527897	2026-02-16T09:03:23Z	-
expert-annotation/expert_npy/PB000139_nuclei_segmented_C03_7.npy	9170712	2026-02-16T09:03:34Z	-
expert-annotation/expert_npy/PB000139_nuclei_segmented_C03_9.npy	5297296	2026-02-16T09:03:44Z	-
expert-annotation/expert_npy/PB000139_nuclei_segmented_C12_1.npy	8604274	2026-02-16T09:04:03Z	-
expert-annotation/expert_npy/PB000139_nuclei_segmented_C12_11.npy	4755185	2026-02-16T09:04:50Z	-
expert-annotation/expert_npy/PB000139_nuclei_segmented_C12_3.npy	8436913	2026-02-16T09:04:14Z	-
expert-annotation/expert_npy/PB000139_nuclei_segmented_C12_5.npy	8663578	2026-02-16T09:04:27Z	-
expert-annotation/expert_npy/PB000139_nuclei_segmented_C12_7.npy	17528889	2026-02-16T09:04:43Z	-
expert-annotation/expert_npy/PB000139_nuclei_segmented_C12_9.npy	5245904	2026-02-16T09:04:47Z	-
expert-annotation/expert_npy/PB000139_nuclei_segmented_C14_1.npy	8705272	2026-02-16T09:04:56Z	-
expert-annotation/expert_npy/PB000139_nuclei_segmented_C14_11.npy	4419471	2026-02-16T09:05:14Z	-
expert-annotation/expert_npy/PB000139_nuclei_segmented_C14_3.npy	5486978	2026-02-16T09:04:59Z	-
expert-annotation/expert_npy/PB000139_nuclei_segmented_C14_5.npy	5183668	2026-02-16T09:05:03Z	-
expert-annotation/expert_npy/PB000139_nuclei_segmented_C14_7.npy	5049962	2026-02-16T09:05:07Z	-
expert-annotation/expert_npy/PB000139_nuclei_segmented_C14_9.npy	4735713	2026-02-16T09:05:11Z	-
expert-annotation/expert_npy/PB000139_nuclei_segmented_C23_1.npy	5153947	2026-02-16T09:05:18Z	-
expert-annotation/expert_npy/PB000139_nuclei_segmented_C23_11.npy	5144684	2026-02-16T09:05:39Z	-
expert-annotation/expert_npy/PB000139_nuclei_segmented_C23_3.npy	6330370	2026-02-16T09:05:23Z	-
expert-annotation/expert_npy/PB000139_nuclei_segmented_C23_5.npy	6340914	2026-02-16T09:05:27Z	-
expert-annotation/expert_npy/PB000139_nuclei_segmented_C23_7.npy	6786827	2026-02-16T09:05:32Z	-
expert-annotation/expert_npy/PB000139_nuclei_segmented_C23_9.npy	4931156	2026-02-16T09:05:35Z	-
expert-annotation/expert_npy/PB000139_nuclei_segmented_D06_1.npy	4720199	2026-02-16T09:05:42Z	-
expert-annotation/expert_npy/PB000139_nuclei_segmented_D06_11.npy	5433242	2026-02-16T09:06:04Z	-
expert-annotation/expert_npy/PB000139_nuclei_segmented_D06_3.npy	5434770	2026-02-16T09:05:46Z	-
expert-annotation/expert_npy/PB000139_nuclei_segmented_D06_5.npy	6600292	2026-02-16T09:05:51Z	-
expert-annotation/expert_npy/PB000139_nuclei_segmented_D06_7.npy	6706442	2026-02-16T09:05:56Z	-
expert-annotation/expert_npy/PB000139_nuclei_segmented_D06_9.npy	6318417	2026-02-16T09:06:01Z	-
expert-annotation/expert_npy/PB000139_nuclei_segmented_D11_1.npy	4876651	2026-02-16T09:06:08Z	-
expert-annotation/expert_npy/PB000139_nuclei_segmented_D11_11.npy	4620524	2026-02-16T09:06:26Z	-
expert-annotation/expert_npy/PB000139_nuclei_segmented_D11_3.npy	5631004	2026-02-16T09:06:12Z	-
expert-annotation/expert_npy/PB000139_nuclei_segmented_D11_5.npy	6071847	2026-02-16T09:06:15Z	-
expert-annotation/expert_npy/PB000139_nuclei_segmented_D11_7.npy	5236687	2026-02-16T09:06:19Z	-
expert-annotation/expert_npy/PB000139_nuclei_segmented_D11_9.npy	4981034	2026-02-16T09:06:22Z	-
expert-annotation/expert_npy/PB000139_nuclei_segmented_G08_1.npy	8913445	2026-02-16T09:06:31Z	-
expert-annotation/expert_npy/PB000139_nuclei_segmented_G08_11.npy	6416142	2026-02-16T09:07:00Z	-
expert-annotation/expert_npy/PB000139_nuclei_segmented_G08_3.npy	9299851	2026-02-16T09:06:36Z	-
expert-annotation/expert_npy/PB000139_nuclei_segmented_G08_5.npy	9353925	2026-02-16T09:06:43Z	-
expert-annotation/expert_npy/PB000139_nuclei_segmented_G08_7.npy	10197432	2026-02-16T09:06:49Z	-
expert-annotation/expert_npy/PB000139_nuclei_segmented_G08_9.npy	9260084	2026-02-16T09:06:55Z	-
expert-annotation/expert_npy/PB000139_nuclei_segmented_J06_1.npy	5235476	2026-02-16T09:07:04Z	-
expert-annotation/expert_npy/PB000139_nuclei_segmented_J06_11.npy	5210255	2026-02-16T09:07:26Z	-
expert-annotation/expert_npy/PB000139_nuclei_segmented_J06_3.npy	7011980	2026-02-16T09:07:08Z	-
expert-annotation/expert_npy/PB000139_nuclei_segmented_J06_5.npy	9908617	2026-02-16T09:07:14Z	-
expert-annotation/expert_npy/PB000139_nuclei_segmented_J06_7.npy	6449119	2026-02-16T09:07:19Z	-
expert-annotation/expert_npy/PB000139_nuclei_segmented_J06_9.npy	5702575	2026-02-16T09:07:23Z	-
expert-annotation/expert_npy/PB000139_nuclei_segmented_J15_1.npy	8849949	2026-02-16T09:07:32Z	-
expert-annotation/expert_npy/PB000139_nuclei_segmented_J15_11.npy	4957294	2026-02-16T09:07:58Z	-
expert-annotation/expert_npy/PB000139_nuclei_segmented_J15_3.npy	8541279	2026-02-16T09:07:37Z	-
expert-annotation/expert_npy/PB000139_nuclei_segmented_J15_5.npy	8529293	2026-02-16T09:07:43Z	-
expert-annotation/expert_npy/PB000139_nuclei_segmented_J15_7.npy	8570329	2026-02-16T09:07:48Z	-
expert-annotation/expert_npy/PB000139_nuclei_segmented_J15_9.npy	9023301	2026-02-16T09:07:54Z	-
expert-annotation/expert_npy/PB000140_cell_segmented_B14_1.npy	5901168	2026-02-16T09:06:46Z	-
expert-annotation/expert_npy/PB000140_cell_segmented_B14_11.npy	5920851	2026-02-16T09:07:13Z	-
expert-annotation/expert_npy/PB000140_cell_segmented_B14_3.npy	8872850	2026-02-16T09:06:51Z	-
expert-annotation/expert_npy/PB000140_cell_segmented_B14_5.npy	9680191	2026-02-16T09:06:58Z	-
expert-annotation/expert_npy/PB000140_cell_segmented_B14_7.npy	9271568	2026-02-16T09:07:04Z	-
expert-annotation/expert_npy/PB000140_cell_segmented_B14_9.npy	7452156	2026-02-16T09:07:08Z	-
expert-annotation/expert_npy/PB000140_cell_segmented_C23_1.npy	6330432	2026-02-16T09:07:17Z	-
expert-annotation/expert_npy/PB000140_cell_segmented_C23_11.npy	5556071	2026-02-16T09:07:42Z	-
expert-annotation/expert_npy/PB000140_cell_segmented_C23_3.npy	8187293	2026-02-16T09:07:23Z	-
expert-annotation/expert_npy/PB000140_cell_segmented_C23_5.npy	6693444	2026-02-16T09:07:26Z	-
expert-annotation/expert_npy/PB000140_cell_segmented_C23_7.npy	6310661	2026-02-16T09:07:31Z	-
expert-annotation/expert_npy/PB000140_cell_segmented_C23_9.npy	11873993	2026-02-16T09:07:38Z	-
expert-annotation/expert_npy/PB000140_cell_segmented_D22_1.npy	10066862	2026-02-16T09:07:49Z	-
expert-annotation/expert_npy/PB000140_cell_segmented_D22_11.npy	4557770	2026-02-16T09:08:07Z	-
expert-annotation/expert_npy/PB000140_cell_segmented_D22_3.npy	5387653	2026-02-16T09:07:53Z	-
expert-annotation/expert_npy/PB000140_cell_segmented_D22_5.npy	5745549	2026-02-16T09:07:57Z	-
expert-annotation/expert_npy/PB000140_cell_segmented_D22_7.npy	5084867	2026-02-16T09:08:01Z	-
expert-annotation/expert_npy/PB000140_cell_segmented_D22_9.npy	4709530	2026-02-16T09:08:04Z	-
expert-annotation/expert_npy/PB000140_cell_segmented_G05_1.npy	4736107	2026-02-16T09:08:11Z	-
expert-annotation/expert_npy/PB000140_cell_segmented_G05_11.npy	5251745	2026-02-16T09:08:38Z	-
expert-annotation/expert_npy/PB000140_cell_segmented_G05_3.npy	13799444	2026-02-16T09:08:20Z	-
expert-annotation/expert_npy/PB000140_cell_segmented_G05_5.npy	6056157	2026-02-16T09:08:24Z	-
expert-annotation/expert_npy/PB000140_cell_segmented_G05_7.npy	5408851	2026-02-16T09:08:29Z	-
expert-annotation/expert_npy/PB000140_cell_segmented_G05_9.npy	5992685	2026-02-16T09:08:33Z	-
expert-annotation/expert_npy/PB000140_cell_segmented_G08_1.npy	5028599	2026-02-16T09:08:42Z	-
expert-annotation/expert_npy/PB000140_cell_segmented_G08_11.npy	6811488	2026-02-16T09:09:07Z	-
expert-annotation/expert_npy/PB000140_cell_segmented_G08_3.npy	6173067	2026-02-16T09:08:47Z	-
expert-annotation/expert_npy/PB000140_cell_segmented_G08_5.npy	6386115	2026-02-16T09:08:52Z	-
expert-annotation/expert_npy/PB000140_cell_segmented_G08_7.npy	7241946	2026-02-16T09:08:57Z	-
expert-annotation/expert_npy/PB000140_cell_segmented_G08_9.npy	6885969	2026-02-16T09:09:02Z	-
expert-annotation/expert_npy/PB000140_cell_segmented_G19_1.npy	4976562	2026-02-16T09:09:10Z	-
expert-annotation/expert_npy/PB000140_cell_segmented_G19_11.npy	7047938	2026-02-16T09:09:39Z	-
expert-annotation/expert_npy/PB000140_cell_segmented_G19_3.npy	7180422	2026-02-16T09:09:15Z	-
expert-annotation/expert_npy/PB000140_cell_segmented_G19_5.npy	8741707	2026-02-16T09:09:21Z	-
expert-annotation/expert_npy/PB000140_cell_segmented_G19_7.npy	9194121	2026-02-16T09:09:27Z	-
expert-annotation/expert_npy/PB000140_cell_segmented_G19_9.npy	10374655	2026-02-16T09:09:34Z	-
expert-annotation/expert_npy/PB000140_cell_segmented_H23_1.npy	6627737	2026-02-16T09:09:44Z	-
expert-annotation/expert_npy/PB000140_cell_segmented_H23_11.npy	12791847	2026-02-16T09:10:20Z	-
expert-annotation/expert_npy/PB000140_cell_segmented_H23_3.npy	7637536	2026-02-16T09:09:49Z	-
expert-annotation/expert_npy/PB000140_cell_segmented_H23_5.npy	8438548	2026-02-16T09:09:56Z	-
expert-annotation/expert_npy/PB000140_cell_segmented_H23_7.npy	9935639	2026-02-16T09:10:03Z	-
expert-annotation/expert_npy/PB000140_cell_segmented_H23_9.npy	12105583	2026-02-16T09:10:11Z	-
expert-annotation/expert_npy/PB000140_cell_segmented_I13_1.npy	5882158	2026-02-16T09:10:24Z	-
expert-annotation/expert_npy/PB000140_cell_segmented_I13_11.npy	5463106	2026-02-16T09:10:47Z	-
expert-annotation/expert_npy/PB000140_cell_segmented_I13_3.npy	6895377	2026-02-16T09:10:29Z	-
expert-annotation/expert_npy/PB000140_cell_segmented_I13_5.npy	7588637	2026-02-16T09:10:35Z	-
expert-annotation/expert_npy/PB000140_cell_segmented_I13_7.npy	6721923	2026-02-16T09:10:39Z	-
expert-annotation/expert_npy/PB000140_cell_segmented_I13_9.npy	6452750	2026-02-16T09:10:43Z	-
expert-annotation/expert_npy/PB000140_cell_segmented_J04_1.npy	6821279	2026-02-16T09:10:52Z	-
expert-annotation/expert_npy/PB000140_cell_segmented_J04_11.npy	6653597	2026-02-16T09:11:20Z	-
expert-annotation/expert_npy/PB000140_cell_segmented_J04_3.npy	8189746	2026-02-16T09:10:57Z	-
expert-annotation/expert_npy/PB000140_cell_segmented_J04_5.npy	9353691	2026-02-16T09:11:04Z	-
expert-annotation/expert_npy/PB000140_cell_segmented_J04_7.npy	8370052	2026-02-16T09:11:09Z	-
expert-annotation/expert_npy/PB000140_cell_segmented_J04_9.npy	9207790	2026-02-16T09:11:15Z	-
expert-annotation/expert_npy/PB000140_cell_segmented_J17_1.npy	7841487	2026-02-16T09:11:26Z	-
expert-annotation/expert_npy/PB000140_cell_segmented_J17_11.npy	10364482	2026-02-16T09:12:08Z	-
expert-annotation/expert_npy/PB000140_cell_segmented_J17_3.npy	9499132	2026-02-16T09:11:32Z	-
expert-annotation/expert_npy/PB000140_cell_segmented_J17_5.npy	16800935	2026-02-16T09:11:43Z	-
expert-annotation/expert_npy/PB000140_cell_segmented_J17_7.npy	14868233	2026-02-16T09:11:52Z	-
expert-annotation/expert_npy/PB000140_cell_segmented_J17_9.npy	14385860	2026-02-16T09:12:01Z	-
expert-annotation/expert_npy/PB000140_cell_segmented_N05_1.npy	7089911	2026-02-16T09:12:12Z	-
expert-annotation/expert_npy/PB000140_cell_segmented_N05_11.npy	8458479	2026-02-16T09:12:46Z	-
expert-annotation/expert_npy/PB000140_cell_segmented_N05_3.npy	12262035	2026-02-16T09:12:19Z	-
expert-annotation/expert_npy/PB000140_cell_segmented_N05_5.npy	14927788	2026-02-16T09:12:29Z	-
expert-annotation/expert_npy/PB000140_cell_segmented_N05_7.npy	15713452	2026-02-16T09:12:40Z	-
expert-annotation/expert_npy/PB000140_cell_segmented_N05_9.npy	24118204	2026-03-25T10:52:54Z	-
expert-annotation/expert_npy/PB000140_nuclei_segmented_B14_1.npy	8642955	2026-02-16T09:08:04Z	-
expert-annotation/expert_npy/PB000140_nuclei_segmented_B14_11.npy	8674883	2026-02-16T09:08:34Z	-
expert-annotation/expert_npy/PB000140_nuclei_segmented_B14_3.npy	8413845	2026-02-16T09:08:09Z	-
expert-annotation/expert_npy/PB000140_nuclei_segmented_B14_5.npy	8670521	2026-02-16T09:08:15Z	-
expert-annotation/expert_npy/PB000140_nuclei_segmented_B14_7.npy	8479325	2026-02-16T09:08:21Z	-
expert-annotation/expert_npy/PB000140_nuclei_segmented_B14_9.npy	8494570	2026-02-16T09:08:27Z	-
expert-annotation/expert_npy/PB000140_nuclei_segmented_C23_1.npy	5005426	2026-02-16T09:08:39Z	-
expert-annotation/expert_npy/PB000140_nuclei_segmented_C23_11.npy	5483785	2026-02-16T09:09:01Z	-
expert-annotation/expert_npy/PB000140_nuclei_segmented_C23_3.npy	5619831	2026-02-16T09:08:43Z	-
expert-annotation/expert_npy/PB000140_nuclei_segmented_C23_5.npy	5732467	2026-02-16T09:08:47Z	-
expert-annotation/expert_npy/PB000140_nuclei_segmented_C23_7.npy	6160472	2026-02-16T09:08:53Z	-
expert-annotation/expert_npy/PB000140_nuclei_segmented_C23_9.npy	5948798	2026-02-16T09:08:57Z	-
expert-annotation/expert_npy/PB000140_nuclei_segmented_D22_1.npy	8659798	2026-02-16T09:09:07Z	-
expert-annotation/expert_npy/PB000140_nuclei_segmented_D22_11.npy	4572644	2026-02-16T09:09:27Z	-
expert-annotation/expert_npy/PB000140_nuclei_segmented_D22_3.npy	8691750	2026-02-16T09:09:12Z	-
expert-annotation/expert_npy/PB000140_nuclei_segmented_D22_5.npy	5492757	2026-02-16T09:09:16Z	-
expert-annotation/expert_npy/PB000140_nuclei_segmented_D22_7.npy	5194952	2026-02-16T09:09:20Z	-
expert-annotation/expert_npy/PB000140_nuclei_segmented_D22_9.npy	4819039	2026-02-16T09:09:23Z	-
expert-annotation/expert_npy/PB000140_nuclei_segmented_G05_1.npy	8471741	2026-02-16T09:09:33Z	-
expert-annotation/expert_npy/PB000140_nuclei_segmented_G05_11.npy	5128808	2026-02-16T09:09:52Z	-
expert-annotation/expert_npy/PB000140_nuclei_segmented_G05_3.npy	5283143	2026-02-16T09:09:37Z	-
expert-annotation/expert_npy/PB000140_nuclei_segmented_G05_5.npy	5412844	2026-02-16T09:09:40Z	-
expert-annotation/expert_npy/PB000140_nuclei_segmented_G05_7.npy	5126107	2026-02-16T09:09:44Z	-
expert-annotation/expert_npy/PB000140_nuclei_segmented_G05_9.npy	5337187	2026-02-16T09:09:48Z	-
expert-annotation/expert_npy/PB000140_nuclei_segmented_G08_1.npy	8471462	2026-02-16T09:09:59Z	-
expert-annotation/expert_npy/PB000140_nuclei_segmented_G08_11.npy	9090742	2026-02-16T09:10:29Z	-
expert-annotation/expert_npy/PB000140_nuclei_segmented_G08_3.npy	8922359	2026-02-16T09:10:05Z	-
expert-annotation/expert_npy/PB000140_nuclei_segmented_G08_5.npy	8583425	2026-02-16T09:10:11Z	-
expert-annotation/expert_npy/PB000140_nuclei_segmented_G08_7.npy	8597877	2026-02-16T09:10:16Z	-
expert-annotation/expert_npy/PB000140_nuclei_segmented_G08_9.npy	8645890	2026-02-16T09:10:23Z	-
expert-annotation/expert_npy/PB000140_nuclei_segmented_G19_1.npy	8607073	2026-02-16T09:10:35Z	-
expert-annotation/expert_npy/PB000140_nuclei_segmented_G19_11.npy	8701366	2026-02-16T09:11:04Z	-
expert-annotation/expert_npy/PB000140_nuclei_segmented_G19_3.npy	8715923	2026-02-16T09:10:41Z	-
expert-annotation/expert_npy/PB000140_nuclei_segmented_G19_5.npy	8727698	2026-02-16T09:10:46Z	-
expert-annotation/expert_npy/PB000140_nuclei_segmented_G19_7.npy	8468880	2026-02-16T09:10:52Z	-
expert-annotation/expert_npy/PB000140_nuclei_segmented_G19_9.npy	8481195	2026-02-16T09:10:58Z	-
expert-annotation/expert_npy/PB000140_nuclei_segmented_H23_1.npy	8414987	2026-02-16T09:11:10Z	-
expert-annotation/expert_npy/PB000140_nuclei_segmented_H23_11.npy	9185748	2026-02-16T09:11:40Z	-
expert-annotation/expert_npy/PB000140_nuclei_segmented_H23_3.npy	8658907	2026-02-16T09:11:15Z	-
expert-annotation/expert_npy/PB000140_nuclei_segmented_H23_5.npy	8966139	2026-02-16T09:11:22Z	-
expert-annotation/expert_npy/PB000140_nuclei_segmented_H23_7.npy	8717042	2026-02-16T09:11:28Z	-
expert-annotation/expert_npy/PB000140_nuclei_segmented_H23_9.npy	8775566	2026-02-16T09:11:34Z	-
expert-annotation/expert_npy/PB000140_nuclei_segmented_I13_1.npy	8990647	2026-02-16T09:11:46Z	-
expert-annotation/expert_npy/PB000140_nuclei_segmented_I13_11.npy	5296584	2026-02-16T09:12:11Z	-
expert-annotation/expert_npy/PB000140_nuclei_segmented_I13_3.npy	9130491	2026-02-16T09:11:52Z	-
expert-annotation/expert_npy/PB000140_nuclei_segmented_I13_5.npy	9590434	2026-02-16T09:11:58Z	-
expert-annotation/expert_npy/PB000140_nuclei_segmented_I13_7.npy	9826458	2026-02-16T09:12:04Z	-
expert-annotation/expert_npy/PB000140_nuclei_segmented_I13_9.npy	5387726	2026-02-16T09:12:08Z	-
expert-annotation/expert_npy/PB000140_nuclei_segmented_J04_1.npy	5629376	2026-02-16T09:12:15Z	-
expert-annotation/expert_npy/PB000140_nuclei_segmented_J04_11.npy	7045212	2026-02-16T09:12:38Z	-
expert-annotation/expert_npy/PB000140_nuclei_segmented_J04_3.npy	6193081	2026-02-16T09:12:19Z	-
expert-annotation/expert_npy/PB000140_nuclei_segmented_J04_5.npy	6998671	2026-02-16T09:12:24Z	-
expert-annotation/expert_npy/PB000140_nuclei_segmented_J04_7.npy	6326095	2026-02-16T09:12:28Z	-
expert-annotation/expert_npy/PB000140_nuclei_segmented_J04_9.npy	6068511	2026-02-16T09:12:32Z	-
expert-annotation/expert_npy/PB000140_nuclei_segmented_J17_1.npy	5227874	2026-02-16T09:12:42Z	-
expert-annotation/expert_npy/PB000140_nuclei_segmented_J17_11.npy	6708069	2026-02-16T09:13:07Z	-
expert-annotation/expert_npy/PB000140_nuclei_segmented_J17_3.npy	6973788	2026-02-16T09:12:47Z	-
expert-annotation/expert_npy/PB000140_nuclei_segmented_J17_5.npy	6543889	2026-02-16T09:12:53Z	-
expert-annotation/expert_npy/PB000140_nuclei_segmented_J17_7.npy	8439491	2026-02-16T09:12:58Z	-
expert-annotation/expert_npy/PB000140_nuclei_segmented_J17_9.npy	7429497	2026-02-16T09:13:03Z	-
expert-annotation/expert_npy/PB000140_nuclei_segmented_N05_1.npy	5947963	2026-02-16T09:13:12Z	-
expert-annotation/expert_npy/PB000140_nuclei_segmented_N05_11.npy	8731451	2026-02-16T09:13:32Z	-
expert-annotation/expert_npy/PB000140_nuclei_segmented_N05_3.npy	8088665	2026-02-16T09:13:17Z	-
expert-annotation/expert_npy/PB000140_nuclei_segmented_N05_5.npy	24118378	2026-03-25T10:51:24Z	-
expert-annotation/expert_npy/PB000140_nuclei_segmented_N05_7.npy	24118425	2026-03-25T10:51:30Z	-
expert-annotation/expert_npy/PB000140_nuclei_segmented_N05_9.npy	8629609	2026-02-16T09:13:24Z	-
expert-annotation/expert_npy/PB000141_cell_segmented_G02_1.npy	8225474	2026-02-16T09:12:53Z	-
expert-annotation/expert_npy/PB000141_cell_segmented_G02_11.npy	7083820	2026-02-16T09:13:23Z	-
expert-annotation/expert_npy/PB000141_cell_segmented_G02_3.npy	10139649	2026-02-16T09:12:59Z	-
expert-annotation/expert_npy/PB000141_cell_segmented_G02_5.npy	9389619	2026-02-16T09:13:05Z	-
expert-annotation/expert_npy/PB000141_cell_segmented_G02_7.npy	8484867	2026-02-16T09:13:11Z	-
expert-annotation/expert_npy/PB000141_cell_segmented_G02_9.npy	9292646	2026-02-16T09:13:17Z	-
expert-annotation/expert_npy/PB000141_cell_segmented_M23_1.npy	6400404	2026-02-16T09:13:29Z	-
expert-annotation/expert_npy/PB000141_cell_segmented_M23_11.npy	9659792	2026-02-16T09:14:03Z	-
expert-annotation/expert_npy/PB000141_cell_segmented_M23_3.npy	10885978	2026-02-16T09:13:38Z	-
expert-annotation/expert_npy/PB000141_cell_segmented_M23_5.npy	9586345	2026-02-16T09:13:43Z	-
expert-annotation/expert_npy/PB000141_cell_segmented_M23_7.npy	10789271	2026-02-16T09:13:50Z	-
expert-annotation/expert_npy/PB000141_cell_segmented_M23_9.npy	9638589	2026-02-16T09:13:56Z	-
expert-annotation/expert_npy/PB000141_nuclei_segmented_G02_1.npy	6542834	2026-02-16T09:13:37Z	-
expert-annotation/expert_npy/PB000141_nuclei_segmented_G02_11.npy	5857482	2026-02-16T09:14:01Z	-
expert-annotation/expert_npy/PB000141_nuclei_segmented_G02_3.npy	7273351	2026-02-16T09:13:42Z	-
expert-annotation/expert_npy/PB000141_nuclei_segmented_G02_5.npy	7829941	2026-02-16T09:13:46Z	-
expert-annotation/expert_npy/PB000141_nuclei_segmented_G02_7.npy	8143516	2026-02-16T09:13:52Z	-
expert-annotation/expert_npy/PB000141_nuclei_segmented_G02_9.npy	7582163	2026-02-16T09:13:57Z	-
expert-annotation/expert_npy/PB000141_nuclei_segmented_M23_1.npy	5319462	2026-02-16T09:14:05Z	-
expert-annotation/expert_npy/PB000141_nuclei_segmented_M23_11.npy	7799803	2026-02-16T09:14:25Z	-
expert-annotation/expert_npy/PB000141_nuclei_segmented_M23_3.npy	6666290	2026-02-16T09:14:08Z	-
expert-annotation/expert_npy/PB000141_nuclei_segmented_M23_5.npy	7274430	2026-02-16T09:14:12Z	-
expert-annotation/expert_npy/PB000141_nuclei_segmented_M23_7.npy	7582270	2026-02-16T09:14:16Z	-
expert-annotation/expert_npy/PB000141_nuclei_segmented_M23_9.npy	8354082	2026-02-16T09:14:21Z	-
expert-annotation/expert_tiff/PB000137_cell_segmented_D12_1.tif	2097408	2026-03-25T10:54:16Z	-
expert-annotation/expert_tiff/PB000137_cell_segmented_D12_11.tif	2097408	2026-03-25T10:54:18Z	-
expert-annotation/expert_tiff/PB000137_cell_segmented_D12_3.tif	2097408	2026-03-25T10:54:18Z	-
expert-annotation/expert_tiff/PB000137_cell_segmented_D12_5.tif	2097408	2026-03-25T10:54:18Z	-
expert-annotation/expert_tiff/PB000137_cell_segmented_D12_7.tif	2097408	2026-03-25T10:54:17Z	-
expert-annotation/expert_tiff/PB000137_cell_segmented_D12_9.tif	2097408	2026-03-25T10:54:17Z	-
expert-annotation/expert_tiff/PB000137_cell_segmented_F06_1.tif	2097408	2026-03-25T10:54:18Z	-
expert-annotation/expert_tiff/PB000137_cell_segmented_F06_11.tif	2097408	2026-03-25T10:54:16Z	-
expert-annotation/expert_tiff/PB000137_cell_segmented_F06_3.tif	2097408	2026-03-25T10:54:15Z	-
expert-annotation/expert_tiff/PB000137_cell_segmented_F06_5.tif	2097408	2026-03-25T10:54:17Z	-
expert-annotation/expert_tiff/PB000137_cell_segmented_F06_7.tif	2097408	2026-03-25T10:54:19Z	-
expert-annotation/expert_tiff/PB000137_cell_segmented_F06_9.tif	2097408	2026-03-25T10:54:19Z	-
expert-annotation/expert_tiff/PB000137_nuclei_segmented_D12_1.tif	2097408	2026-03-25T10:54:16Z	-
expert-annotation/expert_tiff/PB000137_nuclei_segmented_D12_11.tif	2097408	2026-03-25T10:54:17Z	-
expert-annotation/expert_tiff/PB000137_nuclei_segmented_D12_3.tif	2097408	2026-03-25T10:54:18Z	-
expert-annotation/expert_tiff/PB000137_nuclei_segmented_D12_5.tif	2097408	2026-03-25T10:54:18Z	-
expert-annotation/expert_tiff/PB000137_nuclei_segmented_D12_7.tif	2097408	2026-03-25T10:54:17Z	-
expert-annotation/expert_tiff/PB000137_nuclei_segmented_D12_9.tif	2097408	2026-03-25T10:54:17Z	-
expert-annotation/expert_tiff/PB000137_nuclei_segmented_F06_1.tif	2097408	2026-03-25T10:54:18Z	-
expert-annotation/expert_tiff/PB000137_nuclei_segmented_F06_11.tif	2097408	2026-03-25T10:54:19Z	-
expert-annotation/expert_tiff/PB000137_nuclei_segmented_F06_3.tif	2097408	2026-03-25T10:54:15Z	-
expert-annotation/expert_tiff/PB000137_nuclei_segmented_F06_5.tif	2097408	2026-03-25T10:54:17Z	-
expert-annotation/expert_tiff/PB000137_nuclei_segmented_F06_7.tif	2097408	2026-03-25T10:54:18Z	-
expert-annotation/expert_tiff/PB000137_nuclei_segmented_F06_9.tif	2097408	2026-03-25T10:54:19Z	-
expert-annotation/expert_tiff/PB000139_cell_segmented_C03_1.tif	2097408	2026-03-25T10:54:16Z	-
expert-annotation/expert_tiff/PB000139_cell_segmented_C03_11.tif	2097408	2026-03-25T10:54:18Z	-
expert-annotation/expert_tiff/PB000139_cell_segmented_C03_3.tif	2097408	2026-03-25T10:54:17Z	-
expert-annotation/expert_tiff/PB000139_cell_segmented_C03_5.tif	2097408	2026-03-25T10:54:18Z	-
expert-annotation/expert_tiff/PB000139_cell_segmented_C03_7.tif	2097408	2026-03-25T10:54:17Z	-
expert-annotation/expert_tiff/PB000139_cell_segmented_C03_9.tif	2097408	2026-03-25T10:54:17Z	-
expert-annotation/expert_tiff/PB000139_cell_segmented_C12_1.tif	2097408	2026-03-25T10:54:18Z	-
expert-annotation/expert_tiff/PB000139_cell_segmented_C12_11.tif	2097408	2026-03-25T10:54:16Z	-
expert-annotation/expert_tiff/PB000139_cell_segmented_C12_3.tif	2097408	2026-03-25T10:54:17Z	-
expert-annotation/expert_tiff/PB000139_cell_segmented_C12_5.tif	2097408	2026-03-25T10:54:16Z	-
expert-annotation/expert_tiff/PB000139_cell_segmented_C12_7.tif	2097408	2026-03-25T10:54:18Z	-
expert-annotation/expert_tiff/PB000139_cell_segmented_C12_9.tif	2097408	2026-03-25T10:54:17Z	-
expert-annotation/expert_tiff/PB000139_cell_segmented_C14_1.tif	2097408	2026-03-25T10:54:15Z	-
expert-annotation/expert_tiff/PB000139_cell_segmented_C14_11.tif	2097408	2026-03-25T10:54:16Z	-
expert-annotation/expert_tiff/PB000139_cell_segmented_C14_3.tif	2097408	2026-03-25T10:54:18Z	-
expert-annotation/expert_tiff/PB000139_cell_segmented_C14_5.tif	2097408	2026-03-25T10:54:19Z	-
expert-annotation/expert_tiff/PB000139_cell_segmented_C14_7.tif	2097408	2026-03-25T10:54:16Z	-
expert-annotation/expert_tiff/PB000139_cell_segmented_C14_9.tif	2097408	2026-03-25T10:54:17Z	-
expert-annotation/expert_tiff/PB000139_cell_segmented_C23_1.tif	2097408	2026-03-25T10:54:16Z	-
expert-annotation/expert_tiff/PB000139_cell_segmented_C23_11.tif	2097408	2026-03-25T10:54:17Z	-
expert-annotation/expert_tiff/PB000139_cell_segmented_C23_3.tif	2097408	2026-03-25T10:54:18Z	-
expert-annotation/expert_tiff/PB000139_cell_segmented_C23_5.tif	2097408	2026-03-25T10:54:19Z	-
expert-annotation/expert_tiff/PB000139_cell_segmented_C23_7.tif	2097408	2026-03-25T10:54:16Z	-
expert-annotation/expert_tiff/PB000139_cell_segmented_C23_9.tif	2097408	2026-03-25T10:54:16Z	-
expert-annotation/expert_tiff/PB000139_cell_segmented_D06_1.tif	2097408	2026-03-25T10:54:16Z	-
expert-annotation/expert_tiff/PB000139_cell_segmented_D06_11.tif	2097408	2026-03-25T10:54:16Z	-
expert-annotation/expert_tiff/PB000139_cell_segmented_D06_3.tif	2097408	2026-03-25T10:54:17Z	-
expert-annotation/expert_tiff/PB000139_cell_segmented_D06_5.tif	2097408	2026-03-25T10:54:18Z	-
expert-annotation/expert_tiff/PB000139_cell_segmented_D06_7.tif	2097408	2026-03-25T10:54:17Z	-
expert-annotation/expert_tiff/PB000139_cell_segmented_D06_9.tif	2097408	2026-03-25T10:54:17Z	-
expert-annotation/expert_tiff/PB000139_cell_segmented_D11_1.tif	2097408	2026-03-25T10:54:15Z	-
expert-annotation/expert_tiff/PB000139_cell_segmented_D11_11.tif	2097408	2026-03-25T10:54:19Z	-
expert-annotation/expert_tiff/PB000139_cell_segmented_D11_3.tif	2097408	2026-03-25T10:54:18Z	-
expert-annotation/expert_tiff/PB000139_cell_segmented_D11_5.tif	2097408	2026-03-25T10:54:19Z	-
expert-annotation/expert_tiff/PB000139_cell_segmented_D11_7.tif	2097408	2026-03-25T10:54:17Z	-
expert-annotation/expert_tiff/PB000139_cell_segmented_D11_9.tif	2097408	2026-03-25T10:54:17Z	-
expert-annotation/expert_tiff/PB000139_cell_segmented_G08_1.tif	2097408	2026-03-25T10:54:18Z	-
expert-annotation/expert_tiff/PB000139_cell_segmented_G08_11.tif	2097408	2026-03-25T10:54:16Z	-
expert-annotation/expert_tiff/PB000139_cell_segmented_G08_3.tif	2097408	2026-03-25T10:54:17Z	-
expert-annotation/expert_tiff/PB000139_cell_segmented_G08_5.tif	2097408	2026-03-25T10:54:16Z	-
expert-annotation/expert_tiff/PB000139_cell_segmented_G08_7.tif	2097408	2026-03-25T10:54:17Z	-
expert-annotation/expert_tiff/PB000139_cell_segmented_G08_9.tif	2097408	2026-03-25T10:54:17Z	-
expert-annotation/expert_tiff/PB000139_cell_segmented_J06_1.tif	2097408	2026-03-25T10:54:19Z	-
expert-annotation/expert_tiff/PB000139_cell_segmented_J06_11.tif	2097408	2026-03-25T10:54:17Z	-
expert-annotation/expert_tiff/PB000139_cell_segmented_J06_3.tif	2097408	2026-03-25T10:54:16Z	-
expert-annotation/expert_tiff/PB000139_cell_segmented_J06_5.tif	2097408	2026-03-25T10:54:16Z	-
expert-annotation/expert_tiff/PB000139_cell_segmented_J06_7.tif	2097408	2026-03-25T10:54:18Z	-
expert-annotation/expert_tiff/PB000139_cell_segmented_J06_9.tif	2097408	2026-03-25T10:54:18Z	-
expert-annotation/expert_tiff/PB000139_cell_segmented_J15_1.tif	2097408	2026-03-25T10:54:16Z	-
expert-annotation/expert_tiff/PB000139_cell_segmented_J15_11.tif	2097408	2026-03-25T10:54:19Z	-
expert-annotation/expert_tiff/PB000139_cell_segmented_J15_3.tif	2097408	2026-03-25T10:54:19Z	-
expert-annotation/expert_tiff/PB000139_cell_segmented_J15_5.tif	2097408	2026-03-25T10:54:18Z	-
expert-annotation/expert_tiff/PB000139_cell_segmented_J15_7.tif	2097408	2026-03-25T10:54:15Z	-
expert-annotation/expert_tiff/PB000139_cell_segmented_J15_9.tif	2097408	2026-03-25T10:54:16Z	-
expert-annotation/expert_tiff/PB000139_nuclei_segmented_C03_1.tif	2097408	2026-03-25T10:54:18Z	-
expert-annotation/expert_tiff/PB000139_nuclei_segmented_C03_11.tif	2097408	2026-03-25T10:54:19Z	-
expert-annotation/expert_tiff/PB000139_nuclei_segmented_C03_3.tif	2097408	2026-03-25T10:54:17Z	-
expert-annotation/expert_tiff/PB000139_nuclei_segmented_C03_5.tif	2097408	2026-03-25T10:54:16Z	-
expert-annotation/expert_tiff/PB000139_nuclei_segmented_C03_7.tif	2097408	2026-03-25T10:54:18Z	-
expert-annotation/expert_tiff/PB000139_nuclei_segmented_C03_9.tif	2097408	2026-03-25T10:54:18Z	-
expert-annotation/expert_tiff/PB000139_nuclei_segmented_C12_1.tif	2097408	2026-03-25T10:54:16Z	-
expert-annotation/expert_tiff/PB000139_nuclei_segmented_C12_11.tif	2097408	2026-03-25T10:54:17Z	-
expert-annotation/expert_tiff/PB000139_nuclei_segmented_C12_3.tif	2097408	2026-03-25T10:54:17Z	-
expert-annotation/expert_tiff/PB000139_nuclei_segmented_C12_5.tif	2097408	2026-03-25T10:54:18Z	-
expert-annotation/expert_tiff/PB000139_nuclei_segmented_C12_7.tif	2097408	2026-03-25T10:54:17Z	-
expert-annotation/expert_tiff/PB000139_nuclei_segmented_C12_9.tif	2097408	2026-03-25T10:54:17Z	-
expert-annotation/expert_tiff/PB000139_nuclei_segmented_C14_1.tif	2097408	2026-03-25T10:54:19Z	-
expert-annotation/expert_tiff/PB000139_nuclei_segmented_C14_11.tif	2097408	2026-03-25T10:54:16Z	-
expert-annotation/expert_tiff/PB000139_nuclei_segmented_C14_3.tif	2097408	2026-03-25T10:54:16Z	-
expert-annotation/expert_tiff/PB000139_nuclei_segmented_C14_5.tif	2097408	2026-03-25T10:54:16Z	-
expert-annotation/expert_tiff/PB000139_nuclei_segmented_C14_7.tif	2097408	2026-03-25T10:54:18Z	-
expert-annotation/expert_tiff/PB000139_nuclei_segmented_C14_9.tif	2097408	2026-03-25T10:54:18Z	-
expert-annotation/expert_tiff/PB000139_nuclei_segmented_C23_1.tif	2097408	2026-03-25T10:54:19Z	-
expert-annotation/expert_tiff/PB000139_nuclei_segmented_C23_11.tif	2097408	2026-03-25T10:54:16Z	-
expert-annotation/expert_tiff/PB000139_nuclei_segmented_C23_3.tif	2097408	2026-03-25T10:54:17Z	-
expert-annotation/expert_tiff/PB000139_nuclei_segmented_C23_5.tif	2097408	2026-03-25T10:54:15Z	-
expert-annotation/expert_tiff/PB000139_nuclei_segmented_C23_7.tif	2097408	2026-03-25T10:54:18Z	-
expert-annotation/expert_tiff/PB000139_nuclei_segmented_C23_9.tif	2097408	2026-03-25T10:54:18Z	-
expert-annotation/expert_tiff/PB000139_nuclei_segmented_D06_1.tif	2097408	2026-03-25T10:54:18Z	-
expert-annotation/expert_tiff/PB000139_nuclei_segmented_D06_11.tif	2097408	2026-03-25T10:54:17Z	-
expert-annotation/expert_tiff/PB000139_nuclei_segmented_D06_3.tif	2097408	2026-03-25T10:54:17Z	-
expert-annotation/expert_tiff/PB000139_nuclei_segmented_D06_5.tif	2097408	2026-03-25T10:54:16Z	-
expert-annotation/expert_tiff/PB000139_nuclei_segmented_D06_7.tif	2097408	2026-03-25T10:54:17Z	-
expert-annotation/expert_tiff/PB000139_nuclei_segmented_D06_9.tif	2097408	2026-03-25T10:54:18Z	-
expert-annotation/expert_tiff/PB000139_nuclei_segmented_D11_1.tif	2097408	2026-03-25T10:54:19Z	-
expert-annotation/expert_tiff/PB000139_nuclei_segmented_D11_11.tif	2097408	2026-03-25T10:54:17Z	-
expert-annotation/expert_tiff/PB000139_nuclei_segmented_D11_3.tif	2097408	2026-03-25T10:54:16Z	-
expert-annotation/expert_tiff/PB000139_nuclei_segmented_D11_5.tif	2097408	2026-03-25T10:54:16Z	-
expert-annotation/expert_tiff/PB000139_nuclei_segmented_D11_7.tif	2097408	2026-03-25T10:54:18Z	-
expert-annotation/expert_tiff/PB000139_nuclei_segmented_D11_9.tif	2097408	2026-03-25T10:54:18Z	-
expert-annotation/expert_tiff/PB000139_nuclei_segmented_G08_1.tif	2097408	2026-03-25T10:54:16Z	-
expert-annotation/expert_tiff/PB000139_nuclei_segmented_G08_11.tif	2097408	2026-03-25T10:54:17Z	-
expert-annotation/expert_tiff/PB000139_nuclei_segmented_G08_3.tif	2097408	2026-03-25T10:54:18Z	-
expert-annotation/expert_tiff/PB000139_nuclei_segmented_G08_5.tif	2097408	2026-03-25T10:54:18Z	-
expert-annotation/expert_tiff/PB000139_nuclei_segmented_G08_7.tif	2097408	2026-03-25T10:54:17Z	-
expert-annotation/expert_tiff/PB000139_nuclei_segmented_G08_9.tif	2097408	2026-03-25T10:54:17Z	-
expert-annotation/expert_tiff/PB000139_nuclei_segmented_J06_1.tif	2097408	2026-03-25T10:54:15Z	-
expert-annotation/expert_tiff/PB000139_nuclei_segmented_J06_11.tif	2097408	2026-03-25T10:54:15Z	-
expert-annotation/expert_tiff/PB000139_nuclei_segmented_J06_3.tif	2097408	2026-03-25T10:54:18Z	-
expert-annotation/expert_tiff/PB000139_nuclei_segmented_J06_5.tif	2097408	2026-03-25T10:54:19Z	-
expert-annotation/expert_tiff/PB000139_nuclei_segmented_J06_7.tif	2097408	2026-03-25T10:54:17Z	-
expert-annotation/expert_tiff/PB000139_nuclei_segmented_J06_9.tif	2097408	2026-03-25T10:54:17Z	-
expert-annotation/expert_tiff/PB000139_nuclei_segmented_J15_1.tif	2097408	2026-03-25T10:54:18Z	-
expert-annotation/expert_tiff/PB000139_nuclei_segmented_J15_11.tif	2097408	2026-03-25T10:54:18Z	-
expert-annotation/expert_tiff/PB000139_nuclei_segmented_J15_3.tif	2097408	2026-03-25T10:54:15Z	-
expert-annotation/expert_tiff/PB000139_nuclei_segmented_J15_5.tif	2097408	2026-03-25T10:54:17Z	-
expert-annotation/expert_tiff/PB000139_nuclei_segmented_J15_7.tif	2097408	2026-03-25T10:54:19Z	-
expert-annotation/expert_tiff/PB000139_nuclei_segmented_J15_9.tif	2097408	2026-03-25T10:54:19Z	-
expert-annotation/expert_tiff/PB000140_cell_segmented_B14_1.tif	2097408	2026-03-25T10:54:18Z	-
expert-annotation/expert_tiff/PB000140_cell_segmented_B14_11.tif	2097408	2026-03-25T10:54:19Z	-
expert-annotation/expert_tiff/PB000140_cell_segmented_B14_3.tif	2097408	2026-03-25T10:54:16Z	-
expert-annotation/expert_tiff/PB000140_cell_segmented_B14_5.tif	2097408	2026-03-25T10:54:16Z	-
expert-annotation/expert_tiff/PB000140_cell_segmented_B14_7.tif	2097408	2026-03-25T10:54:19Z	-
expert-annotation/expert_tiff/PB000140_cell_segmented_B14_9.tif	2097408	2026-03-25T10:54:19Z	-
expert-annotation/expert_tiff/PB000140_cell_segmented_C23_1.tif	2097408	2026-03-25T10:54:18Z	-
expert-annotation/expert_tiff/PB000140_cell_segmented_C23_11.tif	2097408	2026-03-25T10:54:18Z	-
expert-annotation/expert_tiff/PB000140_cell_segmented_C23_3.tif	2097408	2026-03-25T10:54:17Z	-
expert-annotation/expert_tiff/PB000140_cell_segmented_C23_5.tif	2097408	2026-03-25T10:54:16Z	-
expert-annotation/expert_tiff/PB000140_cell_segmented_C23_7.tif	2097408	2026-03-25T10:54:17Z	-
expert-annotation/expert_tiff/PB000140_cell_segmented_C23_9.tif	2097408	2026-03-25T10:54:17Z	-
expert-annotation/expert_tiff/PB000140_cell_segmented_D22_1.tif	2097408	2026-03-25T10:54:17Z	-
expert-annotation/expert_tiff/PB000140_cell_segmented_D22_11.tif	2097408	2026-03-25T10:54:17Z	-
expert-annotation/expert_tiff/PB000140_cell_segmented_D22_3.tif	2097408	2026-03-25T10:54:19Z	-
expert-annotation/expert_tiff/PB000140_cell_segmented_D22_5.tif	2097408	2026-03-25T10:54:18Z	-
expert-annotation/expert_tiff/PB000140_cell_segmented_D22_7.tif	2097408	2026-03-25T10:54:15Z	-
expert-annotation/expert_tiff/PB000140_cell_segmented_D22_9.tif	2097408	2026-03-25T10:54:15Z	-
expert-annotation/expert_tiff/PB000140_cell_segmented_G05_1.tif	2097408	2026-03-25T10:54:16Z	-
expert-annotation/expert_tiff/PB000140_cell_segmented_G05_11.tif	2097408	2026-03-25T10:54:18Z	-
expert-annotation/expert_tiff/PB000140_cell_segmented_G05_3.tif	2097408	2026-03-25T10:54:17Z	-
expert-annotation/expert_tiff/PB000140_cell_segmented_G05_5.tif	2097408	2026-03-25T10:54:18Z	-
expert-annotation/expert_tiff/PB000140_cell_segmented_G05_7.tif	2097408	2026-03-25T10:54:17Z	-
expert-annotation/expert_tiff/PB000140_cell_segmented_G05_9.tif	2097408	2026-03-25T10:54:17Z	-
expert-annotation/expert_tiff/PB000140_cell_segmented_G08_1.tif	2097408	2026-03-25T10:54:16Z	-
expert-annotation/expert_tiff/PB000140_cell_segmented_G08_11.tif	2097408	2026-03-25T10:54:18Z	-
expert-annotation/expert_tiff/PB000140_cell_segmented_G08_3.tif	2097408	2026-03-25T10:54:18Z	-
expert-annotation/expert_tiff/PB000140_cell_segmented_G08_5.tif	2097408	2026-03-25T10:54:19Z	-
expert-annotation/expert_tiff/PB000140_cell_segmented_G08_7.tif	2097408	2026-03-25T10:54:16Z	-
expert-annotation/expert_tiff/PB000140_cell_segmented_G08_9.tif	2097408	2026-03-25T10:54:16Z	-
expert-annotation/expert_tiff/PB000140_cell_segmented_G19_1.tif	2097408	2026-03-25T10:54:19Z	-
expert-annotation/expert_tiff/PB000140_cell_segmented_G19_11.tif	2097408	2026-03-25T10:54:17Z	-
expert-annotation/expert_tiff/PB000140_cell_segmented_G19_3.tif	2097408	2026-03-25T10:54:17Z	-
expert-annotation/expert_tiff/PB000140_cell_segmented_G19_5.tif	2097408	2026-03-25T10:54:15Z	-
expert-annotation/expert_tiff/PB000140_cell_segmented_G19_7.tif	2097408	2026-03-25T10:54:18Z	-
expert-annotation/expert_tiff/PB000140_cell_segmented_G19_9.tif	2097408	2026-03-25T10:54:18Z	-
expert-annotation/expert_tiff/PB000140_cell_segmented_H23_1.tif	2097408	2026-03-25T10:54:17Z	-
expert-annotation/expert_tiff/PB000140_cell_segmented_H23_11.tif	2097408	2026-03-25T10:54:17Z	-
expert-annotation/expert_tiff/PB000140_cell_segmented_H23_3.tif	2097408	2026-03-25T10:54:18Z	-
expert-annotation/expert_tiff/PB000140_cell_segmented_H23_5.tif	2097408	2026-03-25T10:54:18Z	-
expert-annotation/expert_tiff/PB000140_cell_segmented_H23_7.tif	2097408	2026-03-25T10:54:16Z	-
expert-annotation/expert_tiff/PB000140_cell_segmented_H23_9.tif	2097408	2026-03-25T10:54:16Z	-
expert-annotation/expert_tiff/PB000140_cell_segmented_I13_1.tif	2097408	2026-03-25T10:54:19Z	-
expert-annotation/expert_tiff/PB000140_cell_segmented_I13_11.tif	2097408	2026-03-25T10:54:17Z	-
expert-annotation/expert_tiff/PB000140_cell_segmented_I13_3.tif	2097408	2026-03-25T10:54:17Z	-
expert-annotation/expert_tiff/PB000140_cell_segmented_I13_5.tif	2097408	2026-03-25T10:54:15Z	-
expert-annotation/expert_tiff/PB000140_cell_segmented_I13_7.tif	2097408	2026-03-25T10:54:18Z	-
expert-annotation/expert_tiff/PB000140_cell_segmented_I13_9.tif	2097408	2026-03-25T10:54:18Z	-
expert-annotation/expert_tiff/PB000140_cell_segmented_J04_1.tif	2097408	2026-03-25T10:54:17Z	-
expert-annotation/expert_tiff/PB000140_cell_segmented_J04_11.tif	2097408	2026-03-25T10:54:18Z	-
expert-annotation/expert_tiff/PB000140_cell_segmented_J04_3.tif	2097408	2026-03-25T10:54:18Z	-
expert-annotation/expert_tiff/PB000140_cell_segmented_J04_5.tif	2097408	2026-03-25T10:54:18Z	-
expert-annotation/expert_tiff/PB000140_cell_segmented_J04_7.tif	2097408	2026-03-25T10:54:16Z	-
expert-annotation/expert_tiff/PB000140_cell_segmented_J04_9.tif	2097408	2026-03-25T10:54:16Z	-
expert-annotation/expert_tiff/PB000140_cell_segmented_J17_1.tif	2097408	2026-03-25T10:54:18Z	-
expert-annotation/expert_tiff/PB000140_cell_segmented_J17_11.tif	2097408	2026-03-25T10:54:16Z	-
expert-annotation/expert_tiff/PB000140_cell_segmented_J17_3.tif	2097408	2026-03-25T10:54:17Z	-
expert-annotation/expert_tiff/PB000140_cell_segmented_J17_5.tif	2097408	2026-03-25T10:54:16Z	-
expert-annotation/expert_tiff/PB000140_cell_segmented_J17_7.tif	2097408	2026-03-25T10:54:17Z	-
expert-annotation/expert_tiff/PB000140_cell_segmented_J17_9.tif	2097408	2026-03-25T10:54:18Z	-
expert-annotation/expert_tiff/PB000140_cell_segmented_N05_1.tif	2097408	2026-03-25T10:54:17Z	-
expert-annotation/expert_tiff/PB000140_cell_segmented_N05_11.tif	2097408	2026-03-25T10:54:18Z	-
expert-annotation/expert_tiff/PB000140_cell_segmented_N05_3.tif	2097408	2026-03-25T10:54:19Z	-
expert-annotation/expert_tiff/PB000140_cell_segmented_N05_5.tif	2097408	2026-03-25T10:54:18Z	-
expert-annotation/expert_tiff/PB000140_cell_segmented_N05_7.tif	2097408	2026-03-25T10:54:15Z	-
expert-annotation/expert_tiff/PB000140_cell_segmented_N05_9.tif	2097408	2026-03-25T10:54:15Z	-
expert-annotation/expert_tiff/PB000140_nuclei_segmented_B14_1.tif	2097408	2026-03-25T10:54:17Z	-
expert-annotation/expert_tiff/PB000140_nuclei_segmented_B14_11.tif	2097408	2026-03-25T10:54:17Z	-
expert-annotation/expert_tiff/PB000140_nuclei_segmented_B14_3.tif	2097408	2026-03-25T10:54:18Z	-
expert-annotation/expert_tiff/PB000140_nuclei_segmented_B14_5.tif	2097408	2026-03-25T10:54:18Z	-
expert-annotation/expert_tiff/PB000140_nuclei_segmented_B14_7.tif	2097408	2026-03-25T10:54:16Z	-
expert-annotation/expert_tiff/PB000140_nuclei_segmented_B14_9.tif	2097408	2026-03-25T10:54:16Z	-
expert-annotation/expert_tiff/PB000140_nuclei_segmented_C23_1.tif	2097408	2026-03-25T10:54:15Z	-
expert-annotation/expert_tiff/PB000140_nuclei_segmented_C23_11.tif	2097408	2026-03-25T10:54:16Z	-
expert-annotation/expert_tiff/PB000140_nuclei_segmented_C23_3.tif	2097408	2026-03-25T10:54:18Z	-
expert-annotation/expert_tiff/PB000140_nuclei_segmented_C23_5.tif	2097408	2026-03-25T10:54:19Z	-
expert-annotation/expert_tiff/PB000140_nuclei_segmented_C23_7.tif	2097408	2026-03-25T10:54:17Z	-
expert-annotation/expert_tiff/PB000140_nuclei_segmented_C23_9.tif	2097408	2026-03-25T10:54:17Z	-
expert-annotation/expert_tiff/PB000140_nuclei_segmented_D22_1.tif	2097408	2026-03-25T10:54:17Z	-
expert-annotation/expert_tiff/PB000140_nuclei_segmented_D22_11.tif	2097408	2026-03-25T10:54:18Z	-
expert-annotation/expert_tiff/PB000140_nuclei_segmented_D22_3.tif	2097408	2026-03-25T10:54:16Z	-
expert-annotation/expert_tiff/PB000140_nuclei_segmented_D22_5.tif	2097408	2026-03-25T10:54:17Z	-
expert-annotation/expert_tiff/PB000140_nuclei_segmented_D22_7.tif	2097408	2026-03-25T10:54:18Z	-
expert-annotation/expert_tiff/PB000140_nuclei_segmented_D22_9.tif	2097408	2026-03-25T10:54:18Z	-
expert-annotation/expert_tiff/PB000140_nuclei_segmented_G05_1.tif	2097408	2026-03-25T10:54:19Z	-
expert-annotation/expert_tiff/PB000140_nuclei_segmented_G05_11.tif	2097408	2026-03-25T10:54:16Z	-
expert-annotation/expert_tiff/PB000140_nuclei_segmented_G05_3.tif	2097408	2026-03-25T10:54:16Z	-
expert-annotation/expert_tiff/PB000140_nuclei_segmented_G05_5.tif	2097408	2026-03-25T10:54:15Z	-
expert-annotation/expert_tiff/PB000140_nuclei_segmented_G05_7.tif	2097408	2026-03-25T10:54:18Z	-
expert-annotation/expert_tiff/PB000140_nuclei_segmented_G05_9.tif	2097408	2026-03-25T10:54:18Z	-
expert-annotation/expert_tiff/PB000140_nuclei_segmented_G08_1.tif	2097408	2026-03-25T10:54:18Z	-
expert-annotation/expert_tiff/PB000140_nuclei_segmented_G08_11.tif	2097408	2026-03-25T10:54:16Z	-
expert-annotation/expert_tiff/PB000140_nuclei_segmented_G08_3.tif	2097408	2026-03-25T10:54:17Z	-
expert-annotation/expert_tiff/PB000140_nuclei_segmented_G08_5.tif	2097408	2026-03-25T10:54:16Z	-
expert-annotation/expert_tiff/PB000140_nuclei_segmented_G08_7.tif	2097408	2026-03-25T10:54:18Z	-
expert-annotation/expert_tiff/PB000140_nuclei_segmented_G08_9.tif	2097408	2026-03-25T10:54:18Z	-
expert-annotation/expert_tiff/PB000140_nuclei_segmented_G19_1.tif	2097408	2026-03-25T10:54:16Z	-
expert-annotation/expert_tiff/PB000140_nuclei_segmented_G19_11.tif	2097408	2026-03-25T10:54:19Z	-
expert-annotation/expert_tiff/PB000140_nuclei_segmented_G19_3.tif	2097408	2026-03-25T10:54:17Z	-
expert-annotation/expert_tiff/PB000140_nuclei_segmented_G19_5.tif	2097408	2026-03-25T10:54:18Z	-
expert-annotation/expert_tiff/PB000140_nuclei_segmented_G19_7.tif	2097408	2026-03-25T10:54:17Z	-
expert-annotation/expert_tiff/PB000140_nuclei_segmented_G19_9.tif	2097408	2026-03-25T10:54:17Z	-
expert-annotation/expert_tiff/PB000140_nuclei_segmented_H23_1.tif	2097408	2026-03-25T10:54:18Z	-
expert-annotation/expert_tiff/PB000140_nuclei_segmented_H23_11.tif	2097408	2026-03-25T10:54:19Z	-
expert-annotation/expert_tiff/PB000140_nuclei_segmented_H23_3.tif	2097408	2026-03-25T10:54:15Z	-
expert-annotation/expert_tiff/PB000140_nuclei_segmented_H23_5.tif	2097408	2026-03-25T10:54:16Z	-
expert-annotation/expert_tiff/PB000140_nuclei_segmented_H23_7.tif	2097408	2026-03-25T10:54:19Z	-
expert-annotation/expert_tiff/PB000140_nuclei_segmented_H23_9.tif	2097408	2026-03-25T10:54:19Z	-
expert-annotation/expert_tiff/PB000140_nuclei_segmented_I13_1.tif	2097408	2026-03-25T10:54:16Z	-
expert-annotation/expert_tiff/PB000140_nuclei_segmented_I13_11.tif	2097408	2026-03-25T10:54:16Z	-
expert-annotation/expert_tiff/PB000140_nuclei_segmented_I13_3.tif	2097408	2026-03-25T10:54:17Z	-
expert-annotation/expert_tiff/PB000140_nuclei_segmented_I13_5.tif	2097408	2026-03-25T10:54:18Z	-
expert-annotation/expert_tiff/PB000140_nuclei_segmented_I13_7.tif	2097408	2026-03-25T10:54:17Z	-
expert-annotation/expert_tiff/PB000140_nuclei_segmented_I13_9.tif	2097408	2026-03-25T10:54:17Z	-
expert-annotation/expert_tiff/PB000140_nuclei_segmented_J04_1.tif	2097408	2026-03-25T10:54:18Z	-
expert-annotation/expert_tiff/PB000140_nuclei_segmented_J04_11.tif	2097408	2026-03-25T10:54:16Z	-
expert-annotation/expert_tiff/PB000140_nuclei_segmented_J04_3.tif	2097408	2026-03-25T10:54:16Z	-
expert-annotation/expert_tiff/PB000140_nuclei_segmented_J04_5.tif	2097408	2026-03-25T10:54:16Z	-
expert-annotation/expert_tiff/PB000140_nuclei_segmented_J04_7.tif	2097408	2026-03-25T10:54:19Z	-
expert-annotation/expert_tiff/PB000140_nuclei_segmented_J04_9.tif	2097408	2026-03-25T10:54:19Z	-
expert-annotation/expert_tiff/PB000140_nuclei_segmented_J17_1.tif	2097408	2026-03-25T10:54:16Z	-
expert-annotation/expert_tiff/PB000140_nuclei_segmented_J17_11.tif	2097408	2026-03-25T10:54:18Z	-
expert-annotation/expert_tiff/PB000140_nuclei_segmented_J17_3.tif	2097408	2026-03-25T10:54:18Z	-
expert-annotation/expert_tiff/PB000140_nuclei_segmented_J17_5.tif	2097408	2026-03-25T10:54:19Z	-
expert-annotation/expert_tiff/PB000140_nuclei_segmented_J17_7.tif	2097408	2026-03-25T10:54:16Z	-
expert-annotation/expert_tiff/PB000140_nuclei_segmented_J17_9.tif	2097408	2026-03-25T10:54:16Z	-
expert-annotation/expert_tiff/PB000140_nuclei_segmented_N05_1.tif	2097408	2026-03-25T10:54:17Z	-
expert-annotation/expert_tiff/PB000140_nuclei_segmented_N05_11.tif	2097408	2026-03-25T10:54:16Z	-
expert-annotation/expert_tiff/PB000140_nuclei_segmented_N05_3.tif	2097408	2026-03-25T10:54:16Z	-
expert-annotation/expert_tiff/PB000140_nuclei_segmented_N05_5.tif	2097408	2026-03-25T10:54:17Z	-
expert-annotation/expert_tiff/PB000140_nuclei_segmented_N05_7.tif	2097408	2026-03-25T10:54:18Z	-
expert-annotation/expert_tiff/PB000140_nuclei_segmented_N05_9.tif	2097408	2026-03-25T10:54:18Z	-
expert-annotation/expert_tiff/PB000141_cell_segmented_G02_1.tif	2097408	2026-03-25T10:54:18Z	-
expert-annotation/expert_tiff/PB000141_cell_segmented_G02_11.tif	2097408	2026-03-25T10:54:19Z	-
expert-annotation/expert_tiff/PB000141_cell_segmented_G02_3.tif	2097408	2026-03-25T10:54:17Z	-
expert-annotation/expert_tiff/PB000141_cell_segmented_G02_5.tif	2097408	2026-03-25T10:54:16Z	-
expert-annotation/expert_tiff/PB000141_cell_segmented_G02_7.tif	2097408	2026-03-25T10:54:17Z	-
expert-annotation/expert_tiff/PB000141_cell_segmented_G02_9.tif	2097408	2026-03-25T10:54:17Z	-
expert-annotation/expert_tiff/PB000141_cell_segmented_M23_1.tif	2097408	2026-03-25T10:54:16Z	-
expert-annotation/expert_tiff/PB000141_cell_segmented_M23_11.tif	2097408	2026-03-25T10:54:17Z	-
expert-annotation/expert_tiff/PB000141_cell_segmented_M23_3.tif	2097408	2026-03-25T10:54:18Z	-
expert-annotation/expert_tiff/PB000141_cell_segmented_M23_5.tif	2097408	2026-03-25T10:54:19Z	-
expert-annotation/expert_tiff/PB000141_cell_segmented_M23_7.tif	2097408	2026-03-25T10:54:16Z	-
expert-annotation/expert_tiff/PB000141_cell_segmented_M23_9.tif	2097408	2026-03-25T10:54:16Z	-
expert-annotation/expert_tiff/PB000141_nuclei_segmented_G02_1.tif	2097408	2026-03-25T10:54:16Z	-
expert-annotation/expert_tiff/PB000141_nuclei_segmented_G02_11.tif	2097408	2026-03-25T10:54:16Z	-
expert-annotation/expert_tiff/PB000141_nuclei_segmented_G02_3.tif	2097408	2026-03-25T10:54:17Z	-
expert-annotation/expert_tiff/PB000141_nuclei_segmented_G02_5.tif	2097408	2026-03-25T10:54:18Z	-
expert-annotation/expert_tiff/PB000141_nuclei_segmented_G02_7.tif	2097408	2026-03-25T10:54:17Z	-
expert-annotation/expert_tiff/PB000141_nuclei_segmented_G02_9.tif	2097408	2026-03-25T10:54:17Z	-
expert-annotation/expert_tiff/PB000141_nuclei_segmented_M23_1.tif	2097408	2026-03-25T10:54:19Z	-
expert-annotation/expert_tiff/PB000141_nuclei_segmented_M23_11.tif	2097408	2026-03-25T10:54:18Z	-
expert-annotation/expert_tiff/PB000141_nuclei_segmented_M23_3.tif	2097408	2026-03-25T10:54:16Z	-
expert-annotation/expert_tiff/PB000141_nuclei_segmented_M23_5.tif	2097408	2026-03-25T10:54:16Z	-
expert-annotation/expert_tiff/PB000141_nuclei_segmented_M23_7.tif	2097408	2026-03-25T10:54:18Z	-
expert-annotation/expert_tiff/PB000141_nuclei_segmented_M23_9.tif	2097408	2026-03-25T10:54:18Z	-
expert-annotation/instance_masks/PB000137_D12_z1_nuclei_obj1.npz	11741	2026-02-16T12:54:34Z	-
expert-annotation/instance_masks/PB000137_D12_z1_nuclei_obj10.npz	14694	2026-02-16T12:54:34Z	-
expert-annotation/instance_masks/PB000137_D12_z1_nuclei_obj11.npz	14582	2026-02-16T12:54:34Z	-
expert-annotation/instance_masks/PB000137_D12_z1_nuclei_obj12.npz	14228	2026-02-16T12:54:34Z	-
expert-annotation/instance_masks/PB000137_D12_z1_nuclei_obj13.npz	14200	2026-02-16T12:54:34Z	-
expert-annotation/instance_masks/PB000137_D12_z1_nuclei_obj14.npz	7536	2026-02-16T12:54:34Z	-
expert-annotation/instance_masks/PB000137_D12_z1_nuclei_obj15.npz	11542	2026-02-16T12:54:34Z	-
expert-annotation/instance_masks/PB000137_D12_z1_nuclei_obj16.npz	12390	2026-02-16T12:54:34Z	-
expert-annotation/instance_masks/PB000137_D12_z1_nuclei_obj17.npz	11203	2026-02-16T12:54:34Z	-
expert-annotation/instance_masks/PB000137_D12_z1_nuclei_obj18.npz	9940	2026-02-16T12:54:34Z	-
expert-annotation/instance_masks/PB000137_D12_z1_nuclei_obj19.npz	11809	2026-02-16T12:54:34Z	-
expert-annotation/instance_masks/PB000137_D12_z1_nuclei_obj2.npz	9426	2026-02-16T12:54:34Z	-
expert-annotation/instance_masks/PB000137_D12_z1_nuclei_obj20.npz	12781	2026-02-16T12:54:34Z	-
expert-annotation/instance_masks/PB000137_D12_z1_nuclei_obj21.npz	13459	2026-02-16T12:54:34Z	-
expert-annotation/instance_masks/PB000137_D12_z1_nuclei_obj22.npz	11682	2026-02-16T12:54:34Z	-
expert-annotation/instance_masks/PB000137_D12_z1_nuclei_obj23.npz	11322	2026-02-16T12:54:34Z	-
expert-annotation/instance_masks/PB000137_D12_z1_nuclei_obj24.npz	10724	2026-02-16T12:54:34Z	-
expert-annotation/instance_masks/PB000137_D12_z1_nuclei_obj25.npz	10855	2026-02-16T12:54:34Z	-
expert-annotation/instance_masks/PB000137_D12_z1_nuclei_obj26.npz	12201	2026-02-16T12:54:34Z	-
expert-annotation/instance_masks/PB000137_D12_z1_nuclei_obj27.npz	13062	2026-02-16T12:54:34Z	-
expert-annotation/instance_masks/PB000137_D12_z1_nuclei_obj28.npz	12019	2026-02-16T12:54:34Z	-
expert-annotation/instance_masks/PB000137_D12_z1_nuclei_obj29.npz	14004	2026-02-16T12:54:34Z	-
expert-annotation/instance_masks/PB000137_D12_z1_nuclei_obj3.npz	10754	2026-02-16T12:54:34Z	-
expert-annotation/instance_masks/PB000137_D12_z1_nuclei_obj30.npz	12636	2026-02-16T12:54:34Z	-
expert-annotation/instance_masks/PB000137_D12_z1_nuclei_obj31.npz	10970	2026-02-16T12:54:34Z	-
expert-annotation/instance_masks/PB000137_D12_z1_nuclei_obj32.npz	10781	2026-02-16T12:54:34Z	-
expert-annotation/instance_masks/PB000137_D12_z1_nuclei_obj33.npz	12952	2026-02-16T12:54:34Z	-
expert-annotation/instance_masks/PB000137_D12_z1_nuclei_obj34.npz	11248	2026-02-16T12:54:34Z	-
expert-annotation/instance_masks/PB000137_D12_z1_nuclei_obj35.npz	10097	2026-02-16T12:54:34Z	-
expert-annotation/instance_masks/PB000137_D12_z1_nuclei_obj36.npz	9651	2026-02-16T12:54:34Z	-
expert-annotation/instance_masks/PB000137_D12_z1_nuclei_obj37.npz	15561	2026-02-16T12:54:34Z	-
expert-annotation/instance_masks/PB000137_D12_z1_nuclei_obj38.npz	16273	2026-02-16T12:54:34Z	-
expert-annotation/instance_masks/PB000137_D12_z1_nuclei_obj39.npz	12745	2026-02-16T12:54:34Z	-
expert-annotation/instance_masks/PB000137_D12_z1_nuclei_obj4.npz	14990	2026-02-16T12:54:34Z	-
expert-annotation/instance_masks/PB000137_D12_z1_nuclei_obj40.npz	10810	2026-02-16T12:54:34Z	-
expert-annotation/instance_masks/PB000137_D12_z1_nuclei_obj41.npz	10628	2026-02-16T12:54:34Z	-
expert-annotation/instance_masks/PB000137_D12_z1_nuclei_obj42.npz	10700	2026-02-16T12:54:34Z	-
expert-annotation/instance_masks/PB000137_D12_z1_nuclei_obj43.npz	11614	2026-02-16T12:54:34Z	-
expert-annotation/instance_masks/PB000137_D12_z1_nuclei_obj44.npz	11684	2026-02-16T12:54:34Z	-
expert-annotation/instance_masks/PB000137_D12_z1_nuclei_obj45.npz	13858	2026-02-16T12:54:34Z	-
expert-annotation/instance_masks/PB000137_D12_z1_nuclei_obj46.npz	10684	2026-02-16T12:54:34Z	-
expert-annotation/instance_masks/PB000137_D12_z1_nuclei_obj47.npz	7891	2026-02-16T12:54:34Z	-
expert-annotation/instance_masks/PB000137_D12_z1_nuclei_obj48.npz	14040	2026-02-16T12:54:34Z	-
expert-annotation/instance_masks/PB000137_D12_z1_nuclei_obj49.npz	12124	2026-02-16T12:54:34Z	-
expert-annotation/instance_masks/PB000137_D12_z1_nuclei_obj5.npz	14108	2026-02-16T12:54:34Z	-
expert-annotation/instance_masks/PB000137_D12_z1_nuclei_obj50.npz	11962	2026-02-16T12:54:34Z	-
expert-annotation/instance_masks/PB000137_D12_z1_nuclei_obj51.npz	12083	2026-02-16T12:54:34Z	-
expert-annotation/instance_masks/PB000137_D12_z1_nuclei_obj52.npz	10536	2026-02-16T12:54:34Z	-
expert-annotation/instance_masks/PB000137_D12_z1_nuclei_obj53.npz	13015	2026-02-16T12:54:34Z	-
expert-annotation/instance_masks/PB000137_D12_z1_nuclei_obj54.npz	13374	2026-02-16T12:54:34Z	-
expert-annotation/instance_masks/PB000137_D12_z1_nuclei_obj55.npz	14226	2026-02-16T12:54:34Z	-
expert-annotation/instance_masks/PB000137_D12_z1_nuclei_obj56.npz	13548	2026-02-16T12:54:34Z	-
expert-annotation/instance_masks/PB000137_D12_z1_nuclei_obj57.npz	12156	2026-02-16T12:54:34Z	-
expert-annotation/instance_masks/PB000137_D12_z1_nuclei_obj58.npz	9420	2026-02-16T12:54:34Z	-
expert-annotation/instance_masks/PB000137_D12_z1_nuclei_obj59.npz	12272	2026-02-16T12:54:34Z	-
expert-annotation/instance_masks/PB000137_D12_z1_nuclei_obj6.npz	11332	2026-02-16T12:54:34Z	-
expert-annotation/instance_masks/PB000137_D12_z1_nuclei_obj60.npz	13904	2026-02-16T12:54:34Z	-
expert-annotation/instance_masks/PB000137_D12_z1_nuclei_obj61.npz	11666	2026-02-16T12:54:34Z	-
expert-annotation/instance_masks/PB000137_D12_z1_nuclei_obj62.npz	10122	2026-02-16T12:54:34Z	-
expert-annotation/instance_masks/PB000137_D12_z1_nuclei_obj63.npz	10206	2026-02-16T12:54:34Z	-
expert-annotation/instance_masks/PB000137_D12_z1_nuclei_obj64.npz	13848	2026-02-16T12:54:34Z	-
expert-annotation/instance_masks/PB000137_D12_z1_nuclei_obj65.npz	11654	2026-02-16T12:54:34Z	-
expert-annotation/instance_masks/PB000137_D12_z1_nuclei_obj66.npz	11041	2026-02-16T12:54:34Z	-
expert-annotation/instance_masks/PB000137_D12_z1_nuclei_obj67.npz	13109	2026-02-16T12:54:34Z	-
expert-annotation/instance_masks/PB000137_D12_z1_nuclei_obj68.npz	13485	2026-02-16T12:54:34Z	-
expert-annotation/instance_masks/PB000137_D12_z1_nuclei_obj69.npz	14003	2026-02-16T12:54:34Z	-
expert-annotation/instance_masks/PB000137_D12_z1_nuclei_obj7.npz	8376	2026-02-16T12:54:34Z	-
expert-annotation/instance_masks/PB000137_D12_z1_nuclei_obj8.npz	12936	2026-02-16T12:54:34Z	-
expert-annotation/instance_masks/PB000137_D12_z1_nuclei_obj9.npz	7693	2026-02-16T12:54:34Z	-
expert-annotation/instance_masks/PB000137_D12_z5_nuclei_obj1.npz	10202	2026-02-16T12:54:34Z	-
expert-annotation/instance_masks/PB000137_D12_z5_nuclei_obj10.npz	13396	2026-02-16T12:54:34Z	-
expert-annotation/instance_masks/PB000137_D12_z5_nuclei_obj100.npz	9688	2026-02-16T12:54:35Z	-
expert-annotation/instance_masks/PB000137_D12_z5_nuclei_obj101.npz	14676	2026-02-16T12:54:35Z	-
expert-annotation/instance_masks/PB000137_D12_z5_nuclei_obj102.npz	11993	2026-02-16T12:54:35Z	-
expert-annotation/instance_masks/PB000137_D12_z5_nuclei_obj103.npz	10198	2026-02-16T12:54:35Z	-
expert-annotation/instance_masks/PB000137_D12_z5_nuclei_obj104.npz	9951	2026-02-16T12:54:35Z	-
expert-annotation/instance_masks/PB000137_D12_z5_nuclei_obj105.npz	10134	2026-02-16T12:54:35Z	-
expert-annotation/instance_masks/PB000137_D12_z5_nuclei_obj106.npz	11587	2026-02-16T12:54:35Z	-
expert-annotation/instance_masks/PB000137_D12_z5_nuclei_obj107.npz	12435	2026-02-16T12:54:35Z	-
expert-annotation/instance_masks/PB000137_D12_z5_nuclei_obj108.npz	11791	2026-02-16T12:54:35Z	-
expert-annotation/instance_masks/PB000137_D12_z5_nuclei_obj109.npz	9503	2026-02-16T12:54:35Z	-
expert-annotation/instance_masks/PB000137_D12_z5_nuclei_obj11.npz	16499	2026-02-16T12:54:34Z	-
expert-annotation/instance_masks/PB000137_D12_z5_nuclei_obj110.npz	11393	2026-02-16T12:54:35Z	-
expert-annotation/instance_masks/PB000137_D12_z5_nuclei_obj111.npz	10927	2026-02-16T12:54:35Z	-
expert-annotation/instance_masks/PB000137_D12_z5_nuclei_obj112.npz	13679	2026-02-16T12:54:35Z	-
expert-annotation/instance_masks/PB000137_D12_z5_nuclei_obj113.npz	11300	2026-02-16T12:54:35Z	-
expert-annotation/instance_masks/PB000137_D12_z5_nuclei_obj114.npz	12485	2026-02-16T12:54:35Z	-
expert-annotation/instance_masks/PB000137_D12_z5_nuclei_obj115.npz	9632	2026-02-16T12:54:35Z	-
expert-annotation/instance_masks/PB000137_D12_z5_nuclei_obj116.npz	13881	2026-02-16T12:54:35Z	-
expert-annotation/instance_masks/PB000137_D12_z5_nuclei_obj117.npz	10258	2026-02-16T12:54:35Z	-
expert-annotation/instance_masks/PB000137_D12_z5_nuclei_obj118.npz	14387	2026-02-16T12:54:35Z	-
expert-annotation/instance_masks/PB000137_D12_z5_nuclei_obj119.npz	11400	2026-02-16T12:54:35Z	-
expert-annotation/instance_masks/PB000137_D12_z5_nuclei_obj12.npz	8789	2026-02-16T12:54:35Z	-
expert-annotation/instance_masks/PB000137_D12_z5_nuclei_obj120.npz	10061	2026-02-16T12:54:35Z	-
expert-annotation/instance_masks/PB000137_D12_z5_nuclei_obj121.npz	10947	2026-02-16T12:54:35Z	-
expert-annotation/instance_masks/PB000137_D12_z5_nuclei_obj122.npz	11882	2026-02-16T12:54:35Z	-
expert-annotation/instance_masks/PB000137_D12_z5_nuclei_obj123.npz	9639	2026-02-16T12:54:35Z	-
expert-annotation/instance_masks/PB000137_D12_z5_nuclei_obj124.npz	9946	2026-02-16T12:54:35Z	-
expert-annotation/instance_masks/PB000137_D12_z5_nuclei_obj125.npz	8093	2026-02-16T12:54:35Z	-
expert-annotation/instance_masks/PB000137_D12_z5_nuclei_obj126.npz	8684	2026-02-16T12:54:35Z	-
expert-annotation/instance_masks/PB000137_D12_z5_nuclei_obj127.npz	12311	2026-02-16T12:54:35Z	-
expert-annotation/instance_masks/PB000137_D12_z5_nuclei_obj128.npz	12218	2026-02-16T12:54:35Z	-
expert-annotation/instance_masks/PB000137_D12_z5_nuclei_obj129.npz	11848	2026-02-16T12:54:35Z	-
expert-annotation/instance_masks/PB000137_D12_z5_nuclei_obj13.npz	10162	2026-02-16T12:54:35Z	-
expert-annotation/instance_masks/PB000137_D12_z5_nuclei_obj130.npz	15002	2026-02-16T12:54:35Z	-
expert-annotation/instance_masks/PB000137_D12_z5_nuclei_obj131.npz	14129	2026-02-16T12:54:35Z	-
expert-annotation/instance_masks/PB000137_D12_z5_nuclei_obj132.npz	12619	2026-02-16T12:54:35Z	-
expert-annotation/instance_masks/PB000137_D12_z5_nuclei_obj133.npz	12549	2026-02-16T12:54:35Z	-
expert-annotation/instance_masks/PB000137_D12_z5_nuclei_obj134.npz	10868	2026-02-16T12:54:35Z	-
expert-annotation/instance_masks/PB000137_D12_z5_nuclei_obj135.npz	12089	2026-02-16T12:54:35Z	-
expert-annotation/instance_masks/PB000137_D12_z5_nuclei_obj136.npz	12943	2026-02-16T12:54:35Z	-
expert-annotation/instance_masks/PB000137_D12_z5_nuclei_obj137.npz	7852	2026-02-16T12:54:35Z	-
expert-annotation/instance_masks/PB000137_D12_z5_nuclei_obj138.npz	10613	2026-02-16T12:54:35Z	-
expert-annotation/instance_masks/PB000137_D12_z5_nuclei_obj139.npz	8929	2026-02-16T12:54:35Z	-
expert-annotation/instance_masks/PB000137_D12_z5_nuclei_obj14.npz	13948	2026-02-16T12:54:35Z	-
expert-annotation/instance_masks/PB000137_D12_z5_nuclei_obj140.npz	11996	2026-02-16T12:54:35Z	-
expert-annotation/instance_masks/PB000137_D12_z5_nuclei_obj141.npz	8801	2026-02-16T12:54:35Z	-
expert-annotation/instance_masks/PB000137_D12_z5_nuclei_obj142.npz	11323	2026-02-16T12:54:35Z	-
expert-annotation/instance_masks/PB000137_D12_z5_nuclei_obj143.npz	13672	2026-02-16T12:54:35Z	-
expert-annotation/instance_masks/PB000137_D12_z5_nuclei_obj144.npz	12432	2026-02-16T12:54:35Z	-
expert-annotation/instance_masks/PB000137_D12_z5_nuclei_obj145.npz	11776	2026-02-16T12:54:35Z	-
expert-annotation/instance_masks/PB000137_D12_z5_nuclei_obj146.npz	11784	2026-02-16T12:54:35Z	-
expert-annotation/instance_masks/PB000137_D12_z5_nuclei_obj147.npz	12101	2026-02-16T12:54:35Z	-
expert-annotation/instance_masks/PB000137_D12_z5_nuclei_obj148.npz	11328	2026-02-16T12:54:35Z	-
expert-annotation/instance_masks/PB000137_D12_z5_nuclei_obj149.npz	13042	2026-02-16T12:54:35Z	-
expert-annotation/instance_masks/PB000137_D12_z5_nuclei_obj15.npz	12835	2026-02-16T12:54:35Z	-
expert-annotation/instance_masks/PB000137_D12_z5_nuclei_obj150.npz	12970	2026-02-16T12:54:35Z	-
expert-annotation/instance_masks/PB000137_D12_z5_nuclei_obj151.npz	7114	2026-02-16T12:54:35Z	-
expert-annotation/instance_masks/PB000137_D12_z5_nuclei_obj152.npz	11501	2026-02-16T12:54:35Z	-
expert-annotation/instance_masks/PB000137_D12_z5_nuclei_obj153.npz	12854	2026-02-16T12:54:35Z	-
expert-annotation/instance_masks/PB000137_D12_z5_nuclei_obj154.npz	17950	2026-02-16T12:54:35Z	-
expert-annotation/instance_masks/PB000137_D12_z5_nuclei_obj155.npz	12024	2026-02-16T12:54:35Z	-
expert-annotation/instance_masks/PB000137_D12_z5_nuclei_obj156.npz	10957	2026-02-16T12:54:35Z	-
expert-annotation/instance_masks/PB000137_D12_z5_nuclei_obj157.npz	11766	2026-02-16T12:54:35Z	-
expert-annotation/instance_masks/PB000137_D12_z5_nuclei_obj158.npz	11481	2026-02-16T12:54:35Z	-
expert-annotation/instance_masks/PB000137_D12_z5_nuclei_obj159.npz	11448	2026-02-16T12:54:35Z	-
expert-annotation/instance_masks/PB000137_D12_z5_nuclei_obj16.npz	9985	2026-02-16T12:54:35Z	-
expert-annotation/instance_masks/PB000137_D12_z5_nuclei_obj17.npz	11019	2026-02-16T12:54:35Z	-
expert-annotation/instance_masks/PB000137_D12_z5_nuclei_obj18.npz	11184	2026-02-16T12:54:35Z	-
expert-annotation/instance_masks/PB000137_D12_z5_nuclei_obj19.npz	11835	2026-02-16T12:54:35Z	-
expert-annotation/instance_masks/PB000137_D12_z5_nuclei_obj2.npz	11609	2026-02-16T12:54:34Z	-
expert-annotation/instance_masks/PB000137_D12_z5_nuclei_obj20.npz	12100	2026-02-16T12:54:35Z	-
expert-annotation/instance_masks/PB000137_D12_z5_nuclei_obj21.npz	12900	2026-02-16T12:54:35Z	-
expert-annotation/instance_masks/PB000137_D12_z5_nuclei_obj22.npz	12352	2026-02-16T12:54:35Z	-
expert-annotation/instance_masks/PB000137_D12_z5_nuclei_obj23.npz	11631	2026-02-16T12:54:35Z	-
expert-annotation/instance_masks/PB000137_D12_z5_nuclei_obj24.npz	13123	2026-02-16T12:54:35Z	-
expert-annotation/instance_masks/PB000137_D12_z5_nuclei_obj25.npz	11729	2026-02-16T12:54:35Z	-
expert-annotation/instance_masks/PB000137_D12_z5_nuclei_obj26.npz	11461	2026-02-16T12:54:35Z	-
expert-annotation/instance_masks/PB000137_D12_z5_nuclei_obj27.npz	12481	2026-02-16T12:54:35Z	-
expert-annotation/instance_masks/PB000137_D12_z5_nuclei_obj28.npz	12864	2026-02-16T12:54:35Z	-
expert-annotation/instance_masks/PB000137_D12_z5_nuclei_obj29.npz	13781	2026-02-16T12:54:35Z	-
expert-annotation/instance_masks/PB000137_D12_z5_nuclei_obj3.npz	14086	2026-02-16T12:54:34Z	-
expert-annotation/instance_masks/PB000137_D12_z5_nuclei_obj30.npz	11932	2026-02-16T12:54:35Z	-
expert-annotation/instance_masks/PB000137_D12_z5_nuclei_obj31.npz	11452	2026-02-16T12:54:35Z	-
expert-annotation/instance_masks/PB000137_D12_z5_nuclei_obj32.npz	12947	2026-02-16T12:54:35Z	-
expert-annotation/instance_masks/PB000137_D12_z5_nuclei_obj33.npz	11363	2026-02-16T12:54:35Z	-
expert-annotation/instance_masks/PB000137_D12_z5_nuclei_obj34.npz	16843	2026-02-16T12:54:35Z	-
expert-annotation/instance_masks/PB000137_D12_z5_nuclei_obj35.npz	10966	2026-02-16T12:54:35Z	-
expert-annotation/instance_masks/PB000137_D12_z5_nuclei_obj36.npz	12627	2026-02-16T12:54:35Z	-
expert-annotation/instance_masks/PB000137_D12_z5_nuclei_obj37.npz	12234	2026-02-16T12:54:35Z	-
expert-annotation/instance_masks/PB000137_D12_z5_nuclei_obj38.npz	10421	2026-02-16T12:54:35Z	-
expert-annotation/instance_masks/PB000137_D12_z5_nuclei_obj39.npz	12901	2026-02-16T12:54:35Z	-
expert-annotation/instance_masks/PB000137_D12_z5_nuclei_obj4.npz	12191	2026-02-16T12:54:34Z	-
expert-annotation/instance_masks/PB000137_D12_z5_nuclei_obj40.npz	10403	2026-02-16T12:54:35Z	-
expert-annotation/instance_masks/PB000137_D12_z5_nuclei_obj41.npz	13360	2026-02-16T12:54:35Z	-
expert-annotation/instance_masks/PB000137_D12_z5_nuclei_obj42.npz	9366	2026-02-16T12:54:35Z	-
expert-annotation/instance_masks/PB000137_D12_z5_nuclei_obj43.npz	11634	2026-02-16T12:54:35Z	-
expert-annotation/instance_masks/PB000137_D12_z5_nuclei_obj44.npz	12820	2026-02-16T12:54:35Z	-
expert-annotation/instance_masks/PB000137_D12_z5_nuclei_obj45.npz	12526	2026-02-16T12:54:35Z	-
expert-annotation/instance_masks/PB000137_D12_z5_nuclei_obj46.npz	12912	2026-02-16T12:54:35Z	-
expert-annotation/instance_masks/PB000137_D12_z5_nuclei_obj47.npz	11102	2026-02-16T12:54:35Z	-
expert-annotation/instance_masks/PB000137_D12_z5_nuclei_obj48.npz	13580	2026-02-16T12:54:35Z	-
expert-annotation/instance_masks/PB000137_D12_z5_nuclei_obj49.npz	12200	2026-02-16T12:54:35Z	-
expert-annotation/instance_masks/PB000137_D12_z5_nuclei_obj5.npz	12776	2026-02-16T12:54:34Z	-
expert-annotation/instance_masks/PB000137_D12_z5_nuclei_obj50.npz	15916	2026-02-16T12:54:35Z	-
expert-annotation/instance_masks/PB000137_D12_z5_nuclei_obj51.npz	11882	2026-02-16T12:54:35Z	-
expert-annotation/instance_masks/PB000137_D12_z5_nuclei_obj52.npz	12398	2026-02-16T12:54:35Z	-
expert-annotation/instance_masks/PB000137_D12_z5_nuclei_obj53.npz	11318	2026-02-16T12:54:35Z	-
expert-annotation/instance_masks/PB000137_D12_z5_nuclei_obj54.npz	10826	2026-02-16T12:54:35Z	-
expert-annotation/instance_masks/PB000137_D12_z5_nuclei_obj55.npz	8228	2026-02-16T12:54:35Z	-
expert-annotation/instance_masks/PB000137_D12_z5_nuclei_obj56.npz	14121	2026-02-16T12:54:35Z	-
expert-annotation/instance_masks/PB000137_D12_z5_nuclei_obj57.npz	11356	2026-02-16T12:54:35Z	-
expert-annotation/instance_masks/PB000137_D12_z5_nuclei_obj58.npz	11644	2026-02-16T12:54:35Z	-
expert-annotation/instance_masks/PB000137_D12_z5_nuclei_obj59.npz	9383	2026-02-16T12:54:35Z	-
expert-annotation/instance_masks/PB000137_D12_z5_nuclei_obj6.npz	11236	2026-02-16T12:54:34Z	-
expert-annotation/instance_masks/PB000137_D12_z5_nuclei_obj60.npz	10874	2026-02-16T12:54:35Z	-
expert-annotation/instance_masks/PB000137_D12_z5_nuclei_obj61.npz	11204	2026-02-16T12:54:35Z	-
expert-annotation/instance_masks/PB000137_D12_z5_nuclei_obj62.npz	11308	2026-02-16T12:54:35Z	-
expert-annotation/instance_masks/PB000137_D12_z5_nuclei_obj63.npz	11504	2026-02-16T12:54:35Z	-
expert-annotation/instance_masks/PB000137_D12_z5_nuclei_obj64.npz	13034	2026-02-16T12:54:35Z	-
expert-annotation/instance_masks/PB000137_D12_z5_nuclei_obj65.npz	7142	2026-02-16T12:54:35Z	-
expert-annotation/instance_masks/PB000137_D12_z5_nuclei_obj66.npz	11507	2026-02-16T12:54:35Z	-
expert-annotation/instance_masks/PB000137_D12_z5_nuclei_obj67.npz	12560	2026-02-16T12:54:35Z	-
expert-annotation/instance_masks/PB000137_D12_z5_nuclei_obj68.npz	9257	2026-02-16T12:54:35Z	-
expert-annotation/instance_masks/PB000137_D12_z5_nuclei_obj69.npz	13674	2026-02-16T12:54:35Z	-
expert-annotation/instance_masks/PB000137_D12_z5_nuclei_obj7.npz	12924	2026-02-16T12:54:34Z	-
expert-annotation/instance_masks/PB000137_D12_z5_nuclei_obj70.npz	12337	2026-02-16T12:54:35Z	-
expert-annotation/instance_masks/PB000137_D12_z5_nuclei_obj71.npz	13717	2026-02-16T12:54:35Z	-
expert-annotation/instance_masks/PB000137_D12_z5_nuclei_obj72.npz	10660	2026-02-16T12:54:35Z	-
expert-annotation/instance_masks/PB000137_D12_z5_nuclei_obj73.npz	11236	2026-02-16T12:54:35Z	-
expert-annotation/instance_masks/PB000137_D12_z5_nuclei_obj74.npz	14172	2026-02-16T12:54:35Z	-
expert-annotation/instance_masks/PB000137_D12_z5_nuclei_obj75.npz	15905	2026-02-16T12:54:35Z	-
expert-annotation/instance_masks/PB000137_D12_z5_nuclei_obj76.npz	11416	2026-02-16T12:54:35Z	-
expert-annotation/instance_masks/PB000137_D12_z5_nuclei_obj77.npz	12141	2026-02-16T12:54:35Z	-
expert-annotation/instance_masks/PB000137_D12_z5_nuclei_obj78.npz	10913	2026-02-16T12:54:35Z	-
expert-annotation/instance_masks/PB000137_D12_z5_nuclei_obj79.npz	11088	2026-02-16T12:54:35Z	-
expert-annotation/instance_masks/PB000137_D12_z5_nuclei_obj8.npz	10965	2026-02-16T12:54:34Z	-
expert-annotation/instance_masks/PB000137_D12_z5_nuclei_obj80.npz	11239	2026-02-16T12:54:35Z	-
expert-annotation/instance_masks/PB000137_D12_z5_nuclei_obj81.npz	13526	2026-02-16T12:54:35Z	-
expert-annotation/instance_masks/PB000137_D12_z5_nuclei_obj82.npz	14837	2026-02-16T12:54:35Z	-
expert-annotation/instance_masks/PB000137_D12_z5_nuclei_obj83.npz	13099	2026-02-16T12:54:35Z	-
expert-annotation/instance_masks/PB000137_D12_z5_nuclei_obj84.npz	15619	2026-02-16T12:54:35Z	-
expert-annotation/instance_masks/PB000137_D12_z5_nuclei_obj85.npz	11429	2026-02-16T12:54:35Z	-
expert-annotation/instance_masks/PB000137_D12_z5_nuclei_obj86.npz	9502	2026-02-16T12:54:35Z	-
expert-annotation/instance_masks/PB000137_D12_z5_nuclei_obj87.npz	11182	2026-02-16T12:54:35Z	-
expert-annotation/instance_masks/PB000137_D12_z5_nuclei_obj88.npz	12096	2026-02-16T12:54:35Z	-
expert-annotation/instance_masks/PB000137_D12_z5_nuclei_obj89.npz	8412	2026-02-16T12:54:35Z	-
expert-annotation/instance_masks/PB000137_D12_z5_nuclei_obj9.npz	12431	2026-02-16T12:54:34Z	-
expert-annotation/instance_masks/PB000137_D12_z5_nuclei_obj90.npz	11461	2026-02-16T12:54:35Z	-
expert-annotation/instance_masks/PB000137_D12_z5_nuclei_obj91.npz	13392	2026-02-16T12:54:35Z	-
expert-annotation/instance_masks/PB000137_D12_z5_nuclei_obj92.npz	12021	2026-02-16T12:54:35Z	-
expert-annotation/instance_masks/PB000137_D12_z5_nuclei_obj93.npz	9951	2026-02-16T12:54:35Z	-
expert-annotation/instance_masks/PB000137_D12_z5_nuclei_obj94.npz	10911	2026-02-16T12:54:35Z	-
expert-annotation/instance_masks/PB000137_D12_z5_nuclei_obj95.npz	13779	2026-02-16T12:54:35Z	-
expert-annotation/instance_masks/PB000137_D12_z5_nuclei_obj96.npz	15903	2026-02-16T12:54:35Z	-
expert-annotation/instance_masks/PB000137_D12_z5_nuclei_obj97.npz	9324	2026-02-16T12:54:35Z	-
expert-annotation/instance_masks/PB000137_D12_z5_nuclei_obj98.npz	15217	2026-02-16T12:54:35Z	-
expert-annotation/instance_masks/PB000137_D12_z5_nuclei_obj99.npz	10686	2026-02-16T12:54:35Z	-
expert-annotation/instance_masks/PB000137_D12_z9_nuclei_obj1.npz	8045	2026-02-16T12:54:33Z	-
expert-annotation/instance_masks/PB000137_D12_z9_nuclei_obj10.npz	10543	2026-02-16T12:54:33Z	-
expert-annotation/instance_masks/PB000137_D12_z9_nuclei_obj100.npz	13437	2026-02-16T12:54:33Z	-
expert-annotation/instance_masks/PB000137_D12_z9_nuclei_obj101.npz	12573	2026-02-16T12:54:33Z	-
expert-annotation/instance_masks/PB000137_D12_z9_nuclei_obj102.npz	10043	2026-02-16T12:54:33Z	-
expert-annotation/instance_masks/PB000137_D12_z9_nuclei_obj103.npz	13101	2026-02-16T12:54:33Z	-
expert-annotation/instance_masks/PB000137_D12_z9_nuclei_obj104.npz	14133	2026-02-16T12:54:33Z	-
expert-annotation/instance_masks/PB000137_D12_z9_nuclei_obj105.npz	10518	2026-02-16T12:54:33Z	-
expert-annotation/instance_masks/PB000137_D12_z9_nuclei_obj106.npz	10692	2026-02-16T12:54:33Z	-
expert-annotation/instance_masks/PB000137_D12_z9_nuclei_obj107.npz	11074	2026-02-16T12:54:33Z	-
expert-annotation/instance_masks/PB000137_D12_z9_nuclei_obj108.npz	15488	2026-02-16T12:54:34Z	-
expert-annotation/instance_masks/PB000137_D12_z9_nuclei_obj109.npz	8541	2026-02-16T12:54:34Z	-
expert-annotation/instance_masks/PB000137_D12_z9_nuclei_obj11.npz	6935	2026-02-16T12:54:33Z	-
expert-annotation/instance_masks/PB000137_D12_z9_nuclei_obj110.npz	9836	2026-02-16T12:54:34Z	-
expert-annotation/instance_masks/PB000137_D12_z9_nuclei_obj111.npz	10627	2026-02-16T12:54:34Z	-
expert-annotation/instance_masks/PB000137_D12_z9_nuclei_obj112.npz	14343	2026-02-16T12:54:34Z	-
expert-annotation/instance_masks/PB000137_D12_z9_nuclei_obj113.npz	11650	2026-02-16T12:54:34Z	-
expert-annotation/instance_masks/PB000137_D12_z9_nuclei_obj114.npz	10412	2026-02-16T12:54:34Z	-
expert-annotation/instance_masks/PB000137_D12_z9_nuclei_obj115.npz	7751	2026-02-16T12:54:34Z	-
expert-annotation/instance_masks/PB000137_D12_z9_nuclei_obj116.npz	9261	2026-02-16T12:54:34Z	-
expert-annotation/instance_masks/PB000137_D12_z9_nuclei_obj117.npz	10998	2026-02-16T12:54:34Z	-
expert-annotation/instance_masks/PB000137_D12_z9_nuclei_obj118.npz	15031	2026-02-16T12:54:34Z	-
expert-annotation/instance_masks/PB000137_D12_z9_nuclei_obj119.npz	12752	2026-02-16T12:54:34Z	-
expert-annotation/instance_masks/PB000137_D12_z9_nuclei_obj12.npz	9977	2026-02-16T12:54:33Z	-
expert-annotation/instance_masks/PB000137_D12_z9_nuclei_obj120.npz	11695	2026-02-16T12:54:34Z	-
expert-annotation/instance_masks/PB000137_D12_z9_nuclei_obj121.npz	12630	2026-02-16T12:54:34Z	-
expert-annotation/instance_masks/PB000137_D12_z9_nuclei_obj122.npz	15075	2026-02-16T12:54:34Z	-
expert-annotation/instance_masks/PB000137_D12_z9_nuclei_obj123.npz	14630	2026-02-16T12:54:34Z	-
expert-annotation/instance_masks/PB000137_D12_z9_nuclei_obj124.npz	12440	2026-02-16T12:54:34Z	-
expert-annotation/instance_masks/PB000137_D12_z9_nuclei_obj125.npz	11252	2026-02-16T12:54:34Z	-
expert-annotation/instance_masks/PB000137_D12_z9_nuclei_obj126.npz	4156	2026-02-16T12:54:34Z	-
expert-annotation/instance_masks/PB000137_D12_z9_nuclei_obj127.npz	11796	2026-02-16T12:54:34Z	-
expert-annotation/instance_masks/PB000137_D12_z9_nuclei_obj128.npz	9444	2026-02-16T12:54:34Z	-
expert-annotation/instance_masks/PB000137_D12_z9_nuclei_obj129.npz	10046	2026-02-16T12:54:34Z	-
expert-annotation/instance_masks/PB000137_D12_z9_nuclei_obj13.npz	20671	2026-02-16T12:54:33Z	-
expert-annotation/instance_masks/PB000137_D12_z9_nuclei_obj130.npz	13057	2026-02-16T12:54:34Z	-
expert-annotation/instance_masks/PB000137_D12_z9_nuclei_obj131.npz	10696	2026-02-16T12:54:34Z	-
expert-annotation/instance_masks/PB000137_D12_z9_nuclei_obj132.npz	13718	2026-02-16T12:54:34Z	-
expert-annotation/instance_masks/PB000137_D12_z9_nuclei_obj133.npz	11015	2026-02-16T12:54:34Z	-
expert-annotation/instance_masks/PB000137_D12_z9_nuclei_obj134.npz	12890	2026-02-16T12:54:34Z	-
expert-annotation/instance_masks/PB000137_D12_z9_nuclei_obj135.npz	15712	2026-02-16T12:54:34Z	-
expert-annotation/instance_masks/PB000137_D12_z9_nuclei_obj136.npz	12405	2026-02-16T12:54:34Z	-
expert-annotation/instance_masks/PB000137_D12_z9_nuclei_obj137.npz	13087	2026-02-16T12:54:34Z	-
expert-annotation/instance_masks/PB000137_D12_z9_nuclei_obj138.npz	10055	2026-02-16T12:54:34Z	-
expert-annotation/instance_masks/PB000137_D12_z9_nuclei_obj139.npz	10572	2026-02-16T12:54:34Z	-
expert-annotation/instance_masks/PB000137_D12_z9_nuclei_obj14.npz	13699	2026-02-16T12:54:33Z	-
expert-annotation/instance_masks/PB000137_D12_z9_nuclei_obj140.npz	11420	2026-02-16T12:54:34Z	-
expert-annotation/instance_masks/PB000137_D12_z9_nuclei_obj141.npz	10250	2026-02-16T12:54:34Z	-
expert-annotation/instance_masks/PB000137_D12_z9_nuclei_obj142.npz	10767	2026-02-16T12:54:34Z	-
expert-annotation/instance_masks/PB000137_D12_z9_nuclei_obj143.npz	12960	2026-02-16T12:54:34Z	-
expert-annotation/instance_masks/PB000137_D12_z9_nuclei_obj144.npz	12592	2026-02-16T12:54:34Z	-
expert-annotation/instance_masks/PB000137_D12_z9_nuclei_obj145.npz	12563	2026-02-16T12:54:34Z	-
expert-annotation/instance_masks/PB000137_D12_z9_nuclei_obj146.npz	10134	2026-02-16T12:54:34Z	-
expert-annotation/instance_masks/PB000137_D12_z9_nuclei_obj147.npz	9645	2026-02-16T12:54:34Z	-
expert-annotation/instance_masks/PB000137_D12_z9_nuclei_obj148.npz	8269	2026-02-16T12:54:34Z	-
expert-annotation/instance_masks/PB000137_D12_z9_nuclei_obj149.npz	9861	2026-02-16T12:54:34Z	-
expert-annotation/instance_masks/PB000137_D12_z9_nuclei_obj15.npz	7739	2026-02-16T12:54:33Z	-
expert-annotation/instance_masks/PB000137_D12_z9_nuclei_obj150.npz	7940	2026-02-16T12:54:34Z	-
expert-annotation/instance_masks/PB000137_D12_z9_nuclei_obj151.npz	10475	2026-02-16T12:54:34Z	-
expert-annotation/instance_masks/PB000137_D12_z9_nuclei_obj152.npz	7481	2026-02-16T12:54:34Z	-
expert-annotation/instance_masks/PB000137_D12_z9_nuclei_obj153.npz	8546	2026-02-16T12:54:34Z	-
expert-annotation/instance_masks/PB000137_D12_z9_nuclei_obj154.npz	10136	2026-02-16T12:54:34Z	-
expert-annotation/instance_masks/PB000137_D12_z9_nuclei_obj155.npz	15454	2026-02-16T12:54:34Z	-
expert-annotation/instance_masks/PB000137_D12_z9_nuclei_obj156.npz	11769	2026-02-16T12:54:34Z	-
expert-annotation/instance_masks/PB000137_D12_z9_nuclei_obj157.npz	7733	2026-02-16T12:54:34Z	-
expert-annotation/instance_masks/PB000137_D12_z9_nuclei_obj158.npz	9188	2026-02-16T12:54:34Z	-
expert-annotation/instance_masks/PB000137_D12_z9_nuclei_obj159.npz	10626	2026-02-16T12:54:34Z	-
expert-annotation/instance_masks/PB000137_D12_z9_nuclei_obj16.npz	12190	2026-02-16T12:54:33Z	-
expert-annotation/instance_masks/PB000137_D12_z9_nuclei_obj160.npz	10853	2026-02-16T12:54:34Z	-
expert-annotation/instance_masks/PB000137_D12_z9_nuclei_obj161.npz	11043	2026-02-16T12:54:34Z	-
expert-annotation/instance_masks/PB000137_D12_z9_nuclei_obj162.npz	8134	2026-02-16T12:54:34Z	-
expert-annotation/instance_masks/PB000137_D12_z9_nuclei_obj163.npz	12483	2026-02-16T12:54:34Z	-
expert-annotation/instance_masks/PB000137_D12_z9_nuclei_obj164.npz	9789	2026-02-16T12:54:34Z	-
expert-annotation/instance_masks/PB000137_D12_z9_nuclei_obj165.npz	11693	2026-02-16T12:54:34Z	-
expert-annotation/instance_masks/PB000137_D12_z9_nuclei_obj166.npz	12171	2026-02-16T12:54:34Z	-
expert-annotation/instance_masks/PB000137_D12_z9_nuclei_obj167.npz	11868	2026-02-16T12:54:34Z	-
expert-annotation/instance_masks/PB000137_D12_z9_nuclei_obj168.npz	10593	2026-02-16T12:54:34Z	-
expert-annotation/instance_masks/PB000137_D12_z9_nuclei_obj169.npz	10473	2026-02-16T12:54:34Z	-
expert-annotation/instance_masks/PB000137_D12_z9_nuclei_obj17.npz	14738	2026-02-16T12:54:33Z	-
expert-annotation/instance_masks/PB000137_D12_z9_nuclei_obj170.npz	10735	2026-02-16T12:54:34Z	-
expert-annotation/instance_masks/PB000137_D12_z9_nuclei_obj171.npz	13648	2026-02-16T12:54:34Z	-
expert-annotation/instance_masks/PB000137_D12_z9_nuclei_obj172.npz	16063	2026-02-16T12:54:34Z	-
expert-annotation/instance_masks/PB000137_D12_z9_nuclei_obj173.npz	10750	2026-02-16T12:54:34Z	-
expert-annotation/instance_masks/PB000137_D12_z9_nuclei_obj174.npz	12576	2026-02-16T12:54:34Z	-
expert-annotation/instance_masks/PB000137_D12_z9_nuclei_obj175.npz	12228	2026-02-16T12:54:34Z	-
expert-annotation/instance_masks/PB000137_D12_z9_nuclei_obj176.npz	6647	2026-02-16T12:54:34Z	-
expert-annotation/instance_masks/PB000137_D12_z9_nuclei_obj177.npz	5464	2026-02-16T12:54:34Z	-
expert-annotation/instance_masks/PB000137_D12_z9_nuclei_obj178.npz	10443	2026-02-16T12:54:34Z	-
expert-annotation/instance_masks/PB000137_D12_z9_nuclei_obj179.npz	13991	2026-02-16T12:54:34Z	-
expert-annotation/instance_masks/PB000137_D12_z9_nuclei_obj18.npz	8502	2026-02-16T12:54:33Z	-
expert-annotation/instance_masks/PB000137_D12_z9_nuclei_obj180.npz	10846	2026-02-16T12:54:34Z	-
expert-annotation/instance_masks/PB000137_D12_z9_nuclei_obj181.npz	12748	2026-02-16T12:54:34Z	-
expert-annotation/instance_masks/PB000137_D12_z9_nuclei_obj182.npz	13287	2026-02-16T12:54:34Z	-
expert-annotation/instance_masks/PB000137_D12_z9_nuclei_obj183.npz	10948	2026-02-16T12:54:34Z	-
expert-annotation/instance_masks/PB000137_D12_z9_nuclei_obj184.npz	12032	2026-02-16T12:54:34Z	-
expert-annotation/instance_masks/PB000137_D12_z9_nuclei_obj185.npz	9386	2026-02-16T12:54:34Z	-
expert-annotation/instance_masks/PB000137_D12_z9_nuclei_obj186.npz	10741	2026-02-16T12:54:34Z	-
expert-annotation/instance_masks/PB000137_D12_z9_nuclei_obj187.npz	11717	2026-02-16T12:54:34Z	-
expert-annotation/instance_masks/PB000137_D12_z9_nuclei_obj188.npz	12626	2026-02-16T12:54:34Z	-
expert-annotation/instance_masks/PB000137_D12_z9_nuclei_obj189.npz	6963	2026-02-16T12:54:34Z	-
expert-annotation/instance_masks/PB000137_D12_z9_nuclei_obj19.npz	8995	2026-02-16T12:54:33Z	-
expert-annotation/instance_masks/PB000137_D12_z9_nuclei_obj190.npz	6622	2026-02-16T12:54:34Z	-
expert-annotation/instance_masks/PB000137_D12_z9_nuclei_obj191.npz	12490	2026-02-16T12:54:34Z	-
expert-annotation/instance_masks/PB000137_D12_z9_nuclei_obj192.npz	9364	2026-02-16T12:54:34Z	-
expert-annotation/instance_masks/PB000137_D12_z9_nuclei_obj193.npz	10507	2026-02-16T12:54:34Z	-
expert-annotation/instance_masks/PB000137_D12_z9_nuclei_obj194.npz	15798	2026-02-16T12:54:34Z	-
expert-annotation/instance_masks/PB000137_D12_z9_nuclei_obj195.npz	12311	2026-02-16T12:54:34Z	-
expert-annotation/instance_masks/PB000137_D12_z9_nuclei_obj196.npz	12041	2026-02-16T12:54:34Z	-
expert-annotation/instance_masks/PB000137_D12_z9_nuclei_obj197.npz	11146	2026-02-16T12:54:34Z	-
expert-annotation/instance_masks/PB000137_D12_z9_nuclei_obj198.npz	13031	2026-02-16T12:54:34Z	-
expert-annotation/instance_masks/PB000137_D12_z9_nuclei_obj199.npz	11703	2026-02-16T12:54:34Z	-
expert-annotation/instance_masks/PB000137_D12_z9_nuclei_obj2.npz	8970	2026-02-16T12:54:33Z	-
expert-annotation/instance_masks/PB000137_D12_z9_nuclei_obj20.npz	10266	2026-02-16T12:54:33Z	-
expert-annotation/instance_masks/PB000137_D12_z9_nuclei_obj200.npz	6313	2026-02-16T12:54:34Z	-
expert-annotation/instance_masks/PB000137_D12_z9_nuclei_obj201.npz	8084	2026-02-16T12:54:34Z	-
expert-annotation/instance_masks/PB000137_D12_z9_nuclei_obj202.npz	12137	2026-02-16T12:54:34Z	-
expert-annotation/instance_masks/PB000137_D12_z9_nuclei_obj203.npz	9025	2026-02-16T12:54:34Z	-
expert-annotation/instance_masks/PB000137_D12_z9_nuclei_obj204.npz	9899	2026-02-16T12:54:34Z	-
expert-annotation/instance_masks/PB000137_D12_z9_nuclei_obj205.npz	12137	2026-02-16T12:54:34Z	-
expert-annotation/instance_masks/PB000137_D12_z9_nuclei_obj206.npz	10245	2026-02-16T12:54:34Z	-
expert-annotation/instance_masks/PB000137_D12_z9_nuclei_obj207.npz	9737	2026-02-16T12:54:34Z	-
expert-annotation/instance_masks/PB000137_D12_z9_nuclei_obj208.npz	8407	2026-02-16T12:54:34Z	-
expert-annotation/instance_masks/PB000137_D12_z9_nuclei_obj209.npz	10554	2026-02-16T12:54:34Z	-
expert-annotation/instance_masks/PB000137_D12_z9_nuclei_obj21.npz	10116	2026-02-16T12:54:33Z	-
expert-annotation/instance_masks/PB000137_D12_z9_nuclei_obj210.npz	12692	2026-02-16T12:54:34Z	-
expert-annotation/instance_masks/PB000137_D12_z9_nuclei_obj211.npz	12318	2026-02-16T12:54:34Z	-
expert-annotation/instance_masks/PB000137_D12_z9_nuclei_obj212.npz	10261	2026-02-16T12:54:34Z	-
expert-annotation/instance_masks/PB000137_D12_z9_nuclei_obj213.npz	12006	2026-02-16T12:54:34Z	-
expert-annotation/instance_masks/PB000137_D12_z9_nuclei_obj214.npz	11727	2026-02-16T12:54:34Z	-
expert-annotation/instance_masks/PB000137_D12_z9_nuclei_obj215.npz	12728	2026-02-16T12:54:34Z	-
expert-annotation/instance_masks/PB000137_D12_z9_nuclei_obj216.npz	13167	2026-02-16T12:54:34Z	-
expert-annotation/instance_masks/PB000137_D12_z9_nuclei_obj217.npz	8643	2026-02-16T12:54:34Z	-
expert-annotation/instance_masks/PB000137_D12_z9_nuclei_obj218.npz	11138	2026-02-16T12:54:34Z	-
expert-annotation/instance_masks/PB000137_D12_z9_nuclei_obj219.npz	14957	2026-02-16T12:54:34Z	-
expert-annotation/instance_masks/PB000137_D12_z9_nuclei_obj22.npz	10581	2026-02-16T12:54:33Z	-
expert-annotation/instance_masks/PB000137_D12_z9_nuclei_obj220.npz	9576	2026-02-16T12:54:34Z	-
expert-annotation/instance_masks/PB000137_D12_z9_nuclei_obj221.npz	12636	2026-02-16T12:54:34Z	-
expert-annotation/instance_masks/PB000137_D12_z9_nuclei_obj222.npz	13665	2026-02-16T12:54:34Z	-
expert-annotation/instance_masks/PB000137_D12_z9_nuclei_obj223.npz	12802	2026-02-16T12:54:34Z	-
expert-annotation/instance_masks/PB000137_D12_z9_nuclei_obj224.npz	5903	2026-02-16T12:54:34Z	-
expert-annotation/instance_masks/PB000137_D12_z9_nuclei_obj225.npz	8060	2026-02-16T12:54:34Z	-
expert-annotation/instance_masks/PB000137_D12_z9_nuclei_obj226.npz	13942	2026-02-16T12:54:34Z	-
expert-annotation/instance_masks/PB000137_D12_z9_nuclei_obj227.npz	11553	2026-02-16T12:54:34Z	-
expert-annotation/instance_masks/PB000137_D12_z9_nuclei_obj228.npz	12036	2026-02-16T12:54:34Z	-
expert-annotation/instance_masks/PB000137_D12_z9_nuclei_obj229.npz	12213	2026-02-16T12:54:34Z	-
expert-annotation/instance_masks/PB000137_D12_z9_nuclei_obj23.npz	12103	2026-02-16T12:54:33Z	-
expert-annotation/instance_masks/PB000137_D12_z9_nuclei_obj230.npz	11806	2026-02-16T12:54:34Z	-
expert-annotation/instance_masks/PB000137_D12_z9_nuclei_obj231.npz	9066	2026-02-16T12:54:34Z	-
expert-annotation/instance_masks/PB000137_D12_z9_nuclei_obj232.npz	10670	2026-02-16T12:54:34Z	-
expert-annotation/instance_masks/PB000137_D12_z9_nuclei_obj233.npz	11261	2026-02-16T12:54:34Z	-
expert-annotation/instance_masks/PB000137_D12_z9_nuclei_obj234.npz	8396	2026-02-16T12:54:34Z	-
expert-annotation/instance_masks/PB000137_D12_z9_nuclei_obj235.npz	13076	2026-02-16T12:54:34Z	-
expert-annotation/instance_masks/PB000137_D12_z9_nuclei_obj236.npz	10743	2026-02-16T12:54:34Z	-
expert-annotation/instance_masks/PB000137_D12_z9_nuclei_obj237.npz	10598	2026-02-16T12:54:34Z	-
expert-annotation/instance_masks/PB000137_D12_z9_nuclei_obj238.npz	10819	2026-02-16T12:54:34Z	-
expert-annotation/instance_masks/PB000137_D12_z9_nuclei_obj239.npz	11068	2026-02-16T12:54:34Z	-
expert-annotation/instance_masks/PB000137_D12_z9_nuclei_obj24.npz	9329	2026-02-16T12:54:33Z	-
expert-annotation/instance_masks/PB000137_D12_z9_nuclei_obj240.npz	9956	2026-02-16T12:54:34Z	-
expert-annotation/instance_masks/PB000137_D12_z9_nuclei_obj241.npz	12082	2026-02-16T12:54:34Z	-
expert-annotation/instance_masks/PB000137_D12_z9_nuclei_obj242.npz	9469	2026-02-16T12:54:34Z	-
expert-annotation/instance_masks/PB000137_D12_z9_nuclei_obj243.npz	9239	2026-02-16T12:54:34Z	-
expert-annotation/instance_masks/PB000137_D12_z9_nuclei_obj244.npz	11148	2026-02-16T12:54:34Z	-
expert-annotation/instance_masks/PB000137_D12_z9_nuclei_obj245.npz	13081	2026-02-16T12:54:34Z	-
expert-annotation/instance_masks/PB000137_D12_z9_nuclei_obj246.npz	13666	2026-02-16T12:54:34Z	-
expert-annotation/instance_masks/PB000137_D12_z9_nuclei_obj247.npz	8497	2026-02-16T12:54:34Z	-
expert-annotation/instance_masks/PB000137_D12_z9_nuclei_obj248.npz	13343	2026-02-16T12:54:34Z	-
expert-annotation/instance_masks/PB000137_D12_z9_nuclei_obj25.npz	17326	2026-02-16T12:54:33Z	-
expert-annotation/instance_masks/PB000137_D12_z9_nuclei_obj26.npz	8242	2026-02-16T12:54:33Z	-
expert-annotation/instance_masks/PB000137_D12_z9_nuclei_obj27.npz	11225	2026-02-16T12:54:33Z	-
expert-annotation/instance_masks/PB000137_D12_z9_nuclei_obj28.npz	10830	2026-02-16T12:54:33Z	-
expert-annotation/instance_masks/PB000137_D12_z9_nuclei_obj29.npz	14869	2026-02-16T12:54:33Z	-
expert-annotation/instance_masks/PB000137_D12_z9_nuclei_obj3.npz	5458	2026-02-16T12:54:33Z	-
expert-annotation/instance_masks/PB000137_D12_z9_nuclei_obj30.npz	17548	2026-02-16T12:54:33Z	-
expert-annotation/instance_masks/PB000137_D12_z9_nuclei_obj31.npz	11923	2026-02-16T12:54:33Z	-
expert-annotation/instance_masks/PB000137_D12_z9_nuclei_obj32.npz	12991	2026-02-16T12:54:33Z	-
expert-annotation/instance_masks/PB000137_D12_z9_nuclei_obj33.npz	9919	2026-02-16T12:54:33Z	-
expert-annotation/instance_masks/PB000137_D12_z9_nuclei_obj34.npz	9007	2026-02-16T12:54:33Z	-
expert-annotation/instance_masks/PB000137_D12_z9_nuclei_obj35.npz	12181	2026-02-16T12:54:33Z	-
expert-annotation/instance_masks/PB000137_D12_z9_nuclei_obj36.npz	9018	2026-02-16T12:54:33Z	-
expert-annotation/instance_masks/PB000137_D12_z9_nuclei_obj37.npz	11210	2026-02-16T12:54:33Z	-
expert-annotation/instance_masks/PB000137_D12_z9_nuclei_obj38.npz	10006	2026-02-16T12:54:33Z	-
expert-annotation/instance_masks/PB000137_D12_z9_nuclei_obj39.npz	7929	2026-02-16T12:54:33Z	-
expert-annotation/instance_masks/PB000137_D12_z9_nuclei_obj4.npz	5700	2026-02-16T12:54:33Z	-
expert-annotation/instance_masks/PB000137_D12_z9_nuclei_obj40.npz	8400	2026-02-16T12:54:33Z	-
expert-annotation/instance_masks/PB000137_D12_z9_nuclei_obj41.npz	10976	2026-02-16T12:54:33Z	-
expert-annotation/instance_masks/PB000137_D12_z9_nuclei_obj42.npz	12078	2026-02-16T12:54:33Z	-
expert-annotation/instance_masks/PB000137_D12_z9_nuclei_obj43.npz	11202	2026-02-16T12:54:33Z	-
expert-annotation/instance_masks/PB000137_D12_z9_nuclei_obj44.npz	12793	2026-02-16T12:54:33Z	-
expert-annotation/instance_masks/PB000137_D12_z9_nuclei_obj45.npz	12227	2026-02-16T12:54:33Z	-
expert-annotation/instance_masks/PB000137_D12_z9_nuclei_obj46.npz	14319	2026-02-16T12:54:33Z	-
expert-annotation/instance_masks/PB000137_D12_z9_nuclei_obj47.npz	12358	2026-02-16T12:54:33Z	-
expert-annotation/instance_masks/PB000137_D12_z9_nuclei_obj48.npz	11711	2026-02-16T12:54:33Z	-
expert-annotation/instance_masks/PB000137_D12_z9_nuclei_obj49.npz	13798	2026-02-16T12:54:33Z	-
expert-annotation/instance_masks/PB000137_D12_z9_nuclei_obj5.npz	7407	2026-02-16T12:54:33Z	-
expert-annotation/instance_masks/PB000137_D12_z9_nuclei_obj50.npz	12981	2026-02-16T12:54:33Z	-
expert-annotation/instance_masks/PB000137_D12_z9_nuclei_obj51.npz	10143	2026-02-16T12:54:33Z	-
expert-annotation/instance_masks/PB000137_D12_z9_nuclei_obj52.npz	9160	2026-02-16T12:54:33Z	-
expert-annotation/instance_masks/PB000137_D12_z9_nuclei_obj53.npz	14795	2026-02-16T12:54:33Z	-
expert-annotation/instance_masks/PB000137_D12_z9_nuclei_obj54.npz	12849	2026-02-16T12:54:33Z	-
expert-annotation/instance_masks/PB000137_D12_z9_nuclei_obj55.npz	12049	2026-02-16T12:54:33Z	-
expert-annotation/instance_masks/PB000137_D12_z9_nuclei_obj56.npz	13096	2026-02-16T12:54:33Z	-
expert-annotation/instance_masks/PB000137_D12_z9_nuclei_obj57.npz	10325	2026-02-16T12:54:33Z	-
expert-annotation/instance_masks/PB000137_D12_z9_nuclei_obj58.npz	10668	2026-02-16T12:54:33Z	-
expert-annotation/instance_masks/PB000137_D12_z9_nuclei_obj59.npz	12234	2026-02-16T12:54:33Z	-
expert-annotation/instance_masks/PB000137_D12_z9_nuclei_obj6.npz	8871	2026-02-16T12:54:33Z	-
expert-annotation/instance_masks/PB000137_D12_z9_nuclei_obj60.npz	11703	2026-02-16T12:54:33Z	-
expert-annotation/instance_masks/PB000137_D12_z9_nuclei_obj61.npz	9718	2026-02-16T12:54:33Z	-
expert-annotation/instance_masks/PB000137_D12_z9_nuclei_obj62.npz	12304	2026-02-16T12:54:33Z	-
expert-annotation/instance_masks/PB000137_D12_z9_nuclei_obj63.npz	12177	2026-02-16T12:54:33Z	-
expert-annotation/instance_masks/PB000137_D12_z9_nuclei_obj64.npz	10050	2026-02-16T12:54:33Z	-
expert-annotation/instance_masks/PB000137_D12_z9_nuclei_obj65.npz	14911	2026-02-16T12:54:33Z	-
expert-annotation/instance_masks/PB000137_D12_z9_nuclei_obj66.npz	11975	2026-02-16T12:54:33Z	-
expert-annotation/instance_masks/PB000137_D12_z9_nuclei_obj67.npz	8054	2026-02-16T12:54:33Z	-
expert-annotation/instance_masks/PB000137_D12_z9_nuclei_obj68.npz	9056	2026-02-16T12:54:33Z	-
expert-annotation/instance_masks/PB000137_D12_z9_nuclei_obj69.npz	12374	2026-02-16T12:54:33Z	-
expert-annotation/instance_masks/PB000137_D12_z9_nuclei_obj7.npz	8181	2026-02-16T12:54:33Z	-
expert-annotation/instance_masks/PB000137_D12_z9_nuclei_obj70.npz	8401	2026-02-16T12:54:33Z	-
expert-annotation/instance_masks/PB000137_D12_z9_nuclei_obj71.npz	10757	2026-02-16T12:54:33Z	-
expert-annotation/instance_masks/PB000137_D12_z9_nuclei_obj72.npz	12095	2026-02-16T12:54:33Z	-
expert-annotation/instance_masks/PB000137_D12_z9_nuclei_obj73.npz	9885	2026-02-16T12:54:33Z	-
expert-annotation/instance_masks/PB000137_D12_z9_nuclei_obj74.npz	10083	2026-02-16T12:54:33Z	-
expert-annotation/instance_masks/PB000137_D12_z9_nuclei_obj75.npz	15248	2026-02-16T12:54:33Z	-
expert-annotation/instance_masks/PB000137_D12_z9_nuclei_obj76.npz	10317	2026-02-16T12:54:33Z	-
expert-annotation/instance_masks/PB000137_D12_z9_nuclei_obj77.npz	12946	2026-02-16T12:54:33Z	-
expert-annotation/instance_masks/PB000137_D12_z9_nuclei_obj78.npz	11996	2026-02-16T12:54:33Z	-
expert-annotation/instance_masks/PB000137_D12_z9_nuclei_obj79.npz	10919	2026-02-16T12:54:33Z	-
expert-annotation/instance_masks/PB000137_D12_z9_nuclei_obj8.npz	9421	2026-02-16T12:54:33Z	-
expert-annotation/instance_masks/PB000137_D12_z9_nuclei_obj80.npz	13721	2026-02-16T12:54:33Z	-
expert-annotation/instance_masks/PB000137_D12_z9_nuclei_obj81.npz	14971	2026-02-16T12:54:33Z	-
expert-annotation/instance_masks/PB000137_D12_z9_nuclei_obj82.npz	9823	2026-02-16T12:54:33Z	-
expert-annotation/instance_masks/PB000137_D12_z9_nuclei_obj83.npz	15432	2026-02-16T12:54:33Z	-
expert-annotation/instance_masks/PB000137_D12_z9_nuclei_obj84.npz	11078	2026-02-16T12:54:33Z	-
expert-annotation/instance_masks/PB000137_D12_z9_nuclei_obj85.npz	12062	2026-02-16T12:54:33Z	-
expert-annotation/instance_masks/PB000137_D12_z9_nuclei_obj86.npz	10824	2026-02-16T12:54:33Z	-
expert-annotation/instance_masks/PB000137_D12_z9_nuclei_obj87.npz	7823	2026-02-16T12:54:33Z	-
expert-annotation/instance_masks/PB000137_D12_z9_nuclei_obj88.npz	17031	2026-02-16T12:54:33Z	-
expert-annotation/instance_masks/PB000137_D12_z9_nuclei_obj89.npz	10396	2026-02-16T12:54:33Z	-
expert-annotation/instance_masks/PB000137_D12_z9_nuclei_obj9.npz	12296	2026-02-16T12:54:33Z	-
expert-annotation/instance_masks/PB000137_D12_z9_nuclei_obj90.npz	12824	2026-02-16T12:54:33Z	-
expert-annotation/instance_masks/PB000137_D12_z9_nuclei_obj91.npz	14168	2026-02-16T12:54:33Z	-
expert-annotation/instance_masks/PB000137_D12_z9_nuclei_obj92.npz	16437	2026-02-16T12:54:33Z	-
expert-annotation/instance_masks/PB000137_D12_z9_nuclei_obj93.npz	10352	2026-02-16T12:54:33Z	-
expert-annotation/instance_masks/PB000137_D12_z9_nuclei_obj94.npz	12248	2026-02-16T12:54:33Z	-
expert-annotation/instance_masks/PB000137_D12_z9_nuclei_obj95.npz	10678	2026-02-16T12:54:33Z	-
expert-annotation/instance_masks/PB000137_D12_z9_nuclei_obj96.npz	13601	2026-02-16T12:54:33Z	-
expert-annotation/instance_masks/PB000137_D12_z9_nuclei_obj97.npz	11926	2026-02-16T12:54:33Z	-
expert-annotation/instance_masks/PB000137_D12_z9_nuclei_obj98.npz	9098	2026-02-16T12:54:33Z	-
expert-annotation/instance_masks/PB000137_D12_z9_nuclei_obj99.npz	8711	2026-02-16T12:54:33Z	-
expert-annotation/instance_masks/instance_summary.csv	97859	2026-02-16T12:54:35Z	-
expert-annotation/iou_rebuild_vs_expert.csv	46119	2026-05-03T20:53:33Z	-
expert-annotation/quantify_segmentation_error.ipynb	1485784	2026-07-20T12:21:52Z	3b537433c4b16efc25f7e68ffcfddcd272be2eeaf1ad0dc67757b64a335d93eb
expert-annotation/raw_Images3/Plate-PB000137-Well-D12-z1-CONC.ome.tiff	2342552	2026-04-23T17:09:39Z	-
expert-annotation/raw_Images3/Plate-PB000137-Well-D12-z1-HOECHST.ome.tiff	2342348	2026-04-23T17:09:39Z	-
expert-annotation/raw_Images3/Plate-PB000137-Well-D12-z1-MITO.ome.tiff	2342558	2026-04-23T17:09:39Z	-
expert-annotation/raw_Images3/Plate-PB000137-Well-D12-z1-PHAandWGA.ome.tiff	2341674	2026-04-23T17:09:39Z	-
expert-annotation/raw_Images3/Plate-PB000137-Well-D12-z1-SYTO.ome.tiff	2341936	2026-04-23T17:09:39Z	-
expert-annotation/raw_Images3/Plate-PB000137-Well-D12-z11-CONC.ome.tiff	2342558	2026-04-23T17:09:41Z	-
expert-annotation/raw_Images3/Plate-PB000137-Well-D12-z11-HOECHST.ome.tiff	2342354	2026-04-23T17:09:41Z	-
expert-annotation/raw_Images3/Plate-PB000137-Well-D12-z11-MITO.ome.tiff	2342558	2026-04-23T17:09:41Z	-
expert-annotation/raw_Images3/Plate-PB000137-Well-D12-z11-PHAandWGA.ome.tiff	2341674	2026-04-23T17:09:41Z	-
expert-annotation/raw_Images3/Plate-PB000137-Well-D12-z11-SYTO.ome.tiff	2341942	2026-04-23T17:09:41Z	-
expert-annotation/raw_Images3/Plate-PB000137-Well-D12-z3-CONC.ome.tiff	2342552	2026-04-23T17:09:40Z	-
expert-annotation/raw_Images3/Plate-PB000137-Well-D12-z3-HOECHST.ome.tiff	2342348	2026-04-23T17:09:40Z	-
expert-annotation/raw_Images3/Plate-PB000137-Well-D12-z3-MITO.ome.tiff	2342558	2026-04-23T17:09:40Z	-
expert-annotation/raw_Images3/Plate-PB000137-Well-D12-z3-PHAandWGA.ome.tiff	2341674	2026-04-23T17:09:40Z	-
expert-annotation/raw_Images3/Plate-PB000137-Well-D12-z3-SYTO.ome.tiff	2341936	2026-04-23T17:09:40Z	-
expert-annotation/raw_Images3/Plate-PB000137-Well-D12-z5-CONC.ome.tiff	2342552	2026-04-23T17:09:40Z	-
expert-annotation/raw_Images3/Plate-PB000137-Well-D12-z5-HOECHST.ome.tiff	2342348	2026-04-23T17:09:40Z	-
expert-annotation/raw_Images3/Plate-PB000137-Well-D12-z5-MITO.ome.tiff	2342558	2026-04-23T17:09:40Z	-
expert-annotation/raw_Images3/Plate-PB000137-Well-D12-z5-PHAandWGA.ome.tiff	2341674	2026-04-23T17:09:40Z	-
expert-annotation/raw_Images3/Plate-PB000137-Well-D12-z5-SYTO.ome.tiff	2341936	2026-04-23T17:09:40Z	-
expert-annotation/raw_Images3/Plate-PB000137-Well-D12-z7-CONC.ome.tiff	2342552	2026-04-23T17:09:40Z	-
expert-annotation/raw_Images3/Plate-PB000137-Well-D12-z7-HOECHST.ome.tiff	2342348	2026-04-23T17:09:40Z	-
expert-annotation/raw_Images3/Plate-PB000137-Well-D12-z7-MITO.ome.tiff	2342558	2026-04-23T17:09:40Z	-
expert-annotation/raw_Images3/Plate-PB000137-Well-D12-z7-PHAandWGA.ome.tiff	2341674	2026-04-23T17:09:40Z	-
expert-annotation/raw_Images3/Plate-PB000137-Well-D12-z7-SYTO.ome.tiff	2341936	2026-04-23T17:09:40Z	-
expert-annotation/raw_Images3/Plate-PB000137-Well-D12-z9-CONC.ome.tiff	2342552	2026-04-23T17:09:40Z	-
expert-annotation/raw_Images3/Plate-PB000137-Well-D12-z9-HOECHST.ome.tiff	2342348	2026-04-23T17:09:40Z	-
expert-annotation/raw_Images3/Plate-PB000137-Well-D12-z9-MITO.ome.tiff	2342558	2026-04-23T17:09:40Z	-
expert-annotation/raw_Images3/Plate-PB000137-Well-D12-z9-PHAandWGA.ome.tiff	2341674	2026-04-23T17:09:41Z	-
expert-annotation/raw_Images3/Plate-PB000137-Well-D12-z9-SYTO.ome.tiff	2341936	2026-04-23T17:09:40Z	-
expert-annotation/raw_Images3/Plate-PB000137-Well-F06-z1-CONC.ome.tiff	2342552	2026-04-23T17:09:41Z	-
expert-annotation/raw_Images3/Plate-PB000137-Well-F06-z1-HOECHST.ome.tiff	2342348	2026-04-23T17:09:41Z	-
expert-annotation/raw_Images3/Plate-PB000137-Well-F06-z1-MITO.ome.tiff	2342552	2026-04-23T17:09:41Z	-
expert-annotation/raw_Images3/Plate-PB000137-Well-F06-z1-PHAandWGA.ome.tiff	2341668	2026-04-23T17:09:41Z	-
expert-annotation/raw_Images3/Plate-PB000137-Well-F06-z1-SYTO.ome.tiff	2341936	2026-04-23T17:09:41Z	-
expert-annotation/raw_Images3/Plate-PB000137-Well-F06-z11-CONC.ome.tiff	2342552	2026-04-23T17:09:42Z	-
expert-annotation/raw_Images3/Plate-PB000137-Well-F06-z11-HOECHST.ome.tiff	2342348	2026-04-23T17:09:42Z	-
expert-annotation/raw_Images3/Plate-PB000137-Well-F06-z11-MITO.ome.tiff	2342558	2026-04-23T17:09:42Z	-
expert-annotation/raw_Images3/Plate-PB000137-Well-F06-z11-PHAandWGA.ome.tiff	2341674	2026-04-23T17:09:42Z	-
expert-annotation/raw_Images3/Plate-PB000137-Well-F06-z11-SYTO.ome.tiff	2341936	2026-04-23T17:09:42Z	-
expert-annotation/raw_Images3/Plate-PB000137-Well-F06-z3-CONC.ome.tiff	2342552	2026-04-23T17:09:41Z	-
expert-annotation/raw_Images3/Plate-PB000137-Well-F06-z3-HOECHST.ome.tiff	2342348	2026-04-23T17:09:41Z	-
expert-annotation/raw_Images3/Plate-PB000137-Well-F06-z3-MITO.ome.tiff	2342552	2026-04-23T17:09:41Z	-
expert-annotation/raw_Images3/Plate-PB000137-Well-F06-z3-PHAandWGA.ome.tiff	2341668	2026-04-23T17:09:41Z	-
expert-annotation/raw_Images3/Plate-PB000137-Well-F06-z3-SYTO.ome.tiff	2341936	2026-04-23T17:09:41Z	-
expert-annotation/raw_Images3/Plate-PB000137-Well-F06-z5-CONC.ome.tiff	2342552	2026-04-23T17:09:42Z	-
expert-annotation/raw_Images3/Plate-PB000137-Well-F06-z5-HOECHST.ome.tiff	2342348	2026-04-23T17:09:42Z	-
expert-annotation/raw_Images3/Plate-PB000137-Well-F06-z5-MITO.ome.tiff	2342552	2026-04-23T17:09:41Z	-
expert-annotation/raw_Images3/Plate-PB000137-Well-F06-z5-PHAandWGA.ome.tiff	2341668	2026-04-23T17:09:42Z	-
expert-annotation/raw_Images3/Plate-PB000137-Well-F06-z5-SYTO.ome.tiff	2341936	2026-04-23T17:09:42Z	-
expert-annotation/raw_Images3/Plate-PB000137-Well-F06-z7-CONC.ome.tiff	2342552	2026-04-23T17:09:42Z	-
expert-annotation/raw_Images3/Plate-PB000137-Well-F06-z7-HOECHST.ome.tiff	2342348	2026-04-23T17:09:42Z	-
expert-annotation/raw_Images3/Plate-PB000137-Well-F06-z7-MITO.ome.tiff	2342552	2026-04-23T17:09:42Z	-
expert-annotation/raw_Images3/Plate-PB000137-Well-F06-z7-PHAandWGA.ome.tiff	2341668	2026-04-23T17:09:42Z	-
expert-annotation/raw_Images3/Plate-PB000137-Well-F06-z7-SYTO.ome.tiff	2341936	2026-04-23T17:09:42Z	-
expert-annotation/raw_Images3/Plate-PB000137-Well-F06-z9-CONC.ome.tiff	2342552	2026-04-23T17:09:42Z	-
expert-annotation/raw_Images3/Plate-PB000137-Well-F06-z9-HOECHST.ome.tiff	2342348	2026-04-23T17:09:42Z	-
expert-annotation/raw_Images3/Plate-PB000137-Well-F06-z9-MITO.ome.tiff	2342552	2026-04-23T17:09:42Z	-
expert-annotation/raw_Images3/Plate-PB000137-Well-F06-z9-PHAandWGA.ome.tiff	2341668	2026-04-23T17:09:42Z	-
expert-annotation/raw_Images3/Plate-PB000137-Well-F06-z9-SYTO.ome.tiff	2341936	2026-04-23T17:09:42Z	-
expert-annotation/raw_Images3/Plate-PB000139-Well-C03-z1-CONC.ome.tiff	2342622	2026-04-23T17:09:43Z	-
expert-annotation/raw_Images3/Plate-PB000139-Well-C03-z1-HOECHST.ome.tiff	2342418	2026-04-23T17:09:43Z	-
expert-annotation/raw_Images3/Plate-PB000139-Well-C03-z1-MITO.ome.tiff	2342622	2026-04-23T17:09:42Z	-
expert-annotation/raw_Images3/Plate-PB000139-Well-C03-z1-PHAandWGA.ome.tiff	2341738	2026-04-23T17:09:43Z	-
expert-annotation/raw_Images3/Plate-PB000139-Well-C03-z1-SYTO.ome.tiff	2342006	2026-04-23T17:09:43Z	-
expert-annotation/raw_Images3/Plate-PB000139-Well-C03-z11-CONC.ome.tiff	2342622	2026-04-23T17:09:44Z	-
expert-annotation/raw_Images3/Plate-PB000139-Well-C03-z11-HOECHST.ome.tiff	2342418	2026-04-23T17:09:44Z	-
expert-annotation/raw_Images3/Plate-PB000139-Well-C03-z11-MITO.ome.tiff	2342628	2026-04-23T17:09:43Z	-
expert-annotation/raw_Images3/Plate-PB000139-Well-C03-z11-PHAandWGA.ome.tiff	2341744	2026-04-23T17:09:44Z	-
expert-annotation/raw_Images3/Plate-PB000139-Well-C03-z11-SYTO.ome.tiff	2342006	2026-04-23T17:09:44Z	-
expert-annotation/raw_Images3/Plate-PB000139-Well-C03-z3-CONC.ome.tiff	2342622	2026-04-23T17:09:43Z	-
expert-annotation/raw_Images3/Plate-PB000139-Well-C03-z3-HOECHST.ome.tiff	2342418	2026-04-23T17:09:43Z	-
expert-annotation/raw_Images3/Plate-PB000139-Well-C03-z3-MITO.ome.tiff	2342622	2026-04-23T17:09:43Z	-
expert-annotation/raw_Images3/Plate-PB000139-Well-C03-z3-PHAandWGA.ome.tiff	2341738	2026-04-23T17:09:43Z	-
expert-annotation/raw_Images3/Plate-PB000139-Well-C03-z3-SYTO.ome.tiff	2342006	2026-04-23T17:09:43Z	-
expert-annotation/raw_Images3/Plate-PB000139-Well-C03-z5-CONC.ome.tiff	2342622	2026-04-23T17:09:43Z	-
expert-annotation/raw_Images3/Plate-PB000139-Well-C03-z5-HOECHST.ome.tiff	2342418	2026-04-23T17:09:43Z	-
expert-annotation/raw_Images3/Plate-PB000139-Well-C03-z5-MITO.ome.tiff	2342622	2026-04-23T17:09:43Z	-
expert-annotation/raw_Images3/Plate-PB000139-Well-C03-z5-PHAandWGA.ome.tiff	2341738	2026-04-23T17:09:43Z	-
expert-annotation/raw_Images3/Plate-PB000139-Well-C03-z5-SYTO.ome.tiff	2342006	2026-04-23T17:09:43Z	-
expert-annotation/raw_Images3/Plate-PB000139-Well-C03-z7-CONC.ome.tiff	2342622	2026-04-23T17:09:43Z	-
expert-annotation/raw_Images3/Plate-PB000139-Well-C03-z7-HOECHST.ome.tiff	2342418	2026-04-23T17:09:43Z	-
expert-annotation/raw_Images3/Plate-PB000139-Well-C03-z7-MITO.ome.tiff	2342622	2026-04-23T17:09:43Z	-
expert-annotation/raw_Images3/Plate-PB000139-Well-C03-z7-PHAandWGA.ome.tiff	2341738	2026-04-23T17:09:43Z	-
expert-annotation/raw_Images3/Plate-PB000139-Well-C03-z7-SYTO.ome.tiff	2342006	2026-04-23T17:09:43Z	-
expert-annotation/raw_Images3/Plate-PB000139-Well-C03-z9-CONC.ome.tiff	2342622	2026-04-23T17:09:43Z	-
expert-annotation/raw_Images3/Plate-PB000139-Well-C03-z9-HOECHST.ome.tiff	2342418	2026-04-23T17:09:43Z	-
expert-annotation/raw_Images3/Plate-PB000139-Well-C03-z9-MITO.ome.tiff	2342622	2026-04-23T17:09:43Z	-
expert-annotation/raw_Images3/Plate-PB000139-Well-C03-z9-PHAandWGA.ome.tiff	2341738	2026-04-23T17:09:43Z	-
expert-annotation/raw_Images3/Plate-PB000139-Well-C03-z9-SYTO.ome.tiff	2342006	2026-04-23T17:09:43Z	-
expert-annotation/raw_Images3/Plate-PB000139-Well-C12-z1-CONC.ome.tiff	2342622	2026-04-23T17:09:48Z	-
expert-annotation/raw_Images3/Plate-PB000139-Well-C12-z1-HOECHST.ome.tiff	2342418	2026-04-23T17:09:48Z	-
expert-annotation/raw_Images3/Plate-PB000139-Well-C12-z1-MITO.ome.tiff	2342628	2026-04-23T17:09:48Z	-
expert-annotation/raw_Images3/Plate-PB000139-Well-C12-z1-PHAandWGA.ome.tiff	2341744	2026-04-23T17:09:48Z	-
expert-annotation/raw_Images3/Plate-PB000139-Well-C12-z1-SYTO.ome.tiff	2342006	2026-04-23T17:09:48Z	-
expert-annotation/raw_Images3/Plate-PB000139-Well-C12-z11-CONC.ome.tiff	2342628	2026-04-23T17:09:48Z	-
expert-annotation/raw_Images3/Plate-PB000139-Well-C12-z11-HOECHST.ome.tiff	2342424	2026-04-23T17:09:48Z	-
expert-annotation/raw_Images3/Plate-PB000139-Well-C12-z11-MITO.ome.tiff	2342628	2026-04-23T17:09:48Z	-
expert-annotation/raw_Images3/Plate-PB000139-Well-C12-z11-PHAandWGA.ome.tiff	2341744	2026-04-23T17:09:48Z	-
expert-annotation/raw_Images3/Plate-PB000139-Well-C12-z11-SYTO.ome.tiff	2342012	2026-04-23T17:09:48Z	-
expert-annotation/raw_Images3/Plate-PB000139-Well-C12-z3-CONC.ome.tiff	2342622	2026-04-23T17:09:48Z	-
expert-annotation/raw_Images3/Plate-PB000139-Well-C12-z3-HOECHST.ome.tiff	2342418	2026-04-23T17:09:48Z	-
expert-annotation/raw_Images3/Plate-PB000139-Well-C12-z3-MITO.ome.tiff	2342628	2026-04-23T17:09:48Z	-
expert-annotation/raw_Images3/Plate-PB000139-Well-C12-z3-PHAandWGA.ome.tiff	2341744	2026-04-23T17:09:48Z	-
expert-annotation/raw_Images3/Plate-PB000139-Well-C12-z3-SYTO.ome.tiff	2342006	2026-04-23T17:09:48Z	-
expert-annotation/raw_Images3/Plate-PB000139-Well-C12-z5-CONC.ome.tiff	2342622	2026-04-23T17:09:48Z	-
expert-annotation/raw_Images3/Plate-PB000139-Well-C12-z5-HOECHST.ome.tiff	2342418	2026-04-23T17:09:48Z	-
expert-annotation/raw_Images3/Plate-PB000139-Well-C12-z5-MITO.ome.tiff	2342628	2026-04-23T17:09:48Z	-
expert-annotation/raw_Images3/Plate-PB000139-Well-C12-z5-PHAandWGA.ome.tiff	2341744	2026-04-23T17:09:48Z	-
expert-annotation/raw_Images3/Plate-PB000139-Well-C12-z5-SYTO.ome.tiff	2342006	2026-04-23T17:09:48Z	-
expert-annotation/raw_Images3/Plate-PB000139-Well-C12-z7-CONC.ome.tiff	2342622	2026-04-23T17:09:48Z	-
expert-annotation/raw_Images3/Plate-PB000139-Well-C12-z7-HOECHST.ome.tiff	2342418	2026-04-23T17:09:48Z	-
expert-annotation/raw_Images3/Plate-PB000139-Well-C12-z7-MITO.ome.tiff	2342628	2026-04-23T17:09:48Z	-
expert-annotation/raw_Images3/Plate-PB000139-Well-C12-z7-PHAandWGA.ome.tiff	2341744	2026-04-23T17:09:48Z	-
expert-annotation/raw_Images3/Plate-PB000139-Well-C12-z7-SYTO.ome.tiff	2342006	2026-04-23T17:09:48Z	-
expert-annotation/raw_Images3/Plate-PB000139-Well-C12-z9-CONC.ome.tiff	2342622	2026-04-23T17:09:48Z	-
expert-annotation/raw_Images3/Plate-PB000139-Well-C12-z9-HOECHST.ome.tiff	2342418	2026-04-23T17:09:48Z	-
expert-annotation/raw_Images3/Plate-PB000139-Well-C12-z9-MITO.ome.tiff	2342628	2026-04-23T17:09:48Z	-
expert-annotation/raw_Images3/Plate-PB000139-Well-C12-z9-PHAandWGA.ome.tiff	2341744	2026-04-23T17:09:48Z	-
expert-annotation/raw_Images3/Plate-PB000139-Well-C12-z9-SYTO.ome.tiff	2342006	2026-04-23T17:09:48Z	-
expert-annotation/raw_Images3/Plate-PB000139-Well-C14-z1-CONC.ome.tiff	2342622	2026-04-23T17:09:46Z	-
expert-annotation/raw_Images3/Plate-PB000139-Well-C14-z1-HOECHST.ome.tiff	2342418	2026-04-23T17:09:46Z	-
expert-annotation/raw_Images3/Plate-PB000139-Well-C14-z1-MITO.ome.tiff	2342628	2026-04-23T17:09:46Z	-
expert-annotation/raw_Images3/Plate-PB000139-Well-C14-z1-PHAandWGA.ome.tiff	2341744	2026-04-23T17:09:46Z	-
expert-annotation/raw_Images3/Plate-PB000139-Well-C14-z1-SYTO.ome.tiff	2342006	2026-04-23T17:09:46Z	-
expert-annotation/raw_Images3/Plate-PB000139-Well-C14-z11-CONC.ome.tiff	2342628	2026-04-23T17:09:46Z	-
expert-annotation/raw_Images3/Plate-PB000139-Well-C14-z11-HOECHST.ome.tiff	2342424	2026-04-23T17:09:46Z	-
expert-annotation/raw_Images3/Plate-PB000139-Well-C14-z11-MITO.ome.tiff	2342628	2026-04-23T17:09:46Z	-
expert-annotation/raw_Images3/Plate-PB000139-Well-C14-z11-PHAandWGA.ome.tiff	2341744	2026-04-23T17:09:46Z	-
expert-annotation/raw_Images3/Plate-PB000139-Well-C14-z11-SYTO.ome.tiff	2342012	2026-04-23T17:09:46Z	-
expert-annotation/raw_Images3/Plate-PB000139-Well-C14-z3-CONC.ome.tiff	2342622	2026-04-23T17:09:46Z	-
expert-annotation/raw_Images3/Plate-PB000139-Well-C14-z3-HOECHST.ome.tiff	2342418	2026-04-23T17:09:46Z	-
expert-annotation/raw_Images3/Plate-PB000139-Well-C14-z3-MITO.ome.tiff	2342628	2026-04-23T17:09:46Z	-
expert-annotation/raw_Images3/Plate-PB000139-Well-C14-z3-PHAandWGA.ome.tiff	2341744	2026-04-23T17:09:46Z	-
expert-annotation/raw_Images3/Plate-PB000139-Well-C14-z3-SYTO.ome.tiff	2342006	2026-04-23T17:09:46Z	-
expert-annotation/raw_Images3/Plate-PB000139-Well-C14-z5-CONC.ome.tiff	2342622	2026-04-23T17:09:46Z	-
expert-annotation/raw_Images3/Plate-PB000139-Well-C14-z5-HOECHST.ome.tiff	2342418	2026-04-23T17:09:46Z	-
expert-annotation/raw_Images3/Plate-PB000139-Well-C14-z5-MITO.ome.tiff	2342628	2026-04-23T17:09:46Z	-
expert-annotation/raw_Images3/Plate-PB000139-Well-C14-z5-PHAandWGA.ome.tiff	2341744	2026-04-23T17:09:46Z	-
expert-annotation/raw_Images3/Plate-PB000139-Well-C14-z5-SYTO.ome.tiff	2342006	2026-04-23T17:09:46Z	-
expert-annotation/raw_Images3/Plate-PB000139-Well-C14-z7-CONC.ome.tiff	2342622	2026-04-23T17:09:46Z	-
expert-annotation/raw_Images3/Plate-PB000139-Well-C14-z7-HOECHST.ome.tiff	2342418	2026-04-23T17:09:46Z	-
expert-annotation/raw_Images3/Plate-PB000139-Well-C14-z7-MITO.ome.tiff	2342628	2026-04-23T17:09:46Z	-
expert-annotation/raw_Images3/Plate-PB000139-Well-C14-z7-PHAandWGA.ome.tiff	2341744	2026-04-23T17:09:46Z	-
expert-annotation/raw_Images3/Plate-PB000139-Well-C14-z7-SYTO.ome.tiff	2342006	2026-04-23T17:09:46Z	-
expert-annotation/raw_Images3/Plate-PB000139-Well-C14-z9-CONC.ome.tiff	2342622	2026-04-23T17:09:46Z	-
expert-annotation/raw_Images3/Plate-PB000139-Well-C14-z9-HOECHST.ome.tiff	2342418	2026-04-23T17:09:46Z	-
expert-annotation/raw_Images3/Plate-PB000139-Well-C14-z9-MITO.ome.tiff	2342628	2026-04-23T17:09:46Z	-
expert-annotation/raw_Images3/Plate-PB000139-Well-C14-z9-PHAandWGA.ome.tiff	2341744	2026-04-23T17:09:46Z	-
expert-annotation/raw_Images3/Plate-PB000139-Well-C14-z9-SYTO.ome.tiff	2342006	2026-04-23T17:09:46Z	-
expert-annotation/raw_Images3/Plate-PB000139-Well-C23-z1-CONC.ome.tiff	2342622	2026-04-23T17:09:45Z	-
expert-annotation/raw_Images3/Plate-PB000139-Well-C23-z1-HOECHST.ome.tiff	2342418	2026-04-23T17:09:45Z	-
expert-annotation/raw_Images3/Plate-PB000139-Well-C23-z1-MITO.ome.tiff	2342628	2026-04-23T17:09:45Z	-
expert-annotation/raw_Images3/Plate-PB000139-Well-C23-z1-PHAandWGA.ome.tiff	2341744	2026-04-23T17:09:45Z	-
expert-annotation/raw_Images3/Plate-PB000139-Well-C23-z1-SYTO.ome.tiff	2342006	2026-04-23T17:09:45Z	-
expert-annotation/raw_Images3/Plate-PB000139-Well-C23-z11-CONC.ome.tiff	2342628	2026-04-23T17:09:45Z	-
expert-annotation/raw_Images3/Plate-PB000139-Well-C23-z11-HOECHST.ome.tiff	2342424	2026-04-23T17:09:45Z	-
expert-annotation/raw_Images3/Plate-PB000139-Well-C23-z11-MITO.ome.tiff	2342628	2026-04-23T17:09:45Z	-
expert-annotation/raw_Images3/Plate-PB000139-Well-C23-z11-PHAandWGA.ome.tiff	2341744	2026-04-23T17:09:45Z	-
expert-annotation/raw_Images3/Plate-PB000139-Well-C23-z11-SYTO.ome.tiff	2342012	2026-04-23T17:09:45Z	-
expert-annotation/raw_Images3/Plate-PB000139-Well-C23-z3-CONC.ome.tiff	2342622	2026-04-23T17:09:45Z	-
expert-annotation/raw_Images3/Plate-PB000139-Well-C23-z3-HOECHST.ome.tiff	2342418	2026-04-23T17:09:45Z	-
expert-annotation/raw_Images3/Plate-PB000139-Well-C23-z3-MITO.ome.tiff	2342628	2026-04-23T17:09:45Z	-
expert-annotation/raw_Images3/Plate-PB000139-Well-C23-z3-PHAandWGA.ome.tiff	2341744	2026-04-23T17:09:45Z	-
expert-annotation/raw_Images3/Plate-PB000139-Well-C23-z3-SYTO.ome.tiff	2342006	2026-04-23T17:09:45Z	-
expert-annotation/raw_Images3/Plate-PB000139-Well-C23-z5-CONC.ome.tiff	2342622	2026-04-23T17:09:45Z	-
expert-annotation/raw_Images3/Plate-PB000139-Well-C23-z5-HOECHST.ome.tiff	2342418	2026-04-23T17:09:45Z	-
expert-annotation/raw_Images3/Plate-PB000139-Well-C23-z5-MITO.ome.tiff	2342628	2026-04-23T17:09:45Z	-
expert-annotation/raw_Images3/Plate-PB000139-Well-C23-z5-PHAandWGA.ome.tiff	2341744	2026-04-23T17:09:45Z	-
expert-annotation/raw_Images3/Plate-PB000139-Well-C23-z5-SYTO.ome.tiff	2342006	2026-04-23T17:09:45Z	-
expert-annotation/raw_Images3/Plate-PB000139-Well-C23-z7-CONC.ome.tiff	2342622	2026-04-23T17:09:45Z	-
expert-annotation/raw_Images3/Plate-PB000139-Well-C23-z7-HOECHST.ome.tiff	2342418	2026-04-23T17:09:45Z	-
expert-annotation/raw_Images3/Plate-PB000139-Well-C23-z7-MITO.ome.tiff	2342628	2026-04-23T17:09:45Z	-
expert-annotation/raw_Images3/Plate-PB000139-Well-C23-z7-PHAandWGA.ome.tiff	2341744	2026-04-23T17:09:45Z	-
expert-annotation/raw_Images3/Plate-PB000139-Well-C23-z7-SYTO.ome.tiff	2342006	2026-04-23T17:09:45Z	-
expert-annotation/raw_Images3/Plate-PB000139-Well-C23-z9-CONC.ome.tiff	2342622	2026-04-23T17:09:45Z	-
expert-annotation/raw_Images3/Plate-PB000139-Well-C23-z9-HOECHST.ome.tiff	2342418	2026-04-23T17:09:45Z	-
expert-annotation/raw_Images3/Plate-PB000139-Well-C23-z9-MITO.ome.tiff	2342628	2026-04-23T17:09:45Z	-
expert-annotation/raw_Images3/Plate-PB000139-Well-C23-z9-PHAandWGA.ome.tiff	2341744	2026-04-23T17:09:45Z	-
expert-annotation/raw_Images3/Plate-PB000139-Well-C23-z9-SYTO.ome.tiff	2342006	2026-04-23T17:09:45Z	-
expert-annotation/raw_Images3/Plate-PB000139-Well-D06-z1-CONC.ome.tiff	2342622	2026-04-23T17:09:47Z	-
expert-annotation/raw_Images3/Plate-PB000139-Well-D06-z1-HOECHST.ome.tiff	2342418	2026-04-23T17:09:47Z	-
expert-annotation/raw_Images3/Plate-PB000139-Well-D06-z1-MITO.ome.tiff	2342622	2026-04-23T17:09:47Z	-
expert-annotation/raw_Images3/Plate-PB000139-Well-D06-z1-PHAandWGA.ome.tiff	2341738	2026-04-23T17:09:47Z	-
expert-annotation/raw_Images3/Plate-PB000139-Well-D06-z1-SYTO.ome.tiff	2342006	2026-04-23T17:09:47Z	-
expert-annotation/raw_Images3/Plate-PB000139-Well-D06-z11-CONC.ome.tiff	2342622	2026-04-23T17:09:47Z	-
expert-annotation/raw_Images3/Plate-PB000139-Well-D06-z11-HOECHST.ome.tiff	2342418	2026-04-23T17:09:48Z	-
expert-annotation/raw_Images3/Plate-PB000139-Well-D06-z11-MITO.ome.tiff	2342628	2026-04-23T17:09:47Z	-
expert-annotation/raw_Images3/Plate-PB000139-Well-D06-z11-PHAandWGA.ome.tiff	2341744	2026-04-23T17:09:48Z	-
expert-annotation/raw_Images3/Plate-PB000139-Well-D06-z11-SYTO.ome.tiff	2342006	2026-04-23T17:09:47Z	-
expert-annotation/raw_Images3/Plate-PB000139-Well-D06-z3-CONC.ome.tiff	2342622	2026-04-23T17:09:47Z	-
expert-annotation/raw_Images3/Plate-PB000139-Well-D06-z3-HOECHST.ome.tiff	2342418	2026-04-23T17:09:47Z	-
expert-annotation/raw_Images3/Plate-PB000139-Well-D06-z3-MITO.ome.tiff	2342622	2026-04-23T17:09:47Z	-
expert-annotation/raw_Images3/Plate-PB000139-Well-D06-z3-PHAandWGA.ome.tiff	2341738	2026-04-23T17:09:47Z	-
expert-annotation/raw_Images3/Plate-PB000139-Well-D06-z3-SYTO.ome.tiff	2342006	2026-04-23T17:09:47Z	-
expert-annotation/raw_Images3/Plate-PB000139-Well-D06-z5-CONC.ome.tiff	2342622	2026-04-23T17:09:47Z	-
expert-annotation/raw_Images3/Plate-PB000139-Well-D06-z5-HOECHST.ome.tiff	2342418	2026-04-23T17:09:47Z	-
expert-annotation/raw_Images3/Plate-PB000139-Well-D06-z5-MITO.ome.tiff	2342622	2026-04-23T17:09:47Z	-
expert-annotation/raw_Images3/Plate-PB000139-Well-D06-z5-PHAandWGA.ome.tiff	2341738	2026-04-23T17:09:47Z	-
expert-annotation/raw_Images3/Plate-PB000139-Well-D06-z5-SYTO.ome.tiff	2342006	2026-04-23T17:09:47Z	-
expert-annotation/raw_Images3/Plate-PB000139-Well-D06-z7-CONC.ome.tiff	2342622	2026-04-23T17:09:47Z	-
expert-annotation/raw_Images3/Plate-PB000139-Well-D06-z7-HOECHST.ome.tiff	2342418	2026-04-23T17:09:47Z	-
expert-annotation/raw_Images3/Plate-PB000139-Well-D06-z7-MITO.ome.tiff	2342622	2026-04-23T17:09:47Z	-
expert-annotation/raw_Images3/Plate-PB000139-Well-D06-z7-PHAandWGA.ome.tiff	2341738	2026-04-23T17:09:47Z	-
expert-annotation/raw_Images3/Plate-PB000139-Well-D06-z7-SYTO.ome.tiff	2342006	2026-04-23T17:09:47Z	-
expert-annotation/raw_Images3/Plate-PB000139-Well-D06-z9-CONC.ome.tiff	2342622	2026-04-23T17:09:47Z	-
expert-annotation/raw_Images3/Plate-PB000139-Well-D06-z9-HOECHST.ome.tiff	2342418	2026-04-23T17:09:47Z	-
expert-annotation/raw_Images3/Plate-PB000139-Well-D06-z9-MITO.ome.tiff	2342622	2026-04-23T17:09:47Z	-
expert-annotation/raw_Images3/Plate-PB000139-Well-D06-z9-PHAandWGA.ome.tiff	2341738	2026-04-23T17:09:47Z	-
expert-annotation/raw_Images3/Plate-PB000139-Well-D06-z9-SYTO.ome.tiff	2342006	2026-04-23T17:09:47Z	-
expert-annotation/raw_Images3/Plate-PB000139-Well-D11-z1-CONC.ome.tiff	2342622	2026-04-23T17:09:44Z	-
expert-annotation/raw_Images3/Plate-PB000139-Well-D11-z1-HOECHST.ome.tiff	2342418	2026-04-23T17:09:44Z	-
expert-annotation/raw_Images3/Plate-PB000139-Well-D11-z1-MITO.ome.tiff	2342628	2026-04-23T17:09:44Z	-
expert-annotation/raw_Images3/Plate-PB000139-Well-D11-z1-PHAandWGA.ome.tiff	2341744	2026-04-23T17:09:44Z	-
expert-annotation/raw_Images3/Plate-PB000139-Well-D11-z1-SYTO.ome.tiff	2342006	2026-04-23T17:09:44Z	-
expert-annotation/raw_Images3/Plate-PB000139-Well-D11-z11-CONC.ome.tiff	2342628	2026-04-23T17:09:44Z	-
expert-annotation/raw_Images3/Plate-PB000139-Well-D11-z11-HOECHST.ome.tiff	2342424	2026-04-23T17:09:44Z	-
expert-annotation/raw_Images3/Plate-PB000139-Well-D11-z11-MITO.ome.tiff	2342628	2026-04-23T17:09:44Z	-
expert-annotation/raw_Images3/Plate-PB000139-Well-D11-z11-PHAandWGA.ome.tiff	2341744	2026-04-23T17:09:44Z	-
expert-annotation/raw_Images3/Plate-PB000139-Well-D11-z11-SYTO.ome.tiff	2342012	2026-04-23T17:09:44Z	-
expert-annotation/raw_Images3/Plate-PB000139-Well-D11-z3-CONC.ome.tiff	2342622	2026-04-23T17:09:44Z	-
expert-annotation/raw_Images3/Plate-PB000139-Well-D11-z3-HOECHST.ome.tiff	2342418	2026-04-23T17:09:44Z	-
expert-annotation/raw_Images3/Plate-PB000139-Well-D11-z3-MITO.ome.tiff	2342628	2026-04-23T17:09:44Z	-
expert-annotation/raw_Images3/Plate-PB000139-Well-D11-z3-PHAandWGA.ome.tiff	2341744	2026-04-23T17:09:44Z	-
expert-annotation/raw_Images3/Plate-PB000139-Well-D11-z3-SYTO.ome.tiff	2342006	2026-04-23T17:09:44Z	-
expert-annotation/raw_Images3/Plate-PB000139-Well-D11-z5-CONC.ome.tiff	2342622	2026-04-23T17:09:44Z	-
expert-annotation/raw_Images3/Plate-PB000139-Well-D11-z5-HOECHST.ome.tiff	2342418	2026-04-23T17:09:44Z	-
expert-annotation/raw_Images3/Plate-PB000139-Well-D11-z5-MITO.ome.tiff	2342628	2026-04-23T17:09:44Z	-
expert-annotation/raw_Images3/Plate-PB000139-Well-D11-z5-PHAandWGA.ome.tiff	2341744	2026-04-23T17:09:44Z	-
expert-annotation/raw_Images3/Plate-PB000139-Well-D11-z5-SYTO.ome.tiff	2342006	2026-04-23T17:09:44Z	-
expert-annotation/raw_Images3/Plate-PB000139-Well-D11-z7-CONC.ome.tiff	2342622	2026-04-23T17:09:44Z	-
expert-annotation/raw_Images3/Plate-PB000139-Well-D11-z7-HOECHST.ome.tiff	2342418	2026-04-23T17:09:44Z	-
expert-annotation/raw_Images3/Plate-PB000139-Well-D11-z7-MITO.ome.tiff	2342628	2026-04-23T17:09:44Z	-
expert-annotation/raw_Images3/Plate-PB000139-Well-D11-z7-PHAandWGA.ome.tiff	2341744	2026-04-23T17:09:44Z	-
expert-annotation/raw_Images3/Plate-PB000139-Well-D11-z7-SYTO.ome.tiff	2342006	2026-04-23T17:09:44Z	-
expert-annotation/raw_Images3/Plate-PB000139-Well-D11-z9-CONC.ome.tiff	2342622	2026-04-23T17:09:44Z	-
expert-annotation/raw_Images3/Plate-PB000139-Well-D11-z9-HOECHST.ome.tiff	2342418	2026-04-23T17:09:44Z	-
expert-annotation/raw_Images3/Plate-PB000139-Well-D11-z9-MITO.ome.tiff	2342628	2026-04-23T17:09:44Z	-
expert-annotation/raw_Images3/Plate-PB000139-Well-D11-z9-PHAandWGA.ome.tiff	2341744	2026-04-23T17:09:44Z	-
expert-annotation/raw_Images3/Plate-PB000139-Well-D11-z9-SYTO.ome.tiff	2342006	2026-04-23T17:09:44Z	-
expert-annotation/raw_Images3/Plate-PB000139-Well-G08-z1-CONC.ome.tiff	2342622	2026-04-23T17:09:44Z	-
expert-annotation/raw_Images3/Plate-PB000139-Well-G08-z1-HOECHST.ome.tiff	2342418	2026-04-23T17:09:44Z	-
expert-annotation/raw_Images3/Plate-PB000139-Well-G08-z1-MITO.ome.tiff	2342622	2026-04-23T17:09:44Z	-
expert-annotation/raw_Images3/Plate-PB000139-Well-G08-z1-PHAandWGA.ome.tiff	2341738	2026-04-23T17:09:44Z	-
expert-annotation/raw_Images3/Plate-PB000139-Well-G08-z1-SYTO.ome.tiff	2342006	2026-04-23T17:09:44Z	-
expert-annotation/raw_Images3/Plate-PB000139-Well-G08-z11-CONC.ome.tiff	2342622	2026-04-23T17:09:45Z	-
expert-annotation/raw_Images3/Plate-PB000139-Well-G08-z11-HOECHST.ome.tiff	2342418	2026-04-23T17:09:45Z	-
expert-annotation/raw_Images3/Plate-PB000139-Well-G08-z11-MITO.ome.tiff	2342628	2026-04-23T17:09:45Z	-
expert-annotation/raw_Images3/Plate-PB000139-Well-G08-z11-PHAandWGA.ome.tiff	2341744	2026-04-23T17:09:45Z	-
expert-annotation/raw_Images3/Plate-PB000139-Well-G08-z11-SYTO.ome.tiff	2342006	2026-04-23T17:09:45Z	-
expert-annotation/raw_Images3/Plate-PB000139-Well-G08-z3-CONC.ome.tiff	2342622	2026-04-23T17:09:44Z	-
expert-annotation/raw_Images3/Plate-PB000139-Well-G08-z3-HOECHST.ome.tiff	2342418	2026-04-23T17:09:44Z	-
expert-annotation/raw_Images3/Plate-PB000139-Well-G08-z3-MITO.ome.tiff	2342622	2026-04-23T17:09:44Z	-
expert-annotation/raw_Images3/Plate-PB000139-Well-G08-z3-PHAandWGA.ome.tiff	2341738	2026-04-23T17:09:44Z	-
expert-annotation/raw_Images3/Plate-PB000139-Well-G08-z3-SYTO.ome.tiff	2342006	2026-04-23T17:09:44Z	-
expert-annotation/raw_Images3/Plate-PB000139-Well-G08-z5-CONC.ome.tiff	2342622	2026-04-23T17:09:44Z	-
expert-annotation/raw_Images3/Plate-PB000139-Well-G08-z5-HOECHST.ome.tiff	2342418	2026-04-23T17:09:44Z	-
expert-annotation/raw_Images3/Plate-PB000139-Well-G08-z5-MITO.ome.tiff	2342622	2026-04-23T17:09:44Z	-
expert-annotation/raw_Images3/Plate-PB000139-Well-G08-z5-PHAandWGA.ome.tiff	2341738	2026-04-23T17:09:44Z	-
expert-annotation/raw_Images3/Plate-PB000139-Well-G08-z5-SYTO.ome.tiff	2342006	2026-04-23T17:09:44Z	-
expert-annotation/raw_Images3/Plate-PB000139-Well-G08-z7-CONC.ome.tiff	2342622	2026-04-23T17:09:44Z	-
expert-annotation/raw_Images3/Plate-PB000139-Well-G08-z7-HOECHST.ome.tiff	2342418	2026-04-23T17:09:44Z	-
expert-annotation/raw_Images3/Plate-PB000139-Well-G08-z7-MITO.ome.tiff	2342622	2026-04-23T17:09:44Z	-
expert-annotation/raw_Images3/Plate-PB000139-Well-G08-z7-PHAandWGA.ome.tiff	2341738	2026-04-23T17:09:44Z	-
expert-annotation/raw_Images3/Plate-PB000139-Well-G08-z7-SYTO.ome.tiff	2342006	2026-04-23T17:09:44Z	-
expert-annotation/raw_Images3/Plate-PB000139-Well-G08-z9-CONC.ome.tiff	2342622	2026-04-23T17:09:45Z	-
expert-annotation/raw_Images3/Plate-PB000139-Well-G08-z9-HOECHST.ome.tiff	2342418	2026-04-23T17:09:45Z	-
expert-annotation/raw_Images3/Plate-PB000139-Well-G08-z9-MITO.ome.tiff	2342622	2026-04-23T17:09:45Z	-
expert-annotation/raw_Images3/Plate-PB000139-Well-G08-z9-PHAandWGA.ome.tiff	2341738	2026-04-23T17:09:45Z	-
expert-annotation/raw_Images3/Plate-PB000139-Well-G08-z9-SYTO.ome.tiff	2342006	2026-04-23T17:09:45Z	-
expert-annotation/raw_Images3/Plate-PB000139-Well-J06-z1-CONC.ome.tiff	2342622	2026-04-23T17:09:45Z	-
expert-annotation/raw_Images3/Plate-PB000139-Well-J06-z1-HOECHST.ome.tiff	2342418	2026-04-23T17:09:45Z	-
expert-annotation/raw_Images3/Plate-PB000139-Well-J06-z1-MITO.ome.tiff	2342622	2026-04-23T17:09:45Z	-
expert-annotation/raw_Images3/Plate-PB000139-Well-J06-z1-PHAandWGA.ome.tiff	2341738	2026-04-23T17:09:45Z	-
expert-annotation/raw_Images3/Plate-PB000139-Well-J06-z1-SYTO.ome.tiff	2342006	2026-04-23T17:09:45Z	-
expert-annotation/raw_Images3/Plate-PB000139-Well-J06-z11-CONC.ome.tiff	2342622	2026-04-23T17:09:46Z	-
expert-annotation/raw_Images3/Plate-PB000139-Well-J06-z11-HOECHST.ome.tiff	2342418	2026-04-23T17:09:46Z	-
expert-annotation/raw_Images3/Plate-PB000139-Well-J06-z11-MITO.ome.tiff	2342628	2026-04-23T17:09:46Z	-
expert-annotation/raw_Images3/Plate-PB000139-Well-J06-z11-PHAandWGA.ome.tiff	2341744	2026-04-23T17:09:46Z	-
expert-annotation/raw_Images3/Plate-PB000139-Well-J06-z11-SYTO.ome.tiff	2342006	2026-04-23T17:09:46Z	-
expert-annotation/raw_Images3/Plate-PB000139-Well-J06-z3-CONC.ome.tiff	2342622	2026-04-23T17:09:45Z	-
expert-annotation/raw_Images3/Plate-PB000139-Well-J06-z3-HOECHST.ome.tiff	2342418	2026-04-23T17:09:45Z	-
expert-annotation/raw_Images3/Plate-PB000139-Well-J06-z3-MITO.ome.tiff	2342622	2026-04-23T17:09:45Z	-
expert-annotation/raw_Images3/Plate-PB000139-Well-J06-z3-PHAandWGA.ome.tiff	2341738	2026-04-23T17:09:45Z	-
expert-annotation/raw_Images3/Plate-PB000139-Well-J06-z3-SYTO.ome.tiff	2342006	2026-04-23T17:09:45Z	-
expert-annotation/raw_Images3/Plate-PB000139-Well-J06-z5-CONC.ome.tiff	2342622	2026-04-23T17:09:45Z	-
expert-annotation/raw_Images3/Plate-PB000139-Well-J06-z5-HOECHST.ome.tiff	2342418	2026-04-23T17:09:45Z	-
expert-annotation/raw_Images3/Plate-PB000139-Well-J06-z5-MITO.ome.tiff	2342622	2026-04-23T17:09:45Z	-
expert-annotation/raw_Images3/Plate-PB000139-Well-J06-z5-PHAandWGA.ome.tiff	2341738	2026-04-23T17:09:46Z	-
expert-annotation/raw_Images3/Plate-PB000139-Well-J06-z5-SYTO.ome.tiff	2342006	2026-04-23T17:09:45Z	-
expert-annotation/raw_Images3/Plate-PB000139-Well-J06-z7-CONC.ome.tiff	2342622	2026-04-23T17:09:46Z	-
expert-annotation/raw_Images3/Plate-PB000139-Well-J06-z7-HOECHST.ome.tiff	2342418	2026-04-23T17:09:46Z	-
expert-annotation/raw_Images3/Plate-PB000139-Well-J06-z7-MITO.ome.tiff	2342622	2026-04-23T17:09:46Z	-
expert-annotation/raw_Images3/Plate-PB000139-Well-J06-z7-PHAandWGA.ome.tiff	2341738	2026-04-23T17:09:46Z	-
expert-annotation/raw_Images3/Plate-PB000139-Well-J06-z7-SYTO.ome.tiff	2342006	2026-04-23T17:09:46Z	-
expert-annotation/raw_Images3/Plate-PB000139-Well-J06-z9-CONC.ome.tiff	2342622	2026-04-23T17:09:46Z	-
expert-annotation/raw_Images3/Plate-PB000139-Well-J06-z9-HOECHST.ome.tiff	2342418	2026-04-23T17:09:46Z	-
expert-annotation/raw_Images3/Plate-PB000139-Well-J06-z9-MITO.ome.tiff	2342622	2026-04-23T17:09:46Z	-
expert-annotation/raw_Images3/Plate-PB000139-Well-J06-z9-PHAandWGA.ome.tiff	2341738	2026-04-23T17:09:46Z	-
expert-annotation/raw_Images3/Plate-PB000139-Well-J06-z9-SYTO.ome.tiff	2342006	2026-04-23T17:09:46Z	-
expert-annotation/raw_Images3/Plate-PB000139-Well-J15-z1-CONC.ome.tiff	2342622	2026-04-23T17:09:46Z	-
expert-annotation/raw_Images3/Plate-PB000139-Well-J15-z1-HOECHST.ome.tiff	2342418	2026-04-23T17:09:46Z	-
expert-annotation/raw_Images3/Plate-PB000139-Well-J15-z1-MITO.ome.tiff	2342628	2026-04-23T17:09:46Z	-
expert-annotation/raw_Images3/Plate-PB000139-Well-J15-z1-PHAandWGA.ome.tiff	2341744	2026-04-23T17:09:46Z	-
expert-annotation/raw_Images3/Plate-PB000139-Well-J15-z1-SYTO.ome.tiff	2342006	2026-04-23T17:09:46Z	-
expert-annotation/raw_Images3/Plate-PB000139-Well-J15-z11-CONC.ome.tiff	2342628	2026-04-23T17:09:47Z	-
expert-annotation/raw_Images3/Plate-PB000139-Well-J15-z11-HOECHST.ome.tiff	2342424	2026-04-23T17:09:47Z	-
expert-annotation/raw_Images3/Plate-PB000139-Well-J15-z11-MITO.ome.tiff	2342628	2026-04-23T17:09:47Z	-
expert-annotation/raw_Images3/Plate-PB000139-Well-J15-z11-PHAandWGA.ome.tiff	2341744	2026-04-23T17:09:47Z	-
expert-annotation/raw_Images3/Plate-PB000139-Well-J15-z11-SYTO.ome.tiff	2342012	2026-04-23T17:09:47Z	-
expert-annotation/raw_Images3/Plate-PB000139-Well-J15-z3-CONC.ome.tiff	2342622	2026-04-23T17:09:47Z	-
expert-annotation/raw_Images3/Plate-PB000139-Well-J15-z3-HOECHST.ome.tiff	2342418	2026-04-23T17:09:47Z	-
expert-annotation/raw_Images3/Plate-PB000139-Well-J15-z3-MITO.ome.tiff	2342628	2026-04-23T17:09:47Z	-
expert-annotation/raw_Images3/Plate-PB000139-Well-J15-z3-PHAandWGA.ome.tiff	2341744	2026-04-23T17:09:47Z	-
expert-annotation/raw_Images3/Plate-PB000139-Well-J15-z3-SYTO.ome.tiff	2342006	2026-04-23T17:09:47Z	-
expert-annotation/raw_Images3/Plate-PB000139-Well-J15-z5-CONC.ome.tiff	2342622	2026-04-23T17:09:47Z	-
expert-annotation/raw_Images3/Plate-PB000139-Well-J15-z5-HOECHST.ome.tiff	2342418	2026-04-23T17:09:47Z	-
expert-annotation/raw_Images3/Plate-PB000139-Well-J15-z5-MITO.ome.tiff	2342628	2026-04-23T17:09:47Z	-
expert-annotation/raw_Images3/Plate-PB000139-Well-J15-z5-PHAandWGA.ome.tiff	2341744	2026-04-23T17:09:47Z	-
expert-annotation/raw_Images3/Plate-PB000139-Well-J15-z5-SYTO.ome.tiff	2342006	2026-04-23T17:09:47Z	-
expert-annotation/raw_Images3/Plate-PB000139-Well-J15-z7-CONC.ome.tiff	2342622	2026-04-23T17:09:47Z	-
expert-annotation/raw_Images3/Plate-PB000139-Well-J15-z7-HOECHST.ome.tiff	2342418	2026-04-23T17:09:47Z	-
expert-annotation/raw_Images3/Plate-PB000139-Well-J15-z7-MITO.ome.tiff	2342628	2026-04-23T17:09:47Z	-
expert-annotation/raw_Images3/Plate-PB000139-Well-J15-z7-PHAandWGA.ome.tiff	2341744	2026-04-23T17:09:47Z	-
expert-annotation/raw_Images3/Plate-PB000139-Well-J15-z7-SYTO.ome.tiff	2342006	2026-04-23T17:09:47Z	-
expert-annotation/raw_Images3/Plate-PB000139-Well-J15-z9-CONC.ome.tiff	2342622	2026-04-23T17:09:47Z	-
expert-annotation/raw_Images3/Plate-PB000139-Well-J15-z9-HOECHST.ome.tiff	2342418	2026-04-23T17:09:47Z	-
expert-annotation/raw_Images3/Plate-PB000139-Well-J15-z9-MITO.ome.tiff	2342628	2026-04-23T17:09:47Z	-
expert-annotation/raw_Images3/Plate-PB000139-Well-J15-z9-PHAandWGA.ome.tiff	2341744	2026-04-23T17:09:47Z	-
expert-annotation/raw_Images3/Plate-PB000139-Well-J15-z9-SYTO.ome.tiff	2342006	2026-04-23T17:09:47Z	-
expert-annotation/raw_Images3/Plate-PB000140-Well-B14-z1-CONC.ome.tiff	2342624	2026-04-23T17:09:52Z	-
expert-annotation/raw_Images3/Plate-PB000140-Well-B14-z1-HOECHST.ome.tiff	2342420	2026-04-23T17:09:52Z	-
expert-annotation/raw_Images3/Plate-PB000140-Well-B14-z1-MITO.ome.tiff	2342630	2026-04-23T17:09:52Z	-
expert-annotation/raw_Images3/Plate-PB000140-Well-B14-z1-PHAandWGA.ome.tiff	2341746	2026-04-23T17:09:52Z	-
expert-annotation/raw_Images3/Plate-PB000140-Well-B14-z1-SYTO.ome.tiff	2342008	2026-04-23T17:09:52Z	-
expert-annotation/raw_Images3/Plate-PB000140-Well-B14-z11-CONC.ome.tiff	2342630	2026-04-23T17:09:53Z	-
expert-annotation/raw_Images3/Plate-PB000140-Well-B14-z11-HOECHST.ome.tiff	2342426	2026-04-23T17:09:53Z	-
expert-annotation/raw_Images3/Plate-PB000140-Well-B14-z11-MITO.ome.tiff	2342630	2026-04-23T17:09:53Z	-
expert-annotation/raw_Images3/Plate-PB000140-Well-B14-z11-PHAandWGA.ome.tiff	2341746	2026-04-23T17:09:53Z	-
expert-annotation/raw_Images3/Plate-PB000140-Well-B14-z11-SYTO.ome.tiff	2342014	2026-04-23T17:09:53Z	-
expert-annotation/raw_Images3/Plate-PB000140-Well-B14-z3-CONC.ome.tiff	2342624	2026-04-23T17:09:52Z	-
expert-annotation/raw_Images3/Plate-PB000140-Well-B14-z3-HOECHST.ome.tiff	2342420	2026-04-23T17:09:52Z	-
expert-annotation/raw_Images3/Plate-PB000140-Well-B14-z3-MITO.ome.tiff	2342630	2026-04-23T17:09:52Z	-
expert-annotation/raw_Images3/Plate-PB000140-Well-B14-z3-PHAandWGA.ome.tiff	2341746	2026-04-23T17:09:52Z	-
expert-annotation/raw_Images3/Plate-PB000140-Well-B14-z3-SYTO.ome.tiff	2342008	2026-04-23T17:09:52Z	-
expert-annotation/raw_Images3/Plate-PB000140-Well-B14-z5-CONC.ome.tiff	2342624	2026-04-23T17:09:52Z	-
expert-annotation/raw_Images3/Plate-PB000140-Well-B14-z5-HOECHST.ome.tiff	2342420	2026-04-23T17:09:52Z	-
expert-annotation/raw_Images3/Plate-PB000140-Well-B14-z5-MITO.ome.tiff	2342630	2026-04-23T17:09:52Z	-
expert-annotation/raw_Images3/Plate-PB000140-Well-B14-z5-PHAandWGA.ome.tiff	2341746	2026-04-23T17:09:52Z	-
expert-annotation/raw_Images3/Plate-PB000140-Well-B14-z5-SYTO.ome.tiff	2342008	2026-04-23T17:09:52Z	-
expert-annotation/raw_Images3/Plate-PB000140-Well-B14-z7-CONC.ome.tiff	2342624	2026-04-23T17:09:52Z	-
expert-annotation/raw_Images3/Plate-PB000140-Well-B14-z7-HOECHST.ome.tiff	2342420	2026-04-23T17:09:52Z	-
expert-annotation/raw_Images3/Plate-PB000140-Well-B14-z7-MITO.ome.tiff	2342630	2026-04-23T17:09:52Z	-
expert-annotation/raw_Images3/Plate-PB000140-Well-B14-z7-PHAandWGA.ome.tiff	2341746	2026-04-23T17:09:52Z	-
expert-annotation/raw_Images3/Plate-PB000140-Well-B14-z7-SYTO.ome.tiff	2342008	2026-04-23T17:09:52Z	-
expert-annotation/raw_Images3/Plate-PB000140-Well-B14-z9-CONC.ome.tiff	2342624	2026-04-23T17:09:52Z	-
expert-annotation/raw_Images3/Plate-PB000140-Well-B14-z9-HOECHST.ome.tiff	2342420	2026-04-23T17:09:53Z	-
expert-annotation/raw_Images3/Plate-PB000140-Well-B14-z9-MITO.ome.tiff	2342630	2026-04-23T17:09:52Z	-
expert-annotation/raw_Images3/Plate-PB000140-Well-B14-z9-PHAandWGA.ome.tiff	2341746	2026-04-23T17:09:53Z	-
expert-annotation/raw_Images3/Plate-PB000140-Well-B14-z9-SYTO.ome.tiff	2342008	2026-04-23T17:09:52Z	-
expert-annotation/raw_Images3/Plate-PB000140-Well-C23-z1-CONC.ome.tiff	2342624	2026-04-23T17:09:50Z	-
expert-annotation/raw_Images3/Plate-PB000140-Well-C23-z1-HOECHST.ome.tiff	2342420	2026-04-23T17:09:50Z	-
expert-annotation/raw_Images3/Plate-PB000140-Well-C23-z1-MITO.ome.tiff	2342630	2026-04-23T17:09:50Z	-
expert-annotation/raw_Images3/Plate-PB000140-Well-C23-z1-PHAandWGA.ome.tiff	2341746	2026-04-23T17:09:50Z	-
expert-annotation/raw_Images3/Plate-PB000140-Well-C23-z1-SYTO.ome.tiff	2342008	2026-04-23T17:09:50Z	-
expert-annotation/raw_Images3/Plate-PB000140-Well-C23-z11-CONC.ome.tiff	2342630	2026-04-23T17:09:50Z	-
expert-annotation/raw_Images3/Plate-PB000140-Well-C23-z11-HOECHST.ome.tiff	2342426	2026-04-23T17:09:50Z	-
expert-annotation/raw_Images3/Plate-PB000140-Well-C23-z11-MITO.ome.tiff	2342630	2026-04-23T17:09:50Z	-
expert-annotation/raw_Images3/Plate-PB000140-Well-C23-z11-PHAandWGA.ome.tiff	2341746	2026-04-23T17:09:50Z	-
expert-annotation/raw_Images3/Plate-PB000140-Well-C23-z11-SYTO.ome.tiff	2342014	2026-04-23T17:09:50Z	-
expert-annotation/raw_Images3/Plate-PB000140-Well-C23-z3-CONC.ome.tiff	2342624	2026-04-23T17:09:50Z	-
expert-annotation/raw_Images3/Plate-PB000140-Well-C23-z3-HOECHST.ome.tiff	2342420	2026-04-23T17:09:50Z	-
expert-annotation/raw_Images3/Plate-PB000140-Well-C23-z3-MITO.ome.tiff	2342630	2026-04-23T17:09:50Z	-
expert-annotation/raw_Images3/Plate-PB000140-Well-C23-z3-PHAandWGA.ome.tiff	2341746	2026-04-23T17:09:50Z	-
expert-annotation/raw_Images3/Plate-PB000140-Well-C23-z3-SYTO.ome.tiff	2342008	2026-04-23T17:09:50Z	-
expert-annotation/raw_Images3/Plate-PB000140-Well-C23-z5-CONC.ome.tiff	2342624	2026-04-23T17:09:50Z	-
expert-annotation/raw_Images3/Plate-PB000140-Well-C23-z5-HOECHST.ome.tiff	2342420	2026-04-23T17:09:50Z	-
expert-annotation/raw_Images3/Plate-PB000140-Well-C23-z5-MITO.ome.tiff	2342630	2026-04-23T17:09:50Z	-
expert-annotation/raw_Images3/Plate-PB000140-Well-C23-z5-PHAandWGA.ome.tiff	2341746	2026-04-23T17:09:50Z	-
expert-annotation/raw_Images3/Plate-PB000140-Well-C23-z5-SYTO.ome.tiff	2342008	2026-04-23T17:09:50Z	-
expert-annotation/raw_Images3/Plate-PB000140-Well-C23-z7-CONC.ome.tiff	2342624	2026-04-23T17:09:50Z	-
expert-annotation/raw_Images3/Plate-PB000140-Well-C23-z7-HOECHST.ome.tiff	2342420	2026-04-23T17:09:50Z	-
expert-annotation/raw_Images3/Plate-PB000140-Well-C23-z7-MITO.ome.tiff	2342630	2026-04-23T17:09:50Z	-
expert-annotation/raw_Images3/Plate-PB000140-Well-C23-z7-PHAandWGA.ome.tiff	2341746	2026-04-23T17:09:50Z	-
expert-annotation/raw_Images3/Plate-PB000140-Well-C23-z7-SYTO.ome.tiff	2342008	2026-04-23T17:09:50Z	-
expert-annotation/raw_Images3/Plate-PB000140-Well-C23-z9-CONC.ome.tiff	2342624	2026-04-23T17:09:50Z	-
expert-annotation/raw_Images3/Plate-PB000140-Well-C23-z9-HOECHST.ome.tiff	2342420	2026-04-23T17:09:50Z	-
expert-annotation/raw_Images3/Plate-PB000140-Well-C23-z9-MITO.ome.tiff	2342630	2026-04-23T17:09:50Z	-
expert-annotation/raw_Images3/Plate-PB000140-Well-C23-z9-PHAandWGA.ome.tiff	2341746	2026-04-23T17:09:50Z	-
expert-annotation/raw_Images3/Plate-PB000140-Well-C23-z9-SYTO.ome.tiff	2342008	2026-04-23T17:09:50Z	-
expert-annotation/raw_Images3/Plate-PB000140-Well-D22-z1-CONC.ome.tiff	2342624	2026-04-23T17:09:51Z	-
expert-annotation/raw_Images3/Plate-PB000140-Well-D22-z1-HOECHST.ome.tiff	2342420	2026-04-23T17:09:51Z	-
expert-annotation/raw_Images3/Plate-PB000140-Well-D22-z1-MITO.ome.tiff	2342630	2026-04-23T17:09:51Z	-
expert-annotation/raw_Images3/Plate-PB000140-Well-D22-z1-PHAandWGA.ome.tiff	2341746	2026-04-23T17:09:51Z	-
expert-annotation/raw_Images3/Plate-PB000140-Well-D22-z1-SYTO.ome.tiff	2342008	2026-04-23T17:09:51Z	-
expert-annotation/raw_Images3/Plate-PB000140-Well-D22-z11-CONC.ome.tiff	2342630	2026-04-23T17:09:51Z	-
expert-annotation/raw_Images3/Plate-PB000140-Well-D22-z11-HOECHST.ome.tiff	2342426	2026-04-23T17:09:51Z	-
expert-annotation/raw_Images3/Plate-PB000140-Well-D22-z11-MITO.ome.tiff	2342630	2026-04-23T17:09:51Z	-
expert-annotation/raw_Images3/Plate-PB000140-Well-D22-z11-PHAandWGA.ome.tiff	2341746	2026-04-23T17:09:51Z	-
expert-annotation/raw_Images3/Plate-PB000140-Well-D22-z11-SYTO.ome.tiff	2342014	2026-04-23T17:09:51Z	-
expert-annotation/raw_Images3/Plate-PB000140-Well-D22-z3-CONC.ome.tiff	2342624	2026-04-23T17:09:51Z	-
expert-annotation/raw_Images3/Plate-PB000140-Well-D22-z3-HOECHST.ome.tiff	2342420	2026-04-23T17:09:51Z	-
expert-annotation/raw_Images3/Plate-PB000140-Well-D22-z3-MITO.ome.tiff	2342630	2026-04-23T17:09:51Z	-
expert-annotation/raw_Images3/Plate-PB000140-Well-D22-z3-PHAandWGA.ome.tiff	2341746	2026-04-23T17:09:51Z	-
expert-annotation/raw_Images3/Plate-PB000140-Well-D22-z3-SYTO.ome.tiff	2342008	2026-04-23T17:09:51Z	-
expert-annotation/raw_Images3/Plate-PB000140-Well-D22-z5-CONC.ome.tiff	2342624	2026-04-23T17:09:51Z	-
expert-annotation/raw_Images3/Plate-PB000140-Well-D22-z5-HOECHST.ome.tiff	2342420	2026-04-23T17:09:51Z	-
expert-annotation/raw_Images3/Plate-PB000140-Well-D22-z5-MITO.ome.tiff	2342630	2026-04-23T17:09:51Z	-
expert-annotation/raw_Images3/Plate-PB000140-Well-D22-z5-PHAandWGA.ome.tiff	2341746	2026-04-23T17:09:51Z	-
expert-annotation/raw_Images3/Plate-PB000140-Well-D22-z5-SYTO.ome.tiff	2342008	2026-04-23T17:09:51Z	-
expert-annotation/raw_Images3/Plate-PB000140-Well-D22-z7-CONC.ome.tiff	2342624	2026-04-23T17:09:51Z	-
expert-annotation/raw_Images3/Plate-PB000140-Well-D22-z7-HOECHST.ome.tiff	2342420	2026-04-23T17:09:51Z	-
expert-annotation/raw_Images3/Plate-PB000140-Well-D22-z7-MITO.ome.tiff	2342630	2026-04-23T17:09:51Z	-
expert-annotation/raw_Images3/Plate-PB000140-Well-D22-z7-PHAandWGA.ome.tiff	2341746	2026-04-23T17:09:51Z	-
expert-annotation/raw_Images3/Plate-PB000140-Well-D22-z7-SYTO.ome.tiff	2342008	2026-04-23T17:09:51Z	-
expert-annotation/raw_Images3/Plate-PB000140-Well-D22-z9-CONC.ome.tiff	2342624	2026-04-23T17:09:51Z	-
expert-annotation/raw_Images3/Plate-PB000140-Well-D22-z9-HOECHST.ome.tiff	2342420	2026-04-23T17:09:51Z	-
expert-annotation/raw_Images3/Plate-PB000140-Well-D22-z9-MITO.ome.tiff	2342630	2026-04-23T17:09:51Z	-
expert-annotation/raw_Images3/Plate-PB000140-Well-D22-z9-PHAandWGA.ome.tiff	2341746	2026-04-23T17:09:51Z	-
expert-annotation/raw_Images3/Plate-PB000140-Well-D22-z9-SYTO.ome.tiff	2342008	2026-04-23T17:09:51Z	-
expert-annotation/raw_Images3/Plate-PB000140-Well-G05-z1-CONC.ome.tiff	2342624	2026-04-23T17:09:48Z	-
expert-annotation/raw_Images3/Plate-PB000140-Well-G05-z1-HOECHST.ome.tiff	2342420	2026-04-23T17:09:48Z	-
expert-annotation/raw_Images3/Plate-PB000140-Well-G05-z1-MITO.ome.tiff	2342624	2026-04-23T17:09:48Z	-
expert-annotation/raw_Images3/Plate-PB000140-Well-G05-z1-PHAandWGA.ome.tiff	2341740	2026-04-23T17:09:48Z	-
expert-annotation/raw_Images3/Plate-PB000140-Well-G05-z1-SYTO.ome.tiff	2342008	2026-04-23T17:09:48Z	-
expert-annotation/raw_Images3/Plate-PB000140-Well-G05-z11-CONC.ome.tiff	2342624	2026-04-23T17:09:49Z	-
expert-annotation/raw_Images3/Plate-PB000140-Well-G05-z11-HOECHST.ome.tiff	2342420	2026-04-23T17:09:49Z	-
expert-annotation/raw_Images3/Plate-PB000140-Well-G05-z11-MITO.ome.tiff	2342630	2026-04-23T17:09:49Z	-
expert-annotation/raw_Images3/Plate-PB000140-Well-G05-z11-PHAandWGA.ome.tiff	2341746	2026-04-23T17:09:49Z	-
expert-annotation/raw_Images3/Plate-PB000140-Well-G05-z11-SYTO.ome.tiff	2342008	2026-04-23T17:09:49Z	-
expert-annotation/raw_Images3/Plate-PB000140-Well-G05-z3-CONC.ome.tiff	2342624	2026-04-23T17:09:48Z	-
expert-annotation/raw_Images3/Plate-PB000140-Well-G05-z3-HOECHST.ome.tiff	2342420	2026-04-23T17:09:48Z	-
expert-annotation/raw_Images3/Plate-PB000140-Well-G05-z3-MITO.ome.tiff	2342624	2026-04-23T17:09:48Z	-
expert-annotation/raw_Images3/Plate-PB000140-Well-G05-z3-PHAandWGA.ome.tiff	2341740	2026-04-23T17:09:48Z	-
expert-annotation/raw_Images3/Plate-PB000140-Well-G05-z3-SYTO.ome.tiff	2342008	2026-04-23T17:09:48Z	-
expert-annotation/raw_Images3/Plate-PB000140-Well-G05-z5-CONC.ome.tiff	2342624	2026-04-23T17:09:48Z	-
expert-annotation/raw_Images3/Plate-PB000140-Well-G05-z5-HOECHST.ome.tiff	2342420	2026-04-23T17:09:48Z	-
expert-annotation/raw_Images3/Plate-PB000140-Well-G05-z5-MITO.ome.tiff	2342624	2026-04-23T17:09:48Z	-
expert-annotation/raw_Images3/Plate-PB000140-Well-G05-z5-PHAandWGA.ome.tiff	2341740	2026-04-23T17:09:48Z	-
expert-annotation/raw_Images3/Plate-PB000140-Well-G05-z5-SYTO.ome.tiff	2342008	2026-04-23T17:09:48Z	-
expert-annotation/raw_Images3/Plate-PB000140-Well-G05-z7-CONC.ome.tiff	2342624	2026-04-23T17:09:48Z	-
expert-annotation/raw_Images3/Plate-PB000140-Well-G05-z7-HOECHST.ome.tiff	2342420	2026-04-23T17:09:48Z	-
expert-annotation/raw_Images3/Plate-PB000140-Well-G05-z7-MITO.ome.tiff	2342624	2026-04-23T17:09:48Z	-
expert-annotation/raw_Images3/Plate-PB000140-Well-G05-z7-PHAandWGA.ome.tiff	2341740	2026-04-23T17:09:48Z	-
expert-annotation/raw_Images3/Plate-PB000140-Well-G05-z7-SYTO.ome.tiff	2342008	2026-04-23T17:09:48Z	-
expert-annotation/raw_Images3/Plate-PB000140-Well-G05-z9-CONC.ome.tiff	2342624	2026-04-23T17:09:49Z	-
expert-annotation/raw_Images3/Plate-PB000140-Well-G05-z9-HOECHST.ome.tiff	2342420	2026-04-23T17:09:49Z	-
expert-annotation/raw_Images3/Plate-PB000140-Well-G05-z9-MITO.ome.tiff	2342624	2026-04-23T17:09:48Z	-
expert-annotation/raw_Images3/Plate-PB000140-Well-G05-z9-PHAandWGA.ome.tiff	2341740	2026-04-23T17:09:49Z	-
expert-annotation/raw_Images3/Plate-PB000140-Well-G05-z9-SYTO.ome.tiff	2342008	2026-04-23T17:09:49Z	-
expert-annotation/raw_Images3/Plate-PB000140-Well-G08-z1-CONC.ome.tiff	2342624	2026-04-23T17:09:49Z	-
expert-annotation/raw_Images3/Plate-PB000140-Well-G08-z1-HOECHST.ome.tiff	2342420	2026-04-23T17:09:49Z	-
expert-annotation/raw_Images3/Plate-PB000140-Well-G08-z1-MITO.ome.tiff	2342624	2026-04-23T17:09:49Z	-
expert-annotation/raw_Images3/Plate-PB000140-Well-G08-z1-PHAandWGA.ome.tiff	2341740	2026-04-23T17:09:49Z	-
expert-annotation/raw_Images3/Plate-PB000140-Well-G08-z1-SYTO.ome.tiff	2342008	2026-04-23T17:09:49Z	-
expert-annotation/raw_Images3/Plate-PB000140-Well-G08-z11-CONC.ome.tiff	2342624	2026-04-23T17:09:49Z	-
expert-annotation/raw_Images3/Plate-PB000140-Well-G08-z11-HOECHST.ome.tiff	2342420	2026-04-23T17:09:49Z	-
expert-annotation/raw_Images3/Plate-PB000140-Well-G08-z11-MITO.ome.tiff	2342630	2026-04-23T17:09:49Z	-
expert-annotation/raw_Images3/Plate-PB000140-Well-G08-z11-PHAandWGA.ome.tiff	2341746	2026-04-23T17:09:49Z	-
expert-annotation/raw_Images3/Plate-PB000140-Well-G08-z11-SYTO.ome.tiff	2342008	2026-04-23T17:09:49Z	-
expert-annotation/raw_Images3/Plate-PB000140-Well-G08-z3-CONC.ome.tiff	2342624	2026-04-23T17:09:49Z	-
expert-annotation/raw_Images3/Plate-PB000140-Well-G08-z3-HOECHST.ome.tiff	2342420	2026-04-23T17:09:49Z	-
expert-annotation/raw_Images3/Plate-PB000140-Well-G08-z3-MITO.ome.tiff	2342624	2026-04-23T17:09:49Z	-
expert-annotation/raw_Images3/Plate-PB000140-Well-G08-z3-PHAandWGA.ome.tiff	2341740	2026-04-23T17:09:49Z	-
expert-annotation/raw_Images3/Plate-PB000140-Well-G08-z3-SYTO.ome.tiff	2342008	2026-04-23T17:09:49Z	-
expert-annotation/raw_Images3/Plate-PB000140-Well-G08-z5-CONC.ome.tiff	2342624	2026-04-23T17:09:49Z	-
expert-annotation/raw_Images3/Plate-PB000140-Well-G08-z5-HOECHST.ome.tiff	2342420	2026-04-23T17:09:49Z	-
expert-annotation/raw_Images3/Plate-PB000140-Well-G08-z5-MITO.ome.tiff	2342624	2026-04-23T17:09:49Z	-
expert-annotation/raw_Images3/Plate-PB000140-Well-G08-z5-PHAandWGA.ome.tiff	2341740	2026-04-23T17:09:49Z	-
expert-annotation/raw_Images3/Plate-PB000140-Well-G08-z5-SYTO.ome.tiff	2342008	2026-04-23T17:09:49Z	-
expert-annotation/raw_Images3/Plate-PB000140-Well-G08-z7-CONC.ome.tiff	2342624	2026-04-23T17:09:49Z	-
expert-annotation/raw_Images3/Plate-PB000140-Well-G08-z7-HOECHST.ome.tiff	2342420	2026-04-23T17:09:49Z	-
expert-annotation/raw_Images3/Plate-PB000140-Well-G08-z7-MITO.ome.tiff	2342624	2026-04-23T17:09:49Z	-
expert-annotation/raw_Images3/Plate-PB000140-Well-G08-z7-PHAandWGA.ome.tiff	2341740	2026-04-23T17:09:49Z	-
expert-annotation/raw_Images3/Plate-PB000140-Well-G08-z7-SYTO.ome.tiff	2342008	2026-04-23T17:09:49Z	-
expert-annotation/raw_Images3/Plate-PB000140-Well-G08-z9-CONC.ome.tiff	2342624	2026-04-23T17:09:49Z	-
expert-annotation/raw_Images3/Plate-PB000140-Well-G08-z9-HOECHST.ome.tiff	2342420	2026-04-23T17:09:49Z	-
expert-annotation/raw_Images3/Plate-PB000140-Well-G08-z9-MITO.ome.tiff	2342624	2026-04-23T17:09:49Z	-
expert-annotation/raw_Images3/Plate-PB000140-Well-G08-z9-PHAandWGA.ome.tiff	2341740	2026-04-23T17:09:49Z	-
expert-annotation/raw_Images3/Plate-PB000140-Well-G08-z9-SYTO.ome.tiff	2342008	2026-04-23T17:09:49Z	-
expert-annotation/raw_Images3/Plate-PB000140-Well-G19-z1-CONC.ome.tiff	2342624	2026-04-23T17:09:53Z	-
expert-annotation/raw_Images3/Plate-PB000140-Well-G19-z1-HOECHST.ome.tiff	2342420	2026-04-23T17:09:53Z	-
expert-annotation/raw_Images3/Plate-PB000140-Well-G19-z1-MITO.ome.tiff	2342630	2026-04-23T17:09:53Z	-
expert-annotation/raw_Images3/Plate-PB000140-Well-G19-z1-PHAandWGA.ome.tiff	2341746	2026-04-23T17:09:53Z	-
expert-annotation/raw_Images3/Plate-PB000140-Well-G19-z1-SYTO.ome.tiff	2342008	2026-04-23T17:09:53Z	-
expert-annotation/raw_Images3/Plate-PB000140-Well-G19-z11-CONC.ome.tiff	2342630	2026-04-23T17:09:53Z	-
expert-annotation/raw_Images3/Plate-PB000140-Well-G19-z11-HOECHST.ome.tiff	2342426	2026-04-23T17:09:53Z	-
expert-annotation/raw_Images3/Plate-PB000140-Well-G19-z11-MITO.ome.tiff	2342630	2026-04-23T17:09:53Z	-
expert-annotation/raw_Images3/Plate-PB000140-Well-G19-z11-PHAandWGA.ome.tiff	2341746	2026-04-23T17:09:53Z	-
expert-annotation/raw_Images3/Plate-PB000140-Well-G19-z11-SYTO.ome.tiff	2342014	2026-04-23T17:09:53Z	-
expert-annotation/raw_Images3/Plate-PB000140-Well-G19-z3-CONC.ome.tiff	2342316	2026-04-23T17:09:53Z	-
expert-annotation/raw_Images3/Plate-PB000140-Well-G19-z3-HOECHST.ome.tiff	2342420	2026-04-23T17:09:53Z	-
expert-annotation/raw_Images3/Plate-PB000140-Well-G19-z3-MITO.ome.tiff	2342630	2026-04-23T17:09:53Z	-
expert-annotation/raw_Images3/Plate-PB000140-Well-G19-z3-PHAandWGA.ome.tiff	2341746	2026-04-23T17:09:53Z	-
expert-annotation/raw_Images3/Plate-PB000140-Well-G19-z3-SYTO.ome.tiff	2342008	2026-04-23T17:09:53Z	-
expert-annotation/raw_Images3/Plate-PB000140-Well-G19-z5-CONC.ome.tiff	2342624	2026-04-23T17:09:53Z	-
expert-annotation/raw_Images3/Plate-PB000140-Well-G19-z5-HOECHST.ome.tiff	2342420	2026-04-23T17:09:53Z	-
expert-annotation/raw_Images3/Plate-PB000140-Well-G19-z5-MITO.ome.tiff	2342630	2026-04-23T17:09:53Z	-
expert-annotation/raw_Images3/Plate-PB000140-Well-G19-z5-PHAandWGA.ome.tiff	2341746	2026-04-23T17:09:53Z	-
expert-annotation/raw_Images3/Plate-PB000140-Well-G19-z5-SYTO.ome.tiff	2342008	2026-04-23T17:09:53Z	-
expert-annotation/raw_Images3/Plate-PB000140-Well-G19-z7-CONC.ome.tiff	2342624	2026-04-23T17:09:53Z	-
expert-annotation/raw_Images3/Plate-PB000140-Well-G19-z7-HOECHST.ome.tiff	2342420	2026-04-23T17:09:53Z	-
expert-annotation/raw_Images3/Plate-PB000140-Well-G19-z7-MITO.ome.tiff	2342630	2026-04-23T17:09:53Z	-
expert-annotation/raw_Images3/Plate-PB000140-Well-G19-z7-PHAandWGA.ome.tiff	2341746	2026-04-23T17:09:53Z	-
expert-annotation/raw_Images3/Plate-PB000140-Well-G19-z7-SYTO.ome.tiff	2342008	2026-04-23T17:09:53Z	-
expert-annotation/raw_Images3/Plate-PB000140-Well-G19-z9-CONC.ome.tiff	2342624	2026-04-23T17:09:53Z	-
expert-annotation/raw_Images3/Plate-PB000140-Well-G19-z9-HOECHST.ome.tiff	2342420	2026-04-23T17:09:53Z	-
expert-annotation/raw_Images3/Plate-PB000140-Well-G19-z9-MITO.ome.tiff	2342630	2026-04-23T17:09:53Z	-
expert-annotation/raw_Images3/Plate-PB000140-Well-G19-z9-PHAandWGA.ome.tiff	2341746	2026-04-23T17:09:53Z	-
expert-annotation/raw_Images3/Plate-PB000140-Well-G19-z9-SYTO.ome.tiff	2342008	2026-04-23T17:09:53Z	-
expert-annotation/raw_Images3/Plate-PB000140-Well-H23-z1-CONC.ome.tiff	2342624	2026-04-23T17:09:54Z	-
expert-annotation/raw_Images3/Plate-PB000140-Well-H23-z1-HOECHST.ome.tiff	2342420	2026-04-23T17:09:54Z	-
expert-annotation/raw_Images3/Plate-PB000140-Well-H23-z1-MITO.ome.tiff	2342630	2026-04-23T17:09:54Z	-
expert-annotation/raw_Images3/Plate-PB000140-Well-H23-z1-PHAandWGA.ome.tiff	2341746	2026-04-23T17:09:54Z	-
expert-annotation/raw_Images3/Plate-PB000140-Well-H23-z1-SYTO.ome.tiff	2342008	2026-04-23T17:09:54Z	-
expert-annotation/raw_Images3/Plate-PB000140-Well-H23-z11-CONC.ome.tiff	2342630	2026-04-23T17:09:54Z	-
expert-annotation/raw_Images3/Plate-PB000140-Well-H23-z11-HOECHST.ome.tiff	2342426	2026-04-23T17:09:54Z	-
expert-annotation/raw_Images3/Plate-PB000140-Well-H23-z11-MITO.ome.tiff	2342630	2026-04-23T17:09:54Z	-
expert-annotation/raw_Images3/Plate-PB000140-Well-H23-z11-PHAandWGA.ome.tiff	2341746	2026-04-23T17:09:55Z	-
expert-annotation/raw_Images3/Plate-PB000140-Well-H23-z11-SYTO.ome.tiff	2342014	2026-04-23T17:09:54Z	-
expert-annotation/raw_Images3/Plate-PB000140-Well-H23-z3-CONC.ome.tiff	2342624	2026-04-23T17:09:54Z	-
expert-annotation/raw_Images3/Plate-PB000140-Well-H23-z3-HOECHST.ome.tiff	2342420	2026-04-23T17:09:54Z	-
expert-annotation/raw_Images3/Plate-PB000140-Well-H23-z3-MITO.ome.tiff	2342630	2026-04-23T17:09:54Z	-
expert-annotation/raw_Images3/Plate-PB000140-Well-H23-z3-PHAandWGA.ome.tiff	2341746	2026-04-23T17:09:54Z	-
expert-annotation/raw_Images3/Plate-PB000140-Well-H23-z3-SYTO.ome.tiff	2342008	2026-04-23T17:09:54Z	-
expert-annotation/raw_Images3/Plate-PB000140-Well-H23-z5-CONC.ome.tiff	2342624	2026-04-23T17:09:54Z	-
expert-annotation/raw_Images3/Plate-PB000140-Well-H23-z5-HOECHST.ome.tiff	2342420	2026-04-23T17:09:54Z	-
expert-annotation/raw_Images3/Plate-PB000140-Well-H23-z5-MITO.ome.tiff	2342630	2026-04-23T17:09:54Z	-
expert-annotation/raw_Images3/Plate-PB000140-Well-H23-z5-PHAandWGA.ome.tiff	2341746	2026-04-23T17:09:54Z	-
expert-annotation/raw_Images3/Plate-PB000140-Well-H23-z5-SYTO.ome.tiff	2342008	2026-04-23T17:09:54Z	-
expert-annotation/raw_Images3/Plate-PB000140-Well-H23-z7-CONC.ome.tiff	2342624	2026-04-23T17:09:54Z	-
expert-annotation/raw_Images3/Plate-PB000140-Well-H23-z7-HOECHST.ome.tiff	2342420	2026-04-23T17:09:54Z	-
expert-annotation/raw_Images3/Plate-PB000140-Well-H23-z7-MITO.ome.tiff	2342630	2026-04-23T17:09:54Z	-
expert-annotation/raw_Images3/Plate-PB000140-Well-H23-z7-PHAandWGA.ome.tiff	2341746	2026-04-23T17:09:54Z	-
expert-annotation/raw_Images3/Plate-PB000140-Well-H23-z7-SYTO.ome.tiff	2342008	2026-04-23T17:09:54Z	-
expert-annotation/raw_Images3/Plate-PB000140-Well-H23-z9-CONC.ome.tiff	2342624	2026-04-23T17:09:54Z	-
expert-annotation/raw_Images3/Plate-PB000140-Well-H23-z9-HOECHST.ome.tiff	2342420	2026-04-23T17:09:54Z	-
expert-annotation/raw_Images3/Plate-PB000140-Well-H23-z9-MITO.ome.tiff	2342630	2026-04-23T17:09:54Z	-
expert-annotation/raw_Images3/Plate-PB000140-Well-H23-z9-PHAandWGA.ome.tiff	2341746	2026-04-23T17:09:54Z	-
expert-annotation/raw_Images3/Plate-PB000140-Well-H23-z9-SYTO.ome.tiff	2342008	2026-04-23T17:09:54Z	-
expert-annotation/raw_Images3/Plate-PB000140-Well-I13-z1-CONC.ome.tiff	2342624	2026-04-23T17:09:52Z	-
expert-annotation/raw_Images3/Plate-PB000140-Well-I13-z1-HOECHST.ome.tiff	2342420	2026-04-23T17:09:52Z	-
expert-annotation/raw_Images3/Plate-PB000140-Well-I13-z1-MITO.ome.tiff	2342630	2026-04-23T17:09:52Z	-
expert-annotation/raw_Images3/Plate-PB000140-Well-I13-z1-PHAandWGA.ome.tiff	2341746	2026-04-23T17:09:52Z	-
expert-annotation/raw_Images3/Plate-PB000140-Well-I13-z1-SYTO.ome.tiff	2342008	2026-04-23T17:09:52Z	-
expert-annotation/raw_Images3/Plate-PB000140-Well-I13-z11-CONC.ome.tiff	2342630	2026-04-23T17:09:52Z	-
expert-annotation/raw_Images3/Plate-PB000140-Well-I13-z11-HOECHST.ome.tiff	2342426	2026-04-23T17:09:52Z	-
expert-annotation/raw_Images3/Plate-PB000140-Well-I13-z11-MITO.ome.tiff	2342630	2026-04-23T17:09:52Z	-
expert-annotation/raw_Images3/Plate-PB000140-Well-I13-z11-PHAandWGA.ome.tiff	2341746	2026-04-23T17:09:52Z	-
expert-annotation/raw_Images3/Plate-PB000140-Well-I13-z11-SYTO.ome.tiff	2342014	2026-04-23T17:09:52Z	-
expert-annotation/raw_Images3/Plate-PB000140-Well-I13-z3-CONC.ome.tiff	2342624	2026-04-23T17:09:52Z	-
expert-annotation/raw_Images3/Plate-PB000140-Well-I13-z3-HOECHST.ome.tiff	2342420	2026-04-23T17:09:52Z	-
expert-annotation/raw_Images3/Plate-PB000140-Well-I13-z3-MITO.ome.tiff	2342630	2026-04-23T17:09:52Z	-
expert-annotation/raw_Images3/Plate-PB000140-Well-I13-z3-PHAandWGA.ome.tiff	2341746	2026-04-23T17:09:52Z	-
expert-annotation/raw_Images3/Plate-PB000140-Well-I13-z3-SYTO.ome.tiff	2342008	2026-04-23T17:09:52Z	-
expert-annotation/raw_Images3/Plate-PB000140-Well-I13-z5-CONC.ome.tiff	2342624	2026-04-23T17:09:52Z	-
expert-annotation/raw_Images3/Plate-PB000140-Well-I13-z5-HOECHST.ome.tiff	2342420	2026-04-23T17:09:52Z	-
expert-annotation/raw_Images3/Plate-PB000140-Well-I13-z5-MITO.ome.tiff	2342630	2026-04-23T17:09:52Z	-
expert-annotation/raw_Images3/Plate-PB000140-Well-I13-z5-PHAandWGA.ome.tiff	2341746	2026-04-23T17:09:52Z	-
expert-annotation/raw_Images3/Plate-PB000140-Well-I13-z5-SYTO.ome.tiff	2342008	2026-04-23T17:09:52Z	-
expert-annotation/raw_Images3/Plate-PB000140-Well-I13-z7-CONC.ome.tiff	2342624	2026-04-23T17:09:52Z	-
expert-annotation/raw_Images3/Plate-PB000140-Well-I13-z7-HOECHST.ome.tiff	2342420	2026-04-23T17:09:52Z	-
expert-annotation/raw_Images3/Plate-PB000140-Well-I13-z7-MITO.ome.tiff	2342630	2026-04-23T17:09:52Z	-
expert-annotation/raw_Images3/Plate-PB000140-Well-I13-z7-PHAandWGA.ome.tiff	2341746	2026-04-23T17:09:52Z	-
expert-annotation/raw_Images3/Plate-PB000140-Well-I13-z7-SYTO.ome.tiff	2342008	2026-04-23T17:09:52Z	-
expert-annotation/raw_Images3/Plate-PB000140-Well-I13-z9-CONC.ome.tiff	2342624	2026-04-23T17:09:52Z	-
expert-annotation/raw_Images3/Plate-PB000140-Well-I13-z9-HOECHST.ome.tiff	2342420	2026-04-23T17:09:52Z	-
expert-annotation/raw_Images3/Plate-PB000140-Well-I13-z9-MITO.ome.tiff	2342630	2026-04-23T17:09:52Z	-
expert-annotation/raw_Images3/Plate-PB000140-Well-I13-z9-PHAandWGA.ome.tiff	2341746	2026-04-23T17:09:52Z	-
expert-annotation/raw_Images3/Plate-PB000140-Well-I13-z9-SYTO.ome.tiff	2342008	2026-04-23T17:09:52Z	-
expert-annotation/raw_Images3/Plate-PB000140-Well-J04-z1-CONC.ome.tiff	2342624	2026-04-23T17:09:49Z	-
expert-annotation/raw_Images3/Plate-PB000140-Well-J04-z1-HOECHST.ome.tiff	2342420	2026-04-23T17:09:49Z	-
expert-annotation/raw_Images3/Plate-PB000140-Well-J04-z1-MITO.ome.tiff	2342624	2026-04-23T17:09:49Z	-
expert-annotation/raw_Images3/Plate-PB000140-Well-J04-z1-PHAandWGA.ome.tiff	2341740	2026-04-23T17:09:49Z	-
expert-annotation/raw_Images3/Plate-PB000140-Well-J04-z1-SYTO.ome.tiff	2342008	2026-04-23T17:09:49Z	-
expert-annotation/raw_Images3/Plate-PB000140-Well-J04-z11-CONC.ome.tiff	2342624	2026-04-23T17:09:50Z	-
expert-annotation/raw_Images3/Plate-PB000140-Well-J04-z11-HOECHST.ome.tiff	2342420	2026-04-23T17:09:50Z	-
expert-annotation/raw_Images3/Plate-PB000140-Well-J04-z11-MITO.ome.tiff	2342630	2026-04-23T17:09:50Z	-
expert-annotation/raw_Images3/Plate-PB000140-Well-J04-z11-PHAandWGA.ome.tiff	2341746	2026-04-23T17:09:50Z	-
expert-annotation/raw_Images3/Plate-PB000140-Well-J04-z11-SYTO.ome.tiff	2342008	2026-04-23T17:09:50Z	-
expert-annotation/raw_Images3/Plate-PB000140-Well-J04-z3-CONC.ome.tiff	2342624	2026-04-23T17:09:49Z	-
expert-annotation/raw_Images3/Plate-PB000140-Well-J04-z3-HOECHST.ome.tiff	2342420	2026-04-23T17:09:49Z	-
expert-annotation/raw_Images3/Plate-PB000140-Well-J04-z3-MITO.ome.tiff	2342624	2026-04-23T17:09:49Z	-
expert-annotation/raw_Images3/Plate-PB000140-Well-J04-z3-PHAandWGA.ome.tiff	2341740	2026-04-23T17:09:49Z	-
expert-annotation/raw_Images3/Plate-PB000140-Well-J04-z3-SYTO.ome.tiff	2342008	2026-04-23T17:09:49Z	-
expert-annotation/raw_Images3/Plate-PB000140-Well-J04-z5-CONC.ome.tiff	2342624	2026-04-23T17:09:50Z	-
expert-annotation/raw_Images3/Plate-PB000140-Well-J04-z5-HOECHST.ome.tiff	2342420	2026-04-23T17:09:50Z	-
expert-annotation/raw_Images3/Plate-PB000140-Well-J04-z5-MITO.ome.tiff	2342624	2026-04-23T17:09:49Z	-
expert-annotation/raw_Images3/Plate-PB000140-Well-J04-z5-PHAandWGA.ome.tiff	2341740	2026-04-23T17:09:50Z	-
expert-annotation/raw_Images3/Plate-PB000140-Well-J04-z5-SYTO.ome.tiff	2342008	2026-04-23T17:09:49Z	-
expert-annotation/raw_Images3/Plate-PB000140-Well-J04-z7-CONC.ome.tiff	2342624	2026-04-23T17:09:50Z	-
expert-annotation/raw_Images3/Plate-PB000140-Well-J04-z7-HOECHST.ome.tiff	2342420	2026-04-23T17:09:50Z	-
expert-annotation/raw_Images3/Plate-PB000140-Well-J04-z7-MITO.ome.tiff	2342624	2026-04-23T17:09:50Z	-
expert-annotation/raw_Images3/Plate-PB000140-Well-J04-z7-PHAandWGA.ome.tiff	2341740	2026-04-23T17:09:50Z	-
expert-annotation/raw_Images3/Plate-PB000140-Well-J04-z7-SYTO.ome.tiff	2342008	2026-04-23T17:09:50Z	-
expert-annotation/raw_Images3/Plate-PB000140-Well-J04-z9-CONC.ome.tiff	2342624	2026-04-23T17:09:50Z	-
expert-annotation/raw_Images3/Plate-PB000140-Well-J04-z9-HOECHST.ome.tiff	2342420	2026-04-23T17:09:50Z	-
expert-annotation/raw_Images3/Plate-PB000140-Well-J04-z9-MITO.ome.tiff	2342624	2026-04-23T17:09:50Z	-
expert-annotation/raw_Images3/Plate-PB000140-Well-J04-z9-PHAandWGA.ome.tiff	2341740	2026-04-23T17:09:50Z	-
expert-annotation/raw_Images3/Plate-PB000140-Well-J04-z9-SYTO.ome.tiff	2342008	2026-04-23T17:09:50Z	-
expert-annotation/raw_Images3/Plate-PB000140-Well-J17-z1-CONC.ome.tiff	2342624	2026-04-23T17:09:53Z	-
expert-annotation/raw_Images3/Plate-PB000140-Well-J17-z1-HOECHST.ome.tiff	2342420	2026-04-23T17:09:53Z	-
expert-annotation/raw_Images3/Plate-PB000140-Well-J17-z1-MITO.ome.tiff	2342630	2026-04-23T17:09:53Z	-
expert-annotation/raw_Images3/Plate-PB000140-Well-J17-z1-PHAandWGA.ome.tiff	2341746	2026-04-23T17:09:53Z	-
expert-annotation/raw_Images3/Plate-PB000140-Well-J17-z1-SYTO.ome.tiff	2342008	2026-04-23T17:09:53Z	-
expert-annotation/raw_Images3/Plate-PB000140-Well-J17-z11-CONC.ome.tiff	2342630	2026-04-23T17:09:54Z	-
expert-annotation/raw_Images3/Plate-PB000140-Well-J17-z11-HOECHST.ome.tiff	2342426	2026-04-23T17:09:54Z	-
expert-annotation/raw_Images3/Plate-PB000140-Well-J17-z11-MITO.ome.tiff	2342630	2026-04-23T17:09:54Z	-
expert-annotation/raw_Images3/Plate-PB000140-Well-J17-z11-PHAandWGA.ome.tiff	2341746	2026-04-23T17:09:54Z	-
expert-annotation/raw_Images3/Plate-PB000140-Well-J17-z11-SYTO.ome.tiff	2342014	2026-04-23T17:09:54Z	-
expert-annotation/raw_Images3/Plate-PB000140-Well-J17-z3-CONC.ome.tiff	2342624	2026-04-23T17:09:53Z	-
expert-annotation/raw_Images3/Plate-PB000140-Well-J17-z3-HOECHST.ome.tiff	2342420	2026-04-23T17:09:53Z	-
expert-annotation/raw_Images3/Plate-PB000140-Well-J17-z3-MITO.ome.tiff	2342630	2026-04-23T17:09:53Z	-
expert-annotation/raw_Images3/Plate-PB000140-Well-J17-z3-PHAandWGA.ome.tiff	2341746	2026-04-23T17:09:53Z	-
expert-annotation/raw_Images3/Plate-PB000140-Well-J17-z3-SYTO.ome.tiff	2342008	2026-04-23T17:09:53Z	-
expert-annotation/raw_Images3/Plate-PB000140-Well-J17-z5-CONC.ome.tiff	2342624	2026-04-23T17:09:54Z	-
expert-annotation/raw_Images3/Plate-PB000140-Well-J17-z5-HOECHST.ome.tiff	2342420	2026-04-23T17:09:54Z	-
expert-annotation/raw_Images3/Plate-PB000140-Well-J17-z5-MITO.ome.tiff	2342630	2026-04-23T17:09:54Z	-
expert-annotation/raw_Images3/Plate-PB000140-Well-J17-z5-PHAandWGA.ome.tiff	2341746	2026-04-23T17:09:54Z	-
expert-annotation/raw_Images3/Plate-PB000140-Well-J17-z5-SYTO.ome.tiff	2342008	2026-04-23T17:09:54Z	-
expert-annotation/raw_Images3/Plate-PB000140-Well-J17-z7-CONC.ome.tiff	2342624	2026-04-23T17:09:54Z	-
expert-annotation/raw_Images3/Plate-PB000140-Well-J17-z7-HOECHST.ome.tiff	2342420	2026-04-23T17:09:54Z	-
expert-annotation/raw_Images3/Plate-PB000140-Well-J17-z7-MITO.ome.tiff	2342630	2026-04-23T17:09:54Z	-
expert-annotation/raw_Images3/Plate-PB000140-Well-J17-z7-PHAandWGA.ome.tiff	2341746	2026-04-23T17:09:54Z	-
expert-annotation/raw_Images3/Plate-PB000140-Well-J17-z7-SYTO.ome.tiff	2342008	2026-04-23T17:09:54Z	-
expert-annotation/raw_Images3/Plate-PB000140-Well-J17-z9-CONC.ome.tiff	2342624	2026-04-23T17:09:54Z	-
expert-annotation/raw_Images3/Plate-PB000140-Well-J17-z9-HOECHST.ome.tiff	2342420	2026-04-23T17:09:54Z	-
expert-annotation/raw_Images3/Plate-PB000140-Well-J17-z9-MITO.ome.tiff	2342630	2026-04-23T17:09:54Z	-
expert-annotation/raw_Images3/Plate-PB000140-Well-J17-z9-PHAandWGA.ome.tiff	2341746	2026-04-23T17:09:54Z	-
expert-annotation/raw_Images3/Plate-PB000140-Well-J17-z9-SYTO.ome.tiff	2342008	2026-04-23T17:09:54Z	-
expert-annotation/raw_Images3/Plate-PB000140-Well-N05-z1-CONC.ome.tiff	2342624	2026-04-23T17:09:50Z	-
expert-annotation/raw_Images3/Plate-PB000140-Well-N05-z1-HOECHST.ome.tiff	2342420	2026-04-23T17:09:50Z	-
expert-annotation/raw_Images3/Plate-PB000140-Well-N05-z1-MITO.ome.tiff	2342630	2026-04-23T17:09:50Z	-
expert-annotation/raw_Images3/Plate-PB000140-Well-N05-z1-PHAandWGA.ome.tiff	2341746	2026-04-23T17:09:50Z	-
expert-annotation/raw_Images3/Plate-PB000140-Well-N05-z1-SYTO.ome.tiff	2342008	2026-04-23T17:09:50Z	-
expert-annotation/raw_Images3/Plate-PB000140-Well-N05-z11-CONC.ome.tiff	2342630	2026-04-23T17:09:51Z	-
expert-annotation/raw_Images3/Plate-PB000140-Well-N05-z11-HOECHST.ome.tiff	2342426	2026-04-23T17:09:51Z	-
expert-annotation/raw_Images3/Plate-PB000140-Well-N05-z11-MITO.ome.tiff	2342630	2026-04-23T17:09:51Z	-
expert-annotation/raw_Images3/Plate-PB000140-Well-N05-z11-PHAandWGA.ome.tiff	2341746	2026-04-23T17:09:51Z	-
expert-annotation/raw_Images3/Plate-PB000140-Well-N05-z11-SYTO.ome.tiff	2342014	2026-04-23T17:09:51Z	-
expert-annotation/raw_Images3/Plate-PB000140-Well-N05-z3-CONC.ome.tiff	2342624	2026-04-23T17:09:51Z	-
expert-annotation/raw_Images3/Plate-PB000140-Well-N05-z3-HOECHST.ome.tiff	2342420	2026-04-23T17:09:51Z	-
expert-annotation/raw_Images3/Plate-PB000140-Well-N05-z3-MITO.ome.tiff	2342630	2026-04-23T17:09:50Z	-
expert-annotation/raw_Images3/Plate-PB000140-Well-N05-z3-PHAandWGA.ome.tiff	2341746	2026-04-23T17:09:51Z	-
expert-annotation/raw_Images3/Plate-PB000140-Well-N05-z3-SYTO.ome.tiff	2342008	2026-04-23T17:09:51Z	-
expert-annotation/raw_Images3/Plate-PB000140-Well-N05-z5-CONC.ome.tiff	2342624	2026-04-23T17:09:51Z	-
expert-annotation/raw_Images3/Plate-PB000140-Well-N05-z5-HOECHST.ome.tiff	2342420	2026-04-23T17:09:51Z	-
expert-annotation/raw_Images3/Plate-PB000140-Well-N05-z5-MITO.ome.tiff	2342630	2026-04-23T17:09:51Z	-
expert-annotation/raw_Images3/Plate-PB000140-Well-N05-z5-PHAandWGA.ome.tiff	2341746	2026-04-23T17:09:51Z	-
expert-annotation/raw_Images3/Plate-PB000140-Well-N05-z5-SYTO.ome.tiff	2342008	2026-04-23T17:09:51Z	-
expert-annotation/raw_Images3/Plate-PB000140-Well-N05-z7-CONC.ome.tiff	2342624	2026-04-23T17:09:51Z	-
expert-annotation/raw_Images3/Plate-PB000140-Well-N05-z7-HOECHST.ome.tiff	2342420	2026-04-23T17:09:51Z	-
expert-annotation/raw_Images3/Plate-PB000140-Well-N05-z7-MITO.ome.tiff	2342630	2026-04-23T17:09:51Z	-
expert-annotation/raw_Images3/Plate-PB000140-Well-N05-z7-PHAandWGA.ome.tiff	2341746	2026-04-23T17:09:51Z	-
expert-annotation/raw_Images3/Plate-PB000140-Well-N05-z7-SYTO.ome.tiff	2342008	2026-04-23T17:09:51Z	-
expert-annotation/raw_Images3/Plate-PB000140-Well-N05-z9-CONC.ome.tiff	2342624	2026-04-23T17:09:51Z	-
expert-annotation/raw_Images3/Plate-PB000140-Well-N05-z9-HOECHST.ome.tiff	2342420	2026-04-23T17:09:51Z	-
expert-annotation/raw_Images3/Plate-PB000140-Well-N05-z9-MITO.ome.tiff	2342630	2026-04-23T17:09:51Z	-
expert-annotation/raw_Images3/Plate-PB000140-Well-N05-z9-PHAandWGA.ome.tiff	2341746	2026-04-23T17:09:51Z	-
expert-annotation/raw_Images3/Plate-PB000140-Well-N05-z9-SYTO.ome.tiff	2342008	2026-04-23T17:09:51Z	-
expert-annotation/raw_Images3/Plate-PB000141-Well-G02-z1-CONC.ome.tiff	2342602	2026-04-23T17:09:55Z	-
expert-annotation/raw_Images3/Plate-PB000141-Well-G02-z1-HOECHST.ome.tiff	2342398	2026-04-23T17:09:55Z	-
expert-annotation/raw_Images3/Plate-PB000141-Well-G02-z1-MITO.ome.tiff	2342602	2026-04-23T17:09:55Z	-
expert-annotation/raw_Images3/Plate-PB000141-Well-G02-z1-PHAandWGA.ome.tiff	2341718	2026-04-23T17:09:55Z	-
expert-annotation/raw_Images3/Plate-PB000141-Well-G02-z1-SYTO.ome.tiff	2341986	2026-04-23T17:09:55Z	-
expert-annotation/raw_Images3/Plate-PB000141-Well-G02-z11-CONC.ome.tiff	2342602	2026-04-23T17:09:55Z	-
expert-annotation/raw_Images3/Plate-PB000141-Well-G02-z11-HOECHST.ome.tiff	2342398	2026-04-23T17:09:55Z	-
expert-annotation/raw_Images3/Plate-PB000141-Well-G02-z11-MITO.ome.tiff	2342608	2026-04-23T17:09:55Z	-
expert-annotation/raw_Images3/Plate-PB000141-Well-G02-z11-PHAandWGA.ome.tiff	2341724	2026-04-23T17:09:55Z	-
expert-annotation/raw_Images3/Plate-PB000141-Well-G02-z11-SYTO.ome.tiff	2341986	2026-04-23T17:09:55Z	-
expert-annotation/raw_Images3/Plate-PB000141-Well-G02-z3-CONC.ome.tiff	2342602	2026-04-23T17:09:55Z	-
expert-annotation/raw_Images3/Plate-PB000141-Well-G02-z3-HOECHST.ome.tiff	2342398	2026-04-23T17:09:55Z	-
expert-annotation/raw_Images3/Plate-PB000141-Well-G02-z3-MITO.ome.tiff	2342602	2026-04-23T17:09:55Z	-
expert-annotation/raw_Images3/Plate-PB000141-Well-G02-z3-PHAandWGA.ome.tiff	2341718	2026-04-23T17:09:55Z	-
expert-annotation/raw_Images3/Plate-PB000141-Well-G02-z3-SYTO.ome.tiff	2341986	2026-04-23T17:09:55Z	-
expert-annotation/raw_Images3/Plate-PB000141-Well-G02-z5-CONC.ome.tiff	2342602	2026-04-23T17:09:55Z	-
expert-annotation/raw_Images3/Plate-PB000141-Well-G02-z5-HOECHST.ome.tiff	2342398	2026-04-23T17:09:55Z	-
expert-annotation/raw_Images3/Plate-PB000141-Well-G02-z5-MITO.ome.tiff	2342602	2026-04-23T17:09:55Z	-
expert-annotation/raw_Images3/Plate-PB000141-Well-G02-z5-PHAandWGA.ome.tiff	2341718	2026-04-23T17:09:55Z	-
expert-annotation/raw_Images3/Plate-PB000141-Well-G02-z5-SYTO.ome.tiff	2341986	2026-04-23T17:09:55Z	-
expert-annotation/raw_Images3/Plate-PB000141-Well-G02-z7-CONC.ome.tiff	2342602	2026-04-23T17:09:55Z	-
expert-annotation/raw_Images3/Plate-PB000141-Well-G02-z7-HOECHST.ome.tiff	2342398	2026-04-23T17:09:55Z	-
expert-annotation/raw_Images3/Plate-PB000141-Well-G02-z7-MITO.ome.tiff	2342602	2026-04-23T17:09:55Z	-
expert-annotation/raw_Images3/Plate-PB000141-Well-G02-z7-PHAandWGA.ome.tiff	2341718	2026-04-23T17:09:55Z	-
expert-annotation/raw_Images3/Plate-PB000141-Well-G02-z7-SYTO.ome.tiff	2341986	2026-04-23T17:09:55Z	-
expert-annotation/raw_Images3/Plate-PB000141-Well-G02-z9-CONC.ome.tiff	2342602	2026-04-23T17:09:55Z	-
expert-annotation/raw_Images3/Plate-PB000141-Well-G02-z9-HOECHST.ome.tiff	2342398	2026-04-23T17:09:55Z	-
expert-annotation/raw_Images3/Plate-PB000141-Well-G02-z9-MITO.ome.tiff	2342602	2026-04-23T17:09:55Z	-
expert-annotation/raw_Images3/Plate-PB000141-Well-G02-z9-PHAandWGA.ome.tiff	2341718	2026-04-23T17:09:55Z	-
expert-annotation/raw_Images3/Plate-PB000141-Well-G02-z9-SYTO.ome.tiff	2341986	2026-04-23T17:09:55Z	-
expert-annotation/raw_Images3/Plate-PB000141-Well-M23-z1-CONC.ome.tiff	2342608	2026-04-23T17:09:55Z	-
expert-annotation/raw_Images3/Plate-PB000141-Well-M23-z1-HOECHST.ome.tiff	2342404	2026-04-23T17:09:55Z	-
expert-annotation/raw_Images3/Plate-PB000141-Well-M23-z1-MITO.ome.tiff	2342608	2026-04-23T17:09:55Z	-
expert-annotation/raw_Images3/Plate-PB000141-Well-M23-z1-PHAandWGA.ome.tiff	2341724	2026-04-23T17:09:55Z	-
expert-annotation/raw_Images3/Plate-PB000141-Well-M23-z1-SYTO.ome.tiff	2341992	2026-04-23T17:09:55Z	-
expert-annotation/raw_Images3/Plate-PB000141-Well-M23-z11-CONC.ome.tiff	2342608	2026-04-23T17:09:56Z	-
expert-annotation/raw_Images3/Plate-PB000141-Well-M23-z11-HOECHST.ome.tiff	2342404	2026-04-23T17:09:56Z	-
expert-annotation/raw_Images3/Plate-PB000141-Well-M23-z11-MITO.ome.tiff	2342614	2026-04-23T17:09:56Z	-
expert-annotation/raw_Images3/Plate-PB000141-Well-M23-z11-PHAandWGA.ome.tiff	2341730	2026-04-23T17:09:56Z	-
expert-annotation/raw_Images3/Plate-PB000141-Well-M23-z11-SYTO.ome.tiff	2341992	2026-04-23T17:09:56Z	-
expert-annotation/raw_Images3/Plate-PB000141-Well-M23-z3-CONC.ome.tiff	2342608	2026-04-23T17:09:55Z	-
expert-annotation/raw_Images3/Plate-PB000141-Well-M23-z3-HOECHST.ome.tiff	2342404	2026-04-23T17:09:55Z	-
expert-annotation/raw_Images3/Plate-PB000141-Well-M23-z3-MITO.ome.tiff	2342608	2026-04-23T17:09:55Z	-
expert-annotation/raw_Images3/Plate-PB000141-Well-M23-z3-PHAandWGA.ome.tiff	2341724	2026-04-23T17:09:55Z	-
expert-annotation/raw_Images3/Plate-PB000141-Well-M23-z3-SYTO.ome.tiff	2341992	2026-04-23T17:09:55Z	-
expert-annotation/raw_Images3/Plate-PB000141-Well-M23-z5-CONC.ome.tiff	2342608	2026-04-23T17:09:55Z	-
expert-annotation/raw_Images3/Plate-PB000141-Well-M23-z5-HOECHST.ome.tiff	2342404	2026-04-23T17:09:55Z	-
expert-annotation/raw_Images3/Plate-PB000141-Well-M23-z5-MITO.ome.tiff	2342608	2026-04-23T17:09:55Z	-
expert-annotation/raw_Images3/Plate-PB000141-Well-M23-z5-PHAandWGA.ome.tiff	2341724	2026-04-23T17:09:55Z	-
expert-annotation/raw_Images3/Plate-PB000141-Well-M23-z5-SYTO.ome.tiff	2341992	2026-04-23T17:09:55Z	-
expert-annotation/raw_Images3/Plate-PB000141-Well-M23-z7-CONC.ome.tiff	2342608	2026-04-23T17:09:55Z	-
expert-annotation/raw_Images3/Plate-PB000141-Well-M23-z7-HOECHST.ome.tiff	2342404	2026-04-23T17:09:56Z	-
expert-annotation/raw_Images3/Plate-PB000141-Well-M23-z7-MITO.ome.tiff	2342608	2026-04-23T17:09:55Z	-
expert-annotation/raw_Images3/Plate-PB000141-Well-M23-z7-PHAandWGA.ome.tiff	2341724	2026-04-23T17:09:56Z	-
expert-annotation/raw_Images3/Plate-PB000141-Well-M23-z7-SYTO.ome.tiff	2341992	2026-04-23T17:09:55Z	-
expert-annotation/raw_Images3/Plate-PB000141-Well-M23-z9-CONC.ome.tiff	2342608	2026-04-23T17:09:56Z	-
expert-annotation/raw_Images3/Plate-PB000141-Well-M23-z9-HOECHST.ome.tiff	2342404	2026-04-23T17:09:56Z	-
expert-annotation/raw_Images3/Plate-PB000141-Well-M23-z9-MITO.ome.tiff	2342608	2026-04-23T17:09:56Z	-
expert-annotation/raw_Images3/Plate-PB000141-Well-M23-z9-PHAandWGA.ome.tiff	2341724	2026-04-23T17:09:56Z	-
expert-annotation/raw_Images3/Plate-PB000141-Well-M23-z9-SYTO.ome.tiff	2341992	2026-04-23T17:09:56Z	-
expert-annotation/raw_images/Plate-PB000137-Well-D12-z1-CONC.ome.tiff	2342552	2026-03-25T10:02:37Z	-
expert-annotation/raw_images/Plate-PB000137-Well-D12-z1-HOECHST.ome.tiff	2342348	2026-03-25T10:02:37Z	-
expert-annotation/raw_images/Plate-PB000137-Well-D12-z1-MITO.ome.tiff	2342558	2026-03-25T10:02:37Z	-
expert-annotation/raw_images/Plate-PB000137-Well-D12-z1-PHAandWGA.ome.tiff	2341674	2026-03-25T10:02:37Z	-
expert-annotation/raw_images/Plate-PB000137-Well-D12-z1-SYTO.ome.tiff	2341936	2026-03-25T10:02:37Z	-
expert-annotation/raw_images/Plate-PB000137-Well-D12-z11-CONC.ome.tiff	2342558	2026-03-25T10:02:38Z	-
expert-annotation/raw_images/Plate-PB000137-Well-D12-z11-HOECHST.ome.tiff	2342354	2026-03-25T10:02:38Z	-
expert-annotation/raw_images/Plate-PB000137-Well-D12-z11-MITO.ome.tiff	2342558	2026-03-25T10:02:38Z	-
expert-annotation/raw_images/Plate-PB000137-Well-D12-z11-PHAandWGA.ome.tiff	2341674	2026-03-25T10:02:38Z	-
expert-annotation/raw_images/Plate-PB000137-Well-D12-z11-SYTO.ome.tiff	2341942	2026-03-25T10:02:38Z	-
expert-annotation/raw_images/Plate-PB000137-Well-D12-z3-CONC.ome.tiff	2342552	2026-03-25T10:02:37Z	-
expert-annotation/raw_images/Plate-PB000137-Well-D12-z3-HOECHST.ome.tiff	2342348	2026-03-25T10:02:37Z	-
expert-annotation/raw_images/Plate-PB000137-Well-D12-z3-MITO.ome.tiff	2342558	2026-03-25T10:02:37Z	-
expert-annotation/raw_images/Plate-PB000137-Well-D12-z3-PHAandWGA.ome.tiff	2341674	2026-03-25T10:02:37Z	-
expert-annotation/raw_images/Plate-PB000137-Well-D12-z3-SYTO.ome.tiff	2341936	2026-03-25T10:02:37Z	-
expert-annotation/raw_images/Plate-PB000137-Well-D12-z5-CONC.ome.tiff	2342552	2026-03-25T10:02:38Z	-
expert-annotation/raw_images/Plate-PB000137-Well-D12-z5-HOECHST.ome.tiff	2342348	2026-03-25T10:02:38Z	-
expert-annotation/raw_images/Plate-PB000137-Well-D12-z5-MITO.ome.tiff	2342558	2026-03-25T10:02:38Z	-
expert-annotation/raw_images/Plate-PB000137-Well-D12-z5-PHAandWGA.ome.tiff	2341674	2026-03-25T10:02:38Z	-
expert-annotation/raw_images/Plate-PB000137-Well-D12-z5-SYTO.ome.tiff	2341936	2026-03-25T10:02:38Z	-
expert-annotation/raw_images/Plate-PB000137-Well-D12-z7-CONC.ome.tiff	2342552	2026-03-25T10:02:38Z	-
expert-annotation/raw_images/Plate-PB000137-Well-D12-z7-HOECHST.ome.tiff	2342348	2026-03-25T10:02:38Z	-
expert-annotation/raw_images/Plate-PB000137-Well-D12-z7-MITO.ome.tiff	2342558	2026-03-25T10:02:38Z	-
expert-annotation/raw_images/Plate-PB000137-Well-D12-z7-PHAandWGA.ome.tiff	2341674	2026-03-25T10:02:38Z	-
expert-annotation/raw_images/Plate-PB000137-Well-D12-z7-SYTO.ome.tiff	2341936	2026-03-25T10:02:38Z	-
expert-annotation/raw_images/Plate-PB000137-Well-D12-z9-CONC.ome.tiff	2342552	2026-03-25T10:02:38Z	-
expert-annotation/raw_images/Plate-PB000137-Well-D12-z9-HOECHST.ome.tiff	2342348	2026-03-25T10:02:38Z	-
expert-annotation/raw_images/Plate-PB000137-Well-D12-z9-MITO.ome.tiff	2342558	2026-03-25T10:02:38Z	-
expert-annotation/raw_images/Plate-PB000137-Well-D12-z9-PHAandWGA.ome.tiff	2341674	2026-03-25T10:02:38Z	-
expert-annotation/raw_images/Plate-PB000137-Well-D12-z9-SYTO.ome.tiff	2341936	2026-03-25T10:02:38Z	-
expert-annotation/raw_images/Plate-PB000137-Well-F06-z1-CONC.ome.tiff	2342552	2026-03-25T10:02:38Z	-
expert-annotation/raw_images/Plate-PB000137-Well-F06-z1-HOECHST.ome.tiff	2342348	2026-03-25T10:02:38Z	-
expert-annotation/raw_images/Plate-PB000137-Well-F06-z1-MITO.ome.tiff	2342552	2026-03-25T10:02:38Z	-
expert-annotation/raw_images/Plate-PB000137-Well-F06-z1-PHAandWGA.ome.tiff	2341668	2026-03-25T10:02:38Z	-
expert-annotation/raw_images/Plate-PB000137-Well-F06-z1-SYTO.ome.tiff	2341936	2026-03-25T10:02:38Z	-
expert-annotation/raw_images/Plate-PB000137-Well-F06-z11-CONC.ome.tiff	2342552	2026-03-25T10:02:38Z	-
expert-annotation/raw_images/Plate-PB000137-Well-F06-z11-HOECHST.ome.tiff	2342348	2026-03-25T10:02:38Z	-
expert-annotation/raw_images/Plate-PB000137-Well-F06-z11-MITO.ome.tiff	2342558	2026-03-25T10:02:38Z	-
expert-annotation/raw_images/Plate-PB000137-Well-F06-z11-PHAandWGA.ome.tiff	2341674	2026-03-25T10:02:38Z	-
expert-annotation/raw_images/Plate-PB000137-Well-F06-z11-SYTO.ome.tiff	2341936	2026-03-25T10:02:38Z	-
expert-annotation/raw_images/Plate-PB000137-Well-F06-z3-CONC.ome.tiff	2342552	2026-03-25T10:02:38Z	-
expert-annotation/raw_images/Plate-PB000137-Well-F06-z3-HOECHST.ome.tiff	2342348	2026-03-25T10:02:38Z	-
expert-annotation/raw_images/Plate-PB000137-Well-F06-z3-MITO.ome.tiff	2342552	2026-03-25T10:02:38Z	-
expert-annotation/raw_images/Plate-PB000137-Well-F06-z3-PHAandWGA.ome.tiff	2341668	2026-03-25T10:02:38Z	-
expert-annotation/raw_images/Plate-PB000137-Well-F06-z3-SYTO.ome.tiff	2341936	2026-03-25T10:02:38Z	-
expert-annotation/raw_images/Plate-PB000137-Well-F06-z5-CONC.ome.tiff	2342552	2026-03-25T10:02:38Z	-
expert-annotation/raw_images/Plate-PB000137-Well-F06-z5-HOECHST.ome.tiff	2342348	2026-03-25T10:02:38Z	-
expert-annotation/raw_images/Plate-PB000137-Well-F06-z5-MITO.ome.tiff	2342552	2026-03-25T10:02:38Z	-
expert-annotation/raw_images/Plate-PB000137-Well-F06-z5-PHAandWGA.ome.tiff	2341668	2026-03-25T10:02:38Z	-
expert-annotation/raw_images/Plate-PB000137-Well-F06-z5-SYTO.ome.tiff	2341936	2026-03-25T10:02:38Z	-
expert-annotation/raw_images/Plate-PB000137-Well-F06-z7-CONC.ome.tiff	2342552	2026-03-25T10:02:38Z	-
expert-annotation/raw_images/Plate-PB000137-Well-F06-z7-HOECHST.ome.tiff	2342348	2026-03-25T10:02:38Z	-
expert-annotation/raw_images/Plate-PB000137-Well-F06-z7-MITO.ome.tiff	2342552	2026-03-25T10:02:38Z	-
expert-annotation/raw_images/Plate-PB000137-Well-F06-z7-PHAandWGA.ome.tiff	2341668	2026-03-25T10:02:38Z	-
expert-annotation/raw_images/Plate-PB000137-Well-F06-z7-SYTO.ome.tiff	2341936	2026-03-25T10:02:38Z	-
expert-annotation/raw_images/Plate-PB000137-Well-F06-z9-CONC.ome.tiff	2342552	2026-03-25T10:02:38Z	-
expert-annotation/raw_images/Plate-PB000137-Well-F06-z9-HOECHST.ome.tiff	2342348	2026-03-25T10:02:38Z	-
expert-annotation/raw_images/Plate-PB000137-Well-F06-z9-MITO.ome.tiff	2342552	2026-03-25T10:02:38Z	-
expert-annotation/raw_images/Plate-PB000137-Well-F06-z9-PHAandWGA.ome.tiff	2341668	2026-03-25T10:02:38Z	-
expert-annotation/raw_images/Plate-PB000137-Well-F06-z9-SYTO.ome.tiff	2341936	2026-03-25T10:02:38Z	-
expert-annotation/raw_images/Plate-PB000139-Well-C03-z1-CONC.ome.tiff	2342622	2026-03-25T10:02:38Z	-
expert-annotation/raw_images/Plate-PB000139-Well-C03-z1-HOECHST.ome.tiff	2342418	2026-03-25T10:02:38Z	-
expert-annotation/raw_images/Plate-PB000139-Well-C03-z1-MITO.ome.tiff	2342622	2026-03-25T10:02:38Z	-
expert-annotation/raw_images/Plate-PB000139-Well-C03-z1-PHAandWGA.ome.tiff	2341738	2026-03-25T10:02:38Z	-
expert-annotation/raw_images/Plate-PB000139-Well-C03-z1-SYTO.ome.tiff	2342006	2026-03-25T10:02:38Z	-
expert-annotation/raw_images/Plate-PB000139-Well-C03-z11-CONC.ome.tiff	2342622	2026-03-25T10:02:38Z	-
expert-annotation/raw_images/Plate-PB000139-Well-C03-z11-HOECHST.ome.tiff	2342418	2026-03-25T10:02:38Z	-
expert-annotation/raw_images/Plate-PB000139-Well-C03-z11-MITO.ome.tiff	2342628	2026-03-25T10:02:38Z	-
expert-annotation/raw_images/Plate-PB000139-Well-C03-z11-PHAandWGA.ome.tiff	2341744	2026-03-25T10:02:38Z	-
expert-annotation/raw_images/Plate-PB000139-Well-C03-z11-SYTO.ome.tiff	2342006	2026-03-25T10:02:38Z	-
expert-annotation/raw_images/Plate-PB000139-Well-C03-z3-CONC.ome.tiff	2342622	2026-03-25T10:02:38Z	-
expert-annotation/raw_images/Plate-PB000139-Well-C03-z3-HOECHST.ome.tiff	2342418	2026-03-25T10:02:38Z	-
expert-annotation/raw_images/Plate-PB000139-Well-C03-z3-MITO.ome.tiff	2342622	2026-03-25T10:02:38Z	-
expert-annotation/raw_images/Plate-PB000139-Well-C03-z3-PHAandWGA.ome.tiff	2341738	2026-03-25T10:02:38Z	-
expert-annotation/raw_images/Plate-PB000139-Well-C03-z3-SYTO.ome.tiff	2342006	2026-03-25T10:02:38Z	-
expert-annotation/raw_images/Plate-PB000139-Well-C03-z5-CONC.ome.tiff	2342622	2026-03-25T10:02:38Z	-
expert-annotation/raw_images/Plate-PB000139-Well-C03-z5-HOECHST.ome.tiff	2342418	2026-03-25T10:02:38Z	-
expert-annotation/raw_images/Plate-PB000139-Well-C03-z5-MITO.ome.tiff	2342622	2026-03-25T10:02:38Z	-
expert-annotation/raw_images/Plate-PB000139-Well-C03-z5-PHAandWGA.ome.tiff	2341738	2026-03-25T10:02:38Z	-
expert-annotation/raw_images/Plate-PB000139-Well-C03-z5-SYTO.ome.tiff	2342006	2026-03-25T10:02:38Z	-
expert-annotation/raw_images/Plate-PB000139-Well-C03-z7-CONC.ome.tiff	2342622	2026-03-25T10:02:38Z	-
expert-annotation/raw_images/Plate-PB000139-Well-C03-z7-HOECHST.ome.tiff	2342418	2026-03-25T10:02:38Z	-
expert-annotation/raw_images/Plate-PB000139-Well-C03-z7-MITO.ome.tiff	2342622	2026-03-25T10:02:38Z	-
expert-annotation/raw_images/Plate-PB000139-Well-C03-z7-PHAandWGA.ome.tiff	2341738	2026-03-25T10:02:38Z	-
expert-annotation/raw_images/Plate-PB000139-Well-C03-z7-SYTO.ome.tiff	2342006	2026-03-25T10:02:38Z	-
expert-annotation/raw_images/Plate-PB000139-Well-C03-z9-CONC.ome.tiff	2342622	2026-03-25T10:02:38Z	-
expert-annotation/raw_images/Plate-PB000139-Well-C03-z9-HOECHST.ome.tiff	2342418	2026-03-25T10:02:38Z	-
expert-annotation/raw_images/Plate-PB000139-Well-C03-z9-MITO.ome.tiff	2342622	2026-03-25T10:02:38Z	-
expert-annotation/raw_images/Plate-PB000139-Well-C03-z9-PHAandWGA.ome.tiff	2341738	2026-03-25T10:02:38Z	-
expert-annotation/raw_images/Plate-PB000139-Well-C03-z9-SYTO.ome.tiff	2342006	2026-03-25T10:02:38Z	-
expert-annotation/raw_images/Plate-PB000139-Well-C12-z1-CONC.ome.tiff	2342622	2026-03-25T10:02:41Z	-
expert-annotation/raw_images/Plate-PB000139-Well-C12-z1-HOECHST.ome.tiff	2342418	2026-03-25T10:02:41Z	-
expert-annotation/raw_images/Plate-PB000139-Well-C12-z1-MITO.ome.tiff	2342628	2026-03-25T10:02:41Z	-
expert-annotation/raw_images/Plate-PB000139-Well-C12-z1-PHAandWGA.ome.tiff	2341744	2026-03-25T10:02:41Z	-
expert-annotation/raw_images/Plate-PB000139-Well-C12-z1-SYTO.ome.tiff	2342006	2026-03-25T10:02:41Z	-
expert-annotation/raw_images/Plate-PB000139-Well-C12-z11-CONC.ome.tiff	2342628	2026-03-25T10:02:41Z	-
expert-annotation/raw_images/Plate-PB000139-Well-C12-z11-HOECHST.ome.tiff	2342424	2026-03-25T10:02:41Z	-
expert-annotation/raw_images/Plate-PB000139-Well-C12-z11-MITO.ome.tiff	2342628	2026-03-25T10:02:41Z	-
expert-annotation/raw_images/Plate-PB000139-Well-C12-z11-PHAandWGA.ome.tiff	2341744	2026-03-25T10:02:41Z	-
expert-annotation/raw_images/Plate-PB000139-Well-C12-z11-SYTO.ome.tiff	2342012	2026-03-25T10:02:41Z	-
expert-annotation/raw_images/Plate-PB000139-Well-C12-z3-CONC.ome.tiff	2342622	2026-03-25T10:02:41Z	-
expert-annotation/raw_images/Plate-PB000139-Well-C12-z3-HOECHST.ome.tiff	2342418	2026-03-25T10:02:41Z	-
expert-annotation/raw_images/Plate-PB000139-Well-C12-z3-MITO.ome.tiff	2342628	2026-03-25T10:02:41Z	-
expert-annotation/raw_images/Plate-PB000139-Well-C12-z3-PHAandWGA.ome.tiff	2341744	2026-03-25T10:02:41Z	-
expert-annotation/raw_images/Plate-PB000139-Well-C12-z3-SYTO.ome.tiff	2342006	2026-03-25T10:02:41Z	-
expert-annotation/raw_images/Plate-PB000139-Well-C12-z5-CONC.ome.tiff	2342622	2026-03-25T10:02:41Z	-
expert-annotation/raw_images/Plate-PB000139-Well-C12-z5-HOECHST.ome.tiff	2342418	2026-03-25T10:02:41Z	-
expert-annotation/raw_images/Plate-PB000139-Well-C12-z5-MITO.ome.tiff	2342628	2026-03-25T10:02:41Z	-
expert-annotation/raw_images/Plate-PB000139-Well-C12-z5-PHAandWGA.ome.tiff	2341744	2026-03-25T10:02:41Z	-
expert-annotation/raw_images/Plate-PB000139-Well-C12-z5-SYTO.ome.tiff	2342006	2026-03-25T10:02:41Z	-
expert-annotation/raw_images/Plate-PB000139-Well-C12-z7-CONC.ome.tiff	2342622	2026-03-25T10:02:41Z	-
expert-annotation/raw_images/Plate-PB000139-Well-C12-z7-HOECHST.ome.tiff	2342418	2026-03-25T10:02:41Z	-
expert-annotation/raw_images/Plate-PB000139-Well-C12-z7-MITO.ome.tiff	2342628	2026-03-25T10:02:41Z	-
expert-annotation/raw_images/Plate-PB000139-Well-C12-z7-PHAandWGA.ome.tiff	2341744	2026-03-25T10:02:41Z	-
expert-annotation/raw_images/Plate-PB000139-Well-C12-z7-SYTO.ome.tiff	2342006	2026-03-25T10:02:41Z	-
expert-annotation/raw_images/Plate-PB000139-Well-C12-z9-CONC.ome.tiff	2342622	2026-03-25T10:02:41Z	-
expert-annotation/raw_images/Plate-PB000139-Well-C12-z9-HOECHST.ome.tiff	2342418	2026-03-25T10:02:41Z	-
expert-annotation/raw_images/Plate-PB000139-Well-C12-z9-MITO.ome.tiff	2342628	2026-03-25T10:02:41Z	-
expert-annotation/raw_images/Plate-PB000139-Well-C12-z9-PHAandWGA.ome.tiff	2341744	2026-03-25T10:02:41Z	-
expert-annotation/raw_images/Plate-PB000139-Well-C12-z9-SYTO.ome.tiff	2342006	2026-03-25T10:02:41Z	-
expert-annotation/raw_images/Plate-PB000139-Well-C14-z1-CONC.ome.tiff	2342622	2026-03-25T10:02:40Z	-
expert-annotation/raw_images/Plate-PB000139-Well-C14-z1-HOECHST.ome.tiff	2342418	2026-03-25T10:02:40Z	-
expert-annotation/raw_images/Plate-PB000139-Well-C14-z1-MITO.ome.tiff	2342628	2026-03-25T10:02:40Z	-
expert-annotation/raw_images/Plate-PB000139-Well-C14-z1-PHAandWGA.ome.tiff	2341744	2026-03-25T10:02:40Z	-
expert-annotation/raw_images/Plate-PB000139-Well-C14-z1-SYTO.ome.tiff	2342006	2026-03-25T10:02:40Z	-
expert-annotation/raw_images/Plate-PB000139-Well-C14-z11-CONC.ome.tiff	2342628	2026-03-25T10:02:40Z	-
expert-annotation/raw_images/Plate-PB000139-Well-C14-z11-HOECHST.ome.tiff	2342424	2026-03-25T10:02:40Z	-
expert-annotation/raw_images/Plate-PB000139-Well-C14-z11-MITO.ome.tiff	2342628	2026-03-25T10:02:40Z	-
expert-annotation/raw_images/Plate-PB000139-Well-C14-z11-PHAandWGA.ome.tiff	2341744	2026-03-25T10:02:40Z	-
expert-annotation/raw_images/Plate-PB000139-Well-C14-z11-SYTO.ome.tiff	2342012	2026-03-25T10:02:40Z	-
expert-annotation/raw_images/Plate-PB000139-Well-C14-z3-CONC.ome.tiff	2342622	2026-03-25T10:02:40Z	-
expert-annotation/raw_images/Plate-PB000139-Well-C14-z3-HOECHST.ome.tiff	2342418	2026-03-25T10:02:40Z	-
expert-annotation/raw_images/Plate-PB000139-Well-C14-z3-MITO.ome.tiff	2342628	2026-03-25T10:02:40Z	-
expert-annotation/raw_images/Plate-PB000139-Well-C14-z3-PHAandWGA.ome.tiff	2341744	2026-03-25T10:02:40Z	-
expert-annotation/raw_images/Plate-PB000139-Well-C14-z3-SYTO.ome.tiff	2342006	2026-03-25T10:02:40Z	-
expert-annotation/raw_images/Plate-PB000139-Well-C14-z5-CONC.ome.tiff	2342622	2026-03-25T10:02:40Z	-
expert-annotation/raw_images/Plate-PB000139-Well-C14-z5-HOECHST.ome.tiff	2342418	2026-03-25T10:02:40Z	-
expert-annotation/raw_images/Plate-PB000139-Well-C14-z5-MITO.ome.tiff	2342628	2026-03-25T10:02:40Z	-
expert-annotation/raw_images/Plate-PB000139-Well-C14-z5-PHAandWGA.ome.tiff	2341744	2026-03-25T10:02:40Z	-
expert-annotation/raw_images/Plate-PB000139-Well-C14-z5-SYTO.ome.tiff	2342006	2026-03-25T10:02:40Z	-
expert-annotation/raw_images/Plate-PB000139-Well-C14-z7-CONC.ome.tiff	2342622	2026-03-25T10:02:40Z	-
expert-annotation/raw_images/Plate-PB000139-Well-C14-z7-HOECHST.ome.tiff	2342418	2026-03-25T10:02:40Z	-
expert-annotation/raw_images/Plate-PB000139-Well-C14-z7-MITO.ome.tiff	2342628	2026-03-25T10:02:40Z	-
expert-annotation/raw_images/Plate-PB000139-Well-C14-z7-PHAandWGA.ome.tiff	2341744	2026-03-25T10:02:40Z	-
expert-annotation/raw_images/Plate-PB000139-Well-C14-z7-SYTO.ome.tiff	2342006	2026-03-25T10:02:40Z	-
expert-annotation/raw_images/Plate-PB000139-Well-C14-z9-CONC.ome.tiff	2342622	2026-03-25T10:02:40Z	-
expert-annotation/raw_images/Plate-PB000139-Well-C14-z9-HOECHST.ome.tiff	2342418	2026-03-25T10:02:40Z	-
expert-annotation/raw_images/Plate-PB000139-Well-C14-z9-MITO.ome.tiff	2342628	2026-03-25T10:02:40Z	-
expert-annotation/raw_images/Plate-PB000139-Well-C14-z9-PHAandWGA.ome.tiff	2341744	2026-03-25T10:02:40Z	-
expert-annotation/raw_images/Plate-PB000139-Well-C14-z9-SYTO.ome.tiff	2342006	2026-03-25T10:02:40Z	-
expert-annotation/raw_images/Plate-PB000139-Well-C23-z1-CONC.ome.tiff	2342622	2026-03-25T10:02:39Z	-
expert-annotation/raw_images/Plate-PB000139-Well-C23-z1-HOECHST.ome.tiff	2342418	2026-03-25T10:02:39Z	-
expert-annotation/raw_images/Plate-PB000139-Well-C23-z1-MITO.ome.tiff	2342628	2026-03-25T10:02:39Z	-
expert-annotation/raw_images/Plate-PB000139-Well-C23-z1-PHAandWGA.ome.tiff	2341744	2026-03-25T10:02:39Z	-
expert-annotation/raw_images/Plate-PB000139-Well-C23-z1-SYTO.ome.tiff	2342006	2026-03-25T10:02:39Z	-
expert-annotation/raw_images/Plate-PB000139-Well-C23-z11-CONC.ome.tiff	2342628	2026-03-25T10:02:39Z	-
expert-annotation/raw_images/Plate-PB000139-Well-C23-z11-HOECHST.ome.tiff	2342424	2026-03-25T10:02:39Z	-
expert-annotation/raw_images/Plate-PB000139-Well-C23-z11-MITO.ome.tiff	2342628	2026-03-25T10:02:39Z	-
expert-annotation/raw_images/Plate-PB000139-Well-C23-z11-PHAandWGA.ome.tiff	2341744	2026-03-25T10:02:39Z	-
expert-annotation/raw_images/Plate-PB000139-Well-C23-z11-SYTO.ome.tiff	2342012	2026-03-25T10:02:39Z	-
expert-annotation/raw_images/Plate-PB000139-Well-C23-z3-CONC.ome.tiff	2342622	2026-03-25T10:02:39Z	-
expert-annotation/raw_images/Plate-PB000139-Well-C23-z3-HOECHST.ome.tiff	2342418	2026-03-25T10:02:39Z	-
expert-annotation/raw_images/Plate-PB000139-Well-C23-z3-MITO.ome.tiff	2342628	2026-03-25T10:02:39Z	-
expert-annotation/raw_images/Plate-PB000139-Well-C23-z3-PHAandWGA.ome.tiff	2341744	2026-03-25T10:02:39Z	-
expert-annotation/raw_images/Plate-PB000139-Well-C23-z3-SYTO.ome.tiff	2342006	2026-03-25T10:02:39Z	-
expert-annotation/raw_images/Plate-PB000139-Well-C23-z5-CONC.ome.tiff	2342622	2026-03-25T10:02:39Z	-
expert-annotation/raw_images/Plate-PB000139-Well-C23-z5-HOECHST.ome.tiff	2342418	2026-03-25T10:02:39Z	-
expert-annotation/raw_images/Plate-PB000139-Well-C23-z5-MITO.ome.tiff	2342628	2026-03-25T10:02:39Z	-
expert-annotation/raw_images/Plate-PB000139-Well-C23-z5-PHAandWGA.ome.tiff	2341744	2026-03-25T10:02:39Z	-
expert-annotation/raw_images/Plate-PB000139-Well-C23-z5-SYTO.ome.tiff	2342006	2026-03-25T10:02:39Z	-
expert-annotation/raw_images/Plate-PB000139-Well-C23-z7-CONC.ome.tiff	2342622	2026-03-25T10:02:39Z	-
expert-annotation/raw_images/Plate-PB000139-Well-C23-z7-HOECHST.ome.tiff	2342418	2026-03-25T10:02:39Z	-
expert-annotation/raw_images/Plate-PB000139-Well-C23-z7-MITO.ome.tiff	2342628	2026-03-25T10:02:39Z	-
expert-annotation/raw_images/Plate-PB000139-Well-C23-z7-PHAandWGA.ome.tiff	2341744	2026-03-25T10:02:39Z	-
expert-annotation/raw_images/Plate-PB000139-Well-C23-z7-SYTO.ome.tiff	2342006	2026-03-25T10:02:39Z	-
expert-annotation/raw_images/Plate-PB000139-Well-C23-z9-CONC.ome.tiff	2342622	2026-03-25T10:02:39Z	-
expert-annotation/raw_images/Plate-PB000139-Well-C23-z9-HOECHST.ome.tiff	2342418	2026-03-25T10:02:39Z	-
expert-annotation/raw_images/Plate-PB000139-Well-C23-z9-MITO.ome.tiff	2342628	2026-03-25T10:02:39Z	-
expert-annotation/raw_images/Plate-PB000139-Well-C23-z9-PHAandWGA.ome.tiff	2341744	2026-03-25T10:02:39Z	-
expert-annotation/raw_images/Plate-PB000139-Well-C23-z9-SYTO.ome.tiff	2342006	2026-03-25T10:02:39Z	-
expert-annotation/raw_images/Plate-PB000139-Well-D06-z1-CONC.ome.tiff	2342622	2026-03-25T10:02:41Z	-
expert-annotation/raw_images/Plate-PB000139-Well-D06-z1-HOECHST.ome.tiff	2342418	2026-03-25T10:02:41Z	-
expert-annotation/raw_images/Plate-PB000139-Well-D06-z1-MITO.ome.tiff	2342622	2026-03-25T10:02:41Z	-
expert-annotation/raw_images/Plate-PB000139-Well-D06-z1-PHAandWGA.ome.tiff	2341738	2026-03-25T10:02:41Z	-
expert-annotation/raw_images/Plate-PB000139-Well-D06-z1-SYTO.ome.tiff	2342006	2026-03-25T10:02:41Z	-
expert-annotation/raw_images/Plate-PB000139-Well-D06-z11-CONC.ome.tiff	2342622	2026-03-25T10:02:41Z	-
expert-annotation/raw_images/Plate-PB000139-Well-D06-z11-HOECHST.ome.tiff	2342418	2026-03-25T10:02:41Z	-
expert-annotation/raw_images/Plate-PB000139-Well-D06-z11-MITO.ome.tiff	2342628	2026-03-25T10:02:41Z	-
expert-annotation/raw_images/Plate-PB000139-Well-D06-z11-PHAandWGA.ome.tiff	2341744	2026-03-25T10:02:41Z	-
expert-annotation/raw_images/Plate-PB000139-Well-D06-z11-SYTO.ome.tiff	2342006	2026-03-25T10:02:41Z	-
expert-annotation/raw_images/Plate-PB000139-Well-D06-z3-CONC.ome.tiff	2342622	2026-03-25T10:02:41Z	-
expert-annotation/raw_images/Plate-PB000139-Well-D06-z3-HOECHST.ome.tiff	2342418	2026-03-25T10:02:41Z	-
expert-annotation/raw_images/Plate-PB000139-Well-D06-z3-MITO.ome.tiff	2342622	2026-03-25T10:02:41Z	-
expert-annotation/raw_images/Plate-PB000139-Well-D06-z3-PHAandWGA.ome.tiff	2341738	2026-03-25T10:02:41Z	-
expert-annotation/raw_images/Plate-PB000139-Well-D06-z3-SYTO.ome.tiff	2342006	2026-03-25T10:02:41Z	-
expert-annotation/raw_images/Plate-PB000139-Well-D06-z5-CONC.ome.tiff	2342622	2026-03-25T10:02:41Z	-
expert-annotation/raw_images/Plate-PB000139-Well-D06-z5-HOECHST.ome.tiff	2342418	2026-03-25T10:02:41Z	-
expert-annotation/raw_images/Plate-PB000139-Well-D06-z5-MITO.ome.tiff	2342622	2026-03-25T10:02:41Z	-
expert-annotation/raw_images/Plate-PB000139-Well-D06-z5-PHAandWGA.ome.tiff	2341738	2026-03-25T10:02:41Z	-
expert-annotation/raw_images/Plate-PB000139-Well-D06-z5-SYTO.ome.tiff	2342006	2026-03-25T10:02:41Z	-
expert-annotation/raw_images/Plate-PB000139-Well-D06-z7-CONC.ome.tiff	2342622	2026-03-25T10:02:41Z	-
expert-annotation/raw_images/Plate-PB000139-Well-D06-z7-HOECHST.ome.tiff	2342418	2026-03-25T10:02:41Z	-
expert-annotation/raw_images/Plate-PB000139-Well-D06-z7-MITO.ome.tiff	2342622	2026-03-25T10:02:41Z	-
expert-annotation/raw_images/Plate-PB000139-Well-D06-z7-PHAandWGA.ome.tiff	2341738	2026-03-25T10:02:41Z	-
expert-annotation/raw_images/Plate-PB000139-Well-D06-z7-SYTO.ome.tiff	2342006	2026-03-25T10:02:41Z	-
expert-annotation/raw_images/Plate-PB000139-Well-D06-z9-CONC.ome.tiff	2342622	2026-03-25T10:02:41Z	-
expert-annotation/raw_images/Plate-PB000139-Well-D06-z9-HOECHST.ome.tiff	2342418	2026-03-25T10:02:41Z	-
expert-annotation/raw_images/Plate-PB000139-Well-D06-z9-MITO.ome.tiff	2342622	2026-03-25T10:02:41Z	-
expert-annotation/raw_images/Plate-PB000139-Well-D06-z9-PHAandWGA.ome.tiff	2341738	2026-03-25T10:02:41Z	-
expert-annotation/raw_images/Plate-PB000139-Well-D06-z9-SYTO.ome.tiff	2342006	2026-03-25T10:02:41Z	-
expert-annotation/raw_images/Plate-PB000139-Well-D11-z1-CONC.ome.tiff	2342622	2026-03-25T10:02:38Z	-
expert-annotation/raw_images/Plate-PB000139-Well-D11-z1-HOECHST.ome.tiff	2342418	2026-03-25T10:02:38Z	-
expert-annotation/raw_images/Plate-PB000139-Well-D11-z1-MITO.ome.tiff	2342628	2026-03-25T10:02:38Z	-
expert-annotation/raw_images/Plate-PB000139-Well-D11-z1-PHAandWGA.ome.tiff	2341744	2026-03-25T10:02:38Z	-
expert-annotation/raw_images/Plate-PB000139-Well-D11-z1-SYTO.ome.tiff	2342006	2026-03-25T10:02:38Z	-
expert-annotation/raw_images/Plate-PB000139-Well-D11-z11-CONC.ome.tiff	2342628	2026-03-25T10:02:39Z	-
expert-annotation/raw_images/Plate-PB000139-Well-D11-z11-HOECHST.ome.tiff	2342424	2026-03-25T10:02:39Z	-
expert-annotation/raw_images/Plate-PB000139-Well-D11-z11-MITO.ome.tiff	2342628	2026-03-25T10:02:39Z	-
expert-annotation/raw_images/Plate-PB000139-Well-D11-z11-PHAandWGA.ome.tiff	2341744	2026-03-25T10:02:39Z	-
expert-annotation/raw_images/Plate-PB000139-Well-D11-z11-SYTO.ome.tiff	2342012	2026-03-25T10:02:39Z	-
expert-annotation/raw_images/Plate-PB000139-Well-D11-z3-CONC.ome.tiff	2342622	2026-03-25T10:02:39Z	-
expert-annotation/raw_images/Plate-PB000139-Well-D11-z3-HOECHST.ome.tiff	2342418	2026-03-25T10:02:39Z	-
expert-annotation/raw_images/Plate-PB000139-Well-D11-z3-MITO.ome.tiff	2342628	2026-03-25T10:02:38Z	-
expert-annotation/raw_images/Plate-PB000139-Well-D11-z3-PHAandWGA.ome.tiff	2341744	2026-03-25T10:02:39Z	-
expert-annotation/raw_images/Plate-PB000139-Well-D11-z3-SYTO.ome.tiff	2342006	2026-03-25T10:02:39Z	-
expert-annotation/raw_images/Plate-PB000139-Well-D11-z5-CONC.ome.tiff	2342622	2026-03-25T10:02:39Z	-
expert-annotation/raw_images/Plate-PB000139-Well-D11-z5-HOECHST.ome.tiff	2342418	2026-03-25T10:02:39Z	-
expert-annotation/raw_images/Plate-PB000139-Well-D11-z5-MITO.ome.tiff	2342628	2026-03-25T10:02:39Z	-
expert-annotation/raw_images/Plate-PB000139-Well-D11-z5-PHAandWGA.ome.tiff	2341744	2026-03-25T10:02:39Z	-
expert-annotation/raw_images/Plate-PB000139-Well-D11-z5-SYTO.ome.tiff	2342006	2026-03-25T10:02:39Z	-
expert-annotation/raw_images/Plate-PB000139-Well-D11-z7-CONC.ome.tiff	2342622	2026-03-25T10:02:39Z	-
expert-annotation/raw_images/Plate-PB000139-Well-D11-z7-HOECHST.ome.tiff	2342418	2026-03-25T10:02:39Z	-
expert-annotation/raw_images/Plate-PB000139-Well-D11-z7-MITO.ome.tiff	2342628	2026-03-25T10:02:39Z	-
expert-annotation/raw_images/Plate-PB000139-Well-D11-z7-PHAandWGA.ome.tiff	2341744	2026-03-25T10:02:39Z	-
expert-annotation/raw_images/Plate-PB000139-Well-D11-z7-SYTO.ome.tiff	2342006	2026-03-25T10:02:39Z	-
expert-annotation/raw_images/Plate-PB000139-Well-D11-z9-CONC.ome.tiff	2342622	2026-03-25T10:02:39Z	-
expert-annotation/raw_images/Plate-PB000139-Well-D11-z9-HOECHST.ome.tiff	2342418	2026-03-25T10:02:39Z	-
expert-annotation/raw_images/Plate-PB000139-Well-D11-z9-MITO.ome.tiff	2342628	2026-03-25T10:02:39Z	-
expert-annotation/raw_images/Plate-PB000139-Well-D11-z9-PHAandWGA.ome.tiff	2341744	2026-03-25T10:02:39Z	-
expert-annotation/raw_images/Plate-PB000139-Well-D11-z9-SYTO.ome.tiff	2342006	2026-03-25T10:02:39Z	-
expert-annotation/raw_images/Plate-PB000139-Well-G08-z1-CONC.ome.tiff	2342622	2026-03-25T10:02:39Z	-
expert-annotation/raw_images/Plate-PB000139-Well-G08-z1-HOECHST.ome.tiff	2342418	2026-03-25T10:02:39Z	-
expert-annotation/raw_images/Plate-PB000139-Well-G08-z1-MITO.ome.tiff	2342622	2026-03-25T10:02:39Z	-
expert-annotation/raw_images/Plate-PB000139-Well-G08-z1-PHAandWGA.ome.tiff	2341738	2026-03-25T10:02:39Z	-
expert-annotation/raw_images/Plate-PB000139-Well-G08-z1-SYTO.ome.tiff	2342006	2026-03-25T10:02:39Z	-
expert-annotation/raw_images/Plate-PB000139-Well-G08-z11-CONC.ome.tiff	2342622	2026-03-25T10:02:39Z	-
expert-annotation/raw_images/Plate-PB000139-Well-G08-z11-HOECHST.ome.tiff	2342418	2026-03-25T10:02:39Z	-
expert-annotation/raw_images/Plate-PB000139-Well-G08-z11-MITO.ome.tiff	2342628	2026-03-25T10:02:39Z	-
expert-annotation/raw_images/Plate-PB000139-Well-G08-z11-PHAandWGA.ome.tiff	2341744	2026-03-25T10:02:39Z	-
expert-annotation/raw_images/Plate-PB000139-Well-G08-z11-SYTO.ome.tiff	2342006	2026-03-25T10:02:39Z	-
expert-annotation/raw_images/Plate-PB000139-Well-G08-z3-CONC.ome.tiff	2342622	2026-03-25T10:02:39Z	-
expert-annotation/raw_images/Plate-PB000139-Well-G08-z3-HOECHST.ome.tiff	2342418	2026-03-25T10:02:39Z	-
expert-annotation/raw_images/Plate-PB000139-Well-G08-z3-MITO.ome.tiff	2342622	2026-03-25T10:02:39Z	-
expert-annotation/raw_images/Plate-PB000139-Well-G08-z3-PHAandWGA.ome.tiff	2341738	2026-03-25T10:02:39Z	-
expert-annotation/raw_images/Plate-PB000139-Well-G08-z3-SYTO.ome.tiff	2342006	2026-03-25T10:02:39Z	-
expert-annotation/raw_images/Plate-PB000139-Well-G08-z5-CONC.ome.tiff	2342622	2026-03-25T10:02:39Z	-
expert-annotation/raw_images/Plate-PB000139-Well-G08-z5-HOECHST.ome.tiff	2342418	2026-03-25T10:02:39Z	-
expert-annotation/raw_images/Plate-PB000139-Well-G08-z5-MITO.ome.tiff	2342622	2026-03-25T10:02:39Z	-
expert-annotation/raw_images/Plate-PB000139-Well-G08-z5-PHAandWGA.ome.tiff	2341738	2026-03-25T10:02:39Z	-
expert-annotation/raw_images/Plate-PB000139-Well-G08-z5-SYTO.ome.tiff	2342006	2026-03-25T10:02:39Z	-
expert-annotation/raw_images/Plate-PB000139-Well-G08-z7-CONC.ome.tiff	2342622	2026-03-25T10:02:39Z	-
expert-annotation/raw_images/Plate-PB000139-Well-G08-z7-HOECHST.ome.tiff	2342418	2026-03-25T10:02:39Z	-
expert-annotation/raw_images/Plate-PB000139-Well-G08-z7-MITO.ome.tiff	2342622	2026-03-25T10:02:39Z	-
expert-annotation/raw_images/Plate-PB000139-Well-G08-z7-PHAandWGA.ome.tiff	2341738	2026-03-25T10:02:39Z	-
expert-annotation/raw_images/Plate-PB000139-Well-G08-z7-SYTO.ome.tiff	2342006	2026-03-25T10:02:39Z	-
expert-annotation/raw_images/Plate-PB000139-Well-G08-z9-CONC.ome.tiff	2342622	2026-03-25T10:02:39Z	-
expert-annotation/raw_images/Plate-PB000139-Well-G08-z9-HOECHST.ome.tiff	2342418	2026-03-25T10:02:39Z	-
expert-annotation/raw_images/Plate-PB000139-Well-G08-z9-MITO.ome.tiff	2342622	2026-03-25T10:02:39Z	-
expert-annotation/raw_images/Plate-PB000139-Well-G08-z9-PHAandWGA.ome.tiff	2341738	2026-03-25T10:02:39Z	-
expert-annotation/raw_images/Plate-PB000139-Well-G08-z9-SYTO.ome.tiff	2342006	2026-03-25T10:02:39Z	-
expert-annotation/raw_images/Plate-PB000139-Well-J06-z1-CONC.ome.tiff	2342622	2026-03-25T10:02:39Z	-
expert-annotation/raw_images/Plate-PB000139-Well-J06-z1-HOECHST.ome.tiff	2342418	2026-03-25T10:02:40Z	-
expert-annotation/raw_images/Plate-PB000139-Well-J06-z1-MITO.ome.tiff	2342622	2026-03-25T10:02:39Z	-
expert-annotation/raw_images/Plate-PB000139-Well-J06-z1-PHAandWGA.ome.tiff	2341738	2026-03-25T10:02:40Z	-
expert-annotation/raw_images/Plate-PB000139-Well-J06-z1-SYTO.ome.tiff	2342006	2026-03-25T10:02:39Z	-
expert-annotation/raw_images/Plate-PB000139-Well-J06-z11-CONC.ome.tiff	2342622	2026-03-25T10:02:40Z	-
expert-annotation/raw_images/Plate-PB000139-Well-J06-z11-HOECHST.ome.tiff	2342418	2026-03-25T10:02:40Z	-
expert-annotation/raw_images/Plate-PB000139-Well-J06-z11-MITO.ome.tiff	2342628	2026-03-25T10:02:40Z	-
expert-annotation/raw_images/Plate-PB000139-Well-J06-z11-PHAandWGA.ome.tiff	2341744	2026-03-25T10:02:40Z	-
expert-annotation/raw_images/Plate-PB000139-Well-J06-z11-SYTO.ome.tiff	2342006	2026-03-25T10:02:40Z	-
expert-annotation/raw_images/Plate-PB000139-Well-J06-z3-CONC.ome.tiff	2342622	2026-03-25T10:02:40Z	-
expert-annotation/raw_images/Plate-PB000139-Well-J06-z3-HOECHST.ome.tiff	2342418	2026-03-25T10:02:40Z	-
expert-annotation/raw_images/Plate-PB000139-Well-J06-z3-MITO.ome.tiff	2342622	2026-03-25T10:02:40Z	-
expert-annotation/raw_images/Plate-PB000139-Well-J06-z3-PHAandWGA.ome.tiff	2341738	2026-03-25T10:02:40Z	-
expert-annotation/raw_images/Plate-PB000139-Well-J06-z3-SYTO.ome.tiff	2342006	2026-03-25T10:02:40Z	-
expert-annotation/raw_images/Plate-PB000139-Well-J06-z5-CONC.ome.tiff	2342622	2026-03-25T10:02:40Z	-
expert-annotation/raw_images/Plate-PB000139-Well-J06-z5-HOECHST.ome.tiff	2342418	2026-03-25T10:02:40Z	-
expert-annotation/raw_images/Plate-PB000139-Well-J06-z5-MITO.ome.tiff	2342622	2026-03-25T10:02:40Z	-
expert-annotation/raw_images/Plate-PB000139-Well-J06-z5-PHAandWGA.ome.tiff	2341738	2026-03-25T10:02:40Z	-
expert-annotation/raw_images/Plate-PB000139-Well-J06-z5-SYTO.ome.tiff	2342006	2026-03-25T10:02:40Z	-
expert-annotation/raw_images/Plate-PB000139-Well-J06-z7-CONC.ome.tiff	2342622	2026-03-25T10:02:40Z	-
expert-annotation/raw_images/Plate-PB000139-Well-J06-z7-HOECHST.ome.tiff	2342418	2026-03-25T10:02:40Z	-
expert-annotation/raw_images/Plate-PB000139-Well-J06-z7-MITO.ome.tiff	2342622	2026-03-25T10:02:40Z	-
expert-annotation/raw_images/Plate-PB000139-Well-J06-z7-PHAandWGA.ome.tiff	2341738	2026-03-25T10:02:40Z	-
expert-annotation/raw_images/Plate-PB000139-Well-J06-z7-SYTO.ome.tiff	2342006	2026-03-25T10:02:40Z	-
expert-annotation/raw_images/Plate-PB000139-Well-J06-z9-CONC.ome.tiff	2342622	2026-03-25T10:02:40Z	-
expert-annotation/raw_images/Plate-PB000139-Well-J06-z9-HOECHST.ome.tiff	2342418	2026-03-25T10:02:40Z	-
expert-annotation/raw_images/Plate-PB000139-Well-J06-z9-MITO.ome.tiff	2342622	2026-03-25T10:02:40Z	-
expert-annotation/raw_images/Plate-PB000139-Well-J06-z9-PHAandWGA.ome.tiff	2341738	2026-03-25T10:02:40Z	-
expert-annotation/raw_images/Plate-PB000139-Well-J06-z9-SYTO.ome.tiff	2342006	2026-03-25T10:02:40Z	-
expert-annotation/raw_images/Plate-PB000139-Well-J15-z1-CONC.ome.tiff	2342622	2026-03-25T10:02:40Z	-
expert-annotation/raw_images/Plate-PB000139-Well-J15-z1-HOECHST.ome.tiff	2342418	2026-03-25T10:02:40Z	-
expert-annotation/raw_images/Plate-PB000139-Well-J15-z1-MITO.ome.tiff	2342628	2026-03-25T10:02:40Z	-
expert-annotation/raw_images/Plate-PB000139-Well-J15-z1-PHAandWGA.ome.tiff	2341744	2026-03-25T10:02:40Z	-
expert-annotation/raw_images/Plate-PB000139-Well-J15-z1-SYTO.ome.tiff	2342006	2026-03-25T10:02:40Z	-
expert-annotation/raw_images/Plate-PB000139-Well-J15-z11-CONC.ome.tiff	2342628	2026-03-25T10:02:41Z	-
expert-annotation/raw_images/Plate-PB000139-Well-J15-z11-HOECHST.ome.tiff	2342424	2026-03-25T10:02:41Z	-
expert-annotation/raw_images/Plate-PB000139-Well-J15-z11-MITO.ome.tiff	2342628	2026-03-25T10:02:40Z	-
expert-annotation/raw_images/Plate-PB000139-Well-J15-z11-PHAandWGA.ome.tiff	2341744	2026-03-25T10:02:41Z	-
expert-annotation/raw_images/Plate-PB000139-Well-J15-z11-SYTO.ome.tiff	2342012	2026-03-25T10:02:40Z	-
expert-annotation/raw_images/Plate-PB000139-Well-J15-z3-CONC.ome.tiff	2342622	2026-03-25T10:02:40Z	-
expert-annotation/raw_images/Plate-PB000139-Well-J15-z3-HOECHST.ome.tiff	2342418	2026-03-25T10:02:40Z	-
expert-annotation/raw_images/Plate-PB000139-Well-J15-z3-MITO.ome.tiff	2342628	2026-03-25T10:02:40Z	-
expert-annotation/raw_images/Plate-PB000139-Well-J15-z3-PHAandWGA.ome.tiff	2341744	2026-03-25T10:02:40Z	-
expert-annotation/raw_images/Plate-PB000139-Well-J15-z3-SYTO.ome.tiff	2342006	2026-03-25T10:02:40Z	-
expert-annotation/raw_images/Plate-PB000139-Well-J15-z5-CONC.ome.tiff	2342622	2026-03-25T10:02:40Z	-
expert-annotation/raw_images/Plate-PB000139-Well-J15-z5-HOECHST.ome.tiff	2342418	2026-03-25T10:02:40Z	-
expert-annotation/raw_images/Plate-PB000139-Well-J15-z5-MITO.ome.tiff	2342628	2026-03-25T10:02:40Z	-
expert-annotation/raw_images/Plate-PB000139-Well-J15-z5-PHAandWGA.ome.tiff	2341744	2026-03-25T10:02:40Z	-
expert-annotation/raw_images/Plate-PB000139-Well-J15-z5-SYTO.ome.tiff	2342006	2026-03-25T10:02:40Z	-
expert-annotation/raw_images/Plate-PB000139-Well-J15-z7-CONC.ome.tiff	2342622	2026-03-25T10:02:40Z	-
expert-annotation/raw_images/Plate-PB000139-Well-J15-z7-HOECHST.ome.tiff	2342418	2026-03-25T10:02:40Z	-
expert-annotation/raw_images/Plate-PB000139-Well-J15-z7-MITO.ome.tiff	2342628	2026-03-25T10:02:40Z	-
expert-annotation/raw_images/Plate-PB000139-Well-J15-z7-PHAandWGA.ome.tiff	2341744	2026-03-25T10:02:40Z	-
expert-annotation/raw_images/Plate-PB000139-Well-J15-z7-SYTO.ome.tiff	2342006	2026-03-25T10:02:40Z	-
expert-annotation/raw_images/Plate-PB000139-Well-J15-z9-CONC.ome.tiff	2342622	2026-03-25T10:02:40Z	-
expert-annotation/raw_images/Plate-PB000139-Well-J15-z9-HOECHST.ome.tiff	2342418	2026-03-25T10:02:40Z	-
expert-annotation/raw_images/Plate-PB000139-Well-J15-z9-MITO.ome.tiff	2342628	2026-03-25T10:02:40Z	-
expert-annotation/raw_images/Plate-PB000139-Well-J15-z9-PHAandWGA.ome.tiff	2341744	2026-03-25T10:02:40Z	-
expert-annotation/raw_images/Plate-PB000139-Well-J15-z9-SYTO.ome.tiff	2342006	2026-03-25T10:02:40Z	-
expert-annotation/raw_images/Plate-PB000140-Well-B14-z1-CONC.ome.tiff	2342624	2026-03-25T10:02:44Z	-
expert-annotation/raw_images/Plate-PB000140-Well-B14-z1-HOECHST.ome.tiff	2342420	2026-03-25T10:02:44Z	-
expert-annotation/raw_images/Plate-PB000140-Well-B14-z1-MITO.ome.tiff	2342630	2026-03-25T10:02:44Z	-
expert-annotation/raw_images/Plate-PB000140-Well-B14-z1-PHAandWGA.ome.tiff	2341746	2026-03-25T10:02:44Z	-
expert-annotation/raw_images/Plate-PB000140-Well-B14-z1-SYTO.ome.tiff	2342008	2026-03-25T10:02:44Z	-
expert-annotation/raw_images/Plate-PB000140-Well-B14-z11-CONC.ome.tiff	2342630	2026-03-25T10:02:44Z	-
expert-annotation/raw_images/Plate-PB000140-Well-B14-z11-HOECHST.ome.tiff	2342426	2026-03-25T10:02:44Z	-
expert-annotation/raw_images/Plate-PB000140-Well-B14-z11-MITO.ome.tiff	2342630	2026-03-25T10:02:44Z	-
expert-annotation/raw_images/Plate-PB000140-Well-B14-z11-PHAandWGA.ome.tiff	2341746	2026-03-25T10:02:44Z	-
expert-annotation/raw_images/Plate-PB000140-Well-B14-z11-SYTO.ome.tiff	2342014	2026-03-25T10:02:44Z	-
expert-annotation/raw_images/Plate-PB000140-Well-B14-z3-CONC.ome.tiff	2342624	2026-03-25T10:02:44Z	-
expert-annotation/raw_images/Plate-PB000140-Well-B14-z3-HOECHST.ome.tiff	2342420	2026-03-25T10:02:44Z	-
expert-annotation/raw_images/Plate-PB000140-Well-B14-z3-MITO.ome.tiff	2342630	2026-03-25T10:02:44Z	-
expert-annotation/raw_images/Plate-PB000140-Well-B14-z3-PHAandWGA.ome.tiff	2341746	2026-03-25T10:02:44Z	-
expert-annotation/raw_images/Plate-PB000140-Well-B14-z3-SYTO.ome.tiff	2342008	2026-03-25T10:02:44Z	-
expert-annotation/raw_images/Plate-PB000140-Well-B14-z5-CONC.ome.tiff	2342624	2026-03-25T10:02:44Z	-
expert-annotation/raw_images/Plate-PB000140-Well-B14-z5-HOECHST.ome.tiff	2342420	2026-03-25T10:02:44Z	-
expert-annotation/raw_images/Plate-PB000140-Well-B14-z5-MITO.ome.tiff	2342630	2026-03-25T10:02:44Z	-
expert-annotation/raw_images/Plate-PB000140-Well-B14-z5-PHAandWGA.ome.tiff	2341746	2026-03-25T10:02:44Z	-
expert-annotation/raw_images/Plate-PB000140-Well-B14-z5-SYTO.ome.tiff	2342008	2026-03-25T10:02:44Z	-
expert-annotation/raw_images/Plate-PB000140-Well-B14-z7-CONC.ome.tiff	2342624	2026-03-25T10:02:44Z	-
expert-annotation/raw_images/Plate-PB000140-Well-B14-z7-HOECHST.ome.tiff	2342420	2026-03-25T10:02:44Z	-
expert-annotation/raw_images/Plate-PB000140-Well-B14-z7-MITO.ome.tiff	2342630	2026-03-25T10:02:44Z	-
expert-annotation/raw_images/Plate-PB000140-Well-B14-z7-PHAandWGA.ome.tiff	2341746	2026-03-25T10:02:44Z	-
expert-annotation/raw_images/Plate-PB000140-Well-B14-z7-SYTO.ome.tiff	2342008	2026-03-25T10:02:44Z	-
expert-annotation/raw_images/Plate-PB000140-Well-B14-z9-CONC.ome.tiff	2342624	2026-03-25T10:02:44Z	-
expert-annotation/raw_images/Plate-PB000140-Well-B14-z9-HOECHST.ome.tiff	2342420	2026-03-25T10:02:44Z	-
expert-annotation/raw_images/Plate-PB000140-Well-B14-z9-MITO.ome.tiff	2342630	2026-03-25T10:02:44Z	-
expert-annotation/raw_images/Plate-PB000140-Well-B14-z9-PHAandWGA.ome.tiff	2341746	2026-03-25T10:02:44Z	-
expert-annotation/raw_images/Plate-PB000140-Well-B14-z9-SYTO.ome.tiff	2342008	2026-03-25T10:02:44Z	-
expert-annotation/raw_images/Plate-PB000140-Well-C23-z1-CONC.ome.tiff	2342624	2026-03-25T10:02:42Z	-
expert-annotation/raw_images/Plate-PB000140-Well-C23-z1-HOECHST.ome.tiff	2342420	2026-03-25T10:02:42Z	-
expert-annotation/raw_images/Plate-PB000140-Well-C23-z1-MITO.ome.tiff	2342630	2026-03-25T10:02:42Z	-
expert-annotation/raw_images/Plate-PB000140-Well-C23-z1-PHAandWGA.ome.tiff	2341746	2026-03-25T10:02:42Z	-
expert-annotation/raw_images/Plate-PB000140-Well-C23-z1-SYTO.ome.tiff	2342008	2026-03-25T10:02:42Z	-
expert-annotation/raw_images/Plate-PB000140-Well-C23-z11-CONC.ome.tiff	2342630	2026-03-25T10:02:43Z	-
expert-annotation/raw_images/Plate-PB000140-Well-C23-z11-HOECHST.ome.tiff	2342426	2026-03-25T10:02:43Z	-
expert-annotation/raw_images/Plate-PB000140-Well-C23-z11-MITO.ome.tiff	2342630	2026-03-25T10:02:43Z	-
expert-annotation/raw_images/Plate-PB000140-Well-C23-z11-PHAandWGA.ome.tiff	2341746	2026-03-25T10:02:43Z	-
expert-annotation/raw_images/Plate-PB000140-Well-C23-z11-SYTO.ome.tiff	2342014	2026-03-25T10:02:43Z	-
expert-annotation/raw_images/Plate-PB000140-Well-C23-z3-CONC.ome.tiff	2342624	2026-03-25T10:02:42Z	-
expert-annotation/raw_images/Plate-PB000140-Well-C23-z3-HOECHST.ome.tiff	2342420	2026-03-25T10:02:42Z	-
expert-annotation/raw_images/Plate-PB000140-Well-C23-z3-MITO.ome.tiff	2342630	2026-03-25T10:02:42Z	-
expert-annotation/raw_images/Plate-PB000140-Well-C23-z3-PHAandWGA.ome.tiff	2341746	2026-03-25T10:02:42Z	-
expert-annotation/raw_images/Plate-PB000140-Well-C23-z3-SYTO.ome.tiff	2342008	2026-03-25T10:02:42Z	-
expert-annotation/raw_images/Plate-PB000140-Well-C23-z5-CONC.ome.tiff	2342624	2026-03-25T10:02:42Z	-
expert-annotation/raw_images/Plate-PB000140-Well-C23-z5-HOECHST.ome.tiff	2342420	2026-03-25T10:02:42Z	-
expert-annotation/raw_images/Plate-PB000140-Well-C23-z5-MITO.ome.tiff	2342630	2026-03-25T10:02:42Z	-
expert-annotation/raw_images/Plate-PB000140-Well-C23-z5-PHAandWGA.ome.tiff	2341746	2026-03-25T10:02:42Z	-
expert-annotation/raw_images/Plate-PB000140-Well-C23-z5-SYTO.ome.tiff	2342008	2026-03-25T10:02:42Z	-
expert-annotation/raw_images/Plate-PB000140-Well-C23-z7-CONC.ome.tiff	2342624	2026-03-25T10:02:42Z	-
expert-annotation/raw_images/Plate-PB000140-Well-C23-z7-HOECHST.ome.tiff	2342420	2026-03-25T10:02:43Z	-
expert-annotation/raw_images/Plate-PB000140-Well-C23-z7-MITO.ome.tiff	2342630	2026-03-25T10:02:42Z	-
expert-annotation/raw_images/Plate-PB000140-Well-C23-z7-PHAandWGA.ome.tiff	2341746	2026-03-25T10:02:43Z	-
expert-annotation/raw_images/Plate-PB000140-Well-C23-z7-SYTO.ome.tiff	2342008	2026-03-25T10:02:42Z	-
expert-annotation/raw_images/Plate-PB000140-Well-C23-z9-CONC.ome.tiff	2342624	2026-03-25T10:02:43Z	-
expert-annotation/raw_images/Plate-PB000140-Well-C23-z9-HOECHST.ome.tiff	2342420	2026-03-25T10:02:43Z	-
expert-annotation/raw_images/Plate-PB000140-Well-C23-z9-MITO.ome.tiff	2342630	2026-03-25T10:02:43Z	-
expert-annotation/raw_images/Plate-PB000140-Well-C23-z9-PHAandWGA.ome.tiff	2341746	2026-03-25T10:02:43Z	-
expert-annotation/raw_images/Plate-PB000140-Well-C23-z9-SYTO.ome.tiff	2342008	2026-03-25T10:02:43Z	-
expert-annotation/raw_images/Plate-PB000140-Well-D22-z1-CONC.ome.tiff	2342624	2026-03-25T10:02:43Z	-
expert-annotation/raw_images/Plate-PB000140-Well-D22-z1-HOECHST.ome.tiff	2342420	2026-03-25T10:02:43Z	-
expert-annotation/raw_images/Plate-PB000140-Well-D22-z1-MITO.ome.tiff	2342630	2026-03-25T10:02:43Z	-
expert-annotation/raw_images/Plate-PB000140-Well-D22-z1-PHAandWGA.ome.tiff	2341746	2026-03-25T10:02:43Z	-
expert-annotation/raw_images/Plate-PB000140-Well-D22-z1-SYTO.ome.tiff	2342008	2026-03-25T10:02:43Z	-
expert-annotation/raw_images/Plate-PB000140-Well-D22-z11-CONC.ome.tiff	2342630	2026-03-25T10:02:43Z	-
expert-annotation/raw_images/Plate-PB000140-Well-D22-z11-HOECHST.ome.tiff	2342426	2026-03-25T10:02:43Z	-
expert-annotation/raw_images/Plate-PB000140-Well-D22-z11-MITO.ome.tiff	2342630	2026-03-25T10:02:43Z	-
expert-annotation/raw_images/Plate-PB000140-Well-D22-z11-PHAandWGA.ome.tiff	2341746	2026-03-25T10:02:43Z	-
expert-annotation/raw_images/Plate-PB000140-Well-D22-z11-SYTO.ome.tiff	2342014	2026-03-25T10:02:43Z	-
expert-annotation/raw_images/Plate-PB000140-Well-D22-z3-CONC.ome.tiff	2342624	2026-03-25T10:02:43Z	-
expert-annotation/raw_images/Plate-PB000140-Well-D22-z3-HOECHST.ome.tiff	2342420	2026-03-25T10:02:43Z	-
expert-annotation/raw_images/Plate-PB000140-Well-D22-z3-MITO.ome.tiff	2342630	2026-03-25T10:02:43Z	-
expert-annotation/raw_images/Plate-PB000140-Well-D22-z3-PHAandWGA.ome.tiff	2341746	2026-03-25T10:02:43Z	-
expert-annotation/raw_images/Plate-PB000140-Well-D22-z3-SYTO.ome.tiff	2342008	2026-03-25T10:02:43Z	-
expert-annotation/raw_images/Plate-PB000140-Well-D22-z5-CONC.ome.tiff	2342624	2026-03-25T10:02:43Z	-
expert-annotation/raw_images/Plate-PB000140-Well-D22-z5-HOECHST.ome.tiff	2342420	2026-03-25T10:02:43Z	-
expert-annotation/raw_images/Plate-PB000140-Well-D22-z5-MITO.ome.tiff	2342630	2026-03-25T10:02:43Z	-
expert-annotation/raw_images/Plate-PB000140-Well-D22-z5-PHAandWGA.ome.tiff	2341746	2026-03-25T10:02:43Z	-
expert-annotation/raw_images/Plate-PB000140-Well-D22-z5-SYTO.ome.tiff	2342008	2026-03-25T10:02:43Z	-
expert-annotation/raw_images/Plate-PB000140-Well-D22-z7-CONC.ome.tiff	2342624	2026-03-25T10:02:43Z	-
expert-annotation/raw_images/Plate-PB000140-Well-D22-z7-HOECHST.ome.tiff	2342420	2026-03-25T10:02:43Z	-
expert-annotation/raw_images/Plate-PB000140-Well-D22-z7-MITO.ome.tiff	2342630	2026-03-25T10:02:43Z	-
expert-annotation/raw_images/Plate-PB000140-Well-D22-z7-PHAandWGA.ome.tiff	2341746	2026-03-25T10:02:43Z	-
expert-annotation/raw_images/Plate-PB000140-Well-D22-z7-SYTO.ome.tiff	2342008	2026-03-25T10:02:43Z	-
expert-annotation/raw_images/Plate-PB000140-Well-D22-z9-CONC.ome.tiff	2342624	2026-03-25T10:02:43Z	-
expert-annotation/raw_images/Plate-PB000140-Well-D22-z9-HOECHST.ome.tiff	2342420	2026-03-25T10:02:43Z	-
expert-annotation/raw_images/Plate-PB000140-Well-D22-z9-MITO.ome.tiff	2342630	2026-03-25T10:02:43Z	-
expert-annotation/raw_images/Plate-PB000140-Well-D22-z9-PHAandWGA.ome.tiff	2341746	2026-03-25T10:02:43Z	-
expert-annotation/raw_images/Plate-PB000140-Well-D22-z9-SYTO.ome.tiff	2342008	2026-03-25T10:02:43Z	-
expert-annotation/raw_images/Plate-PB000140-Well-G05-z1-CONC.ome.tiff	2342624	2026-03-25T10:02:41Z	-
expert-annotation/raw_images/Plate-PB000140-Well-G05-z1-HOECHST.ome.tiff	2342420	2026-03-25T10:02:41Z	-
expert-annotation/raw_images/Plate-PB000140-Well-G05-z1-MITO.ome.tiff	2342624	2026-03-25T10:02:41Z	-
expert-annotation/raw_images/Plate-PB000140-Well-G05-z1-PHAandWGA.ome.tiff	2341740	2026-03-25T10:02:41Z	-
expert-annotation/raw_images/Plate-PB000140-Well-G05-z1-SYTO.ome.tiff	2342008	2026-03-25T10:02:41Z	-
expert-annotation/raw_images/Plate-PB000140-Well-G05-z11-CONC.ome.tiff	2342624	2026-03-25T10:02:42Z	-
expert-annotation/raw_images/Plate-PB000140-Well-G05-z11-HOECHST.ome.tiff	2342420	2026-03-25T10:02:42Z	-
expert-annotation/raw_images/Plate-PB000140-Well-G05-z11-MITO.ome.tiff	2342630	2026-03-25T10:02:42Z	-
expert-annotation/raw_images/Plate-PB000140-Well-G05-z11-PHAandWGA.ome.tiff	2341746	2026-03-25T10:02:42Z	-
expert-annotation/raw_images/Plate-PB000140-Well-G05-z11-SYTO.ome.tiff	2342008	2026-03-25T10:02:42Z	-
expert-annotation/raw_images/Plate-PB000140-Well-G05-z3-CONC.ome.tiff	2342624	2026-03-25T10:02:41Z	-
expert-annotation/raw_images/Plate-PB000140-Well-G05-z3-HOECHST.ome.tiff	2342420	2026-03-25T10:02:41Z	-
expert-annotation/raw_images/Plate-PB000140-Well-G05-z3-MITO.ome.tiff	2342624	2026-03-25T10:02:41Z	-
expert-annotation/raw_images/Plate-PB000140-Well-G05-z3-PHAandWGA.ome.tiff	2341740	2026-03-25T10:02:41Z	-
expert-annotation/raw_images/Plate-PB000140-Well-G05-z3-SYTO.ome.tiff	2342008	2026-03-25T10:02:41Z	-
expert-annotation/raw_images/Plate-PB000140-Well-G05-z5-CONC.ome.tiff	2342624	2026-03-25T10:02:41Z	-
expert-annotation/raw_images/Plate-PB000140-Well-G05-z5-HOECHST.ome.tiff	2342420	2026-03-25T10:02:41Z	-
expert-annotation/raw_images/Plate-PB000140-Well-G05-z5-MITO.ome.tiff	2342624	2026-03-25T10:02:41Z	-
expert-annotation/raw_images/Plate-PB000140-Well-G05-z5-PHAandWGA.ome.tiff	2341740	2026-03-25T10:02:41Z	-
expert-annotation/raw_images/Plate-PB000140-Well-G05-z5-SYTO.ome.tiff	2342008	2026-03-25T10:02:41Z	-
expert-annotation/raw_images/Plate-PB000140-Well-G05-z7-CONC.ome.tiff	2342624	2026-03-25T10:02:41Z	-
expert-annotation/raw_images/Plate-PB000140-Well-G05-z7-HOECHST.ome.tiff	2342420	2026-03-25T10:02:41Z	-
expert-annotation/raw_images/Plate-PB000140-Well-G05-z7-MITO.ome.tiff	2342624	2026-03-25T10:02:41Z	-
expert-annotation/raw_images/Plate-PB000140-Well-G05-z7-PHAandWGA.ome.tiff	2341740	2026-03-25T10:02:41Z	-
expert-annotation/raw_images/Plate-PB000140-Well-G05-z7-SYTO.ome.tiff	2342008	2026-03-25T10:02:41Z	-
expert-annotation/raw_images/Plate-PB000140-Well-G05-z9-CONC.ome.tiff	2342624	2026-03-25T10:02:42Z	-
expert-annotation/raw_images/Plate-PB000140-Well-G05-z9-HOECHST.ome.tiff	2342420	2026-03-25T10:02:42Z	-
expert-annotation/raw_images/Plate-PB000140-Well-G05-z9-MITO.ome.tiff	2342624	2026-03-25T10:02:41Z	-
expert-annotation/raw_images/Plate-PB000140-Well-G05-z9-PHAandWGA.ome.tiff	2341740	2026-03-25T10:02:42Z	-
expert-annotation/raw_images/Plate-PB000140-Well-G05-z9-SYTO.ome.tiff	2342008	2026-03-25T10:02:42Z	-
expert-annotation/raw_images/Plate-PB000140-Well-G08-z1-CONC.ome.tiff	2342624	2026-03-25T10:02:42Z	-
expert-annotation/raw_images/Plate-PB000140-Well-G08-z1-HOECHST.ome.tiff	2342420	2026-03-25T10:02:42Z	-
expert-annotation/raw_images/Plate-PB000140-Well-G08-z1-MITO.ome.tiff	2342624	2026-03-25T10:02:42Z	-
expert-annotation/raw_images/Plate-PB000140-Well-G08-z1-PHAandWGA.ome.tiff	2341740	2026-03-25T10:02:42Z	-
expert-annotation/raw_images/Plate-PB000140-Well-G08-z1-SYTO.ome.tiff	2342008	2026-03-25T10:02:42Z	-
expert-annotation/raw_images/Plate-PB000140-Well-G08-z11-CONC.ome.tiff	2342624	2026-03-25T10:02:42Z	-
expert-annotation/raw_images/Plate-PB000140-Well-G08-z11-HOECHST.ome.tiff	2342420	2026-03-25T10:02:42Z	-
expert-annotation/raw_images/Plate-PB000140-Well-G08-z11-MITO.ome.tiff	2342630	2026-03-25T10:02:42Z	-
expert-annotation/raw_images/Plate-PB000140-Well-G08-z11-PHAandWGA.ome.tiff	2341746	2026-03-25T10:02:42Z	-
expert-annotation/raw_images/Plate-PB000140-Well-G08-z11-SYTO.ome.tiff	2342008	2026-03-25T10:02:42Z	-
expert-annotation/raw_images/Plate-PB000140-Well-G08-z3-CONC.ome.tiff	2342624	2026-03-25T10:02:42Z	-
expert-annotation/raw_images/Plate-PB000140-Well-G08-z3-HOECHST.ome.tiff	2342420	2026-03-25T10:02:42Z	-
expert-annotation/raw_images/Plate-PB000140-Well-G08-z3-MITO.ome.tiff	2342624	2026-03-25T10:02:42Z	-
expert-annotation/raw_images/Plate-PB000140-Well-G08-z3-PHAandWGA.ome.tiff	2341740	2026-03-25T10:02:42Z	-
expert-annotation/raw_images/Plate-PB000140-Well-G08-z3-SYTO.ome.tiff	2342008	2026-03-25T10:02:42Z	-
expert-annotation/raw_images/Plate-PB000140-Well-G08-z5-CONC.ome.tiff	2342624	2026-03-25T10:02:42Z	-
expert-annotation/raw_images/Plate-PB000140-Well-G08-z5-HOECHST.ome.tiff	2342420	2026-03-25T10:02:42Z	-
expert-annotation/raw_images/Plate-PB000140-Well-G08-z5-MITO.ome.tiff	2342624	2026-03-25T10:02:42Z	-
expert-annotation/raw_images/Plate-PB000140-Well-G08-z5-PHAandWGA.ome.tiff	2341740	2026-03-25T10:02:42Z	-
expert-annotation/raw_images/Plate-PB000140-Well-G08-z5-SYTO.ome.tiff	2342008	2026-03-25T10:02:42Z	-
expert-annotation/raw_images/Plate-PB000140-Well-G08-z7-CONC.ome.tiff	2342624	2026-03-25T10:02:42Z	-
expert-annotation/raw_images/Plate-PB000140-Well-G08-z7-HOECHST.ome.tiff	2342420	2026-03-25T10:02:42Z	-
expert-annotation/raw_images/Plate-PB000140-Well-G08-z7-MITO.ome.tiff	2342624	2026-03-25T10:02:42Z	-
expert-annotation/raw_images/Plate-PB000140-Well-G08-z7-PHAandWGA.ome.tiff	2341740	2026-03-25T10:02:42Z	-
expert-annotation/raw_images/Plate-PB000140-Well-G08-z7-SYTO.ome.tiff	2342008	2026-03-25T10:02:42Z	-
expert-annotation/raw_images/Plate-PB000140-Well-G08-z9-CONC.ome.tiff	2342624	2026-03-25T10:02:42Z	-
expert-annotation/raw_images/Plate-PB000140-Well-G08-z9-HOECHST.ome.tiff	2342420	2026-03-25T10:02:42Z	-
expert-annotation/raw_images/Plate-PB000140-Well-G08-z9-MITO.ome.tiff	2342624	2026-03-25T10:02:42Z	-
expert-annotation/raw_images/Plate-PB000140-Well-G08-z9-PHAandWGA.ome.tiff	2341740	2026-03-25T10:02:42Z	-
expert-annotation/raw_images/Plate-PB000140-Well-G08-z9-SYTO.ome.tiff	2342008	2026-03-25T10:02:42Z	-
expert-annotation/raw_images/Plate-PB000140-Well-G19-z1-CONC.ome.tiff	2342624	2026-03-25T10:02:44Z	-
expert-annotation/raw_images/Plate-PB000140-Well-G19-z1-HOECHST.ome.tiff	2342420	2026-03-25T10:02:44Z	-
expert-annotation/raw_images/Plate-PB000140-Well-G19-z1-MITO.ome.tiff	2342630	2026-03-25T10:02:44Z	-
expert-annotation/raw_images/Plate-PB000140-Well-G19-z1-PHAandWGA.ome.tiff	2341746	2026-03-25T10:02:44Z	-
expert-annotation/raw_images/Plate-PB000140-Well-G19-z1-SYTO.ome.tiff	2342008	2026-03-25T10:02:44Z	-
expert-annotation/raw_images/Plate-PB000140-Well-G19-z11-CONC.ome.tiff	2342630	2026-03-25T10:02:44Z	-
expert-annotation/raw_images/Plate-PB000140-Well-G19-z11-HOECHST.ome.tiff	2342426	2026-03-25T10:02:44Z	-
expert-annotation/raw_images/Plate-PB000140-Well-G19-z11-MITO.ome.tiff	2342630	2026-03-25T10:02:44Z	-
expert-annotation/raw_images/Plate-PB000140-Well-G19-z11-PHAandWGA.ome.tiff	2341746	2026-03-25T10:02:44Z	-
expert-annotation/raw_images/Plate-PB000140-Well-G19-z11-SYTO.ome.tiff	2342014	2026-03-25T10:02:44Z	-
expert-annotation/raw_images/Plate-PB000140-Well-G19-z3-CONC.ome.tiff	2342316	2026-03-25T10:02:44Z	-
expert-annotation/raw_images/Plate-PB000140-Well-G19-z3-HOECHST.ome.tiff	2342420	2026-03-25T10:02:44Z	-
expert-annotation/raw_images/Plate-PB000140-Well-G19-z3-MITO.ome.tiff	2342630	2026-03-25T10:02:44Z	-
expert-annotation/raw_images/Plate-PB000140-Well-G19-z3-PHAandWGA.ome.tiff	2341746	2026-03-25T10:02:44Z	-
expert-annotation/raw_images/Plate-PB000140-Well-G19-z3-SYTO.ome.tiff	2342008	2026-03-25T10:02:44Z	-
expert-annotation/raw_images/Plate-PB000140-Well-G19-z5-CONC.ome.tiff	2342624	2026-03-25T10:02:44Z	-
expert-annotation/raw_images/Plate-PB000140-Well-G19-z5-HOECHST.ome.tiff	2342420	2026-03-25T10:02:44Z	-
expert-annotation/raw_images/Plate-PB000140-Well-G19-z5-MITO.ome.tiff	2342630	2026-03-25T10:02:44Z	-
expert-annotation/raw_images/Plate-PB000140-Well-G19-z5-PHAandWGA.ome.tiff	2341746	2026-03-25T10:02:44Z	-
expert-annotation/raw_images/Plate-PB000140-Well-G19-z5-SYTO.ome.tiff	2342008	2026-03-25T10:02:44Z	-
expert-annotation/raw_images/Plate-PB000140-Well-G19-z7-CONC.ome.tiff	2342624	2026-03-25T10:02:44Z	-
expert-annotation/raw_images/Plate-PB000140-Well-G19-z7-HOECHST.ome.tiff	2342420	2026-03-25T10:02:44Z	-
expert-annotation/raw_images/Plate-PB000140-Well-G19-z7-MITO.ome.tiff	2342630	2026-03-25T10:02:44Z	-
expert-annotation/raw_images/Plate-PB000140-Well-G19-z7-PHAandWGA.ome.tiff	2341746	2026-03-25T10:02:44Z	-
expert-annotation/raw_images/Plate-PB000140-Well-G19-z7-SYTO.ome.tiff	2342008	2026-03-25T10:02:44Z	-
expert-annotation/raw_images/Plate-PB000140-Well-G19-z9-CONC.ome.tiff	2342624	2026-03-25T10:02:44Z	-
expert-annotation/raw_images/Plate-PB000140-Well-G19-z9-HOECHST.ome.tiff	2342420	2026-03-25T10:02:44Z	-
expert-annotation/raw_images/Plate-PB000140-Well-G19-z9-MITO.ome.tiff	2342630	2026-03-25T10:02:44Z	-
expert-annotation/raw_images/Plate-PB000140-Well-G19-z9-PHAandWGA.ome.tiff	2341746	2026-03-25T10:02:44Z	-
expert-annotation/raw_images/Plate-PB000140-Well-G19-z9-SYTO.ome.tiff	2342008	2026-03-25T10:02:44Z	-
expert-annotation/raw_images/Plate-PB000140-Well-H23-z1-CONC.ome.tiff	2342624	2026-03-25T10:02:45Z	-
expert-annotation/raw_images/Plate-PB000140-Well-H23-z1-HOECHST.ome.tiff	2342420	2026-03-25T10:02:45Z	-
expert-annotation/raw_images/Plate-PB000140-Well-H23-z1-MITO.ome.tiff	2342630	2026-03-25T10:02:45Z	-
expert-annotation/raw_images/Plate-PB000140-Well-H23-z1-PHAandWGA.ome.tiff	2341746	2026-03-25T10:02:45Z	-
expert-annotation/raw_images/Plate-PB000140-Well-H23-z1-SYTO.ome.tiff	2342008	2026-03-25T10:02:45Z	-
expert-annotation/raw_images/Plate-PB000140-Well-H23-z11-CONC.ome.tiff	2342630	2026-03-25T10:02:45Z	-
expert-annotation/raw_images/Plate-PB000140-Well-H23-z11-HOECHST.ome.tiff	2342426	2026-03-25T10:02:45Z	-
expert-annotation/raw_images/Plate-PB000140-Well-H23-z11-MITO.ome.tiff	2342630	2026-03-25T10:02:45Z	-
expert-annotation/raw_images/Plate-PB000140-Well-H23-z11-PHAandWGA.ome.tiff	2341746	2026-03-25T10:02:45Z	-
expert-annotation/raw_images/Plate-PB000140-Well-H23-z11-SYTO.ome.tiff	2342014	2026-03-25T10:02:45Z	-
expert-annotation/raw_images/Plate-PB000140-Well-H23-z3-CONC.ome.tiff	2342624	2026-03-25T10:02:45Z	-
expert-annotation/raw_images/Plate-PB000140-Well-H23-z3-HOECHST.ome.tiff	2342420	2026-03-25T10:02:45Z	-
expert-annotation/raw_images/Plate-PB000140-Well-H23-z3-MITO.ome.tiff	2342630	2026-03-25T10:02:45Z	-
expert-annotation/raw_images/Plate-PB000140-Well-H23-z3-PHAandWGA.ome.tiff	2341746	2026-03-25T10:02:45Z	-
expert-annotation/raw_images/Plate-PB000140-Well-H23-z3-SYTO.ome.tiff	2342008	2026-03-25T10:02:45Z	-
expert-annotation/raw_images/Plate-PB000140-Well-H23-z5-CONC.ome.tiff	2342624	2026-03-25T10:02:45Z	-
expert-annotation/raw_images/Plate-PB000140-Well-H23-z5-HOECHST.ome.tiff	2342420	2026-03-25T10:02:45Z	-
expert-annotation/raw_images/Plate-PB000140-Well-H23-z5-MITO.ome.tiff	2342630	2026-03-25T10:02:45Z	-
expert-annotation/raw_images/Plate-PB000140-Well-H23-z5-PHAandWGA.ome.tiff	2341746	2026-03-25T10:02:45Z	-
expert-annotation/raw_images/Plate-PB000140-Well-H23-z5-SYTO.ome.tiff	2342008	2026-03-25T10:02:45Z	-
expert-annotation/raw_images/Plate-PB000140-Well-H23-z7-CONC.ome.tiff	2342624	2026-03-25T10:02:45Z	-
expert-annotation/raw_images/Plate-PB000140-Well-H23-z7-HOECHST.ome.tiff	2342420	2026-03-25T10:02:45Z	-
expert-annotation/raw_images/Plate-PB000140-Well-H23-z7-MITO.ome.tiff	2342630	2026-03-25T10:02:45Z	-
expert-annotation/raw_images/Plate-PB000140-Well-H23-z7-PHAandWGA.ome.tiff	2341746	2026-03-25T10:02:45Z	-
expert-annotation/raw_images/Plate-PB000140-Well-H23-z7-SYTO.ome.tiff	2342008	2026-03-25T10:02:45Z	-
expert-annotation/raw_images/Plate-PB000140-Well-H23-z9-CONC.ome.tiff	2342624	2026-03-25T10:02:45Z	-
expert-annotation/raw_images/Plate-PB000140-Well-H23-z9-HOECHST.ome.tiff	2342420	2026-03-25T10:02:45Z	-
expert-annotation/raw_images/Plate-PB000140-Well-H23-z9-MITO.ome.tiff	2342630	2026-03-25T10:02:45Z	-
expert-annotation/raw_images/Plate-PB000140-Well-H23-z9-PHAandWGA.ome.tiff	2341746	2026-03-25T10:02:45Z	-
expert-annotation/raw_images/Plate-PB000140-Well-H23-z9-SYTO.ome.tiff	2342008	2026-03-25T10:02:45Z	-
expert-annotation/raw_images/Plate-PB000140-Well-I13-z1-CONC.ome.tiff	2342624	2026-03-25T10:02:43Z	-
expert-annotation/raw_images/Plate-PB000140-Well-I13-z1-HOECHST.ome.tiff	2342420	2026-03-25T10:02:43Z	-
expert-annotation/raw_images/Plate-PB000140-Well-I13-z1-MITO.ome.tiff	2342630	2026-03-25T10:02:43Z	-
expert-annotation/raw_images/Plate-PB000140-Well-I13-z1-PHAandWGA.ome.tiff	2341746	2026-03-25T10:02:43Z	-
expert-annotation/raw_images/Plate-PB000140-Well-I13-z1-SYTO.ome.tiff	2342008	2026-03-25T10:02:43Z	-
expert-annotation/raw_images/Plate-PB000140-Well-I13-z11-CONC.ome.tiff	2342630	2026-03-25T10:02:44Z	-
expert-annotation/raw_images/Plate-PB000140-Well-I13-z11-HOECHST.ome.tiff	2342426	2026-03-25T10:02:44Z	-
expert-annotation/raw_images/Plate-PB000140-Well-I13-z11-MITO.ome.tiff	2342630	2026-03-25T10:02:44Z	-
expert-annotation/raw_images/Plate-PB000140-Well-I13-z11-PHAandWGA.ome.tiff	2341746	2026-03-25T10:02:44Z	-
expert-annotation/raw_images/Plate-PB000140-Well-I13-z11-SYTO.ome.tiff	2342014	2026-03-25T10:02:44Z	-
expert-annotation/raw_images/Plate-PB000140-Well-I13-z3-CONC.ome.tiff	2342624	2026-03-25T10:02:43Z	-
expert-annotation/raw_images/Plate-PB000140-Well-I13-z3-HOECHST.ome.tiff	2342420	2026-03-25T10:02:43Z	-
expert-annotation/raw_images/Plate-PB000140-Well-I13-z3-MITO.ome.tiff	2342630	2026-03-25T10:02:43Z	-
expert-annotation/raw_images/Plate-PB000140-Well-I13-z3-PHAandWGA.ome.tiff	2341746	2026-03-25T10:02:43Z	-
expert-annotation/raw_images/Plate-PB000140-Well-I13-z3-SYTO.ome.tiff	2342008	2026-03-25T10:02:43Z	-
expert-annotation/raw_images/Plate-PB000140-Well-I13-z5-CONC.ome.tiff	2342624	2026-03-25T10:02:44Z	-
expert-annotation/raw_images/Plate-PB000140-Well-I13-z5-HOECHST.ome.tiff	2342420	2026-03-25T10:02:44Z	-
expert-annotation/raw_images/Plate-PB000140-Well-I13-z5-MITO.ome.tiff	2342630	2026-03-25T10:02:43Z	-
expert-annotation/raw_images/Plate-PB000140-Well-I13-z5-PHAandWGA.ome.tiff	2341746	2026-03-25T10:02:44Z	-
expert-annotation/raw_images/Plate-PB000140-Well-I13-z5-SYTO.ome.tiff	2342008	2026-03-25T10:02:44Z	-
expert-annotation/raw_images/Plate-PB000140-Well-I13-z7-CONC.ome.tiff	2342624	2026-03-25T10:02:44Z	-
expert-annotation/raw_images/Plate-PB000140-Well-I13-z7-HOECHST.ome.tiff	2342420	2026-03-25T10:02:44Z	-
expert-annotation/raw_images/Plate-PB000140-Well-I13-z7-MITO.ome.tiff	2342630	2026-03-25T10:02:44Z	-
expert-annotation/raw_images/Plate-PB000140-Well-I13-z7-PHAandWGA.ome.tiff	2341746	2026-03-25T10:02:44Z	-
expert-annotation/raw_images/Plate-PB000140-Well-I13-z7-SYTO.ome.tiff	2342008	2026-03-25T10:02:44Z	-
expert-annotation/raw_images/Plate-PB000140-Well-I13-z9-CONC.ome.tiff	2342624	2026-03-25T10:02:44Z	-
expert-annotation/raw_images/Plate-PB000140-Well-I13-z9-HOECHST.ome.tiff	2342420	2026-03-25T10:02:44Z	-
expert-annotation/raw_images/Plate-PB000140-Well-I13-z9-MITO.ome.tiff	2342630	2026-03-25T10:02:44Z	-
expert-annotation/raw_images/Plate-PB000140-Well-I13-z9-PHAandWGA.ome.tiff	2341746	2026-03-25T10:02:44Z	-
expert-annotation/raw_images/Plate-PB000140-Well-I13-z9-SYTO.ome.tiff	2342008	2026-03-25T10:02:44Z	-
expert-annotation/raw_images/Plate-PB000140-Well-J04-z1-CONC.ome.tiff	2342624	2026-03-25T10:02:42Z	-
expert-annotation/raw_images/Plate-PB000140-Well-J04-z1-HOECHST.ome.tiff	2342420	2026-03-25T10:02:42Z	-
expert-annotation/raw_images/Plate-PB000140-Well-J04-z1-MITO.ome.tiff	2342624	2026-03-25T10:02:42Z	-
expert-annotation/raw_images/Plate-PB000140-Well-J04-z1-PHAandWGA.ome.tiff	2341740	2026-03-25T10:02:42Z	-
expert-annotation/raw_images/Plate-PB000140-Well-J04-z1-SYTO.ome.tiff	2342008	2026-03-25T10:02:42Z	-
expert-annotation/raw_images/Plate-PB000140-Well-J04-z11-CONC.ome.tiff	2342624	2026-03-25T10:02:42Z	-
expert-annotation/raw_images/Plate-PB000140-Well-J04-z11-HOECHST.ome.tiff	2342420	2026-03-25T10:02:42Z	-
expert-annotation/raw_images/Plate-PB000140-Well-J04-z11-MITO.ome.tiff	2342630	2026-03-25T10:02:42Z	-
expert-annotation/raw_images/Plate-PB000140-Well-J04-z11-PHAandWGA.ome.tiff	2341746	2026-03-25T10:02:42Z	-
expert-annotation/raw_images/Plate-PB000140-Well-J04-z11-SYTO.ome.tiff	2342008	2026-03-25T10:02:42Z	-
expert-annotation/raw_images/Plate-PB000140-Well-J04-z3-CONC.ome.tiff	2342624	2026-03-25T10:02:42Z	-
expert-annotation/raw_images/Plate-PB000140-Well-J04-z3-HOECHST.ome.tiff	2342420	2026-03-25T10:02:42Z	-
expert-annotation/raw_images/Plate-PB000140-Well-J04-z3-MITO.ome.tiff	2342624	2026-03-25T10:02:42Z	-
expert-annotation/raw_images/Plate-PB000140-Well-J04-z3-PHAandWGA.ome.tiff	2341740	2026-03-25T10:02:42Z	-
expert-annotation/raw_images/Plate-PB000140-Well-J04-z3-SYTO.ome.tiff	2342008	2026-03-25T10:02:42Z	-
expert-annotation/raw_images/Plate-PB000140-Well-J04-z5-CONC.ome.tiff	2342624	2026-03-25T10:02:42Z	-
expert-annotation/raw_images/Plate-PB000140-Well-J04-z5-HOECHST.ome.tiff	2342420	2026-03-25T10:02:42Z	-
expert-annotation/raw_images/Plate-PB000140-Well-J04-z5-MITO.ome.tiff	2342624	2026-03-25T10:02:42Z	-
expert-annotation/raw_images/Plate-PB000140-Well-J04-z5-PHAandWGA.ome.tiff	2341740	2026-03-25T10:02:42Z	-
expert-annotation/raw_images/Plate-PB000140-Well-J04-z5-SYTO.ome.tiff	2342008	2026-03-25T10:02:42Z	-
expert-annotation/raw_images/Plate-PB000140-Well-J04-z7-CONC.ome.tiff	2342624	2026-03-25T10:02:42Z	-
expert-annotation/raw_images/Plate-PB000140-Well-J04-z7-HOECHST.ome.tiff	2342420	2026-03-25T10:02:42Z	-
expert-annotation/raw_images/Plate-PB000140-Well-J04-z7-MITO.ome.tiff	2342624	2026-03-25T10:02:42Z	-
expert-annotation/raw_images/Plate-PB000140-Well-J04-z7-PHAandWGA.ome.tiff	2341740	2026-03-25T10:02:42Z	-
expert-annotation/raw_images/Plate-PB000140-Well-J04-z7-SYTO.ome.tiff	2342008	2026-03-25T10:02:42Z	-
expert-annotation/raw_images/Plate-PB000140-Well-J04-z9-CONC.ome.tiff	2342624	2026-03-25T10:02:42Z	-
expert-annotation/raw_images/Plate-PB000140-Well-J04-z9-HOECHST.ome.tiff	2342420	2026-03-25T10:02:42Z	-
expert-annotation/raw_images/Plate-PB000140-Well-J04-z9-MITO.ome.tiff	2342624	2026-03-25T10:02:42Z	-
expert-annotation/raw_images/Plate-PB000140-Well-J04-z9-PHAandWGA.ome.tiff	2341740	2026-03-25T10:02:42Z	-
expert-annotation/raw_images/Plate-PB000140-Well-J04-z9-SYTO.ome.tiff	2342008	2026-03-25T10:02:42Z	-
expert-annotation/raw_images/Plate-PB000140-Well-J17-z1-CONC.ome.tiff	2342624	2026-03-25T10:02:44Z	-
expert-annotation/raw_images/Plate-PB000140-Well-J17-z1-HOECHST.ome.tiff	2342420	2026-03-25T10:02:44Z	-
expert-annotation/raw_images/Plate-PB000140-Well-J17-z1-MITO.ome.tiff	2342630	2026-03-25T10:02:44Z	-
expert-annotation/raw_images/Plate-PB000140-Well-J17-z1-PHAandWGA.ome.tiff	2341746	2026-03-25T10:02:44Z	-
expert-annotation/raw_images/Plate-PB000140-Well-J17-z1-SYTO.ome.tiff	2342008	2026-03-25T10:02:44Z	-
expert-annotation/raw_images/Plate-PB000140-Well-J17-z11-CONC.ome.tiff	2342630	2026-03-25T10:02:45Z	-
expert-annotation/raw_images/Plate-PB000140-Well-J17-z11-HOECHST.ome.tiff	2342426	2026-03-25T10:02:45Z	-
expert-annotation/raw_images/Plate-PB000140-Well-J17-z11-MITO.ome.tiff	2342630	2026-03-25T10:02:45Z	-
expert-annotation/raw_images/Plate-PB000140-Well-J17-z11-PHAandWGA.ome.tiff	2341746	2026-03-25T10:02:45Z	-
expert-annotation/raw_images/Plate-PB000140-Well-J17-z11-SYTO.ome.tiff	2342014	2026-03-25T10:02:45Z	-
expert-annotation/raw_images/Plate-PB000140-Well-J17-z3-CONC.ome.tiff	2342624	2026-03-25T10:02:45Z	-
expert-annotation/raw_images/Plate-PB000140-Well-J17-z3-HOECHST.ome.tiff	2342420	2026-03-25T10:02:45Z	-
expert-annotation/raw_images/Plate-PB000140-Well-J17-z3-MITO.ome.tiff	2342630	2026-03-25T10:02:45Z	-
expert-annotation/raw_images/Plate-PB000140-Well-J17-z3-PHAandWGA.ome.tiff	2341746	2026-03-25T10:02:45Z	-
expert-annotation/raw_images/Plate-PB000140-Well-J17-z3-SYTO.ome.tiff	2342008	2026-03-25T10:02:45Z	-
expert-annotation/raw_images/Plate-PB000140-Well-J17-z5-CONC.ome.tiff	2342624	2026-03-25T10:02:45Z	-
expert-annotation/raw_images/Plate-PB000140-Well-J17-z5-HOECHST.ome.tiff	2342420	2026-03-25T10:02:45Z	-
expert-annotation/raw_images/Plate-PB000140-Well-J17-z5-MITO.ome.tiff	2342630	2026-03-25T10:02:45Z	-
expert-annotation/raw_images/Plate-PB000140-Well-J17-z5-PHAandWGA.ome.tiff	2341746	2026-03-25T10:02:45Z	-
expert-annotation/raw_images/Plate-PB000140-Well-J17-z5-SYTO.ome.tiff	2342008	2026-03-25T10:02:45Z	-
expert-annotation/raw_images/Plate-PB000140-Well-J17-z7-CONC.ome.tiff	2342624	2026-03-25T10:02:45Z	-
expert-annotation/raw_images/Plate-PB000140-Well-J17-z7-HOECHST.ome.tiff	2342420	2026-03-25T10:02:45Z	-
expert-annotation/raw_images/Plate-PB000140-Well-J17-z7-MITO.ome.tiff	2342630	2026-03-25T10:02:45Z	-
expert-annotation/raw_images/Plate-PB000140-Well-J17-z7-PHAandWGA.ome.tiff	2341746	2026-03-25T10:02:45Z	-
expert-annotation/raw_images/Plate-PB000140-Well-J17-z7-SYTO.ome.tiff	2342008	2026-03-25T10:02:45Z	-
expert-annotation/raw_images/Plate-PB000140-Well-J17-z9-CONC.ome.tiff	2342624	2026-03-25T10:02:45Z	-
expert-annotation/raw_images/Plate-PB000140-Well-J17-z9-HOECHST.ome.tiff	2342420	2026-03-25T10:02:45Z	-
expert-annotation/raw_images/Plate-PB000140-Well-J17-z9-MITO.ome.tiff	2342630	2026-03-25T10:02:45Z	-
expert-annotation/raw_images/Plate-PB000140-Well-J17-z9-PHAandWGA.ome.tiff	2341746	2026-03-25T10:02:45Z	-
expert-annotation/raw_images/Plate-PB000140-Well-J17-z9-SYTO.ome.tiff	2342008	2026-03-25T10:02:45Z	-
expert-annotation/raw_images/Plate-PB000140-Well-N05-z1-CONC.ome.tiff	2342624	2026-03-25T10:02:43Z	-
expert-annotation/raw_images/Plate-PB000140-Well-N05-z1-HOECHST.ome.tiff	2342420	2026-03-25T10:02:43Z	-
expert-annotation/raw_images/Plate-PB000140-Well-N05-z1-MITO.ome.tiff	2342630	2026-03-25T10:02:43Z	-
expert-annotation/raw_images/Plate-PB000140-Well-N05-z1-PHAandWGA.ome.tiff	2341746	2026-03-25T10:02:43Z	-
expert-annotation/raw_images/Plate-PB000140-Well-N05-z1-SYTO.ome.tiff	2342008	2026-03-25T10:02:43Z	-
expert-annotation/raw_images/Plate-PB000140-Well-N05-z11-CONC.ome.tiff	2342630	2026-03-25T10:02:43Z	-
expert-annotation/raw_images/Plate-PB000140-Well-N05-z11-HOECHST.ome.tiff	2342426	2026-03-25T10:02:43Z	-
expert-annotation/raw_images/Plate-PB000140-Well-N05-z11-MITO.ome.tiff	2342630	2026-03-25T10:02:43Z	-
expert-annotation/raw_images/Plate-PB000140-Well-N05-z11-PHAandWGA.ome.tiff	2341746	2026-03-25T10:02:43Z	-
expert-annotation/raw_images/Plate-PB000140-Well-N05-z11-SYTO.ome.tiff	2342014	2026-03-25T10:02:43Z	-
expert-annotation/raw_images/Plate-PB000140-Well-N05-z3-CONC.ome.tiff	2342624	2026-03-25T10:02:43Z	-
expert-annotation/raw_images/Plate-PB000140-Well-N05-z3-HOECHST.ome.tiff	2342420	2026-03-25T10:02:43Z	-
expert-annotation/raw_images/Plate-PB000140-Well-N05-z3-MITO.ome.tiff	2342630	2026-03-25T10:02:43Z	-
expert-annotation/raw_images/Plate-PB000140-Well-N05-z3-PHAandWGA.ome.tiff	2341746	2026-03-25T10:02:43Z	-
expert-annotation/raw_images/Plate-PB000140-Well-N05-z3-SYTO.ome.tiff	2342008	2026-03-25T10:02:43Z	-
expert-annotation/raw_images/Plate-PB000140-Well-N05-z5-CONC.ome.tiff	2342624	2026-03-25T10:02:43Z	-
expert-annotation/raw_images/Plate-PB000140-Well-N05-z5-HOECHST.ome.tiff	2342420	2026-03-25T10:02:43Z	-
expert-annotation/raw_images/Plate-PB000140-Well-N05-z5-MITO.ome.tiff	2342630	2026-03-25T10:02:43Z	-
expert-annotation/raw_images/Plate-PB000140-Well-N05-z5-PHAandWGA.ome.tiff	2341746	2026-03-25T10:02:43Z	-
expert-annotation/raw_images/Plate-PB000140-Well-N05-z5-SYTO.ome.tiff	2342008	2026-03-25T10:02:43Z	-
expert-annotation/raw_images/Plate-PB000140-Well-N05-z7-CONC.ome.tiff	2342624	2026-03-25T10:02:43Z	-
expert-annotation/raw_images/Plate-PB000140-Well-N05-z7-HOECHST.ome.tiff	2342420	2026-03-25T10:02:43Z	-
expert-annotation/raw_images/Plate-PB000140-Well-N05-z7-MITO.ome.tiff	2342630	2026-03-25T10:02:43Z	-
expert-annotation/raw_images/Plate-PB000140-Well-N05-z7-PHAandWGA.ome.tiff	2341746	2026-03-25T10:02:43Z	-
expert-annotation/raw_images/Plate-PB000140-Well-N05-z7-SYTO.ome.tiff	2342008	2026-03-25T10:02:43Z	-
expert-annotation/raw_images/Plate-PB000140-Well-N05-z9-CONC.ome.tiff	2342624	2026-03-25T10:02:43Z	-
expert-annotation/raw_images/Plate-PB000140-Well-N05-z9-HOECHST.ome.tiff	2342420	2026-03-25T10:02:43Z	-
expert-annotation/raw_images/Plate-PB000140-Well-N05-z9-MITO.ome.tiff	2342630	2026-03-25T10:02:43Z	-
expert-annotation/raw_images/Plate-PB000140-Well-N05-z9-PHAandWGA.ome.tiff	2341746	2026-03-25T10:02:43Z	-
expert-annotation/raw_images/Plate-PB000140-Well-N05-z9-SYTO.ome.tiff	2342008	2026-03-25T10:02:43Z	-
expert-annotation/raw_images/Plate-PB000141-Well-G02-z1-CONC.ome.tiff	2342602	2026-03-25T10:02:45Z	-
expert-annotation/raw_images/Plate-PB000141-Well-G02-z1-HOECHST.ome.tiff	2342398	2026-03-25T10:02:45Z	-
expert-annotation/raw_images/Plate-PB000141-Well-G02-z1-MITO.ome.tiff	2342602	2026-03-25T10:02:45Z	-
expert-annotation/raw_images/Plate-PB000141-Well-G02-z1-PHAandWGA.ome.tiff	2341718	2026-03-25T10:02:45Z	-
expert-annotation/raw_images/Plate-PB000141-Well-G02-z1-SYTO.ome.tiff	2341986	2026-03-25T10:02:45Z	-
expert-annotation/raw_images/Plate-PB000141-Well-G02-z11-CONC.ome.tiff	2342602	2026-03-25T10:02:45Z	-
expert-annotation/raw_images/Plate-PB000141-Well-G02-z11-HOECHST.ome.tiff	2342398	2026-03-25T10:02:45Z	-
expert-annotation/raw_images/Plate-PB000141-Well-G02-z11-MITO.ome.tiff	2342608	2026-03-25T10:02:45Z	-
expert-annotation/raw_images/Plate-PB000141-Well-G02-z11-PHAandWGA.ome.tiff	2341724	2026-03-25T10:02:45Z	-
expert-annotation/raw_images/Plate-PB000141-Well-G02-z11-SYTO.ome.tiff	2341986	2026-03-25T10:02:45Z	-
expert-annotation/raw_images/Plate-PB000141-Well-G02-z3-CONC.ome.tiff	2342602	2026-03-25T10:02:45Z	-
expert-annotation/raw_images/Plate-PB000141-Well-G02-z3-HOECHST.ome.tiff	2342398	2026-03-25T10:02:45Z	-
expert-annotation/raw_images/Plate-PB000141-Well-G02-z3-MITO.ome.tiff	2342602	2026-03-25T10:02:45Z	-
expert-annotation/raw_images/Plate-PB000141-Well-G02-z3-PHAandWGA.ome.tiff	2341718	2026-03-25T10:02:45Z	-
expert-annotation/raw_images/Plate-PB000141-Well-G02-z3-SYTO.ome.tiff	2341986	2026-03-25T10:02:45Z	-
expert-annotation/raw_images/Plate-PB000141-Well-G02-z5-CONC.ome.tiff	2342602	2026-03-25T10:02:45Z	-
expert-annotation/raw_images/Plate-PB000141-Well-G02-z5-HOECHST.ome.tiff	2342398	2026-03-25T10:02:45Z	-
expert-annotation/raw_images/Plate-PB000141-Well-G02-z5-MITO.ome.tiff	2342602	2026-03-25T10:02:45Z	-
expert-annotation/raw_images/Plate-PB000141-Well-G02-z5-PHAandWGA.ome.tiff	2341718	2026-03-25T10:02:45Z	-
expert-annotation/raw_images/Plate-PB000141-Well-G02-z5-SYTO.ome.tiff	2341986	2026-03-25T10:02:45Z	-
expert-annotation/raw_images/Plate-PB000141-Well-G02-z7-CONC.ome.tiff	2342602	2026-03-25T10:02:45Z	-
expert-annotation/raw_images/Plate-PB000141-Well-G02-z7-HOECHST.ome.tiff	2342398	2026-03-25T10:02:45Z	-
expert-annotation/raw_images/Plate-PB000141-Well-G02-z7-MITO.ome.tiff	2342602	2026-03-25T10:02:45Z	-
expert-annotation/raw_images/Plate-PB000141-Well-G02-z7-PHAandWGA.ome.tiff	2341718	2026-03-25T10:02:45Z	-
expert-annotation/raw_images/Plate-PB000141-Well-G02-z7-SYTO.ome.tiff	2341986	2026-03-25T10:02:45Z	-
expert-annotation/raw_images/Plate-PB000141-Well-G02-z9-CONC.ome.tiff	2342602	2026-03-25T10:02:45Z	-
expert-annotation/raw_images/Plate-PB000141-Well-G02-z9-HOECHST.ome.tiff	2342398	2026-03-25T10:02:45Z	-
expert-annotation/raw_images/Plate-PB000141-Well-G02-z9-MITO.ome.tiff	2342602	2026-03-25T10:02:45Z	-
expert-annotation/raw_images/Plate-PB000141-Well-G02-z9-PHAandWGA.ome.tiff	2341718	2026-03-25T10:02:45Z	-
expert-annotation/raw_images/Plate-PB000141-Well-G02-z9-SYTO.ome.tiff	2341986	2026-03-25T10:02:45Z	-
expert-annotation/raw_images/Plate-PB000141-Well-M23-z1-CONC.ome.tiff	2342608	2026-03-25T10:02:46Z	-
expert-annotation/raw_images/Plate-PB000141-Well-M23-z1-HOECHST.ome.tiff	2342404	2026-03-25T10:02:46Z	-
expert-annotation/raw_images/Plate-PB000141-Well-M23-z1-MITO.ome.tiff	2342608	2026-03-25T10:02:45Z	-
expert-annotation/raw_images/Plate-PB000141-Well-M23-z1-PHAandWGA.ome.tiff	2341724	2026-03-25T10:02:46Z	-
expert-annotation/raw_images/Plate-PB000141-Well-M23-z1-SYTO.ome.tiff	2341992	2026-03-25T10:02:46Z	-
expert-annotation/raw_images/Plate-PB000141-Well-M23-z11-CONC.ome.tiff	2342608	2026-03-25T10:02:46Z	-
expert-annotation/raw_images/Plate-PB000141-Well-M23-z11-HOECHST.ome.tiff	2342404	2026-03-25T10:02:46Z	-
expert-annotation/raw_images/Plate-PB000141-Well-M23-z11-MITO.ome.tiff	2342614	2026-03-25T10:02:46Z	-
expert-annotation/raw_images/Plate-PB000141-Well-M23-z11-PHAandWGA.ome.tiff	2341730	2026-03-25T10:02:46Z	-
expert-annotation/raw_images/Plate-PB000141-Well-M23-z11-SYTO.ome.tiff	2341992	2026-03-25T10:02:46Z	-
expert-annotation/raw_images/Plate-PB000141-Well-M23-z3-CONC.ome.tiff	2342608	2026-03-25T10:02:46Z	-
expert-annotation/raw_images/Plate-PB000141-Well-M23-z3-HOECHST.ome.tiff	2342404	2026-03-25T10:02:46Z	-
expert-annotation/raw_images/Plate-PB000141-Well-M23-z3-MITO.ome.tiff	2342608	2026-03-25T10:02:46Z	-
expert-annotation/raw_images/Plate-PB000141-Well-M23-z3-PHAandWGA.ome.tiff	2341724	2026-03-25T10:02:46Z	-
expert-annotation/raw_images/Plate-PB000141-Well-M23-z3-SYTO.ome.tiff	2341992	2026-03-25T10:02:46Z	-
expert-annotation/raw_images/Plate-PB000141-Well-M23-z5-CONC.ome.tiff	2342608	2026-03-25T10:02:46Z	-
expert-annotation/raw_images/Plate-PB000141-Well-M23-z5-HOECHST.ome.tiff	2342404	2026-03-25T10:02:46Z	-
expert-annotation/raw_images/Plate-PB000141-Well-M23-z5-MITO.ome.tiff	2342608	2026-03-25T10:02:46Z	-
expert-annotation/raw_images/Plate-PB000141-Well-M23-z5-PHAandWGA.ome.tiff	2341724	2026-03-25T10:02:46Z	-
expert-annotation/raw_images/Plate-PB000141-Well-M23-z5-SYTO.ome.tiff	2341992	2026-03-25T10:02:46Z	-
expert-annotation/raw_images/Plate-PB000141-Well-M23-z7-CONC.ome.tiff	2342608	2026-03-25T10:02:46Z	-
expert-annotation/raw_images/Plate-PB000141-Well-M23-z7-HOECHST.ome.tiff	2342404	2026-03-25T10:02:46Z	-
expert-annotation/raw_images/Plate-PB000141-Well-M23-z7-MITO.ome.tiff	2342608	2026-03-25T10:02:46Z	-
expert-annotation/raw_images/Plate-PB000141-Well-M23-z7-PHAandWGA.ome.tiff	2341724	2026-03-25T10:02:46Z	-
expert-annotation/raw_images/Plate-PB000141-Well-M23-z7-SYTO.ome.tiff	2341992	2026-03-25T10:02:46Z	-
expert-annotation/raw_images/Plate-PB000141-Well-M23-z9-CONC.ome.tiff	2342608	2026-03-25T10:02:46Z	-
expert-annotation/raw_images/Plate-PB000141-Well-M23-z9-HOECHST.ome.tiff	2342404	2026-03-25T10:02:46Z	-
expert-annotation/raw_images/Plate-PB000141-Well-M23-z9-MITO.ome.tiff	2342608	2026-03-25T10:02:46Z	-
expert-annotation/raw_images/Plate-PB000141-Well-M23-z9-PHAandWGA.ome.tiff	2341724	2026-03-25T10:02:46Z	-
expert-annotation/raw_images/Plate-PB000141-Well-M23-z9-SYTO.ome.tiff	2341992	2026-03-25T10:02:46Z	-
expert-annotation/results/featICF_Experiment.csv	227723	2026-03-25T11:44:53Z	-
expert-annotation/results/featICF_Image.csv	171562	2026-03-25T11:44:54Z	-
expert-annotation/results/featICF_cells.csv	73649875	2026-03-25T11:45:31Z	-
expert-annotation/results/featICF_cytoplasm.csv	72627163	2026-03-25T11:46:08Z	-
expert-annotation/results/featICF_nuclei.csv	87644312	2026-03-25T11:46:47Z	-
expert-annotation/results/featICF_precells.csv	4067558	2026-03-25T11:46:48Z	-
expert-annotation/results/featICF_prenuclei.csv	5306262	2026-03-25T11:46:50Z	-
expert-annotation/results/img/objnumber/objectnr_B14_z1.png	1215730	2026-03-25T11:34:01Z	-
expert-annotation/results/img/objnumber/objectnr_B14_z11.png	1483869	2026-03-25T11:34:15Z	-
expert-annotation/results/img/objnumber/objectnr_B14_z3.png	1197237	2026-03-25T11:34:34Z	-
expert-annotation/results/img/objnumber/objectnr_B14_z5.png	1405100	2026-03-25T11:34:44Z	-
expert-annotation/results/img/objnumber/objectnr_B14_z7.png	1392363	2026-03-25T11:34:44Z	-
expert-annotation/results/img/objnumber/objectnr_B14_z9.png	1448997	2026-03-25T11:34:51Z	-
expert-annotation/results/img/objnumber/objectnr_C03_z1.png	1109202	2026-03-25T11:26:49Z	-
expert-annotation/results/img/objnumber/objectnr_C03_z11.png	1383252	2026-03-25T11:26:49Z	-
expert-annotation/results/img/objnumber/objectnr_C03_z3.png	1041174	2026-03-25T11:27:04Z	-
expert-annotation/results/img/objnumber/objectnr_C03_z5.png	1125164	2026-03-25T11:27:20Z	-
expert-annotation/results/img/objnumber/objectnr_C03_z7.png	1225600	2026-03-25T11:27:31Z	-
expert-annotation/results/img/objnumber/objectnr_C03_z9.png	1305306	2026-03-25T11:27:28Z	-
expert-annotation/results/img/objnumber/objectnr_C12_z1.png	1298111	2026-03-25T11:27:35Z	-
expert-annotation/results/img/objnumber/objectnr_C12_z11.png	1392940	2026-03-25T11:27:39Z	-
expert-annotation/results/img/objnumber/objectnr_C12_z3.png	1253401	2026-03-25T11:28:03Z	-
expert-annotation/results/img/objnumber/objectnr_C12_z5.png	1332087	2026-03-25T11:28:10Z	-
expert-annotation/results/img/objnumber/objectnr_C12_z7.png	1361225	2026-03-25T11:28:20Z	-
expert-annotation/results/img/objnumber/objectnr_C12_z9.png	1351703	2026-03-25T11:28:13Z	-
expert-annotation/results/img/objnumber/objectnr_C14_z1.png	1070597	2026-03-25T11:28:26Z	-
expert-annotation/results/img/objnumber/objectnr_C14_z11.png	1378956	2026-03-25T11:28:37Z	-
expert-annotation/results/img/objnumber/objectnr_C14_z3.png	1165413	2026-03-25T11:28:52Z	-
expert-annotation/results/img/objnumber/objectnr_C14_z5.png	1112682	2026-03-25T11:28:57Z	-
expert-annotation/results/img/objnumber/objectnr_C14_z7.png	1196039	2026-03-25T11:28:59Z	-
expert-annotation/results/img/objnumber/objectnr_C14_z9.png	1310116	2026-03-25T11:29:05Z	-
expert-annotation/results/img/objnumber/objectnr_C23_z1.png	1273365	2026-03-25T11:34:53Z	-
expert-annotation/results/img/objnumber/objectnr_C23_z11.png	1272469	2026-03-25T11:35:08Z	-
expert-annotation/results/img/objnumber/objectnr_C23_z3.png	1267182	2026-03-25T11:35:24Z	-
expert-annotation/results/img/objnumber/objectnr_C23_z5.png	1262588	2026-03-25T11:35:23Z	-
expert-annotation/results/img/objnumber/objectnr_C23_z7.png	1216830	2026-03-25T11:35:34Z	-
expert-annotation/results/img/objnumber/objectnr_C23_z9.png	1316030	2026-03-25T11:35:34Z	-
expert-annotation/results/img/objnumber/objectnr_D06_z1.png	1429952	2026-03-25T11:30:03Z	-
expert-annotation/results/img/objnumber/objectnr_D06_z11.png	1523740	2026-03-25T11:30:21Z	-
expert-annotation/results/img/objnumber/objectnr_D06_z3.png	1320876	2026-03-25T11:30:22Z	-
expert-annotation/results/img/objnumber/objectnr_D06_z5.png	1359735	2026-03-25T11:30:36Z	-
expert-annotation/results/img/objnumber/objectnr_D06_z7.png	1412744	2026-03-25T11:30:36Z	-
expert-annotation/results/img/objnumber/objectnr_D06_z9.png	1460977	2026-03-25T11:30:45Z	-
expert-annotation/results/img/objnumber/objectnr_D11_z1.png	1141821	2026-03-25T11:30:57Z	-
expert-annotation/results/img/objnumber/objectnr_D11_z11.png	1374172	2026-03-25T11:31:11Z	-
expert-annotation/results/img/objnumber/objectnr_D11_z3.png	1065602	2026-03-25T11:31:18Z	-
expert-annotation/results/img/objnumber/objectnr_D11_z5.png	1138310	2026-03-25T11:31:24Z	-
expert-annotation/results/img/objnumber/objectnr_D11_z7.png	1237442	2026-03-25T11:31:29Z	-
expert-annotation/results/img/objnumber/objectnr_D11_z9.png	1298770	2026-03-25T11:31:34Z	-
expert-annotation/results/img/objnumber/objectnr_D12_z1.png	1433180	2026-03-25T11:25:14Z	-
expert-annotation/results/img/objnumber/objectnr_D12_z11.png	1857425	2026-03-25T11:25:30Z	-
expert-annotation/results/img/objnumber/objectnr_D12_z3.png	1529619	2026-03-25T11:25:22Z	-
expert-annotation/results/img/objnumber/objectnr_D12_z5.png	1629684	2026-03-25T11:25:25Z	-
expert-annotation/results/img/objnumber/objectnr_D12_z7.png	1706006	2026-03-25T11:25:32Z	-
expert-annotation/results/img/objnumber/objectnr_D12_z9.png	1826677	2026-03-25T11:26:07Z	-
expert-annotation/results/img/objnumber/objectnr_D22_z1.png	1060243	2026-03-25T11:35:51Z	-
expert-annotation/results/img/objnumber/objectnr_D22_z11.png	1273202	2026-03-25T11:36:02Z	-
expert-annotation/results/img/objnumber/objectnr_D22_z3.png	974640	2026-03-25T11:36:14Z	-
expert-annotation/results/img/objnumber/objectnr_D22_z5.png	1091354	2026-03-25T11:36:17Z	-
expert-annotation/results/img/objnumber/objectnr_D22_z7.png	1075722	2026-03-25T11:36:15Z	-
expert-annotation/results/img/objnumber/objectnr_D22_z9.png	1205576	2026-03-25T11:36:26Z	-
expert-annotation/results/img/objnumber/objectnr_F06_z1.png	1502448	2026-03-25T11:25:53Z	-
expert-annotation/results/img/objnumber/objectnr_F06_z11.png	1761689	2026-03-25T11:26:01Z	-
expert-annotation/results/img/objnumber/objectnr_F06_z3.png	1592667	2026-03-25T11:26:10Z	-
expert-annotation/results/img/objnumber/objectnr_F06_z5.png	1661864	2026-03-25T11:26:15Z	-
expert-annotation/results/img/objnumber/objectnr_F06_z7.png	1713807	2026-03-25T11:26:36Z	-
expert-annotation/results/img/objnumber/objectnr_F06_z9.png	1758127	2026-03-25T11:26:45Z	-
expert-annotation/results/img/objnumber/objectnr_G02_z1.png	1322737	2026-03-25T11:43:11Z	-
expert-annotation/results/img/objnumber/objectnr_G02_z11.png	1397331	2026-03-25T11:43:21Z	-
expert-annotation/results/img/objnumber/objectnr_G02_z3.png	1332248	2026-03-25T11:43:34Z	-
expert-annotation/results/img/objnumber/objectnr_G02_z5.png	1415749	2026-03-25T11:43:47Z	-
expert-annotation/results/img/objnumber/objectnr_G02_z7.png	1417779	2026-03-25T11:43:54Z	-
expert-annotation/results/img/objnumber/objectnr_G02_z9.png	1327604	2026-03-25T11:43:55Z	-
expert-annotation/results/img/objnumber/objectnr_G05_z1.png	1176869	2026-03-25T11:36:37Z	-
expert-annotation/results/img/objnumber/objectnr_G05_z11.png	1225870	2026-03-25T11:36:52Z	-
expert-annotation/results/img/objnumber/objectnr_G05_z3.png	1004127	2026-03-25T11:36:57Z	-
expert-annotation/results/img/objnumber/objectnr_G05_z5.png	1039219	2026-03-25T11:36:59Z	-
expert-annotation/results/img/objnumber/objectnr_G05_z7.png	1095281	2026-03-25T11:37:10Z	-
expert-annotation/results/img/objnumber/objectnr_G05_z9.png	1175133	2026-03-25T11:37:17Z	-
expert-annotation/results/img/objnumber/objectnr_G08_z1.png	1363376	2026-03-25T11:37:25Z	-
expert-annotation/results/img/objnumber/objectnr_G08_z11.png	1578078	2026-03-25T11:37:36Z	-
expert-annotation/results/img/objnumber/objectnr_G08_z3.png	1401956	2026-03-25T11:37:41Z	-
expert-annotation/results/img/objnumber/objectnr_G08_z5.png	1388918	2026-03-25T11:37:48Z	-
expert-annotation/results/img/objnumber/objectnr_G08_z7.png	1471322	2026-03-25T11:37:57Z	-
expert-annotation/results/img/objnumber/objectnr_G08_z9.png	1524907	2026-03-25T11:38:03Z	-
expert-annotation/results/img/objnumber/objectnr_G19_z1.png	1322193	2026-03-25T11:38:09Z	-
expert-annotation/results/img/objnumber/objectnr_G19_z11.png	1378780	2026-03-25T11:38:19Z	-
expert-annotation/results/img/objnumber/objectnr_G19_z3.png	1241046	2026-03-25T11:38:27Z	-
expert-annotation/results/img/objnumber/objectnr_G19_z5.png	1271977	2026-03-25T11:38:39Z	-
expert-annotation/results/img/objnumber/objectnr_G19_z7.png	1318434	2026-03-25T11:38:47Z	-
expert-annotation/results/img/objnumber/objectnr_G19_z9.png	1454149	2026-03-25T11:38:53Z	-
expert-annotation/results/img/objnumber/objectnr_H23_z1.png	1366579	2026-03-25T11:38:56Z	-
expert-annotation/results/img/objnumber/objectnr_H23_z11.png	1649546	2026-03-25T11:39:16Z	-
expert-annotation/results/img/objnumber/objectnr_H23_z3.png	1422003	2026-03-25T11:39:18Z	-
expert-annotation/results/img/objnumber/objectnr_H23_z5.png	1481529	2026-03-25T11:39:27Z	-
expert-annotation/results/img/objnumber/objectnr_H23_z7.png	1551614	2026-03-25T11:39:40Z	-
expert-annotation/results/img/objnumber/objectnr_H23_z9.png	1603905	2026-03-25T11:39:48Z	-
expert-annotation/results/img/objnumber/objectnr_I13_z1.png	938311	2026-03-25T11:39:56Z	-
expert-annotation/results/img/objnumber/objectnr_I13_z11.png	1286773	2026-03-25T11:39:58Z	-
expert-annotation/results/img/objnumber/objectnr_I13_z3.png	981025	2026-03-25T11:40:10Z	-
expert-annotation/results/img/objnumber/objectnr_I13_z5.png	1021272	2026-03-25T11:40:23Z	-
expert-annotation/results/img/objnumber/objectnr_I13_z7.png	1087933	2026-03-25T11:40:31Z	-
expert-annotation/results/img/objnumber/objectnr_I13_z9.png	1235970	2026-03-25T11:40:34Z	-
expert-annotation/results/img/objnumber/objectnr_J04_z1.png	1330922	2026-03-25T11:40:40Z	-
expert-annotation/results/img/objnumber/objectnr_J04_z11.png	1658509	2026-03-25T11:40:45Z	-
expert-annotation/results/img/objnumber/objectnr_J04_z3.png	1439656	2026-03-25T11:41:03Z	-
expert-annotation/results/img/objnumber/objectnr_J04_z5.png	1493862	2026-03-25T11:41:13Z	-
expert-annotation/results/img/objnumber/objectnr_J04_z7.png	1579185	2026-03-25T11:41:17Z	-
expert-annotation/results/img/objnumber/objectnr_J04_z9.png	1620654	2026-03-25T11:41:23Z	-
expert-annotation/results/img/objnumber/objectnr_J06_z1.png	1297489	2026-03-25T11:32:32Z	-
expert-annotation/results/img/objnumber/objectnr_J06_z11.png	1512913	2026-03-25T11:32:40Z	-
expert-annotation/results/img/objnumber/objectnr_J06_z3.png	1293403	2026-03-25T11:32:51Z	-
expert-annotation/results/img/objnumber/objectnr_J06_z5.png	1315427	2026-03-25T11:32:57Z	-
expert-annotation/results/img/objnumber/objectnr_J06_z7.png	1433395	2026-03-25T11:33:07Z	-
expert-annotation/results/img/objnumber/objectnr_J06_z9.png	1409827	2026-03-25T11:33:11Z	-
expert-annotation/results/img/objnumber/objectnr_J15_z1.png	1094242	2026-03-25T11:33:19Z	-
expert-annotation/results/img/objnumber/objectnr_J15_z11.png	1537267	2026-03-25T11:33:23Z	-
expert-annotation/results/img/objnumber/objectnr_J15_z3.png	1153296	2026-03-25T11:33:42Z	-
expert-annotation/results/img/objnumber/objectnr_J15_z5.png	1221914	2026-03-25T11:33:52Z	-
expert-annotation/results/img/objnumber/objectnr_J15_z7.png	1406970	2026-03-25T11:33:55Z	-
expert-annotation/results/img/objnumber/objectnr_J15_z9.png	1413340	2026-03-25T11:33:54Z	-
expert-annotation/results/img/objnumber/objectnr_J17_z1.png	1149879	2026-03-25T11:41:29Z	-
expert-annotation/results/img/objnumber/objectnr_J17_z11.png	1423424	2026-03-25T11:41:44Z	-
expert-annotation/results/img/objnumber/objectnr_J17_z3.png	1208920	2026-03-25T11:41:55Z	-
expert-annotation/results/img/objnumber/objectnr_J17_z5.png	920541	2026-03-25T11:42:02Z	-
expert-annotation/results/img/objnumber/objectnr_J17_z7.png	1216049	2026-03-25T11:42:12Z	-
expert-annotation/results/img/objnumber/objectnr_J17_z9.png	1315460	2026-03-25T11:42:14Z	-
expert-annotation/results/img/objnumber/objectnr_M23_z1.png	1386474	2026-03-25T11:43:59Z	-
expert-annotation/results/img/objnumber/objectnr_M23_z11.png	1580026	2026-03-25T11:44:16Z	-
expert-annotation/results/img/objnumber/objectnr_M23_z3.png	1403049	2026-03-25T11:44:28Z	-
expert-annotation/results/img/objnumber/objectnr_M23_z5.png	1453989	2026-03-25T11:44:35Z	-
expert-annotation/results/img/objnumber/objectnr_M23_z7.png	1467247	2026-03-25T11:44:41Z	-
expert-annotation/results/img/objnumber/objectnr_M23_z9.png	1529281	2026-03-25T11:44:40Z	-
expert-annotation/results/img/objnumber/objectnr_N05_z1.png	1416297	2026-03-25T11:42:19Z	-
expert-annotation/results/img/objnumber/objectnr_N05_z11.png	1703400	2026-03-25T11:42:31Z	-
expert-annotation/results/img/objnumber/objectnr_N05_z3.png	1566194	2026-03-25T11:42:44Z	-
expert-annotation/results/img/objnumber/objectnr_N05_z5.png	1645930	2026-03-25T11:43:06Z	-
expert-annotation/results/img/objnumber/objectnr_N05_z7.png	1707154	2026-03-25T11:43:10Z	-
expert-annotation/results/img/objnumber/objectnr_N05_z9.png	1593426	2026-03-25T11:42:52Z	-
expert-annotation/results/img/outlinesONcolorICF/outlines_colorICF_RGB_PHS_B14_1.png	1212667	2026-03-25T11:33:59Z	-
expert-annotation/results/img/outlinesONcolorICF/outlines_colorICF_RGB_PHS_B14_11.png	1482256	2026-03-25T11:34:13Z	-
expert-annotation/results/img/outlinesONcolorICF/outlines_colorICF_RGB_PHS_B14_3.png	1176138	2026-03-25T11:34:31Z	-
expert-annotation/results/img/outlinesONcolorICF/outlines_colorICF_RGB_PHS_B14_5.png	1381188	2026-03-25T11:34:42Z	-
expert-annotation/results/img/outlinesONcolorICF/outlines_colorICF_RGB_PHS_B14_7.png	1372601	2026-03-25T11:34:42Z	-
expert-annotation/results/img/outlinesONcolorICF/outlines_colorICF_RGB_PHS_B14_9.png	1434088	2026-03-25T11:34:49Z	-
expert-annotation/results/img/outlinesONcolorICF/outlines_colorICF_RGB_PHS_C03_1.png	1047004	2026-03-25T11:26:46Z	-
expert-annotation/results/img/outlinesONcolorICF/outlines_colorICF_RGB_PHS_C03_11.png	1374049	2026-03-25T11:26:47Z	-
expert-annotation/results/img/outlinesONcolorICF/outlines_colorICF_RGB_PHS_C03_3.png	1106764	2026-03-25T11:26:59Z	-
expert-annotation/results/img/outlinesONcolorICF/outlines_colorICF_RGB_PHS_C03_5.png	1092150	2026-03-25T11:27:17Z	-
expert-annotation/results/img/outlinesONcolorICF/outlines_colorICF_RGB_PHS_C03_7.png	1239762	2026-03-25T11:27:28Z	-
expert-annotation/results/img/outlinesONcolorICF/outlines_colorICF_RGB_PHS_C03_9.png	1306749	2026-03-25T11:27:26Z	-
expert-annotation/results/img/outlinesONcolorICF/outlines_colorICF_RGB_PHS_C12_1.png	1287404	2026-03-25T11:27:32Z	-
expert-annotation/results/img/outlinesONcolorICF/outlines_colorICF_RGB_PHS_C12_11.png	1405695	2026-03-25T11:27:37Z	-
expert-annotation/results/img/outlinesONcolorICF/outlines_colorICF_RGB_PHS_C12_3.png	1205261	2026-03-25T11:28:00Z	-
expert-annotation/results/img/outlinesONcolorICF/outlines_colorICF_RGB_PHS_C12_5.png	1284069	2026-03-25T11:28:07Z	-
expert-annotation/results/img/outlinesONcolorICF/outlines_colorICF_RGB_PHS_C12_7.png	1368517	2026-03-25T11:28:17Z	-
expert-annotation/results/img/outlinesONcolorICF/outlines_colorICF_RGB_PHS_C12_9.png	1376103	2026-03-25T11:28:11Z	-
expert-annotation/results/img/outlinesONcolorICF/outlines_colorICF_RGB_PHS_C14_1.png	1115546	2026-03-25T11:28:23Z	-
expert-annotation/results/img/outlinesONcolorICF/outlines_colorICF_RGB_PHS_C14_11.png	1375250	2026-03-25T11:28:34Z	-
expert-annotation/results/img/outlinesONcolorICF/outlines_colorICF_RGB_PHS_C14_3.png	1101999	2026-03-25T11:28:50Z	-
expert-annotation/results/img/outlinesONcolorICF/outlines_colorICF_RGB_PHS_C14_5.png	1169073	2026-03-25T11:28:54Z	-
expert-annotation/results/img/outlinesONcolorICF/outlines_colorICF_RGB_PHS_C14_7.png	1177093	2026-03-25T11:28:57Z	-
expert-annotation/results/img/outlinesONcolorICF/outlines_colorICF_RGB_PHS_C14_9.png	1299165	2026-03-25T11:29:02Z	-
expert-annotation/results/img/outlinesONcolorICF/outlines_colorICF_RGB_PHS_C23_1.png	1270307	2026-03-25T11:34:51Z	-
expert-annotation/results/img/outlinesONcolorICF/outlines_colorICF_RGB_PHS_C23_11.png	1281822	2026-03-25T11:35:06Z	-
expert-annotation/results/img/outlinesONcolorICF/outlines_colorICF_RGB_PHS_C23_3.png	1238338	2026-03-25T11:35:22Z	-
expert-annotation/results/img/outlinesONcolorICF/outlines_colorICF_RGB_PHS_C23_5.png	1285785	2026-03-25T11:35:20Z	-
expert-annotation/results/img/outlinesONcolorICF/outlines_colorICF_RGB_PHS_C23_7.png	1216265	2026-03-25T11:35:32Z	-
expert-annotation/results/img/outlinesONcolorICF/outlines_colorICF_RGB_PHS_C23_9.png	1301391	2026-03-25T11:35:31Z	-
expert-annotation/results/img/outlinesONcolorICF/outlines_colorICF_RGB_PHS_D06_1.png	1435509	2026-03-25T11:30:00Z	-
expert-annotation/results/img/outlinesONcolorICF/outlines_colorICF_RGB_PHS_D06_11.png	1529683	2026-03-25T11:30:18Z	-
expert-annotation/results/img/outlinesONcolorICF/outlines_colorICF_RGB_PHS_D06_3.png	1316342	2026-03-25T11:30:20Z	-
expert-annotation/results/img/outlinesONcolorICF/outlines_colorICF_RGB_PHS_D06_5.png	1368651	2026-03-25T11:30:34Z	-
expert-annotation/results/img/outlinesONcolorICF/outlines_colorICF_RGB_PHS_D06_7.png	1403278	2026-03-25T11:30:34Z	-
expert-annotation/results/img/outlinesONcolorICF/outlines_colorICF_RGB_PHS_D06_9.png	1477498	2026-03-25T11:30:43Z	-
expert-annotation/results/img/outlinesONcolorICF/outlines_colorICF_RGB_PHS_D11_1.png	1096613	2026-03-25T11:30:54Z	-
expert-annotation/results/img/outlinesONcolorICF/outlines_colorICF_RGB_PHS_D11_11.png	1370588	2026-03-25T11:31:07Z	-
expert-annotation/results/img/outlinesONcolorICF/outlines_colorICF_RGB_PHS_D11_3.png	998861	2026-03-25T11:31:15Z	-
expert-annotation/results/img/outlinesONcolorICF/outlines_colorICF_RGB_PHS_D11_5.png	1088292	2026-03-25T11:31:21Z	-
expert-annotation/results/img/outlinesONcolorICF/outlines_colorICF_RGB_PHS_D11_7.png	1194938	2026-03-25T11:31:27Z	-
expert-annotation/results/img/outlinesONcolorICF/outlines_colorICF_RGB_PHS_D11_9.png	1306738	2026-03-25T11:31:32Z	-
expert-annotation/results/img/outlinesONcolorICF/outlines_colorICF_RGB_PHS_D12_1.png	1414899	2026-03-25T11:25:12Z	-
expert-annotation/results/img/outlinesONcolorICF/outlines_colorICF_RGB_PHS_D12_11.png	1789204	2026-03-25T11:25:27Z	-
expert-annotation/results/img/outlinesONcolorICF/outlines_colorICF_RGB_PHS_D12_3.png	1488791	2026-03-25T11:25:19Z	-
expert-annotation/results/img/outlinesONcolorICF/outlines_colorICF_RGB_PHS_D12_5.png	1580354	2026-03-25T11:25:23Z	-
expert-annotation/results/img/outlinesONcolorICF/outlines_colorICF_RGB_PHS_D12_7.png	1630836	2026-03-25T11:25:30Z	-
expert-annotation/results/img/outlinesONcolorICF/outlines_colorICF_RGB_PHS_D12_9.png	1761247	2026-03-25T11:26:05Z	-
expert-annotation/results/img/outlinesONcolorICF/outlines_colorICF_RGB_PHS_D22_1.png	988434	2026-03-25T11:35:46Z	-
expert-annotation/results/img/outlinesONcolorICF/outlines_colorICF_RGB_PHS_D22_11.png	1285266	2026-03-25T11:35:59Z	-
expert-annotation/results/img/outlinesONcolorICF/outlines_colorICF_RGB_PHS_D22_3.png	1003636	2026-03-25T11:36:10Z	-
expert-annotation/results/img/outlinesONcolorICF/outlines_colorICF_RGB_PHS_D22_5.png	1032139	2026-03-25T11:36:14Z	-
expert-annotation/results/img/outlinesONcolorICF/outlines_colorICF_RGB_PHS_D22_7.png	1121502	2026-03-25T11:36:12Z	-
expert-annotation/results/img/outlinesONcolorICF/outlines_colorICF_RGB_PHS_D22_9.png	1214923	2026-03-25T11:36:24Z	-
expert-annotation/results/img/outlinesONcolorICF/outlines_colorICF_RGB_PHS_F06_1.png	1497443	2026-03-25T11:25:51Z	-
expert-annotation/results/img/outlinesONcolorICF/outlines_colorICF_RGB_PHS_F06_11.png	1741101	2026-03-25T11:25:59Z	-
expert-annotation/results/img/outlinesONcolorICF/outlines_colorICF_RGB_PHS_F06_3.png	1573780	2026-03-25T11:26:08Z	-
expert-annotation/results/img/outlinesONcolorICF/outlines_colorICF_RGB_PHS_F06_5.png	1627622	2026-03-25T11:26:13Z	-
expert-annotation/results/img/outlinesONcolorICF/outlines_colorICF_RGB_PHS_F06_7.png	1680608	2026-03-25T11:26:34Z	-
expert-annotation/results/img/outlinesONcolorICF/outlines_colorICF_RGB_PHS_F06_9.png	1727927	2026-03-25T11:26:43Z	-
expert-annotation/results/img/outlinesONcolorICF/outlines_colorICF_RGB_PHS_G02_1.png	1310772	2026-03-25T11:43:09Z	-
expert-annotation/results/img/outlinesONcolorICF/outlines_colorICF_RGB_PHS_G02_11.png	1398814	2026-03-25T11:43:18Z	-
expert-annotation/results/img/outlinesONcolorICF/outlines_colorICF_RGB_PHS_G02_3.png	1314731	2026-03-25T11:43:32Z	-
expert-annotation/results/img/outlinesONcolorICF/outlines_colorICF_RGB_PHS_G02_5.png	1387330	2026-03-25T11:43:45Z	-
expert-annotation/results/img/outlinesONcolorICF/outlines_colorICF_RGB_PHS_G02_7.png	1403785	2026-03-25T11:43:52Z	-
expert-annotation/results/img/outlinesONcolorICF/outlines_colorICF_RGB_PHS_G02_9.png	1351288	2026-03-25T11:43:52Z	-
expert-annotation/results/img/outlinesONcolorICF/outlines_colorICF_RGB_PHS_G05_1.png	1181276	2026-03-25T11:36:33Z	-
expert-annotation/results/img/outlinesONcolorICF/outlines_colorICF_RGB_PHS_G05_11.png	1259294	2026-03-25T11:36:49Z	-
expert-annotation/results/img/outlinesONcolorICF/outlines_colorICF_RGB_PHS_G05_3.png	981937	2026-03-25T11:36:54Z	-
expert-annotation/results/img/outlinesONcolorICF/outlines_colorICF_RGB_PHS_G05_5.png	1088284	2026-03-25T11:36:56Z	-
expert-annotation/results/img/outlinesONcolorICF/outlines_colorICF_RGB_PHS_G05_7.png	1129311	2026-03-25T11:37:07Z	-
expert-annotation/results/img/outlinesONcolorICF/outlines_colorICF_RGB_PHS_G05_9.png	1238462	2026-03-25T11:37:14Z	-
expert-annotation/results/img/outlinesONcolorICF/outlines_colorICF_RGB_PHS_G08_1.png	1363263	2026-03-25T11:37:23Z	-
expert-annotation/results/img/outlinesONcolorICF/outlines_colorICF_RGB_PHS_G08_11.png	1582808	2026-03-25T11:37:34Z	-
expert-annotation/results/img/outlinesONcolorICF/outlines_colorICF_RGB_PHS_G08_3.png	1403095	2026-03-25T11:37:38Z	-
expert-annotation/results/img/outlinesONcolorICF/outlines_colorICF_RGB_PHS_G08_5.png	1393638	2026-03-25T11:37:46Z	-
expert-annotation/results/img/outlinesONcolorICF/outlines_colorICF_RGB_PHS_G08_7.png	1475773	2026-03-25T11:37:55Z	-
expert-annotation/results/img/outlinesONcolorICF/outlines_colorICF_RGB_PHS_G08_9.png	1533041	2026-03-25T11:38:01Z	-
expert-annotation/results/img/outlinesONcolorICF/outlines_colorICF_RGB_PHS_G19_1.png	1323412	2026-03-25T11:38:06Z	-
expert-annotation/results/img/outlinesONcolorICF/outlines_colorICF_RGB_PHS_G19_11.png	1368212	2026-03-25T11:38:17Z	-
expert-annotation/results/img/outlinesONcolorICF/outlines_colorICF_RGB_PHS_G19_3.png	1231638	2026-03-25T11:38:24Z	-
expert-annotation/results/img/outlinesONcolorICF/outlines_colorICF_RGB_PHS_G19_5.png	1278363	2026-03-25T11:38:36Z	-
expert-annotation/results/img/outlinesONcolorICF/outlines_colorICF_RGB_PHS_G19_7.png	1285963	2026-03-25T11:38:44Z	-
expert-annotation/results/img/outlinesONcolorICF/outlines_colorICF_RGB_PHS_G19_9.png	1451986	2026-03-25T11:38:51Z	-
expert-annotation/results/img/outlinesONcolorICF/outlines_colorICF_RGB_PHS_H23_1.png	1356650	2026-03-25T11:38:54Z	-
expert-annotation/results/img/outlinesONcolorICF/outlines_colorICF_RGB_PHS_H23_11.png	1598913	2026-03-25T11:39:14Z	-
expert-annotation/results/img/outlinesONcolorICF/outlines_colorICF_RGB_PHS_H23_3.png	1400257	2026-03-25T11:39:16Z	-
expert-annotation/results/img/outlinesONcolorICF/outlines_colorICF_RGB_PHS_H23_5.png	1459282	2026-03-25T11:39:24Z	-
expert-annotation/results/img/outlinesONcolorICF/outlines_colorICF_RGB_PHS_H23_7.png	1529606	2026-03-25T11:39:37Z	-
expert-annotation/results/img/outlinesONcolorICF/outlines_colorICF_RGB_PHS_H23_9.png	1559215	2026-03-25T11:39:46Z	-
expert-annotation/results/img/outlinesONcolorICF/outlines_colorICF_RGB_PHS_I13_1.png	991596	2026-03-25T11:39:52Z	-
expert-annotation/results/img/outlinesONcolorICF/outlines_colorICF_RGB_PHS_I13_11.png	1300681	2026-03-25T11:39:56Z	-
expert-annotation/results/img/outlinesONcolorICF/outlines_colorICF_RGB_PHS_I13_3.png	960569	2026-03-25T11:40:06Z	-
expert-annotation/results/img/outlinesONcolorICF/outlines_colorICF_RGB_PHS_I13_5.png	954484	2026-03-25T11:40:19Z	-
expert-annotation/results/img/outlinesONcolorICF/outlines_colorICF_RGB_PHS_I13_7.png	1029905	2026-03-25T11:40:28Z	-
expert-annotation/results/img/outlinesONcolorICF/outlines_colorICF_RGB_PHS_I13_9.png	1197664	2026-03-25T11:40:31Z	-
expert-annotation/results/img/outlinesONcolorICF/outlines_colorICF_RGB_PHS_J04_1.png	1324471	2026-03-25T11:40:38Z	-
expert-annotation/results/img/outlinesONcolorICF/outlines_colorICF_RGB_PHS_J04_11.png	1657922	2026-03-25T11:40:43Z	-
expert-annotation/results/img/outlinesONcolorICF/outlines_colorICF_RGB_PHS_J04_3.png	1428226	2026-03-25T11:41:01Z	-
expert-annotation/results/img/outlinesONcolorICF/outlines_colorICF_RGB_PHS_J04_5.png	1467386	2026-03-25T11:41:10Z	-
expert-annotation/results/img/outlinesONcolorICF/outlines_colorICF_RGB_PHS_J04_7.png	1564127	2026-03-25T11:41:15Z	-
expert-annotation/results/img/outlinesONcolorICF/outlines_colorICF_RGB_PHS_J04_9.png	1608482	2026-03-25T11:41:21Z	-
expert-annotation/results/img/outlinesONcolorICF/outlines_colorICF_RGB_PHS_J06_1.png	1310658	2026-03-25T11:32:29Z	-
expert-annotation/results/img/outlinesONcolorICF/outlines_colorICF_RGB_PHS_J06_11.png	1518206	2026-03-25T11:32:38Z	-
expert-annotation/results/img/outlinesONcolorICF/outlines_colorICF_RGB_PHS_J06_3.png	1256807	2026-03-25T11:32:48Z	-
expert-annotation/results/img/outlinesONcolorICF/outlines_colorICF_RGB_PHS_J06_5.png	1290118	2026-03-25T11:32:54Z	-
expert-annotation/results/img/outlinesONcolorICF/outlines_colorICF_RGB_PHS_J06_7.png	1416933	2026-03-25T11:33:05Z	-
expert-annotation/results/img/outlinesONcolorICF/outlines_colorICF_RGB_PHS_J06_9.png	1410890	2026-03-25T11:33:09Z	-
expert-annotation/results/img/outlinesONcolorICF/outlines_colorICF_RGB_PHS_J15_1.png	1066727	2026-03-25T11:33:16Z	-
expert-annotation/results/img/outlinesONcolorICF/outlines_colorICF_RGB_PHS_J15_11.png	1535216	2026-03-25T11:33:21Z	-
expert-annotation/results/img/outlinesONcolorICF/outlines_colorICF_RGB_PHS_J15_3.png	1178852	2026-03-25T11:33:38Z	-
expert-annotation/results/img/outlinesONcolorICF/outlines_colorICF_RGB_PHS_J15_5.png	1232957	2026-03-25T11:33:49Z	-
expert-annotation/results/img/outlinesONcolorICF/outlines_colorICF_RGB_PHS_J15_7.png	1393627	2026-03-25T11:33:53Z	-
expert-annotation/results/img/outlinesONcolorICF/outlines_colorICF_RGB_PHS_J15_9.png	1414016	2026-03-25T11:33:52Z	-
expert-annotation/results/img/outlinesONcolorICF/outlines_colorICF_RGB_PHS_J17_1.png	1157319	2026-03-25T11:41:26Z	-
expert-annotation/results/img/outlinesONcolorICF/outlines_colorICF_RGB_PHS_J17_11.png	1383311	2026-03-25T11:41:42Z	-
expert-annotation/results/img/outlinesONcolorICF/outlines_colorICF_RGB_PHS_J17_3.png	1190883	2026-03-25T11:41:52Z	-
expert-annotation/results/img/outlinesONcolorICF/outlines_colorICF_RGB_PHS_J17_5.png	943948	2026-03-25T11:41:58Z	-
expert-annotation/results/img/outlinesONcolorICF/outlines_colorICF_RGB_PHS_J17_7.png	1205976	2026-03-25T11:42:09Z	-
expert-annotation/results/img/outlinesONcolorICF/outlines_colorICF_RGB_PHS_J17_9.png	1298716	2026-03-25T11:42:12Z	-
expert-annotation/results/img/outlinesONcolorICF/outlines_colorICF_RGB_PHS_M23_1.png	1374508	2026-03-25T11:43:57Z	-
expert-annotation/results/img/outlinesONcolorICF/outlines_colorICF_RGB_PHS_M23_11.png	1567906	2026-03-25T11:44:14Z	-
expert-annotation/results/img/outlinesONcolorICF/outlines_colorICF_RGB_PHS_M23_3.png	1388712	2026-03-25T11:44:26Z	-
expert-annotation/results/img/outlinesONcolorICF/outlines_colorICF_RGB_PHS_M23_5.png	1436568	2026-03-25T11:44:33Z	-
expert-annotation/results/img/outlinesONcolorICF/outlines_colorICF_RGB_PHS_M23_7.png	1435982	2026-03-25T11:44:39Z	-
expert-annotation/results/img/outlinesONcolorICF/outlines_colorICF_RGB_PHS_M23_9.png	1495912	2026-03-25T11:44:38Z	-
expert-annotation/results/img/outlinesONcolorICF/outlines_colorICF_RGB_PHS_N05_1.png	1403205	2026-03-25T11:42:17Z	-
expert-annotation/results/img/outlinesONcolorICF/outlines_colorICF_RGB_PHS_N05_11.png	1677461	2026-03-25T11:42:29Z	-
expert-annotation/results/img/outlinesONcolorICF/outlines_colorICF_RGB_PHS_N05_3.png	1536070	2026-03-25T11:42:42Z	-
expert-annotation/results/img/outlinesONcolorICF/outlines_colorICF_RGB_PHS_N05_5.png	1589515	2026-03-25T11:43:03Z	-
expert-annotation/results/img/outlinesONcolorICF/outlines_colorICF_RGB_PHS_N05_7.png	1645524	2026-03-25T11:43:08Z	-
expert-annotation/results/img/outlinesONcolorICF/outlines_colorICF_RGB_PHS_N05_9.png	1593450	2026-03-25T11:42:50Z	-
expert-annotation/results/img/segmentation/cell_segmented_B14_1.npy	1048704	2026-03-25T11:33:59Z	-
expert-annotation/results/img/segmentation/cell_segmented_B14_11.npy	1048704	2026-03-25T11:34:13Z	-
expert-annotation/results/img/segmentation/cell_segmented_B14_3.npy	1048704	2026-03-25T11:34:31Z	-
expert-annotation/results/img/segmentation/cell_segmented_B14_5.npy	1048704	2026-03-25T11:34:42Z	-
expert-annotation/results/img/segmentation/cell_segmented_B14_7.npy	1048704	2026-03-25T11:34:42Z	-
expert-annotation/results/img/segmentation/cell_segmented_B14_9.npy	1048704	2026-03-25T11:34:49Z	-
expert-annotation/results/img/segmentation/cell_segmented_C03_1.npy	1048704	2026-03-25T11:26:46Z	-
expert-annotation/results/img/segmentation/cell_segmented_C03_11.npy	1048704	2026-03-25T11:26:47Z	-
expert-annotation/results/img/segmentation/cell_segmented_C03_3.npy	1048704	2026-03-25T11:26:59Z	-
expert-annotation/results/img/segmentation/cell_segmented_C03_5.npy	1048704	2026-03-25T11:27:17Z	-
expert-annotation/results/img/segmentation/cell_segmented_C03_7.npy	1048704	2026-03-25T11:27:28Z	-
expert-annotation/results/img/segmentation/cell_segmented_C03_9.npy	1048704	2026-03-25T11:27:26Z	-
expert-annotation/results/img/segmentation/cell_segmented_C12_1.npy	1048704	2026-03-25T11:27:32Z	-
expert-annotation/results/img/segmentation/cell_segmented_C12_11.npy	1048704	2026-03-25T11:27:37Z	-
expert-annotation/results/img/segmentation/cell_segmented_C12_3.npy	1048704	2026-03-25T11:28:00Z	-
expert-annotation/results/img/segmentation/cell_segmented_C12_5.npy	1048704	2026-03-25T11:28:07Z	-
expert-annotation/results/img/segmentation/cell_segmented_C12_7.npy	1048704	2026-03-25T11:28:18Z	-
expert-annotation/results/img/segmentation/cell_segmented_C12_9.npy	1048704	2026-03-25T11:28:11Z	-
expert-annotation/results/img/segmentation/cell_segmented_C14_1.npy	1048704	2026-03-25T11:28:23Z	-
expert-annotation/results/img/segmentation/cell_segmented_C14_11.npy	1048704	2026-03-25T11:28:34Z	-
expert-annotation/results/img/segmentation/cell_segmented_C14_3.npy	1048704	2026-03-25T11:28:50Z	-
expert-annotation/results/img/segmentation/cell_segmented_C14_5.npy	1048704	2026-03-25T11:28:54Z	-
expert-annotation/results/img/segmentation/cell_segmented_C14_7.npy	1048704	2026-03-25T11:28:57Z	-
expert-annotation/results/img/segmentation/cell_segmented_C14_9.npy	1048704	2026-03-25T11:29:02Z	-
expert-annotation/results/img/segmentation/cell_segmented_C23_1.npy	1048704	2026-03-25T11:34:51Z	-
expert-annotation/results/img/segmentation/cell_segmented_C23_11.npy	1048704	2026-03-25T11:35:06Z	-
expert-annotation/results/img/segmentation/cell_segmented_C23_3.npy	1048704	2026-03-25T11:35:22Z	-
expert-annotation/results/img/segmentation/cell_segmented_C23_5.npy	1048704	2026-03-25T11:35:20Z	-
expert-annotation/results/img/segmentation/cell_segmented_C23_7.npy	1048704	2026-03-25T11:35:32Z	-
expert-annotation/results/img/segmentation/cell_segmented_C23_9.npy	1048704	2026-03-25T11:35:31Z	-
expert-annotation/results/img/segmentation/cell_segmented_D06_1.npy	1048704	2026-03-25T11:30:00Z	-
expert-annotation/results/img/segmentation/cell_segmented_D06_11.npy	1048704	2026-03-25T11:30:18Z	-
expert-annotation/results/img/segmentation/cell_segmented_D06_3.npy	1048704	2026-03-25T11:30:20Z	-
expert-annotation/results/img/segmentation/cell_segmented_D06_5.npy	1048704	2026-03-25T11:30:34Z	-
expert-annotation/results/img/segmentation/cell_segmented_D06_7.npy	1048704	2026-03-25T11:30:34Z	-
expert-annotation/results/img/segmentation/cell_segmented_D06_9.npy	1048704	2026-03-25T11:30:43Z	-
expert-annotation/results/img/segmentation/cell_segmented_D11_1.npy	1048704	2026-03-25T11:30:54Z	-
expert-annotation/results/img/segmentation/cell_segmented_D11_11.npy	1048704	2026-03-25T11:31:07Z	-
expert-annotation/results/img/segmentation/cell_segmented_D11_3.npy	1048704	2026-03-25T11:31:15Z	-
expert-annotation/results/img/segmentation/cell_segmented_D11_5.npy	1048704	2026-03-25T11:31:21Z	-
expert-annotation/results/img/segmentation/cell_segmented_D11_7.npy	1048704	2026-03-25T11:31:27Z	-
expert-annotation/results/img/segmentation/cell_segmented_D11_9.npy	1048704	2026-03-25T11:31:32Z	-
expert-annotation/results/img/segmentation/cell_segmented_D12_1.npy	1048704	2026-03-25T11:25:12Z	-
expert-annotation/results/img/segmentation/cell_segmented_D12_11.npy	1048704	2026-03-25T11:25:28Z	-
expert-annotation/results/img/segmentation/cell_segmented_D12_3.npy	1048704	2026-03-25T11:25:19Z	-
expert-annotation/results/img/segmentation/cell_segmented_D12_5.npy	1048704	2026-03-25T11:25:23Z	-
expert-annotation/results/img/segmentation/cell_segmented_D12_7.npy	1048704	2026-03-25T11:25:30Z	-
expert-annotation/results/img/segmentation/cell_segmented_D12_9.npy	1048704	2026-03-25T11:26:05Z	-
expert-annotation/results/img/segmentation/cell_segmented_D22_1.npy	1048704	2026-03-25T11:35:46Z	-
expert-annotation/results/img/segmentation/cell_segmented_D22_11.npy	1048704	2026-03-25T11:35:59Z	-
expert-annotation/results/img/segmentation/cell_segmented_D22_3.npy	1048704	2026-03-25T11:36:11Z	-
expert-annotation/results/img/segmentation/cell_segmented_D22_5.npy	1048704	2026-03-25T11:36:14Z	-
expert-annotation/results/img/segmentation/cell_segmented_D22_7.npy	1048704	2026-03-25T11:36:12Z	-
expert-annotation/results/img/segmentation/cell_segmented_D22_9.npy	1048704	2026-03-25T11:36:24Z	-
expert-annotation/results/img/segmentation/cell_segmented_F06_1.npy	1048704	2026-03-25T11:25:51Z	-
expert-annotation/results/img/segmentation/cell_segmented_F06_11.npy	1048704	2026-03-25T11:25:59Z	-
expert-annotation/results/img/segmentation/cell_segmented_F06_3.npy	1048704	2026-03-25T11:26:08Z	-
expert-annotation/results/img/segmentation/cell_segmented_F06_5.npy	1048704	2026-03-25T11:26:13Z	-
expert-annotation/results/img/segmentation/cell_segmented_F06_7.npy	1048704	2026-03-25T11:26:34Z	-
expert-annotation/results/img/segmentation/cell_segmented_F06_9.npy	1048704	2026-03-25T11:26:43Z	-
expert-annotation/results/img/segmentation/cell_segmented_G02_1.npy	1048704	2026-03-25T11:43:09Z	-
expert-annotation/results/img/segmentation/cell_segmented_G02_11.npy	1048704	2026-03-25T11:43:18Z	-
expert-annotation/results/img/segmentation/cell_segmented_G02_3.npy	1048704	2026-03-25T11:43:32Z	-
expert-annotation/results/img/segmentation/cell_segmented_G02_5.npy	1048704	2026-03-25T11:43:45Z	-
expert-annotation/results/img/segmentation/cell_segmented_G02_7.npy	1048704	2026-03-25T11:43:52Z	-
expert-annotation/results/img/segmentation/cell_segmented_G02_9.npy	1048704	2026-03-25T11:43:53Z	-
expert-annotation/results/img/segmentation/cell_segmented_G05_1.npy	1048704	2026-03-25T11:36:33Z	-
expert-annotation/results/img/segmentation/cell_segmented_G05_11.npy	1048704	2026-03-25T11:36:49Z	-
expert-annotation/results/img/segmentation/cell_segmented_G05_3.npy	1048704	2026-03-25T11:36:54Z	-
expert-annotation/results/img/segmentation/cell_segmented_G05_5.npy	1048704	2026-03-25T11:36:56Z	-
expert-annotation/results/img/segmentation/cell_segmented_G05_7.npy	1048704	2026-03-25T11:37:07Z	-
expert-annotation/results/img/segmentation/cell_segmented_G05_9.npy	1048704	2026-03-25T11:37:14Z	-
expert-annotation/results/img/segmentation/cell_segmented_G08_1.npy	1048704	2026-03-25T11:37:23Z	-
expert-annotation/results/img/segmentation/cell_segmented_G08_11.npy	1048704	2026-03-25T11:37:34Z	-
expert-annotation/results/img/segmentation/cell_segmented_G08_3.npy	1048704	2026-03-25T11:37:38Z	-
expert-annotation/results/img/segmentation/cell_segmented_G08_5.npy	1048704	2026-03-25T11:37:46Z	-
expert-annotation/results/img/segmentation/cell_segmented_G08_7.npy	1048704	2026-03-25T11:37:55Z	-
expert-annotation/results/img/segmentation/cell_segmented_G08_9.npy	1048704	2026-03-25T11:38:01Z	-
expert-annotation/results/img/segmentation/cell_segmented_G19_1.npy	1048704	2026-03-25T11:38:06Z	-
expert-annotation/results/img/segmentation/cell_segmented_G19_11.npy	1048704	2026-03-25T11:38:17Z	-
expert-annotation/results/img/segmentation/cell_segmented_G19_3.npy	1048704	2026-03-25T11:38:24Z	-
expert-annotation/results/img/segmentation/cell_segmented_G19_5.npy	1048704	2026-03-25T11:38:36Z	-
expert-annotation/results/img/segmentation/cell_segmented_G19_7.npy	1048704	2026-03-25T11:38:44Z	-
expert-annotation/results/img/segmentation/cell_segmented_G19_9.npy	1048704	2026-03-25T11:38:51Z	-
expert-annotation/results/img/segmentation/cell_segmented_H23_1.npy	1048704	2026-03-25T11:38:54Z	-
expert-annotation/results/img/segmentation/cell_segmented_H23_11.npy	1048704	2026-03-25T11:39:14Z	-
expert-annotation/results/img/segmentation/cell_segmented_H23_3.npy	1048704	2026-03-25T11:39:16Z	-
expert-annotation/results/img/segmentation/cell_segmented_H23_5.npy	1048704	2026-03-25T11:39:24Z	-
expert-annotation/results/img/segmentation/cell_segmented_H23_7.npy	1048704	2026-03-25T11:39:37Z	-
expert-annotation/results/img/segmentation/cell_segmented_H23_9.npy	1048704	2026-03-25T11:39:46Z	-
expert-annotation/results/img/segmentation/cell_segmented_I13_1.npy	1048704	2026-03-25T11:39:52Z	-
expert-annotation/results/img/segmentation/cell_segmented_I13_11.npy	1048704	2026-03-25T11:39:56Z	-
expert-annotation/results/img/segmentation/cell_segmented_I13_3.npy	1048704	2026-03-25T11:40:06Z	-
expert-annotation/results/img/segmentation/cell_segmented_I13_5.npy	1048704	2026-03-25T11:40:20Z	-
expert-annotation/results/img/segmentation/cell_segmented_I13_7.npy	1048704	2026-03-25T11:40:28Z	-
expert-annotation/results/img/segmentation/cell_segmented_I13_9.npy	1048704	2026-03-25T11:40:31Z	-
expert-annotation/results/img/segmentation/cell_segmented_J04_1.npy	1048704	2026-03-25T11:40:38Z	-
expert-annotation/results/img/segmentation/cell_segmented_J04_11.npy	1048704	2026-03-25T11:40:43Z	-
expert-annotation/results/img/segmentation/cell_segmented_J04_3.npy	1048704	2026-03-25T11:41:01Z	-
expert-annotation/results/img/segmentation/cell_segmented_J04_5.npy	1048704	2026-03-25T11:41:10Z	-
expert-annotation/results/img/segmentation/cell_segmented_J04_7.npy	1048704	2026-03-25T11:41:15Z	-
expert-annotation/results/img/segmentation/cell_segmented_J04_9.npy	1048704	2026-03-25T11:41:21Z	-
expert-annotation/results/img/segmentation/cell_segmented_J06_1.npy	1048704	2026-03-25T11:32:29Z	-
expert-annotation/results/img/segmentation/cell_segmented_J06_11.npy	1048704	2026-03-25T11:32:38Z	-
expert-annotation/results/img/segmentation/cell_segmented_J06_3.npy	1048704	2026-03-25T11:32:48Z	-
expert-annotation/results/img/segmentation/cell_segmented_J06_5.npy	1048704	2026-03-25T11:32:54Z	-
expert-annotation/results/img/segmentation/cell_segmented_J06_7.npy	1048704	2026-03-25T11:33:05Z	-
expert-annotation/results/img/segmentation/cell_segmented_J06_9.npy	1048704	2026-03-25T11:33:09Z	-
expert-annotation/results/img/segmentation/cell_segmented_J15_1.npy	1048704	2026-03-25T11:33:16Z	-
expert-annotation/results/img/segmentation/cell_segmented_J15_11.npy	1048704	2026-03-25T11:33:21Z	-
expert-annotation/results/img/segmentation/cell_segmented_J15_3.npy	1048704	2026-03-25T11:33:38Z	-
expert-annotation/results/img/segmentation/cell_segmented_J15_5.npy	1048704	2026-03-25T11:33:49Z	-
expert-annotation/results/img/segmentation/cell_segmented_J15_7.npy	1048704	2026-03-25T11:33:53Z	-
expert-annotation/results/img/segmentation/cell_segmented_J15_9.npy	1048704	2026-03-25T11:33:52Z	-
expert-annotation/results/img/segmentation/cell_segmented_J17_1.npy	1048704	2026-03-25T11:41:26Z	-
expert-annotation/results/img/segmentation/cell_segmented_J17_11.npy	1048704	2026-03-25T11:41:42Z	-
expert-annotation/results/img/segmentation/cell_segmented_J17_3.npy	1048704	2026-03-25T11:41:52Z	-
expert-annotation/results/img/segmentation/cell_segmented_J17_5.npy	1048704	2026-03-25T11:41:58Z	-
expert-annotation/results/img/segmentation/cell_segmented_J17_7.npy	1048704	2026-03-25T11:42:09Z	-
expert-annotation/results/img/segmentation/cell_segmented_J17_9.npy	1048704	2026-03-25T11:42:12Z	-
expert-annotation/results/img/segmentation/cell_segmented_M23_1.npy	1048704	2026-03-25T11:43:57Z	-
expert-annotation/results/img/segmentation/cell_segmented_M23_11.npy	1048704	2026-03-25T11:44:14Z	-
expert-annotation/results/img/segmentation/cell_segmented_M23_3.npy	1048704	2026-03-25T11:44:26Z	-
expert-annotation/results/img/segmentation/cell_segmented_M23_5.npy	1048704	2026-03-25T11:44:33Z	-
expert-annotation/results/img/segmentation/cell_segmented_M23_7.npy	1048704	2026-03-25T11:44:39Z	-
expert-annotation/results/img/segmentation/cell_segmented_M23_9.npy	1048704	2026-03-25T11:44:38Z	-
expert-annotation/results/img/segmentation/cell_segmented_N05_1.npy	1048704	2026-03-25T11:42:17Z	-
expert-annotation/results/img/segmentation/cell_segmented_N05_11.npy	1048704	2026-03-25T11:42:29Z	-
expert-annotation/results/img/segmentation/cell_segmented_N05_3.npy	1048704	2026-03-25T11:42:42Z	-
expert-annotation/results/img/segmentation/cell_segmented_N05_5.npy	1048704	2026-03-25T11:43:03Z	-
expert-annotation/results/img/segmentation/cell_segmented_N05_7.npy	1048704	2026-03-25T11:43:08Z	-
expert-annotation/results/img/segmentation/cell_segmented_N05_9.npy	1048704	2026-03-25T11:42:50Z	-
expert-annotation/results/img/segmentation/nuclei_segmented_B14_1.npy	1048704	2026-03-25T11:33:59Z	-
expert-annotation/results/img/segmentation/nuclei_segmented_B14_11.npy	1048704	2026-03-25T11:34:13Z	-
expert-annotation/results/img/segmentation/nuclei_segmented_B14_3.npy	1048704	2026-03-25T11:34:31Z	-
expert-annotation/results/img/segmentation/nuclei_segmented_B14_5.npy	1048704	2026-03-25T11:34:42Z	-
expert-annotation/results/img/segmentation/nuclei_segmented_B14_7.npy	1048704	2026-03-25T11:34:42Z	-
expert-annotation/results/img/segmentation/nuclei_segmented_B14_9.npy	1048704	2026-03-25T11:34:49Z	-
expert-annotation/results/img/segmentation/nuclei_segmented_C03_1.npy	1048704	2026-03-25T11:26:46Z	-
expert-annotation/results/img/segmentation/nuclei_segmented_C03_11.npy	1048704	2026-03-25T11:26:47Z	-
expert-annotation/results/img/segmentation/nuclei_segmented_C03_3.npy	1048704	2026-03-25T11:26:59Z	-
expert-annotation/results/img/segmentation/nuclei_segmented_C03_5.npy	1048704	2026-03-25T11:27:17Z	-
expert-annotation/results/img/segmentation/nuclei_segmented_C03_7.npy	1048704	2026-03-25T11:27:28Z	-
expert-annotation/results/img/segmentation/nuclei_segmented_C03_9.npy	1048704	2026-03-25T11:27:26Z	-
expert-annotation/results/img/segmentation/nuclei_segmented_C12_1.npy	1048704	2026-03-25T11:27:32Z	-
expert-annotation/results/img/segmentation/nuclei_segmented_C12_11.npy	1048704	2026-03-25T11:27:37Z	-
expert-annotation/results/img/segmentation/nuclei_segmented_C12_3.npy	1048704	2026-03-25T11:28:00Z	-
expert-annotation/results/img/segmentation/nuclei_segmented_C12_5.npy	1048704	2026-03-25T11:28:07Z	-
expert-annotation/results/img/segmentation/nuclei_segmented_C12_7.npy	1048704	2026-03-25T11:28:17Z	-
expert-annotation/results/img/segmentation/nuclei_segmented_C12_9.npy	1048704	2026-03-25T11:28:11Z	-
expert-annotation/results/img/segmentation/nuclei_segmented_C14_1.npy	1048704	2026-03-25T11:28:23Z	-
expert-annotation/results/img/segmentation/nuclei_segmented_C14_11.npy	1048704	2026-03-25T11:28:34Z	-
expert-annotation/results/img/segmentation/nuclei_segmented_C14_3.npy	1048704	2026-03-25T11:28:50Z	-
expert-annotation/results/img/segmentation/nuclei_segmented_C14_5.npy	1048704	2026-03-25T11:28:54Z	-
expert-annotation/results/img/segmentation/nuclei_segmented_C14_7.npy	1048704	2026-03-25T11:28:57Z	-
expert-annotation/results/img/segmentation/nuclei_segmented_C14_9.npy	1048704	2026-03-25T11:29:02Z	-
expert-annotation/results/img/segmentation/nuclei_segmented_C23_1.npy	1048704	2026-03-25T11:34:51Z	-
expert-annotation/results/img/segmentation/nuclei_segmented_C23_11.npy	1048704	2026-03-25T11:35:06Z	-
expert-annotation/results/img/segmentation/nuclei_segmented_C23_3.npy	1048704	2026-03-25T11:35:22Z	-
expert-annotation/results/img/segmentation/nuclei_segmented_C23_5.npy	1048704	2026-03-25T11:35:20Z	-
expert-annotation/results/img/segmentation/nuclei_segmented_C23_7.npy	1048704	2026-03-25T11:35:32Z	-
expert-annotation/results/img/segmentation/nuclei_segmented_C23_9.npy	1048704	2026-03-25T11:35:31Z	-
expert-annotation/results/img/segmentation/nuclei_segmented_D06_1.npy	1048704	2026-03-25T11:30:00Z	-
expert-annotation/results/img/segmentation/nuclei_segmented_D06_11.npy	1048704	2026-03-25T11:30:18Z	-
expert-annotation/results/img/segmentation/nuclei_segmented_D06_3.npy	1048704	2026-03-25T11:30:20Z	-
expert-annotation/results/img/segmentation/nuclei_segmented_D06_5.npy	1048704	2026-03-25T11:30:34Z	-
expert-annotation/results/img/segmentation/nuclei_segmented_D06_7.npy	1048704	2026-03-25T11:30:34Z	-
expert-annotation/results/img/segmentation/nuclei_segmented_D06_9.npy	1048704	2026-03-25T11:30:43Z	-
expert-annotation/results/img/segmentation/nuclei_segmented_D11_1.npy	1048704	2026-03-25T11:30:54Z	-
expert-annotation/results/img/segmentation/nuclei_segmented_D11_11.npy	1048704	2026-03-25T11:31:07Z	-
expert-annotation/results/img/segmentation/nuclei_segmented_D11_3.npy	1048704	2026-03-25T11:31:15Z	-
expert-annotation/results/img/segmentation/nuclei_segmented_D11_5.npy	1048704	2026-03-25T11:31:21Z	-
expert-annotation/results/img/segmentation/nuclei_segmented_D11_7.npy	1048704	2026-03-25T11:31:27Z	-
expert-annotation/results/img/segmentation/nuclei_segmented_D11_9.npy	1048704	2026-03-25T11:31:32Z	-
expert-annotation/results/img/segmentation/nuclei_segmented_D12_1.npy	1048704	2026-03-25T11:25:12Z	-
expert-annotation/results/img/segmentation/nuclei_segmented_D12_11.npy	1048704	2026-03-25T11:25:28Z	-
expert-annotation/results/img/segmentation/nuclei_segmented_D12_3.npy	1048704	2026-03-25T11:25:19Z	-
expert-annotation/results/img/segmentation/nuclei_segmented_D12_5.npy	1048704	2026-03-25T11:25:23Z	-
expert-annotation/results/img/segmentation/nuclei_segmented_D12_7.npy	1048704	2026-03-25T11:25:30Z	-
expert-annotation/results/img/segmentation/nuclei_segmented_D12_9.npy	1048704	2026-03-25T11:26:05Z	-
expert-annotation/results/img/segmentation/nuclei_segmented_D22_1.npy	1048704	2026-03-25T11:35:46Z	-
expert-annotation/results/img/segmentation/nuclei_segmented_D22_11.npy	1048704	2026-03-25T11:35:59Z	-
expert-annotation/results/img/segmentation/nuclei_segmented_D22_3.npy	1048704	2026-03-25T11:36:10Z	-
expert-annotation/results/img/segmentation/nuclei_segmented_D22_5.npy	1048704	2026-03-25T11:36:14Z	-
expert-annotation/results/img/segmentation/nuclei_segmented_D22_7.npy	1048704	2026-03-25T11:36:12Z	-
expert-annotation/results/img/segmentation/nuclei_segmented_D22_9.npy	1048704	2026-03-25T11:36:24Z	-
expert-annotation/results/img/segmentation/nuclei_segmented_F06_1.npy	1048704	2026-03-25T11:25:51Z	-
expert-annotation/results/img/segmentation/nuclei_segmented_F06_11.npy	1048704	2026-03-25T11:25:59Z	-
expert-annotation/results/img/segmentation/nuclei_segmented_F06_3.npy	1048704	2026-03-25T11:26:08Z	-
expert-annotation/results/img/segmentation/nuclei_segmented_F06_5.npy	1048704	2026-03-25T11:26:13Z	-
expert-annotation/results/img/segmentation/nuclei_segmented_F06_7.npy	1048704	2026-03-25T11:26:34Z	-
expert-annotation/results/img/segmentation/nuclei_segmented_F06_9.npy	1048704	2026-03-25T11:26:43Z	-
expert-annotation/results/img/segmentation/nuclei_segmented_G02_1.npy	1048704	2026-03-25T11:43:09Z	-
expert-annotation/results/img/segmentation/nuclei_segmented_G02_11.npy	1048704	2026-03-25T11:43:18Z	-
expert-annotation/results/img/segmentation/nuclei_segmented_G02_3.npy	1048704	2026-03-25T11:43:32Z	-
expert-annotation/results/img/segmentation/nuclei_segmented_G02_5.npy	1048704	2026-03-25T11:43:45Z	-
expert-annotation/results/img/segmentation/nuclei_segmented_G02_7.npy	1048704	2026-03-25T11:43:52Z	-
expert-annotation/results/img/segmentation/nuclei_segmented_G02_9.npy	1048704	2026-03-25T11:43:53Z	-
expert-annotation/results/img/segmentation/nuclei_segmented_G05_1.npy	1048704	2026-03-25T11:36:33Z	-
expert-annotation/results/img/segmentation/nuclei_segmented_G05_11.npy	1048704	2026-03-25T11:36:49Z	-
expert-annotation/results/img/segmentation/nuclei_segmented_G05_3.npy	1048704	2026-03-25T11:36:54Z	-
expert-annotation/results/img/segmentation/nuclei_segmented_G05_5.npy	1048704	2026-03-25T11:36:56Z	-
expert-annotation/results/img/segmentation/nuclei_segmented_G05_7.npy	1048704	2026-03-25T11:37:07Z	-
expert-annotation/results/img/segmentation/nuclei_segmented_G05_9.npy	1048704	2026-03-25T11:37:14Z	-
expert-annotation/results/img/segmentation/nuclei_segmented_G08_1.npy	1048704	2026-03-25T11:37:23Z	-
expert-annotation/results/img/segmentation/nuclei_segmented_G08_11.npy	1048704	2026-03-25T11:37:34Z	-
expert-annotation/results/img/segmentation/nuclei_segmented_G08_3.npy	1048704	2026-03-25T11:37:38Z	-
expert-annotation/results/img/segmentation/nuclei_segmented_G08_5.npy	1048704	2026-03-25T11:37:46Z	-
expert-annotation/results/img/segmentation/nuclei_segmented_G08_7.npy	1048704	2026-03-25T11:37:55Z	-
expert-annotation/results/img/segmentation/nuclei_segmented_G08_9.npy	1048704	2026-03-25T11:38:01Z	-
expert-annotation/results/img/segmentation/nuclei_segmented_G19_1.npy	1048704	2026-03-25T11:38:06Z	-
expert-annotation/results/img/segmentation/nuclei_segmented_G19_11.npy	1048704	2026-03-25T11:38:17Z	-
expert-annotation/results/img/segmentation/nuclei_segmented_G19_3.npy	1048704	2026-03-25T11:38:24Z	-
expert-annotation/results/img/segmentation/nuclei_segmented_G19_5.npy	1048704	2026-03-25T11:38:36Z	-
expert-annotation/results/img/segmentation/nuclei_segmented_G19_7.npy	1048704	2026-03-25T11:38:44Z	-
expert-annotation/results/img/segmentation/nuclei_segmented_G19_9.npy	1048704	2026-03-25T11:38:51Z	-
expert-annotation/results/img/segmentation/nuclei_segmented_H23_1.npy	1048704	2026-03-25T11:38:54Z	-
expert-annotation/results/img/segmentation/nuclei_segmented_H23_11.npy	1048704	2026-03-25T11:39:14Z	-
expert-annotation/results/img/segmentation/nuclei_segmented_H23_3.npy	1048704	2026-03-25T11:39:16Z	-
expert-annotation/results/img/segmentation/nuclei_segmented_H23_5.npy	1048704	2026-03-25T11:39:24Z	-
expert-annotation/results/img/segmentation/nuclei_segmented_H23_7.npy	1048704	2026-03-25T11:39:37Z	-
expert-annotation/results/img/segmentation/nuclei_segmented_H23_9.npy	1048704	2026-03-25T11:39:46Z	-
expert-annotation/results/img/segmentation/nuclei_segmented_I13_1.npy	1048704	2026-03-25T11:39:52Z	-
expert-annotation/results/img/segmentation/nuclei_segmented_I13_11.npy	1048704	2026-03-25T11:39:56Z	-
expert-annotation/results/img/segmentation/nuclei_segmented_I13_3.npy	1048704	2026-03-25T11:40:06Z	-
expert-annotation/results/img/segmentation/nuclei_segmented_I13_5.npy	1048704	2026-03-25T11:40:20Z	-
expert-annotation/results/img/segmentation/nuclei_segmented_I13_7.npy	1048704	2026-03-25T11:40:28Z	-
expert-annotation/results/img/segmentation/nuclei_segmented_I13_9.npy	1048704	2026-03-25T11:40:31Z	-
expert-annotation/results/img/segmentation/nuclei_segmented_J04_1.npy	1048704	2026-03-25T11:40:38Z	-
expert-annotation/results/img/segmentation/nuclei_segmented_J04_11.npy	1048704	2026-03-25T11:40:43Z	-
expert-annotation/results/img/segmentation/nuclei_segmented_J04_3.npy	1048704	2026-03-25T11:41:01Z	-
expert-annotation/results/img/segmentation/nuclei_segmented_J04_5.npy	1048704	2026-03-25T11:41:10Z	-
expert-annotation/results/img/segmentation/nuclei_segmented_J04_7.npy	1048704	2026-03-25T11:41:15Z	-
expert-annotation/results/img/segmentation/nuclei_segmented_J04_9.npy	1048704	2026-03-25T11:41:21Z	-
expert-annotation/results/img/segmentation/nuclei_segmented_J06_1.npy	1048704	2026-03-25T11:32:29Z	-
expert-annotation/results/img/segmentation/nuclei_segmented_J06_11.npy	1048704	2026-03-25T11:32:38Z	-
expert-annotation/results/img/segmentation/nuclei_segmented_J06_3.npy	1048704	2026-03-25T11:32:48Z	-
expert-annotation/results/img/segmentation/nuclei_segmented_J06_5.npy	1048704	2026-03-25T11:32:54Z	-
expert-annotation/results/img/segmentation/nuclei_segmented_J06_7.npy	1048704	2026-03-25T11:33:05Z	-
expert-annotation/results/img/segmentation/nuclei_segmented_J06_9.npy	1048704	2026-03-25T11:33:09Z	-
expert-annotation/results/img/segmentation/nuclei_segmented_J15_1.npy	1048704	2026-03-25T11:33:16Z	-
expert-annotation/results/img/segmentation/nuclei_segmented_J15_11.npy	1048704	2026-03-25T11:33:21Z	-
expert-annotation/results/img/segmentation/nuclei_segmented_J15_3.npy	1048704	2026-03-25T11:33:38Z	-
expert-annotation/results/img/segmentation/nuclei_segmented_J15_5.npy	1048704	2026-03-25T11:33:49Z	-
expert-annotation/results/img/segmentation/nuclei_segmented_J15_7.npy	1048704	2026-03-25T11:33:53Z	-
expert-annotation/results/img/segmentation/nuclei_segmented_J15_9.npy	1048704	2026-03-25T11:33:52Z	-
expert-annotation/results/img/segmentation/nuclei_segmented_J17_1.npy	1048704	2026-03-25T11:41:26Z	-
expert-annotation/results/img/segmentation/nuclei_segmented_J17_11.npy	1048704	2026-03-25T11:41:42Z	-
expert-annotation/results/img/segmentation/nuclei_segmented_J17_3.npy	1048704	2026-03-25T11:41:52Z	-
expert-annotation/results/img/segmentation/nuclei_segmented_J17_5.npy	1048704	2026-03-25T11:41:58Z	-
expert-annotation/results/img/segmentation/nuclei_segmented_J17_7.npy	1048704	2026-03-25T11:42:09Z	-
expert-annotation/results/img/segmentation/nuclei_segmented_J17_9.npy	1048704	2026-03-25T11:42:12Z	-
expert-annotation/results/img/segmentation/nuclei_segmented_M23_1.npy	1048704	2026-03-25T11:43:57Z	-
expert-annotation/results/img/segmentation/nuclei_segmented_M23_11.npy	1048704	2026-03-25T11:44:14Z	-
expert-annotation/results/img/segmentation/nuclei_segmented_M23_3.npy	1048704	2026-03-25T11:44:26Z	-
expert-annotation/results/img/segmentation/nuclei_segmented_M23_5.npy	1048704	2026-03-25T11:44:33Z	-
expert-annotation/results/img/segmentation/nuclei_segmented_M23_7.npy	1048704	2026-03-25T11:44:39Z	-
expert-annotation/results/img/segmentation/nuclei_segmented_M23_9.npy	1048704	2026-03-25T11:44:38Z	-
expert-annotation/results/img/segmentation/nuclei_segmented_N05_1.npy	1048704	2026-03-25T11:42:17Z	-
expert-annotation/results/img/segmentation/nuclei_segmented_N05_11.npy	1048704	2026-03-25T11:42:29Z	-
expert-annotation/results/img/segmentation/nuclei_segmented_N05_3.npy	1048704	2026-03-25T11:42:42Z	-
expert-annotation/results/img/segmentation/nuclei_segmented_N05_5.npy	1048704	2026-03-25T11:43:03Z	-
expert-annotation/results/img/segmentation/nuclei_segmented_N05_7.npy	1048704	2026-03-25T11:43:08Z	-
expert-annotation/results/img/segmentation/nuclei_segmented_N05_9.npy	1048704	2026-03-25T11:42:50Z	-
expert-annotation/segmentation_error_analysis.svg	34991	2026-04-14T22:07:21Z	-
expert-annotation/segmentation_error_analysis_instance.svg	68736	2026-05-03T20:56:58Z	-
maxproject_features/colo52-v1-import-inputFiles-and-PLAIDresults - 5-metadata.csv	554809	2024-07-10T12:48:36Z	-
maxproject_features/results/PB000137_QC.pdf	15553	2024-09-11T18:38:05Z	-
maxproject_features/results/PB000138_QC.pdf	15585	2024-09-11T18:38:06Z	-
maxproject_features/results/PB000139_QC.pdf	15534	2024-09-11T18:38:06Z	-
maxproject_features/results/PB000140_QC.pdf	15548	2024-09-11T18:38:06Z	-
maxproject_features/results/PB000141_QC.pdf	15516	2024-09-11T18:38:07Z	-
maxproject_features/results/PB000142_QC.pdf	15493	2024-09-11T18:38:07Z	-
maxproject_features/results/QCFlags.csv	7071776	2024-12-06T08:36:15Z	-
maxproject_features/results/selected_data.csv	13985538	2024-09-11T18:00:18Z	-
maxproject_features/results/selected_data_MIP.csv	13985538	2024-09-11T18:38:11Z	-
maxproject_features/spher010-metadata.csv	231197	2024-06-21T11:05:38Z	-
requirements.txt	2479	2026-02-20T22:30:33Z	365bc6786d214aeffbcb19d15a34d7765b95701be2e87c66dd1c6147d9e43c74
requirements_keep.txt	3191	2025-12-19T21:03:38Z	8eb96f0e1b02a3171b3c87eca4d282b0c89dc80354c8ee8392b543f7621a4dac
spher_colo52_v1/0_Inspection/0_renderImages.ipynb	4993597	2026-03-02T16:12:31Z	a70311940b341fe4facd69dc50200f16fd3c852d315ba4c4f9049ee40b3df998
spher_colo52_v1/1_Data/1_FeatureSorting.ipynb	31756	2026-03-17T08:55:19Z	8505c251b39ebef1d2463ab7544206349a0f3b79874e6dea60a6ab39f624b5f6
spher_colo52_v1/1_Data/1_SC_Harmony_streamlined.ipynb	2678436	2026-01-23T00:06:53Z	99ae4d074ec62a348c7a0bec48473516fbc026c02e79c5f4b2bb245411861eb7
spher_colo52_v1/1_Data/1_SC_Harmony_streamlined_copy.ipynb	2813710	2026-03-04T10:25:39Z	198c4bcab70e4473f5349ef5d580ebe70ab40415ac65f4823fb66b540fe801c6
spher_colo52_v1/1_Data/1_SC_Harmony_streamlined_new.ipynb	1460986	2026-04-28T23:49:59Z	ea9383bb020bc84414f8908ab37404a8c9ac19f9e5dd27340f5cd22b19d028b4
spher_colo52_v1/1_Data/FeaturesImages_011225_none/SingleCell/HCT116.parquet	5048824701	2026-03-26T14:40:52Z	-
spher_colo52_v1/1_Data/FeaturesImages_011225_none/SingleCell/HT29.parquet	2900301575	2026-03-26T14:42:37Z	-
spher_colo52_v1/1_Data/FeaturesImages_011225_none/SingleSlice/HCT116_Slice0MedianAgg.parquet	5927666	2026-03-26T14:40:53Z	-
spher_colo52_v1/1_Data/FeaturesImages_011225_none/SingleSlice/HCT116_Slice10MedianAgg.parquet	5773850	2026-03-26T14:40:59Z	-
spher_colo52_v1/1_Data/FeaturesImages_011225_none/SingleSlice/HCT116_Slice11MedianAgg.parquet	5703871	2026-03-26T14:40:59Z	-
spher_colo52_v1/1_Data/FeaturesImages_011225_none/SingleSlice/HCT116_Slice1MedianAgg.parquet	5951523	2026-03-26T14:40:53Z	-
spher_colo52_v1/1_Data/FeaturesImages_011225_none/SingleSlice/HCT116_Slice2MedianAgg.parquet	5942804	2026-03-26T14:40:54Z	-
spher_colo52_v1/1_Data/FeaturesImages_011225_none/SingleSlice/HCT116_Slice3MedianAgg.parquet	5932739	2026-03-26T14:40:54Z	-
spher_colo52_v1/1_Data/FeaturesImages_011225_none/SingleSlice/HCT116_Slice4MedianAgg.parquet	5916445	2026-03-26T14:40:55Z	-
spher_colo52_v1/1_Data/FeaturesImages_011225_none/SingleSlice/HCT116_Slice5MedianAgg.parquet	5917873	2026-03-26T14:40:55Z	-
spher_colo52_v1/1_Data/FeaturesImages_011225_none/SingleSlice/HCT116_Slice6MedianAgg.parquet	5884780	2026-03-26T14:40:56Z	-
spher_colo52_v1/1_Data/FeaturesImages_011225_none/SingleSlice/HCT116_Slice7MedianAgg.parquet	5865929	2026-03-26T14:40:57Z	-
spher_colo52_v1/1_Data/FeaturesImages_011225_none/SingleSlice/HCT116_Slice8MedianAgg.parquet	5832557	2026-03-26T14:40:57Z	-
spher_colo52_v1/1_Data/FeaturesImages_011225_none/SingleSlice/HCT116_Slice9MedianAgg.parquet	5804134	2026-03-26T14:40:58Z	-
spher_colo52_v1/1_Data/FeaturesImages_011225_none/SingleSlice/HT29_Slice0MedianAgg.parquet	5570835	2026-03-26T14:42:38Z	-
spher_colo52_v1/1_Data/FeaturesImages_011225_none/SingleSlice/HT29_Slice10MedianAgg.parquet	5424107	2026-03-26T14:42:43Z	-
spher_colo52_v1/1_Data/FeaturesImages_011225_none/SingleSlice/HT29_Slice11MedianAgg.parquet	5357078	2026-03-26T14:42:44Z	-
spher_colo52_v1/1_Data/FeaturesImages_011225_none/SingleSlice/HT29_Slice1MedianAgg.parquet	5590986	2026-03-26T14:42:38Z	-
spher_colo52_v1/1_Data/FeaturesImages_011225_none/SingleSlice/HT29_Slice2MedianAgg.parquet	5583380	2026-03-26T14:42:39Z	-
spher_colo52_v1/1_Data/FeaturesImages_011225_none/SingleSlice/HT29_Slice3MedianAgg.parquet	5571561	2026-03-26T14:42:39Z	-
spher_colo52_v1/1_Data/FeaturesImages_011225_none/SingleSlice/HT29_Slice4MedianAgg.parquet	5560494	2026-03-26T14:42:40Z	-
spher_colo52_v1/1_Data/FeaturesImages_011225_none/SingleSlice/HT29_Slice5MedianAgg.parquet	5543508	2026-03-26T14:42:40Z	-
spher_colo52_v1/1_Data/FeaturesImages_011225_none/SingleSlice/HT29_Slice6MedianAgg.parquet	5517063	2026-03-26T14:42:41Z	-
spher_colo52_v1/1_Data/FeaturesImages_011225_none/SingleSlice/HT29_Slice7MedianAgg.parquet	5497805	2026-03-26T14:42:41Z	-
spher_colo52_v1/1_Data/FeaturesImages_011225_none/SingleSlice/HT29_Slice8MedianAgg.parquet	5463769	2026-03-26T14:42:42Z	-
spher_colo52_v1/1_Data/FeaturesImages_011225_none/SingleSlice/HT29_Slice9MedianAgg.parquet	5439250	2026-03-26T14:42:43Z	-
spher_colo52_v1/1_Data/FeaturesImages_011225_none/WellAggregates/HCT116_MedianAgg_meanstd.parquet	5809510	2026-03-26T14:41:01Z	-
spher_colo52_v1/1_Data/FeaturesImages_011225_none/WellAggregates/HT29_MedianAgg_meanstd.parquet	5444205	2026-03-26T14:42:45Z	-
spher_colo52_v1/1_Data/FeaturesImages_291025_none/SingleCell/HCT116.parquet	5049063009	2025-11-30T23:30:51Z	-
spher_colo52_v1/1_Data/FeaturesImages_291025_none/SingleSlice/HCT116_Slice0MedianAgg.parquet	5927989	2025-11-30T23:30:52Z	-
spher_colo52_v1/1_Data/FeaturesImages_291025_none/SingleSlice/HCT116_Slice10MedianAgg.parquet	5773550	2025-11-30T23:30:58Z	-
spher_colo52_v1/1_Data/FeaturesImages_291025_none/SingleSlice/HCT116_Slice11MedianAgg.parquet	5704274	2025-11-30T23:30:59Z	-
spher_colo52_v1/1_Data/FeaturesImages_291025_none/SingleSlice/HCT116_Slice1MedianAgg.parquet	5951785	2025-11-30T23:30:52Z	-
spher_colo52_v1/1_Data/FeaturesImages_291025_none/SingleSlice/HCT116_Slice2MedianAgg.parquet	5942761	2025-11-30T23:30:53Z	-
spher_colo52_v1/1_Data/FeaturesImages_291025_none/SingleSlice/HCT116_Slice3MedianAgg.parquet	5932923	2025-11-30T23:30:53Z	-
spher_colo52_v1/1_Data/FeaturesImages_291025_none/SingleSlice/HCT116_Slice4MedianAgg.parquet	5916717	2025-11-30T23:30:54Z	-
spher_colo52_v1/1_Data/FeaturesImages_291025_none/SingleSlice/HCT116_Slice5MedianAgg.parquet	5917699	2025-11-30T23:30:55Z	-
spher_colo52_v1/1_Data/FeaturesImages_291025_none/SingleSlice/HCT116_Slice6MedianAgg.parquet	5884809	2025-11-30T23:30:55Z	-
spher_colo52_v1/1_Data/FeaturesImages_291025_none/SingleSlice/HCT116_Slice7MedianAgg.parquet	5866159	2025-11-30T23:30:56Z	-
spher_colo52_v1/1_Data/FeaturesImages_291025_none/SingleSlice/HCT116_Slice8MedianAgg.parquet	5832451	2025-11-30T23:30:57Z	-
spher_colo52_v1/1_Data/FeaturesImages_291025_none/SingleSlice/HCT116_Slice9MedianAgg.parquet	5804296	2025-11-30T23:30:58Z	-
spher_colo52_v1/1_Data/FeaturesImages_291025_none/WellAggregates/HCT116_MedianAgg_meanstd.parquet	5810068	2025-11-30T23:31:01Z	-
spher_colo52_v1/1_Data/HCT116_DMSO_Harmony.h5ad	1387359190	2025-12-02T00:11:36Z	-
spher_colo52_v1/1_Data/adata_dmso_harmony.h5ad	3523994030	2026-01-20T23:26:49Z	-
spher_colo52_v1/1_Data/adata_filt_harmony.h5ad	44738661990	2026-01-31T09:25:34Z	-
spher_colo52_v1/1_Data/adata_harmony.h5ad	30125040904	2026-01-30T22:43:10Z	-
spher_colo52_v1/1_Data/adata_qc_harmony.h5ad	8673136080	2026-05-03T19:52:05Z	-
spher_colo52_v1/1_Data/adata_qc_harmony_theta2.h5ad	6072831272	2026-04-30T13:19:25Z	-
spher_colo52_v1/1_Data/adata_qc_harmony_theta4.h5ad	6072831272	2026-04-30T13:19:25Z	-
spher_colo52_v1/1_Data/filemap.csv	61	2026-03-17T08:55:10Z	-
spher_colo52_v1/1_Data/qc_plots/cell_loss_per_compound.csv	2018	2026-05-03T19:46:31Z	-
spher_colo52_v1/1_Data/qc_plots/z_vs_radial_variance.png	120792	2026-05-03T19:52:06Z	-
spher_colo52_v1/1_Data/reapply_harmony.py	1848	2026-04-30T13:16:17Z	c364af1acd2d43b789dde581acec9415a06d00df245d9b1f1946eae4a8cc05db
spher_colo52_v1/1_Data/results/grit_data_2D_HCT116.parquet	8440664	2025-07-29T10:34:05Z	-
spher_colo52_v1/1_Data/results/grit_data_2D_HT29.parquet	8913603	2025-07-29T10:33:35Z	-
spher_colo52_v1/1_Data/results/grit_data_MIP_HCT116.parquet	3672433	2025-01-22T13:34:50Z	-
spher_colo52_v1/1_Data/results/grit_data_MIP_HT29.parquet	3536942	2025-01-22T13:34:50Z	-
spher_colo52_v1/1_Data/results/grit_data_aggregates_HCT116.parquet	4136089	2025-12-19T21:22:36Z	-
spher_colo52_v1/1_Data/results/grit_data_aggregates_HT29.parquet	4226629	2025-07-31T11:35:31Z	-
spher_colo52_v1/1_Data/results/normalized_data_HCT116.csv	155658935	2025-06-12T20:59:41Z	-
spher_colo52_v1/1_Data/results/normalized_data_merged_HCT116.csv	306667985	2025-11-24T15:34:17Z	-
spher_colo52_v1/1_Data/results/normalized_data_no_slice_HCT116.csv	135780615	2025-06-12T21:01:18Z	-
spher_colo52_v1/1_Data/results/selected_data_2D_HCT116.parquet	10403303	2025-01-22T13:34:50Z	-
spher_colo52_v1/1_Data/results/selected_data_2D_HT29.parquet	10945773	2025-01-22T13:34:50Z	-
spher_colo52_v1/1_Data/results/selected_data_MIP_HCT116.parquet	3648953	2025-01-22T13:34:50Z	-
spher_colo52_v1/1_Data/results/selected_data_MIP_HT29.parquet	3514588	2025-01-22T13:34:50Z	-
spher_colo52_v1/1_Data/results/selected_data_aggregates_HCT116.parquet	5023734	2025-06-12T20:05:20Z	-
spher_colo52_v1/1_Data/results/selected_data_aggregates_HT29.parquet	5160053	2025-01-22T13:34:50Z	-
spher_colo52_v1/1_Data/results/slices/selected_section1_12planes.parquet	4941377	2026-04-28T21:40:42Z	-
spher_colo52_v1/1_Data/results/slices/selected_section1_sparse3.parquet	5958470	2026-04-28T21:39:44Z	-
spher_colo52_v1/1_Data/results/slices/selected_section1_sparse6.parquet	4957959	2026-04-28T21:39:56Z	-
spher_colo52_v1/1_Data/results/slices/selected_section1_sparse9.parquet	5409115	2026-04-28T21:40:10Z	-
spher_colo52_v1/1_Data/results/slices/selected_section1_z11.parquet	5569706	2026-04-28T21:38:34Z	-
spher_colo52_v1/1_Data/results/slices/selected_section1_z2.parquet	6798215	2026-04-28T21:38:17Z	-
spher_colo52_v1/1_Data/results/slices/selected_section1_z7.parquet	5109729	2026-04-28T21:38:26Z	-
spher_colo52_v1/1_Data/sc_preprocess_harmony.py	26012	2026-05-03T18:10:50Z	a6ca94cb910e451767c05229ba71214da6baa15dfd6667c6eaa83071a9b738d3
spher_colo52_v1/1_Data/spher_colo52-metadata.csv	554809	2025-01-22T13:34:50Z	-
spher_colo52_v1/1_Data/syto14_boxplot.ipynb	54894	2026-05-29T22:35:29Z	0ded6c3115cf38060d91e5a7a8b229bab666bd9ce96c19f1e0ae6996e036d06d
spher_colo52_v1/1_Data/syto14_boxplot_HCT116.png	49517	2026-05-29T22:35:28Z	-
spher_colo52_v1/2D_features/2D_profiles.ipynb	4858	2025-01-22T09:43:44Z	b8db79666a60e61e765869f04344dd64542d4c7f968c1d744a5d8d5d2b218e68
spher_colo52_v1/2_Processing/2_Pycytominer.ipynb	7508	2026-04-28T21:26:11Z	4fc295a4ea909f6cf3ab0ea9031aa2c3c8746e1d9b794b489de82d8fbacca374
spher_colo52_v1/2_Processing/2_Pycytominer_certain_slices.ipynb	1082949	2026-04-28T21:48:56Z	188f6bdb722bdb6ab79cfd2ca30128fa80e5c10251793a54b1f070497f8462d4
spher_colo52_v1/3_Figure2/CellCoverage/3_CellCoverage.ipynb	181530	2026-08-13T07:28:21Z	81556b8b7b6cb9d0abd2c99d69579cfc6ad9cd5096eb874df6b6da103ca203f6
spher_colo52_v1/3_Figure2/CellCoverage/result-images/CellsPerSpheroid.pdf	15635	2025-01-22T13:34:50Z	-
spher_colo52_v1/3_Figure2/CellDetectionSanityCheck/3_Plot_Spheroids.ipynb	267405	2026-08-13T07:36:51Z	f8615da6518fba13f96785e8cf41484155121f7b688e58ba52c7173b3f9a374f
spher_colo52_v1/3_Figure2/CellDetectionSanityCheck/result-images/Detected_Cells_Spheroid_HCT116_D12_PB000137.pdf	43372	2025-01-22T13:34:50Z	-
spher_colo52_v1/3_Figure2/CellDetectionSanityCheck/result-images/Detected_Cells_Spheroid_HT29_K11_PB000142.pdf	27856	2025-01-22T13:34:50Z	-
spher_colo52_v1/3_Figure2/RemoveNoise/5_PCA_RemoveNoise_BatchStratified.ipynb	160070	2026-08-13T07:38:18Z	09bbde880447714c44d522c9d3ce217b0a65e9ef3d08212f6786ebfe7d1fff27
spher_colo52_v1/3_Figure2/RemoveNoise/Prepare_Slice_Features.ipynb	13915	2025-12-15T17:34:41Z	556c35b1c0a740cb942f239fb170a7588ba0c512772d58c88e4b765ac876c237
spher_colo52_v1/3_Figure2/RemoveNoise/old/5_PCA_RemoveNoise.ipynb	193490	2025-11-26T23:02:35Z	ac923ecc441add895deb863fdbadde5cc4158338236cbdf1cdc5eaa5b85162b9
spher_colo52_v1/3_Figure2/RemoveNoise/old/5_PCA_RemoveNoise_and_FeatureImportance.ipynb	662654	2025-12-15T17:34:41Z	f56921ccd98896658a869e2c2e0b8fdc5298a4072b3940b4385aa52499118b88
spher_colo52_v1/3_Figure2/RemoveNoise/old/PCA_aggregates_per_plate_HCT116.pdf	22780	2025-11-25T04:15:43Z	-
spher_colo52_v1/3_Figure2/RemoveNoise/old/PCA_aggregates_per_plate_and_slice_HCT116.pdf	22757	2025-11-25T04:15:43Z	-
spher_colo52_v1/3_Figure2/RemoveNoise/result-images/PCA_BatchStratified_after_HCT116.pdf	22487	2026-08-13T07:36:29Z	-
spher_colo52_v1/3_Figure2/RemoveNoise/result-images/PCA_BatchStratified_before_HCT116.pdf	22333	2026-08-13T07:36:29Z	-
spher_colo52_v1/3_Figure3/GritScores/3_GritScores copy.ipynb	610403	2026-08-06T07:55:01Z	7aba9376f867413c4249e3ba73f0abdd9273d3835c552e03b85cf2e33b03b0b6
spher_colo52_v1/3_Figure3/GritScores/3_GritScores.ipynb	610386	2025-12-19T21:57:35Z	74c82af5e981e8d7c54044e9a4345e541a1869ef2e7178a9a74316ba2559270c
spher_colo52_v1/3_Figure3/GritScores/3_GritScores_Figure3A2B2.ipynb	83174	2026-08-06T10:10:24Z	2d24703abd219e2bb884ba5729b27037539003b2d1826766cb78df198903cd2d
spher_colo52_v1/3_Figure3/GritScores/Figure3-01.tif	15784552	2026-08-06T08:18:36Z	-
spher_colo52_v1/3_Figure3/GritScores/Screenshot 2026-08-06 at 09.54.32.png	65073	2026-08-06T07:55:28Z	-
spher_colo52_v1/3_Figure3/GritScores/environment.yml	1380	2025-07-25T20:04:20Z	c59d9fc636e38b392ce9a602c690744515cc9687dbe0ef17f3971c89233b92c3
spher_colo52_v1/3_Figure3/GritScores/result-images/Figure3A2B2_legend.txt	1935	2026-08-06T10:10:22Z	7e675c0a26a6a809cd60d7a891f59be0ba0f8443813c0e3e62e719eddb90d9dd
spher_colo52_v1/3_Figure3/GritScores/result-images/Figure3A2B2_n_per_condition.csv	3423	2026-08-06T10:10:22Z	-
spher_colo52_v1/3_Figure3/GritScores/result-images/Figure3A2_grit_MIP.pdf	30664	2026-08-06T10:10:20Z	-
spher_colo52_v1/3_Figure3/GritScores/result-images/Figure3A2_grit_MIP.png	59650	2026-08-06T10:10:19Z	-
spher_colo52_v1/3_Figure3/GritScores/result-images/Figure3A2_grit_MIP.svg	51883	2026-08-06T10:10:20Z	-
spher_colo52_v1/3_Figure3/GritScores/result-images/Figure3B2_grit_scAgg.pdf	31244	2026-08-06T10:10:22Z	-
spher_colo52_v1/3_Figure3/GritScores/result-images/Figure3B2_grit_scAgg.png	61449	2026-08-06T10:10:21Z	-
spher_colo52_v1/3_Figure3/GritScores/result-images/Figure3B2_grit_scAgg.svg	54729	2026-08-06T10:10:22Z	-
spher_colo52_v1/3_Figure3/GritScores/result-images/GritScores_HCT116_2D.pdf	13542	2025-07-29T10:34:04Z	-
spher_colo52_v1/3_Figure3/GritScores/result-images/GritScores_HCT116_2D.png	1492784	2025-07-29T10:33:59Z	-
spher_colo52_v1/3_Figure3/GritScores/result-images/GritScores_HCT116_MIP.pdf	13883	2025-12-19T21:38:00Z	-
spher_colo52_v1/3_Figure3/GritScores/result-images/GritScores_HCT116_MIP.png	1654520	2025-12-19T21:33:50Z	-
spher_colo52_v1/3_Figure3/GritScores/result-images/GritScores_HCT116_aggregates.pdf	13672	2025-12-19T21:31:39Z	-
spher_colo52_v1/3_Figure3/GritScores/result-images/GritScores_HCT116_aggregates.png	1658124	2025-12-19T21:04:33Z	-
spher_colo52_v1/3_Figure3/GritScores/result-images/GritScores_HT29_2D.pdf	13543	2025-07-29T10:33:34Z	-
spher_colo52_v1/3_Figure3/GritScores/result-images/GritScores_HT29_2D.png	1474313	2025-07-29T10:33:30Z	-
spher_colo52_v1/3_Figure3/GritScores/result-images/GritScores_HT29_MIP.pdf	14047	2025-12-19T21:33:14Z	-
spher_colo52_v1/3_Figure3/GritScores/result-images/GritScores_HT29_MIP.png	1644273	2025-12-19T21:33:08Z	-
spher_colo52_v1/3_Figure3/GritScores/result-images/GritScores_HT29_aggregates.pdf	13846	2025-12-19T21:32:33Z	-
spher_colo52_v1/3_Figure3/GritScores/result-images/GritScores_HT29_aggregates.png	1646295	2025-12-19T21:32:27Z	-
spher_colo52_v1/3_Figure3/GritScores/result-images/GritScores_hits.pdf	11990	2025-07-31T12:29:04Z	-
spher_colo52_v1/3_Figure3/GritScores/result-images/fonts-liberation_1%3a1.07.4-11_all.deb	821564	2020-02-23T05:18:30Z	-
spher_colo52_v1/3_Figure3/GritScores/result-images/grit_scores_descriptive_stats_2D_HCT116.csv	612	2025-07-29T10:34:05Z	-
spher_colo52_v1/3_Figure3/GritScores/result-images/grit_scores_descriptive_stats_2D_HT29.csv	621	2025-07-29T10:33:35Z	-
spher_colo52_v1/3_Figure3/GritScores/result-images/grit_scores_descriptive_stats_aggregates_HCT116.csv	540	2025-07-29T10:35:13Z	-
spher_colo52_v1/3_Figure3/GritScores/result-images/grit_scores_descriptive_stats_aggregates_HT29.csv	497	2025-07-31T10:25:09Z	-
spher_colo52_v1/3_Figure3/PercentReplicating/3_PercentReplicating copy 2.ipynb	64557	2026-04-28T20:34:47Z	601b1a550b33255f0b99dc1cfa35edd1d4f359fb974cc41a7fa774878bf5d6b2
spher_colo52_v1/3_Figure3/PercentReplicating/3_PercentReplicating copy.ipynb	106666	2025-07-25T12:01:17Z	d4660cb1555653c25f48f30d8531418e2e8cb92968aed9e6b53458294d944b5a
spher_colo52_v1/3_Figure3/PercentReplicating/3_PercentReplicating.ipynb	64353	2026-04-28T20:34:44Z	091c136580f037eab3dbb09ab092da9cfd6f298a69671ccd39765ef30731e2d9
spher_colo52_v1/3_Figure3/PercentReplicating/3_PercentReplicating_certain_slices.ipynb	403492	2026-05-24T09:20:26Z	4ff23b15a17b3ecf66e760f39d83e2cab614f2c3fcca07ea67f836a1c132b023
spher_colo52_v1/3_Figure3/PercentReplicating/result-images/AggVsMIP_dose_MIP.pdf	53508	2025-01-22T13:34:50Z	-
spher_colo52_v1/3_Figure3/PercentReplicating/result-images/AggVsMIP_dose_aggregates.pdf	53190	2025-01-22T13:34:50Z	-
spher_colo52_v1/3_Figure3/PercentReplicating/result-images/AggVsMIP_pathway_aggregates.pdf	58907	2025-01-22T13:34:50Z	-
spher_colo52_v1/3_Figure3/PercentReplicating/result-images/PercentReplicating_2D.pdf	13520	2025-01-22T13:34:50Z	-
spher_colo52_v1/3_Figure3/PercentReplicating/result-images/PercentReplicating_MIP.pdf	12972	2026-04-28T20:31:09Z	-
spher_colo52_v1/3_Figure3/PercentReplicating/result-images/PercentReplicating_aggregates.pdf	13131	2026-04-28T20:33:31Z	-
spher_colo52_v1/3_Figure3/PercentReplicating/result-images_sections/DeltaReplCorr_HCT116.pdf	13716	2026-05-24T09:22:02Z	-
spher_colo52_v1/3_Figure3/PercentReplicating/result-images_sections/DeltaReplCorr_HCT116.png	145609	2026-05-24T09:22:03Z	-
spher_colo52_v1/3_Figure3/PercentReplicating/result-images_sections/PairwiseMWU_HCT116.pdf	18406	2026-05-24T09:21:59Z	-
spher_colo52_v1/3_Figure3/PercentReplicating/result-images_sections/PairwiseMWU_HCT116.png	244359	2026-05-24T09:22:00Z	-
spher_colo52_v1/3_Figure3/PercentReplicating/result-images_sections/PercentReplicating_HCT116_allcases.pdf	15387	2026-05-24T09:21:53Z	-
spher_colo52_v1/3_Figure3/PercentReplicating/result-images_sections/PercentReplicating_HCT116_allcases.png	187346	2026-05-24T09:21:54Z	-
spher_colo52_v1/3_Figure3/PercentReplicating/result-images_sections/PercentReplicating_HCT116_allcases_combined.pdf	23207	2026-05-24T09:22:03Z	-
spher_colo52_v1/3_Figure3/PercentReplicating/result-images_sections/PercentReplicating_HCT116_allcases_combined.png	271897	2026-05-24T09:22:04Z	-
spher_colo52_v1/3_Figure3/PercentReplicating/result-images_sections/PercentReplicating_HCT116_allcases_stats.pdf	22048	2026-05-24T09:21:57Z	-
spher_colo52_v1/3_Figure3/PercentReplicating/result-images_sections/PercentReplicating_HCT116_allcases_stats.png	246949	2026-05-24T09:21:58Z	-
spher_colo52_v1/3_Figure3/requirements.txt	196	2025-07-25T20:36:11Z	d282c7cf55794756354df790122d14b27bdbacc8a4eefef4b80d6446e8967d0c
spher_colo52_v1/3_Figure4/PCAUMAP/PCAUMAP_pathway.ipynb	2216403	2026-01-11T13:53:36Z	4376f2b738eeb37c02c12020ca73d2292ab339acac5ef0d82116ff4324219d10
spher_colo52_v1/3_Figure4/PCAUMAP/PCAUMAP_pathway_v2.ipynb	838767	2026-01-15T08:25:17Z	e2e80bb0b6fb6cc0297d20deb06b7b465d8800806909b99fb641a6a2b49da2d8
spher_colo52_v1/3_Figure4/PCAUMAP/PathwayLabels.csv	1831	2026-01-13T22:41:27Z	-
spher_colo52_v1/3_Figure4/PCAUMAP/result-images/UMAP_supervised_pathway_HCT116_MIP.pdf	32784	2026-01-13T21:07:23Z	-
spher_colo52_v1/3_Figure4/PCAUMAP/result-images/UMAP_supervised_pathway_HCT116_aggregates.pdf	37767	2026-01-13T21:08:23Z	-
spher_colo52_v1/3_Figure4/PCAUMAP/result-images/UMAP_supervised_pathway_HT29_MIP.pdf	32134	2026-01-13T21:05:51Z	-
spher_colo52_v1/3_Figure4/PCAUMAP/result-images/UMAP_supervised_pathway_HT29_aggregates.pdf	34471	2026-01-13T21:02:21Z	-
spher_colo52_v1/3_Figure4/PCAUMAP/result-images/UMAP_unsupervised_pathway_HCT116_MIP.pdf	24927	2026-01-13T21:07:29Z	-
spher_colo52_v1/3_Figure4/PCAUMAP/result-images/UMAP_unsupervised_pathway_HCT116_aggregates.pdf	28954	2026-01-13T21:08:28Z	-
spher_colo52_v1/3_Figure4/PCAUMAP/result-images/UMAP_unsupervised_pathway_HT29_MIP.pdf	25543	2026-01-13T21:05:56Z	-
spher_colo52_v1/3_Figure4/PCAUMAP/result-images/UMAP_unsupervised_pathway_HT29_aggregates.pdf	25962	2026-01-13T21:02:26Z	-
spher_colo52_v1/3_Figure4/PCAUMAP/result-images/per_pathway_metrics_HCT116_MIP.csv	419	2026-01-13T21:07:29Z	-
spher_colo52_v1/3_Figure4/PCAUMAP/result-images/per_pathway_metrics_HCT116_aggregates.csv	414	2026-01-13T21:08:29Z	-
spher_colo52_v1/3_Figure4/PCAUMAP/result-images/per_pathway_metrics_HT29_MIP.csv	367	2026-01-13T21:05:57Z	-
spher_colo52_v1/3_Figure4/PCAUMAP/result-images/per_pathway_metrics_HT29_aggregates.csv	364	2026-01-13T21:02:26Z	-
spher_colo52_v1/3_Figure4/PCAUMAP/result-images/permutation_test_results_HCT116_MIP.txt	251	2026-01-13T21:07:33Z	36c04a6339d8212d61577e86e405d0e81487ae89c62663c85d27a7ea784077f3
spher_colo52_v1/3_Figure4/PCAUMAP/result-images/permutation_test_results_HCT116_aggregates.txt	251	2026-01-13T21:08:34Z	6d0a6551adb0edc89604671dda75fb587eef9ea9dd31df7ef7e68f6ddb0f5eb3
spher_colo52_v1/3_Figure4/PCAUMAP/result-images/permutation_test_results_HT29_MIP.txt	251	2026-01-13T21:06:01Z	29735b65867f81d9e8c44a37a95837f09f87f2b7a884b0ab7375917705d4df53
spher_colo52_v1/3_Figure4/PCAUMAP/result-images/permutation_test_results_HT29_aggregates.txt	251	2026-01-13T21:03:47Z	a984b7e71c4851a8c270d18bc47c5f0b3206ce24e4aa516eed43ef7e12d489d6
spher_colo52_v1/3_Figure4/PairwiseCorrelations/09_panel_c_recolor.py	16453	2026-05-13T15:42:22Z	88be07af5684a578a8157c2c39c90a8aa3565c78df998243e2c0f9637716687c
spher_colo52_v1/3_Figure4/PairwiseCorrelations/3_PairwiseCorrlations copy.ipynb	1389738	2026-04-30T18:54:32Z	6d8cc6a5557eadde5741664ade5685bb72f090496b867c202cde6d749fa786a7
spher_colo52_v1/3_Figure4/PairwiseCorrelations/3_PairwiseCorrlations.ipynb	339832	2026-04-07T08:45:07Z	25c3b51fcbee0c346cb917b74edd9bda4de5923d31226c5703312b2d78826039
spher_colo52_v1/3_Figure4/PairwiseCorrelations/5FU_analysis_summary.md	15152	2026-04-06T15:57:37Z	b99e8668d5dcef1ed6d5d993ced80c031c26d988d00b06d9d0fbe71133a68acf
spher_colo52_v1/3_Figure4/PairwiseCorrelations/Pairwise_related_figures/09b_panel_c_moa_class.py	9801	2026-06-11T08:40:11Z	98a725105eee0717ea8c7485cea5e0df57982b77f7b252ed3d007779f1420927
spher_colo52_v1/3_Figure4/PairwiseCorrelations/Pairwise_related_figures/10_5fu_top_neighbours.py	11448	2026-06-11T08:40:11Z	3c68a89d1f8182578aae77aff8b915a2250d6cd4c772b3f3276f4af2b6cd0cd3
spher_colo52_v1/3_Figure4/PairwiseCorrelations/Pairwise_related_figures/fig_5fu_neighbours_frozen_doses.py	6322	2026-06-11T22:52:31Z	69bdcd36877ecdd9954a431bd037b3bdeafa235eb89658872b9f8f06ed6f8ba4
spher_colo52_v1/3_Figure4/PairwiseCorrelations/Pairwise_related_figures/fig_olaparib_neighbours_frozen_doses.py	5546	2026-06-12T09:45:39Z	d9c0b46075dbd5c8f095b1316b1c167b8ae6b1ae0c2a2a5fa4b9618802f5a0e3
spher_colo52_v1/3_Figure4/PairwiseCorrelations/Pairwise_related_figures/figures/fig_5fu_neighbours_HCT116_HT29.png	537353	2026-06-11T22:53:07Z	-
spher_colo52_v1/3_Figure4/PairwiseCorrelations/Pairwise_related_figures/figures/fig_5fu_neighbours_HCT116_HT29.svg	84907	2026-06-11T22:53:07Z	-
spher_colo52_v1/3_Figure4/PairwiseCorrelations/Pairwise_related_figures/figures/fig_5fu_neighbours_HCT116_HT29_HCT116.csv	915	2026-06-11T22:53:07Z	-
spher_colo52_v1/3_Figure4/PairwiseCorrelations/Pairwise_related_figures/figures/fig_5fu_neighbours_HCT116_HT29_HT29.csv	917	2026-06-11T22:53:07Z	-
spher_colo52_v1/3_Figure4/PairwiseCorrelations/Pairwise_related_figures/figures/fig_5fu_simmatrix_HCT116.png	204229	2026-06-11T15:41:35Z	-
spher_colo52_v1/3_Figure4/PairwiseCorrelations/Pairwise_related_figures/figures/fig_5fu_simmatrix_HCT116.svg	32195	2026-06-11T15:41:36Z	-
spher_colo52_v1/3_Figure4/PairwiseCorrelations/Pairwise_related_figures/figures/fig_5fu_simmatrix_HCT116_matrix.csv	2484	2026-06-11T15:41:36Z	-
spher_colo52_v1/3_Figure4/PairwiseCorrelations/Pairwise_related_figures/figures/fig_5fu_simmatrix_HT29.png	203196	2026-06-11T15:41:36Z	-
spher_colo52_v1/3_Figure4/PairwiseCorrelations/Pairwise_related_figures/figures/fig_5fu_simmatrix_HT29.svg	32216	2026-06-11T15:41:37Z	-
spher_colo52_v1/3_Figure4/PairwiseCorrelations/Pairwise_related_figures/figures/fig_5fu_simmatrix_HT29_matrix.csv	2532	2026-06-11T15:41:37Z	-
spher_colo52_v1/3_Figure4/PairwiseCorrelations/Pairwise_related_figures/figures/fig_5fu_simmatrix_combined.png	322376	2026-06-11T15:41:38Z	-
spher_colo52_v1/3_Figure4/PairwiseCorrelations/Pairwise_related_figures/figures/fig_5fu_simmatrix_combined.svg	52482	2026-06-11T15:41:39Z	-
spher_colo52_v1/3_Figure4/PairwiseCorrelations/Pairwise_related_figures/figures/fig_5fu_top10_neighbours_HCT116.csv	572	2026-06-11T15:41:34Z	-
spher_colo52_v1/3_Figure4/PairwiseCorrelations/Pairwise_related_figures/figures/fig_5fu_top10_neighbours_HT29.csv	521	2026-06-11T15:41:34Z	-
spher_colo52_v1/3_Figure4/PairwiseCorrelations/Pairwise_related_figures/figures/fig_5fu_top10_neighbours_both.png	248305	2026-06-11T15:41:34Z	-
spher_colo52_v1/3_Figure4/PairwiseCorrelations/Pairwise_related_figures/figures/fig_5fu_top10_neighbours_both.svg	43871	2026-06-11T15:41:34Z	-
spher_colo52_v1/3_Figure4/PairwiseCorrelations/Pairwise_related_figures/figures/fig_olaparib_neighbours_HCT116_HT29.png	578283	2026-06-12T09:46:25Z	-
spher_colo52_v1/3_Figure4/PairwiseCorrelations/Pairwise_related_figures/figures/fig_olaparib_neighbours_HCT116_HT29.svg	86188	2026-06-12T09:46:25Z	-
spher_colo52_v1/3_Figure4/PairwiseCorrelations/Pairwise_related_figures/figures/fig_olaparib_neighbours_HCT116_HT29_HCT116.csv	931	2026-06-12T09:46:26Z	-
spher_colo52_v1/3_Figure4/PairwiseCorrelations/Pairwise_related_figures/figures/fig_olaparib_neighbours_HCT116_HT29_HT29.csv	953	2026-06-12T09:46:26Z	-
spher_colo52_v1/3_Figure4/PairwiseCorrelations/Pairwise_related_figures/figures/fuolap_p53dependence.png	80463	2026-06-11T20:51:15Z	-
spher_colo52_v1/3_Figure4/PairwiseCorrelations/Pairwise_related_figures/figures/fuolap_p53dependence.svg	15383	2026-06-11T20:51:15Z	-
spher_colo52_v1/3_Figure4/PairwiseCorrelations/Pairwise_related_figures/figures/fuolap_perdrug_HCT116.png	248106	2026-06-11T20:51:15Z	-
spher_colo52_v1/3_Figure4/PairwiseCorrelations/Pairwise_related_figures/figures/fuolap_perdrug_HCT116.svg	54929	2026-06-11T20:51:15Z	-
spher_colo52_v1/3_Figure4/PairwiseCorrelations/Pairwise_related_figures/figures/fuolap_perdrug_scores_HCT116.csv	1420	2026-06-11T20:51:14Z	-
spher_colo52_v1/3_Figure4/PairwiseCorrelations/Pairwise_related_figures/figures/fuolap_perdrug_scores_HT29.csv	1437	2026-06-11T20:51:15Z	-
spher_colo52_v1/3_Figure4/PairwiseCorrelations/Pairwise_related_figures/figures/fuolap_signature_weights.csv	15287	2026-06-11T20:51:14Z	-
spher_colo52_v1/3_Figure4/PairwiseCorrelations/Pairwise_related_figures/figures/fuolap_umap_coords_HCT116.csv	26671	2026-06-11T20:51:23Z	-
spher_colo52_v1/3_Figure4/PairwiseCorrelations/Pairwise_related_figures/figures/fuolap_umap_coords_HT29.csv	22102	2026-06-11T20:51:23Z	-
spher_colo52_v1/3_Figure4/PairwiseCorrelations/Pairwise_related_figures/figures/fuolap_umap_recolor.png	326623	2026-06-11T20:51:23Z	-
spher_colo52_v1/3_Figure4/PairwiseCorrelations/Pairwise_related_figures/figures/fuolap_umap_recolor.svg	217041	2026-06-11T20:51:23Z	-
spher_colo52_v1/3_Figure4/PairwiseCorrelations/Pairwise_related_figures/figures/fuolap_umap_vs_pathway.png	355993	2026-06-11T20:51:24Z	-
spher_colo52_v1/3_Figure4/PairwiseCorrelations/Pairwise_related_figures/figures/fuolap_umap_vs_pathway.svg	177196	2026-06-11T20:51:24Z	-
spher_colo52_v1/3_Figure4/PairwiseCorrelations/Pairwise_related_figures/figures/mdm2i_p53dependence.png	82292	2026-06-11T21:08:33Z	-
spher_colo52_v1/3_Figure4/PairwiseCorrelations/Pairwise_related_figures/figures/mdm2i_p53dependence.svg	14871	2026-06-11T21:08:33Z	-
spher_colo52_v1/3_Figure4/PairwiseCorrelations/Pairwise_related_figures/figures/mdm2i_perdrug_HCT116.png	254062	2026-06-11T21:08:33Z	-
spher_colo52_v1/3_Figure4/PairwiseCorrelations/Pairwise_related_figures/figures/mdm2i_perdrug_HCT116.svg	54444	2026-06-11T21:08:33Z	-
spher_colo52_v1/3_Figure4/PairwiseCorrelations/Pairwise_related_figures/figures/mdm2i_perdrug_scores_HCT116.csv	1412	2026-06-11T21:08:32Z	-
spher_colo52_v1/3_Figure4/PairwiseCorrelations/Pairwise_related_figures/figures/mdm2i_perdrug_scores_HT29.csv	1430	2026-06-11T21:08:33Z	-
spher_colo52_v1/3_Figure4/PairwiseCorrelations/Pairwise_related_figures/figures/mdm2i_signature_weights.csv	15314	2026-06-11T21:08:32Z	-
spher_colo52_v1/3_Figure4/PairwiseCorrelations/Pairwise_related_figures/figures/mdm2i_umap_coords_HCT116.csv	26579	2026-06-11T21:08:41Z	-
spher_colo52_v1/3_Figure4/PairwiseCorrelations/Pairwise_related_figures/figures/mdm2i_umap_coords_HT29.csv	22057	2026-06-11T21:08:41Z	-
spher_colo52_v1/3_Figure4/PairwiseCorrelations/Pairwise_related_figures/figures/mdm2i_umap_recolor.png	328261	2026-06-11T21:08:41Z	-
spher_colo52_v1/3_Figure4/PairwiseCorrelations/Pairwise_related_figures/figures/mdm2i_umap_recolor.svg	217019	2026-06-11T21:08:41Z	-
spher_colo52_v1/3_Figure4/PairwiseCorrelations/Pairwise_related_figures/figures/mdm2i_umap_vs_pathway.png	357345	2026-06-11T21:08:42Z	-
spher_colo52_v1/3_Figure4/PairwiseCorrelations/Pairwise_related_figures/figures/mdm2i_umap_vs_pathway.svg	177190	2026-06-11T21:08:42Z	-
spher_colo52_v1/3_Figure4/PairwiseCorrelations/Pairwise_related_figures/figures/p53block_pairwise_HCT116_HT29.png	422467	2026-06-11T22:10:32Z	-
spher_colo52_v1/3_Figure4/PairwiseCorrelations/Pairwise_related_figures/figures/p53block_pairwise_HCT116_HT29.svg	154824	2026-06-11T22:10:35Z	-
spher_colo52_v1/3_Figure4/PairwiseCorrelations/Pairwise_related_figures/figures/p53block_pairwise_HCT116_HT29_HCT116.csv	639	2026-06-11T22:10:36Z	-
spher_colo52_v1/3_Figure4/PairwiseCorrelations/Pairwise_related_figures/figures/p53block_pairwise_HCT116_HT29_HT29.csv	647	2026-06-11T22:10:36Z	-
spher_colo52_v1/3_Figure4/PairwiseCorrelations/Pairwise_related_figures/figures/p53p21_p53dependence.png	88255	2026-06-11T20:50:49Z	-
spher_colo52_v1/3_Figure4/PairwiseCorrelations/Pairwise_related_figures/figures/p53p21_p53dependence.svg	14339	2026-06-11T20:50:49Z	-
spher_colo52_v1/3_Figure4/PairwiseCorrelations/Pairwise_related_figures/figures/p53p21_perdrug_HCT116.png	258831	2026-06-11T20:50:49Z	-
spher_colo52_v1/3_Figure4/PairwiseCorrelations/Pairwise_related_figures/figures/p53p21_perdrug_HCT116.svg	53946	2026-06-11T20:50:49Z	-
spher_colo52_v1/3_Figure4/PairwiseCorrelations/Pairwise_related_figures/figures/p53p21_perdrug_scores_HCT116.csv	1414	2026-06-11T20:50:48Z	-
spher_colo52_v1/3_Figure4/PairwiseCorrelations/Pairwise_related_figures/figures/p53p21_perdrug_scores_HT29.csv	1429	2026-06-11T20:50:49Z	-
spher_colo52_v1/3_Figure4/PairwiseCorrelations/Pairwise_related_figures/figures/p53p21_signature_weights.csv	14002	2026-06-11T20:50:48Z	-
spher_colo52_v1/3_Figure4/PairwiseCorrelations/Pairwise_related_figures/figures/p53p21_umap_coords_HCT116.csv	26528	2026-06-11T20:50:57Z	-
spher_colo52_v1/3_Figure4/PairwiseCorrelations/Pairwise_related_figures/figures/p53p21_umap_coords_HT29.csv	22022	2026-06-11T20:50:57Z	-
spher_colo52_v1/3_Figure4/PairwiseCorrelations/Pairwise_related_figures/figures/p53p21_umap_recolor.png	341593	2026-06-11T20:50:57Z	-
spher_colo52_v1/3_Figure4/PairwiseCorrelations/Pairwise_related_figures/figures/p53p21_umap_recolor.svg	217048	2026-06-11T20:50:57Z	-
spher_colo52_v1/3_Figure4/PairwiseCorrelations/Pairwise_related_figures/figures/p53p21_umap_vs_pathway.png	372207	2026-06-11T20:50:58Z	-
spher_colo52_v1/3_Figure4/PairwiseCorrelations/Pairwise_related_figures/figures/p53p21_umap_vs_pathway.svg	177212	2026-06-11T20:50:58Z	-
spher_colo52_v1/3_Figure4/PairwiseCorrelations/Pairwise_related_figures/figures/panel_c_drug_classes.csv	2558	2026-06-11T15:41:32Z	-
spher_colo52_v1/3_Figure4/PairwiseCorrelations/Pairwise_related_figures/figures/panel_c_etoposide_pairs.csv	599	2026-06-11T15:41:32Z	-
spher_colo52_v1/3_Figure4/PairwiseCorrelations/Pairwise_related_figures/figures/panel_c_moa_class_HCT116.csv	129337	2026-06-11T15:41:33Z	-
spher_colo52_v1/3_Figure4/PairwiseCorrelations/Pairwise_related_figures/figures/panel_c_moa_class_HCT116.png	186170	2026-06-11T15:41:33Z	-
spher_colo52_v1/3_Figure4/PairwiseCorrelations/Pairwise_related_figures/figures/panel_c_moa_class_HCT116.svg	154651	2026-06-11T15:41:33Z	-
spher_colo52_v1/3_Figure4/PairwiseCorrelations/Pairwise_related_figures/fu_vs_olaparib_umap.ipynb	487450	2026-06-11T20:51:27Z	d60f1cd363b96a2b472ebf3d603af5ad9cc09878f036da7ebe07aa75948edf75
spher_colo52_v1/3_Figure4/PairwiseCorrelations/Pairwise_related_figures/mdm2i_similarity_umap.ipynb	493083	2026-06-11T21:08:45Z	6ce0b841bd9173f39397e5f69e06483c714b383e43bf7d530e05dcdeed2fd0e3
spher_colo52_v1/3_Figure4/PairwiseCorrelations/Pairwise_related_figures/p53block_pairwise_frozen_doses.py	6053	2026-06-11T22:09:11Z	5f0c5d8b217ec16b7b4533eb02b29a3d7ea0c24b0c605aa891adc9f7797eb59e
spher_colo52_v1/3_Figure4/PairwiseCorrelations/Pairwise_related_figures/p53p21_signature_umap.ipynb	509058	2026-06-11T20:51:01Z	d318d2d4b57e87d3d7e8a59e049a4f4cd483a94e4e864605edb9ba90100ba85c
spher_colo52_v1/3_Figure4/PairwiseCorrelations/Pairwise_related_figures/pairwise_figures.ipynb	537268	2026-06-11T15:41:40Z	87f23d45ba06f107e570775b92623b321162991b6ead2b585b4c0df93ffdd7f7
spher_colo52_v1/3_Figure4/PairwiseCorrelations/S_dose_similarity_5FU_Olaparib.ipynb	72330	2026-06-04T08:47:08Z	40cd63f488b4392d0d2657e398a6acd36ea1dbeb476eba5dd84ef5ca8d33db20
spher_colo52_v1/3_Figure4/PairwiseCorrelations/cycle_dependence_annotation_52cpds.xlsx	24664	2026-05-13T17:19:12Z	-
spher_colo52_v1/3_Figure4/PairwiseCorrelations/fig_displacement.png	243071	2026-05-13T15:40:14Z	-
spher_colo52_v1/3_Figure4/PairwiseCorrelations/fig_network_2D.png	149971	2026-05-13T15:40:13Z	-
spher_colo52_v1/3_Figure4/PairwiseCorrelations/fig_network_3D.png	161453	2026-05-13T15:40:13Z	-
spher_colo52_v1/3_Figure4/PairwiseCorrelations/force_graph_diff.py	26750	2026-05-13T16:23:33Z	4df2dd8627c617904672885f49cfc4e23d8800c18240c223303d9abc46707245
spher_colo52_v1/3_Figure4/PairwiseCorrelations/generate_network_html copy.py	29769	2026-05-13T16:53:58Z	20c466a53c198bca52243e0ba97f8e0f8e54afeaf74fb2501ca7d965c6ddbe25
spher_colo52_v1/3_Figure4/PairwiseCorrelations/generate_network_html.py	27199	2026-04-06T07:28:43Z	db72285a72f10691035609917a1e18f6afc44ec42e1904430eb3b300d2ab7242
spher_colo52_v1/3_Figure4/PairwiseCorrelations/generate_network_html_p53pull.py	37815	2026-05-13T18:05:24Z	825d8b4a5b3bf8caa64037bdd4c000b1c0432e44b9990864d32b1ce247cab3c9
spher_colo52_v1/3_Figure4/PairwiseCorrelations/generate_network_html_profile_corr.py	30604	2026-05-13T17:07:52Z	5b047fd11bd6a9d8e062d9f64b1f7b35198bd90da4ac694a09044f3492c3c63e
spher_colo52_v1/3_Figure4/PairwiseCorrelations/olaparib_direction_magnitude.csv	478	2026-05-03T17:28:17Z	-
spher_colo52_v1/3_Figure4/PairwiseCorrelations/olaparib_direction_magnitude.py	4300	2026-05-03T17:27:30Z	da4dd36c6160e552b4b09c742526071e287384be3c34ea3c5dbf3463736dea91
spher_colo52_v1/3_Figure4/PairwiseCorrelations/plot_cluster_signature.py	23547	2026-04-28T17:59:13Z	a0b39b787a54d3cf9880ff8269959dc9c9a3c8e933d4dad91864ae6d9bb95208
spher_colo52_v1/3_Figure4/PairwiseCorrelations/plot_similarity_network.py	12989	2026-04-07T08:45:05Z	3c89f56bb1cfc1e9e1c74035da8bd0df5df0a9c2141db7bddbff881305c96515
spher_colo52_v1/3_Figure4/PairwiseCorrelations/plot_similarity_scatter.py	9989	2026-04-28T09:38:42Z	5a665f6b4657fd7b1611de6a0808a56c337609fd8ae6b402199e2836f3ef3a83
spher_colo52_v1/3_Figure4/PairwiseCorrelations/plot_similarity_scatter_cycling.py	10317	2026-05-13T17:21:15Z	ee2b344bd458d803dc70a26f5c7cc26684a762704906d7db176182bc689ce7e6
spher_colo52_v1/3_Figure4/PairwiseCorrelations/plot_similarity_scatter_interactive.py	10400	2026-04-06T10:52:44Z	48c5675b72728d7c41186ed414e6b53a045babb8ce22df4e443a5e34bbba5835
spher_colo52_v1/3_Figure4/PairwiseCorrelations/radial_analysis.py	73113	2026-05-03T18:12:22Z	682fa38b868dbff101b92f9e0a2b803477e2b8b13866af8c7457f1b8de0b9e1f
spher_colo52_v1/3_Figure4/PairwiseCorrelations/radial_profile_analysis.py	24126	2026-05-01T09:08:35Z	9088de67b4d58ed366c371d646e4f475a3185a6a5303b2f3b20c29883159ff78
spher_colo52_v1/3_Figure4/PairwiseCorrelations/result-images/Difference_HCT116_colored_tails.pdf	28083	2026-04-06T09:11:23Z	-
spher_colo52_v1/3_Figure4/PairwiseCorrelations/result-images/Difference_HCT116_colored_tails.png	583092	2026-04-06T09:11:26Z	-
spher_colo52_v1/3_Figure4/PairwiseCorrelations/result-images/Difference_HT29_colored_tails.pdf	27221	2025-01-22T13:34:50Z	-
spher_colo52_v1/3_Figure4/PairwiseCorrelations/result-images/PairwiseCorrelations_HCT116_2D.pdf	74990	2025-01-22T13:34:50Z	-
spher_colo52_v1/3_Figure4/PairwiseCorrelations/result-images/PairwiseCorrelations_HCT116_MIP.pdf	54239	2025-01-22T13:34:50Z	-
spher_colo52_v1/3_Figure4/PairwiseCorrelations/result-images/PairwiseCorrelations_HCT116_aggregates.pdf	57539	2026-04-06T09:09:52Z	-
spher_colo52_v1/3_Figure4/PairwiseCorrelations/result-images/PairwiseCorrelations_HT29_2D.pdf	77818	2025-01-22T13:34:50Z	-
spher_colo52_v1/3_Figure4/PairwiseCorrelations/result-images/PairwiseCorrelations_HT29_MIP.pdf	45384	2025-01-22T13:34:50Z	-
spher_colo52_v1/3_Figure4/PairwiseCorrelations/result-images/PairwiseCorrelations_HT29_aggregates.pdf	48060	2025-01-22T13:34:50Z	-
spher_colo52_v1/3_Figure4/PairwiseCorrelations/result-images/Screenshot 2026-05-02 at 08.57.17.png	58177	2026-05-13T15:59:04Z	-
spher_colo52_v1/3_Figure4/PairwiseCorrelations/result-images/Screenshot 2026-05-13 at 17.57.38.png	138567	2026-05-13T15:58:10Z	-
spher_colo52_v1/3_Figure4/PairwiseCorrelations/result-images/cluster_signature.pdf	51747	2026-04-28T17:59:41Z	-
spher_colo52_v1/3_Figure4/PairwiseCorrelations/result-images/cluster_signature.png	842132	2026-04-28T17:59:43Z	-
spher_colo52_v1/3_Figure4/PairwiseCorrelations/result-images/compound_network.html	40346	2026-04-05T22:03:58Z	-
spher_colo52_v1/3_Figure4/PairwiseCorrelations/result-images/dose_similarity_5FU_Olaparib_2D_vs_3D.pdf	22094	2026-06-03T17:28:47Z	-
spher_colo52_v1/3_Figure4/PairwiseCorrelations/result-images/dose_similarity_5FU_Olaparib_2D_vs_3D.png	142392	2026-06-03T17:28:48Z	-
spher_colo52_v1/3_Figure4/PairwiseCorrelations/result-images/dose_similarity_5FU_Olaparib_2D_vs_3D.svg	86893	2026-06-03T17:28:48Z	-
spher_colo52_v1/3_Figure4/PairwiseCorrelations/result-images/feature_grid.pdf	564187	2026-04-28T17:59:56Z	-
spher_colo52_v1/3_Figure4/PairwiseCorrelations/result-images/feature_grid.png	1354488	2026-04-28T18:00:05Z	-
spher_colo52_v1/3_Figure4/PairwiseCorrelations/result-images/force_displacement_summary.csv	3052	2026-05-13T16:23:05Z	-
spher_colo52_v1/3_Figure4/PairwiseCorrelations/result-images/hierarchical_cluster_metrics_HCT116.csv	289	2026-04-06T09:09:55Z	-
spher_colo52_v1/3_Figure4/PairwiseCorrelations/result-images/image.png	136914	2026-04-28T18:15:49Z	-
spher_colo52_v1/3_Figure4/PairwiseCorrelations/result-images/similarity_2D_vs_3D_scatter.html	329964	2026-06-24T23:35:55Z	-
spher_colo52_v1/3_Figure4/PairwiseCorrelations/result-images/similarity_2D_vs_3D_scatter.pdf	45846	2026-04-28T09:38:55Z	-
spher_colo52_v1/3_Figure4/PairwiseCorrelations/result-images/similarity_2D_vs_3D_scatter.png	144292	2026-04-06T10:27:10Z	-
spher_colo52_v1/3_Figure4/PairwiseCorrelations/result-images/similarity_2D_vs_3D_scatter_cycling.pdf	46247	2026-05-13T17:23:33Z	-
spher_colo52_v1/3_Figure4/PairwiseCorrelations/result-images/similarity_2D_vs_3D_scatter_cycling.png	287034	2026-05-13T17:23:33Z	-
spher_colo52_v1/3_Figure4/PairwiseCorrelations/result-images/similarity_network_2D_vs_3D.html	166285	2026-05-13T17:09:00Z	-
spher_colo52_v1/3_Figure4/PairwiseCorrelations/result-images/similarity_network_2D_vs_3D.png	566227	2026-04-05T22:07:11Z	-
spher_colo52_v1/3_Figure4/PairwiseCorrelations/result-images/similarity_network_2D_vs_3D_p53pull.html	176512	2026-05-13T18:05:31Z	-
spher_colo52_v1/3_Figure4/PairwiseCorrelations/result-images/similarity_network_2D_vs_3D_profile_corr.html	166712	2026-05-13T17:08:00Z	-
spher_colo52_v1/3_Figure4/PairwiseCorrelations/result-images-radial_harmony/comparison_Fluorourac_vs_Olaparib.png	86578	2026-05-03T20:01:11Z	-
spher_colo52_v1/3_Figure4/PairwiseCorrelations/result-images-radial_harmony/profile_5Z-7-OXOZEAENOL.png	120377	2026-05-03T20:00:37Z	-
spher_colo52_v1/3_Figure4/PairwiseCorrelations/result-images-radial_harmony/profile_ABT-737.png	111039	2026-05-03T20:00:38Z	-
spher_colo52_v1/3_Figure4/PairwiseCorrelations/result-images-radial_harmony/profile_AMG232.png	115932	2026-05-03T20:00:38Z	-
spher_colo52_v1/3_Figure4/PairwiseCorrelations/result-images-radial_harmony/profile_AZD4547.png	112026	2026-05-03T20:00:39Z	-
spher_colo52_v1/3_Figure4/PairwiseCorrelations/result-images-radial_harmony/profile_AZD7762.png	114408	2026-05-03T20:00:39Z	-
spher_colo52_v1/3_Figure4/PairwiseCorrelations/result-images-radial_harmony/profile_AZD8055.png	112221	2026-05-03T20:00:40Z	-
spher_colo52_v1/3_Figure4/PairwiseCorrelations/result-images-radial_harmony/profile_Adavosertib.png	113800	2026-05-03T20:00:40Z	-
spher_colo52_v1/3_Figure4/PairwiseCorrelations/result-images-radial_harmony/profile_Afatinib.png	111555	2026-05-03T20:00:41Z	-
spher_colo52_v1/3_Figure4/PairwiseCorrelations/result-images-radial_harmony/profile_Alpelisib.png	110376	2026-05-03T20:00:41Z	-
spher_colo52_v1/3_Figure4/PairwiseCorrelations/result-images-radial_harmony/profile_BMS-754807.png	114125	2026-05-03T20:00:42Z	-
spher_colo52_v1/3_Figure4/PairwiseCorrelations/result-images-radial_harmony/profile_Binimetinib.png	114846	2026-05-03T20:00:42Z	-
spher_colo52_v1/3_Figure4/PairwiseCorrelations/result-images-radial_harmony/profile_Bortezomib.png	111160	2026-05-03T20:00:43Z	-
spher_colo52_v1/3_Figure4/PairwiseCorrelations/result-images-radial_harmony/profile_Cobimetinib.png	115034	2026-05-03T20:00:44Z	-
spher_colo52_v1/3_Figure4/PairwiseCorrelations/result-images-radial_harmony/profile_Crizotinib.png	111424	2026-05-03T20:00:44Z	-
spher_colo52_v1/3_Figure4/PairwiseCorrelations/result-images-radial_harmony/profile_Dabrafenib.png	112959	2026-05-03T20:00:45Z	-
spher_colo52_v1/3_Figure4/PairwiseCorrelations/result-images-radial_harmony/profile_Doramapimod.png	111115	2026-05-03T20:00:45Z	-
spher_colo52_v1/3_Figure4/PairwiseCorrelations/result-images-radial_harmony/profile_Encorafenib.png	112883	2026-05-03T20:00:46Z	-
spher_colo52_v1/3_Figure4/PairwiseCorrelations/result-images-radial_harmony/profile_Fluorouracil.png	113555	2026-05-03T20:00:46Z	-
spher_colo52_v1/3_Figure4/PairwiseCorrelations/result-images-radial_harmony/profile_Gefitinib.png	110210	2026-05-03T20:00:47Z	-
spher_colo52_v1/3_Figure4/PairwiseCorrelations/result-images-radial_harmony/profile_Gemcitabine.png	118786	2026-05-03T20:00:47Z	-
spher_colo52_v1/3_Figure4/PairwiseCorrelations/result-images-radial_harmony/profile_LGK-974.png	111667	2026-05-03T20:00:48Z	-
spher_colo52_v1/3_Figure4/PairwiseCorrelations/result-images-radial_harmony/profile_Linsitinib.png	108752	2026-05-03T20:00:48Z	-
spher_colo52_v1/3_Figure4/PairwiseCorrelations/result-images-radial_harmony/profile_MK-2206_2HCl.png	112481	2026-05-03T20:00:49Z	-
spher_colo52_v1/3_Figure4/PairwiseCorrelations/result-images-radial_harmony/profile_Miglitol.png	110794	2026-05-03T20:00:49Z	-
spher_colo52_v1/3_Figure4/PairwiseCorrelations/result-images-radial_harmony/profile_Navitoclax.png	117864	2026-05-03T20:00:50Z	-
spher_colo52_v1/3_Figure4/PairwiseCorrelations/result-images-radial_harmony/profile_Nutlin-3.png	112792	2026-05-03T20:00:50Z	-
spher_colo52_v1/3_Figure4/PairwiseCorrelations/result-images-radial_harmony/profile_Olaparib.png	112993	2026-05-03T20:00:51Z	-
spher_colo52_v1/3_Figure4/PairwiseCorrelations/result-images-radial_harmony/profile_Oxaliplatin.png	116032	2026-05-03T20:00:52Z	-
spher_colo52_v1/3_Figure4/PairwiseCorrelations/result-images-radial_harmony/profile_PD0325901.png	122322	2026-05-03T20:00:52Z	-
spher_colo52_v1/3_Figure4/PairwiseCorrelations/result-images-radial_harmony/profile_PI-103.png	114082	2026-05-03T20:00:53Z	-
spher_colo52_v1/3_Figure4/PairwiseCorrelations/result-images-radial_harmony/profile_Paclitaxel.png	112648	2026-05-03T20:00:53Z	-
spher_colo52_v1/3_Figure4/PairwiseCorrelations/result-images-radial_harmony/profile_Palbociclib.png	111702	2026-05-03T20:00:54Z	-
spher_colo52_v1/3_Figure4/PairwiseCorrelations/result-images-radial_harmony/profile_Phenformin_HCl.png	108768	2026-05-03T20:00:54Z	-
spher_colo52_v1/3_Figure4/PairwiseCorrelations/result-images-radial_harmony/profile_Rabusertib.png	112493	2026-05-03T20:00:55Z	-
spher_colo52_v1/3_Figure4/PairwiseCorrelations/result-images-radial_harmony/profile_Regorafenib.png	113399	2026-05-03T20:00:56Z	-
spher_colo52_v1/3_Figure4/PairwiseCorrelations/result-images-radial_harmony/profile_Ruxolitinib.png	114887	2026-05-03T20:00:56Z	-
spher_colo52_v1/3_Figure4/PairwiseCorrelations/result-images-radial_harmony/profile_SB216763.png	111856	2026-05-03T20:00:57Z	-
spher_colo52_v1/3_Figure4/PairwiseCorrelations/result-images-radial_harmony/profile_SB505124.png	114353	2026-05-03T20:00:57Z	-
spher_colo52_v1/3_Figure4/PairwiseCorrelations/result-images-radial_harmony/profile_SN-38.png	113306	2026-05-03T20:00:58Z	-
spher_colo52_v1/3_Figure4/PairwiseCorrelations/result-images-radial_harmony/profile_Sapitinib.png	116258	2026-05-03T20:00:58Z	-
spher_colo52_v1/3_Figure4/PairwiseCorrelations/result-images-radial_harmony/profile_Sorafenib.png	111957	2026-05-03T20:00:59Z	-
spher_colo52_v1/3_Figure4/PairwiseCorrelations/result-images-radial_harmony/profile_Tanespimycin.png	115257	2026-05-03T20:00:59Z	-
spher_colo52_v1/3_Figure4/PairwiseCorrelations/result-images-radial_harmony/profile_Taselisib.png	112637	2026-05-03T20:01:00Z	-
spher_colo52_v1/3_Figure4/PairwiseCorrelations/result-images-radial_harmony/profile_Temozolomide.png	111483	2026-05-03T20:01:00Z	-
spher_colo52_v1/3_Figure4/PairwiseCorrelations/result-images-radial_harmony/profile_Trametinib.png	109338	2026-05-03T20:01:01Z	-
spher_colo52_v1/3_Figure4/PairwiseCorrelations/result-images-radial_harmony/profile_Triciribine.png	108326	2026-05-03T20:01:01Z	-
spher_colo52_v1/3_Figure4/PairwiseCorrelations/result-images-radial_harmony/profile_Trifluridine.png	109331	2026-05-03T20:01:02Z	-
spher_colo52_v1/3_Figure4/PairwiseCorrelations/result-images-radial_harmony/profile_Veliparib.png	108771	2026-05-03T20:01:02Z	-
spher_colo52_v1/3_Figure4/PairwiseCorrelations/result-images-radial_harmony/profile_Vemurafenib.png	115813	2026-05-03T20:01:03Z	-
spher_colo52_v1/3_Figure4/PairwiseCorrelations/result-images-radial_harmony/profile_Vinorelbine_Tartrate.png	123253	2026-05-03T20:01:04Z	-
spher_colo52_v1/3_Figure4/PairwiseCorrelations/result-images-radial_harmony/profile_Vorinostat.png	113166	2026-05-03T20:01:04Z	-
spher_colo52_v1/3_Figure4/PairwiseCorrelations/result-images-radial_harmony/profile_abemaciclib.png	115555	2026-05-03T20:01:05Z	-
spher_colo52_v1/3_Figure4/PairwiseCorrelations/result-images-radial_harmony/profile_direction_magnitude.csv	5867	2026-05-03T20:01:07Z	-
spher_colo52_v1/3_Figure4/PairwiseCorrelations/result-images-radial_harmony/profile_etop.png	115412	2026-05-03T20:01:05Z	-
spher_colo52_v1/3_Figure4/PairwiseCorrelations/result-images-radial_harmony/profile_fenb.png	110574	2026-05-03T20:01:06Z	-
spher_colo52_v1/3_Figure4/PairwiseCorrelations/result-images-radial_harmony/profile_sorb.png	107128	2026-05-03T20:01:06Z	-
spher_colo52_v1/3_Figure4/PairwiseCorrelations/result-images-radial_harmony/profile_stau.png	108457	2026-05-03T20:01:07Z	-
spher_colo52_v1/3_Figure4/PairwiseCorrelations/result-images-radial_harmony/radial_diagnostics.png	694876	2026-05-03T20:00:33Z	-
spher_colo52_v1/3_Figure4/PairwiseCorrelations/result-images-radial_harmony/radial_dose_response.png	496135	2026-05-03T20:01:10Z	-
spher_colo52_v1/3_Figure4/PairwiseCorrelations/result-images-radial_harmony/radial_effect_sizes.png	208529	2026-05-03T20:00:36Z	-
spher_colo52_v1/3_Figure4/PairwiseCorrelations/result-images-radial_harmony/radial_gradient_bars.png	205939	2026-05-03T20:01:08Z	-
spher_colo52_v1/3_Figure4/PairwiseCorrelations/result-images-radial_harmony/radial_gradient_scatter.png	136240	2026-05-03T20:01:07Z	-
spher_colo52_v1/3_Figure4/PairwiseCorrelations/result-images-radial_harmony/radial_pca_per_bin.png	186018	2026-05-03T20:00:34Z	-
spher_colo52_v1/3_Figure4/PairwiseCorrelations/result-images-radial_harmony/radial_summary.csv	11574	2026-05-03T20:01:07Z	-
spher_colo52_v1/3_Figure4/PairwiseCorrelations/result-images-radial_harmony/radial_umap_per_bin.png	225711	2026-05-03T20:00:35Z	-
spher_colo52_v1/3_Figure4/PairwiseCorrelations/result-images-radial_harmony/x_harmony_validation.png	100851	2026-05-03T20:00:30Z	-
spher_colo52_v1/3_Figure4/PairwiseCorrelations/result-images-radial_norm/comparison_Fluorourac_vs_Olaparib.png	81866	2026-05-03T19:56:46Z	-
spher_colo52_v1/3_Figure4/PairwiseCorrelations/result-images-radial_norm/profile_5Z-7-OXOZEAENOL.png	122209	2026-05-03T19:56:12Z	-
spher_colo52_v1/3_Figure4/PairwiseCorrelations/result-images-radial_norm/profile_ABT-737.png	111762	2026-05-03T19:56:13Z	-
spher_colo52_v1/3_Figure4/PairwiseCorrelations/result-images-radial_norm/profile_AMG232.png	116412	2026-05-03T19:56:13Z	-
spher_colo52_v1/3_Figure4/PairwiseCorrelations/result-images-radial_norm/profile_AZD4547.png	112821	2026-05-03T19:56:14Z	-
spher_colo52_v1/3_Figure4/PairwiseCorrelations/result-images-radial_norm/profile_AZD7762.png	111987	2026-05-03T19:56:14Z	-
spher_colo52_v1/3_Figure4/PairwiseCorrelations/result-images-radial_norm/profile_AZD8055.png	118675	2026-05-03T19:56:15Z	-
spher_colo52_v1/3_Figure4/PairwiseCorrelations/result-images-radial_norm/profile_Adavosertib.png	116694	2026-05-03T19:56:15Z	-
spher_colo52_v1/3_Figure4/PairwiseCorrelations/result-images-radial_norm/profile_Afatinib.png	112958	2026-05-03T19:56:16Z	-
spher_colo52_v1/3_Figure4/PairwiseCorrelations/result-images-radial_norm/profile_Alpelisib.png	110678	2026-05-03T19:56:17Z	-
spher_colo52_v1/3_Figure4/PairwiseCorrelations/result-images-radial_norm/profile_BMS-754807.png	114150	2026-05-03T19:56:17Z	-
spher_colo52_v1/3_Figure4/PairwiseCorrelations/result-images-radial_norm/profile_Binimetinib.png	123298	2026-05-03T19:56:18Z	-
spher_colo52_v1/3_Figure4/PairwiseCorrelations/result-images-radial_norm/profile_Bortezomib.png	112262	2026-05-03T19:56:18Z	-
spher_colo52_v1/3_Figure4/PairwiseCorrelations/result-images-radial_norm/profile_Cobimetinib.png	113977	2026-05-03T19:56:19Z	-
spher_colo52_v1/3_Figure4/PairwiseCorrelations/result-images-radial_norm/profile_Crizotinib.png	112917	2026-05-03T19:56:19Z	-
spher_colo52_v1/3_Figure4/PairwiseCorrelations/result-images-radial_norm/profile_Dabrafenib.png	111807	2026-05-03T19:56:20Z	-
spher_colo52_v1/3_Figure4/PairwiseCorrelations/result-images-radial_norm/profile_Doramapimod.png	112746	2026-05-03T19:56:20Z	-
spher_colo52_v1/3_Figure4/PairwiseCorrelations/result-images-radial_norm/profile_Encorafenib.png	112698	2026-05-03T19:56:21Z	-
spher_colo52_v1/3_Figure4/PairwiseCorrelations/result-images-radial_norm/profile_Fluorouracil.png	112496	2026-05-03T19:56:21Z	-
spher_colo52_v1/3_Figure4/PairwiseCorrelations/result-images-radial_norm/profile_Gefitinib.png	109656	2026-05-03T19:56:22Z	-
spher_colo52_v1/3_Figure4/PairwiseCorrelations/result-images-radial_norm/profile_Gemcitabine.png	120406	2026-05-03T19:56:22Z	-
spher_colo52_v1/3_Figure4/PairwiseCorrelations/result-images-radial_norm/profile_LGK-974.png	115943	2026-05-03T19:56:23Z	-
spher_colo52_v1/3_Figure4/PairwiseCorrelations/result-images-radial_norm/profile_Linsitinib.png	112147	2026-05-03T19:56:23Z	-
spher_colo52_v1/3_Figure4/PairwiseCorrelations/result-images-radial_norm/profile_MK-2206_2HCl.png	115493	2026-05-03T19:56:24Z	-
spher_colo52_v1/3_Figure4/PairwiseCorrelations/result-images-radial_norm/profile_Miglitol.png	111674	2026-05-03T19:56:25Z	-
spher_colo52_v1/3_Figure4/PairwiseCorrelations/result-images-radial_norm/profile_Navitoclax.png	113858	2026-05-03T19:56:25Z	-
spher_colo52_v1/3_Figure4/PairwiseCorrelations/result-images-radial_norm/profile_Nutlin-3.png	110878	2026-05-03T19:56:26Z	-
spher_colo52_v1/3_Figure4/PairwiseCorrelations/result-images-radial_norm/profile_Olaparib.png	111010	2026-05-03T19:56:26Z	-
spher_colo52_v1/3_Figure4/PairwiseCorrelations/result-images-radial_norm/profile_Oxaliplatin.png	112711	2026-05-03T19:56:27Z	-
spher_colo52_v1/3_Figure4/PairwiseCorrelations/result-images-radial_norm/profile_PD0325901.png	120282	2026-05-03T19:56:27Z	-
spher_colo52_v1/3_Figure4/PairwiseCorrelations/result-images-radial_norm/profile_PI-103.png	119734	2026-05-03T19:56:28Z	-
spher_colo52_v1/3_Figure4/PairwiseCorrelations/result-images-radial_norm/profile_Paclitaxel.png	118854	2026-05-03T19:56:28Z	-
spher_colo52_v1/3_Figure4/PairwiseCorrelations/result-images-radial_norm/profile_Palbociclib.png	117736	2026-05-03T19:56:29Z	-
spher_colo52_v1/3_Figure4/PairwiseCorrelations/result-images-radial_norm/profile_Phenformin_HCl.png	109032	2026-05-03T19:56:29Z	-
spher_colo52_v1/3_Figure4/PairwiseCorrelations/result-images-radial_norm/profile_Rabusertib.png	111744	2026-05-03T19:56:30Z	-
spher_colo52_v1/3_Figure4/PairwiseCorrelations/result-images-radial_norm/profile_Regorafenib.png	114258	2026-05-03T19:56:30Z	-
spher_colo52_v1/3_Figure4/PairwiseCorrelations/result-images-radial_norm/profile_Ruxolitinib.png	120051	2026-05-03T19:56:31Z	-
spher_colo52_v1/3_Figure4/PairwiseCorrelations/result-images-radial_norm/profile_SB216763.png	114935	2026-05-03T19:56:31Z	-
spher_colo52_v1/3_Figure4/PairwiseCorrelations/result-images-radial_norm/profile_SB505124.png	114865	2026-05-03T19:56:32Z	-
spher_colo52_v1/3_Figure4/PairwiseCorrelations/result-images-radial_norm/profile_SN-38.png	114137	2026-05-03T19:56:33Z	-
spher_colo52_v1/3_Figure4/PairwiseCorrelations/result-images-radial_norm/profile_Sapitinib.png	117251	2026-05-03T19:56:33Z	-
spher_colo52_v1/3_Figure4/PairwiseCorrelations/result-images-radial_norm/profile_Sorafenib.png	113728	2026-05-03T19:56:34Z	-
spher_colo52_v1/3_Figure4/PairwiseCorrelations/result-images-radial_norm/profile_Tanespimycin.png	114839	2026-05-03T19:56:34Z	-
spher_colo52_v1/3_Figure4/PairwiseCorrelations/result-images-radial_norm/profile_Taselisib.png	111413	2026-05-03T19:56:35Z	-
spher_colo52_v1/3_Figure4/PairwiseCorrelations/result-images-radial_norm/profile_Temozolomide.png	111606	2026-05-03T19:56:35Z	-
spher_colo52_v1/3_Figure4/PairwiseCorrelations/result-images-radial_norm/profile_Trametinib.png	112101	2026-05-03T19:56:36Z	-
spher_colo52_v1/3_Figure4/PairwiseCorrelations/result-images-radial_norm/profile_Triciribine.png	112298	2026-05-03T19:56:36Z	-
spher_colo52_v1/3_Figure4/PairwiseCorrelations/result-images-radial_norm/profile_Trifluridine.png	110071	2026-05-03T19:56:37Z	-
spher_colo52_v1/3_Figure4/PairwiseCorrelations/result-images-radial_norm/profile_Veliparib.png	110074	2026-05-03T19:56:37Z	-
spher_colo52_v1/3_Figure4/PairwiseCorrelations/result-images-radial_norm/profile_Vemurafenib.png	108359	2026-05-03T19:56:38Z	-
spher_colo52_v1/3_Figure4/PairwiseCorrelations/result-images-radial_norm/profile_Vinorelbine_Tartrate.png	116496	2026-05-03T19:56:38Z	-
spher_colo52_v1/3_Figure4/PairwiseCorrelations/result-images-radial_norm/profile_Vorinostat.png	113573	2026-05-03T19:56:39Z	-
spher_colo52_v1/3_Figure4/PairwiseCorrelations/result-images-radial_norm/profile_abemaciclib.png	116407	2026-05-03T19:56:39Z	-
spher_colo52_v1/3_Figure4/PairwiseCorrelations/result-images-radial_norm/profile_direction_magnitude.csv	5874	2026-05-03T19:56:42Z	-
spher_colo52_v1/3_Figure4/PairwiseCorrelations/result-images-radial_norm/profile_etop.png	116831	2026-05-03T19:56:40Z	-
spher_colo52_v1/3_Figure4/PairwiseCorrelations/result-images-radial_norm/profile_fenb.png	109726	2026-05-03T19:56:41Z	-
spher_colo52_v1/3_Figure4/PairwiseCorrelations/result-images-radial_norm/profile_sorb.png	112898	2026-05-03T19:56:41Z	-
spher_colo52_v1/3_Figure4/PairwiseCorrelations/result-images-radial_norm/profile_stau.png	109439	2026-05-03T19:56:42Z	-
spher_colo52_v1/3_Figure4/PairwiseCorrelations/result-images-radial_norm/radial_diagnostics.png	693862	2026-05-03T19:56:07Z	-
spher_colo52_v1/3_Figure4/PairwiseCorrelations/result-images-radial_norm/radial_dose_response.png	467748	2026-05-03T19:56:45Z	-
spher_colo52_v1/3_Figure4/PairwiseCorrelations/result-images-radial_norm/radial_effect_sizes.png	212370	2026-05-03T19:56:11Z	-
spher_colo52_v1/3_Figure4/PairwiseCorrelations/result-images-radial_norm/radial_gradient_bars.png	203628	2026-05-03T19:56:43Z	-
spher_colo52_v1/3_Figure4/PairwiseCorrelations/result-images-radial_norm/radial_gradient_scatter.png	136984	2026-05-03T19:56:42Z	-
spher_colo52_v1/3_Figure4/PairwiseCorrelations/result-images-radial_norm/radial_pca_per_bin.png	168957	2026-05-03T19:56:08Z	-
spher_colo52_v1/3_Figure4/PairwiseCorrelations/result-images-radial_norm/radial_summary.csv	11613	2026-05-03T19:56:42Z	-
spher_colo52_v1/3_Figure4/PairwiseCorrelations/result-images-radial_norm/radial_umap_per_bin.png	254631	2026-05-03T19:56:10Z	-
spher_colo52_v1/3_Figure4/PairwiseCorrelations/result-images-radial_norm/x_pca_norm_validation.png	105207	2026-05-03T19:56:04Z	-
spher_colo52_v1/3_Figure4/PairwiseCorrelations/result-images-radial_norm_harmony/comparison_Fluorourac_vs_Olaparib.png	85587	2026-05-03T20:03:23Z	-
spher_colo52_v1/3_Figure4/PairwiseCorrelations/result-images-radial_norm_harmony/profile_5Z-7-OXOZEAENOL.png	120974	2026-05-03T20:02:49Z	-
spher_colo52_v1/3_Figure4/PairwiseCorrelations/result-images-radial_norm_harmony/profile_ABT-737.png	109615	2026-05-03T20:02:49Z	-
spher_colo52_v1/3_Figure4/PairwiseCorrelations/result-images-radial_norm_harmony/profile_AMG232.png	116923	2026-05-03T20:02:50Z	-
spher_colo52_v1/3_Figure4/PairwiseCorrelations/result-images-radial_norm_harmony/profile_AZD4547.png	110863	2026-05-03T20:02:50Z	-
spher_colo52_v1/3_Figure4/PairwiseCorrelations/result-images-radial_norm_harmony/profile_AZD7762.png	116078	2026-05-03T20:02:51Z	-
spher_colo52_v1/3_Figure4/PairwiseCorrelations/result-images-radial_norm_harmony/profile_AZD8055.png	117968	2026-05-03T20:02:51Z	-
spher_colo52_v1/3_Figure4/PairwiseCorrelations/result-images-radial_norm_harmony/profile_Adavosertib.png	114423	2026-05-03T20:02:52Z	-
spher_colo52_v1/3_Figure4/PairwiseCorrelations/result-images-radial_norm_harmony/profile_Afatinib.png	112254	2026-05-03T20:02:53Z	-
spher_colo52_v1/3_Figure4/PairwiseCorrelations/result-images-radial_norm_harmony/profile_Alpelisib.png	112069	2026-05-03T20:02:53Z	-
spher_colo52_v1/3_Figure4/PairwiseCorrelations/result-images-radial_norm_harmony/profile_BMS-754807.png	114120	2026-05-03T20:02:54Z	-
spher_colo52_v1/3_Figure4/PairwiseCorrelations/result-images-radial_norm_harmony/profile_Binimetinib.png	119008	2026-05-03T20:02:54Z	-
spher_colo52_v1/3_Figure4/PairwiseCorrelations/result-images-radial_norm_harmony/profile_Bortezomib.png	113898	2026-05-03T20:02:55Z	-
spher_colo52_v1/3_Figure4/PairwiseCorrelations/result-images-radial_norm_harmony/profile_Cobimetinib.png	113570	2026-05-03T20:02:55Z	-
spher_colo52_v1/3_Figure4/PairwiseCorrelations/result-images-radial_norm_harmony/profile_Crizotinib.png	112071	2026-05-03T20:02:56Z	-
spher_colo52_v1/3_Figure4/PairwiseCorrelations/result-images-radial_norm_harmony/profile_Dabrafenib.png	114544	2026-05-03T20:02:56Z	-
spher_colo52_v1/3_Figure4/PairwiseCorrelations/result-images-radial_norm_harmony/profile_Doramapimod.png	111685	2026-05-03T20:02:57Z	-
spher_colo52_v1/3_Figure4/PairwiseCorrelations/result-images-radial_norm_harmony/profile_Encorafenib.png	113321	2026-05-03T20:02:57Z	-
spher_colo52_v1/3_Figure4/PairwiseCorrelations/result-images-radial_norm_harmony/profile_Fluorouracil.png	111048	2026-05-03T20:02:58Z	-
spher_colo52_v1/3_Figure4/PairwiseCorrelations/result-images-radial_norm_harmony/profile_Gefitinib.png	112563	2026-05-03T20:02:59Z	-
spher_colo52_v1/3_Figure4/PairwiseCorrelations/result-images-radial_norm_harmony/profile_Gemcitabine.png	121057	2026-05-03T20:02:59Z	-
spher_colo52_v1/3_Figure4/PairwiseCorrelations/result-images-radial_norm_harmony/profile_LGK-974.png	116250	2026-05-03T20:03:00Z	-
spher_colo52_v1/3_Figure4/PairwiseCorrelations/result-images-radial_norm_harmony/profile_Linsitinib.png	109037	2026-05-03T20:03:00Z	-
spher_colo52_v1/3_Figure4/PairwiseCorrelations/result-images-radial_norm_harmony/profile_MK-2206_2HCl.png	115097	2026-05-03T20:03:01Z	-
spher_colo52_v1/3_Figure4/PairwiseCorrelations/result-images-radial_norm_harmony/profile_Miglitol.png	110953	2026-05-03T20:03:01Z	-
spher_colo52_v1/3_Figure4/PairwiseCorrelations/result-images-radial_norm_harmony/profile_Navitoclax.png	112764	2026-05-03T20:03:02Z	-
spher_colo52_v1/3_Figure4/PairwiseCorrelations/result-images-radial_norm_harmony/profile_Nutlin-3.png	113658	2026-05-03T20:03:02Z	-
spher_colo52_v1/3_Figure4/PairwiseCorrelations/result-images-radial_norm_harmony/profile_Olaparib.png	109703	2026-05-03T20:03:03Z	-
spher_colo52_v1/3_Figure4/PairwiseCorrelations/result-images-radial_norm_harmony/profile_Oxaliplatin.png	113846	2026-05-03T20:03:03Z	-
spher_colo52_v1/3_Figure4/PairwiseCorrelations/result-images-radial_norm_harmony/profile_PD0325901.png	120460	2026-05-03T20:03:04Z	-
spher_colo52_v1/3_Figure4/PairwiseCorrelations/result-images-radial_norm_harmony/profile_PI-103.png	117587	2026-05-03T20:03:04Z	-
spher_colo52_v1/3_Figure4/PairwiseCorrelations/result-images-radial_norm_harmony/profile_Paclitaxel.png	117083	2026-05-03T20:03:05Z	-
spher_colo52_v1/3_Figure4/PairwiseCorrelations/result-images-radial_norm_harmony/profile_Palbociclib.png	115660	2026-05-03T20:03:06Z	-
spher_colo52_v1/3_Figure4/PairwiseCorrelations/result-images-radial_norm_harmony/profile_Phenformin_HCl.png	108684	2026-05-03T20:03:06Z	-
spher_colo52_v1/3_Figure4/PairwiseCorrelations/result-images-radial_norm_harmony/profile_Rabusertib.png	112597	2026-05-03T20:03:07Z	-
spher_colo52_v1/3_Figure4/PairwiseCorrelations/result-images-radial_norm_harmony/profile_Regorafenib.png	115427	2026-05-03T20:03:07Z	-
spher_colo52_v1/3_Figure4/PairwiseCorrelations/result-images-radial_norm_harmony/profile_Ruxolitinib.png	125982	2026-05-03T20:03:08Z	-
spher_colo52_v1/3_Figure4/PairwiseCorrelations/result-images-radial_norm_harmony/profile_SB216763.png	115098	2026-05-03T20:03:08Z	-
spher_colo52_v1/3_Figure4/PairwiseCorrelations/result-images-radial_norm_harmony/profile_SB505124.png	115600	2026-05-03T20:03:09Z	-
spher_colo52_v1/3_Figure4/PairwiseCorrelations/result-images-radial_norm_harmony/profile_SN-38.png	112730	2026-05-03T20:03:10Z	-
spher_colo52_v1/3_Figure4/PairwiseCorrelations/result-images-radial_norm_harmony/profile_Sapitinib.png	122711	2026-05-03T20:03:10Z	-
spher_colo52_v1/3_Figure4/PairwiseCorrelations/result-images-radial_norm_harmony/profile_Sorafenib.png	110361	2026-05-03T20:03:11Z	-
spher_colo52_v1/3_Figure4/PairwiseCorrelations/result-images-radial_norm_harmony/profile_Tanespimycin.png	113658	2026-05-03T20:03:11Z	-
spher_colo52_v1/3_Figure4/PairwiseCorrelations/result-images-radial_norm_harmony/profile_Taselisib.png	111567	2026-05-03T20:03:12Z	-
spher_colo52_v1/3_Figure4/PairwiseCorrelations/result-images-radial_norm_harmony/profile_Temozolomide.png	107841	2026-05-03T20:03:12Z	-
spher_colo52_v1/3_Figure4/PairwiseCorrelations/result-images-radial_norm_harmony/profile_Trametinib.png	110481	2026-05-03T20:03:13Z	-
spher_colo52_v1/3_Figure4/PairwiseCorrelations/result-images-radial_norm_harmony/profile_Triciribine.png	111176	2026-05-03T20:03:14Z	-
spher_colo52_v1/3_Figure4/PairwiseCorrelations/result-images-radial_norm_harmony/profile_Trifluridine.png	109522	2026-05-03T20:03:14Z	-
spher_colo52_v1/3_Figure4/PairwiseCorrelations/result-images-radial_norm_harmony/profile_Veliparib.png	109891	2026-05-03T20:03:15Z	-
spher_colo52_v1/3_Figure4/PairwiseCorrelations/result-images-radial_norm_harmony/profile_Vemurafenib.png	113548	2026-05-03T20:03:15Z	-
spher_colo52_v1/3_Figure4/PairwiseCorrelations/result-images-radial_norm_harmony/profile_Vinorelbine_Tartrate.png	118432	2026-05-03T20:03:16Z	-
spher_colo52_v1/3_Figure4/PairwiseCorrelations/result-images-radial_norm_harmony/profile_Vorinostat.png	115282	2026-05-03T20:03:16Z	-
spher_colo52_v1/3_Figure4/PairwiseCorrelations/result-images-radial_norm_harmony/profile_abemaciclib.png	115511	2026-05-03T20:03:17Z	-
spher_colo52_v1/3_Figure4/PairwiseCorrelations/result-images-radial_norm_harmony/profile_direction_magnitude.csv	5882	2026-05-03T20:03:19Z	-
spher_colo52_v1/3_Figure4/PairwiseCorrelations/result-images-radial_norm_harmony/profile_etop.png	118083	2026-05-03T20:03:17Z	-
spher_colo52_v1/3_Figure4/PairwiseCorrelations/result-images-radial_norm_harmony/profile_fenb.png	109830	2026-05-03T20:03:18Z	-
spher_colo52_v1/3_Figure4/PairwiseCorrelations/result-images-radial_norm_harmony/profile_sorb.png	110517	2026-05-03T20:03:18Z	-
spher_colo52_v1/3_Figure4/PairwiseCorrelations/result-images-radial_norm_harmony/profile_stau.png	110552	2026-05-03T20:03:19Z	-
spher_colo52_v1/3_Figure4/PairwiseCorrelations/result-images-radial_norm_harmony/radial_diagnostics.png	685873	2026-05-03T20:02:44Z	-
spher_colo52_v1/3_Figure4/PairwiseCorrelations/result-images-radial_norm_harmony/radial_dose_response.png	507246	2026-05-03T20:03:22Z	-
spher_colo52_v1/3_Figure4/PairwiseCorrelations/result-images-radial_norm_harmony/radial_effect_sizes.png	205670	2026-05-03T20:02:48Z	-
spher_colo52_v1/3_Figure4/PairwiseCorrelations/result-images-radial_norm_harmony/radial_gradient_bars.png	206142	2026-05-03T20:03:20Z	-
spher_colo52_v1/3_Figure4/PairwiseCorrelations/result-images-radial_norm_harmony/radial_gradient_scatter.png	137869	2026-05-03T20:03:19Z	-
spher_colo52_v1/3_Figure4/PairwiseCorrelations/result-images-radial_norm_harmony/radial_pca_per_bin.png	191167	2026-05-03T20:02:46Z	-
spher_colo52_v1/3_Figure4/PairwiseCorrelations/result-images-radial_norm_harmony/radial_summary.csv	11578	2026-05-03T20:03:19Z	-
spher_colo52_v1/3_Figure4/PairwiseCorrelations/result-images-radial_norm_harmony/radial_umap_per_bin.png	249925	2026-05-03T20:02:47Z	-
spher_colo52_v1/3_Figure4/PairwiseCorrelations/result-images-radial_norm_harmony/x_harmony_normpz_harmony_validation.png	115669	2026-05-03T20:02:42Z	-
spher_colo52_v1/3_Figure4/PairwiseCorrelations/result-images-radial_zreg/comparison_Fluorourac_vs_Olaparib.png	84165	2026-05-03T19:58:58Z	-
spher_colo52_v1/3_Figure4/PairwiseCorrelations/result-images-radial_zreg/profile_5Z-7-OXOZEAENOL.png	122480	2026-05-03T19:58:24Z	-
spher_colo52_v1/3_Figure4/PairwiseCorrelations/result-images-radial_zreg/profile_ABT-737.png	111974	2026-05-03T19:58:24Z	-
spher_colo52_v1/3_Figure4/PairwiseCorrelations/result-images-radial_zreg/profile_AMG232.png	116679	2026-05-03T19:58:25Z	-
spher_colo52_v1/3_Figure4/PairwiseCorrelations/result-images-radial_zreg/profile_AZD4547.png	110509	2026-05-03T19:58:25Z	-
spher_colo52_v1/3_Figure4/PairwiseCorrelations/result-images-radial_zreg/profile_AZD7762.png	113729	2026-05-03T19:58:26Z	-
spher_colo52_v1/3_Figure4/PairwiseCorrelations/result-images-radial_zreg/profile_AZD8055.png	112409	2026-05-03T19:58:26Z	-
spher_colo52_v1/3_Figure4/PairwiseCorrelations/result-images-radial_zreg/profile_Adavosertib.png	114499	2026-05-03T19:58:27Z	-
spher_colo52_v1/3_Figure4/PairwiseCorrelations/result-images-radial_zreg/profile_Afatinib.png	112034	2026-05-03T19:58:27Z	-
spher_colo52_v1/3_Figure4/PairwiseCorrelations/result-images-radial_zreg/profile_Alpelisib.png	111298	2026-05-03T19:58:28Z	-
spher_colo52_v1/3_Figure4/PairwiseCorrelations/result-images-radial_zreg/profile_BMS-754807.png	114164	2026-05-03T19:58:28Z	-
spher_colo52_v1/3_Figure4/PairwiseCorrelations/result-images-radial_zreg/profile_Binimetinib.png	123967	2026-05-03T19:58:29Z	-
spher_colo52_v1/3_Figure4/PairwiseCorrelations/result-images-radial_zreg/profile_Bortezomib.png	110186	2026-05-03T19:58:30Z	-
spher_colo52_v1/3_Figure4/PairwiseCorrelations/result-images-radial_zreg/profile_Cobimetinib.png	115359	2026-05-03T19:58:30Z	-
spher_colo52_v1/3_Figure4/PairwiseCorrelations/result-images-radial_zreg/profile_Crizotinib.png	110065	2026-05-03T19:58:31Z	-
spher_colo52_v1/3_Figure4/PairwiseCorrelations/result-images-radial_zreg/profile_Dabrafenib.png	114419	2026-05-03T19:58:31Z	-
spher_colo52_v1/3_Figure4/PairwiseCorrelations/result-images-radial_zreg/profile_Doramapimod.png	109626	2026-05-03T19:58:32Z	-
spher_colo52_v1/3_Figure4/PairwiseCorrelations/result-images-radial_zreg/profile_Encorafenib.png	111099	2026-05-03T19:58:32Z	-
spher_colo52_v1/3_Figure4/PairwiseCorrelations/result-images-radial_zreg/profile_Fluorouracil.png	113515	2026-05-03T19:58:33Z	-
spher_colo52_v1/3_Figure4/PairwiseCorrelations/result-images-radial_zreg/profile_Gefitinib.png	111005	2026-05-03T19:58:33Z	-
spher_colo52_v1/3_Figure4/PairwiseCorrelations/result-images-radial_zreg/profile_Gemcitabine.png	121120	2026-05-03T19:58:34Z	-
spher_colo52_v1/3_Figure4/PairwiseCorrelations/result-images-radial_zreg/profile_LGK-974.png	110508	2026-05-03T19:58:35Z	-
spher_colo52_v1/3_Figure4/PairwiseCorrelations/result-images-radial_zreg/profile_Linsitinib.png	108087	2026-05-03T19:58:35Z	-
spher_colo52_v1/3_Figure4/PairwiseCorrelations/result-images-radial_zreg/profile_MK-2206_2HCl.png	112964	2026-05-03T19:58:36Z	-
spher_colo52_v1/3_Figure4/PairwiseCorrelations/result-images-radial_zreg/profile_Miglitol.png	108503	2026-05-03T19:58:36Z	-
spher_colo52_v1/3_Figure4/PairwiseCorrelations/result-images-radial_zreg/profile_Navitoclax.png	117247	2026-05-03T19:58:37Z	-
spher_colo52_v1/3_Figure4/PairwiseCorrelations/result-images-radial_zreg/profile_Nutlin-3.png	111972	2026-05-03T19:58:37Z	-
spher_colo52_v1/3_Figure4/PairwiseCorrelations/result-images-radial_zreg/profile_Olaparib.png	112403	2026-05-03T19:58:38Z	-
spher_colo52_v1/3_Figure4/PairwiseCorrelations/result-images-radial_zreg/profile_Oxaliplatin.png	115704	2026-05-03T19:58:38Z	-
spher_colo52_v1/3_Figure4/PairwiseCorrelations/result-images-radial_zreg/profile_PD0325901.png	119885	2026-05-03T19:58:39Z	-
spher_colo52_v1/3_Figure4/PairwiseCorrelations/result-images-radial_zreg/profile_PI-103.png	115049	2026-05-03T19:58:39Z	-
spher_colo52_v1/3_Figure4/PairwiseCorrelations/result-images-radial_zreg/profile_Paclitaxel.png	111935	2026-05-03T19:58:40Z	-
spher_colo52_v1/3_Figure4/PairwiseCorrelations/result-images-radial_zreg/profile_Palbociclib.png	114968	2026-05-03T19:58:40Z	-
spher_colo52_v1/3_Figure4/PairwiseCorrelations/result-images-radial_zreg/profile_Phenformin_HCl.png	107573	2026-05-03T19:58:41Z	-
spher_colo52_v1/3_Figure4/PairwiseCorrelations/result-images-radial_zreg/profile_Rabusertib.png	112762	2026-05-03T19:58:42Z	-
spher_colo52_v1/3_Figure4/PairwiseCorrelations/result-images-radial_zreg/profile_Regorafenib.png	110973	2026-05-03T19:58:42Z	-
spher_colo52_v1/3_Figure4/PairwiseCorrelations/result-images-radial_zreg/profile_Ruxolitinib.png	117979	2026-05-03T19:58:43Z	-
spher_colo52_v1/3_Figure4/PairwiseCorrelations/result-images-radial_zreg/profile_SB216763.png	111629	2026-05-03T19:58:43Z	-
spher_colo52_v1/3_Figure4/PairwiseCorrelations/result-images-radial_zreg/profile_SB505124.png	115869	2026-05-03T19:58:44Z	-
spher_colo52_v1/3_Figure4/PairwiseCorrelations/result-images-radial_zreg/profile_SN-38.png	115867	2026-05-03T19:58:44Z	-
spher_colo52_v1/3_Figure4/PairwiseCorrelations/result-images-radial_zreg/profile_Sapitinib.png	125264	2026-05-03T19:58:45Z	-
spher_colo52_v1/3_Figure4/PairwiseCorrelations/result-images-radial_zreg/profile_Sorafenib.png	111243	2026-05-03T19:58:46Z	-
spher_colo52_v1/3_Figure4/PairwiseCorrelations/result-images-radial_zreg/profile_Tanespimycin.png	115097	2026-05-03T19:58:46Z	-
spher_colo52_v1/3_Figure4/PairwiseCorrelations/result-images-radial_zreg/profile_Taselisib.png	110799	2026-05-03T19:58:47Z	-
spher_colo52_v1/3_Figure4/PairwiseCorrelations/result-images-radial_zreg/profile_Temozolomide.png	110639	2026-05-03T19:58:47Z	-
spher_colo52_v1/3_Figure4/PairwiseCorrelations/result-images-radial_zreg/profile_Trametinib.png	109866	2026-05-03T19:58:48Z	-
spher_colo52_v1/3_Figure4/PairwiseCorrelations/result-images-radial_zreg/profile_Triciribine.png	109779	2026-05-03T19:58:48Z	-
spher_colo52_v1/3_Figure4/PairwiseCorrelations/result-images-radial_zreg/profile_Trifluridine.png	113837	2026-05-03T19:58:49Z	-
spher_colo52_v1/3_Figure4/PairwiseCorrelations/result-images-radial_zreg/profile_Veliparib.png	107227	2026-05-03T19:58:49Z	-
spher_colo52_v1/3_Figure4/PairwiseCorrelations/result-images-radial_zreg/profile_Vemurafenib.png	114313	2026-05-03T19:58:50Z	-
spher_colo52_v1/3_Figure4/PairwiseCorrelations/result-images-radial_zreg/profile_Vinorelbine_Tartrate.png	118869	2026-05-03T19:58:50Z	-
spher_colo52_v1/3_Figure4/PairwiseCorrelations/result-images-radial_zreg/profile_Vorinostat.png	111854	2026-05-03T19:58:51Z	-
spher_colo52_v1/3_Figure4/PairwiseCorrelations/result-images-radial_zreg/profile_abemaciclib.png	114874	2026-05-03T19:58:51Z	-
spher_colo52_v1/3_Figure4/PairwiseCorrelations/result-images-radial_zreg/profile_direction_magnitude.csv	5868	2026-05-03T19:58:54Z	-
spher_colo52_v1/3_Figure4/PairwiseCorrelations/result-images-radial_zreg/profile_etop.png	117873	2026-05-03T19:58:52Z	-
spher_colo52_v1/3_Figure4/PairwiseCorrelations/result-images-radial_zreg/profile_fenb.png	108456	2026-05-03T19:58:52Z	-
spher_colo52_v1/3_Figure4/PairwiseCorrelations/result-images-radial_zreg/profile_sorb.png	109278	2026-05-03T19:58:53Z	-
spher_colo52_v1/3_Figure4/PairwiseCorrelations/result-images-radial_zreg/profile_stau.png	109451	2026-05-03T19:58:53Z	-
spher_colo52_v1/3_Figure4/PairwiseCorrelations/result-images-radial_zreg/radial_diagnostics.png	689133	2026-05-03T19:58:19Z	-
spher_colo52_v1/3_Figure4/PairwiseCorrelations/result-images-radial_zreg/radial_dose_response.png	518834	2026-05-03T19:58:57Z	-
spher_colo52_v1/3_Figure4/PairwiseCorrelations/result-images-radial_zreg/radial_effect_sizes.png	205344	2026-05-03T19:58:23Z	-
spher_colo52_v1/3_Figure4/PairwiseCorrelations/result-images-radial_zreg/radial_gradient_bars.png	205807	2026-05-03T19:58:55Z	-
spher_colo52_v1/3_Figure4/PairwiseCorrelations/result-images-radial_zreg/radial_gradient_scatter.png	130082	2026-05-03T19:58:54Z	-
spher_colo52_v1/3_Figure4/PairwiseCorrelations/result-images-radial_zreg/radial_pca_per_bin.png	168535	2026-05-03T19:58:20Z	-
spher_colo52_v1/3_Figure4/PairwiseCorrelations/result-images-radial_zreg/radial_summary.csv	11571	2026-05-03T19:58:54Z	-
spher_colo52_v1/3_Figure4/PairwiseCorrelations/result-images-radial_zreg/radial_umap_per_bin.png	217054	2026-05-03T19:58:22Z	-
spher_colo52_v1/3_Figure4/PairwiseCorrelations/result-images-radial_zreg/x_pca_zreg_validation.png	120137	2026-05-03T19:58:16Z	-
spher_colo52_v1/3_Figure4/PairwiseCorrelations/similarities.csv	36764	2026-01-13T22:37:05Z	-
spher_colo52_v1/3_Figure4/PairwiseCorrelations/summary_displacement.csv	3228	2026-05-13T15:40:14Z	-
spher_colo52_v1/3_Figure4/cluster_validation_plan.md	9779	2026-04-05T14:53:32Z	d9e9d79c459210571afa093c0cd87295672210a00c68024bf7d8bd56e39e141b
spher_colo52_v1/3_Figure4/combined/pipeline_agreement_4way.png	273956	2026-05-03T20:03:25Z	-
spher_colo52_v1/3_Figure4/combined/profile_direction_magnitude_all_pipelines.csv	17823	2026-05-03T20:03:24Z	-
spher_colo52_v1/3_Figure4/combined/robust_compounds.csv	1	2026-05-03T20:03:24Z	-
spher_colo52_v1/3_Figure6/DEG/8d1de180-439d-4f9c-80dd-b2c01c923722_HallmarkHuman2025_gsea_functional_enrichment.csv	38599	2026-08-13T07:19:21Z	-
spher_colo52_v1/3_Figure6/DEG/QMMFHL-colo52_5-FU_vs_colo52_Ola-dge.csv	2659105	2026-08-13T07:19:18Z	-
spher_colo52_v1/3_Figure6/DEG/QMMFHL-colo52_Control_vs_colo52_5-FU-dge.csv	2935718	2026-08-13T07:19:18Z	-
spher_colo52_v1/3_Figure6/DEG/QMMFHL-colo52_Control_vs_colo52_Ola-dge.csv	1652419	2026-08-13T07:19:18Z	-
spher_colo52_v1/3_Figure6/DEG/b21ff6ac-a04d-4c3f-b867-bedbeb1f2f15_HallmarkHuman2025_gsea_functional_enrichment.csv	42142	2026-08-13T07:19:21Z	-
spher_colo52_v1/3_Figure6/DEG/figures/gsea_nes_overview.pdf	31359	2026-08-13T07:19:36Z	-
spher_colo52_v1/3_Figure6/DEG/figures/gsea_nes_overview.png	84923	2026-08-13T07:19:36Z	-
spher_colo52_v1/3_Figure6/DEG/figures/gsea_nes_overview.svg	16231	2026-08-13T07:19:36Z	-
spher_colo52_v1/3_Figure6/DEG/figures/hallmark_nes_scatter.pdf	42550	2026-08-13T07:19:36Z	-
spher_colo52_v1/3_Figure6/DEG/figures/hallmark_nes_scatter.png	117325	2026-08-13T07:19:37Z	-
spher_colo52_v1/3_Figure6/DEG/figures/hallmark_nes_scatter.svg	27499	2026-08-13T07:19:36Z	-
spher_colo52_v1/3_Figure6/DEG/figures/oxphos_logfc_dumbbell.pdf	42596	2026-08-13T07:19:36Z	-
spher_colo52_v1/3_Figure6/DEG/figures/oxphos_logfc_dumbbell.png	114257	2026-08-13T07:19:37Z	-
spher_colo52_v1/3_Figure6/DEG/figures/oxphos_logfc_dumbbell.svg	53341	2026-08-13T07:19:37Z	-
spher_colo52_v1/3_Figure6/DEG/figures/signature_dumbbells_combined.pdf	64485	2026-08-13T07:19:37Z	-
spher_colo52_v1/3_Figure6/DEG/figures/signature_dumbbells_combined.png	264480	2026-08-13T07:19:37Z	-
spher_colo52_v1/3_Figure6/DEG/figures/signature_dumbbells_combined.svg	93666	2026-08-13T07:19:37Z	-
spher_colo52_v1/3_Figure6/DEG/genesets/c2.all.v2026.1.Hs.symbols.gmt	4634828	2026-08-13T07:20:05Z	-
spher_colo52_v1/3_Figure6/DEG/genesets/gsea_prerank_results.csv	3554931	2026-08-13T07:20:05Z	-
spher_colo52_v1/3_Figure6/DEG/genesets/h.all.v2026.1.Hs.symbols.gmt	48686	2026-08-13T07:20:04Z	-
spher_colo52_v1/3_Figure6/DEG/hallmark_nes_scatter.ipynb	233665	2026-08-13T07:19:17Z	5c6cd9f6c9133bc373c5262b675fbbdfc58ff58458c043815b96aedee0a55d7a
spher_colo52_v1/3_Figure6/EdU/EdU_Experiment.csv	15286	2026-08-13T07:18:11Z	-
spher_colo52_v1/3_Figure6/EdU/EdU_Image.csv	1025123	2026-08-13T07:18:12Z	-
spher_colo52_v1/3_Figure6/EdU/EdU_analysis.ipynb	626341	2026-08-13T07:18:11Z	2e9ea30eb481703254ce9d81490ec74476c87ed65b0473138f4516a8059c2141
spher_colo52_v1/3_Figure6/EdU/EdU_nuclear_spots.csv	5948672	2026-08-13T07:18:13Z	-
spher_colo52_v1/3_Figure6/EdU/EdU_nuclei.csv	90528170	2026-08-13T07:18:30Z	-
spher_colo52_v1/3_Figure6/EdU/EdU_spots.csv	7461813	2026-08-13T07:18:13Z	-
spher_colo52_v1/3_Figure6/EdU/figures/EdU_threshold_histogram.png	42103	2026-08-13T07:18:58Z	-
spher_colo52_v1/3_Figure6/EdU/figures/edu_fraction.png	40112	2026-08-13T07:18:58Z	-
spher_colo52_v1/3_Figure6/EdU/figures/edu_positive_count.png	44186	2026-08-13T07:18:58Z	-
spher_colo52_v1/3_Figure6/EdU/figures/mean_foci_dist.png	56280	2026-08-13T07:18:58Z	-
spher_colo52_v1/3_Figure6/EdU/figures/mean_foci_z_um.png	49421	2026-08-13T07:18:58Z	-
spher_colo52_v1/3_Figure6/EdU/figures/median_edu_intensity.png	49825	2026-08-13T07:18:58Z	-
spher_colo52_v1/3_Figure6/EdU/figures/median_hoechst.png	55141	2026-08-13T07:18:58Z	-
spher_colo52_v1/3_Figure6/EdU/figures/median_yH2AX_intensity.png	52812	2026-08-13T07:18:58Z	-
spher_colo52_v1/3_Figure6/EdU/figures/n_nuclei.png	46661	2026-08-13T07:18:58Z	-
spher_colo52_v1/3_Figure6/EdU/figures/n_yH2AX_foci.png	48792	2026-08-13T07:18:58Z	-
spher_colo52_v1/3_Figure6/EdU/figures/panels_AB.pdf	39364	2026-08-13T07:18:58Z	-
spher_colo52_v1/3_Figure6/EdU/figures/panels_AB.png	77376	2026-08-13T07:18:58Z	-
spher_colo52_v1/3_Figure6/EdU/figures/rel_dist.png	53450	2026-08-13T07:18:58Z	-
spher_colo52_v1/3_Figure6/EdU/figures/yH2AX_foci_3D_projections.png	98962	2026-08-13T07:18:58Z	-
spher_colo52_v1/3_Figure6/EdU/figures/yH2AX_foci_per_nucleus.png	49475	2026-08-13T07:18:58Z	-
spher_colo52_v1/3_Figure6/EdU/panel_source_data.csv	2450	2026-08-13T07:18:11Z	-
spher_colo52_v1/3_Figure6/EdU/requirements.txt	97	2026-08-13T07:18:11Z	ee75bd9fb230e07103d84c2c03224a87de1d6dc56c4d8327ebec155f9049b0f6
spher_colo52_v1/3_Figure6/EdU/spheroid_detection.csv	122	2026-08-13T07:18:11Z	-
spher_colo52_v1/3_Figure6/EdU/spheroid_summary.csv	525	2026-08-13T07:18:11Z	-
spher_colo52_v1/4_BioImageArchive/4_ImageBioArchive_Metadata.ipynb	70809	2025-08-29T14:47:54Z	53c18448f8654ba18e45fb125f94ce2ce90b6b4ea63940222424787e90fc0d55
spher_colo52_v1/4_BioImageArchive/results.tsv	2915270	2025-08-29T12:36:19Z	-
spher_colo52_v1/4_BioImageArchive/spher-colo52.tsv	9563174	2025-08-29T10:27:08Z	-
spher_colo52_v1/4_BioImageArchive/spher_colo52-Annotations.tsv	9417999	2025-08-29T13:27:42Z	-
spher_colo52_v1/4_BioImageArchive/spher_colo52-FileList.tsv	24963340	2025-08-29T12:36:21Z	-
spher_colo52_v2/1_Data/1_FeatureSorting.ipynb	48663	2026-04-14T23:24:08Z	36f29b1979ca0c39f7c94810f729b8849c416af221b9fbf528e6471b2d1e58e2
spher_colo52_v2/1_Data/FeaturesImages_070426_none/SingleCell/HCT116.parquet	2936241842	2026-04-07T09:41:12Z	-
spher_colo52_v2/1_Data/FeaturesImages_070426_none/SingleSlice/HCT116_Slice0MedianAgg.parquet	3673824	2026-04-07T09:41:14Z	-
spher_colo52_v2/1_Data/FeaturesImages_070426_none/SingleSlice/HCT116_Slice10MedianAgg.parquet	4337346	2026-04-07T09:41:41Z	-
spher_colo52_v2/1_Data/FeaturesImages_070426_none/SingleSlice/HCT116_Slice11MedianAgg.parquet	3668643	2026-04-07T09:41:44Z	-
spher_colo52_v2/1_Data/FeaturesImages_070426_none/SingleSlice/HCT116_Slice12MedianAgg.parquet	4307678	2026-04-07T09:41:47Z	-
spher_colo52_v2/1_Data/FeaturesImages_070426_none/SingleSlice/HCT116_Slice13MedianAgg.parquet	3660796	2026-04-07T09:41:49Z	-
spher_colo52_v2/1_Data/FeaturesImages_070426_none/SingleSlice/HCT116_Slice14MedianAgg.parquet	3614408	2026-04-07T09:41:52Z	-
spher_colo52_v2/1_Data/FeaturesImages_070426_none/SingleSlice/HCT116_Slice15MedianAgg.parquet	3573684	2026-04-07T09:41:55Z	-
spher_colo52_v2/1_Data/FeaturesImages_070426_none/SingleSlice/HCT116_Slice16MedianAgg.parquet	2069307	2026-04-07T09:41:56Z	-
spher_colo52_v2/1_Data/FeaturesImages_070426_none/SingleSlice/HCT116_Slice17MedianAgg.parquet	2068608	2026-04-07T09:41:58Z	-
spher_colo52_v2/1_Data/FeaturesImages_070426_none/SingleSlice/HCT116_Slice18MedianAgg.parquet	2069066	2026-04-07T09:42:00Z	-
spher_colo52_v2/1_Data/FeaturesImages_070426_none/SingleSlice/HCT116_Slice19MedianAgg.parquet	2068486	2026-04-07T09:42:02Z	-
spher_colo52_v2/1_Data/FeaturesImages_070426_none/SingleSlice/HCT116_Slice1MedianAgg.parquet	3739787	2026-04-07T09:41:16Z	-
spher_colo52_v2/1_Data/FeaturesImages_070426_none/SingleSlice/HCT116_Slice20MedianAgg.parquet	2068283	2026-04-07T09:42:04Z	-
spher_colo52_v2/1_Data/FeaturesImages_070426_none/SingleSlice/HCT116_Slice21MedianAgg.parquet	2068519	2026-04-07T09:42:06Z	-
spher_colo52_v2/1_Data/FeaturesImages_070426_none/SingleSlice/HCT116_Slice22MedianAgg.parquet	2067341	2026-04-07T09:42:08Z	-
spher_colo52_v2/1_Data/FeaturesImages_070426_none/SingleSlice/HCT116_Slice23MedianAgg.parquet	2068186	2026-04-07T09:42:09Z	-
spher_colo52_v2/1_Data/FeaturesImages_070426_none/SingleSlice/HCT116_Slice24MedianAgg.parquet	2068251	2026-04-07T09:42:11Z	-
spher_colo52_v2/1_Data/FeaturesImages_070426_none/SingleSlice/HCT116_Slice25MedianAgg.parquet	2068408	2026-04-07T09:42:13Z	-
spher_colo52_v2/1_Data/FeaturesImages_070426_none/SingleSlice/HCT116_Slice26MedianAgg.parquet	2067275	2026-04-07T09:42:15Z	-
spher_colo52_v2/1_Data/FeaturesImages_070426_none/SingleSlice/HCT116_Slice27MedianAgg.parquet	2067127	2026-04-07T09:42:17Z	-
spher_colo52_v2/1_Data/FeaturesImages_070426_none/SingleSlice/HCT116_Slice28MedianAgg.parquet	2066300	2026-04-07T09:42:18Z	-
spher_colo52_v2/1_Data/FeaturesImages_070426_none/SingleSlice/HCT116_Slice29MedianAgg.parquet	2067173	2026-04-07T09:42:20Z	-
spher_colo52_v2/1_Data/FeaturesImages_070426_none/SingleSlice/HCT116_Slice2MedianAgg.parquet	4409559	2026-04-07T09:41:19Z	-
spher_colo52_v2/1_Data/FeaturesImages_070426_none/SingleSlice/HCT116_Slice30MedianAgg.parquet	2067660	2026-04-07T09:42:22Z	-
spher_colo52_v2/1_Data/FeaturesImages_070426_none/SingleSlice/HCT116_Slice31MedianAgg.parquet	2067550	2026-04-07T09:42:24Z	-
spher_colo52_v2/1_Data/FeaturesImages_070426_none/SingleSlice/HCT116_Slice32MedianAgg.parquet	2067078	2026-04-07T09:42:25Z	-
spher_colo52_v2/1_Data/FeaturesImages_070426_none/SingleSlice/HCT116_Slice33MedianAgg.parquet	2067333	2026-04-07T09:42:27Z	-
spher_colo52_v2/1_Data/FeaturesImages_070426_none/SingleSlice/HCT116_Slice34MedianAgg.parquet	2067354	2026-04-07T09:42:29Z	-
spher_colo52_v2/1_Data/FeaturesImages_070426_none/SingleSlice/HCT116_Slice35MedianAgg.parquet	2067752	2026-04-07T09:42:31Z	-
spher_colo52_v2/1_Data/FeaturesImages_070426_none/SingleSlice/HCT116_Slice36MedianAgg.parquet	2067724	2026-04-07T09:42:33Z	-
spher_colo52_v2/1_Data/FeaturesImages_070426_none/SingleSlice/HCT116_Slice37MedianAgg.parquet	2067242	2026-04-07T09:42:35Z	-
spher_colo52_v2/1_Data/FeaturesImages_070426_none/SingleSlice/HCT116_Slice38MedianAgg.parquet	2067674	2026-04-07T09:42:37Z	-
spher_colo52_v2/1_Data/FeaturesImages_070426_none/SingleSlice/HCT116_Slice39MedianAgg.parquet	2067537	2026-04-07T09:42:39Z	-
spher_colo52_v2/1_Data/FeaturesImages_070426_none/SingleSlice/HCT116_Slice3MedianAgg.parquet	3717772	2026-04-07T09:41:21Z	-
spher_colo52_v2/1_Data/FeaturesImages_070426_none/SingleSlice/HCT116_Slice40MedianAgg.parquet	2067479	2026-04-07T09:42:40Z	-
spher_colo52_v2/1_Data/FeaturesImages_070426_none/SingleSlice/HCT116_Slice41MedianAgg.parquet	2068136	2026-04-07T09:42:42Z	-
spher_colo52_v2/1_Data/FeaturesImages_070426_none/SingleSlice/HCT116_Slice42MedianAgg.parquet	2067677	2026-04-07T09:42:44Z	-
spher_colo52_v2/1_Data/FeaturesImages_070426_none/SingleSlice/HCT116_Slice43MedianAgg.parquet	2067177	2026-04-07T09:42:46Z	-
spher_colo52_v2/1_Data/FeaturesImages_070426_none/SingleSlice/HCT116_Slice44MedianAgg.parquet	2067199	2026-04-07T09:42:48Z	-
spher_colo52_v2/1_Data/FeaturesImages_070426_none/SingleSlice/HCT116_Slice45MedianAgg.parquet	2067371	2026-04-07T09:42:50Z	-
spher_colo52_v2/1_Data/FeaturesImages_070426_none/SingleSlice/HCT116_Slice46MedianAgg.parquet	2067069	2026-04-07T09:42:52Z	-
spher_colo52_v2/1_Data/FeaturesImages_070426_none/SingleSlice/HCT116_Slice47MedianAgg.parquet	2067298	2026-04-07T09:42:53Z	-
spher_colo52_v2/1_Data/FeaturesImages_070426_none/SingleSlice/HCT116_Slice48MedianAgg.parquet	2066918	2026-04-07T09:42:55Z	-
spher_colo52_v2/1_Data/FeaturesImages_070426_none/SingleSlice/HCT116_Slice4MedianAgg.parquet	4374868	2026-04-07T09:41:24Z	-
spher_colo52_v2/1_Data/FeaturesImages_070426_none/SingleSlice/HCT116_Slice5MedianAgg.parquet	3686091	2026-04-07T09:41:27Z	-
spher_colo52_v2/1_Data/FeaturesImages_070426_none/SingleSlice/HCT116_Slice6MedianAgg.parquet	4359890	2026-04-07T09:41:30Z	-
spher_colo52_v2/1_Data/FeaturesImages_070426_none/SingleSlice/HCT116_Slice7MedianAgg.parquet	3702640	2026-04-07T09:41:32Z	-
spher_colo52_v2/1_Data/FeaturesImages_070426_none/SingleSlice/HCT116_Slice8MedianAgg.parquet	4387009	2026-04-07T09:41:36Z	-
spher_colo52_v2/1_Data/FeaturesImages_070426_none/SingleSlice/HCT116_Slice9MedianAgg.parquet	3679097	2026-04-07T09:41:39Z	-
spher_colo52_v2/1_Data/FeaturesImages_070426_none/WellAggregates/HCT116_MedianAgg_meanstd.parquet	4429643	2026-04-07T09:43:14Z	-
spher_colo52_v2/1_Data/colo8-v3-VP-sphereclear-48h-P1-L1-metadata_v2.csv	73378	2026-02-27T10:21:47Z	-
spher_colo52_v2/1_Data/results/grit_data_aggregates_HCT116.parquet	804854	2026-03-04T10:49:09Z	-
spher_colo52_v2/1_Data/results/sections/grit_section1_12planes.parquet	940801	2026-04-28T20:54:17Z	-
spher_colo52_v2/1_Data/results/sections/grit_section1_all.parquet	809866	2026-04-28T20:54:20Z	-
spher_colo52_v2/1_Data/results/sections/grit_section1_sparse3.parquet	1109518	2026-04-28T20:54:07Z	-
spher_colo52_v2/1_Data/results/sections/grit_section1_sparse6.parquet	1037756	2026-04-28T20:54:10Z	-
spher_colo52_v2/1_Data/results/sections/grit_section1_sparse9.parquet	1021768	2026-04-28T20:54:14Z	-
spher_colo52_v2/1_Data/results/sections/grit_section1_z11.parquet	944893	2026-04-28T20:54:04Z	-
spher_colo52_v2/1_Data/results/sections/grit_section1_z2.parquet	1072748	2026-04-28T20:53:57Z	-
spher_colo52_v2/1_Data/results/sections/grit_section1_z7.parquet	956910	2026-04-28T20:54:00Z	-
spher_colo52_v2/1_Data/results/sections/grit_section2.parquet	854213	2026-04-28T20:54:24Z	-
spher_colo52_v2/1_Data/results/sections/grit_section3.parquet	843359	2026-04-28T20:54:27Z	-
spher_colo52_v2/1_Data/results/sections/grit_section4.parquet	875986	2026-04-28T20:54:30Z	-
spher_colo52_v2/1_Data/results/sections/grit_section5.parquet	949120	2026-04-28T20:54:33Z	-
spher_colo52_v2/1_Data/results/sections/grit_section6_10x.parquet	924888	2026-04-28T20:54:36Z	-
spher_colo52_v2/1_Data/results/sections/grit_section6_40x.parquet	816071	2026-04-28T20:54:40Z	-
spher_colo52_v2/1_Data/results/sections/selected_section1_12planes.parquet	934738	2026-04-07T14:48:40Z	-
spher_colo52_v2/1_Data/results/sections/selected_section1_all.parquet	803803	2026-04-07T14:48:55Z	-
spher_colo52_v2/1_Data/results/sections/selected_section1_sparse3.parquet	1103455	2026-04-07T14:48:26Z	-
spher_colo52_v2/1_Data/results/sections/selected_section1_sparse6.parquet	1031693	2026-04-07T14:48:30Z	-
spher_colo52_v2/1_Data/results/sections/selected_section1_sparse9.parquet	1015717	2026-04-07T14:48:35Z	-
spher_colo52_v2/1_Data/results/sections/selected_section1_z11.parquet	938830	2026-04-07T14:48:22Z	-
spher_colo52_v2/1_Data/results/sections/selected_section1_z2.parquet	1066685	2026-04-07T14:48:17Z	-
spher_colo52_v2/1_Data/results/sections/selected_section1_z7.parquet	950847	2026-04-07T14:48:20Z	-
spher_colo52_v2/1_Data/results/sections/selected_section2.parquet	847763	2026-04-07T14:49:01Z	-
spher_colo52_v2/1_Data/results/sections/selected_section3.parquet	836973	2026-04-07T14:49:08Z	-
spher_colo52_v2/1_Data/results/sections/selected_section4.parquet	870520	2026-04-07T14:49:13Z	-
spher_colo52_v2/1_Data/results/sections/selected_section5.parquet	942946	2026-04-07T14:49:17Z	-
spher_colo52_v2/1_Data/results/sections/selected_section6_10x.parquet	918614	2026-04-07T14:49:24Z	-
spher_colo52_v2/1_Data/results/sections/selected_section6_40x.parquet	809867	2026-04-07T14:49:29Z	-
spher_colo52_v2/1_Data/results/selected_data_aggregates_HCT116.parquet	799134	2026-03-04T10:48:32Z	-
spher_colo52_v2/2_Processing/2_Pycytominer.ipynb	6184297	2026-04-14T23:24:07Z	e40d4e11b6b078bc768561081b106eeed092618350d59a43132d6cb034a6e8ba
spher_colo52_v2/3_Figure3/3_MAP.ipynb	125261	2026-04-28T20:21:16Z	91b6511e42adcb7f2f21aad8f0ca18aa2925449040da8f1d5b1431bc361b713f
spher_colo52_v2/3_Figure3/3_PercentReplicating.ipynb	466005	2026-05-24T21:08:17Z	945fdb0f4af46b7cbe4ebe5cd863639fd62f05b8824983331ffe3c3b4b2ecebe
spher_colo52_v2/3_Figure3/3_PercentReplicating_copy.ipynb	112588	2026-04-28T21:26:43Z	90963d6e1139c24f5e241580e25fc47247d85c40a16c7b875eecae2a49ff2c9a
spher_colo52_v2/3_Figure3/GritScores/3_GritScores.ipynb	967313	2026-04-28T20:55:14Z	394b364d5c37591055e928df0f4fe6c8b8349890bf107fed4293131ac966fab1
spher_colo52_v2/3_Figure3/GritScores/environment.yml	1380	2026-03-03T08:08:10Z	c59d9fc636e38b392ce9a602c690744515cc9687dbe0ef17f3971c89233b92c3
spher_colo52_v2/3_Figure3/GritScores/result-images/GritScores_HCT116_2D.pdf	13542	2026-03-03T08:08:10Z	-
spher_colo52_v2/3_Figure3/GritScores/result-images/GritScores_HCT116_2D.png	1492784	2026-03-03T08:08:10Z	-
spher_colo52_v2/3_Figure3/GritScores/result-images/GritScores_HCT116_MIP.pdf	13883	2026-03-03T08:08:10Z	-
spher_colo52_v2/3_Figure3/GritScores/result-images/GritScores_HCT116_MIP.png	1654520	2026-03-03T08:08:10Z	-
spher_colo52_v2/3_Figure3/GritScores/result-images/GritScores_HCT116_aggregates.pdf	12871	2026-04-07T11:47:33Z	-
spher_colo52_v2/3_Figure3/GritScores/result-images/GritScores_HCT116_aggregates.png	275954	2026-04-07T11:47:30Z	-
spher_colo52_v2/3_Figure3/GritScores/result-images/GritScores_HCT116_allcases_boxplot.pdf	16324	2026-04-28T20:54:42Z	-
spher_colo52_v2/3_Figure3/GritScores/result-images/GritScores_HCT116_allcases_summary.pdf	20568	2026-04-28T20:54:43Z	-
spher_colo52_v2/3_Figure3/GritScores/result-images/GritScores_HCT116_section1_12planes.png	151785	2026-04-28T20:54:16Z	-
spher_colo52_v2/3_Figure3/GritScores/result-images/GritScores_HCT116_section1_all.png	147961	2026-04-28T20:54:19Z	-
spher_colo52_v2/3_Figure3/GritScores/result-images/GritScores_HCT116_section1_sparse3.png	151619	2026-04-28T20:54:06Z	-
spher_colo52_v2/3_Figure3/GritScores/result-images/GritScores_HCT116_section1_sparse6.png	149725	2026-04-28T20:54:09Z	-
spher_colo52_v2/3_Figure3/GritScores/result-images/GritScores_HCT116_section1_sparse9.png	150838	2026-04-28T20:54:12Z	-
spher_colo52_v2/3_Figure3/GritScores/result-images/GritScores_HCT116_section1_z11.png	156020	2026-04-28T20:54:02Z	-
spher_colo52_v2/3_Figure3/GritScores/result-images/GritScores_HCT116_section1_z2.png	155980	2026-04-28T20:53:56Z	-
spher_colo52_v2/3_Figure3/GritScores/result-images/GritScores_HCT116_section1_z7.png	154509	2026-04-28T20:53:59Z	-
spher_colo52_v2/3_Figure3/GritScores/result-images/GritScores_HCT116_section2.png	183871	2026-04-28T20:54:23Z	-
spher_colo52_v2/3_Figure3/GritScores/result-images/GritScores_HCT116_section3.png	173812	2026-04-28T20:54:26Z	-
spher_colo52_v2/3_Figure3/GritScores/result-images/GritScores_HCT116_section4.png	118961	2026-04-28T20:54:29Z	-
spher_colo52_v2/3_Figure3/GritScores/result-images/GritScores_HCT116_section5.png	156003	2026-04-28T20:54:32Z	-
spher_colo52_v2/3_Figure3/GritScores/result-images/GritScores_HCT116_section6_10x.png	166659	2026-04-28T20:54:35Z	-
spher_colo52_v2/3_Figure3/GritScores/result-images/GritScores_HCT116_section6_40x.png	164279	2026-04-28T20:54:39Z	-
spher_colo52_v2/3_Figure3/GritScores/result-images/GritScores_HT29_2D.pdf	13543	2026-03-03T08:08:10Z	-
spher_colo52_v2/3_Figure3/GritScores/result-images/GritScores_HT29_2D.png	1474313	2026-03-03T08:08:10Z	-
spher_colo52_v2/3_Figure3/GritScores/result-images/GritScores_HT29_MIP.pdf	14047	2026-03-03T08:08:10Z	-
spher_colo52_v2/3_Figure3/GritScores/result-images/GritScores_HT29_MIP.png	1644273	2026-03-03T08:08:10Z	-
spher_colo52_v2/3_Figure3/GritScores/result-images/GritScores_HT29_aggregates.pdf	13846	2026-03-03T08:08:10Z	-
spher_colo52_v2/3_Figure3/GritScores/result-images/GritScores_HT29_aggregates.png	1646295	2026-03-03T08:08:10Z	-
spher_colo52_v2/3_Figure3/GritScores/result-images/GritScores_hits.pdf	11990	2026-03-04T10:49:09Z	-
spher_colo52_v2/3_Figure3/GritScores/result-images/grit_scores_descriptive_stats_2D_HCT116.csv	612	2026-03-03T08:08:10Z	-
spher_colo52_v2/3_Figure3/GritScores/result-images/grit_scores_descriptive_stats_2D_HT29.csv	621	2026-03-03T08:08:10Z	-
spher_colo52_v2/3_Figure3/GritScores/result-images/grit_scores_descriptive_stats_aggregates_HCT116.csv	540	2026-03-03T08:08:10Z	-
spher_colo52_v2/3_Figure3/GritScores/result-images/grit_scores_descriptive_stats_aggregates_HT29.csv	497	2026-03-03T08:08:10Z	-
spher_colo52_v2/3_Figure3/PercentReplicating/result-images/DeltaReplCorr_HCT116.pdf	15258	2026-05-24T21:11:37Z	-
spher_colo52_v2/3_Figure3/PercentReplicating/result-images/DeltaReplCorr_HCT116.png	267721	2026-05-24T21:11:37Z	-
spher_colo52_v2/3_Figure3/PercentReplicating/result-images/MedianReplCorr_HCT116.pdf	14322	2026-04-14T23:37:09Z	-
spher_colo52_v2/3_Figure3/PercentReplicating/result-images/PairwiseMWU_HCT116.pdf	22133	2026-05-24T21:11:32Z	-
spher_colo52_v2/3_Figure3/PercentReplicating/result-images/PairwiseMWU_HCT116.png	480471	2026-05-24T21:11:33Z	-
spher_colo52_v2/3_Figure3/PercentReplicating/result-images/PercentReplicating_HCT116_allcases.pdf	17795	2026-05-24T21:11:23Z	-
spher_colo52_v2/3_Figure3/PercentReplicating/result-images/PercentReplicating_HCT116_allcases.png	309863	2026-05-24T21:11:23Z	-
spher_colo52_v2/3_Figure3/PercentReplicating/result-images/PercentReplicating_HCT116_allcases_stats.pdf	25578	2026-05-24T21:11:29Z	-
spher_colo52_v2/3_Figure3/PercentReplicating/result-images/PercentReplicating_HCT116_allcases_stats.png	393802	2026-05-24T21:11:30Z	-
spher_colo52_v2/3_Figure3/PercentReplicating/result-images/PercentReplicating_HCT116_seeding_brackets.pdf	21929	2026-05-24T21:11:39Z	-
spher_colo52_v2/3_Figure3/PercentReplicating/result-images/PercentReplicating_HCT116_seeding_brackets.png	217796	2026-05-24T21:11:39Z	-
spher_colo52_v2/3_Figure3/result-images/mAP_HCT116_allcases.pdf	15428	2026-04-28T20:08:07Z	-
spher_colo52_v3/1_Data/1_FeatureSorting.ipynb	52391	2026-06-04T08:47:08Z	656628658436f628fbd32a8d6af557176b1de634a26a8ada08b9b371c4b9455f
spher_colo52_v3/1_Data/FeaturesImages_150526_none/SingleCell/HCT116.parquet	4458541901	2026-05-15T12:08:10Z	-
spher_colo52_v3/1_Data/FeaturesImages_150526_none/SingleSlice/HCT116_Slice0MedianAgg.parquet	6820341	2026-05-15T12:08:12Z	-
spher_colo52_v3/1_Data/FeaturesImages_150526_none/SingleSlice/HCT116_Slice10MedianAgg.parquet	7436595	2026-05-15T12:08:48Z	-
spher_colo52_v3/1_Data/FeaturesImages_150526_none/SingleSlice/HCT116_Slice11MedianAgg.parquet	7434167	2026-05-15T12:08:52Z	-
spher_colo52_v3/1_Data/FeaturesImages_150526_none/SingleSlice/HCT116_Slice12MedianAgg.parquet	7375245	2026-05-15T12:08:55Z	-
spher_colo52_v3/1_Data/FeaturesImages_150526_none/SingleSlice/HCT116_Slice13MedianAgg.parquet	7224586	2026-05-15T12:08:59Z	-
spher_colo52_v3/1_Data/FeaturesImages_150526_none/SingleSlice/HCT116_Slice14MedianAgg.parquet	2530873	2026-05-15T12:09:01Z	-
spher_colo52_v3/1_Data/FeaturesImages_150526_none/SingleSlice/HCT116_Slice15MedianAgg.parquet	2533121	2026-05-15T12:09:04Z	-
spher_colo52_v3/1_Data/FeaturesImages_150526_none/SingleSlice/HCT116_Slice16MedianAgg.parquet	2525518	2026-05-15T12:09:06Z	-
spher_colo52_v3/1_Data/FeaturesImages_150526_none/SingleSlice/HCT116_Slice17MedianAgg.parquet	2524020	2026-05-15T12:09:08Z	-
spher_colo52_v3/1_Data/FeaturesImages_150526_none/SingleSlice/HCT116_Slice18MedianAgg.parquet	2522832	2026-05-15T12:09:10Z	-
spher_colo52_v3/1_Data/FeaturesImages_150526_none/SingleSlice/HCT116_Slice19MedianAgg.parquet	2521316	2026-05-15T12:09:13Z	-
spher_colo52_v3/1_Data/FeaturesImages_150526_none/SingleSlice/HCT116_Slice1MedianAgg.parquet	7390423	2026-05-15T12:08:15Z	-
spher_colo52_v3/1_Data/FeaturesImages_150526_none/SingleSlice/HCT116_Slice20MedianAgg.parquet	2519794	2026-05-15T12:09:15Z	-
spher_colo52_v3/1_Data/FeaturesImages_150526_none/SingleSlice/HCT116_Slice21MedianAgg.parquet	2512889	2026-05-15T12:09:17Z	-
spher_colo52_v3/1_Data/FeaturesImages_150526_none/SingleSlice/HCT116_Slice22MedianAgg.parquet	2511335	2026-05-15T12:09:19Z	-
spher_colo52_v3/1_Data/FeaturesImages_150526_none/SingleSlice/HCT116_Slice23MedianAgg.parquet	2509147	2026-05-15T12:09:22Z	-
spher_colo52_v3/1_Data/FeaturesImages_150526_none/SingleSlice/HCT116_Slice24MedianAgg.parquet	2509383	2026-05-15T12:09:24Z	-
spher_colo52_v3/1_Data/FeaturesImages_150526_none/SingleSlice/HCT116_Slice25MedianAgg.parquet	2507298	2026-05-15T12:09:26Z	-
spher_colo52_v3/1_Data/FeaturesImages_150526_none/SingleSlice/HCT116_Slice26MedianAgg.parquet	2506066	2026-05-15T12:09:28Z	-
spher_colo52_v3/1_Data/FeaturesImages_150526_none/SingleSlice/HCT116_Slice27MedianAgg.parquet	2503036	2026-05-15T12:09:31Z	-
spher_colo52_v3/1_Data/FeaturesImages_150526_none/SingleSlice/HCT116_Slice28MedianAgg.parquet	2504187	2026-05-15T12:09:33Z	-
spher_colo52_v3/1_Data/FeaturesImages_150526_none/SingleSlice/HCT116_Slice29MedianAgg.parquet	2496139	2026-05-15T12:09:35Z	-
spher_colo52_v3/1_Data/FeaturesImages_150526_none/SingleSlice/HCT116_Slice2MedianAgg.parquet	7508712	2026-05-15T12:08:18Z	-
spher_colo52_v3/1_Data/FeaturesImages_150526_none/SingleSlice/HCT116_Slice30MedianAgg.parquet	2495295	2026-05-15T12:09:38Z	-
spher_colo52_v3/1_Data/FeaturesImages_150526_none/SingleSlice/HCT116_Slice31MedianAgg.parquet	2494619	2026-05-15T12:09:40Z	-
spher_colo52_v3/1_Data/FeaturesImages_150526_none/SingleSlice/HCT116_Slice32MedianAgg.parquet	2494226	2026-05-15T12:09:42Z	-
spher_colo52_v3/1_Data/FeaturesImages_150526_none/SingleSlice/HCT116_Slice33MedianAgg.parquet	2501207	2026-05-15T12:09:44Z	-
spher_colo52_v3/1_Data/FeaturesImages_150526_none/SingleSlice/HCT116_Slice34MedianAgg.parquet	2494442	2026-05-15T12:09:46Z	-
spher_colo52_v3/1_Data/FeaturesImages_150526_none/SingleSlice/HCT116_Slice35MedianAgg.parquet	2487062	2026-05-15T12:09:48Z	-
spher_colo52_v3/1_Data/FeaturesImages_150526_none/SingleSlice/HCT116_Slice36MedianAgg.parquet	2486106	2026-05-15T12:09:51Z	-
spher_colo52_v3/1_Data/FeaturesImages_150526_none/SingleSlice/HCT116_Slice37MedianAgg.parquet	2478810	2026-05-15T12:09:53Z	-
spher_colo52_v3/1_Data/FeaturesImages_150526_none/SingleSlice/HCT116_Slice38MedianAgg.parquet	2463705	2026-05-15T12:09:55Z	-
spher_colo52_v3/1_Data/FeaturesImages_150526_none/SingleSlice/HCT116_Slice39MedianAgg.parquet	2464807	2026-05-15T12:09:57Z	-
spher_colo52_v3/1_Data/FeaturesImages_150526_none/SingleSlice/HCT116_Slice3MedianAgg.parquet	7508342	2026-05-15T12:08:21Z	-
spher_colo52_v3/1_Data/FeaturesImages_150526_none/SingleSlice/HCT116_Slice40MedianAgg.parquet	2471765	2026-05-15T12:09:59Z	-
spher_colo52_v3/1_Data/FeaturesImages_150526_none/SingleSlice/HCT116_Slice41MedianAgg.parquet	2470079	2026-05-15T12:10:02Z	-
spher_colo52_v3/1_Data/FeaturesImages_150526_none/SingleSlice/HCT116_Slice42MedianAgg.parquet	2439253	2026-05-15T12:10:04Z	-
spher_colo52_v3/1_Data/FeaturesImages_150526_none/SingleSlice/HCT116_Slice43MedianAgg.parquet	2438521	2026-05-15T12:10:06Z	-
spher_colo52_v3/1_Data/FeaturesImages_150526_none/SingleSlice/HCT116_Slice4MedianAgg.parquet	7523438	2026-05-15T12:08:25Z	-
spher_colo52_v3/1_Data/FeaturesImages_150526_none/SingleSlice/HCT116_Slice5MedianAgg.parquet	7524450	2026-05-15T12:08:29Z	-
spher_colo52_v3/1_Data/FeaturesImages_150526_none/SingleSlice/HCT116_Slice6MedianAgg.parquet	7522891	2026-05-15T12:08:32Z	-
spher_colo52_v3/1_Data/FeaturesImages_150526_none/SingleSlice/HCT116_Slice7MedianAgg.parquet	7507591	2026-05-15T12:08:37Z	-
spher_colo52_v3/1_Data/FeaturesImages_150526_none/SingleSlice/HCT116_Slice8MedianAgg.parquet	7526084	2026-05-15T12:08:40Z	-
spher_colo52_v3/1_Data/FeaturesImages_150526_none/SingleSlice/HCT116_Slice9MedianAgg.parquet	7479288	2026-05-15T12:08:44Z	-
spher_colo52_v3/1_Data/FeaturesImages_150526_none/WellAggregates/HCT116_MedianAgg_meanstd.parquet	7647966	2026-05-15T12:10:32Z	-
spher_colo52_v3/1_Data/colo8-v1-metadata.csv	96163	2026-05-15T09:44:12Z	-
spher_colo52_v3/1_Data/results/sections/grit_10x.parquet	1305593	2026-05-15T14:38:19Z	-
spher_colo52_v3/1_Data/results/sections/grit_20_40.parquet	1230773	2026-05-15T14:38:16Z	-
spher_colo52_v3/1_Data/results/sections/grit_37C.parquet	985290	2026-05-15T14:38:10Z	-
spher_colo52_v3/1_Data/results/sections/grit_40x.parquet	663789	2026-05-15T14:38:22Z	-
spher_colo52_v3/1_Data/results/sections/grit_double_dens.parquet	1259017	2026-05-15T14:38:07Z	-
spher_colo52_v3/1_Data/results/sections/grit_noclear.parquet	902084	2026-05-15T14:38:13Z	-
spher_colo52_v3/1_Data/results/sections/grit_nyquist_14planes.parquet	860468	2026-05-15T14:38:04Z	-
spher_colo52_v3/1_Data/results/sections/grit_nyquist_all.parquet	708573	2026-05-15T14:38:01Z	-
spher_colo52_v3/1_Data/results/sections/selected_10x.parquet	1298176	2026-05-15T14:29:42Z	-
spher_colo52_v3/1_Data/results/sections/selected_20_40.parquet	1222444	2026-05-15T14:29:35Z	-
spher_colo52_v3/1_Data/results/sections/selected_37C.parquet	978247	2026-05-15T14:29:22Z	-
spher_colo52_v3/1_Data/results/sections/selected_40x.parquet	657314	2026-05-15T14:29:48Z	-
spher_colo52_v3/1_Data/results/sections/selected_double_dens.parquet	1251032	2026-05-15T14:29:15Z	-
spher_colo52_v3/1_Data/results/sections/selected_noclear.parquet	894127	2026-05-15T14:29:28Z	-
spher_colo52_v3/1_Data/results/sections/selected_nyquist_14planes.parquet	852960	2026-05-15T14:29:08Z	-
spher_colo52_v3/1_Data/results/sections/selected_nyquist_all.parquet	701065	2026-05-15T14:29:02Z	-
spher_colo52_v3/2_Processing/2_Pycytominer.ipynb	8452041	2026-05-15T14:30:47Z	31d2fa692a32a291f9b87341cb514be9155273ef1e0438f23fba04aaafc7377f
spher_colo52_v3/3_Figure3/3_PercentReplicating.ipynb	503864	2026-06-04T08:47:08Z	4a7696b619e13b9db51c269bb08530ef1c173a0a580caee305a3e791dbbd8ad5
spher_colo52_v3/3_Figure3/3_Robustness_Combined_Final.ipynb	637336	2026-06-10T10:44:51Z	bea57acfedb94a0bf30a0684eef48431c600bf6c4f6623ce66c92f6c0a4347d0
spher_colo52_v3/3_Figure3/GritScores/3_GritScores.ipynb	516154	2026-06-04T08:47:08Z	29a1bf1316664b3c50f57197e71b1208ca52f3bbedb8d9f0fff0df29e19946b8
spher_colo52_v3/3_Figure3/GritScores/environment.yml	1380	2026-05-15T09:28:40Z	c59d9fc636e38b392ce9a602c690744515cc9687dbe0ef17f3971c89233b92c3
spher_colo52_v3/3_Figure3/GritScores/result-images/GritScores_HCT116_10x.png	146712	2026-05-15T14:38:18Z	-
spher_colo52_v3/3_Figure3/GritScores/result-images/GritScores_HCT116_20_40.png	153329	2026-05-15T14:38:15Z	-
spher_colo52_v3/3_Figure3/GritScores/result-images/GritScores_HCT116_37C.png	146894	2026-05-15T14:38:09Z	-
spher_colo52_v3/3_Figure3/GritScores/result-images/GritScores_HCT116_40x.png	146574	2026-05-15T14:38:21Z	-
spher_colo52_v3/3_Figure3/GritScores/result-images/GritScores_HCT116_allcases_boxplot.pdf	14900	2026-05-15T14:38:24Z	-
spher_colo52_v3/3_Figure3/GritScores/result-images/GritScores_HCT116_allcases_summary.pdf	18161	2026-05-15T14:38:24Z	-
spher_colo52_v3/3_Figure3/GritScores/result-images/GritScores_HCT116_double_dens.png	152193	2026-05-15T14:38:06Z	-
spher_colo52_v3/3_Figure3/GritScores/result-images/GritScores_HCT116_noclear.png	148110	2026-05-15T14:38:12Z	-
spher_colo52_v3/3_Figure3/GritScores/result-images/GritScores_HCT116_nyquist_14planes.png	148914	2026-05-15T14:38:03Z	-
spher_colo52_v3/3_Figure3/GritScores/result-images/GritScores_HCT116_nyquist_all.png	150642	2026-05-15T14:38:00Z	-
spher_colo52_v3/3_Figure3/PR_null_matching_finding.md	4078	2026-05-21T06:19:11Z	b794c50252f811156451a6684525e2157b9142ce8c96319846eada42e87b1848
spher_colo52_v3/3_Figure3/PercentReplicating/clearing_comparison.ipynb	615395	2026-05-24T21:08:17Z	caf7325e2854cb5438343c4b39b371c3817a7cfed11683d909e1a255fbe1f2ee
spher_colo52_v3/3_Figure3/PercentReplicating/clearing_comparison_stats.ipynb	438904	2026-05-24T21:08:18Z	1e65ba69c3db7e1971d8c4c3ceea8d42046362a17b55e72e984fb7f75bf7c792
spher_colo52_v3/3_Figure3/PercentReplicating/result-images/DeltaReplCorr_HCT116.pdf	14360	2026-05-15T14:40:21Z	-
spher_colo52_v3/3_Figure3/PercentReplicating/result-images/PairwiseMWU_HCT116.pdf	17918	2026-05-15T14:40:18Z	-
spher_colo52_v3/3_Figure3/PercentReplicating/result-images/PercentReplicating_HCT116_allcases.pdf	15286	2026-05-15T14:40:14Z	-
spher_colo52_v3/3_Figure3/PercentReplicating/result-images/PercentReplicating_HCT116_allcases_stats.pdf	23674	2026-05-15T14:40:17Z	-
spher_colo52_v3/3_Figure3/PercentReplicating/result-images/PercentReplicating_HCT116_clearing_brackets.pdf	15776	2026-05-15T14:40:22Z	-
spher_colo52_v3/3_Figure3/PercentReplicating/result-images/PercentReplicating_HCT116_magnification_brackets.pdf	15700	2026-05-15T14:40:23Z	-
spher_colo52_v3/3_Figure3/PercentReplicating/result-images/PercentReplicating_HCT116_process_brackets.pdf	16172	2026-05-15T14:40:22Z	-
spher_colo52_v3/3_Figure3/PercentReplicating/result-images/bleaching_nyquist_vs_v1.pdf	23708	2026-05-24T21:09:20Z	-
spher_colo52_v3/3_Figure3/PercentReplicating/result-images/bleaching_nyquist_vs_v1.png	303571	2026-05-24T21:09:21Z	-
spher_colo52_v3/3_Figure3/PercentReplicating/result-images/bleaching_nyquist_vs_v1_stats.pdf	31091	2026-05-24T20:34:03Z	-
spher_colo52_v3/3_Figure3/PercentReplicating/result-images/bleaching_nyquist_vs_v1_stats.png	457588	2026-05-24T20:34:04Z	-
spher_colo52_v3/3_Figure3/PercentReplicating/result-images/clearing_reproducibility.pdf	20637	2026-05-24T21:08:54Z	-
spher_colo52_v3/3_Figure3/PercentReplicating/result-images/clearing_reproducibility.png	138492	2026-05-24T21:08:55Z	-
spher_colo52_v3/3_Figure3/PercentReplicating/result-images/clearing_retention.pdf	19935	2026-05-24T21:08:45Z	-
spher_colo52_v3/3_Figure3/PercentReplicating/result-images/clearing_retention.png	145569	2026-05-24T21:08:46Z	-
spher_colo52_v3/3_Figure3/PercentReplicating/result-images/detection_depth.pdf	15838	2026-05-24T21:09:02Z	-
spher_colo52_v3/3_Figure3/PercentReplicating/result-images/detection_depth.png	203625	2026-05-24T21:09:02Z	-
spher_colo52_v3/3_Figure3/PercentReplicating/result-images/detection_depth_stats.pdf	19125	2026-05-24T20:33:48Z	-
spher_colo52_v3/3_Figure3/PercentReplicating/result-images/detection_depth_stats.png	348745	2026-05-24T20:33:48Z	-
spher_colo52_v3/3_Figure3/PercentReplicating/result-images/replicate_depth.pdf	22660	2026-05-24T21:10:03Z	-
spher_colo52_v3/3_Figure3/PercentReplicating/result-images/replicate_depth.png	146734	2026-05-24T21:10:04Z	-
spher_colo52_v3/3_Figure3/PercentReplicating/result-images/reproducibility_magnification.pdf	22996	2026-05-24T21:09:39Z	-
spher_colo52_v3/3_Figure3/PercentReplicating/result-images/reproducibility_magnification.png	155996	2026-05-24T21:09:40Z	-
spher_colo52_v3/3_Figure3/PercentReplicating/result-images/reproducibility_process.pdf	22367	2026-05-24T21:09:24Z	-
spher_colo52_v3/3_Figure3/PercentReplicating/result-images/reproducibility_process.png	158622	2026-05-24T21:09:25Z	-
spher_colo52_v3/3_Figure3/PercentReplicating/result-images/reproducibility_upsampling.pdf	22084	2026-05-24T21:09:50Z	-
spher_colo52_v3/3_Figure3/PercentReplicating/result-images/reproducibility_upsampling.png	158416	2026-05-24T21:09:51Z	-
spher_colo52_v3/3_Figure3/PercentReplicating/result-images/v1_matched_magnification.pdf	14523	2026-05-24T21:09:48Z	-
spher_colo52_v3/3_Figure3/PercentReplicating/result-images/v1_matched_magnification.png	96085	2026-05-24T21:09:48Z	-
spher_colo52_v3/3_Figure3/PercentReplicating/result-images/v1_matched_process.pdf	14564	2026-05-24T21:09:37Z	-
spher_colo52_v3/3_Figure3/PercentReplicating/result-images/v1_matched_process.png	101630	2026-05-24T21:09:37Z	-
spher_colo52_v3/3_Figure3/PercentReplicating/result-images/v1_matched_upsampling.pdf	14127	2026-05-24T21:09:58Z	-
spher_colo52_v3/3_Figure3/PercentReplicating/result-images/v1_matched_upsampling.png	102003	2026-05-24T21:09:58Z	-
spher_colo52_v3/3_Figure3/PercentReplicating/result-images/v1_vs_2040_matched.pdf	12499	2026-05-24T21:09:01Z	-
spher_colo52_v3/3_Figure3/PercentReplicating/result-images/v1_vs_2040_matched.png	92625	2026-05-24T21:09:01Z	-
spher_colo52_v3/3_Figure3/result-images/Figure3-02.tif	15627016	2026-06-09T11:47:04Z	-
spher_colo52_v3/3_Figure3/result-images/combined/A2_zdensity.pdf	21353	2026-06-10T07:35:26Z	-
spher_colo52_v3/3_Figure3/result-images/combined/A2_zdensity.png	145655	2026-06-10T07:35:26Z	-
spher_colo52_v3/3_Figure3/result-images/combined/A3_spheroid_size.pdf	21682	2026-06-10T07:35:28Z	-
spher_colo52_v3/3_Figure3/result-images/combined/A3_spheroid_size.png	141674	2026-06-10T07:35:28Z	-
spher_colo52_v3/3_Figure3/result-images/combined/A4_clearing.pdf	20541	2026-06-10T07:35:30Z	-
spher_colo52_v3/3_Figure3/result-images/combined/A4_clearing.png	125981	2026-06-10T07:35:30Z	-
spher_colo52_v3/3_Figure3/result-images/combined/A5_magnification.pdf	21477	2026-06-10T07:35:32Z	-
spher_colo52_v3/3_Figure3/result-images/combined/A5_magnification.png	126769	2026-06-10T07:35:32Z	-
spher_colo52_v3/3_Figure3/result-images/combined/A_zplane_subsampling.pdf	22112	2026-06-10T07:35:24Z	-
spher_colo52_v3/3_Figure3/result-images/combined/A_zplane_subsampling.png	165107	2026-06-10T07:35:25Z	-
spher_colo52_v3/3_Figure3/result-images/combined/B_bleaching.pdf	31084	2026-06-10T07:35:51Z	-
spher_colo52_v3/3_Figure3/result-images/combined/B_bleaching.png	442392	2026-06-10T07:35:51Z	-
spher_colo52_v3/3_Figure3/result-images/combined/C_detection_depth.pdf	19174	2026-06-10T07:35:53Z	-
spher_colo52_v3/3_Figure3/result-images/combined/C_detection_depth.png	319089	2026-06-10T07:35:53Z	-
spher_colo52_v3/SESSION_SUMMARY_2026-05-15.md	9929	2026-05-20T21:12:16Z	e50c9742339adb930b784d9a631098bad66127e9b0d57cc1625aad6fc1be9af6
