drug_a,drug_b,s2,s3,cls_a,cls_b,pair_class
"Fluorouracil (5-Fluoracil, 5-FU)",Gemcitabine,0.8001815362031388,0.6373437335050574,Antimetabolite,Antimetabolite,Antimetabolite × Antimetabolite
"Fluorouracil (5-Fluoracil, 5-FU)",Trifluridine,0.6296608572599031,0.5444421333877846,Antimetabolite,Antimetabolite,Antimetabolite × Antimetabolite
Gemcitabine,Trifluridine,0.6948544920120249,0.8072189920730655,Antimetabolite,Antimetabolite,Antimetabolite × Antimetabolite
AMG232 (Navtemadlin),"Fluorouracil (5-Fluoracil, 5-FU)",0.47192716825357994,0.7662132216262181,MDM2 inhibitor,Antimetabolite,Antimetabolite × MDM2i / Topo I
AMG232 (Navtemadlin),Gemcitabine,0.5463453790579388,0.7465092839841321,MDM2 inhibitor,Antimetabolite,Antimetabolite × MDM2i / Topo I
AMG232 (Navtemadlin),Trifluridine,0.4146067226033577,0.7512701160524943,MDM2 inhibitor,Antimetabolite,Antimetabolite × MDM2i / Topo I
"Fluorouracil (5-Fluoracil, 5-FU)",Nutlin-3,0.5733457364732334,0.6687067823069359,Antimetabolite,MDM2 inhibitor,Antimetabolite × MDM2i / Topo I
"Fluorouracil (5-Fluoracil, 5-FU)",SN-38,0.46934024914087047,0.7649489898772269,Antimetabolite,Topo I inhibitor,Antimetabolite × MDM2i / Topo I
Gemcitabine,Nutlin-3,0.5954901299059515,0.768934134599535,Antimetabolite,MDM2 inhibitor,Antimetabolite × MDM2i / Topo I
Gemcitabine,SN-38,0.5351504902336507,0.8191383732777504,Antimetabolite,Topo I inhibitor,Antimetabolite × MDM2i / Topo I
Nutlin-3,Trifluridine,0.46526165273245956,0.8759892449313673,MDM2 inhibitor,Antimetabolite,Antimetabolite × MDM2i / Topo I
SN-38,Trifluridine,0.2791888141408894,0.701126957857121,Topo I inhibitor,Antimetabolite,Antimetabolite × MDM2i / Topo I
"Fluorouracil (5-Fluoracil, 5-FU)","Olaparib (AZD2281, Ku-0059436)",0.7389671228201696,0.2985221295595948,Antimetabolite,PARP inhibitor,Antimetabolite × PARPi
"Fluorouracil (5-Fluoracil, 5-FU)",Veliparib (ABT-888),0.5142661014727408,0.29417361047362317,Antimetabolite,PARP inhibitor,Antimetabolite × PARPi
Gemcitabine,"Olaparib (AZD2281, Ku-0059436)",0.7672547858857978,0.518320994227156,Antimetabolite,PARP inhibitor,Antimetabolite × PARPi
Gemcitabine,Veliparib (ABT-888),0.5925999598661235,0.5655793872503141,Antimetabolite,PARP inhibitor,Antimetabolite × PARPi
"Olaparib (AZD2281, Ku-0059436)",Trifluridine,0.9031192688354939,0.7629610324625619,PARP inhibitor,Antimetabolite,Antimetabolite × PARPi
Trifluridine,Veliparib (ABT-888),0.7846012766064531,0.5501566811881543,Antimetabolite,PARP inhibitor,Antimetabolite × PARPi
5Z-7-OXOZEAENOL,"Binimetinib (MEK162, ARRY-162, ARRY-438162)",0.054597149585042706,0.5889644556730643,MAPK inhibitor,MAPK inhibitor,MAPK × MAPK
5Z-7-OXOZEAENOL,"Cobimetinib (GDC-0973, RG7420)",0.54087882956254,0.7039877478966438,MAPK inhibitor,MAPK inhibitor,MAPK × MAPK
5Z-7-OXOZEAENOL,Dabrafenib (GSK2118436),0.0051178206321671,0.5809463283755423,MAPK inhibitor,MAPK inhibitor,MAPK × MAPK
5Z-7-OXOZEAENOL,Doramapimod (BIRB 796),0.14111120752113898,0.04963223573992826,MAPK inhibitor,MAPK inhibitor,MAPK × MAPK
5Z-7-OXOZEAENOL,Encorafenib (LGX818),0.11073184964125433,0.6427027129633807,MAPK inhibitor,MAPK inhibitor,MAPK × MAPK
5Z-7-OXOZEAENOL,PD0325901,0.3030138341704566,0.7865887289326051,MAPK inhibitor,MAPK inhibitor,MAPK × MAPK
5Z-7-OXOZEAENOL,Sorafenib,0.41371505950119897,0.6307233828670977,MAPK inhibitor,MAPK inhibitor,MAPK × MAPK
5Z-7-OXOZEAENOL,Trametinib (GSK1120212),0.4820216849427076,0.5348176993084381,MAPK inhibitor,MAPK inhibitor,MAPK × MAPK
5Z-7-OXOZEAENOL,"Vemurafenib (PLX4032, RG7204)",0.349862087849225,-0.19851741459535455,MAPK inhibitor,MAPK inhibitor,MAPK × MAPK
"Binimetinib (MEK162, ARRY-162, ARRY-438162)","Cobimetinib (GDC-0973, RG7420)",0.5859110128855519,0.7935445782526441,MAPK inhibitor,MAPK inhibitor,MAPK × MAPK
"Binimetinib (MEK162, ARRY-162, ARRY-438162)",Dabrafenib (GSK2118436),0.8939520348421277,0.44626242393251647,MAPK inhibitor,MAPK inhibitor,MAPK × MAPK
"Binimetinib (MEK162, ARRY-162, ARRY-438162)",Doramapimod (BIRB 796),0.3347042313603368,0.23923274689214408,MAPK inhibitor,MAPK inhibitor,MAPK × MAPK
"Binimetinib (MEK162, ARRY-162, ARRY-438162)",Encorafenib (LGX818),0.7152142048544013,0.8565317026886642,MAPK inhibitor,MAPK inhibitor,MAPK × MAPK
"Binimetinib (MEK162, ARRY-162, ARRY-438162)",PD0325901,0.8103171600051489,0.6427790081430252,MAPK inhibitor,MAPK inhibitor,MAPK × MAPK
"Binimetinib (MEK162, ARRY-162, ARRY-438162)",Sorafenib,0.41874655082381435,0.42824453965886944,MAPK inhibitor,MAPK inhibitor,MAPK × MAPK
"Binimetinib (MEK162, ARRY-162, ARRY-438162)",Trametinib (GSK1120212),0.6101448549251062,0.8251831401470575,MAPK inhibitor,MAPK inhibitor,MAPK × MAPK
"Binimetinib (MEK162, ARRY-162, ARRY-438162)","Vemurafenib (PLX4032, RG7204)",0.014929655599444201,-0.15509075144565557,MAPK inhibitor,MAPK inhibitor,MAPK × MAPK
"Cobimetinib (GDC-0973, RG7420)",Dabrafenib (GSK2118436),0.41017769991662617,0.41652435971308266,MAPK inhibitor,MAPK inhibitor,MAPK × MAPK
"Cobimetinib (GDC-0973, RG7420)",Doramapimod (BIRB 796),0.33463153492547476,-0.05740811164539403,MAPK inhibitor,MAPK inhibitor,MAPK × MAPK
"Cobimetinib (GDC-0973, RG7420)",Encorafenib (LGX818),0.47732413601314916,0.9146653633249432,MAPK inhibitor,MAPK inhibitor,MAPK × MAPK
"Cobimetinib (GDC-0973, RG7420)",PD0325901,0.8793673114435158,0.7982489731771558,MAPK inhibitor,MAPK inhibitor,MAPK × MAPK
"Cobimetinib (GDC-0973, RG7420)",Sorafenib,0.6888458725916462,0.5660488995723966,MAPK inhibitor,MAPK inhibitor,MAPK × MAPK
"Cobimetinib (GDC-0973, RG7420)",Trametinib (GSK1120212),0.9688056923181309,0.6339526737467062,MAPK inhibitor,MAPK inhibitor,MAPK × MAPK
"Cobimetinib (GDC-0973, RG7420)","Vemurafenib (PLX4032, RG7204)",0.3574428154395654,-0.11205244030069134,MAPK inhibitor,MAPK inhibitor,MAPK × MAPK
Dabrafenib (GSK2118436),Doramapimod (BIRB 796),0.3167670242653847,0.3722460404273162,MAPK inhibitor,MAPK inhibitor,MAPK × MAPK
Dabrafenib (GSK2118436),Encorafenib (LGX818),0.7111404742718429,0.5444256793538633,MAPK inhibitor,MAPK inhibitor,MAPK × MAPK
Dabrafenib (GSK2118436),PD0325901,0.6219281457545933,0.6237774541765579,MAPK inhibitor,MAPK inhibitor,MAPK × MAPK
Dabrafenib (GSK2118436),Sorafenib,0.4149947154126629,0.6344126205822982,MAPK inhibitor,MAPK inhibitor,MAPK × MAPK
Dabrafenib (GSK2118436),Trametinib (GSK1120212),0.40702142779519923,0.5060383621663971,MAPK inhibitor,MAPK inhibitor,MAPK × MAPK
Dabrafenib (GSK2118436),"Vemurafenib (PLX4032, RG7204)",0.004093376813268104,-0.3453543438620793,MAPK inhibitor,MAPK inhibitor,MAPK × MAPK
Doramapimod (BIRB 796),Encorafenib (LGX818),-0.11822337046546319,0.09660944312335028,MAPK inhibitor,MAPK inhibitor,MAPK × MAPK
Doramapimod (BIRB 796),PD0325901,0.3278211480321864,0.12632926431478333,MAPK inhibitor,MAPK inhibitor,MAPK × MAPK
Doramapimod (BIRB 796),Sorafenib,-0.04794039323558013,-0.05815284974284945,MAPK inhibitor,MAPK inhibitor,MAPK × MAPK
Doramapimod (BIRB 796),Trametinib (GSK1120212),0.3242315251696176,0.5084006231803035,MAPK inhibitor,MAPK inhibitor,MAPK × MAPK
Doramapimod (BIRB 796),"Vemurafenib (PLX4032, RG7204)",-0.32571603897791634,0.06831792965512583,MAPK inhibitor,MAPK inhibitor,MAPK × MAPK
Encorafenib (LGX818),PD0325901,0.6362870929179959,0.7665781619165641,MAPK inhibitor,MAPK inhibitor,MAPK × MAPK
Encorafenib (LGX818),Sorafenib,0.6217134568680881,0.6213806892292352,MAPK inhibitor,MAPK inhibitor,MAPK × MAPK
Encorafenib (LGX818),Trametinib (GSK1120212),0.4732049751604134,0.7334744771832146,MAPK inhibitor,MAPK inhibitor,MAPK × MAPK
Encorafenib (LGX818),"Vemurafenib (PLX4032, RG7204)",0.36100339781612323,-0.22879997223529677,MAPK inhibitor,MAPK inhibitor,MAPK × MAPK
PD0325901,Sorafenib,0.6111897837844865,0.7231035863124992,MAPK inhibitor,MAPK inhibitor,MAPK × MAPK
PD0325901,Trametinib (GSK1120212),0.9039377126140725,0.5987343224104773,MAPK inhibitor,MAPK inhibitor,MAPK × MAPK
PD0325901,"Vemurafenib (PLX4032, RG7204)",0.24260056415450976,-0.20530518202954906,MAPK inhibitor,MAPK inhibitor,MAPK × MAPK
Sorafenib,Trametinib (GSK1120212),0.6554106269023114,0.3051905814316892,MAPK inhibitor,MAPK inhibitor,MAPK × MAPK
Sorafenib,"Vemurafenib (PLX4032, RG7204)",0.626194491744485,-0.3919828665756241,MAPK inhibitor,MAPK inhibitor,MAPK × MAPK
Trametinib (GSK1120212),"Vemurafenib (PLX4032, RG7204)",0.3049291578613876,-0.07679449287222702,MAPK inhibitor,MAPK inhibitor,MAPK × MAPK
5Z-7-OXOZEAENOL,ABT-737,0.05188683403711613,-0.35907487578695274,MAPK inhibitor,Other,Other
5Z-7-OXOZEAENOL,AMG232 (Navtemadlin),0.19784703823255032,0.2613460249113067,MAPK inhibitor,MDM2 inhibitor,Other
5Z-7-OXOZEAENOL,AZD4547,0.3060766766965882,0.6696109479607097,MAPK inhibitor,Other,Other
5Z-7-OXOZEAENOL,AZD7762,0.751304020683129,0.7626190693096234,MAPK inhibitor,Other,Other
5Z-7-OXOZEAENOL,AZD8055,0.14039163145538555,0.5593060109128674,MAPK inhibitor,Other,Other
5Z-7-OXOZEAENOL,Adavosertib （MK-1775）,0.5049390537930307,0.6220969039658045,MAPK inhibitor,Other,Other
5Z-7-OXOZEAENOL,Afatinib (BIBW2992),0.462622430649449,0.569711933149871,MAPK inhibitor,Other,Other
5Z-7-OXOZEAENOL,Alpelisib (BYL719),-0.12173110448807836,0.6881213840235404,MAPK inhibitor,Other,Other
5Z-7-OXOZEAENOL,BMS-754807,0.14337478367538273,0.4462917288491139,MAPK inhibitor,Other,Other
5Z-7-OXOZEAENOL,Crizotinib (PF-02341066),0.44646765453360765,0.5005784636641758,MAPK inhibitor,Other,Other
5Z-7-OXOZEAENOL,"Fluorouracil (5-Fluoracil, 5-FU)",0.281927301152228,0.43673857711320396,MAPK inhibitor,Antimetabolite,Other
5Z-7-OXOZEAENOL,Gefitinib (ZD1839),0.35158451962715265,0.6221468997996735,MAPK inhibitor,Other,Other
5Z-7-OXOZEAENOL,Gemcitabine,0.29287476727033784,0.4685822354435649,MAPK inhibitor,Antimetabolite,Other
5Z-7-OXOZEAENOL,LGK-974,0.26908762938526004,0.046146195351539465,MAPK inhibitor,Other,Other
5Z-7-OXOZEAENOL,Linsitinib (OSI-906),-0.13583737995934,0.648954038991497,MAPK inhibitor,Other,Other
5Z-7-OXOZEAENOL,MK-2206 2HCl,0.4031887768338377,0.41355682010412737,MAPK inhibitor,Other,Other
5Z-7-OXOZEAENOL,Miglitol,-0.18940565335119547,-0.19304457421633514,MAPK inhibitor,Other,Other
5Z-7-OXOZEAENOL,Navitoclax (ABT-263),-0.004575792495316578,0.4635056789828843,MAPK inhibitor,Other,Other
5Z-7-OXOZEAENOL,Nutlin-3,0.18054532475348214,0.2244112312834585,MAPK inhibitor,MDM2 inhibitor,Other
5Z-7-OXOZEAENOL,"Olaparib (AZD2281, Ku-0059436)",0.15504842813134032,-0.03562778816352694,MAPK inhibitor,PARP inhibitor,Other
5Z-7-OXOZEAENOL,Oxaliplatin,0.30721563400899865,0.7158497482494727,MAPK inhibitor,Other,Other
5Z-7-OXOZEAENOL,PI-103,0.02171923852883473,0.5566238750151952,MAPK inhibitor,Other,Other
5Z-7-OXOZEAENOL,Paclitaxel,0.3809110527768631,0.45710077617752143,MAPK inhibitor,Other,Other
5Z-7-OXOZEAENOL,Palbociclib (PD-0332991) HCl,0.19485282320312958,0.22987467551160914,MAPK inhibitor,Other,Other
5Z-7-OXOZEAENOL,Phenformin HCl,0.07478812161672854,0.2502757642217026,MAPK inhibitor,Other,Other
5Z-7-OXOZEAENOL,Rabusertib (LY2603618),0.47929275914543745,0.2414458626301724,MAPK inhibitor,Other,Other
5Z-7-OXOZEAENOL,Regorafenib (BAY 73-4506),0.07256177488768112,0.6713599653954966,MAPK inhibitor,Other,Other
5Z-7-OXOZEAENOL,Ruxolitinib (INCB018424),0.29512242209752715,-0.28821186871670773,MAPK inhibitor,Other,Other
5Z-7-OXOZEAENOL,SB216763,0.08141353482424757,0.15482685001518584,MAPK inhibitor,Other,Other
5Z-7-OXOZEAENOL,SB505124,0.6556595032843451,0.3549246852385746,MAPK inhibitor,Other,Other
5Z-7-OXOZEAENOL,SN-38,0.2914387048508296,0.6065599712684525,MAPK inhibitor,Topo I inhibitor,Other
5Z-7-OXOZEAENOL,Sapitinib (AZD8931),-0.13175210455620373,0.02094332644144032,MAPK inhibitor,Other,Other
5Z-7-OXOZEAENOL,Tanespimycin (17-AAG),0.3784772398044842,0.5695851615766158,MAPK inhibitor,Other,Other
5Z-7-OXOZEAENOL,Taselisib (GDC 0032),0.015357043520669545,0.6341396159872721,MAPK inhibitor,Other,Other
5Z-7-OXOZEAENOL,Temozolomide,0.11664180575847485,-0.2576781745424765,MAPK inhibitor,Other,Other
5Z-7-OXOZEAENOL,Triciribine,-0.02582359111540557,0.0027015239081153637,MAPK inhibitor,Other,Other
5Z-7-OXOZEAENOL,Trifluridine,0.14706521292087024,0.2032125463108343,MAPK inhibitor,Antimetabolite,Other
5Z-7-OXOZEAENOL,Veliparib (ABT-888),0.009015683442984061,0.13359474083581158,MAPK inhibitor,PARP inhibitor,Other
5Z-7-OXOZEAENOL,Vinorelbine Tartrate,0.28082879284084655,0.527902439168291,MAPK inhibitor,Other,Other
5Z-7-OXOZEAENOL,"Vorinostat (SAHA, MK0683)",0.24066965108311247,0.4864521868227284,MAPK inhibitor,Other,Other
5Z-7-OXOZEAENOL,abemaciclib (LY2835219),0.16497953651261613,0.226774024092319,MAPK inhibitor,Other,Other
ABT-737,AMG232 (Navtemadlin),0.07509162756920626,-0.07071589032514404,Other,MDM2 inhibitor,Other
ABT-737,AZD4547,0.616689994978497,-0.2352504394432572,Other,Other,Other
ABT-737,AZD7762,0.2686426817620738,-0.31798272126845145,Other,Other,Other
ABT-737,AZD8055,0.6136452607462272,0.019154012218281433,Other,Other,Other
ABT-737,Adavosertib （MK-1775）,0.3908353176527733,-0.15723788595290517,Other,Other,Other
ABT-737,Afatinib (BIBW2992),0.5601436093970549,-0.4286722714424667,Other,Other,Other
ABT-737,Alpelisib (BYL719),0.7420871777899322,-0.2825397400415872,Other,Other,Other
ABT-737,BMS-754807,0.3466959471085788,-0.1698385936848256,Other,Other,Other
ABT-737,"Binimetinib (MEK162, ARRY-162, ARRY-438162)",0.5939272236132991,-0.22336842742190607,Other,MAPK inhibitor,Other
ABT-737,"Cobimetinib (GDC-0973, RG7420)",0.29543035165264164,-0.47981885982308864,Other,MAPK inhibitor,Other
ABT-737,Crizotinib (PF-02341066),0.24211466319091124,-0.3897042678805829,Other,Other,Other
ABT-737,Dabrafenib (GSK2118436),0.7259647161039217,0.012712894131176244,Other,MAPK inhibitor,Other
ABT-737,Doramapimod (BIRB 796),-0.1515004342709278,0.5900099706498743,Other,MAPK inhibitor,Other
ABT-737,Encorafenib (LGX818),0.7133447780095706,-0.3473759901531764,Other,MAPK inhibitor,Other
ABT-737,"Fluorouracil (5-Fluoracil, 5-FU)",-0.3529510875223044,-0.22247830441033645,Other,Antimetabolite,Other
ABT-737,Gefitinib (ZD1839),0.6293434720884087,-0.12656545327315005,Other,Other,Other
ABT-737,Gemcitabine,-0.3105319939036981,-0.157085638910799,Other,Antimetabolite,Other
ABT-737,LGK-974,-0.15070847769575602,-0.466622408049065,Other,Other,Other
ABT-737,Linsitinib (OSI-906),0.031297565998308505,-0.17336409264883643,Other,Other,Other
ABT-737,MK-2206 2HCl,0.4508221383671304,-0.4138989004591284,Other,Other,Other
ABT-737,Miglitol,0.05589623251054442,0.7006666278438569,Other,Other,Other
ABT-737,Navitoclax (ABT-263),0.08007064202260342,-0.009052839659330956,Other,Other,Other
ABT-737,Nutlin-3,0.01934543038666574,0.12280494588525083,Other,MDM2 inhibitor,Other
ABT-737,"Olaparib (AZD2281, Ku-0059436)",-0.3669450546740454,0.4565139903447898,Other,PARP inhibitor,Other
ABT-737,Oxaliplatin,0.184807725625876,-0.24510724067173892,Other,Other,Other
ABT-737,PD0325901,0.4446339597264938,-0.3621946174350262,Other,MAPK inhibitor,Other
ABT-737,PI-103,0.7290859006015926,-0.034175045860951325,Other,Other,Other
ABT-737,Paclitaxel,0.37503914724902476,-0.37673572843013825,Other,Other,Other
ABT-737,Palbociclib (PD-0332991) HCl,-0.12401398918454169,-0.1332114533317928,Other,Other,Other
ABT-737,Phenformin HCl,-0.19187767335349615,0.1749407092454223,Other,Other,Other
ABT-737,Rabusertib (LY2603618),0.1551424733229112,0.2597651048574523,Other,Other,Other
ABT-737,Regorafenib (BAY 73-4506),0.6439000113800913,-0.2918925709881005,Other,Other,Other
ABT-737,Ruxolitinib (INCB018424),0.04117355638897356,0.6770344066605518,Other,Other,Other
ABT-737,SB216763,0.6676510772293468,0.5102656860544331,Other,Other,Other
ABT-737,SB505124,0.23142874514669906,0.1903602074746722,Other,Other,Other
ABT-737,SN-38,-0.17955862256114305,-0.27018887884392295,Other,Topo I inhibitor,Other
ABT-737,Sapitinib (AZD8931),0.797544500392987,-0.0127650958967196,Other,Other,Other
ABT-737,Sorafenib,0.5698096551361148,-0.4146985944238011,Other,MAPK inhibitor,Other
ABT-737,Tanespimycin (17-AAG),0.35832762495476833,-0.18897548321644816,Other,Other,Other
ABT-737,Taselisib (GDC 0032),0.7430470423541102,-0.23479699151352842,Other,Other,Other
ABT-737,Temozolomide,0.4675469485571561,0.6653365230899776,Other,Other,Other
ABT-737,Trametinib (GSK1120212),0.2911121058930681,-0.005135365147185159,Other,MAPK inhibitor,Other
ABT-737,Triciribine,-0.28934260804931977,0.023098736278216205,Other,Other,Other
ABT-737,Trifluridine,-0.40735494636949715,0.10504202002478713,Other,Antimetabolite,Other
ABT-737,Veliparib (ABT-888),-0.3455145142293529,0.24923394960905093,Other,PARP inhibitor,Other
ABT-737,"Vemurafenib (PLX4032, RG7204)",0.33279420279047295,0.20779470730511404,Other,MAPK inhibitor,Other
ABT-737,Vinorelbine Tartrate,0.20711476980925325,-0.1651526999057721,Other,Other,Other
ABT-737,"Vorinostat (SAHA, MK0683)",0.07898926905863514,-0.13578151460665216,Other,Other,Other
ABT-737,abemaciclib (LY2835219),-0.06494424230608944,-0.1539195100924083,Other,Other,Other
AMG232 (Navtemadlin),AZD4547,0.36872526221306895,0.3842004102351946,MDM2 inhibitor,Other,Other
AMG232 (Navtemadlin),AZD7762,0.297561350015015,0.48515588242060687,MDM2 inhibitor,Other,Other
AMG232 (Navtemadlin),AZD8055,-0.04475081869188126,-0.12281379375479601,MDM2 inhibitor,Other,Other
AMG232 (Navtemadlin),Adavosertib （MK-1775）,0.5820637039910685,0.36027245436799243,MDM2 inhibitor,Other,Other
AMG232 (Navtemadlin),Afatinib (BIBW2992),0.48569474891338604,0.23407135166962037,MDM2 inhibitor,Other,Other
AMG232 (Navtemadlin),Alpelisib (BYL719),0.0483661081849024,-0.013475929580812547,MDM2 inhibitor,Other,Other
AMG232 (Navtemadlin),BMS-754807,0.6478280555919287,0.7224482543362791,MDM2 inhibitor,Other,Other
AMG232 (Navtemadlin),"Binimetinib (MEK162, ARRY-162, ARRY-438162)",0.1343542056303964,-0.015573177800741623,MDM2 inhibitor,MAPK inhibitor,Other
AMG232 (Navtemadlin),"Cobimetinib (GDC-0973, RG7420)",0.430737141952745,-0.00933531058943716,MDM2 inhibitor,MAPK inhibitor,Other
AMG232 (Navtemadlin),Crizotinib (PF-02341066),0.5707537362010628,0.339223758820338,MDM2 inhibitor,Other,Other
AMG232 (Navtemadlin),Dabrafenib (GSK2118436),0.0012809850061703191,0.06280860587852664,MDM2 inhibitor,MAPK inhibitor,Other
AMG232 (Navtemadlin),Doramapimod (BIRB 796),-0.12459143700501754,0.04349647212684854,MDM2 inhibitor,MAPK inhibitor,Other
AMG232 (Navtemadlin),Encorafenib (LGX818),0.24796028908865037,-0.10951030297876908,MDM2 inhibitor,MAPK inhibitor,Other
AMG232 (Navtemadlin),Gefitinib (ZD1839),0.12191547288496297,0.0743517422174918,MDM2 inhibitor,Other,Other
AMG232 (Navtemadlin),LGK-974,0.2083460124226506,-0.29105124116485054,MDM2 inhibitor,Other,Other
AMG232 (Navtemadlin),Linsitinib (OSI-906),-0.2035339100612338,0.06796325526965885,MDM2 inhibitor,Other,Other
AMG232 (Navtemadlin),MK-2206 2HCl,0.07690972271456054,-0.0781378347541516,MDM2 inhibitor,Other,Other
AMG232 (Navtemadlin),Miglitol,0.0349695025975702,0.002629542853228501,MDM2 inhibitor,Other,Other
AMG232 (Navtemadlin),Navitoclax (ABT-263),-0.4212242221459632,-0.05968217272225594,MDM2 inhibitor,Other,Other
AMG232 (Navtemadlin),Nutlin-3,0.9521784939602986,0.835064814733599,MDM2 inhibitor,MDM2 inhibitor,Other
AMG232 (Navtemadlin),"Olaparib (AZD2281, Ku-0059436)",0.4512288829382545,0.5178504764629765,MDM2 inhibitor,PARP inhibitor,Other
AMG232 (Navtemadlin),Oxaliplatin,0.7591226332210713,0.391074206161943,MDM2 inhibitor,Other,Other
AMG232 (Navtemadlin),PD0325901,0.3171175427625259,0.09543776103669149,MDM2 inhibitor,MAPK inhibitor,Other
AMG232 (Navtemadlin),PI-103,0.05546749496822735,-0.10166870317762043,MDM2 inhibitor,Other,Other
AMG232 (Navtemadlin),Paclitaxel,0.3276509617858475,0.17442113174263962,MDM2 inhibitor,Other,Other
AMG232 (Navtemadlin),Palbociclib (PD-0332991) HCl,0.5733879972767403,0.7139212520225979,MDM2 inhibitor,Other,Other
AMG232 (Navtemadlin),Phenformin HCl,0.13811773949680725,0.12543201002710677,MDM2 inhibitor,Other,Other
AMG232 (Navtemadlin),Rabusertib (LY2603618),0.2488044343576235,0.25815778140450446,MDM2 inhibitor,Other,Other
AMG232 (Navtemadlin),Regorafenib (BAY 73-4506),0.09466813827080257,0.1455431625270632,MDM2 inhibitor,Other,Other
AMG232 (Navtemadlin),Ruxolitinib (INCB018424),0.09270219840950117,-0.006301830758760109,MDM2 inhibitor,Other,Other
AMG232 (Navtemadlin),SB216763,0.43642594750233404,0.14159652463149255,MDM2 inhibitor,Other,Other
AMG232 (Navtemadlin),SB505124,0.24795204549339198,0.3753019918344585,MDM2 inhibitor,Other,Other
AMG232 (Navtemadlin),SN-38,0.6473467789440452,0.8364870100536833,MDM2 inhibitor,Topo I inhibitor,Other
AMG232 (Navtemadlin),Sapitinib (AZD8931),0.22608187119096163,-0.17305952243536538,MDM2 inhibitor,Other,Other
AMG232 (Navtemadlin),Sorafenib,0.45286153619338654,-0.07883984547176044,MDM2 inhibitor,MAPK inhibitor,Other
AMG232 (Navtemadlin),Tanespimycin (17-AAG),0.6629091728662376,0.17268843831743683,MDM2 inhibitor,Other,Other
AMG232 (Navtemadlin),Taselisib (GDC 0032),0.23773657376317345,-0.08361404806218584,MDM2 inhibitor,Other,Other
AMG232 (Navtemadlin),Temozolomide,0.22695373185216358,-0.0633824308702221,MDM2 inhibitor,Other,Other
AMG232 (Navtemadlin),Trametinib (GSK1120212),0.39483921241160497,0.046650876417782254,MDM2 inhibitor,MAPK inhibitor,Other
AMG232 (Navtemadlin),Triciribine,0.3955499239126408,0.6374037073144546,MDM2 inhibitor,Other,Other
AMG232 (Navtemadlin),Veliparib (ABT-888),0.3033666495271204,0.3996726459323144,MDM2 inhibitor,PARP inhibitor,Other
AMG232 (Navtemadlin),"Vemurafenib (PLX4032, RG7204)",0.4746566060899956,-0.030413983079489712,MDM2 inhibitor,MAPK inhibitor,Other
AMG232 (Navtemadlin),Vinorelbine Tartrate,0.31132560770213585,0.5316744989362954,MDM2 inhibitor,Other,Other
AMG232 (Navtemadlin),"Vorinostat (SAHA, MK0683)",0.3403840285123066,0.5692700911401775,MDM2 inhibitor,Other,Other
AMG232 (Navtemadlin),abemaciclib (LY2835219),0.5491898472853268,0.6592837696153342,MDM2 inhibitor,Other,Other
AZD4547,AZD7762,0.4732653483925542,0.7072762054812246,Other,Other,Other
AZD4547,AZD8055,0.4730979934423212,0.37986396834234365,Other,Other,Other
AZD4547,Adavosertib （MK-1775）,0.5358378781493256,0.5452899370377261,Other,Other,Other
AZD4547,Afatinib (BIBW2992),0.6839394142252452,0.7045409198869776,Other,Other,Other
AZD4547,Alpelisib (BYL719),0.4822833697154322,0.567948943699023,Other,Other,Other
AZD4547,BMS-754807,0.51901567728645,0.42269030722984274,Other,Other,Other
AZD4547,"Binimetinib (MEK162, ARRY-162, ARRY-438162)",0.49999637349956616,0.46858799629434134,Other,MAPK inhibitor,Other
AZD4547,"Cobimetinib (GDC-0973, RG7420)",0.6189823885124311,0.4950687967923972,Other,MAPK inhibitor,Other
AZD4547,Crizotinib (PF-02341066),0.6669862363089504,0.7349124707541955,Other,Other,Other
AZD4547,Dabrafenib (GSK2118436),0.5327976691828405,0.5791970807730243,Other,MAPK inhibitor,Other
AZD4547,Doramapimod (BIRB 796),0.056874409839163566,0.20593279989588126,Other,MAPK inhibitor,Other
AZD4547,Encorafenib (LGX818),0.5731831388480841,0.4702046451012052,Other,MAPK inhibitor,Other
AZD4547,"Fluorouracil (5-Fluoracil, 5-FU)",-0.022247967871372676,0.41683548310593577,Other,Antimetabolite,Other
AZD4547,Gefitinib (ZD1839),0.802479870877375,0.7681606566021304,Other,Other,Other
AZD4547,Gemcitabine,0.02327942444896486,0.5689347826633582,Other,Antimetabolite,Other
AZD4547,LGK-974,0.12495996084915245,-0.15135351887275528,Other,Other,Other
AZD4547,Linsitinib (OSI-906),-0.04213682816451409,0.4664868491081389,Other,Other,Other
AZD4547,MK-2206 2HCl,0.6910137909351316,0.34384207170913483,Other,Other,Other
AZD4547,Miglitol,-0.05408563575862826,-0.07292482281770882,Other,Other,Other
AZD4547,Navitoclax (ABT-263),-0.07696321237309123,0.41271066058320005,Other,Other,Other
AZD4547,Nutlin-3,0.34104793480076806,0.35725545693061983,Other,MDM2 inhibitor,Other
AZD4547,"Olaparib (AZD2281, Ku-0059436)",-0.1328317208725528,0.14658630282347776,Other,PARP inhibitor,Other
AZD4547,Oxaliplatin,0.425463363792497,0.4332662494163232,Other,Other,Other
AZD4547,PD0325901,0.5766293693641306,0.704914669388278,Other,MAPK inhibitor,Other
AZD4547,PI-103,0.5451993164412358,0.4712638945183201,Other,Other,Other
AZD4547,Paclitaxel,0.4181115516694414,0.26062796881727507,Other,Other,Other
AZD4547,Palbociclib (PD-0332991) HCl,0.10409260419306085,0.4255772873008545,Other,Other,Other
AZD4547,Phenformin HCl,-0.11879156671422693,0.19264274202300724,Other,Other,Other
AZD4547,Rabusertib (LY2603618),0.6378544255995635,0.43179840998038604,Other,Other,Other
AZD4547,Regorafenib (BAY 73-4506),0.5836560258114606,0.6396988839934568,Other,Other,Other
AZD4547,Ruxolitinib (INCB018424),0.09323439105911933,-0.15445572171551164,Other,Other,Other
AZD4547,SB216763,0.5942904723149215,0.2370787289055064,Other,Other,Other
AZD4547,SB505124,0.4594301548667596,0.4543379849955549,Other,Other,Other
AZD4547,SN-38,0.05157208229328181,0.5769622582984726,Other,Topo I inhibitor,Other
AZD4547,Sapitinib (AZD8931),0.5555942266709839,-0.140518807210525,Other,Other,Other
AZD4547,Sorafenib,0.7276974685684937,0.5526539995947387,Other,MAPK inhibitor,Other
AZD4547,Tanespimycin (17-AAG),0.48310355710796543,0.5785995844380488,Other,Other,Other
AZD4547,Taselisib (GDC 0032),0.5670601749978235,0.4639706914077867,Other,Other,Other
AZD4547,Temozolomide,0.29350783796828517,-0.14788920291506583,Other,Other,Other
AZD4547,Trametinib (GSK1120212),0.5888195789502653,0.455906252932871,Other,MAPK inhibitor,Other
AZD4547,Triciribine,-0.0016019509331577952,0.18023857537649143,Other,Other,Other
AZD4547,Trifluridine,-0.1439206857647146,0.35365153074400274,Other,Antimetabolite,Other
AZD4547,Veliparib (ABT-888),-0.21127878929761212,0.38175909282467396,Other,PARP inhibitor,Other
AZD4547,"Vemurafenib (PLX4032, RG7204)",0.4953162551920303,-0.25811272732061485,Other,MAPK inhibitor,Other
AZD4547,Vinorelbine Tartrate,0.25887993796550035,0.39565667862004184,Other,Other,Other
AZD4547,"Vorinostat (SAHA, MK0683)",0.34609648073759597,0.4256433566968202,Other,Other,Other
AZD4547,abemaciclib (LY2835219),0.12582775421622078,0.4228025462964508,Other,Other,Other
AZD7762,AZD8055,0.34936680412999843,0.2838801309666235,Other,Other,Other
AZD7762,Adavosertib （MK-1775）,0.7204717489761087,0.5883668410325831,Other,Other,Other
AZD7762,Afatinib (BIBW2992),0.7287393903331427,0.5798303957385665,Other,Other,Other
AZD7762,Alpelisib (BYL719),0.1591292674524678,0.38343197033468973,Other,Other,Other
AZD7762,BMS-754807,0.4126428949206166,0.7073937942682554,Other,Other,Other
AZD7762,"Binimetinib (MEK162, ARRY-162, ARRY-438162)",0.192469401567498,0.44377928203535033,Other,MAPK inhibitor,Other
AZD7762,"Cobimetinib (GDC-0973, RG7420)",0.5095338405049383,0.5111447727943293,Other,MAPK inhibitor,Other
AZD7762,Crizotinib (PF-02341066),0.55550027325112,0.6991011402905826,Other,Other,Other
AZD7762,Dabrafenib (GSK2118436),0.1319112104749133,0.36625736059595165,Other,MAPK inhibitor,Other
AZD7762,Doramapimod (BIRB 796),-0.08380142972470746,0.050011296539080874,Other,MAPK inhibitor,Other
AZD7762,Encorafenib (LGX818),0.3571897937766052,0.4297720284427257,Other,MAPK inhibitor,Other
AZD7762,"Fluorouracil (5-Fluoracil, 5-FU)",0.22044376474994382,0.4990811494159483,Other,Antimetabolite,Other
AZD7762,Gefitinib (ZD1839),0.3980919103458884,0.5754332797196641,Other,Other,Other
AZD7762,Gemcitabine,0.25616109706120394,0.6884139493811183,Other,Antimetabolite,Other
AZD7762,LGK-974,0.16156489358333131,0.04295895372136119,Other,Other,Other
AZD7762,Linsitinib (OSI-906),-0.22736049835641375,0.38334975620974204,Other,Other,Other
AZD7762,MK-2206 2HCl,0.43889676712731723,0.38520006746460506,Other,Other,Other
AZD7762,Miglitol,-0.04978069428991928,-0.16084807327601477,Other,Other,Other
AZD7762,Navitoclax (ABT-263),-0.03370659074999121,0.1564470625332395,Other,Other,Other
AZD7762,Nutlin-3,0.2848321028428132,0.4430518790573907,Other,MDM2 inhibitor,Other
AZD7762,"Olaparib (AZD2281, Ku-0059436)",0.14750971975760407,0.18312725098901358,Other,PARP inhibitor,Other
AZD7762,Oxaliplatin,0.40688416914505715,0.5973195812475085,Other,Other,Other
AZD7762,PD0325901,0.39397560749817145,0.6146582579922045,Other,MAPK inhibitor,Other
AZD7762,PI-103,0.27971549372524906,0.2704687797635898,Other,Other,Other
AZD7762,Paclitaxel,0.619633860258953,0.418481192677157,Other,Other,Other
AZD7762,Palbociclib (PD-0332991) HCl,0.13165750520656155,0.40084527243034795,Other,Other,Other
AZD7762,Phenformin HCl,0.038912545280356335,0.24558756644821045,Other,Other,Other
AZD7762,Rabusertib (LY2603618),0.4063744870990016,0.2547915102792656,Other,Other,Other
AZD7762,Regorafenib (BAY 73-4506),0.17355427766820047,0.5598100589312135,Other,Other,Other
AZD7762,Ruxolitinib (INCB018424),0.11863977502365189,-0.15906335412318381,Other,Other,Other
AZD7762,SB216763,0.2853330295288495,0.0966423083267991,Other,Other,Other
AZD7762,SB505124,0.666064758989473,0.36815763412688024,Other,Other,Other
AZD7762,SN-38,0.2724286672445743,0.7476772088038688,Other,Topo I inhibitor,Other
AZD7762,Sapitinib (AZD8931),0.18194835278070529,0.002145050520143576,Other,Other,Other
AZD7762,Sorafenib,0.5345654108100295,0.44463943214573165,Other,MAPK inhibitor,Other
AZD7762,Tanespimycin (17-AAG),0.5636873813486988,0.5078726370695905,Other,Other,Other
AZD7762,Taselisib (GDC 0032),0.32032406935337854,0.4330579375123732,Other,Other,Other
AZD7762,Temozolomide,0.25755910404640703,-0.1950329751554641,Other,Other,Other
AZD7762,Trametinib (GSK1120212),0.4787955624052157,0.41826646703568676,Other,MAPK inhibitor,Other
AZD7762,Triciribine,0.003621210705500069,0.23572230619918416,Other,Other,Other
AZD7762,Trifluridine,0.09334953802284725,0.5062680415947263,Other,Antimetabolite,Other
AZD7762,Veliparib (ABT-888),0.04998316181627997,0.26785220215183164,Other,PARP inhibitor,Other
AZD7762,"Vemurafenib (PLX4032, RG7204)",0.4261354655107575,-0.20434592773491173,Other,MAPK inhibitor,Other
AZD7762,Vinorelbine Tartrate,0.396167738034463,0.6038353355459348,Other,Other,Other
AZD7762,"Vorinostat (SAHA, MK0683)",0.10337574611261027,0.5782204056804434,Other,Other,Other
AZD7762,abemaciclib (LY2835219),0.12055056859266065,0.3695701779294986,Other,Other,Other
AZD8055,Adavosertib （MK-1775）,0.3835475181781253,0.43900331841893026,Other,Other,Other
AZD8055,Afatinib (BIBW2992),0.43776412521479885,0.37682813408293847,Other,Other,Other
AZD8055,Alpelisib (BYL719),0.808270897563967,0.7640844855881513,Other,Other,Other
AZD8055,BMS-754807,0.3330353055571159,-0.09484271990425339,Other,Other,Other
AZD8055,"Binimetinib (MEK162, ARRY-162, ARRY-438162)",0.566930615877616,0.5545295417755634,Other,MAPK inhibitor,Other
AZD8055,"Cobimetinib (GDC-0973, RG7420)",0.44249160727608505,0.539623693650721,Other,MAPK inhibitor,Other
AZD8055,Crizotinib (PF-02341066),0.12528330848812325,0.04768057004827975,Other,Other,Other
AZD8055,Dabrafenib (GSK2118436),0.5480256994333729,0.6558518824527342,Other,MAPK inhibitor,Other
AZD8055,Doramapimod (BIRB 796),-0.11739264022526906,0.32997785440605326,Other,MAPK inhibitor,Other
AZD8055,Encorafenib (LGX818),0.7452297628896495,0.6358613406171023,Other,MAPK inhibitor,Other
AZD8055,"Fluorouracil (5-Fluoracil, 5-FU)",-0.1145423073894111,0.08345370492789507,Other,Antimetabolite,Other
AZD8055,Gefitinib (ZD1839),0.4922274997600488,0.5111867840374461,Other,Other,Other
AZD8055,Gemcitabine,-0.12192388233825474,-0.02617627085725159,Other,Antimetabolite,Other
AZD8055,LGK-974,-0.06464896506218074,-0.2467391191314746,Other,Other,Other
AZD8055,Linsitinib (OSI-906),0.12030350749382335,0.6904142043416189,Other,Other,Other
AZD8055,MK-2206 2HCl,0.40199997306177543,0.3968142286615115,Other,Other,Other
AZD8055,Miglitol,-0.04199828698037392,0.20594300730775092,Other,Other,Other
AZD8055,Navitoclax (ABT-263),0.34300195228605274,0.7075534101661389,Other,Other,Other
AZD8055,Nutlin-3,-0.09540241479984694,-0.13324485866595265,Other,MDM2 inhibitor,Other
AZD8055,"Olaparib (AZD2281, Ku-0059436)",-0.24361090292556933,-0.15950865958847002,Other,PARP inhibitor,Other
AZD8055,Oxaliplatin,0.2854261377634334,0.3894778807750423,Other,Other,Other
AZD8055,PD0325901,0.5956857852458236,0.562883240104876,Other,MAPK inhibitor,Other
AZD8055,PI-103,0.9243640458385375,0.7891864845034421,Other,Other,Other
AZD8055,Paclitaxel,0.6211471144433179,0.3427547255246412,Other,Other,Other
AZD8055,Palbociclib (PD-0332991) HCl,-0.2022085803812021,-0.21397515994534702,Other,Other,Other
AZD8055,Phenformin HCl,-0.2597079254832605,0.1399470710394033,Other,Other,Other
AZD8055,Rabusertib (LY2603618),0.11820453239107115,0.20897039846571078,Other,Other,Other
AZD8055,Regorafenib (BAY 73-4506),0.5620267083809055,0.34821471798707426,Other,Other,Other
AZD8055,Ruxolitinib (INCB018424),-0.16765366421507602,0.1766164191865947,Other,Other,Other
AZD8055,SB216763,0.29871585683559276,0.46685016796050277,Other,Other,Other
AZD8055,SB505124,0.47461432717138213,0.18896510462023017,Other,Other,Other
AZD8055,SN-38,-0.08318947281585476,0.07126803266163782,Other,Topo I inhibitor,Other
AZD8055,Sapitinib (AZD8931),0.546302933081262,-0.18164656998250855,Other,Other,Other
AZD8055,Sorafenib,0.5269125712058842,0.35261065912343253,Other,MAPK inhibitor,Other
AZD8055,Tanespimycin (17-AAG),0.3170764169622554,0.5301585263658458,Other,Other,Other
AZD8055,Taselisib (GDC 0032),0.7635842698662761,0.7219103777894308,Other,Other,Other
AZD8055,Temozolomide,0.277734207809334,0.1233634831296774,Other,Other,Other
AZD8055,Trametinib (GSK1120212),0.4983622961560509,0.5954944117262918,Other,MAPK inhibitor,Other
AZD8055,Triciribine,-0.32892198209654044,-0.3715583995854937,Other,Other,Other
AZD8055,Trifluridine,-0.3142802925221652,-0.17486735148332752,Other,Antimetabolite,Other
AZD8055,Veliparib (ABT-888),-0.21377080635264353,-0.10469954699002376,Other,PARP inhibitor,Other
AZD8055,"Vemurafenib (PLX4032, RG7204)",0.20947123432034143,-0.21798788637871233,Other,MAPK inhibitor,Other
AZD8055,Vinorelbine Tartrate,0.5168076592525395,0.24740252748964234,Other,Other,Other
AZD8055,"Vorinostat (SAHA, MK0683)",-0.04605227084694493,0.09220786773297165,Other,Other,Other
AZD8055,abemaciclib (LY2835219),-0.20157925271816896,-0.18201838484741836,Other,Other,Other
Adavosertib （MK-1775）,Afatinib (BIBW2992),0.8003886274037864,0.5716645444112624,Other,Other,Other
Adavosertib （MK-1775）,Alpelisib (BYL719),0.2999967895990163,0.4303918496903669,Other,Other,Other
Adavosertib （MK-1775）,BMS-754807,0.6297048109303838,0.2826626566020215,Other,Other,Other
Adavosertib （MK-1775）,"Binimetinib (MEK162, ARRY-162, ARRY-438162)",0.2718543305920441,0.5705556123975288,Other,MAPK inhibitor,Other
Adavosertib （MK-1775）,"Cobimetinib (GDC-0973, RG7420)",0.5796430226449708,0.5537379522081373,Other,MAPK inhibitor,Other
Adavosertib （MK-1775）,Crizotinib (PF-02341066),0.6318622857352386,0.3677266629927278,Other,Other,Other
Adavosertib （MK-1775）,Dabrafenib (GSK2118436),0.17896208979813083,0.2885757364676342,Other,MAPK inhibitor,Other
Adavosertib （MK-1775）,Doramapimod (BIRB 796),-0.19717655403835263,0.18835315428553004,Other,MAPK inhibitor,Other
Adavosertib （MK-1775）,Encorafenib (LGX818),0.5452267139880227,0.47404690970641694,Other,MAPK inhibitor,Other
Adavosertib （MK-1775）,"Fluorouracil (5-Fluoracil, 5-FU)",0.2959419451545357,0.4936901102374615,Other,Antimetabolite,Other
Adavosertib （MK-1775）,Gefitinib (ZD1839),0.39379491656043664,0.3216624658410962,Other,Other,Other
Adavosertib （MK-1775）,Gemcitabine,0.303741273940713,0.4667986287766951,Other,Antimetabolite,Other
Adavosertib （MK-1775）,LGK-974,0.18249702610359028,-0.17469213381088247,Other,Other,Other
Adavosertib （MK-1775）,Linsitinib (OSI-906),-0.2537269315360604,0.4185822064178055,Other,Other,Other
Adavosertib （MK-1775）,MK-2206 2HCl,0.37653386791983706,0.3671532594856272,Other,Other,Other
Adavosertib （MK-1775）,Miglitol,0.027247559027247528,0.0971243543351706,Other,Other,Other
Adavosertib （MK-1775）,Navitoclax (ABT-263),-0.18342866120775003,0.2719861368774255,Other,Other,Other
Adavosertib （MK-1775）,Nutlin-3,0.5434550535221323,0.4279503582543041,Other,MDM2 inhibitor,Other
Adavosertib （MK-1775）,"Olaparib (AZD2281, Ku-0059436)",0.226899362579677,0.22080422061742372,Other,PARP inhibitor,Other
Adavosertib （MK-1775）,Oxaliplatin,0.6387658543681242,0.7145495221861432,Other,Other,Other
Adavosertib （MK-1775）,PD0325901,0.47732823431356564,0.47075781860543825,Other,MAPK inhibitor,Other
Adavosertib （MK-1775）,PI-103,0.4033719289802486,0.3005873892133569,Other,Other,Other
Adavosertib （MK-1775）,Paclitaxel,0.7545202681626098,0.6539036959381966,Other,Other,Other
Adavosertib （MK-1775）,Palbociclib (PD-0332991) HCl,0.2571210456294741,0.16044670655443988,Other,Other,Other
Adavosertib （MK-1775）,Phenformin HCl,0.05188252968999071,0.1969518422821867,Other,Other,Other
Adavosertib （MK-1775）,Rabusertib (LY2603618),0.35489052447981845,0.45054854931670435,Other,Other,Other
Adavosertib （MK-1775）,Regorafenib (BAY 73-4506),0.2301761248612845,0.19938762352309558,Other,Other,Other
Adavosertib （MK-1775）,Ruxolitinib (INCB018424),0.08495532187708614,-0.07775302142422522,Other,Other,Other
Adavosertib （MK-1775）,SB216763,0.4392790417204344,0.36628050999810075,Other,Other,Other
Adavosertib （MK-1775）,SB505124,0.6382395957775845,0.23342327856895587,Other,Other,Other
Adavosertib （MK-1775）,SN-38,0.49387869442431714,0.60958493561549,Other,Topo I inhibitor,Other
Adavosertib （MK-1775）,Sapitinib (AZD8931),0.36865226280498914,-0.07519596640219275,Other,Other,Other
Adavosertib （MK-1775）,Sorafenib,0.6562606145415044,0.09610326147727784,Other,MAPK inhibitor,Other
Adavosertib （MK-1775）,Tanespimycin (17-AAG),0.8278833883610064,0.5978667968388618,Other,Other,Other
Adavosertib （MK-1775）,Taselisib (GDC 0032),0.5098095906404999,0.4672585963882626,Other,Other,Other
Adavosertib （MK-1775）,Temozolomide,0.38801991573034456,-0.03503032408565953,Other,Other,Other
Adavosertib （MK-1775）,Trametinib (GSK1120212),0.5479650156448541,0.574440712647964,Other,MAPK inhibitor,Other
Adavosertib （MK-1775）,Triciribine,0.1286851358155221,0.05100448490269115,Other,Other,Other
Adavosertib （MK-1775）,Trifluridine,0.13058325181369573,0.3961839103984469,Other,Antimetabolite,Other
Adavosertib （MK-1775）,Veliparib (ABT-888),0.0876732769103231,-0.020562857795049797,Other,PARP inhibitor,Other
Adavosertib （MK-1775）,"Vemurafenib (PLX4032, RG7204)",0.5378401971243981,0.06630191148527946,Other,MAPK inhibitor,Other
Adavosertib （MK-1775）,Vinorelbine Tartrate,0.6419714203002163,0.7614035241161555,Other,Other,Other
Adavosertib （MK-1775）,"Vorinostat (SAHA, MK0683)",0.16860643884914298,0.47386410256789846,Other,Other,Other
Adavosertib （MK-1775）,abemaciclib (LY2835219),0.23641156703935026,0.05714783527014876,Other,Other,Other
Afatinib (BIBW2992),Alpelisib (BYL719),0.42320740242300603,0.5564067665767691,Other,Other,Other
Afatinib (BIBW2992),BMS-754807,0.6085873146829353,0.2375433741558969,Other,Other,Other
Afatinib (BIBW2992),"Binimetinib (MEK162, ARRY-162, ARRY-438162)",0.36100108812259163,0.5502847018883642,Other,MAPK inhibitor,Other
Afatinib (BIBW2992),"Cobimetinib (GDC-0973, RG7420)",0.4815785110882533,0.7037867973948195,Other,MAPK inhibitor,Other
Afatinib (BIBW2992),Crizotinib (PF-02341066),0.7053713663553088,0.7230387827995,Other,Other,Other
Afatinib (BIBW2992),Dabrafenib (GSK2118436),0.3588035957745089,0.40781060975771644,Other,MAPK inhibitor,Other
Afatinib (BIBW2992),Doramapimod (BIRB 796),-0.23917376174598348,0.011274371030708627,Other,MAPK inhibitor,Other
Afatinib (BIBW2992),Encorafenib (LGX818),0.6614785290893436,0.6455701070904353,Other,MAPK inhibitor,Other
Afatinib (BIBW2992),"Fluorouracil (5-Fluoracil, 5-FU)",0.004560343482493379,0.4454234817860678,Other,Antimetabolite,Other
Afatinib (BIBW2992),Gefitinib (ZD1839),0.5306782324368323,0.5615445190662418,Other,Other,Other
Afatinib (BIBW2992),Gemcitabine,0.05750692028768971,0.4270119187114924,Other,Antimetabolite,Other
Afatinib (BIBW2992),LGK-974,0.054939243950478896,0.009937787943045305,Other,Other,Other
Afatinib (BIBW2992),Linsitinib (OSI-906),-0.27814742260178077,0.544174197632245,Other,Other,Other
Afatinib (BIBW2992),MK-2206 2HCl,0.5207970335191913,0.6436793134869974,Other,Other,Other
Afatinib (BIBW2992),Miglitol,0.021452018715969006,-0.2517730168096775,Other,Other,Other
Afatinib (BIBW2992),Navitoclax (ABT-263),-0.27748631249349787,0.3395031692866668,Other,Other,Other
Afatinib (BIBW2992),Nutlin-3,0.43100590752059914,0.15713959582590295,Other,MDM2 inhibitor,Other
Afatinib (BIBW2992),"Olaparib (AZD2281, Ku-0059436)",-0.005274533493369608,-0.10799849534343135,Other,PARP inhibitor,Other
Afatinib (BIBW2992),Oxaliplatin,0.4461337739115274,0.33112791890763427,Other,Other,Other
Afatinib (BIBW2992),PD0325901,0.44051568773404365,0.7602551004788548,Other,MAPK inhibitor,Other
Afatinib (BIBW2992),PI-103,0.4981626541213926,0.44183369539979606,Other,Other,Other
Afatinib (BIBW2992),Paclitaxel,0.6304603780788129,0.5447332014804919,Other,Other,Other
Afatinib (BIBW2992),Palbociclib (PD-0332991) HCl,0.09758627870539895,0.21957440673221829,Other,Other,Other
Afatinib (BIBW2992),Phenformin HCl,-0.022392173667813854,0.09510445325748804,Other,Other,Other
Afatinib (BIBW2992),Rabusertib (LY2603618),0.44286591578532275,0.3349085118076974,Other,Other,Other
Afatinib (BIBW2992),Regorafenib (BAY 73-4506),0.35494994194386453,0.5094120443780822,Other,Other,Other
Afatinib (BIBW2992),Ruxolitinib (INCB018424),-0.0016351248826279605,-0.3184510935703912,Other,Other,Other
Afatinib (BIBW2992),SB216763,0.596616577478508,0.0766206116693659,Other,Other,Other
Afatinib (BIBW2992),SB505124,0.49635101679097604,0.2545845961268108,Other,Other,Other
Afatinib (BIBW2992),SN-38,0.25369272350148103,0.44427691494630195,Other,Topo I inhibitor,Other
Afatinib (BIBW2992),Sapitinib (AZD8931),0.5745337279860967,-0.007085453263190348,Other,Other,Other
Afatinib (BIBW2992),Sorafenib,0.7012685104993899,0.46173397320582554,Other,MAPK inhibitor,Other
Afatinib (BIBW2992),Tanespimycin (17-AAG),0.7507457765364647,0.6868551445404986,Other,Other,Other
Afatinib (BIBW2992),Taselisib (GDC 0032),0.6573521495038803,0.591291131801025,Other,Other,Other
Afatinib (BIBW2992),Temozolomide,0.3474318377534827,-0.2601619317415381,Other,Other,Other
Afatinib (BIBW2992),Trametinib (GSK1120212),0.43324971230253284,0.4887500979691546,Other,MAPK inhibitor,Other
Afatinib (BIBW2992),Triciribine,0.007368683638110468,0.058167330623193354,Other,Other,Other
Afatinib (BIBW2992),Trifluridine,-0.04683502240964399,0.15323221034489498,Other,Antimetabolite,Other
Afatinib (BIBW2992),Veliparib (ABT-888),-0.13929177785911975,0.06755256279408632,Other,PARP inhibitor,Other
Afatinib (BIBW2992),"Vemurafenib (PLX4032, RG7204)",0.5951125964505624,-0.16327051105434184,Other,MAPK inhibitor,Other
Afatinib (BIBW2992),Vinorelbine Tartrate,0.4307871928564895,0.3553267264437573,Other,Other,Other
Afatinib (BIBW2992),"Vorinostat (SAHA, MK0683)",0.152280656083832,0.2877616642890823,Other,Other,Other
Afatinib (BIBW2992),abemaciclib (LY2835219),0.10358317455462676,0.24923687954945312,Other,Other,Other
Alpelisib (BYL719),BMS-754807,0.34922506160562655,0.0484054415295754,Other,Other,Other
Alpelisib (BYL719),"Binimetinib (MEK162, ARRY-162, ARRY-438162)",0.686718266207935,0.5419586563843638,Other,MAPK inhibitor,Other
Alpelisib (BYL719),"Cobimetinib (GDC-0973, RG7420)",0.2620120589502725,0.6720091640250304,Other,MAPK inhibitor,Other
Alpelisib (BYL719),Crizotinib (PF-02341066),0.07422243601094342,0.3024407436383667,Other,Other,Other
Alpelisib (BYL719),Dabrafenib (GSK2118436),0.723547959816458,0.7069825566441789,Other,MAPK inhibitor,Other
Alpelisib (BYL719),Doramapimod (BIRB 796),-0.1728991202659396,0.057575521876103895,Other,MAPK inhibitor,Other
Alpelisib (BYL719),Encorafenib (LGX818),0.791535151326475,0.7303947801767948,Other,MAPK inhibitor,Other
Alpelisib (BYL719),"Fluorouracil (5-Fluoracil, 5-FU)",-0.3166660646112607,0.23480809245330617,Other,Antimetabolite,Other
Alpelisib (BYL719),Gefitinib (ZD1839),0.4396121664351191,0.6440850045258166,Other,Other,Other
Alpelisib (BYL719),Gemcitabine,-0.2380120788281046,0.1123739880832992,Other,Antimetabolite,Other
Alpelisib (BYL719),LGK-974,-0.21947636756011998,-0.07139887024045617,Other,Other,Other
Alpelisib (BYL719),Linsitinib (OSI-906),0.14837405209362453,0.7421870163318703,Other,Other,Other
Alpelisib (BYL719),MK-2206 2HCl,0.3095086140990723,0.473404293090609,Other,Other,Other
Alpelisib (BYL719),Miglitol,0.1307408528213173,-0.15948251681892445,Other,Other,Other
Alpelisib (BYL719),Navitoclax (ABT-263),0.22660705361646571,0.8025130420418303,Other,Other,Other
Alpelisib (BYL719),Nutlin-3,0.00047308460821252204,-0.1244092423599025,Other,MDM2 inhibitor,Other
Alpelisib (BYL719),"Olaparib (AZD2281, Ku-0059436)",-0.3069304430437316,-0.34048621280596475,Other,PARP inhibitor,Other
Alpelisib (BYL719),Oxaliplatin,0.18112128610163922,0.403665592702498,Other,Other,Other
Alpelisib (BYL719),PD0325901,0.4935181842008964,0.6956853519199447,Other,MAPK inhibitor,Other
Alpelisib (BYL719),PI-103,0.9106172651222625,0.8167652252112654,Other,Other,Other
Alpelisib (BYL719),Paclitaxel,0.43262320768906504,0.37486367594679226,Other,Other,Other
Alpelisib (BYL719),Palbociclib (PD-0332991) HCl,-0.14927173489930223,-0.033495231738011666,Other,Other,Other
Alpelisib (BYL719),Phenformin HCl,-0.213080566723645,0.024655442604255128,Other,Other,Other
Alpelisib (BYL719),Rabusertib (LY2603618),-0.025868424793430284,0.15455035440731718,Other,Other,Other
Alpelisib (BYL719),Regorafenib (BAY 73-4506),0.6599992892440817,0.5609788835743375,Other,Other,Other
Alpelisib (BYL719),Ruxolitinib (INCB018424),-0.21573661687923099,-0.16274899487184427,Other,Other,Other
Alpelisib (BYL719),SB216763,0.4585062601420762,0.21045962607979632,Other,Other,Other
Alpelisib (BYL719),SB505124,0.13747572545961922,0.20418106715828754,Other,Other,Other
Alpelisib (BYL719),SN-38,-0.16156518407189507,0.2102264877681134,Other,Topo I inhibitor,Other
Alpelisib (BYL719),Sapitinib (AZD8931),0.8261135301091821,-0.09317183291621754,Other,Other,Other
Alpelisib (BYL719),Sorafenib,0.45128369450567757,0.6553952347147907,Other,MAPK inhibitor,Other
Alpelisib (BYL719),Tanespimycin (17-AAG),0.2903943936704413,0.5560090992859994,Other,Other,Other
Alpelisib (BYL719),Taselisib (GDC 0032),0.8585360022286483,0.723034457960434,Other,Other,Other
Alpelisib (BYL719),Temozolomide,0.33420740002700555,-0.2084936384996412,Other,Other,Other
Alpelisib (BYL719),Trametinib (GSK1120212),0.31501276779698606,0.48531926301682515,Other,MAPK inhibitor,Other
Alpelisib (BYL719),Triciribine,-0.1862809567871382,-0.2557982116884226,Other,Other,Other
Alpelisib (BYL719),Trifluridine,-0.3524975888865859,-0.18098327887367993,Other,Antimetabolite,Other
Alpelisib (BYL719),Veliparib (ABT-888),-0.2511090442926336,0.025662728579871234,Other,PARP inhibitor,Other
Alpelisib (BYL719),"Vemurafenib (PLX4032, RG7204)",0.05831273814759352,-0.28993594223680924,Other,MAPK inhibitor,Other
Alpelisib (BYL719),Vinorelbine Tartrate,0.30156278901656447,0.22283905895996844,Other,Other,Other
Alpelisib (BYL719),"Vorinostat (SAHA, MK0683)",-0.060736106185357366,0.16416225458696593,Other,Other,Other
Alpelisib (BYL719),abemaciclib (LY2835219),-0.11081200962555751,0.06735490957978733,Other,Other,Other
BMS-754807,"Binimetinib (MEK162, ARRY-162, ARRY-438162)",0.36722801360748514,0.09609765157323555,Other,MAPK inhibitor,Other
BMS-754807,"Cobimetinib (GDC-0973, RG7420)",0.40523787268056066,0.0961991260827349,Other,MAPK inhibitor,Other
BMS-754807,Crizotinib (PF-02341066),0.6420546156094762,0.4978117226076762,Other,Other,Other
BMS-754807,Dabrafenib (GSK2118436),0.2420886104635364,0.07560023628392827,Other,MAPK inhibitor,Other
BMS-754807,Doramapimod (BIRB 796),-0.14926570258764998,-0.06386640868089964,Other,MAPK inhibitor,Other
BMS-754807,Encorafenib (LGX818),0.5740785575478591,0.006376516562805634,Other,MAPK inhibitor,Other
BMS-754807,"Fluorouracil (5-Fluoracil, 5-FU)",0.30534553681545556,0.5835494335425699,Other,Antimetabolite,Other
BMS-754807,Gefitinib (ZD1839),0.29268422660544835,0.25011062023267666,Other,Other,Other
BMS-754807,Gemcitabine,0.304379896989766,0.7285780012327646,Other,Antimetabolite,Other
BMS-754807,LGK-974,0.14423324908864132,0.009754947047775341,Other,Other,Other
BMS-754807,Linsitinib (OSI-906),-0.20185406268626896,0.04820766596639415,Other,Other,Other
BMS-754807,MK-2206 2HCl,0.22168517206131905,0.05409875058291125,Other,Other,Other
BMS-754807,Miglitol,0.05701485146863597,-0.11159362892527928,Other,Other,Other
BMS-754807,Navitoclax (ABT-263),-0.18836996062962233,-0.09483077586743814,Other,Other,Other
BMS-754807,Nutlin-3,0.637873212352678,0.6302262072373167,Other,MDM2 inhibitor,Other
BMS-754807,"Olaparib (AZD2281, Ku-0059436)",0.38331823103276197,0.33525547857190513,Other,PARP inhibitor,Other
BMS-754807,Oxaliplatin,0.5862739270133169,0.41835233857087095,Other,Other,Other
BMS-754807,PD0325901,0.44977218596830554,0.23516313655448917,Other,MAPK inhibitor,Other
BMS-754807,PI-103,0.408524873924205,-0.054359288346860456,Other,Other,Other
BMS-754807,Paclitaxel,0.6121401392858924,0.13660140718577232,Other,Other,Other
BMS-754807,Palbociclib (PD-0332991) HCl,0.34528474370718304,0.5576739069227524,Other,Other,Other
BMS-754807,Phenformin HCl,-0.05265509117752291,0.09046202868154632,Other,Other,Other
BMS-754807,Rabusertib (LY2603618),0.21657416778499658,0.10075992369920592,Other,Other,Other
BMS-754807,Regorafenib (BAY 73-4506),0.2946096197058261,0.3333599747911762,Other,Other,Other
BMS-754807,Ruxolitinib (INCB018424),0.00680434403116147,-0.06114918876916336,Other,Other,Other
BMS-754807,SB216763,0.5929046332788926,-0.03203103902338803,Other,Other,Other
BMS-754807,SB505124,0.4295038264316509,0.2771435549249408,Other,Other,Other
BMS-754807,SN-38,0.237713671873819,0.8176900305891508,Other,Topo I inhibitor,Other
BMS-754807,Sapitinib (AZD8931),0.4663507861526982,-0.05534811912985401,Other,Other,Other
BMS-754807,Sorafenib,0.4526292919530515,0.16415526807151024,Other,MAPK inhibitor,Other
BMS-754807,Tanespimycin (17-AAG),0.593490919312253,0.14286418016273503,Other,Other,Other
BMS-754807,Taselisib (GDC 0032),0.5730265869455484,0.02272890576718289,Other,Other,Other
BMS-754807,Temozolomide,0.2423504556229557,-0.15306299851910712,Other,Other,Other
BMS-754807,Trametinib (GSK1120212),0.3981579071088958,0.05230075282600209,Other,MAPK inhibitor,Other
BMS-754807,Triciribine,0.22038970255862925,0.49860818121917266,Other,Other,Other
BMS-754807,Trifluridine,0.2763309848438189,0.6724250895242009,Other,Antimetabolite,Other
BMS-754807,Veliparib (ABT-888),0.25815135143998114,0.41622284103559315,Other,PARP inhibitor,Other
BMS-754807,"Vemurafenib (PLX4032, RG7204)",0.5116567966577897,-0.14011427942362445,Other,MAPK inhibitor,Other
BMS-754807,Vinorelbine Tartrate,0.5762234650664196,0.451198279933186,Other,Other,Other
BMS-754807,"Vorinostat (SAHA, MK0683)",0.2927438864109223,0.7196082269506591,Other,Other,Other
BMS-754807,abemaciclib (LY2835219),0.3370007080174387,0.559932546911009,Other,Other,Other
"Binimetinib (MEK162, ARRY-162, ARRY-438162)",Crizotinib (PF-02341066),0.17171829376169498,0.3118691731981097,MAPK inhibitor,Other,Other
"Binimetinib (MEK162, ARRY-162, ARRY-438162)","Fluorouracil (5-Fluoracil, 5-FU)",-0.23991100656751588,0.09669543856566512,MAPK inhibitor,Antimetabolite,Other
"Binimetinib (MEK162, ARRY-162, ARRY-438162)",Gefitinib (ZD1839),0.5912195571706677,0.4680032773903294,MAPK inhibitor,Other,Other
"Binimetinib (MEK162, ARRY-162, ARRY-438162)",Gemcitabine,-0.12096940035791336,0.18604600809164523,MAPK inhibitor,Antimetabolite,Other
"Binimetinib (MEK162, ARRY-162, ARRY-438162)",LGK-974,-0.06320498145682225,0.01477474695854624,MAPK inhibitor,Other,Other
"Binimetinib (MEK162, ARRY-162, ARRY-438162)",Linsitinib (OSI-906),0.15661724343751082,0.45615523712786693,MAPK inhibitor,Other,Other
"Binimetinib (MEK162, ARRY-162, ARRY-438162)",MK-2206 2HCl,0.4151678116894952,0.5693423770580645,MAPK inhibitor,Other,Other
"Binimetinib (MEK162, ARRY-162, ARRY-438162)",Miglitol,0.01833686207341273,0.021728160180361823,MAPK inhibitor,Other,Other
"Binimetinib (MEK162, ARRY-162, ARRY-438162)",Navitoclax (ABT-263),0.3879149610639886,0.39442628251760004,MAPK inhibitor,Other,Other
"Binimetinib (MEK162, ARRY-162, ARRY-438162)",Nutlin-3,0.1002723149370754,0.01444029331780398,MAPK inhibitor,MDM2 inhibitor,Other
"Binimetinib (MEK162, ARRY-162, ARRY-438162)","Olaparib (AZD2281, Ku-0059436)",-0.1428526409550851,-0.09197016224560803,MAPK inhibitor,PARP inhibitor,Other
"Binimetinib (MEK162, ARRY-162, ARRY-438162)",Oxaliplatin,0.17609623277475203,0.46487546355358395,MAPK inhibitor,Other,Other
"Binimetinib (MEK162, ARRY-162, ARRY-438162)",PI-103,0.6350695843696013,0.4772448322552881,MAPK inhibitor,Other,Other
"Binimetinib (MEK162, ARRY-162, ARRY-438162)",Paclitaxel,0.3831345833974765,0.3926849114826968,MAPK inhibitor,Other,Other
"Binimetinib (MEK162, ARRY-162, ARRY-438162)",Palbociclib (PD-0332991) HCl,0.1435683872798328,-0.10053125687175582,MAPK inhibitor,Other,Other
"Binimetinib (MEK162, ARRY-162, ARRY-438162)",Phenformin HCl,-0.040456668246052624,0.12195596244563889,MAPK inhibitor,Other,Other
"Binimetinib (MEK162, ARRY-162, ARRY-438162)",Rabusertib (LY2603618),0.18666726914707138,0.22104863955326212,MAPK inhibitor,Other,Other
"Binimetinib (MEK162, ARRY-162, ARRY-438162)",Regorafenib (BAY 73-4506),0.9018490745467422,0.3824341944395378,MAPK inhibitor,Other,Other
"Binimetinib (MEK162, ARRY-162, ARRY-438162)",Ruxolitinib (INCB018424),0.21763226962866694,-0.12327907412124772,MAPK inhibitor,Other,Other
"Binimetinib (MEK162, ARRY-162, ARRY-438162)",SB216763,0.6000103610813091,0.26802440244884806,MAPK inhibitor,Other,Other
"Binimetinib (MEK162, ARRY-162, ARRY-438162)",SB505124,0.16805959337019405,0.13800251196164834,MAPK inhibitor,Other,Other
"Binimetinib (MEK162, ARRY-162, ARRY-438162)",SN-38,-0.2413905133760856,0.2548562291580825,MAPK inhibitor,Topo I inhibitor,Other
"Binimetinib (MEK162, ARRY-162, ARRY-438162)",Sapitinib (AZD8931),0.5932146966935412,-0.06208311538753246,MAPK inhibitor,Other,Other
"Binimetinib (MEK162, ARRY-162, ARRY-438162)",Tanespimycin (17-AAG),0.23251884220697425,0.795709366246317,MAPK inhibitor,Other,Other
"Binimetinib (MEK162, ARRY-162, ARRY-438162)",Taselisib (GDC 0032),0.6159650196732755,0.8329071529084627,MAPK inhibitor,Other,Other
"Binimetinib (MEK162, ARRY-162, ARRY-438162)",Temozolomide,0.20383541576010678,-0.08189663609309161,MAPK inhibitor,Other,Other
"Binimetinib (MEK162, ARRY-162, ARRY-438162)",Triciribine,-0.08417409543271186,-0.23186636532693491,MAPK inhibitor,Other,Other
"Binimetinib (MEK162, ARRY-162, ARRY-438162)",Trifluridine,-0.08936389425689424,0.09012834315194836,MAPK inhibitor,Antimetabolite,Other
"Binimetinib (MEK162, ARRY-162, ARRY-438162)",Veliparib (ABT-888),-0.08525759862702124,-0.049671581746069615,MAPK inhibitor,PARP inhibitor,Other
"Binimetinib (MEK162, ARRY-162, ARRY-438162)",Vinorelbine Tartrate,0.20354131821424426,0.3867898304614767,MAPK inhibitor,Other,Other
"Binimetinib (MEK162, ARRY-162, ARRY-438162)","Vorinostat (SAHA, MK0683)",0.35140341684720655,0.29466415233482984,MAPK inhibitor,Other,Other
"Binimetinib (MEK162, ARRY-162, ARRY-438162)",abemaciclib (LY2835219),0.20034237594051013,-0.0949318808558143,MAPK inhibitor,Other,Other
"Cobimetinib (GDC-0973, RG7420)",Crizotinib (PF-02341066),0.4969134560929444,0.46122313094043443,MAPK inhibitor,Other,Other
"Cobimetinib (GDC-0973, RG7420)","Fluorouracil (5-Fluoracil, 5-FU)",0.3142825577008813,0.2664098618794541,MAPK inhibitor,Antimetabolite,Other
"Cobimetinib (GDC-0973, RG7420)",Gefitinib (ZD1839),0.64818274902729,0.5008800686351667,MAPK inhibitor,Other,Other
"Cobimetinib (GDC-0973, RG7420)",Gemcitabine,0.35924772206641625,0.2100058679778262,MAPK inhibitor,Antimetabolite,Other
"Cobimetinib (GDC-0973, RG7420)",LGK-974,0.3030079321560244,0.2028889036500755,MAPK inhibitor,Other,Other
"Cobimetinib (GDC-0973, RG7420)",Linsitinib (OSI-906),0.057084135477367404,0.6008683668309158,MAPK inhibitor,Other,Other
"Cobimetinib (GDC-0973, RG7420)",MK-2206 2HCl,0.5218038534445466,0.728729681209025,MAPK inhibitor,Other,Other
"Cobimetinib (GDC-0973, RG7420)",Miglitol,-0.20892927203670048,-0.30496123496379673,MAPK inhibitor,Other,Other
"Cobimetinib (GDC-0973, RG7420)",Navitoclax (ABT-263),0.17629388979538005,0.4637995863738669,MAPK inhibitor,Other,Other
"Cobimetinib (GDC-0973, RG7420)",Nutlin-3,0.412491391571305,-0.0678908471455006,MAPK inhibitor,MDM2 inhibitor,Other
"Cobimetinib (GDC-0973, RG7420)","Olaparib (AZD2281, Ku-0059436)",0.15460064183300953,-0.30897758798341785,MAPK inhibitor,PARP inhibitor,Other
"Cobimetinib (GDC-0973, RG7420)",Oxaliplatin,0.6159823132037522,0.5455044945586834,MAPK inhibitor,Other,Other
"Cobimetinib (GDC-0973, RG7420)",PI-103,0.39270493993325084,0.5442814525980556,MAPK inhibitor,Other,Other
"Cobimetinib (GDC-0973, RG7420)",Paclitaxel,0.5317821634297776,0.5721951803724935,MAPK inhibitor,Other,Other
"Cobimetinib (GDC-0973, RG7420)",Palbociclib (PD-0332991) HCl,0.3955328683984533,-0.02596050303465666,MAPK inhibitor,Other,Other
"Cobimetinib (GDC-0973, RG7420)",Phenformin HCl,-0.01590254201631886,0.14210422338421305,MAPK inhibitor,Other,Other
"Cobimetinib (GDC-0973, RG7420)",Rabusertib (LY2603618),0.5836949816125044,0.13714143226634046,MAPK inhibitor,Other,Other
"Cobimetinib (GDC-0973, RG7420)",Regorafenib (BAY 73-4506),0.5845374381905947,0.4789116447308366,MAPK inhibitor,Other,Other
"Cobimetinib (GDC-0973, RG7420)",Ruxolitinib (INCB018424),0.351405997763265,-0.42664257939712197,MAPK inhibitor,Other,Other
"Cobimetinib (GDC-0973, RG7420)",SB216763,0.3706402102099655,0.008316567463017366,MAPK inhibitor,Other,Other
"Cobimetinib (GDC-0973, RG7420)",SB505124,0.6357664130878452,0.12156208328654028,MAPK inhibitor,Other,Other
"Cobimetinib (GDC-0973, RG7420)",SN-38,0.24690846598910127,0.30497016692025336,MAPK inhibitor,Topo I inhibitor,Other
"Cobimetinib (GDC-0973, RG7420)",Sapitinib (AZD8931),0.13922683892871357,0.08550858410548248,MAPK inhibitor,Other,Other
"Cobimetinib (GDC-0973, RG7420)",Tanespimycin (17-AAG),0.4976128956243846,0.7619405012516379,MAPK inhibitor,Other,Other
"Cobimetinib (GDC-0973, RG7420)",Taselisib (GDC 0032),0.3237317133251346,0.8273724218662122,MAPK inhibitor,Other,Other
"Cobimetinib (GDC-0973, RG7420)",Temozolomide,0.20637423125651136,-0.34344025218363733,MAPK inhibitor,Other,Other
"Cobimetinib (GDC-0973, RG7420)",Triciribine,0.0734150972881562,-0.1687250766124873,MAPK inhibitor,Other,Other
"Cobimetinib (GDC-0973, RG7420)",Trifluridine,0.15362593329323881,-0.04782580501419046,MAPK inhibitor,Antimetabolite,Other
"Cobimetinib (GDC-0973, RG7420)",Veliparib (ABT-888),0.0586533713560933,-0.1424218829850356,MAPK inhibitor,PARP inhibitor,Other
"Cobimetinib (GDC-0973, RG7420)",Vinorelbine Tartrate,0.42358256067297295,0.35495455192031317,MAPK inhibitor,Other,Other
"Cobimetinib (GDC-0973, RG7420)","Vorinostat (SAHA, MK0683)",0.5851438010130253,0.23009577137249415,MAPK inhibitor,Other,Other
"Cobimetinib (GDC-0973, RG7420)",abemaciclib (LY2835219),0.3776500553900765,-0.0007186927417581339,MAPK inhibitor,Other,Other
Crizotinib (PF-02341066),Dabrafenib (GSK2118436),0.10964179017821508,0.21930309285762586,Other,MAPK inhibitor,Other
Crizotinib (PF-02341066),Doramapimod (BIRB 796),-0.044829627121659096,-0.10311815964406999,Other,MAPK inhibitor,Other
Crizotinib (PF-02341066),Encorafenib (LGX818),0.28753538125805966,0.3653738743852131,Other,MAPK inhibitor,Other
Crizotinib (PF-02341066),"Fluorouracil (5-Fluoracil, 5-FU)",0.29226503971618456,0.3637617396506673,Other,Antimetabolite,Other
Crizotinib (PF-02341066),Gefitinib (ZD1839),0.473985320577584,0.6162470497740928,Other,Other,Other
Crizotinib (PF-02341066),Gemcitabine,0.2904211142894552,0.5897774208922816,Other,Antimetabolite,Other
Crizotinib (PF-02341066),LGK-974,0.21386337349218856,0.1680343254050759,Other,Other,Other
Crizotinib (PF-02341066),Linsitinib (OSI-906),-0.188205753263198,0.2630188862876294,Other,Other,Other
Crizotinib (PF-02341066),MK-2206 2HCl,0.49689213374959534,0.4806279999450054,Other,Other,Other
Crizotinib (PF-02341066),Miglitol,-0.058598382196427615,-0.3128168769416416,Other,Other,Other
Crizotinib (PF-02341066),Navitoclax (ABT-263),-0.28532151623536645,0.05706986498282315,Other,Other,Other
Crizotinib (PF-02341066),Nutlin-3,0.5881159594071976,0.30134668361784595,Other,MDM2 inhibitor,Other
Crizotinib (PF-02341066),"Olaparib (AZD2281, Ku-0059436)",0.26713123978174985,0.03877110327769505,Other,PARP inhibitor,Other
Crizotinib (PF-02341066),Oxaliplatin,0.501078760996973,0.24529220652449102,Other,Other,Other
Crizotinib (PF-02341066),PD0325901,0.3625833521423391,0.6096950663440712,Other,MAPK inhibitor,Other
Crizotinib (PF-02341066),PI-103,0.15710551947008375,0.15726094211127345,Other,Other,Other
Crizotinib (PF-02341066),Paclitaxel,0.42809356657129205,0.2683488047578902,Other,Other,Other
Crizotinib (PF-02341066),Palbociclib (PD-0332991) HCl,0.3720108070015552,0.4325839466524148,Other,Other,Other
Crizotinib (PF-02341066),Phenformin HCl,0.0738107920694062,0.08415564518741132,Other,Other,Other
Crizotinib (PF-02341066),Rabusertib (LY2603618),0.632703629202714,0.297883859050331,Other,Other,Other
Crizotinib (PF-02341066),Regorafenib (BAY 73-4506),0.16517668980749006,0.5037701731148719,Other,Other,Other
Crizotinib (PF-02341066),Ruxolitinib (INCB018424),0.12343726824138561,-0.3137076032219223,Other,Other,Other
Crizotinib (PF-02341066),SB216763,0.4804264601653791,-0.10862626114885841,Other,Other,Other
Crizotinib (PF-02341066),SB505124,0.5069094494797783,0.28002228796232614,Other,Other,Other
Crizotinib (PF-02341066),SN-38,0.34123988716315684,0.5278798657737962,Other,Topo I inhibitor,Other
Crizotinib (PF-02341066),Sapitinib (AZD8931),0.23281466843287377,0.05747421240661042,Other,Other,Other
Crizotinib (PF-02341066),Sorafenib,0.529337827007042,0.4634849025240149,Other,MAPK inhibitor,Other
Crizotinib (PF-02341066),Tanespimycin (17-AAG),0.5673070821931755,0.4300081466986462,Other,Other,Other
Crizotinib (PF-02341066),Taselisib (GDC 0032),0.2961054402854994,0.31940219020505295,Other,Other,Other
Crizotinib (PF-02341066),Temozolomide,0.19612712266973503,-0.32105886944018874,Other,Other,Other
Crizotinib (PF-02341066),Trametinib (GSK1120212),0.4514772391767648,0.2275091797970494,Other,MAPK inhibitor,Other
Crizotinib (PF-02341066),Triciribine,0.2519811474692238,0.2740460210986716,Other,Other,Other
Crizotinib (PF-02341066),Trifluridine,0.21943959841855037,0.3668615864842269,Other,Antimetabolite,Other
Crizotinib (PF-02341066),Veliparib (ABT-888),0.09027650885111436,0.2649740688249004,Other,PARP inhibitor,Other
Crizotinib (PF-02341066),"Vemurafenib (PLX4032, RG7204)",0.5788809286473124,-0.20596945239454514,Other,MAPK inhibitor,Other
Crizotinib (PF-02341066),Vinorelbine Tartrate,0.3330267271183502,0.26119997309176873,Other,Other,Other
Crizotinib (PF-02341066),"Vorinostat (SAHA, MK0683)",0.375285005964994,0.39940182999386536,Other,Other,Other
Crizotinib (PF-02341066),abemaciclib (LY2835219),0.34130302666820644,0.4279890879110848,Other,Other,Other
Dabrafenib (GSK2118436),"Fluorouracil (5-Fluoracil, 5-FU)",-0.3971760487198364,0.14872180212384045,MAPK inhibitor,Antimetabolite,Other
Dabrafenib (GSK2118436),Gefitinib (ZD1839),0.6429991454123669,0.698237393654172,MAPK inhibitor,Other,Other
Dabrafenib (GSK2118436),Gemcitabine,-0.2958229299881226,0.2731239537336559,MAPK inhibitor,Antimetabolite,Other
Dabrafenib (GSK2118436),LGK-974,-0.17299329122890317,-0.33239205969023833,MAPK inhibitor,Other,Other
Dabrafenib (GSK2118436),Linsitinib (OSI-906),0.19013766951206926,0.6625778359278998,MAPK inhibitor,Other,Other
Dabrafenib (GSK2118436),MK-2206 2HCl,0.43426471172480346,0.17318467941616217,MAPK inhibitor,Other,Other
Dabrafenib (GSK2118436),Miglitol,-0.0191819744120364,0.03653034083820965,MAPK inhibitor,Other,Other
Dabrafenib (GSK2118436),Navitoclax (ABT-263),0.37986701066779616,0.6702229030880967,MAPK inhibitor,Other,Other
Dabrafenib (GSK2118436),Nutlin-3,-0.04138241873545096,0.03806286649694181,MAPK inhibitor,MDM2 inhibitor,Other
Dabrafenib (GSK2118436),"Olaparib (AZD2281, Ku-0059436)",-0.3344770522793439,0.020250063260728323,MAPK inhibitor,PARP inhibitor,Other
Dabrafenib (GSK2118436),Oxaliplatin,0.021763669094312807,0.22490358646439249,MAPK inhibitor,Other,Other
Dabrafenib (GSK2118436),PI-103,0.6453127464920044,0.7751571018610178,MAPK inhibitor,Other,Other
Dabrafenib (GSK2118436),Paclitaxel,0.271776631471809,0.03717803819743594,MAPK inhibitor,Other,Other
Dabrafenib (GSK2118436),Palbociclib (PD-0332991) HCl,-0.04164581433540783,0.20265211410032333,MAPK inhibitor,Other,Other
Dabrafenib (GSK2118436),Phenformin HCl,-0.13824593410908148,0.25262777334647596,MAPK inhibitor,Other,Other
Dabrafenib (GSK2118436),Rabusertib (LY2603618),0.17241730970709107,0.29934604643151336,MAPK inhibitor,Other,Other
Dabrafenib (GSK2118436),Regorafenib (BAY 73-4506),0.9122265429342753,0.6823974573214202,MAPK inhibitor,Other,Other
Dabrafenib (GSK2118436),Ruxolitinib (INCB018424),0.19242336539238375,0.06514592458539228,MAPK inhibitor,Other,Other
Dabrafenib (GSK2118436),SB216763,0.5935104621466217,0.43005104492227736,MAPK inhibitor,Other,Other
Dabrafenib (GSK2118436),SB505124,0.09869252341252978,0.5491350656929012,MAPK inhibitor,Other,Other
Dabrafenib (GSK2118436),SN-38,-0.3361718655337519,0.18355021964253665,MAPK inhibitor,Topo I inhibitor,Other
Dabrafenib (GSK2118436),Sapitinib (AZD8931),0.6715224698677185,-0.1675681320707332,MAPK inhibitor,Other,Other
Dabrafenib (GSK2118436),Tanespimycin (17-AAG),0.19138867049623617,0.5620671448523127,MAPK inhibitor,Other,Other
Dabrafenib (GSK2118436),Taselisib (GDC 0032),0.6406719927128033,0.6114185137083888,MAPK inhibitor,Other,Other
Dabrafenib (GSK2118436),Temozolomide,0.21117605526608133,0.04827497753261442,MAPK inhibitor,Other,Other
Dabrafenib (GSK2118436),Triciribine,-0.28455657866860734,-0.05374103606544445,MAPK inhibitor,Other,Other
Dabrafenib (GSK2118436),Trifluridine,-0.29578498806398795,0.04701655164253298,MAPK inhibitor,Antimetabolite,Other
Dabrafenib (GSK2118436),Veliparib (ABT-888),-0.2863694440143279,0.3948182959153212,MAPK inhibitor,PARP inhibitor,Other
Dabrafenib (GSK2118436),Vinorelbine Tartrate,0.09454184092359874,0.08202928947799976,MAPK inhibitor,Other,Other
Dabrafenib (GSK2118436),"Vorinostat (SAHA, MK0683)",0.2625836194690208,0.09547531008902634,MAPK inhibitor,Other,Other
Dabrafenib (GSK2118436),abemaciclib (LY2835219),0.021097293870877984,0.2897978068487218,MAPK inhibitor,Other,Other
Doramapimod (BIRB 796),"Fluorouracil (5-Fluoracil, 5-FU)",0.15476792245895354,-0.05200028162138568,MAPK inhibitor,Antimetabolite,Other
Doramapimod (BIRB 796),Gefitinib (ZD1839),0.2706575050798267,0.29051724070638946,MAPK inhibitor,Other,Other
Doramapimod (BIRB 796),Gemcitabine,0.10563351144947321,0.10097949066864,MAPK inhibitor,Antimetabolite,Other
Doramapimod (BIRB 796),LGK-974,0.12552462033423162,-0.5203584999457038,MAPK inhibitor,Other,Other
Doramapimod (BIRB 796),Linsitinib (OSI-906),0.33075640276062096,0.1270216526194579,MAPK inhibitor,Other,Other
Doramapimod (BIRB 796),MK-2206 2HCl,0.1326975631236062,-0.08236867985819091,MAPK inhibitor,Other,Other
Doramapimod (BIRB 796),Miglitol,-0.2533572760041295,0.7806962445884698,MAPK inhibitor,Other,Other
Doramapimod (BIRB 796),Navitoclax (ABT-263),0.5443900038512607,0.23574105617611732,MAPK inhibitor,Other,Other
Doramapimod (BIRB 796),Nutlin-3,-0.05672286060633906,0.26476116409674466,MAPK inhibitor,MDM2 inhibitor,Other
Doramapimod (BIRB 796),"Olaparib (AZD2281, Ku-0059436)",0.13576973101962544,0.5578325045840782,MAPK inhibitor,PARP inhibitor,Other
Doramapimod (BIRB 796),Oxaliplatin,-0.1359927491401505,0.046333406952864926,MAPK inhibitor,Other,Other
Doramapimod (BIRB 796),PI-103,-0.1770083386571556,0.28575333682433196,MAPK inhibitor,Other,Other
Doramapimod (BIRB 796),Paclitaxel,-0.17295112752353878,-0.16887880995440832,MAPK inhibitor,Other,Other
Doramapimod (BIRB 796),Palbociclib (PD-0332991) HCl,0.3444126759892972,-0.001629862224592905,MAPK inhibitor,Other,Other
Doramapimod (BIRB 796),Phenformin HCl,0.022568059048490782,0.3212105959824037,MAPK inhibitor,Other,Other
Doramapimod (BIRB 796),Rabusertib (LY2603618),0.2793473053930558,0.5010120146815851,MAPK inhibitor,Other,Other
Doramapimod (BIRB 796),Regorafenib (BAY 73-4506),0.4274845577368739,0.1191874188586654,MAPK inhibitor,Other,Other
Doramapimod (BIRB 796),Ruxolitinib (INCB018424),0.5484396555939323,0.49055827569910443,MAPK inhibitor,Other,Other
Doramapimod (BIRB 796),SB216763,-0.043199282573670034,0.765460727326208,MAPK inhibitor,Other,Other
Doramapimod (BIRB 796),SB505124,-0.01726786858605593,0.45975306078984685,MAPK inhibitor,Other,Other
Doramapimod (BIRB 796),SN-38,-0.2404241449220952,-0.02353086098189263,MAPK inhibitor,Topo I inhibitor,Other
Doramapimod (BIRB 796),Sapitinib (AZD8931),-0.31514423575848544,-0.1684261212469219,MAPK inhibitor,Other,Other
Doramapimod (BIRB 796),Tanespimycin (17-AAG),-0.23772378218883727,0.3473917842059518,MAPK inhibitor,Other,Other
Doramapimod (BIRB 796),Taselisib (GDC 0032),-0.2973477275117428,0.17129212911378372,MAPK inhibitor,Other,Other
Doramapimod (BIRB 796),Temozolomide,-0.29953631145341486,0.6280235558748991,MAPK inhibitor,Other,Other
Doramapimod (BIRB 796),Triciribine,0.07829049032689579,-0.03260828318027777,MAPK inhibitor,Other,Other
Doramapimod (BIRB 796),Trifluridine,0.2544208289182247,0.2998766821931576,MAPK inhibitor,Antimetabolite,Other
Doramapimod (BIRB 796),Veliparib (ABT-888),0.13633306210795104,0.34660283342340087,MAPK inhibitor,PARP inhibitor,Other
Doramapimod (BIRB 796),Vinorelbine Tartrate,-0.12271196135159743,0.07505096738333666,MAPK inhibitor,Other,Other
Doramapimod (BIRB 796),"Vorinostat (SAHA, MK0683)",0.5292093268732296,0.07015173212557621,MAPK inhibitor,Other,Other
Doramapimod (BIRB 796),abemaciclib (LY2835219),0.3575777198920149,-0.04643712624102632,MAPK inhibitor,Other,Other
Encorafenib (LGX818),"Fluorouracil (5-Fluoracil, 5-FU)",-0.2155791953159884,0.10523703331924635,MAPK inhibitor,Antimetabolite,Other
Encorafenib (LGX818),Gefitinib (ZD1839),0.5249104572116149,0.55743705109958,MAPK inhibitor,Other,Other
Encorafenib (LGX818),Gemcitabine,-0.17461042272677685,0.1183186385866941,MAPK inhibitor,Antimetabolite,Other
Encorafenib (LGX818),LGK-974,-0.0655054936661928,0.08253149198439892,MAPK inhibitor,Other,Other
Encorafenib (LGX818),Linsitinib (OSI-906),-0.047391855699471415,0.6251571743950074,MAPK inhibitor,Other,Other
Encorafenib (LGX818),MK-2206 2HCl,0.4050843525178019,0.6680810399128317,MAPK inhibitor,Other,Other
Encorafenib (LGX818),Miglitol,0.000560316792102093,-0.16950280126154457,MAPK inhibitor,Other,Other
Encorafenib (LGX818),Navitoclax (ABT-263),0.0676288569946781,0.5628933519597706,MAPK inhibitor,Other,Other
Encorafenib (LGX818),Nutlin-3,0.16716331363951567,-0.15016681395081508,MAPK inhibitor,MDM2 inhibitor,Other
Encorafenib (LGX818),"Olaparib (AZD2281, Ku-0059436)",-0.17725609325902272,-0.30894112932708706,MAPK inhibitor,PARP inhibitor,Other
Encorafenib (LGX818),Oxaliplatin,0.3173248432700456,0.4023388808039334,MAPK inhibitor,Other,Other
Encorafenib (LGX818),PI-103,0.8268509837134179,0.6356460104790661,MAPK inhibitor,Other,Other
Encorafenib (LGX818),Paclitaxel,0.6761854127516443,0.43239035791936076,MAPK inhibitor,Other,Other
Encorafenib (LGX818),Palbociclib (PD-0332991) HCl,-0.049036654861186656,-0.09274230080379078,MAPK inhibitor,Other,Other
Encorafenib (LGX818),Phenformin HCl,-0.19340544737144166,0.0937887835360479,MAPK inhibitor,Other,Other
Encorafenib (LGX818),Rabusertib (LY2603618),0.17924283876510022,0.14285302209856718,MAPK inhibitor,Other,Other
Encorafenib (LGX818),Regorafenib (BAY 73-4506),0.6864618357542349,0.5008442514981808,MAPK inhibitor,Other,Other
Encorafenib (LGX818),Ruxolitinib (INCB018424),0.006564209992315889,-0.27095890608061046,MAPK inhibitor,Other,Other
Encorafenib (LGX818),SB216763,0.609654992676718,0.14343780720300803,MAPK inhibitor,Other,Other
Encorafenib (LGX818),SB505124,0.3587955274731648,0.14585686122247843,MAPK inhibitor,Other,Other
Encorafenib (LGX818),SN-38,-0.05882515077991036,0.17045904454271257,MAPK inhibitor,Topo I inhibitor,Other
Encorafenib (LGX818),Sapitinib (AZD8931),0.7598956480367526,0.012770130471192579,MAPK inhibitor,Other,Other
Encorafenib (LGX818),Tanespimycin (17-AAG),0.5518951479194785,0.8070679265007498,MAPK inhibitor,Other,Other
Encorafenib (LGX818),Taselisib (GDC 0032),0.9217133004076778,0.927572406128977,MAPK inhibitor,Other,Other
Encorafenib (LGX818),Temozolomide,0.30948516585817143,-0.2283387809995196,MAPK inhibitor,Other,Other
Encorafenib (LGX818),Triciribine,-0.22752062183261104,-0.2906855069506562,MAPK inhibitor,Other,Other
Encorafenib (LGX818),Trifluridine,-0.22281080707361337,-0.10493692030890768,MAPK inhibitor,Antimetabolite,Other
Encorafenib (LGX818),Veliparib (ABT-888),-0.21572531762131736,-0.09993380630914336,MAPK inhibitor,PARP inhibitor,Other
Encorafenib (LGX818),Vinorelbine Tartrate,0.5248339938325361,0.251357919509062,MAPK inhibitor,Other,Other
Encorafenib (LGX818),"Vorinostat (SAHA, MK0683)",0.09165052597058268,0.15479003486991375,MAPK inhibitor,Other,Other
Encorafenib (LGX818),abemaciclib (LY2835219),-0.03258654504438547,-0.03743196329667122,MAPK inhibitor,Other,Other
"Fluorouracil (5-Fluoracil, 5-FU)",Gefitinib (ZD1839),-0.09366667547692016,0.13471759076183715,Antimetabolite,Other,Other
"Fluorouracil (5-Fluoracil, 5-FU)",LGK-974,0.41515843973523464,-0.20098634440680607,Antimetabolite,Other,Other
"Fluorouracil (5-Fluoracil, 5-FU)",Linsitinib (OSI-906),0.010232278043607369,0.29771488216481606,Antimetabolite,Other,Other
"Fluorouracil (5-Fluoracil, 5-FU)",MK-2206 2HCl,-0.0990590746223815,0.17473693909890037,Antimetabolite,Other,Other
"Fluorouracil (5-Fluoracil, 5-FU)",Miglitol,-0.14789706656264345,-0.15290070368473496,Antimetabolite,Other,Other
"Fluorouracil (5-Fluoracil, 5-FU)",Navitoclax (ABT-263),-0.02602528927576603,0.11870247583517432,Antimetabolite,Other,Other
"Fluorouracil (5-Fluoracil, 5-FU)",Oxaliplatin,0.571328166937173,0.5754846796221301,Antimetabolite,Other,Other
"Fluorouracil (5-Fluoracil, 5-FU)",PD0325901,0.11818574897113361,0.3205303837449147,Antimetabolite,MAPK inhibitor,Other
"Fluorouracil (5-Fluoracil, 5-FU)",PI-103,-0.2047637601830501,0.13684559066927568,Antimetabolite,Other,Other
"Fluorouracil (5-Fluoracil, 5-FU)",Paclitaxel,0.24092697204302677,0.426820344890369,Antimetabolite,Other,Other
"Fluorouracil (5-Fluoracil, 5-FU)",Palbociclib (PD-0332991) HCl,0.6100796197014655,0.49627708223927336,Antimetabolite,Other,Other
"Fluorouracil (5-Fluoracil, 5-FU)",Phenformin HCl,0.018553893279172336,0.16137622654596426,Antimetabolite,Other,Other
"Fluorouracil (5-Fluoracil, 5-FU)",Rabusertib (LY2603618),0.19279685298676363,0.2713640228883503,Antimetabolite,Other,Other
"Fluorouracil (5-Fluoracil, 5-FU)",Regorafenib (BAY 73-4506),-0.22923864644501937,0.23720422610931147,Antimetabolite,Other,Other
"Fluorouracil (5-Fluoracil, 5-FU)",Ruxolitinib (INCB018424),0.14985051022093446,-0.20859858595387165,Antimetabolite,Other,Other
"Fluorouracil (5-Fluoracil, 5-FU)",SB216763,-0.17001566480106794,0.10598107750045002,Antimetabolite,Other,Other
"Fluorouracil (5-Fluoracil, 5-FU)",SB505124,0.3786552642300587,0.381978422188876,Antimetabolite,Other,Other
"Fluorouracil (5-Fluoracil, 5-FU)",Sapitinib (AZD8931),-0.42056680946283886,-0.04418801939865958,Antimetabolite,Other,Other
"Fluorouracil (5-Fluoracil, 5-FU)",Sorafenib,0.13727855836665126,0.014401872334586795,Antimetabolite,MAPK inhibitor,Other
"Fluorouracil (5-Fluoracil, 5-FU)",Tanespimycin (17-AAG),0.20000769391709114,0.2792842014315505,Antimetabolite,Other,Other
"Fluorouracil (5-Fluoracil, 5-FU)",Taselisib (GDC 0032),-0.2669253302641828,0.0674596461935129,Antimetabolite,Other,Other
"Fluorouracil (5-Fluoracil, 5-FU)",Temozolomide,-0.038058857608729485,-0.2088632234298113,Antimetabolite,Other,Other
"Fluorouracil (5-Fluoracil, 5-FU)",Trametinib (GSK1120212),0.33129594373450705,0.1267916868455434,Antimetabolite,MAPK inhibitor,Other
"Fluorouracil (5-Fluoracil, 5-FU)",Triciribine,0.4097748064924104,0.5618591798294285,Antimetabolite,Other,Other
"Fluorouracil (5-Fluoracil, 5-FU)","Vemurafenib (PLX4032, RG7204)",0.1650380587657174,0.09936176886611087,Antimetabolite,MAPK inhibitor,Other
"Fluorouracil (5-Fluoracil, 5-FU)",Vinorelbine Tartrate,0.33041172604167096,0.5265634613050634,Antimetabolite,Other,Other
"Fluorouracil (5-Fluoracil, 5-FU)","Vorinostat (SAHA, MK0683)",0.32357724101921254,0.48765731377414034,Antimetabolite,Other,Other
"Fluorouracil (5-Fluoracil, 5-FU)",abemaciclib (LY2835219),0.5382716448683149,0.47098304746001,Antimetabolite,Other,Other
Gefitinib (ZD1839),Gemcitabine,-0.10050462548034347,0.3518816556700636,Other,Antimetabolite,Other
Gefitinib (ZD1839),LGK-974,0.043713829881793766,-0.08347807724006233,Other,Other,Other
Gefitinib (ZD1839),Linsitinib (OSI-906),0.12218610132851616,0.5270357718498296,Other,Other,Other
Gefitinib (ZD1839),MK-2206 2HCl,0.8070047558720435,0.40094099447191417,Other,Other,Other
Gefitinib (ZD1839),Miglitol,-0.10461221662764149,-0.0024735203762693545,Other,Other,Other
Gefitinib (ZD1839),Navitoclax (ABT-263),0.13072535962860682,0.5290256173715963,Other,Other,Other
Gefitinib (ZD1839),Nutlin-3,0.09497616647386906,0.08247522601366146,Other,MDM2 inhibitor,Other
Gefitinib (ZD1839),"Olaparib (AZD2281, Ku-0059436)",-0.2574588814762794,0.002322268187021762,Other,PARP inhibitor,Other
Gefitinib (ZD1839),Oxaliplatin,0.2483723894247778,0.23687984978404292,Other,Other,Other
Gefitinib (ZD1839),PD0325901,0.6356723122240305,0.7335588251693799,Other,MAPK inhibitor,Other
Gefitinib (ZD1839),PI-103,0.5379411295736357,0.6296054397565004,Other,Other,Other
Gefitinib (ZD1839),Paclitaxel,0.34762516430521784,0.09300259750536279,Other,Other,Other
Gefitinib (ZD1839),Palbociclib (PD-0332991) HCl,0.03591874738515622,0.2580694796504795,Other,Other,Other
Gefitinib (ZD1839),Phenformin HCl,-0.10622611478233901,0.18233867356073521,Other,Other,Other
Gefitinib (ZD1839),Rabusertib (LY2603618),0.5725884321895766,0.33040935976720404,Other,Other,Other
Gefitinib (ZD1839),Regorafenib (BAY 73-4506),0.6962174345223402,0.7211464227574023,Other,Other,Other
Gefitinib (ZD1839),Ruxolitinib (INCB018424),0.22664418923003116,-0.052294819214757565,Other,Other,Other
Gefitinib (ZD1839),SB216763,0.5074262695617957,0.2844229035252806,Other,Other,Other
Gefitinib (ZD1839),SB505124,0.41449391849505807,0.4147646999574066,Other,Other,Other
Gefitinib (ZD1839),SN-38,-0.0986322933976962,0.27731526153164154,Other,Topo I inhibitor,Other
Gefitinib (ZD1839),Sapitinib (AZD8931),0.44548652672069705,-0.12161763301720707,Other,Other,Other
Gefitinib (ZD1839),Sorafenib,0.5897816317216705,0.6938999633876166,Other,MAPK inhibitor,Other
Gefitinib (ZD1839),Tanespimycin (17-AAG),0.3415044739551957,0.5466347274114898,Other,Other,Other
Gefitinib (ZD1839),Taselisib (GDC 0032),0.4647339937041473,0.5644186924595015,Other,Other,Other
Gefitinib (ZD1839),Temozolomide,0.14653768015389057,-0.060317917130672444,Other,Other,Other
Gefitinib (ZD1839),Trametinib (GSK1120212),0.6248463254500897,0.45562855078256576,Other,MAPK inhibitor,Other
Gefitinib (ZD1839),Triciribine,-0.1483172034965201,-0.017909707766973086,Other,Other,Other
Gefitinib (ZD1839),Trifluridine,-0.225700867492765,0.13767621039542186,Other,Antimetabolite,Other
Gefitinib (ZD1839),Veliparib (ABT-888),-0.29454961205346086,0.3738589220802362,Other,PARP inhibitor,Other
Gefitinib (ZD1839),"Vemurafenib (PLX4032, RG7204)",0.33249357270902835,-0.365494245992946,Other,MAPK inhibitor,Other
Gefitinib (ZD1839),Vinorelbine Tartrate,0.1800454184753632,0.11138352043407003,Other,Other,Other
Gefitinib (ZD1839),"Vorinostat (SAHA, MK0683)",0.4043615963646243,0.2668929558443221,Other,Other,Other
Gefitinib (ZD1839),abemaciclib (LY2835219),0.06155534077052991,0.2875940817495665,Other,Other,Other
Gemcitabine,LGK-974,0.3347669846618597,-0.13110908054960096,Antimetabolite,Other,Other
Gemcitabine,Linsitinib (OSI-906),-0.12374489780070375,0.21721101945007756,Antimetabolite,Other,Other
Gemcitabine,MK-2206 2HCl,-0.10346450456330344,0.09802598837804775,Antimetabolite,Other,Other
Gemcitabine,Miglitol,-0.044805369910202994,-0.11778078260336458,Antimetabolite,Other,Other
Gemcitabine,Navitoclax (ABT-263),-0.029554655721142346,-0.027119913509155175,Antimetabolite,Other,Other
Gemcitabine,Oxaliplatin,0.575055040549824,0.4442025425470595,Antimetabolite,Other,Other
Gemcitabine,PD0325901,0.18609324802233906,0.4176551649065487,Antimetabolite,MAPK inhibitor,Other
Gemcitabine,PI-103,-0.1895999302724998,0.04428895134449962,Antimetabolite,Other,Other
Gemcitabine,Paclitaxel,0.22893807349889714,0.17902254815735014,Antimetabolite,Other,Other
Gemcitabine,Palbociclib (PD-0332991) HCl,0.622444511519572,0.7783234753218111,Antimetabolite,Other,Other
Gemcitabine,Phenformin HCl,0.17858890393075075,0.3331035216493923,Antimetabolite,Other,Other
Gemcitabine,Rabusertib (LY2603618),0.18755076173067295,0.37019690959970586,Antimetabolite,Other,Other
Gemcitabine,Regorafenib (BAY 73-4506),-0.15085329998466193,0.46427132659258413,Antimetabolite,Other,Other
Gemcitabine,Ruxolitinib (INCB018424),0.10387689218674408,-0.1081582766891961,Antimetabolite,Other,Other
Gemcitabine,SB216763,-0.13564660633942305,0.12275972161864589,Antimetabolite,Other,Other
Gemcitabine,SB505124,0.3161431313011557,0.5882194798658563,Antimetabolite,Other,Other
Gemcitabine,Sapitinib (AZD8931),-0.29542341988060206,-0.04243256290929944,Antimetabolite,Other,Other
Gemcitabine,Sorafenib,0.1740113389588696,0.238146666046817,Antimetabolite,MAPK inhibitor,Other
Gemcitabine,Tanespimycin (17-AAG),0.2281349321380041,0.41673922932961205,Antimetabolite,Other,Other
Gemcitabine,Taselisib (GDC 0032),-0.21218807829720795,0.1267455552065222,Antimetabolite,Other,Other
Gemcitabine,Temozolomide,0.030867555654549916,-0.12111349426700849,Antimetabolite,Other,Other
Gemcitabine,Trametinib (GSK1120212),0.36977897964718176,0.22853999466865593,Antimetabolite,MAPK inhibitor,Other
Gemcitabine,Triciribine,0.5014566437765735,0.6609768258084291,Antimetabolite,Other,Other
Gemcitabine,"Vemurafenib (PLX4032, RG7204)",0.07544053491090148,-0.08313913563208716,Antimetabolite,MAPK inhibitor,Other
Gemcitabine,Vinorelbine Tartrate,0.24457312089282604,0.4650307379357213,Antimetabolite,Other,Other
Gemcitabine,"Vorinostat (SAHA, MK0683)",0.25523098392218785,0.5506046222236607,Antimetabolite,Other,Other
Gemcitabine,abemaciclib (LY2835219),0.5717405365662038,0.7223446777269825,Antimetabolite,Other,Other
LGK-974,Linsitinib (OSI-906),0.12465185835825107,-0.1227775574020117,Other,Other,Other
LGK-974,MK-2206 2HCl,0.03223718263012167,0.22643919789516595,Other,Other,Other
LGK-974,Miglitol,-0.11853879258747539,-0.5155404924248003,Other,Other,Other
LGK-974,Navitoclax (ABT-263),0.09493073801382439,-0.2535135109015576,Other,Other,Other
LGK-974,Nutlin-3,0.24746373108104167,-0.35732787110669467,Other,MDM2 inhibitor,Other
LGK-974,"Olaparib (AZD2281, Ku-0059436)",0.3134442883699259,-0.4475249081699175,Other,PARP inhibitor,Other
LGK-974,Oxaliplatin,0.28337490024182943,-0.04673103107057578,Other,Other,Other
LGK-974,PD0325901,0.19026744654856292,0.07113682705838954,Other,MAPK inhibitor,Other
LGK-974,PI-103,-0.09050165299185636,-0.22739881699322403,Other,Other,Other
LGK-974,Paclitaxel,0.160121062644441,0.06990692499210807,Other,Other,Other
LGK-974,Palbociclib (PD-0332991) HCl,0.39173430017585853,-0.12812255660994512,Other,Other,Other
LGK-974,Phenformin HCl,0.08212651580213692,-0.02005148322721278,Other,Other,Other
LGK-974,Rabusertib (LY2603618),0.267163180735994,-0.3523618704172201,Other,Other,Other
LGK-974,Regorafenib (BAY 73-4506),-0.038044206913373325,0.037427191576752665,Other,Other,Other
LGK-974,Ruxolitinib (INCB018424),0.23455554684826,-0.4661405747235357,Other,Other,Other
LGK-974,SB216763,0.038441176330893785,-0.6577075031212368,Other,Other,Other
LGK-974,SB505124,0.35538847438482,-0.3652755878291706,Other,Other,Other
LGK-974,SN-38,0.10961758826499515,-0.09776527254376276,Other,Topo I inhibitor,Other
LGK-974,Sapitinib (AZD8931),-0.3007373937166353,0.36658514243337653,Other,Other,Other
LGK-974,Sorafenib,0.22700105963817718,0.2594230099319736,Other,MAPK inhibitor,Other
LGK-974,Tanespimycin (17-AAG),0.057771090266748475,-0.10456873014680193,Other,Other,Other
LGK-974,Taselisib (GDC 0032),-0.14562853282279162,-0.015522554502572075,Other,Other,Other
LGK-974,Temozolomide,0.009648878509746037,-0.3812268045656141,Other,Other,Other
LGK-974,Trametinib (GSK1120212),0.31382501164271254,-0.20314017145281046,Other,MAPK inhibitor,Other
LGK-974,Triciribine,0.08897333925753374,-0.061354270446640095,Other,Other,Other
LGK-974,Trifluridine,0.23544945230323577,-0.3090991803020615,Other,Antimetabolite,Other
LGK-974,Veliparib (ABT-888),0.18914001151678683,-0.2953679370488351,Other,PARP inhibitor,Other
LGK-974,"Vemurafenib (PLX4032, RG7204)",0.2821817534974776,0.029477906776161238,Other,MAPK inhibitor,Other
LGK-974,Vinorelbine Tartrate,0.139267467147203,-0.17543269340147283,Other,Other,Other
LGK-974,"Vorinostat (SAHA, MK0683)",0.27674136769808727,-0.006226664932744637,Other,Other,Other
LGK-974,abemaciclib (LY2835219),0.3423318857341274,-0.07347172170659005,Other,Other,Other
Linsitinib (OSI-906),MK-2206 2HCl,-0.021995894778972142,0.3386368843735431,Other,Other,Other
Linsitinib (OSI-906),Miglitol,-0.10811038103261017,-0.15651415791300868,Other,Other,Other
Linsitinib (OSI-906),Navitoclax (ABT-263),0.43584395070355497,0.6306917879841153,Other,Other,Other
Linsitinib (OSI-906),Nutlin-3,-0.1341243986310774,0.004885179604535472,Other,MDM2 inhibitor,Other
Linsitinib (OSI-906),"Olaparib (AZD2281, Ku-0059436)",-0.15927350847831093,-0.18047951512327054,Other,PARP inhibitor,Other
Linsitinib (OSI-906),Oxaliplatin,-0.017938491838371602,0.3582580963482271,Other,Other,Other
Linsitinib (OSI-906),PD0325901,0.1174740759257016,0.7075741824382029,Other,MAPK inhibitor,Other
Linsitinib (OSI-906),PI-103,0.12141606650853001,0.7113234418545885,Other,Other,Other
Linsitinib (OSI-906),Paclitaxel,-0.15718805539301328,0.3543151303500848,Other,Other,Other
Linsitinib (OSI-906),Palbociclib (PD-0332991) HCl,0.03997790473798089,0.15649628123578874,Other,Other,Other
Linsitinib (OSI-906),Phenformin HCl,-0.12373779785679168,0.24667104719392988,Other,Other,Other
Linsitinib (OSI-906),Rabusertib (LY2603618),0.04906949645048152,0.3090278677338261,Other,Other,Other
Linsitinib (OSI-906),Regorafenib (BAY 73-4506),0.270159016229834,0.5635353992599307,Other,Other,Other
Linsitinib (OSI-906),Ruxolitinib (INCB018424),0.16592875360383116,-0.16999943594028438,Other,Other,Other
Linsitinib (OSI-906),SB216763,-0.09093729450128639,0.275535078515218,Other,Other,Other
Linsitinib (OSI-906),SB505124,-0.00010278002939043949,0.40977235553738656,Other,Other,Other
Linsitinib (OSI-906),SN-38,-0.14611944164075127,0.2687835978124471,Other,Topo I inhibitor,Other
Linsitinib (OSI-906),Sapitinib (AZD8931),-0.15583867768414275,-0.001750443572817838,Other,Other,Other
Linsitinib (OSI-906),Sorafenib,0.01214559113333106,0.519339508374207,Other,MAPK inhibitor,Other
Linsitinib (OSI-906),Tanespimycin (17-AAG),-0.22578911061119286,0.5924552606175072,Other,Other,Other
Linsitinib (OSI-906),Taselisib (GDC 0032),-0.08189241566961347,0.6569551987868066,Other,Other,Other
Linsitinib (OSI-906),Temozolomide,-0.06985408036191361,-0.14284083760534844,Other,Other,Other
Linsitinib (OSI-906),Trametinib (GSK1120212),0.08486249704431575,0.4726230299521814,Other,MAPK inhibitor,Other
Linsitinib (OSI-906),Triciribine,-0.2251729584635071,-0.05383393535884321,Other,Other,Other
Linsitinib (OSI-906),Trifluridine,-0.23988679964121407,-0.08114565526186637,Other,Antimetabolite,Other
Linsitinib (OSI-906),Veliparib (ABT-888),-0.14403116190210546,0.04741839813550262,Other,PARP inhibitor,Other
Linsitinib (OSI-906),"Vemurafenib (PLX4032, RG7204)",-0.06581838986569283,-0.21619338251267906,Other,MAPK inhibitor,Other
Linsitinib (OSI-906),Vinorelbine Tartrate,-0.12980828736606753,0.21583602377394312,Other,Other,Other
Linsitinib (OSI-906),"Vorinostat (SAHA, MK0683)",0.18197055669343704,0.15787630162528812,Other,Other,Other
Linsitinib (OSI-906),abemaciclib (LY2835219),-0.005169277740727438,0.1869585065810944,Other,Other,Other
MK-2206 2HCl,Miglitol,-0.1176054413528796,-0.2448497358110154,Other,Other,Other
MK-2206 2HCl,Navitoclax (ABT-263),-0.03763469511949962,0.292523844351264,Other,Other,Other
MK-2206 2HCl,Nutlin-3,0.050108575265835356,-0.13551727918113265,Other,MDM2 inhibitor,Other
MK-2206 2HCl,"Olaparib (AZD2281, Ku-0059436)",-0.20142025879779912,-0.33292729883917704,Other,PARP inhibitor,Other
MK-2206 2HCl,Oxaliplatin,0.13824982801238686,0.37361019075308405,Other,Other,Other
MK-2206 2HCl,PD0325901,0.47479453026481694,0.5839561522378398,Other,MAPK inhibitor,Other
MK-2206 2HCl,PI-103,0.41017132490303,0.3388287283240306,Other,Other,Other
MK-2206 2HCl,Paclitaxel,0.3800185386489382,0.6324953673712119,Other,Other,Other
MK-2206 2HCl,Palbociclib (PD-0332991) HCl,-0.014659278742022948,-0.16949004461454084,Other,Other,Other
MK-2206 2HCl,Phenformin HCl,-0.0695350003623907,-0.0337078575385406,Other,Other,Other
MK-2206 2HCl,Rabusertib (LY2603618),0.6672467393306488,0.022619871401705998,Other,Other,Other
MK-2206 2HCl,Regorafenib (BAY 73-4506),0.4486728742509912,0.24439693538911886,Other,Other,Other
MK-2206 2HCl,Ruxolitinib (INCB018424),0.12207249097976887,-0.27429831968812457,Other,Other,Other
MK-2206 2HCl,SB216763,0.38074831538394494,-0.060497548839494,Other,Other,Other
MK-2206 2HCl,SB505124,0.3479042544762167,-0.08603558601800748,Other,Other,Other
MK-2206 2HCl,SN-38,-0.07153368736225152,0.14089211345448774,Other,Topo I inhibitor,Other
MK-2206 2HCl,Sapitinib (AZD8931),0.34266031754178305,0.031921120258814516,Other,Other,Other
MK-2206 2HCl,Sorafenib,0.4356067983498495,0.3737850492539978,Other,MAPK inhibitor,Other
MK-2206 2HCl,Tanespimycin (17-AAG),0.2822332956446098,0.5265492992113873,Other,Other,Other
MK-2206 2HCl,Taselisib (GDC 0032),0.37658993830818005,0.5938632365970565,Other,Other,Other
MK-2206 2HCl,Temozolomide,0.12211597071633751,-0.28605287586143247,Other,Other,Other
MK-2206 2HCl,Trametinib (GSK1120212),0.49966234436519513,0.4650879759185596,Other,MAPK inhibitor,Other
MK-2206 2HCl,Triciribine,-0.05788790964885798,-0.19780870398799819,Other,Other,Other
MK-2206 2HCl,Trifluridine,-0.16687991344165537,-0.07583419502688989,Other,Antimetabolite,Other
MK-2206 2HCl,Veliparib (ABT-888),-0.260954814676897,-0.21987203769723943,Other,PARP inhibitor,Other
MK-2206 2HCl,"Vemurafenib (PLX4032, RG7204)",0.3298098190012393,-0.029339691697723207,Other,MAPK inhibitor,Other
MK-2206 2HCl,Vinorelbine Tartrate,0.21633667793888595,0.28253957409636526,Other,Other,Other
MK-2206 2HCl,"Vorinostat (SAHA, MK0683)",0.27368778781940806,0.0627657115196528,Other,Other,Other
MK-2206 2HCl,abemaciclib (LY2835219),0.022844311349574018,-0.14063478770319107,Other,Other,Other
Miglitol,Navitoclax (ABT-263),-0.08632204345797413,0.06235751061666257,Other,Other,Other
Miglitol,Nutlin-3,0.041059597618562094,0.227204802184646,Other,MDM2 inhibitor,Other
Miglitol,"Olaparib (AZD2281, Ku-0059436)",-0.03823547909378948,0.5370782139612588,Other,PARP inhibitor,Other
Miglitol,Oxaliplatin,-0.0961863538259465,-0.04000314107422519,Other,Other,Other
Miglitol,PD0325901,-0.1274010401657007,-0.23914898037049448,Other,MAPK inhibitor,Other
Miglitol,PI-103,0.04650759304473312,0.010124414283882057,Other,Other,Other
Miglitol,Paclitaxel,-0.011148791668235436,-0.15599921505068176,Other,Other,Other
Miglitol,Palbociclib (PD-0332991) HCl,0.003828683720093134,-0.17361199181516127,Other,Other,Other
Miglitol,Phenformin HCl,0.2984612547389771,0.10425209338751858,Other,Other,Other
Miglitol,Rabusertib (LY2603618),-0.2979352740097347,0.3420787748561148,Other,Other,Other
Miglitol,Regorafenib (BAY 73-4506),-0.11374632008539311,-0.28154786432012235,Other,Other,Other
Miglitol,Ruxolitinib (INCB018424),-0.202080671318918,0.6825136172049359,Other,Other,Other
Miglitol,SB216763,0.06823726305013555,0.7052093262774143,Other,Other,Other
Miglitol,SB505124,-0.20571833435440262,0.1447136397771467,Other,Other,Other
Miglitol,SN-38,-0.010780477463900793,-0.12926941177509982,Other,Topo I inhibitor,Other
Miglitol,Sapitinib (AZD8931),0.20764532284115156,-0.21226540594481305,Other,Other,Other
Miglitol,Sorafenib,-0.15587621802356555,-0.43079454219500174,Other,MAPK inhibitor,Other
Miglitol,Tanespimycin (17-AAG),-0.05240150676065735,0.01281741081388986,Other,Other,Other
Miglitol,Taselisib (GDC 0032),0.07871979078825327,-0.0727068544004753,Other,Other,Other
Miglitol,Temozolomide,0.010443139465703202,0.7622277332330237,Other,Other,Other
Miglitol,Trametinib (GSK1120212),-0.18163561474111328,0.2684172396851044,Other,MAPK inhibitor,Other
Miglitol,Triciribine,0.16829819201402105,-0.12184563749258957,Other,Other,Other
Miglitol,Trifluridine,-0.011056831960326138,0.22850232262440912,Other,Antimetabolite,Other
Miglitol,Veliparib (ABT-888),0.024350544182971993,0.12693978966522906,Other,PARP inhibitor,Other
Miglitol,"Vemurafenib (PLX4032, RG7204)",-0.0990014756495845,0.1378321700803288,Other,MAPK inhibitor,Other
Miglitol,Vinorelbine Tartrate,-0.05129172706876126,0.10024880860450922,Other,Other,Other
Miglitol,"Vorinostat (SAHA, MK0683)",-0.2658556024924814,0.048342609887148676,Other,Other,Other
Miglitol,abemaciclib (LY2835219),0.028603370089755067,-0.2515116686814596,Other,Other,Other
Navitoclax (ABT-263),Nutlin-3,-0.3793403106910724,-0.15699590688473505,Other,MDM2 inhibitor,Other
Navitoclax (ABT-263),"Olaparib (AZD2281, Ku-0059436)",-0.00038471409579593496,-0.22959040110110102,Other,PARP inhibitor,Other
Navitoclax (ABT-263),Oxaliplatin,-0.170546500446256,0.2668743432658486,Other,Other,Other
Navitoclax (ABT-263),PD0325901,0.31953868357043197,0.49432632426314016,Other,MAPK inhibitor,Other
Navitoclax (ABT-263),PI-103,0.21124599890341442,0.7661429781832326,Other,Other,Other
Navitoclax (ABT-263),Paclitaxel,0.05369857878516043,0.18644337262489716,Other,Other,Other
Navitoclax (ABT-263),Palbociclib (PD-0332991) HCl,0.06798884565207587,-0.08311041080646317,Other,Other,Other
Navitoclax (ABT-263),Phenformin HCl,-0.04038105794561054,0.014388327541354896,Other,Other,Other
Navitoclax (ABT-263),Rabusertib (LY2603618),-0.10750342525200364,0.16238346880622306,Other,Other,Other
Navitoclax (ABT-263),Regorafenib (BAY 73-4506),0.3985113756101148,0.4069948436202757,Other,Other,Other
Navitoclax (ABT-263),Ruxolitinib (INCB018424),0.26181121965033816,0.04625404240212317,Other,Other,Other
Navitoclax (ABT-263),SB216763,-0.13490215324234306,0.3358401639278765,Other,Other,Other
Navitoclax (ABT-263),SB505124,0.16977281975699154,0.19683066886203407,Other,Other,Other
Navitoclax (ABT-263),SN-38,-0.37197073917875595,0.036282494111658764,Other,Topo I inhibitor,Other
Navitoclax (ABT-263),Sapitinib (AZD8931),-0.1398512864781334,-0.16036348728328895,Other,Other,Other
Navitoclax (ABT-263),Sorafenib,-0.053554862918073605,0.4888751255815624,Other,MAPK inhibitor,Other
Navitoclax (ABT-263),Tanespimycin (17-AAG),-0.2929884726150485,0.4239916553741164,Other,Other,Other
Navitoclax (ABT-263),Taselisib (GDC 0032),-0.019169220314505044,0.5826552411491522,Other,Other,Other
Navitoclax (ABT-263),Temozolomide,-0.06598449496791164,-0.0392693675620593,Other,Other,Other
Navitoclax (ABT-263),Trametinib (GSK1120212),0.24120239068441132,0.3847434800145466,Other,MAPK inhibitor,Other
Navitoclax (ABT-263),Triciribine,-0.22630603283256348,-0.2720178300782092,Other,Other,Other
Navitoclax (ABT-263),Trifluridine,-0.002347137637870209,-0.21606841364843332,Other,Antimetabolite,Other
Navitoclax (ABT-263),Veliparib (ABT-888),0.14045032408212035,0.031225883594854183,Other,PARP inhibitor,Other
Navitoclax (ABT-263),"Vemurafenib (PLX4032, RG7204)",-0.342458916946646,-0.22073153703803017,Other,MAPK inhibitor,Other
Navitoclax (ABT-263),Vinorelbine Tartrate,0.05360176169877411,0.10547908195482075,Other,Other,Other
Navitoclax (ABT-263),"Vorinostat (SAHA, MK0683)",0.07713009688810417,0.04111253208117942,Other,Other,Other
Navitoclax (ABT-263),abemaciclib (LY2835219),0.07995918496459965,0.007058073902953849,Other,Other,Other
Nutlin-3,"Olaparib (AZD2281, Ku-0059436)",0.5302323664165423,0.7505903603593291,MDM2 inhibitor,PARP inhibitor,Other
Nutlin-3,Oxaliplatin,0.7360976195381914,0.4134245276079654,MDM2 inhibitor,Other,Other
Nutlin-3,PD0325901,0.2985484555130396,0.08566665884888079,MDM2 inhibitor,MAPK inhibitor,Other
Nutlin-3,PI-103,0.0016933930317513239,-0.14256095883082234,MDM2 inhibitor,Other,Other
Nutlin-3,Paclitaxel,0.2988611864536021,0.09204335838686468,MDM2 inhibitor,Other,Other
Nutlin-3,Palbociclib (PD-0332991) HCl,0.6464546905466672,0.6760424622895699,MDM2 inhibitor,Other,Other
Nutlin-3,Phenformin HCl,0.14634693520790726,0.3172123314025403,MDM2 inhibitor,Other,Other
Nutlin-3,Rabusertib (LY2603618),0.26544757730558766,0.4532282878189897,MDM2 inhibitor,Other,Other
Nutlin-3,Regorafenib (BAY 73-4506),0.07356223465446969,0.12224591602007977,MDM2 inhibitor,Other,Other
Nutlin-3,Ruxolitinib (INCB018424),0.12060419444684213,0.10450095995914631,MDM2 inhibitor,Other,Other
Nutlin-3,SB216763,0.39705266422330304,0.3238530158836472,MDM2 inhibitor,Other,Other
Nutlin-3,SB505124,0.22376124698053762,0.5282845601449032,MDM2 inhibitor,Other,Other
Nutlin-3,SN-38,0.6008408197363525,0.7407116300685728,MDM2 inhibitor,Topo I inhibitor,Other
Nutlin-3,Sapitinib (AZD8931),0.1473381933692977,-0.06519617366264849,MDM2 inhibitor,Other,Other
Nutlin-3,Sorafenib,0.4187294494473145,-0.1815356918639172,MDM2 inhibitor,MAPK inhibitor,Other
Nutlin-3,Tanespimycin (17-AAG),0.5896283505462976,0.2101738957868959,MDM2 inhibitor,Other,Other
Nutlin-3,Taselisib (GDC 0032),0.16050315690920208,-0.12095226227643681,MDM2 inhibitor,Other,Other
Nutlin-3,Temozolomide,0.1749308932799895,0.1389675570374233,MDM2 inhibitor,Other,Other
Nutlin-3,Trametinib (GSK1120212),0.38572807916482205,0.15424713112679478,MDM2 inhibitor,MAPK inhibitor,Other
Nutlin-3,Triciribine,0.46880855116770326,0.6919396625166552,MDM2 inhibitor,Other,Other
Nutlin-3,Veliparib (ABT-888),0.3539902280874799,0.5178327914584175,MDM2 inhibitor,PARP inhibitor,Other
Nutlin-3,"Vemurafenib (PLX4032, RG7204)",0.4338614800635532,0.12786795355476438,MDM2 inhibitor,MAPK inhibitor,Other
Nutlin-3,Vinorelbine Tartrate,0.2598915814507525,0.5165289776178006,MDM2 inhibitor,Other,Other
Nutlin-3,"Vorinostat (SAHA, MK0683)",0.37263813983542227,0.5358255787130479,MDM2 inhibitor,Other,Other
Nutlin-3,abemaciclib (LY2835219),0.6106634419321132,0.5650251366108915,MDM2 inhibitor,Other,Other
"Olaparib (AZD2281, Ku-0059436)",Oxaliplatin,0.3346610597426545,0.17603849564248264,PARP inhibitor,Other,Other
"Olaparib (AZD2281, Ku-0059436)",PD0325901,0.06246411306173134,-0.1266026857889211,PARP inhibitor,MAPK inhibitor,Other
"Olaparib (AZD2281, Ku-0059436)",PI-103,-0.2951928416935223,-0.18897132128217137,PARP inhibitor,Other,Other
"Olaparib (AZD2281, Ku-0059436)",Paclitaxel,0.22550462699531543,-0.17346112408983771,PARP inhibitor,Other,Other
"Olaparib (AZD2281, Ku-0059436)",Palbociclib (PD-0332991) HCl,0.7110909734364661,0.47275244134789385,PARP inhibitor,Other,Other
"Olaparib (AZD2281, Ku-0059436)",Phenformin HCl,0.21204491654777263,0.4257217709765715,PARP inhibitor,Other,Other
"Olaparib (AZD2281, Ku-0059436)",Rabusertib (LY2603618),0.06314537571013668,0.5383114322100578,PARP inhibitor,Other,Other
"Olaparib (AZD2281, Ku-0059436)",Regorafenib (BAY 73-4506),-0.24043326536653295,-0.01428158002893952,PARP inhibitor,Other,Other
"Olaparib (AZD2281, Ku-0059436)",Ruxolitinib (INCB018424),0.15755321961042226,0.3901750774437297,PARP inhibitor,Other,Other
"Olaparib (AZD2281, Ku-0059436)",SB216763,-0.07039358155389955,0.4924017781542004,PARP inhibitor,Other,Other
"Olaparib (AZD2281, Ku-0059436)",SB505124,0.1556506932472582,0.5665029315851852,PARP inhibitor,Other,Other
"Olaparib (AZD2281, Ku-0059436)",SN-38,0.3388692838997997,0.3833994590298494,PARP inhibitor,Topo I inhibitor,Other
"Olaparib (AZD2281, Ku-0059436)",Sapitinib (AZD8931),-0.2991096528883484,0.01105540231525368,PARP inhibitor,Other,Other
"Olaparib (AZD2281, Ku-0059436)",Sorafenib,-0.06429745323943664,-0.3450233455388207,PARP inhibitor,MAPK inhibitor,Other
"Olaparib (AZD2281, Ku-0059436)",Tanespimycin (17-AAG),0.11720592404679725,0.08443680293782163,PARP inhibitor,Other,Other
"Olaparib (AZD2281, Ku-0059436)",Taselisib (GDC 0032),-0.22411953535097484,-0.2446024455938226,PARP inhibitor,Other,Other
"Olaparib (AZD2281, Ku-0059436)",Temozolomide,-0.042187871685287225,0.49142921046217913,PARP inhibitor,Other,Other
"Olaparib (AZD2281, Ku-0059436)",Trametinib (GSK1120212),0.15980143309328695,0.14507007825367343,PARP inhibitor,MAPK inhibitor,Other
"Olaparib (AZD2281, Ku-0059436)",Triciribine,0.6169590926666867,0.5534094309752218,PARP inhibitor,Other,Other
"Olaparib (AZD2281, Ku-0059436)",Veliparib (ABT-888),0.790827572241359,0.5401926691056126,PARP inhibitor,PARP inhibitor,Other
"Olaparib (AZD2281, Ku-0059436)","Vemurafenib (PLX4032, RG7204)",0.029247174800564612,0.2832252709167312,PARP inhibitor,MAPK inhibitor,Other
"Olaparib (AZD2281, Ku-0059436)",Vinorelbine Tartrate,0.309462683248129,0.28322382607223906,PARP inhibitor,Other,Other
"Olaparib (AZD2281, Ku-0059436)","Vorinostat (SAHA, MK0683)",0.23412955274233088,0.2964260954885991,PARP inhibitor,Other,Other
"Olaparib (AZD2281, Ku-0059436)",abemaciclib (LY2835219),0.6931995045886414,0.3344007083324304,PARP inhibitor,Other,Other
Oxaliplatin,PD0325901,0.49440245857713455,0.43785072115771706,Other,MAPK inhibitor,Other
Oxaliplatin,PI-103,0.2734192012048621,0.27503958173941684,Other,Other,Other
Oxaliplatin,Paclitaxel,0.4985851264532649,0.6054458968350797,Other,Other,Other
Oxaliplatin,Palbociclib (PD-0332991) HCl,0.404495463816985,0.1248651962126103,Other,Other,Other
Oxaliplatin,Phenformin HCl,-0.007272371830616646,0.24849598891596675,Other,Other,Other
Oxaliplatin,Rabusertib (LY2603618),0.3031411010524859,0.22979449390162673,Other,Other,Other
Oxaliplatin,Regorafenib (BAY 73-4506),0.18875008415483274,0.23810153704915,Other,Other,Other
Oxaliplatin,Ruxolitinib (INCB018424),0.090905707465176,-0.1758718197677053,Other,Other,Other
Oxaliplatin,SB216763,0.30155214804845076,0.19356920149691031,Other,Other,Other
Oxaliplatin,SB505124,0.5823634769572189,0.22348437592540338,Other,Other,Other
Oxaliplatin,SN-38,0.6226971487636206,0.6560170391226274,Other,Topo I inhibitor,Other
Oxaliplatin,Sapitinib (AZD8931),0.15491175589160583,0.012050751280178035,Other,Other,Other
Oxaliplatin,Sorafenib,0.6277372768198946,0.16428576238698106,Other,MAPK inhibitor,Other
Oxaliplatin,Tanespimycin (17-AAG),0.640639204603395,0.4022749675182411,Other,Other,Other
Oxaliplatin,Taselisib (GDC 0032),0.2937327446518633,0.371178189884897,Other,Other,Other
Oxaliplatin,Temozolomide,0.3705590344771526,-0.18357173245857275,Other,Other,Other
Oxaliplatin,Trametinib (GSK1120212),0.6203917288738316,0.4427857868242947,Other,MAPK inhibitor,Other
Oxaliplatin,Triciribine,0.15710105097858215,0.11628814264667033,Other,Other,Other
Oxaliplatin,Trifluridine,0.2204237958980438,0.37423996253178465,Other,Antimetabolite,Other
Oxaliplatin,Veliparib (ABT-888),0.2204933884367829,0.002490104460603773,Other,PARP inhibitor,Other
Oxaliplatin,"Vemurafenib (PLX4032, RG7204)",0.5348482287266616,0.1588677122021752,Other,MAPK inhibitor,Other
Oxaliplatin,Vinorelbine Tartrate,0.4652948652158416,0.7613859543942756,Other,Other,Other
Oxaliplatin,"Vorinostat (SAHA, MK0683)",0.33974027411636964,0.47218702934415185,Other,Other,Other
Oxaliplatin,abemaciclib (LY2835219),0.3467704845113071,0.02423072444841091,Other,Other,Other
PD0325901,PI-103,0.5769097208853634,0.6641910638868074,MAPK inhibitor,Other,Other
PD0325901,Paclitaxel,0.5438348075752147,0.3342098435183271,MAPK inhibitor,Other,Other
PD0325901,Palbociclib (PD-0332991) HCl,0.30948198869498916,0.22358891725577745,MAPK inhibitor,Other,Other
PD0325901,Phenformin HCl,-0.03309386567656966,0.30249926076868094,MAPK inhibitor,Other,Other
PD0325901,Rabusertib (LY2603618),0.4096522782855069,0.326341728322523,MAPK inhibitor,Other,Other
PD0325901,Regorafenib (BAY 73-4506),0.7777902743323516,0.7924758914544728,MAPK inhibitor,Other,Other
PD0325901,Ruxolitinib (INCB018424),0.2991261619859341,-0.3444375984625453,MAPK inhibitor,Other,Other
PD0325901,SB216763,0.5051922657582382,0.13501876325615653,MAPK inhibitor,Other,Other
PD0325901,SB505124,0.479155896947101,0.4272776179473313,MAPK inhibitor,Other,Other
PD0325901,SN-38,0.03800539289073021,0.3917395720814055,MAPK inhibitor,Topo I inhibitor,Other
PD0325901,Sapitinib (AZD8931),0.33522034560186026,0.060363714729458985,MAPK inhibitor,Other,Other
PD0325901,Tanespimycin (17-AAG),0.4133078594408829,0.7539301862902958,MAPK inhibitor,Other,Other
PD0325901,Taselisib (GDC 0032),0.4941926685582091,0.7238841542343714,MAPK inhibitor,Other,Other
PD0325901,Temozolomide,0.2425695059815347,-0.24088079396426415,MAPK inhibitor,Other,Other
PD0325901,Triciribine,0.01250020737437667,0.029769876903421637,MAPK inhibitor,Other,Other
PD0325901,Trifluridine,0.06964042747462239,0.07516308850786331,MAPK inhibitor,Antimetabolite,Other
PD0325901,Veliparib (ABT-888),0.054468564035141366,0.1846591549727785,MAPK inhibitor,PARP inhibitor,Other
PD0325901,Vinorelbine Tartrate,0.37661558158624175,0.2212437438279693,MAPK inhibitor,Other,Other
PD0325901,"Vorinostat (SAHA, MK0683)",0.5057944775536056,0.30353788420430294,MAPK inhibitor,Other,Other
PD0325901,abemaciclib (LY2835219),0.326850350055234,0.27274844378998303,MAPK inhibitor,Other,Other
PI-103,Paclitaxel,0.5779968500506738,0.13348542630073026,Other,Other,Other
PI-103,Palbociclib (PD-0332991) HCl,-0.16467674841595367,-0.06996577448058948,Other,Other,Other
PI-103,Phenformin HCl,-0.2575506558204044,0.17062666293072629,Other,Other,Other
PI-103,Rabusertib (LY2603618),0.08356216919720988,0.25440580200668717,Other,Other,Other
PI-103,Regorafenib (BAY 73-4506),0.6279533906213774,0.6098993486552207,Other,Other,Other
PI-103,Ruxolitinib (INCB018424),-0.1997580540952336,-0.01557564978819691,Other,Other,Other
PI-103,SB216763,0.44599416329485964,0.3604679748373462,Other,Other,Other
PI-103,SB505124,0.3327672442847637,0.37733891504560435,Other,Other,Other
PI-103,SN-38,-0.10080609069329317,0.05622629828243178,Other,Topo I inhibitor,Other
PI-103,Sapitinib (AZD8931),0.7282742242683771,-0.03482781720233272,Other,Other,Other
PI-103,Sorafenib,0.5650984102647834,0.5952800171535259,Other,MAPK inhibitor,Other
PI-103,Tanespimycin (17-AAG),0.3673007782100634,0.5471021226464896,Other,Other,Other
PI-103,Taselisib (GDC 0032),0.8787922227621814,0.6441943711985665,Other,Other,Other
PI-103,Temozolomide,0.2944755151581295,-0.031356115418398084,Other,Other,Other
PI-103,Trametinib (GSK1120212),0.4395109563516737,0.494686044893676,Other,MAPK inhibitor,Other
PI-103,Triciribine,-0.2745266855734795,-0.2063883817531759,Other,Other,Other
PI-103,Trifluridine,-0.3580653453998233,-0.19623119718093937,Other,Antimetabolite,Other
PI-103,Veliparib (ABT-888),-0.271963067445195,0.16779877806678145,Other,PARP inhibitor,Other
PI-103,"Vemurafenib (PLX4032, RG7204)",0.2205379799619494,-0.19293135570954972,Other,MAPK inhibitor,Other
PI-103,Vinorelbine Tartrate,0.4539734172228691,0.026187657732810586,Other,Other,Other
PI-103,"Vorinostat (SAHA, MK0683)",-0.008202358202232064,0.04252248497239625,Other,Other,Other
PI-103,abemaciclib (LY2835219),-0.15456867546702238,0.05247775149900469,Other,Other,Other
Paclitaxel,Palbociclib (PD-0332991) HCl,0.1446387255084765,-0.0921086426617105,Other,Other,Other
Paclitaxel,Phenformin HCl,-0.06705791381450774,-0.012642780274984179,Other,Other,Other
Paclitaxel,Rabusertib (LY2603618),0.2678142824491281,0.08907177670002535,Other,Other,Other
Paclitaxel,Regorafenib (BAY 73-4506),0.2958839619686079,-0.037179454149047386,Other,Other,Other
Paclitaxel,Ruxolitinib (INCB018424),-0.0040067884201772765,-0.21379364388957375,Other,Other,Other
Paclitaxel,SB216763,0.33476128719410203,0.04229421112153943,Other,Other,Other
Paclitaxel,SB505124,0.6356337466714747,-0.12221517817694078,Other,Other,Other
Paclitaxel,SN-38,0.20954762488441553,0.38834100332652277,Other,Topo I inhibitor,Other
Paclitaxel,Sapitinib (AZD8931),0.36220090804730815,-0.023311130825958475,Other,Other,Other
Paclitaxel,Sorafenib,0.5137533722529773,0.02947083622133442,Other,MAPK inhibitor,Other
Paclitaxel,Tanespimycin (17-AAG),0.5785463510863353,0.3753618263672117,Other,Other,Other
Paclitaxel,Taselisib (GDC 0032),0.6097337767744405,0.4102146364589407,Other,Other,Other
Paclitaxel,Temozolomide,0.2612243183755344,-0.19227238164575838,Other,Other,Other
Paclitaxel,Trametinib (GSK1120212),0.5411558065963257,0.35005805293533493,Other,MAPK inhibitor,Other
Paclitaxel,Triciribine,-0.017709328339849388,-0.13096312550902756,Other,Other,Other
Paclitaxel,Trifluridine,0.09893404386238777,0.06668026732935961,Other,Antimetabolite,Other
Paclitaxel,Veliparib (ABT-888),0.10945737729890628,-0.3707524256263921,Other,PARP inhibitor,Other
Paclitaxel,"Vemurafenib (PLX4032, RG7204)",0.3987455548862621,0.07248163333447225,Other,MAPK inhibitor,Other
Paclitaxel,Vinorelbine Tartrate,0.8040246153849561,0.6797401888194156,Other,Other,Other
Paclitaxel,"Vorinostat (SAHA, MK0683)",0.033965029082202766,0.20303439078000074,Other,Other,Other
Paclitaxel,abemaciclib (LY2835219),0.11909507617273034,-0.15487701249112007,Other,Other,Other
Palbociclib (PD-0332991) HCl,Phenformin HCl,0.2715012003739853,0.2946756427656759,Other,Other,Other
Palbociclib (PD-0332991) HCl,Rabusertib (LY2603618),0.23631959627083898,0.2980463877915273,Other,Other,Other
Palbociclib (PD-0332991) HCl,Regorafenib (BAY 73-4506),0.06909749000835491,0.41035203783838575,Other,Other,Other
Palbociclib (PD-0332991) HCl,Ruxolitinib (INCB018424),0.3708427451837648,-0.16355294358746542,Other,Other,Other
Palbociclib (PD-0332991) HCl,SB216763,0.20154810493282627,0.011523068785879095,Other,Other,Other
Palbociclib (PD-0332991) HCl,SB505124,0.11712457773465118,0.5791316606489394,Other,Other,Other
Palbociclib (PD-0332991) HCl,SN-38,0.26295113640972684,0.6335243027997006,Other,Topo I inhibitor,Other
Palbociclib (PD-0332991) HCl,Sapitinib (AZD8931),-0.13167967131831204,-0.05336060339358733,Other,Other,Other
Palbociclib (PD-0332991) HCl,Sorafenib,0.12379548701747975,0.19548642396589172,Other,MAPK inhibitor,Other
Palbociclib (PD-0332991) HCl,Tanespimycin (17-AAG),0.1522266988030296,0.20165944012222242,Other,Other,Other
Palbociclib (PD-0332991) HCl,Taselisib (GDC 0032),-0.1190893033496988,-0.06787007838704151,Other,Other,Other
Palbociclib (PD-0332991) HCl,Temozolomide,-0.05109836433566793,-0.14708391216803823,Other,Other,Other
Palbociclib (PD-0332991) HCl,Trametinib (GSK1120212),0.3934065995729009,-0.03984499401610973,Other,MAPK inhibitor,Other
Palbociclib (PD-0332991) HCl,Triciribine,0.6032306718745294,0.7483698393162582,Other,Other,Other
Palbociclib (PD-0332991) HCl,Trifluridine,0.7276673503230192,0.6463519491311687,Other,Antimetabolite,Other
Palbociclib (PD-0332991) HCl,Veliparib (ABT-888),0.5608468966408082,0.5847700880712926,Other,PARP inhibitor,Other
Palbociclib (PD-0332991) HCl,"Vemurafenib (PLX4032, RG7204)",0.07643785851809115,-0.13933016414744392,Other,MAPK inhibitor,Other
Palbociclib (PD-0332991) HCl,Vinorelbine Tartrate,0.18896391585397446,0.18185142262678672,Other,Other,Other
Palbociclib (PD-0332991) HCl,"Vorinostat (SAHA, MK0683)",0.517946464827078,0.3984577864987165,Other,Other,Other
Palbociclib (PD-0332991) HCl,abemaciclib (LY2835219),0.9497714386120027,0.9129224334537972,Other,Other,Other
Phenformin HCl,Rabusertib (LY2603618),-0.04840986212391717,0.4736457634370548,Other,Other,Other
Phenformin HCl,Regorafenib (BAY 73-4506),-0.14277051140209795,0.30808863433591427,Other,Other,Other
Phenformin HCl,Ruxolitinib (INCB018424),0.1427484329865808,0.012298951601494934,Other,Other,Other
Phenformin HCl,SB216763,-0.010258681177555557,0.2884061422471866,Other,Other,Other
Phenformin HCl,SB505124,-0.09157789636854873,0.6214160286370657,Other,Other,Other
Phenformin HCl,SN-38,0.21194447029601476,0.20919628839687962,Other,Topo I inhibitor,Other
Phenformin HCl,Sapitinib (AZD8931),-0.07339962056395809,0.36195132354093745,Other,Other,Other
Phenformin HCl,Sorafenib,-0.1890232920815173,0.10817270433388027,Other,MAPK inhibitor,Other
Phenformin HCl,Tanespimycin (17-AAG),0.010174810657224576,0.3336708130649433,Other,Other,Other
Phenformin HCl,Taselisib (GDC 0032),-0.18881971650137838,0.13529394077418425,Other,Other,Other
Phenformin HCl,Temozolomide,0.011912046414506562,0.2725397387726782,Other,Other,Other
Phenformin HCl,Trametinib (GSK1120212),-0.025003320856275716,0.24102432728320733,Other,MAPK inhibitor,Other
Phenformin HCl,Triciribine,0.31290968378509154,0.33328601283217574,Other,Other,Other
Phenformin HCl,Trifluridine,0.2979229795821319,0.2664291727418027,Other,Antimetabolite,Other
Phenformin HCl,Veliparib (ABT-888),0.3115347699454928,0.3745677955715347,Other,PARP inhibitor,Other
Phenformin HCl,"Vemurafenib (PLX4032, RG7204)",-0.0534168068625005,0.3238155320095622,Other,MAPK inhibitor,Other
Phenformin HCl,Vinorelbine Tartrate,-0.07834325257037081,0.05148467278561762,Other,Other,Other
Phenformin HCl,"Vorinostat (SAHA, MK0683)",-0.045723169294793,0.13576081786527341,Other,Other,Other
Phenformin HCl,abemaciclib (LY2835219),0.300907917672186,0.21277250096281744,Other,Other,Other
Rabusertib (LY2603618),Regorafenib (BAY 73-4506),0.2607372771670912,0.2710536675721649,Other,Other,Other
Rabusertib (LY2603618),Ruxolitinib (INCB018424),0.3514511560098766,0.12079513560823772,Other,Other,Other
Rabusertib (LY2603618),SB216763,0.26397495875398114,0.5424828011175294,Other,Other,Other
Rabusertib (LY2603618),SB505124,0.41670176678745924,0.6351795381689501,Other,Other,Other
Rabusertib (LY2603618),SN-38,0.10458041558083325,0.29633427022928915,Other,Topo I inhibitor,Other
Rabusertib (LY2603618),Sapitinib (AZD8931),-0.007829928529999123,0.18598676808055398,Other,Other,Other
Rabusertib (LY2603618),Sorafenib,0.548221439166063,0.008802092620608732,Other,MAPK inhibitor,Other
Rabusertib (LY2603618),Tanespimycin (17-AAG),0.2549563155548347,0.4246878072281557,Other,Other,Other
Rabusertib (LY2603618),Taselisib (GDC 0032),0.07643656281666376,0.18176032670138922,Other,Other,Other
Rabusertib (LY2603618),Temozolomide,0.0723394914603369,0.3158656014231088,Other,Other,Other
Rabusertib (LY2603618),Trametinib (GSK1120212),0.5339400069879356,0.3723178431108388,Other,MAPK inhibitor,Other
Rabusertib (LY2603618),Triciribine,0.020717635887620316,0.2916876540610926,Other,Other,Other
Rabusertib (LY2603618),Trifluridine,0.04524486007937111,0.3655304537180739,Other,Antimetabolite,Other
Rabusertib (LY2603618),Veliparib (ABT-888),-0.11772042346853674,0.3333970357826254,Other,PARP inhibitor,Other
Rabusertib (LY2603618),"Vemurafenib (PLX4032, RG7204)",0.45625614533766023,0.28042304183236777,Other,MAPK inhibitor,Other
Rabusertib (LY2603618),Vinorelbine Tartrate,0.19882902707272285,0.21686986224753446,Other,Other,Other
Rabusertib (LY2603618),"Vorinostat (SAHA, MK0683)",0.4900663016353708,0.31589276186773524,Other,Other,Other
Rabusertib (LY2603618),abemaciclib (LY2835219),0.21314757948985072,0.20168496242326123,Other,Other,Other
Regorafenib (BAY 73-4506),Ruxolitinib (INCB018424),0.2658741143803637,-0.30768675626780073,Other,Other,Other
Regorafenib (BAY 73-4506),SB216763,0.5542471369006226,0.06681520521769217,Other,Other,Other
Regorafenib (BAY 73-4506),SB505124,0.19714778395025934,0.5642828075174608,Other,Other,Other
Regorafenib (BAY 73-4506),SN-38,-0.23707636848889818,0.36203460643923524,Other,Topo I inhibitor,Other
Regorafenib (BAY 73-4506),Sapitinib (AZD8931),0.544720592310268,0.08819937366175383,Other,Other,Other
Regorafenib (BAY 73-4506),Sorafenib,0.5158436565015385,0.8257049181791655,Other,MAPK inhibitor,Other
Regorafenib (BAY 73-4506),Tanespimycin (17-AAG),0.2531239537278025,0.5190086988990461,Other,Other,Other
Regorafenib (BAY 73-4506),Taselisib (GDC 0032),0.5730730113914844,0.48002572782593184,Other,Other,Other
Regorafenib (BAY 73-4506),Temozolomide,0.20820614456597838,-0.26063707295098837,Other,Other,Other
Regorafenib (BAY 73-4506),Trametinib (GSK1120212),0.597354799525846,0.36231177741112447,Other,MAPK inhibitor,Other
Regorafenib (BAY 73-4506),Triciribine,-0.20012769227249466,0.19174458452167448,Other,Other,Other
Regorafenib (BAY 73-4506),Trifluridine,-0.2052652679705649,0.1183207730097109,Other,Antimetabolite,Other
Regorafenib (BAY 73-4506),Veliparib (ABT-888),-0.2269929198521622,0.4767416334590098,Other,PARP inhibitor,Other
Regorafenib (BAY 73-4506),"Vemurafenib (PLX4032, RG7204)",0.07531369596208332,-0.2819007679854755,Other,MAPK inhibitor,Other
Regorafenib (BAY 73-4506),Vinorelbine Tartrate,0.12323176281838599,-0.017488607310235396,Other,Other,Other
Regorafenib (BAY 73-4506),"Vorinostat (SAHA, MK0683)",0.3983741007926824,0.3018099710912846,Other,Other,Other
Regorafenib (BAY 73-4506),abemaciclib (LY2835219),0.11243645050445016,0.49827758102083886,Other,Other,Other
Ruxolitinib (INCB018424),SB216763,0.2277963603669773,0.5294072176442015,Other,Other,Other
Ruxolitinib (INCB018424),SB505124,0.18436701669023814,0.05208349813905168,Other,Other,Other
Ruxolitinib (INCB018424),SN-38,-0.026024493940710634,-0.17828247800554264,Other,Topo I inhibitor,Other
Ruxolitinib (INCB018424),Sapitinib (AZD8931),-0.19129051881399856,-0.1963873969741016,Other,Other,Other
Ruxolitinib (INCB018424),Sorafenib,0.12586543651517354,-0.3712125140682379,Other,MAPK inhibitor,Other
Ruxolitinib (INCB018424),Tanespimycin (17-AAG),0.007343780027585882,-0.13467446654862766,Other,Other,Other
Ruxolitinib (INCB018424),Taselisib (GDC 0032),-0.18907423802113354,-0.1037131037751028,Other,Other,Other
Ruxolitinib (INCB018424),Temozolomide,0.03932419124172172,0.6649312571108372,Other,Other,Other
Ruxolitinib (INCB018424),Trametinib (GSK1120212),0.30529012474306544,0.04243339543305943,Other,MAPK inhibitor,Other
Ruxolitinib (INCB018424),Triciribine,0.00026278003697980675,-0.08588988387930133,Other,Other,Other
Ruxolitinib (INCB018424),Trifluridine,0.18802841603506407,0.16532092447666152,Other,Antimetabolite,Other
Ruxolitinib (INCB018424),Veliparib (ABT-888),0.1271922012919024,0.1328850913441502,Other,PARP inhibitor,Other
Ruxolitinib (INCB018424),"Vemurafenib (PLX4032, RG7204)",0.17028246697285507,-0.0005038915968890218,Other,MAPK inhibitor,Other
Ruxolitinib (INCB018424),Vinorelbine Tartrate,-0.013377304015169575,0.01044522830114947,Other,Other,Other
Ruxolitinib (INCB018424),"Vorinostat (SAHA, MK0683)",0.42542935921479813,-0.11557949286292069,Other,Other,Other
Ruxolitinib (INCB018424),abemaciclib (LY2835219),0.3839937837908204,-0.1843791066422501,Other,Other,Other
SB216763,SB505124,0.19767525367765482,0.44819202543727704,Other,Other,Other
SB216763,SN-38,-0.02353720210442518,0.08086880302310176,Other,Topo I inhibitor,Other
SB216763,Sapitinib (AZD8931),0.662850569075291,-0.1842702926546031,Other,Other,Other
SB216763,Sorafenib,0.4905172301293883,-0.1342133828306976,Other,MAPK inhibitor,Other
SB216763,Tanespimycin (17-AAG),0.4447642637730262,0.37174062372596794,Other,Other,Other
SB216763,Taselisib (GDC 0032),0.6052224330064696,0.2367131724540964,Other,Other,Other
SB216763,Temozolomide,0.3376872471244412,0.6186546852062088,Other,Other,Other
SB216763,Trametinib (GSK1120212),0.3428292651530056,0.5136279681415642,Other,MAPK inhibitor,Other
SB216763,Triciribine,-0.020861974496280366,-0.04992537615103661,Other,Other,Other
SB216763,Trifluridine,-0.0846684057932652,0.2850002737295891,Other,Antimetabolite,Other
SB216763,Veliparib (ABT-888),-0.07627276597923088,0.28668740653073294,Other,PARP inhibitor,Other
SB216763,"Vemurafenib (PLX4032, RG7204)",0.48226221966768984,0.07827293191869271,Other,MAPK inhibitor,Other
SB216763,Vinorelbine Tartrate,0.1623307203204868,0.2564703180587662,Other,Other,Other
SB216763,"Vorinostat (SAHA, MK0683)",0.2950517952961937,0.1286286337069493,Other,Other,Other
SB216763,abemaciclib (LY2835219),0.2670767952807267,-0.06518538702271977,Other,Other,Other
SB505124,SN-38,0.3029910111238081,0.36778707563616925,Other,Topo I inhibitor,Other
SB505124,Sapitinib (AZD8931),-0.0005564160596900673,0.163758716009418,Other,Other,Other
SB505124,Sorafenib,0.6176796776177695,0.2855101580163487,Other,MAPK inhibitor,Other
SB505124,Tanespimycin (17-AAG),0.5104556050443833,0.42522145213313495,Other,Other,Other
SB505124,Taselisib (GDC 0032),0.27912044697529625,0.20235277482130734,Other,Other,Other
SB505124,Temozolomide,0.2676171651426844,0.19913435833279927,Other,Other,Other
SB505124,Trametinib (GSK1120212),0.6190746221998195,0.3144177854399189,Other,MAPK inhibitor,Other
SB505124,Triciribine,-0.19115333223384418,0.5343740675670595,Other,Other,Other
SB505124,Trifluridine,0.03321617264028444,0.483011660430736,Other,Antimetabolite,Other
SB505124,Veliparib (ABT-888),0.03460039325334795,0.6911161276997455,Other,PARP inhibitor,Other
SB505124,"Vemurafenib (PLX4032, RG7204)",0.552631081260693,0.1061963915203589,Other,MAPK inhibitor,Other
SB505124,Vinorelbine Tartrate,0.5755345310210688,0.07509902619630268,Other,Other,Other
SB505124,"Vorinostat (SAHA, MK0683)",0.19621836720578084,0.22440978467507483,Other,Other,Other
SB505124,abemaciclib (LY2835219),0.05880646599158349,0.5426858179851919,Other,Other,Other
SN-38,Sapitinib (AZD8931),-0.10669334757878315,-0.09915392127541867,Topo I inhibitor,Other,Other
SN-38,Sorafenib,0.27336425383996066,0.16031299809052352,Topo I inhibitor,MAPK inhibitor,Other
SN-38,Tanespimycin (17-AAG),0.6322126972816281,0.3587717532418807,Topo I inhibitor,Other,Other
SN-38,Taselisib (GDC 0032),-0.03604625931456723,0.17470129956602945,Topo I inhibitor,Other,Other
SN-38,Temozolomide,0.18966816864511984,-0.20792535625287908,Topo I inhibitor,Other,Other
SN-38,Trametinib (GSK1120212),0.2120659067941118,0.238879726283805,Topo I inhibitor,MAPK inhibitor,Other
SN-38,Triciribine,0.3077445162233859,0.5103353724979353,Topo I inhibitor,Other,Other
SN-38,Veliparib (ABT-888),0.25627498464234394,0.31788056967839246,Topo I inhibitor,PARP inhibitor,Other
SN-38,"Vemurafenib (PLX4032, RG7204)",0.33023773867251294,-0.06451760967818809,Topo I inhibitor,MAPK inhibitor,Other
SN-38,Vinorelbine Tartrate,0.3179834780602184,0.6957986870121367,Topo I inhibitor,Other,Other
SN-38,"Vorinostat (SAHA, MK0683)",0.02665999443155027,0.7183562919526827,Topo I inhibitor,Other,Other
SN-38,abemaciclib (LY2835219),0.20928442100226186,0.5700655813746207,Topo I inhibitor,Other,Other
Sapitinib (AZD8931),Sorafenib,0.4081427055079958,0.08940916224911151,Other,MAPK inhibitor,Other
Sapitinib (AZD8931),Tanespimycin (17-AAG),0.4078349003957036,-0.03366597820336508,Other,Other,Other
Sapitinib (AZD8931),Taselisib (GDC 0032),0.8579237747691619,-0.03279192600156411,Other,Other,Other
Sapitinib (AZD8931),Temozolomide,0.3513815251254069,-0.11147907474282155,Other,Other,Other
Sapitinib (AZD8931),Trametinib (GSK1120212),0.1433617234635281,-0.06071976719560332,Other,MAPK inhibitor,Other
Sapitinib (AZD8931),Triciribine,-0.07986808871218537,0.14619733244526326,Other,Other,Other
Sapitinib (AZD8931),Trifluridine,-0.3097535694401843,-0.10688053907989555,Other,Antimetabolite,Other
Sapitinib (AZD8931),Veliparib (ABT-888),-0.2482234284980727,0.07348595500361077,Other,PARP inhibitor,Other
Sapitinib (AZD8931),"Vemurafenib (PLX4032, RG7204)",0.20448927181071427,0.5377333348719847,Other,MAPK inhibitor,Other
Sapitinib (AZD8931),Vinorelbine Tartrate,0.2032553303689531,-0.16827603819545278,Other,Other,Other
Sapitinib (AZD8931),"Vorinostat (SAHA, MK0683)",-0.08589702608099306,-0.06205126240790574,Other,Other,Other
Sapitinib (AZD8931),abemaciclib (LY2835219),-0.05959570498423357,-0.04465670897590217,Other,Other,Other
Sorafenib,Tanespimycin (17-AAG),0.6655673043331232,0.4557232247029043,MAPK inhibitor,Other,Other
Sorafenib,Taselisib (GDC 0032),0.5666205236027361,0.5755383320426375,MAPK inhibitor,Other,Other
Sorafenib,Temozolomide,0.38716213320484316,-0.410561020914098,MAPK inhibitor,Other,Other
Sorafenib,Triciribine,-0.17226084596136748,-0.08474808643548083,MAPK inhibitor,Other,Other
Sorafenib,Trifluridine,-0.14890164887391788,-0.12740720950915244,MAPK inhibitor,Antimetabolite,Other
Sorafenib,Veliparib (ABT-888),-0.21627652363498281,0.23676357020180488,MAPK inhibitor,PARP inhibitor,Other
Sorafenib,Vinorelbine Tartrate,0.37069080686268346,-0.08281970979716023,MAPK inhibitor,Other,Other
Sorafenib,"Vorinostat (SAHA, MK0683)",0.3053282551439961,0.11661164838184285,MAPK inhibitor,Other,Other
Sorafenib,abemaciclib (LY2835219),0.09239484316595876,0.33034233544098074,MAPK inhibitor,Other,Other
Tanespimycin (17-AAG),Taselisib (GDC 0032),0.5295240581645242,0.7805475836091544,Other,Other,Other
Tanespimycin (17-AAG),Temozolomide,0.3695952464701315,-0.01690044557632869,Other,Other,Other
Tanespimycin (17-AAG),Trametinib (GSK1120212),0.45087851736788814,0.8081734043091506,Other,MAPK inhibitor,Other
Tanespimycin (17-AAG),Triciribine,0.05046664428951429,0.04293111422189065,Other,Other,Other
Tanespimycin (17-AAG),Trifluridine,0.04637387109918263,0.23187105953740744,Other,Antimetabolite,Other
Tanespimycin (17-AAG),Veliparib (ABT-888),0.005258568885077849,0.16309581829654976,Other,PARP inhibitor,Other
Tanespimycin (17-AAG),"Vemurafenib (PLX4032, RG7204)",0.571404310241742,-0.11333792422276,Other,MAPK inhibitor,Other
Tanespimycin (17-AAG),Vinorelbine Tartrate,0.5070339303555909,0.3329583741128267,Other,Other,Other
Tanespimycin (17-AAG),"Vorinostat (SAHA, MK0683)",0.13585447508060342,0.29298838314949294,Other,Other,Other
Tanespimycin (17-AAG),abemaciclib (LY2835219),0.13472629425930444,0.20602395040790072,Other,Other,Other
Taselisib (GDC 0032),Temozolomide,0.33312412164805366,-0.12322566588362356,Other,Other,Other
Taselisib (GDC 0032),Trametinib (GSK1120212),0.33443420309030736,0.7479648205147842,Other,MAPK inhibitor,Other
Taselisib (GDC 0032),Triciribine,-0.2138523790718913,-0.29797392966516356,Other,Other,Other
Taselisib (GDC 0032),Trifluridine,-0.2890901703893477,-0.06678399223267384,Other,Antimetabolite,Other
Taselisib (GDC 0032),Veliparib (ABT-888),-0.231303066691965,-0.0773552411628536,Other,PARP inhibitor,Other
Taselisib (GDC 0032),"Vemurafenib (PLX4032, RG7204)",0.3426048568919046,-0.2484288361892389,Other,MAPK inhibitor,Other
Taselisib (GDC 0032),Vinorelbine Tartrate,0.44426008301673675,0.27298299103434587,Other,Other,Other
Taselisib (GDC 0032),"Vorinostat (SAHA, MK0683)",-0.01491595011615144,0.1559249227928613,Other,Other,Other
Taselisib (GDC 0032),abemaciclib (LY2835219),-0.10131767930798546,-0.02719062407794327,Other,Other,Other
Temozolomide,Trametinib (GSK1120212),0.21405890150878154,0.1609392728235036,Other,MAPK inhibitor,Other
Temozolomide,Triciribine,-0.10091363718773329,-0.04456444011561842,Other,Other,Other
Temozolomide,Trifluridine,-0.12350860436937007,0.14322061860630875,Other,Antimetabolite,Other
Temozolomide,Veliparib (ABT-888),-0.01073196889309084,0.16376376271957102,Other,PARP inhibitor,Other
Temozolomide,"Vemurafenib (PLX4032, RG7204)",0.3457143928443048,0.14781387167202195,Other,MAPK inhibitor,Other
Temozolomide,Vinorelbine Tartrate,0.17150459205075427,-0.021682576871790274,Other,Other,Other
Temozolomide,"Vorinostat (SAHA, MK0683)",0.023367228742562595,-0.07288420019344047,Other,Other,Other
Temozolomide,abemaciclib (LY2835219),0.015702320492202985,-0.1890796419860471,Other,Other,Other
Trametinib (GSK1120212),Triciribine,0.08903559193992301,-0.14082354647678724,MAPK inhibitor,Other,Other
Trametinib (GSK1120212),Trifluridine,0.15171897153397834,0.21981483760552087,MAPK inhibitor,Antimetabolite,Other
Trametinib (GSK1120212),Veliparib (ABT-888),0.08844933016560842,0.06413139559079835,MAPK inhibitor,PARP inhibitor,Other
Trametinib (GSK1120212),Vinorelbine Tartrate,0.42052296230484254,0.42130495051282746,MAPK inhibitor,Other,Other
Trametinib (GSK1120212),"Vorinostat (SAHA, MK0683)",0.5596685762094938,0.2198054031793562,MAPK inhibitor,Other,Other
Trametinib (GSK1120212),abemaciclib (LY2835219),0.37803745173283443,-0.04912522215042325,MAPK inhibitor,Other,Other
Triciribine,Trifluridine,0.7134296913345051,0.6318897997423981,Other,Antimetabolite,Other
Triciribine,Veliparib (ABT-888),0.6161969972420971,0.5832114330898068,Other,PARP inhibitor,Other
Triciribine,"Vemurafenib (PLX4032, RG7204)",-0.20112378334291062,0.21028975146779702,Other,MAPK inhibitor,Other
Triciribine,Vinorelbine Tartrate,0.0708078385725282,0.10528049961621128,Other,Other,Other
Triciribine,"Vorinostat (SAHA, MK0683)",0.1413912720462797,0.29696228062805313,Other,Other,Other
Triciribine,abemaciclib (LY2835219),0.6517666688633236,0.7085872808808321,Other,Other,Other
Trifluridine,"Vemurafenib (PLX4032, RG7204)",-0.11115440686151047,0.030933808243895015,Antimetabolite,MAPK inhibitor,Other
Trifluridine,Vinorelbine Tartrate,0.21734186188578145,0.5124830840350442,Antimetabolite,Other,Other
Trifluridine,"Vorinostat (SAHA, MK0683)",0.2506281529515516,0.4946177082209358,Antimetabolite,Other,Other
Trifluridine,abemaciclib (LY2835219),0.7413942570861641,0.5272275280914375,Antimetabolite,Other,Other
Veliparib (ABT-888),"Vemurafenib (PLX4032, RG7204)",-0.12602246373230844,-0.015258660672954819,PARP inhibitor,MAPK inhibitor,Other
Veliparib (ABT-888),Vinorelbine Tartrate,0.20053650194254025,-0.07793645867897761,PARP inhibitor,Other,Other
Veliparib (ABT-888),"Vorinostat (SAHA, MK0683)",0.08102792605548138,0.19319893898487966,PARP inhibitor,Other,Other
Veliparib (ABT-888),abemaciclib (LY2835219),0.6135275140821603,0.6031145264052603,PARP inhibitor,Other,Other
"Vemurafenib (PLX4032, RG7204)",Vinorelbine Tartrate,0.3233439961450514,0.046762806289774785,MAPK inhibitor,Other,Other
"Vemurafenib (PLX4032, RG7204)","Vorinostat (SAHA, MK0683)",0.15796100322434037,-0.05750726442829086,MAPK inhibitor,Other,Other
"Vemurafenib (PLX4032, RG7204)",abemaciclib (LY2835219),0.043726208013178704,-0.21552399834754438,MAPK inhibitor,Other,Other
Vinorelbine Tartrate,"Vorinostat (SAHA, MK0683)",0.04655026743913902,0.42946437845040136,Other,Other,Other
Vinorelbine Tartrate,abemaciclib (LY2835219),0.15202910559388966,0.04762475483988565,Other,Other,Other
"Vorinostat (SAHA, MK0683)",abemaciclib (LY2835219),0.5020119782519341,0.35681086877627216,Other,Other,Other
