source,channel,slice,wid,median_intensity
nyquist,HOECHST,0,PB100082_A02,0.037662864
nyquist,HOECHST,1,PB100082_A02,0.036912072
nyquist,HOECHST,2,PB100082_A02,0.036481634
nyquist,HOECHST,3,PB100082_A02,0.03732705
nyquist,HOECHST,4,PB100082_A02,0.03646581
nyquist,HOECHST,5,PB100082_A02,0.037747845
nyquist,HOECHST,6,PB100082_A02,0.03951363
nyquist,HOECHST,7,PB100082_A02,0.040339828
nyquist,HOECHST,8,PB100082_A02,0.040920433
nyquist,HOECHST,9,PB100082_A02,0.040018164
nyquist,HOECHST,10,PB100082_A02,0.040689427
nyquist,HOECHST,11,PB100082_A02,0.040270112
nyquist,HOECHST,12,PB100082_A02,0.04015837
nyquist,HOECHST,13,PB100082_A02,0.039286714
nyquist,HOECHST,14,PB100082_A02,0.038602367
nyquist,HOECHST,15,PB100082_A02,0.038793664
nyquist,HOECHST,16,PB100082_A02,0.038327314
nyquist,HOECHST,17,PB100082_A02,0.0375017
nyquist,HOECHST,18,PB100082_A02,0.037370108
nyquist,HOECHST,19,PB100082_A02,0.03754755
nyquist,HOECHST,20,PB100082_A02,0.037400603
nyquist,HOECHST,21,PB100082_A02,0.0367929
nyquist,HOECHST,22,PB100082_A02,0.03602769
nyquist,HOECHST,23,PB100082_A02,0.035963006
nyquist,HOECHST,24,PB100082_A02,0.03605532
nyquist,HOECHST,25,PB100082_A02,0.035486616
nyquist,HOECHST,26,PB100082_A02,0.03517939
nyquist,HOECHST,27,PB100082_A02,0.035000578
nyquist,HOECHST,28,PB100082_A02,0.03431388
nyquist,HOECHST,29,PB100082_A02,0.033964735
nyquist,HOECHST,30,PB100082_A02,0.034007616
nyquist,HOECHST,31,PB100082_A02,0.03377746
nyquist,HOECHST,32,PB100082_A02,0.034047432
nyquist,HOECHST,33,PB100082_A02,0.033889286
nyquist,HOECHST,34,PB100082_A02,0.034001507
nyquist,HOECHST,35,PB100082_A02,0.033551928
nyquist,HOECHST,36,PB100082_A02,0.033683233
nyquist,HOECHST,37,PB100082_A02,0.03344003
nyquist,HOECHST,38,PB100082_A02,0.03348771
nyquist,HOECHST,39,PB100082_A02,0.033202056
nyquist,HOECHST,40,PB100082_A02,0.033209644
nyquist,HOECHST,41,PB100082_A02,0.03221045
nyquist,HOECHST,42,PB100082_A02,0.032400128
nyquist,HOECHST,43,PB100082_A02,0.03203393
nyquist,HOECHST,1,PB100082_A08,0.0395649
nyquist,HOECHST,2,PB100082_A08,0.038835187
nyquist,HOECHST,3,PB100082_A08,0.039554577
nyquist,HOECHST,4,PB100082_A08,0.0403988
nyquist,HOECHST,5,PB100082_A08,0.04141876
nyquist,HOECHST,6,PB100082_A08,0.04330796
nyquist,HOECHST,7,PB100082_A08,0.046281543
nyquist,HOECHST,8,PB100082_A08,0.048541427
nyquist,HOECHST,9,PB100082_A08,0.048995703
nyquist,HOECHST,10,PB100082_A08,0.05168358
nyquist,HOECHST,11,PB100082_A08,0.052697666
nyquist,HOECHST,12,PB100082_A08,0.0530274
nyquist,HOECHST,13,PB100082_A08,0.052375294
nyquist,HOECHST,14,PB100082_A08,0.051832274
nyquist,HOECHST,15,PB100082_A08,0.052751593
nyquist,HOECHST,16,PB100082_A08,0.05201315
nyquist,HOECHST,17,PB100082_A08,0.05094354
nyquist,HOECHST,18,PB100082_A08,0.05166461
nyquist,HOECHST,19,PB100082_A08,0.050873026
nyquist,HOECHST,20,PB100082_A08,0.050422717
nyquist,HOECHST,21,PB100082_A08,0.048745967
nyquist,HOECHST,22,PB100082_A08,0.048629563
nyquist,HOECHST,23,PB100082_A08,0.047649294
nyquist,HOECHST,24,PB100082_A08,0.046711676
nyquist,HOECHST,25,PB100082_A08,0.04615052
nyquist,HOECHST,26,PB100082_A08,0.04506824
nyquist,HOECHST,27,PB100082_A08,0.043989625
nyquist,HOECHST,28,PB100082_A08,0.04421448
nyquist,HOECHST,29,PB100082_A08,0.042895652
nyquist,HOECHST,30,PB100082_A08,0.041566662
nyquist,HOECHST,31,PB100082_A08,0.041389644
nyquist,HOECHST,32,PB100082_A08,0.041516438
nyquist,HOECHST,33,PB100082_A08,0.041410785
nyquist,HOECHST,34,PB100082_A08,0.04137516
nyquist,HOECHST,35,PB100082_A08,0.041280456
nyquist,HOECHST,36,PB100082_A08,0.040917028
nyquist,HOECHST,37,PB100082_A08,0.04070014
nyquist,HOECHST,38,PB100082_A08,0.040615205
nyquist,HOECHST,39,PB100082_A08,0.039870232
nyquist,HOECHST,40,PB100082_A08,0.039831407
nyquist,HOECHST,41,PB100082_A08,0.040021367
nyquist,HOECHST,42,PB100082_A08,0.039962366
nyquist,HOECHST,43,PB100082_A08,0.039936617
nyquist,HOECHST,0,PB100082_B05,0.049296726
nyquist,HOECHST,1,PB100082_B05,0.04893832
nyquist,HOECHST,2,PB100082_B05,0.053269632
nyquist,HOECHST,3,PB100082_B05,0.05573508
nyquist,HOECHST,4,PB100082_B05,0.056248758
nyquist,HOECHST,5,PB100082_B05,0.058410402
nyquist,HOECHST,6,PB100082_B05,0.061497074
nyquist,HOECHST,7,PB100082_B05,0.06253123
nyquist,HOECHST,8,PB100082_B05,0.062217034
nyquist,HOECHST,9,PB100082_B05,0.061528508
nyquist,HOECHST,10,PB100082_B05,0.059256457
nyquist,HOECHST,11,PB100082_B05,0.060212184
nyquist,HOECHST,12,PB100082_B05,0.05979625
nyquist,HOECHST,13,PB100082_B05,0.059033465
nyquist,HOECHST,14,PB100082_B05,0.05819513
nyquist,HOECHST,15,PB100082_B05,0.056904715
nyquist,HOECHST,16,PB100082_B05,0.055337045
nyquist,HOECHST,17,PB100082_B05,0.054347407
nyquist,HOECHST,18,PB100082_B05,0.053982027
nyquist,HOECHST,19,PB100082_B05,0.05313511
nyquist,HOECHST,20,PB100082_B05,0.051797673
nyquist,HOECHST,21,PB100082_B05,0.051262476
nyquist,HOECHST,22,PB100082_B05,0.050828855
nyquist,HOECHST,23,PB100082_B05,0.05013717
nyquist,HOECHST,24,PB100082_B05,0.04982435
nyquist,HOECHST,25,PB100082_B05,0.049421657
nyquist,HOECHST,26,PB100082_B05,0.047762312
nyquist,HOECHST,27,PB100082_B05,0.047127713
nyquist,HOECHST,28,PB100082_B05,0.045850277
nyquist,HOECHST,29,PB100082_B05,0.045782678
nyquist,HOECHST,30,PB100082_B05,0.04485163
nyquist,HOECHST,31,PB100082_B05,0.04374221
nyquist,HOECHST,32,PB100082_B05,0.04307189
nyquist,HOECHST,33,PB100082_B05,0.042703506
nyquist,HOECHST,34,PB100082_B05,0.042709116
nyquist,HOECHST,35,PB100082_B05,0.04205275
nyquist,HOECHST,36,PB100082_B05,0.041721616
nyquist,HOECHST,37,PB100082_B05,0.041188188
nyquist,HOECHST,38,PB100082_B05,0.04036118
nyquist,HOECHST,39,PB100082_B05,0.040061206
nyquist,HOECHST,40,PB100082_B05,0.04055516
nyquist,HOECHST,41,PB100082_B05,0.040803086
nyquist,HOECHST,42,PB100082_B05,0.0406099
nyquist,HOECHST,43,PB100082_B05,0.04007828
nyquist,HOECHST,0,PB100082_C08,0.040380694
nyquist,HOECHST,1,PB100082_C08,0.040366262
nyquist,HOECHST,2,PB100082_C08,0.04092166
nyquist,HOECHST,3,PB100082_C08,0.042049594
nyquist,HOECHST,4,PB100082_C08,0.04533971
nyquist,HOECHST,5,PB100082_C08,0.04766605
nyquist,HOECHST,6,PB100082_C08,0.051848605
nyquist,HOECHST,7,PB100082_C08,0.05256806
nyquist,HOECHST,8,PB100082_C08,0.055909548
nyquist,HOECHST,9,PB100082_C08,0.057433084
nyquist,HOECHST,10,PB100082_C08,0.060890354
nyquist,HOECHST,11,PB100082_C08,0.0592426
nyquist,HOECHST,12,PB100082_C08,0.059862085
nyquist,HOECHST,13,PB100082_C08,0.059662748
nyquist,HOECHST,14,PB100082_C08,0.058644973
nyquist,HOECHST,15,PB100082_C08,0.05912223
nyquist,HOECHST,16,PB100082_C08,0.056730088
nyquist,HOECHST,17,PB100082_C08,0.057626124
nyquist,HOECHST,18,PB100082_C08,0.05558604
nyquist,HOECHST,19,PB100082_C08,0.055354074
nyquist,HOECHST,20,PB100082_C08,0.054281186
nyquist,HOECHST,21,PB100082_C08,0.05349717
nyquist,HOECHST,22,PB100082_C08,0.052351937
nyquist,HOECHST,23,PB100082_C08,0.052157626
nyquist,HOECHST,24,PB100082_C08,0.051330082
nyquist,HOECHST,25,PB100082_C08,0.049907107
nyquist,HOECHST,26,PB100082_C08,0.049332507
nyquist,HOECHST,27,PB100082_C08,0.047954373
nyquist,HOECHST,28,PB100082_C08,0.048536785
nyquist,HOECHST,29,PB100082_C08,0.0473829
nyquist,HOECHST,30,PB100082_C08,0.046730623
nyquist,HOECHST,31,PB100082_C08,0.046014365
nyquist,HOECHST,32,PB100082_C08,0.04525972
nyquist,HOECHST,33,PB100082_C08,0.044016205
nyquist,HOECHST,34,PB100082_C08,0.04406725
nyquist,HOECHST,35,PB100082_C08,0.042951025
nyquist,HOECHST,36,PB100082_C08,0.042499315
nyquist,HOECHST,37,PB100082_C08,0.04275277
nyquist,HOECHST,38,PB100082_C08,0.043347023
nyquist,HOECHST,39,PB100082_C08,0.04299839
nyquist,HOECHST,40,PB100082_C08,0.04265064
nyquist,HOECHST,41,PB100082_C08,0.04104299
nyquist,HOECHST,42,PB100082_C08,0.04085169
nyquist,HOECHST,43,PB100082_C08,0.040493473
nyquist,HOECHST,0,PB100082_D03,0.040610112
nyquist,HOECHST,1,PB100082_D03,0.043941967
nyquist,HOECHST,2,PB100082_D03,0.040154293
nyquist,HOECHST,3,PB100082_D03,0.04230903
nyquist,HOECHST,4,PB100082_D03,0.04219939
nyquist,HOECHST,5,PB100082_D03,0.044098586
nyquist,HOECHST,6,PB100082_D03,0.044902176
nyquist,HOECHST,7,PB100082_D03,0.045089297
nyquist,HOECHST,8,PB100082_D03,0.046584673
nyquist,HOECHST,9,PB100082_D03,0.046124347
nyquist,HOECHST,10,PB100082_D03,0.046670992
nyquist,HOECHST,11,PB100082_D03,0.046231683
nyquist,HOECHST,12,PB100082_D03,0.0453395
nyquist,HOECHST,13,PB100082_D03,0.04428453
nyquist,HOECHST,14,PB100082_D03,0.04471722
nyquist,HOECHST,15,PB100082_D03,0.04343341
nyquist,HOECHST,16,PB100082_D03,0.04341244
nyquist,HOECHST,17,PB100082_D03,0.043225575
nyquist,HOECHST,18,PB100082_D03,0.041221395
nyquist,HOECHST,19,PB100082_D03,0.04172819
nyquist,HOECHST,20,PB100082_D03,0.04150081
nyquist,HOECHST,21,PB100082_D03,0.03945471
nyquist,HOECHST,22,PB100082_D03,0.04037758
nyquist,HOECHST,23,PB100082_D03,0.040637262
nyquist,HOECHST,24,PB100082_D03,0.039355546
nyquist,HOECHST,25,PB100082_D03,0.03959372
nyquist,HOECHST,26,PB100082_D03,0.039669793
nyquist,HOECHST,27,PB100082_D03,0.038316615
nyquist,HOECHST,28,PB100082_D03,0.038054567
nyquist,HOECHST,29,PB100082_D03,0.037631556
nyquist,HOECHST,30,PB100082_D03,0.038172208
nyquist,HOECHST,31,PB100082_D03,0.036839694
nyquist,HOECHST,32,PB100082_D03,0.03699869
nyquist,HOECHST,33,PB100082_D03,0.03665808
nyquist,HOECHST,34,PB100082_D03,0.03654537
nyquist,HOECHST,35,PB100082_D03,0.036812034
nyquist,HOECHST,36,PB100082_D03,0.03662485
nyquist,HOECHST,37,PB100082_D03,0.03660445
nyquist,HOECHST,38,PB100082_D03,0.03679835
nyquist,HOECHST,39,PB100082_D03,0.036992237
nyquist,HOECHST,40,PB100082_D03,0.036297865
nyquist,HOECHST,41,PB100082_D03,0.036022563
nyquist,HOECHST,42,PB100082_D03,0.037845932
nyquist,HOECHST,43,PB100082_D03,0.038114816
nyquist,HOECHST,0,PB100082_E06,0.037846
nyquist,HOECHST,1,PB100082_E06,0.03906799
nyquist,HOECHST,2,PB100082_E06,0.041126803
nyquist,HOECHST,3,PB100082_E06,0.042146586
nyquist,HOECHST,4,PB100082_E06,0.043051828
nyquist,HOECHST,5,PB100082_E06,0.046314698
nyquist,HOECHST,6,PB100082_E06,0.04611993
nyquist,HOECHST,7,PB100082_E06,0.046433404
nyquist,HOECHST,8,PB100082_E06,0.047072418
nyquist,HOECHST,9,PB100082_E06,0.047336757
nyquist,HOECHST,10,PB100082_E06,0.047716156
nyquist,HOECHST,11,PB100082_E06,0.048418514
nyquist,HOECHST,12,PB100082_E06,0.04899783
nyquist,HOECHST,13,PB100082_E06,0.048360012
nyquist,HOECHST,14,PB100082_E06,0.04770479
nyquist,HOECHST,15,PB100082_E06,0.047444783
nyquist,HOECHST,16,PB100082_E06,0.047313575
nyquist,HOECHST,17,PB100082_E06,0.046799164
nyquist,HOECHST,18,PB100082_E06,0.04626043
nyquist,HOECHST,19,PB100082_E06,0.04541255
nyquist,HOECHST,20,PB100082_E06,0.04556298
nyquist,HOECHST,21,PB100082_E06,0.04485728
nyquist,HOECHST,22,PB100082_E06,0.04370626
nyquist,HOECHST,23,PB100082_E06,0.043212283
nyquist,HOECHST,24,PB100082_E06,0.04328804
nyquist,HOECHST,25,PB100082_E06,0.04234747
nyquist,HOECHST,26,PB100082_E06,0.041620906
nyquist,HOECHST,27,PB100082_E06,0.04110213
nyquist,HOECHST,28,PB100082_E06,0.040513463
nyquist,HOECHST,29,PB100082_E06,0.040149916
nyquist,HOECHST,30,PB100082_E06,0.03923863
nyquist,HOECHST,31,PB100082_E06,0.039512556
nyquist,HOECHST,32,PB100082_E06,0.03939157
nyquist,HOECHST,33,PB100082_E06,0.039003864
nyquist,HOECHST,34,PB100082_E06,0.038335823
nyquist,HOECHST,35,PB100082_E06,0.038182817
nyquist,HOECHST,36,PB100082_E06,0.037609685
nyquist,HOECHST,37,PB100082_E06,0.03726228
nyquist,HOECHST,38,PB100082_E06,0.03672884
nyquist,HOECHST,39,PB100082_E06,0.036103636
nyquist,HOECHST,40,PB100082_E06,0.036038283
nyquist,HOECHST,41,PB100082_E06,0.035620444
nyquist,HOECHST,42,PB100082_E06,0.035190657
nyquist,HOECHST,43,PB100082_E06,0.035358824
nyquist,HOECHST,0,PB100082_F01,0.0380428
nyquist,HOECHST,1,PB100082_F01,0.039914593
nyquist,HOECHST,2,PB100082_F01,0.036115993
nyquist,HOECHST,3,PB100082_F01,0.036874834
nyquist,HOECHST,4,PB100082_F01,0.036767274
nyquist,HOECHST,5,PB100082_F01,0.037758876
nyquist,HOECHST,6,PB100082_F01,0.039360285
nyquist,HOECHST,7,PB100082_F01,0.04036328
nyquist,HOECHST,8,PB100082_F01,0.040813744
nyquist,HOECHST,9,PB100082_F01,0.041456956
nyquist,HOECHST,10,PB100082_F01,0.042640403
nyquist,HOECHST,11,PB100082_F01,0.043464854
nyquist,HOECHST,12,PB100082_F01,0.04347474
nyquist,HOECHST,13,PB100082_F01,0.042650126
nyquist,HOECHST,14,PB100082_F01,0.041564457
nyquist,HOECHST,15,PB100082_F01,0.0418888
nyquist,HOECHST,16,PB100082_F01,0.04148552
nyquist,HOECHST,17,PB100082_F01,0.04149281
nyquist,HOECHST,18,PB100082_F01,0.040758215
nyquist,HOECHST,19,PB100082_F01,0.040596887
nyquist,HOECHST,20,PB100082_F01,0.04030077
nyquist,HOECHST,21,PB100082_F01,0.039754435
nyquist,HOECHST,22,PB100082_F01,0.03901732
nyquist,HOECHST,23,PB100082_F01,0.038972896
nyquist,HOECHST,24,PB100082_F01,0.039021395
nyquist,HOECHST,25,PB100082_F01,0.038653422
nyquist,HOECHST,26,PB100082_F01,0.038592137
nyquist,HOECHST,27,PB100082_F01,0.038267456
nyquist,HOECHST,28,PB100082_F01,0.037901144
nyquist,HOECHST,29,PB100082_F01,0.037090812
nyquist,HOECHST,30,PB100082_F01,0.03664703
nyquist,HOECHST,31,PB100082_F01,0.036075927
nyquist,HOECHST,32,PB100082_F01,0.036442094
nyquist,HOECHST,33,PB100082_F01,0.036383115
nyquist,HOECHST,34,PB100082_F01,0.035422552
nyquist,HOECHST,35,PB100082_F01,0.034514766
nyquist,HOECHST,36,PB100082_F01,0.034246378
nyquist,HOECHST,37,PB100082_F01,0.033961903
nyquist,HOECHST,38,PB100082_F01,0.034051627
nyquist,HOECHST,39,PB100082_F01,0.0341609
nyquist,HOECHST,40,PB100082_F01,0.03376424
nyquist,HOECHST,41,PB100082_F01,0.03264292
nyquist,HOECHST,42,PB100082_F01,0.032878608
nyquist,HOECHST,43,PB100082_F01,0.03277696
nyquist,HOECHST,0,PB100082_G04,0.034186274
nyquist,HOECHST,1,PB100082_G04,0.034588918
nyquist,HOECHST,2,PB100082_G04,0.03524812
nyquist,HOECHST,3,PB100082_G04,0.03536591
nyquist,HOECHST,4,PB100082_G04,0.03605571
nyquist,HOECHST,5,PB100082_G04,0.036634117
nyquist,HOECHST,6,PB100082_G04,0.037465278
nyquist,HOECHST,7,PB100082_G04,0.037399765
nyquist,HOECHST,8,PB100082_G04,0.03730703
nyquist,HOECHST,9,PB100082_G04,0.037801787
nyquist,HOECHST,10,PB100082_G04,0.037976734
nyquist,HOECHST,11,PB100082_G04,0.03729806
nyquist,HOECHST,12,PB100082_G04,0.03716163
nyquist,HOECHST,13,PB100082_G04,0.03750372
nyquist,HOECHST,14,PB100082_G04,0.03667102
nyquist,HOECHST,15,PB100082_G04,0.035865508
nyquist,HOECHST,16,PB100082_G04,0.03512449
nyquist,HOECHST,17,PB100082_G04,0.03567202
nyquist,HOECHST,18,PB100082_G04,0.034884103
nyquist,HOECHST,19,PB100082_G04,0.03446362
nyquist,HOECHST,20,PB100082_G04,0.03475497
nyquist,HOECHST,21,PB100082_G04,0.03262074
nyquist,HOECHST,22,PB100082_G04,0.031558987
nyquist,HOECHST,23,PB100082_G04,0.031924754
nyquist,HOECHST,24,PB100082_G04,0.032179035
nyquist,HOECHST,25,PB100082_G04,0.03187058
nyquist,HOECHST,26,PB100082_G04,0.030312065
nyquist,HOECHST,27,PB100082_G04,0.030145122
nyquist,HOECHST,28,PB100082_G04,0.030061902
nyquist,HOECHST,29,PB100082_G04,0.030124579
nyquist,HOECHST,30,PB100082_G04,0.029659025
nyquist,HOECHST,31,PB100082_G04,0.029306304
nyquist,HOECHST,32,PB100082_G04,0.029463422
nyquist,HOECHST,33,PB100082_G04,0.028882673
nyquist,HOECHST,34,PB100082_G04,0.028851692
nyquist,HOECHST,35,PB100082_G04,0.028846204
nyquist,HOECHST,36,PB100082_G04,0.029632501
nyquist,HOECHST,37,PB100082_G04,0.029734809
nyquist,HOECHST,38,PB100082_G04,0.028634412
nyquist,HOECHST,39,PB100082_G04,0.028596211
nyquist,HOECHST,40,PB100082_G04,0.029501513
nyquist,HOECHST,41,PB100082_G04,0.028834455
nyquist,HOECHST,42,PB100082_G04,0.027787346
nyquist,HOECHST,43,PB100082_G04,0.027242322
nyquist,HOECHST,0,PB100082_H01,0.02195238
nyquist,HOECHST,1,PB100082_H01,0.02466718
nyquist,HOECHST,2,PB100082_H01,0.024464315
nyquist,HOECHST,3,PB100082_H01,0.026448414
nyquist,HOECHST,4,PB100082_H01,0.024255697
nyquist,HOECHST,5,PB100082_H01,0.026972368
nyquist,HOECHST,6,PB100082_H01,0.02557324
nyquist,HOECHST,7,PB100082_H01,0.026668966
nyquist,HOECHST,8,PB100082_H01,0.026278287
nyquist,HOECHST,9,PB100082_H01,0.02804112
nyquist,HOECHST,10,PB100082_H01,0.028340917
nyquist,HOECHST,11,PB100082_H01,0.027268136
nyquist,HOECHST,12,PB100082_H01,0.028373288
nyquist,HOECHST,13,PB100082_H01,0.027562283
nyquist,HOECHST,14,PB100082_H01,0.02870086
nyquist,HOECHST,15,PB100082_H01,0.028612256
nyquist,HOECHST,16,PB100082_H01,0.027566379
nyquist,HOECHST,17,PB100082_H01,0.02868132
nyquist,HOECHST,18,PB100082_H01,0.027793393
nyquist,HOECHST,19,PB100082_H01,0.028039679
nyquist,HOECHST,20,PB100082_H01,0.027681358
nyquist,HOECHST,21,PB100082_H01,0.027937632
nyquist,HOECHST,22,PB100082_H01,0.029150426
nyquist,HOECHST,23,PB100082_H01,0.026747765
nyquist,HOECHST,24,PB100082_H01,0.027485507
nyquist,HOECHST,25,PB100082_H01,0.026752502
nyquist,HOECHST,26,PB100082_H01,0.02805865
nyquist,HOECHST,27,PB100082_H01,0.026577428
nyquist,HOECHST,28,PB100082_H01,0.026852056
nyquist,HOECHST,29,PB100082_H01,0.026955772
nyquist,HOECHST,30,PB100082_H01,0.025492791
nyquist,HOECHST,31,PB100082_H01,0.025275474
nyquist,HOECHST,32,PB100082_H01,0.025577959
nyquist,HOECHST,33,PB100082_H01,0.025868226
nyquist,HOECHST,34,PB100082_H01,0.026215734
nyquist,HOECHST,35,PB100082_H01,0.025799392
nyquist,HOECHST,36,PB100082_H01,0.024927918
nyquist,HOECHST,37,PB100082_H01,0.025985327
nyquist,HOECHST,38,PB100082_H01,0.026100403
nyquist,HOECHST,39,PB100082_H01,0.024763554
nyquist,HOECHST,40,PB100082_H01,0.024140103
nyquist,HOECHST,41,PB100082_H01,0.02351068
nyquist,HOECHST,42,PB100082_H01,0.023463536
nyquist,HOECHST,43,PB100082_H01,0.023458384
nyquist,HOECHST,0,PB100082_H07,0.03980151
nyquist,HOECHST,1,PB100082_H07,0.042209566
nyquist,HOECHST,2,PB100082_H07,0.042373966
nyquist,HOECHST,3,PB100082_H07,0.04269466
nyquist,HOECHST,4,PB100082_H07,0.042954303
nyquist,HOECHST,5,PB100082_H07,0.042499915
nyquist,HOECHST,6,PB100082_H07,0.043412678
nyquist,HOECHST,7,PB100082_H07,0.044321127
nyquist,HOECHST,8,PB100082_H07,0.045291662
nyquist,HOECHST,9,PB100082_H07,0.044966962
nyquist,HOECHST,10,PB100082_H07,0.045079608
nyquist,HOECHST,11,PB100082_H07,0.04511764
nyquist,HOECHST,12,PB100082_H07,0.045238815
nyquist,HOECHST,13,PB100082_H07,0.04412261
nyquist,HOECHST,14,PB100082_H07,0.04295609
nyquist,HOECHST,15,PB100082_H07,0.04195744
nyquist,HOECHST,16,PB100082_H07,0.04135985
nyquist,HOECHST,17,PB100082_H07,0.040288255
nyquist,HOECHST,18,PB100082_H07,0.039786413
nyquist,HOECHST,19,PB100082_H07,0.039406255
nyquist,HOECHST,20,PB100082_H07,0.03895428
nyquist,HOECHST,21,PB100082_H07,0.039016612
nyquist,HOECHST,22,PB100082_H07,0.038694177
nyquist,HOECHST,23,PB100082_H07,0.038085766
nyquist,HOECHST,24,PB100082_H07,0.038248077
nyquist,HOECHST,25,PB100082_H07,0.03812223
nyquist,HOECHST,26,PB100082_H07,0.03802077
nyquist,HOECHST,27,PB100082_H07,0.037426673
nyquist,HOECHST,28,PB100082_H07,0.036281087
nyquist,HOECHST,29,PB100082_H07,0.036520712
nyquist,HOECHST,30,PB100082_H07,0.036664046
nyquist,HOECHST,31,PB100082_H07,0.035757884
nyquist,HOECHST,32,PB100082_H07,0.03542313
nyquist,HOECHST,33,PB100082_H07,0.034803852
nyquist,HOECHST,34,PB100082_H07,0.034600273
nyquist,HOECHST,35,PB100082_H07,0.034817167
nyquist,HOECHST,36,PB100082_H07,0.035214007
nyquist,HOECHST,37,PB100082_H07,0.034173697
nyquist,HOECHST,38,PB100082_H07,0.034480203
nyquist,HOECHST,39,PB100082_H07,0.034098215
nyquist,HOECHST,40,PB100082_H07,0.03371673
nyquist,HOECHST,41,PB100082_H07,0.033567555
nyquist,HOECHST,42,PB100082_H07,0.033424668
nyquist,HOECHST,43,PB100082_H07,0.033377543
nyquist,HOECHST,0,PB100083_A02,0.027660765
nyquist,HOECHST,1,PB100083_A02,0.028218675
nyquist,HOECHST,2,PB100083_A02,0.028427236
nyquist,HOECHST,3,PB100083_A02,0.028614713
nyquist,HOECHST,4,PB100083_A02,0.028224649
nyquist,HOECHST,5,PB100083_A02,0.028016623
nyquist,HOECHST,6,PB100083_A02,0.028583284
nyquist,HOECHST,7,PB100083_A02,0.028869191
nyquist,HOECHST,8,PB100083_A02,0.028756501
nyquist,HOECHST,9,PB100083_A02,0.029069696
nyquist,HOECHST,10,PB100083_A02,0.028899744
nyquist,HOECHST,11,PB100083_A02,0.028172672
nyquist,HOECHST,12,PB100083_A02,0.027704274
nyquist,HOECHST,13,PB100083_A02,0.027457688
nyquist,HOECHST,14,PB100083_A02,0.027847234
nyquist,HOECHST,15,PB100083_A02,0.027978987
nyquist,HOECHST,16,PB100083_A02,0.027846929
nyquist,HOECHST,17,PB100083_A02,0.027268238
nyquist,HOECHST,18,PB100083_A02,0.027013805
nyquist,HOECHST,19,PB100083_A02,0.027089607
nyquist,HOECHST,20,PB100083_A02,0.026555607
nyquist,HOECHST,21,PB100083_A02,0.025927158
nyquist,HOECHST,22,PB100083_A02,0.025273312
nyquist,HOECHST,23,PB100083_A02,0.02468976
nyquist,HOECHST,24,PB100083_A02,0.02468229
nyquist,HOECHST,25,PB100083_A02,0.024793873
nyquist,HOECHST,26,PB100083_A02,0.024984319
nyquist,HOECHST,27,PB100083_A02,0.024807038
nyquist,HOECHST,28,PB100083_A02,0.024338208
nyquist,HOECHST,29,PB100083_A02,0.023815062
nyquist,HOECHST,30,PB100083_A02,0.023072947
nyquist,HOECHST,31,PB100083_A02,0.022066198
nyquist,HOECHST,32,PB100083_A02,0.023421308
nyquist,HOECHST,33,PB100083_A02,0.02348148
nyquist,HOECHST,34,PB100083_A02,0.022069521
nyquist,HOECHST,35,PB100083_A02,0.022794088
nyquist,HOECHST,36,PB100083_A02,0.020820512
nyquist,HOECHST,37,PB100083_A02,0.020746978
nyquist,HOECHST,38,PB100083_A02,0.021458045
nyquist,HOECHST,39,PB100083_A02,0.020732632
nyquist,HOECHST,40,PB100083_A02,0.020707745
nyquist,HOECHST,41,PB100083_A02,0.020738568
nyquist,HOECHST,42,PB100083_A02,0.021629326
nyquist,HOECHST,43,PB100083_A02,0.020878648
nyquist,HOECHST,0,PB100083_A08,0.041420195
nyquist,HOECHST,1,PB100083_A08,0.042783402
nyquist,HOECHST,2,PB100083_A08,0.043199103
nyquist,HOECHST,3,PB100083_A08,0.043709263
nyquist,HOECHST,4,PB100083_A08,0.044418983
nyquist,HOECHST,5,PB100083_A08,0.04387356
nyquist,HOECHST,6,PB100083_A08,0.044232454
nyquist,HOECHST,7,PB100083_A08,0.043683253
nyquist,HOECHST,8,PB100083_A08,0.044393994
nyquist,HOECHST,9,PB100083_A08,0.044036787
nyquist,HOECHST,10,PB100083_A08,0.044397824
nyquist,HOECHST,11,PB100083_A08,0.044105068
nyquist,HOECHST,12,PB100083_A08,0.043823797
nyquist,HOECHST,13,PB100083_A08,0.043415003
nyquist,HOECHST,14,PB100083_A08,0.041683294
nyquist,HOECHST,15,PB100083_A08,0.040326383
nyquist,HOECHST,16,PB100083_A08,0.03912192
nyquist,HOECHST,17,PB100083_A08,0.039738998
nyquist,HOECHST,18,PB100083_A08,0.038641766
nyquist,HOECHST,19,PB100083_A08,0.037881233
nyquist,HOECHST,20,PB100083_A08,0.03764125
nyquist,HOECHST,21,PB100083_A08,0.03719292
nyquist,HOECHST,22,PB100083_A08,0.037251353
nyquist,HOECHST,23,PB100083_A08,0.036106613
nyquist,HOECHST,24,PB100083_A08,0.035588495
nyquist,HOECHST,25,PB100083_A08,0.034728907
nyquist,HOECHST,26,PB100083_A08,0.03453693
nyquist,HOECHST,27,PB100083_A08,0.03425412
nyquist,HOECHST,28,PB100083_A08,0.03461738
nyquist,HOECHST,29,PB100083_A08,0.03473983
nyquist,HOECHST,30,PB100083_A08,0.034867216
nyquist,HOECHST,31,PB100083_A08,0.034948487
nyquist,HOECHST,32,PB100083_A08,0.03506381
nyquist,HOECHST,33,PB100083_A08,0.034633342
nyquist,HOECHST,34,PB100083_A08,0.035035938
nyquist,HOECHST,35,PB100083_A08,0.03424663
nyquist,HOECHST,36,PB100083_A08,0.03394721
nyquist,HOECHST,37,PB100083_A08,0.03409619
nyquist,HOECHST,38,PB100083_A08,0.033730023
nyquist,HOECHST,39,PB100083_A08,0.033711832
nyquist,HOECHST,40,PB100083_A08,0.033922717
nyquist,HOECHST,41,PB100083_A08,0.03374643
nyquist,HOECHST,42,PB100083_A08,0.03370607
nyquist,HOECHST,43,PB100083_A08,0.032930367
nyquist,HOECHST,0,PB100083_B05,0.043997902
nyquist,HOECHST,1,PB100083_B05,0.047202203
nyquist,HOECHST,2,PB100083_B05,0.048351806
nyquist,HOECHST,3,PB100083_B05,0.05018264
nyquist,HOECHST,4,PB100083_B05,0.0510028
nyquist,HOECHST,5,PB100083_B05,0.053304195
nyquist,HOECHST,6,PB100083_B05,0.055207647
nyquist,HOECHST,7,PB100083_B05,0.054991666
nyquist,HOECHST,8,PB100083_B05,0.052918326
nyquist,HOECHST,9,PB100083_B05,0.05219488
nyquist,HOECHST,10,PB100083_B05,0.052159853
nyquist,HOECHST,11,PB100083_B05,0.05140861
nyquist,HOECHST,12,PB100083_B05,0.050449308
nyquist,HOECHST,13,PB100083_B05,0.050506033
nyquist,HOECHST,14,PB100083_B05,0.05019886
nyquist,HOECHST,15,PB100083_B05,0.04863281
nyquist,HOECHST,16,PB100083_B05,0.047990303
nyquist,HOECHST,17,PB100083_B05,0.047685158
nyquist,HOECHST,18,PB100083_B05,0.047250547
nyquist,HOECHST,19,PB100083_B05,0.04653717
nyquist,HOECHST,20,PB100083_B05,0.045782097
nyquist,HOECHST,21,PB100083_B05,0.04523173
nyquist,HOECHST,22,PB100083_B05,0.04492022
nyquist,HOECHST,23,PB100083_B05,0.044754405
nyquist,HOECHST,24,PB100083_B05,0.04394394
nyquist,HOECHST,25,PB100083_B05,0.043919872
nyquist,HOECHST,26,PB100083_B05,0.04351648
nyquist,HOECHST,27,PB100083_B05,0.043832615
nyquist,HOECHST,28,PB100083_B05,0.044584863
nyquist,HOECHST,29,PB100083_B05,0.043871418
nyquist,HOECHST,30,PB100083_B05,0.044178616
nyquist,HOECHST,31,PB100083_B05,0.04418737
nyquist,HOECHST,32,PB100083_B05,0.042875167
nyquist,HOECHST,33,PB100083_B05,0.04286434
nyquist,HOECHST,34,PB100083_B05,0.041953497
nyquist,HOECHST,35,PB100083_B05,0.041769095
nyquist,HOECHST,36,PB100083_B05,0.039952688
nyquist,HOECHST,37,PB100083_B05,0.039546244
nyquist,HOECHST,38,PB100083_B05,0.04018023
nyquist,HOECHST,39,PB100083_B05,0.04186083
nyquist,HOECHST,40,PB100083_B05,0.040488396
nyquist,HOECHST,41,PB100083_B05,0.040532216
nyquist,HOECHST,42,PB100083_B05,0.040403903
nyquist,HOECHST,43,PB100083_B05,0.041325096
nyquist,HOECHST,0,PB100083_C08,0.04231496
nyquist,HOECHST,1,PB100083_C08,0.04575952
nyquist,HOECHST,2,PB100083_C08,0.048254922
nyquist,HOECHST,3,PB100083_C08,0.04881894
nyquist,HOECHST,4,PB100083_C08,0.04456732
nyquist,HOECHST,5,PB100083_C08,0.047996357
nyquist,HOECHST,6,PB100083_C08,0.04880494
nyquist,HOECHST,7,PB100083_C08,0.049198292
nyquist,HOECHST,8,PB100083_C08,0.047998726
nyquist,HOECHST,9,PB100083_C08,0.049016386
nyquist,HOECHST,10,PB100083_C08,0.04981966
nyquist,HOECHST,11,PB100083_C08,0.049153764
nyquist,HOECHST,12,PB100083_C08,0.05044935
nyquist,HOECHST,13,PB100083_C08,0.050792877
nyquist,HOECHST,14,PB100083_C08,0.050186582
nyquist,HOECHST,15,PB100083_C08,0.050635498
nyquist,HOECHST,16,PB100083_C08,0.050171245
nyquist,HOECHST,17,PB100083_C08,0.05047247
nyquist,HOECHST,18,PB100083_C08,0.049326696
nyquist,HOECHST,19,PB100083_C08,0.048977837
nyquist,HOECHST,20,PB100083_C08,0.047114745
nyquist,HOECHST,21,PB100083_C08,0.046742924
nyquist,HOECHST,22,PB100083_C08,0.047086205
nyquist,HOECHST,23,PB100083_C08,0.04616958
nyquist,HOECHST,24,PB100083_C08,0.045777336
nyquist,HOECHST,25,PB100083_C08,0.045216314
nyquist,HOECHST,26,PB100083_C08,0.044803783
nyquist,HOECHST,27,PB100083_C08,0.04416829
nyquist,HOECHST,28,PB100083_C08,0.04298248
nyquist,HOECHST,29,PB100083_C08,0.042637333
nyquist,HOECHST,30,PB100083_C08,0.04192572
nyquist,HOECHST,31,PB100083_C08,0.04161603
nyquist,HOECHST,32,PB100083_C08,0.042223476
nyquist,HOECHST,33,PB100083_C08,0.042543553
nyquist,HOECHST,34,PB100083_C08,0.042453874
nyquist,HOECHST,35,PB100083_C08,0.042527895
nyquist,HOECHST,36,PB100083_C08,0.04229135
nyquist,HOECHST,37,PB100083_C08,0.042371348
nyquist,HOECHST,38,PB100083_C08,0.04157049
nyquist,HOECHST,39,PB100083_C08,0.04135789
nyquist,HOECHST,40,PB100083_C08,0.04084858
nyquist,HOECHST,41,PB100083_C08,0.041026726
nyquist,HOECHST,42,PB100083_C08,0.041061815
nyquist,HOECHST,43,PB100083_C08,0.0406648
nyquist,HOECHST,0,PB100083_D03,0.041496318
nyquist,HOECHST,1,PB100083_D03,0.04242559
nyquist,HOECHST,2,PB100083_D03,0.04470052
nyquist,HOECHST,3,PB100083_D03,0.045291603
nyquist,HOECHST,4,PB100083_D03,0.044564195
nyquist,HOECHST,5,PB100083_D03,0.044460416
nyquist,HOECHST,6,PB100083_D03,0.044543736
nyquist,HOECHST,7,PB100083_D03,0.044236958
nyquist,HOECHST,8,PB100083_D03,0.043235637
nyquist,HOECHST,9,PB100083_D03,0.042638473
nyquist,HOECHST,10,PB100083_D03,0.04189014
nyquist,HOECHST,11,PB100083_D03,0.04262503
nyquist,HOECHST,12,PB100083_D03,0.041899048
nyquist,HOECHST,13,PB100083_D03,0.042751182
nyquist,HOECHST,14,PB100083_D03,0.042673428
nyquist,HOECHST,15,PB100083_D03,0.04226609
nyquist,HOECHST,16,PB100083_D03,0.041639045
nyquist,HOECHST,17,PB100083_D03,0.041522942
nyquist,HOECHST,18,PB100083_D03,0.04015787
nyquist,HOECHST,19,PB100083_D03,0.039045688
nyquist,HOECHST,20,PB100083_D03,0.037692577
nyquist,HOECHST,21,PB100083_D03,0.036909327
nyquist,HOECHST,22,PB100083_D03,0.03686235
nyquist,HOECHST,23,PB100083_D03,0.037150554
nyquist,HOECHST,24,PB100083_D03,0.036805958
nyquist,HOECHST,25,PB100083_D03,0.03635069
nyquist,HOECHST,26,PB100083_D03,0.036195047
nyquist,HOECHST,27,PB100083_D03,0.036127068
nyquist,HOECHST,28,PB100083_D03,0.035399165
nyquist,HOECHST,29,PB100083_D03,0.0351695
nyquist,HOECHST,30,PB100083_D03,0.03501978
nyquist,HOECHST,31,PB100083_D03,0.03525304
nyquist,HOECHST,32,PB100083_D03,0.034970414
nyquist,HOECHST,33,PB100083_D03,0.034598947
nyquist,HOECHST,34,PB100083_D03,0.034213964
nyquist,HOECHST,35,PB100083_D03,0.033710055
nyquist,HOECHST,36,PB100083_D03,0.03483778
nyquist,HOECHST,37,PB100083_D03,0.034469277
nyquist,HOECHST,38,PB100083_D03,0.033554982
nyquist,HOECHST,39,PB100083_D03,0.033455297
nyquist,HOECHST,40,PB100083_D03,0.033215683
nyquist,HOECHST,41,PB100083_D03,0.033460144
nyquist,HOECHST,42,PB100083_D03,0.033940755
nyquist,HOECHST,43,PB100083_D03,0.03303636
nyquist,HOECHST,1,PB100083_E06,0.03808575
nyquist,HOECHST,2,PB100083_E06,0.039970107
nyquist,HOECHST,3,PB100083_E06,0.039947342
nyquist,HOECHST,4,PB100083_E06,0.040427737
nyquist,HOECHST,5,PB100083_E06,0.04046581
nyquist,HOECHST,6,PB100083_E06,0.040880572
nyquist,HOECHST,7,PB100083_E06,0.04142079
nyquist,HOECHST,8,PB100083_E06,0.04103787
nyquist,HOECHST,9,PB100083_E06,0.041421793
nyquist,HOECHST,10,PB100083_E06,0.042012274
nyquist,HOECHST,11,PB100083_E06,0.04275216
nyquist,HOECHST,12,PB100083_E06,0.0420839
nyquist,HOECHST,13,PB100083_E06,0.04104488
nyquist,HOECHST,14,PB100083_E06,0.04258371
nyquist,HOECHST,15,PB100083_E06,0.041722625
nyquist,HOECHST,16,PB100083_E06,0.04211752
nyquist,HOECHST,17,PB100083_E06,0.04185091
nyquist,HOECHST,18,PB100083_E06,0.041868463
nyquist,HOECHST,19,PB100083_E06,0.04126819
nyquist,HOECHST,20,PB100083_E06,0.04002881
nyquist,HOECHST,21,PB100083_E06,0.039728586
nyquist,HOECHST,22,PB100083_E06,0.03957876
nyquist,HOECHST,23,PB100083_E06,0.039200615
nyquist,HOECHST,24,PB100083_E06,0.038876433
nyquist,HOECHST,25,PB100083_E06,0.038304497
nyquist,HOECHST,26,PB100083_E06,0.03786117
nyquist,HOECHST,27,PB100083_E06,0.037476398
nyquist,HOECHST,28,PB100083_E06,0.0383434
nyquist,HOECHST,29,PB100083_E06,0.038456373
nyquist,HOECHST,30,PB100083_E06,0.037843175
nyquist,HOECHST,31,PB100083_E06,0.0361628
nyquist,HOECHST,32,PB100083_E06,0.03624482
nyquist,HOECHST,33,PB100083_E06,0.036449216
nyquist,HOECHST,34,PB100083_E06,0.036337726
nyquist,HOECHST,35,PB100083_E06,0.03636861
nyquist,HOECHST,36,PB100083_E06,0.037929654
nyquist,HOECHST,37,PB100083_E06,0.038713146
nyquist,HOECHST,38,PB100083_E06,0.037079904
nyquist,HOECHST,39,PB100083_E06,0.037394114
nyquist,HOECHST,40,PB100083_E06,0.03761667
nyquist,HOECHST,41,PB100083_E06,0.03739818
nyquist,HOECHST,42,PB100083_E06,0.037451584
nyquist,HOECHST,43,PB100083_E06,0.037103668
nyquist,HOECHST,0,PB100083_F01,0.034865506
nyquist,HOECHST,1,PB100083_F01,0.033608533
nyquist,HOECHST,2,PB100083_F01,0.032742612
nyquist,HOECHST,3,PB100083_F01,0.032777645
nyquist,HOECHST,4,PB100083_F01,0.03297168
nyquist,HOECHST,5,PB100083_F01,0.033992507
nyquist,HOECHST,6,PB100083_F01,0.033958796
nyquist,HOECHST,7,PB100083_F01,0.033905085
nyquist,HOECHST,8,PB100083_F01,0.034114357
nyquist,HOECHST,9,PB100083_F01,0.034242477
nyquist,HOECHST,10,PB100083_F01,0.03467363
nyquist,HOECHST,11,PB100083_F01,0.035050783
nyquist,HOECHST,12,PB100083_F01,0.035369728
nyquist,HOECHST,13,PB100083_F01,0.035200916
nyquist,HOECHST,14,PB100083_F01,0.03529517
nyquist,HOECHST,15,PB100083_F01,0.034448214
nyquist,HOECHST,16,PB100083_F01,0.034674715
nyquist,HOECHST,17,PB100083_F01,0.03356339
nyquist,HOECHST,18,PB100083_F01,0.03364023
nyquist,HOECHST,19,PB100083_F01,0.033568125
nyquist,HOECHST,20,PB100083_F01,0.033577953
nyquist,HOECHST,21,PB100083_F01,0.032823134
nyquist,HOECHST,22,PB100083_F01,0.03216936
nyquist,HOECHST,23,PB100083_F01,0.031744592
nyquist,HOECHST,24,PB100083_F01,0.03158351
nyquist,HOECHST,25,PB100083_F01,0.031567782
nyquist,HOECHST,26,PB100083_F01,0.031566102
nyquist,HOECHST,27,PB100083_F01,0.031175328
nyquist,HOECHST,28,PB100083_F01,0.031493858
nyquist,HOECHST,29,PB100083_F01,0.03114709
nyquist,HOECHST,30,PB100083_F01,0.031052213
nyquist,HOECHST,31,PB100083_F01,0.030440334
nyquist,HOECHST,32,PB100083_F01,0.031415436
nyquist,HOECHST,33,PB100083_F01,0.031061817
nyquist,HOECHST,34,PB100083_F01,0.031238347
nyquist,HOECHST,35,PB100083_F01,0.029297603
nyquist,HOECHST,36,PB100083_F01,0.029470235
nyquist,HOECHST,37,PB100083_F01,0.028761659
nyquist,HOECHST,38,PB100083_F01,0.028527912
nyquist,HOECHST,39,PB100083_F01,0.02830852
nyquist,HOECHST,40,PB100083_F01,0.027517857
nyquist,HOECHST,41,PB100083_F01,0.028477905
nyquist,HOECHST,42,PB100083_F01,0.027582057
nyquist,HOECHST,43,PB100083_F01,0.027915213
nyquist,HOECHST,0,PB100083_G04,0.032443415
nyquist,HOECHST,1,PB100083_G04,0.033631824
nyquist,HOECHST,2,PB100083_G04,0.03485817
nyquist,HOECHST,3,PB100083_G04,0.035720363
nyquist,HOECHST,4,PB100083_G04,0.03820331
nyquist,HOECHST,5,PB100083_G04,0.040802196
nyquist,HOECHST,6,PB100083_G04,0.043050613
nyquist,HOECHST,7,PB100083_G04,0.044024043
nyquist,HOECHST,8,PB100083_G04,0.04677939
nyquist,HOECHST,9,PB100083_G04,0.046692144
nyquist,HOECHST,10,PB100083_G04,0.047518674
nyquist,HOECHST,11,PB100083_G04,0.04785888
nyquist,HOECHST,12,PB100083_G04,0.047584653
nyquist,HOECHST,13,PB100083_G04,0.04859277
nyquist,HOECHST,14,PB100083_G04,0.04854165
nyquist,HOECHST,15,PB100083_G04,0.04791378
nyquist,HOECHST,16,PB100083_G04,0.04824481
nyquist,HOECHST,17,PB100083_G04,0.047595598
nyquist,HOECHST,18,PB100083_G04,0.047220536
nyquist,HOECHST,19,PB100083_G04,0.046907395
nyquist,HOECHST,20,PB100083_G04,0.045274764
nyquist,HOECHST,21,PB100083_G04,0.044396292
nyquist,HOECHST,22,PB100083_G04,0.0445507
nyquist,HOECHST,23,PB100083_G04,0.04459075
nyquist,HOECHST,24,PB100083_G04,0.04591973
nyquist,HOECHST,25,PB100083_G04,0.04413046
nyquist,HOECHST,26,PB100083_G04,0.044021618
nyquist,HOECHST,27,PB100083_G04,0.0420707
nyquist,HOECHST,28,PB100083_G04,0.041554883
nyquist,HOECHST,29,PB100083_G04,0.04273257
nyquist,HOECHST,30,PB100083_G04,0.04274241
nyquist,HOECHST,31,PB100083_G04,0.040956058
nyquist,HOECHST,32,PB100083_G04,0.039074793
nyquist,HOECHST,33,PB100083_G04,0.040620264
nyquist,HOECHST,34,PB100083_G04,0.039166234
nyquist,HOECHST,35,PB100083_G04,0.040907707
nyquist,HOECHST,36,PB100083_G04,0.03947545
nyquist,HOECHST,37,PB100083_G04,0.039830275
nyquist,HOECHST,38,PB100083_G04,0.038610402
nyquist,HOECHST,39,PB100083_G04,0.038808886
nyquist,HOECHST,40,PB100083_G04,0.039556503
nyquist,HOECHST,41,PB100083_G04,0.03951224
nyquist,HOECHST,42,PB100083_G04,0.037714064
nyquist,HOECHST,43,PB100083_G04,0.03825434
nyquist,HOECHST,0,PB100083_H01,0.033528388
nyquist,HOECHST,1,PB100083_H01,0.034833863
nyquist,HOECHST,2,PB100083_H01,0.03492233
nyquist,HOECHST,3,PB100083_H01,0.036410324
nyquist,HOECHST,4,PB100083_H01,0.037644267
nyquist,HOECHST,5,PB100083_H01,0.03888667
nyquist,HOECHST,6,PB100083_H01,0.038193498
nyquist,HOECHST,7,PB100083_H01,0.038019735
nyquist,HOECHST,8,PB100083_H01,0.03848737
nyquist,HOECHST,9,PB100083_H01,0.03771311
nyquist,HOECHST,10,PB100083_H01,0.038191788
nyquist,HOECHST,11,PB100083_H01,0.03729625
nyquist,HOECHST,12,PB100083_H01,0.037809685
nyquist,HOECHST,13,PB100083_H01,0.037803188
nyquist,HOECHST,14,PB100083_H01,0.03784312
nyquist,HOECHST,15,PB100083_H01,0.03745279
nyquist,HOECHST,16,PB100083_H01,0.037260786
nyquist,HOECHST,17,PB100083_H01,0.037153177
nyquist,HOECHST,18,PB100083_H01,0.036818787
nyquist,HOECHST,19,PB100083_H01,0.036463484
nyquist,HOECHST,20,PB100083_H01,0.036496438
nyquist,HOECHST,21,PB100083_H01,0.03600686
nyquist,HOECHST,22,PB100083_H01,0.035371512
nyquist,HOECHST,23,PB100083_H01,0.03481479
nyquist,HOECHST,24,PB100083_H01,0.034357682
nyquist,HOECHST,25,PB100083_H01,0.034654416
nyquist,HOECHST,26,PB100083_H01,0.0350596
nyquist,HOECHST,27,PB100083_H01,0.033716872
nyquist,HOECHST,28,PB100083_H01,0.03337547
nyquist,HOECHST,29,PB100083_H01,0.033011198
nyquist,HOECHST,30,PB100083_H01,0.031683333
nyquist,HOECHST,31,PB100083_H01,0.031935707
nyquist,HOECHST,32,PB100083_H01,0.03240629
nyquist,HOECHST,33,PB100083_H01,0.03146421
nyquist,HOECHST,34,PB100083_H01,0.031285476
nyquist,HOECHST,35,PB100083_H01,0.031357076
nyquist,HOECHST,36,PB100083_H01,0.031329565
nyquist,HOECHST,37,PB100083_H01,0.031630598
nyquist,HOECHST,38,PB100083_H01,0.031172186
nyquist,HOECHST,39,PB100083_H01,0.029979326
nyquist,HOECHST,40,PB100083_H01,0.030297456
nyquist,HOECHST,41,PB100083_H01,0.029745122
nyquist,HOECHST,42,PB100083_H01,0.030007955
nyquist,HOECHST,43,PB100083_H01,0.029955577
nyquist,HOECHST,0,PB100083_H07,0.032407638
nyquist,HOECHST,1,PB100083_H07,0.032646224
nyquist,HOECHST,2,PB100083_H07,0.03302812
nyquist,HOECHST,3,PB100083_H07,0.03364683
nyquist,HOECHST,4,PB100083_H07,0.034467395
nyquist,HOECHST,5,PB100083_H07,0.03521441
nyquist,HOECHST,6,PB100083_H07,0.034732718
nyquist,HOECHST,7,PB100083_H07,0.03424492
nyquist,HOECHST,8,PB100083_H07,0.034461405
nyquist,HOECHST,9,PB100083_H07,0.034270804
nyquist,HOECHST,10,PB100083_H07,0.03386918
nyquist,HOECHST,11,PB100083_H07,0.033891227
nyquist,HOECHST,12,PB100083_H07,0.033425283
nyquist,HOECHST,13,PB100083_H07,0.03336918
nyquist,HOECHST,14,PB100083_H07,0.03344167
nyquist,HOECHST,15,PB100083_H07,0.033072796
nyquist,HOECHST,16,PB100083_H07,0.03216075
nyquist,HOECHST,17,PB100083_H07,0.03216564
nyquist,HOECHST,18,PB100083_H07,0.032603554
nyquist,HOECHST,19,PB100083_H07,0.032216735
nyquist,HOECHST,20,PB100083_H07,0.032415684
nyquist,HOECHST,21,PB100083_H07,0.032540783
nyquist,HOECHST,22,PB100083_H07,0.0322835
nyquist,HOECHST,23,PB100083_H07,0.032112822
nyquist,HOECHST,24,PB100083_H07,0.032086905
nyquist,HOECHST,25,PB100083_H07,0.031598266
nyquist,HOECHST,26,PB100083_H07,0.031742547
nyquist,HOECHST,27,PB100083_H07,0.030831808
nyquist,HOECHST,28,PB100083_H07,0.03071316
nyquist,HOECHST,29,PB100083_H07,0.031407427
nyquist,HOECHST,30,PB100083_H07,0.030657228
nyquist,HOECHST,31,PB100083_H07,0.030301526
nyquist,HOECHST,32,PB100083_H07,0.030810205
nyquist,HOECHST,33,PB100083_H07,0.031418376
nyquist,HOECHST,34,PB100083_H07,0.030653698
nyquist,HOECHST,35,PB100083_H07,0.030267294
nyquist,HOECHST,36,PB100083_H07,0.030098982
nyquist,HOECHST,37,PB100083_H07,0.030037306
nyquist,HOECHST,38,PB100083_H07,0.030789506
nyquist,HOECHST,39,PB100083_H07,0.029803108
nyquist,HOECHST,40,PB100083_H07,0.029889308
nyquist,HOECHST,41,PB100083_H07,0.029529443
nyquist,HOECHST,42,PB100083_H07,0.028473355
nyquist,HOECHST,43,PB100083_H07,0.029483547
nyquist,MITO,0,PB100082_A02,0.021408202
nyquist,MITO,1,PB100082_A02,0.01938601
nyquist,MITO,2,PB100082_A02,0.019978015
nyquist,MITO,3,PB100082_A02,0.020523736
nyquist,MITO,4,PB100082_A02,0.021128632
nyquist,MITO,5,PB100082_A02,0.021505728
nyquist,MITO,6,PB100082_A02,0.021212727
nyquist,MITO,7,PB100082_A02,0.02090053
nyquist,MITO,8,PB100082_A02,0.020983517
nyquist,MITO,9,PB100082_A02,0.020773528
nyquist,MITO,10,PB100082_A02,0.020769566
nyquist,MITO,11,PB100082_A02,0.020473933
nyquist,MITO,12,PB100082_A02,0.020232355
nyquist,MITO,13,PB100082_A02,0.02016233
nyquist,MITO,14,PB100082_A02,0.02013574
nyquist,MITO,15,PB100082_A02,0.020595644
nyquist,MITO,16,PB100082_A02,0.020218108
nyquist,MITO,17,PB100082_A02,0.020276643
nyquist,MITO,18,PB100082_A02,0.02016755
nyquist,MITO,19,PB100082_A02,0.020124948
nyquist,MITO,20,PB100082_A02,0.020212244
nyquist,MITO,21,PB100082_A02,0.019332998
nyquist,MITO,22,PB100082_A02,0.019203389
nyquist,MITO,23,PB100082_A02,0.020115461
nyquist,MITO,24,PB100082_A02,0.020125685
nyquist,MITO,25,PB100082_A02,0.020260341
nyquist,MITO,26,PB100082_A02,0.020215506
nyquist,MITO,27,PB100082_A02,0.020146782
nyquist,MITO,28,PB100082_A02,0.019815238
nyquist,MITO,29,PB100082_A02,0.019689333
nyquist,MITO,30,PB100082_A02,0.019710176
nyquist,MITO,31,PB100082_A02,0.019600036
nyquist,MITO,32,PB100082_A02,0.02015845
nyquist,MITO,33,PB100082_A02,0.020262055
nyquist,MITO,34,PB100082_A02,0.019958504
nyquist,MITO,35,PB100082_A02,0.020069215
nyquist,MITO,36,PB100082_A02,0.020213977
nyquist,MITO,37,PB100082_A02,0.02009653
nyquist,MITO,38,PB100082_A02,0.019901343
nyquist,MITO,39,PB100082_A02,0.019942537
nyquist,MITO,40,PB100082_A02,0.019989258
nyquist,MITO,41,PB100082_A02,0.019844351
nyquist,MITO,42,PB100082_A02,0.019927967
nyquist,MITO,43,PB100082_A02,0.019882035
nyquist,MITO,1,PB100082_A08,0.019864049
nyquist,MITO,2,PB100082_A08,0.020028193
nyquist,MITO,3,PB100082_A08,0.020168055
nyquist,MITO,4,PB100082_A08,0.019936783
nyquist,MITO,5,PB100082_A08,0.020508531
nyquist,MITO,6,PB100082_A08,0.021263665
nyquist,MITO,7,PB100082_A08,0.021973226
nyquist,MITO,8,PB100082_A08,0.022574669
nyquist,MITO,9,PB100082_A08,0.022745207
nyquist,MITO,10,PB100082_A08,0.022902736
nyquist,MITO,11,PB100082_A08,0.02308346
nyquist,MITO,12,PB100082_A08,0.023416486
nyquist,MITO,13,PB100082_A08,0.023034569
nyquist,MITO,14,PB100082_A08,0.022897627
nyquist,MITO,15,PB100082_A08,0.022840971
nyquist,MITO,16,PB100082_A08,0.022711458
nyquist,MITO,17,PB100082_A08,0.022456491
nyquist,MITO,18,PB100082_A08,0.02248504
nyquist,MITO,19,PB100082_A08,0.022347547
nyquist,MITO,20,PB100082_A08,0.022374284
nyquist,MITO,21,PB100082_A08,0.022074444
nyquist,MITO,22,PB100082_A08,0.022027453
nyquist,MITO,23,PB100082_A08,0.021986369
nyquist,MITO,24,PB100082_A08,0.02184489
nyquist,MITO,25,PB100082_A08,0.021757875
nyquist,MITO,26,PB100082_A08,0.021641452
nyquist,MITO,27,PB100082_A08,0.021606963
nyquist,MITO,28,PB100082_A08,0.021561818
nyquist,MITO,29,PB100082_A08,0.021447849
nyquist,MITO,30,PB100082_A08,0.020668607
nyquist,MITO,31,PB100082_A08,0.020723954
nyquist,MITO,32,PB100082_A08,0.020608442
nyquist,MITO,33,PB100082_A08,0.020759385
nyquist,MITO,34,PB100082_A08,0.02052991
nyquist,MITO,35,PB100082_A08,0.020678325
nyquist,MITO,36,PB100082_A08,0.020598149
nyquist,MITO,37,PB100082_A08,0.020558367
nyquist,MITO,38,PB100082_A08,0.020520266
nyquist,MITO,39,PB100082_A08,0.020329546
nyquist,MITO,40,PB100082_A08,0.020481654
nyquist,MITO,41,PB100082_A08,0.020490596
nyquist,MITO,42,PB100082_A08,0.020230602
nyquist,MITO,43,PB100082_A08,0.020109124
nyquist,MITO,0,PB100082_B05,0.02632565
nyquist,MITO,1,PB100082_B05,0.02617069
nyquist,MITO,2,PB100082_B05,0.02772652
nyquist,MITO,3,PB100082_B05,0.029401198
nyquist,MITO,4,PB100082_B05,0.02916855
nyquist,MITO,5,PB100082_B05,0.0293563
nyquist,MITO,6,PB100082_B05,0.028829474
nyquist,MITO,7,PB100082_B05,0.028432239
nyquist,MITO,8,PB100082_B05,0.027926667
nyquist,MITO,9,PB100082_B05,0.026510123
nyquist,MITO,10,PB100082_B05,0.025694214
nyquist,MITO,11,PB100082_B05,0.025726315
nyquist,MITO,12,PB100082_B05,0.025529556
nyquist,MITO,13,PB100082_B05,0.025076259
nyquist,MITO,14,PB100082_B05,0.025150282
nyquist,MITO,15,PB100082_B05,0.024979822
nyquist,MITO,16,PB100082_B05,0.02489974
nyquist,MITO,17,PB100082_B05,0.024892703
nyquist,MITO,18,PB100082_B05,0.025167739
nyquist,MITO,19,PB100082_B05,0.024884408
nyquist,MITO,20,PB100082_B05,0.023741825
nyquist,MITO,21,PB100082_B05,0.024328105
nyquist,MITO,22,PB100082_B05,0.024371848
nyquist,MITO,23,PB100082_B05,0.024144448
nyquist,MITO,24,PB100082_B05,0.023715386
nyquist,MITO,25,PB100082_B05,0.023737337
nyquist,MITO,26,PB100082_B05,0.023042314
nyquist,MITO,27,PB100082_B05,0.022400673
nyquist,MITO,28,PB100082_B05,0.022268923
nyquist,MITO,29,PB100082_B05,0.022725413
nyquist,MITO,30,PB100082_B05,0.023025643
nyquist,MITO,31,PB100082_B05,0.02243961
nyquist,MITO,32,PB100082_B05,0.022741051
nyquist,MITO,33,PB100082_B05,0.021971583
nyquist,MITO,34,PB100082_B05,0.022254556
nyquist,MITO,35,PB100082_B05,0.02202915
nyquist,MITO,36,PB100082_B05,0.022277214
nyquist,MITO,37,PB100082_B05,0.021699425
nyquist,MITO,38,PB100082_B05,0.02096717
nyquist,MITO,39,PB100082_B05,0.021201104
nyquist,MITO,40,PB100082_B05,0.021786822
nyquist,MITO,41,PB100082_B05,0.021779813
nyquist,MITO,42,PB100082_B05,0.022065356
nyquist,MITO,43,PB100082_B05,0.022499148
nyquist,MITO,0,PB100082_C08,0.02525034
nyquist,MITO,1,PB100082_C08,0.02392447
nyquist,MITO,2,PB100082_C08,0.024876257
nyquist,MITO,3,PB100082_C08,0.025066484
nyquist,MITO,4,PB100082_C08,0.027021326
nyquist,MITO,5,PB100082_C08,0.029108189
nyquist,MITO,6,PB100082_C08,0.03179529
nyquist,MITO,7,PB100082_C08,0.033043608
nyquist,MITO,8,PB100082_C08,0.034608774
nyquist,MITO,9,PB100082_C08,0.03406305
nyquist,MITO,10,PB100082_C08,0.033974495
nyquist,MITO,11,PB100082_C08,0.033362295
nyquist,MITO,12,PB100082_C08,0.032443445
nyquist,MITO,13,PB100082_C08,0.031194199
nyquist,MITO,14,PB100082_C08,0.030103978
nyquist,MITO,15,PB100082_C08,0.029073786
nyquist,MITO,16,PB100082_C08,0.028537607
nyquist,MITO,17,PB100082_C08,0.028118068
nyquist,MITO,18,PB100082_C08,0.0276375
nyquist,MITO,19,PB100082_C08,0.02740983
nyquist,MITO,20,PB100082_C08,0.026718771
nyquist,MITO,21,PB100082_C08,0.026630549
nyquist,MITO,22,PB100082_C08,0.026166845
nyquist,MITO,23,PB100082_C08,0.025489954
nyquist,MITO,24,PB100082_C08,0.02574529
nyquist,MITO,25,PB100082_C08,0.025199413
nyquist,MITO,26,PB100082_C08,0.024219377
nyquist,MITO,27,PB100082_C08,0.023863647
nyquist,MITO,28,PB100082_C08,0.023532141
nyquist,MITO,29,PB100082_C08,0.023104317
nyquist,MITO,30,PB100082_C08,0.023111915
nyquist,MITO,31,PB100082_C08,0.023724718
nyquist,MITO,32,PB100082_C08,0.023248114
nyquist,MITO,33,PB100082_C08,0.02240336
nyquist,MITO,34,PB100082_C08,0.022235598
nyquist,MITO,35,PB100082_C08,0.022076827
nyquist,MITO,36,PB100082_C08,0.021559166
nyquist,MITO,37,PB100082_C08,0.021257123
nyquist,MITO,38,PB100082_C08,0.021443635
nyquist,MITO,39,PB100082_C08,0.021980846
nyquist,MITO,40,PB100082_C08,0.02079515
nyquist,MITO,41,PB100082_C08,0.019877693
nyquist,MITO,42,PB100082_C08,0.019344533
nyquist,MITO,43,PB100082_C08,0.019372074
nyquist,MITO,0,PB100082_D03,0.030253753
nyquist,MITO,1,PB100082_D03,0.031152492
nyquist,MITO,2,PB100082_D03,0.02905228
nyquist,MITO,3,PB100082_D03,0.029947288
nyquist,MITO,4,PB100082_D03,0.028825719
nyquist,MITO,5,PB100082_D03,0.029780265
nyquist,MITO,6,PB100082_D03,0.031741865
nyquist,MITO,7,PB100082_D03,0.032804396
nyquist,MITO,8,PB100082_D03,0.03266578
nyquist,MITO,9,PB100082_D03,0.03210793
nyquist,MITO,10,PB100082_D03,0.032042976
nyquist,MITO,11,PB100082_D03,0.031136883
nyquist,MITO,12,PB100082_D03,0.03072884
nyquist,MITO,13,PB100082_D03,0.029432252
nyquist,MITO,14,PB100082_D03,0.02930016
nyquist,MITO,15,PB100082_D03,0.0286213
nyquist,MITO,16,PB100082_D03,0.02812567
nyquist,MITO,17,PB100082_D03,0.027080556
nyquist,MITO,18,PB100082_D03,0.026532488
nyquist,MITO,19,PB100082_D03,0.026032224
nyquist,MITO,20,PB100082_D03,0.025664095
nyquist,MITO,21,PB100082_D03,0.025084153
nyquist,MITO,22,PB100082_D03,0.024881598
nyquist,MITO,23,PB100082_D03,0.02463674
nyquist,MITO,24,PB100082_D03,0.024172911
nyquist,MITO,25,PB100082_D03,0.023856472
nyquist,MITO,26,PB100082_D03,0.023758363
nyquist,MITO,27,PB100082_D03,0.023368532
nyquist,MITO,28,PB100082_D03,0.02303487
nyquist,MITO,29,PB100082_D03,0.022756498
nyquist,MITO,30,PB100082_D03,0.022824975
nyquist,MITO,31,PB100082_D03,0.022516463
nyquist,MITO,32,PB100082_D03,0.022492478
nyquist,MITO,33,PB100082_D03,0.022689633
nyquist,MITO,34,PB100082_D03,0.022477185
nyquist,MITO,35,PB100082_D03,0.022486635
nyquist,MITO,36,PB100082_D03,0.02224256
nyquist,MITO,37,PB100082_D03,0.022047805
nyquist,MITO,38,PB100082_D03,0.021964883
nyquist,MITO,39,PB100082_D03,0.021794442
nyquist,MITO,40,PB100082_D03,0.021866977
nyquist,MITO,41,PB100082_D03,0.02199691
nyquist,MITO,42,PB100082_D03,0.022586882
nyquist,MITO,43,PB100082_D03,0.022516714
nyquist,MITO,0,PB100082_E06,0.023308381
nyquist,MITO,1,PB100082_E06,0.02345348
nyquist,MITO,2,PB100082_E06,0.024792518
nyquist,MITO,3,PB100082_E06,0.025650874
nyquist,MITO,4,PB100082_E06,0.025719006
nyquist,MITO,5,PB100082_E06,0.026796838
nyquist,MITO,6,PB100082_E06,0.027464148
nyquist,MITO,7,PB100082_E06,0.027998123
nyquist,MITO,8,PB100082_E06,0.027787335
nyquist,MITO,9,PB100082_E06,0.027006328
nyquist,MITO,10,PB100082_E06,0.026266776
nyquist,MITO,11,PB100082_E06,0.026589982
nyquist,MITO,12,PB100082_E06,0.02604001
nyquist,MITO,13,PB100082_E06,0.02566533
nyquist,MITO,14,PB100082_E06,0.026120678
nyquist,MITO,15,PB100082_E06,0.02578894
nyquist,MITO,16,PB100082_E06,0.025669025
nyquist,MITO,17,PB100082_E06,0.02505916
nyquist,MITO,18,PB100082_E06,0.02520129
nyquist,MITO,19,PB100082_E06,0.025315203
nyquist,MITO,20,PB100082_E06,0.024784941
nyquist,MITO,21,PB100082_E06,0.02433581
nyquist,MITO,22,PB100082_E06,0.02390001
nyquist,MITO,23,PB100082_E06,0.023936374
nyquist,MITO,24,PB100082_E06,0.024249636
nyquist,MITO,25,PB100082_E06,0.024302024
nyquist,MITO,26,PB100082_E06,0.024287032
nyquist,MITO,27,PB100082_E06,0.022524802
nyquist,MITO,28,PB100082_E06,0.022080503
nyquist,MITO,29,PB100082_E06,0.022078259
nyquist,MITO,30,PB100082_E06,0.021263495
nyquist,MITO,31,PB100082_E06,0.02153179
nyquist,MITO,32,PB100082_E06,0.022079885
nyquist,MITO,33,PB100082_E06,0.021873236
nyquist,MITO,34,PB100082_E06,0.02205183
nyquist,MITO,35,PB100082_E06,0.02147362
nyquist,MITO,36,PB100082_E06,0.020967811
nyquist,MITO,37,PB100082_E06,0.020729547
nyquist,MITO,38,PB100082_E06,0.020042393
nyquist,MITO,39,PB100082_E06,0.019882798
nyquist,MITO,40,PB100082_E06,0.020114625
nyquist,MITO,41,PB100082_E06,0.01885614
nyquist,MITO,42,PB100082_E06,0.02047011
nyquist,MITO,43,PB100082_E06,0.02095382
nyquist,MITO,0,PB100082_F01,0.02554348
nyquist,MITO,1,PB100082_F01,0.02591294
nyquist,MITO,2,PB100082_F01,0.026585603
nyquist,MITO,3,PB100082_F01,0.026056038
nyquist,MITO,4,PB100082_F01,0.025251923
nyquist,MITO,5,PB100082_F01,0.026069108
nyquist,MITO,6,PB100082_F01,0.026854463
nyquist,MITO,7,PB100082_F01,0.027409483
nyquist,MITO,8,PB100082_F01,0.027421
nyquist,MITO,9,PB100082_F01,0.027443955
nyquist,MITO,10,PB100082_F01,0.02746219
nyquist,MITO,11,PB100082_F01,0.02729214
nyquist,MITO,12,PB100082_F01,0.026670054
nyquist,MITO,13,PB100082_F01,0.026275123
nyquist,MITO,14,PB100082_F01,0.02596855
nyquist,MITO,15,PB100082_F01,0.025690902
nyquist,MITO,16,PB100082_F01,0.025526978
nyquist,MITO,17,PB100082_F01,0.02536352
nyquist,MITO,18,PB100082_F01,0.02471555
nyquist,MITO,19,PB100082_F01,0.024608795
nyquist,MITO,20,PB100082_F01,0.025244365
nyquist,MITO,21,PB100082_F01,0.024978608
nyquist,MITO,22,PB100082_F01,0.024435325
nyquist,MITO,23,PB100082_F01,0.024520827
nyquist,MITO,24,PB100082_F01,0.023915406
nyquist,MITO,25,PB100082_F01,0.023442581
nyquist,MITO,26,PB100082_F01,0.023204966
nyquist,MITO,27,PB100082_F01,0.02221413
nyquist,MITO,28,PB100082_F01,0.022708304
nyquist,MITO,29,PB100082_F01,0.022487834
nyquist,MITO,30,PB100082_F01,0.022414941
nyquist,MITO,31,PB100082_F01,0.02247889
nyquist,MITO,32,PB100082_F01,0.021758145
nyquist,MITO,33,PB100082_F01,0.021874812
nyquist,MITO,34,PB100082_F01,0.021064866
nyquist,MITO,35,PB100082_F01,0.020841725
nyquist,MITO,36,PB100082_F01,0.020677343
nyquist,MITO,37,PB100082_F01,0.020610942
nyquist,MITO,38,PB100082_F01,0.020439789
nyquist,MITO,39,PB100082_F01,0.019649236
nyquist,MITO,40,PB100082_F01,0.01954281
nyquist,MITO,41,PB100082_F01,0.019460583
nyquist,MITO,42,PB100082_F01,0.019661857
nyquist,MITO,43,PB100082_F01,0.019246276
nyquist,MITO,0,PB100082_G04,0.024708778
nyquist,MITO,1,PB100082_G04,0.024251591
nyquist,MITO,2,PB100082_G04,0.024370043
nyquist,MITO,3,PB100082_G04,0.024427857
nyquist,MITO,4,PB100082_G04,0.02492897
nyquist,MITO,5,PB100082_G04,0.025060833
nyquist,MITO,6,PB100082_G04,0.025275923
nyquist,MITO,7,PB100082_G04,0.025159236
nyquist,MITO,8,PB100082_G04,0.025101427
nyquist,MITO,9,PB100082_G04,0.025251728
nyquist,MITO,10,PB100082_G04,0.025377616
nyquist,MITO,11,PB100082_G04,0.025309537
nyquist,MITO,12,PB100082_G04,0.02488945
nyquist,MITO,13,PB100082_G04,0.024648745
nyquist,MITO,14,PB100082_G04,0.023992438
nyquist,MITO,15,PB100082_G04,0.023577712
nyquist,MITO,16,PB100082_G04,0.023662707
nyquist,MITO,17,PB100082_G04,0.023757216
nyquist,MITO,18,PB100082_G04,0.023106001
nyquist,MITO,19,PB100082_G04,0.023013728
nyquist,MITO,20,PB100082_G04,0.022750128
nyquist,MITO,21,PB100082_G04,0.021719335
nyquist,MITO,22,PB100082_G04,0.020863743
nyquist,MITO,23,PB100082_G04,0.020804632
nyquist,MITO,24,PB100082_G04,0.020806922
nyquist,MITO,25,PB100082_G04,0.019598795
nyquist,MITO,26,PB100082_G04,0.019194784
nyquist,MITO,27,PB100082_G04,0.01874493
nyquist,MITO,28,PB100082_G04,0.018559316
nyquist,MITO,29,PB100082_G04,0.019249652
nyquist,MITO,30,PB100082_G04,0.019029057
nyquist,MITO,31,PB100082_G04,0.01879857
nyquist,MITO,32,PB100082_G04,0.018698277
nyquist,MITO,33,PB100082_G04,0.018604316
nyquist,MITO,34,PB100082_G04,0.018512005
nyquist,MITO,35,PB100082_G04,0.018477708
nyquist,MITO,36,PB100082_G04,0.01909207
nyquist,MITO,37,PB100082_G04,0.019729903
nyquist,MITO,38,PB100082_G04,0.019074969
nyquist,MITO,39,PB100082_G04,0.018666876
nyquist,MITO,40,PB100082_G04,0.019703876
nyquist,MITO,41,PB100082_G04,0.01974272
nyquist,MITO,42,PB100082_G04,0.01986688
nyquist,MITO,43,PB100082_G04,0.019753557
nyquist,MITO,0,PB100082_H01,0.015445517
nyquist,MITO,1,PB100082_H01,0.016123129
nyquist,MITO,2,PB100082_H01,0.016261593
nyquist,MITO,3,PB100082_H01,0.015003381
nyquist,MITO,4,PB100082_H01,0.015979785
nyquist,MITO,5,PB100082_H01,0.0155786015
nyquist,MITO,6,PB100082_H01,0.015389357
nyquist,MITO,7,PB100082_H01,0.015537656
nyquist,MITO,8,PB100082_H01,0.01600343
nyquist,MITO,9,PB100082_H01,0.01605841
nyquist,MITO,10,PB100082_H01,0.01628032
nyquist,MITO,11,PB100082_H01,0.016229145
nyquist,MITO,12,PB100082_H01,0.01646377
nyquist,MITO,13,PB100082_H01,0.016023591
nyquist,MITO,14,PB100082_H01,0.016408075
nyquist,MITO,15,PB100082_H01,0.015889755
nyquist,MITO,16,PB100082_H01,0.016513791
nyquist,MITO,17,PB100082_H01,0.016637782
nyquist,MITO,18,PB100082_H01,0.016474975
nyquist,MITO,19,PB100082_H01,0.016547333
nyquist,MITO,20,PB100082_H01,0.016237132
nyquist,MITO,21,PB100082_H01,0.016196648
nyquist,MITO,22,PB100082_H01,0.016032923
nyquist,MITO,23,PB100082_H01,0.015608043
nyquist,MITO,24,PB100082_H01,0.015859878
nyquist,MITO,25,PB100082_H01,0.016009133
nyquist,MITO,26,PB100082_H01,0.015833963
nyquist,MITO,27,PB100082_H01,0.014841533
nyquist,MITO,28,PB100082_H01,0.015703058
nyquist,MITO,29,PB100082_H01,0.015602171
nyquist,MITO,30,PB100082_H01,0.014766248
nyquist,MITO,31,PB100082_H01,0.014876004
nyquist,MITO,32,PB100082_H01,0.015166974
nyquist,MITO,33,PB100082_H01,0.014758427
nyquist,MITO,34,PB100082_H01,0.01483663
nyquist,MITO,35,PB100082_H01,0.014566295
nyquist,MITO,36,PB100082_H01,0.014481285
nyquist,MITO,37,PB100082_H01,0.014504906
nyquist,MITO,38,PB100082_H01,0.014319856
nyquist,MITO,39,PB100082_H01,0.014093253
nyquist,MITO,40,PB100082_H01,0.0142267905
nyquist,MITO,41,PB100082_H01,0.014117913
nyquist,MITO,42,PB100082_H01,0.013998577
nyquist,MITO,43,PB100082_H01,0.013375792
nyquist,MITO,0,PB100082_H07,0.03250827
nyquist,MITO,1,PB100082_H07,0.033221416
nyquist,MITO,2,PB100082_H07,0.03298702
nyquist,MITO,3,PB100082_H07,0.033669405
nyquist,MITO,4,PB100082_H07,0.031906657
nyquist,MITO,5,PB100082_H07,0.030118767
nyquist,MITO,6,PB100082_H07,0.029312542
nyquist,MITO,7,PB100082_H07,0.029653586
nyquist,MITO,8,PB100082_H07,0.029435232
nyquist,MITO,9,PB100082_H07,0.028825369
nyquist,MITO,10,PB100082_H07,0.028012006
nyquist,MITO,11,PB100082_H07,0.02831442
nyquist,MITO,12,PB100082_H07,0.027379654
nyquist,MITO,13,PB100082_H07,0.027201584
nyquist,MITO,14,PB100082_H07,0.027299847
nyquist,MITO,15,PB100082_H07,0.026489433
nyquist,MITO,16,PB100082_H07,0.025915891
nyquist,MITO,17,PB100082_H07,0.025569549
nyquist,MITO,18,PB100082_H07,0.026165947
nyquist,MITO,19,PB100082_H07,0.024954917
nyquist,MITO,20,PB100082_H07,0.025602156
nyquist,MITO,21,PB100082_H07,0.026313018
nyquist,MITO,22,PB100082_H07,0.02618033
nyquist,MITO,23,PB100082_H07,0.025263198
nyquist,MITO,24,PB100082_H07,0.025443967
nyquist,MITO,25,PB100082_H07,0.02564734
nyquist,MITO,26,PB100082_H07,0.025854666
nyquist,MITO,27,PB100082_H07,0.02396963
nyquist,MITO,28,PB100082_H07,0.024367286
nyquist,MITO,29,PB100082_H07,0.024812557
nyquist,MITO,30,PB100082_H07,0.024647214
nyquist,MITO,31,PB100082_H07,0.0258169
nyquist,MITO,32,PB100082_H07,0.026230073
nyquist,MITO,33,PB100082_H07,0.025188558
nyquist,MITO,34,PB100082_H07,0.023989858
nyquist,MITO,35,PB100082_H07,0.023604576
nyquist,MITO,36,PB100082_H07,0.024518305
nyquist,MITO,37,PB100082_H07,0.023419444
nyquist,MITO,38,PB100082_H07,0.022809403
nyquist,MITO,39,PB100082_H07,0.023898367
nyquist,MITO,40,PB100082_H07,0.023868093
nyquist,MITO,41,PB100082_H07,0.024246238
nyquist,MITO,42,PB100082_H07,0.025731003
nyquist,MITO,43,PB100082_H07,0.02633653
nyquist,MITO,0,PB100083_A02,0.021253297
nyquist,MITO,1,PB100083_A02,0.020385202
nyquist,MITO,2,PB100083_A02,0.020787494
nyquist,MITO,3,PB100083_A02,0.020703461
nyquist,MITO,4,PB100083_A02,0.020618852
nyquist,MITO,5,PB100083_A02,0.020660138
nyquist,MITO,6,PB100083_A02,0.020753738
nyquist,MITO,7,PB100083_A02,0.020858262
nyquist,MITO,8,PB100083_A02,0.020365326
nyquist,MITO,9,PB100083_A02,0.020737281
nyquist,MITO,10,PB100083_A02,0.020397423
nyquist,MITO,11,PB100083_A02,0.02029914
nyquist,MITO,12,PB100083_A02,0.020301439
nyquist,MITO,13,PB100083_A02,0.020121437
nyquist,MITO,14,PB100083_A02,0.01919143
nyquist,MITO,15,PB100083_A02,0.019853197
nyquist,MITO,16,PB100083_A02,0.020131487
nyquist,MITO,17,PB100083_A02,0.019546382
nyquist,MITO,18,PB100083_A02,0.01978993
nyquist,MITO,19,PB100083_A02,0.01970947
nyquist,MITO,20,PB100083_A02,0.019745074
nyquist,MITO,21,PB100083_A02,0.019401044
nyquist,MITO,22,PB100083_A02,0.019249855
nyquist,MITO,23,PB100083_A02,0.019318609
nyquist,MITO,24,PB100083_A02,0.019019073
nyquist,MITO,25,PB100083_A02,0.019045457
nyquist,MITO,26,PB100083_A02,0.019030556
nyquist,MITO,27,PB100083_A02,0.019104948
nyquist,MITO,28,PB100083_A02,0.01848226
nyquist,MITO,29,PB100083_A02,0.01859754
nyquist,MITO,30,PB100083_A02,0.019031215
nyquist,MITO,31,PB100083_A02,0.018768555
nyquist,MITO,32,PB100083_A02,0.01879391
nyquist,MITO,33,PB100083_A02,0.018706318
nyquist,MITO,34,PB100083_A02,0.01867954
nyquist,MITO,35,PB100083_A02,0.0180175
nyquist,MITO,36,PB100083_A02,0.01871178
nyquist,MITO,37,PB100083_A02,0.017156323
nyquist,MITO,38,PB100083_A02,0.018229771
nyquist,MITO,39,PB100083_A02,0.019439979
nyquist,MITO,40,PB100083_A02,0.015929384
nyquist,MITO,41,PB100083_A02,0.018444687
nyquist,MITO,42,PB100083_A02,0.0173762
nyquist,MITO,43,PB100083_A02,0.017002339
nyquist,MITO,0,PB100083_A08,0.020622192
nyquist,MITO,1,PB100083_A08,0.020530859
nyquist,MITO,2,PB100083_A08,0.02121218
nyquist,MITO,3,PB100083_A08,0.020672908
nyquist,MITO,4,PB100083_A08,0.020833243
nyquist,MITO,5,PB100083_A08,0.02060824
nyquist,MITO,6,PB100083_A08,0.020473301
nyquist,MITO,7,PB100083_A08,0.020039646
nyquist,MITO,8,PB100083_A08,0.019877195
nyquist,MITO,9,PB100083_A08,0.019578133
nyquist,MITO,10,PB100083_A08,0.019349365
nyquist,MITO,11,PB100083_A08,0.019023236
nyquist,MITO,12,PB100083_A08,0.019026762
nyquist,MITO,13,PB100083_A08,0.018890446
nyquist,MITO,14,PB100083_A08,0.01834789
nyquist,MITO,15,PB100083_A08,0.018161997
nyquist,MITO,16,PB100083_A08,0.017960079
nyquist,MITO,17,PB100083_A08,0.018043391
nyquist,MITO,18,PB100083_A08,0.01805637
nyquist,MITO,19,PB100083_A08,0.017867992
nyquist,MITO,20,PB100083_A08,0.017790295
nyquist,MITO,21,PB100083_A08,0.017826345
nyquist,MITO,22,PB100083_A08,0.017440189
nyquist,MITO,23,PB100083_A08,0.017308071
nyquist,MITO,24,PB100083_A08,0.017061563
nyquist,MITO,25,PB100083_A08,0.017029934
nyquist,MITO,26,PB100083_A08,0.016834049
nyquist,MITO,27,PB100083_A08,0.016913986
nyquist,MITO,28,PB100083_A08,0.01695707
nyquist,MITO,29,PB100083_A08,0.01696087
nyquist,MITO,30,PB100083_A08,0.017117096
nyquist,MITO,31,PB100083_A08,0.017076641
nyquist,MITO,32,PB100083_A08,0.017073628
nyquist,MITO,33,PB100083_A08,0.01691826
nyquist,MITO,34,PB100083_A08,0.01708163
nyquist,MITO,35,PB100083_A08,0.016896151
nyquist,MITO,36,PB100083_A08,0.016971631
nyquist,MITO,37,PB100083_A08,0.016877584
nyquist,MITO,38,PB100083_A08,0.016731288
nyquist,MITO,39,PB100083_A08,0.016763587
nyquist,MITO,40,PB100083_A08,0.016827656
nyquist,MITO,41,PB100083_A08,0.016665597
nyquist,MITO,42,PB100083_A08,0.016468495
nyquist,MITO,43,PB100083_A08,0.016450431
nyquist,MITO,0,PB100083_B05,0.024323292
nyquist,MITO,1,PB100083_B05,0.025597654
nyquist,MITO,2,PB100083_B05,0.026933542
nyquist,MITO,3,PB100083_B05,0.02871251
nyquist,MITO,4,PB100083_B05,0.029848747
nyquist,MITO,5,PB100083_B05,0.029016234
nyquist,MITO,6,PB100083_B05,0.02813081
nyquist,MITO,7,PB100083_B05,0.027471026
nyquist,MITO,8,PB100083_B05,0.027115136
nyquist,MITO,9,PB100083_B05,0.026456412
nyquist,MITO,10,PB100083_B05,0.02588239
nyquist,MITO,11,PB100083_B05,0.02553336
nyquist,MITO,12,PB100083_B05,0.025271751
nyquist,MITO,13,PB100083_B05,0.02466546
nyquist,MITO,14,PB100083_B05,0.023784839
nyquist,MITO,15,PB100083_B05,0.023561213
nyquist,MITO,16,PB100083_B05,0.023388457
nyquist,MITO,17,PB100083_B05,0.023372948
nyquist,MITO,18,PB100083_B05,0.023215951
nyquist,MITO,19,PB100083_B05,0.02320998
nyquist,MITO,20,PB100083_B05,0.02438633
nyquist,MITO,21,PB100083_B05,0.02415984
nyquist,MITO,22,PB100083_B05,0.023248568
nyquist,MITO,23,PB100083_B05,0.02326532
nyquist,MITO,24,PB100083_B05,0.02235057
nyquist,MITO,25,PB100083_B05,0.02302646
nyquist,MITO,26,PB100083_B05,0.023704136
nyquist,MITO,27,PB100083_B05,0.024073444
nyquist,MITO,28,PB100083_B05,0.023751803
nyquist,MITO,29,PB100083_B05,0.022930816
nyquist,MITO,30,PB100083_B05,0.023061955
nyquist,MITO,31,PB100083_B05,0.02271316
nyquist,MITO,32,PB100083_B05,0.022318507
nyquist,MITO,33,PB100083_B05,0.0225645
nyquist,MITO,34,PB100083_B05,0.021950763
nyquist,MITO,35,PB100083_B05,0.022569226
nyquist,MITO,36,PB100083_B05,0.021695118
nyquist,MITO,37,PB100083_B05,0.02172352
nyquist,MITO,38,PB100083_B05,0.022210255
nyquist,MITO,39,PB100083_B05,0.023392014
nyquist,MITO,40,PB100083_B05,0.022216287
nyquist,MITO,41,PB100083_B05,0.024015844
nyquist,MITO,42,PB100083_B05,0.024252422
nyquist,MITO,43,PB100083_B05,0.023894645
nyquist,MITO,0,PB100083_C08,0.023004115
nyquist,MITO,1,PB100083_C08,0.024346171
nyquist,MITO,2,PB100083_C08,0.0258634
nyquist,MITO,3,PB100083_C08,0.028357286
nyquist,MITO,4,PB100083_C08,0.025893895
nyquist,MITO,5,PB100083_C08,0.02799637
nyquist,MITO,6,PB100083_C08,0.028367931
nyquist,MITO,7,PB100083_C08,0.02755249
nyquist,MITO,8,PB100083_C08,0.027623544
nyquist,MITO,9,PB100083_C08,0.026405634
nyquist,MITO,10,PB100083_C08,0.025812019
nyquist,MITO,11,PB100083_C08,0.02566635
nyquist,MITO,12,PB100083_C08,0.025518658
nyquist,MITO,13,PB100083_C08,0.025086971
nyquist,MITO,14,PB100083_C08,0.02451656
nyquist,MITO,15,PB100083_C08,0.023622444
nyquist,MITO,16,PB100083_C08,0.023679476
nyquist,MITO,17,PB100083_C08,0.02321355
nyquist,MITO,18,PB100083_C08,0.022886246
nyquist,MITO,19,PB100083_C08,0.02266857
nyquist,MITO,20,PB100083_C08,0.022163877
nyquist,MITO,21,PB100083_C08,0.022108778
nyquist,MITO,22,PB100083_C08,0.021921951
nyquist,MITO,23,PB100083_C08,0.02176265
nyquist,MITO,24,PB100083_C08,0.02150873
nyquist,MITO,25,PB100083_C08,0.021379972
nyquist,MITO,26,PB100083_C08,0.021116339
nyquist,MITO,27,PB100083_C08,0.021318879
nyquist,MITO,28,PB100083_C08,0.021072887
nyquist,MITO,29,PB100083_C08,0.020948235
nyquist,MITO,30,PB100083_C08,0.020982575
nyquist,MITO,31,PB100083_C08,0.020770853
nyquist,MITO,32,PB100083_C08,0.02100016
nyquist,MITO,33,PB100083_C08,0.020860791
nyquist,MITO,34,PB100083_C08,0.020723421
nyquist,MITO,35,PB100083_C08,0.020693181
nyquist,MITO,36,PB100083_C08,0.020651389
nyquist,MITO,37,PB100083_C08,0.020399045
nyquist,MITO,38,PB100083_C08,0.02042457
nyquist,MITO,39,PB100083_C08,0.020032363
nyquist,MITO,40,PB100083_C08,0.019989703
nyquist,MITO,41,PB100083_C08,0.01987974
nyquist,MITO,42,PB100083_C08,0.019857997
nyquist,MITO,43,PB100083_C08,0.020007744
nyquist,MITO,0,PB100083_D03,0.024623744
nyquist,MITO,1,PB100083_D03,0.02329762
nyquist,MITO,2,PB100083_D03,0.024402391
nyquist,MITO,3,PB100083_D03,0.024314892
nyquist,MITO,4,PB100083_D03,0.023655755
nyquist,MITO,5,PB100083_D03,0.023691956
nyquist,MITO,6,PB100083_D03,0.023600882
nyquist,MITO,7,PB100083_D03,0.0229559
nyquist,MITO,8,PB100083_D03,0.022903271
nyquist,MITO,9,PB100083_D03,0.022539826
nyquist,MITO,10,PB100083_D03,0.022373363
nyquist,MITO,11,PB100083_D03,0.022201741
nyquist,MITO,12,PB100083_D03,0.02192633
nyquist,MITO,13,PB100083_D03,0.022477752
nyquist,MITO,14,PB100083_D03,0.02224645
nyquist,MITO,15,PB100083_D03,0.021692038
nyquist,MITO,16,PB100083_D03,0.021383714
nyquist,MITO,17,PB100083_D03,0.020973274
nyquist,MITO,18,PB100083_D03,0.020952145
nyquist,MITO,19,PB100083_D03,0.020563673
nyquist,MITO,20,PB100083_D03,0.020010136
nyquist,MITO,21,PB100083_D03,0.020012282
nyquist,MITO,22,PB100083_D03,0.02024987
nyquist,MITO,23,PB100083_D03,0.02015602
nyquist,MITO,24,PB100083_D03,0.020014625
nyquist,MITO,25,PB100083_D03,0.02010775
nyquist,MITO,26,PB100083_D03,0.019831365
nyquist,MITO,27,PB100083_D03,0.020118382
nyquist,MITO,28,PB100083_D03,0.020385072
nyquist,MITO,29,PB100083_D03,0.019415636
nyquist,MITO,30,PB100083_D03,0.019621484
nyquist,MITO,31,PB100083_D03,0.019421887
nyquist,MITO,32,PB100083_D03,0.019420289
nyquist,MITO,33,PB100083_D03,0.019674724
nyquist,MITO,34,PB100083_D03,0.019619226
nyquist,MITO,35,PB100083_D03,0.02124112
nyquist,MITO,36,PB100083_D03,0.020585455
nyquist,MITO,37,PB100083_D03,0.019994402
nyquist,MITO,38,PB100083_D03,0.02048046
nyquist,MITO,39,PB100083_D03,0.021898827
nyquist,MITO,40,PB100083_D03,0.02179151
nyquist,MITO,41,PB100083_D03,0.021507222
nyquist,MITO,42,PB100083_D03,0.021938564
nyquist,MITO,43,PB100083_D03,0.021605512
nyquist,MITO,1,PB100083_E06,0.017669154
nyquist,MITO,2,PB100083_E06,0.018010559
nyquist,MITO,3,PB100083_E06,0.01788132
nyquist,MITO,4,PB100083_E06,0.017666997
nyquist,MITO,5,PB100083_E06,0.018096
nyquist,MITO,6,PB100083_E06,0.01842307
nyquist,MITO,7,PB100083_E06,0.018629937
nyquist,MITO,8,PB100083_E06,0.018686641
nyquist,MITO,9,PB100083_E06,0.018719414
nyquist,MITO,10,PB100083_E06,0.019008856
nyquist,MITO,11,PB100083_E06,0.018941097
nyquist,MITO,12,PB100083_E06,0.01857274
nyquist,MITO,13,PB100083_E06,0.018386044
nyquist,MITO,14,PB100083_E06,0.018904405
nyquist,MITO,15,PB100083_E06,0.018769357
nyquist,MITO,16,PB100083_E06,0.019061662
nyquist,MITO,17,PB100083_E06,0.019045131
nyquist,MITO,18,PB100083_E06,0.019305576
nyquist,MITO,19,PB100083_E06,0.018637158
nyquist,MITO,20,PB100083_E06,0.018569862
nyquist,MITO,21,PB100083_E06,0.01831843
nyquist,MITO,22,PB100083_E06,0.018300958
nyquist,MITO,23,PB100083_E06,0.01846522
nyquist,MITO,24,PB100083_E06,0.018373135
nyquist,MITO,25,PB100083_E06,0.01866065
nyquist,MITO,26,PB100083_E06,0.018699823
nyquist,MITO,27,PB100083_E06,0.01898523
nyquist,MITO,28,PB100083_E06,0.01914438
nyquist,MITO,29,PB100083_E06,0.019281521
nyquist,MITO,30,PB100083_E06,0.019266047
nyquist,MITO,31,PB100083_E06,0.019158136
nyquist,MITO,32,PB100083_E06,0.019106034
nyquist,MITO,33,PB100083_E06,0.01950027
nyquist,MITO,34,PB100083_E06,0.019332431
nyquist,MITO,35,PB100083_E06,0.01935386
nyquist,MITO,36,PB100083_E06,0.019673534
nyquist,MITO,37,PB100083_E06,0.019772595
nyquist,MITO,38,PB100083_E06,0.019494914
nyquist,MITO,39,PB100083_E06,0.019566966
nyquist,MITO,40,PB100083_E06,0.019602895
nyquist,MITO,41,PB100083_E06,0.019440187
nyquist,MITO,42,PB100083_E06,0.019459825
nyquist,MITO,43,PB100083_E06,0.019436682
nyquist,MITO,0,PB100083_F01,0.020300461
nyquist,MITO,1,PB100083_F01,0.019675974
nyquist,MITO,2,PB100083_F01,0.019259583
nyquist,MITO,3,PB100083_F01,0.019485049
nyquist,MITO,4,PB100083_F01,0.019431464
nyquist,MITO,5,PB100083_F01,0.01934008
nyquist,MITO,6,PB100083_F01,0.019224416
nyquist,MITO,7,PB100083_F01,0.018534506
nyquist,MITO,8,PB100083_F01,0.01865315
nyquist,MITO,9,PB100083_F01,0.01874737
nyquist,MITO,10,PB100083_F01,0.018861672
nyquist,MITO,11,PB100083_F01,0.019099588
nyquist,MITO,12,PB100083_F01,0.01887617
nyquist,MITO,13,PB100083_F01,0.019042555
nyquist,MITO,14,PB100083_F01,0.018746674
nyquist,MITO,15,PB100083_F01,0.018848173
nyquist,MITO,16,PB100083_F01,0.018394418
nyquist,MITO,17,PB100083_F01,0.01847603
nyquist,MITO,18,PB100083_F01,0.017886857
nyquist,MITO,19,PB100083_F01,0.017670874
nyquist,MITO,20,PB100083_F01,0.017621947
nyquist,MITO,21,PB100083_F01,0.017311294
nyquist,MITO,22,PB100083_F01,0.017098464
nyquist,MITO,23,PB100083_F01,0.01736106
nyquist,MITO,24,PB100083_F01,0.017049283
nyquist,MITO,25,PB100083_F01,0.01733968
nyquist,MITO,26,PB100083_F01,0.017243862
nyquist,MITO,27,PB100083_F01,0.016519703
nyquist,MITO,28,PB100083_F01,0.016321158
nyquist,MITO,29,PB100083_F01,0.016569372
nyquist,MITO,30,PB100083_F01,0.016100168
nyquist,MITO,31,PB100083_F01,0.015825486
nyquist,MITO,32,PB100083_F01,0.016181145
nyquist,MITO,33,PB100083_F01,0.015518747
nyquist,MITO,34,PB100083_F01,0.014971341
nyquist,MITO,35,PB100083_F01,0.01485369
nyquist,MITO,36,PB100083_F01,0.014579915
nyquist,MITO,37,PB100083_F01,0.014555329
nyquist,MITO,38,PB100083_F01,0.014386193
nyquist,MITO,39,PB100083_F01,0.014213794
nyquist,MITO,40,PB100083_F01,0.01403445
nyquist,MITO,41,PB100083_F01,0.014071478
nyquist,MITO,42,PB100083_F01,0.013804741
nyquist,MITO,43,PB100083_F01,0.013625607
nyquist,MITO,0,PB100083_G04,0.02150614
nyquist,MITO,1,PB100083_G04,0.021387242
nyquist,MITO,2,PB100083_G04,0.02221087
nyquist,MITO,3,PB100083_G04,0.023501297
nyquist,MITO,4,PB100083_G04,0.025983296
nyquist,MITO,5,PB100083_G04,0.028344939
nyquist,MITO,6,PB100083_G04,0.03142567
nyquist,MITO,7,PB100083_G04,0.030721752
nyquist,MITO,8,PB100083_G04,0.03246946
nyquist,MITO,9,PB100083_G04,0.031964466
nyquist,MITO,10,PB100083_G04,0.030983286
nyquist,MITO,11,PB100083_G04,0.030168982
nyquist,MITO,12,PB100083_G04,0.028836302
nyquist,MITO,13,PB100083_G04,0.029171592
nyquist,MITO,14,PB100083_G04,0.028756032
nyquist,MITO,15,PB100083_G04,0.028495
nyquist,MITO,16,PB100083_G04,0.028440015
nyquist,MITO,17,PB100083_G04,0.028080897
nyquist,MITO,18,PB100083_G04,0.027630242
nyquist,MITO,19,PB100083_G04,0.027365353
nyquist,MITO,20,PB100083_G04,0.027449524
nyquist,MITO,21,PB100083_G04,0.027124718
nyquist,MITO,22,PB100083_G04,0.026577773
nyquist,MITO,23,PB100083_G04,0.026433658
nyquist,MITO,24,PB100083_G04,0.02628753
nyquist,MITO,25,PB100083_G04,0.026323017
nyquist,MITO,26,PB100083_G04,0.025744757
nyquist,MITO,27,PB100083_G04,0.025630271
nyquist,MITO,28,PB100083_G04,0.02530586
nyquist,MITO,29,PB100083_G04,0.02514389
nyquist,MITO,30,PB100083_G04,0.025317116
nyquist,MITO,31,PB100083_G04,0.024984073
nyquist,MITO,32,PB100083_G04,0.025170341
nyquist,MITO,33,PB100083_G04,0.025037922
nyquist,MITO,34,PB100083_G04,0.025149507
nyquist,MITO,35,PB100083_G04,0.025085345
nyquist,MITO,36,PB100083_G04,0.025220752
nyquist,MITO,37,PB100083_G04,0.025342517
nyquist,MITO,38,PB100083_G04,0.025175788
nyquist,MITO,39,PB100083_G04,0.02473078
nyquist,MITO,40,PB100083_G04,0.0248352
nyquist,MITO,41,PB100083_G04,0.025124874
nyquist,MITO,42,PB100083_G04,0.024599772
nyquist,MITO,43,PB100083_G04,0.024533043
nyquist,MITO,0,PB100083_H01,0.019033788
nyquist,MITO,1,PB100083_H01,0.019422434
nyquist,MITO,2,PB100083_H01,0.020039123
nyquist,MITO,3,PB100083_H01,0.02050181
nyquist,MITO,4,PB100083_H01,0.020789374
nyquist,MITO,5,PB100083_H01,0.021417225
nyquist,MITO,6,PB100083_H01,0.021730863
nyquist,MITO,7,PB100083_H01,0.021497328
nyquist,MITO,8,PB100083_H01,0.02177987
nyquist,MITO,9,PB100083_H01,0.02167448
nyquist,MITO,10,PB100083_H01,0.021469984
nyquist,MITO,11,PB100083_H01,0.021186028
nyquist,MITO,12,PB100083_H01,0.021233145
nyquist,MITO,13,PB100083_H01,0.021214735
nyquist,MITO,14,PB100083_H01,0.021026755
nyquist,MITO,15,PB100083_H01,0.020819694
nyquist,MITO,16,PB100083_H01,0.020563722
nyquist,MITO,17,PB100083_H01,0.020469135
nyquist,MITO,18,PB100083_H01,0.020186543
nyquist,MITO,19,PB100083_H01,0.020277185
nyquist,MITO,20,PB100083_H01,0.020225288
nyquist,MITO,21,PB100083_H01,0.019930683
nyquist,MITO,22,PB100083_H01,0.019924695
nyquist,MITO,23,PB100083_H01,0.019886296
nyquist,MITO,24,PB100083_H01,0.01951179
nyquist,MITO,25,PB100083_H01,0.019359276
nyquist,MITO,26,PB100083_H01,0.019127358
nyquist,MITO,27,PB100083_H01,0.019011639
nyquist,MITO,28,PB100083_H01,0.018907573
nyquist,MITO,29,PB100083_H01,0.01875302
nyquist,MITO,30,PB100083_H01,0.018421374
nyquist,MITO,31,PB100083_H01,0.018347403
nyquist,MITO,32,PB100083_H01,0.01829341
nyquist,MITO,33,PB100083_H01,0.018333206
nyquist,MITO,34,PB100083_H01,0.017807929
nyquist,MITO,35,PB100083_H01,0.01784041
nyquist,MITO,36,PB100083_H01,0.017584415
nyquist,MITO,37,PB100083_H01,0.017610269
nyquist,MITO,38,PB100083_H01,0.017411008
nyquist,MITO,39,PB100083_H01,0.017216984
nyquist,MITO,40,PB100083_H01,0.017359152
nyquist,MITO,41,PB100083_H01,0.017201152
nyquist,MITO,42,PB100083_H01,0.017202664
nyquist,MITO,43,PB100083_H01,0.01696749
nyquist,MITO,0,PB100083_H07,0.021214668
nyquist,MITO,1,PB100083_H07,0.021367613
nyquist,MITO,2,PB100083_H07,0.021826677
nyquist,MITO,3,PB100083_H07,0.021929752
nyquist,MITO,4,PB100083_H07,0.022149071
nyquist,MITO,5,PB100083_H07,0.022309203
nyquist,MITO,6,PB100083_H07,0.021922482
nyquist,MITO,7,PB100083_H07,0.022065455
nyquist,MITO,8,PB100083_H07,0.021904536
nyquist,MITO,9,PB100083_H07,0.022270238
nyquist,MITO,10,PB100083_H07,0.021855323
nyquist,MITO,11,PB100083_H07,0.02128577
nyquist,MITO,12,PB100083_H07,0.02105153
nyquist,MITO,13,PB100083_H07,0.020744985
nyquist,MITO,14,PB100083_H07,0.020358909
nyquist,MITO,15,PB100083_H07,0.020270672
nyquist,MITO,16,PB100083_H07,0.020213228
nyquist,MITO,17,PB100083_H07,0.0205316
nyquist,MITO,18,PB100083_H07,0.0201108
nyquist,MITO,19,PB100083_H07,0.020351112
nyquist,MITO,20,PB100083_H07,0.020333014
nyquist,MITO,21,PB100083_H07,0.020065892
nyquist,MITO,22,PB100083_H07,0.019772265
nyquist,MITO,23,PB100083_H07,0.019669723
nyquist,MITO,24,PB100083_H07,0.019677617
nyquist,MITO,25,PB100083_H07,0.020067925
nyquist,MITO,26,PB100083_H07,0.02013958
nyquist,MITO,27,PB100083_H07,0.020008853
nyquist,MITO,28,PB100083_H07,0.019374045
nyquist,MITO,29,PB100083_H07,0.019167658
nyquist,MITO,30,PB100083_H07,0.018647641
nyquist,MITO,31,PB100083_H07,0.019253682
nyquist,MITO,32,PB100083_H07,0.019334983
nyquist,MITO,33,PB100083_H07,0.019281078
nyquist,MITO,34,PB100083_H07,0.019652937
nyquist,MITO,35,PB100083_H07,0.018911604
nyquist,MITO,36,PB100083_H07,0.019257482
nyquist,MITO,37,PB100083_H07,0.020224927
nyquist,MITO,38,PB100083_H07,0.019354755
nyquist,MITO,39,PB100083_H07,0.019526998
nyquist,MITO,40,PB100083_H07,0.01969946
nyquist,MITO,41,PB100083_H07,0.019200401
nyquist,MITO,42,PB100083_H07,0.01786806
nyquist,MITO,43,PB100083_H07,0.01892474
nyquist,CONC,0,PB100082_A02,0.023449555
nyquist,CONC,1,PB100082_A02,0.022408407
nyquist,CONC,2,PB100082_A02,0.02286012
nyquist,CONC,3,PB100082_A02,0.02299418
nyquist,CONC,4,PB100082_A02,0.022946171
nyquist,CONC,5,PB100082_A02,0.02308492
nyquist,CONC,6,PB100082_A02,0.023743734
nyquist,CONC,7,PB100082_A02,0.024280954
nyquist,CONC,8,PB100082_A02,0.024368744
nyquist,CONC,9,PB100082_A02,0.024449771
nyquist,CONC,10,PB100082_A02,0.024734246
nyquist,CONC,11,PB100082_A02,0.024817916
nyquist,CONC,12,PB100082_A02,0.024727114
nyquist,CONC,13,PB100082_A02,0.023831949
nyquist,CONC,14,PB100082_A02,0.024018843
nyquist,CONC,15,PB100082_A02,0.024093587
nyquist,CONC,16,PB100082_A02,0.023897797
nyquist,CONC,17,PB100082_A02,0.023616545
nyquist,CONC,18,PB100082_A02,0.02353115
nyquist,CONC,19,PB100082_A02,0.02328053
nyquist,CONC,20,PB100082_A02,0.0232299
nyquist,CONC,21,PB100082_A02,0.022707213
nyquist,CONC,22,PB100082_A02,0.02234237
nyquist,CONC,23,PB100082_A02,0.022574328
nyquist,CONC,24,PB100082_A02,0.022516083
nyquist,CONC,25,PB100082_A02,0.02249611
nyquist,CONC,26,PB100082_A02,0.02254494
nyquist,CONC,27,PB100082_A02,0.022424418
nyquist,CONC,28,PB100082_A02,0.021831077
nyquist,CONC,29,PB100082_A02,0.022035642
nyquist,CONC,30,PB100082_A02,0.021622626
nyquist,CONC,31,PB100082_A02,0.021543978
nyquist,CONC,32,PB100082_A02,0.021656726
nyquist,CONC,33,PB100082_A02,0.021585755
nyquist,CONC,34,PB100082_A02,0.021658324
nyquist,CONC,35,PB100082_A02,0.021373142
nyquist,CONC,36,PB100082_A02,0.021481112
nyquist,CONC,37,PB100082_A02,0.021388099
nyquist,CONC,38,PB100082_A02,0.021258315
nyquist,CONC,39,PB100082_A02,0.021111768
nyquist,CONC,40,PB100082_A02,0.021343462
nyquist,CONC,41,PB100082_A02,0.021497421
nyquist,CONC,42,PB100082_A02,0.020798342
nyquist,CONC,43,PB100082_A02,0.020778628
nyquist,CONC,1,PB100082_A08,0.02489111
nyquist,CONC,2,PB100082_A08,0.024764925
nyquist,CONC,3,PB100082_A08,0.025067177
nyquist,CONC,4,PB100082_A08,0.025371835
nyquist,CONC,5,PB100082_A08,0.026078772
nyquist,CONC,6,PB100082_A08,0.027100274
nyquist,CONC,7,PB100082_A08,0.028594766
nyquist,CONC,8,PB100082_A08,0.030014543
nyquist,CONC,9,PB100082_A08,0.03108617
nyquist,CONC,10,PB100082_A08,0.03195003
nyquist,CONC,11,PB100082_A08,0.033101194
nyquist,CONC,12,PB100082_A08,0.03412523
nyquist,CONC,13,PB100082_A08,0.033084963
nyquist,CONC,14,PB100082_A08,0.034096316
nyquist,CONC,15,PB100082_A08,0.03438707
nyquist,CONC,16,PB100082_A08,0.034526225
nyquist,CONC,17,PB100082_A08,0.0337737
nyquist,CONC,18,PB100082_A08,0.033674754
nyquist,CONC,19,PB100082_A08,0.033165954
nyquist,CONC,20,PB100082_A08,0.032881375
nyquist,CONC,21,PB100082_A08,0.031808004
nyquist,CONC,22,PB100082_A08,0.03191698
nyquist,CONC,23,PB100082_A08,0.031149026
nyquist,CONC,24,PB100082_A08,0.030386563
nyquist,CONC,25,PB100082_A08,0.030116249
nyquist,CONC,26,PB100082_A08,0.029345792
nyquist,CONC,27,PB100082_A08,0.028761026
nyquist,CONC,28,PB100082_A08,0.028506562
nyquist,CONC,29,PB100082_A08,0.028217783
nyquist,CONC,30,PB100082_A08,0.027120559
nyquist,CONC,31,PB100082_A08,0.026950179
nyquist,CONC,32,PB100082_A08,0.026724696
nyquist,CONC,33,PB100082_A08,0.026686452
nyquist,CONC,34,PB100082_A08,0.026476562
nyquist,CONC,35,PB100082_A08,0.026299214
nyquist,CONC,36,PB100082_A08,0.026376737
nyquist,CONC,37,PB100082_A08,0.02627832
nyquist,CONC,38,PB100082_A08,0.026127376
nyquist,CONC,39,PB100082_A08,0.025843646
nyquist,CONC,40,PB100082_A08,0.025956102
nyquist,CONC,41,PB100082_A08,0.026072437
nyquist,CONC,42,PB100082_A08,0.026192335
nyquist,CONC,43,PB100082_A08,0.026099332
nyquist,CONC,0,PB100082_B05,0.025550863
nyquist,CONC,1,PB100082_B05,0.026394961
nyquist,CONC,2,PB100082_B05,0.028445624
nyquist,CONC,3,PB100082_B05,0.029014632
nyquist,CONC,4,PB100082_B05,0.030771624
nyquist,CONC,5,PB100082_B05,0.031711414
nyquist,CONC,6,PB100082_B05,0.033570424
nyquist,CONC,7,PB100082_B05,0.03400009
nyquist,CONC,8,PB100082_B05,0.033931386
nyquist,CONC,9,PB100082_B05,0.033854686
nyquist,CONC,10,PB100082_B05,0.032991678
nyquist,CONC,11,PB100082_B05,0.033264004
nyquist,CONC,12,PB100082_B05,0.03299927
nyquist,CONC,13,PB100082_B05,0.032779507
nyquist,CONC,14,PB100082_B05,0.032121815
nyquist,CONC,15,PB100082_B05,0.031489536
nyquist,CONC,16,PB100082_B05,0.03090927
nyquist,CONC,17,PB100082_B05,0.031099854
nyquist,CONC,18,PB100082_B05,0.030681305
nyquist,CONC,19,PB100082_B05,0.030323016
nyquist,CONC,20,PB100082_B05,0.028690461
nyquist,CONC,21,PB100082_B05,0.028891388
nyquist,CONC,22,PB100082_B05,0.028917477
nyquist,CONC,23,PB100082_B05,0.028808145
nyquist,CONC,24,PB100082_B05,0.028518545
nyquist,CONC,25,PB100082_B05,0.028501237
nyquist,CONC,26,PB100082_B05,0.027542587
nyquist,CONC,27,PB100082_B05,0.026853353
nyquist,CONC,28,PB100082_B05,0.026442897
nyquist,CONC,29,PB100082_B05,0.026376555
nyquist,CONC,30,PB100082_B05,0.026127608
nyquist,CONC,31,PB100082_B05,0.026143156
nyquist,CONC,32,PB100082_B05,0.026017264
nyquist,CONC,33,PB100082_B05,0.025688462
nyquist,CONC,34,PB100082_B05,0.025698911
nyquist,CONC,35,PB100082_B05,0.02536575
nyquist,CONC,36,PB100082_B05,0.025275191
nyquist,CONC,37,PB100082_B05,0.024766855
nyquist,CONC,38,PB100082_B05,0.02425684
nyquist,CONC,39,PB100082_B05,0.02423086
nyquist,CONC,40,PB100082_B05,0.024047198
nyquist,CONC,41,PB100082_B05,0.024356715
nyquist,CONC,42,PB100082_B05,0.024832193
nyquist,CONC,43,PB100082_B05,0.024825588
nyquist,CONC,0,PB100082_C08,0.023061201
nyquist,CONC,1,PB100082_C08,0.02207293
nyquist,CONC,2,PB100082_C08,0.02320923
nyquist,CONC,3,PB100082_C08,0.0236237
nyquist,CONC,4,PB100082_C08,0.024882702
nyquist,CONC,5,PB100082_C08,0.026325285
nyquist,CONC,6,PB100082_C08,0.028233517
nyquist,CONC,7,PB100082_C08,0.028905023
nyquist,CONC,8,PB100082_C08,0.030715153
nyquist,CONC,9,PB100082_C08,0.031158255
nyquist,CONC,10,PB100082_C08,0.032482505
nyquist,CONC,11,PB100082_C08,0.03258248
nyquist,CONC,12,PB100082_C08,0.03384649
nyquist,CONC,13,PB100082_C08,0.034196563
nyquist,CONC,14,PB100082_C08,0.033740357
nyquist,CONC,15,PB100082_C08,0.033674903
nyquist,CONC,16,PB100082_C08,0.033349216
nyquist,CONC,17,PB100082_C08,0.032728173
nyquist,CONC,18,PB100082_C08,0.032577008
nyquist,CONC,19,PB100082_C08,0.032511204
nyquist,CONC,20,PB100082_C08,0.032468222
nyquist,CONC,21,PB100082_C08,0.031982407
nyquist,CONC,22,PB100082_C08,0.03186213
nyquist,CONC,23,PB100082_C08,0.03152319
nyquist,CONC,24,PB100082_C08,0.031133348
nyquist,CONC,25,PB100082_C08,0.030876713
nyquist,CONC,26,PB100082_C08,0.030740399
nyquist,CONC,27,PB100082_C08,0.030055514
nyquist,CONC,28,PB100082_C08,0.02958563
nyquist,CONC,29,PB100082_C08,0.029219976
nyquist,CONC,30,PB100082_C08,0.029091807
nyquist,CONC,31,PB100082_C08,0.028672744
nyquist,CONC,32,PB100082_C08,0.028353889
nyquist,CONC,33,PB100082_C08,0.028096704
nyquist,CONC,34,PB100082_C08,0.027732553
nyquist,CONC,35,PB100082_C08,0.027373232
nyquist,CONC,36,PB100082_C08,0.027346982
nyquist,CONC,37,PB100082_C08,0.027874002
nyquist,CONC,38,PB100082_C08,0.028119367
nyquist,CONC,39,PB100082_C08,0.02814948
nyquist,CONC,40,PB100082_C08,0.028070692
nyquist,CONC,41,PB100082_C08,0.027694654
nyquist,CONC,42,PB100082_C08,0.02728549
nyquist,CONC,43,PB100082_C08,0.026580356
nyquist,CONC,0,PB100082_D03,0.022915037
nyquist,CONC,1,PB100082_D03,0.024037639
nyquist,CONC,2,PB100082_D03,0.02300866
nyquist,CONC,3,PB100082_D03,0.023834245
nyquist,CONC,4,PB100082_D03,0.024151566
nyquist,CONC,5,PB100082_D03,0.025008677
nyquist,CONC,6,PB100082_D03,0.02531252
nyquist,CONC,7,PB100082_D03,0.025813906
nyquist,CONC,8,PB100082_D03,0.026345883
nyquist,CONC,9,PB100082_D03,0.02618832
nyquist,CONC,10,PB100082_D03,0.026621543
nyquist,CONC,11,PB100082_D03,0.026517835
nyquist,CONC,12,PB100082_D03,0.02659358
nyquist,CONC,13,PB100082_D03,0.02658049
nyquist,CONC,14,PB100082_D03,0.026801405
nyquist,CONC,15,PB100082_D03,0.026085587
nyquist,CONC,16,PB100082_D03,0.026245099
nyquist,CONC,17,PB100082_D03,0.026075395
nyquist,CONC,18,PB100082_D03,0.025452696
nyquist,CONC,19,PB100082_D03,0.025340829
nyquist,CONC,20,PB100082_D03,0.025388846
nyquist,CONC,21,PB100082_D03,0.024699202
nyquist,CONC,22,PB100082_D03,0.025018854
nyquist,CONC,23,PB100082_D03,0.02493617
nyquist,CONC,24,PB100082_D03,0.024518246
nyquist,CONC,25,PB100082_D03,0.02463736
nyquist,CONC,26,PB100082_D03,0.024596896
nyquist,CONC,27,PB100082_D03,0.02413411
nyquist,CONC,28,PB100082_D03,0.023968434
nyquist,CONC,29,PB100082_D03,0.023515534
nyquist,CONC,30,PB100082_D03,0.02364042
nyquist,CONC,31,PB100082_D03,0.023359537
nyquist,CONC,32,PB100082_D03,0.023397287
nyquist,CONC,33,PB100082_D03,0.023267675
nyquist,CONC,34,PB100082_D03,0.023756454
nyquist,CONC,35,PB100082_D03,0.023805782
nyquist,CONC,36,PB100082_D03,0.0234465
nyquist,CONC,37,PB100082_D03,0.023406532
nyquist,CONC,38,PB100082_D03,0.02383737
nyquist,CONC,39,PB100082_D03,0.024031332
nyquist,CONC,40,PB100082_D03,0.024010498
nyquist,CONC,41,PB100082_D03,0.024026949
nyquist,CONC,42,PB100082_D03,0.024528146
nyquist,CONC,43,PB100082_D03,0.024813551
nyquist,CONC,0,PB100082_E06,0.023981614
nyquist,CONC,1,PB100082_E06,0.023753865
nyquist,CONC,2,PB100082_E06,0.02447997
nyquist,CONC,3,PB100082_E06,0.025469564
nyquist,CONC,4,PB100082_E06,0.02573288
nyquist,CONC,5,PB100082_E06,0.026928416
nyquist,CONC,6,PB100082_E06,0.027272217
nyquist,CONC,7,PB100082_E06,0.027925879
nyquist,CONC,8,PB100082_E06,0.028704245
nyquist,CONC,9,PB100082_E06,0.029417284
nyquist,CONC,10,PB100082_E06,0.029046593
nyquist,CONC,11,PB100082_E06,0.02943218
nyquist,CONC,12,PB100082_E06,0.029415848
nyquist,CONC,13,PB100082_E06,0.029346006
nyquist,CONC,14,PB100082_E06,0.029379793
nyquist,CONC,15,PB100082_E06,0.029176624
nyquist,CONC,16,PB100082_E06,0.029224044
nyquist,CONC,17,PB100082_E06,0.028800333
nyquist,CONC,18,PB100082_E06,0.028859694
nyquist,CONC,19,PB100082_E06,0.028665733
nyquist,CONC,20,PB100082_E06,0.028432643
nyquist,CONC,21,PB100082_E06,0.02822903
nyquist,CONC,22,PB100082_E06,0.028173689
nyquist,CONC,23,PB100082_E06,0.027546467
nyquist,CONC,24,PB100082_E06,0.02757283
nyquist,CONC,25,PB100082_E06,0.026675636
nyquist,CONC,26,PB100082_E06,0.026766738
nyquist,CONC,27,PB100082_E06,0.026637636
nyquist,CONC,28,PB100082_E06,0.025891716
nyquist,CONC,29,PB100082_E06,0.026111035
nyquist,CONC,30,PB100082_E06,0.025473386
nyquist,CONC,31,PB100082_E06,0.025717817
nyquist,CONC,32,PB100082_E06,0.025698792
nyquist,CONC,33,PB100082_E06,0.025443682
nyquist,CONC,34,PB100082_E06,0.025393631
nyquist,CONC,35,PB100082_E06,0.025387617
nyquist,CONC,36,PB100082_E06,0.024705423
nyquist,CONC,37,PB100082_E06,0.024233108
nyquist,CONC,38,PB100082_E06,0.024199042
nyquist,CONC,39,PB100082_E06,0.023797652
nyquist,CONC,40,PB100082_E06,0.02375698
nyquist,CONC,41,PB100082_E06,0.023571739
nyquist,CONC,42,PB100082_E06,0.023576366
nyquist,CONC,43,PB100082_E06,0.023333644
nyquist,CONC,0,PB100082_F01,0.02294092
nyquist,CONC,1,PB100082_F01,0.023652574
nyquist,CONC,2,PB100082_F01,0.02283575
nyquist,CONC,3,PB100082_F01,0.022505792
nyquist,CONC,4,PB100082_F01,0.022368684
nyquist,CONC,5,PB100082_F01,0.023163166
nyquist,CONC,6,PB100082_F01,0.023692805
nyquist,CONC,7,PB100082_F01,0.024581231
nyquist,CONC,8,PB100082_F01,0.02470114
nyquist,CONC,9,PB100082_F01,0.02544623
nyquist,CONC,10,PB100082_F01,0.026194695
nyquist,CONC,11,PB100082_F01,0.026463047
nyquist,CONC,12,PB100082_F01,0.026243635
nyquist,CONC,13,PB100082_F01,0.026229367
nyquist,CONC,14,PB100082_F01,0.02628388
nyquist,CONC,15,PB100082_F01,0.026200583
nyquist,CONC,16,PB100082_F01,0.025930498
nyquist,CONC,17,PB100082_F01,0.02619667
nyquist,CONC,18,PB100082_F01,0.025868047
nyquist,CONC,19,PB100082_F01,0.025572646
nyquist,CONC,20,PB100082_F01,0.025283352
nyquist,CONC,21,PB100082_F01,0.025179127
nyquist,CONC,22,PB100082_F01,0.024838444
nyquist,CONC,23,PB100082_F01,0.024726354
nyquist,CONC,24,PB100082_F01,0.025017567
nyquist,CONC,25,PB100082_F01,0.024627728
nyquist,CONC,26,PB100082_F01,0.024446633
nyquist,CONC,27,PB100082_F01,0.024257213
nyquist,CONC,28,PB100082_F01,0.023917602
nyquist,CONC,29,PB100082_F01,0.023511693
nyquist,CONC,30,PB100082_F01,0.023236405
nyquist,CONC,31,PB100082_F01,0.022979733
nyquist,CONC,32,PB100082_F01,0.023200214
nyquist,CONC,33,PB100082_F01,0.023142727
nyquist,CONC,34,PB100082_F01,0.02275834
nyquist,CONC,35,PB100082_F01,0.022489086
nyquist,CONC,36,PB100082_F01,0.021754518
nyquist,CONC,37,PB100082_F01,0.021604266
nyquist,CONC,38,PB100082_F01,0.02181055
nyquist,CONC,39,PB100082_F01,0.021927133
nyquist,CONC,40,PB100082_F01,0.021986172
nyquist,CONC,41,PB100082_F01,0.021570172
nyquist,CONC,42,PB100082_F01,0.02178969
nyquist,CONC,43,PB100082_F01,0.021663856
nyquist,CONC,0,PB100082_G04,0.021710522
nyquist,CONC,1,PB100082_G04,0.022018546
nyquist,CONC,2,PB100082_G04,0.022269562
nyquist,CONC,3,PB100082_G04,0.022410862
nyquist,CONC,4,PB100082_G04,0.022697596
nyquist,CONC,5,PB100082_G04,0.023083298
nyquist,CONC,6,PB100082_G04,0.023278456
nyquist,CONC,7,PB100082_G04,0.02312193
nyquist,CONC,8,PB100082_G04,0.023087256
nyquist,CONC,9,PB100082_G04,0.023219515
nyquist,CONC,10,PB100082_G04,0.023420103
nyquist,CONC,11,PB100082_G04,0.023496836
nyquist,CONC,12,PB100082_G04,0.023631398
nyquist,CONC,13,PB100082_G04,0.02372773
nyquist,CONC,14,PB100082_G04,0.023677336
nyquist,CONC,15,PB100082_G04,0.023612645
nyquist,CONC,16,PB100082_G04,0.02339401
nyquist,CONC,17,PB100082_G04,0.023525933
nyquist,CONC,18,PB100082_G04,0.022838421
nyquist,CONC,19,PB100082_G04,0.022618715
nyquist,CONC,20,PB100082_G04,0.022723787
nyquist,CONC,21,PB100082_G04,0.022391025
nyquist,CONC,22,PB100082_G04,0.021087626
nyquist,CONC,23,PB100082_G04,0.021223605
nyquist,CONC,24,PB100082_G04,0.021353994
nyquist,CONC,25,PB100082_G04,0.021253828
nyquist,CONC,26,PB100082_G04,0.021022469
nyquist,CONC,27,PB100082_G04,0.020578703
nyquist,CONC,28,PB100082_G04,0.020369243
nyquist,CONC,29,PB100082_G04,0.020546474
nyquist,CONC,30,PB100082_G04,0.020249242
nyquist,CONC,31,PB100082_G04,0.019875515
nyquist,CONC,32,PB100082_G04,0.019810371
nyquist,CONC,33,PB100082_G04,0.019501496
nyquist,CONC,34,PB100082_G04,0.019261673
nyquist,CONC,35,PB100082_G04,0.018943682
nyquist,CONC,36,PB100082_G04,0.020339403
nyquist,CONC,37,PB100082_G04,0.020418473
nyquist,CONC,38,PB100082_G04,0.020263255
nyquist,CONC,39,PB100082_G04,0.019785974
nyquist,CONC,40,PB100082_G04,0.020368613
nyquist,CONC,41,PB100082_G04,0.020379826
nyquist,CONC,42,PB100082_G04,0.019560186
nyquist,CONC,43,PB100082_G04,0.01946218
nyquist,CONC,0,PB100082_H01,0.014440877
nyquist,CONC,1,PB100082_H01,0.017534252
nyquist,CONC,2,PB100082_H01,0.01538017
nyquist,CONC,3,PB100082_H01,0.01802783
nyquist,CONC,4,PB100082_H01,0.016760413
nyquist,CONC,5,PB100082_H01,0.01902946
nyquist,CONC,6,PB100082_H01,0.017581275
nyquist,CONC,7,PB100082_H01,0.017901115
nyquist,CONC,8,PB100082_H01,0.017277405
nyquist,CONC,9,PB100082_H01,0.017688826
nyquist,CONC,10,PB100082_H01,0.018462855
nyquist,CONC,11,PB100082_H01,0.017491668
nyquist,CONC,12,PB100082_H01,0.018247683
nyquist,CONC,13,PB100082_H01,0.017745953
nyquist,CONC,14,PB100082_H01,0.019634955
nyquist,CONC,15,PB100082_H01,0.018833011
nyquist,CONC,16,PB100082_H01,0.01935687
nyquist,CONC,17,PB100082_H01,0.018919386
nyquist,CONC,18,PB100082_H01,0.017838689
nyquist,CONC,19,PB100082_H01,0.018097501
nyquist,CONC,20,PB100082_H01,0.018046502
nyquist,CONC,21,PB100082_H01,0.018108027
nyquist,CONC,22,PB100082_H01,0.018273296
nyquist,CONC,23,PB100082_H01,0.017631013
nyquist,CONC,24,PB100082_H01,0.018241107
nyquist,CONC,25,PB100082_H01,0.018258434
nyquist,CONC,26,PB100082_H01,0.018588625
nyquist,CONC,27,PB100082_H01,0.017439293
nyquist,CONC,28,PB100082_H01,0.018227022
nyquist,CONC,29,PB100082_H01,0.017417468
nyquist,CONC,30,PB100082_H01,0.017188612
nyquist,CONC,31,PB100082_H01,0.017452162
nyquist,CONC,32,PB100082_H01,0.017328931
nyquist,CONC,33,PB100082_H01,0.017326469
nyquist,CONC,34,PB100082_H01,0.017543547
nyquist,CONC,35,PB100082_H01,0.017769365
nyquist,CONC,36,PB100082_H01,0.016800025
nyquist,CONC,37,PB100082_H01,0.017458772
nyquist,CONC,38,PB100082_H01,0.01756187
nyquist,CONC,39,PB100082_H01,0.016528754
nyquist,CONC,40,PB100082_H01,0.015858473
nyquist,CONC,41,PB100082_H01,0.016202899
nyquist,CONC,42,PB100082_H01,0.015765449
nyquist,CONC,43,PB100082_H01,0.015999831
nyquist,CONC,0,PB100082_H07,0.023249995
nyquist,CONC,1,PB100082_H07,0.02402699
nyquist,CONC,2,PB100082_H07,0.0248663
nyquist,CONC,3,PB100082_H07,0.024835747
nyquist,CONC,4,PB100082_H07,0.025093794
nyquist,CONC,5,PB100082_H07,0.025499444
nyquist,CONC,6,PB100082_H07,0.026126195
nyquist,CONC,7,PB100082_H07,0.026729733
nyquist,CONC,8,PB100082_H07,0.02681908
nyquist,CONC,9,PB100082_H07,0.026693199
nyquist,CONC,10,PB100082_H07,0.026562996
nyquist,CONC,11,PB100082_H07,0.026299385
nyquist,CONC,12,PB100082_H07,0.026302759
nyquist,CONC,13,PB100082_H07,0.026329242
nyquist,CONC,14,PB100082_H07,0.025873262
nyquist,CONC,15,PB100082_H07,0.02574511
nyquist,CONC,16,PB100082_H07,0.024765318
nyquist,CONC,17,PB100082_H07,0.024508208
nyquist,CONC,18,PB100082_H07,0.024858776
nyquist,CONC,19,PB100082_H07,0.024051538
nyquist,CONC,20,PB100082_H07,0.024028711
nyquist,CONC,21,PB100082_H07,0.023868162
nyquist,CONC,22,PB100082_H07,0.023818903
nyquist,CONC,23,PB100082_H07,0.023538057
nyquist,CONC,24,PB100082_H07,0.023507629
nyquist,CONC,25,PB100082_H07,0.023526432
nyquist,CONC,26,PB100082_H07,0.023513181
nyquist,CONC,27,PB100082_H07,0.023206027
nyquist,CONC,28,PB100082_H07,0.023022534
nyquist,CONC,29,PB100082_H07,0.023105819
nyquist,CONC,30,PB100082_H07,0.022970602
nyquist,CONC,31,PB100082_H07,0.022711975
nyquist,CONC,32,PB100082_H07,0.022522802
nyquist,CONC,33,PB100082_H07,0.022333464
nyquist,CONC,34,PB100082_H07,0.02223743
nyquist,CONC,35,PB100082_H07,0.02233847
nyquist,CONC,36,PB100082_H07,0.022591706
nyquist,CONC,37,PB100082_H07,0.022556648
nyquist,CONC,38,PB100082_H07,0.022429157
nyquist,CONC,39,PB100082_H07,0.022429856
nyquist,CONC,40,PB100082_H07,0.022250038
nyquist,CONC,41,PB100082_H07,0.022289224
nyquist,CONC,42,PB100082_H07,0.022017334
nyquist,CONC,43,PB100082_H07,0.02175555
nyquist,CONC,0,PB100083_A02,0.010960707
nyquist,CONC,1,PB100083_A02,0.011002891
nyquist,CONC,2,PB100083_A02,0.011184687
nyquist,CONC,3,PB100083_A02,0.011152496
nyquist,CONC,4,PB100083_A02,0.011127811
nyquist,CONC,5,PB100083_A02,0.011141277
nyquist,CONC,6,PB100083_A02,0.011236878
nyquist,CONC,7,PB100083_A02,0.011356251
nyquist,CONC,8,PB100083_A02,0.011407677
nyquist,CONC,9,PB100083_A02,0.011422182
nyquist,CONC,10,PB100083_A02,0.0114486115
nyquist,CONC,11,PB100083_A02,0.011476396
nyquist,CONC,12,PB100083_A02,0.011310528
nyquist,CONC,13,PB100083_A02,0.0110949725
nyquist,CONC,14,PB100083_A02,0.011227697
nyquist,CONC,15,PB100083_A02,0.011182327
nyquist,CONC,16,PB100083_A02,0.011232905
nyquist,CONC,17,PB100083_A02,0.01115256
nyquist,CONC,18,PB100083_A02,0.01123579
nyquist,CONC,19,PB100083_A02,0.011184541
nyquist,CONC,20,PB100083_A02,0.01129789
nyquist,CONC,21,PB100083_A02,0.010955909
nyquist,CONC,22,PB100083_A02,0.010457857
nyquist,CONC,23,PB100083_A02,0.010377901
nyquist,CONC,24,PB100083_A02,0.01050541
nyquist,CONC,25,PB100083_A02,0.0104427645
nyquist,CONC,26,PB100083_A02,0.010557725
nyquist,CONC,27,PB100083_A02,0.010534907
nyquist,CONC,28,PB100083_A02,0.010583539
nyquist,CONC,29,PB100083_A02,0.010073445
nyquist,CONC,30,PB100083_A02,0.009898475
nyquist,CONC,31,PB100083_A02,0.010045176
nyquist,CONC,32,PB100083_A02,0.010036133
nyquist,CONC,33,PB100083_A02,0.010110272
nyquist,CONC,34,PB100083_A02,0.009953674
nyquist,CONC,35,PB100083_A02,0.010105349
nyquist,CONC,36,PB100083_A02,0.010025685
nyquist,CONC,37,PB100083_A02,0.00888581
nyquist,CONC,38,PB100083_A02,0.010014642
nyquist,CONC,39,PB100083_A02,0.010117149
nyquist,CONC,40,PB100083_A02,0.010043285
nyquist,CONC,41,PB100083_A02,0.010058322
nyquist,CONC,42,PB100083_A02,0.009819396
nyquist,CONC,43,PB100083_A02,0.009346448
nyquist,CONC,0,PB100083_A08,0.016587637
nyquist,CONC,1,PB100083_A08,0.017159525
nyquist,CONC,2,PB100083_A08,0.017213374
nyquist,CONC,3,PB100083_A08,0.017338896
nyquist,CONC,4,PB100083_A08,0.017103396
nyquist,CONC,5,PB100083_A08,0.017143901
nyquist,CONC,6,PB100083_A08,0.017140774
nyquist,CONC,7,PB100083_A08,0.017615847
nyquist,CONC,8,PB100083_A08,0.017517991
nyquist,CONC,9,PB100083_A08,0.017515846
nyquist,CONC,10,PB100083_A08,0.017395204
nyquist,CONC,11,PB100083_A08,0.017086916
nyquist,CONC,12,PB100083_A08,0.016661474
nyquist,CONC,13,PB100083_A08,0.016567133
nyquist,CONC,14,PB100083_A08,0.016425278
nyquist,CONC,15,PB100083_A08,0.0159241
nyquist,CONC,16,PB100083_A08,0.015561907
nyquist,CONC,17,PB100083_A08,0.015741153
nyquist,CONC,18,PB100083_A08,0.01546523
nyquist,CONC,19,PB100083_A08,0.0152564095
nyquist,CONC,20,PB100083_A08,0.015080339
nyquist,CONC,21,PB100083_A08,0.014867776
nyquist,CONC,22,PB100083_A08,0.014639055
nyquist,CONC,23,PB100083_A08,0.014500473
nyquist,CONC,24,PB100083_A08,0.014424796
nyquist,CONC,25,PB100083_A08,0.014353963
nyquist,CONC,26,PB100083_A08,0.01434694
nyquist,CONC,27,PB100083_A08,0.014360767
nyquist,CONC,28,PB100083_A08,0.01428048
nyquist,CONC,29,PB100083_A08,0.01418692
nyquist,CONC,30,PB100083_A08,0.014318485
nyquist,CONC,31,PB100083_A08,0.014374368
nyquist,CONC,32,PB100083_A08,0.014482709
nyquist,CONC,33,PB100083_A08,0.014265963
nyquist,CONC,34,PB100083_A08,0.014424546
nyquist,CONC,35,PB100083_A08,0.014269593
nyquist,CONC,36,PB100083_A08,0.013971186
nyquist,CONC,37,PB100083_A08,0.013911853
nyquist,CONC,38,PB100083_A08,0.0139652435
nyquist,CONC,39,PB100083_A08,0.013982015
nyquist,CONC,40,PB100083_A08,0.014058381
nyquist,CONC,41,PB100083_A08,0.014071891
nyquist,CONC,42,PB100083_A08,0.013748767
nyquist,CONC,43,PB100083_A08,0.013694122
nyquist,CONC,0,PB100083_B05,0.02122816
nyquist,CONC,1,PB100083_B05,0.022203812
nyquist,CONC,2,PB100083_B05,0.02281287
nyquist,CONC,3,PB100083_B05,0.02329769
nyquist,CONC,4,PB100083_B05,0.024113344
nyquist,CONC,5,PB100083_B05,0.024930485
nyquist,CONC,6,PB100083_B05,0.02481056
nyquist,CONC,7,PB100083_B05,0.02479291
nyquist,CONC,8,PB100083_B05,0.024208164
nyquist,CONC,9,PB100083_B05,0.023788426
nyquist,CONC,10,PB100083_B05,0.023979135
nyquist,CONC,11,PB100083_B05,0.024170212
nyquist,CONC,12,PB100083_B05,0.023259554
nyquist,CONC,13,PB100083_B05,0.023409711
nyquist,CONC,14,PB100083_B05,0.023360983
nyquist,CONC,15,PB100083_B05,0.022913903
nyquist,CONC,16,PB100083_B05,0.022589091
nyquist,CONC,17,PB100083_B05,0.022647904
nyquist,CONC,18,PB100083_B05,0.022295753
nyquist,CONC,19,PB100083_B05,0.02189174
nyquist,CONC,20,PB100083_B05,0.02158688
nyquist,CONC,21,PB100083_B05,0.021663917
nyquist,CONC,22,PB100083_B05,0.021520047
nyquist,CONC,23,PB100083_B05,0.021179102
nyquist,CONC,24,PB100083_B05,0.020956572
nyquist,CONC,25,PB100083_B05,0.02099267
nyquist,CONC,26,PB100083_B05,0.020991154
nyquist,CONC,27,PB100083_B05,0.02091631
nyquist,CONC,28,PB100083_B05,0.021010024
nyquist,CONC,29,PB100083_B05,0.02090635
nyquist,CONC,30,PB100083_B05,0.020951843
nyquist,CONC,31,PB100083_B05,0.020980956
nyquist,CONC,32,PB100083_B05,0.02004431
nyquist,CONC,33,PB100083_B05,0.020117
nyquist,CONC,34,PB100083_B05,0.019615624
nyquist,CONC,35,PB100083_B05,0.019770771
nyquist,CONC,36,PB100083_B05,0.019534595
nyquist,CONC,37,PB100083_B05,0.019398874
nyquist,CONC,38,PB100083_B05,0.019824926
nyquist,CONC,39,PB100083_B05,0.020584773
nyquist,CONC,40,PB100083_B05,0.01968605
nyquist,CONC,41,PB100083_B05,0.020393576
nyquist,CONC,42,PB100083_B05,0.020325566
nyquist,CONC,43,PB100083_B05,0.020583257
nyquist,CONC,0,PB100083_C08,0.01797002
nyquist,CONC,1,PB100083_C08,0.018516716
nyquist,CONC,2,PB100083_C08,0.018569969
nyquist,CONC,3,PB100083_C08,0.01959899
nyquist,CONC,4,PB100083_C08,0.019205086
nyquist,CONC,5,PB100083_C08,0.019630136
nyquist,CONC,6,PB100083_C08,0.020424599
nyquist,CONC,7,PB100083_C08,0.020147346
nyquist,CONC,8,PB100083_C08,0.020205673
nyquist,CONC,9,PB100083_C08,0.020219963
nyquist,CONC,10,PB100083_C08,0.020339072
nyquist,CONC,11,PB100083_C08,0.020423004
nyquist,CONC,12,PB100083_C08,0.02054009
nyquist,CONC,13,PB100083_C08,0.020611923
nyquist,CONC,14,PB100083_C08,0.0205677
nyquist,CONC,15,PB100083_C08,0.02046305
nyquist,CONC,16,PB100083_C08,0.020536676
nyquist,CONC,17,PB100083_C08,0.020386204
nyquist,CONC,18,PB100083_C08,0.019868605
nyquist,CONC,19,PB100083_C08,0.0195556
nyquist,CONC,20,PB100083_C08,0.019130573
nyquist,CONC,21,PB100083_C08,0.019177292
nyquist,CONC,22,PB100083_C08,0.019365784
nyquist,CONC,23,PB100083_C08,0.019040894
nyquist,CONC,24,PB100083_C08,0.018808067
nyquist,CONC,25,PB100083_C08,0.018648498
nyquist,CONC,26,PB100083_C08,0.018584888
nyquist,CONC,27,PB100083_C08,0.018324375
nyquist,CONC,28,PB100083_C08,0.01818766
nyquist,CONC,29,PB100083_C08,0.01805477
nyquist,CONC,30,PB100083_C08,0.01780756
nyquist,CONC,31,PB100083_C08,0.01771133
nyquist,CONC,32,PB100083_C08,0.01781224
nyquist,CONC,33,PB100083_C08,0.018132275
nyquist,CONC,34,PB100083_C08,0.01818583
nyquist,CONC,35,PB100083_C08,0.018257543
nyquist,CONC,36,PB100083_C08,0.018207699
nyquist,CONC,37,PB100083_C08,0.017922841
nyquist,CONC,38,PB100083_C08,0.018050538
nyquist,CONC,39,PB100083_C08,0.01797399
nyquist,CONC,40,PB100083_C08,0.017595343
nyquist,CONC,41,PB100083_C08,0.017566627
nyquist,CONC,42,PB100083_C08,0.017548416
nyquist,CONC,43,PB100083_C08,0.017467497
nyquist,CONC,0,PB100083_D03,0.016007688
nyquist,CONC,1,PB100083_D03,0.016384484
nyquist,CONC,2,PB100083_D03,0.016848613
nyquist,CONC,3,PB100083_D03,0.017152818
nyquist,CONC,4,PB100083_D03,0.017267888
nyquist,CONC,5,PB100083_D03,0.017186014
nyquist,CONC,6,PB100083_D03,0.017411776
nyquist,CONC,7,PB100083_D03,0.017198445
nyquist,CONC,8,PB100083_D03,0.017119616
nyquist,CONC,9,PB100083_D03,0.016679693
nyquist,CONC,10,PB100083_D03,0.016742079
nyquist,CONC,11,PB100083_D03,0.01675675
nyquist,CONC,12,PB100083_D03,0.01650761
nyquist,CONC,13,PB100083_D03,0.016965402
nyquist,CONC,14,PB100083_D03,0.01701952
nyquist,CONC,15,PB100083_D03,0.016784925
nyquist,CONC,16,PB100083_D03,0.01668645
nyquist,CONC,17,PB100083_D03,0.016439168
nyquist,CONC,18,PB100083_D03,0.016130162
nyquist,CONC,19,PB100083_D03,0.015732624
nyquist,CONC,20,PB100083_D03,0.0154602025
nyquist,CONC,21,PB100083_D03,0.015487143
nyquist,CONC,22,PB100083_D03,0.0155052245
nyquist,CONC,23,PB100083_D03,0.015512855
nyquist,CONC,24,PB100083_D03,0.015284526
nyquist,CONC,25,PB100083_D03,0.015258984
nyquist,CONC,26,PB100083_D03,0.01528049
nyquist,CONC,27,PB100083_D03,0.015250783
nyquist,CONC,28,PB100083_D03,0.015228463
nyquist,CONC,29,PB100083_D03,0.014810663
nyquist,CONC,30,PB100083_D03,0.014879695
nyquist,CONC,31,PB100083_D03,0.014714463
nyquist,CONC,32,PB100083_D03,0.014693393
nyquist,CONC,33,PB100083_D03,0.014732208
nyquist,CONC,34,PB100083_D03,0.014446774
nyquist,CONC,35,PB100083_D03,0.014399264
nyquist,CONC,36,PB100083_D03,0.014563069
nyquist,CONC,37,PB100083_D03,0.014654227
nyquist,CONC,38,PB100083_D03,0.01438444
nyquist,CONC,39,PB100083_D03,0.014298349
nyquist,CONC,40,PB100083_D03,0.014521631
nyquist,CONC,41,PB100083_D03,0.014381433
nyquist,CONC,42,PB100083_D03,0.014836642
nyquist,CONC,43,PB100083_D03,0.014474448
nyquist,CONC,1,PB100083_E06,0.015411224
nyquist,CONC,2,PB100083_E06,0.015739758
nyquist,CONC,3,PB100083_E06,0.01577535
nyquist,CONC,4,PB100083_E06,0.015957922
nyquist,CONC,5,PB100083_E06,0.016126629
nyquist,CONC,6,PB100083_E06,0.016429242
nyquist,CONC,7,PB100083_E06,0.016735021
nyquist,CONC,8,PB100083_E06,0.01681157
nyquist,CONC,9,PB100083_E06,0.016661203
nyquist,CONC,10,PB100083_E06,0.01684752
nyquist,CONC,11,PB100083_E06,0.017173871
nyquist,CONC,12,PB100083_E06,0.017158994
nyquist,CONC,13,PB100083_E06,0.016600084
nyquist,CONC,14,PB100083_E06,0.017012848
nyquist,CONC,15,PB100083_E06,0.016872488
nyquist,CONC,16,PB100083_E06,0.017019985
nyquist,CONC,17,PB100083_E06,0.016899219
nyquist,CONC,18,PB100083_E06,0.016958065
nyquist,CONC,19,PB100083_E06,0.016721666
nyquist,CONC,20,PB100083_E06,0.01657833
nyquist,CONC,21,PB100083_E06,0.01607014
nyquist,CONC,22,PB100083_E06,0.016218118
nyquist,CONC,23,PB100083_E06,0.016274871
nyquist,CONC,24,PB100083_E06,0.016068898
nyquist,CONC,25,PB100083_E06,0.015882466
nyquist,CONC,26,PB100083_E06,0.015604818
nyquist,CONC,27,PB100083_E06,0.015580514
nyquist,CONC,28,PB100083_E06,0.015837915
nyquist,CONC,29,PB100083_E06,0.015906736
nyquist,CONC,30,PB100083_E06,0.015818797
nyquist,CONC,31,PB100083_E06,0.015488697
nyquist,CONC,32,PB100083_E06,0.015446873
nyquist,CONC,33,PB100083_E06,0.015636863
nyquist,CONC,34,PB100083_E06,0.0155453235
nyquist,CONC,35,PB100083_E06,0.015486142
nyquist,CONC,36,PB100083_E06,0.015945796
nyquist,CONC,37,PB100083_E06,0.016056191
nyquist,CONC,38,PB100083_E06,0.015900537
nyquist,CONC,39,PB100083_E06,0.016025422
nyquist,CONC,40,PB100083_E06,0.01591447
nyquist,CONC,41,PB100083_E06,0.015329875
nyquist,CONC,42,PB100083_E06,0.015308256
nyquist,CONC,43,PB100083_E06,0.015281347
nyquist,CONC,0,PB100083_F01,0.013777018
nyquist,CONC,1,PB100083_F01,0.013408313
nyquist,CONC,2,PB100083_F01,0.013281581
nyquist,CONC,3,PB100083_F01,0.013327597
nyquist,CONC,4,PB100083_F01,0.013361771
nyquist,CONC,5,PB100083_F01,0.013424428
nyquist,CONC,6,PB100083_F01,0.013597247
nyquist,CONC,7,PB100083_F01,0.013705826
nyquist,CONC,8,PB100083_F01,0.013702035
nyquist,CONC,9,PB100083_F01,0.013554297
nyquist,CONC,10,PB100083_F01,0.013931725
nyquist,CONC,11,PB100083_F01,0.01396284
nyquist,CONC,12,PB100083_F01,0.0139150815
nyquist,CONC,13,PB100083_F01,0.013847366
nyquist,CONC,14,PB100083_F01,0.013878537
nyquist,CONC,15,PB100083_F01,0.01379957
nyquist,CONC,16,PB100083_F01,0.013757289
nyquist,CONC,17,PB100083_F01,0.013798428
nyquist,CONC,18,PB100083_F01,0.013703087
nyquist,CONC,19,PB100083_F01,0.013595695
nyquist,CONC,20,PB100083_F01,0.013476266
nyquist,CONC,21,PB100083_F01,0.013387866
nyquist,CONC,22,PB100083_F01,0.013129456
nyquist,CONC,23,PB100083_F01,0.01314087
nyquist,CONC,24,PB100083_F01,0.012982443
nyquist,CONC,25,PB100083_F01,0.0130930375
nyquist,CONC,26,PB100083_F01,0.012969151
nyquist,CONC,27,PB100083_F01,0.0128286015
nyquist,CONC,28,PB100083_F01,0.012937025
nyquist,CONC,29,PB100083_F01,0.012948366
nyquist,CONC,30,PB100083_F01,0.012993291
nyquist,CONC,31,PB100083_F01,0.0127514945
nyquist,CONC,32,PB100083_F01,0.012885239
nyquist,CONC,33,PB100083_F01,0.012836412
nyquist,CONC,34,PB100083_F01,0.0129174115
nyquist,CONC,35,PB100083_F01,0.012175129
nyquist,CONC,36,PB100083_F01,0.012206942
nyquist,CONC,37,PB100083_F01,0.012148762
nyquist,CONC,38,PB100083_F01,0.012017319
nyquist,CONC,39,PB100083_F01,0.011751664
nyquist,CONC,40,PB100083_F01,0.0116281435
nyquist,CONC,41,PB100083_F01,0.011750272
nyquist,CONC,42,PB100083_F01,0.011597112
nyquist,CONC,43,PB100083_F01,0.011613341
nyquist,CONC,0,PB100083_G04,0.016629219
nyquist,CONC,1,PB100083_G04,0.017063532
nyquist,CONC,2,PB100083_G04,0.017860208
nyquist,CONC,3,PB100083_G04,0.018476948
nyquist,CONC,4,PB100083_G04,0.01940307
nyquist,CONC,5,PB100083_G04,0.020237917
nyquist,CONC,6,PB100083_G04,0.021425277
nyquist,CONC,7,PB100083_G04,0.02167855
nyquist,CONC,8,PB100083_G04,0.021939922
nyquist,CONC,9,PB100083_G04,0.022607991
nyquist,CONC,10,PB100083_G04,0.022860564
nyquist,CONC,11,PB100083_G04,0.0232832
nyquist,CONC,12,PB100083_G04,0.023070857
nyquist,CONC,13,PB100083_G04,0.022799782
nyquist,CONC,14,PB100083_G04,0.022674885
nyquist,CONC,15,PB100083_G04,0.022384351
nyquist,CONC,16,PB100083_G04,0.022521198
nyquist,CONC,17,PB100083_G04,0.022347277
nyquist,CONC,18,PB100083_G04,0.021730803
nyquist,CONC,19,PB100083_G04,0.021742053
nyquist,CONC,20,PB100083_G04,0.021007372
nyquist,CONC,21,PB100083_G04,0.02071606
nyquist,CONC,22,PB100083_G04,0.02049841
nyquist,CONC,23,PB100083_G04,0.020849159
nyquist,CONC,24,PB100083_G04,0.020665105
nyquist,CONC,25,PB100083_G04,0.02025687
nyquist,CONC,26,PB100083_G04,0.019587161
nyquist,CONC,27,PB100083_G04,0.019245444
nyquist,CONC,28,PB100083_G04,0.019523162
nyquist,CONC,29,PB100083_G04,0.019573074
nyquist,CONC,30,PB100083_G04,0.019449744
nyquist,CONC,31,PB100083_G04,0.019082064
nyquist,CONC,32,PB100083_G04,0.018839924
nyquist,CONC,33,PB100083_G04,0.018843846
nyquist,CONC,34,PB100083_G04,0.018400839
nyquist,CONC,35,PB100083_G04,0.018774277
nyquist,CONC,36,PB100083_G04,0.018862408
nyquist,CONC,37,PB100083_G04,0.018857516
nyquist,CONC,38,PB100083_G04,0.018850094
nyquist,CONC,39,PB100083_G04,0.018859101
nyquist,CONC,40,PB100083_G04,0.01889603
nyquist,CONC,41,PB100083_G04,0.018880328
nyquist,CONC,42,PB100083_G04,0.0182144
nyquist,CONC,43,PB100083_G04,0.018419843
nyquist,CONC,0,PB100083_H01,0.013019011
nyquist,CONC,1,PB100083_H01,0.013547698
nyquist,CONC,2,PB100083_H01,0.013607109
nyquist,CONC,3,PB100083_H01,0.013887507
nyquist,CONC,4,PB100083_H01,0.014052404
nyquist,CONC,5,PB100083_H01,0.014472843
nyquist,CONC,6,PB100083_H01,0.014511051
nyquist,CONC,7,PB100083_H01,0.01463668
nyquist,CONC,8,PB100083_H01,0.014855725
nyquist,CONC,9,PB100083_H01,0.014343735
nyquist,CONC,10,PB100083_H01,0.014614416
nyquist,CONC,11,PB100083_H01,0.014472484
nyquist,CONC,12,PB100083_H01,0.014560966
nyquist,CONC,13,PB100083_H01,0.014680563
nyquist,CONC,14,PB100083_H01,0.014568738
nyquist,CONC,15,PB100083_H01,0.014388704
nyquist,CONC,16,PB100083_H01,0.014290875
nyquist,CONC,17,PB100083_H01,0.014249742
nyquist,CONC,18,PB100083_H01,0.014217778
nyquist,CONC,19,PB100083_H01,0.014192987
nyquist,CONC,20,PB100083_H01,0.0141400155
nyquist,CONC,21,PB100083_H01,0.013970798
nyquist,CONC,22,PB100083_H01,0.013808075
nyquist,CONC,23,PB100083_H01,0.013630019
nyquist,CONC,24,PB100083_H01,0.013448887
nyquist,CONC,25,PB100083_H01,0.013508044
nyquist,CONC,26,PB100083_H01,0.0134058045
nyquist,CONC,27,PB100083_H01,0.013127355
nyquist,CONC,28,PB100083_H01,0.012971726
nyquist,CONC,29,PB100083_H01,0.012985021
nyquist,CONC,30,PB100083_H01,0.01268716
nyquist,CONC,31,PB100083_H01,0.012923768
nyquist,CONC,32,PB100083_H01,0.012898467
nyquist,CONC,33,PB100083_H01,0.012823835
nyquist,CONC,34,PB100083_H01,0.012573597
nyquist,CONC,35,PB100083_H01,0.012774172
nyquist,CONC,36,PB100083_H01,0.012537678
nyquist,CONC,37,PB100083_H01,0.012675385
nyquist,CONC,38,PB100083_H01,0.0125799095
nyquist,CONC,39,PB100083_H01,0.0125084445
nyquist,CONC,40,PB100083_H01,0.012531832
nyquist,CONC,41,PB100083_H01,0.012372119
nyquist,CONC,42,PB100083_H01,0.012362804
nyquist,CONC,43,PB100083_H01,0.012221573
nyquist,CONC,0,PB100083_H07,0.014640031
nyquist,CONC,1,PB100083_H07,0.014789822
nyquist,CONC,2,PB100083_H07,0.01486825
nyquist,CONC,3,PB100083_H07,0.014910877
nyquist,CONC,4,PB100083_H07,0.015238076
nyquist,CONC,5,PB100083_H07,0.015323795
nyquist,CONC,6,PB100083_H07,0.015351257
nyquist,CONC,7,PB100083_H07,0.0153589565
nyquist,CONC,8,PB100083_H07,0.015332345
nyquist,CONC,9,PB100083_H07,0.015251159
nyquist,CONC,10,PB100083_H07,0.015327685
nyquist,CONC,11,PB100083_H07,0.015325658
nyquist,CONC,12,PB100083_H07,0.015074265
nyquist,CONC,13,PB100083_H07,0.014916736
nyquist,CONC,14,PB100083_H07,0.01483355
nyquist,CONC,15,PB100083_H07,0.014731795
nyquist,CONC,16,PB100083_H07,0.014519123
nyquist,CONC,17,PB100083_H07,0.0146271605
nyquist,CONC,18,PB100083_H07,0.014636129
nyquist,CONC,19,PB100083_H07,0.014504976
nyquist,CONC,20,PB100083_H07,0.014512381
nyquist,CONC,21,PB100083_H07,0.014476928
nyquist,CONC,22,PB100083_H07,0.014234816
nyquist,CONC,23,PB100083_H07,0.014260512
nyquist,CONC,24,PB100083_H07,0.014352428
nyquist,CONC,25,PB100083_H07,0.014424598
nyquist,CONC,26,PB100083_H07,0.014479259
nyquist,CONC,27,PB100083_H07,0.014341853
nyquist,CONC,28,PB100083_H07,0.013964031
nyquist,CONC,29,PB100083_H07,0.014021585
nyquist,CONC,30,PB100083_H07,0.013961505
nyquist,CONC,31,PB100083_H07,0.0139519945
nyquist,CONC,32,PB100083_H07,0.014160267
nyquist,CONC,33,PB100083_H07,0.014335269
nyquist,CONC,34,PB100083_H07,0.01401988
nyquist,CONC,35,PB100083_H07,0.013841439
nyquist,CONC,36,PB100083_H07,0.013948373
nyquist,CONC,37,PB100083_H07,0.01396478
nyquist,CONC,38,PB100083_H07,0.014000241
nyquist,CONC,39,PB100083_H07,0.013721277
nyquist,CONC,40,PB100083_H07,0.013651805
nyquist,CONC,41,PB100083_H07,0.0133666275
nyquist,CONC,42,PB100083_H07,0.013189584
nyquist,CONC,43,PB100083_H07,0.013397375
nyquist,PHAandWGA,0,PB100082_A02,0.11677054
nyquist,PHAandWGA,1,PB100082_A02,0.101825684
nyquist,PHAandWGA,2,PB100082_A02,0.10370264
nyquist,PHAandWGA,3,PB100082_A02,0.10625704
nyquist,PHAandWGA,4,PB100082_A02,0.11276937
nyquist,PHAandWGA,5,PB100082_A02,0.11549114
nyquist,PHAandWGA,6,PB100082_A02,0.11643296
nyquist,PHAandWGA,7,PB100082_A02,0.1176989
nyquist,PHAandWGA,8,PB100082_A02,0.11922912
nyquist,PHAandWGA,9,PB100082_A02,0.1185589
nyquist,PHAandWGA,10,PB100082_A02,0.12042653
nyquist,PHAandWGA,11,PB100082_A02,0.11802091
nyquist,PHAandWGA,12,PB100082_A02,0.11870275
nyquist,PHAandWGA,13,PB100082_A02,0.11724432
nyquist,PHAandWGA,14,PB100082_A02,0.11632112
nyquist,PHAandWGA,15,PB100082_A02,0.11776595
nyquist,PHAandWGA,16,PB100082_A02,0.11552127
nyquist,PHAandWGA,17,PB100082_A02,0.11562486
nyquist,PHAandWGA,18,PB100082_A02,0.11557701
nyquist,PHAandWGA,19,PB100082_A02,0.114507034
nyquist,PHAandWGA,20,PB100082_A02,0.11601765
nyquist,PHAandWGA,21,PB100082_A02,0.11383768
nyquist,PHAandWGA,22,PB100082_A02,0.11124997
nyquist,PHAandWGA,23,PB100082_A02,0.11373801
nyquist,PHAandWGA,24,PB100082_A02,0.113938615
nyquist,PHAandWGA,25,PB100082_A02,0.11460859
nyquist,PHAandWGA,26,PB100082_A02,0.11467216
nyquist,PHAandWGA,27,PB100082_A02,0.11517572
nyquist,PHAandWGA,28,PB100082_A02,0.11370735
nyquist,PHAandWGA,29,PB100082_A02,0.113808095
nyquist,PHAandWGA,30,PB100082_A02,0.11484931
nyquist,PHAandWGA,31,PB100082_A02,0.11529952
nyquist,PHAandWGA,32,PB100082_A02,0.115201995
nyquist,PHAandWGA,33,PB100082_A02,0.11623484
nyquist,PHAandWGA,34,PB100082_A02,0.1152513
nyquist,PHAandWGA,35,PB100082_A02,0.1158704
nyquist,PHAandWGA,36,PB100082_A02,0.117376044
nyquist,PHAandWGA,37,PB100082_A02,0.11765459
nyquist,PHAandWGA,38,PB100082_A02,0.11645824
nyquist,PHAandWGA,39,PB100082_A02,0.11671057
nyquist,PHAandWGA,40,PB100082_A02,0.11728509
nyquist,PHAandWGA,41,PB100082_A02,0.11679305
nyquist,PHAandWGA,42,PB100082_A02,0.116146944
nyquist,PHAandWGA,43,PB100082_A02,0.11445335
nyquist,PHAandWGA,1,PB100082_A08,0.10753598
nyquist,PHAandWGA,2,PB100082_A08,0.10823372
nyquist,PHAandWGA,3,PB100082_A08,0.109922975
nyquist,PHAandWGA,4,PB100082_A08,0.111153394
nyquist,PHAandWGA,5,PB100082_A08,0.11331735
nyquist,PHAandWGA,6,PB100082_A08,0.117799
nyquist,PHAandWGA,7,PB100082_A08,0.122851394
nyquist,PHAandWGA,8,PB100082_A08,0.12595007
nyquist,PHAandWGA,9,PB100082_A08,0.13017897
nyquist,PHAandWGA,10,PB100082_A08,0.13328412
nyquist,PHAandWGA,11,PB100082_A08,0.1367296
nyquist,PHAandWGA,12,PB100082_A08,0.13990875
nyquist,PHAandWGA,13,PB100082_A08,0.13862558
nyquist,PHAandWGA,14,PB100082_A08,0.14221033
nyquist,PHAandWGA,15,PB100082_A08,0.14215934
nyquist,PHAandWGA,16,PB100082_A08,0.14267254
nyquist,PHAandWGA,17,PB100082_A08,0.1409244
nyquist,PHAandWGA,18,PB100082_A08,0.14157489
nyquist,PHAandWGA,19,PB100082_A08,0.14044504
nyquist,PHAandWGA,20,PB100082_A08,0.13982561
nyquist,PHAandWGA,21,PB100082_A08,0.13972336
nyquist,PHAandWGA,22,PB100082_A08,0.13868056
nyquist,PHAandWGA,23,PB100082_A08,0.13726452
nyquist,PHAandWGA,24,PB100082_A08,0.13540658
nyquist,PHAandWGA,25,PB100082_A08,0.13467285
nyquist,PHAandWGA,26,PB100082_A08,0.13458228
nyquist,PHAandWGA,27,PB100082_A08,0.13319787
nyquist,PHAandWGA,28,PB100082_A08,0.13231146
nyquist,PHAandWGA,29,PB100082_A08,0.13113339
nyquist,PHAandWGA,30,PB100082_A08,0.1303141
nyquist,PHAandWGA,31,PB100082_A08,0.12959614
nyquist,PHAandWGA,32,PB100082_A08,0.12779628
nyquist,PHAandWGA,33,PB100082_A08,0.12838231
nyquist,PHAandWGA,34,PB100082_A08,0.12556389
nyquist,PHAandWGA,35,PB100082_A08,0.12612861
nyquist,PHAandWGA,36,PB100082_A08,0.12641248
nyquist,PHAandWGA,37,PB100082_A08,0.12756811
nyquist,PHAandWGA,38,PB100082_A08,0.12618677
nyquist,PHAandWGA,39,PB100082_A08,0.12509817
nyquist,PHAandWGA,40,PB100082_A08,0.12763792
nyquist,PHAandWGA,41,PB100082_A08,0.12795208
nyquist,PHAandWGA,42,PB100082_A08,0.12708052
nyquist,PHAandWGA,43,PB100082_A08,0.12737699
nyquist,PHAandWGA,0,PB100082_B05,0.14157134
nyquist,PHAandWGA,1,PB100082_B05,0.14309989
nyquist,PHAandWGA,2,PB100082_B05,0.15156753
nyquist,PHAandWGA,3,PB100082_B05,0.15918541
nyquist,PHAandWGA,4,PB100082_B05,0.16377401
nyquist,PHAandWGA,5,PB100082_B05,0.16695285
nyquist,PHAandWGA,6,PB100082_B05,0.17174345
nyquist,PHAandWGA,7,PB100082_B05,0.17028274
nyquist,PHAandWGA,8,PB100082_B05,0.16758448
nyquist,PHAandWGA,9,PB100082_B05,0.15799797
nyquist,PHAandWGA,10,PB100082_B05,0.15611234
nyquist,PHAandWGA,11,PB100082_B05,0.15650447
nyquist,PHAandWGA,12,PB100082_B05,0.15774937
nyquist,PHAandWGA,13,PB100082_B05,0.15828091
nyquist,PHAandWGA,14,PB100082_B05,0.16005057
nyquist,PHAandWGA,15,PB100082_B05,0.15703186
nyquist,PHAandWGA,16,PB100082_B05,0.15770221
nyquist,PHAandWGA,17,PB100082_B05,0.15672007
nyquist,PHAandWGA,18,PB100082_B05,0.15747362
nyquist,PHAandWGA,19,PB100082_B05,0.15697101
nyquist,PHAandWGA,20,PB100082_B05,0.146877
nyquist,PHAandWGA,21,PB100082_B05,0.14950952
nyquist,PHAandWGA,22,PB100082_B05,0.15263551
nyquist,PHAandWGA,23,PB100082_B05,0.15297434
nyquist,PHAandWGA,24,PB100082_B05,0.15153924
nyquist,PHAandWGA,25,PB100082_B05,0.15009965
nyquist,PHAandWGA,26,PB100082_B05,0.14720497
nyquist,PHAandWGA,27,PB100082_B05,0.14249031
nyquist,PHAandWGA,28,PB100082_B05,0.1427849
nyquist,PHAandWGA,29,PB100082_B05,0.14311865
nyquist,PHAandWGA,30,PB100082_B05,0.14437139
nyquist,PHAandWGA,31,PB100082_B05,0.14260375
nyquist,PHAandWGA,32,PB100082_B05,0.14268821
nyquist,PHAandWGA,33,PB100082_B05,0.13649893
nyquist,PHAandWGA,34,PB100082_B05,0.13792786
nyquist,PHAandWGA,35,PB100082_B05,0.13631417
nyquist,PHAandWGA,36,PB100082_B05,0.13742934
nyquist,PHAandWGA,37,PB100082_B05,0.13510993
nyquist,PHAandWGA,38,PB100082_B05,0.13242339
nyquist,PHAandWGA,39,PB100082_B05,0.1317148
nyquist,PHAandWGA,40,PB100082_B05,0.13511829
nyquist,PHAandWGA,41,PB100082_B05,0.13403603
nyquist,PHAandWGA,42,PB100082_B05,0.14062715
nyquist,PHAandWGA,43,PB100082_B05,0.1412211
nyquist,PHAandWGA,0,PB100082_C08,0.11777923
nyquist,PHAandWGA,1,PB100082_C08,0.11266717
nyquist,PHAandWGA,2,PB100082_C08,0.11646073
nyquist,PHAandWGA,3,PB100082_C08,0.11802473
nyquist,PHAandWGA,4,PB100082_C08,0.123645805
nyquist,PHAandWGA,5,PB100082_C08,0.12912205
nyquist,PHAandWGA,6,PB100082_C08,0.13335168
nyquist,PHAandWGA,7,PB100082_C08,0.13810503
nyquist,PHAandWGA,8,PB100082_C08,0.14428073
nyquist,PHAandWGA,9,PB100082_C08,0.14636302
nyquist,PHAandWGA,10,PB100082_C08,0.14795977
nyquist,PHAandWGA,11,PB100082_C08,0.15224884
nyquist,PHAandWGA,12,PB100082_C08,0.15502048
nyquist,PHAandWGA,13,PB100082_C08,0.15704998
nyquist,PHAandWGA,14,PB100082_C08,0.15638599
nyquist,PHAandWGA,15,PB100082_C08,0.1580942
nyquist,PHAandWGA,16,PB100082_C08,0.15676065
nyquist,PHAandWGA,17,PB100082_C08,0.15507086
nyquist,PHAandWGA,18,PB100082_C08,0.15253381
nyquist,PHAandWGA,19,PB100082_C08,0.15242322
nyquist,PHAandWGA,20,PB100082_C08,0.15304366
nyquist,PHAandWGA,21,PB100082_C08,0.15255056
nyquist,PHAandWGA,22,PB100082_C08,0.14914182
nyquist,PHAandWGA,23,PB100082_C08,0.1479747
nyquist,PHAandWGA,24,PB100082_C08,0.14685608
nyquist,PHAandWGA,25,PB100082_C08,0.14746685
nyquist,PHAandWGA,26,PB100082_C08,0.14477733
nyquist,PHAandWGA,27,PB100082_C08,0.143588
nyquist,PHAandWGA,28,PB100082_C08,0.14155388
nyquist,PHAandWGA,29,PB100082_C08,0.13885151
nyquist,PHAandWGA,30,PB100082_C08,0.13797891
nyquist,PHAandWGA,31,PB100082_C08,0.13778469
nyquist,PHAandWGA,32,PB100082_C08,0.13560991
nyquist,PHAandWGA,33,PB100082_C08,0.1325311
nyquist,PHAandWGA,34,PB100082_C08,0.1303055
nyquist,PHAandWGA,35,PB100082_C08,0.12988329
nyquist,PHAandWGA,36,PB100082_C08,0.12905394
nyquist,PHAandWGA,37,PB100082_C08,0.12891111
nyquist,PHAandWGA,38,PB100082_C08,0.13317387
nyquist,PHAandWGA,39,PB100082_C08,0.13032784
nyquist,PHAandWGA,40,PB100082_C08,0.1284951
nyquist,PHAandWGA,41,PB100082_C08,0.124914184
nyquist,PHAandWGA,42,PB100082_C08,0.120935924
nyquist,PHAandWGA,43,PB100082_C08,0.121123075
nyquist,PHAandWGA,0,PB100082_D03,0.12256977
nyquist,PHAandWGA,1,PB100082_D03,0.12778196
nyquist,PHAandWGA,2,PB100082_D03,0.12277159
nyquist,PHAandWGA,3,PB100082_D03,0.12695175
nyquist,PHAandWGA,4,PB100082_D03,0.12705648
nyquist,PHAandWGA,5,PB100082_D03,0.12816358
nyquist,PHAandWGA,6,PB100082_D03,0.12774692
nyquist,PHAandWGA,7,PB100082_D03,0.13071775
nyquist,PHAandWGA,8,PB100082_D03,0.1336149
nyquist,PHAandWGA,9,PB100082_D03,0.13435373
nyquist,PHAandWGA,10,PB100082_D03,0.13595
nyquist,PHAandWGA,11,PB100082_D03,0.13604777
nyquist,PHAandWGA,12,PB100082_D03,0.13624632
nyquist,PHAandWGA,13,PB100082_D03,0.13542297
nyquist,PHAandWGA,14,PB100082_D03,0.13718058
nyquist,PHAandWGA,15,PB100082_D03,0.13496865
nyquist,PHAandWGA,16,PB100082_D03,0.13469727
nyquist,PHAandWGA,17,PB100082_D03,0.13534512
nyquist,PHAandWGA,18,PB100082_D03,0.13397257
nyquist,PHAandWGA,19,PB100082_D03,0.13344717
nyquist,PHAandWGA,20,PB100082_D03,0.13357303
nyquist,PHAandWGA,21,PB100082_D03,0.13082284
nyquist,PHAandWGA,22,PB100082_D03,0.13186401
nyquist,PHAandWGA,23,PB100082_D03,0.13043076
nyquist,PHAandWGA,24,PB100082_D03,0.12982298
nyquist,PHAandWGA,25,PB100082_D03,0.12844922
nyquist,PHAandWGA,26,PB100082_D03,0.12860486
nyquist,PHAandWGA,27,PB100082_D03,0.12734036
nyquist,PHAandWGA,28,PB100082_D03,0.12621161
nyquist,PHAandWGA,29,PB100082_D03,0.12415249
nyquist,PHAandWGA,30,PB100082_D03,0.12442169
nyquist,PHAandWGA,31,PB100082_D03,0.12483889
nyquist,PHAandWGA,32,PB100082_D03,0.12409705
nyquist,PHAandWGA,33,PB100082_D03,0.124454945
nyquist,PHAandWGA,34,PB100082_D03,0.12410226
nyquist,PHAandWGA,35,PB100082_D03,0.124376215
nyquist,PHAandWGA,36,PB100082_D03,0.123505265
nyquist,PHAandWGA,37,PB100082_D03,0.12368507
nyquist,PHAandWGA,38,PB100082_D03,0.12455541
nyquist,PHAandWGA,39,PB100082_D03,0.124896936
nyquist,PHAandWGA,40,PB100082_D03,0.12559776
nyquist,PHAandWGA,41,PB100082_D03,0.1276736
nyquist,PHAandWGA,42,PB100082_D03,0.13141759
nyquist,PHAandWGA,43,PB100082_D03,0.13209227
nyquist,PHAandWGA,0,PB100082_E06,0.113651134
nyquist,PHAandWGA,1,PB100082_E06,0.11530879
nyquist,PHAandWGA,2,PB100082_E06,0.119933814
nyquist,PHAandWGA,3,PB100082_E06,0.12204841
nyquist,PHAandWGA,4,PB100082_E06,0.12098492
nyquist,PHAandWGA,5,PB100082_E06,0.12504004
nyquist,PHAandWGA,6,PB100082_E06,0.12919395
nyquist,PHAandWGA,7,PB100082_E06,0.1326597
nyquist,PHAandWGA,8,PB100082_E06,0.133248
nyquist,PHAandWGA,9,PB100082_E06,0.13337654
nyquist,PHAandWGA,10,PB100082_E06,0.13535699
nyquist,PHAandWGA,11,PB100082_E06,0.13548943
nyquist,PHAandWGA,12,PB100082_E06,0.13635737
nyquist,PHAandWGA,13,PB100082_E06,0.13718486
nyquist,PHAandWGA,14,PB100082_E06,0.136531
nyquist,PHAandWGA,15,PB100082_E06,0.1373855
nyquist,PHAandWGA,16,PB100082_E06,0.13693711
nyquist,PHAandWGA,17,PB100082_E06,0.13559216
nyquist,PHAandWGA,18,PB100082_E06,0.13410056
nyquist,PHAandWGA,19,PB100082_E06,0.13267064
nyquist,PHAandWGA,20,PB100082_E06,0.12993401
nyquist,PHAandWGA,21,PB100082_E06,0.1289213
nyquist,PHAandWGA,22,PB100082_E06,0.12754524
nyquist,PHAandWGA,23,PB100082_E06,0.12899026
nyquist,PHAandWGA,24,PB100082_E06,0.1275815
nyquist,PHAandWGA,25,PB100082_E06,0.12610869
nyquist,PHAandWGA,26,PB100082_E06,0.12900361
nyquist,PHAandWGA,27,PB100082_E06,0.12638426
nyquist,PHAandWGA,28,PB100082_E06,0.12217809
nyquist,PHAandWGA,29,PB100082_E06,0.12266945
nyquist,PHAandWGA,30,PB100082_E06,0.12174492
nyquist,PHAandWGA,31,PB100082_E06,0.120657414
nyquist,PHAandWGA,32,PB100082_E06,0.12334096
nyquist,PHAandWGA,33,PB100082_E06,0.12050094
nyquist,PHAandWGA,34,PB100082_E06,0.122576
nyquist,PHAandWGA,35,PB100082_E06,0.11923812
nyquist,PHAandWGA,36,PB100082_E06,0.12019
nyquist,PHAandWGA,37,PB100082_E06,0.11636276
nyquist,PHAandWGA,38,PB100082_E06,0.115448475
nyquist,PHAandWGA,39,PB100082_E06,0.11317498
nyquist,PHAandWGA,40,PB100082_E06,0.11496883
nyquist,PHAandWGA,41,PB100082_E06,0.107316956
nyquist,PHAandWGA,42,PB100082_E06,0.11220868
nyquist,PHAandWGA,43,PB100082_E06,0.11241236
nyquist,PHAandWGA,0,PB100082_F01,0.12211015
nyquist,PHAandWGA,1,PB100082_F01,0.12441927
nyquist,PHAandWGA,2,PB100082_F01,0.12234297
nyquist,PHAandWGA,3,PB100082_F01,0.11981671
nyquist,PHAandWGA,4,PB100082_F01,0.12140741
nyquist,PHAandWGA,5,PB100082_F01,0.12390944
nyquist,PHAandWGA,6,PB100082_F01,0.12745656
nyquist,PHAandWGA,7,PB100082_F01,0.12748761
nyquist,PHAandWGA,8,PB100082_F01,0.1301885
nyquist,PHAandWGA,9,PB100082_F01,0.1332851
nyquist,PHAandWGA,10,PB100082_F01,0.13561267
nyquist,PHAandWGA,11,PB100082_F01,0.13772368
nyquist,PHAandWGA,12,PB100082_F01,0.134794
nyquist,PHAandWGA,13,PB100082_F01,0.13673359
nyquist,PHAandWGA,14,PB100082_F01,0.13684687
nyquist,PHAandWGA,15,PB100082_F01,0.13397267
nyquist,PHAandWGA,16,PB100082_F01,0.13269968
nyquist,PHAandWGA,17,PB100082_F01,0.13309264
nyquist,PHAandWGA,18,PB100082_F01,0.13305247
nyquist,PHAandWGA,19,PB100082_F01,0.13346852
nyquist,PHAandWGA,20,PB100082_F01,0.13209686
nyquist,PHAandWGA,21,PB100082_F01,0.13181746
nyquist,PHAandWGA,22,PB100082_F01,0.12860398
nyquist,PHAandWGA,23,PB100082_F01,0.12865353
nyquist,PHAandWGA,24,PB100082_F01,0.12903363
nyquist,PHAandWGA,25,PB100082_F01,0.12828945
nyquist,PHAandWGA,26,PB100082_F01,0.1283005
nyquist,PHAandWGA,27,PB100082_F01,0.12539762
nyquist,PHAandWGA,28,PB100082_F01,0.12444067
nyquist,PHAandWGA,29,PB100082_F01,0.12206611
nyquist,PHAandWGA,30,PB100082_F01,0.121043846
nyquist,PHAandWGA,31,PB100082_F01,0.12145145
nyquist,PHAandWGA,32,PB100082_F01,0.12060315
nyquist,PHAandWGA,33,PB100082_F01,0.12163502
nyquist,PHAandWGA,34,PB100082_F01,0.120562285
nyquist,PHAandWGA,35,PB100082_F01,0.11987755
nyquist,PHAandWGA,36,PB100082_F01,0.11681126
nyquist,PHAandWGA,37,PB100082_F01,0.11707517
nyquist,PHAandWGA,38,PB100082_F01,0.11453987
nyquist,PHAandWGA,39,PB100082_F01,0.11452417
nyquist,PHAandWGA,40,PB100082_F01,0.11288649
nyquist,PHAandWGA,41,PB100082_F01,0.11200546
nyquist,PHAandWGA,42,PB100082_F01,0.112495966
nyquist,PHAandWGA,43,PB100082_F01,0.11216794
nyquist,PHAandWGA,0,PB100082_G04,0.11029678
nyquist,PHAandWGA,1,PB100082_G04,0.11008287
nyquist,PHAandWGA,2,PB100082_G04,0.111605994
nyquist,PHAandWGA,3,PB100082_G04,0.11129239
nyquist,PHAandWGA,4,PB100082_G04,0.112822935
nyquist,PHAandWGA,5,PB100082_G04,0.11390054
nyquist,PHAandWGA,6,PB100082_G04,0.11466127
nyquist,PHAandWGA,7,PB100082_G04,0.11558369
nyquist,PHAandWGA,8,PB100082_G04,0.11606309
nyquist,PHAandWGA,9,PB100082_G04,0.11696975
nyquist,PHAandWGA,10,PB100082_G04,0.11837798
nyquist,PHAandWGA,11,PB100082_G04,0.11782939
nyquist,PHAandWGA,12,PB100082_G04,0.11793665
nyquist,PHAandWGA,13,PB100082_G04,0.11853907
nyquist,PHAandWGA,14,PB100082_G04,0.11733662
nyquist,PHAandWGA,15,PB100082_G04,0.11688982
nyquist,PHAandWGA,16,PB100082_G04,0.1170405
nyquist,PHAandWGA,17,PB100082_G04,0.1172276
nyquist,PHAandWGA,18,PB100082_G04,0.1163783
nyquist,PHAandWGA,19,PB100082_G04,0.116470926
nyquist,PHAandWGA,20,PB100082_G04,0.113169976
nyquist,PHAandWGA,21,PB100082_G04,0.11180932
nyquist,PHAandWGA,22,PB100082_G04,0.10444368
nyquist,PHAandWGA,23,PB100082_G04,0.104647174
nyquist,PHAandWGA,24,PB100082_G04,0.10454925
nyquist,PHAandWGA,25,PB100082_G04,0.10502798
nyquist,PHAandWGA,26,PB100082_G04,0.10127218
nyquist,PHAandWGA,27,PB100082_G04,0.09978253
nyquist,PHAandWGA,28,PB100082_G04,0.09962933
nyquist,PHAandWGA,29,PB100082_G04,0.09981164
nyquist,PHAandWGA,30,PB100082_G04,0.098458454
nyquist,PHAandWGA,31,PB100082_G04,0.09534904
nyquist,PHAandWGA,32,PB100082_G04,0.095654055
nyquist,PHAandWGA,33,PB100082_G04,0.093912564
nyquist,PHAandWGA,34,PB100082_G04,0.094656006
nyquist,PHAandWGA,35,PB100082_G04,0.09425328
nyquist,PHAandWGA,36,PB100082_G04,0.09770723
nyquist,PHAandWGA,37,PB100082_G04,0.09931844
nyquist,PHAandWGA,38,PB100082_G04,0.09881741
nyquist,PHAandWGA,39,PB100082_G04,0.096785605
nyquist,PHAandWGA,40,PB100082_G04,0.09950784
nyquist,PHAandWGA,41,PB100082_G04,0.09956623
nyquist,PHAandWGA,42,PB100082_G04,0.09758973
nyquist,PHAandWGA,43,PB100082_G04,0.094088614
nyquist,PHAandWGA,0,PB100082_H01,0.07714245
nyquist,PHAandWGA,1,PB100082_H01,0.0806378
nyquist,PHAandWGA,2,PB100082_H01,0.07863746
nyquist,PHAandWGA,3,PB100082_H01,0.08522863
nyquist,PHAandWGA,4,PB100082_H01,0.08167785
nyquist,PHAandWGA,5,PB100082_H01,0.088599265
nyquist,PHAandWGA,6,PB100082_H01,0.08114285
nyquist,PHAandWGA,7,PB100082_H01,0.085207984
nyquist,PHAandWGA,8,PB100082_H01,0.087431714
nyquist,PHAandWGA,9,PB100082_H01,0.09092377
nyquist,PHAandWGA,10,PB100082_H01,0.09038171
nyquist,PHAandWGA,11,PB100082_H01,0.08878945
nyquist,PHAandWGA,12,PB100082_H01,0.08943902
nyquist,PHAandWGA,13,PB100082_H01,0.089728065
nyquist,PHAandWGA,14,PB100082_H01,0.09219374
nyquist,PHAandWGA,15,PB100082_H01,0.09014505
nyquist,PHAandWGA,16,PB100082_H01,0.09084211
nyquist,PHAandWGA,17,PB100082_H01,0.091232695
nyquist,PHAandWGA,18,PB100082_H01,0.08977979
nyquist,PHAandWGA,19,PB100082_H01,0.09048661
nyquist,PHAandWGA,20,PB100082_H01,0.090611346
nyquist,PHAandWGA,21,PB100082_H01,0.09040041
nyquist,PHAandWGA,22,PB100082_H01,0.09094064
nyquist,PHAandWGA,23,PB100082_H01,0.088977545
nyquist,PHAandWGA,24,PB100082_H01,0.091176644
nyquist,PHAandWGA,25,PB100082_H01,0.09138757
nyquist,PHAandWGA,26,PB100082_H01,0.09113624
nyquist,PHAandWGA,27,PB100082_H01,0.08540662
nyquist,PHAandWGA,28,PB100082_H01,0.089714676
nyquist,PHAandWGA,29,PB100082_H01,0.086235136
nyquist,PHAandWGA,30,PB100082_H01,0.08328107
nyquist,PHAandWGA,31,PB100082_H01,0.08314812
nyquist,PHAandWGA,32,PB100082_H01,0.08396861
nyquist,PHAandWGA,33,PB100082_H01,0.083495736
nyquist,PHAandWGA,34,PB100082_H01,0.085034534
nyquist,PHAandWGA,35,PB100082_H01,0.0850227
nyquist,PHAandWGA,36,PB100082_H01,0.08462305
nyquist,PHAandWGA,37,PB100082_H01,0.08281314
nyquist,PHAandWGA,38,PB100082_H01,0.08431584
nyquist,PHAandWGA,39,PB100082_H01,0.08119486
nyquist,PHAandWGA,40,PB100082_H01,0.08129607
nyquist,PHAandWGA,41,PB100082_H01,0.08065215
nyquist,PHAandWGA,42,PB100082_H01,0.07746145
nyquist,PHAandWGA,43,PB100082_H01,0.076885104
nyquist,PHAandWGA,0,PB100082_H07,0.13004756
nyquist,PHAandWGA,1,PB100082_H07,0.13223636
nyquist,PHAandWGA,2,PB100082_H07,0.13723457
nyquist,PHAandWGA,3,PB100082_H07,0.13928461
nyquist,PHAandWGA,4,PB100082_H07,0.13937521
nyquist,PHAandWGA,5,PB100082_H07,0.13906741
nyquist,PHAandWGA,6,PB100082_H07,0.13989814
nyquist,PHAandWGA,7,PB100082_H07,0.14260755
nyquist,PHAandWGA,8,PB100082_H07,0.14259651
nyquist,PHAandWGA,9,PB100082_H07,0.14300543
nyquist,PHAandWGA,10,PB100082_H07,0.1430992
nyquist,PHAandWGA,11,PB100082_H07,0.14326724
nyquist,PHAandWGA,12,PB100082_H07,0.13851285
nyquist,PHAandWGA,13,PB100082_H07,0.14003623
nyquist,PHAandWGA,14,PB100082_H07,0.136327
nyquist,PHAandWGA,15,PB100082_H07,0.13609011
nyquist,PHAandWGA,16,PB100082_H07,0.13454562
nyquist,PHAandWGA,17,PB100082_H07,0.13417125
nyquist,PHAandWGA,18,PB100082_H07,0.13542
nyquist,PHAandWGA,19,PB100082_H07,0.1338351
nyquist,PHAandWGA,20,PB100082_H07,0.1327468
nyquist,PHAandWGA,21,PB100082_H07,0.13341138
nyquist,PHAandWGA,22,PB100082_H07,0.13299727
nyquist,PHAandWGA,23,PB100082_H07,0.13184497
nyquist,PHAandWGA,24,PB100082_H07,0.13146801
nyquist,PHAandWGA,25,PB100082_H07,0.13282657
nyquist,PHAandWGA,26,PB100082_H07,0.13219142
nyquist,PHAandWGA,27,PB100082_H07,0.12642685
nyquist,PHAandWGA,28,PB100082_H07,0.12554663
nyquist,PHAandWGA,29,PB100082_H07,0.13008238
nyquist,PHAandWGA,30,PB100082_H07,0.12928557
nyquist,PHAandWGA,31,PB100082_H07,0.12985452
nyquist,PHAandWGA,32,PB100082_H07,0.12917483
nyquist,PHAandWGA,33,PB100082_H07,0.12745352
nyquist,PHAandWGA,34,PB100082_H07,0.12357732
nyquist,PHAandWGA,35,PB100082_H07,0.123973094
nyquist,PHAandWGA,36,PB100082_H07,0.12735519
nyquist,PHAandWGA,37,PB100082_H07,0.12542136
nyquist,PHAandWGA,38,PB100082_H07,0.12538701
nyquist,PHAandWGA,39,PB100082_H07,0.12655966
nyquist,PHAandWGA,40,PB100082_H07,0.12838158
nyquist,PHAandWGA,41,PB100082_H07,0.12720326
nyquist,PHAandWGA,42,PB100082_H07,0.13031794
nyquist,PHAandWGA,43,PB100082_H07,0.13180685
nyquist,PHAandWGA,0,PB100083_A02,0.08486729
nyquist,PHAandWGA,1,PB100083_A02,0.084278695
nyquist,PHAandWGA,2,PB100083_A02,0.08774888
nyquist,PHAandWGA,3,PB100083_A02,0.08697519
nyquist,PHAandWGA,4,PB100083_A02,0.08673381
nyquist,PHAandWGA,5,PB100083_A02,0.086700834
nyquist,PHAandWGA,6,PB100083_A02,0.08751193
nyquist,PHAandWGA,7,PB100083_A02,0.08872659
nyquist,PHAandWGA,8,PB100083_A02,0.0890379
nyquist,PHAandWGA,9,PB100083_A02,0.089108706
nyquist,PHAandWGA,10,PB100083_A02,0.08776104
nyquist,PHAandWGA,11,PB100083_A02,0.08748586
nyquist,PHAandWGA,12,PB100083_A02,0.086367905
nyquist,PHAandWGA,13,PB100083_A02,0.08592984
nyquist,PHAandWGA,14,PB100083_A02,0.085346475
nyquist,PHAandWGA,15,PB100083_A02,0.08568154
nyquist,PHAandWGA,16,PB100083_A02,0.08604639
nyquist,PHAandWGA,17,PB100083_A02,0.086151026
nyquist,PHAandWGA,18,PB100083_A02,0.08594393
nyquist,PHAandWGA,19,PB100083_A02,0.085413635
nyquist,PHAandWGA,20,PB100083_A02,0.08525206
nyquist,PHAandWGA,21,PB100083_A02,0.0808903
nyquist,PHAandWGA,22,PB100083_A02,0.079037465
nyquist,PHAandWGA,23,PB100083_A02,0.07693758
nyquist,PHAandWGA,24,PB100083_A02,0.077761844
nyquist,PHAandWGA,25,PB100083_A02,0.07582599
nyquist,PHAandWGA,26,PB100083_A02,0.07664429
nyquist,PHAandWGA,27,PB100083_A02,0.07447411
nyquist,PHAandWGA,28,PB100083_A02,0.07487261
nyquist,PHAandWGA,29,PB100083_A02,0.07551215
nyquist,PHAandWGA,30,PB100083_A02,0.07560171
nyquist,PHAandWGA,31,PB100083_A02,0.071023956
nyquist,PHAandWGA,32,PB100083_A02,0.07126202
nyquist,PHAandWGA,33,PB100083_A02,0.0710616
nyquist,PHAandWGA,34,PB100083_A02,0.069783345
nyquist,PHAandWGA,35,PB100083_A02,0.0700627
nyquist,PHAandWGA,36,PB100083_A02,0.06988985
nyquist,PHAandWGA,37,PB100083_A02,0.057754062
nyquist,PHAandWGA,38,PB100083_A02,0.07031067
nyquist,PHAandWGA,39,PB100083_A02,0.07057198
nyquist,PHAandWGA,40,PB100083_A02,0.069000565
nyquist,PHAandWGA,41,PB100083_A02,0.069379546
nyquist,PHAandWGA,42,PB100083_A02,0.0663611
nyquist,PHAandWGA,43,PB100083_A02,0.06305881
nyquist,PHAandWGA,0,PB100083_A08,0.09639099
nyquist,PHAandWGA,1,PB100083_A08,0.09591578
nyquist,PHAandWGA,2,PB100083_A08,0.09917741
nyquist,PHAandWGA,3,PB100083_A08,0.098132975
nyquist,PHAandWGA,4,PB100083_A08,0.09959837
nyquist,PHAandWGA,5,PB100083_A08,0.09852639
nyquist,PHAandWGA,6,PB100083_A08,0.09783568
nyquist,PHAandWGA,7,PB100083_A08,0.098739274
nyquist,PHAandWGA,8,PB100083_A08,0.10018937
nyquist,PHAandWGA,9,PB100083_A08,0.1013
nyquist,PHAandWGA,10,PB100083_A08,0.10106371
nyquist,PHAandWGA,11,PB100083_A08,0.10040455
nyquist,PHAandWGA,12,PB100083_A08,0.099527955
nyquist,PHAandWGA,13,PB100083_A08,0.098249786
nyquist,PHAandWGA,14,PB100083_A08,0.09728974
nyquist,PHAandWGA,15,PB100083_A08,0.09495476
nyquist,PHAandWGA,16,PB100083_A08,0.09310809
nyquist,PHAandWGA,17,PB100083_A08,0.09339542
nyquist,PHAandWGA,18,PB100083_A08,0.0917232
nyquist,PHAandWGA,19,PB100083_A08,0.09003731
nyquist,PHAandWGA,20,PB100083_A08,0.0899973
nyquist,PHAandWGA,21,PB100083_A08,0.0902133
nyquist,PHAandWGA,22,PB100083_A08,0.09000742
nyquist,PHAandWGA,23,PB100083_A08,0.08919785
nyquist,PHAandWGA,24,PB100083_A08,0.08908538
nyquist,PHAandWGA,25,PB100083_A08,0.08649704
nyquist,PHAandWGA,26,PB100083_A08,0.086854145
nyquist,PHAandWGA,27,PB100083_A08,0.086752236
nyquist,PHAandWGA,28,PB100083_A08,0.08553656
nyquist,PHAandWGA,29,PB100083_A08,0.084997125
nyquist,PHAandWGA,30,PB100083_A08,0.086374655
nyquist,PHAandWGA,31,PB100083_A08,0.08504497
nyquist,PHAandWGA,32,PB100083_A08,0.085586816
nyquist,PHAandWGA,33,PB100083_A08,0.08519649
nyquist,PHAandWGA,34,PB100083_A08,0.08525583
nyquist,PHAandWGA,35,PB100083_A08,0.083808444
nyquist,PHAandWGA,36,PB100083_A08,0.08256905
nyquist,PHAandWGA,37,PB100083_A08,0.081760705
nyquist,PHAandWGA,38,PB100083_A08,0.0811431
nyquist,PHAandWGA,39,PB100083_A08,0.08057606
nyquist,PHAandWGA,40,PB100083_A08,0.081890315
nyquist,PHAandWGA,41,PB100083_A08,0.08176951
nyquist,PHAandWGA,42,PB100083_A08,0.079621084
nyquist,PHAandWGA,43,PB100083_A08,0.07841669
nyquist,PHAandWGA,0,PB100083_B05,0.11415733
nyquist,PHAandWGA,1,PB100083_B05,0.1183242
nyquist,PHAandWGA,2,PB100083_B05,0.12051925
nyquist,PHAandWGA,3,PB100083_B05,0.12526937
nyquist,PHAandWGA,4,PB100083_B05,0.12851958
nyquist,PHAandWGA,5,PB100083_B05,0.13222069
nyquist,PHAandWGA,6,PB100083_B05,0.13462777
nyquist,PHAandWGA,7,PB100083_B05,0.13211228
nyquist,PHAandWGA,8,PB100083_B05,0.12966074
nyquist,PHAandWGA,9,PB100083_B05,0.12881188
nyquist,PHAandWGA,10,PB100083_B05,0.12895116
nyquist,PHAandWGA,11,PB100083_B05,0.12999146
nyquist,PHAandWGA,12,PB100083_B05,0.12901124
nyquist,PHAandWGA,13,PB100083_B05,0.13080853
nyquist,PHAandWGA,14,PB100083_B05,0.12956324
nyquist,PHAandWGA,15,PB100083_B05,0.12783998
nyquist,PHAandWGA,16,PB100083_B05,0.12585285
nyquist,PHAandWGA,17,PB100083_B05,0.12573361
nyquist,PHAandWGA,18,PB100083_B05,0.124522135
nyquist,PHAandWGA,19,PB100083_B05,0.12421148
nyquist,PHAandWGA,20,PB100083_B05,0.12498444
nyquist,PHAandWGA,21,PB100083_B05,0.12564932
nyquist,PHAandWGA,22,PB100083_B05,0.12250576
nyquist,PHAandWGA,23,PB100083_B05,0.122204855
nyquist,PHAandWGA,24,PB100083_B05,0.1208792
nyquist,PHAandWGA,25,PB100083_B05,0.121874005
nyquist,PHAandWGA,26,PB100083_B05,0.12307334
nyquist,PHAandWGA,27,PB100083_B05,0.12397766
nyquist,PHAandWGA,28,PB100083_B05,0.12408118
nyquist,PHAandWGA,29,PB100083_B05,0.121543005
nyquist,PHAandWGA,30,PB100083_B05,0.121551305
nyquist,PHAandWGA,31,PB100083_B05,0.12015399
nyquist,PHAandWGA,32,PB100083_B05,0.114698894
nyquist,PHAandWGA,33,PB100083_B05,0.11568693
nyquist,PHAandWGA,34,PB100083_B05,0.11407914
nyquist,PHAandWGA,35,PB100083_B05,0.115784705
nyquist,PHAandWGA,36,PB100083_B05,0.11482887
nyquist,PHAandWGA,37,PB100083_B05,0.1147833
nyquist,PHAandWGA,38,PB100083_B05,0.11592518
nyquist,PHAandWGA,39,PB100083_B05,0.12078644
nyquist,PHAandWGA,40,PB100083_B05,0.116554394
nyquist,PHAandWGA,41,PB100083_B05,0.12455408
nyquist,PHAandWGA,42,PB100083_B05,0.12520151
nyquist,PHAandWGA,43,PB100083_B05,0.12677544
nyquist,PHAandWGA,0,PB100083_C08,0.09952499
nyquist,PHAandWGA,1,PB100083_C08,0.10001354
nyquist,PHAandWGA,2,PB100083_C08,0.10208645
nyquist,PHAandWGA,3,PB100083_C08,0.10619171
nyquist,PHAandWGA,4,PB100083_C08,0.10754638
nyquist,PHAandWGA,5,PB100083_C08,0.11254763
nyquist,PHAandWGA,6,PB100083_C08,0.1145527
nyquist,PHAandWGA,7,PB100083_C08,0.11663671
nyquist,PHAandWGA,8,PB100083_C08,0.116596624
nyquist,PHAandWGA,9,PB100083_C08,0.11684178
nyquist,PHAandWGA,10,PB100083_C08,0.1173307
nyquist,PHAandWGA,11,PB100083_C08,0.11985021
nyquist,PHAandWGA,12,PB100083_C08,0.120792836
nyquist,PHAandWGA,13,PB100083_C08,0.1217313
nyquist,PHAandWGA,14,PB100083_C08,0.12338088
nyquist,PHAandWGA,15,PB100083_C08,0.123242855
nyquist,PHAandWGA,16,PB100083_C08,0.12391277
nyquist,PHAandWGA,17,PB100083_C08,0.12323174
nyquist,PHAandWGA,18,PB100083_C08,0.12058912
nyquist,PHAandWGA,19,PB100083_C08,0.11987362
nyquist,PHAandWGA,20,PB100083_C08,0.117455915
nyquist,PHAandWGA,21,PB100083_C08,0.11700557
nyquist,PHAandWGA,22,PB100083_C08,0.11785601
nyquist,PHAandWGA,23,PB100083_C08,0.11633981
nyquist,PHAandWGA,24,PB100083_C08,0.11443748
nyquist,PHAandWGA,25,PB100083_C08,0.11362752
nyquist,PHAandWGA,26,PB100083_C08,0.11256682
nyquist,PHAandWGA,27,PB100083_C08,0.11227582
nyquist,PHAandWGA,28,PB100083_C08,0.111832
nyquist,PHAandWGA,29,PB100083_C08,0.11131448
nyquist,PHAandWGA,30,PB100083_C08,0.10782336
nyquist,PHAandWGA,31,PB100083_C08,0.10639215
nyquist,PHAandWGA,32,PB100083_C08,0.10988377
nyquist,PHAandWGA,33,PB100083_C08,0.10994908
nyquist,PHAandWGA,34,PB100083_C08,0.10948904
nyquist,PHAandWGA,35,PB100083_C08,0.10886449
nyquist,PHAandWGA,36,PB100083_C08,0.10717514
nyquist,PHAandWGA,37,PB100083_C08,0.107364215
nyquist,PHAandWGA,38,PB100083_C08,0.10687597
nyquist,PHAandWGA,39,PB100083_C08,0.10660915
nyquist,PHAandWGA,40,PB100083_C08,0.10398848
nyquist,PHAandWGA,41,PB100083_C08,0.10435534
nyquist,PHAandWGA,42,PB100083_C08,0.103954285
nyquist,PHAandWGA,43,PB100083_C08,0.10318086
nyquist,PHAandWGA,0,PB100083_D03,0.10417536
nyquist,PHAandWGA,1,PB100083_D03,0.10558797
nyquist,PHAandWGA,2,PB100083_D03,0.10728666
nyquist,PHAandWGA,3,PB100083_D03,0.1099692
nyquist,PHAandWGA,4,PB100083_D03,0.110022016
nyquist,PHAandWGA,5,PB100083_D03,0.10912832
nyquist,PHAandWGA,6,PB100083_D03,0.111014426
nyquist,PHAandWGA,7,PB100083_D03,0.10903907
nyquist,PHAandWGA,8,PB100083_D03,0.1081024
nyquist,PHAandWGA,9,PB100083_D03,0.10553188
nyquist,PHAandWGA,10,PB100083_D03,0.10657119
nyquist,PHAandWGA,11,PB100083_D03,0.10660205
nyquist,PHAandWGA,12,PB100083_D03,0.10388981
nyquist,PHAandWGA,13,PB100083_D03,0.107269086
nyquist,PHAandWGA,14,PB100083_D03,0.1077047
nyquist,PHAandWGA,15,PB100083_D03,0.10718859
nyquist,PHAandWGA,16,PB100083_D03,0.10703202
nyquist,PHAandWGA,17,PB100083_D03,0.103975765
nyquist,PHAandWGA,18,PB100083_D03,0.1022694
nyquist,PHAandWGA,19,PB100083_D03,0.098824754
nyquist,PHAandWGA,20,PB100083_D03,0.097095534
nyquist,PHAandWGA,21,PB100083_D03,0.096818775
nyquist,PHAandWGA,22,PB100083_D03,0.09745294
nyquist,PHAandWGA,23,PB100083_D03,0.0980481
nyquist,PHAandWGA,24,PB100083_D03,0.09720321
nyquist,PHAandWGA,25,PB100083_D03,0.09676609
nyquist,PHAandWGA,26,PB100083_D03,0.09615981
nyquist,PHAandWGA,27,PB100083_D03,0.095961735
nyquist,PHAandWGA,28,PB100083_D03,0.094744794
nyquist,PHAandWGA,29,PB100083_D03,0.0936847
nyquist,PHAandWGA,30,PB100083_D03,0.09418129
nyquist,PHAandWGA,31,PB100083_D03,0.092092246
nyquist,PHAandWGA,32,PB100083_D03,0.09272317
nyquist,PHAandWGA,33,PB100083_D03,0.09383635
nyquist,PHAandWGA,34,PB100083_D03,0.09123668
nyquist,PHAandWGA,35,PB100083_D03,0.09252297
nyquist,PHAandWGA,36,PB100083_D03,0.09161157
nyquist,PHAandWGA,37,PB100083_D03,0.09069082
nyquist,PHAandWGA,38,PB100083_D03,0.09161668
nyquist,PHAandWGA,39,PB100083_D03,0.089335896
nyquist,PHAandWGA,40,PB100083_D03,0.09163439
nyquist,PHAandWGA,41,PB100083_D03,0.09133773
nyquist,PHAandWGA,42,PB100083_D03,0.09435065
nyquist,PHAandWGA,43,PB100083_D03,0.09028202
nyquist,PHAandWGA,1,PB100083_E06,0.0912636
nyquist,PHAandWGA,2,PB100083_E06,0.09315397
nyquist,PHAandWGA,3,PB100083_E06,0.092889085
nyquist,PHAandWGA,4,PB100083_E06,0.09343499
nyquist,PHAandWGA,5,PB100083_E06,0.09467539
nyquist,PHAandWGA,6,PB100083_E06,0.09696428
nyquist,PHAandWGA,7,PB100083_E06,0.09808885
nyquist,PHAandWGA,8,PB100083_E06,0.09798104
nyquist,PHAandWGA,9,PB100083_E06,0.09925343
nyquist,PHAandWGA,10,PB100083_E06,0.0990994
nyquist,PHAandWGA,11,PB100083_E06,0.10128796
nyquist,PHAandWGA,12,PB100083_E06,0.10133316
nyquist,PHAandWGA,13,PB100083_E06,0.097286105
nyquist,PHAandWGA,14,PB100083_E06,0.100856535
nyquist,PHAandWGA,15,PB100083_E06,0.101003066
nyquist,PHAandWGA,16,PB100083_E06,0.10227513
nyquist,PHAandWGA,17,PB100083_E06,0.10122286
nyquist,PHAandWGA,18,PB100083_E06,0.10182649
nyquist,PHAandWGA,19,PB100083_E06,0.10085471
nyquist,PHAandWGA,20,PB100083_E06,0.09820743
nyquist,PHAandWGA,21,PB100083_E06,0.09728818
nyquist,PHAandWGA,22,PB100083_E06,0.096558854
nyquist,PHAandWGA,23,PB100083_E06,0.0969243
nyquist,PHAandWGA,24,PB100083_E06,0.09705019
nyquist,PHAandWGA,25,PB100083_E06,0.09680904
nyquist,PHAandWGA,26,PB100083_E06,0.096302725
nyquist,PHAandWGA,27,PB100083_E06,0.095333844
nyquist,PHAandWGA,28,PB100083_E06,0.09749454
nyquist,PHAandWGA,29,PB100083_E06,0.098499164
nyquist,PHAandWGA,30,PB100083_E06,0.098220795
nyquist,PHAandWGA,31,PB100083_E06,0.096349075
nyquist,PHAandWGA,32,PB100083_E06,0.0952764
nyquist,PHAandWGA,33,PB100083_E06,0.096766934
nyquist,PHAandWGA,34,PB100083_E06,0.094165504
nyquist,PHAandWGA,35,PB100083_E06,0.09608376
nyquist,PHAandWGA,36,PB100083_E06,0.09839321
nyquist,PHAandWGA,37,PB100083_E06,0.09882156
nyquist,PHAandWGA,38,PB100083_E06,0.097660795
nyquist,PHAandWGA,39,PB100083_E06,0.098263495
nyquist,PHAandWGA,40,PB100083_E06,0.0986145
nyquist,PHAandWGA,41,PB100083_E06,0.09790628
nyquist,PHAandWGA,42,PB100083_E06,0.097079754
nyquist,PHAandWGA,43,PB100083_E06,0.097057864
nyquist,PHAandWGA,0,PB100083_F01,0.09290985
nyquist,PHAandWGA,1,PB100083_F01,0.09341672
nyquist,PHAandWGA,2,PB100083_F01,0.09323876
nyquist,PHAandWGA,3,PB100083_F01,0.093449086
nyquist,PHAandWGA,4,PB100083_F01,0.09378941
nyquist,PHAandWGA,5,PB100083_F01,0.095010005
nyquist,PHAandWGA,6,PB100083_F01,0.09510755
nyquist,PHAandWGA,7,PB100083_F01,0.094318755
nyquist,PHAandWGA,8,PB100083_F01,0.09449758
nyquist,PHAandWGA,9,PB100083_F01,0.09474968
nyquist,PHAandWGA,10,PB100083_F01,0.095004514
nyquist,PHAandWGA,11,PB100083_F01,0.097602345
nyquist,PHAandWGA,12,PB100083_F01,0.09662948
nyquist,PHAandWGA,13,PB100083_F01,0.096734844
nyquist,PHAandWGA,14,PB100083_F01,0.096860245
nyquist,PHAandWGA,15,PB100083_F01,0.09635494
nyquist,PHAandWGA,16,PB100083_F01,0.09289467
nyquist,PHAandWGA,17,PB100083_F01,0.09440293
nyquist,PHAandWGA,18,PB100083_F01,0.09319494
nyquist,PHAandWGA,19,PB100083_F01,0.093231626
nyquist,PHAandWGA,20,PB100083_F01,0.0933701
nyquist,PHAandWGA,21,PB100083_F01,0.093307585
nyquist,PHAandWGA,22,PB100083_F01,0.09238031
nyquist,PHAandWGA,23,PB100083_F01,0.09259033
nyquist,PHAandWGA,24,PB100083_F01,0.0900296
nyquist,PHAandWGA,25,PB100083_F01,0.08981748
nyquist,PHAandWGA,26,PB100083_F01,0.08974847
nyquist,PHAandWGA,27,PB100083_F01,0.0889519
nyquist,PHAandWGA,28,PB100083_F01,0.08762743
nyquist,PHAandWGA,29,PB100083_F01,0.08722095
nyquist,PHAandWGA,30,PB100083_F01,0.08610769
nyquist,PHAandWGA,31,PB100083_F01,0.08427261
nyquist,PHAandWGA,32,PB100083_F01,0.08626464
nyquist,PHAandWGA,33,PB100083_F01,0.08515921
nyquist,PHAandWGA,34,PB100083_F01,0.084388964
nyquist,PHAandWGA,35,PB100083_F01,0.0826237
nyquist,PHAandWGA,36,PB100083_F01,0.08231208
nyquist,PHAandWGA,37,PB100083_F01,0.07938501
nyquist,PHAandWGA,38,PB100083_F01,0.078536525
nyquist,PHAandWGA,39,PB100083_F01,0.078633174
nyquist,PHAandWGA,40,PB100083_F01,0.077737756
nyquist,PHAandWGA,41,PB100083_F01,0.078489095
nyquist,PHAandWGA,42,PB100083_F01,0.07812288
nyquist,PHAandWGA,43,PB100083_F01,0.07963224
nyquist,PHAandWGA,0,PB100083_G04,0.11542727
nyquist,PHAandWGA,1,PB100083_G04,0.11498162
nyquist,PHAandWGA,2,PB100083_G04,0.11699849
nyquist,PHAandWGA,3,PB100083_G04,0.11902758
nyquist,PHAandWGA,4,PB100083_G04,0.12324261
nyquist,PHAandWGA,5,PB100083_G04,0.12865208
nyquist,PHAandWGA,6,PB100083_G04,0.13183157
nyquist,PHAandWGA,7,PB100083_G04,0.13460942
nyquist,PHAandWGA,8,PB100083_G04,0.14016928
nyquist,PHAandWGA,9,PB100083_G04,0.14325202
nyquist,PHAandWGA,10,PB100083_G04,0.14618592
nyquist,PHAandWGA,11,PB100083_G04,0.14847152
nyquist,PHAandWGA,12,PB100083_G04,0.14795017
nyquist,PHAandWGA,13,PB100083_G04,0.14788789
nyquist,PHAandWGA,14,PB100083_G04,0.14944476
nyquist,PHAandWGA,15,PB100083_G04,0.14864129
nyquist,PHAandWGA,16,PB100083_G04,0.14952102
nyquist,PHAandWGA,17,PB100083_G04,0.15029502
nyquist,PHAandWGA,18,PB100083_G04,0.14999872
nyquist,PHAandWGA,19,PB100083_G04,0.15114121
nyquist,PHAandWGA,20,PB100083_G04,0.1454143
nyquist,PHAandWGA,21,PB100083_G04,0.14475398
nyquist,PHAandWGA,22,PB100083_G04,0.14511901
nyquist,PHAandWGA,23,PB100083_G04,0.14802426
nyquist,PHAandWGA,24,PB100083_G04,0.14640431
nyquist,PHAandWGA,25,PB100083_G04,0.14665768
nyquist,PHAandWGA,26,PB100083_G04,0.14569685
nyquist,PHAandWGA,27,PB100083_G04,0.14146571
nyquist,PHAandWGA,28,PB100083_G04,0.14296633
nyquist,PHAandWGA,29,PB100083_G04,0.14289604
nyquist,PHAandWGA,30,PB100083_G04,0.14287338
nyquist,PHAandWGA,31,PB100083_G04,0.13961414
nyquist,PHAandWGA,32,PB100083_G04,0.13793647
nyquist,PHAandWGA,33,PB100083_G04,0.1421704
nyquist,PHAandWGA,34,PB100083_G04,0.13931479
nyquist,PHAandWGA,35,PB100083_G04,0.140526
nyquist,PHAandWGA,36,PB100083_G04,0.14063272
nyquist,PHAandWGA,37,PB100083_G04,0.14154118
nyquist,PHAandWGA,38,PB100083_G04,0.13987833
nyquist,PHAandWGA,39,PB100083_G04,0.14083287
nyquist,PHAandWGA,40,PB100083_G04,0.1424443
nyquist,PHAandWGA,41,PB100083_G04,0.14568725
nyquist,PHAandWGA,42,PB100083_G04,0.13682897
nyquist,PHAandWGA,43,PB100083_G04,0.13798028
nyquist,PHAandWGA,0,PB100083_H01,0.09692326
nyquist,PHAandWGA,1,PB100083_H01,0.096999235
nyquist,PHAandWGA,2,PB100083_H01,0.09644906
nyquist,PHAandWGA,3,PB100083_H01,0.09891244
nyquist,PHAandWGA,4,PB100083_H01,0.09960132
nyquist,PHAandWGA,5,PB100083_H01,0.10255852
nyquist,PHAandWGA,6,PB100083_H01,0.105238795
nyquist,PHAandWGA,7,PB100083_H01,0.105446525
nyquist,PHAandWGA,8,PB100083_H01,0.10655475
nyquist,PHAandWGA,9,PB100083_H01,0.105860114
nyquist,PHAandWGA,10,PB100083_H01,0.10790706
nyquist,PHAandWGA,11,PB100083_H01,0.104744084
nyquist,PHAandWGA,12,PB100083_H01,0.106030524
nyquist,PHAandWGA,13,PB100083_H01,0.106654614
nyquist,PHAandWGA,14,PB100083_H01,0.10558189
nyquist,PHAandWGA,15,PB100083_H01,0.105100565
nyquist,PHAandWGA,16,PB100083_H01,0.10533922
nyquist,PHAandWGA,17,PB100083_H01,0.10500168
nyquist,PHAandWGA,18,PB100083_H01,0.104280025
nyquist,PHAandWGA,19,PB100083_H01,0.10407462
nyquist,PHAandWGA,20,PB100083_H01,0.10330753
nyquist,PHAandWGA,21,PB100083_H01,0.10236111
nyquist,PHAandWGA,22,PB100083_H01,0.10212624
nyquist,PHAandWGA,23,PB100083_H01,0.101105526
nyquist,PHAandWGA,24,PB100083_H01,0.099994674
nyquist,PHAandWGA,25,PB100083_H01,0.09951186
nyquist,PHAandWGA,26,PB100083_H01,0.09888471
nyquist,PHAandWGA,27,PB100083_H01,0.09751071
nyquist,PHAandWGA,28,PB100083_H01,0.095671944
nyquist,PHAandWGA,29,PB100083_H01,0.09593307
nyquist,PHAandWGA,30,PB100083_H01,0.09503284
nyquist,PHAandWGA,31,PB100083_H01,0.09529541
nyquist,PHAandWGA,32,PB100083_H01,0.09512474
nyquist,PHAandWGA,33,PB100083_H01,0.0947991
nyquist,PHAandWGA,34,PB100083_H01,0.09029278
nyquist,PHAandWGA,35,PB100083_H01,0.09145084
nyquist,PHAandWGA,36,PB100083_H01,0.08989348
nyquist,PHAandWGA,37,PB100083_H01,0.089806035
nyquist,PHAandWGA,38,PB100083_H01,0.08814711
nyquist,PHAandWGA,39,PB100083_H01,0.08786684
nyquist,PHAandWGA,40,PB100083_H01,0.0887525
nyquist,PHAandWGA,41,PB100083_H01,0.08567218
nyquist,PHAandWGA,42,PB100083_H01,0.0874911
nyquist,PHAandWGA,43,PB100083_H01,0.08746091
nyquist,PHAandWGA,0,PB100083_H07,0.09378396
nyquist,PHAandWGA,1,PB100083_H07,0.09459273
nyquist,PHAandWGA,2,PB100083_H07,0.09516585
nyquist,PHAandWGA,3,PB100083_H07,0.09392372
nyquist,PHAandWGA,4,PB100083_H07,0.09615409
nyquist,PHAandWGA,5,PB100083_H07,0.09720795
nyquist,PHAandWGA,6,PB100083_H07,0.097431466
nyquist,PHAandWGA,7,PB100083_H07,0.09733718
nyquist,PHAandWGA,8,PB100083_H07,0.098018125
nyquist,PHAandWGA,9,PB100083_H07,0.098025784
nyquist,PHAandWGA,10,PB100083_H07,0.0984714
nyquist,PHAandWGA,11,PB100083_H07,0.098315164
nyquist,PHAandWGA,12,PB100083_H07,0.09725509
nyquist,PHAandWGA,13,PB100083_H07,0.096205905
nyquist,PHAandWGA,14,PB100083_H07,0.0941223
nyquist,PHAandWGA,15,PB100083_H07,0.09344141
nyquist,PHAandWGA,16,PB100083_H07,0.09212838
nyquist,PHAandWGA,17,PB100083_H07,0.092597075
nyquist,PHAandWGA,18,PB100083_H07,0.0942864
nyquist,PHAandWGA,19,PB100083_H07,0.0931737
nyquist,PHAandWGA,20,PB100083_H07,0.09301498
nyquist,PHAandWGA,21,PB100083_H07,0.092933774
nyquist,PHAandWGA,22,PB100083_H07,0.09120241
nyquist,PHAandWGA,23,PB100083_H07,0.09117168
nyquist,PHAandWGA,24,PB100083_H07,0.09232672
nyquist,PHAandWGA,25,PB100083_H07,0.092288695
nyquist,PHAandWGA,26,PB100083_H07,0.092480965
nyquist,PHAandWGA,27,PB100083_H07,0.09172184
nyquist,PHAandWGA,28,PB100083_H07,0.090302214
nyquist,PHAandWGA,29,PB100083_H07,0.090638556
nyquist,PHAandWGA,30,PB100083_H07,0.09015226
nyquist,PHAandWGA,31,PB100083_H07,0.09021452
nyquist,PHAandWGA,32,PB100083_H07,0.09075235
nyquist,PHAandWGA,33,PB100083_H07,0.0919476
nyquist,PHAandWGA,34,PB100083_H07,0.09115981
nyquist,PHAandWGA,35,PB100083_H07,0.08936928
nyquist,PHAandWGA,36,PB100083_H07,0.09002127
nyquist,PHAandWGA,37,PB100083_H07,0.090285026
nyquist,PHAandWGA,38,PB100083_H07,0.090530366
nyquist,PHAandWGA,39,PB100083_H07,0.08809168
nyquist,PHAandWGA,40,PB100083_H07,0.08804456
nyquist,PHAandWGA,41,PB100083_H07,0.08526896
nyquist,PHAandWGA,42,PB100083_H07,0.08370588
nyquist,PHAandWGA,43,PB100083_H07,0.08587128
nyquist,SYTO,0,PB100082_A02,0.19676416
nyquist,SYTO,1,PB100082_A02,0.18138319
nyquist,SYTO,2,PB100082_A02,0.18474899
nyquist,SYTO,3,PB100082_A02,0.1875897
nyquist,SYTO,4,PB100082_A02,0.18965659
nyquist,SYTO,5,PB100082_A02,0.19393003
nyquist,SYTO,6,PB100082_A02,0.19958848
nyquist,SYTO,7,PB100082_A02,0.20071389
nyquist,SYTO,8,PB100082_A02,0.20131254
nyquist,SYTO,9,PB100082_A02,0.20398669
nyquist,SYTO,10,PB100082_A02,0.20676297
nyquist,SYTO,11,PB100082_A02,0.20456816
nyquist,SYTO,12,PB100082_A02,0.20353189
nyquist,SYTO,13,PB100082_A02,0.19759467
nyquist,SYTO,14,PB100082_A02,0.19868034
nyquist,SYTO,15,PB100082_A02,0.2007124
nyquist,SYTO,16,PB100082_A02,0.19661224
nyquist,SYTO,17,PB100082_A02,0.19409607
nyquist,SYTO,18,PB100082_A02,0.1937996
nyquist,SYTO,19,PB100082_A02,0.19239159
nyquist,SYTO,20,PB100082_A02,0.18962872
nyquist,SYTO,21,PB100082_A02,0.18792523
nyquist,SYTO,22,PB100082_A02,0.18554246
nyquist,SYTO,23,PB100082_A02,0.18651164
nyquist,SYTO,24,PB100082_A02,0.18708143
nyquist,SYTO,25,PB100082_A02,0.18586555
nyquist,SYTO,26,PB100082_A02,0.1884273
nyquist,SYTO,27,PB100082_A02,0.18697327
nyquist,SYTO,28,PB100082_A02,0.18092681
nyquist,SYTO,29,PB100082_A02,0.1821335
nyquist,SYTO,30,PB100082_A02,0.1786798
nyquist,SYTO,31,PB100082_A02,0.17815909
nyquist,SYTO,32,PB100082_A02,0.17518333
nyquist,SYTO,33,PB100082_A02,0.17547946
nyquist,SYTO,34,PB100082_A02,0.17531008
nyquist,SYTO,35,PB100082_A02,0.17462386
nyquist,SYTO,36,PB100082_A02,0.17950398
nyquist,SYTO,37,PB100082_A02,0.17666467
nyquist,SYTO,38,PB100082_A02,0.17692523
nyquist,SYTO,39,PB100082_A02,0.1771475
nyquist,SYTO,40,PB100082_A02,0.17868079
nyquist,SYTO,41,PB100082_A02,0.17890762
nyquist,SYTO,42,PB100082_A02,0.1746456
nyquist,SYTO,43,PB100082_A02,0.16962248
nyquist,SYTO,1,PB100082_A08,0.19326936
nyquist,SYTO,2,PB100082_A08,0.188633
nyquist,SYTO,3,PB100082_A08,0.19028972
nyquist,SYTO,4,PB100082_A08,0.19346076
nyquist,SYTO,5,PB100082_A08,0.19671607
nyquist,SYTO,6,PB100082_A08,0.20231535
nyquist,SYTO,7,PB100082_A08,0.21187867
nyquist,SYTO,8,PB100082_A08,0.21917523
nyquist,SYTO,9,PB100082_A08,0.22517563
nyquist,SYTO,10,PB100082_A08,0.22885035
nyquist,SYTO,11,PB100082_A08,0.23737201
nyquist,SYTO,12,PB100082_A08,0.24413013
nyquist,SYTO,13,PB100082_A08,0.2414844
nyquist,SYTO,14,PB100082_A08,0.24667102
nyquist,SYTO,15,PB100082_A08,0.24813147
nyquist,SYTO,16,PB100082_A08,0.25112656
nyquist,SYTO,17,PB100082_A08,0.24769714
nyquist,SYTO,18,PB100082_A08,0.24669105
nyquist,SYTO,19,PB100082_A08,0.2405775
nyquist,SYTO,20,PB100082_A08,0.23966436
nyquist,SYTO,21,PB100082_A08,0.23348859
nyquist,SYTO,22,PB100082_A08,0.2327904
nyquist,SYTO,23,PB100082_A08,0.22926077
nyquist,SYTO,24,PB100082_A08,0.22712988
nyquist,SYTO,25,PB100082_A08,0.22373949
nyquist,SYTO,26,PB100082_A08,0.2214801
nyquist,SYTO,27,PB100082_A08,0.21573736
nyquist,SYTO,28,PB100082_A08,0.21459466
nyquist,SYTO,29,PB100082_A08,0.21318084
nyquist,SYTO,30,PB100082_A08,0.2066206
nyquist,SYTO,31,PB100082_A08,0.20469515
nyquist,SYTO,32,PB100082_A08,0.2036704
nyquist,SYTO,33,PB100082_A08,0.20588166
nyquist,SYTO,34,PB100082_A08,0.20340255
nyquist,SYTO,35,PB100082_A08,0.20005588
nyquist,SYTO,36,PB100082_A08,0.20107536
nyquist,SYTO,37,PB100082_A08,0.2011106
nyquist,SYTO,38,PB100082_A08,0.20173576
nyquist,SYTO,39,PB100082_A08,0.19634242
nyquist,SYTO,40,PB100082_A08,0.1973034
nyquist,SYTO,41,PB100082_A08,0.1981183
nyquist,SYTO,42,PB100082_A08,0.20105001
nyquist,SYTO,43,PB100082_A08,0.19989732
nyquist,SYTO,0,PB100082_B05,0.22405754
nyquist,SYTO,1,PB100082_B05,0.2247585
nyquist,SYTO,2,PB100082_B05,0.23802057
nyquist,SYTO,3,PB100082_B05,0.248195
nyquist,SYTO,4,PB100082_B05,0.25925493
nyquist,SYTO,5,PB100082_B05,0.26645428
nyquist,SYTO,6,PB100082_B05,0.2778573
nyquist,SYTO,7,PB100082_B05,0.2803106
nyquist,SYTO,8,PB100082_B05,0.27422234
nyquist,SYTO,9,PB100082_B05,0.27563238
nyquist,SYTO,10,PB100082_B05,0.27170533
nyquist,SYTO,11,PB100082_B05,0.2718884
nyquist,SYTO,12,PB100082_B05,0.27073684
nyquist,SYTO,13,PB100082_B05,0.2697785
nyquist,SYTO,14,PB100082_B05,0.26943302
nyquist,SYTO,15,PB100082_B05,0.2637138
nyquist,SYTO,16,PB100082_B05,0.25872427
nyquist,SYTO,17,PB100082_B05,0.261688
nyquist,SYTO,18,PB100082_B05,0.2577387
nyquist,SYTO,19,PB100082_B05,0.25154585
nyquist,SYTO,20,PB100082_B05,0.23976836
nyquist,SYTO,21,PB100082_B05,0.24128619
nyquist,SYTO,22,PB100082_B05,0.24716112
nyquist,SYTO,23,PB100082_B05,0.24584529
nyquist,SYTO,24,PB100082_B05,0.24375035
nyquist,SYTO,25,PB100082_B05,0.24102572
nyquist,SYTO,26,PB100082_B05,0.23337823
nyquist,SYTO,27,PB100082_B05,0.22573072
nyquist,SYTO,28,PB100082_B05,0.22274095
nyquist,SYTO,29,PB100082_B05,0.22357206
nyquist,SYTO,30,PB100082_B05,0.22234482
nyquist,SYTO,31,PB100082_B05,0.2184399
nyquist,SYTO,32,PB100082_B05,0.21812978
nyquist,SYTO,33,PB100082_B05,0.21284294
nyquist,SYTO,34,PB100082_B05,0.2153152
nyquist,SYTO,35,PB100082_B05,0.21365628
nyquist,SYTO,36,PB100082_B05,0.21210308
nyquist,SYTO,37,PB100082_B05,0.2071
nyquist,SYTO,38,PB100082_B05,0.20110439
nyquist,SYTO,39,PB100082_B05,0.20057249
nyquist,SYTO,40,PB100082_B05,0.19995625
nyquist,SYTO,41,PB100082_B05,0.20187975
nyquist,SYTO,42,PB100082_B05,0.20927945
nyquist,SYTO,43,PB100082_B05,0.20903558
nyquist,SYTO,0,PB100082_C08,0.18697658
nyquist,SYTO,1,PB100082_C08,0.18655738
nyquist,SYTO,2,PB100082_C08,0.18981282
nyquist,SYTO,3,PB100082_C08,0.1911833
nyquist,SYTO,4,PB100082_C08,0.19851257
nyquist,SYTO,5,PB100082_C08,0.20502904
nyquist,SYTO,6,PB100082_C08,0.2165782
nyquist,SYTO,7,PB100082_C08,0.22126861
nyquist,SYTO,8,PB100082_C08,0.22770873
nyquist,SYTO,9,PB100082_C08,0.23770303
nyquist,SYTO,10,PB100082_C08,0.24392042
nyquist,SYTO,11,PB100082_C08,0.24677089
nyquist,SYTO,12,PB100082_C08,0.2526833
nyquist,SYTO,13,PB100082_C08,0.25554937
nyquist,SYTO,14,PB100082_C08,0.25682604
nyquist,SYTO,15,PB100082_C08,0.2598132
nyquist,SYTO,16,PB100082_C08,0.25009906
nyquist,SYTO,17,PB100082_C08,0.2515391
nyquist,SYTO,18,PB100082_C08,0.24692386
nyquist,SYTO,19,PB100082_C08,0.24872349
nyquist,SYTO,20,PB100082_C08,0.25100294
nyquist,SYTO,21,PB100082_C08,0.2491383
nyquist,SYTO,22,PB100082_C08,0.24428268
nyquist,SYTO,23,PB100082_C08,0.24123725
nyquist,SYTO,24,PB100082_C08,0.23799597
nyquist,SYTO,25,PB100082_C08,0.23398699
nyquist,SYTO,26,PB100082_C08,0.23154837
nyquist,SYTO,27,PB100082_C08,0.22921616
nyquist,SYTO,28,PB100082_C08,0.22859165
nyquist,SYTO,29,PB100082_C08,0.22529477
nyquist,SYTO,30,PB100082_C08,0.22012623
nyquist,SYTO,31,PB100082_C08,0.21661441
nyquist,SYTO,32,PB100082_C08,0.2140733
nyquist,SYTO,33,PB100082_C08,0.211207
nyquist,SYTO,34,PB100082_C08,0.20887461
nyquist,SYTO,35,PB100082_C08,0.20439065
nyquist,SYTO,36,PB100082_C08,0.20447731
nyquist,SYTO,37,PB100082_C08,0.2029913
nyquist,SYTO,38,PB100082_C08,0.20812333
nyquist,SYTO,39,PB100082_C08,0.20545925
nyquist,SYTO,40,PB100082_C08,0.2049102
nyquist,SYTO,41,PB100082_C08,0.20255825
nyquist,SYTO,42,PB100082_C08,0.19513811
nyquist,SYTO,43,PB100082_C08,0.19281974
nyquist,SYTO,0,PB100082_D03,0.19049066
nyquist,SYTO,1,PB100082_D03,0.19617045
nyquist,SYTO,2,PB100082_D03,0.19523662
nyquist,SYTO,3,PB100082_D03,0.19850937
nyquist,SYTO,4,PB100082_D03,0.19910249
nyquist,SYTO,5,PB100082_D03,0.20415376
nyquist,SYTO,6,PB100082_D03,0.20731878
nyquist,SYTO,7,PB100082_D03,0.21195547
nyquist,SYTO,8,PB100082_D03,0.21108104
nyquist,SYTO,9,PB100082_D03,0.20990065
nyquist,SYTO,10,PB100082_D03,0.21297017
nyquist,SYTO,11,PB100082_D03,0.21425746
nyquist,SYTO,12,PB100082_D03,0.21634075
nyquist,SYTO,13,PB100082_D03,0.2139314
nyquist,SYTO,14,PB100082_D03,0.21914993
nyquist,SYTO,15,PB100082_D03,0.21175799
nyquist,SYTO,16,PB100082_D03,0.20960811
nyquist,SYTO,17,PB100082_D03,0.21236958
nyquist,SYTO,18,PB100082_D03,0.20397207
nyquist,SYTO,19,PB100082_D03,0.20347968
nyquist,SYTO,20,PB100082_D03,0.20486054
nyquist,SYTO,21,PB100082_D03,0.20131543
nyquist,SYTO,22,PB100082_D03,0.20296162
nyquist,SYTO,23,PB100082_D03,0.20118979
nyquist,SYTO,24,PB100082_D03,0.19625497
nyquist,SYTO,25,PB100082_D03,0.19895527
nyquist,SYTO,26,PB100082_D03,0.19874543
nyquist,SYTO,27,PB100082_D03,0.19703804
nyquist,SYTO,28,PB100082_D03,0.19578715
nyquist,SYTO,29,PB100082_D03,0.19110408
nyquist,SYTO,30,PB100082_D03,0.19022237
nyquist,SYTO,31,PB100082_D03,0.19027533
nyquist,SYTO,32,PB100082_D03,0.19120301
nyquist,SYTO,33,PB100082_D03,0.18806708
nyquist,SYTO,34,PB100082_D03,0.1874696
nyquist,SYTO,35,PB100082_D03,0.18893805
nyquist,SYTO,36,PB100082_D03,0.18521103
nyquist,SYTO,37,PB100082_D03,0.18620102
nyquist,SYTO,38,PB100082_D03,0.1871358
nyquist,SYTO,39,PB100082_D03,0.19135381
nyquist,SYTO,40,PB100082_D03,0.19132611
nyquist,SYTO,41,PB100082_D03,0.19402313
nyquist,SYTO,42,PB100082_D03,0.19689536
nyquist,SYTO,43,PB100082_D03,0.19829229
nyquist,SYTO,0,PB100082_E06,0.18795982
nyquist,SYTO,1,PB100082_E06,0.1862526
nyquist,SYTO,2,PB100082_E06,0.1917263
nyquist,SYTO,3,PB100082_E06,0.19669715
nyquist,SYTO,4,PB100082_E06,0.19558927
nyquist,SYTO,5,PB100082_E06,0.20328583
nyquist,SYTO,6,PB100082_E06,0.20833291
nyquist,SYTO,7,PB100082_E06,0.21480411
nyquist,SYTO,8,PB100082_E06,0.21726319
nyquist,SYTO,9,PB100082_E06,0.219506
nyquist,SYTO,10,PB100082_E06,0.21559656
nyquist,SYTO,11,PB100082_E06,0.21813549
nyquist,SYTO,12,PB100082_E06,0.22439134
nyquist,SYTO,13,PB100082_E06,0.22129357
nyquist,SYTO,14,PB100082_E06,0.22340013
nyquist,SYTO,15,PB100082_E06,0.22432026
nyquist,SYTO,16,PB100082_E06,0.22143205
nyquist,SYTO,17,PB100082_E06,0.22098444
nyquist,SYTO,18,PB100082_E06,0.22037369
nyquist,SYTO,19,PB100082_E06,0.21896592
nyquist,SYTO,20,PB100082_E06,0.21638781
nyquist,SYTO,21,PB100082_E06,0.2121265
nyquist,SYTO,22,PB100082_E06,0.20675479
nyquist,SYTO,23,PB100082_E06,0.20278546
nyquist,SYTO,24,PB100082_E06,0.20273513
nyquist,SYTO,25,PB100082_E06,0.20043446
nyquist,SYTO,26,PB100082_E06,0.20168191
nyquist,SYTO,27,PB100082_E06,0.1962136
nyquist,SYTO,28,PB100082_E06,0.19344418
nyquist,SYTO,29,PB100082_E06,0.19431844
nyquist,SYTO,30,PB100082_E06,0.18554159
nyquist,SYTO,31,PB100082_E06,0.18611248
nyquist,SYTO,32,PB100082_E06,0.19120532
nyquist,SYTO,33,PB100082_E06,0.18531197
nyquist,SYTO,34,PB100082_E06,0.18669164
nyquist,SYTO,35,PB100082_E06,0.18440542
nyquist,SYTO,36,PB100082_E06,0.18215163
nyquist,SYTO,37,PB100082_E06,0.17971687
nyquist,SYTO,38,PB100082_E06,0.17970222
nyquist,SYTO,39,PB100082_E06,0.1760259
nyquist,SYTO,40,PB100082_E06,0.1713993
nyquist,SYTO,41,PB100082_E06,0.16840445
nyquist,SYTO,42,PB100082_E06,0.16858114
nyquist,SYTO,43,PB100082_E06,0.16548267
nyquist,SYTO,0,PB100082_F01,0.1924279
nyquist,SYTO,1,PB100082_F01,0.19650015
nyquist,SYTO,2,PB100082_F01,0.18843742
nyquist,SYTO,3,PB100082_F01,0.18673588
nyquist,SYTO,4,PB100082_F01,0.1847354
nyquist,SYTO,5,PB100082_F01,0.18988177
nyquist,SYTO,6,PB100082_F01,0.19476467
nyquist,SYTO,7,PB100082_F01,0.20211914
nyquist,SYTO,8,PB100082_F01,0.20528531
nyquist,SYTO,9,PB100082_F01,0.20735362
nyquist,SYTO,10,PB100082_F01,0.21486296
nyquist,SYTO,11,PB100082_F01,0.21830003
nyquist,SYTO,12,PB100082_F01,0.21613729
nyquist,SYTO,13,PB100082_F01,0.21527204
nyquist,SYTO,14,PB100082_F01,0.21606229
nyquist,SYTO,15,PB100082_F01,0.2098938
nyquist,SYTO,16,PB100082_F01,0.2111291
nyquist,SYTO,17,PB100082_F01,0.21232826
nyquist,SYTO,18,PB100082_F01,0.20969906
nyquist,SYTO,19,PB100082_F01,0.21131408
nyquist,SYTO,20,PB100082_F01,0.20974854
nyquist,SYTO,21,PB100082_F01,0.20994277
nyquist,SYTO,22,PB100082_F01,0.2025956
nyquist,SYTO,23,PB100082_F01,0.20094846
nyquist,SYTO,24,PB100082_F01,0.20357129
nyquist,SYTO,25,PB100082_F01,0.20174117
nyquist,SYTO,26,PB100082_F01,0.2033771
nyquist,SYTO,27,PB100082_F01,0.20022732
nyquist,SYTO,28,PB100082_F01,0.19861987
nyquist,SYTO,29,PB100082_F01,0.19337717
nyquist,SYTO,30,PB100082_F01,0.19002056
nyquist,SYTO,31,PB100082_F01,0.18876609
nyquist,SYTO,32,PB100082_F01,0.19062309
nyquist,SYTO,33,PB100082_F01,0.19063635
nyquist,SYTO,34,PB100082_F01,0.1852307
nyquist,SYTO,35,PB100082_F01,0.18288516
nyquist,SYTO,36,PB100082_F01,0.18069458
nyquist,SYTO,37,PB100082_F01,0.1795867
nyquist,SYTO,38,PB100082_F01,0.18037406
nyquist,SYTO,39,PB100082_F01,0.17977229
nyquist,SYTO,40,PB100082_F01,0.18037924
nyquist,SYTO,41,PB100082_F01,0.17571321
nyquist,SYTO,42,PB100082_F01,0.17672944
nyquist,SYTO,43,PB100082_F01,0.17618766
nyquist,SYTO,0,PB100082_G04,0.17514838
nyquist,SYTO,1,PB100082_G04,0.1772123
nyquist,SYTO,2,PB100082_G04,0.17895325
nyquist,SYTO,3,PB100082_G04,0.17839569
nyquist,SYTO,4,PB100082_G04,0.18125398
nyquist,SYTO,5,PB100082_G04,0.18316343
nyquist,SYTO,6,PB100082_G04,0.18563859
nyquist,SYTO,7,PB100082_G04,0.18630573
nyquist,SYTO,8,PB100082_G04,0.18679927
nyquist,SYTO,9,PB100082_G04,0.18855645
nyquist,SYTO,10,PB100082_G04,0.19307686
nyquist,SYTO,11,PB100082_G04,0.19089887
nyquist,SYTO,12,PB100082_G04,0.192041
nyquist,SYTO,13,PB100082_G04,0.19299467
nyquist,SYTO,14,PB100082_G04,0.19231011
nyquist,SYTO,15,PB100082_G04,0.18784761
nyquist,SYTO,16,PB100082_G04,0.18798007
nyquist,SYTO,17,PB100082_G04,0.18907644
nyquist,SYTO,18,PB100082_G04,0.18262465
nyquist,SYTO,19,PB100082_G04,0.18099117
nyquist,SYTO,20,PB100082_G04,0.18107629
nyquist,SYTO,21,PB100082_G04,0.17497748
nyquist,SYTO,22,PB100082_G04,0.16824484
nyquist,SYTO,23,PB100082_G04,0.16829284
nyquist,SYTO,24,PB100082_G04,0.16825615
nyquist,SYTO,25,PB100082_G04,0.16460058
nyquist,SYTO,26,PB100082_G04,0.1594891
nyquist,SYTO,27,PB100082_G04,0.15727523
nyquist,SYTO,28,PB100082_G04,0.15649404
nyquist,SYTO,29,PB100082_G04,0.15644228
nyquist,SYTO,30,PB100082_G04,0.15629296
nyquist,SYTO,31,PB100082_G04,0.15349916
nyquist,SYTO,32,PB100082_G04,0.1521855
nyquist,SYTO,33,PB100082_G04,0.15022704
nyquist,SYTO,34,PB100082_G04,0.14935006
nyquist,SYTO,35,PB100082_G04,0.14775869
nyquist,SYTO,36,PB100082_G04,0.15420847
nyquist,SYTO,37,PB100082_G04,0.15577622
nyquist,SYTO,38,PB100082_G04,0.15529028
nyquist,SYTO,39,PB100082_G04,0.15460658
nyquist,SYTO,40,PB100082_G04,0.15767558
nyquist,SYTO,41,PB100082_G04,0.15531465
nyquist,SYTO,42,PB100082_G04,0.15184176
nyquist,SYTO,43,PB100082_G04,0.1458613
nyquist,SYTO,0,PB100082_H01,0.12331067
nyquist,SYTO,1,PB100082_H01,0.13385467
nyquist,SYTO,2,PB100082_H01,0.13073672
nyquist,SYTO,3,PB100082_H01,0.14542428
nyquist,SYTO,4,PB100082_H01,0.13358818
nyquist,SYTO,5,PB100082_H01,0.14965865
nyquist,SYTO,6,PB100082_H01,0.13327697
nyquist,SYTO,7,PB100082_H01,0.14260125
nyquist,SYTO,8,PB100082_H01,0.1437108
nyquist,SYTO,9,PB100082_H01,0.14964521
nyquist,SYTO,10,PB100082_H01,0.15241912
nyquist,SYTO,11,PB100082_H01,0.1470659
nyquist,SYTO,12,PB100082_H01,0.15396366
nyquist,SYTO,13,PB100082_H01,0.14982264
nyquist,SYTO,14,PB100082_H01,0.15954968
nyquist,SYTO,15,PB100082_H01,0.15425014
nyquist,SYTO,16,PB100082_H01,0.14972928
nyquist,SYTO,17,PB100082_H01,0.15322503
nyquist,SYTO,18,PB100082_H01,0.1495423
nyquist,SYTO,19,PB100082_H01,0.15143889
nyquist,SYTO,20,PB100082_H01,0.15069118
nyquist,SYTO,21,PB100082_H01,0.15132049
nyquist,SYTO,22,PB100082_H01,0.15094239
nyquist,SYTO,23,PB100082_H01,0.14259748
nyquist,SYTO,24,PB100082_H01,0.14933477
nyquist,SYTO,25,PB100082_H01,0.14591053
nyquist,SYTO,26,PB100082_H01,0.15051456
nyquist,SYTO,27,PB100082_H01,0.14049631
nyquist,SYTO,28,PB100082_H01,0.1457363
nyquist,SYTO,29,PB100082_H01,0.14114228
nyquist,SYTO,30,PB100082_H01,0.13672014
nyquist,SYTO,31,PB100082_H01,0.13622466
nyquist,SYTO,32,PB100082_H01,0.1376576
nyquist,SYTO,33,PB100082_H01,0.14133148
nyquist,SYTO,34,PB100082_H01,0.14182885
nyquist,SYTO,35,PB100082_H01,0.14250338
nyquist,SYTO,36,PB100082_H01,0.13262361
nyquist,SYTO,37,PB100082_H01,0.14193633
nyquist,SYTO,38,PB100082_H01,0.14056173
nyquist,SYTO,39,PB100082_H01,0.12646988
nyquist,SYTO,40,PB100082_H01,0.12764096
nyquist,SYTO,41,PB100082_H01,0.12863064
nyquist,SYTO,42,PB100082_H01,0.12566373
nyquist,SYTO,43,PB100082_H01,0.12607619
nyquist,SYTO,0,PB100082_H07,0.20246473
nyquist,SYTO,1,PB100082_H07,0.20878841
nyquist,SYTO,2,PB100082_H07,0.21432534
nyquist,SYTO,3,PB100082_H07,0.2144596
nyquist,SYTO,4,PB100082_H07,0.21605378
nyquist,SYTO,5,PB100082_H07,0.22266811
nyquist,SYTO,6,PB100082_H07,0.22572643
nyquist,SYTO,7,PB100082_H07,0.23375194
nyquist,SYTO,8,PB100082_H07,0.23241612
nyquist,SYTO,9,PB100082_H07,0.23049262
nyquist,SYTO,10,PB100082_H07,0.23122625
nyquist,SYTO,11,PB100082_H07,0.22990622
nyquist,SYTO,12,PB100082_H07,0.22573513
nyquist,SYTO,13,PB100082_H07,0.2262854
nyquist,SYTO,14,PB100082_H07,0.22238985
nyquist,SYTO,15,PB100082_H07,0.22107247
nyquist,SYTO,16,PB100082_H07,0.21451163
nyquist,SYTO,17,PB100082_H07,0.21140599
nyquist,SYTO,18,PB100082_H07,0.21298052
nyquist,SYTO,19,PB100082_H07,0.20734642
nyquist,SYTO,20,PB100082_H07,0.20636147
nyquist,SYTO,21,PB100082_H07,0.20649587
nyquist,SYTO,22,PB100082_H07,0.20241915
nyquist,SYTO,23,PB100082_H07,0.20124665
nyquist,SYTO,24,PB100082_H07,0.20147908
nyquist,SYTO,25,PB100082_H07,0.20120707
nyquist,SYTO,26,PB100082_H07,0.20073724
nyquist,SYTO,27,PB100082_H07,0.19585735
nyquist,SYTO,28,PB100082_H07,0.19307892
nyquist,SYTO,29,PB100082_H07,0.19610848
nyquist,SYTO,30,PB100082_H07,0.19533794
nyquist,SYTO,31,PB100082_H07,0.19234185
nyquist,SYTO,32,PB100082_H07,0.19122675
nyquist,SYTO,33,PB100082_H07,0.18907972
nyquist,SYTO,34,PB100082_H07,0.18426703
nyquist,SYTO,35,PB100082_H07,0.18452415
nyquist,SYTO,36,PB100082_H07,0.18933994
nyquist,SYTO,37,PB100082_H07,0.18739927
nyquist,SYTO,38,PB100082_H07,0.1835955
nyquist,SYTO,39,PB100082_H07,0.18274108
nyquist,SYTO,40,PB100082_H07,0.18207395
nyquist,SYTO,41,PB100082_H07,0.17993537
nyquist,SYTO,42,PB100082_H07,0.17494829
nyquist,SYTO,43,PB100082_H07,0.17365566
nyquist,SYTO,0,PB100083_A02,0.13926649
nyquist,SYTO,1,PB100083_A02,0.13951711
nyquist,SYTO,2,PB100083_A02,0.14098166
nyquist,SYTO,3,PB100083_A02,0.14123212
nyquist,SYTO,4,PB100083_A02,0.14111619
nyquist,SYTO,5,PB100083_A02,0.1418373
nyquist,SYTO,6,PB100083_A02,0.1420728
nyquist,SYTO,7,PB100083_A02,0.14390819
nyquist,SYTO,8,PB100083_A02,0.14385203
nyquist,SYTO,9,PB100083_A02,0.14433973
nyquist,SYTO,10,PB100083_A02,0.14034115
nyquist,SYTO,11,PB100083_A02,0.14465939
nyquist,SYTO,12,PB100083_A02,0.14118972
nyquist,SYTO,13,PB100083_A02,0.142562
nyquist,SYTO,14,PB100083_A02,0.14495
nyquist,SYTO,15,PB100083_A02,0.14353696
nyquist,SYTO,16,PB100083_A02,0.14430398
nyquist,SYTO,17,PB100083_A02,0.14077431
nyquist,SYTO,18,PB100083_A02,0.13896795
nyquist,SYTO,19,PB100083_A02,0.13927665
nyquist,SYTO,20,PB100083_A02,0.13970432
nyquist,SYTO,21,PB100083_A02,0.13277489
nyquist,SYTO,22,PB100083_A02,0.1309581
nyquist,SYTO,23,PB100083_A02,0.12448495
nyquist,SYTO,24,PB100083_A02,0.12376801
nyquist,SYTO,25,PB100083_A02,0.12173433
nyquist,SYTO,26,PB100083_A02,0.12271183
nyquist,SYTO,27,PB100083_A02,0.12275578
nyquist,SYTO,28,PB100083_A02,0.12352504
nyquist,SYTO,29,PB100083_A02,0.12255386
nyquist,SYTO,30,PB100083_A02,0.11366533
nyquist,SYTO,31,PB100083_A02,0.11378656
nyquist,SYTO,32,PB100083_A02,0.11143716
nyquist,SYTO,33,PB100083_A02,0.11679821
nyquist,SYTO,34,PB100083_A02,0.11157433
nyquist,SYTO,35,PB100083_A02,0.11153857
nyquist,SYTO,36,PB100083_A02,0.11105942
nyquist,SYTO,37,PB100083_A02,0.09922391
nyquist,SYTO,38,PB100083_A02,0.10917732
nyquist,SYTO,39,PB100083_A02,0.11397165
nyquist,SYTO,40,PB100083_A02,0.106542766
nyquist,SYTO,41,PB100083_A02,0.10714763
nyquist,SYTO,42,PB100083_A02,0.10805203
nyquist,SYTO,43,PB100083_A02,0.1034815
nyquist,SYTO,0,PB100083_A08,0.17698678
nyquist,SYTO,1,PB100083_A08,0.18239759
nyquist,SYTO,2,PB100083_A08,0.18769653
nyquist,SYTO,3,PB100083_A08,0.18185888
nyquist,SYTO,4,PB100083_A08,0.18263918
nyquist,SYTO,5,PB100083_A08,0.18409091
nyquist,SYTO,6,PB100083_A08,0.18157078
nyquist,SYTO,7,PB100083_A08,0.18791217
nyquist,SYTO,8,PB100083_A08,0.18896179
nyquist,SYTO,9,PB100083_A08,0.19053498
nyquist,SYTO,10,PB100083_A08,0.18878433
nyquist,SYTO,11,PB100083_A08,0.18417929
nyquist,SYTO,12,PB100083_A08,0.18250589
nyquist,SYTO,13,PB100083_A08,0.18194371
nyquist,SYTO,14,PB100083_A08,0.17448676
nyquist,SYTO,15,PB100083_A08,0.17084195
nyquist,SYTO,16,PB100083_A08,0.16452399
nyquist,SYTO,17,PB100083_A08,0.16854171
nyquist,SYTO,18,PB100083_A08,0.16460885
nyquist,SYTO,19,PB100083_A08,0.16131781
nyquist,SYTO,20,PB100083_A08,0.16127932
nyquist,SYTO,21,PB100083_A08,0.15867636
nyquist,SYTO,22,PB100083_A08,0.15887076
nyquist,SYTO,23,PB100083_A08,0.15441671
nyquist,SYTO,24,PB100083_A08,0.15332447
nyquist,SYTO,25,PB100083_A08,0.15214229
nyquist,SYTO,26,PB100083_A08,0.15239805
nyquist,SYTO,27,PB100083_A08,0.15181369
nyquist,SYTO,28,PB100083_A08,0.1505646
nyquist,SYTO,29,PB100083_A08,0.15119088
nyquist,SYTO,30,PB100083_A08,0.15167516
nyquist,SYTO,31,PB100083_A08,0.15113474
nyquist,SYTO,32,PB100083_A08,0.15229821
nyquist,SYTO,33,PB100083_A08,0.15111408
nyquist,SYTO,34,PB100083_A08,0.15084007
nyquist,SYTO,35,PB100083_A08,0.14860165
nyquist,SYTO,36,PB100083_A08,0.14646602
nyquist,SYTO,37,PB100083_A08,0.14555535
nyquist,SYTO,38,PB100083_A08,0.14371717
nyquist,SYTO,39,PB100083_A08,0.14517754
nyquist,SYTO,40,PB100083_A08,0.14846626
nyquist,SYTO,41,PB100083_A08,0.1463751
nyquist,SYTO,42,PB100083_A08,0.1400367
nyquist,SYTO,43,PB100083_A08,0.13933295
nyquist,SYTO,0,PB100083_B05,0.19634195
nyquist,SYTO,1,PB100083_B05,0.20452659
nyquist,SYTO,2,PB100083_B05,0.20796256
nyquist,SYTO,3,PB100083_B05,0.21370843
nyquist,SYTO,4,PB100083_B05,0.22009082
nyquist,SYTO,5,PB100083_B05,0.2293704
nyquist,SYTO,6,PB100083_B05,0.23052704
nyquist,SYTO,7,PB100083_B05,0.22903341
nyquist,SYTO,8,PB100083_B05,0.22343524
nyquist,SYTO,9,PB100083_B05,0.22504063
nyquist,SYTO,10,PB100083_B05,0.22613825
nyquist,SYTO,11,PB100083_B05,0.22838184
nyquist,SYTO,12,PB100083_B05,0.22201505
nyquist,SYTO,13,PB100083_B05,0.22324352
nyquist,SYTO,14,PB100083_B05,0.22485185
nyquist,SYTO,15,PB100083_B05,0.22213595
nyquist,SYTO,16,PB100083_B05,0.22014508
nyquist,SYTO,17,PB100083_B05,0.21972084
nyquist,SYTO,18,PB100083_B05,0.21264608
nyquist,SYTO,19,PB100083_B05,0.20847355
nyquist,SYTO,20,PB100083_B05,0.2110562
nyquist,SYTO,21,PB100083_B05,0.21263029
nyquist,SYTO,22,PB100083_B05,0.20973527
nyquist,SYTO,23,PB100083_B05,0.20486063
nyquist,SYTO,24,PB100083_B05,0.19858684
nyquist,SYTO,25,PB100083_B05,0.20341994
nyquist,SYTO,26,PB100083_B05,0.2035791
nyquist,SYTO,27,PB100083_B05,0.20220372
nyquist,SYTO,28,PB100083_B05,0.20395102
nyquist,SYTO,29,PB100083_B05,0.20028922
nyquist,SYTO,30,PB100083_B05,0.2030513
nyquist,SYTO,31,PB100083_B05,0.2000796
nyquist,SYTO,32,PB100083_B05,0.19284678
nyquist,SYTO,33,PB100083_B05,0.19343485
nyquist,SYTO,34,PB100083_B05,0.18735585
nyquist,SYTO,35,PB100083_B05,0.18964855
nyquist,SYTO,36,PB100083_B05,0.18527803
nyquist,SYTO,37,PB100083_B05,0.18525033
nyquist,SYTO,38,PB100083_B05,0.18407206
nyquist,SYTO,39,PB100083_B05,0.18954623
nyquist,SYTO,40,PB100083_B05,0.18208008
nyquist,SYTO,41,PB100083_B05,0.19487669
nyquist,SYTO,42,PB100083_B05,0.19438551
nyquist,SYTO,43,PB100083_B05,0.19936235
nyquist,SYTO,0,PB100083_C08,0.1766131
nyquist,SYTO,1,PB100083_C08,0.17818287
nyquist,SYTO,2,PB100083_C08,0.17842972
nyquist,SYTO,3,PB100083_C08,0.18459313
nyquist,SYTO,4,PB100083_C08,0.18913923
nyquist,SYTO,5,PB100083_C08,0.19214508
nyquist,SYTO,6,PB100083_C08,0.19523053
nyquist,SYTO,7,PB100083_C08,0.20006481
nyquist,SYTO,8,PB100083_C08,0.200791
nyquist,SYTO,9,PB100083_C08,0.20299296
nyquist,SYTO,10,PB100083_C08,0.20506878
nyquist,SYTO,11,PB100083_C08,0.20747052
nyquist,SYTO,12,PB100083_C08,0.21298197
nyquist,SYTO,13,PB100083_C08,0.21716079
nyquist,SYTO,14,PB100083_C08,0.21579291
nyquist,SYTO,15,PB100083_C08,0.2164995
nyquist,SYTO,16,PB100083_C08,0.22080475
nyquist,SYTO,17,PB100083_C08,0.21865624
nyquist,SYTO,18,PB100083_C08,0.21044506
nyquist,SYTO,19,PB100083_C08,0.20804223
nyquist,SYTO,20,PB100083_C08,0.20601922
nyquist,SYTO,21,PB100083_C08,0.20663531
nyquist,SYTO,22,PB100083_C08,0.20909984
nyquist,SYTO,23,PB100083_C08,0.2057265
nyquist,SYTO,24,PB100083_C08,0.20252433
nyquist,SYTO,25,PB100083_C08,0.19892776
nyquist,SYTO,26,PB100083_C08,0.19810724
nyquist,SYTO,27,PB100083_C08,0.19680092
nyquist,SYTO,28,PB100083_C08,0.19675174
nyquist,SYTO,29,PB100083_C08,0.1939379
nyquist,SYTO,30,PB100083_C08,0.18607335
nyquist,SYTO,31,PB100083_C08,0.18638426
nyquist,SYTO,32,PB100083_C08,0.18996838
nyquist,SYTO,33,PB100083_C08,0.19323671
nyquist,SYTO,34,PB100083_C08,0.19201955
nyquist,SYTO,35,PB100083_C08,0.18974528
nyquist,SYTO,36,PB100083_C08,0.18710725
nyquist,SYTO,37,PB100083_C08,0.18721673
nyquist,SYTO,38,PB100083_C08,0.18745598
nyquist,SYTO,39,PB100083_C08,0.18574661
nyquist,SYTO,40,PB100083_C08,0.17897196
nyquist,SYTO,41,PB100083_C08,0.18284729
nyquist,SYTO,42,PB100083_C08,0.1812773
nyquist,SYTO,43,PB100083_C08,0.17989857
nyquist,SYTO,0,PB100083_D03,0.18729687
nyquist,SYTO,1,PB100083_D03,0.18948682
nyquist,SYTO,2,PB100083_D03,0.19271648
nyquist,SYTO,3,PB100083_D03,0.19655845
nyquist,SYTO,4,PB100083_D03,0.19535269
nyquist,SYTO,5,PB100083_D03,0.19651198
nyquist,SYTO,6,PB100083_D03,0.1989114
nyquist,SYTO,7,PB100083_D03,0.19780174
nyquist,SYTO,8,PB100083_D03,0.19306132
nyquist,SYTO,9,PB100083_D03,0.18636501
nyquist,SYTO,10,PB100083_D03,0.18780991
nyquist,SYTO,11,PB100083_D03,0.1895056
nyquist,SYTO,12,PB100083_D03,0.18656214
nyquist,SYTO,13,PB100083_D03,0.19158961
nyquist,SYTO,14,PB100083_D03,0.19359288
nyquist,SYTO,15,PB100083_D03,0.1916635
nyquist,SYTO,16,PB100083_D03,0.19095875
nyquist,SYTO,17,PB100083_D03,0.1886498
nyquist,SYTO,18,PB100083_D03,0.18449005
nyquist,SYTO,19,PB100083_D03,0.17975514
nyquist,SYTO,20,PB100083_D03,0.1757026
nyquist,SYTO,21,PB100083_D03,0.17603882
nyquist,SYTO,22,PB100083_D03,0.17257142
nyquist,SYTO,23,PB100083_D03,0.17309748
nyquist,SYTO,24,PB100083_D03,0.17212063
nyquist,SYTO,25,PB100083_D03,0.1718706
nyquist,SYTO,26,PB100083_D03,0.17185353
nyquist,SYTO,27,PB100083_D03,0.16999136
nyquist,SYTO,28,PB100083_D03,0.16912653
nyquist,SYTO,29,PB100083_D03,0.16555133
nyquist,SYTO,30,PB100083_D03,0.16379559
nyquist,SYTO,31,PB100083_D03,0.16192937
nyquist,SYTO,32,PB100083_D03,0.16360067
nyquist,SYTO,33,PB100083_D03,0.16656175
nyquist,SYTO,34,PB100083_D03,0.15979557
nyquist,SYTO,35,PB100083_D03,0.15574929
nyquist,SYTO,36,PB100083_D03,0.15954705
nyquist,SYTO,37,PB100083_D03,0.1573639
nyquist,SYTO,38,PB100083_D03,0.15546685
nyquist,SYTO,39,PB100083_D03,0.15405118
nyquist,SYTO,40,PB100083_D03,0.15450838
nyquist,SYTO,41,PB100083_D03,0.15287416
nyquist,SYTO,42,PB100083_D03,0.15592459
nyquist,SYTO,43,PB100083_D03,0.15522859
nyquist,SYTO,1,PB100083_E06,0.17029896
nyquist,SYTO,2,PB100083_E06,0.17849527
nyquist,SYTO,3,PB100083_E06,0.17876099
nyquist,SYTO,4,PB100083_E06,0.17949004
nyquist,SYTO,5,PB100083_E06,0.17984875
nyquist,SYTO,6,PB100083_E06,0.18209046
nyquist,SYTO,7,PB100083_E06,0.18475702
nyquist,SYTO,8,PB100083_E06,0.18420574
nyquist,SYTO,9,PB100083_E06,0.18688068
nyquist,SYTO,10,PB100083_E06,0.1880594
nyquist,SYTO,11,PB100083_E06,0.1898413
nyquist,SYTO,12,PB100083_E06,0.18939036
nyquist,SYTO,13,PB100083_E06,0.18150255
nyquist,SYTO,14,PB100083_E06,0.19006725
nyquist,SYTO,15,PB100083_E06,0.18950236
nyquist,SYTO,16,PB100083_E06,0.19114974
nyquist,SYTO,17,PB100083_E06,0.18782568
nyquist,SYTO,18,PB100083_E06,0.18942915
nyquist,SYTO,19,PB100083_E06,0.18543905
nyquist,SYTO,20,PB100083_E06,0.18226558
nyquist,SYTO,21,PB100083_E06,0.1827343
nyquist,SYTO,22,PB100083_E06,0.17917843
nyquist,SYTO,23,PB100083_E06,0.17928465
nyquist,SYTO,24,PB100083_E06,0.17983706
nyquist,SYTO,25,PB100083_E06,0.17512959
nyquist,SYTO,26,PB100083_E06,0.17285578
nyquist,SYTO,27,PB100083_E06,0.17002386
nyquist,SYTO,28,PB100083_E06,0.17818505
nyquist,SYTO,29,PB100083_E06,0.18146911
nyquist,SYTO,30,PB100083_E06,0.17701873
nyquist,SYTO,31,PB100083_E06,0.17012402
nyquist,SYTO,32,PB100083_E06,0.16756369
nyquist,SYTO,33,PB100083_E06,0.1725213
nyquist,SYTO,34,PB100083_E06,0.16845143
nyquist,SYTO,35,PB100083_E06,0.17126632
nyquist,SYTO,36,PB100083_E06,0.17668815
nyquist,SYTO,37,PB100083_E06,0.17871302
nyquist,SYTO,38,PB100083_E06,0.17273566
nyquist,SYTO,39,PB100083_E06,0.17390506
nyquist,SYTO,40,PB100083_E06,0.17077905
nyquist,SYTO,41,PB100083_E06,0.16711193
nyquist,SYTO,42,PB100083_E06,0.16726299
nyquist,SYTO,43,PB100083_E06,0.16529159
nyquist,SYTO,0,PB100083_F01,0.17035288
nyquist,SYTO,1,PB100083_F01,0.16621612
nyquist,SYTO,2,PB100083_F01,0.16304979
nyquist,SYTO,3,PB100083_F01,0.16333356
nyquist,SYTO,4,PB100083_F01,0.16499236
nyquist,SYTO,5,PB100083_F01,0.16682933
nyquist,SYTO,6,PB100083_F01,0.1671381
nyquist,SYTO,7,PB100083_F01,0.16862217
nyquist,SYTO,8,PB100083_F01,0.16982234
nyquist,SYTO,9,PB100083_F01,0.17088804
nyquist,SYTO,10,PB100083_F01,0.17432636
nyquist,SYTO,11,PB100083_F01,0.17560947
nyquist,SYTO,12,PB100083_F01,0.1765597
nyquist,SYTO,13,PB100083_F01,0.17238466
nyquist,SYTO,14,PB100083_F01,0.17435601
nyquist,SYTO,15,PB100083_F01,0.16986737
nyquist,SYTO,16,PB100083_F01,0.17010576
nyquist,SYTO,17,PB100083_F01,0.16710702
nyquist,SYTO,18,PB100083_F01,0.16536371
nyquist,SYTO,19,PB100083_F01,0.16718698
nyquist,SYTO,20,PB100083_F01,0.16618858
nyquist,SYTO,21,PB100083_F01,0.16357504
nyquist,SYTO,22,PB100083_F01,0.1602122
nyquist,SYTO,23,PB100083_F01,0.15723
nyquist,SYTO,24,PB100083_F01,0.15669984
nyquist,SYTO,25,PB100083_F01,0.15856199
nyquist,SYTO,26,PB100083_F01,0.1576438
nyquist,SYTO,27,PB100083_F01,0.15848911
nyquist,SYTO,28,PB100083_F01,0.15753196
nyquist,SYTO,29,PB100083_F01,0.15562533
nyquist,SYTO,30,PB100083_F01,0.15588461
nyquist,SYTO,31,PB100083_F01,0.1512675
nyquist,SYTO,32,PB100083_F01,0.15659413
nyquist,SYTO,33,PB100083_F01,0.15437633
nyquist,SYTO,34,PB100083_F01,0.15271455
nyquist,SYTO,35,PB100083_F01,0.1452147
nyquist,SYTO,36,PB100083_F01,0.14623973
nyquist,SYTO,37,PB100083_F01,0.14090317
nyquist,SYTO,38,PB100083_F01,0.13907856
nyquist,SYTO,39,PB100083_F01,0.13937697
nyquist,SYTO,40,PB100083_F01,0.13458045
nyquist,SYTO,41,PB100083_F01,0.14088869
nyquist,SYTO,42,PB100083_F01,0.13991693
nyquist,SYTO,43,PB100083_F01,0.13826022
nyquist,SYTO,0,PB100083_G04,0.1862637
nyquist,SYTO,1,PB100083_G04,0.18895456
nyquist,SYTO,2,PB100083_G04,0.19230613
nyquist,SYTO,3,PB100083_G04,0.1950218
nyquist,SYTO,4,PB100083_G04,0.20202634
nyquist,SYTO,5,PB100083_G04,0.20900467
nyquist,SYTO,6,PB100083_G04,0.2229216
nyquist,SYTO,7,PB100083_G04,0.21997747
nyquist,SYTO,8,PB100083_G04,0.22924785
nyquist,SYTO,9,PB100083_G04,0.23460855
nyquist,SYTO,10,PB100083_G04,0.23917493
nyquist,SYTO,11,PB100083_G04,0.24331957
nyquist,SYTO,12,PB100083_G04,0.24465558
nyquist,SYTO,13,PB100083_G04,0.24771848
nyquist,SYTO,14,PB100083_G04,0.24698734
nyquist,SYTO,15,PB100083_G04,0.24521747
nyquist,SYTO,16,PB100083_G04,0.24698937
nyquist,SYTO,17,PB100083_G04,0.2496651
nyquist,SYTO,18,PB100083_G04,0.24697252
nyquist,SYTO,19,PB100083_G04,0.24323471
nyquist,SYTO,20,PB100083_G04,0.23610571
nyquist,SYTO,21,PB100083_G04,0.23213762
nyquist,SYTO,22,PB100083_G04,0.23632684
nyquist,SYTO,23,PB100083_G04,0.23648217
nyquist,SYTO,24,PB100083_G04,0.238342
nyquist,SYTO,25,PB100083_G04,0.23733205
nyquist,SYTO,26,PB100083_G04,0.23063757
nyquist,SYTO,27,PB100083_G04,0.22052217
nyquist,SYTO,28,PB100083_G04,0.22341955
nyquist,SYTO,29,PB100083_G04,0.22630598
nyquist,SYTO,30,PB100083_G04,0.22918494
nyquist,SYTO,31,PB100083_G04,0.22316954
nyquist,SYTO,32,PB100083_G04,0.21784857
nyquist,SYTO,33,PB100083_G04,0.22053993
nyquist,SYTO,34,PB100083_G04,0.21717758
nyquist,SYTO,35,PB100083_G04,0.22140807
nyquist,SYTO,36,PB100083_G04,0.22084576
nyquist,SYTO,37,PB100083_G04,0.2210499
nyquist,SYTO,38,PB100083_G04,0.21955816
nyquist,SYTO,39,PB100083_G04,0.22340368
nyquist,SYTO,40,PB100083_G04,0.22420698
nyquist,SYTO,41,PB100083_G04,0.22477385
nyquist,SYTO,42,PB100083_G04,0.21325965
nyquist,SYTO,43,PB100083_G04,0.21395077
nyquist,SYTO,0,PB100083_H01,0.17204784
nyquist,SYTO,1,PB100083_H01,0.17420769
nyquist,SYTO,2,PB100083_H01,0.17531484
nyquist,SYTO,3,PB100083_H01,0.17922875
nyquist,SYTO,4,PB100083_H01,0.1777809
nyquist,SYTO,5,PB100083_H01,0.18175395
nyquist,SYTO,6,PB100083_H01,0.18155272
nyquist,SYTO,7,PB100083_H01,0.18151335
nyquist,SYTO,8,PB100083_H01,0.1852662
nyquist,SYTO,9,PB100083_H01,0.18118493
nyquist,SYTO,10,PB100083_H01,0.18360199
nyquist,SYTO,11,PB100083_H01,0.1814976
nyquist,SYTO,12,PB100083_H01,0.1854063
nyquist,SYTO,13,PB100083_H01,0.18656695
nyquist,SYTO,14,PB100083_H01,0.18547742
nyquist,SYTO,15,PB100083_H01,0.18388702
nyquist,SYTO,16,PB100083_H01,0.18108702
nyquist,SYTO,17,PB100083_H01,0.17934032
nyquist,SYTO,18,PB100083_H01,0.17872533
nyquist,SYTO,19,PB100083_H01,0.17926402
nyquist,SYTO,20,PB100083_H01,0.17911704
nyquist,SYTO,21,PB100083_H01,0.17688897
nyquist,SYTO,22,PB100083_H01,0.17564927
nyquist,SYTO,23,PB100083_H01,0.17154995
nyquist,SYTO,24,PB100083_H01,0.170474
nyquist,SYTO,25,PB100083_H01,0.17063455
nyquist,SYTO,26,PB100083_H01,0.16900396
nyquist,SYTO,27,PB100083_H01,0.16399729
nyquist,SYTO,28,PB100083_H01,0.16151473
nyquist,SYTO,29,PB100083_H01,0.16245736
nyquist,SYTO,30,PB100083_H01,0.15800473
nyquist,SYTO,31,PB100083_H01,0.16069216
nyquist,SYTO,32,PB100083_H01,0.16033879
nyquist,SYTO,33,PB100083_H01,0.15875438
nyquist,SYTO,34,PB100083_H01,0.15431471
nyquist,SYTO,35,PB100083_H01,0.15534207
nyquist,SYTO,36,PB100083_H01,0.15571856
nyquist,SYTO,37,PB100083_H01,0.15696016
nyquist,SYTO,38,PB100083_H01,0.15253869
nyquist,SYTO,39,PB100083_H01,0.15084243
nyquist,SYTO,40,PB100083_H01,0.15369062
nyquist,SYTO,41,PB100083_H01,0.14917105
nyquist,SYTO,42,PB100083_H01,0.14980948
nyquist,SYTO,43,PB100083_H01,0.14899853
nyquist,SYTO,0,PB100083_H07,0.16376564
nyquist,SYTO,1,PB100083_H07,0.16569453
nyquist,SYTO,2,PB100083_H07,0.16580194
nyquist,SYTO,3,PB100083_H07,0.16362283
nyquist,SYTO,4,PB100083_H07,0.16785605
nyquist,SYTO,5,PB100083_H07,0.16736594
nyquist,SYTO,6,PB100083_H07,0.1679647
nyquist,SYTO,7,PB100083_H07,0.16825922
nyquist,SYTO,8,PB100083_H07,0.16736946
nyquist,SYTO,9,PB100083_H07,0.16920559
nyquist,SYTO,10,PB100083_H07,0.16839999
nyquist,SYTO,11,PB100083_H07,0.17033637
nyquist,SYTO,12,PB100083_H07,0.16852948
nyquist,SYTO,13,PB100083_H07,0.1653967
nyquist,SYTO,14,PB100083_H07,0.16493645
nyquist,SYTO,15,PB100083_H07,0.16276053
nyquist,SYTO,16,PB100083_H07,0.16016378
nyquist,SYTO,17,PB100083_H07,0.1598159
nyquist,SYTO,18,PB100083_H07,0.16204536
nyquist,SYTO,19,PB100083_H07,0.16241826
nyquist,SYTO,20,PB100083_H07,0.16275728
nyquist,SYTO,21,PB100083_H07,0.16259478
nyquist,SYTO,22,PB100083_H07,0.15762785
nyquist,SYTO,23,PB100083_H07,0.15694687
nyquist,SYTO,24,PB100083_H07,0.15974072
nyquist,SYTO,25,PB100083_H07,0.15974958
nyquist,SYTO,26,PB100083_H07,0.15972012
nyquist,SYTO,27,PB100083_H07,0.15958318
nyquist,SYTO,28,PB100083_H07,0.15656704
nyquist,SYTO,29,PB100083_H07,0.15845108
nyquist,SYTO,30,PB100083_H07,0.1570574
nyquist,SYTO,31,PB100083_H07,0.154062
nyquist,SYTO,32,PB100083_H07,0.15727949
nyquist,SYTO,33,PB100083_H07,0.15752843
nyquist,SYTO,34,PB100083_H07,0.15754125
nyquist,SYTO,35,PB100083_H07,0.15303582
nyquist,SYTO,36,PB100083_H07,0.15460482
nyquist,SYTO,37,PB100083_H07,0.15074621
nyquist,SYTO,38,PB100083_H07,0.15607727
nyquist,SYTO,39,PB100083_H07,0.14900132
nyquist,SYTO,40,PB100083_H07,0.14862949
nyquist,SYTO,41,PB100083_H07,0.14779869
nyquist,SYTO,42,PB100083_H07,0.14212951
nyquist,SYTO,43,PB100083_H07,0.1478168
v1,HOECHST,0,PB000137_B22,0.012604278
v1,HOECHST,1,PB000137_B22,0.012566501
v1,HOECHST,2,PB000137_B22,0.013083294
v1,HOECHST,3,PB000137_B22,0.012877506
v1,HOECHST,4,PB000137_B22,0.012943439
v1,HOECHST,5,PB000137_B22,0.013058083
v1,HOECHST,6,PB000137_B22,0.013239338
v1,HOECHST,7,PB000137_B22,0.012431156
v1,HOECHST,8,PB000137_B22,0.012067245
v1,HOECHST,9,PB000137_B22,0.011586373
v1,HOECHST,10,PB000137_B22,0.011835614
v1,HOECHST,11,PB000137_B22,0.011733145
v1,HOECHST,0,PB000137_C05,0.014288817
v1,HOECHST,1,PB000137_C05,0.015886312
v1,HOECHST,2,PB000137_C05,0.016307194
v1,HOECHST,3,PB000137_C05,0.015949339
v1,HOECHST,4,PB000137_C05,0.015182478
v1,HOECHST,5,PB000137_C05,0.014105024
v1,HOECHST,6,PB000137_C05,0.013546717
v1,HOECHST,7,PB000137_C05,0.013037328
v1,HOECHST,8,PB000137_C05,0.0124671245
v1,HOECHST,9,PB000137_C05,0.011836106
v1,HOECHST,10,PB000137_C05,0.011467829
v1,HOECHST,11,PB000137_C05,0.011348894
v1,HOECHST,0,PB000137_D12,0.014782291
v1,HOECHST,1,PB000137_D12,0.017500084
v1,HOECHST,2,PB000137_D12,0.018007074
v1,HOECHST,3,PB000137_D12,0.018282976
v1,HOECHST,4,PB000137_D12,0.017953722
v1,HOECHST,5,PB000137_D12,0.017160874
v1,HOECHST,6,PB000137_D12,0.016216964
v1,HOECHST,7,PB000137_D12,0.015631672
v1,HOECHST,8,PB000137_D12,0.014848373
v1,HOECHST,9,PB000137_D12,0.013909405
v1,HOECHST,10,PB000137_D12,0.013242284
v1,HOECHST,11,PB000137_D12,0.012333913
v1,HOECHST,0,PB000137_E16,0.012551717
v1,HOECHST,1,PB000137_E16,0.01355245
v1,HOECHST,2,PB000137_E16,0.014443426
v1,HOECHST,3,PB000137_E16,0.013961084
v1,HOECHST,4,PB000137_E16,0.013289857
v1,HOECHST,5,PB000137_E16,0.013260344
v1,HOECHST,6,PB000137_E16,0.013017498
v1,HOECHST,7,PB000137_E16,0.012479828
v1,HOECHST,8,PB000137_E16,0.012360858
v1,HOECHST,9,PB000137_E16,0.0119968075
v1,HOECHST,10,PB000137_E16,0.011685712
v1,HOECHST,11,PB000137_E16,0.010889901
v1,HOECHST,0,PB000137_F06,0.010174857
v1,HOECHST,1,PB000137_F06,0.010897692
v1,HOECHST,2,PB000137_F06,0.011893919
v1,HOECHST,3,PB000137_F06,0.011807106
v1,HOECHST,4,PB000137_F06,0.01211302
v1,HOECHST,5,PB000137_F06,0.012065231
v1,HOECHST,6,PB000137_F06,0.01175795
v1,HOECHST,7,PB000137_F06,0.011310775
v1,HOECHST,8,PB000137_F06,0.010918032
v1,HOECHST,9,PB000137_F06,0.010686661
v1,HOECHST,10,PB000137_F06,0.010153545
v1,HOECHST,11,PB000137_F06,0.00992972
v1,HOECHST,0,PB000137_F20,0.01164018
v1,HOECHST,1,PB000137_F20,0.013676878
v1,HOECHST,2,PB000137_F20,0.014678264
v1,HOECHST,3,PB000137_F20,0.014587975
v1,HOECHST,4,PB000137_F20,0.014397632
v1,HOECHST,5,PB000137_F20,0.0136056
v1,HOECHST,6,PB000137_F20,0.013061866
v1,HOECHST,7,PB000137_F20,0.012491153
v1,HOECHST,8,PB000137_F20,0.012275357
v1,HOECHST,9,PB000137_F20,0.0117997695
v1,HOECHST,10,PB000137_F20,0.011350033
v1,HOECHST,11,PB000137_F20,0.011094173
v1,HOECHST,0,PB000137_G02,0.009708853
v1,HOECHST,1,PB000137_G02,0.0103584565
v1,HOECHST,2,PB000137_G02,0.011417415
v1,HOECHST,3,PB000137_G02,0.011669515
v1,HOECHST,4,PB000137_G02,0.011370261
v1,HOECHST,5,PB000137_G02,0.010754913
v1,HOECHST,6,PB000137_G02,0.01067433
v1,HOECHST,7,PB000137_G02,0.010743234
v1,HOECHST,8,PB000137_G02,0.010468682
v1,HOECHST,9,PB000137_G02,0.010096857
v1,HOECHST,10,PB000137_G02,0.00993891
v1,HOECHST,11,PB000137_G02,0.009575518
v1,HOECHST,0,PB000137_G13,0.014065564
v1,HOECHST,1,PB000137_G13,0.015535612
v1,HOECHST,2,PB000137_G13,0.015596477
v1,HOECHST,3,PB000137_G13,0.015177428
v1,HOECHST,4,PB000137_G13,0.014830753
v1,HOECHST,5,PB000137_G13,0.014473769
v1,HOECHST,6,PB000137_G13,0.013618102
v1,HOECHST,7,PB000137_G13,0.013177622
v1,HOECHST,8,PB000137_G13,0.0127155585
v1,HOECHST,9,PB000137_G13,0.012108308
v1,HOECHST,10,PB000137_G13,0.012063473
v1,HOECHST,11,PB000137_G13,0.011681462
v1,HOECHST,0,PB000137_H10,0.012080818
v1,HOECHST,1,PB000137_H10,0.012056207
v1,HOECHST,2,PB000137_H10,0.013924089
v1,HOECHST,3,PB000137_H10,0.014136139
v1,HOECHST,4,PB000137_H10,0.013674769
v1,HOECHST,5,PB000137_H10,0.013565948
v1,HOECHST,6,PB000137_H10,0.013543695
v1,HOECHST,7,PB000137_H10,0.012682879
v1,HOECHST,8,PB000137_H10,0.012319082
v1,HOECHST,9,PB000137_H10,0.012082025
v1,HOECHST,10,PB000137_H10,0.012040667
v1,HOECHST,11,PB000137_H10,0.011558057
v1,HOECHST,0,PB000137_H17,0.012221197
v1,HOECHST,1,PB000137_H17,0.014293652
v1,HOECHST,2,PB000137_H17,0.015264779
v1,HOECHST,3,PB000137_H17,0.016064454
v1,HOECHST,4,PB000137_H17,0.016046567
v1,HOECHST,5,PB000137_H17,0.015210838
v1,HOECHST,6,PB000137_H17,0.0146130305
v1,HOECHST,7,PB000137_H17,0.014017591
v1,HOECHST,8,PB000137_H17,0.013736891
v1,HOECHST,9,PB000137_H17,0.013091116
v1,HOECHST,10,PB000137_H17,0.012591791
v1,HOECHST,11,PB000137_H17,0.012303981
v1,HOECHST,0,PB000137_I21,0.012822758
v1,HOECHST,1,PB000137_I21,0.013032796
v1,HOECHST,2,PB000137_I21,0.013850294
v1,HOECHST,3,PB000137_I21,0.013957501
v1,HOECHST,4,PB000137_I21,0.013629975
v1,HOECHST,5,PB000137_I21,0.013149857
v1,HOECHST,6,PB000137_I21,0.012835028
v1,HOECHST,7,PB000137_I21,0.012517537
v1,HOECHST,8,PB000137_I21,0.01212938
v1,HOECHST,9,PB000137_I21,0.011896345
v1,HOECHST,10,PB000137_I21,0.01124638
v1,HOECHST,11,PB000137_I21,0.010962532
v1,HOECHST,0,PB000137_J03,0.01658501
v1,HOECHST,1,PB000137_J03,0.016923547
v1,HOECHST,2,PB000137_J03,0.017121835
v1,HOECHST,3,PB000137_J03,0.016867328
v1,HOECHST,4,PB000137_J03,0.016549043
v1,HOECHST,5,PB000137_J03,0.015415026
v1,HOECHST,6,PB000137_J03,0.014278419
v1,HOECHST,7,PB000137_J03,0.01389789
v1,HOECHST,8,PB000137_J03,0.0131326
v1,HOECHST,9,PB000137_J03,0.012414463
v1,HOECHST,10,PB000137_J03,0.01155507
v1,HOECHST,11,PB000137_J03,0.011249467
v1,HOECHST,0,PB000137_J14,0.010629876
v1,HOECHST,1,PB000137_J14,0.014731979
v1,HOECHST,2,PB000137_J14,0.016436031
v1,HOECHST,3,PB000137_J14,0.016954297
v1,HOECHST,4,PB000137_J14,0.016935054
v1,HOECHST,5,PB000137_J14,0.016777512
v1,HOECHST,6,PB000137_J14,0.016538477
v1,HOECHST,7,PB000137_J14,0.015880384
v1,HOECHST,8,PB000137_J14,0.014987777
v1,HOECHST,9,PB000137_J14,0.014466735
v1,HOECHST,10,PB000137_J14,0.013707477
v1,HOECHST,11,PB000137_J14,0.012792461
v1,HOECHST,0,PB000137_K11,0.012429536
v1,HOECHST,1,PB000137_K11,0.013042647
v1,HOECHST,2,PB000137_K11,0.013284902
v1,HOECHST,3,PB000137_K11,0.0140590565
v1,HOECHST,4,PB000137_K11,0.01415065
v1,HOECHST,5,PB000137_K11,0.013775572
v1,HOECHST,6,PB000137_K11,0.013396299
v1,HOECHST,7,PB000137_K11,0.013226628
v1,HOECHST,8,PB000137_K11,0.012840215
v1,HOECHST,9,PB000137_K11,0.012554609
v1,HOECHST,10,PB000137_K11,0.012138775
v1,HOECHST,11,PB000137_K11,0.011581169
v1,HOECHST,0,PB000137_L07,0.012028005
v1,HOECHST,1,PB000137_L07,0.012603011
v1,HOECHST,2,PB000137_L07,0.012126596
v1,HOECHST,3,PB000137_L07,0.012394229
v1,HOECHST,4,PB000137_L07,0.012110772
v1,HOECHST,5,PB000137_L07,0.011889381
v1,HOECHST,6,PB000137_L07,0.011759589
v1,HOECHST,7,PB000137_L07,0.011394293
v1,HOECHST,8,PB000137_L07,0.011008523
v1,HOECHST,9,PB000137_L07,0.010791181
v1,HOECHST,10,PB000137_L07,0.010512695
v1,HOECHST,11,PB000137_L07,0.010101611
v1,HOECHST,0,PB000137_L18,0.015325793
v1,HOECHST,1,PB000137_L18,0.01647994
v1,HOECHST,2,PB000137_L18,0.016893573
v1,HOECHST,3,PB000137_L18,0.016506514
v1,HOECHST,4,PB000137_L18,0.015711494
v1,HOECHST,5,PB000137_L18,0.015019507
v1,HOECHST,6,PB000137_L18,0.014479891
v1,HOECHST,7,PB000137_L18,0.013626566
v1,HOECHST,8,PB000137_L18,0.013138075
v1,HOECHST,9,PB000137_L18,0.012576146
v1,HOECHST,10,PB000137_L18,0.012350615
v1,HOECHST,11,PB000137_L18,0.011873239
v1,HOECHST,0,PB000137_M23,0.013296984
v1,HOECHST,1,PB000137_M23,0.017340166
v1,HOECHST,2,PB000137_M23,0.019341001
v1,HOECHST,3,PB000137_M23,0.018665887
v1,HOECHST,4,PB000137_M23,0.01882409
v1,HOECHST,5,PB000137_M23,0.018057447
v1,HOECHST,6,PB000137_M23,0.017515454
v1,HOECHST,7,PB000137_M23,0.016885562
v1,HOECHST,8,PB000137_M23,0.016075969
v1,HOECHST,9,PB000137_M23,0.015244519
v1,HOECHST,10,PB000137_M23,0.01464122
v1,HOECHST,11,PB000137_M23,0.0141885225
v1,HOECHST,0,PB000137_N15,0.011494418
v1,HOECHST,1,PB000137_N15,0.012090006
v1,HOECHST,2,PB000137_N15,0.012548516
v1,HOECHST,3,PB000137_N15,0.01326992
v1,HOECHST,4,PB000137_N15,0.013263462
v1,HOECHST,5,PB000137_N15,0.013092035
v1,HOECHST,6,PB000137_N15,0.013138441
v1,HOECHST,7,PB000137_N15,0.012927516
v1,HOECHST,8,PB000137_N15,0.012202434
v1,HOECHST,9,PB000137_N15,0.011909538
v1,HOECHST,10,PB000137_N15,0.011758188
v1,HOECHST,11,PB000137_N15,0.011457031
v1,HOECHST,0,PB000137_O09,0.01449189
v1,HOECHST,1,PB000137_O09,0.017681736
v1,HOECHST,2,PB000137_O09,0.018242808
v1,HOECHST,3,PB000137_O09,0.018542513
v1,HOECHST,4,PB000137_O09,0.018417303
v1,HOECHST,5,PB000137_O09,0.01820034
v1,HOECHST,6,PB000137_O09,0.017369885
v1,HOECHST,7,PB000137_O09,0.016680403
v1,HOECHST,8,PB000137_O09,0.016253345
v1,HOECHST,9,PB000137_O09,0.015206416
v1,HOECHST,10,PB000137_O09,0.014765971
v1,HOECHST,11,PB000137_O09,0.014120079
v1,HOECHST,0,PB000138_B22,0.012575986
v1,HOECHST,1,PB000138_B22,0.015600266
v1,HOECHST,2,PB000138_B22,0.015956976
v1,HOECHST,3,PB000138_B22,0.015154739
v1,HOECHST,4,PB000138_B22,0.013710956
v1,HOECHST,5,PB000138_B22,0.013186764
v1,HOECHST,6,PB000138_B22,0.012957216
v1,HOECHST,7,PB000138_B22,0.012448642
v1,HOECHST,8,PB000138_B22,0.01220589
v1,HOECHST,9,PB000138_B22,0.011916675
v1,HOECHST,10,PB000138_B22,0.0116896825
v1,HOECHST,11,PB000138_B22,0.011829165
v1,HOECHST,0,PB000138_C05,0.015715966
v1,HOECHST,1,PB000138_C05,0.017193085
v1,HOECHST,2,PB000138_C05,0.017673796
v1,HOECHST,3,PB000138_C05,0.017175585
v1,HOECHST,4,PB000138_C05,0.016110126
v1,HOECHST,5,PB000138_C05,0.015892878
v1,HOECHST,6,PB000138_C05,0.0150354095
v1,HOECHST,7,PB000138_C05,0.014516126
v1,HOECHST,8,PB000138_C05,0.013924904
v1,HOECHST,9,PB000138_C05,0.013141865
v1,HOECHST,10,PB000138_C05,0.012889051
v1,HOECHST,11,PB000138_C05,0.012430533
v1,HOECHST,0,PB000138_D12,0.01623556
v1,HOECHST,1,PB000138_D12,0.017497923
v1,HOECHST,2,PB000138_D12,0.01923104
v1,HOECHST,3,PB000138_D12,0.021211311
v1,HOECHST,4,PB000138_D12,0.01992715
v1,HOECHST,5,PB000138_D12,0.019321674
v1,HOECHST,6,PB000138_D12,0.018634018
v1,HOECHST,7,PB000138_D12,0.018447964
v1,HOECHST,8,PB000138_D12,0.017319974
v1,HOECHST,9,PB000138_D12,0.016315734
v1,HOECHST,10,PB000138_D12,0.015498398
v1,HOECHST,11,PB000138_D12,0.014888379
v1,HOECHST,0,PB000138_E16,0.01098402
v1,HOECHST,1,PB000138_E16,0.012985674
v1,HOECHST,2,PB000138_E16,0.018134465
v1,HOECHST,3,PB000138_E16,0.019053163
v1,HOECHST,4,PB000138_E16,0.019253045
v1,HOECHST,5,PB000138_E16,0.019209426
v1,HOECHST,6,PB000138_E16,0.018501945
v1,HOECHST,7,PB000138_E16,0.017987015
v1,HOECHST,8,PB000138_E16,0.017435748
v1,HOECHST,9,PB000138_E16,0.015829407
v1,HOECHST,10,PB000138_E16,0.014888799
v1,HOECHST,11,PB000138_E16,0.014412854
v1,HOECHST,0,PB000138_F06,0.011315002
v1,HOECHST,1,PB000138_F06,0.015236745
v1,HOECHST,2,PB000138_F06,0.01595568
v1,HOECHST,3,PB000138_F06,0.018184988
v1,HOECHST,4,PB000138_F06,0.01841329
v1,HOECHST,5,PB000138_F06,0.017819796
v1,HOECHST,6,PB000138_F06,0.017027555
v1,HOECHST,7,PB000138_F06,0.016408965
v1,HOECHST,8,PB000138_F06,0.015328065
v1,HOECHST,9,PB000138_F06,0.015233908
v1,HOECHST,10,PB000138_F06,0.013805837
v1,HOECHST,11,PB000138_F06,0.013108062
v1,HOECHST,0,PB000138_F20,0.012606989
v1,HOECHST,1,PB000138_F20,0.0152064245
v1,HOECHST,2,PB000138_F20,0.01752359
v1,HOECHST,3,PB000138_F20,0.017654564
v1,HOECHST,4,PB000138_F20,0.018105252
v1,HOECHST,5,PB000138_F20,0.017631605
v1,HOECHST,6,PB000138_F20,0.016983762
v1,HOECHST,7,PB000138_F20,0.016311605
v1,HOECHST,8,PB000138_F20,0.015833642
v1,HOECHST,9,PB000138_F20,0.014592983
v1,HOECHST,10,PB000138_F20,0.01393798
v1,HOECHST,11,PB000138_F20,0.013494638
v1,HOECHST,0,PB000138_G02,0.016285367
v1,HOECHST,1,PB000138_G02,0.017350396
v1,HOECHST,2,PB000138_G02,0.016916946
v1,HOECHST,3,PB000138_G02,0.016678363
v1,HOECHST,4,PB000138_G02,0.016798433
v1,HOECHST,5,PB000138_G02,0.015698386
v1,HOECHST,6,PB000138_G02,0.0162936
v1,HOECHST,7,PB000138_G02,0.015070898
v1,HOECHST,8,PB000138_G02,0.0145266
v1,HOECHST,9,PB000138_G02,0.013857686
v1,HOECHST,10,PB000138_G02,0.013435521
v1,HOECHST,11,PB000138_G02,0.013416743
v1,HOECHST,0,PB000138_G13,0.012685498
v1,HOECHST,1,PB000138_G13,0.017027473
v1,HOECHST,2,PB000138_G13,0.020000871
v1,HOECHST,3,PB000138_G13,0.019265125
v1,HOECHST,4,PB000138_G13,0.02006214
v1,HOECHST,5,PB000138_G13,0.019520484
v1,HOECHST,6,PB000138_G13,0.018431198
v1,HOECHST,7,PB000138_G13,0.017831912
v1,HOECHST,8,PB000138_G13,0.01701166
v1,HOECHST,9,PB000138_G13,0.016153816
v1,HOECHST,10,PB000138_G13,0.015444672
v1,HOECHST,11,PB000138_G13,0.014432914
v1,HOECHST,0,PB000138_H10,0.013687393
v1,HOECHST,1,PB000138_H10,0.016275689
v1,HOECHST,2,PB000138_H10,0.01931371
v1,HOECHST,3,PB000138_H10,0.02066957
v1,HOECHST,4,PB000138_H10,0.019536417
v1,HOECHST,5,PB000138_H10,0.019060591
v1,HOECHST,6,PB000138_H10,0.018311065
v1,HOECHST,7,PB000138_H10,0.017849252
v1,HOECHST,8,PB000138_H10,0.016916955
v1,HOECHST,9,PB000138_H10,0.016150944
v1,HOECHST,10,PB000138_H10,0.015132651
v1,HOECHST,11,PB000138_H10,0.014675395
v1,HOECHST,0,PB000138_H17,0.009419038
v1,HOECHST,1,PB000138_H17,0.010224963
v1,HOECHST,2,PB000138_H17,0.010358084
v1,HOECHST,3,PB000138_H17,0.009781793
v1,HOECHST,4,PB000138_H17,0.00979307
v1,HOECHST,5,PB000138_H17,0.009500341
v1,HOECHST,6,PB000138_H17,0.009795041
v1,HOECHST,7,PB000138_H17,0.008767896
v1,HOECHST,8,PB000138_H17,0.012462422
v1,HOECHST,9,PB000138_H17,0.012162082
v1,HOECHST,10,PB000138_H17,0.012318565
v1,HOECHST,11,PB000138_H17,0.011717724
v1,HOECHST,0,PB000138_I21,0.012875048
v1,HOECHST,1,PB000138_I21,0.012800093
v1,HOECHST,2,PB000138_I21,0.013605779
v1,HOECHST,3,PB000138_I21,0.014525459
v1,HOECHST,4,PB000138_I21,0.014405745
v1,HOECHST,5,PB000138_I21,0.013774447
v1,HOECHST,6,PB000138_I21,0.013580424
v1,HOECHST,7,PB000138_I21,0.012808073
v1,HOECHST,8,PB000138_I21,0.012609187
v1,HOECHST,9,PB000138_I21,0.012329997
v1,HOECHST,10,PB000138_I21,0.011889255
v1,HOECHST,11,PB000138_I21,0.011768558
v1,HOECHST,0,PB000138_J03,0.015141704
v1,HOECHST,1,PB000138_J03,0.016934507
v1,HOECHST,2,PB000138_J03,0.016575867
v1,HOECHST,3,PB000138_J03,0.016696852
v1,HOECHST,4,PB000138_J03,0.01624343
v1,HOECHST,5,PB000138_J03,0.01528147
v1,HOECHST,6,PB000138_J03,0.015010677
v1,HOECHST,7,PB000138_J03,0.014444363
v1,HOECHST,8,PB000138_J03,0.0135809565
v1,HOECHST,9,PB000138_J03,0.01289957
v1,HOECHST,10,PB000138_J03,0.012608148
v1,HOECHST,11,PB000138_J03,0.012207876
v1,HOECHST,0,PB000138_J14,0.012448661
v1,HOECHST,1,PB000138_J14,0.015771866
v1,HOECHST,2,PB000138_J14,0.019181218
v1,HOECHST,3,PB000138_J14,0.019009488
v1,HOECHST,4,PB000138_J14,0.019206483
v1,HOECHST,5,PB000138_J14,0.018447885
v1,HOECHST,6,PB000138_J14,0.017798249
v1,HOECHST,7,PB000138_J14,0.01712634
v1,HOECHST,8,PB000138_J14,0.01613336
v1,HOECHST,9,PB000138_J14,0.015158422
v1,HOECHST,10,PB000138_J14,0.014401276
v1,HOECHST,11,PB000138_J14,0.014141917
v1,HOECHST,0,PB000138_K11,0.008405772
v1,HOECHST,1,PB000138_K11,0.009705792
v1,HOECHST,2,PB000138_K11,0.009498011
v1,HOECHST,3,PB000138_K11,0.008923137
v1,HOECHST,4,PB000138_K11,0.008601494
v1,HOECHST,5,PB000138_K11,0.00885568
v1,HOECHST,6,PB000138_K11,0.008697784
v1,HOECHST,7,PB000138_K11,0.008494658
v1,HOECHST,8,PB000138_K11,0.008178983
v1,HOECHST,9,PB000138_K11,0.007876376
v1,HOECHST,10,PB000138_K11,0.00777584
v1,HOECHST,11,PB000138_K11,0.007915862
v1,HOECHST,0,PB000138_L07,0.018535126
v1,HOECHST,1,PB000138_L07,0.016883876
v1,HOECHST,2,PB000138_L07,0.018868908
v1,HOECHST,3,PB000138_L07,0.020288844
v1,HOECHST,4,PB000138_L07,0.019407788
v1,HOECHST,5,PB000138_L07,0.018715918
v1,HOECHST,6,PB000138_L07,0.01801045
v1,HOECHST,7,PB000138_L07,0.017198807
v1,HOECHST,8,PB000138_L07,0.016069196
v1,HOECHST,9,PB000138_L07,0.015342373
v1,HOECHST,10,PB000138_L07,0.014544722
v1,HOECHST,11,PB000138_L07,0.014247086
v1,HOECHST,0,PB000138_L18,0.016250633
v1,HOECHST,1,PB000138_L18,0.018009122
v1,HOECHST,2,PB000138_L18,0.018495997
v1,HOECHST,3,PB000138_L18,0.018582571
v1,HOECHST,4,PB000138_L18,0.018088095
v1,HOECHST,5,PB000138_L18,0.017278325
v1,HOECHST,6,PB000138_L18,0.01663724
v1,HOECHST,7,PB000138_L18,0.015518306
v1,HOECHST,8,PB000138_L18,0.014731919
v1,HOECHST,9,PB000138_L18,0.014076964
v1,HOECHST,10,PB000138_L18,0.0134525485
v1,HOECHST,11,PB000138_L18,0.013172655
v1,HOECHST,0,PB000138_M23,0.013564011
v1,HOECHST,1,PB000138_M23,0.01607175
v1,HOECHST,2,PB000138_M23,0.019859314
v1,HOECHST,3,PB000138_M23,0.019947011
v1,HOECHST,4,PB000138_M23,0.020600302
v1,HOECHST,5,PB000138_M23,0.019566916
v1,HOECHST,6,PB000138_M23,0.019018706
v1,HOECHST,7,PB000138_M23,0.018193938
v1,HOECHST,8,PB000138_M23,0.01736461
v1,HOECHST,9,PB000138_M23,0.016666567
v1,HOECHST,10,PB000138_M23,0.015833514
v1,HOECHST,11,PB000138_M23,0.015184084
v1,HOECHST,0,PB000138_N04,0.005828286
v1,HOECHST,1,PB000138_N04,0.0061567216
v1,HOECHST,2,PB000138_N04,0.0063773403
v1,HOECHST,3,PB000138_N04,0.0062862956
v1,HOECHST,4,PB000138_N04,0.0064132717
v1,HOECHST,5,PB000138_N04,0.006263123
v1,HOECHST,6,PB000138_N04,0.006135677
v1,HOECHST,7,PB000138_N04,0.0062680813
v1,HOECHST,8,PB000138_N04,0.00636765
v1,HOECHST,9,PB000138_N04,0.005808904
v1,HOECHST,10,PB000138_N04,0.0057244785
v1,HOECHST,11,PB000138_N04,0.0052308897
v1,HOECHST,0,PB000138_N15,0.019052103
v1,HOECHST,1,PB000138_N15,0.018876854
v1,HOECHST,2,PB000138_N15,0.01939437
v1,HOECHST,3,PB000138_N15,0.018901294
v1,HOECHST,4,PB000138_N15,0.018493928
v1,HOECHST,5,PB000138_N15,0.017486116
v1,HOECHST,6,PB000138_N15,0.016247448
v1,HOECHST,7,PB000138_N15,0.015268511
v1,HOECHST,8,PB000138_N15,0.0150874425
v1,HOECHST,9,PB000138_N15,0.014413275
v1,HOECHST,10,PB000138_N15,0.013633708
v1,HOECHST,11,PB000138_N15,0.013384761
v1,HOECHST,0,PB000138_O09,0.0062281983
v1,HOECHST,1,PB000138_O09,0.0077892747
v1,HOECHST,2,PB000138_O09,0.012973548
v1,HOECHST,3,PB000138_O09,0.012383644
v1,HOECHST,4,PB000138_O09,0.012295411
v1,HOECHST,5,PB000138_O09,0.011257015
v1,HOECHST,6,PB000138_O09,0.0107071325
v1,HOECHST,7,PB000138_O09,0.009908518
v1,HOECHST,8,PB000138_O09,0.009037569
v1,HOECHST,9,PB000138_O09,0.008270105
v1,HOECHST,10,PB000138_O09,0.0077139847
v1,HOECHST,11,PB000138_O09,0.007168098
v1,HOECHST,0,PB000139_B04,0.010376038
v1,HOECHST,1,PB000139_B04,0.012019222
v1,HOECHST,2,PB000139_B04,0.01267349
v1,HOECHST,3,PB000139_B04,0.013179076
v1,HOECHST,4,PB000139_B04,0.013229759
v1,HOECHST,5,PB000139_B04,0.012534536
v1,HOECHST,6,PB000139_B04,0.012813037
v1,HOECHST,7,PB000139_B04,0.012474525
v1,HOECHST,8,PB000139_B04,0.011671383
v1,HOECHST,9,PB000139_B04,0.011342451
v1,HOECHST,10,PB000139_B04,0.011041503
v1,HOECHST,11,PB000139_B04,0.010880483
v1,HOECHST,0,PB000139_C10,0.011234909
v1,HOECHST,1,PB000139_C10,0.011519079
v1,HOECHST,2,PB000139_C10,0.012237396
v1,HOECHST,3,PB000139_C10,0.011369804
v1,HOECHST,4,PB000139_C10,0.010907298
v1,HOECHST,5,PB000139_C10,0.01079607
v1,HOECHST,6,PB000139_C10,0.010512741
v1,HOECHST,7,PB000139_C10,0.010380643
v1,HOECHST,8,PB000139_C10,0.0099236965
v1,HOECHST,9,PB000139_C10,0.009663059
v1,HOECHST,10,PB000139_C10,0.009180104
v1,HOECHST,11,PB000139_C10,0.009176037
v1,HOECHST,0,PB000139_G03,0.012481978
v1,HOECHST,1,PB000139_G03,0.014407181
v1,HOECHST,2,PB000139_G03,0.01440226
v1,HOECHST,3,PB000139_G03,0.014180552
v1,HOECHST,4,PB000139_G03,0.014292
v1,HOECHST,5,PB000139_G03,0.013870338
v1,HOECHST,6,PB000139_G03,0.0136093255
v1,HOECHST,7,PB000139_G03,0.013140967
v1,HOECHST,8,PB000139_G03,0.012547204
v1,HOECHST,9,PB000139_G03,0.012091772
v1,HOECHST,10,PB000139_G03,0.011644997
v1,HOECHST,11,PB000139_G03,0.011406843
v1,HOECHST,0,PB000139_H12,0.017522406
v1,HOECHST,1,PB000139_H12,0.018020052
v1,HOECHST,2,PB000139_H12,0.018580582
v1,HOECHST,3,PB000139_H12,0.01782136
v1,HOECHST,4,PB000139_H12,0.017212493
v1,HOECHST,5,PB000139_H12,0.01632276
v1,HOECHST,6,PB000139_H12,0.016095666
v1,HOECHST,7,PB000139_H12,0.015026488
v1,HOECHST,8,PB000139_H12,0.014423905
v1,HOECHST,9,PB000139_H12,0.013707187
v1,HOECHST,10,PB000139_H12,0.012972718
v1,HOECHST,11,PB000139_H12,0.012868011
v1,HOECHST,0,PB000139_I06,0.010191363
v1,HOECHST,1,PB000139_I06,0.010855032
v1,HOECHST,2,PB000139_I06,0.011745465
v1,HOECHST,3,PB000139_I06,0.011979062
v1,HOECHST,4,PB000139_I06,0.011820313
v1,HOECHST,5,PB000139_I06,0.011559191
v1,HOECHST,6,PB000139_I06,0.011114448
v1,HOECHST,7,PB000139_I06,0.010992439
v1,HOECHST,8,PB000139_I06,0.010499574
v1,HOECHST,9,PB000139_I06,0.010215327
v1,HOECHST,10,PB000139_I06,0.009791687
v1,HOECHST,11,PB000139_I06,0.009550599
v1,HOECHST,0,PB000139_K09,0.012094516
v1,HOECHST,1,PB000139_K09,0.0127729
v1,HOECHST,2,PB000139_K09,0.013493326
v1,HOECHST,3,PB000139_K09,0.01400651
v1,HOECHST,4,PB000139_K09,0.013264154
v1,HOECHST,5,PB000139_K09,0.0134855
v1,HOECHST,6,PB000139_K09,0.0131086195
v1,HOECHST,7,PB000139_K09,0.012592187
v1,HOECHST,8,PB000139_K09,0.0118484255
v1,HOECHST,9,PB000139_K09,0.011469483
v1,HOECHST,10,PB000139_K09,0.011599476
v1,HOECHST,11,PB000139_K09,0.011263967
v1,HOECHST,0,PB000139_N05,0.0102448845
v1,HOECHST,1,PB000139_N05,0.011257689
v1,HOECHST,2,PB000139_N05,0.01179759
v1,HOECHST,3,PB000139_N05,0.012697623
v1,HOECHST,4,PB000139_N05,0.012620055
v1,HOECHST,5,PB000139_N05,0.012166197
v1,HOECHST,6,PB000139_N05,0.01227141
v1,HOECHST,7,PB000139_N05,0.011870604
v1,HOECHST,8,PB000139_N05,0.01153357
v1,HOECHST,9,PB000139_N05,0.0112776905
v1,HOECHST,10,PB000139_N05,0.010863181
v1,HOECHST,11,PB000139_N05,0.010722364
v1,HOECHST,0,PB000139_O07,0.010737855
v1,HOECHST,1,PB000139_O07,0.01097247
v1,HOECHST,2,PB000139_O07,0.011065297
v1,HOECHST,3,PB000139_O07,0.010974659
v1,HOECHST,4,PB000139_O07,0.011094086
v1,HOECHST,5,PB000139_O07,0.010827694
v1,HOECHST,6,PB000139_O07,0.010466555
v1,HOECHST,7,PB000139_O07,0.0102679655
v1,HOECHST,8,PB000139_O07,0.010147214
v1,HOECHST,9,PB000139_O07,0.009882737
v1,HOECHST,10,PB000139_O07,0.009866001
v1,HOECHST,11,PB000139_O07,0.009696482
v1,HOECHST,0,PB000139_O11,0.0109717585
v1,HOECHST,1,PB000139_O11,0.012398412
v1,HOECHST,2,PB000139_O11,0.0142789595
v1,HOECHST,3,PB000139_O11,0.01504026
v1,HOECHST,4,PB000139_O11,0.015309112
v1,HOECHST,5,PB000139_O11,0.014561122
v1,HOECHST,6,PB000139_O11,0.01387708
v1,HOECHST,7,PB000139_O11,0.013311111
v1,HOECHST,8,PB000139_O11,0.012681428
v1,HOECHST,9,PB000139_O11,0.012236883
v1,HOECHST,10,PB000139_O11,0.011929239
v1,HOECHST,11,PB000139_O11,0.011506827
v1,HOECHST,0,PB000140_B04,0.0133586675
v1,HOECHST,1,PB000140_B04,0.014187577
v1,HOECHST,2,PB000140_B04,0.014699098
v1,HOECHST,3,PB000140_B04,0.015426091
v1,HOECHST,4,PB000140_B04,0.015589922
v1,HOECHST,5,PB000140_B04,0.015708605
v1,HOECHST,6,PB000140_B04,0.0146745425
v1,HOECHST,7,PB000140_B04,0.014558326
v1,HOECHST,8,PB000140_B04,0.013878131
v1,HOECHST,9,PB000140_B04,0.013443275
v1,HOECHST,10,PB000140_B04,0.013172934
v1,HOECHST,11,PB000140_B04,0.012713136
v1,HOECHST,0,PB000140_C10,0.01164235
v1,HOECHST,1,PB000140_C10,0.014037141
v1,HOECHST,2,PB000140_C10,0.012926308
v1,HOECHST,3,PB000140_C10,0.014044497
v1,HOECHST,4,PB000140_C10,0.013946653
v1,HOECHST,5,PB000140_C10,0.013663291
v1,HOECHST,6,PB000140_C10,0.013305919
v1,HOECHST,7,PB000140_C10,0.012772157
v1,HOECHST,8,PB000140_C10,0.01210358
v1,HOECHST,9,PB000140_C10,0.011909189
v1,HOECHST,10,PB000140_C10,0.01155364
v1,HOECHST,11,PB000140_C10,0.011165797
v1,HOECHST,0,PB000140_E02,0.0131524205
v1,HOECHST,1,PB000140_E02,0.016697315
v1,HOECHST,2,PB000140_E02,0.01854608
v1,HOECHST,3,PB000140_E02,0.018419322
v1,HOECHST,4,PB000140_E02,0.018088335
v1,HOECHST,5,PB000140_E02,0.017792832
v1,HOECHST,6,PB000140_E02,0.016939979
v1,HOECHST,7,PB000140_E02,0.01611111
v1,HOECHST,8,PB000140_E02,0.015621013
v1,HOECHST,9,PB000140_E02,0.014778764
v1,HOECHST,10,PB000140_E02,0.01410085
v1,HOECHST,11,PB000140_E02,0.013704045
v1,HOECHST,0,PB000140_G03,0.013241348
v1,HOECHST,1,PB000140_G03,0.013324549
v1,HOECHST,2,PB000140_G03,0.014408913
v1,HOECHST,3,PB000140_G03,0.014317347
v1,HOECHST,4,PB000140_G03,0.013712482
v1,HOECHST,5,PB000140_G03,0.013569433
v1,HOECHST,6,PB000140_G03,0.012527994
v1,HOECHST,7,PB000140_G03,0.012409054
v1,HOECHST,8,PB000140_G03,0.012022661
v1,HOECHST,9,PB000140_G03,0.01189856
v1,HOECHST,10,PB000140_G03,0.011327771
v1,HOECHST,11,PB000140_G03,0.010767549
v1,HOECHST,0,PB000140_H12,0.012362141
v1,HOECHST,1,PB000140_H12,0.014383553
v1,HOECHST,2,PB000140_H12,0.014025613
v1,HOECHST,3,PB000140_H12,0.013811446
v1,HOECHST,4,PB000140_H12,0.013921466
v1,HOECHST,5,PB000140_H12,0.013732532
v1,HOECHST,6,PB000140_H12,0.01343159
v1,HOECHST,7,PB000140_H12,0.012879448
v1,HOECHST,8,PB000140_H12,0.012558208
v1,HOECHST,9,PB000140_H12,0.012233958
v1,HOECHST,10,PB000140_H12,0.011829125
v1,HOECHST,11,PB000140_H12,0.0115232235
v1,HOECHST,0,PB000140_I06,0.013063292
v1,HOECHST,1,PB000140_I06,0.014143584
v1,HOECHST,2,PB000140_I06,0.014751377
v1,HOECHST,3,PB000140_I06,0.014578657
v1,HOECHST,4,PB000140_I06,0.013973822
v1,HOECHST,5,PB000140_I06,0.013310844
v1,HOECHST,6,PB000140_I06,0.013097036
v1,HOECHST,7,PB000140_I06,0.012630301
v1,HOECHST,8,PB000140_I06,0.012047967
v1,HOECHST,9,PB000140_I06,0.011916426
v1,HOECHST,10,PB000140_I06,0.011486817
v1,HOECHST,11,PB000140_I06,0.011352931
v1,HOECHST,0,PB000140_K09,0.014137489
v1,HOECHST,1,PB000140_K09,0.01455234
v1,HOECHST,2,PB000140_K09,0.014991991
v1,HOECHST,3,PB000140_K09,0.015091518
v1,HOECHST,4,PB000140_K09,0.014802676
v1,HOECHST,5,PB000140_K09,0.014605099
v1,HOECHST,6,PB000140_K09,0.014271688
v1,HOECHST,7,PB000140_K09,0.013587704
v1,HOECHST,8,PB000140_K09,0.013344093
v1,HOECHST,9,PB000140_K09,0.013173839
v1,HOECHST,10,PB000140_K09,0.0126606645
v1,HOECHST,11,PB000140_K09,0.012366611
v1,HOECHST,0,PB000140_N05,0.012711397
v1,HOECHST,1,PB000140_N05,0.016495964
v1,HOECHST,2,PB000140_N05,0.017882697
v1,HOECHST,3,PB000140_N05,0.018196102
v1,HOECHST,4,PB000140_N05,0.01802085
v1,HOECHST,5,PB000140_N05,0.01752264
v1,HOECHST,6,PB000140_N05,0.016421389
v1,HOECHST,7,PB000140_N05,0.016293576
v1,HOECHST,8,PB000140_N05,0.015357213
v1,HOECHST,9,PB000140_N05,0.015038604
v1,HOECHST,10,PB000140_N05,0.014324926
v1,HOECHST,11,PB000140_N05,0.014193563
v1,HOECHST,0,PB000140_O07,0.012853841
v1,HOECHST,1,PB000140_O07,0.015305142
v1,HOECHST,2,PB000140_O07,0.015472889
v1,HOECHST,3,PB000140_O07,0.017098796
v1,HOECHST,4,PB000140_O07,0.01743626
v1,HOECHST,5,PB000140_O07,0.016623493
v1,HOECHST,6,PB000140_O07,0.016651167
v1,HOECHST,7,PB000140_O07,0.016263127
v1,HOECHST,8,PB000140_O07,0.0156907
v1,HOECHST,9,PB000140_O07,0.015020807
v1,HOECHST,10,PB000140_O07,0.014127552
v1,HOECHST,11,PB000140_O07,0.013437895
v1,HOECHST,0,PB000140_O11,0.014149098
v1,HOECHST,1,PB000140_O11,0.015329977
v1,HOECHST,2,PB000140_O11,0.01581697
v1,HOECHST,3,PB000140_O11,0.015159874
v1,HOECHST,4,PB000140_O11,0.01531038
v1,HOECHST,5,PB000140_O11,0.015047424
v1,HOECHST,6,PB000140_O11,0.01439986
v1,HOECHST,7,PB000140_O11,0.013415087
v1,HOECHST,8,PB000140_O11,0.012936444
v1,HOECHST,9,PB000140_O11,0.012924006
v1,HOECHST,10,PB000140_O11,0.012498221
v1,HOECHST,11,PB000140_O11,0.012585042
v1,MITO,0,PB000137_B22,0.13924268
v1,MITO,1,PB000137_B22,0.13459745
v1,MITO,2,PB000137_B22,0.14074397
v1,MITO,3,PB000137_B22,0.13726366
v1,MITO,4,PB000137_B22,0.14028671
v1,MITO,5,PB000137_B22,0.13716096
v1,MITO,6,PB000137_B22,0.1384859
v1,MITO,7,PB000137_B22,0.13705036
v1,MITO,8,PB000137_B22,0.13764572
v1,MITO,9,PB000137_B22,0.13331002
v1,MITO,10,PB000137_B22,0.13584794
v1,MITO,11,PB000137_B22,0.13477756
v1,MITO,0,PB000137_C05,0.18177074
v1,MITO,1,PB000137_C05,0.20453024
v1,MITO,2,PB000137_C05,0.20547855
v1,MITO,3,PB000137_C05,0.19296259
v1,MITO,4,PB000137_C05,0.18179783
v1,MITO,5,PB000137_C05,0.1698971
v1,MITO,6,PB000137_C05,0.1678032
v1,MITO,7,PB000137_C05,0.16102755
v1,MITO,8,PB000137_C05,0.15337436
v1,MITO,9,PB000137_C05,0.15283228
v1,MITO,10,PB000137_C05,0.14580035
v1,MITO,11,PB000137_C05,0.14567822
v1,MITO,0,PB000137_D12,0.1977873
v1,MITO,1,PB000137_D12,0.2223917
v1,MITO,2,PB000137_D12,0.22090977
v1,MITO,3,PB000137_D12,0.21579838
v1,MITO,4,PB000137_D12,0.20789613
v1,MITO,5,PB000137_D12,0.20388149
v1,MITO,6,PB000137_D12,0.20008281
v1,MITO,7,PB000137_D12,0.19218513
v1,MITO,8,PB000137_D12,0.18832287
v1,MITO,9,PB000137_D12,0.18022716
v1,MITO,10,PB000137_D12,0.17587566
v1,MITO,11,PB000137_D12,0.1708051
v1,MITO,0,PB000137_E16,0.15995029
v1,MITO,1,PB000137_E16,0.16484672
v1,MITO,2,PB000137_E16,0.17121151
v1,MITO,3,PB000137_E16,0.16711026
v1,MITO,4,PB000137_E16,0.16487445
v1,MITO,5,PB000137_E16,0.16215168
v1,MITO,6,PB000137_E16,0.1558872
v1,MITO,7,PB000137_E16,0.15449783
v1,MITO,8,PB000137_E16,0.15092573
v1,MITO,9,PB000137_E16,0.15170759
v1,MITO,10,PB000137_E16,0.15190738
v1,MITO,11,PB000137_E16,0.14580478
v1,MITO,0,PB000137_F06,0.16729593
v1,MITO,1,PB000137_F06,0.17519692
v1,MITO,2,PB000137_F06,0.18620586
v1,MITO,3,PB000137_F06,0.19028902
v1,MITO,4,PB000137_F06,0.19213934
v1,MITO,5,PB000137_F06,0.18900436
v1,MITO,6,PB000137_F06,0.18454781
v1,MITO,7,PB000137_F06,0.17759246
v1,MITO,8,PB000137_F06,0.17150827
v1,MITO,9,PB000137_F06,0.16533683
v1,MITO,10,PB000137_F06,0.16037834
v1,MITO,11,PB000137_F06,0.15952544
v1,MITO,0,PB000137_F20,0.16539958
v1,MITO,1,PB000137_F20,0.18937136
v1,MITO,2,PB000137_F20,0.19886774
v1,MITO,3,PB000137_F20,0.1893148
v1,MITO,4,PB000137_F20,0.18307477
v1,MITO,5,PB000137_F20,0.17263609
v1,MITO,6,PB000137_F20,0.1682607
v1,MITO,7,PB000137_F20,0.16388848
v1,MITO,8,PB000137_F20,0.16179061
v1,MITO,9,PB000137_F20,0.1565592
v1,MITO,10,PB000137_F20,0.15331103
v1,MITO,11,PB000137_F20,0.15045121
v1,MITO,0,PB000137_G02,0.13962448
v1,MITO,1,PB000137_G02,0.14448017
v1,MITO,2,PB000137_G02,0.1529913
v1,MITO,3,PB000137_G02,0.15763162
v1,MITO,4,PB000137_G02,0.15232839
v1,MITO,5,PB000137_G02,0.14693418
v1,MITO,6,PB000137_G02,0.14335741
v1,MITO,7,PB000137_G02,0.1410904
v1,MITO,8,PB000137_G02,0.13826802
v1,MITO,9,PB000137_G02,0.13549702
v1,MITO,10,PB000137_G02,0.13428104
v1,MITO,11,PB000137_G02,0.12968957
v1,MITO,0,PB000137_G13,0.14477076
v1,MITO,1,PB000137_G13,0.15262672
v1,MITO,2,PB000137_G13,0.15388966
v1,MITO,3,PB000137_G13,0.15304266
v1,MITO,4,PB000137_G13,0.14983393
v1,MITO,5,PB000137_G13,0.14916188
v1,MITO,6,PB000137_G13,0.14630428
v1,MITO,7,PB000137_G13,0.14379312
v1,MITO,8,PB000137_G13,0.14152849
v1,MITO,9,PB000137_G13,0.14138468
v1,MITO,10,PB000137_G13,0.14322723
v1,MITO,11,PB000137_G13,0.1400015
v1,MITO,0,PB000137_H10,0.13929479
v1,MITO,1,PB000137_H10,0.14054777
v1,MITO,2,PB000137_H10,0.14828336
v1,MITO,3,PB000137_H10,0.14673954
v1,MITO,4,PB000137_H10,0.1431037
v1,MITO,5,PB000137_H10,0.13836515
v1,MITO,6,PB000137_H10,0.14226747
v1,MITO,7,PB000137_H10,0.13380696
v1,MITO,8,PB000137_H10,0.13134018
v1,MITO,9,PB000137_H10,0.13434243
v1,MITO,10,PB000137_H10,0.13341957
v1,MITO,11,PB000137_H10,0.13008153
v1,MITO,0,PB000137_H17,0.1559676
v1,MITO,1,PB000137_H17,0.17517397
v1,MITO,2,PB000137_H17,0.18066002
v1,MITO,3,PB000137_H17,0.18560918
v1,MITO,4,PB000137_H17,0.1814102
v1,MITO,5,PB000137_H17,0.17681448
v1,MITO,6,PB000137_H17,0.17453118
v1,MITO,7,PB000137_H17,0.17053038
v1,MITO,8,PB000137_H17,0.16677287
v1,MITO,9,PB000137_H17,0.16413392
v1,MITO,10,PB000137_H17,0.15819755
v1,MITO,11,PB000137_H17,0.1577506
v1,MITO,0,PB000137_I21,0.16321953
v1,MITO,1,PB000137_I21,0.17001367
v1,MITO,2,PB000137_I21,0.17565775
v1,MITO,3,PB000137_I21,0.17471363
v1,MITO,4,PB000137_I21,0.17304617
v1,MITO,5,PB000137_I21,0.16824624
v1,MITO,6,PB000137_I21,0.16263011
v1,MITO,7,PB000137_I21,0.16255066
v1,MITO,8,PB000137_I21,0.16191205
v1,MITO,9,PB000137_I21,0.15668854
v1,MITO,10,PB000137_I21,0.15289357
v1,MITO,11,PB000137_I21,0.15029578
v1,MITO,0,PB000137_J03,0.21230355
v1,MITO,1,PB000137_J03,0.22516075
v1,MITO,2,PB000137_J03,0.21785142
v1,MITO,3,PB000137_J03,0.21203965
v1,MITO,4,PB000137_J03,0.20413682
v1,MITO,5,PB000137_J03,0.19566086
v1,MITO,6,PB000137_J03,0.18723622
v1,MITO,7,PB000137_J03,0.17755663
v1,MITO,8,PB000137_J03,0.16780236
v1,MITO,9,PB000137_J03,0.15952235
v1,MITO,10,PB000137_J03,0.15558657
v1,MITO,11,PB000137_J03,0.14821579
v1,MITO,0,PB000137_J14,0.13214079
v1,MITO,1,PB000137_J14,0.15701386
v1,MITO,2,PB000137_J14,0.1754999
v1,MITO,3,PB000137_J14,0.18217972
v1,MITO,4,PB000137_J14,0.18288524
v1,MITO,5,PB000137_J14,0.18133208
v1,MITO,6,PB000137_J14,0.1770464
v1,MITO,7,PB000137_J14,0.17521462
v1,MITO,8,PB000137_J14,0.17130274
v1,MITO,9,PB000137_J14,0.16523364
v1,MITO,10,PB000137_J14,0.16450194
v1,MITO,11,PB000137_J14,0.16115981
v1,MITO,0,PB000137_K11,0.1524817
v1,MITO,1,PB000137_K11,0.1520606
v1,MITO,2,PB000137_K11,0.15173396
v1,MITO,3,PB000137_K11,0.16053638
v1,MITO,4,PB000137_K11,0.15820836
v1,MITO,5,PB000137_K11,0.15772629
v1,MITO,6,PB000137_K11,0.1546608
v1,MITO,7,PB000137_K11,0.15871122
v1,MITO,8,PB000137_K11,0.15528002
v1,MITO,9,PB000137_K11,0.15155658
v1,MITO,10,PB000137_K11,0.15289532
v1,MITO,11,PB000137_K11,0.15118557
v1,MITO,0,PB000137_L07,0.15680693
v1,MITO,1,PB000137_L07,0.16341603
v1,MITO,2,PB000137_L07,0.1567097
v1,MITO,3,PB000137_L07,0.15878285
v1,MITO,4,PB000137_L07,0.15553245
v1,MITO,5,PB000137_L07,0.14998724
v1,MITO,6,PB000137_L07,0.14800264
v1,MITO,7,PB000137_L07,0.14373724
v1,MITO,8,PB000137_L07,0.14121003
v1,MITO,9,PB000137_L07,0.13888851
v1,MITO,10,PB000137_L07,0.13565077
v1,MITO,11,PB000137_L07,0.13274986
v1,MITO,0,PB000137_L18,0.1767163
v1,MITO,1,PB000137_L18,0.18420206
v1,MITO,2,PB000137_L18,0.18677525
v1,MITO,3,PB000137_L18,0.18491252
v1,MITO,4,PB000137_L18,0.17533371
v1,MITO,5,PB000137_L18,0.16610909
v1,MITO,6,PB000137_L18,0.16345632
v1,MITO,7,PB000137_L18,0.15597078
v1,MITO,8,PB000137_L18,0.15080579
v1,MITO,9,PB000137_L18,0.14824915
v1,MITO,10,PB000137_L18,0.14638118
v1,MITO,11,PB000137_L18,0.14347759
v1,MITO,0,PB000137_M23,0.14036536
v1,MITO,1,PB000137_M23,0.16029954
v1,MITO,2,PB000137_M23,0.1765113
v1,MITO,3,PB000137_M23,0.18346468
v1,MITO,4,PB000137_M23,0.18224046
v1,MITO,5,PB000137_M23,0.17852023
v1,MITO,6,PB000137_M23,0.1729021
v1,MITO,7,PB000137_M23,0.17038769
v1,MITO,8,PB000137_M23,0.16833861
v1,MITO,9,PB000137_M23,0.16433074
v1,MITO,10,PB000137_M23,0.16428846
v1,MITO,11,PB000137_M23,0.16245991
v1,MITO,0,PB000137_N15,0.13527402
v1,MITO,1,PB000137_N15,0.14351937
v1,MITO,2,PB000137_N15,0.14953044
v1,MITO,3,PB000137_N15,0.15672061
v1,MITO,4,PB000137_N15,0.15294406
v1,MITO,5,PB000137_N15,0.15187877
v1,MITO,6,PB000137_N15,0.15220955
v1,MITO,7,PB000137_N15,0.14824843
v1,MITO,8,PB000137_N15,0.1430597
v1,MITO,9,PB000137_N15,0.14089355
v1,MITO,10,PB000137_N15,0.13547036
v1,MITO,11,PB000137_N15,0.13675676
v1,MITO,0,PB000137_O09,0.18253976
v1,MITO,1,PB000137_O09,0.20155281
v1,MITO,2,PB000137_O09,0.2070733
v1,MITO,3,PB000137_O09,0.20128278
v1,MITO,4,PB000137_O09,0.19673431
v1,MITO,5,PB000137_O09,0.18959862
v1,MITO,6,PB000137_O09,0.18205787
v1,MITO,7,PB000137_O09,0.17691357
v1,MITO,8,PB000137_O09,0.17164576
v1,MITO,9,PB000137_O09,0.165779
v1,MITO,10,PB000137_O09,0.16091236
v1,MITO,11,PB000137_O09,0.15470043
v1,MITO,0,PB000138_B22,0.10646076
v1,MITO,1,PB000138_B22,0.12281958
v1,MITO,2,PB000138_B22,0.12501399
v1,MITO,3,PB000138_B22,0.12366189
v1,MITO,4,PB000138_B22,0.12537022
v1,MITO,5,PB000138_B22,0.12008971
v1,MITO,6,PB000138_B22,0.1167081
v1,MITO,7,PB000138_B22,0.11490517
v1,MITO,8,PB000138_B22,0.114402786
v1,MITO,9,PB000138_B22,0.109093204
v1,MITO,10,PB000138_B22,0.10817233
v1,MITO,11,PB000138_B22,0.107065715
v1,MITO,0,PB000138_C05,0.17863944
v1,MITO,1,PB000138_C05,0.17403373
v1,MITO,2,PB000138_C05,0.17243895
v1,MITO,3,PB000138_C05,0.17136024
v1,MITO,4,PB000138_C05,0.1668505
v1,MITO,5,PB000138_C05,0.1608354
v1,MITO,6,PB000138_C05,0.1538231
v1,MITO,7,PB000138_C05,0.1477181
v1,MITO,8,PB000138_C05,0.14367759
v1,MITO,9,PB000138_C05,0.13788562
v1,MITO,10,PB000138_C05,0.1349028
v1,MITO,11,PB000138_C05,0.12948689
v1,MITO,0,PB000138_D12,0.14923887
v1,MITO,1,PB000138_D12,0.17833504
v1,MITO,2,PB000138_D12,0.18501323
v1,MITO,3,PB000138_D12,0.17747962
v1,MITO,4,PB000138_D12,0.16773887
v1,MITO,5,PB000138_D12,0.16371036
v1,MITO,6,PB000138_D12,0.16072209
v1,MITO,7,PB000138_D12,0.15638341
v1,MITO,8,PB000138_D12,0.15129614
v1,MITO,9,PB000138_D12,0.14449137
v1,MITO,10,PB000138_D12,0.14466454
v1,MITO,11,PB000138_D12,0.13865975
v1,MITO,0,PB000138_E16,0.1079105
v1,MITO,1,PB000138_E16,0.12624565
v1,MITO,2,PB000138_E16,0.15695149
v1,MITO,3,PB000138_E16,0.16068031
v1,MITO,4,PB000138_E16,0.16040523
v1,MITO,5,PB000138_E16,0.16007957
v1,MITO,6,PB000138_E16,0.15606289
v1,MITO,7,PB000138_E16,0.15112808
v1,MITO,8,PB000138_E16,0.15439753
v1,MITO,9,PB000138_E16,0.1502216
v1,MITO,10,PB000138_E16,0.14198202
v1,MITO,11,PB000138_E16,0.13968232
v1,MITO,0,PB000138_F06,0.14472872
v1,MITO,1,PB000138_F06,0.19352533
v1,MITO,2,PB000138_F06,0.18360163
v1,MITO,3,PB000138_F06,0.19733024
v1,MITO,4,PB000138_F06,0.18915623
v1,MITO,5,PB000138_F06,0.18124425
v1,MITO,6,PB000138_F06,0.18031967
v1,MITO,7,PB000138_F06,0.17006302
v1,MITO,8,PB000138_F06,0.16891126
v1,MITO,9,PB000138_F06,0.1595932
v1,MITO,10,PB000138_F06,0.15645891
v1,MITO,11,PB000138_F06,0.15132341
v1,MITO,0,PB000138_F20,0.1348855
v1,MITO,1,PB000138_F20,0.16064358
v1,MITO,2,PB000138_F20,0.18499929
v1,MITO,3,PB000138_F20,0.18413672
v1,MITO,4,PB000138_F20,0.17971736
v1,MITO,5,PB000138_F20,0.17346624
v1,MITO,6,PB000138_F20,0.16987348
v1,MITO,7,PB000138_F20,0.16510832
v1,MITO,8,PB000138_F20,0.15807804
v1,MITO,9,PB000138_F20,0.14880112
v1,MITO,10,PB000138_F20,0.14565933
v1,MITO,11,PB000138_F20,0.14815553
v1,MITO,0,PB000138_G02,0.1567601
v1,MITO,1,PB000138_G02,0.16158438
v1,MITO,2,PB000138_G02,0.15287879
v1,MITO,3,PB000138_G02,0.15106097
v1,MITO,4,PB000138_G02,0.15011325
v1,MITO,5,PB000138_G02,0.14447641
v1,MITO,6,PB000138_G02,0.14274086
v1,MITO,7,PB000138_G02,0.14193928
v1,MITO,8,PB000138_G02,0.13076085
v1,MITO,9,PB000138_G02,0.13258114
v1,MITO,10,PB000138_G02,0.12206033
v1,MITO,11,PB000138_G02,0.1203883
v1,MITO,0,PB000138_G13,0.14142916
v1,MITO,1,PB000138_G13,0.16730577
v1,MITO,2,PB000138_G13,0.19252756
v1,MITO,3,PB000138_G13,0.19102965
v1,MITO,4,PB000138_G13,0.18376446
v1,MITO,5,PB000138_G13,0.17438912
v1,MITO,6,PB000138_G13,0.16747221
v1,MITO,7,PB000138_G13,0.16115348
v1,MITO,8,PB000138_G13,0.15591073
v1,MITO,9,PB000138_G13,0.1494221
v1,MITO,10,PB000138_G13,0.14608057
v1,MITO,11,PB000138_G13,0.13996294
v1,MITO,0,PB000138_H10,0.108169034
v1,MITO,1,PB000138_H10,0.12003594
v1,MITO,2,PB000138_H10,0.13172907
v1,MITO,3,PB000138_H10,0.13359822
v1,MITO,4,PB000138_H10,0.13385049
v1,MITO,5,PB000138_H10,0.13446738
v1,MITO,6,PB000138_H10,0.13449785
v1,MITO,7,PB000138_H10,0.13353203
v1,MITO,8,PB000138_H10,0.13174172
v1,MITO,9,PB000138_H10,0.1300034
v1,MITO,10,PB000138_H10,0.12534818
v1,MITO,11,PB000138_H10,0.12491139
v1,MITO,0,PB000138_H17,0.1357557
v1,MITO,1,PB000138_H17,0.13971576
v1,MITO,2,PB000138_H17,0.14403497
v1,MITO,3,PB000138_H17,0.14173055
v1,MITO,4,PB000138_H17,0.13797463
v1,MITO,5,PB000138_H17,0.13305925
v1,MITO,6,PB000138_H17,0.13445039
v1,MITO,7,PB000138_H17,0.12975867
v1,MITO,8,PB000138_H17,0.12818693
v1,MITO,9,PB000138_H17,0.12842868
v1,MITO,10,PB000138_H17,0.12977056
v1,MITO,11,PB000138_H17,0.12554418
v1,MITO,0,PB000138_I21,0.14533226
v1,MITO,1,PB000138_I21,0.13924354
v1,MITO,2,PB000138_I21,0.15136349
v1,MITO,3,PB000138_I21,0.15774791
v1,MITO,4,PB000138_I21,0.15530244
v1,MITO,5,PB000138_I21,0.15050428
v1,MITO,6,PB000138_I21,0.14537585
v1,MITO,7,PB000138_I21,0.14108849
v1,MITO,8,PB000138_I21,0.13815674
v1,MITO,9,PB000138_I21,0.1324345
v1,MITO,10,PB000138_I21,0.13054451
v1,MITO,11,PB000138_I21,0.12730105
v1,MITO,0,PB000138_J03,0.16240747
v1,MITO,1,PB000138_J03,0.17913802
v1,MITO,2,PB000138_J03,0.18061653
v1,MITO,3,PB000138_J03,0.17643134
v1,MITO,4,PB000138_J03,0.16431834
v1,MITO,5,PB000138_J03,0.1614209
v1,MITO,6,PB000138_J03,0.15683797
v1,MITO,7,PB000138_J03,0.15499724
v1,MITO,8,PB000138_J03,0.14979376
v1,MITO,9,PB000138_J03,0.14715925
v1,MITO,10,PB000138_J03,0.14498277
v1,MITO,11,PB000138_J03,0.14113608
v1,MITO,0,PB000138_J14,0.12069711
v1,MITO,1,PB000138_J14,0.14798456
v1,MITO,2,PB000138_J14,0.1694302
v1,MITO,3,PB000138_J14,0.17136739
v1,MITO,4,PB000138_J14,0.16779044
v1,MITO,5,PB000138_J14,0.16765794
v1,MITO,6,PB000138_J14,0.16448522
v1,MITO,7,PB000138_J14,0.16081567
v1,MITO,8,PB000138_J14,0.1583175
v1,MITO,9,PB000138_J14,0.15083317
v1,MITO,10,PB000138_J14,0.1508964
v1,MITO,11,PB000138_J14,0.14610633
v1,MITO,0,PB000138_K11,0.11814756
v1,MITO,1,PB000138_K11,0.12897009
v1,MITO,2,PB000138_K11,0.12269798
v1,MITO,3,PB000138_K11,0.12094829
v1,MITO,4,PB000138_K11,0.12001569
v1,MITO,5,PB000138_K11,0.119270995
v1,MITO,6,PB000138_K11,0.11717926
v1,MITO,7,PB000138_K11,0.11274856
v1,MITO,8,PB000138_K11,0.111427695
v1,MITO,9,PB000138_K11,0.103101954
v1,MITO,10,PB000138_K11,0.10257889
v1,MITO,11,PB000138_K11,0.100366734
v1,MITO,0,PB000138_L07,0.17683233
v1,MITO,1,PB000138_L07,0.1687296
v1,MITO,2,PB000138_L07,0.1776473
v1,MITO,3,PB000138_L07,0.18026121
v1,MITO,4,PB000138_L07,0.1731321
v1,MITO,5,PB000138_L07,0.16660194
v1,MITO,6,PB000138_L07,0.15999544
v1,MITO,7,PB000138_L07,0.1514035
v1,MITO,8,PB000138_L07,0.14775798
v1,MITO,9,PB000138_L07,0.14532867
v1,MITO,10,PB000138_L07,0.13560268
v1,MITO,11,PB000138_L07,0.13123126
v1,MITO,0,PB000138_L18,0.16671629
v1,MITO,1,PB000138_L18,0.17446348
v1,MITO,2,PB000138_L18,0.17684807
v1,MITO,3,PB000138_L18,0.17297718
v1,MITO,4,PB000138_L18,0.16889346
v1,MITO,5,PB000138_L18,0.16120753
v1,MITO,6,PB000138_L18,0.15789878
v1,MITO,7,PB000138_L18,0.14808589
v1,MITO,8,PB000138_L18,0.14537938
v1,MITO,9,PB000138_L18,0.13991712
v1,MITO,10,PB000138_L18,0.13914946
v1,MITO,11,PB000138_L18,0.13934135
v1,MITO,0,PB000138_M23,0.13020585
v1,MITO,1,PB000138_M23,0.15968311
v1,MITO,2,PB000138_M23,0.19551864
v1,MITO,3,PB000138_M23,0.19334504
v1,MITO,4,PB000138_M23,0.18759967
v1,MITO,5,PB000138_M23,0.17669438
v1,MITO,6,PB000138_M23,0.17293087
v1,MITO,7,PB000138_M23,0.16800089
v1,MITO,8,PB000138_M23,0.17055812
v1,MITO,9,PB000138_M23,0.16210352
v1,MITO,10,PB000138_M23,0.15694445
v1,MITO,11,PB000138_M23,0.1496798
v1,MITO,0,PB000138_N04,0.09723473
v1,MITO,1,PB000138_N04,0.09875564
v1,MITO,2,PB000138_N04,0.1014607
v1,MITO,3,PB000138_N04,0.094521336
v1,MITO,4,PB000138_N04,0.09736289
v1,MITO,5,PB000138_N04,0.091483906
v1,MITO,6,PB000138_N04,0.08665213
v1,MITO,7,PB000138_N04,0.094247736
v1,MITO,8,PB000138_N04,0.0941008
v1,MITO,9,PB000138_N04,0.08243788
v1,MITO,10,PB000138_N04,0.083415926
v1,MITO,11,PB000138_N04,0.07597478
v1,MITO,0,PB000138_N15,0.13505137
v1,MITO,1,PB000138_N15,0.14359403
v1,MITO,2,PB000138_N15,0.14451626
v1,MITO,3,PB000138_N15,0.14020205
v1,MITO,4,PB000138_N15,0.1394006
v1,MITO,5,PB000138_N15,0.13696706
v1,MITO,6,PB000138_N15,0.1407507
v1,MITO,7,PB000138_N15,0.13604932
v1,MITO,8,PB000138_N15,0.13525067
v1,MITO,9,PB000138_N15,0.1327362
v1,MITO,10,PB000138_N15,0.12588492
v1,MITO,11,PB000138_N15,0.12699604
v1,MITO,0,PB000138_O09,0.10108077
v1,MITO,1,PB000138_O09,0.12290807
v1,MITO,2,PB000138_O09,0.16747758
v1,MITO,3,PB000138_O09,0.17829281
v1,MITO,4,PB000138_O09,0.16831347
v1,MITO,5,PB000138_O09,0.16215745
v1,MITO,6,PB000138_O09,0.1592139
v1,MITO,7,PB000138_O09,0.14765666
v1,MITO,8,PB000138_O09,0.14348572
v1,MITO,9,PB000138_O09,0.13912818
v1,MITO,10,PB000138_O09,0.13073859
v1,MITO,11,PB000138_O09,0.12610012
v1,MITO,0,PB000139_B04,0.13991788
v1,MITO,1,PB000139_B04,0.16264993
v1,MITO,2,PB000139_B04,0.17464833
v1,MITO,3,PB000139_B04,0.17662416
v1,MITO,4,PB000139_B04,0.17188229
v1,MITO,5,PB000139_B04,0.16215229
v1,MITO,6,PB000139_B04,0.16088521
v1,MITO,7,PB000139_B04,0.15675631
v1,MITO,8,PB000139_B04,0.14948738
v1,MITO,9,PB000139_B04,0.144494
v1,MITO,10,PB000139_B04,0.14066939
v1,MITO,11,PB000139_B04,0.13777424
v1,MITO,0,PB000139_C10,0.14297979
v1,MITO,1,PB000139_C10,0.14897017
v1,MITO,2,PB000139_C10,0.14919555
v1,MITO,3,PB000139_C10,0.14291021
v1,MITO,4,PB000139_C10,0.13791884
v1,MITO,5,PB000139_C10,0.1359242
v1,MITO,6,PB000139_C10,0.1310475
v1,MITO,7,PB000139_C10,0.1283486
v1,MITO,8,PB000139_C10,0.12753618
v1,MITO,9,PB000139_C10,0.124735855
v1,MITO,10,PB000139_C10,0.12409679
v1,MITO,11,PB000139_C10,0.122083105
v1,MITO,0,PB000139_G03,0.15521725
v1,MITO,1,PB000139_G03,0.16401361
v1,MITO,2,PB000139_G03,0.16493993
v1,MITO,3,PB000139_G03,0.16517425
v1,MITO,4,PB000139_G03,0.1620323
v1,MITO,5,PB000139_G03,0.15563507
v1,MITO,6,PB000139_G03,0.15473312
v1,MITO,7,PB000139_G03,0.15057305
v1,MITO,8,PB000139_G03,0.14861552
v1,MITO,9,PB000139_G03,0.15078881
v1,MITO,10,PB000139_G03,0.14273907
v1,MITO,11,PB000139_G03,0.13589266
v1,MITO,0,PB000139_H12,0.18301797
v1,MITO,1,PB000139_H12,0.18372893
v1,MITO,2,PB000139_H12,0.1789693
v1,MITO,3,PB000139_H12,0.17447984
v1,MITO,4,PB000139_H12,0.16796596
v1,MITO,5,PB000139_H12,0.16402888
v1,MITO,6,PB000139_H12,0.16553546
v1,MITO,7,PB000139_H12,0.16157162
v1,MITO,8,PB000139_H12,0.15782793
v1,MITO,9,PB000139_H12,0.15521425
v1,MITO,10,PB000139_H12,0.15298308
v1,MITO,11,PB000139_H12,0.14940599
v1,MITO,0,PB000139_I06,0.12778787
v1,MITO,1,PB000139_I06,0.13155794
v1,MITO,2,PB000139_I06,0.14009549
v1,MITO,3,PB000139_I06,0.14145449
v1,MITO,4,PB000139_I06,0.13724968
v1,MITO,5,PB000139_I06,0.13593161
v1,MITO,6,PB000139_I06,0.1320853
v1,MITO,7,PB000139_I06,0.12939814
v1,MITO,8,PB000139_I06,0.123600304
v1,MITO,9,PB000139_I06,0.122803286
v1,MITO,10,PB000139_I06,0.120729014
v1,MITO,11,PB000139_I06,0.118641466
v1,MITO,0,PB000139_K09,0.11366081
v1,MITO,1,PB000139_K09,0.117076024
v1,MITO,2,PB000139_K09,0.11985181
v1,MITO,3,PB000139_K09,0.12068393
v1,MITO,4,PB000139_K09,0.117419936
v1,MITO,5,PB000139_K09,0.11829023
v1,MITO,6,PB000139_K09,0.12054255
v1,MITO,7,PB000139_K09,0.11387829
v1,MITO,8,PB000139_K09,0.112127155
v1,MITO,9,PB000139_K09,0.11172252
v1,MITO,10,PB000139_K09,0.11626244
v1,MITO,11,PB000139_K09,0.119412124
v1,MITO,0,PB000139_N05,0.12715079
v1,MITO,1,PB000139_N05,0.13625455
v1,MITO,2,PB000139_N05,0.14054668
v1,MITO,3,PB000139_N05,0.14995292
v1,MITO,4,PB000139_N05,0.14887382
v1,MITO,5,PB000139_N05,0.14456488
v1,MITO,6,PB000139_N05,0.14522849
v1,MITO,7,PB000139_N05,0.13868603
v1,MITO,8,PB000139_N05,0.13630955
v1,MITO,9,PB000139_N05,0.13776973
v1,MITO,10,PB000139_N05,0.13653798
v1,MITO,11,PB000139_N05,0.13403687
v1,MITO,0,PB000139_O07,0.1163079
v1,MITO,1,PB000139_O07,0.113948666
v1,MITO,2,PB000139_O07,0.11607738
v1,MITO,3,PB000139_O07,0.11918054
v1,MITO,4,PB000139_O07,0.12015503
v1,MITO,5,PB000139_O07,0.11784672
v1,MITO,6,PB000139_O07,0.11760666
v1,MITO,7,PB000139_O07,0.118084304
v1,MITO,8,PB000139_O07,0.11568059
v1,MITO,9,PB000139_O07,0.11305509
v1,MITO,10,PB000139_O07,0.11307205
v1,MITO,11,PB000139_O07,0.112921074
v1,MITO,0,PB000139_O11,0.13474993
v1,MITO,1,PB000139_O11,0.15088189
v1,MITO,2,PB000139_O11,0.1669693
v1,MITO,3,PB000139_O11,0.17314763
v1,MITO,4,PB000139_O11,0.17206651
v1,MITO,5,PB000139_O11,0.16487995
v1,MITO,6,PB000139_O11,0.15778098
v1,MITO,7,PB000139_O11,0.15411064
v1,MITO,8,PB000139_O11,0.15142988
v1,MITO,9,PB000139_O11,0.14849472
v1,MITO,10,PB000139_O11,0.14806107
v1,MITO,11,PB000139_O11,0.14619093
v1,MITO,0,PB000140_B04,0.11734699
v1,MITO,1,PB000140_B04,0.12136083
v1,MITO,2,PB000140_B04,0.12087221
v1,MITO,3,PB000140_B04,0.11805107
v1,MITO,4,PB000140_B04,0.11775611
v1,MITO,5,PB000140_B04,0.11306492
v1,MITO,6,PB000140_B04,0.1086296
v1,MITO,7,PB000140_B04,0.10643265
v1,MITO,8,PB000140_B04,0.10290913
v1,MITO,9,PB000140_B04,0.10152167
v1,MITO,10,PB000140_B04,0.099767745
v1,MITO,11,PB000140_B04,0.09705507
v1,MITO,0,PB000140_C10,0.10981872
v1,MITO,1,PB000140_C10,0.12989439
v1,MITO,2,PB000140_C10,0.12147337
v1,MITO,3,PB000140_C10,0.12719959
v1,MITO,4,PB000140_C10,0.12677872
v1,MITO,5,PB000140_C10,0.121292666
v1,MITO,6,PB000140_C10,0.1195381
v1,MITO,7,PB000140_C10,0.1138833
v1,MITO,8,PB000140_C10,0.11056058
v1,MITO,9,PB000140_C10,0.10689796
v1,MITO,10,PB000140_C10,0.1057213
v1,MITO,11,PB000140_C10,0.10521562
v1,MITO,0,PB000140_E02,0.11301334
v1,MITO,1,PB000140_E02,0.13054234
v1,MITO,2,PB000140_E02,0.1336252
v1,MITO,3,PB000140_E02,0.13146089
v1,MITO,4,PB000140_E02,0.13018033
v1,MITO,5,PB000140_E02,0.1289867
v1,MITO,6,PB000140_E02,0.1265708
v1,MITO,7,PB000140_E02,0.12343804
v1,MITO,8,PB000140_E02,0.120426364
v1,MITO,9,PB000140_E02,0.11834157
v1,MITO,10,PB000140_E02,0.11748038
v1,MITO,11,PB000140_E02,0.11456804
v1,MITO,0,PB000140_G03,0.0938375
v1,MITO,1,PB000140_G03,0.09953983
v1,MITO,2,PB000140_G03,0.104257345
v1,MITO,3,PB000140_G03,0.10394438
v1,MITO,4,PB000140_G03,0.10222639
v1,MITO,5,PB000140_G03,0.10241969
v1,MITO,6,PB000140_G03,0.09927468
v1,MITO,7,PB000140_G03,0.09835936
v1,MITO,8,PB000140_G03,0.0963545
v1,MITO,9,PB000140_G03,0.093606226
v1,MITO,10,PB000140_G03,0.093775384
v1,MITO,11,PB000140_G03,0.09157258
v1,MITO,0,PB000140_H12,0.12778513
v1,MITO,1,PB000140_H12,0.14548574
v1,MITO,2,PB000140_H12,0.1431606
v1,MITO,3,PB000140_H12,0.14103109
v1,MITO,4,PB000140_H12,0.13951635
v1,MITO,5,PB000140_H12,0.13527618
v1,MITO,6,PB000140_H12,0.13148423
v1,MITO,7,PB000140_H12,0.12842847
v1,MITO,8,PB000140_H12,0.12514418
v1,MITO,9,PB000140_H12,0.122979484
v1,MITO,10,PB000140_H12,0.118354484
v1,MITO,11,PB000140_H12,0.11514465
v1,MITO,0,PB000140_I06,0.09909426
v1,MITO,1,PB000140_I06,0.10506948
v1,MITO,2,PB000140_I06,0.108715236
v1,MITO,3,PB000140_I06,0.10786796
v1,MITO,4,PB000140_I06,0.10489263
v1,MITO,5,PB000140_I06,0.10346399
v1,MITO,6,PB000140_I06,0.102872536
v1,MITO,7,PB000140_I06,0.10177271
v1,MITO,8,PB000140_I06,0.0990649
v1,MITO,9,PB000140_I06,0.0950051
v1,MITO,10,PB000140_I06,0.09224428
v1,MITO,11,PB000140_I06,0.09362609
v1,MITO,0,PB000140_K09,0.13750891
v1,MITO,1,PB000140_K09,0.13204093
v1,MITO,2,PB000140_K09,0.12996598
v1,MITO,3,PB000140_K09,0.1274535
v1,MITO,4,PB000140_K09,0.12454949
v1,MITO,5,PB000140_K09,0.12136493
v1,MITO,6,PB000140_K09,0.11900527
v1,MITO,7,PB000140_K09,0.114033476
v1,MITO,8,PB000140_K09,0.11266464
v1,MITO,9,PB000140_K09,0.11185322
v1,MITO,10,PB000140_K09,0.10940253
v1,MITO,11,PB000140_K09,0.10653393
v1,MITO,0,PB000140_N05,0.11799786
v1,MITO,1,PB000140_N05,0.12780501
v1,MITO,2,PB000140_N05,0.13785048
v1,MITO,3,PB000140_N05,0.13521653
v1,MITO,4,PB000140_N05,0.1383168
v1,MITO,5,PB000140_N05,0.13705721
v1,MITO,6,PB000140_N05,0.13501665
v1,MITO,7,PB000140_N05,0.13458304
v1,MITO,8,PB000140_N05,0.13254711
v1,MITO,9,PB000140_N05,0.1316634
v1,MITO,10,PB000140_N05,0.13022864
v1,MITO,11,PB000140_N05,0.12796374
v1,MITO,0,PB000140_O07,0.10017883
v1,MITO,1,PB000140_O07,0.113328636
v1,MITO,2,PB000140_O07,0.1180979
v1,MITO,3,PB000140_O07,0.1261235
v1,MITO,4,PB000140_O07,0.12652925
v1,MITO,5,PB000140_O07,0.12159678
v1,MITO,6,PB000140_O07,0.12731302
v1,MITO,7,PB000140_O07,0.12377938
v1,MITO,8,PB000140_O07,0.12725124
v1,MITO,9,PB000140_O07,0.12173413
v1,MITO,10,PB000140_O07,0.123129755
v1,MITO,11,PB000140_O07,0.12044846
v1,MITO,0,PB000140_O11,0.13610023
v1,MITO,1,PB000140_O11,0.13646977
v1,MITO,2,PB000140_O11,0.13097274
v1,MITO,3,PB000140_O11,0.1281282
v1,MITO,4,PB000140_O11,0.12572542
v1,MITO,5,PB000140_O11,0.12184629
v1,MITO,6,PB000140_O11,0.12107596
v1,MITO,7,PB000140_O11,0.1145177
v1,MITO,8,PB000140_O11,0.11219936
v1,MITO,9,PB000140_O11,0.113997415
v1,MITO,10,PB000140_O11,0.114532545
v1,MITO,11,PB000140_O11,0.116553314
v1,CONC,0,PB000137_B22,0.016757961
v1,CONC,1,PB000137_B22,0.016788566
v1,CONC,2,PB000137_B22,0.017528564
v1,CONC,3,PB000137_B22,0.017543523
v1,CONC,4,PB000137_B22,0.01759729
v1,CONC,5,PB000137_B22,0.017870428
v1,CONC,6,PB000137_B22,0.018006062
v1,CONC,7,PB000137_B22,0.016993128
v1,CONC,8,PB000137_B22,0.016928054
v1,CONC,9,PB000137_B22,0.016139852
v1,CONC,10,PB000137_B22,0.015914751
v1,CONC,11,PB000137_B22,0.015936932
v1,CONC,0,PB000137_C05,0.014288621
v1,CONC,1,PB000137_C05,0.01689898
v1,CONC,2,PB000137_C05,0.017124698
v1,CONC,3,PB000137_C05,0.016722389
v1,CONC,4,PB000137_C05,0.015737755
v1,CONC,5,PB000137_C05,0.014804831
v1,CONC,6,PB000137_C05,0.014461393
v1,CONC,7,PB000137_C05,0.013746756
v1,CONC,8,PB000137_C05,0.013316669
v1,CONC,9,PB000137_C05,0.0129140895
v1,CONC,10,PB000137_C05,0.012600469
v1,CONC,11,PB000137_C05,0.012405014
v1,CONC,0,PB000137_D12,0.019499931
v1,CONC,1,PB000137_D12,0.023942498
v1,CONC,2,PB000137_D12,0.02511305
v1,CONC,3,PB000137_D12,0.024363827
v1,CONC,4,PB000137_D12,0.023416396
v1,CONC,5,PB000137_D12,0.022590593
v1,CONC,6,PB000137_D12,0.021681238
v1,CONC,7,PB000137_D12,0.020581547
v1,CONC,8,PB000137_D12,0.019654628
v1,CONC,9,PB000137_D12,0.018575858
v1,CONC,10,PB000137_D12,0.017738651
v1,CONC,11,PB000137_D12,0.017079137
v1,CONC,0,PB000137_E16,0.015476937
v1,CONC,1,PB000137_E16,0.01680008
v1,CONC,2,PB000137_E16,0.017776227
v1,CONC,3,PB000137_E16,0.017524574
v1,CONC,4,PB000137_E16,0.017060915
v1,CONC,5,PB000137_E16,0.01653679
v1,CONC,6,PB000137_E16,0.016318887
v1,CONC,7,PB000137_E16,0.016053958
v1,CONC,8,PB000137_E16,0.015865857
v1,CONC,9,PB000137_E16,0.015466136
v1,CONC,10,PB000137_E16,0.015319598
v1,CONC,11,PB000137_E16,0.014816085
v1,CONC,0,PB000137_F06,0.011173131
v1,CONC,1,PB000137_F06,0.011930926
v1,CONC,2,PB000137_F06,0.012958102
v1,CONC,3,PB000137_F06,0.01321751
v1,CONC,4,PB000137_F06,0.013421778
v1,CONC,5,PB000137_F06,0.01333951
v1,CONC,6,PB000137_F06,0.013193428
v1,CONC,7,PB000137_F06,0.012885233
v1,CONC,8,PB000137_F06,0.012549484
v1,CONC,9,PB000137_F06,0.012195879
v1,CONC,10,PB000137_F06,0.011825711
v1,CONC,11,PB000137_F06,0.01173238
v1,CONC,0,PB000137_F20,0.015396436
v1,CONC,1,PB000137_F20,0.017511224
v1,CONC,2,PB000137_F20,0.019568507
v1,CONC,3,PB000137_F20,0.018776488
v1,CONC,4,PB000137_F20,0.01845737
v1,CONC,5,PB000137_F20,0.017905528
v1,CONC,6,PB000137_F20,0.017367931
v1,CONC,7,PB000137_F20,0.016935471
v1,CONC,8,PB000137_F20,0.016559407
v1,CONC,9,PB000137_F20,0.01605273
v1,CONC,10,PB000137_F20,0.015604556
v1,CONC,11,PB000137_F20,0.015217036
v1,CONC,0,PB000137_G02,0.011709232
v1,CONC,1,PB000137_G02,0.012476716
v1,CONC,2,PB000137_G02,0.0135360155
v1,CONC,3,PB000137_G02,0.013931041
v1,CONC,4,PB000137_G02,0.013490801
v1,CONC,5,PB000137_G02,0.013223074
v1,CONC,6,PB000137_G02,0.013206368
v1,CONC,7,PB000137_G02,0.013059636
v1,CONC,8,PB000137_G02,0.012809477
v1,CONC,9,PB000137_G02,0.012545913
v1,CONC,10,PB000137_G02,0.012446063
v1,CONC,11,PB000137_G02,0.012232719
v1,CONC,0,PB000137_G13,0.015287767
v1,CONC,1,PB000137_G13,0.016954802
v1,CONC,2,PB000137_G13,0.01744619
v1,CONC,3,PB000137_G13,0.017100547
v1,CONC,4,PB000137_G13,0.01654528
v1,CONC,5,PB000137_G13,0.016383808
v1,CONC,6,PB000137_G13,0.015561684
v1,CONC,7,PB000137_G13,0.015133945
v1,CONC,8,PB000137_G13,0.014638498
v1,CONC,9,PB000137_G13,0.014215947
v1,CONC,10,PB000137_G13,0.014024703
v1,CONC,11,PB000137_G13,0.01378371
v1,CONC,0,PB000137_H10,0.012547988
v1,CONC,1,PB000137_H10,0.012274547
v1,CONC,2,PB000137_H10,0.013748862
v1,CONC,3,PB000137_H10,0.014342029
v1,CONC,4,PB000137_H10,0.014124484
v1,CONC,5,PB000137_H10,0.0137698
v1,CONC,6,PB000137_H10,0.013780981
v1,CONC,7,PB000137_H10,0.013453489
v1,CONC,8,PB000137_H10,0.0128619345
v1,CONC,9,PB000137_H10,0.012744581
v1,CONC,10,PB000137_H10,0.012744944
v1,CONC,11,PB000137_H10,0.012391344
v1,CONC,0,PB000137_H17,0.015366416
v1,CONC,1,PB000137_H17,0.017408554
v1,CONC,2,PB000137_H17,0.019993678
v1,CONC,3,PB000137_H17,0.020628523
v1,CONC,4,PB000137_H17,0.020281613
v1,CONC,5,PB000137_H17,0.019481698
v1,CONC,6,PB000137_H17,0.018799357
v1,CONC,7,PB000137_H17,0.017999396
v1,CONC,8,PB000137_H17,0.017648924
v1,CONC,9,PB000137_H17,0.017093927
v1,CONC,10,PB000137_H17,0.016681552
v1,CONC,11,PB000137_H17,0.016440548
v1,CONC,0,PB000137_I21,0.015471297
v1,CONC,1,PB000137_I21,0.016708883
v1,CONC,2,PB000137_I21,0.017930962
v1,CONC,3,PB000137_I21,0.017939974
v1,CONC,4,PB000137_I21,0.017526936
v1,CONC,5,PB000137_I21,0.017488629
v1,CONC,6,PB000137_I21,0.016969435
v1,CONC,7,PB000137_I21,0.016694989
v1,CONC,8,PB000137_I21,0.016595766
v1,CONC,9,PB000137_I21,0.016239826
v1,CONC,10,PB000137_I21,0.01546908
v1,CONC,11,PB000137_I21,0.015248682
v1,CONC,0,PB000137_J03,0.017673597
v1,CONC,1,PB000137_J03,0.020179823
v1,CONC,2,PB000137_J03,0.02042919
v1,CONC,3,PB000137_J03,0.020312702
v1,CONC,4,PB000137_J03,0.01950908
v1,CONC,5,PB000137_J03,0.018872177
v1,CONC,6,PB000137_J03,0.018423786
v1,CONC,7,PB000137_J03,0.017633405
v1,CONC,8,PB000137_J03,0.016859837
v1,CONC,9,PB000137_J03,0.016070196
v1,CONC,10,PB000137_J03,0.01531718
v1,CONC,11,PB000137_J03,0.014827657
v1,CONC,0,PB000137_J14,0.012253859
v1,CONC,1,PB000137_J14,0.015758956
v1,CONC,2,PB000137_J14,0.018788459
v1,CONC,3,PB000137_J14,0.020559411
v1,CONC,4,PB000137_J14,0.019873003
v1,CONC,5,PB000137_J14,0.019585274
v1,CONC,6,PB000137_J14,0.019218057
v1,CONC,7,PB000137_J14,0.018466081
v1,CONC,8,PB000137_J14,0.017693616
v1,CONC,9,PB000137_J14,0.016992195
v1,CONC,10,PB000137_J14,0.016210422
v1,CONC,11,PB000137_J14,0.015509814
v1,CONC,0,PB000137_K11,0.015324108
v1,CONC,1,PB000137_K11,0.01612815
v1,CONC,2,PB000137_K11,0.016463663
v1,CONC,3,PB000137_K11,0.01720514
v1,CONC,4,PB000137_K11,0.01752081
v1,CONC,5,PB000137_K11,0.017097909
v1,CONC,6,PB000137_K11,0.016918544
v1,CONC,7,PB000137_K11,0.016596291
v1,CONC,8,PB000137_K11,0.016261596
v1,CONC,9,PB000137_K11,0.01570674
v1,CONC,10,PB000137_K11,0.015313397
v1,CONC,11,PB000137_K11,0.014732039
v1,CONC,0,PB000137_L07,0.011264393
v1,CONC,1,PB000137_L07,0.0116472645
v1,CONC,2,PB000137_L07,0.011620745
v1,CONC,3,PB000137_L07,0.01159864
v1,CONC,4,PB000137_L07,0.011470268
v1,CONC,5,PB000137_L07,0.01115147
v1,CONC,6,PB000137_L07,0.011052771
v1,CONC,7,PB000137_L07,0.010818352
v1,CONC,8,PB000137_L07,0.010629093
v1,CONC,9,PB000137_L07,0.010424722
v1,CONC,10,PB000137_L07,0.010504022
v1,CONC,11,PB000137_L07,0.010117516
v1,CONC,0,PB000137_L18,0.01565966
v1,CONC,1,PB000137_L18,0.017452877
v1,CONC,2,PB000137_L18,0.018278725
v1,CONC,3,PB000137_L18,0.017863384
v1,CONC,4,PB000137_L18,0.017331013
v1,CONC,5,PB000137_L18,0.016639996
v1,CONC,6,PB000137_L18,0.016011946
v1,CONC,7,PB000137_L18,0.015241956
v1,CONC,8,PB000137_L18,0.014584257
v1,CONC,9,PB000137_L18,0.014088823
v1,CONC,10,PB000137_L18,0.013889598
v1,CONC,11,PB000137_L18,0.013566611
v1,CONC,0,PB000137_M23,0.017113434
v1,CONC,1,PB000137_M23,0.021368414
v1,CONC,2,PB000137_M23,0.023738354
v1,CONC,3,PB000137_M23,0.024334151
v1,CONC,4,PB000137_M23,0.023626301
v1,CONC,5,PB000137_M23,0.023092624
v1,CONC,6,PB000137_M23,0.022156145
v1,CONC,7,PB000137_M23,0.021302518
v1,CONC,8,PB000137_M23,0.020320714
v1,CONC,9,PB000137_M23,0.01987542
v1,CONC,10,PB000137_M23,0.019115083
v1,CONC,11,PB000137_M23,0.018503081
v1,CONC,0,PB000137_N15,0.011394247
v1,CONC,1,PB000137_N15,0.012106498
v1,CONC,2,PB000137_N15,0.012683934
v1,CONC,3,PB000137_N15,0.013246763
v1,CONC,4,PB000137_N15,0.013381863
v1,CONC,5,PB000137_N15,0.013192251
v1,CONC,6,PB000137_N15,0.012959483
v1,CONC,7,PB000137_N15,0.012668114
v1,CONC,8,PB000137_N15,0.012661905
v1,CONC,9,PB000137_N15,0.0122767
v1,CONC,10,PB000137_N15,0.012140691
v1,CONC,11,PB000137_N15,0.011784675
v1,CONC,0,PB000137_O09,0.011868568
v1,CONC,1,PB000137_O09,0.014156714
v1,CONC,2,PB000137_O09,0.014899995
v1,CONC,3,PB000137_O09,0.015371062
v1,CONC,4,PB000137_O09,0.014935415
v1,CONC,5,PB000137_O09,0.0145391235
v1,CONC,6,PB000137_O09,0.01389085
v1,CONC,7,PB000137_O09,0.013563859
v1,CONC,8,PB000137_O09,0.0130919805
v1,CONC,9,PB000137_O09,0.012382355
v1,CONC,10,PB000137_O09,0.012060504
v1,CONC,11,PB000137_O09,0.011686817
v1,CONC,0,PB000138_B22,0.019029738
v1,CONC,1,PB000138_B22,0.02370767
v1,CONC,2,PB000138_B22,0.024141118
v1,CONC,3,PB000138_B22,0.022225115
v1,CONC,4,PB000138_B22,0.020596722
v1,CONC,5,PB000138_B22,0.019854072
v1,CONC,6,PB000138_B22,0.019188289
v1,CONC,7,PB000138_B22,0.01846117
v1,CONC,8,PB000138_B22,0.01821458
v1,CONC,9,PB000138_B22,0.017735407
v1,CONC,10,PB000138_B22,0.017541233
v1,CONC,11,PB000138_B22,0.01791026
v1,CONC,0,PB000138_C05,0.021918962
v1,CONC,1,PB000138_C05,0.022689864
v1,CONC,2,PB000138_C05,0.023531139
v1,CONC,3,PB000138_C05,0.024222497
v1,CONC,4,PB000138_C05,0.023480203
v1,CONC,5,PB000138_C05,0.022950258
v1,CONC,6,PB000138_C05,0.021856114
v1,CONC,7,PB000138_C05,0.021060482
v1,CONC,8,PB000138_C05,0.020464525
v1,CONC,9,PB000138_C05,0.019478794
v1,CONC,10,PB000138_C05,0.019266775
v1,CONC,11,PB000138_C05,0.018458117
v1,CONC,0,PB000138_D12,0.019285586
v1,CONC,1,PB000138_D12,0.023162566
v1,CONC,2,PB000138_D12,0.025887629
v1,CONC,3,PB000138_D12,0.027110673
v1,CONC,4,PB000138_D12,0.02586701
v1,CONC,5,PB000138_D12,0.02482519
v1,CONC,6,PB000138_D12,0.024148364
v1,CONC,7,PB000138_D12,0.02378035
v1,CONC,8,PB000138_D12,0.02278348
v1,CONC,9,PB000138_D12,0.0219886
v1,CONC,10,PB000138_D12,0.021146638
v1,CONC,11,PB000138_D12,0.020282324
v1,CONC,0,PB000138_E16,0.013287776
v1,CONC,1,PB000138_E16,0.015596161
v1,CONC,2,PB000138_E16,0.021709494
v1,CONC,3,PB000138_E16,0.023503445
v1,CONC,4,PB000138_E16,0.023406513
v1,CONC,5,PB000138_E16,0.022981519
v1,CONC,6,PB000138_E16,0.022159273
v1,CONC,7,PB000138_E16,0.02151412
v1,CONC,8,PB000138_E16,0.020959057
v1,CONC,9,PB000138_E16,0.020231709
v1,CONC,10,PB000138_E16,0.018932968
v1,CONC,11,PB000138_E16,0.018392833
v1,CONC,0,PB000138_F06,0.013617957
v1,CONC,1,PB000138_F06,0.017922757
v1,CONC,2,PB000138_F06,0.019560555
v1,CONC,3,PB000138_F06,0.021108568
v1,CONC,4,PB000138_F06,0.02150308
v1,CONC,5,PB000138_F06,0.021335946
v1,CONC,6,PB000138_F06,0.020825552
v1,CONC,7,PB000138_F06,0.019684516
v1,CONC,8,PB000138_F06,0.019283114
v1,CONC,9,PB000138_F06,0.018663045
v1,CONC,10,PB000138_F06,0.017626427
v1,CONC,11,PB000138_F06,0.01699799
v1,CONC,0,PB000138_F20,0.014081566
v1,CONC,1,PB000138_F20,0.017678663
v1,CONC,2,PB000138_F20,0.02011615
v1,CONC,3,PB000138_F20,0.021024592
v1,CONC,4,PB000138_F20,0.021190763
v1,CONC,5,PB000138_F20,0.02065282
v1,CONC,6,PB000138_F20,0.019834891
v1,CONC,7,PB000138_F20,0.019445976
v1,CONC,8,PB000138_F20,0.018966028
v1,CONC,9,PB000138_F20,0.017791852
v1,CONC,10,PB000138_F20,0.017464338
v1,CONC,11,PB000138_F20,0.017124506
v1,CONC,0,PB000138_G02,0.019449223
v1,CONC,1,PB000138_G02,0.021691564
v1,CONC,2,PB000138_G02,0.02122736
v1,CONC,3,PB000138_G02,0.020851929
v1,CONC,4,PB000138_G02,0.021034446
v1,CONC,5,PB000138_G02,0.01992365
v1,CONC,6,PB000138_G02,0.019821368
v1,CONC,7,PB000138_G02,0.019113263
v1,CONC,8,PB000138_G02,0.018891321
v1,CONC,9,PB000138_G02,0.018128797
v1,CONC,10,PB000138_G02,0.017583266
v1,CONC,11,PB000138_G02,0.017286573
v1,CONC,0,PB000138_G13,0.015591126
v1,CONC,1,PB000138_G13,0.019307205
v1,CONC,2,PB000138_G13,0.022783961
v1,CONC,3,PB000138_G13,0.023285063
v1,CONC,4,PB000138_G13,0.02364233
v1,CONC,5,PB000138_G13,0.022937786
v1,CONC,6,PB000138_G13,0.02237884
v1,CONC,7,PB000138_G13,0.021447467
v1,CONC,8,PB000138_G13,0.020878412
v1,CONC,9,PB000138_G13,0.01977852
v1,CONC,10,PB000138_G13,0.019274997
v1,CONC,11,PB000138_G13,0.018486181
v1,CONC,0,PB000138_H10,0.016112415
v1,CONC,1,PB000138_H10,0.019997183
v1,CONC,2,PB000138_H10,0.023694154
v1,CONC,3,PB000138_H10,0.023957508
v1,CONC,4,PB000138_H10,0.023644838
v1,CONC,5,PB000138_H10,0.023498908
v1,CONC,6,PB000138_H10,0.022407243
v1,CONC,7,PB000138_H10,0.021043673
v1,CONC,8,PB000138_H10,0.020250717
v1,CONC,9,PB000138_H10,0.019405557
v1,CONC,10,PB000138_H10,0.018329151
v1,CONC,11,PB000138_H10,0.017831577
v1,CONC,0,PB000138_H17,0.009834774
v1,CONC,1,PB000138_H17,0.011128148
v1,CONC,2,PB000138_H17,0.01153619
v1,CONC,3,PB000138_H17,0.011366084
v1,CONC,4,PB000138_H17,0.010912151
v1,CONC,5,PB000138_H17,0.010442028
v1,CONC,6,PB000138_H17,0.01122076
v1,CONC,7,PB000138_H17,0.010156514
v1,CONC,8,PB000138_H17,0.013560699
v1,CONC,9,PB000138_H17,0.013490649
v1,CONC,10,PB000138_H17,0.013277377
v1,CONC,11,PB000138_H17,0.013091654
v1,CONC,0,PB000138_I21,0.014806042
v1,CONC,1,PB000138_I21,0.015024135
v1,CONC,2,PB000138_I21,0.016378121
v1,CONC,3,PB000138_I21,0.017428236
v1,CONC,4,PB000138_I21,0.01732019
v1,CONC,5,PB000138_I21,0.016611416
v1,CONC,6,PB000138_I21,0.016330402
v1,CONC,7,PB000138_I21,0.01591974
v1,CONC,8,PB000138_I21,0.01583918
v1,CONC,9,PB000138_I21,0.01533881
v1,CONC,10,PB000138_I21,0.015019754
v1,CONC,11,PB000138_I21,0.014934118
v1,CONC,0,PB000138_J03,0.016964495
v1,CONC,1,PB000138_J03,0.018584093
v1,CONC,2,PB000138_J03,0.019003423
v1,CONC,3,PB000138_J03,0.019132607
v1,CONC,4,PB000138_J03,0.018541995
v1,CONC,5,PB000138_J03,0.017769543
v1,CONC,6,PB000138_J03,0.017279366
v1,CONC,7,PB000138_J03,0.017106298
v1,CONC,8,PB000138_J03,0.016328432
v1,CONC,9,PB000138_J03,0.016019624
v1,CONC,10,PB000138_J03,0.015622504
v1,CONC,11,PB000138_J03,0.015388669
v1,CONC,0,PB000138_J14,0.013814591
v1,CONC,1,PB000138_J14,0.017060485
v1,CONC,2,PB000138_J14,0.020460768
v1,CONC,3,PB000138_J14,0.020979244
v1,CONC,4,PB000138_J14,0.020878559
v1,CONC,5,PB000138_J14,0.020619081
v1,CONC,6,PB000138_J14,0.019548874
v1,CONC,7,PB000138_J14,0.01896391
v1,CONC,8,PB000138_J14,0.018266391
v1,CONC,9,PB000138_J14,0.017423473
v1,CONC,10,PB000138_J14,0.016458334
v1,CONC,11,PB000138_J14,0.016065788
v1,CONC,0,PB000138_K11,0.009808222
v1,CONC,1,PB000138_K11,0.010991305
v1,CONC,2,PB000138_K11,0.010785936
v1,CONC,3,PB000138_K11,0.011170759
v1,CONC,4,PB000138_K11,0.011117696
v1,CONC,5,PB000138_K11,0.01080817
v1,CONC,6,PB000138_K11,0.010630298
v1,CONC,7,PB000138_K11,0.0105328085
v1,CONC,8,PB000138_K11,0.010329945
v1,CONC,9,PB000138_K11,0.010067825
v1,CONC,10,PB000138_K11,0.0100856535
v1,CONC,11,PB000138_K11,0.009928454
v1,CONC,0,PB000138_L07,0.017502783
v1,CONC,1,PB000138_L07,0.017696273
v1,CONC,2,PB000138_L07,0.019302042
v1,CONC,3,PB000138_L07,0.020840267
v1,CONC,4,PB000138_L07,0.020444984
v1,CONC,5,PB000138_L07,0.019884167
v1,CONC,6,PB000138_L07,0.018894475
v1,CONC,7,PB000138_L07,0.018078413
v1,CONC,8,PB000138_L07,0.017473115
v1,CONC,9,PB000138_L07,0.016847342
v1,CONC,10,PB000138_L07,0.01621253
v1,CONC,11,PB000138_L07,0.01562562
v1,CONC,0,PB000138_L18,0.016212726
v1,CONC,1,PB000138_L18,0.018488213
v1,CONC,2,PB000138_L18,0.01909871
v1,CONC,3,PB000138_L18,0.018736567
v1,CONC,4,PB000138_L18,0.018100616
v1,CONC,5,PB000138_L18,0.017469026
v1,CONC,6,PB000138_L18,0.01682242
v1,CONC,7,PB000138_L18,0.015959727
v1,CONC,8,PB000138_L18,0.015277429
v1,CONC,9,PB000138_L18,0.014879898
v1,CONC,10,PB000138_L18,0.014336452
v1,CONC,11,PB000138_L18,0.014005512
v1,CONC,0,PB000138_M23,0.014405495
v1,CONC,1,PB000138_M23,0.017257964
v1,CONC,2,PB000138_M23,0.02072122
v1,CONC,3,PB000138_M23,0.021718517
v1,CONC,4,PB000138_M23,0.021627845
v1,CONC,5,PB000138_M23,0.021010887
v1,CONC,6,PB000138_M23,0.020248493
v1,CONC,7,PB000138_M23,0.019763712
v1,CONC,8,PB000138_M23,0.019077923
v1,CONC,9,PB000138_M23,0.018446036
v1,CONC,10,PB000138_M23,0.01779127
v1,CONC,11,PB000138_M23,0.017329661
v1,CONC,0,PB000138_N04,0.0069041583
v1,CONC,1,PB000138_N04,0.0071004434
v1,CONC,2,PB000138_N04,0.007334626
v1,CONC,3,PB000138_N04,0.00709363
v1,CONC,4,PB000138_N04,0.007239639
v1,CONC,5,PB000138_N04,0.007127233
v1,CONC,6,PB000138_N04,0.007038757
v1,CONC,7,PB000138_N04,0.007092584
v1,CONC,8,PB000138_N04,0.0070222244
v1,CONC,9,PB000138_N04,0.0065191635
v1,CONC,10,PB000138_N04,0.0066719446
v1,CONC,11,PB000138_N04,0.0061376765
v1,CONC,0,PB000138_N15,0.017879806
v1,CONC,1,PB000138_N15,0.018862154
v1,CONC,2,PB000138_N15,0.019619158
v1,CONC,3,PB000138_N15,0.018932294
v1,CONC,4,PB000138_N15,0.018470878
v1,CONC,5,PB000138_N15,0.01752511
v1,CONC,6,PB000138_N15,0.016822573
v1,CONC,7,PB000138_N15,0.015936619
v1,CONC,8,PB000138_N15,0.015511327
v1,CONC,9,PB000138_N15,0.014893915
v1,CONC,10,PB000138_N15,0.014533789
v1,CONC,11,PB000138_N15,0.014221959
v1,CONC,0,PB000138_O09,0.006471276
v1,CONC,1,PB000138_O09,0.008095379
v1,CONC,2,PB000138_O09,0.010780514
v1,CONC,3,PB000138_O09,0.011164082
v1,CONC,4,PB000138_O09,0.010797805
v1,CONC,5,PB000138_O09,0.010595404
v1,CONC,6,PB000138_O09,0.010131632
v1,CONC,7,PB000138_O09,0.009384148
v1,CONC,8,PB000138_O09,0.009055791
v1,CONC,9,PB000138_O09,0.008695673
v1,CONC,10,PB000138_O09,0.008218678
v1,CONC,11,PB000138_O09,0.007983447
v1,CONC,0,PB000139_B04,0.01430212
v1,CONC,1,PB000139_B04,0.016156122
v1,CONC,2,PB000139_B04,0.017979285
v1,CONC,3,PB000139_B04,0.018776469
v1,CONC,4,PB000139_B04,0.018974036
v1,CONC,5,PB000139_B04,0.017872475
v1,CONC,6,PB000139_B04,0.018090429
v1,CONC,7,PB000139_B04,0.017736798
v1,CONC,8,PB000139_B04,0.016859671
v1,CONC,9,PB000139_B04,0.016527317
v1,CONC,10,PB000139_B04,0.01602266
v1,CONC,11,PB000139_B04,0.015709927
v1,CONC,0,PB000139_C10,0.015559856
v1,CONC,1,PB000139_C10,0.016745076
v1,CONC,2,PB000139_C10,0.017753117
v1,CONC,3,PB000139_C10,0.017125402
v1,CONC,4,PB000139_C10,0.016050514
v1,CONC,5,PB000139_C10,0.01586282
v1,CONC,6,PB000139_C10,0.01573498
v1,CONC,7,PB000139_C10,0.01535337
v1,CONC,8,PB000139_C10,0.014953289
v1,CONC,9,PB000139_C10,0.014722872
v1,CONC,10,PB000139_C10,0.014232125
v1,CONC,11,PB000139_C10,0.014175612
v1,CONC,0,PB000139_G03,0.016126057
v1,CONC,1,PB000139_G03,0.01808235
v1,CONC,2,PB000139_G03,0.019155106
v1,CONC,3,PB000139_G03,0.018903904
v1,CONC,4,PB000139_G03,0.018697508
v1,CONC,5,PB000139_G03,0.01833297
v1,CONC,6,PB000139_G03,0.01805381
v1,CONC,7,PB000139_G03,0.017476808
v1,CONC,8,PB000139_G03,0.01690198
v1,CONC,9,PB000139_G03,0.016460663
v1,CONC,10,PB000139_G03,0.016165983
v1,CONC,11,PB000139_G03,0.015830005
v1,CONC,0,PB000139_H12,0.018345464
v1,CONC,1,PB000139_H12,0.019865058
v1,CONC,2,PB000139_H12,0.019870128
v1,CONC,3,PB000139_H12,0.019215893
v1,CONC,4,PB000139_H12,0.01865465
v1,CONC,5,PB000139_H12,0.018084727
v1,CONC,6,PB000139_H12,0.017719263
v1,CONC,7,PB000139_H12,0.016824087
v1,CONC,8,PB000139_H12,0.016166959
v1,CONC,9,PB000139_H12,0.015462231
v1,CONC,10,PB000139_H12,0.014934895
v1,CONC,11,PB000139_H12,0.014457885
v1,CONC,0,PB000139_I06,0.012612438
v1,CONC,1,PB000139_I06,0.013089447
v1,CONC,2,PB000139_I06,0.0141263185
v1,CONC,3,PB000139_I06,0.014088964
v1,CONC,4,PB000139_I06,0.01408672
v1,CONC,5,PB000139_I06,0.013951553
v1,CONC,6,PB000139_I06,0.013653024
v1,CONC,7,PB000139_I06,0.0132680135
v1,CONC,8,PB000139_I06,0.012854674
v1,CONC,9,PB000139_I06,0.012605129
v1,CONC,10,PB000139_I06,0.012312805
v1,CONC,11,PB000139_I06,0.012036732
v1,CONC,0,PB000139_K09,0.01119119
v1,CONC,1,PB000139_K09,0.011442326
v1,CONC,2,PB000139_K09,0.011979832
v1,CONC,3,PB000139_K09,0.012670746
v1,CONC,4,PB000139_K09,0.012410187
v1,CONC,5,PB000139_K09,0.012631834
v1,CONC,6,PB000139_K09,0.012188038
v1,CONC,7,PB000139_K09,0.011842603
v1,CONC,8,PB000139_K09,0.01149994
v1,CONC,9,PB000139_K09,0.011093705
v1,CONC,10,PB000139_K09,0.011194547
v1,CONC,11,PB000139_K09,0.011171804
v1,CONC,0,PB000139_N05,0.0108490735
v1,CONC,1,PB000139_N05,0.011847377
v1,CONC,2,PB000139_N05,0.012273783
v1,CONC,3,PB000139_N05,0.013383588
v1,CONC,4,PB000139_N05,0.013678963
v1,CONC,5,PB000139_N05,0.013572228
v1,CONC,6,PB000139_N05,0.01346788
v1,CONC,7,PB000139_N05,0.013036
v1,CONC,8,PB000139_N05,0.012877994
v1,CONC,9,PB000139_N05,0.0126390215
v1,CONC,10,PB000139_N05,0.012289496
v1,CONC,11,PB000139_N05,0.012108992
v1,CONC,0,PB000139_O07,0.011331439
v1,CONC,1,PB000139_O07,0.0115282815
v1,CONC,2,PB000139_O07,0.0115406625
v1,CONC,3,PB000139_O07,0.011633598
v1,CONC,4,PB000139_O07,0.011698147
v1,CONC,5,PB000139_O07,0.011512598
v1,CONC,6,PB000139_O07,0.011361847
v1,CONC,7,PB000139_O07,0.011210149
v1,CONC,8,PB000139_O07,0.011048708
v1,CONC,9,PB000139_O07,0.01078398
v1,CONC,10,PB000139_O07,0.010741359
v1,CONC,11,PB000139_O07,0.010621602
v1,CONC,0,PB000139_O11,0.012224127
v1,CONC,1,PB000139_O11,0.013808217
v1,CONC,2,PB000139_O11,0.016089866
v1,CONC,3,PB000139_O11,0.017191263
v1,CONC,4,PB000139_O11,0.017210014
v1,CONC,5,PB000139_O11,0.016413942
v1,CONC,6,PB000139_O11,0.015324063
v1,CONC,7,PB000139_O11,0.0149635
v1,CONC,8,PB000139_O11,0.014288743
v1,CONC,9,PB000139_O11,0.013958549
v1,CONC,10,PB000139_O11,0.013686114
v1,CONC,11,PB000139_O11,0.013127362
v1,CONC,0,PB000140_B04,0.017723344
v1,CONC,1,PB000140_B04,0.019428348
v1,CONC,2,PB000140_B04,0.020598972
v1,CONC,3,PB000140_B04,0.02091028
v1,CONC,4,PB000140_B04,0.020895524
v1,CONC,5,PB000140_B04,0.021072578
v1,CONC,6,PB000140_B04,0.019545719
v1,CONC,7,PB000140_B04,0.020212155
v1,CONC,8,PB000140_B04,0.019571293
v1,CONC,9,PB000140_B04,0.019384619
v1,CONC,10,PB000140_B04,0.018699076
v1,CONC,11,PB000140_B04,0.018299662
v1,CONC,0,PB000140_C10,0.014795645
v1,CONC,1,PB000140_C10,0.017397823
v1,CONC,2,PB000140_C10,0.016698208
v1,CONC,3,PB000140_C10,0.018162321
v1,CONC,4,PB000140_C10,0.01824208
v1,CONC,5,PB000140_C10,0.017788228
v1,CONC,6,PB000140_C10,0.017336048
v1,CONC,7,PB000140_C10,0.016696768
v1,CONC,8,PB000140_C10,0.01638911
v1,CONC,9,PB000140_C10,0.015763635
v1,CONC,10,PB000140_C10,0.015571985
v1,CONC,11,PB000140_C10,0.015359037
v1,CONC,0,PB000140_E02,0.017477695
v1,CONC,1,PB000140_E02,0.020949548
v1,CONC,2,PB000140_E02,0.022873506
v1,CONC,3,PB000140_E02,0.022647657
v1,CONC,4,PB000140_E02,0.022344086
v1,CONC,5,PB000140_E02,0.021948209
v1,CONC,6,PB000140_E02,0.02059054
v1,CONC,7,PB000140_E02,0.019955993
v1,CONC,8,PB000140_E02,0.019340672
v1,CONC,9,PB000140_E02,0.018732496
v1,CONC,10,PB000140_E02,0.017926257
v1,CONC,11,PB000140_E02,0.017425053
v1,CONC,0,PB000140_G03,0.01439824
v1,CONC,1,PB000140_G03,0.01508946
v1,CONC,2,PB000140_G03,0.016425718
v1,CONC,3,PB000140_G03,0.016466362
v1,CONC,4,PB000140_G03,0.015825395
v1,CONC,5,PB000140_G03,0.01546739
v1,CONC,6,PB000140_G03,0.015202779
v1,CONC,7,PB000140_G03,0.014737219
v1,CONC,8,PB000140_G03,0.014361329
v1,CONC,9,PB000140_G03,0.01431065
v1,CONC,10,PB000140_G03,0.013815427
v1,CONC,11,PB000140_G03,0.013358445
v1,CONC,0,PB000140_H12,0.013374547
v1,CONC,1,PB000140_H12,0.01490364
v1,CONC,2,PB000140_H12,0.01570737
v1,CONC,3,PB000140_H12,0.015581979
v1,CONC,4,PB000140_H12,0.015702972
v1,CONC,5,PB000140_H12,0.015252439
v1,CONC,6,PB000140_H12,0.014858694
v1,CONC,7,PB000140_H12,0.014627479
v1,CONC,8,PB000140_H12,0.014076763
v1,CONC,9,PB000140_H12,0.01391512
v1,CONC,10,PB000140_H12,0.013683212
v1,CONC,11,PB000140_H12,0.013385962
v1,CONC,0,PB000140_I06,0.013764466
v1,CONC,1,PB000140_I06,0.01512452
v1,CONC,2,PB000140_I06,0.015772335
v1,CONC,3,PB000140_I06,0.015642677
v1,CONC,4,PB000140_I06,0.015161581
v1,CONC,5,PB000140_I06,0.014573021
v1,CONC,6,PB000140_I06,0.014271505
v1,CONC,7,PB000140_I06,0.013777999
v1,CONC,8,PB000140_I06,0.013416431
v1,CONC,9,PB000140_I06,0.013075187
v1,CONC,10,PB000140_I06,0.012774279
v1,CONC,11,PB000140_I06,0.012766607
v1,CONC,0,PB000140_K09,0.01574412
v1,CONC,1,PB000140_K09,0.015473263
v1,CONC,2,PB000140_K09,0.016239185
v1,CONC,3,PB000140_K09,0.01638351
v1,CONC,4,PB000140_K09,0.015955217
v1,CONC,5,PB000140_K09,0.01539918
v1,CONC,6,PB000140_K09,0.015174519
v1,CONC,7,PB000140_K09,0.014491446
v1,CONC,8,PB000140_K09,0.014482293
v1,CONC,9,PB000140_K09,0.014392605
v1,CONC,10,PB000140_K09,0.013876532
v1,CONC,11,PB000140_K09,0.013542252
v1,CONC,0,PB000140_N05,0.013168029
v1,CONC,1,PB000140_N05,0.015558372
v1,CONC,2,PB000140_N05,0.017579664
v1,CONC,3,PB000140_N05,0.017332688
v1,CONC,4,PB000140_N05,0.017281068
v1,CONC,5,PB000140_N05,0.016982267
v1,CONC,6,PB000140_N05,0.015880898
v1,CONC,7,PB000140_N05,0.015779126
v1,CONC,8,PB000140_N05,0.015183516
v1,CONC,9,PB000140_N05,0.01472539
v1,CONC,10,PB000140_N05,0.01427863
v1,CONC,11,PB000140_N05,0.013935752
v1,CONC,0,PB000140_O07,0.012204866
v1,CONC,1,PB000140_O07,0.014713254
v1,CONC,2,PB000140_O07,0.015363762
v1,CONC,3,PB000140_O07,0.016565267
v1,CONC,4,PB000140_O07,0.01675523
v1,CONC,5,PB000140_O07,0.016172959
v1,CONC,6,PB000140_O07,0.016021764
v1,CONC,7,PB000140_O07,0.01574617
v1,CONC,8,PB000140_O07,0.015641406
v1,CONC,9,PB000140_O07,0.014823113
v1,CONC,10,PB000140_O07,0.014451383
v1,CONC,11,PB000140_O07,0.013932007
v1,CONC,0,PB000140_O11,0.0137699265
v1,CONC,1,PB000140_O11,0.0150291575
v1,CONC,2,PB000140_O11,0.015475176
v1,CONC,3,PB000140_O11,0.015111767
v1,CONC,4,PB000140_O11,0.014768566
v1,CONC,5,PB000140_O11,0.014400473
v1,CONC,6,PB000140_O11,0.014239025
v1,CONC,7,PB000140_O11,0.013547223
v1,CONC,8,PB000140_O11,0.013250121
v1,CONC,9,PB000140_O11,0.013317473
v1,CONC,10,PB000140_O11,0.013281061
v1,CONC,11,PB000140_O11,0.0131383585
v1,PHAandWGA,0,PB000137_B22,0.06435403
v1,PHAandWGA,1,PB000137_B22,0.062060576
v1,PHAandWGA,2,PB000137_B22,0.06562299
v1,PHAandWGA,3,PB000137_B22,0.06649775
v1,PHAandWGA,4,PB000137_B22,0.067474715
v1,PHAandWGA,5,PB000137_B22,0.06834045
v1,PHAandWGA,6,PB000137_B22,0.06818919
v1,PHAandWGA,7,PB000137_B22,0.06526499
v1,PHAandWGA,8,PB000137_B22,0.06383931
v1,PHAandWGA,9,PB000137_B22,0.060777944
v1,PHAandWGA,10,PB000137_B22,0.061819457
v1,PHAandWGA,11,PB000137_B22,0.06303355
v1,PHAandWGA,0,PB000137_C05,0.07281278
v1,PHAandWGA,1,PB000137_C05,0.081501305
v1,PHAandWGA,2,PB000137_C05,0.086879715
v1,PHAandWGA,3,PB000137_C05,0.08504933
v1,PHAandWGA,4,PB000137_C05,0.08157718
v1,PHAandWGA,5,PB000137_C05,0.076412424
v1,PHAandWGA,6,PB000137_C05,0.075279206
v1,PHAandWGA,7,PB000137_C05,0.07105928
v1,PHAandWGA,8,PB000137_C05,0.069030255
v1,PHAandWGA,9,PB000137_C05,0.06644434
v1,PHAandWGA,10,PB000137_C05,0.062836476
v1,PHAandWGA,11,PB000137_C05,0.06313611
v1,PHAandWGA,0,PB000137_D12,0.07270443
v1,PHAandWGA,1,PB000137_D12,0.083564065
v1,PHAandWGA,2,PB000137_D12,0.0872215
v1,PHAandWGA,3,PB000137_D12,0.086759396
v1,PHAandWGA,4,PB000137_D12,0.085822225
v1,PHAandWGA,5,PB000137_D12,0.08417819
v1,PHAandWGA,6,PB000137_D12,0.08332022
v1,PHAandWGA,7,PB000137_D12,0.079797275
v1,PHAandWGA,8,PB000137_D12,0.07669039
v1,PHAandWGA,9,PB000137_D12,0.07218002
v1,PHAandWGA,10,PB000137_D12,0.069283724
v1,PHAandWGA,11,PB000137_D12,0.06722647
v1,PHAandWGA,0,PB000137_E16,0.06073885
v1,PHAandWGA,1,PB000137_E16,0.06497652
v1,PHAandWGA,2,PB000137_E16,0.06831378
v1,PHAandWGA,3,PB000137_E16,0.06826189
v1,PHAandWGA,4,PB000137_E16,0.067771815
v1,PHAandWGA,5,PB000137_E16,0.065961994
v1,PHAandWGA,6,PB000137_E16,0.06401699
v1,PHAandWGA,7,PB000137_E16,0.06303922
v1,PHAandWGA,8,PB000137_E16,0.06223674
v1,PHAandWGA,9,PB000137_E16,0.061708502
v1,PHAandWGA,10,PB000137_E16,0.061043408
v1,PHAandWGA,11,PB000137_E16,0.05647402
v1,PHAandWGA,0,PB000137_F06,0.05273225
v1,PHAandWGA,1,PB000137_F06,0.054063722
v1,PHAandWGA,2,PB000137_F06,0.058156908
v1,PHAandWGA,3,PB000137_F06,0.059876807
v1,PHAandWGA,4,PB000137_F06,0.061863184
v1,PHAandWGA,5,PB000137_F06,0.060202226
v1,PHAandWGA,6,PB000137_F06,0.0607685
v1,PHAandWGA,7,PB000137_F06,0.060800996
v1,PHAandWGA,8,PB000137_F06,0.058436252
v1,PHAandWGA,9,PB000137_F06,0.056707773
v1,PHAandWGA,10,PB000137_F06,0.054212123
v1,PHAandWGA,11,PB000137_F06,0.052679647
v1,PHAandWGA,0,PB000137_F20,0.05804625
v1,PHAandWGA,1,PB000137_F20,0.06533073
v1,PHAandWGA,2,PB000137_F20,0.07041149
v1,PHAandWGA,3,PB000137_F20,0.070320025
v1,PHAandWGA,4,PB000137_F20,0.07082597
v1,PHAandWGA,5,PB000137_F20,0.06875419
v1,PHAandWGA,6,PB000137_F20,0.067323595
v1,PHAandWGA,7,PB000137_F20,0.06613897
v1,PHAandWGA,8,PB000137_F20,0.06502938
v1,PHAandWGA,9,PB000137_F20,0.06299554
v1,PHAandWGA,10,PB000137_F20,0.06070062
v1,PHAandWGA,11,PB000137_F20,0.059387192
v1,PHAandWGA,0,PB000137_G02,0.04877568
v1,PHAandWGA,1,PB000137_G02,0.051493317
v1,PHAandWGA,2,PB000137_G02,0.054803878
v1,PHAandWGA,3,PB000137_G02,0.057404865
v1,PHAandWGA,4,PB000137_G02,0.055050932
v1,PHAandWGA,5,PB000137_G02,0.053711064
v1,PHAandWGA,6,PB000137_G02,0.052859828
v1,PHAandWGA,7,PB000137_G02,0.053361215
v1,PHAandWGA,8,PB000137_G02,0.051805124
v1,PHAandWGA,9,PB000137_G02,0.050903156
v1,PHAandWGA,10,PB000137_G02,0.04928229
v1,PHAandWGA,11,PB000137_G02,0.048008703
v1,PHAandWGA,0,PB000137_G13,0.06433767
v1,PHAandWGA,1,PB000137_G13,0.070167184
v1,PHAandWGA,2,PB000137_G13,0.0735026
v1,PHAandWGA,3,PB000137_G13,0.07182698
v1,PHAandWGA,4,PB000137_G13,0.07072532
v1,PHAandWGA,5,PB000137_G13,0.070306554
v1,PHAandWGA,6,PB000137_G13,0.06649026
v1,PHAandWGA,7,PB000137_G13,0.06448405
v1,PHAandWGA,8,PB000137_G13,0.062519915
v1,PHAandWGA,9,PB000137_G13,0.060816284
v1,PHAandWGA,10,PB000137_G13,0.060848948
v1,PHAandWGA,11,PB000137_G13,0.05900187
v1,PHAandWGA,0,PB000137_H10,0.058263697
v1,PHAandWGA,1,PB000137_H10,0.058407918
v1,PHAandWGA,2,PB000137_H10,0.064538755
v1,PHAandWGA,3,PB000137_H10,0.066107824
v1,PHAandWGA,4,PB000137_H10,0.06550015
v1,PHAandWGA,5,PB000137_H10,0.06295541
v1,PHAandWGA,6,PB000137_H10,0.063966185
v1,PHAandWGA,7,PB000137_H10,0.060082536
v1,PHAandWGA,8,PB000137_H10,0.058418993
v1,PHAandWGA,9,PB000137_H10,0.058206785
v1,PHAandWGA,10,PB000137_H10,0.05812574
v1,PHAandWGA,11,PB000137_H10,0.0558653
v1,PHAandWGA,0,PB000137_H17,0.05850709
v1,PHAandWGA,1,PB000137_H17,0.06529229
v1,PHAandWGA,2,PB000137_H17,0.07100027
v1,PHAandWGA,3,PB000137_H17,0.07439101
v1,PHAandWGA,4,PB000137_H17,0.07470481
v1,PHAandWGA,5,PB000137_H17,0.072756335
v1,PHAandWGA,6,PB000137_H17,0.07069928
v1,PHAandWGA,7,PB000137_H17,0.06807477
v1,PHAandWGA,8,PB000137_H17,0.06790635
v1,PHAandWGA,9,PB000137_H17,0.066073015
v1,PHAandWGA,10,PB000137_H17,0.064496964
v1,PHAandWGA,11,PB000137_H17,0.06342216
v1,PHAandWGA,0,PB000137_I21,0.05717727
v1,PHAandWGA,1,PB000137_I21,0.058853827
v1,PHAandWGA,2,PB000137_I21,0.06358294
v1,PHAandWGA,3,PB000137_I21,0.06526224
v1,PHAandWGA,4,PB000137_I21,0.06467802
v1,PHAandWGA,5,PB000137_I21,0.063645
v1,PHAandWGA,6,PB000137_I21,0.062776044
v1,PHAandWGA,7,PB000137_I21,0.062367857
v1,PHAandWGA,8,PB000137_I21,0.061439507
v1,PHAandWGA,9,PB000137_I21,0.061593782
v1,PHAandWGA,10,PB000137_I21,0.058216065
v1,PHAandWGA,11,PB000137_I21,0.05680436
v1,PHAandWGA,0,PB000137_J03,0.066845685
v1,PHAandWGA,1,PB000137_J03,0.07324302
v1,PHAandWGA,2,PB000137_J03,0.07626665
v1,PHAandWGA,3,PB000137_J03,0.078304134
v1,PHAandWGA,4,PB000137_J03,0.07621679
v1,PHAandWGA,5,PB000137_J03,0.07267876
v1,PHAandWGA,6,PB000137_J03,0.07017247
v1,PHAandWGA,7,PB000137_J03,0.06756987
v1,PHAandWGA,8,PB000137_J03,0.063537456
v1,PHAandWGA,9,PB000137_J03,0.060337983
v1,PHAandWGA,10,PB000137_J03,0.057812236
v1,PHAandWGA,11,PB000137_J03,0.054677047
v1,PHAandWGA,0,PB000137_J14,0.05418316
v1,PHAandWGA,1,PB000137_J14,0.065804884
v1,PHAandWGA,2,PB000137_J14,0.07470591
v1,PHAandWGA,3,PB000137_J14,0.08176088
v1,PHAandWGA,4,PB000137_J14,0.0792789
v1,PHAandWGA,5,PB000137_J14,0.07998633
v1,PHAandWGA,6,PB000137_J14,0.078237854
v1,PHAandWGA,7,PB000137_J14,0.07547788
v1,PHAandWGA,8,PB000137_J14,0.07268235
v1,PHAandWGA,9,PB000137_J14,0.06996408
v1,PHAandWGA,10,PB000137_J14,0.06734873
v1,PHAandWGA,11,PB000137_J14,0.06541794
v1,PHAandWGA,0,PB000137_K11,0.056997024
v1,PHAandWGA,1,PB000137_K11,0.05873789
v1,PHAandWGA,2,PB000137_K11,0.061320055
v1,PHAandWGA,3,PB000137_K11,0.06231413
v1,PHAandWGA,4,PB000137_K11,0.06286259
v1,PHAandWGA,5,PB000137_K11,0.063620515
v1,PHAandWGA,6,PB000137_K11,0.060954172
v1,PHAandWGA,7,PB000137_K11,0.06154729
v1,PHAandWGA,8,PB000137_K11,0.06048857
v1,PHAandWGA,9,PB000137_K11,0.05916159
v1,PHAandWGA,10,PB000137_K11,0.05802641
v1,PHAandWGA,11,PB000137_K11,0.055629183
v1,PHAandWGA,0,PB000137_L07,0.056609757
v1,PHAandWGA,1,PB000137_L07,0.05794704
v1,PHAandWGA,2,PB000137_L07,0.05661228
v1,PHAandWGA,3,PB000137_L07,0.05712866
v1,PHAandWGA,4,PB000137_L07,0.057068273
v1,PHAandWGA,5,PB000137_L07,0.055389576
v1,PHAandWGA,6,PB000137_L07,0.05552274
v1,PHAandWGA,7,PB000137_L07,0.053512976
v1,PHAandWGA,8,PB000137_L07,0.05240895
v1,PHAandWGA,9,PB000137_L07,0.051586762
v1,PHAandWGA,10,PB000137_L07,0.05028793
v1,PHAandWGA,11,PB000137_L07,0.04797089
v1,PHAandWGA,0,PB000137_L18,0.067212045
v1,PHAandWGA,1,PB000137_L18,0.07391161
v1,PHAandWGA,2,PB000137_L18,0.076607615
v1,PHAandWGA,3,PB000137_L18,0.07600894
v1,PHAandWGA,4,PB000137_L18,0.07276456
v1,PHAandWGA,5,PB000137_L18,0.06972995
v1,PHAandWGA,6,PB000137_L18,0.0679783
v1,PHAandWGA,7,PB000137_L18,0.06482684
v1,PHAandWGA,8,PB000137_L18,0.06202608
v1,PHAandWGA,9,PB000137_L18,0.059762403
v1,PHAandWGA,10,PB000137_L18,0.058612306
v1,PHAandWGA,11,PB000137_L18,0.05646045
v1,PHAandWGA,0,PB000137_M23,0.05923322
v1,PHAandWGA,1,PB000137_M23,0.07110115
v1,PHAandWGA,2,PB000137_M23,0.07733858
v1,PHAandWGA,3,PB000137_M23,0.081358
v1,PHAandWGA,4,PB000137_M23,0.08154657
v1,PHAandWGA,5,PB000137_M23,0.080875665
v1,PHAandWGA,6,PB000137_M23,0.07776469
v1,PHAandWGA,7,PB000137_M23,0.07553491
v1,PHAandWGA,8,PB000137_M23,0.0726921
v1,PHAandWGA,9,PB000137_M23,0.0712555
v1,PHAandWGA,10,PB000137_M23,0.06886899
v1,PHAandWGA,11,PB000137_M23,0.066181205
v1,PHAandWGA,0,PB000137_N15,0.050398014
v1,PHAandWGA,1,PB000137_N15,0.054849163
v1,PHAandWGA,2,PB000137_N15,0.057543915
v1,PHAandWGA,3,PB000137_N15,0.061765075
v1,PHAandWGA,4,PB000137_N15,0.060453508
v1,PHAandWGA,5,PB000137_N15,0.061045177
v1,PHAandWGA,6,PB000137_N15,0.0610305
v1,PHAandWGA,7,PB000137_N15,0.05972638
v1,PHAandWGA,8,PB000137_N15,0.05735522
v1,PHAandWGA,9,PB000137_N15,0.05552958
v1,PHAandWGA,10,PB000137_N15,0.054516677
v1,PHAandWGA,11,PB000137_N15,0.053173743
v1,PHAandWGA,0,PB000137_O09,0.06443766
v1,PHAandWGA,1,PB000137_O09,0.072004415
v1,PHAandWGA,2,PB000137_O09,0.07783189
v1,PHAandWGA,3,PB000137_O09,0.0809343
v1,PHAandWGA,4,PB000137_O09,0.08048825
v1,PHAandWGA,5,PB000137_O09,0.08035937
v1,PHAandWGA,6,PB000137_O09,0.07700125
v1,PHAandWGA,7,PB000137_O09,0.07365517
v1,PHAandWGA,8,PB000137_O09,0.072445214
v1,PHAandWGA,9,PB000137_O09,0.069248706
v1,PHAandWGA,10,PB000137_O09,0.066821
v1,PHAandWGA,11,PB000137_O09,0.06469803
v1,PHAandWGA,0,PB000138_B22,0.05515068
v1,PHAandWGA,1,PB000138_B22,0.06585639
v1,PHAandWGA,2,PB000138_B22,0.06682649
v1,PHAandWGA,3,PB000138_B22,0.064071774
v1,PHAandWGA,4,PB000138_B22,0.06230077
v1,PHAandWGA,5,PB000138_B22,0.060446892
v1,PHAandWGA,6,PB000138_B22,0.05829427
v1,PHAandWGA,7,PB000138_B22,0.056767195
v1,PHAandWGA,8,PB000138_B22,0.055658095
v1,PHAandWGA,9,PB000138_B22,0.054429956
v1,PHAandWGA,10,PB000138_B22,0.0537396
v1,PHAandWGA,11,PB000138_B22,0.053209327
v1,PHAandWGA,0,PB000138_C05,0.068381794
v1,PHAandWGA,1,PB000138_C05,0.07166977
v1,PHAandWGA,2,PB000138_C05,0.07563695
v1,PHAandWGA,3,PB000138_C05,0.07847342
v1,PHAandWGA,4,PB000138_C05,0.07782377
v1,PHAandWGA,5,PB000138_C05,0.07693964
v1,PHAandWGA,6,PB000138_C05,0.07287456
v1,PHAandWGA,7,PB000138_C05,0.070758104
v1,PHAandWGA,8,PB000138_C05,0.06814046
v1,PHAandWGA,9,PB000138_C05,0.06402744
v1,PHAandWGA,10,PB000138_C05,0.061510514
v1,PHAandWGA,11,PB000138_C05,0.05959311
v1,PHAandWGA,0,PB000138_D12,0.058854066
v1,PHAandWGA,1,PB000138_D12,0.0713868
v1,PHAandWGA,2,PB000138_D12,0.0784456
v1,PHAandWGA,3,PB000138_D12,0.082593955
v1,PHAandWGA,4,PB000138_D12,0.081650265
v1,PHAandWGA,5,PB000138_D12,0.08015451
v1,PHAandWGA,6,PB000138_D12,0.07821528
v1,PHAandWGA,7,PB000138_D12,0.07608563
v1,PHAandWGA,8,PB000138_D12,0.07251823
v1,PHAandWGA,9,PB000138_D12,0.07029342
v1,PHAandWGA,10,PB000138_D12,0.06831628
v1,PHAandWGA,11,PB000138_D12,0.06549717
v1,PHAandWGA,0,PB000138_E16,0.05109896
v1,PHAandWGA,1,PB000138_E16,0.05905787
v1,PHAandWGA,2,PB000138_E16,0.07652155
v1,PHAandWGA,3,PB000138_E16,0.0807102
v1,PHAandWGA,4,PB000138_E16,0.08271104
v1,PHAandWGA,5,PB000138_E16,0.08154959
v1,PHAandWGA,6,PB000138_E16,0.08046689
v1,PHAandWGA,7,PB000138_E16,0.07782105
v1,PHAandWGA,8,PB000138_E16,0.07702728
v1,PHAandWGA,9,PB000138_E16,0.07347025
v1,PHAandWGA,10,PB000138_E16,0.069053575
v1,PHAandWGA,11,PB000138_E16,0.06729912
v1,PHAandWGA,0,PB000138_F06,0.05634069
v1,PHAandWGA,1,PB000138_F06,0.07161736
v1,PHAandWGA,2,PB000138_F06,0.07328978
v1,PHAandWGA,3,PB000138_F06,0.0773668
v1,PHAandWGA,4,PB000138_F06,0.080499426
v1,PHAandWGA,5,PB000138_F06,0.08051119
v1,PHAandWGA,6,PB000138_F06,0.08087138
v1,PHAandWGA,7,PB000138_F06,0.07848642
v1,PHAandWGA,8,PB000138_F06,0.07505828
v1,PHAandWGA,9,PB000138_F06,0.07083724
v1,PHAandWGA,10,PB000138_F06,0.06808355
v1,PHAandWGA,11,PB000138_F06,0.06479137
v1,PHAandWGA,0,PB000138_F20,0.05170823
v1,PHAandWGA,1,PB000138_F20,0.062280744
v1,PHAandWGA,2,PB000138_F20,0.070997626
v1,PHAandWGA,3,PB000138_F20,0.0749951
v1,PHAandWGA,4,PB000138_F20,0.077000245
v1,PHAandWGA,5,PB000138_F20,0.07492289
v1,PHAandWGA,6,PB000138_F20,0.07433067
v1,PHAandWGA,7,PB000138_F20,0.07189332
v1,PHAandWGA,8,PB000138_F20,0.07035991
v1,PHAandWGA,9,PB000138_F20,0.0664164
v1,PHAandWGA,10,PB000138_F20,0.065889314
v1,PHAandWGA,11,PB000138_F20,0.06402306
v1,PHAandWGA,0,PB000138_G02,0.0687677
v1,PHAandWGA,1,PB000138_G02,0.07549679
v1,PHAandWGA,2,PB000138_G02,0.075516075
v1,PHAandWGA,3,PB000138_G02,0.073155835
v1,PHAandWGA,4,PB000138_G02,0.07314386
v1,PHAandWGA,5,PB000138_G02,0.071658656
v1,PHAandWGA,6,PB000138_G02,0.07056344
v1,PHAandWGA,7,PB000138_G02,0.067953914
v1,PHAandWGA,8,PB000138_G02,0.06499627
v1,PHAandWGA,9,PB000138_G02,0.06276572
v1,PHAandWGA,10,PB000138_G02,0.059328925
v1,PHAandWGA,11,PB000138_G02,0.05813431
v1,PHAandWGA,0,PB000138_G13,0.05638441
v1,PHAandWGA,1,PB000138_G13,0.064796135
v1,PHAandWGA,2,PB000138_G13,0.0748304
v1,PHAandWGA,3,PB000138_G13,0.07956413
v1,PHAandWGA,4,PB000138_G13,0.080773234
v1,PHAandWGA,5,PB000138_G13,0.080221005
v1,PHAandWGA,6,PB000138_G13,0.077926606
v1,PHAandWGA,7,PB000138_G13,0.07660637
v1,PHAandWGA,8,PB000138_G13,0.07483049
v1,PHAandWGA,9,PB000138_G13,0.07224285
v1,PHAandWGA,10,PB000138_G13,0.06928146
v1,PHAandWGA,11,PB000138_G13,0.06627695
v1,PHAandWGA,0,PB000138_H10,0.052578755
v1,PHAandWGA,1,PB000138_H10,0.061782293
v1,PHAandWGA,2,PB000138_H10,0.07138793
v1,PHAandWGA,3,PB000138_H10,0.0722881
v1,PHAandWGA,4,PB000138_H10,0.072107956
v1,PHAandWGA,5,PB000138_H10,0.07167876
v1,PHAandWGA,6,PB000138_H10,0.06952337
v1,PHAandWGA,7,PB000138_H10,0.06752041
v1,PHAandWGA,8,PB000138_H10,0.066157244
v1,PHAandWGA,9,PB000138_H10,0.06374743
v1,PHAandWGA,10,PB000138_H10,0.06174384
v1,PHAandWGA,11,PB000138_H10,0.06077892
v1,PHAandWGA,0,PB000138_H17,0.035056576
v1,PHAandWGA,1,PB000138_H17,0.039690156
v1,PHAandWGA,2,PB000138_H17,0.042627566
v1,PHAandWGA,3,PB000138_H17,0.04141256
v1,PHAandWGA,4,PB000138_H17,0.04050484
v1,PHAandWGA,5,PB000138_H17,0.040421784
v1,PHAandWGA,6,PB000138_H17,0.0423933
v1,PHAandWGA,7,PB000138_H17,0.039612763
v1,PHAandWGA,8,PB000138_H17,0.059203774
v1,PHAandWGA,9,PB000138_H17,0.0599145
v1,PHAandWGA,10,PB000138_H17,0.060084637
v1,PHAandWGA,11,PB000138_H17,0.052142557
v1,PHAandWGA,0,PB000138_I21,0.05342094
v1,PHAandWGA,1,PB000138_I21,0.054308787
v1,PHAandWGA,2,PB000138_I21,0.05950904
v1,PHAandWGA,3,PB000138_I21,0.06468479
v1,PHAandWGA,4,PB000138_I21,0.063968405
v1,PHAandWGA,5,PB000138_I21,0.062149674
v1,PHAandWGA,6,PB000138_I21,0.061013296
v1,PHAandWGA,7,PB000138_I21,0.05930166
v1,PHAandWGA,8,PB000138_I21,0.058602497
v1,PHAandWGA,9,PB000138_I21,0.056435753
v1,PHAandWGA,10,PB000138_I21,0.055243004
v1,PHAandWGA,11,PB000138_I21,0.054715473
v1,PHAandWGA,0,PB000138_J03,0.061227906
v1,PHAandWGA,1,PB000138_J03,0.06577918
v1,PHAandWGA,2,PB000138_J03,0.06616509
v1,PHAandWGA,3,PB000138_J03,0.06970216
v1,PHAandWGA,4,PB000138_J03,0.067723736
v1,PHAandWGA,5,PB000138_J03,0.06630743
v1,PHAandWGA,6,PB000138_J03,0.06392257
v1,PHAandWGA,7,PB000138_J03,0.061912425
v1,PHAandWGA,8,PB000138_J03,0.059433598
v1,PHAandWGA,9,PB000138_J03,0.059085026
v1,PHAandWGA,10,PB000138_J03,0.057426736
v1,PHAandWGA,11,PB000138_J03,0.05720437
v1,PHAandWGA,0,PB000138_J14,0.052853253
v1,PHAandWGA,1,PB000138_J14,0.06096019
v1,PHAandWGA,2,PB000138_J14,0.07205366
v1,PHAandWGA,3,PB000138_J14,0.074493736
v1,PHAandWGA,4,PB000138_J14,0.076787554
v1,PHAandWGA,5,PB000138_J14,0.07546991
v1,PHAandWGA,6,PB000138_J14,0.0723857
v1,PHAandWGA,7,PB000138_J14,0.07121733
v1,PHAandWGA,8,PB000138_J14,0.068891436
v1,PHAandWGA,9,PB000138_J14,0.06605599
v1,PHAandWGA,10,PB000138_J14,0.06445658
v1,PHAandWGA,11,PB000138_J14,0.06232883
v1,PHAandWGA,0,PB000138_K11,0.034600317
v1,PHAandWGA,1,PB000138_K11,0.039536666
v1,PHAandWGA,2,PB000138_K11,0.040851705
v1,PHAandWGA,3,PB000138_K11,0.04170914
v1,PHAandWGA,4,PB000138_K11,0.040171023
v1,PHAandWGA,5,PB000138_K11,0.040176727
v1,PHAandWGA,6,PB000138_K11,0.039699923
v1,PHAandWGA,7,PB000138_K11,0.03821174
v1,PHAandWGA,8,PB000138_K11,0.037274063
v1,PHAandWGA,9,PB000138_K11,0.032935657
v1,PHAandWGA,10,PB000138_K11,0.036958344
v1,PHAandWGA,11,PB000138_K11,0.034450363
v1,PHAandWGA,0,PB000138_L07,0.06550227
v1,PHAandWGA,1,PB000138_L07,0.06728056
v1,PHAandWGA,2,PB000138_L07,0.07066059
v1,PHAandWGA,3,PB000138_L07,0.076942876
v1,PHAandWGA,4,PB000138_L07,0.07719675
v1,PHAandWGA,5,PB000138_L07,0.075034164
v1,PHAandWGA,6,PB000138_L07,0.07395898
v1,PHAandWGA,7,PB000138_L07,0.070941985
v1,PHAandWGA,8,PB000138_L07,0.06822475
v1,PHAandWGA,9,PB000138_L07,0.06571311
v1,PHAandWGA,10,PB000138_L07,0.06301491
v1,PHAandWGA,11,PB000138_L07,0.06123013
v1,PHAandWGA,0,PB000138_L18,0.06526485
v1,PHAandWGA,1,PB000138_L18,0.070901304
v1,PHAandWGA,2,PB000138_L18,0.07497487
v1,PHAandWGA,3,PB000138_L18,0.07407613
v1,PHAandWGA,4,PB000138_L18,0.07263023
v1,PHAandWGA,5,PB000138_L18,0.07085216
v1,PHAandWGA,6,PB000138_L18,0.067928225
v1,PHAandWGA,7,PB000138_L18,0.06427209
v1,PHAandWGA,8,PB000138_L18,0.060137417
v1,PHAandWGA,9,PB000138_L18,0.058918472
v1,PHAandWGA,10,PB000138_L18,0.057032857
v1,PHAandWGA,11,PB000138_L18,0.056674384
v1,PHAandWGA,0,PB000138_M23,0.053182296
v1,PHAandWGA,1,PB000138_M23,0.06312004
v1,PHAandWGA,2,PB000138_M23,0.07443353
v1,PHAandWGA,3,PB000138_M23,0.079256795
v1,PHAandWGA,4,PB000138_M23,0.07932633
v1,PHAandWGA,5,PB000138_M23,0.07831042
v1,PHAandWGA,6,PB000138_M23,0.075215675
v1,PHAandWGA,7,PB000138_M23,0.07333113
v1,PHAandWGA,8,PB000138_M23,0.07164354
v1,PHAandWGA,9,PB000138_M23,0.068547964
v1,PHAandWGA,10,PB000138_M23,0.066570684
v1,PHAandWGA,11,PB000138_M23,0.0645349
v1,PHAandWGA,0,PB000138_N04,0.02435823
v1,PHAandWGA,1,PB000138_N04,0.024902739
v1,PHAandWGA,2,PB000138_N04,0.026371676
v1,PHAandWGA,3,PB000138_N04,0.0239843
v1,PHAandWGA,4,PB000138_N04,0.024142742
v1,PHAandWGA,5,PB000138_N04,0.023651024
v1,PHAandWGA,6,PB000138_N04,0.022564974
v1,PHAandWGA,7,PB000138_N04,0.022631243
v1,PHAandWGA,8,PB000138_N04,0.022302005
v1,PHAandWGA,9,PB000138_N04,0.019145746
v1,PHAandWGA,10,PB000138_N04,0.020938171
v1,PHAandWGA,11,PB000138_N04,0.017857663
v1,PHAandWGA,0,PB000138_N15,0.07243824
v1,PHAandWGA,1,PB000138_N15,0.07766842
v1,PHAandWGA,2,PB000138_N15,0.07957813
v1,PHAandWGA,3,PB000138_N15,0.07830714
v1,PHAandWGA,4,PB000138_N15,0.07627748
v1,PHAandWGA,5,PB000138_N15,0.07351134
v1,PHAandWGA,6,PB000138_N15,0.0705359
v1,PHAandWGA,7,PB000138_N15,0.06689468
v1,PHAandWGA,8,PB000138_N15,0.0663455
v1,PHAandWGA,9,PB000138_N15,0.063346095
v1,PHAandWGA,10,PB000138_N15,0.061292354
v1,PHAandWGA,11,PB000138_N15,0.05898183
v1,PHAandWGA,0,PB000138_O09,0.02358342
v1,PHAandWGA,1,PB000138_O09,0.031166857
v1,PHAandWGA,2,PB000138_O09,0.040256016
v1,PHAandWGA,3,PB000138_O09,0.044330604
v1,PHAandWGA,4,PB000138_O09,0.045212455
v1,PHAandWGA,5,PB000138_O09,0.044326887
v1,PHAandWGA,6,PB000138_O09,0.04162709
v1,PHAandWGA,7,PB000138_O09,0.038847122
v1,PHAandWGA,8,PB000138_O09,0.036934316
v1,PHAandWGA,9,PB000138_O09,0.034759738
v1,PHAandWGA,10,PB000138_O09,0.032939196
v1,PHAandWGA,11,PB000138_O09,0.029841118
v1,PHAandWGA,0,PB000139_B04,0.05605732
v1,PHAandWGA,1,PB000139_B04,0.060645815
v1,PHAandWGA,2,PB000139_B04,0.066221274
v1,PHAandWGA,3,PB000139_B04,0.068319164
v1,PHAandWGA,4,PB000139_B04,0.06881338
v1,PHAandWGA,5,PB000139_B04,0.064358555
v1,PHAandWGA,6,PB000139_B04,0.066559434
v1,PHAandWGA,7,PB000139_B04,0.06664063
v1,PHAandWGA,8,PB000139_B04,0.06232778
v1,PHAandWGA,9,PB000139_B04,0.05904904
v1,PHAandWGA,10,PB000139_B04,0.05842034
v1,PHAandWGA,11,PB000139_B04,0.056687932
v1,PHAandWGA,0,PB000139_C10,0.05645301
v1,PHAandWGA,1,PB000139_C10,0.060359843
v1,PHAandWGA,2,PB000139_C10,0.062304713
v1,PHAandWGA,3,PB000139_C10,0.059788357
v1,PHAandWGA,4,PB000139_C10,0.056649238
v1,PHAandWGA,5,PB000139_C10,0.056794636
v1,PHAandWGA,6,PB000139_C10,0.05455793
v1,PHAandWGA,7,PB000139_C10,0.053671747
v1,PHAandWGA,8,PB000139_C10,0.051527813
v1,PHAandWGA,9,PB000139_C10,0.050963186
v1,PHAandWGA,10,PB000139_C10,0.0495009
v1,PHAandWGA,11,PB000139_C10,0.047660246
v1,PHAandWGA,0,PB000139_G03,0.058690608
v1,PHAandWGA,1,PB000139_G03,0.062262528
v1,PHAandWGA,2,PB000139_G03,0.0664067
v1,PHAandWGA,3,PB000139_G03,0.06693652
v1,PHAandWGA,4,PB000139_G03,0.06673126
v1,PHAandWGA,5,PB000139_G03,0.06560342
v1,PHAandWGA,6,PB000139_G03,0.06486151
v1,PHAandWGA,7,PB000139_G03,0.061734103
v1,PHAandWGA,8,PB000139_G03,0.06066642
v1,PHAandWGA,9,PB000139_G03,0.059094604
v1,PHAandWGA,10,PB000139_G03,0.057515174
v1,PHAandWGA,11,PB000139_G03,0.05520176
v1,PHAandWGA,0,PB000139_H12,0.08144163
v1,PHAandWGA,1,PB000139_H12,0.08430106
v1,PHAandWGA,2,PB000139_H12,0.08370708
v1,PHAandWGA,3,PB000139_H12,0.08429374
v1,PHAandWGA,4,PB000139_H12,0.08122277
v1,PHAandWGA,5,PB000139_H12,0.079760134
v1,PHAandWGA,6,PB000139_H12,0.07873058
v1,PHAandWGA,7,PB000139_H12,0.07547741
v1,PHAandWGA,8,PB000139_H12,0.07324684
v1,PHAandWGA,9,PB000139_H12,0.069969654
v1,PHAandWGA,10,PB000139_H12,0.067446835
v1,PHAandWGA,11,PB000139_H12,0.065664515
v1,PHAandWGA,0,PB000139_I06,0.05123681
v1,PHAandWGA,1,PB000139_I06,0.053584073
v1,PHAandWGA,2,PB000139_I06,0.0569194
v1,PHAandWGA,3,PB000139_I06,0.057285838
v1,PHAandWGA,4,PB000139_I06,0.057993382
v1,PHAandWGA,5,PB000139_I06,0.057923086
v1,PHAandWGA,6,PB000139_I06,0.055978775
v1,PHAandWGA,7,PB000139_I06,0.054707695
v1,PHAandWGA,8,PB000139_I06,0.051469803
v1,PHAandWGA,9,PB000139_I06,0.051047184
v1,PHAandWGA,10,PB000139_I06,0.04857247
v1,PHAandWGA,11,PB000139_I06,0.046862263
v1,PHAandWGA,0,PB000139_K09,0.05808983
v1,PHAandWGA,1,PB000139_K09,0.059196986
v1,PHAandWGA,2,PB000139_K09,0.06197788
v1,PHAandWGA,3,PB000139_K09,0.064328
v1,PHAandWGA,4,PB000139_K09,0.062034234
v1,PHAandWGA,5,PB000139_K09,0.06384057
v1,PHAandWGA,6,PB000139_K09,0.06169272
v1,PHAandWGA,7,PB000139_K09,0.059330363
v1,PHAandWGA,8,PB000139_K09,0.056879953
v1,PHAandWGA,9,PB000139_K09,0.05501238
v1,PHAandWGA,10,PB000139_K09,0.054937284
v1,PHAandWGA,11,PB000139_K09,0.054412242
v1,PHAandWGA,0,PB000139_N05,0.047935087
v1,PHAandWGA,1,PB000139_N05,0.051493168
v1,PHAandWGA,2,PB000139_N05,0.0540151
v1,PHAandWGA,3,PB000139_N05,0.05819304
v1,PHAandWGA,4,PB000139_N05,0.05976676
v1,PHAandWGA,5,PB000139_N05,0.059093464
v1,PHAandWGA,6,PB000139_N05,0.059549917
v1,PHAandWGA,7,PB000139_N05,0.057356343
v1,PHAandWGA,8,PB000139_N05,0.05666551
v1,PHAandWGA,9,PB000139_N05,0.05490898
v1,PHAandWGA,10,PB000139_N05,0.052239876
v1,PHAandWGA,11,PB000139_N05,0.05167511
v1,PHAandWGA,0,PB000139_O07,0.054753482
v1,PHAandWGA,1,PB000139_O07,0.055000216
v1,PHAandWGA,2,PB000139_O07,0.05477991
v1,PHAandWGA,3,PB000139_O07,0.05582332
v1,PHAandWGA,4,PB000139_O07,0.056216113
v1,PHAandWGA,5,PB000139_O07,0.054524332
v1,PHAandWGA,6,PB000139_O07,0.05324301
v1,PHAandWGA,7,PB000139_O07,0.053091455
v1,PHAandWGA,8,PB000139_O07,0.051776253
v1,PHAandWGA,9,PB000139_O07,0.049815893
v1,PHAandWGA,10,PB000139_O07,0.05004496
v1,PHAandWGA,11,PB000139_O07,0.048756838
v1,PHAandWGA,0,PB000139_O11,0.05878093
v1,PHAandWGA,1,PB000139_O11,0.062297493
v1,PHAandWGA,2,PB000139_O11,0.07362855
v1,PHAandWGA,3,PB000139_O11,0.076221436
v1,PHAandWGA,4,PB000139_O11,0.07872577
v1,PHAandWGA,5,PB000139_O11,0.07646068
v1,PHAandWGA,6,PB000139_O11,0.072090484
v1,PHAandWGA,7,PB000139_O11,0.07021879
v1,PHAandWGA,8,PB000139_O11,0.067987055
v1,PHAandWGA,9,PB000139_O11,0.06684382
v1,PHAandWGA,10,PB000139_O11,0.06592304
v1,PHAandWGA,11,PB000139_O11,0.062107697
v1,PHAandWGA,0,PB000140_B04,0.060190924
v1,PHAandWGA,1,PB000140_B04,0.06478241
v1,PHAandWGA,2,PB000140_B04,0.06866791
v1,PHAandWGA,3,PB000140_B04,0.06739211
v1,PHAandWGA,4,PB000140_B04,0.06820427
v1,PHAandWGA,5,PB000140_B04,0.06798782
v1,PHAandWGA,6,PB000140_B04,0.065734014
v1,PHAandWGA,7,PB000140_B04,0.066341445
v1,PHAandWGA,8,PB000140_B04,0.06445616
v1,PHAandWGA,9,PB000140_B04,0.06385482
v1,PHAandWGA,10,PB000140_B04,0.06254031
v1,PHAandWGA,11,PB000140_B04,0.0602919
v1,PHAandWGA,0,PB000140_C10,0.054797903
v1,PHAandWGA,1,PB000140_C10,0.0605922
v1,PHAandWGA,2,PB000140_C10,0.061328918
v1,PHAandWGA,3,PB000140_C10,0.06350596
v1,PHAandWGA,4,PB000140_C10,0.0661408
v1,PHAandWGA,5,PB000140_C10,0.06423073
v1,PHAandWGA,6,PB000140_C10,0.06324889
v1,PHAandWGA,7,PB000140_C10,0.0618031
v1,PHAandWGA,8,PB000140_C10,0.05962404
v1,PHAandWGA,9,PB000140_C10,0.057178102
v1,PHAandWGA,10,PB000140_C10,0.05524322
v1,PHAandWGA,11,PB000140_C10,0.054902438
v1,PHAandWGA,0,PB000140_E02,0.060168836
v1,PHAandWGA,1,PB000140_E02,0.07299118
v1,PHAandWGA,2,PB000140_E02,0.07662463
v1,PHAandWGA,3,PB000140_E02,0.078228086
v1,PHAandWGA,4,PB000140_E02,0.0765776
v1,PHAandWGA,5,PB000140_E02,0.07619737
v1,PHAandWGA,6,PB000140_E02,0.07411003
v1,PHAandWGA,7,PB000140_E02,0.07142638
v1,PHAandWGA,8,PB000140_E02,0.069663905
v1,PHAandWGA,9,PB000140_E02,0.068079144
v1,PHAandWGA,10,PB000140_E02,0.06625621
v1,PHAandWGA,11,PB000140_E02,0.06400986
v1,PHAandWGA,0,PB000140_G03,0.053979628
v1,PHAandWGA,1,PB000140_G03,0.056228977
v1,PHAandWGA,2,PB000140_G03,0.060819622
v1,PHAandWGA,3,PB000140_G03,0.060764484
v1,PHAandWGA,4,PB000140_G03,0.05863613
v1,PHAandWGA,5,PB000140_G03,0.058493502
v1,PHAandWGA,6,PB000140_G03,0.056138307
v1,PHAandWGA,7,PB000140_G03,0.05521856
v1,PHAandWGA,8,PB000140_G03,0.053220123
v1,PHAandWGA,9,PB000140_G03,0.052137986
v1,PHAandWGA,10,PB000140_G03,0.05104325
v1,PHAandWGA,11,PB000140_G03,0.048123803
v1,PHAandWGA,0,PB000140_H12,0.054115523
v1,PHAandWGA,1,PB000140_H12,0.06124003
v1,PHAandWGA,2,PB000140_H12,0.06256039
v1,PHAandWGA,3,PB000140_H12,0.06378212
v1,PHAandWGA,4,PB000140_H12,0.06346141
v1,PHAandWGA,5,PB000140_H12,0.06321927
v1,PHAandWGA,6,PB000140_H12,0.061610688
v1,PHAandWGA,7,PB000140_H12,0.06119627
v1,PHAandWGA,8,PB000140_H12,0.058107212
v1,PHAandWGA,9,PB000140_H12,0.056825332
v1,PHAandWGA,10,PB000140_H12,0.054361515
v1,PHAandWGA,11,PB000140_H12,0.0527655
v1,PHAandWGA,0,PB000140_I06,0.05465543
v1,PHAandWGA,1,PB000140_I06,0.05921984
v1,PHAandWGA,2,PB000140_I06,0.061673116
v1,PHAandWGA,3,PB000140_I06,0.060412694
v1,PHAandWGA,4,PB000140_I06,0.058020204
v1,PHAandWGA,5,PB000140_I06,0.056601346
v1,PHAandWGA,6,PB000140_I06,0.05593556
v1,PHAandWGA,7,PB000140_I06,0.05331478
v1,PHAandWGA,8,PB000140_I06,0.050400205
v1,PHAandWGA,9,PB000140_I06,0.050725747
v1,PHAandWGA,10,PB000140_I06,0.04861987
v1,PHAandWGA,11,PB000140_I06,0.04777721
v1,PHAandWGA,0,PB000140_K09,0.060701557
v1,PHAandWGA,1,PB000140_K09,0.06281009
v1,PHAandWGA,2,PB000140_K09,0.06407195
v1,PHAandWGA,3,PB000140_K09,0.06579253
v1,PHAandWGA,4,PB000140_K09,0.06603009
v1,PHAandWGA,5,PB000140_K09,0.06334876
v1,PHAandWGA,6,PB000140_K09,0.061834533
v1,PHAandWGA,7,PB000140_K09,0.059615
v1,PHAandWGA,8,PB000140_K09,0.058875173
v1,PHAandWGA,9,PB000140_K09,0.057756376
v1,PHAandWGA,10,PB000140_K09,0.056207813
v1,PHAandWGA,11,PB000140_K09,0.05540815
v1,PHAandWGA,0,PB000140_N05,0.0573718
v1,PHAandWGA,1,PB000140_N05,0.06743619
v1,PHAandWGA,2,PB000140_N05,0.07455933
v1,PHAandWGA,3,PB000140_N05,0.073147625
v1,PHAandWGA,4,PB000140_N05,0.07290924
v1,PHAandWGA,5,PB000140_N05,0.07172227
v1,PHAandWGA,6,PB000140_N05,0.06806336
v1,PHAandWGA,7,PB000140_N05,0.0676104
v1,PHAandWGA,8,PB000140_N05,0.06510529
v1,PHAandWGA,9,PB000140_N05,0.064162515
v1,PHAandWGA,10,PB000140_N05,0.06239202
v1,PHAandWGA,11,PB000140_N05,0.06193014
v1,PHAandWGA,0,PB000140_O07,0.05507833
v1,PHAandWGA,1,PB000140_O07,0.06555104
v1,PHAandWGA,2,PB000140_O07,0.066771545
v1,PHAandWGA,3,PB000140_O07,0.07177229
v1,PHAandWGA,4,PB000140_O07,0.072840564
v1,PHAandWGA,5,PB000140_O07,0.06921819
v1,PHAandWGA,6,PB000140_O07,0.06905392
v1,PHAandWGA,7,PB000140_O07,0.0682254
v1,PHAandWGA,8,PB000140_O07,0.06717344
v1,PHAandWGA,9,PB000140_O07,0.06217564
v1,PHAandWGA,10,PB000140_O07,0.06118048
v1,PHAandWGA,11,PB000140_O07,0.058486212
v1,PHAandWGA,0,PB000140_O11,0.057917733
v1,PHAandWGA,1,PB000140_O11,0.061186384
v1,PHAandWGA,2,PB000140_O11,0.063487485
v1,PHAandWGA,3,PB000140_O11,0.06371384
v1,PHAandWGA,4,PB000140_O11,0.06338525
v1,PHAandWGA,5,PB000140_O11,0.062046997
v1,PHAandWGA,6,PB000140_O11,0.060170006
v1,PHAandWGA,7,PB000140_O11,0.05706524
v1,PHAandWGA,8,PB000140_O11,0.056023814
v1,PHAandWGA,9,PB000140_O11,0.054862004
v1,PHAandWGA,10,PB000140_O11,0.05339801
v1,PHAandWGA,11,PB000140_O11,0.05350442
v1,SYTO,0,PB000137_B22,0.049066447
v1,SYTO,1,PB000137_B22,0.047830865
v1,SYTO,2,PB000137_B22,0.05121848
v1,SYTO,3,PB000137_B22,0.050353166
v1,SYTO,4,PB000137_B22,0.051278565
v1,SYTO,5,PB000137_B22,0.05177992
v1,SYTO,6,PB000137_B22,0.05229868
v1,SYTO,7,PB000137_B22,0.048262432
v1,SYTO,8,PB000137_B22,0.047968123
v1,SYTO,9,PB000137_B22,0.045696884
v1,SYTO,10,PB000137_B22,0.045037095
v1,SYTO,11,PB000137_B22,0.045628633
v1,SYTO,0,PB000137_C05,0.049802504
v1,SYTO,1,PB000137_C05,0.056530572
v1,SYTO,2,PB000137_C05,0.061173998
v1,SYTO,3,PB000137_C05,0.060462143
v1,SYTO,4,PB000137_C05,0.057667576
v1,SYTO,5,PB000137_C05,0.053753357
v1,SYTO,6,PB000137_C05,0.051866256
v1,SYTO,7,PB000137_C05,0.049611684
v1,SYTO,8,PB000137_C05,0.047185868
v1,SYTO,9,PB000137_C05,0.044526294
v1,SYTO,10,PB000137_C05,0.043505616
v1,SYTO,11,PB000137_C05,0.043292817
v1,SYTO,0,PB000137_D12,0.052017674
v1,SYTO,1,PB000137_D12,0.06386793
v1,SYTO,2,PB000137_D12,0.06728934
v1,SYTO,3,PB000137_D12,0.06763116
v1,SYTO,4,PB000137_D12,0.06625451
v1,SYTO,5,PB000137_D12,0.06354185
v1,SYTO,6,PB000137_D12,0.06124497
v1,SYTO,7,PB000137_D12,0.058425073
v1,SYTO,8,PB000137_D12,0.055330887
v1,SYTO,9,PB000137_D12,0.052441493
v1,SYTO,10,PB000137_D12,0.049554717
v1,SYTO,11,PB000137_D12,0.047693856
v1,SYTO,0,PB000137_E16,0.04557394
v1,SYTO,1,PB000137_E16,0.049569063
v1,SYTO,2,PB000137_E16,0.05179138
v1,SYTO,3,PB000137_E16,0.05070644
v1,SYTO,4,PB000137_E16,0.049621396
v1,SYTO,5,PB000137_E16,0.048772015
v1,SYTO,6,PB000137_E16,0.04713705
v1,SYTO,7,PB000137_E16,0.04694523
v1,SYTO,8,PB000137_E16,0.045851808
v1,SYTO,9,PB000137_E16,0.045000564
v1,SYTO,10,PB000137_E16,0.04345287
v1,SYTO,11,PB000137_E16,0.040746316
v1,SYTO,0,PB000137_F06,0.035085976
v1,SYTO,1,PB000137_F06,0.03668825
v1,SYTO,2,PB000137_F06,0.03949069
v1,SYTO,3,PB000137_F06,0.04078508
v1,SYTO,4,PB000137_F06,0.04224813
v1,SYTO,5,PB000137_F06,0.041791096
v1,SYTO,6,PB000137_F06,0.041438088
v1,SYTO,7,PB000137_F06,0.041680947
v1,SYTO,8,PB000137_F06,0.040175382
v1,SYTO,9,PB000137_F06,0.03853741
v1,SYTO,10,PB000137_F06,0.03660461
v1,SYTO,11,PB000137_F06,0.03580003
v1,SYTO,0,PB000137_F20,0.040266205
v1,SYTO,1,PB000137_F20,0.045230947
v1,SYTO,2,PB000137_F20,0.049787544
v1,SYTO,3,PB000137_F20,0.050195344
v1,SYTO,4,PB000137_F20,0.050004203
v1,SYTO,5,PB000137_F20,0.048144713
v1,SYTO,6,PB000137_F20,0.047094513
v1,SYTO,7,PB000137_F20,0.04635875
v1,SYTO,8,PB000137_F20,0.044718176
v1,SYTO,9,PB000137_F20,0.04306133
v1,SYTO,10,PB000137_F20,0.041692346
v1,SYTO,11,PB000137_F20,0.040306345
v1,SYTO,0,PB000137_G02,0.035910543
v1,SYTO,1,PB000137_G02,0.038553108
v1,SYTO,2,PB000137_G02,0.042240493
v1,SYTO,3,PB000137_G02,0.043161076
v1,SYTO,4,PB000137_G02,0.042119384
v1,SYTO,5,PB000137_G02,0.03986498
v1,SYTO,6,PB000137_G02,0.03982445
v1,SYTO,7,PB000137_G02,0.040647995
v1,SYTO,8,PB000137_G02,0.039538674
v1,SYTO,9,PB000137_G02,0.038253006
v1,SYTO,10,PB000137_G02,0.036709312
v1,SYTO,11,PB000137_G02,0.035657432
v1,SYTO,0,PB000137_G13,0.050633904
v1,SYTO,1,PB000137_G13,0.056489326
v1,SYTO,2,PB000137_G13,0.05771192
v1,SYTO,3,PB000137_G13,0.055759173
v1,SYTO,4,PB000137_G13,0.05561116
v1,SYTO,5,PB000137_G13,0.054564413
v1,SYTO,6,PB000137_G13,0.050780587
v1,SYTO,7,PB000137_G13,0.047984183
v1,SYTO,8,PB000137_G13,0.046484668
v1,SYTO,9,PB000137_G13,0.045683045
v1,SYTO,10,PB000137_G13,0.04506258
v1,SYTO,11,PB000137_G13,0.043549366
v1,SYTO,0,PB000137_H10,0.046431202
v1,SYTO,1,PB000137_H10,0.045836195
v1,SYTO,2,PB000137_H10,0.051417187
v1,SYTO,3,PB000137_H10,0.05311001
v1,SYTO,4,PB000137_H10,0.052593116
v1,SYTO,5,PB000137_H10,0.051250093
v1,SYTO,6,PB000137_H10,0.05093489
v1,SYTO,7,PB000137_H10,0.047774464
v1,SYTO,8,PB000137_H10,0.046136193
v1,SYTO,9,PB000137_H10,0.04570995
v1,SYTO,10,PB000137_H10,0.045428205
v1,SYTO,11,PB000137_H10,0.043691907
v1,SYTO,0,PB000137_H17,0.045764834
v1,SYTO,1,PB000137_H17,0.051301826
v1,SYTO,2,PB000137_H17,0.05658262
v1,SYTO,3,PB000137_H17,0.0598238
v1,SYTO,4,PB000137_H17,0.058198158
v1,SYTO,5,PB000137_H17,0.057503
v1,SYTO,6,PB000137_H17,0.055103656
v1,SYTO,7,PB000137_H17,0.052111574
v1,SYTO,8,PB000137_H17,0.05180233
v1,SYTO,9,PB000137_H17,0.05029957
v1,SYTO,10,PB000137_H17,0.048584018
v1,SYTO,11,PB000137_H17,0.0466476
v1,SYTO,0,PB000137_I21,0.04145991
v1,SYTO,1,PB000137_I21,0.044129852
v1,SYTO,2,PB000137_I21,0.0468046
v1,SYTO,3,PB000137_I21,0.048639752
v1,SYTO,4,PB000137_I21,0.04782623
v1,SYTO,5,PB000137_I21,0.047123272
v1,SYTO,6,PB000137_I21,0.046089515
v1,SYTO,7,PB000137_I21,0.045448013
v1,SYTO,8,PB000137_I21,0.04451782
v1,SYTO,9,PB000137_I21,0.044453427
v1,SYTO,10,PB000137_I21,0.041374844
v1,SYTO,11,PB000137_I21,0.040781878
v1,SYTO,0,PB000137_J03,0.048954044
v1,SYTO,1,PB000137_J03,0.05581634
v1,SYTO,2,PB000137_J03,0.05728142
v1,SYTO,3,PB000137_J03,0.059497636
v1,SYTO,4,PB000137_J03,0.057844155
v1,SYTO,5,PB000137_J03,0.055268876
v1,SYTO,6,PB000137_J03,0.052999035
v1,SYTO,7,PB000137_J03,0.050849803
v1,SYTO,8,PB000137_J03,0.047611333
v1,SYTO,9,PB000137_J03,0.044738896
v1,SYTO,10,PB000137_J03,0.042757496
v1,SYTO,11,PB000137_J03,0.04025342
v1,SYTO,0,PB000137_J14,0.041673392
v1,SYTO,1,PB000137_J14,0.051601
v1,SYTO,2,PB000137_J14,0.062042885
v1,SYTO,3,PB000137_J14,0.06801315
v1,SYTO,4,PB000137_J14,0.06471721
v1,SYTO,5,PB000137_J14,0.06554909
v1,SYTO,6,PB000137_J14,0.06384317
v1,SYTO,7,PB000137_J14,0.06098394
v1,SYTO,8,PB000137_J14,0.05754788
v1,SYTO,9,PB000137_J14,0.054338455
v1,SYTO,10,PB000137_J14,0.051532708
v1,SYTO,11,PB000137_J14,0.049473315
v1,SYTO,0,PB000137_K11,0.044651724
v1,SYTO,1,PB000137_K11,0.046952333
v1,SYTO,2,PB000137_K11,0.047872417
v1,SYTO,3,PB000137_K11,0.049633283
v1,SYTO,4,PB000137_K11,0.05120459
v1,SYTO,5,PB000137_K11,0.050604828
v1,SYTO,6,PB000137_K11,0.049543582
v1,SYTO,7,PB000137_K11,0.048314326
v1,SYTO,8,PB000137_K11,0.047713738
v1,SYTO,9,PB000137_K11,0.04582406
v1,SYTO,10,PB000137_K11,0.045180827
v1,SYTO,11,PB000137_K11,0.042851143
v1,SYTO,0,PB000137_L07,0.043748647
v1,SYTO,1,PB000137_L07,0.045175213
v1,SYTO,2,PB000137_L07,0.04476141
v1,SYTO,3,PB000137_L07,0.045463074
v1,SYTO,4,PB000137_L07,0.044467077
v1,SYTO,5,PB000137_L07,0.042469658
v1,SYTO,6,PB000137_L07,0.042490814
v1,SYTO,7,PB000137_L07,0.041195087
v1,SYTO,8,PB000137_L07,0.040689044
v1,SYTO,9,PB000137_L07,0.03959889
v1,SYTO,10,PB000137_L07,0.03850011
v1,SYTO,11,PB000137_L07,0.0363108
v1,SYTO,0,PB000137_L18,0.054123096
v1,SYTO,1,PB000137_L18,0.059980243
v1,SYTO,2,PB000137_L18,0.060729984
v1,SYTO,3,PB000137_L18,0.061195653
v1,SYTO,4,PB000137_L18,0.05846036
v1,SYTO,5,PB000137_L18,0.05606597
v1,SYTO,6,PB000137_L18,0.05417701
v1,SYTO,7,PB000137_L18,0.051365286
v1,SYTO,8,PB000137_L18,0.048603106
v1,SYTO,9,PB000137_L18,0.04708106
v1,SYTO,10,PB000137_L18,0.045687463
v1,SYTO,11,PB000137_L18,0.04368868
v1,SYTO,0,PB000137_M23,0.04809235
v1,SYTO,1,PB000137_M23,0.05936261
v1,SYTO,2,PB000137_M23,0.064937234
v1,SYTO,3,PB000137_M23,0.066898204
v1,SYTO,4,PB000137_M23,0.06639524
v1,SYTO,5,PB000137_M23,0.06489451
v1,SYTO,6,PB000137_M23,0.062776685
v1,SYTO,7,PB000137_M23,0.060218602
v1,SYTO,8,PB000137_M23,0.05706572
v1,SYTO,9,PB000137_M23,0.055294994
v1,SYTO,10,PB000137_M23,0.053406272
v1,SYTO,11,PB000137_M23,0.051386204
v1,SYTO,0,PB000137_N15,0.040704362
v1,SYTO,1,PB000137_N15,0.0439792
v1,SYTO,2,PB000137_N15,0.047161914
v1,SYTO,3,PB000137_N15,0.049706593
v1,SYTO,4,PB000137_N15,0.04937882
v1,SYTO,5,PB000137_N15,0.049543656
v1,SYTO,6,PB000137_N15,0.04901918
v1,SYTO,7,PB000137_N15,0.047243208
v1,SYTO,8,PB000137_N15,0.04614561
v1,SYTO,9,PB000137_N15,0.044653066
v1,SYTO,10,PB000137_N15,0.043462384
v1,SYTO,11,PB000137_N15,0.042142138
v1,SYTO,0,PB000137_O09,0.050970864
v1,SYTO,1,PB000137_O09,0.059119
v1,SYTO,2,PB000137_O09,0.06353514
v1,SYTO,3,PB000137_O09,0.06749098
v1,SYTO,4,PB000137_O09,0.06689798
v1,SYTO,5,PB000137_O09,0.06525036
v1,SYTO,6,PB000137_O09,0.062122017
v1,SYTO,7,PB000137_O09,0.06003342
v1,SYTO,8,PB000137_O09,0.058468685
v1,SYTO,9,PB000137_O09,0.054948896
v1,SYTO,10,PB000137_O09,0.05344871
v1,SYTO,11,PB000137_O09,0.051487025
v1,SYTO,0,PB000138_B22,0.0488987
v1,SYTO,1,PB000138_B22,0.059841134
v1,SYTO,2,PB000138_B22,0.062392138
v1,SYTO,3,PB000138_B22,0.057861425
v1,SYTO,4,PB000138_B22,0.053269036
v1,SYTO,5,PB000138_B22,0.05137132
v1,SYTO,6,PB000138_B22,0.04981759
v1,SYTO,7,PB000138_B22,0.047404584
v1,SYTO,8,PB000138_B22,0.046375245
v1,SYTO,9,PB000138_B22,0.045749217
v1,SYTO,10,PB000138_B22,0.04456097
v1,SYTO,11,PB000138_B22,0.044838227
v1,SYTO,0,PB000138_C05,0.0519563
v1,SYTO,1,PB000138_C05,0.053305063
v1,SYTO,2,PB000138_C05,0.056687925
v1,SYTO,3,PB000138_C05,0.05860775
v1,SYTO,4,PB000138_C05,0.058765117
v1,SYTO,5,PB000138_C05,0.057664827
v1,SYTO,6,PB000138_C05,0.054661892
v1,SYTO,7,PB000138_C05,0.052849937
v1,SYTO,8,PB000138_C05,0.0514544
v1,SYTO,9,PB000138_C05,0.048046123
v1,SYTO,10,PB000138_C05,0.046386965
v1,SYTO,11,PB000138_C05,0.044747468
v1,SYTO,0,PB000138_D12,0.049463574
v1,SYTO,1,PB000138_D12,0.058745407
v1,SYTO,2,PB000138_D12,0.06576572
v1,SYTO,3,PB000138_D12,0.07104333
v1,SYTO,4,PB000138_D12,0.06963287
v1,SYTO,5,PB000138_D12,0.06768739
v1,SYTO,6,PB000138_D12,0.06638534
v1,SYTO,7,PB000138_D12,0.064959906
v1,SYTO,8,PB000138_D12,0.06145957
v1,SYTO,9,PB000138_D12,0.059516538
v1,SYTO,10,PB000138_D12,0.05806463
v1,SYTO,11,PB000138_D12,0.05575286
v1,SYTO,0,PB000138_E16,0.042051412
v1,SYTO,1,PB000138_E16,0.047793016
v1,SYTO,2,PB000138_E16,0.06688509
v1,SYTO,3,PB000138_E16,0.067676924
v1,SYTO,4,PB000138_E16,0.07008546
v1,SYTO,5,PB000138_E16,0.06881161
v1,SYTO,6,PB000138_E16,0.06661575
v1,SYTO,7,PB000138_E16,0.06468414
v1,SYTO,8,PB000138_E16,0.062760614
v1,SYTO,9,PB000138_E16,0.059048742
v1,SYTO,10,PB000138_E16,0.05533928
v1,SYTO,11,PB000138_E16,0.053881533
v1,SYTO,0,PB000138_F06,0.04278821
v1,SYTO,1,PB000138_F06,0.05518707
v1,SYTO,2,PB000138_F06,0.056632962
v1,SYTO,3,PB000138_F06,0.060807418
v1,SYTO,4,PB000138_F06,0.06321739
v1,SYTO,5,PB000138_F06,0.06230219
v1,SYTO,6,PB000138_F06,0.06272764
v1,SYTO,7,PB000138_F06,0.059499387
v1,SYTO,8,PB000138_F06,0.056574546
v1,SYTO,9,PB000138_F06,0.05501784
v1,SYTO,10,PB000138_F06,0.05270926
v1,SYTO,11,PB000138_F06,0.05037243
v1,SYTO,0,PB000138_F20,0.041807394
v1,SYTO,1,PB000138_F20,0.04952705
v1,SYTO,2,PB000138_F20,0.055620395
v1,SYTO,3,PB000138_F20,0.061088763
v1,SYTO,4,PB000138_F20,0.062383503
v1,SYTO,5,PB000138_F20,0.06069063
v1,SYTO,6,PB000138_F20,0.059643857
v1,SYTO,7,PB000138_F20,0.05678333
v1,SYTO,8,PB000138_F20,0.055703882
v1,SYTO,9,PB000138_F20,0.052351937
v1,SYTO,10,PB000138_F20,0.05083491
v1,SYTO,11,PB000138_F20,0.04935388
v1,SYTO,0,PB000138_G02,0.057350554
v1,SYTO,1,PB000138_G02,0.061316185
v1,SYTO,2,PB000138_G02,0.061045412
v1,SYTO,3,PB000138_G02,0.06114523
v1,SYTO,4,PB000138_G02,0.060921356
v1,SYTO,5,PB000138_G02,0.05747842
v1,SYTO,6,PB000138_G02,0.05778956
v1,SYTO,7,PB000138_G02,0.055044267
v1,SYTO,8,PB000138_G02,0.052335072
v1,SYTO,9,PB000138_G02,0.050350823
v1,SYTO,10,PB000138_G02,0.048853695
v1,SYTO,11,PB000138_G02,0.047255244
v1,SYTO,0,PB000138_G13,0.04519241
v1,SYTO,1,PB000138_G13,0.05314427
v1,SYTO,2,PB000138_G13,0.059872262
v1,SYTO,3,PB000138_G13,0.066040166
v1,SYTO,4,PB000138_G13,0.06621765
v1,SYTO,5,PB000138_G13,0.06577769
v1,SYTO,6,PB000138_G13,0.06467366
v1,SYTO,7,PB000138_G13,0.062412944
v1,SYTO,8,PB000138_G13,0.06022409
v1,SYTO,9,PB000138_G13,0.057969842
v1,SYTO,10,PB000138_G13,0.05547911
v1,SYTO,11,PB000138_G13,0.052180618
v1,SYTO,0,PB000138_H10,0.049830116
v1,SYTO,1,PB000138_H10,0.059420936
v1,SYTO,2,PB000138_H10,0.070366986
v1,SYTO,3,PB000138_H10,0.073126696
v1,SYTO,4,PB000138_H10,0.07099922
v1,SYTO,5,PB000138_H10,0.06878956
v1,SYTO,6,PB000138_H10,0.065544255
v1,SYTO,7,PB000138_H10,0.062487777
v1,SYTO,8,PB000138_H10,0.06031535
v1,SYTO,9,PB000138_H10,0.057130273
v1,SYTO,10,PB000138_H10,0.055046864
v1,SYTO,11,PB000138_H10,0.05322429
v1,SYTO,0,PB000138_H17,0.025642969
v1,SYTO,1,PB000138_H17,0.030233677
v1,SYTO,2,PB000138_H17,0.03176721
v1,SYTO,3,PB000138_H17,0.031961605
v1,SYTO,4,PB000138_H17,0.029278005
v1,SYTO,5,PB000138_H17,0.029094014
v1,SYTO,6,PB000138_H17,0.032636546
v1,SYTO,7,PB000138_H17,0.02794075
v1,SYTO,8,PB000138_H17,0.04815081
v1,SYTO,9,PB000138_H17,0.047910914
v1,SYTO,10,PB000138_H17,0.045516662
v1,SYTO,11,PB000138_H17,0.043243334
v1,SYTO,0,PB000138_I21,0.042613298
v1,SYTO,1,PB000138_I21,0.04284945
v1,SYTO,2,PB000138_I21,0.04663645
v1,SYTO,3,PB000138_I21,0.05088258
v1,SYTO,4,PB000138_I21,0.049576752
v1,SYTO,5,PB000138_I21,0.048173368
v1,SYTO,6,PB000138_I21,0.047072064
v1,SYTO,7,PB000138_I21,0.046147645
v1,SYTO,8,PB000138_I21,0.04549056
v1,SYTO,9,PB000138_I21,0.043458737
v1,SYTO,10,PB000138_I21,0.042182542
v1,SYTO,11,PB000138_I21,0.042290844
v1,SYTO,0,PB000138_J03,0.049732685
v1,SYTO,1,PB000138_J03,0.054665085
v1,SYTO,2,PB000138_J03,0.054873027
v1,SYTO,3,PB000138_J03,0.056742653
v1,SYTO,4,PB000138_J03,0.056506764
v1,SYTO,5,PB000138_J03,0.052244503
v1,SYTO,6,PB000138_J03,0.050844133
v1,SYTO,7,PB000138_J03,0.048811946
v1,SYTO,8,PB000138_J03,0.04647121
v1,SYTO,9,PB000138_J03,0.045403846
v1,SYTO,10,PB000138_J03,0.044604175
v1,SYTO,11,PB000138_J03,0.043221664
v1,SYTO,0,PB000138_J14,0.045519494
v1,SYTO,1,PB000138_J14,0.053402245
v1,SYTO,2,PB000138_J14,0.063763835
v1,SYTO,3,PB000138_J14,0.066371754
v1,SYTO,4,PB000138_J14,0.06743364
v1,SYTO,5,PB000138_J14,0.066585615
v1,SYTO,6,PB000138_J14,0.06350051
v1,SYTO,7,PB000138_J14,0.06043689
v1,SYTO,8,PB000138_J14,0.057686977
v1,SYTO,9,PB000138_J14,0.054579835
v1,SYTO,10,PB000138_J14,0.05218955
v1,SYTO,11,PB000138_J14,0.05142151
v1,SYTO,0,PB000138_K11,0.025686586
v1,SYTO,1,PB000138_K11,0.029955193
v1,SYTO,2,PB000138_K11,0.030385863
v1,SYTO,3,PB000138_K11,0.031678975
v1,SYTO,4,PB000138_K11,0.029447785
v1,SYTO,5,PB000138_K11,0.030477144
v1,SYTO,6,PB000138_K11,0.030261744
v1,SYTO,7,PB000138_K11,0.028942788
v1,SYTO,8,PB000138_K11,0.027829502
v1,SYTO,9,PB000138_K11,0.02442198
v1,SYTO,10,PB000138_K11,0.027638648
v1,SYTO,11,PB000138_K11,0.026744412
v1,SYTO,0,PB000138_L07,0.056105517
v1,SYTO,1,PB000138_L07,0.056337986
v1,SYTO,2,PB000138_L07,0.058500156
v1,SYTO,3,PB000138_L07,0.065467626
v1,SYTO,4,PB000138_L07,0.06639698
v1,SYTO,5,PB000138_L07,0.0648949
v1,SYTO,6,PB000138_L07,0.062865466
v1,SYTO,7,PB000138_L07,0.060185723
v1,SYTO,8,PB000138_L07,0.057108678
v1,SYTO,9,PB000138_L07,0.054738075
v1,SYTO,10,PB000138_L07,0.053457968
v1,SYTO,11,PB000138_L07,0.050799258
v1,SYTO,0,PB000138_L18,0.055335496
v1,SYTO,1,PB000138_L18,0.062434435
v1,SYTO,2,PB000138_L18,0.06531554
v1,SYTO,3,PB000138_L18,0.064812325
v1,SYTO,4,PB000138_L18,0.06441243
v1,SYTO,5,PB000138_L18,0.06234808
v1,SYTO,6,PB000138_L18,0.05883085
v1,SYTO,7,PB000138_L18,0.05575301
v1,SYTO,8,PB000138_L18,0.0525374
v1,SYTO,9,PB000138_L18,0.051335663
v1,SYTO,10,PB000138_L18,0.048224803
v1,SYTO,11,PB000138_L18,0.047121078
v1,SYTO,0,PB000138_M23,0.04545239
v1,SYTO,1,PB000138_M23,0.051566653
v1,SYTO,2,PB000138_M23,0.061130695
v1,SYTO,3,PB000138_M23,0.065440275
v1,SYTO,4,PB000138_M23,0.06684667
v1,SYTO,5,PB000138_M23,0.0661481
v1,SYTO,6,PB000138_M23,0.06408782
v1,SYTO,7,PB000138_M23,0.06253238
v1,SYTO,8,PB000138_M23,0.059790067
v1,SYTO,9,PB000138_M23,0.056994364
v1,SYTO,10,PB000138_M23,0.054672185
v1,SYTO,11,PB000138_M23,0.05305977
v1,SYTO,0,PB000138_N04,0.017984938
v1,SYTO,1,PB000138_N04,0.018669095
v1,SYTO,2,PB000138_N04,0.019565726
v1,SYTO,3,PB000138_N04,0.0183281
v1,SYTO,4,PB000138_N04,0.018565118
v1,SYTO,5,PB000138_N04,0.018427622
v1,SYTO,6,PB000138_N04,0.017475639
v1,SYTO,7,PB000138_N04,0.01746895
v1,SYTO,8,PB000138_N04,0.017476771
v1,SYTO,9,PB000138_N04,0.015451951
v1,SYTO,10,PB000138_N04,0.016494714
v1,SYTO,11,PB000138_N04,0.014189518
v1,SYTO,0,PB000138_N15,0.065071456
v1,SYTO,1,PB000138_N15,0.06798489
v1,SYTO,2,PB000138_N15,0.07169494
v1,SYTO,3,PB000138_N15,0.071601406
v1,SYTO,4,PB000138_N15,0.068726555
v1,SYTO,5,PB000138_N15,0.06506492
v1,SYTO,6,PB000138_N15,0.060755488
v1,SYTO,7,PB000138_N15,0.05747821
v1,SYTO,8,PB000138_N15,0.055724386
v1,SYTO,9,PB000138_N15,0.053245988
v1,SYTO,10,PB000138_N15,0.050736044
v1,SYTO,11,PB000138_N15,0.04915247
v1,SYTO,0,PB000138_O09,0.016326282
v1,SYTO,1,PB000138_O09,0.02024612
v1,SYTO,2,PB000138_O09,0.027894018
v1,SYTO,3,PB000138_O09,0.030817911
v1,SYTO,4,PB000138_O09,0.030382987
v1,SYTO,5,PB000138_O09,0.02922893
v1,SYTO,6,PB000138_O09,0.027577396
v1,SYTO,7,PB000138_O09,0.025322152
v1,SYTO,8,PB000138_O09,0.023456559
v1,SYTO,9,PB000138_O09,0.021939121
v1,SYTO,10,PB000138_O09,0.02106901
v1,SYTO,11,PB000138_O09,0.019910522
v1,SYTO,0,PB000139_B04,0.038363457
v1,SYTO,1,PB000139_B04,0.041876543
v1,SYTO,2,PB000139_B04,0.045087814
v1,SYTO,3,PB000139_B04,0.046929665
v1,SYTO,4,PB000139_B04,0.048628468
v1,SYTO,5,PB000139_B04,0.04584082
v1,SYTO,6,PB000139_B04,0.047162507
v1,SYTO,7,PB000139_B04,0.04685725
v1,SYTO,8,PB000139_B04,0.04366817
v1,SYTO,9,PB000139_B04,0.04138474
v1,SYTO,10,PB000139_B04,0.040974934
v1,SYTO,11,PB000139_B04,0.040227216
v1,SYTO,0,PB000139_C10,0.039526362
v1,SYTO,1,PB000139_C10,0.041886136
v1,SYTO,2,PB000139_C10,0.044376343
v1,SYTO,3,PB000139_C10,0.042933024
v1,SYTO,4,PB000139_C10,0.039842866
v1,SYTO,5,PB000139_C10,0.039934065
v1,SYTO,6,PB000139_C10,0.039288376
v1,SYTO,7,PB000139_C10,0.037586078
v1,SYTO,8,PB000139_C10,0.03556046
v1,SYTO,9,PB000139_C10,0.034358382
v1,SYTO,10,PB000139_C10,0.033698745
v1,SYTO,11,PB000139_C10,0.033122387
v1,SYTO,0,PB000139_G03,0.044621266
v1,SYTO,1,PB000139_G03,0.04957276
v1,SYTO,2,PB000139_G03,0.05153847
v1,SYTO,3,PB000139_G03,0.049852792
v1,SYTO,4,PB000139_G03,0.050678857
v1,SYTO,5,PB000139_G03,0.050392725
v1,SYTO,6,PB000139_G03,0.04909876
v1,SYTO,7,PB000139_G03,0.047026247
v1,SYTO,8,PB000139_G03,0.045755368
v1,SYTO,9,PB000139_G03,0.04373793
v1,SYTO,10,PB000139_G03,0.042185474
v1,SYTO,11,PB000139_G03,0.04046857
v1,SYTO,0,PB000139_H12,0.06321536
v1,SYTO,1,PB000139_H12,0.06825276
v1,SYTO,2,PB000139_H12,0.06717201
v1,SYTO,3,PB000139_H12,0.06746158
v1,SYTO,4,PB000139_H12,0.06429541
v1,SYTO,5,PB000139_H12,0.06272504
v1,SYTO,6,PB000139_H12,0.060489725
v1,SYTO,7,PB000139_H12,0.056762718
v1,SYTO,8,PB000139_H12,0.055422854
v1,SYTO,9,PB000139_H12,0.052237652
v1,SYTO,10,PB000139_H12,0.04875949
v1,SYTO,11,PB000139_H12,0.04715982
v1,SYTO,0,PB000139_I06,0.037179194
v1,SYTO,1,PB000139_I06,0.03964202
v1,SYTO,2,PB000139_I06,0.04270792
v1,SYTO,3,PB000139_I06,0.042662237
v1,SYTO,4,PB000139_I06,0.043155454
v1,SYTO,5,PB000139_I06,0.043104105
v1,SYTO,6,PB000139_I06,0.042288773
v1,SYTO,7,PB000139_I06,0.040855348
v1,SYTO,8,PB000139_I06,0.038727142
v1,SYTO,9,PB000139_I06,0.037849307
v1,SYTO,10,PB000139_I06,0.03599663
v1,SYTO,11,PB000139_I06,0.03498717
v1,SYTO,0,PB000139_K09,0.046553615
v1,SYTO,1,PB000139_K09,0.048914578
v1,SYTO,2,PB000139_K09,0.04981501
v1,SYTO,3,PB000139_K09,0.053775545
v1,SYTO,4,PB000139_K09,0.05116823
v1,SYTO,5,PB000139_K09,0.052193947
v1,SYTO,6,PB000139_K09,0.049891323
v1,SYTO,7,PB000139_K09,0.048130643
v1,SYTO,8,PB000139_K09,0.045353197
v1,SYTO,9,PB000139_K09,0.044016227
v1,SYTO,10,PB000139_K09,0.0432904
v1,SYTO,11,PB000139_K09,0.04220099
v1,SYTO,0,PB000139_N05,0.03580433
v1,SYTO,1,PB000139_N05,0.03950075
v1,SYTO,2,PB000139_N05,0.040411644
v1,SYTO,3,PB000139_N05,0.044186704
v1,SYTO,4,PB000139_N05,0.04578133
v1,SYTO,5,PB000139_N05,0.045403488
v1,SYTO,6,PB000139_N05,0.0451247
v1,SYTO,7,PB000139_N05,0.04387341
v1,SYTO,8,PB000139_N05,0.042814415
v1,SYTO,9,PB000139_N05,0.04147213
v1,SYTO,10,PB000139_N05,0.03971968
v1,SYTO,11,PB000139_N05,0.03883443
v1,SYTO,0,PB000139_O07,0.041325837
v1,SYTO,1,PB000139_O07,0.042590074
v1,SYTO,2,PB000139_O07,0.04182791
v1,SYTO,3,PB000139_O07,0.041859798
v1,SYTO,4,PB000139_O07,0.04259958
v1,SYTO,5,PB000139_O07,0.04162647
v1,SYTO,6,PB000139_O07,0.039969895
v1,SYTO,7,PB000139_O07,0.03948047
v1,SYTO,8,PB000139_O07,0.03898894
v1,SYTO,9,PB000139_O07,0.036904443
v1,SYTO,10,PB000139_O07,0.036490668
v1,SYTO,11,PB000139_O07,0.03600144
v1,SYTO,0,PB000139_O11,0.04072328
v1,SYTO,1,PB000139_O11,0.04398481
v1,SYTO,2,PB000139_O11,0.051617384
v1,SYTO,3,PB000139_O11,0.05519007
v1,SYTO,4,PB000139_O11,0.056166817
v1,SYTO,5,PB000139_O11,0.055580325
v1,SYTO,6,PB000139_O11,0.05169308
v1,SYTO,7,PB000139_O11,0.049997307
v1,SYTO,8,PB000139_O11,0.047646884
v1,SYTO,9,PB000139_O11,0.046805173
v1,SYTO,10,PB000139_O11,0.045080505
v1,SYTO,11,PB000139_O11,0.042828657
v1,SYTO,0,PB000140_B04,0.050373234
v1,SYTO,1,PB000140_B04,0.055542067
v1,SYTO,2,PB000140_B04,0.058999665
v1,SYTO,3,PB000140_B04,0.05877242
v1,SYTO,4,PB000140_B04,0.060518578
v1,SYTO,5,PB000140_B04,0.059311125
v1,SYTO,6,PB000140_B04,0.056572616
v1,SYTO,7,PB000140_B04,0.0561793
v1,SYTO,8,PB000140_B04,0.053999536
v1,SYTO,9,PB000140_B04,0.053922504
v1,SYTO,10,PB000140_B04,0.051767685
v1,SYTO,11,PB000140_B04,0.050149955
v1,SYTO,0,PB000140_C10,0.042605214
v1,SYTO,1,PB000140_C10,0.04734015
v1,SYTO,2,PB000140_C10,0.046001047
v1,SYTO,3,PB000140_C10,0.048760984
v1,SYTO,4,PB000140_C10,0.050633945
v1,SYTO,5,PB000140_C10,0.050501965
v1,SYTO,6,PB000140_C10,0.049245007
v1,SYTO,7,PB000140_C10,0.048159633
v1,SYTO,8,PB000140_C10,0.046011664
v1,SYTO,9,PB000140_C10,0.04428626
v1,SYTO,10,PB000140_C10,0.043085597
v1,SYTO,11,PB000140_C10,0.041438024
v1,SYTO,0,PB000140_E02,0.05012707
v1,SYTO,1,PB000140_E02,0.06249083
v1,SYTO,2,PB000140_E02,0.06687139
v1,SYTO,3,PB000140_E02,0.06804517
v1,SYTO,4,PB000140_E02,0.06637898
v1,SYTO,5,PB000140_E02,0.065622784
v1,SYTO,6,PB000140_E02,0.062117305
v1,SYTO,7,PB000140_E02,0.05967055
v1,SYTO,8,PB000140_E02,0.058264144
v1,SYTO,9,PB000140_E02,0.05568475
v1,SYTO,10,PB000140_E02,0.053748667
v1,SYTO,11,PB000140_E02,0.051797383
v1,SYTO,0,PB000140_G03,0.04788655
v1,SYTO,1,PB000140_G03,0.04829593
v1,SYTO,2,PB000140_G03,0.053040937
v1,SYTO,3,PB000140_G03,0.05379824
v1,SYTO,4,PB000140_G03,0.050943587
v1,SYTO,5,PB000140_G03,0.05055367
v1,SYTO,6,PB000140_G03,0.048281543
v1,SYTO,7,PB000140_G03,0.046464927
v1,SYTO,8,PB000140_G03,0.04515195
v1,SYTO,9,PB000140_G03,0.04419828
v1,SYTO,10,PB000140_G03,0.04226205
v1,SYTO,11,PB000140_G03,0.03995829
v1,SYTO,0,PB000140_H12,0.042446245
v1,SYTO,1,PB000140_H12,0.048293352
v1,SYTO,2,PB000140_H12,0.049000602
v1,SYTO,3,PB000140_H12,0.050138738
v1,SYTO,4,PB000140_H12,0.051246822
v1,SYTO,5,PB000140_H12,0.05021755
v1,SYTO,6,PB000140_H12,0.049182795
v1,SYTO,7,PB000140_H12,0.048297945
v1,SYTO,8,PB000140_H12,0.046007644
v1,SYTO,9,PB000140_H12,0.04534419
v1,SYTO,10,PB000140_H12,0.043454695
v1,SYTO,11,PB000140_H12,0.042390928
v1,SYTO,0,PB000140_I06,0.0478215
v1,SYTO,1,PB000140_I06,0.052881043
v1,SYTO,2,PB000140_I06,0.056007735
v1,SYTO,3,PB000140_I06,0.05486305
v1,SYTO,4,PB000140_I06,0.05224679
v1,SYTO,5,PB000140_I06,0.050493672
v1,SYTO,6,PB000140_I06,0.049490623
v1,SYTO,7,PB000140_I06,0.04725004
v1,SYTO,8,PB000140_I06,0.044480316
v1,SYTO,9,PB000140_I06,0.044577625
v1,SYTO,10,PB000140_I06,0.04239977
v1,SYTO,11,PB000140_I06,0.041678347
v1,SYTO,0,PB000140_K09,0.04914403
v1,SYTO,1,PB000140_K09,0.050534617
v1,SYTO,2,PB000140_K09,0.05221968
v1,SYTO,3,PB000140_K09,0.054433547
v1,SYTO,4,PB000140_K09,0.053654287
v1,SYTO,5,PB000140_K09,0.051673017
v1,SYTO,6,PB000140_K09,0.050568417
v1,SYTO,7,PB000140_K09,0.048633993
v1,SYTO,8,PB000140_K09,0.047959942
v1,SYTO,9,PB000140_K09,0.047206372
v1,SYTO,10,PB000140_K09,0.04600812
v1,SYTO,11,PB000140_K09,0.04466555
v1,SYTO,0,PB000140_N05,0.049071968
v1,SYTO,1,PB000140_N05,0.06021298
v1,SYTO,2,PB000140_N05,0.06935583
v1,SYTO,3,PB000140_N05,0.068744764
v1,SYTO,4,PB000140_N05,0.06629836
v1,SYTO,5,PB000140_N05,0.064147696
v1,SYTO,6,PB000140_N05,0.060566448
v1,SYTO,7,PB000140_N05,0.05942616
v1,SYTO,8,PB000140_N05,0.056800958
v1,SYTO,9,PB000140_N05,0.05483317
v1,SYTO,10,PB000140_N05,0.052975725
v1,SYTO,11,PB000140_N05,0.051489376
v1,SYTO,0,PB000140_O07,0.04742429
v1,SYTO,1,PB000140_O07,0.055913664
v1,SYTO,2,PB000140_O07,0.05700972
v1,SYTO,3,PB000140_O07,0.06358979
v1,SYTO,4,PB000140_O07,0.06467308
v1,SYTO,5,PB000140_O07,0.06253034
v1,SYTO,6,PB000140_O07,0.060674302
v1,SYTO,7,PB000140_O07,0.05962782
v1,SYTO,8,PB000140_O07,0.058157142
v1,SYTO,9,PB000140_O07,0.05366445
v1,SYTO,10,PB000140_O07,0.052043572
v1,SYTO,11,PB000140_O07,0.048975922
v1,SYTO,0,PB000140_O11,0.049395457
v1,SYTO,1,PB000140_O11,0.052589387
v1,SYTO,2,PB000140_O11,0.05445653
v1,SYTO,3,PB000140_O11,0.05500752
v1,SYTO,4,PB000140_O11,0.05467909
v1,SYTO,5,PB000140_O11,0.05303463
v1,SYTO,6,PB000140_O11,0.05098241
v1,SYTO,7,PB000140_O11,0.048704576
v1,SYTO,8,PB000140_O11,0.04736716
v1,SYTO,9,PB000140_O11,0.04614484
v1,SYTO,10,PB000140_O11,0.044650897
v1,SYTO,11,PB000140_O11,0.04413249
